ISO-10303-21;
HEADER;
FILE_DESCRIPTION(('STEP AP242'),'1');
FILE_NAME('0353180820.stp','2024-11-19T04:23:58',('TraceParts'),('TraceParts S.A.'),'Spatial InterOp 3D',' ',' ');
FILE_SCHEMA(('AP242_MANAGED_MODEL_BASED_3D_ENGINEERING_MIM_LF  {1 0 10303 442 1 1 4}'));
ENDSEC;
DATA;
#1=PRODUCT_DEFINITION_CONTEXT('',#10,'design');
#2=APPLICATION_PROTOCOL_DEFINITION('INTERNATIONAL STANDARD','ap242_managed_model_based_3d_engineering',2014,#10);
#3=PRODUCT_CATEGORY_RELATIONSHIP('NONE','NONE',#11,#12);
#4=SHAPE_DEFINITION_REPRESENTATION(#13,#14);
#5=SHAPE_DEFINITION_REPRESENTATION(#13,#15);
#6= (GEOMETRIC_REPRESENTATION_CONTEXT(3)GLOBAL_UNCERTAINTY_ASSIGNED_CONTEXT((#18))GLOBAL_UNIT_ASSIGNED_CONTEXT((#20,#21,#22))REPRESENTATION_CONTEXT('NONE','WORKSPACE'));
#10=APPLICATION_CONTEXT('managed model based 3d engineering');
#11=PRODUCT_CATEGORY('part','NONE');
#12=PRODUCT_RELATED_PRODUCT_CATEGORY('detail',' ',(#24));
#13=PRODUCT_DEFINITION_SHAPE('NONE','NONE',#25);
#14=ADVANCED_BREP_SHAPE_REPRESENTATION('0353180820_1',(#26,#27),#6);
#15=GEOMETRICALLY_BOUNDED_SURFACE_SHAPE_REPRESENTATION('1',(#28,#29),#6);
#18=UNCERTAINTY_MEASURE_WITH_UNIT(LENGTH_MEASURE(1.0E-06),#20,'','');
#20= (CONVERSION_BASED_UNIT('MILLIMETRE',#32)LENGTH_UNIT()NAMED_UNIT(#35));
#21= (NAMED_UNIT(#37)PLANE_ANGLE_UNIT()SI_UNIT($,.RADIAN.));
#22= (NAMED_UNIT(#37)SOLID_ANGLE_UNIT()SI_UNIT($,.STERADIAN.));
#24=PRODUCT('0353180820_1','0353180820_1','PART-0353180820_1-DESC',(#43));
#25=PRODUCT_DEFINITION('','NONE',#44,#1);
#26=MANIFOLD_SOLID_BREP('0353180820_1',#45);
#27=AXIS2_PLACEMENT_3D('',#46,#47,#48);
#28=GEOMETRIC_SET('1',(#49,#50,#51,#52,#53,#54,#55,#56,#57,#58,#59,#60,#61,#62,#63,#64));
#29=AXIS2_PLACEMENT_3D('',#65,#66,#67);
#32=LENGTH_MEASURE_WITH_UNIT(LENGTH_MEASURE(1.0),#68);
#35=DIMENSIONAL_EXPONENTS(1.0,0.0,0.0,0.0,0.0,0.0,0.0);
#37=DIMENSIONAL_EXPONENTS(0.0,0.0,0.0,0.0,0.0,0.0,0.0);
#43=PRODUCT_CONTEXT('',#10,'mechanical');
#44=PRODUCT_DEFINITION_FORMATION_WITH_SPECIFIED_SOURCE(' ','NONE',#24,.NOT_KNOWN.);
#45=CLOSED_SHELL('',(#69,#70,#71,#72,#73,#74,#75,#76,#77,#78,#79,#80,#81,#82,#83,#84,#85,#86,#87,#88,#89,#90,#91,#92,#93,#94,#95,#96,#97,#98,#99,#100,#101,#102,#103,#104,#105,#106,#107,#108,#109,#110,#111,#112,#113,#114,#115,#116,#117,#118,#119,#120,#121,#122,#123,#124,#125,#126,#127,#128,#129,#130,#131,#132,#133,#134,#135,#136,#137,#138,#139,#140,#141,#142,#143,#144,#145,#146,#147,#148,#149,#150,#151,#152,#153,#154,#155,#156,#157,#158,#159,#160,#161,#162,#163,#164,#165,#166,#167,#168,#169,#170,#171,#172,#173,#174,#175,#176,#177,#178,#179,#180,#181,#182,#183,#184,#185,#186,#187,#188,#189,#190,#191,#192,#193,#194,#195,#196,#197,#198,#199,#200,#201,#202,#203,#204,#205,#206,#207,#208,#209,#210,#211,#212,#213,#214,#215,#216,#217,#218,#219,#220,#221,#222,#223,#224,#225,#226,#227,#228,#229,#230,#231,#232,#233,#234,#235,#236,#237,#238,#239,#240,#241,#242,#243,#244,#245,#246,#247,#248,#249,#250,#251,#252,#253,#254,#255,#256,#257,#258,#259,#260,#261,#262,#263,#264,#265,#266,#267,#268,#269,#270,#271,#272,#273,#274,#275,#276,#277,#278,#279,#280,#281,#282,#283,#284,#285,#286,#287,#288,#289,#290,#291,#292,#293,#294,#295,#296,#297,#298,#299,#300,#301,#302));
#46=CARTESIAN_POINT('',(0.0,0.0,0.0));
#47=DIRECTION('',(0.0,0.0,1.0));
#48=DIRECTION('',(1.0,0.0,0.0));
#49=COMPOSITE_CURVE('0353180820_2',(#303),.U.);
#50=COMPOSITE_CURVE('0353180820_3',(#304),.U.);
#51=COMPOSITE_CURVE('0353180820_4',(#305),.U.);
#52=COMPOSITE_CURVE('0353180820_5',(#306),.U.);
#53=COMPOSITE_CURVE('0353180820_6',(#307),.U.);
#54=COMPOSITE_CURVE('0353180820_7',(#308),.U.);
#55=COMPOSITE_CURVE('0353180820_8',(#309),.U.);
#56=COMPOSITE_CURVE('0353180820_9',(#310),.U.);
#57=COMPOSITE_CURVE('0353180820_10',(#311),.U.);
#58=COMPOSITE_CURVE('0353180820_11',(#312),.U.);
#59=COMPOSITE_CURVE('0353180820_12',(#313),.U.);
#60=COMPOSITE_CURVE('0353180820_13',(#314),.U.);
#61=COMPOSITE_CURVE('0353180820_14',(#315),.U.);
#62=COMPOSITE_CURVE('0353180820_15',(#316),.U.);
#63=COMPOSITE_CURVE('0353180820_16',(#317),.U.);
#64=COMPOSITE_CURVE('0353180820_17',(#318),.U.);
#65=CARTESIAN_POINT('',(0.0,0.0,0.0));
#66=DIRECTION('',(0.0,0.0,1.0));
#67=DIRECTION('',(1.0,0.0,0.0));
#68= (NAMED_UNIT(#35)LENGTH_UNIT()SI_UNIT(.MILLI.,.METRE.));
#69=ADVANCED_FACE('',(#320),#321,.T.);
#70=ADVANCED_FACE('',(#322,#323,#324,#325,#326,#327,#328,#329,#330),#331,.F.);
#71=ADVANCED_FACE('',(#332),#333,.T.);
#72=ADVANCED_FACE('',(#334),#335,.T.);
#73=ADVANCED_FACE('',(#336),#337,.F.);
#74=ADVANCED_FACE('',(#338),#339,.T.);
#75=ADVANCED_FACE('',(#340,#341,#342,#343,#344,#345,#346,#347,#348),#349,.T.);
#76=ADVANCED_FACE('',(#350),#351,.T.);
#77=ADVANCED_FACE('',(#352),#353,.T.);
#78=ADVANCED_FACE('',(#354),#355,.T.);
#79=ADVANCED_FACE('',(#356),#357,.T.);
#80=ADVANCED_FACE('',(#358),#359,.T.);
#81=ADVANCED_FACE('',(#360),#361,.T.);
#82=ADVANCED_FACE('',(#362),#363,.T.);
#83=ADVANCED_FACE('',(#364),#365,.T.);
#84=ADVANCED_FACE('',(#366),#367,.F.);
#85=ADVANCED_FACE('',(#368),#369,.F.);
#86=ADVANCED_FACE('',(#370),#371,.F.);
#87=ADVANCED_FACE('',(#372),#373,.F.);
#88=ADVANCED_FACE('',(#374),#375,.F.);
#89=ADVANCED_FACE('',(#376),#377,.F.);
#90=ADVANCED_FACE('',(#378,#379),#380,.T.);
#91=ADVANCED_FACE('',(#381,#382),#383,.T.);
#92=ADVANCED_FACE('',(#384),#385,.F.);
#93=ADVANCED_FACE('',(#386),#387,.F.);
#94=ADVANCED_FACE('',(#388),#389,.F.);
#95=ADVANCED_FACE('',(#390),#391,.F.);
#96=ADVANCED_FACE('',(#392),#393,.F.);
#97=ADVANCED_FACE('',(#394),#395,.F.);
#98=ADVANCED_FACE('',(#396),#397,.F.);
#99=ADVANCED_FACE('',(#398),#399,.F.);
#100=ADVANCED_FACE('',(#400),#401,.T.);
#101=ADVANCED_FACE('',(#402),#403,.T.);
#102=ADVANCED_FACE('',(#404),#405,.T.);
#103=ADVANCED_FACE('',(#406),#407,.T.);
#104=ADVANCED_FACE('',(#408),#409,.F.);
#105=ADVANCED_FACE('',(#410),#411,.T.);
#106=ADVANCED_FACE('',(#412),#413,.T.);
#107=ADVANCED_FACE('',(#414),#415,.T.);
#108=ADVANCED_FACE('',(#416),#417,.T.);
#109=ADVANCED_FACE('',(#418),#419,.T.);
#110=ADVANCED_FACE('',(#420),#421,.T.);
#111=ADVANCED_FACE('',(#422),#423,.T.);
#112=ADVANCED_FACE('',(#424),#425,.T.);
#113=ADVANCED_FACE('',(#426),#427,.T.);
#114=ADVANCED_FACE('',(#428),#429,.T.);
#115=ADVANCED_FACE('',(#430),#431,.T.);
#116=ADVANCED_FACE('',(#432),#433,.T.);
#117=ADVANCED_FACE('',(#434),#435,.T.);
#118=ADVANCED_FACE('',(#436),#437,.T.);
#119=ADVANCED_FACE('',(#438),#439,.T.);
#120=ADVANCED_FACE('',(#440),#441,.T.);
#121=ADVANCED_FACE('',(#442),#443,.T.);
#122=ADVANCED_FACE('',(#444),#445,.T.);
#123=ADVANCED_FACE('',(#446),#447,.T.);
#124=ADVANCED_FACE('',(#448),#449,.T.);
#125=ADVANCED_FACE('',(#450),#451,.T.);
#126=ADVANCED_FACE('',(#452),#453,.T.);
#127=ADVANCED_FACE('',(#454),#455,.T.);
#128=ADVANCED_FACE('',(#456),#457,.T.);
#129=ADVANCED_FACE('',(#458),#459,.T.);
#130=ADVANCED_FACE('',(#460),#461,.T.);
#131=ADVANCED_FACE('',(#462),#463,.F.);
#132=ADVANCED_FACE('',(#464),#465,.T.);
#133=ADVANCED_FACE('',(#466),#467,.T.);
#134=ADVANCED_FACE('',(#468),#469,.T.);
#135=ADVANCED_FACE('',(#470),#471,.T.);
#136=ADVANCED_FACE('',(#472),#473,.T.);
#137=ADVANCED_FACE('',(#474),#475,.T.);
#138=ADVANCED_FACE('',(#476),#477,.F.);
#139=ADVANCED_FACE('',(#478),#479,.F.);
#140=ADVANCED_FACE('',(#480),#481,.F.);
#141=ADVANCED_FACE('',(#482),#483,.F.);
#142=ADVANCED_FACE('',(#484,#485),#486,.T.);
#143=ADVANCED_FACE('',(#487,#488),#489,.T.);
#144=ADVANCED_FACE('',(#490),#491,.F.);
#145=ADVANCED_FACE('',(#492),#493,.F.);
#146=ADVANCED_FACE('',(#494),#495,.F.);
#147=ADVANCED_FACE('',(#496),#497,.F.);
#148=ADVANCED_FACE('',(#498),#499,.F.);
#149=ADVANCED_FACE('',(#500),#501,.F.);
#150=ADVANCED_FACE('',(#502),#503,.F.);
#151=ADVANCED_FACE('',(#504),#505,.F.);
#152=ADVANCED_FACE('',(#506),#507,.F.);
#153=ADVANCED_FACE('',(#508),#509,.F.);
#154=ADVANCED_FACE('',(#510),#511,.T.);
#155=ADVANCED_FACE('',(#512),#513,.T.);
#156=ADVANCED_FACE('',(#514),#515,.T.);
#157=ADVANCED_FACE('',(#516),#517,.T.);
#158=ADVANCED_FACE('',(#518),#519,.F.);
#159=ADVANCED_FACE('',(#520),#521,.T.);
#160=ADVANCED_FACE('',(#522),#523,.T.);
#161=ADVANCED_FACE('',(#524),#525,.T.);
#162=ADVANCED_FACE('',(#526),#527,.T.);
#163=ADVANCED_FACE('',(#528),#529,.T.);
#164=ADVANCED_FACE('',(#530),#531,.T.);
#165=ADVANCED_FACE('',(#532),#533,.T.);
#166=ADVANCED_FACE('',(#534),#535,.T.);
#167=ADVANCED_FACE('',(#536),#537,.T.);
#168=ADVANCED_FACE('',(#538),#539,.T.);
#169=ADVANCED_FACE('',(#540),#541,.T.);
#170=ADVANCED_FACE('',(#542),#543,.T.);
#171=ADVANCED_FACE('',(#544),#545,.T.);
#172=ADVANCED_FACE('',(#546),#547,.T.);
#173=ADVANCED_FACE('',(#548),#549,.T.);
#174=ADVANCED_FACE('',(#550),#551,.T.);
#175=ADVANCED_FACE('',(#552),#553,.T.);
#176=ADVANCED_FACE('',(#554),#555,.T.);
#177=ADVANCED_FACE('',(#556),#557,.T.);
#178=ADVANCED_FACE('',(#558),#559,.T.);
#179=ADVANCED_FACE('',(#560),#561,.T.);
#180=ADVANCED_FACE('',(#562),#563,.T.);
#181=ADVANCED_FACE('',(#564),#565,.T.);
#182=ADVANCED_FACE('',(#566),#567,.T.);
#183=ADVANCED_FACE('',(#568),#569,.T.);
#184=ADVANCED_FACE('',(#570),#571,.T.);
#185=ADVANCED_FACE('',(#572),#573,.F.);
#186=ADVANCED_FACE('',(#574),#575,.T.);
#187=ADVANCED_FACE('',(#576),#577,.T.);
#188=ADVANCED_FACE('',(#578),#579,.T.);
#189=ADVANCED_FACE('',(#580),#581,.T.);
#190=ADVANCED_FACE('',(#582),#583,.T.);
#191=ADVANCED_FACE('',(#584),#585,.T.);
#192=ADVANCED_FACE('',(#586),#587,.F.);
#193=ADVANCED_FACE('',(#588),#589,.F.);
#194=ADVANCED_FACE('',(#590),#591,.F.);
#195=ADVANCED_FACE('',(#592),#593,.F.);
#196=ADVANCED_FACE('',(#594,#595),#596,.T.);
#197=ADVANCED_FACE('',(#597,#598),#599,.T.);
#198=ADVANCED_FACE('',(#600),#601,.F.);
#199=ADVANCED_FACE('',(#602),#603,.F.);
#200=ADVANCED_FACE('',(#604),#605,.F.);
#201=ADVANCED_FACE('',(#606),#607,.F.);
#202=ADVANCED_FACE('',(#608),#609,.F.);
#203=ADVANCED_FACE('',(#610),#611,.F.);
#204=ADVANCED_FACE('',(#612),#613,.F.);
#205=ADVANCED_FACE('',(#614),#615,.F.);
#206=ADVANCED_FACE('',(#616),#617,.F.);
#207=ADVANCED_FACE('',(#618),#619,.F.);
#208=ADVANCED_FACE('',(#620),#621,.T.);
#209=ADVANCED_FACE('',(#622),#623,.T.);
#210=ADVANCED_FACE('',(#624),#625,.T.);
#211=ADVANCED_FACE('',(#626),#627,.T.);
#212=ADVANCED_FACE('',(#628),#629,.F.);
#213=ADVANCED_FACE('',(#630),#631,.T.);
#214=ADVANCED_FACE('',(#632),#633,.T.);
#215=ADVANCED_FACE('',(#634),#635,.T.);
#216=ADVANCED_FACE('',(#636),#637,.T.);
#217=ADVANCED_FACE('',(#638),#639,.T.);
#218=ADVANCED_FACE('',(#640),#641,.T.);
#219=ADVANCED_FACE('',(#642),#643,.T.);
#220=ADVANCED_FACE('',(#644),#645,.T.);
#221=ADVANCED_FACE('',(#646),#647,.T.);
#222=ADVANCED_FACE('',(#648),#649,.T.);
#223=ADVANCED_FACE('',(#650),#651,.T.);
#224=ADVANCED_FACE('',(#652),#653,.T.);
#225=ADVANCED_FACE('',(#654),#655,.T.);
#226=ADVANCED_FACE('',(#656),#657,.T.);
#227=ADVANCED_FACE('',(#658),#659,.T.);
#228=ADVANCED_FACE('',(#660),#661,.T.);
#229=ADVANCED_FACE('',(#662),#663,.T.);
#230=ADVANCED_FACE('',(#664),#665,.T.);
#231=ADVANCED_FACE('',(#666),#667,.T.);
#232=ADVANCED_FACE('',(#668),#669,.T.);
#233=ADVANCED_FACE('',(#670),#671,.T.);
#234=ADVANCED_FACE('',(#672),#673,.T.);
#235=ADVANCED_FACE('',(#674),#675,.T.);
#236=ADVANCED_FACE('',(#676),#677,.T.);
#237=ADVANCED_FACE('',(#678),#679,.T.);
#238=ADVANCED_FACE('',(#680),#681,.T.);
#239=ADVANCED_FACE('',(#682),#683,.F.);
#240=ADVANCED_FACE('',(#684),#685,.T.);
#241=ADVANCED_FACE('',(#686),#687,.T.);
#242=ADVANCED_FACE('',(#688),#689,.T.);
#243=ADVANCED_FACE('',(#690),#691,.T.);
#244=ADVANCED_FACE('',(#692),#693,.T.);
#245=ADVANCED_FACE('',(#694),#695,.T.);
#246=ADVANCED_FACE('',(#696),#697,.F.);
#247=ADVANCED_FACE('',(#698),#699,.F.);
#248=ADVANCED_FACE('',(#700),#701,.F.);
#249=ADVANCED_FACE('',(#702),#703,.F.);
#250=ADVANCED_FACE('',(#704),#705,.F.);
#251=ADVANCED_FACE('',(#706),#707,.F.);
#252=ADVANCED_FACE('',(#708,#709),#710,.T.);
#253=ADVANCED_FACE('',(#711,#712),#713,.T.);
#254=ADVANCED_FACE('',(#714),#715,.F.);
#255=ADVANCED_FACE('',(#716),#717,.F.);
#256=ADVANCED_FACE('',(#718),#719,.F.);
#257=ADVANCED_FACE('',(#720),#721,.F.);
#258=ADVANCED_FACE('',(#722),#723,.F.);
#259=ADVANCED_FACE('',(#724),#725,.F.);
#260=ADVANCED_FACE('',(#726),#727,.F.);
#261=ADVANCED_FACE('',(#728),#729,.F.);
#262=ADVANCED_FACE('',(#730),#731,.T.);
#263=ADVANCED_FACE('',(#732),#733,.T.);
#264=ADVANCED_FACE('',(#734),#735,.T.);
#265=ADVANCED_FACE('',(#736),#737,.T.);
#266=ADVANCED_FACE('',(#738),#739,.F.);
#267=ADVANCED_FACE('',(#740),#741,.T.);
#268=ADVANCED_FACE('',(#742),#743,.T.);
#269=ADVANCED_FACE('',(#744),#745,.T.);
#270=ADVANCED_FACE('',(#746),#747,.T.);
#271=ADVANCED_FACE('',(#748),#749,.T.);
#272=ADVANCED_FACE('',(#750),#751,.T.);
#273=ADVANCED_FACE('',(#752),#753,.T.);
#274=ADVANCED_FACE('',(#754),#755,.T.);
#275=ADVANCED_FACE('',(#756),#757,.T.);
#276=ADVANCED_FACE('',(#758),#759,.T.);
#277=ADVANCED_FACE('',(#760),#761,.T.);
#278=ADVANCED_FACE('',(#762),#763,.T.);
#279=ADVANCED_FACE('',(#764),#765,.T.);
#280=ADVANCED_FACE('',(#766),#767,.T.);
#281=ADVANCED_FACE('',(#768),#769,.T.);
#282=ADVANCED_FACE('',(#770),#771,.T.);
#283=ADVANCED_FACE('',(#772),#773,.T.);
#284=ADVANCED_FACE('',(#774),#775,.T.);
#285=ADVANCED_FACE('',(#776),#777,.T.);
#286=ADVANCED_FACE('',(#778),#779,.T.);
#287=ADVANCED_FACE('',(#780),#781,.T.);
#288=ADVANCED_FACE('',(#782),#783,.T.);
#289=ADVANCED_FACE('',(#784),#785,.T.);
#290=ADVANCED_FACE('',(#786),#787,.T.);
#291=ADVANCED_FACE('',(#788),#789,.T.);
#292=ADVANCED_FACE('',(#790),#791,.T.);
#293=ADVANCED_FACE('',(#792),#793,.F.);
#294=ADVANCED_FACE('',(#794),#795,.T.);
#295=ADVANCED_FACE('',(#796),#797,.T.);
#296=ADVANCED_FACE('',(#798),#799,.T.);
#297=ADVANCED_FACE('',(#800),#801,.T.);
#298=ADVANCED_FACE('',(#802),#803,.T.);
#299=ADVANCED_FACE('',(#804),#805,.T.);
#300=ADVANCED_FACE('',(#806),#807,.T.);
#301=ADVANCED_FACE('',(#808),#809,.T.);
#302=ADVANCED_FACE('',(#810),#811,.T.);
#303=COMPOSITE_CURVE_SEGMENT(.CONTINUOUS.,.T.,#812);
#304=COMPOSITE_CURVE_SEGMENT(.CONTINUOUS.,.T.,#813);
#305=COMPOSITE_CURVE_SEGMENT(.CONTINUOUS.,.T.,#814);
#306=COMPOSITE_CURVE_SEGMENT(.CONTINUOUS.,.T.,#815);
#307=COMPOSITE_CURVE_SEGMENT(.CONTINUOUS.,.T.,#816);
#308=COMPOSITE_CURVE_SEGMENT(.CONTINUOUS.,.T.,#817);
#309=COMPOSITE_CURVE_SEGMENT(.CONTINUOUS.,.T.,#818);
#310=COMPOSITE_CURVE_SEGMENT(.CONTINUOUS.,.T.,#819);
#311=COMPOSITE_CURVE_SEGMENT(.CONTINUOUS.,.T.,#820);
#312=COMPOSITE_CURVE_SEGMENT(.CONTINUOUS.,.T.,#821);
#313=COMPOSITE_CURVE_SEGMENT(.CONTINUOUS.,.T.,#822);
#314=COMPOSITE_CURVE_SEGMENT(.CONTINUOUS.,.T.,#823);
#315=COMPOSITE_CURVE_SEGMENT(.CONTINUOUS.,.T.,#824);
#316=COMPOSITE_CURVE_SEGMENT(.CONTINUOUS.,.T.,#825);
#317=COMPOSITE_CURVE_SEGMENT(.CONTINUOUS.,.T.,#826);
#318=COMPOSITE_CURVE_SEGMENT(.CONTINUOUS.,.T.,#827);
#320=FACE_OUTER_BOUND('',#828,.T.);
#321=CYLINDRICAL_SURFACE('',#829,0.4);
#322=FACE_OUTER_BOUND('',#830,.T.);
#323=FACE_BOUND('',#831,.T.);
#324=FACE_BOUND('',#832,.T.);
#325=FACE_BOUND('',#833,.T.);
#326=FACE_BOUND('',#834,.T.);
#327=FACE_BOUND('',#835,.T.);
#328=FACE_BOUND('',#836,.T.);
#329=FACE_BOUND('',#837,.T.);
#330=FACE_BOUND('',#838,.T.);
#331=PLANE('',#839);
#332=FACE_OUTER_BOUND('',#840,.T.);
#333=PLANE('',#841);
#334=FACE_OUTER_BOUND('',#842,.T.);
#335=PLANE('',#843);
#336=FACE_OUTER_BOUND('',#844,.T.);
#337=PLANE('',#845);
#338=FACE_OUTER_BOUND('',#846,.T.);
#339=PLANE('',#847);
#340=FACE_OUTER_BOUND('',#848,.T.);
#341=FACE_BOUND('',#849,.T.);
#342=FACE_BOUND('',#850,.T.);
#343=FACE_BOUND('',#851,.T.);
#344=FACE_BOUND('',#852,.T.);
#345=FACE_BOUND('',#853,.T.);
#346=FACE_BOUND('',#854,.T.);
#347=FACE_BOUND('',#855,.T.);
#348=FACE_BOUND('',#856,.T.);
#349=PLANE('',#857);
#350=FACE_OUTER_BOUND('',#858,.T.);
#351=PLANE('',#859);
#352=FACE_OUTER_BOUND('',#860,.T.);
#353=PLANE('',#861);
#354=FACE_OUTER_BOUND('',#862,.T.);
#355=CYLINDRICAL_SURFACE('',#863,0.4);
#356=FACE_OUTER_BOUND('',#864,.T.);
#357=PLANE('',#865);
#358=FACE_OUTER_BOUND('',#866,.T.);
#359=PLANE('',#867);
#360=FACE_OUTER_BOUND('',#868,.T.);
#361=PLANE('',#869);
#362=FACE_OUTER_BOUND('',#870,.T.);
#363=PLANE('',#871);
#364=FACE_OUTER_BOUND('',#872,.T.);
#365=PLANE('',#873);
#366=FACE_OUTER_BOUND('',#874,.T.);
#367=PLANE('',#875);
#368=FACE_OUTER_BOUND('',#876,.T.);
#369=PLANE('',#877);
#370=FACE_OUTER_BOUND('',#878,.T.);
#371=PLANE('',#879);
#372=FACE_OUTER_BOUND('',#880,.T.);
#373=PLANE('',#881);
#374=FACE_OUTER_BOUND('',#882,.T.);
#375=PLANE('',#883);
#376=FACE_OUTER_BOUND('',#884,.T.);
#377=PLANE('',#885);
#378=FACE_OUTER_BOUND('',#886,.T.);
#379=FACE_BOUND('',#887,.T.);
#380=PLANE('',#888);
#381=FACE_OUTER_BOUND('',#889,.T.);
#382=FACE_BOUND('',#890,.T.);
#383=PLANE('',#891);
#384=FACE_OUTER_BOUND('',#892,.T.);
#385=PLANE('',#893);
#386=FACE_OUTER_BOUND('',#894,.T.);
#387=PLANE('',#895);
#388=FACE_OUTER_BOUND('',#896,.T.);
#389=PLANE('',#897);
#390=FACE_OUTER_BOUND('',#898,.T.);
#391=PLANE('',#899);
#392=FACE_OUTER_BOUND('',#900,.T.);
#393=PLANE('',#901);
#394=FACE_OUTER_BOUND('',#902,.T.);
#395=PLANE('',#903);
#396=FACE_OUTER_BOUND('',#904,.T.);
#397=PLANE('',#905);
#398=FACE_OUTER_BOUND('',#906,.T.);
#399=PLANE('',#907);
#400=FACE_OUTER_BOUND('',#908,.T.);
#401=PLANE('',#909);
#402=FACE_OUTER_BOUND('',#910,.T.);
#403=PLANE('',#911);
#404=FACE_OUTER_BOUND('',#912,.T.);
#405=PLANE('',#913);
#406=FACE_OUTER_BOUND('',#914,.T.);
#407=PLANE('',#915);
#408=FACE_OUTER_BOUND('',#916,.T.);
#409=CYLINDRICAL_SURFACE('',#917,0.68);
#410=FACE_OUTER_BOUND('',#918,.T.);
#411=PLANE('',#919);
#412=FACE_OUTER_BOUND('',#920,.T.);
#413=PLANE('',#921);
#414=FACE_OUTER_BOUND('',#922,.T.);
#415=PLANE('',#923);
#416=FACE_OUTER_BOUND('',#924,.T.);
#417=PLANE('',#925);
#418=FACE_OUTER_BOUND('',#926,.T.);
#419=PLANE('',#927);
#420=FACE_OUTER_BOUND('',#928,.T.);
#421=CYLINDRICAL_SURFACE('',#929,1.75);
#422=FACE_OUTER_BOUND('',#930,.T.);
#423=PLANE('',#931);
#424=FACE_OUTER_BOUND('',#932,.T.);
#425=PLANE('',#933);
#426=FACE_OUTER_BOUND('',#934,.T.);
#427=PLANE('',#935);
#428=FACE_OUTER_BOUND('',#936,.T.);
#429=PLANE('',#937);
#430=FACE_OUTER_BOUND('',#938,.T.);
#431=PLANE('',#939);
#432=FACE_OUTER_BOUND('',#940,.T.);
#433=PLANE('',#941);
#434=FACE_OUTER_BOUND('',#942,.T.);
#435=PLANE('',#943);
#436=FACE_OUTER_BOUND('',#944,.T.);
#437=PLANE('',#945);
#438=FACE_OUTER_BOUND('',#946,.T.);
#439=PLANE('',#947);
#440=FACE_OUTER_BOUND('',#948,.T.);
#441=PLANE('',#949);
#442=FACE_OUTER_BOUND('',#950,.T.);
#443=PLANE('',#951);
#444=FACE_OUTER_BOUND('',#952,.T.);
#445=PLANE('',#953);
#446=FACE_OUTER_BOUND('',#954,.T.);
#447=PLANE('',#955);
#448=FACE_OUTER_BOUND('',#956,.T.);
#449=PLANE('',#957);
#450=FACE_OUTER_BOUND('',#958,.T.);
#451=PLANE('',#959);
#452=FACE_OUTER_BOUND('',#960,.T.);
#453=PLANE('',#961);
#454=FACE_OUTER_BOUND('',#962,.T.);
#455=PLANE('',#963);
#456=FACE_OUTER_BOUND('',#964,.T.);
#457=PLANE('',#965);
#458=FACE_OUTER_BOUND('',#966,.T.);
#459=PLANE('',#967);
#460=FACE_OUTER_BOUND('',#968,.T.);
#461=PLANE('',#969);
#462=FACE_OUTER_BOUND('',#970,.T.);
#463=CYLINDRICAL_SURFACE('',#971,0.68);
#464=FACE_OUTER_BOUND('',#972,.T.);
#465=PLANE('',#973);
#466=FACE_OUTER_BOUND('',#974,.T.);
#467=PLANE('',#975);
#468=FACE_OUTER_BOUND('',#976,.T.);
#469=PLANE('',#977);
#470=FACE_OUTER_BOUND('',#978,.T.);
#471=CYLINDRICAL_SURFACE('',#979,1.75);
#472=FACE_OUTER_BOUND('',#980,.T.);
#473=PLANE('',#981);
#474=FACE_OUTER_BOUND('',#982,.T.);
#475=PLANE('',#983);
#476=FACE_OUTER_BOUND('',#984,.T.);
#477=PLANE('',#985);
#478=FACE_OUTER_BOUND('',#986,.T.);
#479=PLANE('',#987);
#480=FACE_OUTER_BOUND('',#988,.T.);
#481=PLANE('',#989);
#482=FACE_OUTER_BOUND('',#990,.T.);
#483=PLANE('',#991);
#484=FACE_OUTER_BOUND('',#992,.T.);
#485=FACE_BOUND('',#993,.T.);
#486=PLANE('',#994);
#487=FACE_OUTER_BOUND('',#995,.T.);
#488=FACE_BOUND('',#996,.T.);
#489=PLANE('',#997);
#490=FACE_OUTER_BOUND('',#998,.T.);
#491=PLANE('',#999);
#492=FACE_OUTER_BOUND('',#1000,.T.);
#493=PLANE('',#1001);
#494=FACE_OUTER_BOUND('',#1002,.T.);
#495=PLANE('',#1003);
#496=FACE_OUTER_BOUND('',#1004,.T.);
#497=PLANE('',#1005);
#498=FACE_OUTER_BOUND('',#1006,.T.);
#499=PLANE('',#1007);
#500=FACE_OUTER_BOUND('',#1008,.T.);
#501=PLANE('',#1009);
#502=FACE_OUTER_BOUND('',#1010,.T.);
#503=PLANE('',#1011);
#504=FACE_OUTER_BOUND('',#1012,.T.);
#505=PLANE('',#1013);
#506=FACE_OUTER_BOUND('',#1014,.T.);
#507=PLANE('',#1015);
#508=FACE_OUTER_BOUND('',#1016,.T.);
#509=PLANE('',#1017);
#510=FACE_OUTER_BOUND('',#1018,.T.);
#511=PLANE('',#1019);
#512=FACE_OUTER_BOUND('',#1020,.T.);
#513=PLANE('',#1021);
#514=FACE_OUTER_BOUND('',#1022,.T.);
#515=PLANE('',#1023);
#516=FACE_OUTER_BOUND('',#1024,.T.);
#517=PLANE('',#1025);
#518=FACE_OUTER_BOUND('',#1026,.T.);
#519=CYLINDRICAL_SURFACE('',#1027,0.68);
#520=FACE_OUTER_BOUND('',#1028,.T.);
#521=PLANE('',#1029);
#522=FACE_OUTER_BOUND('',#1030,.T.);
#523=PLANE('',#1031);
#524=FACE_OUTER_BOUND('',#1032,.T.);
#525=PLANE('',#1033);
#526=FACE_OUTER_BOUND('',#1034,.T.);
#527=PLANE('',#1035);
#528=FACE_OUTER_BOUND('',#1036,.T.);
#529=PLANE('',#1037);
#530=FACE_OUTER_BOUND('',#1038,.T.);
#531=CYLINDRICAL_SURFACE('',#1039,1.75);
#532=FACE_OUTER_BOUND('',#1040,.T.);
#533=PLANE('',#1041);
#534=FACE_OUTER_BOUND('',#1042,.T.);
#535=PLANE('',#1043);
#536=FACE_OUTER_BOUND('',#1044,.T.);
#537=PLANE('',#1045);
#538=FACE_OUTER_BOUND('',#1046,.T.);
#539=PLANE('',#1047);
#540=FACE_OUTER_BOUND('',#1048,.T.);
#541=PLANE('',#1049);
#542=FACE_OUTER_BOUND('',#1050,.T.);
#543=PLANE('',#1051);
#544=FACE_OUTER_BOUND('',#1052,.T.);
#545=PLANE('',#1053);
#546=FACE_OUTER_BOUND('',#1054,.T.);
#547=PLANE('',#1055);
#548=FACE_OUTER_BOUND('',#1056,.T.);
#549=PLANE('',#1057);
#550=FACE_OUTER_BOUND('',#1058,.T.);
#551=PLANE('',#1059);
#552=FACE_OUTER_BOUND('',#1060,.T.);
#553=PLANE('',#1061);
#554=FACE_OUTER_BOUND('',#1062,.T.);
#555=PLANE('',#1063);
#556=FACE_OUTER_BOUND('',#1064,.T.);
#557=PLANE('',#1065);
#558=FACE_OUTER_BOUND('',#1066,.T.);
#559=PLANE('',#1067);
#560=FACE_OUTER_BOUND('',#1068,.T.);
#561=PLANE('',#1069);
#562=FACE_OUTER_BOUND('',#1070,.T.);
#563=PLANE('',#1071);
#564=FACE_OUTER_BOUND('',#1072,.T.);
#565=PLANE('',#1073);
#566=FACE_OUTER_BOUND('',#1074,.T.);
#567=PLANE('',#1075);
#568=FACE_OUTER_BOUND('',#1076,.T.);
#569=PLANE('',#1077);
#570=FACE_OUTER_BOUND('',#1078,.T.);
#571=PLANE('',#1079);
#572=FACE_OUTER_BOUND('',#1080,.T.);
#573=CYLINDRICAL_SURFACE('',#1081,0.68);
#574=FACE_OUTER_BOUND('',#1082,.T.);
#575=PLANE('',#1083);
#576=FACE_OUTER_BOUND('',#1084,.T.);
#577=PLANE('',#1085);
#578=FACE_OUTER_BOUND('',#1086,.T.);
#579=PLANE('',#1087);
#580=FACE_OUTER_BOUND('',#1088,.T.);
#581=CYLINDRICAL_SURFACE('',#1089,1.75);
#582=FACE_OUTER_BOUND('',#1090,.T.);
#583=PLANE('',#1091);
#584=FACE_OUTER_BOUND('',#1092,.T.);
#585=PLANE('',#1093);
#586=FACE_OUTER_BOUND('',#1094,.T.);
#587=PLANE('',#1095);
#588=FACE_OUTER_BOUND('',#1096,.T.);
#589=PLANE('',#1097);
#590=FACE_OUTER_BOUND('',#1098,.T.);
#591=PLANE('',#1099);
#592=FACE_OUTER_BOUND('',#1100,.T.);
#593=PLANE('',#1101);
#594=FACE_OUTER_BOUND('',#1102,.T.);
#595=FACE_BOUND('',#1103,.T.);
#596=PLANE('',#1104);
#597=FACE_OUTER_BOUND('',#1105,.T.);
#598=FACE_BOUND('',#1106,.T.);
#599=PLANE('',#1107);
#600=FACE_OUTER_BOUND('',#1108,.T.);
#601=PLANE('',#1109);
#602=FACE_OUTER_BOUND('',#1110,.T.);
#603=PLANE('',#1111);
#604=FACE_OUTER_BOUND('',#1112,.T.);
#605=PLANE('',#1113);
#606=FACE_OUTER_BOUND('',#1114,.T.);
#607=PLANE('',#1115);
#608=FACE_OUTER_BOUND('',#1116,.T.);
#609=PLANE('',#1117);
#610=FACE_OUTER_BOUND('',#1118,.T.);
#611=PLANE('',#1119);
#612=FACE_OUTER_BOUND('',#1120,.T.);
#613=PLANE('',#1121);
#614=FACE_OUTER_BOUND('',#1122,.T.);
#615=PLANE('',#1123);
#616=FACE_OUTER_BOUND('',#1124,.T.);
#617=PLANE('',#1125);
#618=FACE_OUTER_BOUND('',#1126,.T.);
#619=PLANE('',#1127);
#620=FACE_OUTER_BOUND('',#1128,.T.);
#621=PLANE('',#1129);
#622=FACE_OUTER_BOUND('',#1130,.T.);
#623=PLANE('',#1131);
#624=FACE_OUTER_BOUND('',#1132,.T.);
#625=PLANE('',#1133);
#626=FACE_OUTER_BOUND('',#1134,.T.);
#627=PLANE('',#1135);
#628=FACE_OUTER_BOUND('',#1136,.T.);
#629=CYLINDRICAL_SURFACE('',#1137,0.68);
#630=FACE_OUTER_BOUND('',#1138,.T.);
#631=PLANE('',#1139);
#632=FACE_OUTER_BOUND('',#1140,.T.);
#633=PLANE('',#1141);
#634=FACE_OUTER_BOUND('',#1142,.T.);
#635=PLANE('',#1143);
#636=FACE_OUTER_BOUND('',#1144,.T.);
#637=PLANE('',#1145);
#638=FACE_OUTER_BOUND('',#1146,.T.);
#639=PLANE('',#1147);
#640=FACE_OUTER_BOUND('',#1148,.T.);
#641=CYLINDRICAL_SURFACE('',#1149,1.75);
#642=FACE_OUTER_BOUND('',#1150,.T.);
#643=PLANE('',#1151);
#644=FACE_OUTER_BOUND('',#1152,.T.);
#645=PLANE('',#1153);
#646=FACE_OUTER_BOUND('',#1154,.T.);
#647=PLANE('',#1155);
#648=FACE_OUTER_BOUND('',#1156,.T.);
#649=PLANE('',#1157);
#650=FACE_OUTER_BOUND('',#1158,.T.);
#651=PLANE('',#1159);
#652=FACE_OUTER_BOUND('',#1160,.T.);
#653=PLANE('',#1161);
#654=FACE_OUTER_BOUND('',#1162,.T.);
#655=PLANE('',#1163);
#656=FACE_OUTER_BOUND('',#1164,.T.);
#657=PLANE('',#1165);
#658=FACE_OUTER_BOUND('',#1166,.T.);
#659=PLANE('',#1167);
#660=FACE_OUTER_BOUND('',#1168,.T.);
#661=PLANE('',#1169);
#662=FACE_OUTER_BOUND('',#1170,.T.);
#663=PLANE('',#1171);
#664=FACE_OUTER_BOUND('',#1172,.T.);
#665=PLANE('',#1173);
#666=FACE_OUTER_BOUND('',#1174,.T.);
#667=PLANE('',#1175);
#668=FACE_OUTER_BOUND('',#1176,.T.);
#669=PLANE('',#1177);
#670=FACE_OUTER_BOUND('',#1178,.T.);
#671=PLANE('',#1179);
#672=FACE_OUTER_BOUND('',#1180,.T.);
#673=PLANE('',#1181);
#674=FACE_OUTER_BOUND('',#1182,.T.);
#675=PLANE('',#1183);
#676=FACE_OUTER_BOUND('',#1184,.T.);
#677=PLANE('',#1185);
#678=FACE_OUTER_BOUND('',#1186,.T.);
#679=PLANE('',#1187);
#680=FACE_OUTER_BOUND('',#1188,.T.);
#681=PLANE('',#1189);
#682=FACE_OUTER_BOUND('',#1190,.T.);
#683=CYLINDRICAL_SURFACE('',#1191,0.68);
#684=FACE_OUTER_BOUND('',#1192,.T.);
#685=PLANE('',#1193);
#686=FACE_OUTER_BOUND('',#1194,.T.);
#687=PLANE('',#1195);
#688=FACE_OUTER_BOUND('',#1196,.T.);
#689=PLANE('',#1197);
#690=FACE_OUTER_BOUND('',#1198,.T.);
#691=CYLINDRICAL_SURFACE('',#1199,1.75);
#692=FACE_OUTER_BOUND('',#1200,.T.);
#693=PLANE('',#1201);
#694=FACE_OUTER_BOUND('',#1202,.T.);
#695=PLANE('',#1203);
#696=FACE_OUTER_BOUND('',#1204,.T.);
#697=PLANE('',#1205);
#698=FACE_OUTER_BOUND('',#1206,.T.);
#699=PLANE('',#1207);
#700=FACE_OUTER_BOUND('',#1208,.T.);
#701=PLANE('',#1209);
#702=FACE_OUTER_BOUND('',#1210,.T.);
#703=PLANE('',#1211);
#704=FACE_OUTER_BOUND('',#1212,.T.);
#705=PLANE('',#1213);
#706=FACE_OUTER_BOUND('',#1214,.T.);
#707=PLANE('',#1215);
#708=FACE_OUTER_BOUND('',#1216,.T.);
#709=FACE_BOUND('',#1217,.T.);
#710=PLANE('',#1218);
#711=FACE_OUTER_BOUND('',#1219,.T.);
#712=FACE_BOUND('',#1220,.T.);
#713=PLANE('',#1221);
#714=FACE_OUTER_BOUND('',#1222,.T.);
#715=PLANE('',#1223);
#716=FACE_OUTER_BOUND('',#1224,.T.);
#717=PLANE('',#1225);
#718=FACE_OUTER_BOUND('',#1226,.T.);
#719=PLANE('',#1227);
#720=FACE_OUTER_BOUND('',#1228,.T.);
#721=PLANE('',#1229);
#722=FACE_OUTER_BOUND('',#1230,.T.);
#723=PLANE('',#1231);
#724=FACE_OUTER_BOUND('',#1232,.T.);
#725=PLANE('',#1233);
#726=FACE_OUTER_BOUND('',#1234,.T.);
#727=PLANE('',#1235);
#728=FACE_OUTER_BOUND('',#1236,.T.);
#729=PLANE('',#1237);
#730=FACE_OUTER_BOUND('',#1238,.T.);
#731=PLANE('',#1239);
#732=FACE_OUTER_BOUND('',#1240,.T.);
#733=PLANE('',#1241);
#734=FACE_OUTER_BOUND('',#1242,.T.);
#735=PLANE('',#1243);
#736=FACE_OUTER_BOUND('',#1244,.T.);
#737=PLANE('',#1245);
#738=FACE_OUTER_BOUND('',#1246,.T.);
#739=CYLINDRICAL_SURFACE('',#1247,0.68);
#740=FACE_OUTER_BOUND('',#1248,.T.);
#741=PLANE('',#1249);
#742=FACE_OUTER_BOUND('',#1250,.T.);
#743=PLANE('',#1251);
#744=FACE_OUTER_BOUND('',#1252,.T.);
#745=PLANE('',#1253);
#746=FACE_OUTER_BOUND('',#1254,.T.);
#747=PLANE('',#1255);
#748=FACE_OUTER_BOUND('',#1256,.T.);
#749=PLANE('',#1257);
#750=FACE_OUTER_BOUND('',#1258,.T.);
#751=CYLINDRICAL_SURFACE('',#1259,1.75);
#752=FACE_OUTER_BOUND('',#1260,.T.);
#753=PLANE('',#1261);
#754=FACE_OUTER_BOUND('',#1262,.T.);
#755=PLANE('',#1263);
#756=FACE_OUTER_BOUND('',#1264,.T.);
#757=PLANE('',#1265);
#758=FACE_OUTER_BOUND('',#1266,.T.);
#759=PLANE('',#1267);
#760=FACE_OUTER_BOUND('',#1268,.T.);
#761=PLANE('',#1269);
#762=FACE_OUTER_BOUND('',#1270,.T.);
#763=PLANE('',#1271);
#764=FACE_OUTER_BOUND('',#1272,.T.);
#765=PLANE('',#1273);
#766=FACE_OUTER_BOUND('',#1274,.T.);
#767=PLANE('',#1275);
#768=FACE_OUTER_BOUND('',#1276,.T.);
#769=PLANE('',#1277);
#770=FACE_OUTER_BOUND('',#1278,.T.);
#771=PLANE('',#1279);
#772=FACE_OUTER_BOUND('',#1280,.T.);
#773=PLANE('',#1281);
#774=FACE_OUTER_BOUND('',#1282,.T.);
#775=PLANE('',#1283);
#776=FACE_OUTER_BOUND('',#1284,.T.);
#777=PLANE('',#1285);
#778=FACE_OUTER_BOUND('',#1286,.T.);
#779=PLANE('',#1287);
#780=FACE_OUTER_BOUND('',#1288,.T.);
#781=PLANE('',#1289);
#782=FACE_OUTER_BOUND('',#1290,.T.);
#783=PLANE('',#1291);
#784=FACE_OUTER_BOUND('',#1292,.T.);
#785=PLANE('',#1293);
#786=FACE_OUTER_BOUND('',#1294,.T.);
#787=PLANE('',#1295);
#788=FACE_OUTER_BOUND('',#1296,.T.);
#789=PLANE('',#1297);
#790=FACE_OUTER_BOUND('',#1298,.T.);
#791=PLANE('',#1299);
#792=FACE_OUTER_BOUND('',#1300,.T.);
#793=CYLINDRICAL_SURFACE('',#1301,0.68);
#794=FACE_OUTER_BOUND('',#1302,.T.);
#795=PLANE('',#1303);
#796=FACE_OUTER_BOUND('',#1304,.T.);
#797=PLANE('',#1305);
#798=FACE_OUTER_BOUND('',#1306,.T.);
#799=PLANE('',#1307);
#800=FACE_OUTER_BOUND('',#1308,.T.);
#801=CYLINDRICAL_SURFACE('',#1309,1.75);
#802=FACE_OUTER_BOUND('',#1310,.T.);
#803=PLANE('',#1311);
#804=FACE_OUTER_BOUND('',#1312,.T.);
#805=PLANE('',#1313);
#806=FACE_OUTER_BOUND('',#1314,.T.);
#807=PLANE('',#1315);
#808=FACE_OUTER_BOUND('',#1316,.T.);
#809=PLANE('',#1317);
#810=FACE_OUTER_BOUND('',#1318,.T.);
#811=PLANE('',#1319);
#812=TRIMMED_CURVE('',#1320,(PARAMETER_VALUE(0.0)),(PARAMETER_VALUE(3.1415926535892)),.T.,.UNSPECIFIED.);
#813=TRIMMED_CURVE('',#1321,(PARAMETER_VALUE(0.0)),(PARAMETER_VALUE(3.1415926535892)),.T.,.UNSPECIFIED.);
#814=TRIMMED_CURVE('',#1322,(PARAMETER_VALUE(0.0)),(PARAMETER_VALUE(3.1415926535892)),.T.,.UNSPECIFIED.);
#815=TRIMMED_CURVE('',#1323,(PARAMETER_VALUE(0.0)),(PARAMETER_VALUE(3.1415926535892)),.T.,.UNSPECIFIED.);
#816=TRIMMED_CURVE('',#1324,(PARAMETER_VALUE(0.0)),(PARAMETER_VALUE(3.1415926535892)),.T.,.UNSPECIFIED.);
#817=TRIMMED_CURVE('',#1325,(PARAMETER_VALUE(0.0)),(PARAMETER_VALUE(3.1415926535892)),.T.,.UNSPECIFIED.);
#818=TRIMMED_CURVE('',#1326,(PARAMETER_VALUE(0.0)),(PARAMETER_VALUE(3.1415926535892)),.T.,.UNSPECIFIED.);
#819=TRIMMED_CURVE('',#1327,(PARAMETER_VALUE(0.0)),(PARAMETER_VALUE(3.1415926535892)),.T.,.UNSPECIFIED.);
#820=TRIMMED_CURVE('',#1328,(PARAMETER_VALUE(0.0)),(PARAMETER_VALUE(3.1415926535892)),.T.,.UNSPECIFIED.);
#821=TRIMMED_CURVE('',#1329,(PARAMETER_VALUE(0.0)),(PARAMETER_VALUE(3.1415926535892)),.T.,.UNSPECIFIED.);
#822=TRIMMED_CURVE('',#1330,(PARAMETER_VALUE(0.0)),(PARAMETER_VALUE(3.1415926535892)),.T.,.UNSPECIFIED.);
#823=TRIMMED_CURVE('',#1331,(PARAMETER_VALUE(0.0)),(PARAMETER_VALUE(3.1415926535892)),.T.,.UNSPECIFIED.);
#824=TRIMMED_CURVE('',#1332,(PARAMETER_VALUE(0.0)),(PARAMETER_VALUE(3.1415926535892)),.T.,.UNSPECIFIED.);
#825=TRIMMED_CURVE('',#1333,(PARAMETER_VALUE(0.0)),(PARAMETER_VALUE(3.1415926535892)),.T.,.UNSPECIFIED.);
#826=TRIMMED_CURVE('',#1334,(PARAMETER_VALUE(0.0)),(PARAMETER_VALUE(3.1415926535892)),.T.,.UNSPECIFIED.);
#827=TRIMMED_CURVE('',#1335,(PARAMETER_VALUE(0.0)),(PARAMETER_VALUE(3.1415926535892)),.T.,.UNSPECIFIED.);
#828=EDGE_LOOP('',(#1336,#1337,#1338,#1339));
#829=AXIS2_PLACEMENT_3D('',#1340,#1341,#1342);
#830=EDGE_LOOP('',(#1343,#1344,#1345,#1346,#1347,#1348,#1349,#1350));
#831=EDGE_LOOP('',(#1351,#1352,#1353,#1354));
#832=EDGE_LOOP('',(#1355,#1356,#1357,#1358));
#833=EDGE_LOOP('',(#1359,#1360,#1361,#1362));
#834=EDGE_LOOP('',(#1363,#1364,#1365,#1366));
#835=EDGE_LOOP('',(#1367,#1368,#1369,#1370));
#836=EDGE_LOOP('',(#1371,#1372,#1373,#1374));
#837=EDGE_LOOP('',(#1375,#1376,#1377,#1378));
#838=EDGE_LOOP('',(#1379,#1380,#1381,#1382));
#839=AXIS2_PLACEMENT_3D('',#1383,#1384,#1385);
#840=EDGE_LOOP('',(#1386,#1387,#1388,#1389));
#841=AXIS2_PLACEMENT_3D('',#1390,#1391,#1392);
#842=EDGE_LOOP('',(#1393,#1394,#1395,#1396,#1397,#1398,#1399,#1400));
#843=AXIS2_PLACEMENT_3D('',#1401,#1402,#1403);
#844=EDGE_LOOP('',(#1404,#1405,#1406,#1407));
#845=AXIS2_PLACEMENT_3D('',#1408,#1409,#1410);
#846=EDGE_LOOP('',(#1411,#1412,#1413,#1414));
#847=AXIS2_PLACEMENT_3D('',#1415,#1416,#1417);
#848=EDGE_LOOP('',(#1418,#1419,#1420,#1421,#1422,#1423,#1424,#1425,#1426,#1427,#1428,#1429,#1430));
#849=EDGE_LOOP('',(#1431,#1432,#1433,#1434,#1435,#1436));
#850=EDGE_LOOP('',(#1437,#1438,#1439,#1440));
#851=EDGE_LOOP('',(#1441,#1442,#1443,#1444));
#852=EDGE_LOOP('',(#1445,#1446,#1447,#1448,#1449,#1450));
#853=EDGE_LOOP('',(#1451,#1452,#1453,#1454));
#854=EDGE_LOOP('',(#1455,#1456,#1457,#1458,#1459,#1460));
#855=EDGE_LOOP('',(#1461,#1462,#1463,#1464,#1465,#1466));
#856=EDGE_LOOP('',(#1467,#1468,#1469,#1470));
#857=AXIS2_PLACEMENT_3D('',#1471,#1472,#1473);
#858=EDGE_LOOP('',(#1474,#1475,#1476,#1477,#1478,#1479,#1480,#1481));
#859=AXIS2_PLACEMENT_3D('',#1482,#1483,#1484);
#860=EDGE_LOOP('',(#1485,#1486,#1487));
#861=AXIS2_PLACEMENT_3D('',#1488,#1489,#1490);
#862=EDGE_LOOP('',(#1491,#1492,#1493,#1494));
#863=AXIS2_PLACEMENT_3D('',#1495,#1496,#1497);
#864=EDGE_LOOP('',(#1498,#1499,#1500,#1501));
#865=AXIS2_PLACEMENT_3D('',#1502,#1503,#1504);
#866=EDGE_LOOP('',(#1505,#1506,#1507,#1508));
#867=AXIS2_PLACEMENT_3D('',#1509,#1510,#1511);
#868=EDGE_LOOP('',(#1512,#1513,#1514,#1515));
#869=AXIS2_PLACEMENT_3D('',#1516,#1517,#1518);
#870=EDGE_LOOP('',(#1519,#1520,#1521,#1522));
#871=AXIS2_PLACEMENT_3D('',#1523,#1524,#1525);
#872=EDGE_LOOP('',(#1526,#1527,#1528,#1529));
#873=AXIS2_PLACEMENT_3D('',#1530,#1531,#1532);
#874=EDGE_LOOP('',(#1533,#1534,#1535,#1536));
#875=AXIS2_PLACEMENT_3D('',#1537,#1538,#1539);
#876=EDGE_LOOP('',(#1540,#1541,#1542,#1543));
#877=AXIS2_PLACEMENT_3D('',#1544,#1545,#1546);
#878=EDGE_LOOP('',(#1547,#1548,#1549,#1550));
#879=AXIS2_PLACEMENT_3D('',#1551,#1552,#1553);
#880=EDGE_LOOP('',(#1554,#1555,#1556,#1557));
#881=AXIS2_PLACEMENT_3D('',#1558,#1559,#1560);
#882=EDGE_LOOP('',(#1561,#1562,#1563,#1564));
#883=AXIS2_PLACEMENT_3D('',#1565,#1566,#1567);
#884=EDGE_LOOP('',(#1568,#1569,#1570,#1571));
#885=AXIS2_PLACEMENT_3D('',#1572,#1573,#1574);
#886=EDGE_LOOP('',(#1575,#1576,#1577,#1578,#1579,#1580));
#887=EDGE_LOOP('',(#1581,#1582,#1583,#1584));
#888=AXIS2_PLACEMENT_3D('',#1585,#1586,#1587);
#889=EDGE_LOOP('',(#1588,#1589,#1590,#1591));
#890=EDGE_LOOP('',(#1592,#1593,#1594,#1595));
#891=AXIS2_PLACEMENT_3D('',#1596,#1597,#1598);
#892=EDGE_LOOP('',(#1599,#1600,#1601,#1602));
#893=AXIS2_PLACEMENT_3D('',#1603,#1604,#1605);
#894=EDGE_LOOP('',(#1606,#1607,#1608,#1609));
#895=AXIS2_PLACEMENT_3D('',#1610,#1611,#1612);
#896=EDGE_LOOP('',(#1613,#1614,#1615,#1616));
#897=AXIS2_PLACEMENT_3D('',#1617,#1618,#1619);
#898=EDGE_LOOP('',(#1620,#1621,#1622,#1623));
#899=AXIS2_PLACEMENT_3D('',#1624,#1625,#1626);
#900=EDGE_LOOP('',(#1627,#1628,#1629,#1630));
#901=AXIS2_PLACEMENT_3D('',#1631,#1632,#1633);
#902=EDGE_LOOP('',(#1634,#1635,#1636,#1637));
#903=AXIS2_PLACEMENT_3D('',#1638,#1639,#1640);
#904=EDGE_LOOP('',(#1641,#1642,#1643,#1644,#1645,#1646));
#905=AXIS2_PLACEMENT_3D('',#1647,#1648,#1649);
#906=EDGE_LOOP('',(#1650,#1651,#1652,#1653,#1654,#1655,#1656,#1657));
#907=AXIS2_PLACEMENT_3D('',#1658,#1659,#1660);
#908=EDGE_LOOP('',(#1661,#1662,#1663,#1664));
#909=AXIS2_PLACEMENT_3D('',#1665,#1666,#1667);
#910=EDGE_LOOP('',(#1668,#1669,#1670,#1671));
#911=AXIS2_PLACEMENT_3D('',#1672,#1673,#1674);
#912=EDGE_LOOP('',(#1675,#1676,#1677,#1678));
#913=AXIS2_PLACEMENT_3D('',#1679,#1680,#1681);
#914=EDGE_LOOP('',(#1682,#1683,#1684,#1685));
#915=AXIS2_PLACEMENT_3D('',#1686,#1687,#1688);
#916=EDGE_LOOP('',(#1689,#1690,#1691,#1692));
#917=AXIS2_PLACEMENT_3D('',#1693,#1694,#1695);
#918=EDGE_LOOP('',(#1696,#1697,#1698,#1699));
#919=AXIS2_PLACEMENT_3D('',#1700,#1701,#1702);
#920=EDGE_LOOP('',(#1703,#1704,#1705,#1706));
#921=AXIS2_PLACEMENT_3D('',#1707,#1708,#1709);
#922=EDGE_LOOP('',(#1710,#1711,#1712,#1713));
#923=AXIS2_PLACEMENT_3D('',#1714,#1715,#1716);
#924=EDGE_LOOP('',(#1717,#1718,#1719,#1720));
#925=AXIS2_PLACEMENT_3D('',#1721,#1722,#1723);
#926=EDGE_LOOP('',(#1724,#1725,#1726,#1727));
#927=AXIS2_PLACEMENT_3D('',#1728,#1729,#1730);
#928=EDGE_LOOP('',(#1731,#1732,#1733,#1734));
#929=AXIS2_PLACEMENT_3D('',#1735,#1736,#1737);
#930=EDGE_LOOP('',(#1738,#1739,#1740,#1741));
#931=AXIS2_PLACEMENT_3D('',#1742,#1743,#1744);
#932=EDGE_LOOP('',(#1745,#1746,#1747,#1748));
#933=AXIS2_PLACEMENT_3D('',#1749,#1750,#1751);
#934=EDGE_LOOP('',(#1752,#1753,#1754,#1755));
#935=AXIS2_PLACEMENT_3D('',#1756,#1757,#1758);
#936=EDGE_LOOP('',(#1759,#1760,#1761,#1762));
#937=AXIS2_PLACEMENT_3D('',#1763,#1764,#1765);
#938=EDGE_LOOP('',(#1766,#1767,#1768,#1769,#1770,#1771));
#939=AXIS2_PLACEMENT_3D('',#1772,#1773,#1774);
#940=EDGE_LOOP('',(#1775,#1776,#1777,#1778,#1779,#1780,#1781,#1782));
#941=AXIS2_PLACEMENT_3D('',#1783,#1784,#1785);
#942=EDGE_LOOP('',(#1786,#1787,#1788,#1789));
#943=AXIS2_PLACEMENT_3D('',#1790,#1791,#1792);
#944=EDGE_LOOP('',(#1793,#1794,#1795,#1796));
#945=AXIS2_PLACEMENT_3D('',#1797,#1798,#1799);
#946=EDGE_LOOP('',(#1800,#1801,#1802,#1803));
#947=AXIS2_PLACEMENT_3D('',#1804,#1805,#1806);
#948=EDGE_LOOP('',(#1807,#1808,#1809,#1810));
#949=AXIS2_PLACEMENT_3D('',#1811,#1812,#1813);
#950=EDGE_LOOP('',(#1814,#1815,#1816,#1817));
#951=AXIS2_PLACEMENT_3D('',#1818,#1819,#1820);
#952=EDGE_LOOP('',(#1821,#1822,#1823,#1824));
#953=AXIS2_PLACEMENT_3D('',#1825,#1826,#1827);
#954=EDGE_LOOP('',(#1828,#1829,#1830,#1831));
#955=AXIS2_PLACEMENT_3D('',#1832,#1833,#1834);
#956=EDGE_LOOP('',(#1835,#1836,#1837,#1838));
#957=AXIS2_PLACEMENT_3D('',#1839,#1840,#1841);
#958=EDGE_LOOP('',(#1842,#1843,#1844,#1845));
#959=AXIS2_PLACEMENT_3D('',#1846,#1847,#1848);
#960=EDGE_LOOP('',(#1849,#1850,#1851,#1852));
#961=AXIS2_PLACEMENT_3D('',#1853,#1854,#1855);
#962=EDGE_LOOP('',(#1856,#1857,#1858,#1859));
#963=AXIS2_PLACEMENT_3D('',#1860,#1861,#1862);
#964=EDGE_LOOP('',(#1863,#1864,#1865,#1866));
#965=AXIS2_PLACEMENT_3D('',#1867,#1868,#1869);
#966=EDGE_LOOP('',(#1870,#1871,#1872,#1873));
#967=AXIS2_PLACEMENT_3D('',#1874,#1875,#1876);
#968=EDGE_LOOP('',(#1877,#1878,#1879,#1880));
#969=AXIS2_PLACEMENT_3D('',#1881,#1882,#1883);
#970=EDGE_LOOP('',(#1884,#1885,#1886,#1887));
#971=AXIS2_PLACEMENT_3D('',#1888,#1889,#1890);
#972=EDGE_LOOP('',(#1891,#1892,#1893,#1894));
#973=AXIS2_PLACEMENT_3D('',#1895,#1896,#1897);
#974=EDGE_LOOP('',(#1898,#1899,#1900,#1901));
#975=AXIS2_PLACEMENT_3D('',#1902,#1903,#1904);
#976=EDGE_LOOP('',(#1905,#1906,#1907,#1908));
#977=AXIS2_PLACEMENT_3D('',#1909,#1910,#1911);
#978=EDGE_LOOP('',(#1912,#1913,#1914,#1915));
#979=AXIS2_PLACEMENT_3D('',#1916,#1917,#1918);
#980=EDGE_LOOP('',(#1919,#1920,#1921,#1922));
#981=AXIS2_PLACEMENT_3D('',#1923,#1924,#1925);
#982=EDGE_LOOP('',(#1926,#1927,#1928,#1929));
#983=AXIS2_PLACEMENT_3D('',#1930,#1931,#1932);
#984=EDGE_LOOP('',(#1933,#1934,#1935,#1936));
#985=AXIS2_PLACEMENT_3D('',#1937,#1938,#1939);
#986=EDGE_LOOP('',(#1940,#1941,#1942,#1943));
#987=AXIS2_PLACEMENT_3D('',#1944,#1945,#1946);
#988=EDGE_LOOP('',(#1947,#1948,#1949,#1950));
#989=AXIS2_PLACEMENT_3D('',#1951,#1952,#1953);
#990=EDGE_LOOP('',(#1954,#1955,#1956,#1957));
#991=AXIS2_PLACEMENT_3D('',#1958,#1959,#1960);
#992=EDGE_LOOP('',(#1961,#1962,#1963,#1964));
#993=EDGE_LOOP('',(#1965,#1966,#1967,#1968));
#994=AXIS2_PLACEMENT_3D('',#1969,#1970,#1971);
#995=EDGE_LOOP('',(#1972,#1973,#1974,#1975,#1976,#1977));
#996=EDGE_LOOP('',(#1978,#1979,#1980,#1981));
#997=AXIS2_PLACEMENT_3D('',#1982,#1983,#1984);
#998=EDGE_LOOP('',(#1985,#1986,#1987,#1988));
#999=AXIS2_PLACEMENT_3D('',#1989,#1990,#1991);
#1000=EDGE_LOOP('',(#1992,#1993,#1994,#1995));
#1001=AXIS2_PLACEMENT_3D('',#1996,#1997,#1998);
#1002=EDGE_LOOP('',(#1999,#2000,#2001,#2002));
#1003=AXIS2_PLACEMENT_3D('',#2003,#2004,#2005);
#1004=EDGE_LOOP('',(#2006,#2007,#2008,#2009));
#1005=AXIS2_PLACEMENT_3D('',#2010,#2011,#2012);
#1006=EDGE_LOOP('',(#2013,#2014,#2015,#2016));
#1007=AXIS2_PLACEMENT_3D('',#2017,#2018,#2019);
#1008=EDGE_LOOP('',(#2020,#2021,#2022,#2023));
#1009=AXIS2_PLACEMENT_3D('',#2024,#2025,#2026);
#1010=EDGE_LOOP('',(#2027,#2028,#2029,#2030));
#1011=AXIS2_PLACEMENT_3D('',#2031,#2032,#2033);
#1012=EDGE_LOOP('',(#2034,#2035,#2036,#2037));
#1013=AXIS2_PLACEMENT_3D('',#2038,#2039,#2040);
#1014=EDGE_LOOP('',(#2041,#2042,#2043,#2044,#2045,#2046));
#1015=AXIS2_PLACEMENT_3D('',#2047,#2048,#2049);
#1016=EDGE_LOOP('',(#2050,#2051,#2052,#2053,#2054,#2055,#2056,#2057));
#1017=AXIS2_PLACEMENT_3D('',#2058,#2059,#2060);
#1018=EDGE_LOOP('',(#2061,#2062,#2063,#2064));
#1019=AXIS2_PLACEMENT_3D('',#2065,#2066,#2067);
#1020=EDGE_LOOP('',(#2068,#2069,#2070,#2071));
#1021=AXIS2_PLACEMENT_3D('',#2072,#2073,#2074);
#1022=EDGE_LOOP('',(#2075,#2076,#2077,#2078));
#1023=AXIS2_PLACEMENT_3D('',#2079,#2080,#2081);
#1024=EDGE_LOOP('',(#2082,#2083,#2084,#2085));
#1025=AXIS2_PLACEMENT_3D('',#2086,#2087,#2088);
#1026=EDGE_LOOP('',(#2089,#2090,#2091,#2092));
#1027=AXIS2_PLACEMENT_3D('',#2093,#2094,#2095);
#1028=EDGE_LOOP('',(#2096,#2097,#2098,#2099));
#1029=AXIS2_PLACEMENT_3D('',#2100,#2101,#2102);
#1030=EDGE_LOOP('',(#2103,#2104,#2105,#2106));
#1031=AXIS2_PLACEMENT_3D('',#2107,#2108,#2109);
#1032=EDGE_LOOP('',(#2110,#2111,#2112,#2113));
#1033=AXIS2_PLACEMENT_3D('',#2114,#2115,#2116);
#1034=EDGE_LOOP('',(#2117,#2118,#2119,#2120));
#1035=AXIS2_PLACEMENT_3D('',#2121,#2122,#2123);
#1036=EDGE_LOOP('',(#2124,#2125,#2126,#2127));
#1037=AXIS2_PLACEMENT_3D('',#2128,#2129,#2130);
#1038=EDGE_LOOP('',(#2131,#2132,#2133,#2134));
#1039=AXIS2_PLACEMENT_3D('',#2135,#2136,#2137);
#1040=EDGE_LOOP('',(#2138,#2139,#2140,#2141));
#1041=AXIS2_PLACEMENT_3D('',#2142,#2143,#2144);
#1042=EDGE_LOOP('',(#2145,#2146,#2147,#2148));
#1043=AXIS2_PLACEMENT_3D('',#2149,#2150,#2151);
#1044=EDGE_LOOP('',(#2152,#2153,#2154,#2155));
#1045=AXIS2_PLACEMENT_3D('',#2156,#2157,#2158);
#1046=EDGE_LOOP('',(#2159,#2160,#2161,#2162));
#1047=AXIS2_PLACEMENT_3D('',#2163,#2164,#2165);
#1048=EDGE_LOOP('',(#2166,#2167,#2168,#2169,#2170,#2171));
#1049=AXIS2_PLACEMENT_3D('',#2172,#2173,#2174);
#1050=EDGE_LOOP('',(#2175,#2176,#2177,#2178,#2179,#2180,#2181,#2182));
#1051=AXIS2_PLACEMENT_3D('',#2183,#2184,#2185);
#1052=EDGE_LOOP('',(#2186,#2187,#2188,#2189));
#1053=AXIS2_PLACEMENT_3D('',#2190,#2191,#2192);
#1054=EDGE_LOOP('',(#2193,#2194,#2195,#2196));
#1055=AXIS2_PLACEMENT_3D('',#2197,#2198,#2199);
#1056=EDGE_LOOP('',(#2200,#2201,#2202,#2203));
#1057=AXIS2_PLACEMENT_3D('',#2204,#2205,#2206);
#1058=EDGE_LOOP('',(#2207,#2208,#2209,#2210));
#1059=AXIS2_PLACEMENT_3D('',#2211,#2212,#2213);
#1060=EDGE_LOOP('',(#2214,#2215,#2216,#2217));
#1061=AXIS2_PLACEMENT_3D('',#2218,#2219,#2220);
#1062=EDGE_LOOP('',(#2221,#2222,#2223,#2224));
#1063=AXIS2_PLACEMENT_3D('',#2225,#2226,#2227);
#1064=EDGE_LOOP('',(#2228,#2229,#2230,#2231));
#1065=AXIS2_PLACEMENT_3D('',#2232,#2233,#2234);
#1066=EDGE_LOOP('',(#2235,#2236,#2237,#2238));
#1067=AXIS2_PLACEMENT_3D('',#2239,#2240,#2241);
#1068=EDGE_LOOP('',(#2242,#2243,#2244,#2245));
#1069=AXIS2_PLACEMENT_3D('',#2246,#2247,#2248);
#1070=EDGE_LOOP('',(#2249,#2250,#2251,#2252));
#1071=AXIS2_PLACEMENT_3D('',#2253,#2254,#2255);
#1072=EDGE_LOOP('',(#2256,#2257,#2258,#2259));
#1073=AXIS2_PLACEMENT_3D('',#2260,#2261,#2262);
#1074=EDGE_LOOP('',(#2263,#2264,#2265,#2266));
#1075=AXIS2_PLACEMENT_3D('',#2267,#2268,#2269);
#1076=EDGE_LOOP('',(#2270,#2271,#2272,#2273));
#1077=AXIS2_PLACEMENT_3D('',#2274,#2275,#2276);
#1078=EDGE_LOOP('',(#2277,#2278,#2279,#2280));
#1079=AXIS2_PLACEMENT_3D('',#2281,#2282,#2283);
#1080=EDGE_LOOP('',(#2284,#2285,#2286,#2287));
#1081=AXIS2_PLACEMENT_3D('',#2288,#2289,#2290);
#1082=EDGE_LOOP('',(#2291,#2292,#2293,#2294));
#1083=AXIS2_PLACEMENT_3D('',#2295,#2296,#2297);
#1084=EDGE_LOOP('',(#2298,#2299,#2300,#2301));
#1085=AXIS2_PLACEMENT_3D('',#2302,#2303,#2304);
#1086=EDGE_LOOP('',(#2305,#2306,#2307,#2308));
#1087=AXIS2_PLACEMENT_3D('',#2309,#2310,#2311);
#1088=EDGE_LOOP('',(#2312,#2313,#2314,#2315));
#1089=AXIS2_PLACEMENT_3D('',#2316,#2317,#2318);
#1090=EDGE_LOOP('',(#2319,#2320,#2321,#2322));
#1091=AXIS2_PLACEMENT_3D('',#2323,#2324,#2325);
#1092=EDGE_LOOP('',(#2326,#2327,#2328,#2329));
#1093=AXIS2_PLACEMENT_3D('',#2330,#2331,#2332);
#1094=EDGE_LOOP('',(#2333,#2334,#2335,#2336));
#1095=AXIS2_PLACEMENT_3D('',#2337,#2338,#2339);
#1096=EDGE_LOOP('',(#2340,#2341,#2342,#2343));
#1097=AXIS2_PLACEMENT_3D('',#2344,#2345,#2346);
#1098=EDGE_LOOP('',(#2347,#2348,#2349,#2350));
#1099=AXIS2_PLACEMENT_3D('',#2351,#2352,#2353);
#1100=EDGE_LOOP('',(#2354,#2355,#2356,#2357));
#1101=AXIS2_PLACEMENT_3D('',#2358,#2359,#2360);
#1102=EDGE_LOOP('',(#2361,#2362,#2363,#2364));
#1103=EDGE_LOOP('',(#2365,#2366,#2367,#2368));
#1104=AXIS2_PLACEMENT_3D('',#2369,#2370,#2371);
#1105=EDGE_LOOP('',(#2372,#2373,#2374,#2375,#2376,#2377));
#1106=EDGE_LOOP('',(#2378,#2379,#2380,#2381));
#1107=AXIS2_PLACEMENT_3D('',#2382,#2383,#2384);
#1108=EDGE_LOOP('',(#2385,#2386,#2387,#2388));
#1109=AXIS2_PLACEMENT_3D('',#2389,#2390,#2391);
#1110=EDGE_LOOP('',(#2392,#2393,#2394,#2395));
#1111=AXIS2_PLACEMENT_3D('',#2396,#2397,#2398);
#1112=EDGE_LOOP('',(#2399,#2400,#2401,#2402));
#1113=AXIS2_PLACEMENT_3D('',#2403,#2404,#2405);
#1114=EDGE_LOOP('',(#2406,#2407,#2408,#2409));
#1115=AXIS2_PLACEMENT_3D('',#2410,#2411,#2412);
#1116=EDGE_LOOP('',(#2413,#2414,#2415,#2416));
#1117=AXIS2_PLACEMENT_3D('',#2417,#2418,#2419);
#1118=EDGE_LOOP('',(#2420,#2421,#2422,#2423));
#1119=AXIS2_PLACEMENT_3D('',#2424,#2425,#2426);
#1120=EDGE_LOOP('',(#2427,#2428,#2429,#2430));
#1121=AXIS2_PLACEMENT_3D('',#2431,#2432,#2433);
#1122=EDGE_LOOP('',(#2434,#2435,#2436,#2437));
#1123=AXIS2_PLACEMENT_3D('',#2438,#2439,#2440);
#1124=EDGE_LOOP('',(#2441,#2442,#2443,#2444,#2445,#2446));
#1125=AXIS2_PLACEMENT_3D('',#2447,#2448,#2449);
#1126=EDGE_LOOP('',(#2450,#2451,#2452,#2453,#2454,#2455,#2456,#2457));
#1127=AXIS2_PLACEMENT_3D('',#2458,#2459,#2460);
#1128=EDGE_LOOP('',(#2461,#2462,#2463,#2464));
#1129=AXIS2_PLACEMENT_3D('',#2465,#2466,#2467);
#1130=EDGE_LOOP('',(#2468,#2469,#2470,#2471));
#1131=AXIS2_PLACEMENT_3D('',#2472,#2473,#2474);
#1132=EDGE_LOOP('',(#2475,#2476,#2477,#2478));
#1133=AXIS2_PLACEMENT_3D('',#2479,#2480,#2481);
#1134=EDGE_LOOP('',(#2482,#2483,#2484,#2485));
#1135=AXIS2_PLACEMENT_3D('',#2486,#2487,#2488);
#1136=EDGE_LOOP('',(#2489,#2490,#2491,#2492));
#1137=AXIS2_PLACEMENT_3D('',#2493,#2494,#2495);
#1138=EDGE_LOOP('',(#2496,#2497,#2498,#2499));
#1139=AXIS2_PLACEMENT_3D('',#2500,#2501,#2502);
#1140=EDGE_LOOP('',(#2503,#2504,#2505,#2506));
#1141=AXIS2_PLACEMENT_3D('',#2507,#2508,#2509);
#1142=EDGE_LOOP('',(#2510,#2511,#2512,#2513));
#1143=AXIS2_PLACEMENT_3D('',#2514,#2515,#2516);
#1144=EDGE_LOOP('',(#2517,#2518,#2519,#2520));
#1145=AXIS2_PLACEMENT_3D('',#2521,#2522,#2523);
#1146=EDGE_LOOP('',(#2524,#2525,#2526,#2527));
#1147=AXIS2_PLACEMENT_3D('',#2528,#2529,#2530);
#1148=EDGE_LOOP('',(#2531,#2532,#2533,#2534));
#1149=AXIS2_PLACEMENT_3D('',#2535,#2536,#2537);
#1150=EDGE_LOOP('',(#2538,#2539,#2540,#2541));
#1151=AXIS2_PLACEMENT_3D('',#2542,#2543,#2544);
#1152=EDGE_LOOP('',(#2545,#2546,#2547,#2548));
#1153=AXIS2_PLACEMENT_3D('',#2549,#2550,#2551);
#1154=EDGE_LOOP('',(#2552,#2553,#2554,#2555));
#1155=AXIS2_PLACEMENT_3D('',#2556,#2557,#2558);
#1156=EDGE_LOOP('',(#2559,#2560,#2561,#2562));
#1157=AXIS2_PLACEMENT_3D('',#2563,#2564,#2565);
#1158=EDGE_LOOP('',(#2566,#2567,#2568,#2569,#2570,#2571));
#1159=AXIS2_PLACEMENT_3D('',#2572,#2573,#2574);
#1160=EDGE_LOOP('',(#2575,#2576,#2577,#2578,#2579,#2580,#2581,#2582));
#1161=AXIS2_PLACEMENT_3D('',#2583,#2584,#2585);
#1162=EDGE_LOOP('',(#2586,#2587,#2588,#2589));
#1163=AXIS2_PLACEMENT_3D('',#2590,#2591,#2592);
#1164=EDGE_LOOP('',(#2593,#2594,#2595,#2596));
#1165=AXIS2_PLACEMENT_3D('',#2597,#2598,#2599);
#1166=EDGE_LOOP('',(#2600,#2601,#2602,#2603));
#1167=AXIS2_PLACEMENT_3D('',#2604,#2605,#2606);
#1168=EDGE_LOOP('',(#2607,#2608,#2609,#2610));
#1169=AXIS2_PLACEMENT_3D('',#2611,#2612,#2613);
#1170=EDGE_LOOP('',(#2614,#2615,#2616,#2617));
#1171=AXIS2_PLACEMENT_3D('',#2618,#2619,#2620);
#1172=EDGE_LOOP('',(#2621,#2622,#2623,#2624));
#1173=AXIS2_PLACEMENT_3D('',#2625,#2626,#2627);
#1174=EDGE_LOOP('',(#2628,#2629,#2630,#2631));
#1175=AXIS2_PLACEMENT_3D('',#2632,#2633,#2634);
#1176=EDGE_LOOP('',(#2635,#2636,#2637,#2638));
#1177=AXIS2_PLACEMENT_3D('',#2639,#2640,#2641);
#1178=EDGE_LOOP('',(#2642,#2643,#2644,#2645));
#1179=AXIS2_PLACEMENT_3D('',#2646,#2647,#2648);
#1180=EDGE_LOOP('',(#2649,#2650,#2651,#2652));
#1181=AXIS2_PLACEMENT_3D('',#2653,#2654,#2655);
#1182=EDGE_LOOP('',(#2656,#2657,#2658,#2659));
#1183=AXIS2_PLACEMENT_3D('',#2660,#2661,#2662);
#1184=EDGE_LOOP('',(#2663,#2664,#2665,#2666));
#1185=AXIS2_PLACEMENT_3D('',#2667,#2668,#2669);
#1186=EDGE_LOOP('',(#2670,#2671,#2672,#2673));
#1187=AXIS2_PLACEMENT_3D('',#2674,#2675,#2676);
#1188=EDGE_LOOP('',(#2677,#2678,#2679,#2680));
#1189=AXIS2_PLACEMENT_3D('',#2681,#2682,#2683);
#1190=EDGE_LOOP('',(#2684,#2685,#2686,#2687));
#1191=AXIS2_PLACEMENT_3D('',#2688,#2689,#2690);
#1192=EDGE_LOOP('',(#2691,#2692,#2693,#2694));
#1193=AXIS2_PLACEMENT_3D('',#2695,#2696,#2697);
#1194=EDGE_LOOP('',(#2698,#2699,#2700,#2701));
#1195=AXIS2_PLACEMENT_3D('',#2702,#2703,#2704);
#1196=EDGE_LOOP('',(#2705,#2706,#2707,#2708));
#1197=AXIS2_PLACEMENT_3D('',#2709,#2710,#2711);
#1198=EDGE_LOOP('',(#2712,#2713,#2714,#2715));
#1199=AXIS2_PLACEMENT_3D('',#2716,#2717,#2718);
#1200=EDGE_LOOP('',(#2719,#2720,#2721,#2722));
#1201=AXIS2_PLACEMENT_3D('',#2723,#2724,#2725);
#1202=EDGE_LOOP('',(#2726,#2727,#2728,#2729));
#1203=AXIS2_PLACEMENT_3D('',#2730,#2731,#2732);
#1204=EDGE_LOOP('',(#2733,#2734,#2735,#2736));
#1205=AXIS2_PLACEMENT_3D('',#2737,#2738,#2739);
#1206=EDGE_LOOP('',(#2740,#2741,#2742,#2743));
#1207=AXIS2_PLACEMENT_3D('',#2744,#2745,#2746);
#1208=EDGE_LOOP('',(#2747,#2748,#2749,#2750));
#1209=AXIS2_PLACEMENT_3D('',#2751,#2752,#2753);
#1210=EDGE_LOOP('',(#2754,#2755,#2756,#2757));
#1211=AXIS2_PLACEMENT_3D('',#2758,#2759,#2760);
#1212=EDGE_LOOP('',(#2761,#2762,#2763,#2764));
#1213=AXIS2_PLACEMENT_3D('',#2765,#2766,#2767);
#1214=EDGE_LOOP('',(#2768,#2769,#2770,#2771));
#1215=AXIS2_PLACEMENT_3D('',#2772,#2773,#2774);
#1216=EDGE_LOOP('',(#2775,#2776,#2777,#2778,#2779,#2780));
#1217=EDGE_LOOP('',(#2781,#2782,#2783,#2784));
#1218=AXIS2_PLACEMENT_3D('',#2785,#2786,#2787);
#1219=EDGE_LOOP('',(#2788,#2789,#2790,#2791));
#1220=EDGE_LOOP('',(#2792,#2793,#2794,#2795));
#1221=AXIS2_PLACEMENT_3D('',#2796,#2797,#2798);
#1222=EDGE_LOOP('',(#2799,#2800,#2801,#2802));
#1223=AXIS2_PLACEMENT_3D('',#2803,#2804,#2805);
#1224=EDGE_LOOP('',(#2806,#2807,#2808,#2809));
#1225=AXIS2_PLACEMENT_3D('',#2810,#2811,#2812);
#1226=EDGE_LOOP('',(#2813,#2814,#2815,#2816));
#1227=AXIS2_PLACEMENT_3D('',#2817,#2818,#2819);
#1228=EDGE_LOOP('',(#2820,#2821,#2822,#2823));
#1229=AXIS2_PLACEMENT_3D('',#2824,#2825,#2826);
#1230=EDGE_LOOP('',(#2827,#2828,#2829,#2830));
#1231=AXIS2_PLACEMENT_3D('',#2831,#2832,#2833);
#1232=EDGE_LOOP('',(#2834,#2835,#2836,#2837));
#1233=AXIS2_PLACEMENT_3D('',#2838,#2839,#2840);
#1234=EDGE_LOOP('',(#2841,#2842,#2843,#2844,#2845,#2846));
#1235=AXIS2_PLACEMENT_3D('',#2847,#2848,#2849);
#1236=EDGE_LOOP('',(#2850,#2851,#2852,#2853,#2854,#2855,#2856,#2857));
#1237=AXIS2_PLACEMENT_3D('',#2858,#2859,#2860);
#1238=EDGE_LOOP('',(#2861,#2862,#2863,#2864));
#1239=AXIS2_PLACEMENT_3D('',#2865,#2866,#2867);
#1240=EDGE_LOOP('',(#2868,#2869,#2870,#2871));
#1241=AXIS2_PLACEMENT_3D('',#2872,#2873,#2874);
#1242=EDGE_LOOP('',(#2875,#2876,#2877,#2878));
#1243=AXIS2_PLACEMENT_3D('',#2879,#2880,#2881);
#1244=EDGE_LOOP('',(#2882,#2883,#2884,#2885));
#1245=AXIS2_PLACEMENT_3D('',#2886,#2887,#2888);
#1246=EDGE_LOOP('',(#2889,#2890,#2891,#2892));
#1247=AXIS2_PLACEMENT_3D('',#2893,#2894,#2895);
#1248=EDGE_LOOP('',(#2896,#2897,#2898,#2899));
#1249=AXIS2_PLACEMENT_3D('',#2900,#2901,#2902);
#1250=EDGE_LOOP('',(#2903,#2904,#2905,#2906));
#1251=AXIS2_PLACEMENT_3D('',#2907,#2908,#2909);
#1252=EDGE_LOOP('',(#2910,#2911,#2912,#2913));
#1253=AXIS2_PLACEMENT_3D('',#2914,#2915,#2916);
#1254=EDGE_LOOP('',(#2917,#2918,#2919,#2920));
#1255=AXIS2_PLACEMENT_3D('',#2921,#2922,#2923);
#1256=EDGE_LOOP('',(#2924,#2925,#2926,#2927));
#1257=AXIS2_PLACEMENT_3D('',#2928,#2929,#2930);
#1258=EDGE_LOOP('',(#2931,#2932,#2933,#2934));
#1259=AXIS2_PLACEMENT_3D('',#2935,#2936,#2937);
#1260=EDGE_LOOP('',(#2938,#2939,#2940,#2941));
#1261=AXIS2_PLACEMENT_3D('',#2942,#2943,#2944);
#1262=EDGE_LOOP('',(#2945,#2946,#2947,#2948));
#1263=AXIS2_PLACEMENT_3D('',#2949,#2950,#2951);
#1264=EDGE_LOOP('',(#2952,#2953,#2954,#2955));
#1265=AXIS2_PLACEMENT_3D('',#2956,#2957,#2958);
#1266=EDGE_LOOP('',(#2959,#2960,#2961,#2962));
#1267=AXIS2_PLACEMENT_3D('',#2963,#2964,#2965);
#1268=EDGE_LOOP('',(#2966,#2967,#2968,#2969,#2970,#2971));
#1269=AXIS2_PLACEMENT_3D('',#2972,#2973,#2974);
#1270=EDGE_LOOP('',(#2975,#2976,#2977,#2978,#2979,#2980,#2981,#2982));
#1271=AXIS2_PLACEMENT_3D('',#2983,#2984,#2985);
#1272=EDGE_LOOP('',(#2986,#2987,#2988,#2989));
#1273=AXIS2_PLACEMENT_3D('',#2990,#2991,#2992);
#1274=EDGE_LOOP('',(#2993,#2994,#2995,#2996));
#1275=AXIS2_PLACEMENT_3D('',#2997,#2998,#2999);
#1276=EDGE_LOOP('',(#3000,#3001,#3002,#3003));
#1277=AXIS2_PLACEMENT_3D('',#3004,#3005,#3006);
#1278=EDGE_LOOP('',(#3007,#3008,#3009,#3010));
#1279=AXIS2_PLACEMENT_3D('',#3011,#3012,#3013);
#1280=EDGE_LOOP('',(#3014,#3015,#3016,#3017));
#1281=AXIS2_PLACEMENT_3D('',#3018,#3019,#3020);
#1282=EDGE_LOOP('',(#3021,#3022,#3023,#3024));
#1283=AXIS2_PLACEMENT_3D('',#3025,#3026,#3027);
#1284=EDGE_LOOP('',(#3028,#3029,#3030,#3031));
#1285=AXIS2_PLACEMENT_3D('',#3032,#3033,#3034);
#1286=EDGE_LOOP('',(#3035,#3036,#3037,#3038));
#1287=AXIS2_PLACEMENT_3D('',#3039,#3040,#3041);
#1288=EDGE_LOOP('',(#3042,#3043,#3044,#3045));
#1289=AXIS2_PLACEMENT_3D('',#3046,#3047,#3048);
#1290=EDGE_LOOP('',(#3049,#3050,#3051,#3052));
#1291=AXIS2_PLACEMENT_3D('',#3053,#3054,#3055);
#1292=EDGE_LOOP('',(#3056,#3057,#3058,#3059));
#1293=AXIS2_PLACEMENT_3D('',#3060,#3061,#3062);
#1294=EDGE_LOOP('',(#3063,#3064,#3065,#3066));
#1295=AXIS2_PLACEMENT_3D('',#3067,#3068,#3069);
#1296=EDGE_LOOP('',(#3070,#3071,#3072,#3073));
#1297=AXIS2_PLACEMENT_3D('',#3074,#3075,#3076);
#1298=EDGE_LOOP('',(#3077,#3078,#3079,#3080));
#1299=AXIS2_PLACEMENT_3D('',#3081,#3082,#3083);
#1300=EDGE_LOOP('',(#3084,#3085,#3086,#3087));
#1301=AXIS2_PLACEMENT_3D('',#3088,#3089,#3090);
#1302=EDGE_LOOP('',(#3091,#3092,#3093,#3094));
#1303=AXIS2_PLACEMENT_3D('',#3095,#3096,#3097);
#1304=EDGE_LOOP('',(#3098,#3099,#3100,#3101));
#1305=AXIS2_PLACEMENT_3D('',#3102,#3103,#3104);
#1306=EDGE_LOOP('',(#3105,#3106,#3107,#3108));
#1307=AXIS2_PLACEMENT_3D('',#3109,#3110,#3111);
#1308=EDGE_LOOP('',(#3112,#3113,#3114,#3115));
#1309=AXIS2_PLACEMENT_3D('',#3116,#3117,#3118);
#1310=EDGE_LOOP('',(#3119,#3120,#3121,#3122));
#1311=AXIS2_PLACEMENT_3D('',#3123,#3124,#3125);
#1312=EDGE_LOOP('',(#3126,#3127,#3128,#3129));
#1313=AXIS2_PLACEMENT_3D('',#3130,#3131,#3132);
#1314=EDGE_LOOP('',(#3133,#3134,#3135,#3136));
#1315=AXIS2_PLACEMENT_3D('',#3137,#3138,#3139);
#1316=EDGE_LOOP('',(#3140,#3141,#3142,#3143));
#1317=AXIS2_PLACEMENT_3D('',#3144,#3145,#3146);
#1318=EDGE_LOOP('',(#3147,#3148,#3149,#3150));
#1319=AXIS2_PLACEMENT_3D('',#3151,#3152,#3153);
#1320=CIRCLE('',#3154,0.9);
#1321=CIRCLE('',#3155,0.9);
#1322=CIRCLE('',#3156,0.9);
#1323=CIRCLE('',#3157,0.9);
#1324=CIRCLE('',#3158,0.9);
#1325=CIRCLE('',#3159,0.9);
#1326=CIRCLE('',#3160,0.9);
#1327=CIRCLE('',#3161,0.9);
#1328=CIRCLE('',#3162,0.9);
#1329=CIRCLE('',#3163,0.9);
#1330=CIRCLE('',#3164,0.9);
#1331=CIRCLE('',#3165,0.9);
#1332=CIRCLE('',#3166,0.9);
#1333=CIRCLE('',#3167,0.9);
#1334=CIRCLE('',#3168,0.9);
#1335=CIRCLE('',#3169,0.9);
#1336=ORIENTED_EDGE('',*,*,#3170,.F.);
#1337=ORIENTED_EDGE('',*,*,#3171,.F.);
#1338=ORIENTED_EDGE('',*,*,#3172,.F.);
#1339=ORIENTED_EDGE('',*,*,#3173,.T.);
#1340=CARTESIAN_POINT('',(6.4,-2.25,-9.0));
#1341=DIRECTION('',(1.0,-0.0,0.0));
#1342=DIRECTION('',(0.0,0.0,1.0));
#1343=ORIENTED_EDGE('',*,*,#3174,.F.);
#1344=ORIENTED_EDGE('',*,*,#3175,.F.);
#1345=ORIENTED_EDGE('',*,*,#3176,.F.);
#1346=ORIENTED_EDGE('',*,*,#3177,.F.);
#1347=ORIENTED_EDGE('',*,*,#3178,.F.);
#1348=ORIENTED_EDGE('',*,*,#3179,.F.);
#1349=ORIENTED_EDGE('',*,*,#3180,.F.);
#1350=ORIENTED_EDGE('',*,*,#3181,.F.);
#1351=ORIENTED_EDGE('',*,*,#3182,.T.);
#1352=ORIENTED_EDGE('',*,*,#3183,.F.);
#1353=ORIENTED_EDGE('',*,*,#3184,.F.);
#1354=ORIENTED_EDGE('',*,*,#3185,.T.);
#1355=ORIENTED_EDGE('',*,*,#3186,.T.);
#1356=ORIENTED_EDGE('',*,*,#3187,.F.);
#1357=ORIENTED_EDGE('',*,*,#3188,.F.);
#1358=ORIENTED_EDGE('',*,*,#3189,.T.);
#1359=ORIENTED_EDGE('',*,*,#3190,.T.);
#1360=ORIENTED_EDGE('',*,*,#3191,.F.);
#1361=ORIENTED_EDGE('',*,*,#3192,.F.);
#1362=ORIENTED_EDGE('',*,*,#3193,.T.);
#1363=ORIENTED_EDGE('',*,*,#3194,.T.);
#1364=ORIENTED_EDGE('',*,*,#3195,.F.);
#1365=ORIENTED_EDGE('',*,*,#3196,.F.);
#1366=ORIENTED_EDGE('',*,*,#3197,.T.);
#1367=ORIENTED_EDGE('',*,*,#3198,.T.);
#1368=ORIENTED_EDGE('',*,*,#3199,.F.);
#1369=ORIENTED_EDGE('',*,*,#3200,.F.);
#1370=ORIENTED_EDGE('',*,*,#3201,.T.);
#1371=ORIENTED_EDGE('',*,*,#3202,.T.);
#1372=ORIENTED_EDGE('',*,*,#3203,.F.);
#1373=ORIENTED_EDGE('',*,*,#3204,.F.);
#1374=ORIENTED_EDGE('',*,*,#3205,.T.);
#1375=ORIENTED_EDGE('',*,*,#3206,.T.);
#1376=ORIENTED_EDGE('',*,*,#3207,.F.);
#1377=ORIENTED_EDGE('',*,*,#3208,.F.);
#1378=ORIENTED_EDGE('',*,*,#3209,.T.);
#1379=ORIENTED_EDGE('',*,*,#3210,.T.);
#1380=ORIENTED_EDGE('',*,*,#3211,.F.);
#1381=ORIENTED_EDGE('',*,*,#3212,.F.);
#1382=ORIENTED_EDGE('',*,*,#3213,.T.);
#1383=CARTESIAN_POINT('',(-6.4,0.0,0.0));
#1384=DIRECTION('',(1.0,0.0,0.0));
#1385=DIRECTION('',(0.0,1.0,0.0));
#1386=ORIENTED_EDGE('',*,*,#3214,.T.);
#1387=ORIENTED_EDGE('',*,*,#3215,.F.);
#1388=ORIENTED_EDGE('',*,*,#3216,.F.);
#1389=ORIENTED_EDGE('',*,*,#3181,.T.);
#1390=CARTESIAN_POINT('',(-6.4,5.0,9.0));
#1391=DIRECTION('',(0.0,0.0,1.0));
#1392=DIRECTION('',(1.0,0.0,0.0));
#1393=ORIENTED_EDGE('',*,*,#3217,.F.);
#1394=ORIENTED_EDGE('',*,*,#3218,.F.);
#1395=ORIENTED_EDGE('',*,*,#3174,.T.);
#1396=ORIENTED_EDGE('',*,*,#3216,.T.);
#1397=ORIENTED_EDGE('',*,*,#3219,.F.);
#1398=ORIENTED_EDGE('',*,*,#3220,.T.);
#1399=ORIENTED_EDGE('',*,*,#3221,.F.);
#1400=ORIENTED_EDGE('',*,*,#3222,.F.);
#1401=CARTESIAN_POINT('',(-6.4,5.0,-9.0));
#1402=DIRECTION('',(-0.0,1.0,0.0));
#1403=DIRECTION('',(1.0,0.0,0.0));
#1404=ORIENTED_EDGE('',*,*,#3223,.F.);
#1405=ORIENTED_EDGE('',*,*,#3224,.F.);
#1406=ORIENTED_EDGE('',*,*,#3225,.F.);
#1407=ORIENTED_EDGE('',*,*,#3222,.T.);
#1408=CARTESIAN_POINT('',(0.0,0.0,-1.7));
#1409=DIRECTION('',(0.0,0.0,1.0));
#1410=DIRECTION('',(1.0,0.0,0.0));
#1411=ORIENTED_EDGE('',*,*,#3225,.T.);
#1412=ORIENTED_EDGE('',*,*,#3226,.T.);
#1413=ORIENTED_EDGE('',*,*,#3227,.F.);
#1414=ORIENTED_EDGE('',*,*,#3228,.F.);
#1415=CARTESIAN_POINT('',(6.4,5.0,-1.7));
#1416=DIRECTION('',(0.511805175094575,0.859101543908758,0.0));
#1417=DIRECTION('',(0.0,0.0,-1.0));
#1418=ORIENTED_EDGE('',*,*,#3217,.T.);
#1419=ORIENTED_EDGE('',*,*,#3228,.T.);
#1420=ORIENTED_EDGE('',*,*,#3219,.T.);
#1421=ORIENTED_EDGE('',*,*,#3215,.T.);
#1422=ORIENTED_EDGE('',*,*,#3229,.T.);
#1423=ORIENTED_EDGE('',*,*,#3230,.T.);
#1424=ORIENTED_EDGE('',*,*,#3231,.T.);
#1425=ORIENTED_EDGE('',*,*,#3232,.T.);
#1426=ORIENTED_EDGE('',*,*,#3233,.T.);
#1427=ORIENTED_EDGE('',*,*,#3234,.T.);
#1428=ORIENTED_EDGE('',*,*,#3235,.F.);
#1429=ORIENTED_EDGE('',*,*,#3173,.F.);
#1430=ORIENTED_EDGE('',*,*,#3236,.T.);
#1431=ORIENTED_EDGE('',*,*,#3237,.F.);
#1432=ORIENTED_EDGE('',*,*,#3238,.F.);
#1433=ORIENTED_EDGE('',*,*,#3239,.F.);
#1434=ORIENTED_EDGE('',*,*,#3240,.F.);
#1435=ORIENTED_EDGE('',*,*,#3241,.F.);
#1436=ORIENTED_EDGE('',*,*,#3242,.F.);
#1437=ORIENTED_EDGE('',*,*,#3243,.F.);
#1438=ORIENTED_EDGE('',*,*,#3244,.F.);
#1439=ORIENTED_EDGE('',*,*,#3245,.F.);
#1440=ORIENTED_EDGE('',*,*,#3246,.F.);
#1441=ORIENTED_EDGE('',*,*,#3247,.F.);
#1442=ORIENTED_EDGE('',*,*,#3248,.F.);
#1443=ORIENTED_EDGE('',*,*,#3249,.F.);
#1444=ORIENTED_EDGE('',*,*,#3250,.F.);
#1445=ORIENTED_EDGE('',*,*,#3251,.F.);
#1446=ORIENTED_EDGE('',*,*,#3252,.F.);
#1447=ORIENTED_EDGE('',*,*,#3253,.F.);
#1448=ORIENTED_EDGE('',*,*,#3254,.F.);
#1449=ORIENTED_EDGE('',*,*,#3255,.F.);
#1450=ORIENTED_EDGE('',*,*,#3256,.F.);
#1451=ORIENTED_EDGE('',*,*,#3257,.F.);
#1452=ORIENTED_EDGE('',*,*,#3258,.F.);
#1453=ORIENTED_EDGE('',*,*,#3259,.F.);
#1454=ORIENTED_EDGE('',*,*,#3260,.F.);
#1455=ORIENTED_EDGE('',*,*,#3261,.F.);
#1456=ORIENTED_EDGE('',*,*,#3262,.F.);
#1457=ORIENTED_EDGE('',*,*,#3263,.F.);
#1458=ORIENTED_EDGE('',*,*,#3264,.F.);
#1459=ORIENTED_EDGE('',*,*,#3265,.F.);
#1460=ORIENTED_EDGE('',*,*,#3266,.F.);
#1461=ORIENTED_EDGE('',*,*,#3267,.F.);
#1462=ORIENTED_EDGE('',*,*,#3268,.F.);
#1463=ORIENTED_EDGE('',*,*,#3269,.F.);
#1464=ORIENTED_EDGE('',*,*,#3270,.F.);
#1465=ORIENTED_EDGE('',*,*,#3271,.F.);
#1466=ORIENTED_EDGE('',*,*,#3272,.F.);
#1467=ORIENTED_EDGE('',*,*,#3273,.F.);
#1468=ORIENTED_EDGE('',*,*,#3274,.F.);
#1469=ORIENTED_EDGE('',*,*,#3275,.F.);
#1470=ORIENTED_EDGE('',*,*,#3276,.F.);
#1471=CARTESIAN_POINT('',(6.4,0.0,0.0));
#1472=DIRECTION('',(1.0,0.0,0.0));
#1473=DIRECTION('',(0.0,1.0,0.0));
#1474=ORIENTED_EDGE('',*,*,#3277,.F.);
#1475=ORIENTED_EDGE('',*,*,#3234,.F.);
#1476=ORIENTED_EDGE('',*,*,#3278,.F.);
#1477=ORIENTED_EDGE('',*,*,#3175,.T.);
#1478=ORIENTED_EDGE('',*,*,#3218,.T.);
#1479=ORIENTED_EDGE('',*,*,#3236,.F.);
#1480=ORIENTED_EDGE('',*,*,#3172,.T.);
#1481=ORIENTED_EDGE('',*,*,#3279,.F.);
#1482=CARTESIAN_POINT('',(-6.4,-5.0,-9.0));
#1483=DIRECTION('',(0.0,0.0,-1.0));
#1484=DIRECTION('',(0.0,-1.0,0.0));
#1485=ORIENTED_EDGE('',*,*,#3171,.T.);
#1486=ORIENTED_EDGE('',*,*,#3280,.T.);
#1487=ORIENTED_EDGE('',*,*,#3279,.T.);
#1488=CARTESIAN_POINT('',(-5.9,0.0,0.0));
#1489=DIRECTION('',(-1.0,0.0,0.0));
#1490=DIRECTION('',(0.0,0.0,1.0));
#1491=ORIENTED_EDGE('',*,*,#3170,.T.);
#1492=ORIENTED_EDGE('',*,*,#3235,.T.);
#1493=ORIENTED_EDGE('',*,*,#3277,.T.);
#1494=ORIENTED_EDGE('',*,*,#3280,.F.);
#1495=CARTESIAN_POINT('',(6.4,-2.25,-9.0));
#1496=DIRECTION('',(1.0,-0.0,0.0));
#1497=DIRECTION('',(0.0,0.0,1.0));
#1498=ORIENTED_EDGE('',*,*,#3278,.T.);
#1499=ORIENTED_EDGE('',*,*,#3233,.F.);
#1500=ORIENTED_EDGE('',*,*,#3281,.F.);
#1501=ORIENTED_EDGE('',*,*,#3176,.T.);
#1502=CARTESIAN_POINT('',(-6.4,-5.0,-7.25));
#1503=DIRECTION('',(0.0,-1.0,0.0));
#1504=DIRECTION('',(0.0,0.0,-1.0));
#1505=ORIENTED_EDGE('',*,*,#3281,.T.);
#1506=ORIENTED_EDGE('',*,*,#3232,.F.);
#1507=ORIENTED_EDGE('',*,*,#3282,.F.);
#1508=ORIENTED_EDGE('',*,*,#3177,.T.);
#1509=CARTESIAN_POINT('',(-6.4,-4.6,-7.25));
#1510=DIRECTION('',(0.0,0.0,1.0));
#1511=DIRECTION('',(1.0,0.0,0.0));
#1512=ORIENTED_EDGE('',*,*,#3282,.T.);
#1513=ORIENTED_EDGE('',*,*,#3231,.F.);
#1514=ORIENTED_EDGE('',*,*,#3283,.F.);
#1515=ORIENTED_EDGE('',*,*,#3178,.T.);
#1516=CARTESIAN_POINT('',(-6.4,-4.6,7.25));
#1517=DIRECTION('',(0.0,-1.0,0.0));
#1518=DIRECTION('',(0.0,0.0,-1.0));
#1519=ORIENTED_EDGE('',*,*,#3283,.T.);
#1520=ORIENTED_EDGE('',*,*,#3230,.F.);
#1521=ORIENTED_EDGE('',*,*,#3284,.F.);
#1522=ORIENTED_EDGE('',*,*,#3179,.T.);
#1523=CARTESIAN_POINT('',(-6.4,-5.0,7.25));
#1524=DIRECTION('',(0.0,0.0,-1.0));
#1525=DIRECTION('',(0.0,-1.0,0.0));
#1526=ORIENTED_EDGE('',*,*,#3284,.T.);
#1527=ORIENTED_EDGE('',*,*,#3229,.F.);
#1528=ORIENTED_EDGE('',*,*,#3214,.F.);
#1529=ORIENTED_EDGE('',*,*,#3180,.T.);
#1530=CARTESIAN_POINT('',(-6.4,-5.0,9.0));
#1531=DIRECTION('',(0.0,-1.0,0.0));
#1532=DIRECTION('',(0.0,0.0,-1.0));
#1533=ORIENTED_EDGE('',*,*,#3285,.T.);
#1534=ORIENTED_EDGE('',*,*,#3286,.F.);
#1535=ORIENTED_EDGE('',*,*,#3287,.F.);
#1536=ORIENTED_EDGE('',*,*,#3242,.T.);
#1537=CARTESIAN_POINT('',(6.4,4.1,-4.5));
#1538=DIRECTION('',(0.0,0.0,1.0));
#1539=DIRECTION('',(1.0,0.0,0.0));
#1540=ORIENTED_EDGE('',*,*,#3287,.T.);
#1541=ORIENTED_EDGE('',*,*,#3288,.F.);
#1542=ORIENTED_EDGE('',*,*,#3289,.F.);
#1543=ORIENTED_EDGE('',*,*,#3237,.T.);
#1544=CARTESIAN_POINT('',(6.4,4.1,-8.1));
#1545=DIRECTION('',(-0.0,1.0,0.0));
#1546=DIRECTION('',(1.0,0.0,0.0));
#1547=ORIENTED_EDGE('',*,*,#3289,.T.);
#1548=ORIENTED_EDGE('',*,*,#3290,.F.);
#1549=ORIENTED_EDGE('',*,*,#3291,.F.);
#1550=ORIENTED_EDGE('',*,*,#3238,.T.);
#1551=CARTESIAN_POINT('',(6.4,1.45,-8.1));
#1552=DIRECTION('',(0.0,0.0,-1.0));
#1553=DIRECTION('',(0.0,-1.0,0.0));
#1554=ORIENTED_EDGE('',*,*,#3291,.T.);
#1555=ORIENTED_EDGE('',*,*,#3292,.F.);
#1556=ORIENTED_EDGE('',*,*,#3293,.F.);
#1557=ORIENTED_EDGE('',*,*,#3239,.T.);
#1558=CARTESIAN_POINT('',(6.4,0.5,-7.15));
#1559=DIRECTION('',(0.0,-0.707106781186548,-0.707106781186548));
#1560=DIRECTION('',(0.0,-0.707106781186548,0.707106781186548));
#1561=ORIENTED_EDGE('',*,*,#3293,.T.);
#1562=ORIENTED_EDGE('',*,*,#3294,.F.);
#1563=ORIENTED_EDGE('',*,*,#3295,.F.);
#1564=ORIENTED_EDGE('',*,*,#3240,.T.);
#1565=CARTESIAN_POINT('',(6.4,0.5,-5.45));
#1566=DIRECTION('',(0.0,-1.0,0.0));
#1567=DIRECTION('',(0.0,0.0,-1.0));
#1568=ORIENTED_EDGE('',*,*,#3295,.T.);
#1569=ORIENTED_EDGE('',*,*,#3296,.F.);
#1570=ORIENTED_EDGE('',*,*,#3285,.F.);
#1571=ORIENTED_EDGE('',*,*,#3241,.T.);
#1572=CARTESIAN_POINT('',(6.4,1.45,-4.5));
#1573=DIRECTION('',(0.0,-0.707106781186548,0.707106781186548));
#1574=DIRECTION('',(-1.0,0.0,0.0));
#1575=ORIENTED_EDGE('',*,*,#3296,.T.);
#1576=ORIENTED_EDGE('',*,*,#3294,.T.);
#1577=ORIENTED_EDGE('',*,*,#3292,.T.);
#1578=ORIENTED_EDGE('',*,*,#3290,.T.);
#1579=ORIENTED_EDGE('',*,*,#3288,.T.);
#1580=ORIENTED_EDGE('',*,*,#3286,.T.);
#1581=ORIENTED_EDGE('',*,*,#3297,.T.);
#1582=ORIENTED_EDGE('',*,*,#3298,.T.);
#1583=ORIENTED_EDGE('',*,*,#3299,.F.);
#1584=ORIENTED_EDGE('',*,*,#3300,.F.);
#1585=CARTESIAN_POINT('',(-2.7,0.0,0.0));
#1586=DIRECTION('',(1.0,0.0,0.0));
#1587=DIRECTION('',(0.0,1.0,0.0));
#1588=ORIENTED_EDGE('',*,*,#3301,.T.);
#1589=ORIENTED_EDGE('',*,*,#3302,.T.);
#1590=ORIENTED_EDGE('',*,*,#3303,.T.);
#1591=ORIENTED_EDGE('',*,*,#3304,.T.);
#1592=ORIENTED_EDGE('',*,*,#3305,.T.);
#1593=ORIENTED_EDGE('',*,*,#3306,.T.);
#1594=ORIENTED_EDGE('',*,*,#3307,.F.);
#1595=ORIENTED_EDGE('',*,*,#3308,.F.);
#1596=CARTESIAN_POINT('',(-2.7,0.0,0.0));
#1597=DIRECTION('',(1.0,0.0,0.0));
#1598=DIRECTION('',(0.0,1.0,0.0));
#1599=ORIENTED_EDGE('',*,*,#3309,.T.);
#1600=ORIENTED_EDGE('',*,*,#3304,.F.);
#1601=ORIENTED_EDGE('',*,*,#3310,.F.);
#1602=ORIENTED_EDGE('',*,*,#3246,.T.);
#1603=CARTESIAN_POINT('',(6.4,-0.1,-4.5));
#1604=DIRECTION('',(0.0,0.0,1.0));
#1605=DIRECTION('',(1.0,0.0,0.0));
#1606=ORIENTED_EDGE('',*,*,#3310,.T.);
#1607=ORIENTED_EDGE('',*,*,#3303,.F.);
#1608=ORIENTED_EDGE('',*,*,#3311,.F.);
#1609=ORIENTED_EDGE('',*,*,#3243,.T.);
#1610=CARTESIAN_POINT('',(6.4,-0.1,-8.1));
#1611=DIRECTION('',(-0.0,1.0,0.0));
#1612=DIRECTION('',(1.0,0.0,0.0));
#1613=ORIENTED_EDGE('',*,*,#3311,.T.);
#1614=ORIENTED_EDGE('',*,*,#3302,.F.);
#1615=ORIENTED_EDGE('',*,*,#3312,.F.);
#1616=ORIENTED_EDGE('',*,*,#3244,.T.);
#1617=CARTESIAN_POINT('',(6.4,-3.7,-8.1));
#1618=DIRECTION('',(0.0,0.0,-1.0));
#1619=DIRECTION('',(0.0,-1.0,0.0));
#1620=ORIENTED_EDGE('',*,*,#3312,.T.);
#1621=ORIENTED_EDGE('',*,*,#3301,.F.);
#1622=ORIENTED_EDGE('',*,*,#3309,.F.);
#1623=ORIENTED_EDGE('',*,*,#3245,.T.);
#1624=CARTESIAN_POINT('',(6.4,-3.7,-4.5));
#1625=DIRECTION('',(0.0,-1.0,0.0));
#1626=DIRECTION('',(0.0,0.0,-1.0));
#1627=ORIENTED_EDGE('',*,*,#3313,.F.);
#1628=ORIENTED_EDGE('',*,*,#3300,.T.);
#1629=ORIENTED_EDGE('',*,*,#3314,.F.);
#1630=ORIENTED_EDGE('',*,*,#3315,.T.);
#1631=CARTESIAN_POINT('',(-6.4,0.0,-6.835));
#1632=DIRECTION('',(0.0,0.0,1.0));
#1633=DIRECTION('',(1.0,0.0,0.0));
#1634=ORIENTED_EDGE('',*,*,#3316,.F.);
#1635=ORIENTED_EDGE('',*,*,#3308,.T.);
#1636=ORIENTED_EDGE('',*,*,#3317,.F.);
#1637=ORIENTED_EDGE('',*,*,#3318,.T.);
#1638=CARTESIAN_POINT('',(-6.4,0.0,-6.835));
#1639=DIRECTION('',(0.0,0.0,1.0));
#1640=DIRECTION('',(1.0,0.0,0.0));
#1641=ORIENTED_EDGE('',*,*,#3319,.F.);
#1642=ORIENTED_EDGE('',*,*,#3320,.F.);
#1643=ORIENTED_EDGE('',*,*,#3185,.F.);
#1644=ORIENTED_EDGE('',*,*,#3321,.F.);
#1645=ORIENTED_EDGE('',*,*,#3322,.F.);
#1646=ORIENTED_EDGE('',*,*,#3323,.T.);
#1647=CARTESIAN_POINT('',(-6.4,0.0,-6.835));
#1648=DIRECTION('',(0.0,0.0,1.0));
#1649=DIRECTION('',(1.0,0.0,0.0));
#1650=ORIENTED_EDGE('',*,*,#3324,.F.);
#1651=ORIENTED_EDGE('',*,*,#3325,.F.);
#1652=ORIENTED_EDGE('',*,*,#3326,.F.);
#1653=ORIENTED_EDGE('',*,*,#3189,.F.);
#1654=ORIENTED_EDGE('',*,*,#3327,.F.);
#1655=ORIENTED_EDGE('',*,*,#3328,.F.);
#1656=ORIENTED_EDGE('',*,*,#3329,.F.);
#1657=ORIENTED_EDGE('',*,*,#3330,.T.);
#1658=CARTESIAN_POINT('',(-6.4,0.0,-6.835));
#1659=DIRECTION('',(0.0,0.0,1.0));
#1660=DIRECTION('',(1.0,0.0,0.0));
#1661=ORIENTED_EDGE('',*,*,#3331,.F.);
#1662=ORIENTED_EDGE('',*,*,#3332,.T.);
#1663=ORIENTED_EDGE('',*,*,#3333,.T.);
#1664=ORIENTED_EDGE('',*,*,#3315,.F.);
#1665=CARTESIAN_POINT('',(1.85,2.5,-6.71));
#1666=DIRECTION('',(0.164398987305406,0.0,-0.986393923832136));
#1667=DIRECTION('',(0.0,-1.0,0.0));
#1668=ORIENTED_EDGE('',*,*,#3333,.F.);
#1669=ORIENTED_EDGE('',*,*,#3334,.F.);
#1670=ORIENTED_EDGE('',*,*,#3335,.T.);
#1671=ORIENTED_EDGE('',*,*,#3336,.T.);
#1672=CARTESIAN_POINT('',(1.85,2.09,-6.3));
#1673=DIRECTION('',(0.164398987305406,-0.986393923832136,0.0));
#1674=DIRECTION('',(0.0,0.0,-1.0));
#1675=ORIENTED_EDGE('',*,*,#3188,.T.);
#1676=ORIENTED_EDGE('',*,*,#3337,.F.);
#1677=ORIENTED_EDGE('',*,*,#3338,.F.);
#1678=ORIENTED_EDGE('',*,*,#3327,.T.);
#1679=CARTESIAN_POINT('',(-11.785,1.965,-6.835));
#1680=DIRECTION('',(0.0,-1.0,0.0));
#1681=DIRECTION('',(0.0,0.0,-1.0));
#1682=ORIENTED_EDGE('',*,*,#3339,.F.);
#1683=ORIENTED_EDGE('',*,*,#3297,.F.);
#1684=ORIENTED_EDGE('',*,*,#3313,.T.);
#1685=ORIENTED_EDGE('',*,*,#3336,.F.);
#1686=CARTESIAN_POINT('',(-11.785,1.965,-6.835));
#1687=DIRECTION('',(0.0,-1.0,0.0));
#1688=DIRECTION('',(0.0,0.0,-1.0));
#1689=ORIENTED_EDGE('',*,*,#3338,.T.);
#1690=ORIENTED_EDGE('',*,*,#3340,.F.);
#1691=ORIENTED_EDGE('',*,*,#3341,.F.);
#1692=ORIENTED_EDGE('',*,*,#3328,.T.);
#1693=CARTESIAN_POINT('',(-11.785,1.285,-6.835));
#1694=DIRECTION('',(0.0,0.0,-1.0));
#1695=DIRECTION('',(1.0,0.0,0.0));
#1696=ORIENTED_EDGE('',*,*,#3329,.T.);
#1697=ORIENTED_EDGE('',*,*,#3341,.T.);
#1698=ORIENTED_EDGE('',*,*,#3342,.F.);
#1699=ORIENTED_EDGE('',*,*,#3343,.T.);
#1700=CARTESIAN_POINT('',(-12.465,-9.0,-6.835));
#1701=DIRECTION('',(1.0,0.0,0.0));
#1702=DIRECTION('',(0.0,1.0,0.0));
#1703=ORIENTED_EDGE('',*,*,#3344,.T.);
#1704=ORIENTED_EDGE('',*,*,#3345,.T.);
#1705=ORIENTED_EDGE('',*,*,#3346,.T.);
#1706=ORIENTED_EDGE('',*,*,#3343,.F.);
#1707=CARTESIAN_POINT('',(-12.59,-8.25,-6.3));
#1708=DIRECTION('',(0.986393923832136,-0.164398987305406,0.0));
#1709=DIRECTION('',(0.0,0.0,-1.0));
#1710=ORIENTED_EDGE('',*,*,#3346,.F.);
#1711=ORIENTED_EDGE('',*,*,#3347,.T.);
#1712=ORIENTED_EDGE('',*,*,#3348,.T.);
#1713=ORIENTED_EDGE('',*,*,#3330,.F.);
#1714=CARTESIAN_POINT('',(-13.0,-8.25,-6.71));
#1715=DIRECTION('',(0.0,-0.164398987305406,-0.986393923832136));
#1716=DIRECTION('',(0.0,-0.986393923832136,0.164398987305406));
#1717=ORIENTED_EDGE('',*,*,#3348,.F.);
#1718=ORIENTED_EDGE('',*,*,#3349,.F.);
#1719=ORIENTED_EDGE('',*,*,#3350,.T.);
#1720=ORIENTED_EDGE('',*,*,#3351,.T.);
#1721=CARTESIAN_POINT('',(-13.41,-8.25,-6.3));
#1722=DIRECTION('',(-0.986393923832136,-0.164398987305406,0.0));
#1723=DIRECTION('',(-0.164398987305406,0.986393923832136,0.0));
#1724=ORIENTED_EDGE('',*,*,#3352,.F.);
#1725=ORIENTED_EDGE('',*,*,#3353,.F.);
#1726=ORIENTED_EDGE('',*,*,#3324,.T.);
#1727=ORIENTED_EDGE('',*,*,#3351,.F.);
#1728=CARTESIAN_POINT('',(-13.535,1.285,-6.835));
#1729=DIRECTION('',(-1.0,0.0,0.0));
#1730=DIRECTION('',(0.0,0.0,1.0));
#1731=ORIENTED_EDGE('',*,*,#3353,.T.);
#1732=ORIENTED_EDGE('',*,*,#3354,.F.);
#1733=ORIENTED_EDGE('',*,*,#3355,.F.);
#1734=ORIENTED_EDGE('',*,*,#3325,.T.);
#1735=CARTESIAN_POINT('',(-11.785,1.285,-6.835));
#1736=DIRECTION('',(0.0,0.0,-1.0));
#1737=DIRECTION('',(1.0,0.0,0.0));
#1738=ORIENTED_EDGE('',*,*,#3355,.T.);
#1739=ORIENTED_EDGE('',*,*,#3356,.F.);
#1740=ORIENTED_EDGE('',*,*,#3186,.F.);
#1741=ORIENTED_EDGE('',*,*,#3326,.T.);
#1742=CARTESIAN_POINT('',(2.6,3.035,-6.835));
#1743=DIRECTION('',(-0.0,1.0,0.0));
#1744=DIRECTION('',(1.0,0.0,0.0));
#1745=ORIENTED_EDGE('',*,*,#3314,.T.);
#1746=ORIENTED_EDGE('',*,*,#3299,.T.);
#1747=ORIENTED_EDGE('',*,*,#3357,.F.);
#1748=ORIENTED_EDGE('',*,*,#3358,.T.);
#1749=CARTESIAN_POINT('',(2.6,3.035,-6.835));
#1750=DIRECTION('',(-0.0,1.0,0.0));
#1751=DIRECTION('',(1.0,0.0,0.0));
#1752=ORIENTED_EDGE('',*,*,#3357,.T.);
#1753=ORIENTED_EDGE('',*,*,#3298,.F.);
#1754=ORIENTED_EDGE('',*,*,#3339,.T.);
#1755=ORIENTED_EDGE('',*,*,#3359,.T.);
#1756=CARTESIAN_POINT('',(-6.4,0.0,-5.765));
#1757=DIRECTION('',(0.0,0.0,1.0));
#1758=DIRECTION('',(1.0,0.0,0.0));
#1759=ORIENTED_EDGE('',*,*,#3360,.T.);
#1760=ORIENTED_EDGE('',*,*,#3306,.F.);
#1761=ORIENTED_EDGE('',*,*,#3361,.T.);
#1762=ORIENTED_EDGE('',*,*,#3362,.T.);
#1763=CARTESIAN_POINT('',(-6.4,0.0,-5.765));
#1764=DIRECTION('',(0.0,0.0,1.0));
#1765=DIRECTION('',(1.0,0.0,0.0));
#1766=ORIENTED_EDGE('',*,*,#3363,.T.);
#1767=ORIENTED_EDGE('',*,*,#3364,.T.);
#1768=ORIENTED_EDGE('',*,*,#3183,.T.);
#1769=ORIENTED_EDGE('',*,*,#3365,.T.);
#1770=ORIENTED_EDGE('',*,*,#3366,.T.);
#1771=ORIENTED_EDGE('',*,*,#3367,.T.);
#1772=CARTESIAN_POINT('',(-6.4,0.0,-5.765));
#1773=DIRECTION('',(0.0,0.0,1.0));
#1774=DIRECTION('',(1.0,0.0,0.0));
#1775=ORIENTED_EDGE('',*,*,#3342,.T.);
#1776=ORIENTED_EDGE('',*,*,#3340,.T.);
#1777=ORIENTED_EDGE('',*,*,#3337,.T.);
#1778=ORIENTED_EDGE('',*,*,#3187,.T.);
#1779=ORIENTED_EDGE('',*,*,#3356,.T.);
#1780=ORIENTED_EDGE('',*,*,#3354,.T.);
#1781=ORIENTED_EDGE('',*,*,#3352,.T.);
#1782=ORIENTED_EDGE('',*,*,#3368,.T.);
#1783=CARTESIAN_POINT('',(-6.4,0.0,-5.765));
#1784=DIRECTION('',(0.0,0.0,1.0));
#1785=DIRECTION('',(1.0,0.0,0.0));
#1786=ORIENTED_EDGE('',*,*,#3369,.F.);
#1787=ORIENTED_EDGE('',*,*,#3359,.F.);
#1788=ORIENTED_EDGE('',*,*,#3335,.F.);
#1789=ORIENTED_EDGE('',*,*,#3370,.T.);
#1790=CARTESIAN_POINT('',(1.85,2.5,-5.89));
#1791=DIRECTION('',(0.164398987305406,0.0,0.986393923832136));
#1792=DIRECTION('',(0.0,-1.0,0.0));
#1793=ORIENTED_EDGE('',*,*,#3370,.F.);
#1794=ORIENTED_EDGE('',*,*,#3334,.T.);
#1795=ORIENTED_EDGE('',*,*,#3332,.F.);
#1796=ORIENTED_EDGE('',*,*,#3371,.F.);
#1797=CARTESIAN_POINT('',(2.6,1.965,-6.835));
#1798=DIRECTION('',(1.0,0.0,0.0));
#1799=DIRECTION('',(0.0,1.0,0.0));
#1800=ORIENTED_EDGE('',*,*,#3369,.T.);
#1801=ORIENTED_EDGE('',*,*,#3371,.T.);
#1802=ORIENTED_EDGE('',*,*,#3331,.T.);
#1803=ORIENTED_EDGE('',*,*,#3358,.F.);
#1804=CARTESIAN_POINT('',(1.85,2.91,-6.3));
#1805=DIRECTION('',(0.164398987305406,0.986393923832136,0.0));
#1806=DIRECTION('',(0.0,0.0,-1.0));
#1807=ORIENTED_EDGE('',*,*,#3372,.T.);
#1808=ORIENTED_EDGE('',*,*,#3362,.F.);
#1809=ORIENTED_EDGE('',*,*,#3373,.F.);
#1810=ORIENTED_EDGE('',*,*,#3374,.T.);
#1811=CARTESIAN_POINT('',(1.85,-1.7,-5.89));
#1812=DIRECTION('',(0.164398987305406,0.0,0.986393923832136));
#1813=DIRECTION('',(0.0,-1.0,0.0));
#1814=ORIENTED_EDGE('',*,*,#3374,.F.);
#1815=ORIENTED_EDGE('',*,*,#3375,.T.);
#1816=ORIENTED_EDGE('',*,*,#3376,.F.);
#1817=ORIENTED_EDGE('',*,*,#3377,.F.);
#1818=CARTESIAN_POINT('',(2.6,-2.235,-6.835));
#1819=DIRECTION('',(1.0,0.0,0.0));
#1820=DIRECTION('',(0.0,1.0,0.0));
#1821=ORIENTED_EDGE('',*,*,#3372,.F.);
#1822=ORIENTED_EDGE('',*,*,#3377,.T.);
#1823=ORIENTED_EDGE('',*,*,#3378,.T.);
#1824=ORIENTED_EDGE('',*,*,#3379,.F.);
#1825=CARTESIAN_POINT('',(1.85,-1.29,-6.3));
#1826=DIRECTION('',(0.164398987305406,0.986393923832136,0.0));
#1827=DIRECTION('',(0.0,0.0,-1.0));
#1828=ORIENTED_EDGE('',*,*,#3317,.T.);
#1829=ORIENTED_EDGE('',*,*,#3307,.T.);
#1830=ORIENTED_EDGE('',*,*,#3360,.F.);
#1831=ORIENTED_EDGE('',*,*,#3379,.T.);
#1832=CARTESIAN_POINT('',(2.6,-1.165,-6.835));
#1833=DIRECTION('',(-0.0,1.0,0.0));
#1834=DIRECTION('',(1.0,0.0,0.0));
#1835=ORIENTED_EDGE('',*,*,#3378,.F.);
#1836=ORIENTED_EDGE('',*,*,#3376,.T.);
#1837=ORIENTED_EDGE('',*,*,#3380,.T.);
#1838=ORIENTED_EDGE('',*,*,#3318,.F.);
#1839=CARTESIAN_POINT('',(1.85,-1.7,-6.71));
#1840=DIRECTION('',(0.164398987305406,0.0,-0.986393923832136));
#1841=DIRECTION('',(0.0,-1.0,0.0));
#1842=ORIENTED_EDGE('',*,*,#3380,.F.);
#1843=ORIENTED_EDGE('',*,*,#3375,.F.);
#1844=ORIENTED_EDGE('',*,*,#3373,.T.);
#1845=ORIENTED_EDGE('',*,*,#3381,.T.);
#1846=CARTESIAN_POINT('',(1.85,-2.11,-6.3));
#1847=DIRECTION('',(0.164398987305406,-0.986393923832136,0.0));
#1848=DIRECTION('',(0.0,0.0,-1.0));
#1849=ORIENTED_EDGE('',*,*,#3361,.F.);
#1850=ORIENTED_EDGE('',*,*,#3305,.F.);
#1851=ORIENTED_EDGE('',*,*,#3316,.T.);
#1852=ORIENTED_EDGE('',*,*,#3381,.F.);
#1853=CARTESIAN_POINT('',(-6.285,-2.235,-6.835));
#1854=DIRECTION('',(0.0,-1.0,0.0));
#1855=DIRECTION('',(0.0,0.0,-1.0));
#1856=ORIENTED_EDGE('',*,*,#3382,.F.);
#1857=ORIENTED_EDGE('',*,*,#3367,.F.);
#1858=ORIENTED_EDGE('',*,*,#3383,.F.);
#1859=ORIENTED_EDGE('',*,*,#3384,.T.);
#1860=CARTESIAN_POINT('',(-7.5,-8.25,-5.89));
#1861=DIRECTION('',(0.0,-0.164398987305406,0.986393923832136));
#1862=DIRECTION('',(-1.0,0.0,0.0));
#1863=ORIENTED_EDGE('',*,*,#3384,.F.);
#1864=ORIENTED_EDGE('',*,*,#3385,.T.);
#1865=ORIENTED_EDGE('',*,*,#3386,.F.);
#1866=ORIENTED_EDGE('',*,*,#3387,.F.);
#1867=CARTESIAN_POINT('',(-8.035,-9.0,-6.835));
#1868=DIRECTION('',(0.0,-1.0,0.0));
#1869=DIRECTION('',(0.0,0.0,-1.0));
#1870=ORIENTED_EDGE('',*,*,#3382,.T.);
#1871=ORIENTED_EDGE('',*,*,#3387,.T.);
#1872=ORIENTED_EDGE('',*,*,#3388,.T.);
#1873=ORIENTED_EDGE('',*,*,#3389,.F.);
#1874=CARTESIAN_POINT('',(-7.09,-8.25,-6.3));
#1875=DIRECTION('',(0.986393923832136,-0.164398987305406,0.0));
#1876=DIRECTION('',(0.0,0.0,-1.0));
#1877=ORIENTED_EDGE('',*,*,#3322,.T.);
#1878=ORIENTED_EDGE('',*,*,#3390,.T.);
#1879=ORIENTED_EDGE('',*,*,#3363,.F.);
#1880=ORIENTED_EDGE('',*,*,#3389,.T.);
#1881=CARTESIAN_POINT('',(-6.965,-9.0,-6.835));
#1882=DIRECTION('',(1.0,0.0,0.0));
#1883=DIRECTION('',(0.0,1.0,0.0));
#1884=ORIENTED_EDGE('',*,*,#3364,.F.);
#1885=ORIENTED_EDGE('',*,*,#3390,.F.);
#1886=ORIENTED_EDGE('',*,*,#3321,.T.);
#1887=ORIENTED_EDGE('',*,*,#3184,.T.);
#1888=CARTESIAN_POINT('',(-6.285,-2.915,-6.835));
#1889=DIRECTION('',(0.0,0.0,-1.0));
#1890=DIRECTION('',(1.0,0.0,0.0));
#1891=ORIENTED_EDGE('',*,*,#3388,.F.);
#1892=ORIENTED_EDGE('',*,*,#3386,.T.);
#1893=ORIENTED_EDGE('',*,*,#3391,.T.);
#1894=ORIENTED_EDGE('',*,*,#3323,.F.);
#1895=CARTESIAN_POINT('',(-7.5,-8.25,-6.71));
#1896=DIRECTION('',(0.0,-0.164398987305406,-0.986393923832136));
#1897=DIRECTION('',(0.0,-0.986393923832136,0.164398987305406));
#1898=ORIENTED_EDGE('',*,*,#3391,.F.);
#1899=ORIENTED_EDGE('',*,*,#3385,.F.);
#1900=ORIENTED_EDGE('',*,*,#3383,.T.);
#1901=ORIENTED_EDGE('',*,*,#3392,.T.);
#1902=CARTESIAN_POINT('',(-7.91,-8.25,-6.3));
#1903=DIRECTION('',(-0.986393923832136,-0.164398987305406,0.0));
#1904=DIRECTION('',(-0.164398987305406,0.986393923832136,0.0));
#1905=ORIENTED_EDGE('',*,*,#3366,.F.);
#1906=ORIENTED_EDGE('',*,*,#3393,.F.);
#1907=ORIENTED_EDGE('',*,*,#3319,.T.);
#1908=ORIENTED_EDGE('',*,*,#3392,.F.);
#1909=CARTESIAN_POINT('',(-8.035,-2.915,-6.835));
#1910=DIRECTION('',(-1.0,0.0,0.0));
#1911=DIRECTION('',(0.0,0.0,1.0));
#1912=ORIENTED_EDGE('',*,*,#3320,.T.);
#1913=ORIENTED_EDGE('',*,*,#3393,.T.);
#1914=ORIENTED_EDGE('',*,*,#3365,.F.);
#1915=ORIENTED_EDGE('',*,*,#3182,.F.);
#1916=CARTESIAN_POINT('',(-6.285,-2.915,-6.835));
#1917=DIRECTION('',(0.0,0.0,-1.0));
#1918=DIRECTION('',(1.0,0.0,0.0));
#1919=ORIENTED_EDGE('',*,*,#3344,.F.);
#1920=ORIENTED_EDGE('',*,*,#3368,.F.);
#1921=ORIENTED_EDGE('',*,*,#3350,.F.);
#1922=ORIENTED_EDGE('',*,*,#3394,.T.);
#1923=CARTESIAN_POINT('',(-13.0,-8.25,-5.89));
#1924=DIRECTION('',(0.0,-0.164398987305406,0.986393923832136));
#1925=DIRECTION('',(-1.0,0.0,0.0));
#1926=ORIENTED_EDGE('',*,*,#3394,.F.);
#1927=ORIENTED_EDGE('',*,*,#3349,.T.);
#1928=ORIENTED_EDGE('',*,*,#3347,.F.);
#1929=ORIENTED_EDGE('',*,*,#3345,.F.);
#1930=CARTESIAN_POINT('',(-13.535,-9.0,-6.835));
#1931=DIRECTION('',(0.0,-1.0,0.0));
#1932=DIRECTION('',(0.0,0.0,-1.0));
#1933=ORIENTED_EDGE('',*,*,#3395,.T.);
#1934=ORIENTED_EDGE('',*,*,#3396,.F.);
#1935=ORIENTED_EDGE('',*,*,#3397,.F.);
#1936=ORIENTED_EDGE('',*,*,#3250,.T.);
#1937=CARTESIAN_POINT('',(6.4,4.1,-0.3));
#1938=DIRECTION('',(0.0,0.0,1.0));
#1939=DIRECTION('',(1.0,0.0,0.0));
#1940=ORIENTED_EDGE('',*,*,#3397,.T.);
#1941=ORIENTED_EDGE('',*,*,#3398,.F.);
#1942=ORIENTED_EDGE('',*,*,#3399,.F.);
#1943=ORIENTED_EDGE('',*,*,#3247,.T.);
#1944=CARTESIAN_POINT('',(6.4,4.1,-3.9));
#1945=DIRECTION('',(-0.0,1.0,0.0));
#1946=DIRECTION('',(1.0,0.0,0.0));
#1947=ORIENTED_EDGE('',*,*,#3399,.T.);
#1948=ORIENTED_EDGE('',*,*,#3400,.F.);
#1949=ORIENTED_EDGE('',*,*,#3401,.F.);
#1950=ORIENTED_EDGE('',*,*,#3248,.T.);
#1951=CARTESIAN_POINT('',(6.4,0.5,-3.9));
#1952=DIRECTION('',(0.0,0.0,-1.0));
#1953=DIRECTION('',(0.0,-1.0,0.0));
#1954=ORIENTED_EDGE('',*,*,#3401,.T.);
#1955=ORIENTED_EDGE('',*,*,#3402,.F.);
#1956=ORIENTED_EDGE('',*,*,#3395,.F.);
#1957=ORIENTED_EDGE('',*,*,#3249,.T.);
#1958=CARTESIAN_POINT('',(6.4,0.5,-0.3));
#1959=DIRECTION('',(0.0,-1.0,0.0));
#1960=DIRECTION('',(0.0,0.0,-1.0));
#1961=ORIENTED_EDGE('',*,*,#3402,.T.);
#1962=ORIENTED_EDGE('',*,*,#3400,.T.);
#1963=ORIENTED_EDGE('',*,*,#3398,.T.);
#1964=ORIENTED_EDGE('',*,*,#3396,.T.);
#1965=ORIENTED_EDGE('',*,*,#3403,.T.);
#1966=ORIENTED_EDGE('',*,*,#3404,.T.);
#1967=ORIENTED_EDGE('',*,*,#3405,.F.);
#1968=ORIENTED_EDGE('',*,*,#3406,.F.);
#1969=CARTESIAN_POINT('',(-2.7,0.0,0.0));
#1970=DIRECTION('',(1.0,0.0,0.0));
#1971=DIRECTION('',(0.0,1.0,0.0));
#1972=ORIENTED_EDGE('',*,*,#3407,.T.);
#1973=ORIENTED_EDGE('',*,*,#3408,.T.);
#1974=ORIENTED_EDGE('',*,*,#3409,.T.);
#1975=ORIENTED_EDGE('',*,*,#3410,.T.);
#1976=ORIENTED_EDGE('',*,*,#3411,.T.);
#1977=ORIENTED_EDGE('',*,*,#3412,.T.);
#1978=ORIENTED_EDGE('',*,*,#3413,.T.);
#1979=ORIENTED_EDGE('',*,*,#3414,.T.);
#1980=ORIENTED_EDGE('',*,*,#3415,.F.);
#1981=ORIENTED_EDGE('',*,*,#3416,.F.);
#1982=CARTESIAN_POINT('',(-2.7,0.0,0.0));
#1983=DIRECTION('',(1.0,0.0,0.0));
#1984=DIRECTION('',(0.0,1.0,0.0));
#1985=ORIENTED_EDGE('',*,*,#3417,.T.);
#1986=ORIENTED_EDGE('',*,*,#3412,.F.);
#1987=ORIENTED_EDGE('',*,*,#3418,.F.);
#1988=ORIENTED_EDGE('',*,*,#3256,.T.);
#1989=CARTESIAN_POINT('',(6.4,-0.1,-0.3));
#1990=DIRECTION('',(0.0,0.0,1.0));
#1991=DIRECTION('',(1.0,0.0,0.0));
#1992=ORIENTED_EDGE('',*,*,#3418,.T.);
#1993=ORIENTED_EDGE('',*,*,#3411,.F.);
#1994=ORIENTED_EDGE('',*,*,#3419,.F.);
#1995=ORIENTED_EDGE('',*,*,#3251,.T.);
#1996=CARTESIAN_POINT('',(6.4,-0.1,-3.9));
#1997=DIRECTION('',(-0.0,1.0,0.0));
#1998=DIRECTION('',(1.0,0.0,0.0));
#1999=ORIENTED_EDGE('',*,*,#3419,.T.);
#2000=ORIENTED_EDGE('',*,*,#3410,.F.);
#2001=ORIENTED_EDGE('',*,*,#3420,.F.);
#2002=ORIENTED_EDGE('',*,*,#3252,.T.);
#2003=CARTESIAN_POINT('',(6.4,-2.75,-3.9));
#2004=DIRECTION('',(0.0,0.0,-1.0));
#2005=DIRECTION('',(0.0,-1.0,0.0));
#2006=ORIENTED_EDGE('',*,*,#3420,.T.);
#2007=ORIENTED_EDGE('',*,*,#3409,.F.);
#2008=ORIENTED_EDGE('',*,*,#3421,.F.);
#2009=ORIENTED_EDGE('',*,*,#3253,.T.);
#2010=CARTESIAN_POINT('',(6.4,-3.7,-2.95));
#2011=DIRECTION('',(0.0,-0.707106781186548,-0.707106781186548));
#2012=DIRECTION('',(0.0,-0.707106781186548,0.707106781186548));
#2013=ORIENTED_EDGE('',*,*,#3421,.T.);
#2014=ORIENTED_EDGE('',*,*,#3408,.F.);
#2015=ORIENTED_EDGE('',*,*,#3422,.F.);
#2016=ORIENTED_EDGE('',*,*,#3254,.T.);
#2017=CARTESIAN_POINT('',(6.4,-3.7,-1.25));
#2018=DIRECTION('',(0.0,-1.0,0.0));
#2019=DIRECTION('',(0.0,0.0,-1.0));
#2020=ORIENTED_EDGE('',*,*,#3422,.T.);
#2021=ORIENTED_EDGE('',*,*,#3407,.F.);
#2022=ORIENTED_EDGE('',*,*,#3417,.F.);
#2023=ORIENTED_EDGE('',*,*,#3255,.T.);
#2024=CARTESIAN_POINT('',(6.4,-2.75,-0.3));
#2025=DIRECTION('',(0.0,-0.707106781186548,0.707106781186548));
#2026=DIRECTION('',(-1.0,0.0,0.0));
#2027=ORIENTED_EDGE('',*,*,#3423,.F.);
#2028=ORIENTED_EDGE('',*,*,#3406,.T.);
#2029=ORIENTED_EDGE('',*,*,#3424,.F.);
#2030=ORIENTED_EDGE('',*,*,#3425,.T.);
#2031=CARTESIAN_POINT('',(-6.4,0.0,-2.635));
#2032=DIRECTION('',(0.0,0.0,1.0));
#2033=DIRECTION('',(1.0,0.0,0.0));
#2034=ORIENTED_EDGE('',*,*,#3426,.F.);
#2035=ORIENTED_EDGE('',*,*,#3416,.T.);
#2036=ORIENTED_EDGE('',*,*,#3427,.F.);
#2037=ORIENTED_EDGE('',*,*,#3428,.T.);
#2038=CARTESIAN_POINT('',(-6.4,0.0,-2.635));
#2039=DIRECTION('',(0.0,0.0,1.0));
#2040=DIRECTION('',(1.0,0.0,0.0));
#2041=ORIENTED_EDGE('',*,*,#3429,.F.);
#2042=ORIENTED_EDGE('',*,*,#3430,.F.);
#2043=ORIENTED_EDGE('',*,*,#3193,.F.);
#2044=ORIENTED_EDGE('',*,*,#3431,.F.);
#2045=ORIENTED_EDGE('',*,*,#3432,.F.);
#2046=ORIENTED_EDGE('',*,*,#3433,.T.);
#2047=CARTESIAN_POINT('',(-6.4,0.0,-2.635));
#2048=DIRECTION('',(0.0,0.0,1.0));
#2049=DIRECTION('',(1.0,0.0,0.0));
#2050=ORIENTED_EDGE('',*,*,#3434,.F.);
#2051=ORIENTED_EDGE('',*,*,#3435,.F.);
#2052=ORIENTED_EDGE('',*,*,#3436,.F.);
#2053=ORIENTED_EDGE('',*,*,#3197,.F.);
#2054=ORIENTED_EDGE('',*,*,#3437,.F.);
#2055=ORIENTED_EDGE('',*,*,#3438,.F.);
#2056=ORIENTED_EDGE('',*,*,#3439,.F.);
#2057=ORIENTED_EDGE('',*,*,#3440,.T.);
#2058=CARTESIAN_POINT('',(-6.4,0.0,-2.635));
#2059=DIRECTION('',(0.0,0.0,1.0));
#2060=DIRECTION('',(1.0,0.0,0.0));
#2061=ORIENTED_EDGE('',*,*,#3441,.F.);
#2062=ORIENTED_EDGE('',*,*,#3442,.T.);
#2063=ORIENTED_EDGE('',*,*,#3443,.T.);
#2064=ORIENTED_EDGE('',*,*,#3425,.F.);
#2065=CARTESIAN_POINT('',(1.85,2.5,-2.51));
#2066=DIRECTION('',(0.164398987305406,0.0,-0.986393923832136));
#2067=DIRECTION('',(0.0,-1.0,0.0));
#2068=ORIENTED_EDGE('',*,*,#3443,.F.);
#2069=ORIENTED_EDGE('',*,*,#3444,.F.);
#2070=ORIENTED_EDGE('',*,*,#3445,.T.);
#2071=ORIENTED_EDGE('',*,*,#3446,.T.);
#2072=CARTESIAN_POINT('',(1.85,2.09,-2.1));
#2073=DIRECTION('',(0.164398987305406,-0.986393923832136,0.0));
#2074=DIRECTION('',(0.0,0.0,-1.0));
#2075=ORIENTED_EDGE('',*,*,#3447,.F.);
#2076=ORIENTED_EDGE('',*,*,#3448,.F.);
#2077=ORIENTED_EDGE('',*,*,#3437,.T.);
#2078=ORIENTED_EDGE('',*,*,#3196,.T.);
#2079=CARTESIAN_POINT('',(-11.785,1.965,-2.635));
#2080=DIRECTION('',(0.0,-1.0,0.0));
#2081=DIRECTION('',(0.0,0.0,-1.0));
#2082=ORIENTED_EDGE('',*,*,#3449,.F.);
#2083=ORIENTED_EDGE('',*,*,#3403,.F.);
#2084=ORIENTED_EDGE('',*,*,#3423,.T.);
#2085=ORIENTED_EDGE('',*,*,#3446,.F.);
#2086=CARTESIAN_POINT('',(-11.785,1.965,-2.635));
#2087=DIRECTION('',(0.0,-1.0,0.0));
#2088=DIRECTION('',(0.0,0.0,-1.0));
#2089=ORIENTED_EDGE('',*,*,#3448,.T.);
#2090=ORIENTED_EDGE('',*,*,#3450,.F.);
#2091=ORIENTED_EDGE('',*,*,#3451,.F.);
#2092=ORIENTED_EDGE('',*,*,#3438,.T.);
#2093=CARTESIAN_POINT('',(-11.785,1.285,-2.635));
#2094=DIRECTION('',(0.0,0.0,-1.0));
#2095=DIRECTION('',(1.0,0.0,0.0));
#2096=ORIENTED_EDGE('',*,*,#3439,.T.);
#2097=ORIENTED_EDGE('',*,*,#3451,.T.);
#2098=ORIENTED_EDGE('',*,*,#3452,.F.);
#2099=ORIENTED_EDGE('',*,*,#3453,.T.);
#2100=CARTESIAN_POINT('',(-12.465,-9.0,-2.635));
#2101=DIRECTION('',(1.0,0.0,0.0));
#2102=DIRECTION('',(0.0,1.0,0.0));
#2103=ORIENTED_EDGE('',*,*,#3454,.T.);
#2104=ORIENTED_EDGE('',*,*,#3455,.T.);
#2105=ORIENTED_EDGE('',*,*,#3456,.T.);
#2106=ORIENTED_EDGE('',*,*,#3453,.F.);
#2107=CARTESIAN_POINT('',(-12.59,-8.25,-2.1));
#2108=DIRECTION('',(0.986393923832136,-0.164398987305406,0.0));
#2109=DIRECTION('',(0.0,0.0,-1.0));
#2110=ORIENTED_EDGE('',*,*,#3456,.F.);
#2111=ORIENTED_EDGE('',*,*,#3457,.T.);
#2112=ORIENTED_EDGE('',*,*,#3458,.T.);
#2113=ORIENTED_EDGE('',*,*,#3440,.F.);
#2114=CARTESIAN_POINT('',(-13.0,-8.25,-2.51));
#2115=DIRECTION('',(0.0,-0.164398987305406,-0.986393923832136));
#2116=DIRECTION('',(0.0,-0.986393923832136,0.164398987305406));
#2117=ORIENTED_EDGE('',*,*,#3458,.F.);
#2118=ORIENTED_EDGE('',*,*,#3459,.F.);
#2119=ORIENTED_EDGE('',*,*,#3460,.T.);
#2120=ORIENTED_EDGE('',*,*,#3461,.T.);
#2121=CARTESIAN_POINT('',(-13.41,-8.25,-2.1));
#2122=DIRECTION('',(-0.986393923832136,-0.164398987305406,0.0));
#2123=DIRECTION('',(-0.164398987305406,0.986393923832136,0.0));
#2124=ORIENTED_EDGE('',*,*,#3462,.F.);
#2125=ORIENTED_EDGE('',*,*,#3463,.F.);
#2126=ORIENTED_EDGE('',*,*,#3434,.T.);
#2127=ORIENTED_EDGE('',*,*,#3461,.F.);
#2128=CARTESIAN_POINT('',(-13.535,1.285,-2.635));
#2129=DIRECTION('',(-1.0,0.0,0.0));
#2130=DIRECTION('',(0.0,0.0,1.0));
#2131=ORIENTED_EDGE('',*,*,#3463,.T.);
#2132=ORIENTED_EDGE('',*,*,#3464,.F.);
#2133=ORIENTED_EDGE('',*,*,#3465,.F.);
#2134=ORIENTED_EDGE('',*,*,#3435,.T.);
#2135=CARTESIAN_POINT('',(-11.785,1.285,-2.635));
#2136=DIRECTION('',(0.0,0.0,-1.0));
#2137=DIRECTION('',(1.0,0.0,0.0));
#2138=ORIENTED_EDGE('',*,*,#3436,.T.);
#2139=ORIENTED_EDGE('',*,*,#3465,.T.);
#2140=ORIENTED_EDGE('',*,*,#3466,.F.);
#2141=ORIENTED_EDGE('',*,*,#3194,.F.);
#2142=CARTESIAN_POINT('',(2.6,3.035,-2.635));
#2143=DIRECTION('',(-0.0,1.0,0.0));
#2144=DIRECTION('',(1.0,0.0,0.0));
#2145=ORIENTED_EDGE('',*,*,#3424,.T.);
#2146=ORIENTED_EDGE('',*,*,#3405,.T.);
#2147=ORIENTED_EDGE('',*,*,#3467,.F.);
#2148=ORIENTED_EDGE('',*,*,#3468,.T.);
#2149=CARTESIAN_POINT('',(2.6,3.035,-2.635));
#2150=DIRECTION('',(-0.0,1.0,0.0));
#2151=DIRECTION('',(1.0,0.0,0.0));
#2152=ORIENTED_EDGE('',*,*,#3467,.T.);
#2153=ORIENTED_EDGE('',*,*,#3404,.F.);
#2154=ORIENTED_EDGE('',*,*,#3449,.T.);
#2155=ORIENTED_EDGE('',*,*,#3469,.T.);
#2156=CARTESIAN_POINT('',(-6.4,0.0,-1.565));
#2157=DIRECTION('',(0.0,0.0,1.0));
#2158=DIRECTION('',(1.0,0.0,0.0));
#2159=ORIENTED_EDGE('',*,*,#3470,.T.);
#2160=ORIENTED_EDGE('',*,*,#3414,.F.);
#2161=ORIENTED_EDGE('',*,*,#3471,.T.);
#2162=ORIENTED_EDGE('',*,*,#3472,.T.);
#2163=CARTESIAN_POINT('',(-6.4,0.0,-1.565));
#2164=DIRECTION('',(0.0,0.0,1.0));
#2165=DIRECTION('',(1.0,0.0,0.0));
#2166=ORIENTED_EDGE('',*,*,#3473,.T.);
#2167=ORIENTED_EDGE('',*,*,#3474,.T.);
#2168=ORIENTED_EDGE('',*,*,#3191,.T.);
#2169=ORIENTED_EDGE('',*,*,#3475,.T.);
#2170=ORIENTED_EDGE('',*,*,#3476,.T.);
#2171=ORIENTED_EDGE('',*,*,#3477,.T.);
#2172=CARTESIAN_POINT('',(-6.4,0.0,-1.565));
#2173=DIRECTION('',(0.0,0.0,1.0));
#2174=DIRECTION('',(1.0,0.0,0.0));
#2175=ORIENTED_EDGE('',*,*,#3452,.T.);
#2176=ORIENTED_EDGE('',*,*,#3450,.T.);
#2177=ORIENTED_EDGE('',*,*,#3447,.T.);
#2178=ORIENTED_EDGE('',*,*,#3195,.T.);
#2179=ORIENTED_EDGE('',*,*,#3466,.T.);
#2180=ORIENTED_EDGE('',*,*,#3464,.T.);
#2181=ORIENTED_EDGE('',*,*,#3462,.T.);
#2182=ORIENTED_EDGE('',*,*,#3478,.T.);
#2183=CARTESIAN_POINT('',(-6.4,0.0,-1.565));
#2184=DIRECTION('',(0.0,0.0,1.0));
#2185=DIRECTION('',(1.0,0.0,0.0));
#2186=ORIENTED_EDGE('',*,*,#3479,.F.);
#2187=ORIENTED_EDGE('',*,*,#3469,.F.);
#2188=ORIENTED_EDGE('',*,*,#3445,.F.);
#2189=ORIENTED_EDGE('',*,*,#3480,.T.);
#2190=CARTESIAN_POINT('',(1.85,2.5,-1.69));
#2191=DIRECTION('',(0.164398987305406,0.0,0.986393923832136));
#2192=DIRECTION('',(0.0,-1.0,0.0));
#2193=ORIENTED_EDGE('',*,*,#3480,.F.);
#2194=ORIENTED_EDGE('',*,*,#3444,.T.);
#2195=ORIENTED_EDGE('',*,*,#3442,.F.);
#2196=ORIENTED_EDGE('',*,*,#3481,.F.);
#2197=CARTESIAN_POINT('',(2.6,1.965,-2.635));
#2198=DIRECTION('',(1.0,0.0,0.0));
#2199=DIRECTION('',(0.0,1.0,0.0));
#2200=ORIENTED_EDGE('',*,*,#3479,.T.);
#2201=ORIENTED_EDGE('',*,*,#3481,.T.);
#2202=ORIENTED_EDGE('',*,*,#3441,.T.);
#2203=ORIENTED_EDGE('',*,*,#3468,.F.);
#2204=CARTESIAN_POINT('',(1.85,2.91,-2.1));
#2205=DIRECTION('',(0.164398987305406,0.986393923832136,0.0));
#2206=DIRECTION('',(0.0,0.0,-1.0));
#2207=ORIENTED_EDGE('',*,*,#3482,.T.);
#2208=ORIENTED_EDGE('',*,*,#3472,.F.);
#2209=ORIENTED_EDGE('',*,*,#3483,.F.);
#2210=ORIENTED_EDGE('',*,*,#3484,.T.);
#2211=CARTESIAN_POINT('',(1.85,-1.7,-1.69));
#2212=DIRECTION('',(0.164398987305406,0.0,0.986393923832136));
#2213=DIRECTION('',(0.0,-1.0,0.0));
#2214=ORIENTED_EDGE('',*,*,#3484,.F.);
#2215=ORIENTED_EDGE('',*,*,#3485,.T.);
#2216=ORIENTED_EDGE('',*,*,#3486,.F.);
#2217=ORIENTED_EDGE('',*,*,#3487,.F.);
#2218=CARTESIAN_POINT('',(2.6,-2.235,-2.635));
#2219=DIRECTION('',(1.0,0.0,0.0));
#2220=DIRECTION('',(0.0,1.0,0.0));
#2221=ORIENTED_EDGE('',*,*,#3482,.F.);
#2222=ORIENTED_EDGE('',*,*,#3487,.T.);
#2223=ORIENTED_EDGE('',*,*,#3488,.T.);
#2224=ORIENTED_EDGE('',*,*,#3489,.F.);
#2225=CARTESIAN_POINT('',(1.85,-1.29,-2.1));
#2226=DIRECTION('',(0.164398987305406,0.986393923832136,0.0));
#2227=DIRECTION('',(0.0,0.0,-1.0));
#2228=ORIENTED_EDGE('',*,*,#3427,.T.);
#2229=ORIENTED_EDGE('',*,*,#3415,.T.);
#2230=ORIENTED_EDGE('',*,*,#3470,.F.);
#2231=ORIENTED_EDGE('',*,*,#3489,.T.);
#2232=CARTESIAN_POINT('',(2.6,-1.165,-2.635));
#2233=DIRECTION('',(-0.0,1.0,0.0));
#2234=DIRECTION('',(1.0,0.0,0.0));
#2235=ORIENTED_EDGE('',*,*,#3488,.F.);
#2236=ORIENTED_EDGE('',*,*,#3486,.T.);
#2237=ORIENTED_EDGE('',*,*,#3490,.T.);
#2238=ORIENTED_EDGE('',*,*,#3428,.F.);
#2239=CARTESIAN_POINT('',(1.85,-1.7,-2.51));
#2240=DIRECTION('',(0.164398987305406,0.0,-0.986393923832136));
#2241=DIRECTION('',(0.0,-1.0,0.0));
#2242=ORIENTED_EDGE('',*,*,#3490,.F.);
#2243=ORIENTED_EDGE('',*,*,#3485,.F.);
#2244=ORIENTED_EDGE('',*,*,#3483,.T.);
#2245=ORIENTED_EDGE('',*,*,#3491,.T.);
#2246=CARTESIAN_POINT('',(1.85,-2.11,-2.1));
#2247=DIRECTION('',(0.164398987305406,-0.986393923832136,0.0));
#2248=DIRECTION('',(0.0,0.0,-1.0));
#2249=ORIENTED_EDGE('',*,*,#3471,.F.);
#2250=ORIENTED_EDGE('',*,*,#3413,.F.);
#2251=ORIENTED_EDGE('',*,*,#3426,.T.);
#2252=ORIENTED_EDGE('',*,*,#3491,.F.);
#2253=CARTESIAN_POINT('',(-6.285,-2.235,-2.635));
#2254=DIRECTION('',(0.0,-1.0,0.0));
#2255=DIRECTION('',(0.0,0.0,-1.0));
#2256=ORIENTED_EDGE('',*,*,#3492,.F.);
#2257=ORIENTED_EDGE('',*,*,#3477,.F.);
#2258=ORIENTED_EDGE('',*,*,#3493,.F.);
#2259=ORIENTED_EDGE('',*,*,#3494,.T.);
#2260=CARTESIAN_POINT('',(-7.5,-8.25,-1.69));
#2261=DIRECTION('',(0.0,-0.164398987305406,0.986393923832136));
#2262=DIRECTION('',(-1.0,0.0,0.0));
#2263=ORIENTED_EDGE('',*,*,#3494,.F.);
#2264=ORIENTED_EDGE('',*,*,#3495,.T.);
#2265=ORIENTED_EDGE('',*,*,#3496,.F.);
#2266=ORIENTED_EDGE('',*,*,#3497,.F.);
#2267=CARTESIAN_POINT('',(-8.035,-9.0,-2.635));
#2268=DIRECTION('',(0.0,-1.0,0.0));
#2269=DIRECTION('',(0.0,0.0,-1.0));
#2270=ORIENTED_EDGE('',*,*,#3492,.T.);
#2271=ORIENTED_EDGE('',*,*,#3497,.T.);
#2272=ORIENTED_EDGE('',*,*,#3498,.T.);
#2273=ORIENTED_EDGE('',*,*,#3499,.F.);
#2274=CARTESIAN_POINT('',(-7.09,-8.25,-2.1));
#2275=DIRECTION('',(0.986393923832136,-0.164398987305406,0.0));
#2276=DIRECTION('',(0.0,0.0,-1.0));
#2277=ORIENTED_EDGE('',*,*,#3432,.T.);
#2278=ORIENTED_EDGE('',*,*,#3500,.T.);
#2279=ORIENTED_EDGE('',*,*,#3473,.F.);
#2280=ORIENTED_EDGE('',*,*,#3499,.T.);
#2281=CARTESIAN_POINT('',(-6.965,-9.0,-2.635));
#2282=DIRECTION('',(1.0,0.0,0.0));
#2283=DIRECTION('',(0.0,1.0,0.0));
#2284=ORIENTED_EDGE('',*,*,#3474,.F.);
#2285=ORIENTED_EDGE('',*,*,#3500,.F.);
#2286=ORIENTED_EDGE('',*,*,#3431,.T.);
#2287=ORIENTED_EDGE('',*,*,#3192,.T.);
#2288=CARTESIAN_POINT('',(-6.285,-2.915,-2.635));
#2289=DIRECTION('',(0.0,0.0,-1.0));
#2290=DIRECTION('',(1.0,0.0,0.0));
#2291=ORIENTED_EDGE('',*,*,#3498,.F.);
#2292=ORIENTED_EDGE('',*,*,#3496,.T.);
#2293=ORIENTED_EDGE('',*,*,#3501,.T.);
#2294=ORIENTED_EDGE('',*,*,#3433,.F.);
#2295=CARTESIAN_POINT('',(-7.5,-8.25,-2.51));
#2296=DIRECTION('',(0.0,-0.164398987305406,-0.986393923832136));
#2297=DIRECTION('',(0.0,-0.986393923832136,0.164398987305406));
#2298=ORIENTED_EDGE('',*,*,#3501,.F.);
#2299=ORIENTED_EDGE('',*,*,#3495,.F.);
#2300=ORIENTED_EDGE('',*,*,#3493,.T.);
#2301=ORIENTED_EDGE('',*,*,#3502,.T.);
#2302=CARTESIAN_POINT('',(-7.91,-8.25,-2.1));
#2303=DIRECTION('',(-0.986393923832136,-0.164398987305406,0.0));
#2304=DIRECTION('',(-0.164398987305406,0.986393923832136,0.0));
#2305=ORIENTED_EDGE('',*,*,#3476,.F.);
#2306=ORIENTED_EDGE('',*,*,#3503,.F.);
#2307=ORIENTED_EDGE('',*,*,#3429,.T.);
#2308=ORIENTED_EDGE('',*,*,#3502,.F.);
#2309=CARTESIAN_POINT('',(-8.035,-2.915,-2.635));
#2310=DIRECTION('',(-1.0,0.0,0.0));
#2311=DIRECTION('',(0.0,0.0,1.0));
#2312=ORIENTED_EDGE('',*,*,#3430,.T.);
#2313=ORIENTED_EDGE('',*,*,#3503,.T.);
#2314=ORIENTED_EDGE('',*,*,#3475,.F.);
#2315=ORIENTED_EDGE('',*,*,#3190,.F.);
#2316=CARTESIAN_POINT('',(-6.285,-2.915,-2.635));
#2317=DIRECTION('',(0.0,0.0,-1.0));
#2318=DIRECTION('',(1.0,0.0,0.0));
#2319=ORIENTED_EDGE('',*,*,#3454,.F.);
#2320=ORIENTED_EDGE('',*,*,#3478,.F.);
#2321=ORIENTED_EDGE('',*,*,#3460,.F.);
#2322=ORIENTED_EDGE('',*,*,#3504,.T.);
#2323=CARTESIAN_POINT('',(-13.0,-8.25,-1.69));
#2324=DIRECTION('',(0.0,-0.164398987305406,0.986393923832136));
#2325=DIRECTION('',(-1.0,0.0,0.0));
#2326=ORIENTED_EDGE('',*,*,#3504,.F.);
#2327=ORIENTED_EDGE('',*,*,#3459,.T.);
#2328=ORIENTED_EDGE('',*,*,#3457,.F.);
#2329=ORIENTED_EDGE('',*,*,#3455,.F.);
#2330=CARTESIAN_POINT('',(-13.535,-9.0,-2.635));
#2331=DIRECTION('',(0.0,-1.0,0.0));
#2332=DIRECTION('',(0.0,0.0,-1.0));
#2333=ORIENTED_EDGE('',*,*,#3505,.T.);
#2334=ORIENTED_EDGE('',*,*,#3506,.F.);
#2335=ORIENTED_EDGE('',*,*,#3507,.F.);
#2336=ORIENTED_EDGE('',*,*,#3260,.T.);
#2337=CARTESIAN_POINT('',(6.4,4.1,3.9));
#2338=DIRECTION('',(0.0,0.0,1.0));
#2339=DIRECTION('',(1.0,0.0,0.0));
#2340=ORIENTED_EDGE('',*,*,#3507,.T.);
#2341=ORIENTED_EDGE('',*,*,#3508,.F.);
#2342=ORIENTED_EDGE('',*,*,#3509,.F.);
#2343=ORIENTED_EDGE('',*,*,#3257,.T.);
#2344=CARTESIAN_POINT('',(6.4,4.1,0.3));
#2345=DIRECTION('',(-0.0,1.0,0.0));
#2346=DIRECTION('',(1.0,0.0,0.0));
#2347=ORIENTED_EDGE('',*,*,#3509,.T.);
#2348=ORIENTED_EDGE('',*,*,#3510,.F.);
#2349=ORIENTED_EDGE('',*,*,#3511,.F.);
#2350=ORIENTED_EDGE('',*,*,#3258,.T.);
#2351=CARTESIAN_POINT('',(6.4,0.5,0.3));
#2352=DIRECTION('',(0.0,0.0,-1.0));
#2353=DIRECTION('',(0.0,-1.0,0.0));
#2354=ORIENTED_EDGE('',*,*,#3511,.T.);
#2355=ORIENTED_EDGE('',*,*,#3512,.F.);
#2356=ORIENTED_EDGE('',*,*,#3505,.F.);
#2357=ORIENTED_EDGE('',*,*,#3259,.T.);
#2358=CARTESIAN_POINT('',(6.4,0.5,3.9));
#2359=DIRECTION('',(0.0,-1.0,0.0));
#2360=DIRECTION('',(0.0,0.0,-1.0));
#2361=ORIENTED_EDGE('',*,*,#3512,.T.);
#2362=ORIENTED_EDGE('',*,*,#3510,.T.);
#2363=ORIENTED_EDGE('',*,*,#3508,.T.);
#2364=ORIENTED_EDGE('',*,*,#3506,.T.);
#2365=ORIENTED_EDGE('',*,*,#3513,.T.);
#2366=ORIENTED_EDGE('',*,*,#3514,.T.);
#2367=ORIENTED_EDGE('',*,*,#3515,.F.);
#2368=ORIENTED_EDGE('',*,*,#3516,.F.);
#2369=CARTESIAN_POINT('',(-2.7,0.0,0.0));
#2370=DIRECTION('',(1.0,0.0,0.0));
#2371=DIRECTION('',(0.0,1.0,0.0));
#2372=ORIENTED_EDGE('',*,*,#3517,.T.);
#2373=ORIENTED_EDGE('',*,*,#3518,.T.);
#2374=ORIENTED_EDGE('',*,*,#3519,.T.);
#2375=ORIENTED_EDGE('',*,*,#3520,.T.);
#2376=ORIENTED_EDGE('',*,*,#3521,.T.);
#2377=ORIENTED_EDGE('',*,*,#3522,.T.);
#2378=ORIENTED_EDGE('',*,*,#3523,.T.);
#2379=ORIENTED_EDGE('',*,*,#3524,.T.);
#2380=ORIENTED_EDGE('',*,*,#3525,.F.);
#2381=ORIENTED_EDGE('',*,*,#3526,.F.);
#2382=CARTESIAN_POINT('',(-2.7,0.0,0.0));
#2383=DIRECTION('',(1.0,0.0,0.0));
#2384=DIRECTION('',(0.0,1.0,0.0));
#2385=ORIENTED_EDGE('',*,*,#3527,.T.);
#2386=ORIENTED_EDGE('',*,*,#3522,.F.);
#2387=ORIENTED_EDGE('',*,*,#3528,.F.);
#2388=ORIENTED_EDGE('',*,*,#3266,.T.);
#2389=CARTESIAN_POINT('',(6.4,-0.1,3.9));
#2390=DIRECTION('',(0.0,0.0,1.0));
#2391=DIRECTION('',(1.0,0.0,0.0));
#2392=ORIENTED_EDGE('',*,*,#3528,.T.);
#2393=ORIENTED_EDGE('',*,*,#3521,.F.);
#2394=ORIENTED_EDGE('',*,*,#3529,.F.);
#2395=ORIENTED_EDGE('',*,*,#3261,.T.);
#2396=CARTESIAN_POINT('',(6.4,-0.1,0.3));
#2397=DIRECTION('',(-0.0,1.0,0.0));
#2398=DIRECTION('',(1.0,0.0,0.0));
#2399=ORIENTED_EDGE('',*,*,#3529,.T.);
#2400=ORIENTED_EDGE('',*,*,#3520,.F.);
#2401=ORIENTED_EDGE('',*,*,#3530,.F.);
#2402=ORIENTED_EDGE('',*,*,#3262,.T.);
#2403=CARTESIAN_POINT('',(6.4,-2.75,0.3));
#2404=DIRECTION('',(0.0,0.0,-1.0));
#2405=DIRECTION('',(0.0,-1.0,0.0));
#2406=ORIENTED_EDGE('',*,*,#3530,.T.);
#2407=ORIENTED_EDGE('',*,*,#3519,.F.);
#2408=ORIENTED_EDGE('',*,*,#3531,.F.);
#2409=ORIENTED_EDGE('',*,*,#3263,.T.);
#2410=CARTESIAN_POINT('',(6.4,-3.7,1.25));
#2411=DIRECTION('',(0.0,-0.707106781186548,-0.707106781186548));
#2412=DIRECTION('',(0.0,-0.707106781186548,0.707106781186548));
#2413=ORIENTED_EDGE('',*,*,#3531,.T.);
#2414=ORIENTED_EDGE('',*,*,#3518,.F.);
#2415=ORIENTED_EDGE('',*,*,#3532,.F.);
#2416=ORIENTED_EDGE('',*,*,#3264,.T.);
#2417=CARTESIAN_POINT('',(6.4,-3.7,2.95));
#2418=DIRECTION('',(0.0,-1.0,0.0));
#2419=DIRECTION('',(0.0,0.0,-1.0));
#2420=ORIENTED_EDGE('',*,*,#3532,.T.);
#2421=ORIENTED_EDGE('',*,*,#3517,.F.);
#2422=ORIENTED_EDGE('',*,*,#3527,.F.);
#2423=ORIENTED_EDGE('',*,*,#3265,.T.);
#2424=CARTESIAN_POINT('',(6.4,-2.75,3.9));
#2425=DIRECTION('',(0.0,-0.707106781186548,0.707106781186548));
#2426=DIRECTION('',(-1.0,0.0,0.0));
#2427=ORIENTED_EDGE('',*,*,#3533,.F.);
#2428=ORIENTED_EDGE('',*,*,#3516,.T.);
#2429=ORIENTED_EDGE('',*,*,#3534,.F.);
#2430=ORIENTED_EDGE('',*,*,#3535,.T.);
#2431=CARTESIAN_POINT('',(-6.4,0.0,1.565));
#2432=DIRECTION('',(0.0,0.0,1.0));
#2433=DIRECTION('',(1.0,0.0,0.0));
#2434=ORIENTED_EDGE('',*,*,#3536,.F.);
#2435=ORIENTED_EDGE('',*,*,#3526,.T.);
#2436=ORIENTED_EDGE('',*,*,#3537,.F.);
#2437=ORIENTED_EDGE('',*,*,#3538,.T.);
#2438=CARTESIAN_POINT('',(-6.4,0.0,1.565));
#2439=DIRECTION('',(0.0,0.0,1.0));
#2440=DIRECTION('',(1.0,0.0,0.0));
#2441=ORIENTED_EDGE('',*,*,#3539,.F.);
#2442=ORIENTED_EDGE('',*,*,#3540,.F.);
#2443=ORIENTED_EDGE('',*,*,#3201,.F.);
#2444=ORIENTED_EDGE('',*,*,#3541,.F.);
#2445=ORIENTED_EDGE('',*,*,#3542,.F.);
#2446=ORIENTED_EDGE('',*,*,#3543,.T.);
#2447=CARTESIAN_POINT('',(-6.4,0.0,1.565));
#2448=DIRECTION('',(0.0,0.0,1.0));
#2449=DIRECTION('',(1.0,0.0,0.0));
#2450=ORIENTED_EDGE('',*,*,#3544,.F.);
#2451=ORIENTED_EDGE('',*,*,#3545,.F.);
#2452=ORIENTED_EDGE('',*,*,#3546,.F.);
#2453=ORIENTED_EDGE('',*,*,#3205,.F.);
#2454=ORIENTED_EDGE('',*,*,#3547,.F.);
#2455=ORIENTED_EDGE('',*,*,#3548,.F.);
#2456=ORIENTED_EDGE('',*,*,#3549,.F.);
#2457=ORIENTED_EDGE('',*,*,#3550,.T.);
#2458=CARTESIAN_POINT('',(-6.4,0.0,1.565));
#2459=DIRECTION('',(0.0,0.0,1.0));
#2460=DIRECTION('',(1.0,0.0,0.0));
#2461=ORIENTED_EDGE('',*,*,#3551,.F.);
#2462=ORIENTED_EDGE('',*,*,#3552,.T.);
#2463=ORIENTED_EDGE('',*,*,#3553,.T.);
#2464=ORIENTED_EDGE('',*,*,#3535,.F.);
#2465=CARTESIAN_POINT('',(1.85,2.5,1.69));
#2466=DIRECTION('',(0.164398987305406,0.0,-0.986393923832136));
#2467=DIRECTION('',(0.0,-1.0,0.0));
#2468=ORIENTED_EDGE('',*,*,#3553,.F.);
#2469=ORIENTED_EDGE('',*,*,#3554,.F.);
#2470=ORIENTED_EDGE('',*,*,#3555,.T.);
#2471=ORIENTED_EDGE('',*,*,#3556,.T.);
#2472=CARTESIAN_POINT('',(1.85,2.09,2.1));
#2473=DIRECTION('',(0.164398987305406,-0.986393923832136,0.0));
#2474=DIRECTION('',(0.0,0.0,-1.0));
#2475=ORIENTED_EDGE('',*,*,#3557,.F.);
#2476=ORIENTED_EDGE('',*,*,#3558,.F.);
#2477=ORIENTED_EDGE('',*,*,#3547,.T.);
#2478=ORIENTED_EDGE('',*,*,#3204,.T.);
#2479=CARTESIAN_POINT('',(-11.785,1.965,1.565));
#2480=DIRECTION('',(0.0,-1.0,0.0));
#2481=DIRECTION('',(0.0,0.0,-1.0));
#2482=ORIENTED_EDGE('',*,*,#3559,.F.);
#2483=ORIENTED_EDGE('',*,*,#3513,.F.);
#2484=ORIENTED_EDGE('',*,*,#3533,.T.);
#2485=ORIENTED_EDGE('',*,*,#3556,.F.);
#2486=CARTESIAN_POINT('',(-11.785,1.965,1.565));
#2487=DIRECTION('',(0.0,-1.0,0.0));
#2488=DIRECTION('',(0.0,0.0,-1.0));
#2489=ORIENTED_EDGE('',*,*,#3558,.T.);
#2490=ORIENTED_EDGE('',*,*,#3560,.F.);
#2491=ORIENTED_EDGE('',*,*,#3561,.F.);
#2492=ORIENTED_EDGE('',*,*,#3548,.T.);
#2493=CARTESIAN_POINT('',(-11.785,1.285,1.565));
#2494=DIRECTION('',(0.0,0.0,-1.0));
#2495=DIRECTION('',(1.0,0.0,0.0));
#2496=ORIENTED_EDGE('',*,*,#3549,.T.);
#2497=ORIENTED_EDGE('',*,*,#3561,.T.);
#2498=ORIENTED_EDGE('',*,*,#3562,.F.);
#2499=ORIENTED_EDGE('',*,*,#3563,.T.);
#2500=CARTESIAN_POINT('',(-12.465,-9.0,1.565));
#2501=DIRECTION('',(1.0,0.0,0.0));
#2502=DIRECTION('',(0.0,1.0,0.0));
#2503=ORIENTED_EDGE('',*,*,#3564,.T.);
#2504=ORIENTED_EDGE('',*,*,#3565,.T.);
#2505=ORIENTED_EDGE('',*,*,#3566,.T.);
#2506=ORIENTED_EDGE('',*,*,#3563,.F.);
#2507=CARTESIAN_POINT('',(-12.59,-8.25,2.1));
#2508=DIRECTION('',(0.986393923832136,-0.164398987305406,0.0));
#2509=DIRECTION('',(0.0,0.0,-1.0));
#2510=ORIENTED_EDGE('',*,*,#3566,.F.);
#2511=ORIENTED_EDGE('',*,*,#3567,.T.);
#2512=ORIENTED_EDGE('',*,*,#3568,.T.);
#2513=ORIENTED_EDGE('',*,*,#3550,.F.);
#2514=CARTESIAN_POINT('',(-13.0,-8.25,1.69));
#2515=DIRECTION('',(0.0,-0.164398987305406,-0.986393923832136));
#2516=DIRECTION('',(0.0,-0.986393923832136,0.164398987305406));
#2517=ORIENTED_EDGE('',*,*,#3568,.F.);
#2518=ORIENTED_EDGE('',*,*,#3569,.F.);
#2519=ORIENTED_EDGE('',*,*,#3570,.T.);
#2520=ORIENTED_EDGE('',*,*,#3571,.T.);
#2521=CARTESIAN_POINT('',(-13.41,-8.25,2.1));
#2522=DIRECTION('',(-0.986393923832136,-0.164398987305406,0.0));
#2523=DIRECTION('',(-0.164398987305406,0.986393923832136,0.0));
#2524=ORIENTED_EDGE('',*,*,#3572,.F.);
#2525=ORIENTED_EDGE('',*,*,#3573,.F.);
#2526=ORIENTED_EDGE('',*,*,#3544,.T.);
#2527=ORIENTED_EDGE('',*,*,#3571,.F.);
#2528=CARTESIAN_POINT('',(-13.535,1.285,1.565));
#2529=DIRECTION('',(-1.0,0.0,0.0));
#2530=DIRECTION('',(0.0,0.0,1.0));
#2531=ORIENTED_EDGE('',*,*,#3573,.T.);
#2532=ORIENTED_EDGE('',*,*,#3574,.F.);
#2533=ORIENTED_EDGE('',*,*,#3575,.F.);
#2534=ORIENTED_EDGE('',*,*,#3545,.T.);
#2535=CARTESIAN_POINT('',(-11.785,1.285,1.565));
#2536=DIRECTION('',(0.0,0.0,-1.0));
#2537=DIRECTION('',(1.0,0.0,0.0));
#2538=ORIENTED_EDGE('',*,*,#3546,.T.);
#2539=ORIENTED_EDGE('',*,*,#3575,.T.);
#2540=ORIENTED_EDGE('',*,*,#3576,.F.);
#2541=ORIENTED_EDGE('',*,*,#3202,.F.);
#2542=CARTESIAN_POINT('',(2.6,3.035,1.565));
#2543=DIRECTION('',(-0.0,1.0,0.0));
#2544=DIRECTION('',(1.0,0.0,0.0));
#2545=ORIENTED_EDGE('',*,*,#3534,.T.);
#2546=ORIENTED_EDGE('',*,*,#3515,.T.);
#2547=ORIENTED_EDGE('',*,*,#3577,.F.);
#2548=ORIENTED_EDGE('',*,*,#3578,.T.);
#2549=CARTESIAN_POINT('',(2.6,3.035,1.565));
#2550=DIRECTION('',(-0.0,1.0,0.0));
#2551=DIRECTION('',(1.0,0.0,0.0));
#2552=ORIENTED_EDGE('',*,*,#3577,.T.);
#2553=ORIENTED_EDGE('',*,*,#3514,.F.);
#2554=ORIENTED_EDGE('',*,*,#3559,.T.);
#2555=ORIENTED_EDGE('',*,*,#3579,.T.);
#2556=CARTESIAN_POINT('',(-6.4,0.0,2.635));
#2557=DIRECTION('',(0.0,0.0,1.0));
#2558=DIRECTION('',(1.0,0.0,0.0));
#2559=ORIENTED_EDGE('',*,*,#3580,.T.);
#2560=ORIENTED_EDGE('',*,*,#3524,.F.);
#2561=ORIENTED_EDGE('',*,*,#3581,.T.);
#2562=ORIENTED_EDGE('',*,*,#3582,.T.);
#2563=CARTESIAN_POINT('',(-6.4,0.0,2.635));
#2564=DIRECTION('',(0.0,0.0,1.0));
#2565=DIRECTION('',(1.0,0.0,0.0));
#2566=ORIENTED_EDGE('',*,*,#3583,.T.);
#2567=ORIENTED_EDGE('',*,*,#3584,.T.);
#2568=ORIENTED_EDGE('',*,*,#3199,.T.);
#2569=ORIENTED_EDGE('',*,*,#3585,.T.);
#2570=ORIENTED_EDGE('',*,*,#3586,.T.);
#2571=ORIENTED_EDGE('',*,*,#3587,.T.);
#2572=CARTESIAN_POINT('',(-6.4,0.0,2.635));
#2573=DIRECTION('',(0.0,0.0,1.0));
#2574=DIRECTION('',(1.0,0.0,0.0));
#2575=ORIENTED_EDGE('',*,*,#3562,.T.);
#2576=ORIENTED_EDGE('',*,*,#3560,.T.);
#2577=ORIENTED_EDGE('',*,*,#3557,.T.);
#2578=ORIENTED_EDGE('',*,*,#3203,.T.);
#2579=ORIENTED_EDGE('',*,*,#3576,.T.);
#2580=ORIENTED_EDGE('',*,*,#3574,.T.);
#2581=ORIENTED_EDGE('',*,*,#3572,.T.);
#2582=ORIENTED_EDGE('',*,*,#3588,.T.);
#2583=CARTESIAN_POINT('',(-6.4,0.0,2.635));
#2584=DIRECTION('',(0.0,0.0,1.0));
#2585=DIRECTION('',(1.0,0.0,0.0));
#2586=ORIENTED_EDGE('',*,*,#3589,.F.);
#2587=ORIENTED_EDGE('',*,*,#3579,.F.);
#2588=ORIENTED_EDGE('',*,*,#3555,.F.);
#2589=ORIENTED_EDGE('',*,*,#3590,.T.);
#2590=CARTESIAN_POINT('',(1.85,2.5,2.51));
#2591=DIRECTION('',(0.164398987305406,0.0,0.986393923832136));
#2592=DIRECTION('',(0.0,-1.0,0.0));
#2593=ORIENTED_EDGE('',*,*,#3590,.F.);
#2594=ORIENTED_EDGE('',*,*,#3554,.T.);
#2595=ORIENTED_EDGE('',*,*,#3552,.F.);
#2596=ORIENTED_EDGE('',*,*,#3591,.F.);
#2597=CARTESIAN_POINT('',(2.6,1.965,1.565));
#2598=DIRECTION('',(1.0,0.0,0.0));
#2599=DIRECTION('',(0.0,1.0,0.0));
#2600=ORIENTED_EDGE('',*,*,#3589,.T.);
#2601=ORIENTED_EDGE('',*,*,#3591,.T.);
#2602=ORIENTED_EDGE('',*,*,#3551,.T.);
#2603=ORIENTED_EDGE('',*,*,#3578,.F.);
#2604=CARTESIAN_POINT('',(1.85,2.91,2.1));
#2605=DIRECTION('',(0.164398987305406,0.986393923832136,0.0));
#2606=DIRECTION('',(0.0,0.0,-1.0));
#2607=ORIENTED_EDGE('',*,*,#3592,.T.);
#2608=ORIENTED_EDGE('',*,*,#3582,.F.);
#2609=ORIENTED_EDGE('',*,*,#3593,.F.);
#2610=ORIENTED_EDGE('',*,*,#3594,.T.);
#2611=CARTESIAN_POINT('',(1.85,-1.7,2.51));
#2612=DIRECTION('',(0.164398987305406,0.0,0.986393923832136));
#2613=DIRECTION('',(0.0,-1.0,0.0));
#2614=ORIENTED_EDGE('',*,*,#3594,.F.);
#2615=ORIENTED_EDGE('',*,*,#3595,.T.);
#2616=ORIENTED_EDGE('',*,*,#3596,.F.);
#2617=ORIENTED_EDGE('',*,*,#3597,.F.);
#2618=CARTESIAN_POINT('',(2.6,-2.235,1.565));
#2619=DIRECTION('',(1.0,0.0,0.0));
#2620=DIRECTION('',(0.0,1.0,0.0));
#2621=ORIENTED_EDGE('',*,*,#3592,.F.);
#2622=ORIENTED_EDGE('',*,*,#3597,.T.);
#2623=ORIENTED_EDGE('',*,*,#3598,.T.);
#2624=ORIENTED_EDGE('',*,*,#3599,.F.);
#2625=CARTESIAN_POINT('',(1.85,-1.29,2.1));
#2626=DIRECTION('',(0.164398987305406,0.986393923832136,0.0));
#2627=DIRECTION('',(0.0,0.0,-1.0));
#2628=ORIENTED_EDGE('',*,*,#3537,.T.);
#2629=ORIENTED_EDGE('',*,*,#3525,.T.);
#2630=ORIENTED_EDGE('',*,*,#3580,.F.);
#2631=ORIENTED_EDGE('',*,*,#3599,.T.);
#2632=CARTESIAN_POINT('',(2.6,-1.165,1.565));
#2633=DIRECTION('',(-0.0,1.0,0.0));
#2634=DIRECTION('',(1.0,0.0,0.0));
#2635=ORIENTED_EDGE('',*,*,#3598,.F.);
#2636=ORIENTED_EDGE('',*,*,#3596,.T.);
#2637=ORIENTED_EDGE('',*,*,#3600,.T.);
#2638=ORIENTED_EDGE('',*,*,#3538,.F.);
#2639=CARTESIAN_POINT('',(1.85,-1.7,1.69));
#2640=DIRECTION('',(0.164398987305406,0.0,-0.986393923832136));
#2641=DIRECTION('',(0.0,-1.0,0.0));
#2642=ORIENTED_EDGE('',*,*,#3600,.F.);
#2643=ORIENTED_EDGE('',*,*,#3595,.F.);
#2644=ORIENTED_EDGE('',*,*,#3593,.T.);
#2645=ORIENTED_EDGE('',*,*,#3601,.T.);
#2646=CARTESIAN_POINT('',(1.85,-2.11,2.1));
#2647=DIRECTION('',(0.164398987305406,-0.986393923832136,0.0));
#2648=DIRECTION('',(0.0,0.0,-1.0));
#2649=ORIENTED_EDGE('',*,*,#3581,.F.);
#2650=ORIENTED_EDGE('',*,*,#3523,.F.);
#2651=ORIENTED_EDGE('',*,*,#3536,.T.);
#2652=ORIENTED_EDGE('',*,*,#3601,.F.);
#2653=CARTESIAN_POINT('',(-6.285,-2.235,1.565));
#2654=DIRECTION('',(0.0,-1.0,0.0));
#2655=DIRECTION('',(0.0,0.0,-1.0));
#2656=ORIENTED_EDGE('',*,*,#3602,.F.);
#2657=ORIENTED_EDGE('',*,*,#3587,.F.);
#2658=ORIENTED_EDGE('',*,*,#3603,.F.);
#2659=ORIENTED_EDGE('',*,*,#3604,.T.);
#2660=CARTESIAN_POINT('',(-7.5,-8.25,2.51));
#2661=DIRECTION('',(0.0,-0.164398987305406,0.986393923832136));
#2662=DIRECTION('',(-1.0,0.0,0.0));
#2663=ORIENTED_EDGE('',*,*,#3604,.F.);
#2664=ORIENTED_EDGE('',*,*,#3605,.T.);
#2665=ORIENTED_EDGE('',*,*,#3606,.F.);
#2666=ORIENTED_EDGE('',*,*,#3607,.F.);
#2667=CARTESIAN_POINT('',(-8.035,-9.0,1.565));
#2668=DIRECTION('',(0.0,-1.0,0.0));
#2669=DIRECTION('',(0.0,0.0,-1.0));
#2670=ORIENTED_EDGE('',*,*,#3602,.T.);
#2671=ORIENTED_EDGE('',*,*,#3607,.T.);
#2672=ORIENTED_EDGE('',*,*,#3608,.T.);
#2673=ORIENTED_EDGE('',*,*,#3609,.F.);
#2674=CARTESIAN_POINT('',(-7.09,-8.25,2.1));
#2675=DIRECTION('',(0.986393923832136,-0.164398987305406,0.0));
#2676=DIRECTION('',(0.0,0.0,-1.0));
#2677=ORIENTED_EDGE('',*,*,#3542,.T.);
#2678=ORIENTED_EDGE('',*,*,#3610,.T.);
#2679=ORIENTED_EDGE('',*,*,#3583,.F.);
#2680=ORIENTED_EDGE('',*,*,#3609,.T.);
#2681=CARTESIAN_POINT('',(-6.965,-9.0,1.565));
#2682=DIRECTION('',(1.0,0.0,0.0));
#2683=DIRECTION('',(0.0,1.0,0.0));
#2684=ORIENTED_EDGE('',*,*,#3584,.F.);
#2685=ORIENTED_EDGE('',*,*,#3610,.F.);
#2686=ORIENTED_EDGE('',*,*,#3541,.T.);
#2687=ORIENTED_EDGE('',*,*,#3200,.T.);
#2688=CARTESIAN_POINT('',(-6.285,-2.915,1.565));
#2689=DIRECTION('',(0.0,0.0,-1.0));
#2690=DIRECTION('',(1.0,0.0,0.0));
#2691=ORIENTED_EDGE('',*,*,#3608,.F.);
#2692=ORIENTED_EDGE('',*,*,#3606,.T.);
#2693=ORIENTED_EDGE('',*,*,#3611,.T.);
#2694=ORIENTED_EDGE('',*,*,#3543,.F.);
#2695=CARTESIAN_POINT('',(-7.5,-8.25,1.69));
#2696=DIRECTION('',(0.0,-0.164398987305406,-0.986393923832136));
#2697=DIRECTION('',(0.0,-0.986393923832136,0.164398987305406));
#2698=ORIENTED_EDGE('',*,*,#3611,.F.);
#2699=ORIENTED_EDGE('',*,*,#3605,.F.);
#2700=ORIENTED_EDGE('',*,*,#3603,.T.);
#2701=ORIENTED_EDGE('',*,*,#3612,.T.);
#2702=CARTESIAN_POINT('',(-7.91,-8.25,2.1));
#2703=DIRECTION('',(-0.986393923832136,-0.164398987305406,0.0));
#2704=DIRECTION('',(-0.164398987305406,0.986393923832136,0.0));
#2705=ORIENTED_EDGE('',*,*,#3586,.F.);
#2706=ORIENTED_EDGE('',*,*,#3613,.F.);
#2707=ORIENTED_EDGE('',*,*,#3539,.T.);
#2708=ORIENTED_EDGE('',*,*,#3612,.F.);
#2709=CARTESIAN_POINT('',(-8.035,-2.915,1.565));
#2710=DIRECTION('',(-1.0,0.0,0.0));
#2711=DIRECTION('',(0.0,0.0,1.0));
#2712=ORIENTED_EDGE('',*,*,#3540,.T.);
#2713=ORIENTED_EDGE('',*,*,#3613,.T.);
#2714=ORIENTED_EDGE('',*,*,#3585,.F.);
#2715=ORIENTED_EDGE('',*,*,#3198,.F.);
#2716=CARTESIAN_POINT('',(-6.285,-2.915,1.565));
#2717=DIRECTION('',(0.0,0.0,-1.0));
#2718=DIRECTION('',(1.0,0.0,0.0));
#2719=ORIENTED_EDGE('',*,*,#3564,.F.);
#2720=ORIENTED_EDGE('',*,*,#3588,.F.);
#2721=ORIENTED_EDGE('',*,*,#3570,.F.);
#2722=ORIENTED_EDGE('',*,*,#3614,.T.);
#2723=CARTESIAN_POINT('',(-13.0,-8.25,2.51));
#2724=DIRECTION('',(0.0,-0.164398987305406,0.986393923832136));
#2725=DIRECTION('',(-1.0,0.0,0.0));
#2726=ORIENTED_EDGE('',*,*,#3614,.F.);
#2727=ORIENTED_EDGE('',*,*,#3569,.T.);
#2728=ORIENTED_EDGE('',*,*,#3567,.F.);
#2729=ORIENTED_EDGE('',*,*,#3565,.F.);
#2730=CARTESIAN_POINT('',(-13.535,-9.0,1.565));
#2731=DIRECTION('',(0.0,-1.0,0.0));
#2732=DIRECTION('',(0.0,0.0,-1.0));
#2733=ORIENTED_EDGE('',*,*,#3615,.T.);
#2734=ORIENTED_EDGE('',*,*,#3616,.F.);
#2735=ORIENTED_EDGE('',*,*,#3617,.F.);
#2736=ORIENTED_EDGE('',*,*,#3272,.T.);
#2737=CARTESIAN_POINT('',(6.4,4.1,8.1));
#2738=DIRECTION('',(0.0,0.0,1.0));
#2739=DIRECTION('',(1.0,0.0,0.0));
#2740=ORIENTED_EDGE('',*,*,#3617,.T.);
#2741=ORIENTED_EDGE('',*,*,#3618,.F.);
#2742=ORIENTED_EDGE('',*,*,#3619,.F.);
#2743=ORIENTED_EDGE('',*,*,#3267,.T.);
#2744=CARTESIAN_POINT('',(6.4,4.1,4.5));
#2745=DIRECTION('',(-0.0,1.0,0.0));
#2746=DIRECTION('',(1.0,0.0,0.0));
#2747=ORIENTED_EDGE('',*,*,#3619,.T.);
#2748=ORIENTED_EDGE('',*,*,#3620,.F.);
#2749=ORIENTED_EDGE('',*,*,#3621,.F.);
#2750=ORIENTED_EDGE('',*,*,#3268,.T.);
#2751=CARTESIAN_POINT('',(6.4,1.45,4.5));
#2752=DIRECTION('',(0.0,0.0,-1.0));
#2753=DIRECTION('',(0.0,-1.0,0.0));
#2754=ORIENTED_EDGE('',*,*,#3621,.T.);
#2755=ORIENTED_EDGE('',*,*,#3622,.F.);
#2756=ORIENTED_EDGE('',*,*,#3623,.F.);
#2757=ORIENTED_EDGE('',*,*,#3269,.T.);
#2758=CARTESIAN_POINT('',(6.4,0.5,5.45));
#2759=DIRECTION('',(0.0,-0.707106781186548,-0.707106781186548));
#2760=DIRECTION('',(0.0,-0.707106781186548,0.707106781186548));
#2761=ORIENTED_EDGE('',*,*,#3623,.T.);
#2762=ORIENTED_EDGE('',*,*,#3624,.F.);
#2763=ORIENTED_EDGE('',*,*,#3625,.F.);
#2764=ORIENTED_EDGE('',*,*,#3270,.T.);
#2765=CARTESIAN_POINT('',(6.4,0.5,7.15));
#2766=DIRECTION('',(0.0,-1.0,0.0));
#2767=DIRECTION('',(0.0,0.0,-1.0));
#2768=ORIENTED_EDGE('',*,*,#3625,.T.);
#2769=ORIENTED_EDGE('',*,*,#3626,.F.);
#2770=ORIENTED_EDGE('',*,*,#3615,.F.);
#2771=ORIENTED_EDGE('',*,*,#3271,.T.);
#2772=CARTESIAN_POINT('',(6.4,1.45,8.1));
#2773=DIRECTION('',(0.0,-0.707106781186548,0.707106781186548));
#2774=DIRECTION('',(-1.0,0.0,0.0));
#2775=ORIENTED_EDGE('',*,*,#3626,.T.);
#2776=ORIENTED_EDGE('',*,*,#3624,.T.);
#2777=ORIENTED_EDGE('',*,*,#3622,.T.);
#2778=ORIENTED_EDGE('',*,*,#3620,.T.);
#2779=ORIENTED_EDGE('',*,*,#3618,.T.);
#2780=ORIENTED_EDGE('',*,*,#3616,.T.);
#2781=ORIENTED_EDGE('',*,*,#3627,.T.);
#2782=ORIENTED_EDGE('',*,*,#3628,.T.);
#2783=ORIENTED_EDGE('',*,*,#3629,.F.);
#2784=ORIENTED_EDGE('',*,*,#3630,.F.);
#2785=CARTESIAN_POINT('',(-2.7,0.0,0.0));
#2786=DIRECTION('',(1.0,0.0,0.0));
#2787=DIRECTION('',(0.0,1.0,0.0));
#2788=ORIENTED_EDGE('',*,*,#3631,.T.);
#2789=ORIENTED_EDGE('',*,*,#3632,.T.);
#2790=ORIENTED_EDGE('',*,*,#3633,.T.);
#2791=ORIENTED_EDGE('',*,*,#3634,.T.);
#2792=ORIENTED_EDGE('',*,*,#3635,.T.);
#2793=ORIENTED_EDGE('',*,*,#3636,.T.);
#2794=ORIENTED_EDGE('',*,*,#3637,.F.);
#2795=ORIENTED_EDGE('',*,*,#3638,.F.);
#2796=CARTESIAN_POINT('',(-2.7,0.0,0.0));
#2797=DIRECTION('',(1.0,0.0,0.0));
#2798=DIRECTION('',(0.0,1.0,0.0));
#2799=ORIENTED_EDGE('',*,*,#3639,.T.);
#2800=ORIENTED_EDGE('',*,*,#3634,.F.);
#2801=ORIENTED_EDGE('',*,*,#3640,.F.);
#2802=ORIENTED_EDGE('',*,*,#3276,.T.);
#2803=CARTESIAN_POINT('',(6.4,-0.1,8.1));
#2804=DIRECTION('',(0.0,0.0,1.0));
#2805=DIRECTION('',(1.0,0.0,0.0));
#2806=ORIENTED_EDGE('',*,*,#3640,.T.);
#2807=ORIENTED_EDGE('',*,*,#3633,.F.);
#2808=ORIENTED_EDGE('',*,*,#3641,.F.);
#2809=ORIENTED_EDGE('',*,*,#3273,.T.);
#2810=CARTESIAN_POINT('',(6.4,-0.1,4.5));
#2811=DIRECTION('',(-0.0,1.0,0.0));
#2812=DIRECTION('',(1.0,0.0,0.0));
#2813=ORIENTED_EDGE('',*,*,#3641,.T.);
#2814=ORIENTED_EDGE('',*,*,#3632,.F.);
#2815=ORIENTED_EDGE('',*,*,#3642,.F.);
#2816=ORIENTED_EDGE('',*,*,#3274,.T.);
#2817=CARTESIAN_POINT('',(6.4,-3.7,4.5));
#2818=DIRECTION('',(0.0,0.0,-1.0));
#2819=DIRECTION('',(0.0,-1.0,0.0));
#2820=ORIENTED_EDGE('',*,*,#3642,.T.);
#2821=ORIENTED_EDGE('',*,*,#3631,.F.);
#2822=ORIENTED_EDGE('',*,*,#3639,.F.);
#2823=ORIENTED_EDGE('',*,*,#3275,.T.);
#2824=CARTESIAN_POINT('',(6.4,-3.7,8.1));
#2825=DIRECTION('',(0.0,-1.0,0.0));
#2826=DIRECTION('',(0.0,0.0,-1.0));
#2827=ORIENTED_EDGE('',*,*,#3643,.F.);
#2828=ORIENTED_EDGE('',*,*,#3630,.T.);
#2829=ORIENTED_EDGE('',*,*,#3644,.F.);
#2830=ORIENTED_EDGE('',*,*,#3645,.T.);
#2831=CARTESIAN_POINT('',(-6.4,0.0,5.765));
#2832=DIRECTION('',(0.0,0.0,1.0));
#2833=DIRECTION('',(1.0,0.0,0.0));
#2834=ORIENTED_EDGE('',*,*,#3646,.F.);
#2835=ORIENTED_EDGE('',*,*,#3638,.T.);
#2836=ORIENTED_EDGE('',*,*,#3647,.F.);
#2837=ORIENTED_EDGE('',*,*,#3648,.T.);
#2838=CARTESIAN_POINT('',(-6.4,0.0,5.765));
#2839=DIRECTION('',(0.0,0.0,1.0));
#2840=DIRECTION('',(1.0,0.0,0.0));
#2841=ORIENTED_EDGE('',*,*,#3649,.F.);
#2842=ORIENTED_EDGE('',*,*,#3650,.F.);
#2843=ORIENTED_EDGE('',*,*,#3209,.F.);
#2844=ORIENTED_EDGE('',*,*,#3651,.F.);
#2845=ORIENTED_EDGE('',*,*,#3652,.F.);
#2846=ORIENTED_EDGE('',*,*,#3653,.T.);
#2847=CARTESIAN_POINT('',(-6.4,0.0,5.765));
#2848=DIRECTION('',(0.0,0.0,1.0));
#2849=DIRECTION('',(1.0,0.0,0.0));
#2850=ORIENTED_EDGE('',*,*,#3654,.F.);
#2851=ORIENTED_EDGE('',*,*,#3655,.F.);
#2852=ORIENTED_EDGE('',*,*,#3656,.F.);
#2853=ORIENTED_EDGE('',*,*,#3213,.F.);
#2854=ORIENTED_EDGE('',*,*,#3657,.F.);
#2855=ORIENTED_EDGE('',*,*,#3658,.F.);
#2856=ORIENTED_EDGE('',*,*,#3659,.F.);
#2857=ORIENTED_EDGE('',*,*,#3660,.T.);
#2858=CARTESIAN_POINT('',(-6.4,0.0,5.765));
#2859=DIRECTION('',(0.0,0.0,1.0));
#2860=DIRECTION('',(1.0,0.0,0.0));
#2861=ORIENTED_EDGE('',*,*,#3661,.F.);
#2862=ORIENTED_EDGE('',*,*,#3662,.T.);
#2863=ORIENTED_EDGE('',*,*,#3663,.T.);
#2864=ORIENTED_EDGE('',*,*,#3645,.F.);
#2865=CARTESIAN_POINT('',(1.85,2.5,5.89));
#2866=DIRECTION('',(0.164398987305406,0.0,-0.986393923832136));
#2867=DIRECTION('',(0.0,-1.0,0.0));
#2868=ORIENTED_EDGE('',*,*,#3663,.F.);
#2869=ORIENTED_EDGE('',*,*,#3664,.F.);
#2870=ORIENTED_EDGE('',*,*,#3665,.T.);
#2871=ORIENTED_EDGE('',*,*,#3666,.T.);
#2872=CARTESIAN_POINT('',(1.85,2.09,6.3));
#2873=DIRECTION('',(0.164398987305406,-0.986393923832136,0.0));
#2874=DIRECTION('',(0.0,0.0,-1.0));
#2875=ORIENTED_EDGE('',*,*,#3667,.F.);
#2876=ORIENTED_EDGE('',*,*,#3668,.F.);
#2877=ORIENTED_EDGE('',*,*,#3657,.T.);
#2878=ORIENTED_EDGE('',*,*,#3212,.T.);
#2879=CARTESIAN_POINT('',(-11.785,1.965,5.765));
#2880=DIRECTION('',(0.0,-1.0,0.0));
#2881=DIRECTION('',(0.0,0.0,-1.0));
#2882=ORIENTED_EDGE('',*,*,#3669,.F.);
#2883=ORIENTED_EDGE('',*,*,#3627,.F.);
#2884=ORIENTED_EDGE('',*,*,#3643,.T.);
#2885=ORIENTED_EDGE('',*,*,#3666,.F.);
#2886=CARTESIAN_POINT('',(-11.785,1.965,5.765));
#2887=DIRECTION('',(0.0,-1.0,0.0));
#2888=DIRECTION('',(0.0,0.0,-1.0));
#2889=ORIENTED_EDGE('',*,*,#3668,.T.);
#2890=ORIENTED_EDGE('',*,*,#3670,.F.);
#2891=ORIENTED_EDGE('',*,*,#3671,.F.);
#2892=ORIENTED_EDGE('',*,*,#3658,.T.);
#2893=CARTESIAN_POINT('',(-11.785,1.285,5.765));
#2894=DIRECTION('',(0.0,0.0,-1.0));
#2895=DIRECTION('',(1.0,0.0,0.0));
#2896=ORIENTED_EDGE('',*,*,#3659,.T.);
#2897=ORIENTED_EDGE('',*,*,#3671,.T.);
#2898=ORIENTED_EDGE('',*,*,#3672,.F.);
#2899=ORIENTED_EDGE('',*,*,#3673,.T.);
#2900=CARTESIAN_POINT('',(-12.465,-9.0,5.765));
#2901=DIRECTION('',(1.0,0.0,0.0));
#2902=DIRECTION('',(0.0,1.0,0.0));
#2903=ORIENTED_EDGE('',*,*,#3674,.T.);
#2904=ORIENTED_EDGE('',*,*,#3675,.T.);
#2905=ORIENTED_EDGE('',*,*,#3676,.T.);
#2906=ORIENTED_EDGE('',*,*,#3673,.F.);
#2907=CARTESIAN_POINT('',(-12.59,-8.25,6.3));
#2908=DIRECTION('',(0.986393923832136,-0.164398987305406,0.0));
#2909=DIRECTION('',(0.0,0.0,-1.0));
#2910=ORIENTED_EDGE('',*,*,#3676,.F.);
#2911=ORIENTED_EDGE('',*,*,#3677,.T.);
#2912=ORIENTED_EDGE('',*,*,#3678,.T.);
#2913=ORIENTED_EDGE('',*,*,#3660,.F.);
#2914=CARTESIAN_POINT('',(-13.0,-8.25,5.89));
#2915=DIRECTION('',(0.0,-0.164398987305406,-0.986393923832136));
#2916=DIRECTION('',(0.0,-0.986393923832136,0.164398987305406));
#2917=ORIENTED_EDGE('',*,*,#3678,.F.);
#2918=ORIENTED_EDGE('',*,*,#3679,.F.);
#2919=ORIENTED_EDGE('',*,*,#3680,.T.);
#2920=ORIENTED_EDGE('',*,*,#3681,.T.);
#2921=CARTESIAN_POINT('',(-13.41,-8.25,6.3));
#2922=DIRECTION('',(-0.986393923832136,-0.164398987305406,0.0));
#2923=DIRECTION('',(-0.164398987305406,0.986393923832136,0.0));
#2924=ORIENTED_EDGE('',*,*,#3682,.F.);
#2925=ORIENTED_EDGE('',*,*,#3683,.F.);
#2926=ORIENTED_EDGE('',*,*,#3654,.T.);
#2927=ORIENTED_EDGE('',*,*,#3681,.F.);
#2928=CARTESIAN_POINT('',(-13.535,1.285,5.765));
#2929=DIRECTION('',(-1.0,0.0,0.0));
#2930=DIRECTION('',(0.0,0.0,1.0));
#2931=ORIENTED_EDGE('',*,*,#3683,.T.);
#2932=ORIENTED_EDGE('',*,*,#3684,.F.);
#2933=ORIENTED_EDGE('',*,*,#3685,.F.);
#2934=ORIENTED_EDGE('',*,*,#3655,.T.);
#2935=CARTESIAN_POINT('',(-11.785,1.285,5.765));
#2936=DIRECTION('',(0.0,0.0,-1.0));
#2937=DIRECTION('',(1.0,0.0,0.0));
#2938=ORIENTED_EDGE('',*,*,#3656,.T.);
#2939=ORIENTED_EDGE('',*,*,#3685,.T.);
#2940=ORIENTED_EDGE('',*,*,#3686,.F.);
#2941=ORIENTED_EDGE('',*,*,#3210,.F.);
#2942=CARTESIAN_POINT('',(2.6,3.035,5.765));
#2943=DIRECTION('',(-0.0,1.0,0.0));
#2944=DIRECTION('',(1.0,0.0,0.0));
#2945=ORIENTED_EDGE('',*,*,#3644,.T.);
#2946=ORIENTED_EDGE('',*,*,#3629,.T.);
#2947=ORIENTED_EDGE('',*,*,#3687,.F.);
#2948=ORIENTED_EDGE('',*,*,#3688,.T.);
#2949=CARTESIAN_POINT('',(2.6,3.035,5.765));
#2950=DIRECTION('',(-0.0,1.0,0.0));
#2951=DIRECTION('',(1.0,0.0,0.0));
#2952=ORIENTED_EDGE('',*,*,#3687,.T.);
#2953=ORIENTED_EDGE('',*,*,#3628,.F.);
#2954=ORIENTED_EDGE('',*,*,#3669,.T.);
#2955=ORIENTED_EDGE('',*,*,#3689,.T.);
#2956=CARTESIAN_POINT('',(-6.4,0.0,6.835));
#2957=DIRECTION('',(0.0,0.0,1.0));
#2958=DIRECTION('',(1.0,0.0,0.0));
#2959=ORIENTED_EDGE('',*,*,#3690,.T.);
#2960=ORIENTED_EDGE('',*,*,#3636,.F.);
#2961=ORIENTED_EDGE('',*,*,#3691,.T.);
#2962=ORIENTED_EDGE('',*,*,#3692,.T.);
#2963=CARTESIAN_POINT('',(-6.4,0.0,6.835));
#2964=DIRECTION('',(0.0,0.0,1.0));
#2965=DIRECTION('',(1.0,0.0,0.0));
#2966=ORIENTED_EDGE('',*,*,#3693,.T.);
#2967=ORIENTED_EDGE('',*,*,#3694,.T.);
#2968=ORIENTED_EDGE('',*,*,#3207,.T.);
#2969=ORIENTED_EDGE('',*,*,#3695,.T.);
#2970=ORIENTED_EDGE('',*,*,#3696,.T.);
#2971=ORIENTED_EDGE('',*,*,#3697,.T.);
#2972=CARTESIAN_POINT('',(-6.4,0.0,6.835));
#2973=DIRECTION('',(0.0,0.0,1.0));
#2974=DIRECTION('',(1.0,0.0,0.0));
#2975=ORIENTED_EDGE('',*,*,#3672,.T.);
#2976=ORIENTED_EDGE('',*,*,#3670,.T.);
#2977=ORIENTED_EDGE('',*,*,#3667,.T.);
#2978=ORIENTED_EDGE('',*,*,#3211,.T.);
#2979=ORIENTED_EDGE('',*,*,#3686,.T.);
#2980=ORIENTED_EDGE('',*,*,#3684,.T.);
#2981=ORIENTED_EDGE('',*,*,#3682,.T.);
#2982=ORIENTED_EDGE('',*,*,#3698,.T.);
#2983=CARTESIAN_POINT('',(-6.4,0.0,6.835));
#2984=DIRECTION('',(0.0,0.0,1.0));
#2985=DIRECTION('',(1.0,0.0,0.0));
#2986=ORIENTED_EDGE('',*,*,#3699,.F.);
#2987=ORIENTED_EDGE('',*,*,#3689,.F.);
#2988=ORIENTED_EDGE('',*,*,#3665,.F.);
#2989=ORIENTED_EDGE('',*,*,#3700,.T.);
#2990=CARTESIAN_POINT('',(1.85,2.5,6.71));
#2991=DIRECTION('',(0.164398987305406,0.0,0.986393923832136));
#2992=DIRECTION('',(0.0,-1.0,0.0));
#2993=ORIENTED_EDGE('',*,*,#3700,.F.);
#2994=ORIENTED_EDGE('',*,*,#3664,.T.);
#2995=ORIENTED_EDGE('',*,*,#3662,.F.);
#2996=ORIENTED_EDGE('',*,*,#3701,.F.);
#2997=CARTESIAN_POINT('',(2.6,1.965,5.765));
#2998=DIRECTION('',(1.0,0.0,0.0));
#2999=DIRECTION('',(0.0,1.0,0.0));
#3000=ORIENTED_EDGE('',*,*,#3699,.T.);
#3001=ORIENTED_EDGE('',*,*,#3701,.T.);
#3002=ORIENTED_EDGE('',*,*,#3661,.T.);
#3003=ORIENTED_EDGE('',*,*,#3688,.F.);
#3004=CARTESIAN_POINT('',(1.85,2.91,6.3));
#3005=DIRECTION('',(0.164398987305406,0.986393923832136,0.0));
#3006=DIRECTION('',(0.0,0.0,-1.0));
#3007=ORIENTED_EDGE('',*,*,#3702,.T.);
#3008=ORIENTED_EDGE('',*,*,#3692,.F.);
#3009=ORIENTED_EDGE('',*,*,#3703,.F.);
#3010=ORIENTED_EDGE('',*,*,#3704,.T.);
#3011=CARTESIAN_POINT('',(1.85,-1.7,6.71));
#3012=DIRECTION('',(0.164398987305406,0.0,0.986393923832136));
#3013=DIRECTION('',(0.0,-1.0,0.0));
#3014=ORIENTED_EDGE('',*,*,#3704,.F.);
#3015=ORIENTED_EDGE('',*,*,#3705,.T.);
#3016=ORIENTED_EDGE('',*,*,#3706,.F.);
#3017=ORIENTED_EDGE('',*,*,#3707,.F.);
#3018=CARTESIAN_POINT('',(2.6,-2.235,5.765));
#3019=DIRECTION('',(1.0,0.0,0.0));
#3020=DIRECTION('',(0.0,1.0,0.0));
#3021=ORIENTED_EDGE('',*,*,#3702,.F.);
#3022=ORIENTED_EDGE('',*,*,#3707,.T.);
#3023=ORIENTED_EDGE('',*,*,#3708,.T.);
#3024=ORIENTED_EDGE('',*,*,#3709,.F.);
#3025=CARTESIAN_POINT('',(1.85,-1.29,6.3));
#3026=DIRECTION('',(0.164398987305406,0.986393923832136,0.0));
#3027=DIRECTION('',(0.0,0.0,-1.0));
#3028=ORIENTED_EDGE('',*,*,#3647,.T.);
#3029=ORIENTED_EDGE('',*,*,#3637,.T.);
#3030=ORIENTED_EDGE('',*,*,#3690,.F.);
#3031=ORIENTED_EDGE('',*,*,#3709,.T.);
#3032=CARTESIAN_POINT('',(2.6,-1.165,5.765));
#3033=DIRECTION('',(-0.0,1.0,0.0));
#3034=DIRECTION('',(1.0,0.0,0.0));
#3035=ORIENTED_EDGE('',*,*,#3708,.F.);
#3036=ORIENTED_EDGE('',*,*,#3706,.T.);
#3037=ORIENTED_EDGE('',*,*,#3710,.T.);
#3038=ORIENTED_EDGE('',*,*,#3648,.F.);
#3039=CARTESIAN_POINT('',(1.85,-1.7,5.89));
#3040=DIRECTION('',(0.164398987305406,0.0,-0.986393923832136));
#3041=DIRECTION('',(0.0,-1.0,0.0));
#3042=ORIENTED_EDGE('',*,*,#3710,.F.);
#3043=ORIENTED_EDGE('',*,*,#3705,.F.);
#3044=ORIENTED_EDGE('',*,*,#3703,.T.);
#3045=ORIENTED_EDGE('',*,*,#3711,.T.);
#3046=CARTESIAN_POINT('',(1.85,-2.11,6.3));
#3047=DIRECTION('',(0.164398987305406,-0.986393923832136,0.0));
#3048=DIRECTION('',(0.0,0.0,-1.0));
#3049=ORIENTED_EDGE('',*,*,#3691,.F.);
#3050=ORIENTED_EDGE('',*,*,#3635,.F.);
#3051=ORIENTED_EDGE('',*,*,#3646,.T.);
#3052=ORIENTED_EDGE('',*,*,#3711,.F.);
#3053=CARTESIAN_POINT('',(-6.285,-2.235,5.765));
#3054=DIRECTION('',(0.0,-1.0,0.0));
#3055=DIRECTION('',(0.0,0.0,-1.0));
#3056=ORIENTED_EDGE('',*,*,#3712,.F.);
#3057=ORIENTED_EDGE('',*,*,#3697,.F.);
#3058=ORIENTED_EDGE('',*,*,#3713,.F.);
#3059=ORIENTED_EDGE('',*,*,#3714,.T.);
#3060=CARTESIAN_POINT('',(-7.5,-8.25,6.71));
#3061=DIRECTION('',(0.0,-0.164398987305406,0.986393923832136));
#3062=DIRECTION('',(-1.0,0.0,0.0));
#3063=ORIENTED_EDGE('',*,*,#3714,.F.);
#3064=ORIENTED_EDGE('',*,*,#3715,.T.);
#3065=ORIENTED_EDGE('',*,*,#3716,.F.);
#3066=ORIENTED_EDGE('',*,*,#3717,.F.);
#3067=CARTESIAN_POINT('',(-8.035,-9.0,5.765));
#3068=DIRECTION('',(0.0,-1.0,0.0));
#3069=DIRECTION('',(0.0,0.0,-1.0));
#3070=ORIENTED_EDGE('',*,*,#3712,.T.);
#3071=ORIENTED_EDGE('',*,*,#3717,.T.);
#3072=ORIENTED_EDGE('',*,*,#3718,.T.);
#3073=ORIENTED_EDGE('',*,*,#3719,.F.);
#3074=CARTESIAN_POINT('',(-7.09,-8.25,6.3));
#3075=DIRECTION('',(0.986393923832136,-0.164398987305406,0.0));
#3076=DIRECTION('',(0.0,0.0,-1.0));
#3077=ORIENTED_EDGE('',*,*,#3652,.T.);
#3078=ORIENTED_EDGE('',*,*,#3720,.T.);
#3079=ORIENTED_EDGE('',*,*,#3693,.F.);
#3080=ORIENTED_EDGE('',*,*,#3719,.T.);
#3081=CARTESIAN_POINT('',(-6.965,-9.0,5.765));
#3082=DIRECTION('',(1.0,0.0,0.0));
#3083=DIRECTION('',(0.0,1.0,0.0));
#3084=ORIENTED_EDGE('',*,*,#3694,.F.);
#3085=ORIENTED_EDGE('',*,*,#3720,.F.);
#3086=ORIENTED_EDGE('',*,*,#3651,.T.);
#3087=ORIENTED_EDGE('',*,*,#3208,.T.);
#3088=CARTESIAN_POINT('',(-6.285,-2.915,5.765));
#3089=DIRECTION('',(0.0,0.0,-1.0));
#3090=DIRECTION('',(1.0,0.0,0.0));
#3091=ORIENTED_EDGE('',*,*,#3718,.F.);
#3092=ORIENTED_EDGE('',*,*,#3716,.T.);
#3093=ORIENTED_EDGE('',*,*,#3721,.T.);
#3094=ORIENTED_EDGE('',*,*,#3653,.F.);
#3095=CARTESIAN_POINT('',(-7.5,-8.25,5.89));
#3096=DIRECTION('',(0.0,-0.164398987305406,-0.986393923832136));
#3097=DIRECTION('',(0.0,-0.986393923832136,0.164398987305406));
#3098=ORIENTED_EDGE('',*,*,#3721,.F.);
#3099=ORIENTED_EDGE('',*,*,#3715,.F.);
#3100=ORIENTED_EDGE('',*,*,#3713,.T.);
#3101=ORIENTED_EDGE('',*,*,#3722,.T.);
#3102=CARTESIAN_POINT('',(-7.91,-8.25,6.3));
#3103=DIRECTION('',(-0.986393923832136,-0.164398987305406,0.0));
#3104=DIRECTION('',(-0.164398987305406,0.986393923832136,0.0));
#3105=ORIENTED_EDGE('',*,*,#3696,.F.);
#3106=ORIENTED_EDGE('',*,*,#3723,.F.);
#3107=ORIENTED_EDGE('',*,*,#3649,.T.);
#3108=ORIENTED_EDGE('',*,*,#3722,.F.);
#3109=CARTESIAN_POINT('',(-8.035,-2.915,5.765));
#3110=DIRECTION('',(-1.0,0.0,0.0));
#3111=DIRECTION('',(0.0,0.0,1.0));
#3112=ORIENTED_EDGE('',*,*,#3650,.T.);
#3113=ORIENTED_EDGE('',*,*,#3723,.T.);
#3114=ORIENTED_EDGE('',*,*,#3695,.F.);
#3115=ORIENTED_EDGE('',*,*,#3206,.F.);
#3116=CARTESIAN_POINT('',(-6.285,-2.915,5.765));
#3117=DIRECTION('',(0.0,0.0,-1.0));
#3118=DIRECTION('',(1.0,0.0,0.0));
#3119=ORIENTED_EDGE('',*,*,#3674,.F.);
#3120=ORIENTED_EDGE('',*,*,#3698,.F.);
#3121=ORIENTED_EDGE('',*,*,#3680,.F.);
#3122=ORIENTED_EDGE('',*,*,#3724,.T.);
#3123=CARTESIAN_POINT('',(-13.0,-8.25,6.71));
#3124=DIRECTION('',(0.0,-0.164398987305406,0.986393923832136));
#3125=DIRECTION('',(-1.0,0.0,0.0));
#3126=ORIENTED_EDGE('',*,*,#3724,.F.);
#3127=ORIENTED_EDGE('',*,*,#3679,.T.);
#3128=ORIENTED_EDGE('',*,*,#3677,.F.);
#3129=ORIENTED_EDGE('',*,*,#3675,.F.);
#3130=CARTESIAN_POINT('',(-13.535,-9.0,5.765));
#3131=DIRECTION('',(0.0,-1.0,0.0));
#3132=DIRECTION('',(0.0,0.0,-1.0));
#3133=ORIENTED_EDGE('',*,*,#3227,.T.);
#3134=ORIENTED_EDGE('',*,*,#3725,.T.);
#3135=ORIENTED_EDGE('',*,*,#3726,.T.);
#3136=ORIENTED_EDGE('',*,*,#3220,.F.);
#3137=CARTESIAN_POINT('',(0.0,0.0,1.7));
#3138=DIRECTION('',(0.0,0.0,1.0));
#3139=DIRECTION('',(1.0,0.0,0.0));
#3140=ORIENTED_EDGE('',*,*,#3726,.F.);
#3141=ORIENTED_EDGE('',*,*,#3727,.F.);
#3142=ORIENTED_EDGE('',*,*,#3223,.T.);
#3143=ORIENTED_EDGE('',*,*,#3221,.T.);
#3144=CARTESIAN_POINT('',(3.35,6.4,-1.7));
#3145=DIRECTION('',(-1.0,0.0,0.0));
#3146=DIRECTION('',(0.0,0.0,1.0));
#3147=ORIENTED_EDGE('',*,*,#3727,.T.);
#3148=ORIENTED_EDGE('',*,*,#3725,.F.);
#3149=ORIENTED_EDGE('',*,*,#3226,.F.);
#3150=ORIENTED_EDGE('',*,*,#3224,.T.);
#3151=CARTESIAN_POINT('',(4.05,6.4,-1.7));
#3152=DIRECTION('',(-0.0,1.0,0.0));
#3153=DIRECTION('',(1.0,0.0,0.0));
#3154=AXIS2_PLACEMENT_3D('',#3728,#3729,#3730);
#3155=AXIS2_PLACEMENT_3D('',#3731,#3732,#3733);
#3156=AXIS2_PLACEMENT_3D('',#3734,#3735,#3736);
#3157=AXIS2_PLACEMENT_3D('',#3737,#3738,#3739);
#3158=AXIS2_PLACEMENT_3D('',#3740,#3741,#3742);
#3159=AXIS2_PLACEMENT_3D('',#3743,#3744,#3745);
#3160=AXIS2_PLACEMENT_3D('',#3746,#3747,#3748);
#3161=AXIS2_PLACEMENT_3D('',#3749,#3750,#3751);
#3162=AXIS2_PLACEMENT_3D('',#3752,#3753,#3754);
#3163=AXIS2_PLACEMENT_3D('',#3755,#3756,#3757);
#3164=AXIS2_PLACEMENT_3D('',#3758,#3759,#3760);
#3165=AXIS2_PLACEMENT_3D('',#3761,#3762,#3763);
#3166=AXIS2_PLACEMENT_3D('',#3764,#3765,#3766);
#3167=AXIS2_PLACEMENT_3D('',#3767,#3768,#3769);
#3168=AXIS2_PLACEMENT_3D('',#3770,#3771,#3772);
#3169=AXIS2_PLACEMENT_3D('',#3773,#3774,#3775);
#3170=EDGE_CURVE('',#3776,#3777,#3778,.T.);
#3171=EDGE_CURVE('',#3779,#3776,#3780,.T.);
#3172=EDGE_CURVE('',#3781,#3779,#3782,.T.);
#3173=EDGE_CURVE('',#3781,#3777,#3783,.T.);
#3174=EDGE_CURVE('',#3784,#3785,#3786,.T.);
#3175=EDGE_CURVE('',#3787,#3784,#3788,.T.);
#3176=EDGE_CURVE('',#3789,#3787,#3790,.T.);
#3177=EDGE_CURVE('',#3791,#3789,#3792,.T.);
#3178=EDGE_CURVE('',#3793,#3791,#3794,.T.);
#3179=EDGE_CURVE('',#3795,#3793,#3796,.T.);
#3180=EDGE_CURVE('',#3797,#3795,#3798,.T.);
#3181=EDGE_CURVE('',#3785,#3797,#3799,.T.);
#3182=EDGE_CURVE('',#3800,#3801,#3802,.T.);
#3183=EDGE_CURVE('',#3803,#3801,#3804,.T.);
#3184=EDGE_CURVE('',#3805,#3803,#3806,.T.);
#3185=EDGE_CURVE('',#3805,#3800,#3807,.T.);
#3186=EDGE_CURVE('',#3808,#3809,#3810,.T.);
#3187=EDGE_CURVE('',#3811,#3809,#3812,.T.);
#3188=EDGE_CURVE('',#3813,#3811,#3814,.T.);
#3189=EDGE_CURVE('',#3813,#3808,#3815,.T.);
#3190=EDGE_CURVE('',#3816,#3817,#3818,.T.);
#3191=EDGE_CURVE('',#3819,#3817,#3820,.T.);
#3192=EDGE_CURVE('',#3821,#3819,#3822,.T.);
#3193=EDGE_CURVE('',#3821,#3816,#3823,.T.);
#3194=EDGE_CURVE('',#3824,#3825,#3826,.T.);
#3195=EDGE_CURVE('',#3827,#3825,#3828,.T.);
#3196=EDGE_CURVE('',#3829,#3827,#3830,.T.);
#3197=EDGE_CURVE('',#3829,#3824,#3831,.T.);
#3198=EDGE_CURVE('',#3832,#3833,#3834,.T.);
#3199=EDGE_CURVE('',#3835,#3833,#3836,.T.);
#3200=EDGE_CURVE('',#3837,#3835,#3838,.T.);
#3201=EDGE_CURVE('',#3837,#3832,#3839,.T.);
#3202=EDGE_CURVE('',#3840,#3841,#3842,.T.);
#3203=EDGE_CURVE('',#3843,#3841,#3844,.T.);
#3204=EDGE_CURVE('',#3845,#3843,#3846,.T.);
#3205=EDGE_CURVE('',#3845,#3840,#3847,.T.);
#3206=EDGE_CURVE('',#3848,#3849,#3850,.T.);
#3207=EDGE_CURVE('',#3851,#3849,#3852,.T.);
#3208=EDGE_CURVE('',#3853,#3851,#3854,.T.);
#3209=EDGE_CURVE('',#3853,#3848,#3855,.T.);
#3210=EDGE_CURVE('',#3856,#3857,#3858,.T.);
#3211=EDGE_CURVE('',#3859,#3857,#3860,.T.);
#3212=EDGE_CURVE('',#3861,#3859,#3862,.T.);
#3213=EDGE_CURVE('',#3861,#3856,#3863,.T.);
#3214=EDGE_CURVE('',#3797,#3864,#3865,.T.);
#3215=EDGE_CURVE('',#3866,#3864,#3867,.T.);
#3216=EDGE_CURVE('',#3785,#3866,#3868,.T.);
#3217=EDGE_CURVE('',#3869,#3870,#3871,.T.);
#3218=EDGE_CURVE('',#3784,#3869,#3872,.T.);
#3219=EDGE_CURVE('',#3873,#3866,#3874,.T.);
#3220=EDGE_CURVE('',#3873,#3875,#3876,.T.);
#3221=EDGE_CURVE('',#3877,#3875,#3878,.T.);
#3222=EDGE_CURVE('',#3870,#3877,#3879,.T.);
#3223=EDGE_CURVE('',#3880,#3877,#3881,.T.);
#3224=EDGE_CURVE('',#3882,#3880,#3883,.T.);
#3225=EDGE_CURVE('',#3870,#3882,#3884,.T.);
#3226=EDGE_CURVE('',#3882,#3885,#3886,.T.);
#3227=EDGE_CURVE('',#3873,#3885,#3887,.T.);
#3228=EDGE_CURVE('',#3870,#3873,#3888,.T.);
#3229=EDGE_CURVE('',#3864,#3889,#3890,.T.);
#3230=EDGE_CURVE('',#3889,#3891,#3892,.T.);
#3231=EDGE_CURVE('',#3891,#3893,#3894,.T.);
#3232=EDGE_CURVE('',#3893,#3895,#3896,.T.);
#3233=EDGE_CURVE('',#3895,#3897,#3898,.T.);
#3234=EDGE_CURVE('',#3897,#3899,#3900,.T.);
#3235=EDGE_CURVE('',#3777,#3899,#3901,.T.);
#3236=EDGE_CURVE('',#3781,#3869,#3902,.T.);
#3237=EDGE_CURVE('',#3903,#3904,#3905,.T.);
#3238=EDGE_CURVE('',#3906,#3903,#3907,.T.);
#3239=EDGE_CURVE('',#3908,#3906,#3909,.T.);
#3240=EDGE_CURVE('',#3910,#3908,#3911,.T.);
#3241=EDGE_CURVE('',#3912,#3910,#3913,.T.);
#3242=EDGE_CURVE('',#3904,#3912,#3914,.T.);
#3243=EDGE_CURVE('',#3915,#3916,#3917,.T.);
#3244=EDGE_CURVE('',#3918,#3915,#3919,.T.);
#3245=EDGE_CURVE('',#3920,#3918,#3921,.T.);
#3246=EDGE_CURVE('',#3916,#3920,#3922,.T.);
#3247=EDGE_CURVE('',#3923,#3924,#3925,.T.);
#3248=EDGE_CURVE('',#3926,#3923,#3927,.T.);
#3249=EDGE_CURVE('',#3928,#3926,#3929,.T.);
#3250=EDGE_CURVE('',#3924,#3928,#3930,.T.);
#3251=EDGE_CURVE('',#3931,#3932,#3933,.T.);
#3252=EDGE_CURVE('',#3934,#3931,#3935,.T.);
#3253=EDGE_CURVE('',#3936,#3934,#3937,.T.);
#3254=EDGE_CURVE('',#3938,#3936,#3939,.T.);
#3255=EDGE_CURVE('',#3940,#3938,#3941,.T.);
#3256=EDGE_CURVE('',#3932,#3940,#3942,.T.);
#3257=EDGE_CURVE('',#3943,#3944,#3945,.T.);
#3258=EDGE_CURVE('',#3946,#3943,#3947,.T.);
#3259=EDGE_CURVE('',#3948,#3946,#3949,.T.);
#3260=EDGE_CURVE('',#3944,#3948,#3950,.T.);
#3261=EDGE_CURVE('',#3951,#3952,#3953,.T.);
#3262=EDGE_CURVE('',#3954,#3951,#3955,.T.);
#3263=EDGE_CURVE('',#3956,#3954,#3957,.T.);
#3264=EDGE_CURVE('',#3958,#3956,#3959,.T.);
#3265=EDGE_CURVE('',#3960,#3958,#3961,.T.);
#3266=EDGE_CURVE('',#3952,#3960,#3962,.T.);
#3267=EDGE_CURVE('',#3963,#3964,#3965,.T.);
#3268=EDGE_CURVE('',#3966,#3963,#3967,.T.);
#3269=EDGE_CURVE('',#3968,#3966,#3969,.T.);
#3270=EDGE_CURVE('',#3970,#3968,#3971,.T.);
#3271=EDGE_CURVE('',#3972,#3970,#3973,.T.);
#3272=EDGE_CURVE('',#3964,#3972,#3974,.T.);
#3273=EDGE_CURVE('',#3975,#3976,#3977,.T.);
#3274=EDGE_CURVE('',#3978,#3975,#3979,.T.);
#3275=EDGE_CURVE('',#3980,#3978,#3981,.T.);
#3276=EDGE_CURVE('',#3976,#3980,#3982,.T.);
#3277=EDGE_CURVE('',#3899,#3983,#3984,.T.);
#3278=EDGE_CURVE('',#3787,#3897,#3985,.T.);
#3279=EDGE_CURVE('',#3983,#3779,#3986,.T.);
#3280=EDGE_CURVE('',#3776,#3983,#3987,.T.);
#3281=EDGE_CURVE('',#3789,#3895,#3988,.T.);
#3282=EDGE_CURVE('',#3791,#3893,#3989,.T.);
#3283=EDGE_CURVE('',#3793,#3891,#3990,.T.);
#3284=EDGE_CURVE('',#3795,#3889,#3991,.T.);
#3285=EDGE_CURVE('',#3912,#3992,#3993,.T.);
#3286=EDGE_CURVE('',#3994,#3992,#3995,.T.);
#3287=EDGE_CURVE('',#3904,#3994,#3996,.T.);
#3288=EDGE_CURVE('',#3997,#3994,#3998,.T.);
#3289=EDGE_CURVE('',#3903,#3997,#3999,.T.);
#3290=EDGE_CURVE('',#4000,#3997,#4001,.T.);
#3291=EDGE_CURVE('',#3906,#4000,#4002,.T.);
#3292=EDGE_CURVE('',#4003,#4000,#4004,.T.);
#3293=EDGE_CURVE('',#3908,#4003,#4005,.T.);
#3294=EDGE_CURVE('',#4006,#4003,#4007,.T.);
#3295=EDGE_CURVE('',#3910,#4006,#4008,.T.);
#3296=EDGE_CURVE('',#3992,#4006,#4009,.T.);
#3297=EDGE_CURVE('',#4010,#4011,#4012,.T.);
#3298=EDGE_CURVE('',#4011,#4013,#4014,.T.);
#3299=EDGE_CURVE('',#4015,#4013,#4016,.T.);
#3300=EDGE_CURVE('',#4010,#4015,#4017,.T.);
#3301=EDGE_CURVE('',#4018,#4019,#4020,.T.);
#3302=EDGE_CURVE('',#4019,#4021,#4022,.T.);
#3303=EDGE_CURVE('',#4021,#4023,#4024,.T.);
#3304=EDGE_CURVE('',#4023,#4018,#4025,.T.);
#3305=EDGE_CURVE('',#4026,#4027,#4028,.T.);
#3306=EDGE_CURVE('',#4027,#4029,#4030,.T.);
#3307=EDGE_CURVE('',#4031,#4029,#4032,.T.);
#3308=EDGE_CURVE('',#4026,#4031,#4033,.T.);
#3309=EDGE_CURVE('',#3920,#4018,#4034,.T.);
#3310=EDGE_CURVE('',#3916,#4023,#4035,.T.);
#3311=EDGE_CURVE('',#3915,#4021,#4036,.T.);
#3312=EDGE_CURVE('',#3918,#4019,#4037,.T.);
#3313=EDGE_CURVE('',#4010,#4038,#4039,.T.);
#3314=EDGE_CURVE('',#4040,#4015,#4041,.T.);
#3315=EDGE_CURVE('',#4040,#4038,#4042,.T.);
#3316=EDGE_CURVE('',#4026,#4043,#4044,.T.);
#3317=EDGE_CURVE('',#4045,#4031,#4046,.T.);
#3318=EDGE_CURVE('',#4045,#4043,#4047,.T.);
#3319=EDGE_CURVE('',#4048,#4049,#4050,.T.);
#3320=EDGE_CURVE('',#3800,#4048,#4051,.T.);
#3321=EDGE_CURVE('',#4052,#3805,#4053,.T.);
#3322=EDGE_CURVE('',#4054,#4052,#4055,.T.);
#3323=EDGE_CURVE('',#4054,#4049,#4056,.T.);
#3324=EDGE_CURVE('',#4057,#4058,#4059,.T.);
#3325=EDGE_CURVE('',#4060,#4057,#4061,.T.);
#3326=EDGE_CURVE('',#3808,#4060,#4062,.T.);
#3327=EDGE_CURVE('',#4063,#3813,#4064,.T.);
#3328=EDGE_CURVE('',#4065,#4063,#4066,.T.);
#3329=EDGE_CURVE('',#4067,#4065,#4068,.T.);
#3330=EDGE_CURVE('',#4067,#4058,#4069,.T.);
#3331=EDGE_CURVE('',#4070,#4040,#4071,.T.);
#3332=EDGE_CURVE('',#4070,#4072,#4073,.T.);
#3333=EDGE_CURVE('',#4072,#4038,#4074,.T.);
#3334=EDGE_CURVE('',#4075,#4072,#4076,.T.);
#3335=EDGE_CURVE('',#4075,#4077,#4078,.T.);
#3336=EDGE_CURVE('',#4077,#4038,#4079,.T.);
#3337=EDGE_CURVE('',#4080,#3811,#4081,.T.);
#3338=EDGE_CURVE('',#4063,#4080,#4082,.T.);
#3339=EDGE_CURVE('',#4011,#4077,#4083,.T.);
#3340=EDGE_CURVE('',#4084,#4080,#4085,.T.);
#3341=EDGE_CURVE('',#4065,#4084,#4086,.T.);
#3342=EDGE_CURVE('',#4087,#4084,#4088,.T.);
#3343=EDGE_CURVE('',#4087,#4067,#4089,.T.);
#3344=EDGE_CURVE('',#4087,#4090,#4091,.T.);
#3345=EDGE_CURVE('',#4090,#4092,#4093,.T.);
#3346=EDGE_CURVE('',#4092,#4067,#4094,.T.);
#3347=EDGE_CURVE('',#4092,#4095,#4096,.T.);
#3348=EDGE_CURVE('',#4095,#4058,#4097,.T.);
#3349=EDGE_CURVE('',#4098,#4095,#4099,.T.);
#3350=EDGE_CURVE('',#4098,#4100,#4101,.T.);
#3351=EDGE_CURVE('',#4100,#4058,#4102,.T.);
#3352=EDGE_CURVE('',#4103,#4100,#4104,.T.);
#3353=EDGE_CURVE('',#4057,#4103,#4105,.T.);
#3354=EDGE_CURVE('',#4106,#4103,#4107,.T.);
#3355=EDGE_CURVE('',#4060,#4106,#4108,.T.);
#3356=EDGE_CURVE('',#3809,#4106,#4109,.T.);
#3357=EDGE_CURVE('',#4110,#4013,#4111,.T.);
#3358=EDGE_CURVE('',#4110,#4040,#4112,.T.);
#3359=EDGE_CURVE('',#4077,#4110,#4113,.T.);
#3360=EDGE_CURVE('',#4114,#4029,#4115,.T.);
#3361=EDGE_CURVE('',#4027,#4116,#4117,.T.);
#3362=EDGE_CURVE('',#4116,#4114,#4118,.T.);
#3363=EDGE_CURVE('',#4119,#4120,#4121,.T.);
#3364=EDGE_CURVE('',#4120,#3803,#4122,.T.);
#3365=EDGE_CURVE('',#3801,#4123,#4124,.T.);
#3366=EDGE_CURVE('',#4123,#4125,#4126,.T.);
#3367=EDGE_CURVE('',#4125,#4119,#4127,.T.);
#3368=EDGE_CURVE('',#4100,#4087,#4128,.T.);
#3369=EDGE_CURVE('',#4110,#4129,#4130,.T.);
#3370=EDGE_CURVE('',#4075,#4129,#4131,.T.);
#3371=EDGE_CURVE('',#4129,#4070,#4132,.T.);
#3372=EDGE_CURVE('',#4133,#4114,#4134,.T.);
#3373=EDGE_CURVE('',#4135,#4116,#4136,.T.);
#3374=EDGE_CURVE('',#4135,#4133,#4137,.T.);
#3375=EDGE_CURVE('',#4135,#4138,#4139,.T.);
#3376=EDGE_CURVE('',#4140,#4138,#4141,.T.);
#3377=EDGE_CURVE('',#4133,#4140,#4142,.T.);
#3378=EDGE_CURVE('',#4140,#4045,#4143,.T.);
#3379=EDGE_CURVE('',#4114,#4045,#4144,.T.);
#3380=EDGE_CURVE('',#4138,#4043,#4145,.T.);
#3381=EDGE_CURVE('',#4116,#4043,#4146,.T.);
#3382=EDGE_CURVE('',#4119,#4147,#4148,.T.);
#3383=EDGE_CURVE('',#4149,#4125,#4150,.T.);
#3384=EDGE_CURVE('',#4149,#4147,#4151,.T.);
#3385=EDGE_CURVE('',#4149,#4152,#4153,.T.);
#3386=EDGE_CURVE('',#4154,#4152,#4155,.T.);
#3387=EDGE_CURVE('',#4147,#4154,#4156,.T.);
#3388=EDGE_CURVE('',#4154,#4054,#4157,.T.);
#3389=EDGE_CURVE('',#4119,#4054,#4158,.T.);
#3390=EDGE_CURVE('',#4052,#4120,#4159,.T.);
#3391=EDGE_CURVE('',#4152,#4049,#4160,.T.);
#3392=EDGE_CURVE('',#4125,#4049,#4161,.T.);
#3393=EDGE_CURVE('',#4048,#4123,#4162,.T.);
#3394=EDGE_CURVE('',#4098,#4090,#4163,.T.);
#3395=EDGE_CURVE('',#3928,#4164,#4165,.T.);
#3396=EDGE_CURVE('',#4166,#4164,#4167,.T.);
#3397=EDGE_CURVE('',#3924,#4166,#4168,.T.);
#3398=EDGE_CURVE('',#4169,#4166,#4170,.T.);
#3399=EDGE_CURVE('',#3923,#4169,#4171,.T.);
#3400=EDGE_CURVE('',#4172,#4169,#4173,.T.);
#3401=EDGE_CURVE('',#3926,#4172,#4174,.T.);
#3402=EDGE_CURVE('',#4164,#4172,#4175,.T.);
#3403=EDGE_CURVE('',#4176,#4177,#4178,.T.);
#3404=EDGE_CURVE('',#4177,#4179,#4180,.T.);
#3405=EDGE_CURVE('',#4181,#4179,#4182,.T.);
#3406=EDGE_CURVE('',#4176,#4181,#4183,.T.);
#3407=EDGE_CURVE('',#4184,#4185,#4186,.T.);
#3408=EDGE_CURVE('',#4185,#4187,#4188,.T.);
#3409=EDGE_CURVE('',#4187,#4189,#4190,.T.);
#3410=EDGE_CURVE('',#4189,#4191,#4192,.T.);
#3411=EDGE_CURVE('',#4191,#4193,#4194,.T.);
#3412=EDGE_CURVE('',#4193,#4184,#4195,.T.);
#3413=EDGE_CURVE('',#4196,#4197,#4198,.T.);
#3414=EDGE_CURVE('',#4197,#4199,#4200,.T.);
#3415=EDGE_CURVE('',#4201,#4199,#4202,.T.);
#3416=EDGE_CURVE('',#4196,#4201,#4203,.T.);
#3417=EDGE_CURVE('',#3940,#4184,#4204,.T.);
#3418=EDGE_CURVE('',#3932,#4193,#4205,.T.);
#3419=EDGE_CURVE('',#3931,#4191,#4206,.T.);
#3420=EDGE_CURVE('',#3934,#4189,#4207,.T.);
#3421=EDGE_CURVE('',#3936,#4187,#4208,.T.);
#3422=EDGE_CURVE('',#3938,#4185,#4209,.T.);
#3423=EDGE_CURVE('',#4176,#4210,#4211,.T.);
#3424=EDGE_CURVE('',#4212,#4181,#4213,.T.);
#3425=EDGE_CURVE('',#4212,#4210,#4214,.T.);
#3426=EDGE_CURVE('',#4196,#4215,#4216,.T.);
#3427=EDGE_CURVE('',#4217,#4201,#4218,.T.);
#3428=EDGE_CURVE('',#4217,#4215,#4219,.T.);
#3429=EDGE_CURVE('',#4220,#4221,#4222,.T.);
#3430=EDGE_CURVE('',#3816,#4220,#4223,.T.);
#3431=EDGE_CURVE('',#4224,#3821,#4225,.T.);
#3432=EDGE_CURVE('',#4226,#4224,#4227,.T.);
#3433=EDGE_CURVE('',#4226,#4221,#4228,.T.);
#3434=EDGE_CURVE('',#4229,#4230,#4231,.T.);
#3435=EDGE_CURVE('',#4232,#4229,#4233,.T.);
#3436=EDGE_CURVE('',#3824,#4232,#4234,.T.);
#3437=EDGE_CURVE('',#4235,#3829,#4236,.T.);
#3438=EDGE_CURVE('',#4237,#4235,#4238,.T.);
#3439=EDGE_CURVE('',#4239,#4237,#4240,.T.);
#3440=EDGE_CURVE('',#4239,#4230,#4241,.T.);
#3441=EDGE_CURVE('',#4242,#4212,#4243,.T.);
#3442=EDGE_CURVE('',#4242,#4244,#4245,.T.);
#3443=EDGE_CURVE('',#4244,#4210,#4246,.T.);
#3444=EDGE_CURVE('',#4247,#4244,#4248,.T.);
#3445=EDGE_CURVE('',#4247,#4249,#4250,.T.);
#3446=EDGE_CURVE('',#4249,#4210,#4251,.T.);
#3447=EDGE_CURVE('',#4252,#3827,#4253,.T.);
#3448=EDGE_CURVE('',#4235,#4252,#4254,.T.);
#3449=EDGE_CURVE('',#4177,#4249,#4255,.T.);
#3450=EDGE_CURVE('',#4256,#4252,#4257,.T.);
#3451=EDGE_CURVE('',#4237,#4256,#4258,.T.);
#3452=EDGE_CURVE('',#4259,#4256,#4260,.T.);
#3453=EDGE_CURVE('',#4259,#4239,#4261,.T.);
#3454=EDGE_CURVE('',#4259,#4262,#4263,.T.);
#3455=EDGE_CURVE('',#4262,#4264,#4265,.T.);
#3456=EDGE_CURVE('',#4264,#4239,#4266,.T.);
#3457=EDGE_CURVE('',#4264,#4267,#4268,.T.);
#3458=EDGE_CURVE('',#4267,#4230,#4269,.T.);
#3459=EDGE_CURVE('',#4270,#4267,#4271,.T.);
#3460=EDGE_CURVE('',#4270,#4272,#4273,.T.);
#3461=EDGE_CURVE('',#4272,#4230,#4274,.T.);
#3462=EDGE_CURVE('',#4275,#4272,#4276,.T.);
#3463=EDGE_CURVE('',#4229,#4275,#4277,.T.);
#3464=EDGE_CURVE('',#4278,#4275,#4279,.T.);
#3465=EDGE_CURVE('',#4232,#4278,#4280,.T.);
#3466=EDGE_CURVE('',#3825,#4278,#4281,.T.);
#3467=EDGE_CURVE('',#4282,#4179,#4283,.T.);
#3468=EDGE_CURVE('',#4282,#4212,#4284,.T.);
#3469=EDGE_CURVE('',#4249,#4282,#4285,.T.);
#3470=EDGE_CURVE('',#4286,#4199,#4287,.T.);
#3471=EDGE_CURVE('',#4197,#4288,#4289,.T.);
#3472=EDGE_CURVE('',#4288,#4286,#4290,.T.);
#3473=EDGE_CURVE('',#4291,#4292,#4293,.T.);
#3474=EDGE_CURVE('',#4292,#3819,#4294,.T.);
#3475=EDGE_CURVE('',#3817,#4295,#4296,.T.);
#3476=EDGE_CURVE('',#4295,#4297,#4298,.T.);
#3477=EDGE_CURVE('',#4297,#4291,#4299,.T.);
#3478=EDGE_CURVE('',#4272,#4259,#4300,.T.);
#3479=EDGE_CURVE('',#4282,#4301,#4302,.T.);
#3480=EDGE_CURVE('',#4247,#4301,#4303,.T.);
#3481=EDGE_CURVE('',#4301,#4242,#4304,.T.);
#3482=EDGE_CURVE('',#4305,#4286,#4306,.T.);
#3483=EDGE_CURVE('',#4307,#4288,#4308,.T.);
#3484=EDGE_CURVE('',#4307,#4305,#4309,.T.);
#3485=EDGE_CURVE('',#4307,#4310,#4311,.T.);
#3486=EDGE_CURVE('',#4312,#4310,#4313,.T.);
#3487=EDGE_CURVE('',#4305,#4312,#4314,.T.);
#3488=EDGE_CURVE('',#4312,#4217,#4315,.T.);
#3489=EDGE_CURVE('',#4286,#4217,#4316,.T.);
#3490=EDGE_CURVE('',#4310,#4215,#4317,.T.);
#3491=EDGE_CURVE('',#4288,#4215,#4318,.T.);
#3492=EDGE_CURVE('',#4291,#4319,#4320,.T.);
#3493=EDGE_CURVE('',#4321,#4297,#4322,.T.);
#3494=EDGE_CURVE('',#4321,#4319,#4323,.T.);
#3495=EDGE_CURVE('',#4321,#4324,#4325,.T.);
#3496=EDGE_CURVE('',#4326,#4324,#4327,.T.);
#3497=EDGE_CURVE('',#4319,#4326,#4328,.T.);
#3498=EDGE_CURVE('',#4326,#4226,#4329,.T.);
#3499=EDGE_CURVE('',#4291,#4226,#4330,.T.);
#3500=EDGE_CURVE('',#4224,#4292,#4331,.T.);
#3501=EDGE_CURVE('',#4324,#4221,#4332,.T.);
#3502=EDGE_CURVE('',#4297,#4221,#4333,.T.);
#3503=EDGE_CURVE('',#4220,#4295,#4334,.T.);
#3504=EDGE_CURVE('',#4270,#4262,#4335,.T.);
#3505=EDGE_CURVE('',#3948,#4336,#4337,.T.);
#3506=EDGE_CURVE('',#4338,#4336,#4339,.T.);
#3507=EDGE_CURVE('',#3944,#4338,#4340,.T.);
#3508=EDGE_CURVE('',#4341,#4338,#4342,.T.);
#3509=EDGE_CURVE('',#3943,#4341,#4343,.T.);
#3510=EDGE_CURVE('',#4344,#4341,#4345,.T.);
#3511=EDGE_CURVE('',#3946,#4344,#4346,.T.);
#3512=EDGE_CURVE('',#4336,#4344,#4347,.T.);
#3513=EDGE_CURVE('',#4348,#4349,#4350,.T.);
#3514=EDGE_CURVE('',#4349,#4351,#4352,.T.);
#3515=EDGE_CURVE('',#4353,#4351,#4354,.T.);
#3516=EDGE_CURVE('',#4348,#4353,#4355,.T.);
#3517=EDGE_CURVE('',#4356,#4357,#4358,.T.);
#3518=EDGE_CURVE('',#4357,#4359,#4360,.T.);
#3519=EDGE_CURVE('',#4359,#4361,#4362,.T.);
#3520=EDGE_CURVE('',#4361,#4363,#4364,.T.);
#3521=EDGE_CURVE('',#4363,#4365,#4366,.T.);
#3522=EDGE_CURVE('',#4365,#4356,#4367,.T.);
#3523=EDGE_CURVE('',#4368,#4369,#4370,.T.);
#3524=EDGE_CURVE('',#4369,#4371,#4372,.T.);
#3525=EDGE_CURVE('',#4373,#4371,#4374,.T.);
#3526=EDGE_CURVE('',#4368,#4373,#4375,.T.);
#3527=EDGE_CURVE('',#3960,#4356,#4376,.T.);
#3528=EDGE_CURVE('',#3952,#4365,#4377,.T.);
#3529=EDGE_CURVE('',#3951,#4363,#4378,.T.);
#3530=EDGE_CURVE('',#3954,#4361,#4379,.T.);
#3531=EDGE_CURVE('',#3956,#4359,#4380,.T.);
#3532=EDGE_CURVE('',#3958,#4357,#4381,.T.);
#3533=EDGE_CURVE('',#4348,#4382,#4383,.T.);
#3534=EDGE_CURVE('',#4384,#4353,#4385,.T.);
#3535=EDGE_CURVE('',#4384,#4382,#4386,.T.);
#3536=EDGE_CURVE('',#4368,#4387,#4388,.T.);
#3537=EDGE_CURVE('',#4389,#4373,#4390,.T.);
#3538=EDGE_CURVE('',#4389,#4387,#4391,.T.);
#3539=EDGE_CURVE('',#4392,#4393,#4394,.T.);
#3540=EDGE_CURVE('',#3832,#4392,#4395,.T.);
#3541=EDGE_CURVE('',#4396,#3837,#4397,.T.);
#3542=EDGE_CURVE('',#4398,#4396,#4399,.T.);
#3543=EDGE_CURVE('',#4398,#4393,#4400,.T.);
#3544=EDGE_CURVE('',#4401,#4402,#4403,.T.);
#3545=EDGE_CURVE('',#4404,#4401,#4405,.T.);
#3546=EDGE_CURVE('',#3840,#4404,#4406,.T.);
#3547=EDGE_CURVE('',#4407,#3845,#4408,.T.);
#3548=EDGE_CURVE('',#4409,#4407,#4410,.T.);
#3549=EDGE_CURVE('',#4411,#4409,#4412,.T.);
#3550=EDGE_CURVE('',#4411,#4402,#4413,.T.);
#3551=EDGE_CURVE('',#4414,#4384,#4415,.T.);
#3552=EDGE_CURVE('',#4414,#4416,#4417,.T.);
#3553=EDGE_CURVE('',#4416,#4382,#4418,.T.);
#3554=EDGE_CURVE('',#4419,#4416,#4420,.T.);
#3555=EDGE_CURVE('',#4419,#4421,#4422,.T.);
#3556=EDGE_CURVE('',#4421,#4382,#4423,.T.);
#3557=EDGE_CURVE('',#4424,#3843,#4425,.T.);
#3558=EDGE_CURVE('',#4407,#4424,#4426,.T.);
#3559=EDGE_CURVE('',#4349,#4421,#4427,.T.);
#3560=EDGE_CURVE('',#4428,#4424,#4429,.T.);
#3561=EDGE_CURVE('',#4409,#4428,#4430,.T.);
#3562=EDGE_CURVE('',#4431,#4428,#4432,.T.);
#3563=EDGE_CURVE('',#4431,#4411,#4433,.T.);
#3564=EDGE_CURVE('',#4431,#4434,#4435,.T.);
#3565=EDGE_CURVE('',#4434,#4436,#4437,.T.);
#3566=EDGE_CURVE('',#4436,#4411,#4438,.T.);
#3567=EDGE_CURVE('',#4436,#4439,#4440,.T.);
#3568=EDGE_CURVE('',#4439,#4402,#4441,.T.);
#3569=EDGE_CURVE('',#4442,#4439,#4443,.T.);
#3570=EDGE_CURVE('',#4442,#4444,#4445,.T.);
#3571=EDGE_CURVE('',#4444,#4402,#4446,.T.);
#3572=EDGE_CURVE('',#4447,#4444,#4448,.T.);
#3573=EDGE_CURVE('',#4401,#4447,#4449,.T.);
#3574=EDGE_CURVE('',#4450,#4447,#4451,.T.);
#3575=EDGE_CURVE('',#4404,#4450,#4452,.T.);
#3576=EDGE_CURVE('',#3841,#4450,#4453,.T.);
#3577=EDGE_CURVE('',#4454,#4351,#4455,.T.);
#3578=EDGE_CURVE('',#4454,#4384,#4456,.T.);
#3579=EDGE_CURVE('',#4421,#4454,#4457,.T.);
#3580=EDGE_CURVE('',#4458,#4371,#4459,.T.);
#3581=EDGE_CURVE('',#4369,#4460,#4461,.T.);
#3582=EDGE_CURVE('',#4460,#4458,#4462,.T.);
#3583=EDGE_CURVE('',#4463,#4464,#4465,.T.);
#3584=EDGE_CURVE('',#4464,#3835,#4466,.T.);
#3585=EDGE_CURVE('',#3833,#4467,#4468,.T.);
#3586=EDGE_CURVE('',#4467,#4469,#4470,.T.);
#3587=EDGE_CURVE('',#4469,#4463,#4471,.T.);
#3588=EDGE_CURVE('',#4444,#4431,#4472,.T.);
#3589=EDGE_CURVE('',#4454,#4473,#4474,.T.);
#3590=EDGE_CURVE('',#4419,#4473,#4475,.T.);
#3591=EDGE_CURVE('',#4473,#4414,#4476,.T.);
#3592=EDGE_CURVE('',#4477,#4458,#4478,.T.);
#3593=EDGE_CURVE('',#4479,#4460,#4480,.T.);
#3594=EDGE_CURVE('',#4479,#4477,#4481,.T.);
#3595=EDGE_CURVE('',#4479,#4482,#4483,.T.);
#3596=EDGE_CURVE('',#4484,#4482,#4485,.T.);
#3597=EDGE_CURVE('',#4477,#4484,#4486,.T.);
#3598=EDGE_CURVE('',#4484,#4389,#4487,.T.);
#3599=EDGE_CURVE('',#4458,#4389,#4488,.T.);
#3600=EDGE_CURVE('',#4482,#4387,#4489,.T.);
#3601=EDGE_CURVE('',#4460,#4387,#4490,.T.);
#3602=EDGE_CURVE('',#4463,#4491,#4492,.T.);
#3603=EDGE_CURVE('',#4493,#4469,#4494,.T.);
#3604=EDGE_CURVE('',#4493,#4491,#4495,.T.);
#3605=EDGE_CURVE('',#4493,#4496,#4497,.T.);
#3606=EDGE_CURVE('',#4498,#4496,#4499,.T.);
#3607=EDGE_CURVE('',#4491,#4498,#4500,.T.);
#3608=EDGE_CURVE('',#4498,#4398,#4501,.T.);
#3609=EDGE_CURVE('',#4463,#4398,#4502,.T.);
#3610=EDGE_CURVE('',#4396,#4464,#4503,.T.);
#3611=EDGE_CURVE('',#4496,#4393,#4504,.T.);
#3612=EDGE_CURVE('',#4469,#4393,#4505,.T.);
#3613=EDGE_CURVE('',#4392,#4467,#4506,.T.);
#3614=EDGE_CURVE('',#4442,#4434,#4507,.T.);
#3615=EDGE_CURVE('',#3972,#4508,#4509,.T.);
#3616=EDGE_CURVE('',#4510,#4508,#4511,.T.);
#3617=EDGE_CURVE('',#3964,#4510,#4512,.T.);
#3618=EDGE_CURVE('',#4513,#4510,#4514,.T.);
#3619=EDGE_CURVE('',#3963,#4513,#4515,.T.);
#3620=EDGE_CURVE('',#4516,#4513,#4517,.T.);
#3621=EDGE_CURVE('',#3966,#4516,#4518,.T.);
#3622=EDGE_CURVE('',#4519,#4516,#4520,.T.);
#3623=EDGE_CURVE('',#3968,#4519,#4521,.T.);
#3624=EDGE_CURVE('',#4522,#4519,#4523,.T.);
#3625=EDGE_CURVE('',#3970,#4522,#4524,.T.);
#3626=EDGE_CURVE('',#4508,#4522,#4525,.T.);
#3627=EDGE_CURVE('',#4526,#4527,#4528,.T.);
#3628=EDGE_CURVE('',#4527,#4529,#4530,.T.);
#3629=EDGE_CURVE('',#4531,#4529,#4532,.T.);
#3630=EDGE_CURVE('',#4526,#4531,#4533,.T.);
#3631=EDGE_CURVE('',#4534,#4535,#4536,.T.);
#3632=EDGE_CURVE('',#4535,#4537,#4538,.T.);
#3633=EDGE_CURVE('',#4537,#4539,#4540,.T.);
#3634=EDGE_CURVE('',#4539,#4534,#4541,.T.);
#3635=EDGE_CURVE('',#4542,#4543,#4544,.T.);
#3636=EDGE_CURVE('',#4543,#4545,#4546,.T.);
#3637=EDGE_CURVE('',#4547,#4545,#4548,.T.);
#3638=EDGE_CURVE('',#4542,#4547,#4549,.T.);
#3639=EDGE_CURVE('',#3980,#4534,#4550,.T.);
#3640=EDGE_CURVE('',#3976,#4539,#4551,.T.);
#3641=EDGE_CURVE('',#3975,#4537,#4552,.T.);
#3642=EDGE_CURVE('',#3978,#4535,#4553,.T.);
#3643=EDGE_CURVE('',#4526,#4554,#4555,.T.);
#3644=EDGE_CURVE('',#4556,#4531,#4557,.T.);
#3645=EDGE_CURVE('',#4556,#4554,#4558,.T.);
#3646=EDGE_CURVE('',#4542,#4559,#4560,.T.);
#3647=EDGE_CURVE('',#4561,#4547,#4562,.T.);
#3648=EDGE_CURVE('',#4561,#4559,#4563,.T.);
#3649=EDGE_CURVE('',#4564,#4565,#4566,.T.);
#3650=EDGE_CURVE('',#3848,#4564,#4567,.T.);
#3651=EDGE_CURVE('',#4568,#3853,#4569,.T.);
#3652=EDGE_CURVE('',#4570,#4568,#4571,.T.);
#3653=EDGE_CURVE('',#4570,#4565,#4572,.T.);
#3654=EDGE_CURVE('',#4573,#4574,#4575,.T.);
#3655=EDGE_CURVE('',#4576,#4573,#4577,.T.);
#3656=EDGE_CURVE('',#3856,#4576,#4578,.T.);
#3657=EDGE_CURVE('',#4579,#3861,#4580,.T.);
#3658=EDGE_CURVE('',#4581,#4579,#4582,.T.);
#3659=EDGE_CURVE('',#4583,#4581,#4584,.T.);
#3660=EDGE_CURVE('',#4583,#4574,#4585,.T.);
#3661=EDGE_CURVE('',#4586,#4556,#4587,.T.);
#3662=EDGE_CURVE('',#4586,#4588,#4589,.T.);
#3663=EDGE_CURVE('',#4588,#4554,#4590,.T.);
#3664=EDGE_CURVE('',#4591,#4588,#4592,.T.);
#3665=EDGE_CURVE('',#4591,#4593,#4594,.T.);
#3666=EDGE_CURVE('',#4593,#4554,#4595,.T.);
#3667=EDGE_CURVE('',#4596,#3859,#4597,.T.);
#3668=EDGE_CURVE('',#4579,#4596,#4598,.T.);
#3669=EDGE_CURVE('',#4527,#4593,#4599,.T.);
#3670=EDGE_CURVE('',#4600,#4596,#4601,.T.);
#3671=EDGE_CURVE('',#4581,#4600,#4602,.T.);
#3672=EDGE_CURVE('',#4603,#4600,#4604,.T.);
#3673=EDGE_CURVE('',#4603,#4583,#4605,.T.);
#3674=EDGE_CURVE('',#4603,#4606,#4607,.T.);
#3675=EDGE_CURVE('',#4606,#4608,#4609,.T.);
#3676=EDGE_CURVE('',#4608,#4583,#4610,.T.);
#3677=EDGE_CURVE('',#4608,#4611,#4612,.T.);
#3678=EDGE_CURVE('',#4611,#4574,#4613,.T.);
#3679=EDGE_CURVE('',#4614,#4611,#4615,.T.);
#3680=EDGE_CURVE('',#4614,#4616,#4617,.T.);
#3681=EDGE_CURVE('',#4616,#4574,#4618,.T.);
#3682=EDGE_CURVE('',#4619,#4616,#4620,.T.);
#3683=EDGE_CURVE('',#4573,#4619,#4621,.T.);
#3684=EDGE_CURVE('',#4622,#4619,#4623,.T.);
#3685=EDGE_CURVE('',#4576,#4622,#4624,.T.);
#3686=EDGE_CURVE('',#3857,#4622,#4625,.T.);
#3687=EDGE_CURVE('',#4626,#4529,#4627,.T.);
#3688=EDGE_CURVE('',#4626,#4556,#4628,.T.);
#3689=EDGE_CURVE('',#4593,#4626,#4629,.T.);
#3690=EDGE_CURVE('',#4630,#4545,#4631,.T.);
#3691=EDGE_CURVE('',#4543,#4632,#4633,.T.);
#3692=EDGE_CURVE('',#4632,#4630,#4634,.T.);
#3693=EDGE_CURVE('',#4635,#4636,#4637,.T.);
#3694=EDGE_CURVE('',#4636,#3851,#4638,.T.);
#3695=EDGE_CURVE('',#3849,#4639,#4640,.T.);
#3696=EDGE_CURVE('',#4639,#4641,#4642,.T.);
#3697=EDGE_CURVE('',#4641,#4635,#4643,.T.);
#3698=EDGE_CURVE('',#4616,#4603,#4644,.T.);
#3699=EDGE_CURVE('',#4626,#4645,#4646,.T.);
#3700=EDGE_CURVE('',#4591,#4645,#4647,.T.);
#3701=EDGE_CURVE('',#4645,#4586,#4648,.T.);
#3702=EDGE_CURVE('',#4649,#4630,#4650,.T.);
#3703=EDGE_CURVE('',#4651,#4632,#4652,.T.);
#3704=EDGE_CURVE('',#4651,#4649,#4653,.T.);
#3705=EDGE_CURVE('',#4651,#4654,#4655,.T.);
#3706=EDGE_CURVE('',#4656,#4654,#4657,.T.);
#3707=EDGE_CURVE('',#4649,#4656,#4658,.T.);
#3708=EDGE_CURVE('',#4656,#4561,#4659,.T.);
#3709=EDGE_CURVE('',#4630,#4561,#4660,.T.);
#3710=EDGE_CURVE('',#4654,#4559,#4661,.T.);
#3711=EDGE_CURVE('',#4632,#4559,#4662,.T.);
#3712=EDGE_CURVE('',#4635,#4663,#4664,.T.);
#3713=EDGE_CURVE('',#4665,#4641,#4666,.T.);
#3714=EDGE_CURVE('',#4665,#4663,#4667,.T.);
#3715=EDGE_CURVE('',#4665,#4668,#4669,.T.);
#3716=EDGE_CURVE('',#4670,#4668,#4671,.T.);
#3717=EDGE_CURVE('',#4663,#4670,#4672,.T.);
#3718=EDGE_CURVE('',#4670,#4570,#4673,.T.);
#3719=EDGE_CURVE('',#4635,#4570,#4674,.T.);
#3720=EDGE_CURVE('',#4568,#4636,#4675,.T.);
#3721=EDGE_CURVE('',#4668,#4565,#4676,.T.);
#3722=EDGE_CURVE('',#4641,#4565,#4677,.T.);
#3723=EDGE_CURVE('',#4564,#4639,#4678,.T.);
#3724=EDGE_CURVE('',#4614,#4606,#4679,.T.);
#3725=EDGE_CURVE('',#3885,#4680,#4681,.T.);
#3726=EDGE_CURVE('',#4680,#3875,#4682,.T.);
#3727=EDGE_CURVE('',#3880,#4680,#4683,.T.);
#3728=CARTESIAN_POINT('',(-7.5,-5.0,-6.3));
#3729=DIRECTION('',(0.0,-1.0,0.0));
#3730=DIRECTION('',(0.0,0.0,-1.0));
#3731=CARTESIAN_POINT('',(-7.5,-5.0,-6.3));
#3732=DIRECTION('',(0.0,-1.0,0.0));
#3733=DIRECTION('',(0.0,0.0,1.0));
#3734=CARTESIAN_POINT('',(-13.0,-5.0,-6.3));
#3735=DIRECTION('',(0.0,-1.0,0.0));
#3736=DIRECTION('',(0.0,0.0,-1.0));
#3737=CARTESIAN_POINT('',(-13.0,-5.0,-6.3));
#3738=DIRECTION('',(0.0,-1.0,0.0));
#3739=DIRECTION('',(0.0,0.0,1.0));
#3740=CARTESIAN_POINT('',(-7.5,-5.0,-2.1));
#3741=DIRECTION('',(0.0,-1.0,0.0));
#3742=DIRECTION('',(0.0,0.0,-1.0));
#3743=CARTESIAN_POINT('',(-7.5,-5.0,-2.1));
#3744=DIRECTION('',(0.0,-1.0,0.0));
#3745=DIRECTION('',(0.0,0.0,1.0));
#3746=CARTESIAN_POINT('',(-13.0,-5.0,-2.1));
#3747=DIRECTION('',(0.0,-1.0,0.0));
#3748=DIRECTION('',(0.0,0.0,-1.0));
#3749=CARTESIAN_POINT('',(-13.0,-5.0,-2.1));
#3750=DIRECTION('',(0.0,-1.0,0.0));
#3751=DIRECTION('',(0.0,0.0,1.0));
#3752=CARTESIAN_POINT('',(-7.5,-5.0,2.1));
#3753=DIRECTION('',(0.0,-1.0,0.0));
#3754=DIRECTION('',(0.0,0.0,-1.0));
#3755=CARTESIAN_POINT('',(-7.5,-5.0,2.1));
#3756=DIRECTION('',(0.0,-1.0,0.0));
#3757=DIRECTION('',(0.0,0.0,1.0));
#3758=CARTESIAN_POINT('',(-13.0,-5.0,2.1));
#3759=DIRECTION('',(0.0,-1.0,0.0));
#3760=DIRECTION('',(0.0,0.0,-1.0));
#3761=CARTESIAN_POINT('',(-13.0,-5.0,2.1));
#3762=DIRECTION('',(0.0,-1.0,0.0));
#3763=DIRECTION('',(0.0,0.0,1.0));
#3764=CARTESIAN_POINT('',(-7.5,-5.0,6.3));
#3765=DIRECTION('',(0.0,-1.0,0.0));
#3766=DIRECTION('',(0.0,0.0,-1.0));
#3767=CARTESIAN_POINT('',(-7.5,-5.0,6.3));
#3768=DIRECTION('',(0.0,-1.0,0.0));
#3769=DIRECTION('',(0.0,0.0,1.0));
#3770=CARTESIAN_POINT('',(-13.0,-5.0,6.3));
#3771=DIRECTION('',(0.0,-1.0,0.0));
#3772=DIRECTION('',(0.0,0.0,-1.0));
#3773=CARTESIAN_POINT('',(-13.0,-5.0,6.3));
#3774=DIRECTION('',(0.0,-1.0,0.0));
#3775=DIRECTION('',(0.0,0.0,1.0));
#3776=VERTEX_POINT('',#4684);
#3777=VERTEX_POINT('',#4685);
#3778=LINE('',#4686,#4687);
#3779=VERTEX_POINT('',#4688);
#3780=CIRCLE('',#4689,0.4);
#3781=VERTEX_POINT('',#4690);
#3782=LINE('',#4691,#4692);
#3783=CIRCLE('',#4693,0.4);
#3784=VERTEX_POINT('',#4694);
#3785=VERTEX_POINT('',#4695);
#3786=LINE('',#4696,#4697);
#3787=VERTEX_POINT('',#4698);
#3788=LINE('',#4699,#4700);
#3789=VERTEX_POINT('',#4701);
#3790=LINE('',#4702,#4703);
#3791=VERTEX_POINT('',#4704);
#3792=LINE('',#4705,#4706);
#3793=VERTEX_POINT('',#4707);
#3794=LINE('',#4708,#4709);
#3795=VERTEX_POINT('',#4710);
#3796=LINE('',#4711,#4712);
#3797=VERTEX_POINT('',#4713);
#3798=LINE('',#4714,#4715);
#3799=LINE('',#4716,#4717);
#3800=VERTEX_POINT('',#4718);
#3801=VERTEX_POINT('',#4719);
#3802=LINE('',#4720,#4721);
#3803=VERTEX_POINT('',#4722);
#3804=LINE('',#4723,#4724);
#3805=VERTEX_POINT('',#4725);
#3806=LINE('',#4726,#4727);
#3807=LINE('',#4728,#4729);
#3808=VERTEX_POINT('',#4730);
#3809=VERTEX_POINT('',#4731);
#3810=LINE('',#4732,#4733);
#3811=VERTEX_POINT('',#4734);
#3812=LINE('',#4735,#4736);
#3813=VERTEX_POINT('',#4737);
#3814=LINE('',#4738,#4739);
#3815=LINE('',#4740,#4741);
#3816=VERTEX_POINT('',#4742);
#3817=VERTEX_POINT('',#4743);
#3818=LINE('',#4744,#4745);
#3819=VERTEX_POINT('',#4746);
#3820=LINE('',#4747,#4748);
#3821=VERTEX_POINT('',#4749);
#3822=LINE('',#4750,#4751);
#3823=LINE('',#4752,#4753);
#3824=VERTEX_POINT('',#4754);
#3825=VERTEX_POINT('',#4755);
#3826=LINE('',#4756,#4757);
#3827=VERTEX_POINT('',#4758);
#3828=LINE('',#4759,#4760);
#3829=VERTEX_POINT('',#4761);
#3830=LINE('',#4762,#4763);
#3831=LINE('',#4764,#4765);
#3832=VERTEX_POINT('',#4766);
#3833=VERTEX_POINT('',#4767);
#3834=LINE('',#4768,#4769);
#3835=VERTEX_POINT('',#4770);
#3836=LINE('',#4771,#4772);
#3837=VERTEX_POINT('',#4773);
#3838=LINE('',#4774,#4775);
#3839=LINE('',#4776,#4777);
#3840=VERTEX_POINT('',#4778);
#3841=VERTEX_POINT('',#4779);
#3842=LINE('',#4780,#4781);
#3843=VERTEX_POINT('',#4782);
#3844=LINE('',#4783,#4784);
#3845=VERTEX_POINT('',#4785);
#3846=LINE('',#4786,#4787);
#3847=LINE('',#4788,#4789);
#3848=VERTEX_POINT('',#4790);
#3849=VERTEX_POINT('',#4791);
#3850=LINE('',#4792,#4793);
#3851=VERTEX_POINT('',#4794);
#3852=LINE('',#4795,#4796);
#3853=VERTEX_POINT('',#4797);
#3854=LINE('',#4798,#4799);
#3855=LINE('',#4800,#4801);
#3856=VERTEX_POINT('',#4802);
#3857=VERTEX_POINT('',#4803);
#3858=LINE('',#4804,#4805);
#3859=VERTEX_POINT('',#4806);
#3860=LINE('',#4807,#4808);
#3861=VERTEX_POINT('',#4809);
#3862=LINE('',#4810,#4811);
#3863=LINE('',#4812,#4813);
#3864=VERTEX_POINT('',#4814);
#3865=LINE('',#4815,#4816);
#3866=VERTEX_POINT('',#4817);
#3867=LINE('',#4818,#4819);
#3868=LINE('',#4820,#4821);
#3869=VERTEX_POINT('',#4822);
#3870=VERTEX_POINT('',#4823);
#3871=LINE('',#4824,#4825);
#3872=LINE('',#4826,#4827);
#3873=VERTEX_POINT('',#4828);
#3874=LINE('',#4829,#4830);
#3875=VERTEX_POINT('',#4831);
#3876=LINE('',#4832,#4833);
#3877=VERTEX_POINT('',#4834);
#3878=LINE('',#4835,#4836);
#3879=LINE('',#4837,#4838);
#3880=VERTEX_POINT('',#4839);
#3881=LINE('',#4840,#4841);
#3882=VERTEX_POINT('',#4842);
#3883=LINE('',#4843,#4844);
#3884=LINE('',#4845,#4846);
#3885=VERTEX_POINT('',#4847);
#3886=LINE('',#4848,#4849);
#3887=LINE('',#4850,#4851);
#3888=LINE('',#4852,#4853);
#3889=VERTEX_POINT('',#4854);
#3890=LINE('',#4855,#4856);
#3891=VERTEX_POINT('',#4857);
#3892=LINE('',#4858,#4859);
#3893=VERTEX_POINT('',#4860);
#3894=LINE('',#4861,#4862);
#3895=VERTEX_POINT('',#4863);
#3896=LINE('',#4864,#4865);
#3897=VERTEX_POINT('',#4866);
#3898=LINE('',#4867,#4868);
#3899=VERTEX_POINT('',#4869);
#3900=LINE('',#4870,#4871);
#3901=CIRCLE('',#4872,0.4);
#3902=LINE('',#4873,#4874);
#3903=VERTEX_POINT('',#4875);
#3904=VERTEX_POINT('',#4876);
#3905=LINE('',#4877,#4878);
#3906=VERTEX_POINT('',#4879);
#3907=LINE('',#4880,#4881);
#3908=VERTEX_POINT('',#4882);
#3909=LINE('',#4883,#4884);
#3910=VERTEX_POINT('',#4885);
#3911=LINE('',#4886,#4887);
#3912=VERTEX_POINT('',#4888);
#3913=LINE('',#4889,#4890);
#3914=LINE('',#4891,#4892);
#3915=VERTEX_POINT('',#4893);
#3916=VERTEX_POINT('',#4894);
#3917=LINE('',#4895,#4896);
#3918=VERTEX_POINT('',#4897);
#3919=LINE('',#4898,#4899);
#3920=VERTEX_POINT('',#4900);
#3921=LINE('',#4901,#4902);
#3922=LINE('',#4903,#4904);
#3923=VERTEX_POINT('',#4905);
#3924=VERTEX_POINT('',#4906);
#3925=LINE('',#4907,#4908);
#3926=VERTEX_POINT('',#4909);
#3927=LINE('',#4910,#4911);
#3928=VERTEX_POINT('',#4912);
#3929=LINE('',#4913,#4914);
#3930=LINE('',#4915,#4916);
#3931=VERTEX_POINT('',#4917);
#3932=VERTEX_POINT('',#4918);
#3933=LINE('',#4919,#4920);
#3934=VERTEX_POINT('',#4921);
#3935=LINE('',#4922,#4923);
#3936=VERTEX_POINT('',#4924);
#3937=LINE('',#4925,#4926);
#3938=VERTEX_POINT('',#4927);
#3939=LINE('',#4928,#4929);
#3940=VERTEX_POINT('',#4930);
#3941=LINE('',#4931,#4932);
#3942=LINE('',#4933,#4934);
#3943=VERTEX_POINT('',#4935);
#3944=VERTEX_POINT('',#4936);
#3945=LINE('',#4937,#4938);
#3946=VERTEX_POINT('',#4939);
#3947=LINE('',#4940,#4941);
#3948=VERTEX_POINT('',#4942);
#3949=LINE('',#4943,#4944);
#3950=LINE('',#4945,#4946);
#3951=VERTEX_POINT('',#4947);
#3952=VERTEX_POINT('',#4948);
#3953=LINE('',#4949,#4950);
#3954=VERTEX_POINT('',#4951);
#3955=LINE('',#4952,#4953);
#3956=VERTEX_POINT('',#4954);
#3957=LINE('',#4955,#4956);
#3958=VERTEX_POINT('',#4957);
#3959=LINE('',#4958,#4959);
#3960=VERTEX_POINT('',#4960);
#3961=LINE('',#4961,#4962);
#3962=LINE('',#4963,#4964);
#3963=VERTEX_POINT('',#4965);
#3964=VERTEX_POINT('',#4966);
#3965=LINE('',#4967,#4968);
#3966=VERTEX_POINT('',#4969);
#3967=LINE('',#4970,#4971);
#3968=VERTEX_POINT('',#4972);
#3969=LINE('',#4973,#4974);
#3970=VERTEX_POINT('',#4975);
#3971=LINE('',#4976,#4977);
#3972=VERTEX_POINT('',#4978);
#3973=LINE('',#4979,#4980);
#3974=LINE('',#4981,#4982);
#3975=VERTEX_POINT('',#4983);
#3976=VERTEX_POINT('',#4984);
#3977=LINE('',#4985,#4986);
#3978=VERTEX_POINT('',#4987);
#3979=LINE('',#4988,#4989);
#3980=VERTEX_POINT('',#4990);
#3981=LINE('',#4991,#4992);
#3982=LINE('',#4993,#4994);
#3983=VERTEX_POINT('',#4995);
#3984=LINE('',#4996,#4997);
#3985=LINE('',#4998,#4999);
#3986=LINE('',#5000,#5001);
#3987=CIRCLE('',#5002,0.4);
#3988=LINE('',#5003,#5004);
#3989=LINE('',#5005,#5006);
#3990=LINE('',#5007,#5008);
#3991=LINE('',#5009,#5010);
#3992=VERTEX_POINT('',#5011);
#3993=LINE('',#5012,#5013);
#3994=VERTEX_POINT('',#5014);
#3995=LINE('',#5015,#5016);
#3996=LINE('',#5017,#5018);
#3997=VERTEX_POINT('',#5019);
#3998=LINE('',#5020,#5021);
#3999=LINE('',#5022,#5023);
#4000=VERTEX_POINT('',#5024);
#4001=LINE('',#5025,#5026);
#4002=LINE('',#5027,#5028);
#4003=VERTEX_POINT('',#5029);
#4004=LINE('',#5030,#5031);
#4005=LINE('',#5032,#5033);
#4006=VERTEX_POINT('',#5034);
#4007=LINE('',#5035,#5036);
#4008=LINE('',#5037,#5038);
#4009=LINE('',#5039,#5040);
#4010=VERTEX_POINT('',#5041);
#4011=VERTEX_POINT('',#5042);
#4012=LINE('',#5043,#5044);
#4013=VERTEX_POINT('',#5045);
#4014=LINE('',#5046,#5047);
#4015=VERTEX_POINT('',#5048);
#4016=LINE('',#5049,#5050);
#4017=LINE('',#5051,#5052);
#4018=VERTEX_POINT('',#5053);
#4019=VERTEX_POINT('',#5054);
#4020=LINE('',#5055,#5056);
#4021=VERTEX_POINT('',#5057);
#4022=LINE('',#5058,#5059);
#4023=VERTEX_POINT('',#5060);
#4024=LINE('',#5061,#5062);
#4025=LINE('',#5063,#5064);
#4026=VERTEX_POINT('',#5065);
#4027=VERTEX_POINT('',#5066);
#4028=LINE('',#5067,#5068);
#4029=VERTEX_POINT('',#5069);
#4030=LINE('',#5070,#5071);
#4031=VERTEX_POINT('',#5072);
#4032=LINE('',#5073,#5074);
#4033=LINE('',#5075,#5076);
#4034=LINE('',#5077,#5078);
#4035=LINE('',#5079,#5080);
#4036=LINE('',#5081,#5082);
#4037=LINE('',#5083,#5084);
#4038=VERTEX_POINT('',#5085);
#4039=LINE('',#5086,#5087);
#4040=VERTEX_POINT('',#5088);
#4041=LINE('',#5089,#5090);
#4042=LINE('',#5091,#5092);
#4043=VERTEX_POINT('',#5093);
#4044=LINE('',#5094,#5095);
#4045=VERTEX_POINT('',#5096);
#4046=LINE('',#5097,#5098);
#4047=LINE('',#5099,#5100);
#4048=VERTEX_POINT('',#5101);
#4049=VERTEX_POINT('',#5102);
#4050=LINE('',#5103,#5104);
#4051=CIRCLE('',#5105,1.75);
#4052=VERTEX_POINT('',#5106);
#4053=CIRCLE('',#5107,0.68);
#4054=VERTEX_POINT('',#5108);
#4055=LINE('',#5109,#5110);
#4056=LINE('',#5111,#5112);
#4057=VERTEX_POINT('',#5113);
#4058=VERTEX_POINT('',#5114);
#4059=LINE('',#5115,#5116);
#4060=VERTEX_POINT('',#5117);
#4061=CIRCLE('',#5118,1.75);
#4062=LINE('',#5119,#5120);
#4063=VERTEX_POINT('',#5121);
#4064=LINE('',#5122,#5123);
#4065=VERTEX_POINT('',#5124);
#4066=CIRCLE('',#5125,0.68);
#4067=VERTEX_POINT('',#5126);
#4068=LINE('',#5127,#5128);
#4069=LINE('',#5129,#5130);
#4070=VERTEX_POINT('',#5131);
#4071=LINE('',#5132,#5133);
#4072=VERTEX_POINT('',#5134);
#4073=LINE('',#5135,#5136);
#4074=LINE('',#5137,#5138);
#4075=VERTEX_POINT('',#5139);
#4076=LINE('',#5140,#5141);
#4077=VERTEX_POINT('',#5142);
#4078=LINE('',#5143,#5144);
#4079=LINE('',#5145,#5146);
#4080=VERTEX_POINT('',#5147);
#4081=LINE('',#5148,#5149);
#4082=LINE('',#5150,#5151);
#4083=LINE('',#5152,#5153);
#4084=VERTEX_POINT('',#5154);
#4085=CIRCLE('',#5155,0.68);
#4086=LINE('',#5156,#5157);
#4087=VERTEX_POINT('',#5158);
#4088=LINE('',#5159,#5160);
#4089=LINE('',#5161,#5162);
#4090=VERTEX_POINT('',#5163);
#4091=LINE('',#5164,#5165);
#4092=VERTEX_POINT('',#5166);
#4093=LINE('',#5167,#5168);
#4094=LINE('',#5169,#5170);
#4095=VERTEX_POINT('',#5171);
#4096=LINE('',#5172,#5173);
#4097=LINE('',#5174,#5175);
#4098=VERTEX_POINT('',#5176);
#4099=LINE('',#5177,#5178);
#4100=VERTEX_POINT('',#5179);
#4101=LINE('',#5180,#5181);
#4102=LINE('',#5182,#5183);
#4103=VERTEX_POINT('',#5184);
#4104=LINE('',#5185,#5186);
#4105=LINE('',#5187,#5188);
#4106=VERTEX_POINT('',#5189);
#4107=CIRCLE('',#5190,1.75);
#4108=LINE('',#5191,#5192);
#4109=LINE('',#5193,#5194);
#4110=VERTEX_POINT('',#5195);
#4111=LINE('',#5196,#5197);
#4112=LINE('',#5198,#5199);
#4113=LINE('',#5200,#5201);
#4114=VERTEX_POINT('',#5202);
#4115=LINE('',#5203,#5204);
#4116=VERTEX_POINT('',#5205);
#4117=LINE('',#5206,#5207);
#4118=LINE('',#5208,#5209);
#4119=VERTEX_POINT('',#5210);
#4120=VERTEX_POINT('',#5211);
#4121=LINE('',#5212,#5213);
#4122=CIRCLE('',#5214,0.68);
#4123=VERTEX_POINT('',#5215);
#4124=CIRCLE('',#5216,1.75);
#4125=VERTEX_POINT('',#5217);
#4126=LINE('',#5218,#5219);
#4127=LINE('',#5220,#5221);
#4128=LINE('',#5222,#5223);
#4129=VERTEX_POINT('',#5224);
#4130=LINE('',#5225,#5226);
#4131=LINE('',#5227,#5228);
#4132=LINE('',#5229,#5230);
#4133=VERTEX_POINT('',#5231);
#4134=LINE('',#5232,#5233);
#4135=VERTEX_POINT('',#5234);
#4136=LINE('',#5235,#5236);
#4137=LINE('',#5237,#5238);
#4138=VERTEX_POINT('',#5239);
#4139=LINE('',#5240,#5241);
#4140=VERTEX_POINT('',#5242);
#4141=LINE('',#5243,#5244);
#4142=LINE('',#5245,#5246);
#4143=LINE('',#5247,#5248);
#4144=LINE('',#5249,#5250);
#4145=LINE('',#5251,#5252);
#4146=LINE('',#5253,#5254);
#4147=VERTEX_POINT('',#5255);
#4148=LINE('',#5256,#5257);
#4149=VERTEX_POINT('',#5258);
#4150=LINE('',#5259,#5260);
#4151=LINE('',#5261,#5262);
#4152=VERTEX_POINT('',#5263);
#4153=LINE('',#5264,#5265);
#4154=VERTEX_POINT('',#5266);
#4155=LINE('',#5267,#5268);
#4156=LINE('',#5269,#5270);
#4157=LINE('',#5271,#5272);
#4158=LINE('',#5273,#5274);
#4159=LINE('',#5275,#5276);
#4160=LINE('',#5277,#5278);
#4161=LINE('',#5279,#5280);
#4162=LINE('',#5281,#5282);
#4163=LINE('',#5283,#5284);
#4164=VERTEX_POINT('',#5285);
#4165=LINE('',#5286,#5287);
#4166=VERTEX_POINT('',#5288);
#4167=LINE('',#5289,#5290);
#4168=LINE('',#5291,#5292);
#4169=VERTEX_POINT('',#5293);
#4170=LINE('',#5294,#5295);
#4171=LINE('',#5296,#5297);
#4172=VERTEX_POINT('',#5298);
#4173=LINE('',#5299,#5300);
#4174=LINE('',#5301,#5302);
#4175=LINE('',#5303,#5304);
#4176=VERTEX_POINT('',#5305);
#4177=VERTEX_POINT('',#5306);
#4178=LINE('',#5307,#5308);
#4179=VERTEX_POINT('',#5309);
#4180=LINE('',#5310,#5311);
#4181=VERTEX_POINT('',#5312);
#4182=LINE('',#5313,#5314);
#4183=LINE('',#5315,#5316);
#4184=VERTEX_POINT('',#5317);
#4185=VERTEX_POINT('',#5318);
#4186=LINE('',#5319,#5320);
#4187=VERTEX_POINT('',#5321);
#4188=LINE('',#5322,#5323);
#4189=VERTEX_POINT('',#5324);
#4190=LINE('',#5325,#5326);
#4191=VERTEX_POINT('',#5327);
#4192=LINE('',#5328,#5329);
#4193=VERTEX_POINT('',#5330);
#4194=LINE('',#5331,#5332);
#4195=LINE('',#5333,#5334);
#4196=VERTEX_POINT('',#5335);
#4197=VERTEX_POINT('',#5336);
#4198=LINE('',#5337,#5338);
#4199=VERTEX_POINT('',#5339);
#4200=LINE('',#5340,#5341);
#4201=VERTEX_POINT('',#5342);
#4202=LINE('',#5343,#5344);
#4203=LINE('',#5345,#5346);
#4204=LINE('',#5347,#5348);
#4205=LINE('',#5349,#5350);
#4206=LINE('',#5351,#5352);
#4207=LINE('',#5353,#5354);
#4208=LINE('',#5355,#5356);
#4209=LINE('',#5357,#5358);
#4210=VERTEX_POINT('',#5359);
#4211=LINE('',#5360,#5361);
#4212=VERTEX_POINT('',#5362);
#4213=LINE('',#5363,#5364);
#4214=LINE('',#5365,#5366);
#4215=VERTEX_POINT('',#5367);
#4216=LINE('',#5368,#5369);
#4217=VERTEX_POINT('',#5370);
#4218=LINE('',#5371,#5372);
#4219=LINE('',#5373,#5374);
#4220=VERTEX_POINT('',#5375);
#4221=VERTEX_POINT('',#5376);
#4222=LINE('',#5377,#5378);
#4223=CIRCLE('',#5379,1.75);
#4224=VERTEX_POINT('',#5380);
#4225=CIRCLE('',#5381,0.68);
#4226=VERTEX_POINT('',#5382);
#4227=LINE('',#5383,#5384);
#4228=LINE('',#5385,#5386);
#4229=VERTEX_POINT('',#5387);
#4230=VERTEX_POINT('',#5388);
#4231=LINE('',#5389,#5390);
#4232=VERTEX_POINT('',#5391);
#4233=CIRCLE('',#5392,1.75);
#4234=LINE('',#5393,#5394);
#4235=VERTEX_POINT('',#5395);
#4236=LINE('',#5396,#5397);
#4237=VERTEX_POINT('',#5398);
#4238=CIRCLE('',#5399,0.68);
#4239=VERTEX_POINT('',#5400);
#4240=LINE('',#5401,#5402);
#4241=LINE('',#5403,#5404);
#4242=VERTEX_POINT('',#5405);
#4243=LINE('',#5406,#5407);
#4244=VERTEX_POINT('',#5408);
#4245=LINE('',#5409,#5410);
#4246=LINE('',#5411,#5412);
#4247=VERTEX_POINT('',#5413);
#4248=LINE('',#5414,#5415);
#4249=VERTEX_POINT('',#5416);
#4250=LINE('',#5417,#5418);
#4251=LINE('',#5419,#5420);
#4252=VERTEX_POINT('',#5421);
#4253=LINE('',#5422,#5423);
#4254=LINE('',#5424,#5425);
#4255=LINE('',#5426,#5427);
#4256=VERTEX_POINT('',#5428);
#4257=CIRCLE('',#5429,0.68);
#4258=LINE('',#5430,#5431);
#4259=VERTEX_POINT('',#5432);
#4260=LINE('',#5433,#5434);
#4261=LINE('',#5435,#5436);
#4262=VERTEX_POINT('',#5437);
#4263=LINE('',#5438,#5439);
#4264=VERTEX_POINT('',#5440);
#4265=LINE('',#5441,#5442);
#4266=LINE('',#5443,#5444);
#4267=VERTEX_POINT('',#5445);
#4268=LINE('',#5446,#5447);
#4269=LINE('',#5448,#5449);
#4270=VERTEX_POINT('',#5450);
#4271=LINE('',#5451,#5452);
#4272=VERTEX_POINT('',#5453);
#4273=LINE('',#5454,#5455);
#4274=LINE('',#5456,#5457);
#4275=VERTEX_POINT('',#5458);
#4276=LINE('',#5459,#5460);
#4277=LINE('',#5461,#5462);
#4278=VERTEX_POINT('',#5463);
#4279=CIRCLE('',#5464,1.75);
#4280=LINE('',#5465,#5466);
#4281=LINE('',#5467,#5468);
#4282=VERTEX_POINT('',#5469);
#4283=LINE('',#5470,#5471);
#4284=LINE('',#5472,#5473);
#4285=LINE('',#5474,#5475);
#4286=VERTEX_POINT('',#5476);
#4287=LINE('',#5477,#5478);
#4288=VERTEX_POINT('',#5479);
#4289=LINE('',#5480,#5481);
#4290=LINE('',#5482,#5483);
#4291=VERTEX_POINT('',#5484);
#4292=VERTEX_POINT('',#5485);
#4293=LINE('',#5486,#5487);
#4294=CIRCLE('',#5488,0.68);
#4295=VERTEX_POINT('',#5489);
#4296=CIRCLE('',#5490,1.75);
#4297=VERTEX_POINT('',#5491);
#4298=LINE('',#5492,#5493);
#4299=LINE('',#5494,#5495);
#4300=LINE('',#5496,#5497);
#4301=VERTEX_POINT('',#5498);
#4302=LINE('',#5499,#5500);
#4303=LINE('',#5501,#5502);
#4304=LINE('',#5503,#5504);
#4305=VERTEX_POINT('',#5505);
#4306=LINE('',#5506,#5507);
#4307=VERTEX_POINT('',#5508);
#4308=LINE('',#5509,#5510);
#4309=LINE('',#5511,#5512);
#4310=VERTEX_POINT('',#5513);
#4311=LINE('',#5514,#5515);
#4312=VERTEX_POINT('',#5516);
#4313=LINE('',#5517,#5518);
#4314=LINE('',#5519,#5520);
#4315=LINE('',#5521,#5522);
#4316=LINE('',#5523,#5524);
#4317=LINE('',#5525,#5526);
#4318=LINE('',#5527,#5528);
#4319=VERTEX_POINT('',#5529);
#4320=LINE('',#5530,#5531);
#4321=VERTEX_POINT('',#5532);
#4322=LINE('',#5533,#5534);
#4323=LINE('',#5535,#5536);
#4324=VERTEX_POINT('',#5537);
#4325=LINE('',#5538,#5539);
#4326=VERTEX_POINT('',#5540);
#4327=LINE('',#5541,#5542);
#4328=LINE('',#5543,#5544);
#4329=LINE('',#5545,#5546);
#4330=LINE('',#5547,#5548);
#4331=LINE('',#5549,#5550);
#4332=LINE('',#5551,#5552);
#4333=LINE('',#5553,#5554);
#4334=LINE('',#5555,#5556);
#4335=LINE('',#5557,#5558);
#4336=VERTEX_POINT('',#5559);
#4337=LINE('',#5560,#5561);
#4338=VERTEX_POINT('',#5562);
#4339=LINE('',#5563,#5564);
#4340=LINE('',#5565,#5566);
#4341=VERTEX_POINT('',#5567);
#4342=LINE('',#5568,#5569);
#4343=LINE('',#5570,#5571);
#4344=VERTEX_POINT('',#5572);
#4345=LINE('',#5573,#5574);
#4346=LINE('',#5575,#5576);
#4347=LINE('',#5577,#5578);
#4348=VERTEX_POINT('',#5579);
#4349=VERTEX_POINT('',#5580);
#4350=LINE('',#5581,#5582);
#4351=VERTEX_POINT('',#5583);
#4352=LINE('',#5584,#5585);
#4353=VERTEX_POINT('',#5586);
#4354=LINE('',#5587,#5588);
#4355=LINE('',#5589,#5590);
#4356=VERTEX_POINT('',#5591);
#4357=VERTEX_POINT('',#5592);
#4358=LINE('',#5593,#5594);
#4359=VERTEX_POINT('',#5595);
#4360=LINE('',#5596,#5597);
#4361=VERTEX_POINT('',#5598);
#4362=LINE('',#5599,#5600);
#4363=VERTEX_POINT('',#5601);
#4364=LINE('',#5602,#5603);
#4365=VERTEX_POINT('',#5604);
#4366=LINE('',#5605,#5606);
#4367=LINE('',#5607,#5608);
#4368=VERTEX_POINT('',#5609);
#4369=VERTEX_POINT('',#5610);
#4370=LINE('',#5611,#5612);
#4371=VERTEX_POINT('',#5613);
#4372=LINE('',#5614,#5615);
#4373=VERTEX_POINT('',#5616);
#4374=LINE('',#5617,#5618);
#4375=LINE('',#5619,#5620);
#4376=LINE('',#5621,#5622);
#4377=LINE('',#5623,#5624);
#4378=LINE('',#5625,#5626);
#4379=LINE('',#5627,#5628);
#4380=LINE('',#5629,#5630);
#4381=LINE('',#5631,#5632);
#4382=VERTEX_POINT('',#5633);
#4383=LINE('',#5634,#5635);
#4384=VERTEX_POINT('',#5636);
#4385=LINE('',#5637,#5638);
#4386=LINE('',#5639,#5640);
#4387=VERTEX_POINT('',#5641);
#4388=LINE('',#5642,#5643);
#4389=VERTEX_POINT('',#5644);
#4390=LINE('',#5645,#5646);
#4391=LINE('',#5647,#5648);
#4392=VERTEX_POINT('',#5649);
#4393=VERTEX_POINT('',#5650);
#4394=LINE('',#5651,#5652);
#4395=CIRCLE('',#5653,1.75);
#4396=VERTEX_POINT('',#5654);
#4397=CIRCLE('',#5655,0.68);
#4398=VERTEX_POINT('',#5656);
#4399=LINE('',#5657,#5658);
#4400=LINE('',#5659,#5660);
#4401=VERTEX_POINT('',#5661);
#4402=VERTEX_POINT('',#5662);
#4403=LINE('',#5663,#5664);
#4404=VERTEX_POINT('',#5665);
#4405=CIRCLE('',#5666,1.75);
#4406=LINE('',#5667,#5668);
#4407=VERTEX_POINT('',#5669);
#4408=LINE('',#5670,#5671);
#4409=VERTEX_POINT('',#5672);
#4410=CIRCLE('',#5673,0.68);
#4411=VERTEX_POINT('',#5674);
#4412=LINE('',#5675,#5676);
#4413=LINE('',#5677,#5678);
#4414=VERTEX_POINT('',#5679);
#4415=LINE('',#5680,#5681);
#4416=VERTEX_POINT('',#5682);
#4417=LINE('',#5683,#5684);
#4418=LINE('',#5685,#5686);
#4419=VERTEX_POINT('',#5687);
#4420=LINE('',#5688,#5689);
#4421=VERTEX_POINT('',#5690);
#4422=LINE('',#5691,#5692);
#4423=LINE('',#5693,#5694);
#4424=VERTEX_POINT('',#5695);
#4425=LINE('',#5696,#5697);
#4426=LINE('',#5698,#5699);
#4427=LINE('',#5700,#5701);
#4428=VERTEX_POINT('',#5702);
#4429=CIRCLE('',#5703,0.68);
#4430=LINE('',#5704,#5705);
#4431=VERTEX_POINT('',#5706);
#4432=LINE('',#5707,#5708);
#4433=LINE('',#5709,#5710);
#4434=VERTEX_POINT('',#5711);
#4435=LINE('',#5712,#5713);
#4436=VERTEX_POINT('',#5714);
#4437=LINE('',#5715,#5716);
#4438=LINE('',#5717,#5718);
#4439=VERTEX_POINT('',#5719);
#4440=LINE('',#5720,#5721);
#4441=LINE('',#5722,#5723);
#4442=VERTEX_POINT('',#5724);
#4443=LINE('',#5725,#5726);
#4444=VERTEX_POINT('',#5727);
#4445=LINE('',#5728,#5729);
#4446=LINE('',#5730,#5731);
#4447=VERTEX_POINT('',#5732);
#4448=LINE('',#5733,#5734);
#4449=LINE('',#5735,#5736);
#4450=VERTEX_POINT('',#5737);
#4451=CIRCLE('',#5738,1.75);
#4452=LINE('',#5739,#5740);
#4453=LINE('',#5741,#5742);
#4454=VERTEX_POINT('',#5743);
#4455=LINE('',#5744,#5745);
#4456=LINE('',#5746,#5747);
#4457=LINE('',#5748,#5749);
#4458=VERTEX_POINT('',#5750);
#4459=LINE('',#5751,#5752);
#4460=VERTEX_POINT('',#5753);
#4461=LINE('',#5754,#5755);
#4462=LINE('',#5756,#5757);
#4463=VERTEX_POINT('',#5758);
#4464=VERTEX_POINT('',#5759);
#4465=LINE('',#5760,#5761);
#4466=CIRCLE('',#5762,0.68);
#4467=VERTEX_POINT('',#5763);
#4468=CIRCLE('',#5764,1.75);
#4469=VERTEX_POINT('',#5765);
#4470=LINE('',#5766,#5767);
#4471=LINE('',#5768,#5769);
#4472=LINE('',#5770,#5771);
#4473=VERTEX_POINT('',#5772);
#4474=LINE('',#5773,#5774);
#4475=LINE('',#5775,#5776);
#4476=LINE('',#5777,#5778);
#4477=VERTEX_POINT('',#5779);
#4478=LINE('',#5780,#5781);
#4479=VERTEX_POINT('',#5782);
#4480=LINE('',#5783,#5784);
#4481=LINE('',#5785,#5786);
#4482=VERTEX_POINT('',#5787);
#4483=LINE('',#5788,#5789);
#4484=VERTEX_POINT('',#5790);
#4485=LINE('',#5791,#5792);
#4486=LINE('',#5793,#5794);
#4487=LINE('',#5795,#5796);
#4488=LINE('',#5797,#5798);
#4489=LINE('',#5799,#5800);
#4490=LINE('',#5801,#5802);
#4491=VERTEX_POINT('',#5803);
#4492=LINE('',#5804,#5805);
#4493=VERTEX_POINT('',#5806);
#4494=LINE('',#5807,#5808);
#4495=LINE('',#5809,#5810);
#4496=VERTEX_POINT('',#5811);
#4497=LINE('',#5812,#5813);
#4498=VERTEX_POINT('',#5814);
#4499=LINE('',#5815,#5816);
#4500=LINE('',#5817,#5818);
#4501=LINE('',#5819,#5820);
#4502=LINE('',#5821,#5822);
#4503=LINE('',#5823,#5824);
#4504=LINE('',#5825,#5826);
#4505=LINE('',#5827,#5828);
#4506=LINE('',#5829,#5830);
#4507=LINE('',#5831,#5832);
#4508=VERTEX_POINT('',#5833);
#4509=LINE('',#5834,#5835);
#4510=VERTEX_POINT('',#5836);
#4511=LINE('',#5837,#5838);
#4512=LINE('',#5839,#5840);
#4513=VERTEX_POINT('',#5841);
#4514=LINE('',#5842,#5843);
#4515=LINE('',#5844,#5845);
#4516=VERTEX_POINT('',#5846);
#4517=LINE('',#5847,#5848);
#4518=LINE('',#5849,#5850);
#4519=VERTEX_POINT('',#5851);
#4520=LINE('',#5852,#5853);
#4521=LINE('',#5854,#5855);
#4522=VERTEX_POINT('',#5856);
#4523=LINE('',#5857,#5858);
#4524=LINE('',#5859,#5860);
#4525=LINE('',#5861,#5862);
#4526=VERTEX_POINT('',#5863);
#4527=VERTEX_POINT('',#5864);
#4528=LINE('',#5865,#5866);
#4529=VERTEX_POINT('',#5867);
#4530=LINE('',#5868,#5869);
#4531=VERTEX_POINT('',#5870);
#4532=LINE('',#5871,#5872);
#4533=LINE('',#5873,#5874);
#4534=VERTEX_POINT('',#5875);
#4535=VERTEX_POINT('',#5876);
#4536=LINE('',#5877,#5878);
#4537=VERTEX_POINT('',#5879);
#4538=LINE('',#5880,#5881);
#4539=VERTEX_POINT('',#5882);
#4540=LINE('',#5883,#5884);
#4541=LINE('',#5885,#5886);
#4542=VERTEX_POINT('',#5887);
#4543=VERTEX_POINT('',#5888);
#4544=LINE('',#5889,#5890);
#4545=VERTEX_POINT('',#5891);
#4546=LINE('',#5892,#5893);
#4547=VERTEX_POINT('',#5894);
#4548=LINE('',#5895,#5896);
#4549=LINE('',#5897,#5898);
#4550=LINE('',#5899,#5900);
#4551=LINE('',#5901,#5902);
#4552=LINE('',#5903,#5904);
#4553=LINE('',#5905,#5906);
#4554=VERTEX_POINT('',#5907);
#4555=LINE('',#5908,#5909);
#4556=VERTEX_POINT('',#5910);
#4557=LINE('',#5911,#5912);
#4558=LINE('',#5913,#5914);
#4559=VERTEX_POINT('',#5915);
#4560=LINE('',#5916,#5917);
#4561=VERTEX_POINT('',#5918);
#4562=LINE('',#5919,#5920);
#4563=LINE('',#5921,#5922);
#4564=VERTEX_POINT('',#5923);
#4565=VERTEX_POINT('',#5924);
#4566=LINE('',#5925,#5926);
#4567=CIRCLE('',#5927,1.75);
#4568=VERTEX_POINT('',#5928);
#4569=CIRCLE('',#5929,0.68);
#4570=VERTEX_POINT('',#5930);
#4571=LINE('',#5931,#5932);
#4572=LINE('',#5933,#5934);
#4573=VERTEX_POINT('',#5935);
#4574=VERTEX_POINT('',#5936);
#4575=LINE('',#5937,#5938);
#4576=VERTEX_POINT('',#5939);
#4577=CIRCLE('',#5940,1.75);
#4578=LINE('',#5941,#5942);
#4579=VERTEX_POINT('',#5943);
#4580=LINE('',#5944,#5945);
#4581=VERTEX_POINT('',#5946);
#4582=CIRCLE('',#5947,0.68);
#4583=VERTEX_POINT('',#5948);
#4584=LINE('',#5949,#5950);
#4585=LINE('',#5951,#5952);
#4586=VERTEX_POINT('',#5953);
#4587=LINE('',#5954,#5955);
#4588=VERTEX_POINT('',#5956);
#4589=LINE('',#5957,#5958);
#4590=LINE('',#5959,#5960);
#4591=VERTEX_POINT('',#5961);
#4592=LINE('',#5962,#5963);
#4593=VERTEX_POINT('',#5964);
#4594=LINE('',#5965,#5966);
#4595=LINE('',#5967,#5968);
#4596=VERTEX_POINT('',#5969);
#4597=LINE('',#5970,#5971);
#4598=LINE('',#5972,#5973);
#4599=LINE('',#5974,#5975);
#4600=VERTEX_POINT('',#5976);
#4601=CIRCLE('',#5977,0.68);
#4602=LINE('',#5978,#5979);
#4603=VERTEX_POINT('',#5980);
#4604=LINE('',#5981,#5982);
#4605=LINE('',#5983,#5984);
#4606=VERTEX_POINT('',#5985);
#4607=LINE('',#5986,#5987);
#4608=VERTEX_POINT('',#5988);
#4609=LINE('',#5989,#5990);
#4610=LINE('',#5991,#5992);
#4611=VERTEX_POINT('',#5993);
#4612=LINE('',#5994,#5995);
#4613=LINE('',#5996,#5997);
#4614=VERTEX_POINT('',#5998);
#4615=LINE('',#5999,#6000);
#4616=VERTEX_POINT('',#6001);
#4617=LINE('',#6002,#6003);
#4618=LINE('',#6004,#6005);
#4619=VERTEX_POINT('',#6006);
#4620=LINE('',#6007,#6008);
#4621=LINE('',#6009,#6010);
#4622=VERTEX_POINT('',#6011);
#4623=CIRCLE('',#6012,1.75);
#4624=LINE('',#6013,#6014);
#4625=LINE('',#6015,#6016);
#4626=VERTEX_POINT('',#6017);
#4627=LINE('',#6018,#6019);
#4628=LINE('',#6020,#6021);
#4629=LINE('',#6022,#6023);
#4630=VERTEX_POINT('',#6024);
#4631=LINE('',#6025,#6026);
#4632=VERTEX_POINT('',#6027);
#4633=LINE('',#6028,#6029);
#4634=LINE('',#6030,#6031);
#4635=VERTEX_POINT('',#6032);
#4636=VERTEX_POINT('',#6033);
#4637=LINE('',#6034,#6035);
#4638=CIRCLE('',#6036,0.68);
#4639=VERTEX_POINT('',#6037);
#4640=CIRCLE('',#6038,1.75);
#4641=VERTEX_POINT('',#6039);
#4642=LINE('',#6040,#6041);
#4643=LINE('',#6042,#6043);
#4644=LINE('',#6044,#6045);
#4645=VERTEX_POINT('',#6046);
#4646=LINE('',#6047,#6048);
#4647=LINE('',#6049,#6050);
#4648=LINE('',#6051,#6052);
#4649=VERTEX_POINT('',#6053);
#4650=LINE('',#6054,#6055);
#4651=VERTEX_POINT('',#6056);
#4652=LINE('',#6057,#6058);
#4653=LINE('',#6059,#6060);
#4654=VERTEX_POINT('',#6061);
#4655=LINE('',#6062,#6063);
#4656=VERTEX_POINT('',#6064);
#4657=LINE('',#6065,#6066);
#4658=LINE('',#6067,#6068);
#4659=LINE('',#6069,#6070);
#4660=LINE('',#6071,#6072);
#4661=LINE('',#6073,#6074);
#4662=LINE('',#6075,#6076);
#4663=VERTEX_POINT('',#6077);
#4664=LINE('',#6078,#6079);
#4665=VERTEX_POINT('',#6080);
#4666=LINE('',#6081,#6082);
#4667=LINE('',#6083,#6084);
#4668=VERTEX_POINT('',#6085);
#4669=LINE('',#6086,#6087);
#4670=VERTEX_POINT('',#6088);
#4671=LINE('',#6089,#6090);
#4672=LINE('',#6091,#6092);
#4673=LINE('',#6093,#6094);
#4674=LINE('',#6095,#6096);
#4675=LINE('',#6097,#6098);
#4676=LINE('',#6099,#6100);
#4677=LINE('',#6101,#6102);
#4678=LINE('',#6103,#6104);
#4679=LINE('',#6105,#6106);
#4680=VERTEX_POINT('',#6107);
#4681=LINE('',#6108,#6109);
#4682=LINE('',#6110,#6111);
#4683=LINE('',#6112,#6113);
#4684=CARTESIAN_POINT('',(-5.9,-2.25,-9.4));
#4685=CARTESIAN_POINT('',(6.4,-2.25,-9.4));
#4686=CARTESIAN_POINT('',(6.4,-2.25,-9.4));
#4687=VECTOR('',#6114,1.0);
#4688=CARTESIAN_POINT('',(-5.9,-1.85,-9.0));
#4689=AXIS2_PLACEMENT_3D('',#6115,#6116,#6117);
#4690=CARTESIAN_POINT('',(6.4,-1.85,-9.0));
#4691=CARTESIAN_POINT('',(6.4,-1.85,-9.0));
#4692=VECTOR('',#6118,12.3);
#4693=AXIS2_PLACEMENT_3D('',#6119,#6120,#6121);
#4694=CARTESIAN_POINT('',(-6.4,5.0,-9.0));
#4695=CARTESIAN_POINT('',(-6.4,5.0,9.0));
#4696=CARTESIAN_POINT('',(-6.4,5.0,-9.0));
#4697=VECTOR('',#6122,18.0);
#4698=CARTESIAN_POINT('',(-6.4,-5.0,-9.0));
#4699=CARTESIAN_POINT('',(-6.4,-5.0,-9.0));
#4700=VECTOR('',#6123,10.0);
#4701=CARTESIAN_POINT('',(-6.4,-5.0,-7.25));
#4702=CARTESIAN_POINT('',(-6.4,-5.0,-7.25));
#4703=VECTOR('',#6124,1.75);
#4704=CARTESIAN_POINT('',(-6.4,-4.6,-7.25));
#4705=CARTESIAN_POINT('',(-6.4,-4.6,-7.25));
#4706=VECTOR('',#6125,0.4);
#4707=CARTESIAN_POINT('',(-6.4,-4.6,7.25));
#4708=CARTESIAN_POINT('',(-6.4,-4.6,7.25));
#4709=VECTOR('',#6126,14.5);
#4710=CARTESIAN_POINT('',(-6.4,-5.0,7.25));
#4711=CARTESIAN_POINT('',(-6.4,-5.0,7.25));
#4712=VECTOR('',#6127,0.4);
#4713=CARTESIAN_POINT('',(-6.4,-5.0,9.0));
#4714=CARTESIAN_POINT('',(-6.4,-5.0,9.0));
#4715=VECTOR('',#6128,1.75);
#4716=CARTESIAN_POINT('',(-6.4,5.0,9.0));
#4717=VECTOR('',#6129,10.0);
#4718=CARTESIAN_POINT('',(-6.4,-1.168782659575,-6.835));
#4719=CARTESIAN_POINT('',(-6.4,-1.168782659575,-5.765));
#4720=CARTESIAN_POINT('',(-6.4,-1.168782659575,-6.835));
#4721=VECTOR('',#6130,1.07);
#4722=CARTESIAN_POINT('',(-6.4,-2.24479480754,-5.765));
#4723=CARTESIAN_POINT('',(-6.4,-2.24479480754,-5.765));
#4724=VECTOR('',#6131,1.076012147965);
#4725=CARTESIAN_POINT('',(-6.4,-2.24479480754,-6.835));
#4726=CARTESIAN_POINT('',(-6.4,-2.24479480754,-6.835));
#4727=VECTOR('',#6132,1.07);
#4728=CARTESIAN_POINT('',(-6.4,-2.24479480754,-6.835));
#4729=VECTOR('',#6133,1.076012147965);
#4730=CARTESIAN_POINT('',(-6.4,3.035,-6.835));
#4731=CARTESIAN_POINT('',(-6.4,3.035,-5.765));
#4732=CARTESIAN_POINT('',(-6.4,3.035,-6.835));
#4733=VECTOR('',#6134,1.07);
#4734=CARTESIAN_POINT('',(-6.4,1.965,-5.765));
#4735=CARTESIAN_POINT('',(-6.4,1.965,-5.765));
#4736=VECTOR('',#6135,1.07);
#4737=CARTESIAN_POINT('',(-6.4,1.965,-6.835));
#4738=CARTESIAN_POINT('',(-6.4,1.965,-6.835));
#4739=VECTOR('',#6136,1.07);
#4740=CARTESIAN_POINT('',(-6.4,1.965,-6.835));
#4741=VECTOR('',#6137,1.07);
#4742=CARTESIAN_POINT('',(-6.4,-1.168782659575,-2.635));
#4743=CARTESIAN_POINT('',(-6.4,-1.168782659575,-1.565));
#4744=CARTESIAN_POINT('',(-6.4,-1.168782659575,-2.635));
#4745=VECTOR('',#6138,1.07);
#4746=CARTESIAN_POINT('',(-6.4,-2.24479480754,-1.565));
#4747=CARTESIAN_POINT('',(-6.4,-2.24479480754,-1.565));
#4748=VECTOR('',#6139,1.076012147965);
#4749=CARTESIAN_POINT('',(-6.4,-2.24479480754,-2.635));
#4750=CARTESIAN_POINT('',(-6.4,-2.24479480754,-2.635));
#4751=VECTOR('',#6140,1.07);
#4752=CARTESIAN_POINT('',(-6.4,-2.24479480754,-2.635));
#4753=VECTOR('',#6141,1.076012147965);
#4754=CARTESIAN_POINT('',(-6.4,3.035,-2.635));
#4755=CARTESIAN_POINT('',(-6.4,3.035,-1.565));
#4756=CARTESIAN_POINT('',(-6.4,3.035,-2.635));
#4757=VECTOR('',#6142,1.07);
#4758=CARTESIAN_POINT('',(-6.4,1.965,-1.565));
#4759=CARTESIAN_POINT('',(-6.4,1.965,-1.565));
#4760=VECTOR('',#6143,1.07);
#4761=CARTESIAN_POINT('',(-6.4,1.965,-2.635));
#4762=CARTESIAN_POINT('',(-6.4,1.965,-2.635));
#4763=VECTOR('',#6144,1.07);
#4764=CARTESIAN_POINT('',(-6.4,1.965,-2.635));
#4765=VECTOR('',#6145,1.07);
#4766=CARTESIAN_POINT('',(-6.4,-1.168782659575,1.565));
#4767=CARTESIAN_POINT('',(-6.4,-1.168782659575,2.635));
#4768=CARTESIAN_POINT('',(-6.4,-1.168782659575,1.565));
#4769=VECTOR('',#6146,1.07);
#4770=CARTESIAN_POINT('',(-6.4,-2.24479480754,2.635));
#4771=CARTESIAN_POINT('',(-6.4,-2.24479480754,2.635));
#4772=VECTOR('',#6147,1.076012147965);
#4773=CARTESIAN_POINT('',(-6.4,-2.24479480754,1.565));
#4774=CARTESIAN_POINT('',(-6.4,-2.24479480754,1.565));
#4775=VECTOR('',#6148,1.07);
#4776=CARTESIAN_POINT('',(-6.4,-2.24479480754,1.565));
#4777=VECTOR('',#6149,1.076012147965);
#4778=CARTESIAN_POINT('',(-6.4,3.035,1.565));
#4779=CARTESIAN_POINT('',(-6.4,3.035,2.635));
#4780=CARTESIAN_POINT('',(-6.4,3.035,1.565));
#4781=VECTOR('',#6150,1.07);
#4782=CARTESIAN_POINT('',(-6.4,1.965,2.635));
#4783=CARTESIAN_POINT('',(-6.4,1.965,2.635));
#4784=VECTOR('',#6151,1.07);
#4785=CARTESIAN_POINT('',(-6.4,1.965,1.565));
#4786=CARTESIAN_POINT('',(-6.4,1.965,1.565));
#4787=VECTOR('',#6152,1.07);
#4788=CARTESIAN_POINT('',(-6.4,1.965,1.565));
#4789=VECTOR('',#6153,1.07);
#4790=CARTESIAN_POINT('',(-6.4,-1.168782659575,5.765));
#4791=CARTESIAN_POINT('',(-6.4,-1.168782659575,6.835));
#4792=CARTESIAN_POINT('',(-6.4,-1.168782659575,5.765));
#4793=VECTOR('',#6154,1.07);
#4794=CARTESIAN_POINT('',(-6.4,-2.24479480754,6.835));
#4795=CARTESIAN_POINT('',(-6.4,-2.24479480754,6.835));
#4796=VECTOR('',#6155,1.076012147965);
#4797=CARTESIAN_POINT('',(-6.4,-2.24479480754,5.765));
#4798=CARTESIAN_POINT('',(-6.4,-2.24479480754,5.765));
#4799=VECTOR('',#6156,1.07);
#4800=CARTESIAN_POINT('',(-6.4,-2.24479480754,5.765));
#4801=VECTOR('',#6157,1.076012147965);
#4802=CARTESIAN_POINT('',(-6.4,3.035,5.765));
#4803=CARTESIAN_POINT('',(-6.4,3.035,6.835));
#4804=CARTESIAN_POINT('',(-6.4,3.035,5.765));
#4805=VECTOR('',#6158,1.07);
#4806=CARTESIAN_POINT('',(-6.4,1.965,6.835));
#4807=CARTESIAN_POINT('',(-6.4,1.965,6.835));
#4808=VECTOR('',#6159,1.07);
#4809=CARTESIAN_POINT('',(-6.4,1.965,5.765));
#4810=CARTESIAN_POINT('',(-6.4,1.965,5.765));
#4811=VECTOR('',#6160,1.07);
#4812=CARTESIAN_POINT('',(-6.4,1.965,5.765));
#4813=VECTOR('',#6161,1.07);
#4814=CARTESIAN_POINT('',(6.4,-5.0,9.0));
#4815=CARTESIAN_POINT('',(-6.4,-5.0,9.0));
#4816=VECTOR('',#6162,12.8);
#4817=CARTESIAN_POINT('',(6.4,5.0,9.0));
#4818=CARTESIAN_POINT('',(6.4,5.0,9.0));
#4819=VECTOR('',#6163,10.0);
#4820=CARTESIAN_POINT('',(-6.4,5.0,9.0));
#4821=VECTOR('',#6164,12.8);
#4822=CARTESIAN_POINT('',(6.4,5.0,-9.0));
#4823=CARTESIAN_POINT('',(6.4,5.0,-1.7));
#4824=CARTESIAN_POINT('',(6.4,5.0,-9.0));
#4825=VECTOR('',#6165,7.3);
#4826=CARTESIAN_POINT('',(-6.4,5.0,-9.0));
#4827=VECTOR('',#6166,12.8);
#4828=CARTESIAN_POINT('',(6.4,5.0,1.7));
#4829=CARTESIAN_POINT('',(6.4,5.0,1.7));
#4830=VECTOR('',#6167,7.3);
#4831=CARTESIAN_POINT('',(3.35,5.0,1.7));
#4832=CARTESIAN_POINT('',(6.4,5.0,1.7));
#4833=VECTOR('',#6168,3.05);
#4834=CARTESIAN_POINT('',(3.35,5.0,-1.7));
#4835=CARTESIAN_POINT('',(3.35,5.0,-1.7));
#4836=VECTOR('',#6169,3.4);
#4837=CARTESIAN_POINT('',(6.4,5.0,-1.7));
#4838=VECTOR('',#6170,3.05);
#4839=CARTESIAN_POINT('',(3.35,6.4,-1.7));
#4840=CARTESIAN_POINT('',(3.35,6.4,-1.7));
#4841=VECTOR('',#6171,1.4);
#4842=CARTESIAN_POINT('',(4.05,6.4,-1.7));
#4843=CARTESIAN_POINT('',(4.05,6.4,-1.7));
#4844=VECTOR('',#6172,0.7);
#4845=CARTESIAN_POINT('',(6.4,5.0,-1.7));
#4846=VECTOR('',#6173,2.735415873318);
#4847=CARTESIAN_POINT('',(4.05,6.4,1.7));
#4848=CARTESIAN_POINT('',(4.05,6.4,-1.7));
#4849=VECTOR('',#6174,3.4);
#4850=CARTESIAN_POINT('',(6.4,5.0,1.7));
#4851=VECTOR('',#6175,2.735415873318);
#4852=CARTESIAN_POINT('',(6.4,5.0,-1.7));
#4853=VECTOR('',#6176,3.4);
#4854=CARTESIAN_POINT('',(6.4,-5.0,7.25));
#4855=CARTESIAN_POINT('',(6.4,-5.0,9.0));
#4856=VECTOR('',#6177,1.75);
#4857=CARTESIAN_POINT('',(6.4,-4.6,7.25));
#4858=CARTESIAN_POINT('',(6.4,-5.0,7.25));
#4859=VECTOR('',#6178,0.4);
#4860=CARTESIAN_POINT('',(6.4,-4.6,-7.25));
#4861=CARTESIAN_POINT('',(6.4,-4.6,7.25));
#4862=VECTOR('',#6179,14.5);
#4863=CARTESIAN_POINT('',(6.4,-5.0,-7.25));
#4864=CARTESIAN_POINT('',(6.4,-4.6,-7.25));
#4865=VECTOR('',#6180,0.4);
#4866=CARTESIAN_POINT('',(6.4,-5.0,-9.0));
#4867=CARTESIAN_POINT('',(6.4,-5.0,-7.25));
#4868=VECTOR('',#6181,1.75);
#4869=CARTESIAN_POINT('',(6.4,-2.65,-9.0));
#4870=CARTESIAN_POINT('',(6.4,-5.0,-9.0));
#4871=VECTOR('',#6182,2.35);
#4872=AXIS2_PLACEMENT_3D('',#6183,#6184,#6185);
#4873=CARTESIAN_POINT('',(6.4,-1.85,-9.0));
#4874=VECTOR('',#6186,6.85);
#4875=CARTESIAN_POINT('',(6.4,4.1,-8.1));
#4876=CARTESIAN_POINT('',(6.4,4.1,-4.5));
#4877=CARTESIAN_POINT('',(6.4,4.1,-8.1));
#4878=VECTOR('',#6187,3.6);
#4879=CARTESIAN_POINT('',(6.4,1.45,-8.1));
#4880=CARTESIAN_POINT('',(6.4,1.45,-8.1));
#4881=VECTOR('',#6188,2.65);
#4882=CARTESIAN_POINT('',(6.4,0.5,-7.15));
#4883=CARTESIAN_POINT('',(6.4,0.5,-7.15));
#4884=VECTOR('',#6189,1.343502884254);
#4885=CARTESIAN_POINT('',(6.4,0.5,-5.45));
#4886=CARTESIAN_POINT('',(6.4,0.5,-5.45));
#4887=VECTOR('',#6190,1.7);
#4888=CARTESIAN_POINT('',(6.4,1.45,-4.5));
#4889=CARTESIAN_POINT('',(6.4,1.45,-4.5));
#4890=VECTOR('',#6191,1.343502884254);
#4891=CARTESIAN_POINT('',(6.4,4.1,-4.5));
#4892=VECTOR('',#6192,2.65);
#4893=CARTESIAN_POINT('',(6.4,-0.1,-8.1));
#4894=CARTESIAN_POINT('',(6.4,-0.1,-4.5));
#4895=CARTESIAN_POINT('',(6.4,-0.1,-8.1));
#4896=VECTOR('',#6193,3.6);
#4897=CARTESIAN_POINT('',(6.4,-3.7,-8.1));
#4898=CARTESIAN_POINT('',(6.4,-3.7,-8.1));
#4899=VECTOR('',#6194,3.6);
#4900=CARTESIAN_POINT('',(6.4,-3.7,-4.5));
#4901=CARTESIAN_POINT('',(6.4,-3.7,-4.5));
#4902=VECTOR('',#6195,3.6);
#4903=CARTESIAN_POINT('',(6.4,-0.1,-4.5));
#4904=VECTOR('',#6196,3.6);
#4905=CARTESIAN_POINT('',(6.4,4.1,-3.9));
#4906=CARTESIAN_POINT('',(6.4,4.1,-0.3));
#4907=CARTESIAN_POINT('',(6.4,4.1,-3.9));
#4908=VECTOR('',#6197,3.6);
#4909=CARTESIAN_POINT('',(6.4,0.5,-3.9));
#4910=CARTESIAN_POINT('',(6.4,0.5,-3.9));
#4911=VECTOR('',#6198,3.6);
#4912=CARTESIAN_POINT('',(6.4,0.5,-0.3));
#4913=CARTESIAN_POINT('',(6.4,0.5,-0.3));
#4914=VECTOR('',#6199,3.6);
#4915=CARTESIAN_POINT('',(6.4,4.1,-0.3));
#4916=VECTOR('',#6200,3.6);
#4917=CARTESIAN_POINT('',(6.4,-0.1,-3.9));
#4918=CARTESIAN_POINT('',(6.4,-0.1,-0.3));
#4919=CARTESIAN_POINT('',(6.4,-0.1,-3.9));
#4920=VECTOR('',#6201,3.6);
#4921=CARTESIAN_POINT('',(6.4,-2.75,-3.9));
#4922=CARTESIAN_POINT('',(6.4,-2.75,-3.9));
#4923=VECTOR('',#6202,2.65);
#4924=CARTESIAN_POINT('',(6.4,-3.7,-2.95));
#4925=CARTESIAN_POINT('',(6.4,-3.7,-2.95));
#4926=VECTOR('',#6203,1.343502884254);
#4927=CARTESIAN_POINT('',(6.4,-3.7,-1.25));
#4928=CARTESIAN_POINT('',(6.4,-3.7,-1.25));
#4929=VECTOR('',#6204,1.7);
#4930=CARTESIAN_POINT('',(6.4,-2.75,-0.3));
#4931=CARTESIAN_POINT('',(6.4,-2.75,-0.3));
#4932=VECTOR('',#6205,1.343502884254);
#4933=CARTESIAN_POINT('',(6.4,-0.1,-0.3));
#4934=VECTOR('',#6206,2.65);
#4935=CARTESIAN_POINT('',(6.4,4.1,0.3));
#4936=CARTESIAN_POINT('',(6.4,4.1,3.9));
#4937=CARTESIAN_POINT('',(6.4,4.1,0.3));
#4938=VECTOR('',#6207,3.6);
#4939=CARTESIAN_POINT('',(6.4,0.5,0.3));
#4940=CARTESIAN_POINT('',(6.4,0.5,0.3));
#4941=VECTOR('',#6208,3.6);
#4942=CARTESIAN_POINT('',(6.4,0.5,3.9));
#4943=CARTESIAN_POINT('',(6.4,0.5,3.9));
#4944=VECTOR('',#6209,3.6);
#4945=CARTESIAN_POINT('',(6.4,4.1,3.9));
#4946=VECTOR('',#6210,3.6);
#4947=CARTESIAN_POINT('',(6.4,-0.1,0.3));
#4948=CARTESIAN_POINT('',(6.4,-0.1,3.9));
#4949=CARTESIAN_POINT('',(6.4,-0.1,0.3));
#4950=VECTOR('',#6211,3.6);
#4951=CARTESIAN_POINT('',(6.4,-2.75,0.3));
#4952=CARTESIAN_POINT('',(6.4,-2.75,0.3));
#4953=VECTOR('',#6212,2.65);
#4954=CARTESIAN_POINT('',(6.4,-3.7,1.25));
#4955=CARTESIAN_POINT('',(6.4,-3.7,1.25));
#4956=VECTOR('',#6213,1.343502884254);
#4957=CARTESIAN_POINT('',(6.4,-3.7,2.95));
#4958=CARTESIAN_POINT('',(6.4,-3.7,2.95));
#4959=VECTOR('',#6214,1.7);
#4960=CARTESIAN_POINT('',(6.4,-2.75,3.9));
#4961=CARTESIAN_POINT('',(6.4,-2.75,3.9));
#4962=VECTOR('',#6215,1.343502884254);
#4963=CARTESIAN_POINT('',(6.4,-0.1,3.9));
#4964=VECTOR('',#6216,2.65);
#4965=CARTESIAN_POINT('',(6.4,4.1,4.5));
#4966=CARTESIAN_POINT('',(6.4,4.1,8.1));
#4967=CARTESIAN_POINT('',(6.4,4.1,4.5));
#4968=VECTOR('',#6217,3.6);
#4969=CARTESIAN_POINT('',(6.4,1.45,4.5));
#4970=CARTESIAN_POINT('',(6.4,1.45,4.5));
#4971=VECTOR('',#6218,2.65);
#4972=CARTESIAN_POINT('',(6.4,0.5,5.45));
#4973=CARTESIAN_POINT('',(6.4,0.5,5.45));
#4974=VECTOR('',#6219,1.343502884254);
#4975=CARTESIAN_POINT('',(6.4,0.5,7.15));
#4976=CARTESIAN_POINT('',(6.4,0.5,7.15));
#4977=VECTOR('',#6220,1.7);
#4978=CARTESIAN_POINT('',(6.4,1.45,8.1));
#4979=CARTESIAN_POINT('',(6.4,1.45,8.1));
#4980=VECTOR('',#6221,1.343502884254);
#4981=CARTESIAN_POINT('',(6.4,4.1,8.1));
#4982=VECTOR('',#6222,2.65);
#4983=CARTESIAN_POINT('',(6.4,-0.1,4.5));
#4984=CARTESIAN_POINT('',(6.4,-0.1,8.1));
#4985=CARTESIAN_POINT('',(6.4,-0.1,4.5));
#4986=VECTOR('',#6223,3.6);
#4987=CARTESIAN_POINT('',(6.4,-3.7,4.5));
#4988=CARTESIAN_POINT('',(6.4,-3.7,4.5));
#4989=VECTOR('',#6224,3.6);
#4990=CARTESIAN_POINT('',(6.4,-3.7,8.1));
#4991=CARTESIAN_POINT('',(6.4,-3.7,8.1));
#4992=VECTOR('',#6225,3.6);
#4993=CARTESIAN_POINT('',(6.4,-0.1,8.1));
#4994=VECTOR('',#6226,3.6);
#4995=CARTESIAN_POINT('',(-5.9,-2.65,-9.0));
#4996=CARTESIAN_POINT('',(6.4,-2.65,-9.0));
#4997=VECTOR('',#6227,12.3);
#4998=CARTESIAN_POINT('',(-6.4,-5.0,-9.0));
#4999=VECTOR('',#6228,12.8);
#5000=CARTESIAN_POINT('',(-5.9,-2.65,-9.0));
#5001=VECTOR('',#6229,0.8);
#5002=AXIS2_PLACEMENT_3D('',#6230,#6231,#6232);
#5003=CARTESIAN_POINT('',(-6.4,-5.0,-7.25));
#5004=VECTOR('',#6233,12.8);
#5005=CARTESIAN_POINT('',(-6.4,-4.6,-7.25));
#5006=VECTOR('',#6234,12.8);
#5007=CARTESIAN_POINT('',(-6.4,-4.6,7.25));
#5008=VECTOR('',#6235,12.8);
#5009=CARTESIAN_POINT('',(-6.4,-5.0,7.25));
#5010=VECTOR('',#6236,12.8);
#5011=CARTESIAN_POINT('',(-2.7,1.45,-4.5));
#5012=CARTESIAN_POINT('',(6.4,1.45,-4.5));
#5013=VECTOR('',#6237,9.1);
#5014=CARTESIAN_POINT('',(-2.7,4.1,-4.5));
#5015=CARTESIAN_POINT('',(-2.7,4.1,-4.5));
#5016=VECTOR('',#6238,2.65);
#5017=CARTESIAN_POINT('',(6.4,4.1,-4.5));
#5018=VECTOR('',#6239,9.1);
#5019=CARTESIAN_POINT('',(-2.7,4.1,-8.1));
#5020=CARTESIAN_POINT('',(-2.7,4.1,-8.1));
#5021=VECTOR('',#6240,3.6);
#5022=CARTESIAN_POINT('',(6.4,4.1,-8.1));
#5023=VECTOR('',#6241,9.1);
#5024=CARTESIAN_POINT('',(-2.7,1.45,-8.1));
#5025=CARTESIAN_POINT('',(-2.7,1.45,-8.1));
#5026=VECTOR('',#6242,2.65);
#5027=CARTESIAN_POINT('',(6.4,1.45,-8.1));
#5028=VECTOR('',#6243,9.1);
#5029=CARTESIAN_POINT('',(-2.7,0.5,-7.15));
#5030=CARTESIAN_POINT('',(-2.7,0.5,-7.15));
#5031=VECTOR('',#6244,1.343502884254);
#5032=CARTESIAN_POINT('',(6.4,0.5,-7.15));
#5033=VECTOR('',#6245,9.1);
#5034=CARTESIAN_POINT('',(-2.7,0.5,-5.45));
#5035=CARTESIAN_POINT('',(-2.7,0.5,-5.45));
#5036=VECTOR('',#6246,1.7);
#5037=CARTESIAN_POINT('',(6.4,0.5,-5.45));
#5038=VECTOR('',#6247,9.1);
#5039=CARTESIAN_POINT('',(-2.7,1.45,-4.5));
#5040=VECTOR('',#6248,1.343502884254);
#5041=CARTESIAN_POINT('',(-2.7,1.965,-6.835));
#5042=CARTESIAN_POINT('',(-2.7,1.965,-5.765));
#5043=CARTESIAN_POINT('',(-2.7,1.965,-6.835));
#5044=VECTOR('',#6249,1.07);
#5045=CARTESIAN_POINT('',(-2.7,3.035,-5.765));
#5046=CARTESIAN_POINT('',(-2.7,1.965,-5.765));
#5047=VECTOR('',#6250,1.07);
#5048=CARTESIAN_POINT('',(-2.7,3.035,-6.835));
#5049=CARTESIAN_POINT('',(-2.7,3.035,-6.835));
#5050=VECTOR('',#6251,1.07);
#5051=CARTESIAN_POINT('',(-2.7,1.965,-6.835));
#5052=VECTOR('',#6252,1.07);
#5053=CARTESIAN_POINT('',(-2.7,-3.7,-4.5));
#5054=CARTESIAN_POINT('',(-2.7,-3.7,-8.1));
#5055=CARTESIAN_POINT('',(-2.7,-3.7,-4.5));
#5056=VECTOR('',#6253,3.6);
#5057=CARTESIAN_POINT('',(-2.7,-0.1,-8.1));
#5058=CARTESIAN_POINT('',(-2.7,-3.7,-8.1));
#5059=VECTOR('',#6254,3.6);
#5060=CARTESIAN_POINT('',(-2.7,-0.1,-4.5));
#5061=CARTESIAN_POINT('',(-2.7,-0.1,-8.1));
#5062=VECTOR('',#6255,3.6);
#5063=CARTESIAN_POINT('',(-2.7,-0.1,-4.5));
#5064=VECTOR('',#6256,3.6);
#5065=CARTESIAN_POINT('',(-2.7,-2.235,-6.835));
#5066=CARTESIAN_POINT('',(-2.7,-2.235,-5.765));
#5067=CARTESIAN_POINT('',(-2.7,-2.235,-6.835));
#5068=VECTOR('',#6257,1.07);
#5069=CARTESIAN_POINT('',(-2.7,-1.165,-5.765));
#5070=CARTESIAN_POINT('',(-2.7,-2.235,-5.765));
#5071=VECTOR('',#6258,1.07);
#5072=CARTESIAN_POINT('',(-2.7,-1.165,-6.835));
#5073=CARTESIAN_POINT('',(-2.7,-1.165,-6.835));
#5074=VECTOR('',#6259,1.07);
#5075=CARTESIAN_POINT('',(-2.7,-2.235,-6.835));
#5076=VECTOR('',#6260,1.07);
#5077=CARTESIAN_POINT('',(6.4,-3.7,-4.5));
#5078=VECTOR('',#6261,9.1);
#5079=CARTESIAN_POINT('',(6.4,-0.1,-4.5));
#5080=VECTOR('',#6262,9.1);
#5081=CARTESIAN_POINT('',(6.4,-0.1,-8.1));
#5082=VECTOR('',#6263,9.1);
#5083=CARTESIAN_POINT('',(6.4,-3.7,-8.1));
#5084=VECTOR('',#6264,9.1);
#5085=CARTESIAN_POINT('',(1.1,1.965,-6.835));
#5086=CARTESIAN_POINT('',(-2.7,1.965,-6.835));
#5087=VECTOR('',#6265,3.8);
#5088=CARTESIAN_POINT('',(1.1,3.035,-6.835));
#5089=CARTESIAN_POINT('',(1.1,3.035,-6.835));
#5090=VECTOR('',#6266,3.8);
#5091=CARTESIAN_POINT('',(1.1,3.035,-6.835));
#5092=VECTOR('',#6267,1.07);
#5093=CARTESIAN_POINT('',(1.1,-2.235,-6.835));
#5094=CARTESIAN_POINT('',(-2.7,-2.235,-6.835));
#5095=VECTOR('',#6268,3.8);
#5096=CARTESIAN_POINT('',(1.1,-1.165,-6.835));
#5097=CARTESIAN_POINT('',(1.1,-1.165,-6.835));
#5098=VECTOR('',#6269,3.8);
#5099=CARTESIAN_POINT('',(1.1,-1.165,-6.835));
#5100=VECTOR('',#6270,1.07);
#5101=CARTESIAN_POINT('',(-8.035,-2.915,-6.835));
#5102=CARTESIAN_POINT('',(-8.035,-7.5,-6.835));
#5103=CARTESIAN_POINT('',(-8.035,-2.915,-6.835));
#5104=VECTOR('',#6271,4.585);
#5105=AXIS2_PLACEMENT_3D('',#6272,#6273,#6274);
#5106=CARTESIAN_POINT('',(-6.965,-2.915,-6.835));
#5107=AXIS2_PLACEMENT_3D('',#6275,#6276,#6277);
#5108=CARTESIAN_POINT('',(-6.965,-7.5,-6.835));
#5109=CARTESIAN_POINT('',(-6.965,-7.5,-6.835));
#5110=VECTOR('',#6278,4.585);
#5111=CARTESIAN_POINT('',(-6.965,-7.5,-6.835));
#5112=VECTOR('',#6279,1.07);
#5113=CARTESIAN_POINT('',(-13.535,1.285,-6.835));
#5114=CARTESIAN_POINT('',(-13.535,-7.5,-6.835));
#5115=CARTESIAN_POINT('',(-13.535,1.285,-6.835));
#5116=VECTOR('',#6280,8.785);
#5117=CARTESIAN_POINT('',(-11.785,3.035,-6.835));
#5118=AXIS2_PLACEMENT_3D('',#6281,#6282,#6283);
#5119=CARTESIAN_POINT('',(-6.4,3.035,-6.835));
#5120=VECTOR('',#6284,5.385);
#5121=CARTESIAN_POINT('',(-11.785,1.965,-6.835));
#5122=CARTESIAN_POINT('',(-11.785,1.965,-6.835));
#5123=VECTOR('',#6285,5.385);
#5124=CARTESIAN_POINT('',(-12.465,1.285,-6.835));
#5125=AXIS2_PLACEMENT_3D('',#6286,#6287,#6288);
#5126=CARTESIAN_POINT('',(-12.465,-7.5,-6.835));
#5127=CARTESIAN_POINT('',(-12.465,-7.5,-6.835));
#5128=VECTOR('',#6289,8.785);
#5129=CARTESIAN_POINT('',(-12.465,-7.5,-6.835));
#5130=VECTOR('',#6290,1.07);
#5131=CARTESIAN_POINT('',(2.6,2.785,-6.585));
#5132=CARTESIAN_POINT('',(2.6,2.785,-6.585));
#5133=VECTOR('',#6291,1.541103500742);
#5134=CARTESIAN_POINT('',(2.6,2.215,-6.585));
#5135=CARTESIAN_POINT('',(2.6,2.785,-6.585));
#5136=VECTOR('',#6292,0.57);
#5137=CARTESIAN_POINT('',(2.6,2.215,-6.585));
#5138=VECTOR('',#6293,1.541103500742);
#5139=CARTESIAN_POINT('',(2.6,2.215,-6.015));
#5140=CARTESIAN_POINT('',(2.6,2.215,-6.015));
#5141=VECTOR('',#6294,0.57);
#5142=CARTESIAN_POINT('',(1.1,1.965,-5.765));
#5143=CARTESIAN_POINT('',(2.6,2.215,-6.015));
#5144=VECTOR('',#6295,1.541103500742);
#5145=CARTESIAN_POINT('',(1.1,1.965,-5.765));
#5146=VECTOR('',#6296,1.07);
#5147=CARTESIAN_POINT('',(-11.785,1.965,-5.765));
#5148=CARTESIAN_POINT('',(-11.785,1.965,-5.765));
#5149=VECTOR('',#6297,5.385);
#5150=CARTESIAN_POINT('',(-11.785,1.965,-6.835));
#5151=VECTOR('',#6298,1.07);
#5152=CARTESIAN_POINT('',(-2.7,1.965,-5.765));
#5153=VECTOR('',#6299,3.8);
#5154=CARTESIAN_POINT('',(-12.465,1.285,-5.765));
#5155=AXIS2_PLACEMENT_3D('',#6300,#6301,#6302);
#5156=CARTESIAN_POINT('',(-12.465,1.285,-6.835));
#5157=VECTOR('',#6303,1.07);
#5158=CARTESIAN_POINT('',(-12.465,-7.5,-5.765));
#5159=CARTESIAN_POINT('',(-12.465,-7.5,-5.765));
#5160=VECTOR('',#6304,8.785);
#5161=CARTESIAN_POINT('',(-12.465,-7.5,-5.765));
#5162=VECTOR('',#6305,1.07);
#5163=CARTESIAN_POINT('',(-12.715,-9.0,-6.015));
#5164=CARTESIAN_POINT('',(-12.465,-7.5,-5.765));
#5165=VECTOR('',#6306,1.541103500742);
#5166=CARTESIAN_POINT('',(-12.715,-9.0,-6.585));
#5167=CARTESIAN_POINT('',(-12.715,-9.0,-6.015));
#5168=VECTOR('',#6307,0.57);
#5169=CARTESIAN_POINT('',(-12.715,-9.0,-6.585));
#5170=VECTOR('',#6308,1.541103500742);
#5171=CARTESIAN_POINT('',(-13.285,-9.0,-6.585));
#5172=CARTESIAN_POINT('',(-12.715,-9.0,-6.585));
#5173=VECTOR('',#6309,0.57);
#5174=CARTESIAN_POINT('',(-13.285,-9.0,-6.585));
#5175=VECTOR('',#6310,1.541103500742);
#5176=CARTESIAN_POINT('',(-13.285,-9.0,-6.015));
#5177=CARTESIAN_POINT('',(-13.285,-9.0,-6.015));
#5178=VECTOR('',#6311,0.57);
#5179=CARTESIAN_POINT('',(-13.535,-7.5,-5.765));
#5180=CARTESIAN_POINT('',(-13.285,-9.0,-6.015));
#5181=VECTOR('',#6312,1.541103500742);
#5182=CARTESIAN_POINT('',(-13.535,-7.5,-5.765));
#5183=VECTOR('',#6313,1.07);
#5184=CARTESIAN_POINT('',(-13.535,1.285,-5.765));
#5185=CARTESIAN_POINT('',(-13.535,1.285,-5.765));
#5186=VECTOR('',#6314,8.785);
#5187=CARTESIAN_POINT('',(-13.535,1.285,-6.835));
#5188=VECTOR('',#6315,1.07);
#5189=CARTESIAN_POINT('',(-11.785,3.035,-5.765));
#5190=AXIS2_PLACEMENT_3D('',#6316,#6317,#6318);
#5191=CARTESIAN_POINT('',(-11.785,3.035,-6.835));
#5192=VECTOR('',#6319,1.07);
#5193=CARTESIAN_POINT('',(-6.4,3.035,-5.765));
#5194=VECTOR('',#6320,5.385);
#5195=CARTESIAN_POINT('',(1.1,3.035,-5.765));
#5196=CARTESIAN_POINT('',(1.1,3.035,-5.765));
#5197=VECTOR('',#6321,3.8);
#5198=CARTESIAN_POINT('',(1.1,3.035,-5.765));
#5199=VECTOR('',#6322,1.07);
#5200=CARTESIAN_POINT('',(1.1,1.965,-5.765));
#5201=VECTOR('',#6323,1.07);
#5202=CARTESIAN_POINT('',(1.1,-1.165,-5.765));
#5203=CARTESIAN_POINT('',(1.1,-1.165,-5.765));
#5204=VECTOR('',#6324,3.8);
#5205=CARTESIAN_POINT('',(1.1,-2.235,-5.765));
#5206=CARTESIAN_POINT('',(-2.7,-2.235,-5.765));
#5207=VECTOR('',#6325,3.8);
#5208=CARTESIAN_POINT('',(1.1,-2.235,-5.765));
#5209=VECTOR('',#6326,1.07);
#5210=CARTESIAN_POINT('',(-6.965,-7.5,-5.765));
#5211=CARTESIAN_POINT('',(-6.965,-2.915,-5.765));
#5212=CARTESIAN_POINT('',(-6.965,-7.5,-5.765));
#5213=VECTOR('',#6327,4.585);
#5214=AXIS2_PLACEMENT_3D('',#6328,#6329,#6330);
#5215=CARTESIAN_POINT('',(-8.035,-2.915,-5.765));
#5216=AXIS2_PLACEMENT_3D('',#6331,#6332,#6333);
#5217=CARTESIAN_POINT('',(-8.035,-7.5,-5.765));
#5218=CARTESIAN_POINT('',(-8.035,-2.915,-5.765));
#5219=VECTOR('',#6334,4.585);
#5220=CARTESIAN_POINT('',(-8.035,-7.5,-5.765));
#5221=VECTOR('',#6335,1.07);
#5222=CARTESIAN_POINT('',(-13.535,-7.5,-5.765));
#5223=VECTOR('',#6336,1.07);
#5224=CARTESIAN_POINT('',(2.6,2.785,-6.015));
#5225=CARTESIAN_POINT('',(1.1,3.035,-5.765));
#5226=VECTOR('',#6337,1.541103500742);
#5227=CARTESIAN_POINT('',(2.6,2.215,-6.015));
#5228=VECTOR('',#6338,0.57);
#5229=CARTESIAN_POINT('',(2.6,2.785,-6.015));
#5230=VECTOR('',#6339,0.57);
#5231=CARTESIAN_POINT('',(2.6,-1.415,-6.015));
#5232=CARTESIAN_POINT('',(2.6,-1.415,-6.015));
#5233=VECTOR('',#6340,1.541103500742);
#5234=CARTESIAN_POINT('',(2.6,-1.985,-6.015));
#5235=CARTESIAN_POINT('',(2.6,-1.985,-6.015));
#5236=VECTOR('',#6341,1.541103500742);
#5237=CARTESIAN_POINT('',(2.6,-1.985,-6.015));
#5238=VECTOR('',#6342,0.57);
#5239=CARTESIAN_POINT('',(2.6,-1.985,-6.585));
#5240=CARTESIAN_POINT('',(2.6,-1.985,-6.015));
#5241=VECTOR('',#6343,0.57);
#5242=CARTESIAN_POINT('',(2.6,-1.415,-6.585));
#5243=CARTESIAN_POINT('',(2.6,-1.415,-6.585));
#5244=VECTOR('',#6344,0.57);
#5245=CARTESIAN_POINT('',(2.6,-1.415,-6.015));
#5246=VECTOR('',#6345,0.57);
#5247=CARTESIAN_POINT('',(2.6,-1.415,-6.585));
#5248=VECTOR('',#6346,1.541103500742);
#5249=CARTESIAN_POINT('',(1.1,-1.165,-5.765));
#5250=VECTOR('',#6347,1.07);
#5251=CARTESIAN_POINT('',(2.6,-1.985,-6.585));
#5252=VECTOR('',#6348,1.541103500742);
#5253=CARTESIAN_POINT('',(1.1,-2.235,-5.765));
#5254=VECTOR('',#6349,1.07);
#5255=CARTESIAN_POINT('',(-7.215,-9.0,-6.015));
#5256=CARTESIAN_POINT('',(-6.965,-7.5,-5.765));
#5257=VECTOR('',#6350,1.541103500742);
#5258=CARTESIAN_POINT('',(-7.785,-9.0,-6.015));
#5259=CARTESIAN_POINT('',(-7.785,-9.0,-6.015));
#5260=VECTOR('',#6351,1.541103500742);
#5261=CARTESIAN_POINT('',(-7.785,-9.0,-6.015));
#5262=VECTOR('',#6352,0.57);
#5263=CARTESIAN_POINT('',(-7.785,-9.0,-6.585));
#5264=CARTESIAN_POINT('',(-7.785,-9.0,-6.015));
#5265=VECTOR('',#6353,0.57);
#5266=CARTESIAN_POINT('',(-7.215,-9.0,-6.585));
#5267=CARTESIAN_POINT('',(-7.215,-9.0,-6.585));
#5268=VECTOR('',#6354,0.57);
#5269=CARTESIAN_POINT('',(-7.215,-9.0,-6.015));
#5270=VECTOR('',#6355,0.57);
#5271=CARTESIAN_POINT('',(-7.215,-9.0,-6.585));
#5272=VECTOR('',#6356,1.541103500742);
#5273=CARTESIAN_POINT('',(-6.965,-7.5,-5.765));
#5274=VECTOR('',#6357,1.07);
#5275=CARTESIAN_POINT('',(-6.965,-2.915,-6.835));
#5276=VECTOR('',#6358,1.07);
#5277=CARTESIAN_POINT('',(-7.785,-9.0,-6.585));
#5278=VECTOR('',#6359,1.541103500742);
#5279=CARTESIAN_POINT('',(-8.035,-7.5,-5.765));
#5280=VECTOR('',#6360,1.07);
#5281=CARTESIAN_POINT('',(-8.035,-2.915,-6.835));
#5282=VECTOR('',#6361,1.07);
#5283=CARTESIAN_POINT('',(-13.285,-9.0,-6.015));
#5284=VECTOR('',#6362,0.57);
#5285=CARTESIAN_POINT('',(-2.7,0.5,-0.3));
#5286=CARTESIAN_POINT('',(6.4,0.5,-0.3));
#5287=VECTOR('',#6363,9.1);
#5288=CARTESIAN_POINT('',(-2.7,4.1,-0.3));
#5289=CARTESIAN_POINT('',(-2.7,4.1,-0.3));
#5290=VECTOR('',#6364,3.6);
#5291=CARTESIAN_POINT('',(6.4,4.1,-0.3));
#5292=VECTOR('',#6365,9.1);
#5293=CARTESIAN_POINT('',(-2.7,4.1,-3.9));
#5294=CARTESIAN_POINT('',(-2.7,4.1,-3.9));
#5295=VECTOR('',#6366,3.6);
#5296=CARTESIAN_POINT('',(6.4,4.1,-3.9));
#5297=VECTOR('',#6367,9.1);
#5298=CARTESIAN_POINT('',(-2.7,0.5,-3.9));
#5299=CARTESIAN_POINT('',(-2.7,0.5,-3.9));
#5300=VECTOR('',#6368,3.6);
#5301=CARTESIAN_POINT('',(6.4,0.5,-3.9));
#5302=VECTOR('',#6369,9.1);
#5303=CARTESIAN_POINT('',(-2.7,0.5,-0.3));
#5304=VECTOR('',#6370,3.6);
#5305=CARTESIAN_POINT('',(-2.7,1.965,-2.635));
#5306=CARTESIAN_POINT('',(-2.7,1.965,-1.565));
#5307=CARTESIAN_POINT('',(-2.7,1.965,-2.635));
#5308=VECTOR('',#6371,1.07);
#5309=CARTESIAN_POINT('',(-2.7,3.035,-1.565));
#5310=CARTESIAN_POINT('',(-2.7,1.965,-1.565));
#5311=VECTOR('',#6372,1.07);
#5312=CARTESIAN_POINT('',(-2.7,3.035,-2.635));
#5313=CARTESIAN_POINT('',(-2.7,3.035,-2.635));
#5314=VECTOR('',#6373,1.07);
#5315=CARTESIAN_POINT('',(-2.7,1.965,-2.635));
#5316=VECTOR('',#6374,1.07);
#5317=CARTESIAN_POINT('',(-2.7,-2.75,-0.3));
#5318=CARTESIAN_POINT('',(-2.7,-3.7,-1.25));
#5319=CARTESIAN_POINT('',(-2.7,-2.75,-0.3));
#5320=VECTOR('',#6375,1.343502884254);
#5321=CARTESIAN_POINT('',(-2.7,-3.7,-2.95));
#5322=CARTESIAN_POINT('',(-2.7,-3.7,-1.25));
#5323=VECTOR('',#6376,1.7);
#5324=CARTESIAN_POINT('',(-2.7,-2.75,-3.9));
#5325=CARTESIAN_POINT('',(-2.7,-3.7,-2.95));
#5326=VECTOR('',#6377,1.343502884254);
#5327=CARTESIAN_POINT('',(-2.7,-0.1,-3.9));
#5328=CARTESIAN_POINT('',(-2.7,-2.75,-3.9));
#5329=VECTOR('',#6378,2.65);
#5330=CARTESIAN_POINT('',(-2.7,-0.1,-0.3));
#5331=CARTESIAN_POINT('',(-2.7,-0.1,-3.9));
#5332=VECTOR('',#6379,3.6);
#5333=CARTESIAN_POINT('',(-2.7,-0.1,-0.3));
#5334=VECTOR('',#6380,2.65);
#5335=CARTESIAN_POINT('',(-2.7,-2.235,-2.635));
#5336=CARTESIAN_POINT('',(-2.7,-2.235,-1.565));
#5337=CARTESIAN_POINT('',(-2.7,-2.235,-2.635));
#5338=VECTOR('',#6381,1.07);
#5339=CARTESIAN_POINT('',(-2.7,-1.165,-1.565));
#5340=CARTESIAN_POINT('',(-2.7,-2.235,-1.565));
#5341=VECTOR('',#6382,1.07);
#5342=CARTESIAN_POINT('',(-2.7,-1.165,-2.635));
#5343=CARTESIAN_POINT('',(-2.7,-1.165,-2.635));
#5344=VECTOR('',#6383,1.07);
#5345=CARTESIAN_POINT('',(-2.7,-2.235,-2.635));
#5346=VECTOR('',#6384,1.07);
#5347=CARTESIAN_POINT('',(6.4,-2.75,-0.3));
#5348=VECTOR('',#6385,9.1);
#5349=CARTESIAN_POINT('',(6.4,-0.1,-0.3));
#5350=VECTOR('',#6386,9.1);
#5351=CARTESIAN_POINT('',(6.4,-0.1,-3.9));
#5352=VECTOR('',#6387,9.1);
#5353=CARTESIAN_POINT('',(6.4,-2.75,-3.9));
#5354=VECTOR('',#6388,9.1);
#5355=CARTESIAN_POINT('',(6.4,-3.7,-2.95));
#5356=VECTOR('',#6389,9.1);
#5357=CARTESIAN_POINT('',(6.4,-3.7,-1.25));
#5358=VECTOR('',#6390,9.1);
#5359=CARTESIAN_POINT('',(1.1,1.965,-2.635));
#5360=CARTESIAN_POINT('',(-2.7,1.965,-2.635));
#5361=VECTOR('',#6391,3.8);
#5362=CARTESIAN_POINT('',(1.1,3.035,-2.635));
#5363=CARTESIAN_POINT('',(1.1,3.035,-2.635));
#5364=VECTOR('',#6392,3.8);
#5365=CARTESIAN_POINT('',(1.1,3.035,-2.635));
#5366=VECTOR('',#6393,1.07);
#5367=CARTESIAN_POINT('',(1.1,-2.235,-2.635));
#5368=CARTESIAN_POINT('',(-2.7,-2.235,-2.635));
#5369=VECTOR('',#6394,3.8);
#5370=CARTESIAN_POINT('',(1.1,-1.165,-2.635));
#5371=CARTESIAN_POINT('',(1.1,-1.165,-2.635));
#5372=VECTOR('',#6395,3.8);
#5373=CARTESIAN_POINT('',(1.1,-1.165,-2.635));
#5374=VECTOR('',#6396,1.07);
#5375=CARTESIAN_POINT('',(-8.035,-2.915,-2.635));
#5376=CARTESIAN_POINT('',(-8.035,-7.5,-2.635));
#5377=CARTESIAN_POINT('',(-8.035,-2.915,-2.635));
#5378=VECTOR('',#6397,4.585);
#5379=AXIS2_PLACEMENT_3D('',#6398,#6399,#6400);
#5380=CARTESIAN_POINT('',(-6.965,-2.915,-2.635));
#5381=AXIS2_PLACEMENT_3D('',#6401,#6402,#6403);
#5382=CARTESIAN_POINT('',(-6.965,-7.5,-2.635));
#5383=CARTESIAN_POINT('',(-6.965,-7.5,-2.635));
#5384=VECTOR('',#6404,4.585);
#5385=CARTESIAN_POINT('',(-6.965,-7.5,-2.635));
#5386=VECTOR('',#6405,1.07);
#5387=CARTESIAN_POINT('',(-13.535,1.285,-2.635));
#5388=CARTESIAN_POINT('',(-13.535,-7.5,-2.635));
#5389=CARTESIAN_POINT('',(-13.535,1.285,-2.635));
#5390=VECTOR('',#6406,8.785);
#5391=CARTESIAN_POINT('',(-11.785,3.035,-2.635));
#5392=AXIS2_PLACEMENT_3D('',#6407,#6408,#6409);
#5393=CARTESIAN_POINT('',(-6.4,3.035,-2.635));
#5394=VECTOR('',#6410,5.385);
#5395=CARTESIAN_POINT('',(-11.785,1.965,-2.635));
#5396=CARTESIAN_POINT('',(-11.785,1.965,-2.635));
#5397=VECTOR('',#6411,5.385);
#5398=CARTESIAN_POINT('',(-12.465,1.285,-2.635));
#5399=AXIS2_PLACEMENT_3D('',#6412,#6413,#6414);
#5400=CARTESIAN_POINT('',(-12.465,-7.5,-2.635));
#5401=CARTESIAN_POINT('',(-12.465,-7.5,-2.635));
#5402=VECTOR('',#6415,8.785);
#5403=CARTESIAN_POINT('',(-12.465,-7.5,-2.635));
#5404=VECTOR('',#6416,1.07);
#5405=CARTESIAN_POINT('',(2.6,2.785,-2.385));
#5406=CARTESIAN_POINT('',(2.6,2.785,-2.385));
#5407=VECTOR('',#6417,1.541103500742);
#5408=CARTESIAN_POINT('',(2.6,2.215,-2.385));
#5409=CARTESIAN_POINT('',(2.6,2.785,-2.385));
#5410=VECTOR('',#6418,0.57);
#5411=CARTESIAN_POINT('',(2.6,2.215,-2.385));
#5412=VECTOR('',#6419,1.541103500742);
#5413=CARTESIAN_POINT('',(2.6,2.215,-1.815));
#5414=CARTESIAN_POINT('',(2.6,2.215,-1.815));
#5415=VECTOR('',#6420,0.57);
#5416=CARTESIAN_POINT('',(1.1,1.965,-1.565));
#5417=CARTESIAN_POINT('',(2.6,2.215,-1.815));
#5418=VECTOR('',#6421,1.541103500742);
#5419=CARTESIAN_POINT('',(1.1,1.965,-1.565));
#5420=VECTOR('',#6422,1.07);
#5421=CARTESIAN_POINT('',(-11.785,1.965,-1.565));
#5422=CARTESIAN_POINT('',(-11.785,1.965,-1.565));
#5423=VECTOR('',#6423,5.385);
#5424=CARTESIAN_POINT('',(-11.785,1.965,-2.635));
#5425=VECTOR('',#6424,1.07);
#5426=CARTESIAN_POINT('',(-2.7,1.965,-1.565));
#5427=VECTOR('',#6425,3.8);
#5428=CARTESIAN_POINT('',(-12.465,1.285,-1.565));
#5429=AXIS2_PLACEMENT_3D('',#6426,#6427,#6428);
#5430=CARTESIAN_POINT('',(-12.465,1.285,-2.635));
#5431=VECTOR('',#6429,1.07);
#5432=CARTESIAN_POINT('',(-12.465,-7.5,-1.565));
#5433=CARTESIAN_POINT('',(-12.465,-7.5,-1.565));
#5434=VECTOR('',#6430,8.785);
#5435=CARTESIAN_POINT('',(-12.465,-7.5,-1.565));
#5436=VECTOR('',#6431,1.07);
#5437=CARTESIAN_POINT('',(-12.715,-9.0,-1.815));
#5438=CARTESIAN_POINT('',(-12.465,-7.5,-1.565));
#5439=VECTOR('',#6432,1.541103500742);
#5440=CARTESIAN_POINT('',(-12.715,-9.0,-2.385));
#5441=CARTESIAN_POINT('',(-12.715,-9.0,-1.815));
#5442=VECTOR('',#6433,0.57);
#5443=CARTESIAN_POINT('',(-12.715,-9.0,-2.385));
#5444=VECTOR('',#6434,1.541103500742);
#5445=CARTESIAN_POINT('',(-13.285,-9.0,-2.385));
#5446=CARTESIAN_POINT('',(-12.715,-9.0,-2.385));
#5447=VECTOR('',#6435,0.57);
#5448=CARTESIAN_POINT('',(-13.285,-9.0,-2.385));
#5449=VECTOR('',#6436,1.541103500742);
#5450=CARTESIAN_POINT('',(-13.285,-9.0,-1.815));
#5451=CARTESIAN_POINT('',(-13.285,-9.0,-1.815));
#5452=VECTOR('',#6437,0.57);
#5453=CARTESIAN_POINT('',(-13.535,-7.5,-1.565));
#5454=CARTESIAN_POINT('',(-13.285,-9.0,-1.815));
#5455=VECTOR('',#6438,1.541103500742);
#5456=CARTESIAN_POINT('',(-13.535,-7.5,-1.565));
#5457=VECTOR('',#6439,1.07);
#5458=CARTESIAN_POINT('',(-13.535,1.285,-1.565));
#5459=CARTESIAN_POINT('',(-13.535,1.285,-1.565));
#5460=VECTOR('',#6440,8.785);
#5461=CARTESIAN_POINT('',(-13.535,1.285,-2.635));
#5462=VECTOR('',#6441,1.07);
#5463=CARTESIAN_POINT('',(-11.785,3.035,-1.565));
#5464=AXIS2_PLACEMENT_3D('',#6442,#6443,#6444);
#5465=CARTESIAN_POINT('',(-11.785,3.035,-2.635));
#5466=VECTOR('',#6445,1.07);
#5467=CARTESIAN_POINT('',(-6.4,3.035,-1.565));
#5468=VECTOR('',#6446,5.385);
#5469=CARTESIAN_POINT('',(1.1,3.035,-1.565));
#5470=CARTESIAN_POINT('',(1.1,3.035,-1.565));
#5471=VECTOR('',#6447,3.8);
#5472=CARTESIAN_POINT('',(1.1,3.035,-1.565));
#5473=VECTOR('',#6448,1.07);
#5474=CARTESIAN_POINT('',(1.1,1.965,-1.565));
#5475=VECTOR('',#6449,1.07);
#5476=CARTESIAN_POINT('',(1.1,-1.165,-1.565));
#5477=CARTESIAN_POINT('',(1.1,-1.165,-1.565));
#5478=VECTOR('',#6450,3.8);
#5479=CARTESIAN_POINT('',(1.1,-2.235,-1.565));
#5480=CARTESIAN_POINT('',(-2.7,-2.235,-1.565));
#5481=VECTOR('',#6451,3.8);
#5482=CARTESIAN_POINT('',(1.1,-2.235,-1.565));
#5483=VECTOR('',#6452,1.07);
#5484=CARTESIAN_POINT('',(-6.965,-7.5,-1.565));
#5485=CARTESIAN_POINT('',(-6.965,-2.915,-1.565));
#5486=CARTESIAN_POINT('',(-6.965,-7.5,-1.565));
#5487=VECTOR('',#6453,4.585);
#5488=AXIS2_PLACEMENT_3D('',#6454,#6455,#6456);
#5489=CARTESIAN_POINT('',(-8.035,-2.915,-1.565));
#5490=AXIS2_PLACEMENT_3D('',#6457,#6458,#6459);
#5491=CARTESIAN_POINT('',(-8.035,-7.5,-1.565));
#5492=CARTESIAN_POINT('',(-8.035,-2.915,-1.565));
#5493=VECTOR('',#6460,4.585);
#5494=CARTESIAN_POINT('',(-8.035,-7.5,-1.565));
#5495=VECTOR('',#6461,1.07);
#5496=CARTESIAN_POINT('',(-13.535,-7.5,-1.565));
#5497=VECTOR('',#6462,1.07);
#5498=CARTESIAN_POINT('',(2.6,2.785,-1.815));
#5499=CARTESIAN_POINT('',(1.1,3.035,-1.565));
#5500=VECTOR('',#6463,1.541103500742);
#5501=CARTESIAN_POINT('',(2.6,2.215,-1.815));
#5502=VECTOR('',#6464,0.57);
#5503=CARTESIAN_POINT('',(2.6,2.785,-1.815));
#5504=VECTOR('',#6465,0.57);
#5505=CARTESIAN_POINT('',(2.6,-1.415,-1.815));
#5506=CARTESIAN_POINT('',(2.6,-1.415,-1.815));
#5507=VECTOR('',#6466,1.541103500742);
#5508=CARTESIAN_POINT('',(2.6,-1.985,-1.815));
#5509=CARTESIAN_POINT('',(2.6,-1.985,-1.815));
#5510=VECTOR('',#6467,1.541103500742);
#5511=CARTESIAN_POINT('',(2.6,-1.985,-1.815));
#5512=VECTOR('',#6468,0.57);
#5513=CARTESIAN_POINT('',(2.6,-1.985,-2.385));
#5514=CARTESIAN_POINT('',(2.6,-1.985,-1.815));
#5515=VECTOR('',#6469,0.57);
#5516=CARTESIAN_POINT('',(2.6,-1.415,-2.385));
#5517=CARTESIAN_POINT('',(2.6,-1.415,-2.385));
#5518=VECTOR('',#6470,0.57);
#5519=CARTESIAN_POINT('',(2.6,-1.415,-1.815));
#5520=VECTOR('',#6471,0.57);
#5521=CARTESIAN_POINT('',(2.6,-1.415,-2.385));
#5522=VECTOR('',#6472,1.541103500742);
#5523=CARTESIAN_POINT('',(1.1,-1.165,-1.565));
#5524=VECTOR('',#6473,1.07);
#5525=CARTESIAN_POINT('',(2.6,-1.985,-2.385));
#5526=VECTOR('',#6474,1.541103500742);
#5527=CARTESIAN_POINT('',(1.1,-2.235,-1.565));
#5528=VECTOR('',#6475,1.07);
#5529=CARTESIAN_POINT('',(-7.215,-9.0,-1.815));
#5530=CARTESIAN_POINT('',(-6.965,-7.5,-1.565));
#5531=VECTOR('',#6476,1.541103500742);
#5532=CARTESIAN_POINT('',(-7.785,-9.0,-1.815));
#5533=CARTESIAN_POINT('',(-7.785,-9.0,-1.815));
#5534=VECTOR('',#6477,1.541103500742);
#5535=CARTESIAN_POINT('',(-7.785,-9.0,-1.815));
#5536=VECTOR('',#6478,0.57);
#5537=CARTESIAN_POINT('',(-7.785,-9.0,-2.385));
#5538=CARTESIAN_POINT('',(-7.785,-9.0,-1.815));
#5539=VECTOR('',#6479,0.57);
#5540=CARTESIAN_POINT('',(-7.215,-9.0,-2.385));
#5541=CARTESIAN_POINT('',(-7.215,-9.0,-2.385));
#5542=VECTOR('',#6480,0.57);
#5543=CARTESIAN_POINT('',(-7.215,-9.0,-1.815));
#5544=VECTOR('',#6481,0.57);
#5545=CARTESIAN_POINT('',(-7.215,-9.0,-2.385));
#5546=VECTOR('',#6482,1.541103500742);
#5547=CARTESIAN_POINT('',(-6.965,-7.5,-1.565));
#5548=VECTOR('',#6483,1.07);
#5549=CARTESIAN_POINT('',(-6.965,-2.915,-2.635));
#5550=VECTOR('',#6484,1.07);
#5551=CARTESIAN_POINT('',(-7.785,-9.0,-2.385));
#5552=VECTOR('',#6485,1.541103500742);
#5553=CARTESIAN_POINT('',(-8.035,-7.5,-1.565));
#5554=VECTOR('',#6486,1.07);
#5555=CARTESIAN_POINT('',(-8.035,-2.915,-2.635));
#5556=VECTOR('',#6487,1.07);
#5557=CARTESIAN_POINT('',(-13.285,-9.0,-1.815));
#5558=VECTOR('',#6488,0.57);
#5559=CARTESIAN_POINT('',(-2.7,0.5,3.9));
#5560=CARTESIAN_POINT('',(6.4,0.5,3.9));
#5561=VECTOR('',#6489,9.1);
#5562=CARTESIAN_POINT('',(-2.7,4.1,3.9));
#5563=CARTESIAN_POINT('',(-2.7,4.1,3.9));
#5564=VECTOR('',#6490,3.6);
#5565=CARTESIAN_POINT('',(6.4,4.1,3.9));
#5566=VECTOR('',#6491,9.1);
#5567=CARTESIAN_POINT('',(-2.7,4.1,0.3));
#5568=CARTESIAN_POINT('',(-2.7,4.1,0.3));
#5569=VECTOR('',#6492,3.6);
#5570=CARTESIAN_POINT('',(6.4,4.1,0.3));
#5571=VECTOR('',#6493,9.1);
#5572=CARTESIAN_POINT('',(-2.7,0.5,0.3));
#5573=CARTESIAN_POINT('',(-2.7,0.5,0.3));
#5574=VECTOR('',#6494,3.6);
#5575=CARTESIAN_POINT('',(6.4,0.5,0.3));
#5576=VECTOR('',#6495,9.1);
#5577=CARTESIAN_POINT('',(-2.7,0.5,3.9));
#5578=VECTOR('',#6496,3.6);
#5579=CARTESIAN_POINT('',(-2.7,1.965,1.565));
#5580=CARTESIAN_POINT('',(-2.7,1.965,2.635));
#5581=CARTESIAN_POINT('',(-2.7,1.965,1.565));
#5582=VECTOR('',#6497,1.07);
#5583=CARTESIAN_POINT('',(-2.7,3.035,2.635));
#5584=CARTESIAN_POINT('',(-2.7,1.965,2.635));
#5585=VECTOR('',#6498,1.07);
#5586=CARTESIAN_POINT('',(-2.7,3.035,1.565));
#5587=CARTESIAN_POINT('',(-2.7,3.035,1.565));
#5588=VECTOR('',#6499,1.07);
#5589=CARTESIAN_POINT('',(-2.7,1.965,1.565));
#5590=VECTOR('',#6500,1.07);
#5591=CARTESIAN_POINT('',(-2.7,-2.75,3.9));
#5592=CARTESIAN_POINT('',(-2.7,-3.7,2.95));
#5593=CARTESIAN_POINT('',(-2.7,-2.75,3.9));
#5594=VECTOR('',#6501,1.343502884254);
#5595=CARTESIAN_POINT('',(-2.7,-3.7,1.25));
#5596=CARTESIAN_POINT('',(-2.7,-3.7,2.95));
#5597=VECTOR('',#6502,1.7);
#5598=CARTESIAN_POINT('',(-2.7,-2.75,0.3));
#5599=CARTESIAN_POINT('',(-2.7,-3.7,1.25));
#5600=VECTOR('',#6503,1.343502884254);
#5601=CARTESIAN_POINT('',(-2.7,-0.1,0.3));
#5602=CARTESIAN_POINT('',(-2.7,-2.75,0.3));
#5603=VECTOR('',#6504,2.65);
#5604=CARTESIAN_POINT('',(-2.7,-0.1,3.9));
#5605=CARTESIAN_POINT('',(-2.7,-0.1,0.3));
#5606=VECTOR('',#6505,3.6);
#5607=CARTESIAN_POINT('',(-2.7,-0.1,3.9));
#5608=VECTOR('',#6506,2.65);
#5609=CARTESIAN_POINT('',(-2.7,-2.235,1.565));
#5610=CARTESIAN_POINT('',(-2.7,-2.235,2.635));
#5611=CARTESIAN_POINT('',(-2.7,-2.235,1.565));
#5612=VECTOR('',#6507,1.07);
#5613=CARTESIAN_POINT('',(-2.7,-1.165,2.635));
#5614=CARTESIAN_POINT('',(-2.7,-2.235,2.635));
#5615=VECTOR('',#6508,1.07);
#5616=CARTESIAN_POINT('',(-2.7,-1.165,1.565));
#5617=CARTESIAN_POINT('',(-2.7,-1.165,1.565));
#5618=VECTOR('',#6509,1.07);
#5619=CARTESIAN_POINT('',(-2.7,-2.235,1.565));
#5620=VECTOR('',#6510,1.07);
#5621=CARTESIAN_POINT('',(6.4,-2.75,3.9));
#5622=VECTOR('',#6511,9.1);
#5623=CARTESIAN_POINT('',(6.4,-0.1,3.9));
#5624=VECTOR('',#6512,9.1);
#5625=CARTESIAN_POINT('',(6.4,-0.1,0.3));
#5626=VECTOR('',#6513,9.1);
#5627=CARTESIAN_POINT('',(6.4,-2.75,0.3));
#5628=VECTOR('',#6514,9.1);
#5629=CARTESIAN_POINT('',(6.4,-3.7,1.25));
#5630=VECTOR('',#6515,9.1);
#5631=CARTESIAN_POINT('',(6.4,-3.7,2.95));
#5632=VECTOR('',#6516,9.1);
#5633=CARTESIAN_POINT('',(1.1,1.965,1.565));
#5634=CARTESIAN_POINT('',(-2.7,1.965,1.565));
#5635=VECTOR('',#6517,3.8);
#5636=CARTESIAN_POINT('',(1.1,3.035,1.565));
#5637=CARTESIAN_POINT('',(1.1,3.035,1.565));
#5638=VECTOR('',#6518,3.8);
#5639=CARTESIAN_POINT('',(1.1,3.035,1.565));
#5640=VECTOR('',#6519,1.07);
#5641=CARTESIAN_POINT('',(1.1,-2.235,1.565));
#5642=CARTESIAN_POINT('',(-2.7,-2.235,1.565));
#5643=VECTOR('',#6520,3.8);
#5644=CARTESIAN_POINT('',(1.1,-1.165,1.565));
#5645=CARTESIAN_POINT('',(1.1,-1.165,1.565));
#5646=VECTOR('',#6521,3.8);
#5647=CARTESIAN_POINT('',(1.1,-1.165,1.565));
#5648=VECTOR('',#6522,1.07);
#5649=CARTESIAN_POINT('',(-8.035,-2.915,1.565));
#5650=CARTESIAN_POINT('',(-8.035,-7.5,1.565));
#5651=CARTESIAN_POINT('',(-8.035,-2.915,1.565));
#5652=VECTOR('',#6523,4.585);
#5653=AXIS2_PLACEMENT_3D('',#6524,#6525,#6526);
#5654=CARTESIAN_POINT('',(-6.965,-2.915,1.565));
#5655=AXIS2_PLACEMENT_3D('',#6527,#6528,#6529);
#5656=CARTESIAN_POINT('',(-6.965,-7.5,1.565));
#5657=CARTESIAN_POINT('',(-6.965,-7.5,1.565));
#5658=VECTOR('',#6530,4.585);
#5659=CARTESIAN_POINT('',(-6.965,-7.5,1.565));
#5660=VECTOR('',#6531,1.07);
#5661=CARTESIAN_POINT('',(-13.535,1.285,1.565));
#5662=CARTESIAN_POINT('',(-13.535,-7.5,1.565));
#5663=CARTESIAN_POINT('',(-13.535,1.285,1.565));
#5664=VECTOR('',#6532,8.785);
#5665=CARTESIAN_POINT('',(-11.785,3.035,1.565));
#5666=AXIS2_PLACEMENT_3D('',#6533,#6534,#6535);
#5667=CARTESIAN_POINT('',(-6.4,3.035,1.565));
#5668=VECTOR('',#6536,5.385);
#5669=CARTESIAN_POINT('',(-11.785,1.965,1.565));
#5670=CARTESIAN_POINT('',(-11.785,1.965,1.565));
#5671=VECTOR('',#6537,5.385);
#5672=CARTESIAN_POINT('',(-12.465,1.285,1.565));
#5673=AXIS2_PLACEMENT_3D('',#6538,#6539,#6540);
#5674=CARTESIAN_POINT('',(-12.465,-7.5,1.565));
#5675=CARTESIAN_POINT('',(-12.465,-7.5,1.565));
#5676=VECTOR('',#6541,8.785);
#5677=CARTESIAN_POINT('',(-12.465,-7.5,1.565));
#5678=VECTOR('',#6542,1.07);
#5679=CARTESIAN_POINT('',(2.6,2.785,1.815));
#5680=CARTESIAN_POINT('',(2.6,2.785,1.815));
#5681=VECTOR('',#6543,1.541103500742);
#5682=CARTESIAN_POINT('',(2.6,2.215,1.815));
#5683=CARTESIAN_POINT('',(2.6,2.785,1.815));
#5684=VECTOR('',#6544,0.57);
#5685=CARTESIAN_POINT('',(2.6,2.215,1.815));
#5686=VECTOR('',#6545,1.541103500742);
#5687=CARTESIAN_POINT('',(2.6,2.215,2.385));
#5688=CARTESIAN_POINT('',(2.6,2.215,2.385));
#5689=VECTOR('',#6546,0.57);
#5690=CARTESIAN_POINT('',(1.1,1.965,2.635));
#5691=CARTESIAN_POINT('',(2.6,2.215,2.385));
#5692=VECTOR('',#6547,1.541103500742);
#5693=CARTESIAN_POINT('',(1.1,1.965,2.635));
#5694=VECTOR('',#6548,1.07);
#5695=CARTESIAN_POINT('',(-11.785,1.965,2.635));
#5696=CARTESIAN_POINT('',(-11.785,1.965,2.635));
#5697=VECTOR('',#6549,5.385);
#5698=CARTESIAN_POINT('',(-11.785,1.965,1.565));
#5699=VECTOR('',#6550,1.07);
#5700=CARTESIAN_POINT('',(-2.7,1.965,2.635));
#5701=VECTOR('',#6551,3.8);
#5702=CARTESIAN_POINT('',(-12.465,1.285,2.635));
#5703=AXIS2_PLACEMENT_3D('',#6552,#6553,#6554);
#5704=CARTESIAN_POINT('',(-12.465,1.285,1.565));
#5705=VECTOR('',#6555,1.07);
#5706=CARTESIAN_POINT('',(-12.465,-7.5,2.635));
#5707=CARTESIAN_POINT('',(-12.465,-7.5,2.635));
#5708=VECTOR('',#6556,8.785);
#5709=CARTESIAN_POINT('',(-12.465,-7.5,2.635));
#5710=VECTOR('',#6557,1.07);
#5711=CARTESIAN_POINT('',(-12.715,-9.0,2.385));
#5712=CARTESIAN_POINT('',(-12.465,-7.5,2.635));
#5713=VECTOR('',#6558,1.541103500742);
#5714=CARTESIAN_POINT('',(-12.715,-9.0,1.815));
#5715=CARTESIAN_POINT('',(-12.715,-9.0,2.385));
#5716=VECTOR('',#6559,0.57);
#5717=CARTESIAN_POINT('',(-12.715,-9.0,1.815));
#5718=VECTOR('',#6560,1.541103500742);
#5719=CARTESIAN_POINT('',(-13.285,-9.0,1.815));
#5720=CARTESIAN_POINT('',(-12.715,-9.0,1.815));
#5721=VECTOR('',#6561,0.57);
#5722=CARTESIAN_POINT('',(-13.285,-9.0,1.815));
#5723=VECTOR('',#6562,1.541103500742);
#5724=CARTESIAN_POINT('',(-13.285,-9.0,2.385));
#5725=CARTESIAN_POINT('',(-13.285,-9.0,2.385));
#5726=VECTOR('',#6563,0.57);
#5727=CARTESIAN_POINT('',(-13.535,-7.5,2.635));
#5728=CARTESIAN_POINT('',(-13.285,-9.0,2.385));
#5729=VECTOR('',#6564,1.541103500742);
#5730=CARTESIAN_POINT('',(-13.535,-7.5,2.635));
#5731=VECTOR('',#6565,1.07);
#5732=CARTESIAN_POINT('',(-13.535,1.285,2.635));
#5733=CARTESIAN_POINT('',(-13.535,1.285,2.635));
#5734=VECTOR('',#6566,8.785);
#5735=CARTESIAN_POINT('',(-13.535,1.285,1.565));
#5736=VECTOR('',#6567,1.07);
#5737=CARTESIAN_POINT('',(-11.785,3.035,2.635));
#5738=AXIS2_PLACEMENT_3D('',#6568,#6569,#6570);
#5739=CARTESIAN_POINT('',(-11.785,3.035,1.565));
#5740=VECTOR('',#6571,1.07);
#5741=CARTESIAN_POINT('',(-6.4,3.035,2.635));
#5742=VECTOR('',#6572,5.385);
#5743=CARTESIAN_POINT('',(1.1,3.035,2.635));
#5744=CARTESIAN_POINT('',(1.1,3.035,2.635));
#5745=VECTOR('',#6573,3.8);
#5746=CARTESIAN_POINT('',(1.1,3.035,2.635));
#5747=VECTOR('',#6574,1.07);
#5748=CARTESIAN_POINT('',(1.1,1.965,2.635));
#5749=VECTOR('',#6575,1.07);
#5750=CARTESIAN_POINT('',(1.1,-1.165,2.635));
#5751=CARTESIAN_POINT('',(1.1,-1.165,2.635));
#5752=VECTOR('',#6576,3.8);
#5753=CARTESIAN_POINT('',(1.1,-2.235,2.635));
#5754=CARTESIAN_POINT('',(-2.7,-2.235,2.635));
#5755=VECTOR('',#6577,3.8);
#5756=CARTESIAN_POINT('',(1.1,-2.235,2.635));
#5757=VECTOR('',#6578,1.07);
#5758=CARTESIAN_POINT('',(-6.965,-7.5,2.635));
#5759=CARTESIAN_POINT('',(-6.965,-2.915,2.635));
#5760=CARTESIAN_POINT('',(-6.965,-7.5,2.635));
#5761=VECTOR('',#6579,4.585);
#5762=AXIS2_PLACEMENT_3D('',#6580,#6581,#6582);
#5763=CARTESIAN_POINT('',(-8.035,-2.915,2.635));
#5764=AXIS2_PLACEMENT_3D('',#6583,#6584,#6585);
#5765=CARTESIAN_POINT('',(-8.035,-7.5,2.635));
#5766=CARTESIAN_POINT('',(-8.035,-2.915,2.635));
#5767=VECTOR('',#6586,4.585);
#5768=CARTESIAN_POINT('',(-8.035,-7.5,2.635));
#5769=VECTOR('',#6587,1.07);
#5770=CARTESIAN_POINT('',(-13.535,-7.5,2.635));
#5771=VECTOR('',#6588,1.07);
#5772=CARTESIAN_POINT('',(2.6,2.785,2.385));
#5773=CARTESIAN_POINT('',(1.1,3.035,2.635));
#5774=VECTOR('',#6589,1.541103500742);
#5775=CARTESIAN_POINT('',(2.6,2.215,2.385));
#5776=VECTOR('',#6590,0.57);
#5777=CARTESIAN_POINT('',(2.6,2.785,2.385));
#5778=VECTOR('',#6591,0.57);
#5779=CARTESIAN_POINT('',(2.6,-1.415,2.385));
#5780=CARTESIAN_POINT('',(2.6,-1.415,2.385));
#5781=VECTOR('',#6592,1.541103500742);
#5782=CARTESIAN_POINT('',(2.6,-1.985,2.385));
#5783=CARTESIAN_POINT('',(2.6,-1.985,2.385));
#5784=VECTOR('',#6593,1.541103500742);
#5785=CARTESIAN_POINT('',(2.6,-1.985,2.385));
#5786=VECTOR('',#6594,0.57);
#5787=CARTESIAN_POINT('',(2.6,-1.985,1.815));
#5788=CARTESIAN_POINT('',(2.6,-1.985,2.385));
#5789=VECTOR('',#6595,0.57);
#5790=CARTESIAN_POINT('',(2.6,-1.415,1.815));
#5791=CARTESIAN_POINT('',(2.6,-1.415,1.815));
#5792=VECTOR('',#6596,0.57);
#5793=CARTESIAN_POINT('',(2.6,-1.415,2.385));
#5794=VECTOR('',#6597,0.57);
#5795=CARTESIAN_POINT('',(2.6,-1.415,1.815));
#5796=VECTOR('',#6598,1.541103500742);
#5797=CARTESIAN_POINT('',(1.1,-1.165,2.635));
#5798=VECTOR('',#6599,1.07);
#5799=CARTESIAN_POINT('',(2.6,-1.985,1.815));
#5800=VECTOR('',#6600,1.541103500742);
#5801=CARTESIAN_POINT('',(1.1,-2.235,2.635));
#5802=VECTOR('',#6601,1.07);
#5803=CARTESIAN_POINT('',(-7.215,-9.0,2.385));
#5804=CARTESIAN_POINT('',(-6.965,-7.5,2.635));
#5805=VECTOR('',#6602,1.541103500742);
#5806=CARTESIAN_POINT('',(-7.785,-9.0,2.385));
#5807=CARTESIAN_POINT('',(-7.785,-9.0,2.385));
#5808=VECTOR('',#6603,1.541103500742);
#5809=CARTESIAN_POINT('',(-7.785,-9.0,2.385));
#5810=VECTOR('',#6604,0.57);
#5811=CARTESIAN_POINT('',(-7.785,-9.0,1.815));
#5812=CARTESIAN_POINT('',(-7.785,-9.0,2.385));
#5813=VECTOR('',#6605,0.57);
#5814=CARTESIAN_POINT('',(-7.215,-9.0,1.815));
#5815=CARTESIAN_POINT('',(-7.215,-9.0,1.815));
#5816=VECTOR('',#6606,0.57);
#5817=CARTESIAN_POINT('',(-7.215,-9.0,2.385));
#5818=VECTOR('',#6607,0.57);
#5819=CARTESIAN_POINT('',(-7.215,-9.0,1.815));
#5820=VECTOR('',#6608,1.541103500742);
#5821=CARTESIAN_POINT('',(-6.965,-7.5,2.635));
#5822=VECTOR('',#6609,1.07);
#5823=CARTESIAN_POINT('',(-6.965,-2.915,1.565));
#5824=VECTOR('',#6610,1.07);
#5825=CARTESIAN_POINT('',(-7.785,-9.0,1.815));
#5826=VECTOR('',#6611,1.541103500742);
#5827=CARTESIAN_POINT('',(-8.035,-7.5,2.635));
#5828=VECTOR('',#6612,1.07);
#5829=CARTESIAN_POINT('',(-8.035,-2.915,1.565));
#5830=VECTOR('',#6613,1.07);
#5831=CARTESIAN_POINT('',(-13.285,-9.0,2.385));
#5832=VECTOR('',#6614,0.57);
#5833=CARTESIAN_POINT('',(-2.7,1.45,8.1));
#5834=CARTESIAN_POINT('',(6.4,1.45,8.1));
#5835=VECTOR('',#6615,9.1);
#5836=CARTESIAN_POINT('',(-2.7,4.1,8.1));
#5837=CARTESIAN_POINT('',(-2.7,4.1,8.1));
#5838=VECTOR('',#6616,2.65);
#5839=CARTESIAN_POINT('',(6.4,4.1,8.1));
#5840=VECTOR('',#6617,9.1);
#5841=CARTESIAN_POINT('',(-2.7,4.1,4.5));
#5842=CARTESIAN_POINT('',(-2.7,4.1,4.5));
#5843=VECTOR('',#6618,3.6);
#5844=CARTESIAN_POINT('',(6.4,4.1,4.5));
#5845=VECTOR('',#6619,9.1);
#5846=CARTESIAN_POINT('',(-2.7,1.45,4.5));
#5847=CARTESIAN_POINT('',(-2.7,1.45,4.5));
#5848=VECTOR('',#6620,2.65);
#5849=CARTESIAN_POINT('',(6.4,1.45,4.5));
#5850=VECTOR('',#6621,9.1);
#5851=CARTESIAN_POINT('',(-2.7,0.5,5.45));
#5852=CARTESIAN_POINT('',(-2.7,0.5,5.45));
#5853=VECTOR('',#6622,1.343502884254);
#5854=CARTESIAN_POINT('',(6.4,0.5,5.45));
#5855=VECTOR('',#6623,9.1);
#5856=CARTESIAN_POINT('',(-2.7,0.5,7.15));
#5857=CARTESIAN_POINT('',(-2.7,0.5,7.15));
#5858=VECTOR('',#6624,1.7);
#5859=CARTESIAN_POINT('',(6.4,0.5,7.15));
#5860=VECTOR('',#6625,9.1);
#5861=CARTESIAN_POINT('',(-2.7,1.45,8.1));
#5862=VECTOR('',#6626,1.343502884254);
#5863=CARTESIAN_POINT('',(-2.7,1.965,5.765));
#5864=CARTESIAN_POINT('',(-2.7,1.965,6.835));
#5865=CARTESIAN_POINT('',(-2.7,1.965,5.765));
#5866=VECTOR('',#6627,1.07);
#5867=CARTESIAN_POINT('',(-2.7,3.035,6.835));
#5868=CARTESIAN_POINT('',(-2.7,1.965,6.835));
#5869=VECTOR('',#6628,1.07);
#5870=CARTESIAN_POINT('',(-2.7,3.035,5.765));
#5871=CARTESIAN_POINT('',(-2.7,3.035,5.765));
#5872=VECTOR('',#6629,1.07);
#5873=CARTESIAN_POINT('',(-2.7,1.965,5.765));
#5874=VECTOR('',#6630,1.07);
#5875=CARTESIAN_POINT('',(-2.7,-3.7,8.1));
#5876=CARTESIAN_POINT('',(-2.7,-3.7,4.5));
#5877=CARTESIAN_POINT('',(-2.7,-3.7,8.1));
#5878=VECTOR('',#6631,3.6);
#5879=CARTESIAN_POINT('',(-2.7,-0.1,4.5));
#5880=CARTESIAN_POINT('',(-2.7,-3.7,4.5));
#5881=VECTOR('',#6632,3.6);
#5882=CARTESIAN_POINT('',(-2.7,-0.1,8.1));
#5883=CARTESIAN_POINT('',(-2.7,-0.1,4.5));
#5884=VECTOR('',#6633,3.6);
#5885=CARTESIAN_POINT('',(-2.7,-0.1,8.1));
#5886=VECTOR('',#6634,3.6);
#5887=CARTESIAN_POINT('',(-2.7,-2.235,5.765));
#5888=CARTESIAN_POINT('',(-2.7,-2.235,6.835));
#5889=CARTESIAN_POINT('',(-2.7,-2.235,5.765));
#5890=VECTOR('',#6635,1.07);
#5891=CARTESIAN_POINT('',(-2.7,-1.165,6.835));
#5892=CARTESIAN_POINT('',(-2.7,-2.235,6.835));
#5893=VECTOR('',#6636,1.07);
#5894=CARTESIAN_POINT('',(-2.7,-1.165,5.765));
#5895=CARTESIAN_POINT('',(-2.7,-1.165,5.765));
#5896=VECTOR('',#6637,1.07);
#5897=CARTESIAN_POINT('',(-2.7,-2.235,5.765));
#5898=VECTOR('',#6638,1.07);
#5899=CARTESIAN_POINT('',(6.4,-3.7,8.1));
#5900=VECTOR('',#6639,9.1);
#5901=CARTESIAN_POINT('',(6.4,-0.1,8.1));
#5902=VECTOR('',#6640,9.1);
#5903=CARTESIAN_POINT('',(6.4,-0.1,4.5));
#5904=VECTOR('',#6641,9.1);
#5905=CARTESIAN_POINT('',(6.4,-3.7,4.5));
#5906=VECTOR('',#6642,9.1);
#5907=CARTESIAN_POINT('',(1.1,1.965,5.765));
#5908=CARTESIAN_POINT('',(-2.7,1.965,5.765));
#5909=VECTOR('',#6643,3.8);
#5910=CARTESIAN_POINT('',(1.1,3.035,5.765));
#5911=CARTESIAN_POINT('',(1.1,3.035,5.765));
#5912=VECTOR('',#6644,3.8);
#5913=CARTESIAN_POINT('',(1.1,3.035,5.765));
#5914=VECTOR('',#6645,1.07);
#5915=CARTESIAN_POINT('',(1.1,-2.235,5.765));
#5916=CARTESIAN_POINT('',(-2.7,-2.235,5.765));
#5917=VECTOR('',#6646,3.8);
#5918=CARTESIAN_POINT('',(1.1,-1.165,5.765));
#5919=CARTESIAN_POINT('',(1.1,-1.165,5.765));
#5920=VECTOR('',#6647,3.8);
#5921=CARTESIAN_POINT('',(1.1,-1.165,5.765));
#5922=VECTOR('',#6648,1.07);
#5923=CARTESIAN_POINT('',(-8.035,-2.915,5.765));
#5924=CARTESIAN_POINT('',(-8.035,-7.5,5.765));
#5925=CARTESIAN_POINT('',(-8.035,-2.915,5.765));
#5926=VECTOR('',#6649,4.585);
#5927=AXIS2_PLACEMENT_3D('',#6650,#6651,#6652);
#5928=CARTESIAN_POINT('',(-6.965,-2.915,5.765));
#5929=AXIS2_PLACEMENT_3D('',#6653,#6654,#6655);
#5930=CARTESIAN_POINT('',(-6.965,-7.5,5.765));
#5931=CARTESIAN_POINT('',(-6.965,-7.5,5.765));
#5932=VECTOR('',#6656,4.585);
#5933=CARTESIAN_POINT('',(-6.965,-7.5,5.765));
#5934=VECTOR('',#6657,1.07);
#5935=CARTESIAN_POINT('',(-13.535,1.285,5.765));
#5936=CARTESIAN_POINT('',(-13.535,-7.5,5.765));
#5937=CARTESIAN_POINT('',(-13.535,1.285,5.765));
#5938=VECTOR('',#6658,8.785);
#5939=CARTESIAN_POINT('',(-11.785,3.035,5.765));
#5940=AXIS2_PLACEMENT_3D('',#6659,#6660,#6661);
#5941=CARTESIAN_POINT('',(-6.4,3.035,5.765));
#5942=VECTOR('',#6662,5.385);
#5943=CARTESIAN_POINT('',(-11.785,1.965,5.765));
#5944=CARTESIAN_POINT('',(-11.785,1.965,5.765));
#5945=VECTOR('',#6663,5.385);
#5946=CARTESIAN_POINT('',(-12.465,1.285,5.765));
#5947=AXIS2_PLACEMENT_3D('',#6664,#6665,#6666);
#5948=CARTESIAN_POINT('',(-12.465,-7.5,5.765));
#5949=CARTESIAN_POINT('',(-12.465,-7.5,5.765));
#5950=VECTOR('',#6667,8.785);
#5951=CARTESIAN_POINT('',(-12.465,-7.5,5.765));
#5952=VECTOR('',#6668,1.07);
#5953=CARTESIAN_POINT('',(2.6,2.785,6.015));
#5954=CARTESIAN_POINT('',(2.6,2.785,6.015));
#5955=VECTOR('',#6669,1.541103500742);
#5956=CARTESIAN_POINT('',(2.6,2.215,6.015));
#5957=CARTESIAN_POINT('',(2.6,2.785,6.015));
#5958=VECTOR('',#6670,0.57);
#5959=CARTESIAN_POINT('',(2.6,2.215,6.015));
#5960=VECTOR('',#6671,1.541103500742);
#5961=CARTESIAN_POINT('',(2.6,2.215,6.585));
#5962=CARTESIAN_POINT('',(2.6,2.215,6.585));
#5963=VECTOR('',#6672,0.57);
#5964=CARTESIAN_POINT('',(1.1,1.965,6.835));
#5965=CARTESIAN_POINT('',(2.6,2.215,6.585));
#5966=VECTOR('',#6673,1.541103500742);
#5967=CARTESIAN_POINT('',(1.1,1.965,6.835));
#5968=VECTOR('',#6674,1.07);
#5969=CARTESIAN_POINT('',(-11.785,1.965,6.835));
#5970=CARTESIAN_POINT('',(-11.785,1.965,6.835));
#5971=VECTOR('',#6675,5.385);
#5972=CARTESIAN_POINT('',(-11.785,1.965,5.765));
#5973=VECTOR('',#6676,1.07);
#5974=CARTESIAN_POINT('',(-2.7,1.965,6.835));
#5975=VECTOR('',#6677,3.8);
#5976=CARTESIAN_POINT('',(-12.465,1.285,6.835));
#5977=AXIS2_PLACEMENT_3D('',#6678,#6679,#6680);
#5978=CARTESIAN_POINT('',(-12.465,1.285,5.765));
#5979=VECTOR('',#6681,1.07);
#5980=CARTESIAN_POINT('',(-12.465,-7.5,6.835));
#5981=CARTESIAN_POINT('',(-12.465,-7.5,6.835));
#5982=VECTOR('',#6682,8.785);
#5983=CARTESIAN_POINT('',(-12.465,-7.5,6.835));
#5984=VECTOR('',#6683,1.07);
#5985=CARTESIAN_POINT('',(-12.715,-9.0,6.585));
#5986=CARTESIAN_POINT('',(-12.465,-7.5,6.835));
#5987=VECTOR('',#6684,1.541103500742);
#5988=CARTESIAN_POINT('',(-12.715,-9.0,6.015));
#5989=CARTESIAN_POINT('',(-12.715,-9.0,6.585));
#5990=VECTOR('',#6685,0.57);
#5991=CARTESIAN_POINT('',(-12.715,-9.0,6.015));
#5992=VECTOR('',#6686,1.541103500742);
#5993=CARTESIAN_POINT('',(-13.285,-9.0,6.015));
#5994=CARTESIAN_POINT('',(-12.715,-9.0,6.015));
#5995=VECTOR('',#6687,0.57);
#5996=CARTESIAN_POINT('',(-13.285,-9.0,6.015));
#5997=VECTOR('',#6688,1.541103500742);
#5998=CARTESIAN_POINT('',(-13.285,-9.0,6.585));
#5999=CARTESIAN_POINT('',(-13.285,-9.0,6.585));
#6000=VECTOR('',#6689,0.57);
#6001=CARTESIAN_POINT('',(-13.535,-7.5,6.835));
#6002=CARTESIAN_POINT('',(-13.285,-9.0,6.585));
#6003=VECTOR('',#6690,1.541103500742);
#6004=CARTESIAN_POINT('',(-13.535,-7.5,6.835));
#6005=VECTOR('',#6691,1.07);
#6006=CARTESIAN_POINT('',(-13.535,1.285,6.835));
#6007=CARTESIAN_POINT('',(-13.535,1.285,6.835));
#6008=VECTOR('',#6692,8.785);
#6009=CARTESIAN_POINT('',(-13.535,1.285,5.765));
#6010=VECTOR('',#6693,1.07);
#6011=CARTESIAN_POINT('',(-11.785,3.035,6.835));
#6012=AXIS2_PLACEMENT_3D('',#6694,#6695,#6696);
#6013=CARTESIAN_POINT('',(-11.785,3.035,5.765));
#6014=VECTOR('',#6697,1.07);
#6015=CARTESIAN_POINT('',(-6.4,3.035,6.835));
#6016=VECTOR('',#6698,5.385);
#6017=CARTESIAN_POINT('',(1.1,3.035,6.835));
#6018=CARTESIAN_POINT('',(1.1,3.035,6.835));
#6019=VECTOR('',#6699,3.8);
#6020=CARTESIAN_POINT('',(1.1,3.035,6.835));
#6021=VECTOR('',#6700,1.07);
#6022=CARTESIAN_POINT('',(1.1,1.965,6.835));
#6023=VECTOR('',#6701,1.07);
#6024=CARTESIAN_POINT('',(1.1,-1.165,6.835));
#6025=CARTESIAN_POINT('',(1.1,-1.165,6.835));
#6026=VECTOR('',#6702,3.8);
#6027=CARTESIAN_POINT('',(1.1,-2.235,6.835));
#6028=CARTESIAN_POINT('',(-2.7,-2.235,6.835));
#6029=VECTOR('',#6703,3.8);
#6030=CARTESIAN_POINT('',(1.1,-2.235,6.835));
#6031=VECTOR('',#6704,1.07);
#6032=CARTESIAN_POINT('',(-6.965,-7.5,6.835));
#6033=CARTESIAN_POINT('',(-6.965,-2.915,6.835));
#6034=CARTESIAN_POINT('',(-6.965,-7.5,6.835));
#6035=VECTOR('',#6705,4.585);
#6036=AXIS2_PLACEMENT_3D('',#6706,#6707,#6708);
#6037=CARTESIAN_POINT('',(-8.035,-2.915,6.835));
#6038=AXIS2_PLACEMENT_3D('',#6709,#6710,#6711);
#6039=CARTESIAN_POINT('',(-8.035,-7.5,6.835));
#6040=CARTESIAN_POINT('',(-8.035,-2.915,6.835));
#6041=VECTOR('',#6712,4.585);
#6042=CARTESIAN_POINT('',(-8.035,-7.5,6.835));
#6043=VECTOR('',#6713,1.07);
#6044=CARTESIAN_POINT('',(-13.535,-7.5,6.835));
#6045=VECTOR('',#6714,1.07);
#6046=CARTESIAN_POINT('',(2.6,2.785,6.585));
#6047=CARTESIAN_POINT('',(1.1,3.035,6.835));
#6048=VECTOR('',#6715,1.541103500742);
#6049=CARTESIAN_POINT('',(2.6,2.215,6.585));
#6050=VECTOR('',#6716,0.57);
#6051=CARTESIAN_POINT('',(2.6,2.785,6.585));
#6052=VECTOR('',#6717,0.57);
#6053=CARTESIAN_POINT('',(2.6,-1.415,6.585));
#6054=CARTESIAN_POINT('',(2.6,-1.415,6.585));
#6055=VECTOR('',#6718,1.541103500742);
#6056=CARTESIAN_POINT('',(2.6,-1.985,6.585));
#6057=CARTESIAN_POINT('',(2.6,-1.985,6.585));
#6058=VECTOR('',#6719,1.541103500742);
#6059=CARTESIAN_POINT('',(2.6,-1.985,6.585));
#6060=VECTOR('',#6720,0.57);
#6061=CARTESIAN_POINT('',(2.6,-1.985,6.015));
#6062=CARTESIAN_POINT('',(2.6,-1.985,6.585));
#6063=VECTOR('',#6721,0.57);
#6064=CARTESIAN_POINT('',(2.6,-1.415,6.015));
#6065=CARTESIAN_POINT('',(2.6,-1.415,6.015));
#6066=VECTOR('',#6722,0.57);
#6067=CARTESIAN_POINT('',(2.6,-1.415,6.585));
#6068=VECTOR('',#6723,0.57);
#6069=CARTESIAN_POINT('',(2.6,-1.415,6.015));
#6070=VECTOR('',#6724,1.541103500742);
#6071=CARTESIAN_POINT('',(1.1,-1.165,6.835));
#6072=VECTOR('',#6725,1.07);
#6073=CARTESIAN_POINT('',(2.6,-1.985,6.015));
#6074=VECTOR('',#6726,1.541103500742);
#6075=CARTESIAN_POINT('',(1.1,-2.235,6.835));
#6076=VECTOR('',#6727,1.07);
#6077=CARTESIAN_POINT('',(-7.215,-9.0,6.585));
#6078=CARTESIAN_POINT('',(-6.965,-7.5,6.835));
#6079=VECTOR('',#6728,1.541103500742);
#6080=CARTESIAN_POINT('',(-7.785,-9.0,6.585));
#6081=CARTESIAN_POINT('',(-7.785,-9.0,6.585));
#6082=VECTOR('',#6729,1.541103500742);
#6083=CARTESIAN_POINT('',(-7.785,-9.0,6.585));
#6084=VECTOR('',#6730,0.57);
#6085=CARTESIAN_POINT('',(-7.785,-9.0,6.015));
#6086=CARTESIAN_POINT('',(-7.785,-9.0,6.585));
#6087=VECTOR('',#6731,0.57);
#6088=CARTESIAN_POINT('',(-7.215,-9.0,6.015));
#6089=CARTESIAN_POINT('',(-7.215,-9.0,6.015));
#6090=VECTOR('',#6732,0.57);
#6091=CARTESIAN_POINT('',(-7.215,-9.0,6.585));
#6092=VECTOR('',#6733,0.57);
#6093=CARTESIAN_POINT('',(-7.215,-9.0,6.015));
#6094=VECTOR('',#6734,1.541103500742);
#6095=CARTESIAN_POINT('',(-6.965,-7.5,6.835));
#6096=VECTOR('',#6735,1.07);
#6097=CARTESIAN_POINT('',(-6.965,-2.915,5.765));
#6098=VECTOR('',#6736,1.07);
#6099=CARTESIAN_POINT('',(-7.785,-9.0,6.015));
#6100=VECTOR('',#6737,1.541103500742);
#6101=CARTESIAN_POINT('',(-8.035,-7.5,6.835));
#6102=VECTOR('',#6738,1.07);
#6103=CARTESIAN_POINT('',(-8.035,-2.915,5.765));
#6104=VECTOR('',#6739,1.07);
#6105=CARTESIAN_POINT('',(-13.285,-9.0,6.585));
#6106=VECTOR('',#6740,0.57);
#6107=CARTESIAN_POINT('',(3.35,6.4,1.7));
#6108=CARTESIAN_POINT('',(4.05,6.4,1.7));
#6109=VECTOR('',#6741,0.7);
#6110=CARTESIAN_POINT('',(3.35,6.4,1.7));
#6111=VECTOR('',#6742,1.4);
#6112=CARTESIAN_POINT('',(3.35,6.4,-1.7));
#6113=VECTOR('',#6743,3.4);
#6114=DIRECTION('',(1.0,-0.0,0.0));
#6115=CARTESIAN_POINT('',(-5.9,-2.25,-9.0));
#6116=DIRECTION('',(-1.0,0.0,0.0));
#6117=DIRECTION('',(0.0,1.0,0.0));
#6118=DIRECTION('',(-1.0,0.0,0.0));
#6119=CARTESIAN_POINT('',(6.4,-2.25,-9.0));
#6120=DIRECTION('',(-1.0,0.0,0.0));
#6121=DIRECTION('',(0.0,1.0,0.0));
#6122=DIRECTION('',(0.0,0.0,1.0));
#6123=DIRECTION('',(0.0,1.0,0.0));
#6124=DIRECTION('',(0.0,0.0,-1.0));
#6125=DIRECTION('',(0.0,-1.0,0.0));
#6126=DIRECTION('',(0.0,0.0,-1.0));
#6127=DIRECTION('',(0.0,1.0,0.0));
#6128=DIRECTION('',(0.0,0.0,-1.0));
#6129=DIRECTION('',(0.0,-1.0,0.0));
#6130=DIRECTION('',(0.0,0.0,1.0));
#6131=DIRECTION('',(0.0,1.0,0.0));
#6132=DIRECTION('',(0.0,0.0,1.0));
#6133=DIRECTION('',(0.0,1.0,0.0));
#6134=DIRECTION('',(0.0,0.0,1.0));
#6135=DIRECTION('',(0.0,1.0,0.0));
#6136=DIRECTION('',(0.0,0.0,1.0));
#6137=DIRECTION('',(0.0,1.0,0.0));
#6138=DIRECTION('',(0.0,0.0,1.0));
#6139=DIRECTION('',(0.0,1.0,0.0));
#6140=DIRECTION('',(0.0,0.0,1.0));
#6141=DIRECTION('',(0.0,1.0,0.0));
#6142=DIRECTION('',(0.0,0.0,1.0));
#6143=DIRECTION('',(0.0,1.0,0.0));
#6144=DIRECTION('',(0.0,0.0,1.0));
#6145=DIRECTION('',(0.0,1.0,0.0));
#6146=DIRECTION('',(0.0,0.0,1.0));
#6147=DIRECTION('',(0.0,1.0,0.0));
#6148=DIRECTION('',(0.0,0.0,1.0));
#6149=DIRECTION('',(0.0,1.0,0.0));
#6150=DIRECTION('',(0.0,0.0,1.0));
#6151=DIRECTION('',(0.0,1.0,0.0));
#6152=DIRECTION('',(0.0,0.0,1.0));
#6153=DIRECTION('',(0.0,1.0,0.0));
#6154=DIRECTION('',(0.0,0.0,1.0));
#6155=DIRECTION('',(0.0,1.0,0.0));
#6156=DIRECTION('',(0.0,0.0,1.0));
#6157=DIRECTION('',(0.0,1.0,0.0));
#6158=DIRECTION('',(0.0,0.0,1.0));
#6159=DIRECTION('',(0.0,1.0,0.0));
#6160=DIRECTION('',(0.0,0.0,1.0));
#6161=DIRECTION('',(0.0,1.0,0.0));
#6162=DIRECTION('',(1.0,0.0,0.0));
#6163=DIRECTION('',(0.0,-1.0,0.0));
#6164=DIRECTION('',(1.0,0.0,0.0));
#6165=DIRECTION('',(0.0,0.0,1.0));
#6166=DIRECTION('',(1.0,0.0,0.0));
#6167=DIRECTION('',(0.0,0.0,1.0));
#6168=DIRECTION('',(-1.0,0.0,0.0));
#6169=DIRECTION('',(0.0,0.0,1.0));
#6170=DIRECTION('',(-1.0,0.0,0.0));
#6171=DIRECTION('',(0.0,-1.0,0.0));
#6172=DIRECTION('',(-1.0,0.0,0.0));
#6173=DIRECTION('',(-0.859101543908758,0.511805175094575,0.0));
#6174=DIRECTION('',(0.0,0.0,1.0));
#6175=DIRECTION('',(-0.859101543908758,0.511805175094575,0.0));
#6176=DIRECTION('',(0.0,0.0,1.0));
#6177=DIRECTION('',(0.0,0.0,-1.0));
#6178=DIRECTION('',(0.0,1.0,0.0));
#6179=DIRECTION('',(0.0,0.0,-1.0));
#6180=DIRECTION('',(0.0,-1.0,0.0));
#6181=DIRECTION('',(0.0,0.0,-1.0));
#6182=DIRECTION('',(0.0,1.0,0.0));
#6183=CARTESIAN_POINT('',(6.4,-2.25,-9.0));
#6184=DIRECTION('',(-1.0,0.0,0.0));
#6185=DIRECTION('',(0.0,1.0,0.0));
#6186=DIRECTION('',(0.0,1.0,0.0));
#6187=DIRECTION('',(0.0,0.0,1.0));
#6188=DIRECTION('',(0.0,1.0,0.0));
#6189=DIRECTION('',(0.0,0.707106781186548,-0.707106781186548));
#6190=DIRECTION('',(0.0,0.0,-1.0));
#6191=DIRECTION('',(0.0,-0.707106781186548,-0.707106781186548));
#6192=DIRECTION('',(0.0,-1.0,0.0));
#6193=DIRECTION('',(0.0,0.0,1.0));
#6194=DIRECTION('',(0.0,1.0,0.0));
#6195=DIRECTION('',(0.0,0.0,-1.0));
#6196=DIRECTION('',(0.0,-1.0,0.0));
#6197=DIRECTION('',(0.0,0.0,1.0));
#6198=DIRECTION('',(0.0,1.0,0.0));
#6199=DIRECTION('',(0.0,0.0,-1.0));
#6200=DIRECTION('',(0.0,-1.0,0.0));
#6201=DIRECTION('',(0.0,0.0,1.0));
#6202=DIRECTION('',(0.0,1.0,0.0));
#6203=DIRECTION('',(0.0,0.707106781186548,-0.707106781186548));
#6204=DIRECTION('',(0.0,0.0,-1.0));
#6205=DIRECTION('',(0.0,-0.707106781186548,-0.707106781186548));
#6206=DIRECTION('',(0.0,-1.0,0.0));
#6207=DIRECTION('',(0.0,0.0,1.0));
#6208=DIRECTION('',(0.0,1.0,0.0));
#6209=DIRECTION('',(0.0,0.0,-1.0));
#6210=DIRECTION('',(0.0,-1.0,0.0));
#6211=DIRECTION('',(0.0,0.0,1.0));
#6212=DIRECTION('',(0.0,1.0,0.0));
#6213=DIRECTION('',(0.0,0.707106781186548,-0.707106781186548));
#6214=DIRECTION('',(0.0,0.0,-1.0));
#6215=DIRECTION('',(0.0,-0.707106781186548,-0.707106781186548));
#6216=DIRECTION('',(0.0,-1.0,0.0));
#6217=DIRECTION('',(0.0,0.0,1.0));
#6218=DIRECTION('',(0.0,1.0,0.0));
#6219=DIRECTION('',(0.0,0.707106781186548,-0.707106781186548));
#6220=DIRECTION('',(0.0,0.0,-1.0));
#6221=DIRECTION('',(0.0,-0.707106781186548,-0.707106781186548));
#6222=DIRECTION('',(0.0,-1.0,0.0));
#6223=DIRECTION('',(0.0,0.0,1.0));
#6224=DIRECTION('',(0.0,1.0,0.0));
#6225=DIRECTION('',(0.0,0.0,-1.0));
#6226=DIRECTION('',(0.0,-1.0,0.0));
#6227=DIRECTION('',(-1.0,0.0,0.0));
#6228=DIRECTION('',(1.0,0.0,0.0));
#6229=DIRECTION('',(0.0,1.0,0.0));
#6230=CARTESIAN_POINT('',(-5.9,-2.25,-9.0));
#6231=DIRECTION('',(-1.0,0.0,0.0));
#6232=DIRECTION('',(0.0,1.0,0.0));
#6233=DIRECTION('',(1.0,0.0,0.0));
#6234=DIRECTION('',(1.0,0.0,0.0));
#6235=DIRECTION('',(1.0,0.0,0.0));
#6236=DIRECTION('',(1.0,0.0,0.0));
#6237=DIRECTION('',(-1.0,0.0,0.0));
#6238=DIRECTION('',(0.0,-1.0,0.0));
#6239=DIRECTION('',(-1.0,0.0,0.0));
#6240=DIRECTION('',(0.0,0.0,1.0));
#6241=DIRECTION('',(-1.0,0.0,0.0));
#6242=DIRECTION('',(0.0,1.0,0.0));
#6243=DIRECTION('',(-1.0,0.0,0.0));
#6244=DIRECTION('',(0.0,0.707106781186548,-0.707106781186548));
#6245=DIRECTION('',(-1.0,0.0,0.0));
#6246=DIRECTION('',(0.0,0.0,-1.0));
#6247=DIRECTION('',(-1.0,0.0,0.0));
#6248=DIRECTION('',(0.0,-0.707106781186548,-0.707106781186548));
#6249=DIRECTION('',(0.0,0.0,1.0));
#6250=DIRECTION('',(0.0,1.0,0.0));
#6251=DIRECTION('',(0.0,0.0,1.0));
#6252=DIRECTION('',(0.0,1.0,0.0));
#6253=DIRECTION('',(0.0,0.0,-1.0));
#6254=DIRECTION('',(0.0,1.0,0.0));
#6255=DIRECTION('',(0.0,0.0,1.0));
#6256=DIRECTION('',(0.0,-1.0,0.0));
#6257=DIRECTION('',(0.0,0.0,1.0));
#6258=DIRECTION('',(0.0,1.0,0.0));
#6259=DIRECTION('',(0.0,0.0,1.0));
#6260=DIRECTION('',(0.0,1.0,0.0));
#6261=DIRECTION('',(-1.0,0.0,0.0));
#6262=DIRECTION('',(-1.0,0.0,0.0));
#6263=DIRECTION('',(-1.0,0.0,0.0));
#6264=DIRECTION('',(-1.0,0.0,0.0));
#6265=DIRECTION('',(1.0,0.0,0.0));
#6266=DIRECTION('',(-1.0,0.0,0.0));
#6267=DIRECTION('',(0.0,-1.0,0.0));
#6268=DIRECTION('',(1.0,0.0,0.0));
#6269=DIRECTION('',(-1.0,0.0,0.0));
#6270=DIRECTION('',(0.0,-1.0,0.0));
#6271=DIRECTION('',(0.0,-1.0,0.0));
#6272=CARTESIAN_POINT('',(-6.285,-2.915,-6.835));
#6273=DIRECTION('',(0.0,0.0,1.0));
#6274=DIRECTION('',(-0.06571428571429,0.9978384802427,0.0));
#6275=CARTESIAN_POINT('',(-6.285,-2.915,-6.835));
#6276=DIRECTION('',(0.0,0.0,-1.0));
#6277=DIRECTION('',(-1.0,0.0,0.0));
#6278=DIRECTION('',(0.0,1.0,0.0));
#6279=DIRECTION('',(-1.0,0.0,0.0));
#6280=DIRECTION('',(0.0,-1.0,0.0));
#6281=CARTESIAN_POINT('',(-11.785,1.285,-6.835));
#6282=DIRECTION('',(0.0,-0.0,1.0));
#6283=DIRECTION('',(0.0,1.0,0.0));
#6284=DIRECTION('',(-1.0,0.0,0.0));
#6285=DIRECTION('',(1.0,0.0,0.0));
#6286=CARTESIAN_POINT('',(-11.785,1.285,-6.835));
#6287=DIRECTION('',(0.0,0.0,-1.0));
#6288=DIRECTION('',(-1.0,0.0,0.0));
#6289=DIRECTION('',(0.0,1.0,0.0));
#6290=DIRECTION('',(-1.0,0.0,0.0));
#6291=DIRECTION('',(-0.973328526784565,0.162221421130794,-0.162221421130794));
#6292=DIRECTION('',(0.0,-1.0,0.0));
#6293=DIRECTION('',(-0.973328526784565,-0.162221421130794,-0.162221421130794));
#6294=DIRECTION('',(0.0,0.0,-1.0));
#6295=DIRECTION('',(-0.973328526784565,-0.162221421130794,0.162221421130794));
#6296=DIRECTION('',(0.0,0.0,-1.0));
#6297=DIRECTION('',(1.0,0.0,0.0));
#6298=DIRECTION('',(0.0,0.0,1.0));
#6299=DIRECTION('',(1.0,0.0,0.0));
#6300=CARTESIAN_POINT('',(-11.785,1.285,-5.765));
#6301=DIRECTION('',(0.0,0.0,-1.0));
#6302=DIRECTION('',(-1.0,0.0,0.0));
#6303=DIRECTION('',(0.0,0.0,1.0));
#6304=DIRECTION('',(0.0,1.0,0.0));
#6305=DIRECTION('',(0.0,0.0,-1.0));
#6306=DIRECTION('',(-0.162221421130794,-0.973328526784565,-0.162221421130794));
#6307=DIRECTION('',(0.0,0.0,-1.0));
#6308=DIRECTION('',(0.162221421130794,0.973328526784565,-0.162221421130794));
#6309=DIRECTION('',(-1.0,0.0,0.0));
#6310=DIRECTION('',(-0.162221421130794,0.973328526784565,-0.162221421130794));
#6311=DIRECTION('',(0.0,0.0,-1.0));
#6312=DIRECTION('',(-0.162221421130794,0.973328526784565,0.162221421130794));
#6313=DIRECTION('',(0.0,0.0,-1.0));
#6314=DIRECTION('',(0.0,-1.0,0.0));
#6315=DIRECTION('',(0.0,0.0,1.0));
#6316=CARTESIAN_POINT('',(-11.785,1.285,-5.765));
#6317=DIRECTION('',(0.0,-0.0,1.0));
#6318=DIRECTION('',(0.0,1.0,0.0));
#6319=DIRECTION('',(0.0,0.0,1.0));
#6320=DIRECTION('',(-1.0,0.0,0.0));
#6321=DIRECTION('',(-1.0,0.0,0.0));
#6322=DIRECTION('',(0.0,0.0,-1.0));
#6323=DIRECTION('',(0.0,1.0,0.0));
#6324=DIRECTION('',(-1.0,0.0,0.0));
#6325=DIRECTION('',(1.0,0.0,0.0));
#6326=DIRECTION('',(0.0,1.0,0.0));
#6327=DIRECTION('',(0.0,1.0,0.0));
#6328=CARTESIAN_POINT('',(-6.285,-2.915,-5.765));
#6329=DIRECTION('',(0.0,0.0,-1.0));
#6330=DIRECTION('',(-1.0,0.0,0.0));
#6331=CARTESIAN_POINT('',(-6.285,-2.915,-5.765));
#6332=DIRECTION('',(0.0,0.0,1.0));
#6333=DIRECTION('',(-0.06571428571429,0.9978384802427,0.0));
#6334=DIRECTION('',(0.0,-1.0,0.0));
#6335=DIRECTION('',(1.0,0.0,0.0));
#6336=DIRECTION('',(1.0,0.0,0.0));
#6337=DIRECTION('',(0.973328526784565,-0.162221421130794,-0.162221421130794));
#6338=DIRECTION('',(0.0,1.0,0.0));
#6339=DIRECTION('',(0.0,0.0,-1.0));
#6340=DIRECTION('',(-0.973328526784565,0.162221421130794,0.162221421130794));
#6341=DIRECTION('',(-0.973328526784565,-0.162221421130794,0.162221421130794));
#6342=DIRECTION('',(0.0,1.0,0.0));
#6343=DIRECTION('',(0.0,0.0,-1.0));
#6344=DIRECTION('',(0.0,-1.0,0.0));
#6345=DIRECTION('',(0.0,0.0,-1.0));
#6346=DIRECTION('',(-0.973328526784565,0.162221421130794,-0.162221421130794));
#6347=DIRECTION('',(0.0,0.0,-1.0));
#6348=DIRECTION('',(-0.973328526784565,-0.162221421130794,-0.162221421130794));
#6349=DIRECTION('',(0.0,0.0,-1.0));
#6350=DIRECTION('',(-0.162221421130794,-0.973328526784565,-0.162221421130794));
#6351=DIRECTION('',(-0.162221421130794,0.973328526784565,0.162221421130794));
#6352=DIRECTION('',(1.0,0.0,0.0));
#6353=DIRECTION('',(0.0,0.0,-1.0));
#6354=DIRECTION('',(-1.0,0.0,0.0));
#6355=DIRECTION('',(0.0,0.0,-1.0));
#6356=DIRECTION('',(0.162221421130794,0.973328526784565,-0.162221421130794));
#6357=DIRECTION('',(0.0,0.0,-1.0));
#6358=DIRECTION('',(0.0,0.0,1.0));
#6359=DIRECTION('',(-0.162221421130794,0.973328526784565,-0.162221421130794));
#6360=DIRECTION('',(0.0,0.0,-1.0));
#6361=DIRECTION('',(0.0,0.0,1.0));
#6362=DIRECTION('',(1.0,0.0,0.0));
#6363=DIRECTION('',(-1.0,0.0,0.0));
#6364=DIRECTION('',(0.0,-1.0,0.0));
#6365=DIRECTION('',(-1.0,0.0,0.0));
#6366=DIRECTION('',(0.0,0.0,1.0));
#6367=DIRECTION('',(-1.0,0.0,0.0));
#6368=DIRECTION('',(0.0,1.0,0.0));
#6369=DIRECTION('',(-1.0,0.0,0.0));
#6370=DIRECTION('',(0.0,0.0,-1.0));
#6371=DIRECTION('',(0.0,0.0,1.0));
#6372=DIRECTION('',(0.0,1.0,0.0));
#6373=DIRECTION('',(0.0,0.0,1.0));
#6374=DIRECTION('',(0.0,1.0,0.0));
#6375=DIRECTION('',(0.0,-0.707106781186548,-0.707106781186548));
#6376=DIRECTION('',(0.0,0.0,-1.0));
#6377=DIRECTION('',(0.0,0.707106781186548,-0.707106781186548));
#6378=DIRECTION('',(0.0,1.0,0.0));
#6379=DIRECTION('',(0.0,0.0,1.0));
#6380=DIRECTION('',(0.0,-1.0,0.0));
#6381=DIRECTION('',(0.0,0.0,1.0));
#6382=DIRECTION('',(0.0,1.0,0.0));
#6383=DIRECTION('',(0.0,0.0,1.0));
#6384=DIRECTION('',(0.0,1.0,0.0));
#6385=DIRECTION('',(-1.0,0.0,0.0));
#6386=DIRECTION('',(-1.0,0.0,0.0));
#6387=DIRECTION('',(-1.0,0.0,0.0));
#6388=DIRECTION('',(-1.0,0.0,0.0));
#6389=DIRECTION('',(-1.0,0.0,0.0));
#6390=DIRECTION('',(-1.0,0.0,0.0));
#6391=DIRECTION('',(1.0,0.0,0.0));
#6392=DIRECTION('',(-1.0,0.0,0.0));
#6393=DIRECTION('',(0.0,-1.0,0.0));
#6394=DIRECTION('',(1.0,0.0,0.0));
#6395=DIRECTION('',(-1.0,0.0,0.0));
#6396=DIRECTION('',(0.0,-1.0,0.0));
#6397=DIRECTION('',(0.0,-1.0,0.0));
#6398=CARTESIAN_POINT('',(-6.285,-2.915,-2.635));
#6399=DIRECTION('',(0.0,0.0,1.0));
#6400=DIRECTION('',(-0.06571428571429,0.9978384802427,0.0));
#6401=CARTESIAN_POINT('',(-6.285,-2.915,-2.635));
#6402=DIRECTION('',(0.0,0.0,-1.0));
#6403=DIRECTION('',(-1.0,0.0,0.0));
#6404=DIRECTION('',(0.0,1.0,0.0));
#6405=DIRECTION('',(-1.0,0.0,0.0));
#6406=DIRECTION('',(0.0,-1.0,0.0));
#6407=CARTESIAN_POINT('',(-11.785,1.285,-2.635));
#6408=DIRECTION('',(0.0,-0.0,1.0));
#6409=DIRECTION('',(0.0,1.0,0.0));
#6410=DIRECTION('',(-1.0,0.0,0.0));
#6411=DIRECTION('',(1.0,0.0,0.0));
#6412=CARTESIAN_POINT('',(-11.785,1.285,-2.635));
#6413=DIRECTION('',(0.0,0.0,-1.0));
#6414=DIRECTION('',(-1.0,0.0,0.0));
#6415=DIRECTION('',(0.0,1.0,0.0));
#6416=DIRECTION('',(-1.0,0.0,0.0));
#6417=DIRECTION('',(-0.973328526784565,0.162221421130794,-0.162221421130794));
#6418=DIRECTION('',(0.0,-1.0,0.0));
#6419=DIRECTION('',(-0.973328526784565,-0.162221421130794,-0.162221421130794));
#6420=DIRECTION('',(0.0,0.0,-1.0));
#6421=DIRECTION('',(-0.973328526784565,-0.162221421130794,0.162221421130794));
#6422=DIRECTION('',(0.0,0.0,-1.0));
#6423=DIRECTION('',(1.0,0.0,0.0));
#6424=DIRECTION('',(0.0,0.0,1.0));
#6425=DIRECTION('',(1.0,0.0,0.0));
#6426=CARTESIAN_POINT('',(-11.785,1.285,-1.565));
#6427=DIRECTION('',(0.0,0.0,-1.0));
#6428=DIRECTION('',(-1.0,0.0,0.0));
#6429=DIRECTION('',(0.0,0.0,1.0));
#6430=DIRECTION('',(0.0,1.0,0.0));
#6431=DIRECTION('',(0.0,0.0,-1.0));
#6432=DIRECTION('',(-0.162221421130794,-0.973328526784565,-0.162221421130794));
#6433=DIRECTION('',(0.0,0.0,-1.0));
#6434=DIRECTION('',(0.162221421130794,0.973328526784565,-0.162221421130794));
#6435=DIRECTION('',(-1.0,0.0,0.0));
#6436=DIRECTION('',(-0.162221421130794,0.973328526784565,-0.162221421130794));
#6437=DIRECTION('',(0.0,0.0,-1.0));
#6438=DIRECTION('',(-0.162221421130794,0.973328526784565,0.162221421130794));
#6439=DIRECTION('',(0.0,0.0,-1.0));
#6440=DIRECTION('',(0.0,-1.0,0.0));
#6441=DIRECTION('',(0.0,0.0,1.0));
#6442=CARTESIAN_POINT('',(-11.785,1.285,-1.565));
#6443=DIRECTION('',(0.0,-0.0,1.0));
#6444=DIRECTION('',(0.0,1.0,0.0));
#6445=DIRECTION('',(0.0,0.0,1.0));
#6446=DIRECTION('',(-1.0,0.0,0.0));
#6447=DIRECTION('',(-1.0,0.0,0.0));
#6448=DIRECTION('',(0.0,0.0,-1.0));
#6449=DIRECTION('',(0.0,1.0,0.0));
#6450=DIRECTION('',(-1.0,0.0,0.0));
#6451=DIRECTION('',(1.0,0.0,0.0));
#6452=DIRECTION('',(0.0,1.0,0.0));
#6453=DIRECTION('',(0.0,1.0,0.0));
#6454=CARTESIAN_POINT('',(-6.285,-2.915,-1.565));
#6455=DIRECTION('',(0.0,0.0,-1.0));
#6456=DIRECTION('',(-1.0,0.0,0.0));
#6457=CARTESIAN_POINT('',(-6.285,-2.915,-1.565));
#6458=DIRECTION('',(0.0,0.0,1.0));
#6459=DIRECTION('',(-0.06571428571429,0.9978384802427,0.0));
#6460=DIRECTION('',(0.0,-1.0,0.0));
#6461=DIRECTION('',(1.0,0.0,0.0));
#6462=DIRECTION('',(1.0,0.0,0.0));
#6463=DIRECTION('',(0.973328526784565,-0.162221421130794,-0.162221421130794));
#6464=DIRECTION('',(0.0,1.0,0.0));
#6465=DIRECTION('',(0.0,0.0,-1.0));
#6466=DIRECTION('',(-0.973328526784565,0.162221421130794,0.162221421130794));
#6467=DIRECTION('',(-0.973328526784565,-0.162221421130794,0.162221421130794));
#6468=DIRECTION('',(0.0,1.0,0.0));
#6469=DIRECTION('',(0.0,0.0,-1.0));
#6470=DIRECTION('',(0.0,-1.0,0.0));
#6471=DIRECTION('',(0.0,0.0,-1.0));
#6472=DIRECTION('',(-0.973328526784565,0.162221421130794,-0.162221421130794));
#6473=DIRECTION('',(0.0,0.0,-1.0));
#6474=DIRECTION('',(-0.973328526784565,-0.162221421130794,-0.162221421130794));
#6475=DIRECTION('',(0.0,0.0,-1.0));
#6476=DIRECTION('',(-0.162221421130794,-0.973328526784565,-0.162221421130794));
#6477=DIRECTION('',(-0.162221421130794,0.973328526784565,0.162221421130794));
#6478=DIRECTION('',(1.0,0.0,0.0));
#6479=DIRECTION('',(0.0,0.0,-1.0));
#6480=DIRECTION('',(-1.0,0.0,0.0));
#6481=DIRECTION('',(0.0,0.0,-1.0));
#6482=DIRECTION('',(0.162221421130794,0.973328526784565,-0.162221421130794));
#6483=DIRECTION('',(0.0,0.0,-1.0));
#6484=DIRECTION('',(0.0,0.0,1.0));
#6485=DIRECTION('',(-0.162221421130794,0.973328526784565,-0.162221421130794));
#6486=DIRECTION('',(0.0,0.0,-1.0));
#6487=DIRECTION('',(0.0,0.0,1.0));
#6488=DIRECTION('',(1.0,0.0,0.0));
#6489=DIRECTION('',(-1.0,0.0,0.0));
#6490=DIRECTION('',(0.0,-1.0,0.0));
#6491=DIRECTION('',(-1.0,0.0,0.0));
#6492=DIRECTION('',(0.0,0.0,1.0));
#6493=DIRECTION('',(-1.0,0.0,0.0));
#6494=DIRECTION('',(0.0,1.0,0.0));
#6495=DIRECTION('',(-1.0,0.0,0.0));
#6496=DIRECTION('',(0.0,0.0,-1.0));
#6497=DIRECTION('',(0.0,0.0,1.0));
#6498=DIRECTION('',(0.0,1.0,0.0));
#6499=DIRECTION('',(0.0,0.0,1.0));
#6500=DIRECTION('',(0.0,1.0,0.0));
#6501=DIRECTION('',(0.0,-0.707106781186548,-0.707106781186548));
#6502=DIRECTION('',(0.0,0.0,-1.0));
#6503=DIRECTION('',(0.0,0.707106781186548,-0.707106781186548));
#6504=DIRECTION('',(0.0,1.0,0.0));
#6505=DIRECTION('',(0.0,0.0,1.0));
#6506=DIRECTION('',(0.0,-1.0,0.0));
#6507=DIRECTION('',(0.0,0.0,1.0));
#6508=DIRECTION('',(0.0,1.0,0.0));
#6509=DIRECTION('',(0.0,0.0,1.0));
#6510=DIRECTION('',(0.0,1.0,0.0));
#6511=DIRECTION('',(-1.0,0.0,0.0));
#6512=DIRECTION('',(-1.0,0.0,0.0));
#6513=DIRECTION('',(-1.0,0.0,0.0));
#6514=DIRECTION('',(-1.0,0.0,0.0));
#6515=DIRECTION('',(-1.0,0.0,0.0));
#6516=DIRECTION('',(-1.0,0.0,0.0));
#6517=DIRECTION('',(1.0,0.0,0.0));
#6518=DIRECTION('',(-1.0,0.0,0.0));
#6519=DIRECTION('',(0.0,-1.0,0.0));
#6520=DIRECTION('',(1.0,0.0,0.0));
#6521=DIRECTION('',(-1.0,0.0,0.0));
#6522=DIRECTION('',(0.0,-1.0,0.0));
#6523=DIRECTION('',(0.0,-1.0,0.0));
#6524=CARTESIAN_POINT('',(-6.285,-2.915,1.565));
#6525=DIRECTION('',(0.0,0.0,1.0));
#6526=DIRECTION('',(-0.06571428571429,0.9978384802427,0.0));
#6527=CARTESIAN_POINT('',(-6.285,-2.915,1.565));
#6528=DIRECTION('',(0.0,0.0,-1.0));
#6529=DIRECTION('',(-1.0,0.0,0.0));
#6530=DIRECTION('',(0.0,1.0,0.0));
#6531=DIRECTION('',(-1.0,0.0,0.0));
#6532=DIRECTION('',(0.0,-1.0,0.0));
#6533=CARTESIAN_POINT('',(-11.785,1.285,1.565));
#6534=DIRECTION('',(0.0,-0.0,1.0));
#6535=DIRECTION('',(0.0,1.0,0.0));
#6536=DIRECTION('',(-1.0,0.0,0.0));
#6537=DIRECTION('',(1.0,0.0,0.0));
#6538=CARTESIAN_POINT('',(-11.785,1.285,1.565));
#6539=DIRECTION('',(0.0,0.0,-1.0));
#6540=DIRECTION('',(-1.0,0.0,0.0));
#6541=DIRECTION('',(0.0,1.0,0.0));
#6542=DIRECTION('',(-1.0,0.0,0.0));
#6543=DIRECTION('',(-0.973328526784565,0.162221421130794,-0.162221421130794));
#6544=DIRECTION('',(0.0,-1.0,0.0));
#6545=DIRECTION('',(-0.973328526784565,-0.162221421130794,-0.162221421130794));
#6546=DIRECTION('',(0.0,0.0,-1.0));
#6547=DIRECTION('',(-0.973328526784565,-0.162221421130794,0.162221421130794));
#6548=DIRECTION('',(0.0,0.0,-1.0));
#6549=DIRECTION('',(1.0,0.0,0.0));
#6550=DIRECTION('',(0.0,0.0,1.0));
#6551=DIRECTION('',(1.0,0.0,0.0));
#6552=CARTESIAN_POINT('',(-11.785,1.285,2.635));
#6553=DIRECTION('',(0.0,0.0,-1.0));
#6554=DIRECTION('',(-1.0,0.0,0.0));
#6555=DIRECTION('',(0.0,0.0,1.0));
#6556=DIRECTION('',(0.0,1.0,0.0));
#6557=DIRECTION('',(0.0,0.0,-1.0));
#6558=DIRECTION('',(-0.162221421130794,-0.973328526784565,-0.162221421130794));
#6559=DIRECTION('',(0.0,0.0,-1.0));
#6560=DIRECTION('',(0.162221421130794,0.973328526784565,-0.162221421130794));
#6561=DIRECTION('',(-1.0,0.0,0.0));
#6562=DIRECTION('',(-0.162221421130794,0.973328526784565,-0.162221421130794));
#6563=DIRECTION('',(0.0,0.0,-1.0));
#6564=DIRECTION('',(-0.162221421130794,0.973328526784565,0.162221421130794));
#6565=DIRECTION('',(0.0,0.0,-1.0));
#6566=DIRECTION('',(0.0,-1.0,0.0));
#6567=DIRECTION('',(0.0,0.0,1.0));
#6568=CARTESIAN_POINT('',(-11.785,1.285,2.635));
#6569=DIRECTION('',(0.0,-0.0,1.0));
#6570=DIRECTION('',(0.0,1.0,0.0));
#6571=DIRECTION('',(0.0,0.0,1.0));
#6572=DIRECTION('',(-1.0,0.0,0.0));
#6573=DIRECTION('',(-1.0,0.0,0.0));
#6574=DIRECTION('',(0.0,0.0,-1.0));
#6575=DIRECTION('',(0.0,1.0,0.0));
#6576=DIRECTION('',(-1.0,0.0,0.0));
#6577=DIRECTION('',(1.0,0.0,0.0));
#6578=DIRECTION('',(0.0,1.0,0.0));
#6579=DIRECTION('',(0.0,1.0,0.0));
#6580=CARTESIAN_POINT('',(-6.285,-2.915,2.635));
#6581=DIRECTION('',(0.0,0.0,-1.0));
#6582=DIRECTION('',(-1.0,0.0,0.0));
#6583=CARTESIAN_POINT('',(-6.285,-2.915,2.635));
#6584=DIRECTION('',(0.0,0.0,1.0));
#6585=DIRECTION('',(-0.06571428571429,0.9978384802427,0.0));
#6586=DIRECTION('',(0.0,-1.0,0.0));
#6587=DIRECTION('',(1.0,0.0,0.0));
#6588=DIRECTION('',(1.0,0.0,0.0));
#6589=DIRECTION('',(0.973328526784565,-0.162221421130794,-0.162221421130794));
#6590=DIRECTION('',(0.0,1.0,0.0));
#6591=DIRECTION('',(0.0,0.0,-1.0));
#6592=DIRECTION('',(-0.973328526784565,0.162221421130794,0.162221421130794));
#6593=DIRECTION('',(-0.973328526784565,-0.162221421130794,0.162221421130794));
#6594=DIRECTION('',(0.0,1.0,0.0));
#6595=DIRECTION('',(0.0,0.0,-1.0));
#6596=DIRECTION('',(0.0,-1.0,0.0));
#6597=DIRECTION('',(0.0,0.0,-1.0));
#6598=DIRECTION('',(-0.973328526784565,0.162221421130794,-0.162221421130794));
#6599=DIRECTION('',(0.0,0.0,-1.0));
#6600=DIRECTION('',(-0.973328526784565,-0.162221421130794,-0.162221421130794));
#6601=DIRECTION('',(0.0,0.0,-1.0));
#6602=DIRECTION('',(-0.162221421130794,-0.973328526784565,-0.162221421130794));
#6603=DIRECTION('',(-0.162221421130794,0.973328526784565,0.162221421130794));
#6604=DIRECTION('',(1.0,0.0,0.0));
#6605=DIRECTION('',(0.0,0.0,-1.0));
#6606=DIRECTION('',(-1.0,0.0,0.0));
#6607=DIRECTION('',(0.0,0.0,-1.0));
#6608=DIRECTION('',(0.162221421130794,0.973328526784565,-0.162221421130794));
#6609=DIRECTION('',(0.0,0.0,-1.0));
#6610=DIRECTION('',(0.0,0.0,1.0));
#6611=DIRECTION('',(-0.162221421130794,0.973328526784565,-0.162221421130794));
#6612=DIRECTION('',(0.0,0.0,-1.0));
#6613=DIRECTION('',(0.0,0.0,1.0));
#6614=DIRECTION('',(1.0,0.0,0.0));
#6615=DIRECTION('',(-1.0,0.0,0.0));
#6616=DIRECTION('',(0.0,-1.0,0.0));
#6617=DIRECTION('',(-1.0,0.0,0.0));
#6618=DIRECTION('',(0.0,0.0,1.0));
#6619=DIRECTION('',(-1.0,0.0,0.0));
#6620=DIRECTION('',(0.0,1.0,0.0));
#6621=DIRECTION('',(-1.0,0.0,0.0));
#6622=DIRECTION('',(0.0,0.707106781186548,-0.707106781186548));
#6623=DIRECTION('',(-1.0,0.0,0.0));
#6624=DIRECTION('',(0.0,0.0,-1.0));
#6625=DIRECTION('',(-1.0,0.0,0.0));
#6626=DIRECTION('',(0.0,-0.707106781186548,-0.707106781186548));
#6627=DIRECTION('',(0.0,0.0,1.0));
#6628=DIRECTION('',(0.0,1.0,0.0));
#6629=DIRECTION('',(0.0,0.0,1.0));
#6630=DIRECTION('',(0.0,1.0,0.0));
#6631=DIRECTION('',(0.0,0.0,-1.0));
#6632=DIRECTION('',(0.0,1.0,0.0));
#6633=DIRECTION('',(0.0,0.0,1.0));
#6634=DIRECTION('',(0.0,-1.0,0.0));
#6635=DIRECTION('',(0.0,0.0,1.0));
#6636=DIRECTION('',(0.0,1.0,0.0));
#6637=DIRECTION('',(0.0,0.0,1.0));
#6638=DIRECTION('',(0.0,1.0,0.0));
#6639=DIRECTION('',(-1.0,0.0,0.0));
#6640=DIRECTION('',(-1.0,0.0,0.0));
#6641=DIRECTION('',(-1.0,0.0,0.0));
#6642=DIRECTION('',(-1.0,0.0,0.0));
#6643=DIRECTION('',(1.0,0.0,0.0));
#6644=DIRECTION('',(-1.0,0.0,0.0));
#6645=DIRECTION('',(0.0,-1.0,0.0));
#6646=DIRECTION('',(1.0,0.0,0.0));
#6647=DIRECTION('',(-1.0,0.0,0.0));
#6648=DIRECTION('',(0.0,-1.0,0.0));
#6649=DIRECTION('',(0.0,-1.0,0.0));
#6650=CARTESIAN_POINT('',(-6.285,-2.915,5.765));
#6651=DIRECTION('',(0.0,0.0,1.0));
#6652=DIRECTION('',(-0.06571428571429,0.9978384802427,0.0));
#6653=CARTESIAN_POINT('',(-6.285,-2.915,5.765));
#6654=DIRECTION('',(0.0,0.0,-1.0));
#6655=DIRECTION('',(-1.0,0.0,0.0));
#6656=DIRECTION('',(0.0,1.0,0.0));
#6657=DIRECTION('',(-1.0,0.0,0.0));
#6658=DIRECTION('',(0.0,-1.0,0.0));
#6659=CARTESIAN_POINT('',(-11.785,1.285,5.765));
#6660=DIRECTION('',(0.0,-0.0,1.0));
#6661=DIRECTION('',(0.0,1.0,0.0));
#6662=DIRECTION('',(-1.0,0.0,0.0));
#6663=DIRECTION('',(1.0,0.0,0.0));
#6664=CARTESIAN_POINT('',(-11.785,1.285,5.765));
#6665=DIRECTION('',(0.0,0.0,-1.0));
#6666=DIRECTION('',(-1.0,0.0,0.0));
#6667=DIRECTION('',(0.0,1.0,0.0));
#6668=DIRECTION('',(-1.0,0.0,0.0));
#6669=DIRECTION('',(-0.973328526784565,0.162221421130794,-0.162221421130794));
#6670=DIRECTION('',(0.0,-1.0,0.0));
#6671=DIRECTION('',(-0.973328526784565,-0.162221421130794,-0.162221421130794));
#6672=DIRECTION('',(0.0,0.0,-1.0));
#6673=DIRECTION('',(-0.973328526784565,-0.162221421130794,0.162221421130794));
#6674=DIRECTION('',(0.0,0.0,-1.0));
#6675=DIRECTION('',(1.0,0.0,0.0));
#6676=DIRECTION('',(0.0,0.0,1.0));
#6677=DIRECTION('',(1.0,0.0,0.0));
#6678=CARTESIAN_POINT('',(-11.785,1.285,6.835));
#6679=DIRECTION('',(0.0,0.0,-1.0));
#6680=DIRECTION('',(-1.0,0.0,0.0));
#6681=DIRECTION('',(0.0,0.0,1.0));
#6682=DIRECTION('',(0.0,1.0,0.0));
#6683=DIRECTION('',(0.0,0.0,-1.0));
#6684=DIRECTION('',(-0.162221421130794,-0.973328526784565,-0.162221421130794));
#6685=DIRECTION('',(0.0,0.0,-1.0));
#6686=DIRECTION('',(0.162221421130794,0.973328526784565,-0.162221421130794));
#6687=DIRECTION('',(-1.0,0.0,0.0));
#6688=DIRECTION('',(-0.162221421130794,0.973328526784565,-0.162221421130794));
#6689=DIRECTION('',(0.0,0.0,-1.0));
#6690=DIRECTION('',(-0.162221421130794,0.973328526784565,0.162221421130794));
#6691=DIRECTION('',(0.0,0.0,-1.0));
#6692=DIRECTION('',(0.0,-1.0,0.0));
#6693=DIRECTION('',(0.0,0.0,1.0));
#6694=CARTESIAN_POINT('',(-11.785,1.285,6.835));
#6695=DIRECTION('',(0.0,-0.0,1.0));
#6696=DIRECTION('',(0.0,1.0,0.0));
#6697=DIRECTION('',(0.0,0.0,1.0));
#6698=DIRECTION('',(-1.0,0.0,0.0));
#6699=DIRECTION('',(-1.0,0.0,0.0));
#6700=DIRECTION('',(0.0,0.0,-1.0));
#6701=DIRECTION('',(0.0,1.0,0.0));
#6702=DIRECTION('',(-1.0,0.0,0.0));
#6703=DIRECTION('',(1.0,0.0,0.0));
#6704=DIRECTION('',(0.0,1.0,0.0));
#6705=DIRECTION('',(0.0,1.0,0.0));
#6706=CARTESIAN_POINT('',(-6.285,-2.915,6.835));
#6707=DIRECTION('',(0.0,0.0,-1.0));
#6708=DIRECTION('',(-1.0,0.0,0.0));
#6709=CARTESIAN_POINT('',(-6.285,-2.915,6.835));
#6710=DIRECTION('',(0.0,0.0,1.0));
#6711=DIRECTION('',(-0.06571428571429,0.9978384802427,0.0));
#6712=DIRECTION('',(0.0,-1.0,0.0));
#6713=DIRECTION('',(1.0,0.0,0.0));
#6714=DIRECTION('',(1.0,0.0,0.0));
#6715=DIRECTION('',(0.973328526784565,-0.162221421130794,-0.162221421130794));
#6716=DIRECTION('',(0.0,1.0,0.0));
#6717=DIRECTION('',(0.0,0.0,-1.0));
#6718=DIRECTION('',(-0.973328526784565,0.162221421130794,0.162221421130794));
#6719=DIRECTION('',(-0.973328526784565,-0.162221421130794,0.162221421130794));
#6720=DIRECTION('',(0.0,1.0,0.0));
#6721=DIRECTION('',(0.0,0.0,-1.0));
#6722=DIRECTION('',(0.0,-1.0,0.0));
#6723=DIRECTION('',(0.0,0.0,-1.0));
#6724=DIRECTION('',(-0.973328526784565,0.162221421130794,-0.162221421130794));
#6725=DIRECTION('',(0.0,0.0,-1.0));
#6726=DIRECTION('',(-0.973328526784565,-0.162221421130794,-0.162221421130794));
#6727=DIRECTION('',(0.0,0.0,-1.0));
#6728=DIRECTION('',(-0.162221421130794,-0.973328526784565,-0.162221421130794));
#6729=DIRECTION('',(-0.162221421130794,0.973328526784565,0.162221421130794));
#6730=DIRECTION('',(1.0,0.0,0.0));
#6731=DIRECTION('',(0.0,0.0,-1.0));
#6732=DIRECTION('',(-1.0,0.0,0.0));
#6733=DIRECTION('',(0.0,0.0,-1.0));
#6734=DIRECTION('',(0.162221421130794,0.973328526784565,-0.162221421130794));
#6735=DIRECTION('',(0.0,0.0,-1.0));
#6736=DIRECTION('',(0.0,0.0,1.0));
#6737=DIRECTION('',(-0.162221421130794,0.973328526784565,-0.162221421130794));
#6738=DIRECTION('',(0.0,0.0,-1.0));
#6739=DIRECTION('',(0.0,0.0,1.0));
#6740=DIRECTION('',(1.0,0.0,0.0));
#6741=DIRECTION('',(-1.0,0.0,0.0));
#6742=DIRECTION('',(0.0,-1.0,0.0));
#6743=DIRECTION('',(0.0,0.0,1.0));
ENDSEC;
END-ISO-10303-21;
