ISO-10303-21;
HEADER;
FILE_DESCRIPTION(('FreeCAD Model'),'2;1');
FILE_NAME('Open CASCADE Shape Model','2026-09-03T15:35:20',('Author'),(
    ''),'Open CASCADE STEP processor 7.8','FreeCAD','Unknown');
FILE_SCHEMA(('AUTOMOTIVE_DESIGN { 1 0 10303 214 1 1 1 1 }'));
ENDSEC;
DATA;
#1 = APPLICATION_PROTOCOL_DEFINITION('international standard',
  'automotive_design',2000,#2);
#2 = APPLICATION_CONTEXT(
  'core data for automotive mechanical design processes');
#3 = SHAPE_DEFINITION_REPRESENTATION(#4,#10);
#4 = PRODUCT_DEFINITION_SHAPE('','',#5);
#5 = PRODUCT_DEFINITION('design','',#6,#9);
#6 = PRODUCT_DEFINITION_FORMATION('','',#7);
#7 = PRODUCT('EasyEDA PCB Model~I2oy','EasyEDA PCB Model~I2oy','',(#8));
#8 = PRODUCT_CONTEXT('',#2,'mechanical');
#9 = PRODUCT_DEFINITION_CONTEXT('part definition',#2,'design');
#10 = SHAPE_REPRESENTATION('',(#11,#15),#19);
#11 = AXIS2_PLACEMENT_3D('',#12,#13,#14);
#12 = CARTESIAN_POINT('',(0.,0.,0.));
#13 = DIRECTION('',(0.,0.,1.));
#14 = DIRECTION('',(1.,0.,-0.));
#15 = AXIS2_PLACEMENT_3D('',#16,#17,#18);
#16 = CARTESIAN_POINT('',(2.201701803404,-6.801813563627,1.610050799729)
  );
#17 = DIRECTION('',(0.,0.,1.));
#18 = DIRECTION('',(1.,0.,0.));
#19 = ( GEOMETRIC_REPRESENTATION_CONTEXT(3) 
GLOBAL_UNCERTAINTY_ASSIGNED_CONTEXT((#23)) GLOBAL_UNIT_ASSIGNED_CONTEXT(
(#20,#21,#22)) REPRESENTATION_CONTEXT('Context #1',
  '3D Context with UNIT and UNCERTAINTY') );
#20 = ( LENGTH_UNIT() NAMED_UNIT(*) SI_UNIT(.MILLI.,.METRE.) );
#21 = ( NAMED_UNIT(*) PLANE_ANGLE_UNIT() SI_UNIT($,.RADIAN.) );
#22 = ( NAMED_UNIT(*) SI_UNIT($,.STERADIAN.) SOLID_ANGLE_UNIT() );
#23 = UNCERTAINTY_MEASURE_WITH_UNIT(LENGTH_MEASURE(1.E-07),#20,
  'distance_accuracy_value','confusion accuracy');
#24 = PRODUCT_RELATED_PRODUCT_CATEGORY('part',$,(#7));
#25 = SHAPE_DEFINITION_REPRESENTATION(#26,#32);
#26 = PRODUCT_DEFINITION_SHAPE('','',#27);
#27 = PRODUCT_DEFINITION('design','',#28,#31);
#28 = PRODUCT_DEFINITION_FORMATION('','',#29);
#29 = PRODUCT(
'CRYSTAL1~CRYSTAL-SMD_4P-L3.2-W2.5-BL_SIT8008BI~CRYSTAL-SMD_
4P-L3.2-W2.5-BL_SIT8008BI~QgeN',
'CRYSTAL1~CRYSTAL-SMD_4P-L3.2-W2.5-BL_SIT8008BI~CRYSTAL-SMD_
4P-L3.2-W2.5-BL_SIT8008BI~QgeN','',(#30));
#30 = PRODUCT_CONTEXT('',#2,'mechanical');
#31 = PRODUCT_DEFINITION_CONTEXT('part definition',#2,'design');
#32 = SHAPE_REPRESENTATION('',(#11,#33),#37);
#33 = AXIS2_PLACEMENT_3D('',#34,#35,#36);
#34 = CARTESIAN_POINT('',(0.,0.,0.));
#35 = DIRECTION('',(0.,0.,1.));
#36 = DIRECTION('',(1.,0.,0.));
#37 = ( GEOMETRIC_REPRESENTATION_CONTEXT(3) 
GLOBAL_UNCERTAINTY_ASSIGNED_CONTEXT((#41)) GLOBAL_UNIT_ASSIGNED_CONTEXT(
(#38,#39,#40)) REPRESENTATION_CONTEXT('Context #1',
  '3D Context with UNIT and UNCERTAINTY') );
#38 = ( LENGTH_UNIT() NAMED_UNIT(*) SI_UNIT(.MILLI.,.METRE.) );
#39 = ( NAMED_UNIT(*) PLANE_ANGLE_UNIT() SI_UNIT($,.RADIAN.) );
#40 = ( NAMED_UNIT(*) SI_UNIT($,.STERADIAN.) SOLID_ANGLE_UNIT() );
#41 = UNCERTAINTY_MEASURE_WITH_UNIT(LENGTH_MEASURE(1.E-07),#38,
  'distance_accuracy_value','confusion accuracy');
#42 = CONTEXT_DEPENDENT_SHAPE_REPRESENTATION(#43,#45);
#43 = ( REPRESENTATION_RELATIONSHIP('','',#32,#10) 
REPRESENTATION_RELATIONSHIP_WITH_TRANSFORMATION(#44) 
SHAPE_REPRESENTATION_RELATIONSHIP() );
#44 = ITEM_DEFINED_TRANSFORMATION('','',#11,#15);
#45 = PRODUCT_DEFINITION_SHAPE('Placement','Placement of an item',#46);
#46 = NEXT_ASSEMBLY_USAGE_OCCURRENCE('2',
'CRYSTAL1~CRYSTAL-SMD_4P-L3.2-W2.5-BL_SIT8008BI~CRYSTAL-SMD_
4P-L3.2-W2.5-BL_SIT8008BI~QgeN','',#5,#27,$);
#47 = PRODUCT_RELATED_PRODUCT_CATEGORY('part',$,(#29));
#48 = SHAPE_DEFINITION_REPRESENTATION(#49,#55);
#49 = PRODUCT_DEFINITION_SHAPE('','',#50);
#50 = PRODUCT_DEFINITION('design','',#51,#54);
#51 = PRODUCT_DEFINITION_FORMATION('','',#52);
#52 = PRODUCT(
'CRYSTAL-SMD_4P-L3.2-W2.5-BL_SIT8008BI~CRYSTAL-SMD_4P-L3.2-W2.5-BL_
SIT8008BI~kO2a',
'CRYSTAL-SMD_4P-L3.2-W2.5-BL_SIT8008BI~CRYSTAL-SMD_4P-L3.2-W2.5-BL_
SIT8008BI~kO2a','',(#53));
#53 = PRODUCT_CONTEXT('',#2,'mechanical');
#54 = PRODUCT_DEFINITION_CONTEXT('part definition',#2,'design');
#55 = ADVANCED_BREP_SHAPE_REPRESENTATION('',(#11,#56),#12925);
#56 = MANIFOLD_SOLID_BREP('',#57);
#57 = CLOSED_SHELL('',(#58,#100,#1644,#2430,#2486,#2517,#2548,#2604,
    #2635,#2666,#2690,#2714,#2738,#2762,#2860,#2900,#2940,#2980,#3020,
    #3166,#3190,#3214,#3238,#3262,#3294,#3318,#3343,#3367,#3392,#3416,
    #3441,#3458,#3482,#3500,#3518,#3536,#3554,#3572,#3590,#3602,#3626,
    #3644,#3662,#3680,#3698,#3716,#3734,#3746,#3770,#3788,#3806,#3824,
    #3842,#3860,#3878,#3890,#3926,#3962,#3980,#3990,#4021,#4045,#4076,
    #4100,#4141,#4165,#4189,#4206,#4242,#4273,#4304,#4328,#4345,#4380,
    #4404,#4421,#4456,#4488,#4507,#4526,#4538,#4570,#4589,#4608,#4620,
    #4652,#4671,#4690,#4702,#4734,#4753,#4772,#4784,#4815,#4839,#4863,
    #4887,#4911,#4935,#4959,#4976,#5050,#5081,#5105,#5143,#5167,#5205,
    #5222,#5253,#5277,#5301,#5375,#5442,#5529,#5560,#5634,#5708,#5732,
    #5749,#5780,#5804,#5828,#5852,#5876,#5900,#5924,#5948,#5972,#5996,
    #6020,#6037,#6057,#6088,#6138,#6212,#6286,#6336,#6360,#6410,#6484,
    #6558,#6601,#6619,#6650,#6674,#6698,#6722,#6746,#6763,#6777,#6791,
    #6804,#6816,#6847,#6871,#6895,#6919,#6943,#6960,#6974,#7010,#7034,
    #7063,#7092,#7121,#7150,#7179,#7208,#7232,#7261,#7290,#7319,#7348,
    #7370,#7392,#7423,#7447,#7471,#7495,#7519,#7543,#7567,#7591,#7615,
    #7639,#7663,#7680,#7700,#7830,#7852,#7873,#7894,#7915,#7936,#7953,
    #7965,#7996,#8020,#8044,#8073,#8102,#8131,#8153,#8168,#8292,#8314,
    #8331,#8348,#8365,#8382,#8399,#8416,#8428,#8459,#8483,#8512,#8536,
    #8565,#8582,#8596,#8627,#8651,#8675,#8699,#8723,#8747,#8771,#8795,
    #8819,#8843,#8867,#8884,#8904,#9104,#9130,#9147,#9168,#9189,#9206,
    #9227,#9248,#9269,#9290,#9307,#9324,#9341,#9358,#9374,#9410,#9439,
    #9468,#9497,#9526,#9555,#9579,#9596,#9612,#9648,#9672,#9701,#9730,
    #9759,#9788,#9817,#9846,#9875,#9904,#9933,#9962,#9986,#10015,#10044,
    #10073,#10102,#10131,#10160,#10189,#10211,#10240,#10271,#10295,
    #10324,#10348,#10372,#10396,#10420,#10444,#10468,#10497,#10526,
    #10550,#10579,#10608,#10625,#10648,#10679,#10703,#10727,#10751,
    #10775,#10799,#10823,#10847,#10871,#10895,#10919,#10936,#10956,
    #11086,#11108,#11129,#11150,#11171,#11192,#11209,#11221,#11252,
    #11276,#11300,#11329,#11358,#11387,#11409,#11424,#11548,#11570,
    #11587,#11604,#11621,#11638,#11655,#11672,#11684,#11715,#11739,
    #11768,#11792,#11821,#11838,#11852,#12177,#12203,#12224,#12245,
    #12266,#12287,#12308,#12329,#12350,#12371,#12392,#12413,#12434,
    #12451,#12468,#12485,#12502,#12523,#12544,#12565,#12586,#12607,
    #12628,#12649,#12666,#12687,#12708,#12725,#12746,#12767,#12788,
    #12805,#12826,#12842,#12887,#12915));
#58 = ADVANCED_FACE('',(#59),#95,.F.);
#59 = FACE_BOUND('',#60,.F.);
#60 = EDGE_LOOP('',(#61,#71,#80,#88));
#61 = ORIENTED_EDGE('',*,*,#62,.T.);
#62 = EDGE_CURVE('',#63,#65,#67,.T.);
#63 = VERTEX_POINT('',#64);
#64 = CARTESIAN_POINT('',(-1.089143988638,-0.841173987669,0.698999999999
    ));
#65 = VERTEX_POINT('',#66);
#66 = CARTESIAN_POINT('',(-1.089143988638,-0.841173987669,0.699999999999
    ));
#67 = LINE('',#68,#69);
#68 = CARTESIAN_POINT('',(-1.089143988638,-0.841173987669,0.698999999999
    ));
#69 = VECTOR('',#70,1.);
#70 = DIRECTION('',(0.,0.,1.));
#71 = ORIENTED_EDGE('',*,*,#72,.F.);
#72 = EDGE_CURVE('',#73,#65,#75,.T.);
#73 = VERTEX_POINT('',#74);
#74 = CARTESIAN_POINT('',(-1.278299464059,-0.841173987669,0.699999999999
    ));
#75 = CIRCLE('',#76,9.457773771E-02);
#76 = AXIS2_PLACEMENT_3D('',#77,#78,#79);
#77 = CARTESIAN_POINT('',(-1.183721726349,-0.841173987669,0.699999999999
    ));
#78 = DIRECTION('',(0.,0.,1.));
#79 = DIRECTION('',(1.,0.,-0.));
#80 = ORIENTED_EDGE('',*,*,#81,.F.);
#81 = EDGE_CURVE('',#82,#73,#84,.T.);
#82 = VERTEX_POINT('',#83);
#83 = CARTESIAN_POINT('',(-1.278299464059,-0.841173987669,0.698999999999
    ));
#84 = LINE('',#85,#86);
#85 = CARTESIAN_POINT('',(-1.278299464059,-0.841173987669,0.698999999999
    ));
#86 = VECTOR('',#87,1.);
#87 = DIRECTION('',(0.,0.,1.));
#88 = ORIENTED_EDGE('',*,*,#89,.T.);
#89 = EDGE_CURVE('',#82,#63,#90,.T.);
#90 = CIRCLE('',#91,9.457773771E-02);
#91 = AXIS2_PLACEMENT_3D('',#92,#93,#94);
#92 = CARTESIAN_POINT('',(-1.183721726349,-0.841173987669,0.698999999999
    ));
#93 = DIRECTION('',(0.,0.,1.));
#94 = DIRECTION('',(1.,0.,-0.));
#95 = CYLINDRICAL_SURFACE('',#96,9.457773771E-02);
#96 = AXIS2_PLACEMENT_3D('',#97,#98,#99);
#97 = CARTESIAN_POINT('',(-1.183721726349,-0.841173987669,0.698999999999
    ));
#98 = DIRECTION('',(0.,0.,1.));
#99 = DIRECTION('',(1.,0.,-0.));
#100 = ADVANCED_FACE('',(#101,#167,#265,#392,#581,#703,#765,#775,#845,
    #895,#1021,#1119,#1185,#1283,#1345),#1639,.T.);
#101 = FACE_BOUND('',#102,.T.);
#102 = EDGE_LOOP('',(#103,#113,#121,#129,#137,#145,#153,#161));
#103 = ORIENTED_EDGE('',*,*,#104,.F.);
#104 = EDGE_CURVE('',#105,#107,#109,.T.);
#105 = VERTEX_POINT('',#106);
#106 = CARTESIAN_POINT('',(1.282149665298,0.667879490961,0.699999999999)
  );
#107 = VERTEX_POINT('',#108);
#108 = CARTESIAN_POINT('',(1.268112933427,0.667879490961,0.699999999999)
  );
#109 = LINE('',#110,#111);
#110 = CARTESIAN_POINT('',(1.268112933427,0.667879490961,0.699999999999)
  );
#111 = VECTOR('',#112,1.);
#112 = DIRECTION('',(-1.,0.,0.));
#113 = ORIENTED_EDGE('',*,*,#114,.F.);
#114 = EDGE_CURVE('',#115,#105,#117,.T.);
#115 = VERTEX_POINT('',#116);
#116 = CARTESIAN_POINT('',(1.32088064768,0.566191166745,0.699999999999)
  );
#117 = LINE('',#118,#119);
#118 = CARTESIAN_POINT('',(1.282149665298,0.667879490961,0.699999999999)
  );
#119 = VECTOR('',#120,1.);
#120 = DIRECTION('',(-0.355935724364,0.934510438744,0.));
#121 = ORIENTED_EDGE('',*,*,#122,.F.);
#122 = EDGE_CURVE('',#123,#115,#125,.T.);
#123 = VERTEX_POINT('',#124);
#124 = CARTESIAN_POINT('',(1.306376024748,0.566191166745,0.699999999999)
  );
#125 = LINE('',#126,#127);
#126 = CARTESIAN_POINT('',(1.32088064768,0.566191166745,0.699999999999)
  );
#127 = VECTOR('',#128,1.);
#128 = DIRECTION('',(1.,0.,0.));
#129 = ORIENTED_EDGE('',*,*,#130,.F.);
#130 = EDGE_CURVE('',#131,#123,#133,.T.);
#131 = VERTEX_POINT('',#132);
#132 = CARTESIAN_POINT('',(1.296004439532,0.594004691006,0.699999999999)
  );
#133 = LINE('',#134,#135);
#134 = CARTESIAN_POINT('',(1.306376024748,0.566191166745,0.699999999999)
  );
#135 = VECTOR('',#136,1.);
#136 = DIRECTION('',(0.349395479497,-0.936975345944,0.));
#137 = ORIENTED_EDGE('',*,*,#138,.F.);
#138 = EDGE_CURVE('',#139,#131,#141,.T.);
#139 = VERTEX_POINT('',#140);
#140 = CARTESIAN_POINT('',(1.25366029839,0.594004691006,0.699999999999)
  );
#141 = LINE('',#142,#143);
#142 = CARTESIAN_POINT('',(1.296004439532,0.594004691006,0.699999999999)
  );
#143 = VECTOR('',#144,1.);
#144 = DIRECTION('',(1.,0.,0.));
#145 = ORIENTED_EDGE('',*,*,#146,.F.);
#146 = EDGE_CURVE('',#147,#139,#149,.T.);
#147 = VERTEX_POINT('',#148);
#148 = CARTESIAN_POINT('',(1.243886573976,0.566191166745,0.699999999999)
  );
#149 = LINE('',#150,#151);
#150 = CARTESIAN_POINT('',(1.25366029839,0.594004691006,0.699999999999)
  );
#151 = VECTOR('',#152,1.);
#152 = DIRECTION('',(0.331528418357,0.94344523308,0.));
#153 = ORIENTED_EDGE('',*,*,#154,.F.);
#154 = EDGE_CURVE('',#155,#147,#157,.T.);
#155 = VERTEX_POINT('',#156);
#156 = CARTESIAN_POINT('',(1.229381951044,0.566191166745,0.699999999999)
  );
#157 = LINE('',#158,#159);
#158 = CARTESIAN_POINT('',(1.243886573976,0.566191166745,0.699999999999)
  );
#159 = VECTOR('',#160,1.);
#160 = DIRECTION('',(1.,0.,0.));
#161 = ORIENTED_EDGE('',*,*,#162,.F.);
#162 = EDGE_CURVE('',#107,#155,#163,.T.);
#163 = LINE('',#164,#165);
#164 = CARTESIAN_POINT('',(1.229381951044,0.566191166745,0.699999999999)
  );
#165 = VECTOR('',#166,1.);
#166 = DIRECTION('',(-0.355935724369,-0.934510438742,0.));
#167 = FACE_BOUND('',#168,.T.);
#168 = EDGE_LOOP('',(#169,#179,#187,#195,#203,#211,#219,#227,#235,#243,
    #251,#259));
#169 = ORIENTED_EDGE('',*,*,#170,.F.);
#170 = EDGE_CURVE('',#171,#173,#175,.T.);
#171 = VERTEX_POINT('',#172);
#172 = CARTESIAN_POINT('',(1.121741012758,0.577784467512,0.699999999999)
  );
#173 = VERTEX_POINT('',#174);
#174 = CARTESIAN_POINT('',(1.080176690053,0.577784467512,0.699999999999)
  );
#175 = LINE('',#176,#177);
#176 = CARTESIAN_POINT('',(1.080176690053,0.577784467512,0.699999999999)
  );
#177 = VECTOR('',#178,1.);
#178 = DIRECTION('',(-1.,0.,0.));
#179 = ORIENTED_EDGE('',*,*,#180,.F.);
#180 = EDGE_CURVE('',#181,#171,#183,.T.);
#181 = VERTEX_POINT('',#182);
#182 = CARTESIAN_POINT('',(1.121741012758,0.566191166745,0.699999999999)
  );
#183 = LINE('',#184,#185);
#184 = CARTESIAN_POINT('',(1.121741012758,0.577784467512,0.699999999999)
  );
#185 = VECTOR('',#186,1.);
#186 = DIRECTION('',(0.,1.,0.));
#187 = ORIENTED_EDGE('',*,*,#188,.F.);
#188 = EDGE_CURVE('',#189,#181,#191,.T.);
#189 = VERTEX_POINT('',#190);
#190 = CARTESIAN_POINT('',(1.067049746359,0.566191166745,0.699999999999)
  );
#191 = LINE('',#192,#193);
#192 = CARTESIAN_POINT('',(1.121741012758,0.566191166745,0.699999999999)
  );
#193 = VECTOR('',#194,1.);
#194 = DIRECTION('',(1.,0.,0.));
#195 = ORIENTED_EDGE('',*,*,#196,.F.);
#196 = EDGE_CURVE('',#197,#189,#199,.T.);
#197 = VERTEX_POINT('',#198);
#198 = CARTESIAN_POINT('',(1.067049746359,0.667879490961,0.699999999999)
  );
#199 = LINE('',#200,#201);
#200 = CARTESIAN_POINT('',(1.067049746359,0.566191166745,0.699999999999)
  );
#201 = VECTOR('',#202,1.);
#202 = DIRECTION('',(0.,-1.,0.));
#203 = ORIENTED_EDGE('',*,*,#204,.F.);
#204 = EDGE_CURVE('',#205,#197,#207,.T.);
#205 = VERTEX_POINT('',#206);
#206 = CARTESIAN_POINT('',(1.119427551394,0.667879490961,0.699999999999)
  );
#207 = LINE('',#208,#209);
#208 = CARTESIAN_POINT('',(1.067049746359,0.667879490961,0.699999999999)
  );
#209 = VECTOR('',#210,1.);
#210 = DIRECTION('',(-1.,0.,0.));
#211 = ORIENTED_EDGE('',*,*,#212,.F.);
#212 = EDGE_CURVE('',#213,#205,#215,.T.);
#213 = VERTEX_POINT('',#214);
#214 = CARTESIAN_POINT('',(1.119427551394,0.656182214402,0.699999999999)
  );
#215 = LINE('',#216,#217);
#216 = CARTESIAN_POINT('',(1.119427551394,0.667879490961,0.699999999999)
  );
#217 = VECTOR('',#218,1.);
#218 = DIRECTION('',(0.,1.,0.));
#219 = ORIENTED_EDGE('',*,*,#220,.F.);
#220 = EDGE_CURVE('',#221,#213,#223,.T.);
#221 = VERTEX_POINT('',#222);
#222 = CARTESIAN_POINT('',(1.080176690053,0.656182214402,0.699999999999)
  );
#223 = LINE('',#224,#225);
#224 = CARTESIAN_POINT('',(1.119427551394,0.656182214402,0.699999999999)
  );
#225 = VECTOR('',#226,1.);
#226 = DIRECTION('',(1.,0.,0.));
#227 = ORIENTED_EDGE('',*,*,#228,.F.);
#228 = EDGE_CURVE('',#229,#221,#231,.T.);
#229 = VERTEX_POINT('',#230);
#230 = CARTESIAN_POINT('',(1.080176690053,0.623637791621,0.699999999999)
  );
#231 = LINE('',#232,#233);
#232 = CARTESIAN_POINT('',(1.080176690053,0.656182214402,0.699999999999)
  );
#233 = VECTOR('',#234,1.);
#234 = DIRECTION('',(0.,1.,0.));
#235 = ORIENTED_EDGE('',*,*,#236,.F.);
#236 = EDGE_CURVE('',#237,#229,#239,.T.);
#237 = VERTEX_POINT('',#238);
#238 = CARTESIAN_POINT('',(1.116542223176,0.623637791621,0.699999999999)
  );
#239 = LINE('',#240,#241);
#240 = CARTESIAN_POINT('',(1.080176690053,0.623637791621,0.699999999999)
  );
#241 = VECTOR('',#242,1.);
#242 = DIRECTION('',(-1.,0.,0.));
#243 = ORIENTED_EDGE('',*,*,#244,.F.);
#244 = EDGE_CURVE('',#245,#237,#247,.T.);
#245 = VERTEX_POINT('',#246);
#246 = CARTESIAN_POINT('',(1.116542223176,0.611992502959,0.699999999999)
  );
#247 = LINE('',#248,#249);
#248 = CARTESIAN_POINT('',(1.116542223176,0.623637791621,0.699999999999)
  );
#249 = VECTOR('',#250,1.);
#250 = DIRECTION('',(0.,1.,0.));
#251 = ORIENTED_EDGE('',*,*,#252,.F.);
#252 = EDGE_CURVE('',#253,#245,#255,.T.);
#253 = VERTEX_POINT('',#254);
#254 = CARTESIAN_POINT('',(1.080176690053,0.611992502959,0.699999999999)
  );
#255 = LINE('',#256,#257);
#256 = CARTESIAN_POINT('',(1.116542223176,0.611992502959,0.699999999999)
  );
#257 = VECTOR('',#258,1.);
#258 = DIRECTION('',(1.,0.,0.));
#259 = ORIENTED_EDGE('',*,*,#260,.F.);
#260 = EDGE_CURVE('',#173,#253,#261,.T.);
#261 = LINE('',#262,#263);
#262 = CARTESIAN_POINT('',(1.080176690053,0.611992502959,0.699999999999)
  );
#263 = VECTOR('',#264,1.);
#264 = DIRECTION('',(0.,1.,0.));
#265 = FACE_BOUND('',#266,.T.);
#266 = EDGE_LOOP('',(#267,#277,#285,#293,#302,#311,#319,#328,#337,#345,
    #353,#361,#369,#377,#385));
#267 = ORIENTED_EDGE('',*,*,#268,.F.);
#268 = EDGE_CURVE('',#269,#271,#273,.T.);
#269 = VERTEX_POINT('',#270);
#270 = CARTESIAN_POINT('',(1.040120016327,0.6388182572,0.699999999999));
#271 = VERTEX_POINT('',#272);
#272 = CARTESIAN_POINT('',(1.020286634073,0.584126990801,0.699999999999)
  );
#273 = LINE('',#274,#275);
#274 = CARTESIAN_POINT('',(1.020286634073,0.584126990801,0.699999999999)
  );
#275 = VECTOR('',#276,1.);
#276 = DIRECTION('',(-0.340917796218,-0.9400931104,0.));
#277 = ORIENTED_EDGE('',*,*,#278,.F.);
#278 = EDGE_CURVE('',#279,#269,#281,.T.);
#279 = VERTEX_POINT('',#280);
#280 = CARTESIAN_POINT('',(1.053324941864,0.6388182572,0.699999999999));
#281 = LINE('',#282,#283);
#282 = CARTESIAN_POINT('',(1.040120016327,0.6388182572,0.699999999999));
#283 = VECTOR('',#284,1.);
#284 = DIRECTION('',(-1.,0.,0.));
#285 = ORIENTED_EDGE('',*,*,#286,.F.);
#286 = EDGE_CURVE('',#287,#279,#289,.T.);
#287 = VERTEX_POINT('',#288);
#288 = CARTESIAN_POINT('',(1.020364615917,0.555221720728,0.699999999999)
  );
#289 = LINE('',#290,#291);
#290 = CARTESIAN_POINT('',(1.053324941864,0.6388182572,0.699999999999));
#291 = VECTOR('',#292,1.);
#292 = DIRECTION('',(0.36679767895,0.930300737781,0.));
#293 = ORIENTED_EDGE('',*,*,#294,.F.);
#294 = EDGE_CURVE('',#295,#287,#297,.T.);
#295 = VERTEX_POINT('',#296);
#296 = CARTESIAN_POINT('',(0.994448649852,0.531983131298,0.699999999999)
  );
#297 = B_SPLINE_CURVE_WITH_KNOTS('',3,(#298,#299,#300,#301),
  .UNSPECIFIED.,.F.,.F.,(4,4),(1.,2.),.PIECEWISE_BEZIER_KNOTS.);
#298 = CARTESIAN_POINT('',(0.994448649852,0.531983131298,0.699999999999)
  );
#299 = CARTESIAN_POINT('',(1.005600053505,0.531983131298,0.699999999999)
  );
#300 = CARTESIAN_POINT('',(1.01423004421,0.539729327775,0.699999999999)
  );
#301 = CARTESIAN_POINT('',(1.020364615917,0.555221720728,0.699999999999)
  );
#302 = ORIENTED_EDGE('',*,*,#303,.F.);
#303 = EDGE_CURVE('',#304,#295,#306,.T.);
#304 = VERTEX_POINT('',#305);
#305 = CARTESIAN_POINT('',(0.986234562314,0.533022889214,0.699999999999)
  );
#306 = B_SPLINE_CURVE_WITH_KNOTS('',3,(#307,#308,#309,#310),
  .UNSPECIFIED.,.F.,.F.,(4,4),(2.,3.),.PIECEWISE_BEZIER_KNOTS.);
#307 = CARTESIAN_POINT('',(0.986234562314,0.533022889214,0.699999999999)
  );
#308 = CARTESIAN_POINT('',(0.988496035781,0.532347046569,0.699999999999)
  );
#309 = CARTESIAN_POINT('',(0.99125139426,0.531983131298,0.699999999999)
  );
#310 = CARTESIAN_POINT('',(0.994448649852,0.531983131298,0.699999999999)
  );
#311 = ORIENTED_EDGE('',*,*,#312,.F.);
#312 = EDGE_CURVE('',#313,#304,#315,.T.);
#313 = VERTEX_POINT('',#314);
#314 = CARTESIAN_POINT('',(0.986234562314,0.544356250503,0.699999999999)
  );
#315 = LINE('',#316,#317);
#316 = CARTESIAN_POINT('',(0.986234562314,0.533022889214,0.699999999999)
  );
#317 = VECTOR('',#318,1.);
#318 = DIRECTION('',(0.,-1.,0.));
#319 = ORIENTED_EDGE('',*,*,#320,.F.);
#320 = EDGE_CURVE('',#321,#313,#323,.T.);
#321 = VERTEX_POINT('',#322);
#322 = CARTESIAN_POINT('',(0.993460879832,0.542900589419,0.699999999999)
  );
#323 = B_SPLINE_CURVE_WITH_KNOTS('',3,(#324,#325,#326,#327),
  .UNSPECIFIED.,.F.,.F.,(4,4),(4.,5.),.PIECEWISE_BEZIER_KNOTS.);
#324 = CARTESIAN_POINT('',(0.993460879832,0.542900589419,0.699999999999)
  );
#325 = CARTESIAN_POINT('',(0.99112142452,0.542900589419,0.699999999999)
  );
#326 = CARTESIAN_POINT('',(0.988729981313,0.543368480482,0.699999999999)
  );
#327 = CARTESIAN_POINT('',(0.986234562314,0.544356250503,0.699999999999)
  );
#328 = ORIENTED_EDGE('',*,*,#329,.F.);
#329 = EDGE_CURVE('',#330,#321,#332,.T.);
#330 = VERTEX_POINT('',#331);
#331 = CARTESIAN_POINT('',(1.006509841682,0.553142204895,0.699999999999)
  );
#332 = B_SPLINE_CURVE_WITH_KNOTS('',3,(#333,#334,#335,#336),
  .UNSPECIFIED.,.F.,.F.,(4,4),(5.,6.),.PIECEWISE_BEZIER_KNOTS.);
#333 = CARTESIAN_POINT('',(1.006509841682,0.553142204895,0.699999999999)
  );
#334 = CARTESIAN_POINT('',(1.003624513464,0.546279802648,0.699999999999)
  );
#335 = CARTESIAN_POINT('',(0.999283524163,0.542900589419,0.699999999999)
  );
#336 = CARTESIAN_POINT('',(0.993460879832,0.542900589419,0.699999999999)
  );
#337 = ORIENTED_EDGE('',*,*,#338,.F.);
#338 = EDGE_CURVE('',#339,#330,#341,.T.);
#339 = VERTEX_POINT('',#340);
#340 = CARTESIAN_POINT('',(1.012098540482,0.566347130433,0.699999999999)
  );
#341 = LINE('',#342,#343);
#342 = CARTESIAN_POINT('',(1.006509841682,0.553142204895,0.699999999999)
  );
#343 = VECTOR('',#344,1.);
#344 = DIRECTION('',(-0.389758265065,-0.920917203017,0.));
#345 = ORIENTED_EDGE('',*,*,#346,.F.);
#346 = EDGE_CURVE('',#347,#339,#349,.T.);
#347 = VERTEX_POINT('',#348);
#348 = CARTESIAN_POINT('',(0.983609173575,0.6388182572,0.699999999999));
#349 = LINE('',#350,#351);
#350 = CARTESIAN_POINT('',(1.012098540482,0.566347130433,0.699999999999)
  );
#351 = VECTOR('',#352,1.);
#352 = DIRECTION('',(0.365858921669,-0.930670322636,0.));
#353 = ORIENTED_EDGE('',*,*,#354,.F.);
#354 = EDGE_CURVE('',#355,#347,#357,.T.);
#355 = VERTEX_POINT('',#356);
#356 = CARTESIAN_POINT('',(0.997853857028,0.6388182572,0.699999999999));
#357 = LINE('',#358,#359);
#358 = CARTESIAN_POINT('',(0.983609173575,0.6388182572,0.699999999999));
#359 = VECTOR('',#360,1.);
#360 = DIRECTION('',(-1.,0.,0.));
#361 = ORIENTED_EDGE('',*,*,#362,.F.);
#362 = EDGE_CURVE('',#363,#355,#365,.T.);
#363 = VERTEX_POINT('',#364);
#364 = CARTESIAN_POINT('',(1.016829439001,0.584230966593,0.699999999999)
  );
#365 = LINE('',#366,#367);
#366 = CARTESIAN_POINT('',(0.997853857028,0.6388182572,0.699999999999));
#367 = VECTOR('',#368,1.);
#368 = DIRECTION('',(-0.328346164812,0.94455746043,0.));
#369 = ORIENTED_EDGE('',*,*,#370,.F.);
#370 = EDGE_CURVE('',#371,#363,#373,.T.);
#371 = VERTEX_POINT('',#372);
#372 = CARTESIAN_POINT('',(1.018389075876,0.578252358574,0.699999999999)
  );
#373 = LINE('',#374,#375);
#374 = CARTESIAN_POINT('',(1.016829439001,0.584230966593,0.699999999999)
  );
#375 = VECTOR('',#376,1.);
#376 = DIRECTION('',(-0.252421897187,0.967617272386,0.));
#377 = ORIENTED_EDGE('',*,*,#378,.F.);
#378 = EDGE_CURVE('',#379,#371,#381,.T.);
#379 = VERTEX_POINT('',#380);
#380 = CARTESIAN_POINT('',(1.018726997198,0.578252358574,0.699999999999)
  );
#381 = LINE('',#382,#383);
#382 = CARTESIAN_POINT('',(1.018389075876,0.578252358574,0.699999999999)
  );
#383 = VECTOR('',#384,1.);
#384 = DIRECTION('',(-1.,0.,0.));
#385 = ORIENTED_EDGE('',*,*,#386,.F.);
#386 = EDGE_CURVE('',#271,#379,#387,.T.);
#387 = B_SPLINE_CURVE_WITH_KNOTS('',3,(#388,#389,#390,#391),
  .UNSPECIFIED.,.F.,.F.,(4,4),(12.,13.),.PIECEWISE_BEZIER_KNOTS.);
#388 = CARTESIAN_POINT('',(1.020286634073,0.584126990801,0.699999999999)
  );
#389 = CARTESIAN_POINT('',(1.019506815636,0.581579583907,0.699999999999)
  );
#390 = CARTESIAN_POINT('',(1.018986936677,0.579604043866,0.699999999999)
  );
#391 = CARTESIAN_POINT('',(1.018726997198,0.578252358574,0.699999999999)
  );
#392 = FACE_BOUND('',#393,.T.);
#393 = EDGE_LOOP('',(#394,#404,#413,#422,#431,#440,#449,#458,#467,#476,
    #485,#493,#502,#511,#520,#529,#538,#547,#556,#565,#574));
#394 = ORIENTED_EDGE('',*,*,#395,.F.);
#395 = EDGE_CURVE('',#396,#398,#400,.T.);
#396 = VERTEX_POINT('',#397);
#397 = CARTESIAN_POINT('',(0.927930137156,0.581891511281,0.699999999999)
  );
#398 = VERTEX_POINT('',#399);
#399 = CARTESIAN_POINT('',(0.927930137156,0.56873857364,0.699999999999)
  );
#400 = LINE('',#401,#402);
#401 = CARTESIAN_POINT('',(0.927930137156,0.56873857364,0.699999999999)
  );
#402 = VECTOR('',#403,1.);
#403 = DIRECTION('',(0.,-1.,0.));
#404 = ORIENTED_EDGE('',*,*,#405,.F.);
#405 = EDGE_CURVE('',#406,#396,#408,.T.);
#406 = VERTEX_POINT('',#407);
#407 = CARTESIAN_POINT('',(0.94888125917,0.574873145346,0.699999999999)
  );
#408 = B_SPLINE_CURVE_WITH_KNOTS('',3,(#409,#410,#411,#412),
  .UNSPECIFIED.,.F.,.F.,(4,4),(0.,1.),.PIECEWISE_BEZIER_KNOTS.);
#409 = CARTESIAN_POINT('',(0.94888125917,0.574873145346,0.699999999999)
  );
#410 = CARTESIAN_POINT('',(0.941395002172,0.574873145346,0.699999999999)
  );
#411 = CARTESIAN_POINT('',(0.934428624133,0.577212600658,0.699999999999)
  );
#412 = CARTESIAN_POINT('',(0.927930137156,0.581891511281,0.699999999999)
  );
#413 = ORIENTED_EDGE('',*,*,#414,.F.);
#414 = EDGE_CURVE('',#415,#406,#417,.T.);
#415 = VERTEX_POINT('',#416);
#416 = CARTESIAN_POINT('',(0.96390576106,0.584698857655,0.699999999999)
  );
#417 = B_SPLINE_CURVE_WITH_KNOTS('',3,(#418,#419,#420,#421),
  .UNSPECIFIED.,.F.,.F.,(4,4),(1.,2.),.PIECEWISE_BEZIER_KNOTS.);
#418 = CARTESIAN_POINT('',(0.96390576106,0.584698857655,0.699999999999)
  );
#419 = CARTESIAN_POINT('',(0.96390576106,0.578148382782,0.699999999999)
  );
#420 = CARTESIAN_POINT('',(0.958888929114,0.574873145346,0.699999999999)
  );
#421 = CARTESIAN_POINT('',(0.94888125917,0.574873145346,0.699999999999)
  );
#422 = ORIENTED_EDGE('',*,*,#423,.F.);
#423 = EDGE_CURVE('',#424,#415,#426,.T.);
#424 = VERTEX_POINT('',#425);
#425 = CARTESIAN_POINT('',(0.960630523624,0.591613247799,0.699999999999)
  );
#426 = B_SPLINE_CURVE_WITH_KNOTS('',3,(#427,#428,#429,#430),
  .UNSPECIFIED.,.F.,.F.,(4,4),(2.,3.),.PIECEWISE_BEZIER_KNOTS.);
#427 = CARTESIAN_POINT('',(0.960630523624,0.591613247799,0.699999999999)
  );
#428 = CARTESIAN_POINT('',(0.962814015249,0.589793671445,0.699999999999)
  );
#429 = CARTESIAN_POINT('',(0.96390576106,0.58750620403,0.699999999999));
#430 = CARTESIAN_POINT('',(0.96390576106,0.584698857655,0.699999999999)
  );
#431 = ORIENTED_EDGE('',*,*,#432,.F.);
#432 = EDGE_CURVE('',#433,#424,#435,.T.);
#433 = VERTEX_POINT('',#434);
#434 = CARTESIAN_POINT('',(0.947295628348,0.598111734776,0.699999999999)
  );
#435 = B_SPLINE_CURVE_WITH_KNOTS('',3,(#436,#437,#438,#439),
  .UNSPECIFIED.,.F.,.F.,(4,4),(3.,4.),.PIECEWISE_BEZIER_KNOTS.);
#436 = CARTESIAN_POINT('',(0.947295628348,0.598111734776,0.699999999999)
  );
#437 = CARTESIAN_POINT('',(0.954002066908,0.595616315777,0.699999999999)
  );
#438 = CARTESIAN_POINT('',(0.958447032,0.593432824152,0.699999999999));
#439 = CARTESIAN_POINT('',(0.960630523624,0.591613247799,0.699999999999)
  );
#440 = ORIENTED_EDGE('',*,*,#441,.F.);
#441 = EDGE_CURVE('',#442,#433,#444,.T.);
#442 = VERTEX_POINT('',#443);
#443 = CARTESIAN_POINT('',(0.931621277759,0.607729495502,0.699999999999)
  );
#444 = B_SPLINE_CURVE_WITH_KNOTS('',3,(#445,#446,#447,#448),
  .UNSPECIFIED.,.F.,.F.,(4,4),(4.,5.),.PIECEWISE_BEZIER_KNOTS.);
#445 = CARTESIAN_POINT('',(0.931621277759,0.607729495502,0.699999999999)
  );
#446 = CARTESIAN_POINT('',(0.934012720966,0.604558233857,0.699999999999)
  );
#447 = CARTESIAN_POINT('',(0.939263498444,0.601334984316,0.699999999999)
  );
#448 = CARTESIAN_POINT('',(0.947295628348,0.598111734776,0.699999999999)
  );
#449 = ORIENTED_EDGE('',*,*,#450,.F.);
#450 = EDGE_CURVE('',#451,#442,#453,.T.);
#451 = VERTEX_POINT('',#452);
#452 = CARTESIAN_POINT('',(0.928008119,0.619218820477,0.699999999999));
#453 = B_SPLINE_CURVE_WITH_KNOTS('',3,(#454,#455,#456,#457),
  .UNSPECIFIED.,.F.,.F.,(4,4),(5.,6.),.PIECEWISE_BEZIER_KNOTS.);
#454 = CARTESIAN_POINT('',(0.928008119,0.619218820477,0.699999999999));
#455 = CARTESIAN_POINT('',(0.928008119,0.614747861437,0.699999999999));
#456 = CARTESIAN_POINT('',(0.929203840603,0.610900757147,0.699999999999)
  );
#457 = CARTESIAN_POINT('',(0.931621277759,0.607729495502,0.699999999999)
  );
#458 = ORIENTED_EDGE('',*,*,#459,.F.);
#459 = EDGE_CURVE('',#460,#451,#462,.T.);
#460 = VERTEX_POINT('',#461);
#461 = CARTESIAN_POINT('',(0.936170218643,0.63471121343,0.699999999999)
  );
#462 = B_SPLINE_CURVE_WITH_KNOTS('',3,(#463,#464,#465,#466),
  .UNSPECIFIED.,.F.,.F.,(4,4),(6.,7.),.PIECEWISE_BEZIER_KNOTS.);
#463 = CARTESIAN_POINT('',(0.936170218643,0.63471121343,0.699999999999)
  );
#464 = CARTESIAN_POINT('',(0.93073748353,0.630812121244,0.699999999999)
  );
#465 = CARTESIAN_POINT('',(0.928008119,0.625665319558,0.699999999999));
#466 = CARTESIAN_POINT('',(0.928008119,0.619218820477,0.699999999999));
#467 = ORIENTED_EDGE('',*,*,#468,.F.);
#468 = EDGE_CURVE('',#469,#460,#471,.T.);
#469 = VERTEX_POINT('',#470);
#470 = CARTESIAN_POINT('',(0.956289534323,0.640481869866,0.699999999999)
  );
#471 = B_SPLINE_CURVE_WITH_KNOTS('',3,(#472,#473,#474,#475),
  .UNSPECIFIED.,.F.,.F.,(4,4),(7.,8.),.PIECEWISE_BEZIER_KNOTS.);
#472 = CARTESIAN_POINT('',(0.956289534323,0.640481869866,0.699999999999)
  );
#473 = CARTESIAN_POINT('',(0.948335386264,0.640481869866,0.699999999999)
  );
#474 = CARTESIAN_POINT('',(0.941628947703,0.638558317721,0.699999999999)
  );
#475 = CARTESIAN_POINT('',(0.936170218643,0.63471121343,0.699999999999)
  );
#476 = ORIENTED_EDGE('',*,*,#477,.F.);
#477 = EDGE_CURVE('',#478,#469,#480,.T.);
#478 = VERTEX_POINT('',#479);
#479 = CARTESIAN_POINT('',(0.973497527839,0.637258620325,0.699999999999)
  );
#480 = B_SPLINE_CURVE_WITH_KNOTS('',3,(#481,#482,#483,#484),
  .UNSPECIFIED.,.F.,.F.,(4,4),(8.,9.),.PIECEWISE_BEZIER_KNOTS.);
#481 = CARTESIAN_POINT('',(0.973497527839,0.637258620325,0.699999999999)
  );
#482 = CARTESIAN_POINT('',(0.968194762465,0.639442111949,0.699999999999)
  );
#483 = CARTESIAN_POINT('',(0.962476093925,0.640481869866,0.699999999999)
  );
#484 = CARTESIAN_POINT('',(0.956289534323,0.640481869866,0.699999999999)
  );
#485 = ORIENTED_EDGE('',*,*,#486,.F.);
#486 = EDGE_CURVE('',#487,#478,#489,.T.);
#487 = VERTEX_POINT('',#488);
#488 = CARTESIAN_POINT('',(0.973497527839,0.624885501121,0.699999999999)
  );
#489 = LINE('',#490,#491);
#490 = CARTESIAN_POINT('',(0.973497527839,0.637258620325,0.699999999999)
  );
#491 = VECTOR('',#492,1.);
#492 = DIRECTION('',(0.,1.,0.));
#493 = ORIENTED_EDGE('',*,*,#494,.F.);
#494 = EDGE_CURVE('',#495,#487,#497,.T.);
#495 = VERTEX_POINT('',#496);
#496 = CARTESIAN_POINT('',(0.955041824824,0.630136278599,0.699999999999)
  );
#497 = B_SPLINE_CURVE_WITH_KNOTS('',3,(#498,#499,#500,#501),
  .UNSPECIFIED.,.F.,.F.,(4,4),(10.,11.),.PIECEWISE_BEZIER_KNOTS.);
#498 = CARTESIAN_POINT('',(0.955041824824,0.630136278599,0.699999999999)
  );
#499 = CARTESIAN_POINT('',(0.96193022102,0.630136278599,0.699999999999)
  );
#500 = CARTESIAN_POINT('',(0.968064792726,0.628368690141,0.699999999999)
  );
#501 = CARTESIAN_POINT('',(0.973497527839,0.624885501121,0.699999999999)
  );
#502 = ORIENTED_EDGE('',*,*,#503,.F.);
#503 = EDGE_CURVE('',#504,#495,#506,.T.);
#504 = VERTEX_POINT('',#505);
#505 = CARTESIAN_POINT('',(0.945008160931,0.627432908016,0.699999999999)
  );
#506 = B_SPLINE_CURVE_WITH_KNOTS('',3,(#507,#508,#509,#510),
  .UNSPECIFIED.,.F.,.F.,(4,4),(11.,12.),.PIECEWISE_BEZIER_KNOTS.);
#507 = CARTESIAN_POINT('',(0.945008160931,0.627432908016,0.699999999999)
  );
#508 = CARTESIAN_POINT('',(0.947581561774,0.629252484369,0.699999999999)
  );
#509 = CARTESIAN_POINT('',(0.950934781055,0.630136278599,0.699999999999)
  );
#510 = CARTESIAN_POINT('',(0.955041824824,0.630136278599,0.699999999999)
  );
#511 = ORIENTED_EDGE('',*,*,#512,.F.);
#512 = EDGE_CURVE('',#513,#504,#515,.T.);
#513 = VERTEX_POINT('',#514);
#514 = CARTESIAN_POINT('',(0.941135062693,0.620362554185,0.699999999999)
  );
#515 = B_SPLINE_CURVE_WITH_KNOTS('',3,(#516,#517,#518,#519),
  .UNSPECIFIED.,.F.,.F.,(4,4),(12.,13.),.PIECEWISE_BEZIER_KNOTS.);
#516 = CARTESIAN_POINT('',(0.941135062693,0.620362554185,0.699999999999)
  );
#517 = CARTESIAN_POINT('',(0.941135062693,0.62327387635,0.699999999999)
  );
#518 = CARTESIAN_POINT('',(0.942434760089,0.625665319558,0.699999999999)
  );
#519 = CARTESIAN_POINT('',(0.945008160931,0.627432908016,0.699999999999)
  );
#520 = ORIENTED_EDGE('',*,*,#521,.F.);
#521 = EDGE_CURVE('',#522,#513,#524,.T.);
#522 = VERTEX_POINT('',#523);
#523 = CARTESIAN_POINT('',(0.943916415119,0.613604127729,0.699999999999)
  );
#524 = B_SPLINE_CURVE_WITH_KNOTS('',3,(#525,#526,#527,#528),
  .UNSPECIFIED.,.F.,.F.,(4,4),(13.,14.),.PIECEWISE_BEZIER_KNOTS.);
#525 = CARTESIAN_POINT('',(0.943916415119,0.613604127729,0.699999999999)
  );
#526 = CARTESIAN_POINT('',(0.942070844818,0.615215752499,0.699999999999)
  );
#527 = CARTESIAN_POINT('',(0.941135062693,0.617451232019,0.699999999999)
  );
#528 = CARTESIAN_POINT('',(0.941135062693,0.620362554185,0.699999999999)
  );
#529 = ORIENTED_EDGE('',*,*,#530,.F.);
#530 = EDGE_CURVE('',#531,#522,#533,.T.);
#531 = VERTEX_POINT('',#532);
#532 = CARTESIAN_POINT('',(0.956289534323,0.607365580231,0.699999999999)
  );
#533 = B_SPLINE_CURVE_WITH_KNOTS('',3,(#534,#535,#536,#537),
  .UNSPECIFIED.,.F.,.F.,(4,4),(14.,15.),.PIECEWISE_BEZIER_KNOTS.);
#534 = CARTESIAN_POINT('',(0.956289534323,0.607365580231,0.699999999999)
  );
#535 = CARTESIAN_POINT('',(0.949895023138,0.60986099923,0.699999999999)
  );
#536 = CARTESIAN_POINT('',(0.945787979369,0.611940515063,0.699999999999)
  );
#537 = CARTESIAN_POINT('',(0.943916415119,0.613604127729,0.699999999999)
  );
#538 = ORIENTED_EDGE('',*,*,#539,.F.);
#539 = EDGE_CURVE('',#540,#531,#542,.T.);
#540 = VERTEX_POINT('',#541);
#541 = CARTESIAN_POINT('',(0.972717709401,0.597955771089,0.699999999999)
  );
#542 = B_SPLINE_CURVE_WITH_KNOTS('',3,(#543,#544,#545,#546),
  .UNSPECIFIED.,.F.,.F.,(4,4),(15.,16.),.PIECEWISE_BEZIER_KNOTS.);
#543 = CARTESIAN_POINT('',(0.972717709401,0.597955771089,0.699999999999)
  );
#544 = CARTESIAN_POINT('',(0.969858375132,0.601179020629,0.699999999999)
  );
#545 = CARTESIAN_POINT('',(0.964399646071,0.604350282274,0.699999999999)
  );
#546 = CARTESIAN_POINT('',(0.956289534323,0.607365580231,0.699999999999)
  );
#547 = ORIENTED_EDGE('',*,*,#548,.F.);
#548 = EDGE_CURVE('',#549,#540,#551,.T.);
#549 = VERTEX_POINT('',#550);
#550 = CARTESIAN_POINT('',(0.976980716858,0.585946567155,0.699999999999)
  );
#551 = B_SPLINE_CURVE_WITH_KNOTS('',3,(#552,#553,#554,#555),
  .UNSPECIFIED.,.F.,.F.,(4,4),(16.,17.),.PIECEWISE_BEZIER_KNOTS.);
#552 = CARTESIAN_POINT('',(0.976980716858,0.585946567155,0.699999999999)
  );
#553 = CARTESIAN_POINT('',(0.976980716858,0.59072945357,0.699999999999)
  );
#554 = CARTESIAN_POINT('',(0.975551049723,0.594732521548,0.699999999999)
  );
#555 = CARTESIAN_POINT('',(0.972717709401,0.597955771089,0.699999999999)
  );
#556 = ORIENTED_EDGE('',*,*,#557,.F.);
#557 = EDGE_CURVE('',#558,#549,#560,.T.);
#558 = VERTEX_POINT('',#559);
#559 = CARTESIAN_POINT('',(0.968792623267,0.570246222618,0.699999999999)
  );
#560 = B_SPLINE_CURVE_WITH_KNOTS('',3,(#561,#562,#563,#564),
  .UNSPECIFIED.,.F.,.F.,(4,4),(17.,18.),.PIECEWISE_BEZIER_KNOTS.);
#561 = CARTESIAN_POINT('',(0.968792623267,0.570246222618,0.699999999999)
  );
#562 = CARTESIAN_POINT('',(0.974251352328,0.574041339013,0.699999999999)
  );
#563 = CARTESIAN_POINT('',(0.976980716858,0.57929211649,0.699999999999)
  );
#564 = CARTESIAN_POINT('',(0.976980716858,0.585946567155,0.699999999999)
  );
#565 = ORIENTED_EDGE('',*,*,#566,.F.);
#566 = EDGE_CURVE('',#567,#558,#569,.T.);
#567 = VERTEX_POINT('',#568);
#568 = CARTESIAN_POINT('',(0.94763354967,0.564475566183,0.699999999999)
  );
#569 = B_SPLINE_CURVE_WITH_KNOTS('',3,(#570,#571,#572,#573),
  .UNSPECIFIED.,.F.,.F.,(4,4),(18.,19.),.PIECEWISE_BEZIER_KNOTS.);
#570 = CARTESIAN_POINT('',(0.94763354967,0.564475566183,0.699999999999)
  );
#571 = CARTESIAN_POINT('',(0.956289534323,0.564475566183,0.699999999999)
  );
#572 = CARTESIAN_POINT('',(0.963359888154,0.566399118328,0.699999999999)
  );
#573 = CARTESIAN_POINT('',(0.968792623267,0.570246222618,0.699999999999)
  );
#574 = ORIENTED_EDGE('',*,*,#575,.F.);
#575 = EDGE_CURVE('',#398,#567,#576,.T.);
#576 = B_SPLINE_CURVE_WITH_KNOTS('',3,(#577,#578,#579,#580),
  .UNSPECIFIED.,.F.,.F.,(4,4),(19.,20.),.PIECEWISE_BEZIER_KNOTS.);
#577 = CARTESIAN_POINT('',(0.927930137156,0.56873857364,0.699999999999)
  );
#578 = CARTESIAN_POINT('',(0.933544829904,0.565931227266,0.699999999999)
  );
#579 = CARTESIAN_POINT('',(0.940095304777,0.564475566183,0.699999999999)
  );
#580 = CARTESIAN_POINT('',(0.94763354967,0.564475566183,0.699999999999)
  );
#581 = FACE_BOUND('',#582,.T.);
#582 = EDGE_LOOP('',(#583,#593,#602,#611,#619,#627,#635,#643,#652,#661,
    #670,#679,#687,#696));
#583 = ORIENTED_EDGE('',*,*,#584,.F.);
#584 = EDGE_CURVE('',#585,#587,#589,.T.);
#585 = VERTEX_POINT('',#586);
#586 = CARTESIAN_POINT('',(0.85941009047,0.63372344341,0.699999999999));
#587 = VERTEX_POINT('',#588);
#588 = CARTESIAN_POINT('',(0.85941009047,0.621350324205,0.699999999999)
  );
#589 = LINE('',#590,#591);
#590 = CARTESIAN_POINT('',(0.85941009047,0.621350324205,0.699999999999)
  );
#591 = VECTOR('',#592,1.);
#592 = DIRECTION('',(0.,-1.,0.));
#593 = ORIENTED_EDGE('',*,*,#594,.F.);
#594 = EDGE_CURVE('',#595,#585,#597,.T.);
#595 = VERTEX_POINT('',#596);
#596 = CARTESIAN_POINT('',(0.884416268358,0.640481869866,0.699999999999)
  );
#597 = B_SPLINE_CURVE_WITH_KNOTS('',3,(#598,#599,#600,#601),
  .UNSPECIFIED.,.F.,.F.,(4,4),(0.,1.),.PIECEWISE_BEZIER_KNOTS.);
#598 = CARTESIAN_POINT('',(0.884416268358,0.640481869866,0.699999999999)
  );
#599 = CARTESIAN_POINT('',(0.87495447132,0.640481869866,0.699999999999)
  );
#600 = CARTESIAN_POINT('',(0.866610414041,0.638246390346,0.699999999999)
  );
#601 = CARTESIAN_POINT('',(0.85941009047,0.63372344341,0.699999999999));
#602 = ORIENTED_EDGE('',*,*,#603,.F.);
#603 = EDGE_CURVE('',#604,#595,#606,.T.);
#604 = VERTEX_POINT('',#605);
#605 = CARTESIAN_POINT('',(0.910670155745,0.612928285083,0.699999999999)
  );
#606 = B_SPLINE_CURVE_WITH_KNOTS('',3,(#607,#608,#609,#610),
  .UNSPECIFIED.,.F.,.F.,(4,4),(1.,2.),.PIECEWISE_BEZIER_KNOTS.);
#607 = CARTESIAN_POINT('',(0.910670155745,0.612928285083,0.699999999999)
  );
#608 = CARTESIAN_POINT('',(0.910670155745,0.631332000202,0.699999999999)
  );
#609 = CARTESIAN_POINT('',(0.9019101953,0.640481869866,0.699999999999));
#610 = CARTESIAN_POINT('',(0.884416268358,0.640481869866,0.699999999999)
  );
#611 = ORIENTED_EDGE('',*,*,#612,.F.);
#612 = EDGE_CURVE('',#613,#604,#615,.T.);
#613 = VERTEX_POINT('',#614);
#614 = CARTESIAN_POINT('',(0.910670155745,0.566191166745,0.699999999999)
  );
#615 = LINE('',#616,#617);
#616 = CARTESIAN_POINT('',(0.910670155745,0.612928285083,0.699999999999)
  );
#617 = VECTOR('',#618,1.);
#618 = DIRECTION('',(0.,1.,0.));
#619 = ORIENTED_EDGE('',*,*,#620,.F.);
#620 = EDGE_CURVE('',#621,#613,#623,.T.);
#621 = VERTEX_POINT('',#622);
#622 = CARTESIAN_POINT('',(0.89793312127,0.566191166745,0.699999999999)
  );
#623 = LINE('',#624,#625);
#624 = CARTESIAN_POINT('',(0.910670155745,0.566191166745,0.699999999999)
  );
#625 = VECTOR('',#626,1.);
#626 = DIRECTION('',(1.,0.,0.));
#627 = ORIENTED_EDGE('',*,*,#628,.F.);
#628 = EDGE_CURVE('',#629,#621,#631,.T.);
#629 = VERTEX_POINT('',#630);
#630 = CARTESIAN_POINT('',(0.89793312127,0.577420552241,0.699999999999)
  );
#631 = LINE('',#632,#633);
#632 = CARTESIAN_POINT('',(0.89793312127,0.566191166745,0.699999999999)
  );
#633 = VECTOR('',#634,1.);
#634 = DIRECTION('',(0.,-1.,0.));
#635 = ORIENTED_EDGE('',*,*,#636,.F.);
#636 = EDGE_CURVE('',#637,#629,#639,.T.);
#637 = VERTEX_POINT('',#638);
#638 = CARTESIAN_POINT('',(0.897595199947,0.577420552241,0.699999999999)
  );
#639 = LINE('',#640,#641);
#640 = CARTESIAN_POINT('',(0.89793312127,0.577420552241,0.699999999999)
  );
#641 = VECTOR('',#642,1.);
#642 = DIRECTION('',(1.,0.,0.));
#643 = ORIENTED_EDGE('',*,*,#644,.F.);
#644 = EDGE_CURVE('',#645,#637,#647,.T.);
#645 = VERTEX_POINT('',#646);
#646 = CARTESIAN_POINT('',(0.875344380538,0.564475566183,0.699999999999)
  );
#647 = B_SPLINE_CURVE_WITH_KNOTS('',3,(#648,#649,#650,#651),
  .UNSPECIFIED.,.F.,.F.,(4,4),(6.,7.),.PIECEWISE_BEZIER_KNOTS.);
#648 = CARTESIAN_POINT('',(0.875344380538,0.564475566183,0.699999999999)
  );
#649 = CARTESIAN_POINT('',(0.885144098899,0.564475566183,0.699999999999)
  );
#650 = CARTESIAN_POINT('',(0.892578368001,0.568790561536,0.699999999999)
  );
#651 = CARTESIAN_POINT('',(0.897595199947,0.577420552241,0.699999999999)
  );
#652 = ORIENTED_EDGE('',*,*,#653,.F.);
#653 = EDGE_CURVE('',#654,#645,#656,.T.);
#654 = VERTEX_POINT('',#655);
#655 = CARTESIAN_POINT('',(0.85855229019,0.570194234723,0.699999999999)
  );
#656 = B_SPLINE_CURVE_WITH_KNOTS('',3,(#657,#658,#659,#660),
  .UNSPECIFIED.,.F.,.F.,(4,4),(7.,8.),.PIECEWISE_BEZIER_KNOTS.);
#657 = CARTESIAN_POINT('',(0.85855229019,0.570194234723,0.699999999999)
  );
#658 = CARTESIAN_POINT('',(0.862711321855,0.566399118328,0.699999999999)
  );
#659 = CARTESIAN_POINT('',(0.868300020655,0.564475566183,0.699999999999)
  );
#660 = CARTESIAN_POINT('',(0.875344380538,0.564475566183,0.699999999999)
  );
#661 = ORIENTED_EDGE('',*,*,#662,.F.);
#662 = EDGE_CURVE('',#663,#654,#665,.T.);
#663 = VERTEX_POINT('',#664);
#664 = CARTESIAN_POINT('',(0.852313742692,0.58563463978,0.699999999999)
  );
#665 = B_SPLINE_CURVE_WITH_KNOTS('',3,(#666,#667,#668,#669),
  .UNSPECIFIED.,.F.,.F.,(4,4),(8.,9.),.PIECEWISE_BEZIER_KNOTS.);
#666 = CARTESIAN_POINT('',(0.852313742692,0.58563463978,0.699999999999)
  );
#667 = CARTESIAN_POINT('',(0.852313742692,0.579136152803,0.699999999999)
  );
#668 = CARTESIAN_POINT('',(0.854393258524,0.573989351117,0.699999999999)
  );
#669 = CARTESIAN_POINT('',(0.85855229019,0.570194234723,0.699999999999)
  );
#670 = ORIENTED_EDGE('',*,*,#671,.F.);
#671 = EDGE_CURVE('',#672,#663,#674,.T.);
#672 = VERTEX_POINT('',#673);
#673 = CARTESIAN_POINT('',(0.876410132402,0.609341120272,0.699999999999)
  );
#674 = B_SPLINE_CURVE_WITH_KNOTS('',3,(#675,#676,#677,#678),
  .UNSPECIFIED.,.F.,.F.,(4,4),(9.,10.),.PIECEWISE_BEZIER_KNOTS.);
#675 = CARTESIAN_POINT('',(0.876410132402,0.609341120272,0.699999999999)
  );
#676 = CARTESIAN_POINT('',(0.860345872595,0.607105640752,0.699999999999)
  );
#677 = CARTESIAN_POINT('',(0.852313742692,0.599203480588,0.699999999999)
  );
#678 = CARTESIAN_POINT('',(0.852313742692,0.58563463978,0.699999999999)
  );
#679 = ORIENTED_EDGE('',*,*,#680,.F.);
#680 = EDGE_CURVE('',#681,#672,#683,.T.);
#681 = VERTEX_POINT('',#682);
#682 = CARTESIAN_POINT('',(0.89793312127,0.61235641823,0.699999999999));
#683 = LINE('',#684,#685);
#684 = CARTESIAN_POINT('',(0.876410132402,0.609341120272,0.699999999999)
  );
#685 = VECTOR('',#686,1.);
#686 = DIRECTION('',(-0.990328603988,-0.138741688482,0.));
#687 = ORIENTED_EDGE('',*,*,#688,.F.);
#688 = EDGE_CURVE('',#689,#681,#691,.T.);
#689 = VERTEX_POINT('',#690);
#690 = CARTESIAN_POINT('',(0.883220546754,0.630136278599,0.699999999999)
  );
#691 = B_SPLINE_CURVE_WITH_KNOTS('',3,(#692,#693,#694,#695),
  .UNSPECIFIED.,.F.,.F.,(4,4),(11.,12.),.PIECEWISE_BEZIER_KNOTS.);
#692 = CARTESIAN_POINT('',(0.883220546754,0.630136278599,0.699999999999)
  );
#693 = CARTESIAN_POINT('',(0.893020265116,0.630136278599,0.699999999999)
  );
#694 = CARTESIAN_POINT('',(0.89793312127,0.624209658475,0.699999999999)
  );
#695 = CARTESIAN_POINT('',(0.89793312127,0.61235641823,0.699999999999));
#696 = ORIENTED_EDGE('',*,*,#697,.F.);
#697 = EDGE_CURVE('',#587,#689,#698,.T.);
#698 = B_SPLINE_CURVE_WITH_KNOTS('',3,(#699,#700,#701,#702),
  .UNSPECIFIED.,.F.,.F.,(4,4),(12.,13.),.PIECEWISE_BEZIER_KNOTS.);
#699 = CARTESIAN_POINT('',(0.85941009047,0.621350324205,0.699999999999)
  );
#700 = CARTESIAN_POINT('',(0.866584420093,0.627172968537,0.699999999999)
  );
#701 = CARTESIAN_POINT('',(0.874512574205,0.630136278599,0.699999999999)
  );
#702 = CARTESIAN_POINT('',(0.883220546754,0.630136278599,0.699999999999)
  );
#703 = FACE_BOUND('',#704,.T.);
#704 = EDGE_LOOP('',(#705,#716,#724,#732,#740,#749,#758));
#705 = ORIENTED_EDGE('',*,*,#706,.F.);
#706 = EDGE_CURVE('',#707,#709,#711,.T.);
#707 = VERTEX_POINT('',#708);
#708 = CARTESIAN_POINT('',(1.04157567741,0.727509607462,0.699999999999)
  );
#709 = VERTEX_POINT('',#710);
#710 = CARTESIAN_POINT('',(1.081060484282,0.741754290915,0.699999999999)
  );
#711 = B_SPLINE_CURVE_WITH_KNOTS('',3,(#712,#713,#714,#715),
  .UNSPECIFIED.,.F.,.F.,(4,4),(5.,6.),.PIECEWISE_BEZIER_KNOTS.);
#712 = CARTESIAN_POINT('',(1.04157567741,0.727509607462,0.699999999999)
  );
#713 = CARTESIAN_POINT('',(1.057665931164,0.727509607462,0.699999999999)
  );
#714 = CARTESIAN_POINT('',(1.070844862754,0.732240505981,0.699999999999)
  );
#715 = CARTESIAN_POINT('',(1.081060484282,0.741754290915,0.699999999999)
  );
#716 = ORIENTED_EDGE('',*,*,#717,.F.);
#717 = EDGE_CURVE('',#718,#707,#720,.T.);
#718 = VERTEX_POINT('',#719);
#719 = CARTESIAN_POINT('',(1.013606189461,0.727509607462,0.699999999999)
  );
#720 = LINE('',#721,#722);
#721 = CARTESIAN_POINT('',(1.04157567741,0.727509607462,0.699999999999)
  );
#722 = VECTOR('',#723,1.);
#723 = DIRECTION('',(1.,0.,0.));
#724 = ORIENTED_EDGE('',*,*,#725,.F.);
#725 = EDGE_CURVE('',#726,#718,#728,.T.);
#726 = VERTEX_POINT('',#727);
#727 = CARTESIAN_POINT('',(1.013606189461,0.829197931677,0.699999999999)
  );
#728 = LINE('',#729,#730);
#729 = CARTESIAN_POINT('',(1.013606189461,0.727509607462,0.699999999999)
  );
#730 = VECTOR('',#731,1.);
#731 = DIRECTION('',(0.,-1.,0.));
#732 = ORIENTED_EDGE('',*,*,#733,.F.);
#733 = EDGE_CURVE('',#734,#726,#736,.T.);
#734 = VERTEX_POINT('',#735);
#735 = CARTESIAN_POINT('',(1.042615435326,0.829197931677,0.699999999999)
  );
#736 = LINE('',#737,#738);
#737 = CARTESIAN_POINT('',(1.013606189461,0.829197931677,0.699999999999)
  );
#738 = VECTOR('',#739,1.);
#739 = DIRECTION('',(-1.,0.,0.));
#740 = ORIENTED_EDGE('',*,*,#741,.F.);
#741 = EDGE_CURVE('',#742,#734,#744,.T.);
#742 = VERTEX_POINT('',#743);
#743 = CARTESIAN_POINT('',(1.081060484282,0.815733066661,0.699999999999)
  );
#744 = B_SPLINE_CURVE_WITH_KNOTS('',3,(#745,#746,#747,#748),
  .UNSPECIFIED.,.F.,.F.,(4,4),(2.,3.),.PIECEWISE_BEZIER_KNOTS.);
#745 = CARTESIAN_POINT('',(1.081060484282,0.815733066661,0.699999999999)
  );
#746 = CARTESIAN_POINT('',(1.070844862754,0.824726972637,0.699999999999)
  );
#747 = CARTESIAN_POINT('',(1.058029846435,0.829197931677,0.699999999999)
  );
#748 = CARTESIAN_POINT('',(1.042615435326,0.829197931677,0.699999999999)
  );
#749 = ORIENTED_EDGE('',*,*,#750,.F.);
#750 = EDGE_CURVE('',#751,#742,#753,.T.);
#751 = VERTEX_POINT('',#752);
#752 = CARTESIAN_POINT('',(1.096396913547,0.779653466965,0.699999999999)
  );
#753 = B_SPLINE_CURVE_WITH_KNOTS('',3,(#754,#755,#756,#757),
  .UNSPECIFIED.,.F.,.F.,(4,4),(3.,4.),.PIECEWISE_BEZIER_KNOTS.);
#754 = CARTESIAN_POINT('',(1.096396913547,0.779653466965,0.699999999999)
  );
#755 = CARTESIAN_POINT('',(1.096396913547,0.794729956751,0.699999999999)
  );
#756 = CARTESIAN_POINT('',(1.09127610581,0.806739160685,0.699999999999)
  );
#757 = CARTESIAN_POINT('',(1.081060484282,0.815733066661,0.699999999999)
  );
#758 = ORIENTED_EDGE('',*,*,#759,.F.);
#759 = EDGE_CURVE('',#709,#751,#760,.T.);
#760 = B_SPLINE_CURVE_WITH_KNOTS('',3,(#761,#762,#763,#764),
  .UNSPECIFIED.,.F.,.F.,(4,4),(4.,5.),.PIECEWISE_BEZIER_KNOTS.);
#761 = CARTESIAN_POINT('',(1.081060484282,0.741754290915,0.699999999999)
  );
#762 = CARTESIAN_POINT('',(1.09127610581,0.751268075849,0.699999999999)
  );
#763 = CARTESIAN_POINT('',(1.096396913547,0.763901134533,0.699999999999)
  );
#764 = CARTESIAN_POINT('',(1.096396913547,0.779653466965,0.699999999999)
  );
#765 = FACE_BOUND('',#766,.T.);
#766 = EDGE_LOOP('',(#767,#774));
#767 = ORIENTED_EDGE('',*,*,#768,.F.);
#768 = EDGE_CURVE('',#65,#73,#769,.T.);
#769 = CIRCLE('',#770,9.457773771E-02);
#770 = AXIS2_PLACEMENT_3D('',#771,#772,#773);
#771 = CARTESIAN_POINT('',(-1.183721726349,-0.841173987669,
    0.699999999999));
#772 = DIRECTION('',(0.,0.,1.));
#773 = DIRECTION('',(1.,0.,-0.));
#774 = ORIENTED_EDGE('',*,*,#72,.F.);
#775 = FACE_BOUND('',#776,.T.);
#776 = EDGE_LOOP('',(#777,#787,#796,#804,#813,#821,#830,#838));
#777 = ORIENTED_EDGE('',*,*,#778,.T.);
#778 = EDGE_CURVE('',#779,#781,#783,.T.);
#779 = VERTEX_POINT('',#780);
#780 = CARTESIAN_POINT('',(-1.35,-1.079999999999,0.699999999999));
#781 = VERTEX_POINT('',#782);
#782 = CARTESIAN_POINT('',(1.349999999999,-1.079999999999,0.699999999999
    ));
#783 = LINE('',#784,#785);
#784 = CARTESIAN_POINT('',(1.349999999999,-1.079999999999,0.699999999999
    ));
#785 = VECTOR('',#786,1.);
#786 = DIRECTION('',(1.,0.,0.));
#787 = ORIENTED_EDGE('',*,*,#788,.T.);
#788 = EDGE_CURVE('',#781,#789,#791,.T.);
#789 = VERTEX_POINT('',#790);
#790 = CARTESIAN_POINT('',(1.43,-0.999999999999,0.699999999999));
#791 = CIRCLE('',#792,7.9999999999E-02);
#792 = AXIS2_PLACEMENT_3D('',#793,#794,#795);
#793 = CARTESIAN_POINT('',(1.35,-0.999999999999,0.699999999999));
#794 = DIRECTION('',(0.,0.,1.));
#795 = DIRECTION('',(1.,0.,-0.));
#796 = ORIENTED_EDGE('',*,*,#797,.T.);
#797 = EDGE_CURVE('',#789,#798,#800,.T.);
#798 = VERTEX_POINT('',#799);
#799 = CARTESIAN_POINT('',(1.429999999999,1.,0.699999999999));
#800 = LINE('',#801,#802);
#801 = CARTESIAN_POINT('',(1.429999999999,0.999999999999,0.699999999999)
  );
#802 = VECTOR('',#803,1.);
#803 = DIRECTION('',(-2.168404344971E-16,1.,0.));
#804 = ORIENTED_EDGE('',*,*,#805,.T.);
#805 = EDGE_CURVE('',#798,#806,#808,.T.);
#806 = VERTEX_POINT('',#807);
#807 = CARTESIAN_POINT('',(1.349999999999,1.08,0.699999999999));
#808 = CIRCLE('',#809,7.9999999999E-02);
#809 = AXIS2_PLACEMENT_3D('',#810,#811,#812);
#810 = CARTESIAN_POINT('',(1.349999999999,1.,0.699999999999));
#811 = DIRECTION('',(0.,0.,1.));
#812 = DIRECTION('',(1.,0.,-0.));
#813 = ORIENTED_EDGE('',*,*,#814,.T.);
#814 = EDGE_CURVE('',#806,#815,#817,.T.);
#815 = VERTEX_POINT('',#816);
#816 = CARTESIAN_POINT('',(-1.349999999999,1.08,0.699999999999));
#817 = LINE('',#818,#819);
#818 = CARTESIAN_POINT('',(-1.349999999999,1.08,0.699999999999));
#819 = VECTOR('',#820,1.);
#820 = DIRECTION('',(-1.,0.,0.));
#821 = ORIENTED_EDGE('',*,*,#822,.T.);
#822 = EDGE_CURVE('',#815,#823,#825,.T.);
#823 = VERTEX_POINT('',#824);
#824 = CARTESIAN_POINT('',(-1.43,1.,0.699999999999));
#825 = CIRCLE('',#826,7.9999999999E-02);
#826 = AXIS2_PLACEMENT_3D('',#827,#828,#829);
#827 = CARTESIAN_POINT('',(-1.35,1.,0.699999999999));
#828 = DIRECTION('',(0.,0.,1.));
#829 = DIRECTION('',(1.,0.,-0.));
#830 = ORIENTED_EDGE('',*,*,#831,.T.);
#831 = EDGE_CURVE('',#823,#832,#834,.T.);
#832 = VERTEX_POINT('',#833);
#833 = CARTESIAN_POINT('',(-1.43,-0.999999999999,0.699999999999));
#834 = LINE('',#835,#836);
#835 = CARTESIAN_POINT('',(-1.43,-0.999999999999,0.699999999999));
#836 = VECTOR('',#837,1.);
#837 = DIRECTION('',(0.,-1.,0.));
#838 = ORIENTED_EDGE('',*,*,#839,.T.);
#839 = EDGE_CURVE('',#832,#779,#840,.T.);
#840 = CIRCLE('',#841,7.9999999999E-02);
#841 = AXIS2_PLACEMENT_3D('',#842,#843,#844);
#842 = CARTESIAN_POINT('',(-1.35,-0.999999999999,0.699999999999));
#843 = DIRECTION('',(0.,0.,1.));
#844 = DIRECTION('',(1.,0.,-0.));
#845 = FACE_BOUND('',#846,.T.);
#846 = EDGE_LOOP('',(#847,#857,#865,#873,#881,#889));
#847 = ORIENTED_EDGE('',*,*,#848,.F.);
#848 = EDGE_CURVE('',#849,#851,#853,.T.);
#849 = VERTEX_POINT('',#850);
#850 = CARTESIAN_POINT('',(0.839056829259,0.739102908229,0.699999999999)
  );
#851 = VERTEX_POINT('',#852);
#852 = CARTESIAN_POINT('',(0.798558258418,0.739102908229,0.699999999999)
  );
#853 = LINE('',#854,#855);
#854 = CARTESIAN_POINT('',(0.798558258418,0.739102908229,0.699999999999)
  );
#855 = VECTOR('',#856,1.);
#856 = DIRECTION('',(-1.,0.,0.));
#857 = ORIENTED_EDGE('',*,*,#858,.F.);
#858 = EDGE_CURVE('',#859,#849,#861,.T.);
#859 = VERTEX_POINT('',#860);
#860 = CARTESIAN_POINT('',(0.839056829259,0.727509607462,0.699999999999)
  );
#861 = LINE('',#862,#863);
#862 = CARTESIAN_POINT('',(0.839056829259,0.739102908229,0.699999999999)
  );
#863 = VECTOR('',#864,1.);
#864 = DIRECTION('',(0.,1.,0.));
#865 = ORIENTED_EDGE('',*,*,#866,.F.);
#866 = EDGE_CURVE('',#867,#859,#869,.T.);
#867 = VERTEX_POINT('',#868);
#868 = CARTESIAN_POINT('',(0.785431314725,0.727509607462,0.699999999999)
  );
#869 = LINE('',#870,#871);
#870 = CARTESIAN_POINT('',(0.839056829259,0.727509607462,0.699999999999)
  );
#871 = VECTOR('',#872,1.);
#872 = DIRECTION('',(1.,0.,0.));
#873 = ORIENTED_EDGE('',*,*,#874,.F.);
#874 = EDGE_CURVE('',#875,#867,#877,.T.);
#875 = VERTEX_POINT('',#876);
#876 = CARTESIAN_POINT('',(0.785431314725,0.829197931677,0.699999999999)
  );
#877 = LINE('',#878,#879);
#878 = CARTESIAN_POINT('',(0.785431314725,0.727509607462,0.699999999999)
  );
#879 = VECTOR('',#880,1.);
#880 = DIRECTION('',(0.,-1.,0.));
#881 = ORIENTED_EDGE('',*,*,#882,.F.);
#882 = EDGE_CURVE('',#883,#875,#885,.T.);
#883 = VERTEX_POINT('',#884);
#884 = CARTESIAN_POINT('',(0.798558258418,0.829197931677,0.699999999999)
  );
#885 = LINE('',#886,#887);
#886 = CARTESIAN_POINT('',(0.785431314725,0.829197931677,0.699999999999)
  );
#887 = VECTOR('',#888,1.);
#888 = DIRECTION('',(-1.,0.,0.));
#889 = ORIENTED_EDGE('',*,*,#890,.F.);
#890 = EDGE_CURVE('',#851,#883,#891,.T.);
#891 = LINE('',#892,#893);
#892 = CARTESIAN_POINT('',(0.798558258418,0.829197931677,0.699999999999)
  );
#893 = VECTOR('',#894,1.);
#894 = DIRECTION('',(0.,1.,0.));
#895 = FACE_BOUND('',#896,.T.);
#896 = EDGE_LOOP('',(#897,#907,#916,#925,#934,#943,#952,#961,#969,#978,
    #987,#996,#1005,#1014));
#897 = ORIENTED_EDGE('',*,*,#898,.F.);
#898 = EDGE_CURVE('',#899,#901,#903,.T.);
#899 = VERTEX_POINT('',#900);
#900 = CARTESIAN_POINT('',(0.919352134346,0.731720627023,0.699999999999)
  );
#901 = VERTEX_POINT('',#902);
#902 = CARTESIAN_POINT('',(0.919352134346,0.74430169781,0.699999999999)
  );
#903 = LINE('',#904,#905);
#904 = CARTESIAN_POINT('',(0.919352134346,0.74430169781,0.699999999999)
  );
#905 = VECTOR('',#906,1.);
#906 = DIRECTION('',(0.,1.,0.));
#907 = ORIENTED_EDGE('',*,*,#908,.F.);
#908 = EDGE_CURVE('',#909,#899,#911,.T.);
#909 = VERTEX_POINT('',#910);
#910 = CARTESIAN_POINT('',(0.891200688762,0.7257940069,0.699999999999));
#911 = B_SPLINE_CURVE_WITH_KNOTS('',3,(#912,#913,#914,#915),
  .UNSPECIFIED.,.F.,.F.,(4,4),(0.,1.),.PIECEWISE_BEZIER_KNOTS.);
#912 = CARTESIAN_POINT('',(0.891200688762,0.7257940069,0.699999999999));
#913 = CARTESIAN_POINT('',(0.902482062154,0.7257940069,0.699999999999));
#914 = CARTESIAN_POINT('',(0.911865877349,0.72776954694,0.699999999999)
  );
#915 = CARTESIAN_POINT('',(0.919352134346,0.731720627023,0.699999999999)
  );
#916 = ORIENTED_EDGE('',*,*,#917,.F.);
#917 = EDGE_CURVE('',#918,#909,#920,.T.);
#918 = VERTEX_POINT('',#919);
#919 = CARTESIAN_POINT('',(0.856264822774,0.739674775083,0.699999999999)
  );
#920 = B_SPLINE_CURVE_WITH_KNOTS('',3,(#921,#922,#923,#924),
  .UNSPECIFIED.,.F.,.F.,(4,4),(1.,2.),.PIECEWISE_BEZIER_KNOTS.);
#921 = CARTESIAN_POINT('',(0.856264822774,0.739674775083,0.699999999999)
  );
#922 = CARTESIAN_POINT('',(0.864972795323,0.730420929627,0.699999999999)
  );
#923 = CARTESIAN_POINT('',(0.876618083986,0.7257940069,0.699999999999));
#924 = CARTESIAN_POINT('',(0.891200688762,0.7257940069,0.699999999999));
#925 = ORIENTED_EDGE('',*,*,#926,.F.);
#926 = EDGE_CURVE('',#927,#918,#929,.T.);
#927 = VERTEX_POINT('',#928);
#928 = CARTESIAN_POINT('',(0.843215860924,0.776430217424,0.699999999999)
  );
#929 = B_SPLINE_CURVE_WITH_KNOTS('',3,(#930,#931,#932,#933),
  .UNSPECIFIED.,.F.,.F.,(4,4),(2.,3.),.PIECEWISE_BEZIER_KNOTS.);
#930 = CARTESIAN_POINT('',(0.843215860924,0.776430217424,0.699999999999)
  );
#931 = CARTESIAN_POINT('',(0.843215860924,0.76119776395,0.699999999999)
  );
#932 = CARTESIAN_POINT('',(0.847556850224,0.748928620538,0.699999999999)
  );
#933 = CARTESIAN_POINT('',(0.856264822774,0.739674775083,0.699999999999)
  );
#934 = ORIENTED_EDGE('',*,*,#935,.F.);
#935 = EDGE_CURVE('',#936,#927,#938,.T.);
#936 = VERTEX_POINT('',#937);
#937 = CARTESIAN_POINT('',(0.857902441492,0.815941018244,0.699999999999)
  );
#938 = B_SPLINE_CURVE_WITH_KNOTS('',3,(#939,#940,#941,#942),
  .UNSPECIFIED.,.F.,.F.,(4,4),(3.,4.),.PIECEWISE_BEZIER_KNOTS.);
#939 = CARTESIAN_POINT('',(0.857902441492,0.815941018244,0.699999999999)
  );
#940 = CARTESIAN_POINT('',(0.848102723131,0.805959342248,0.699999999999)
  );
#941 = CARTESIAN_POINT('',(0.843215860924,0.792806404606,0.699999999999)
  );
#942 = CARTESIAN_POINT('',(0.843215860924,0.776430217424,0.699999999999)
  );
#943 = ORIENTED_EDGE('',*,*,#944,.F.);
#944 = EDGE_CURVE('',#945,#936,#947,.T.);
#945 = VERTEX_POINT('',#946);
#946 = CARTESIAN_POINT('',(0.895255744636,0.830913532239,0.699999999999)
  );
#947 = B_SPLINE_CURVE_WITH_KNOTS('',3,(#948,#949,#950,#951),
  .UNSPECIFIED.,.F.,.F.,(4,4),(4.,5.),.PIECEWISE_BEZIER_KNOTS.);
#948 = CARTESIAN_POINT('',(0.895255744636,0.830913532239,0.699999999999)
  );
#949 = CARTESIAN_POINT('',(0.880153260901,0.830913532239,0.699999999999)
  );
#950 = CARTESIAN_POINT('',(0.867702159853,0.825922694241,0.699999999999)
  );
#951 = CARTESIAN_POINT('',(0.857902441492,0.815941018244,0.699999999999)
  );
#952 = ORIENTED_EDGE('',*,*,#953,.F.);
#953 = EDGE_CURVE('',#954,#945,#956,.T.);
#954 = VERTEX_POINT('',#955);
#955 = CARTESIAN_POINT('',(0.919352134346,0.826754500574,0.699999999999)
  );
#956 = B_SPLINE_CURVE_WITH_KNOTS('',3,(#957,#958,#959,#960),
  .UNSPECIFIED.,.F.,.F.,(4,4),(5.,6.),.PIECEWISE_BEZIER_KNOTS.);
#957 = CARTESIAN_POINT('',(0.919352134346,0.826754500574,0.699999999999)
  );
#958 = CARTESIAN_POINT('',(0.913009611057,0.829509859053,0.699999999999)
  );
#959 = CARTESIAN_POINT('',(0.904977481153,0.830913532239,0.699999999999)
  );
#960 = CARTESIAN_POINT('',(0.895255744636,0.830913532239,0.699999999999)
  );
#961 = ORIENTED_EDGE('',*,*,#962,.F.);
#962 = EDGE_CURVE('',#963,#954,#965,.T.);
#963 = VERTEX_POINT('',#964);
#964 = CARTESIAN_POINT('',(0.919352134346,0.813029696079,0.699999999999)
  );
#965 = LINE('',#966,#967);
#966 = CARTESIAN_POINT('',(0.919352134346,0.826754500574,0.699999999999)
  );
#967 = VECTOR('',#968,1.);
#968 = DIRECTION('',(0.,1.,0.));
#969 = ORIENTED_EDGE('',*,*,#970,.F.);
#970 = EDGE_CURVE('',#971,#963,#973,.T.);
#971 = VERTEX_POINT('',#972);
#972 = CARTESIAN_POINT('',(0.895385714375,0.819060291993,0.699999999999)
  );
#973 = B_SPLINE_CURVE_WITH_KNOTS('',3,(#974,#975,#976,#977),
  .UNSPECIFIED.,.F.,.F.,(4,4),(7.,8.),.PIECEWISE_BEZIER_KNOTS.);
#974 = CARTESIAN_POINT('',(0.895385714375,0.819060291993,0.699999999999)
  );
#975 = CARTESIAN_POINT('',(0.904093686924,0.819060291993,0.699999999999)
  );
#976 = CARTESIAN_POINT('',(0.912073828932,0.817084751952,0.699999999999)
  );
#977 = CARTESIAN_POINT('',(0.919352134346,0.813029696079,0.699999999999)
  );
#978 = ORIENTED_EDGE('',*,*,#979,.F.);
#979 = EDGE_CURVE('',#980,#971,#982,.T.);
#980 = VERTEX_POINT('',#981);
#981 = CARTESIAN_POINT('',(0.867676165905,0.807778918601,0.699999999999)
  );
#982 = B_SPLINE_CURVE_WITH_KNOTS('',3,(#983,#984,#985,#986),
  .UNSPECIFIED.,.F.,.F.,(4,4),(8.,9.),.PIECEWISE_BEZIER_KNOTS.);
#983 = CARTESIAN_POINT('',(0.867676165905,0.807778918601,0.699999999999)
  );
#984 = CARTESIAN_POINT('',(0.87482450158,0.815317163494,0.699999999999)
  );
#985 = CARTESIAN_POINT('',(0.884052353088,0.819060291993,0.699999999999)
  );
#986 = CARTESIAN_POINT('',(0.895385714375,0.819060291993,0.699999999999)
  );
#987 = ORIENTED_EDGE('',*,*,#988,.F.);
#988 = EDGE_CURVE('',#989,#980,#991,.T.);
#989 = VERTEX_POINT('',#990);
#990 = CARTESIAN_POINT('',(0.856992653315,0.777210035862,0.699999999999)
  );
#991 = B_SPLINE_CURVE_WITH_KNOTS('',3,(#992,#993,#994,#995),
  .UNSPECIFIED.,.F.,.F.,(4,4),(9.,10.),.PIECEWISE_BEZIER_KNOTS.);
#992 = CARTESIAN_POINT('',(0.856992653315,0.777210035862,0.699999999999)
  );
#993 = CARTESIAN_POINT('',(0.856992653315,0.789999058232,0.699999999999)
  );
#994 = CARTESIAN_POINT('',(0.860553824179,0.800188685812,0.699999999999)
  );
#995 = CARTESIAN_POINT('',(0.867676165905,0.807778918601,0.699999999999)
  );
#996 = ORIENTED_EDGE('',*,*,#997,.F.);
#997 = EDGE_CURVE('',#998,#989,#1000,.T.);
#998 = VERTEX_POINT('',#999);
#999 = CARTESIAN_POINT('',(0.866974329312,0.748200789996,0.699999999999)
  );
#1000 = B_SPLINE_CURVE_WITH_KNOTS('',3,(#1001,#1002,#1003,#1004),
  .UNSPECIFIED.,.F.,.F.,(4,4),(10.,11.),.PIECEWISE_BEZIER_KNOTS.);
#1001 = CARTESIAN_POINT('',(0.866974329312,0.748200789996,0.699999999999
    ));
#1002 = CARTESIAN_POINT('',(0.860319878647,0.755375119619,0.699999999999
    ));
#1003 = CARTESIAN_POINT('',(0.856992653315,0.765044868241,0.699999999999
    ));
#1004 = CARTESIAN_POINT('',(0.856992653315,0.777210035862,0.699999999999
    ));
#1005 = ORIENTED_EDGE('',*,*,#1006,.F.);
#1006 = EDGE_CURVE('',#1007,#998,#1009,.T.);
#1007 = VERTEX_POINT('',#1008);
#1008 = CARTESIAN_POINT('',(0.893098246959,0.737491283458,0.699999999999
    ));
#1009 = B_SPLINE_CURVE_WITH_KNOTS('',3,(#1010,#1011,#1012,#1013),
  .UNSPECIFIED.,.F.,.F.,(4,4),(11.,12.),.PIECEWISE_BEZIER_KNOTS.);
#1010 = CARTESIAN_POINT('',(0.893098246959,0.737491283458,0.699999999999
    ));
#1011 = CARTESIAN_POINT('',(0.882336752525,0.737491283458,0.699999999999
    ));
#1012 = CARTESIAN_POINT('',(0.873628779976,0.741078448269,0.699999999999
    ));
#1013 = CARTESIAN_POINT('',(0.866974329312,0.748200789996,0.699999999999
    ));
#1014 = ORIENTED_EDGE('',*,*,#1015,.F.);
#1015 = EDGE_CURVE('',#901,#1007,#1016,.T.);
#1016 = B_SPLINE_CURVE_WITH_KNOTS('',3,(#1017,#1018,#1019,#1020),
  .UNSPECIFIED.,.F.,.F.,(4,4),(12.,13.),.PIECEWISE_BEZIER_KNOTS.);
#1017 = CARTESIAN_POINT('',(0.919352134346,0.74430169781,0.699999999999)
  );
#1018 = CARTESIAN_POINT('',(0.911917865245,0.739778750874,0.699999999999
    ));
#1019 = CARTESIAN_POINT('',(0.9031579048,0.737491283458,0.699999999999)
  );
#1020 = CARTESIAN_POINT('',(0.893098246959,0.737491283458,0.699999999999
    ));
#1021 = FACE_BOUND('',#1022,.T.);
#1022 = EDGE_LOOP('',(#1023,#1033,#1041,#1049,#1057,#1065,#1073,#1081,
    #1089,#1097,#1105,#1113));
#1023 = ORIENTED_EDGE('',*,*,#1024,.F.);
#1024 = EDGE_CURVE('',#1025,#1027,#1029,.T.);
#1025 = VERTEX_POINT('',#1026);
#1026 = CARTESIAN_POINT('',(0.994396661956,0.739102908229,0.699999999999
    ));
#1027 = VERTEX_POINT('',#1028);
#1028 = CARTESIAN_POINT('',(0.952832339252,0.739102908229,0.699999999999
    ));
#1029 = LINE('',#1030,#1031);
#1030 = CARTESIAN_POINT('',(0.952832339252,0.739102908229,0.699999999999
    ));
#1031 = VECTOR('',#1032,1.);
#1032 = DIRECTION('',(-1.,0.,0.));
#1033 = ORIENTED_EDGE('',*,*,#1034,.F.);
#1034 = EDGE_CURVE('',#1035,#1025,#1037,.T.);
#1035 = VERTEX_POINT('',#1036);
#1036 = CARTESIAN_POINT('',(0.994396661956,0.727509607462,0.699999999999
    ));
#1037 = LINE('',#1038,#1039);
#1038 = CARTESIAN_POINT('',(0.994396661956,0.739102908229,0.699999999999
    ));
#1039 = VECTOR('',#1040,1.);
#1040 = DIRECTION('',(0.,1.,0.));
#1041 = ORIENTED_EDGE('',*,*,#1042,.F.);
#1042 = EDGE_CURVE('',#1043,#1035,#1045,.T.);
#1043 = VERTEX_POINT('',#1044);
#1044 = CARTESIAN_POINT('',(0.939705395558,0.727509607462,0.699999999999
    ));
#1045 = LINE('',#1046,#1047);
#1046 = CARTESIAN_POINT('',(0.994396661956,0.727509607462,0.699999999999
    ));
#1047 = VECTOR('',#1048,1.);
#1048 = DIRECTION('',(1.,0.,0.));
#1049 = ORIENTED_EDGE('',*,*,#1050,.F.);
#1050 = EDGE_CURVE('',#1051,#1043,#1053,.T.);
#1051 = VERTEX_POINT('',#1052);
#1052 = CARTESIAN_POINT('',(0.939705395558,0.829197931677,0.699999999999
    ));
#1053 = LINE('',#1054,#1055);
#1054 = CARTESIAN_POINT('',(0.939705395558,0.727509607462,0.699999999999
    ));
#1055 = VECTOR('',#1056,1.);
#1056 = DIRECTION('',(0.,-1.,0.));
#1057 = ORIENTED_EDGE('',*,*,#1058,.F.);
#1058 = EDGE_CURVE('',#1059,#1051,#1061,.T.);
#1059 = VERTEX_POINT('',#1060);
#1060 = CARTESIAN_POINT('',(0.992083200593,0.829197931677,0.699999999999
    ));
#1061 = LINE('',#1062,#1063);
#1062 = CARTESIAN_POINT('',(0.939705395558,0.829197931677,0.699999999999
    ));
#1063 = VECTOR('',#1064,1.);
#1064 = DIRECTION('',(-1.,0.,0.));
#1065 = ORIENTED_EDGE('',*,*,#1066,.F.);
#1066 = EDGE_CURVE('',#1067,#1059,#1069,.T.);
#1067 = VERTEX_POINT('',#1068);
#1068 = CARTESIAN_POINT('',(0.992083200593,0.817500655119,0.699999999999
    ));
#1069 = LINE('',#1070,#1071);
#1070 = CARTESIAN_POINT('',(0.992083200593,0.829197931677,0.699999999999
    ));
#1071 = VECTOR('',#1072,1.);
#1072 = DIRECTION('',(0.,1.,0.));
#1073 = ORIENTED_EDGE('',*,*,#1074,.F.);
#1074 = EDGE_CURVE('',#1075,#1067,#1077,.T.);
#1075 = VERTEX_POINT('',#1076);
#1076 = CARTESIAN_POINT('',(0.952832339252,0.817500655119,0.699999999999
    ));
#1077 = LINE('',#1078,#1079);
#1078 = CARTESIAN_POINT('',(0.992083200593,0.817500655119,0.699999999999
    ));
#1079 = VECTOR('',#1080,1.);
#1080 = DIRECTION('',(1.,0.,0.));
#1081 = ORIENTED_EDGE('',*,*,#1082,.F.);
#1082 = EDGE_CURVE('',#1083,#1075,#1085,.T.);
#1083 = VERTEX_POINT('',#1084);
#1084 = CARTESIAN_POINT('',(0.952832339252,0.784956232338,0.699999999999
    ));
#1085 = LINE('',#1086,#1087);
#1086 = CARTESIAN_POINT('',(0.952832339252,0.817500655119,0.699999999999
    ));
#1087 = VECTOR('',#1088,1.);
#1088 = DIRECTION('',(0.,1.,0.));
#1089 = ORIENTED_EDGE('',*,*,#1090,.F.);
#1090 = EDGE_CURVE('',#1091,#1083,#1093,.T.);
#1091 = VERTEX_POINT('',#1092);
#1092 = CARTESIAN_POINT('',(0.989197872375,0.784956232338,0.699999999999
    ));
#1093 = LINE('',#1094,#1095);
#1094 = CARTESIAN_POINT('',(0.952832339252,0.784956232338,0.699999999999
    ));
#1095 = VECTOR('',#1096,1.);
#1096 = DIRECTION('',(-1.,0.,0.));
#1097 = ORIENTED_EDGE('',*,*,#1098,.F.);
#1098 = EDGE_CURVE('',#1099,#1091,#1101,.T.);
#1099 = VERTEX_POINT('',#1100);
#1100 = CARTESIAN_POINT('',(0.989197872375,0.773310943675,0.699999999999
    ));
#1101 = LINE('',#1102,#1103);
#1102 = CARTESIAN_POINT('',(0.989197872375,0.784956232338,0.699999999999
    ));
#1103 = VECTOR('',#1104,1.);
#1104 = DIRECTION('',(0.,1.,0.));
#1105 = ORIENTED_EDGE('',*,*,#1106,.F.);
#1106 = EDGE_CURVE('',#1107,#1099,#1109,.T.);
#1107 = VERTEX_POINT('',#1108);
#1108 = CARTESIAN_POINT('',(0.952832339252,0.773310943675,0.699999999999
    ));
#1109 = LINE('',#1110,#1111);
#1110 = CARTESIAN_POINT('',(0.989197872375,0.773310943675,0.699999999999
    ));
#1111 = VECTOR('',#1112,1.);
#1112 = DIRECTION('',(1.,0.,0.));
#1113 = ORIENTED_EDGE('',*,*,#1114,.F.);
#1114 = EDGE_CURVE('',#1027,#1107,#1115,.T.);
#1115 = LINE('',#1116,#1117);
#1116 = CARTESIAN_POINT('',(0.952832339252,0.773310943675,0.699999999999
    ));
#1117 = VECTOR('',#1118,1.);
#1118 = DIRECTION('',(0.,1.,0.));
#1119 = FACE_BOUND('',#1120,.T.);
#1120 = EDGE_LOOP('',(#1121,#1131,#1139,#1147,#1155,#1163,#1171,#1179));
#1121 = ORIENTED_EDGE('',*,*,#1122,.F.);
#1122 = EDGE_CURVE('',#1123,#1125,#1127,.T.);
#1123 = VERTEX_POINT('',#1124);
#1124 = CARTESIAN_POINT('',(1.154805314496,0.829197931677,0.699999999999
    ));
#1125 = VERTEX_POINT('',#1126);
#1126 = CARTESIAN_POINT('',(1.140768582626,0.829197931677,0.699999999999
    ));
#1127 = LINE('',#1128,#1129);
#1128 = CARTESIAN_POINT('',(1.140768582626,0.829197931677,0.699999999999
    ));
#1129 = VECTOR('',#1130,1.);
#1130 = DIRECTION('',(-1.,0.,0.));
#1131 = ORIENTED_EDGE('',*,*,#1132,.F.);
#1132 = EDGE_CURVE('',#1133,#1123,#1135,.T.);
#1133 = VERTEX_POINT('',#1134);
#1134 = CARTESIAN_POINT('',(1.193536296879,0.727509607462,0.699999999999
    ));
#1135 = LINE('',#1136,#1137);
#1136 = CARTESIAN_POINT('',(1.154805314496,0.829197931677,0.699999999999
    ));
#1137 = VECTOR('',#1138,1.);
#1138 = DIRECTION('',(-0.355935724369,0.934510438742,0.));
#1139 = ORIENTED_EDGE('',*,*,#1140,.F.);
#1140 = EDGE_CURVE('',#1141,#1133,#1143,.T.);
#1141 = VERTEX_POINT('',#1142);
#1142 = CARTESIAN_POINT('',(1.179031673947,0.727509607462,0.699999999999
    ));
#1143 = LINE('',#1144,#1145);
#1144 = CARTESIAN_POINT('',(1.193536296879,0.727509607462,0.699999999999
    ));
#1145 = VECTOR('',#1146,1.);
#1146 = DIRECTION('',(1.,0.,0.));
#1147 = ORIENTED_EDGE('',*,*,#1148,.F.);
#1148 = EDGE_CURVE('',#1149,#1141,#1151,.T.);
#1149 = VERTEX_POINT('',#1150);
#1150 = CARTESIAN_POINT('',(1.168660088731,0.755323131723,0.699999999999
    ));
#1151 = LINE('',#1152,#1153);
#1152 = CARTESIAN_POINT('',(1.179031673947,0.727509607462,0.699999999999
    ));
#1153 = VECTOR('',#1154,1.);
#1154 = DIRECTION('',(0.349395479469,-0.936975345954,0.));
#1155 = ORIENTED_EDGE('',*,*,#1156,.F.);
#1156 = EDGE_CURVE('',#1157,#1149,#1159,.T.);
#1157 = VERTEX_POINT('',#1158);
#1158 = CARTESIAN_POINT('',(1.126315947589,0.755323131723,0.699999999999
    ));
#1159 = LINE('',#1160,#1161);
#1160 = CARTESIAN_POINT('',(1.168660088731,0.755323131723,0.699999999999
    ));
#1161 = VECTOR('',#1162,1.);
#1162 = DIRECTION('',(1.,0.,0.));
#1163 = ORIENTED_EDGE('',*,*,#1164,.F.);
#1164 = EDGE_CURVE('',#1165,#1157,#1167,.T.);
#1165 = VERTEX_POINT('',#1166);
#1166 = CARTESIAN_POINT('',(1.116542223176,0.727509607462,0.699999999999
    ));
#1167 = LINE('',#1168,#1169);
#1168 = CARTESIAN_POINT('',(1.126315947589,0.755323131723,0.699999999999
    ));
#1169 = VECTOR('',#1170,1.);
#1170 = DIRECTION('',(0.33152841835,0.943445233083,0.));
#1171 = ORIENTED_EDGE('',*,*,#1172,.F.);
#1172 = EDGE_CURVE('',#1173,#1165,#1175,.T.);
#1173 = VERTEX_POINT('',#1174);
#1174 = CARTESIAN_POINT('',(1.102037600244,0.727509607462,0.699999999999
    ));
#1175 = LINE('',#1176,#1177);
#1176 = CARTESIAN_POINT('',(1.116542223176,0.727509607462,0.699999999999
    ));
#1177 = VECTOR('',#1178,1.);
#1178 = DIRECTION('',(1.,0.,0.));
#1179 = ORIENTED_EDGE('',*,*,#1180,.F.);
#1180 = EDGE_CURVE('',#1125,#1173,#1181,.T.);
#1181 = LINE('',#1182,#1183);
#1182 = CARTESIAN_POINT('',(1.102037600244,0.727509607462,0.699999999999
    ));
#1183 = VECTOR('',#1184,1.);
#1184 = DIRECTION('',(-0.355935724364,-0.934510438744,0.));
#1185 = FACE_BOUND('',#1186,.T.);
#1186 = EDGE_LOOP('',(#1187,#1197,#1205,#1213,#1221,#1229,#1237,#1245,
    #1253,#1261,#1269,#1277));
#1187 = ORIENTED_EDGE('',*,*,#1188,.F.);
#1188 = EDGE_CURVE('',#1189,#1191,#1193,.T.);
#1189 = VERTEX_POINT('',#1190);
#1190 = CARTESIAN_POINT('',(0.840122581123,0.577784467512,0.699999999999
    ));
#1191 = VERTEX_POINT('',#1192);
#1192 = CARTESIAN_POINT('',(0.798558258418,0.577784467512,0.699999999999
    ));
#1193 = LINE('',#1194,#1195);
#1194 = CARTESIAN_POINT('',(0.798558258418,0.577784467512,0.699999999999
    ));
#1195 = VECTOR('',#1196,1.);
#1196 = DIRECTION('',(-1.,0.,0.));
#1197 = ORIENTED_EDGE('',*,*,#1198,.F.);
#1198 = EDGE_CURVE('',#1199,#1189,#1201,.T.);
#1199 = VERTEX_POINT('',#1200);
#1200 = CARTESIAN_POINT('',(0.840122581123,0.566191166745,0.699999999999
    ));
#1201 = LINE('',#1202,#1203);
#1202 = CARTESIAN_POINT('',(0.840122581123,0.577784467512,0.699999999999
    ));
#1203 = VECTOR('',#1204,1.);
#1204 = DIRECTION('',(0.,1.,0.));
#1205 = ORIENTED_EDGE('',*,*,#1206,.F.);
#1206 = EDGE_CURVE('',#1207,#1199,#1209,.T.);
#1207 = VERTEX_POINT('',#1208);
#1208 = CARTESIAN_POINT('',(0.785431314725,0.566191166745,0.699999999999
    ));
#1209 = LINE('',#1210,#1211);
#1210 = CARTESIAN_POINT('',(0.840122581123,0.566191166745,0.699999999999
    ));
#1211 = VECTOR('',#1212,1.);
#1212 = DIRECTION('',(1.,0.,0.));
#1213 = ORIENTED_EDGE('',*,*,#1214,.F.);
#1214 = EDGE_CURVE('',#1215,#1207,#1217,.T.);
#1215 = VERTEX_POINT('',#1216);
#1216 = CARTESIAN_POINT('',(0.785431314725,0.667879490961,0.699999999999
    ));
#1217 = LINE('',#1218,#1219);
#1218 = CARTESIAN_POINT('',(0.785431314725,0.566191166745,0.699999999999
    ));
#1219 = VECTOR('',#1220,1.);
#1220 = DIRECTION('',(0.,-1.,0.));
#1221 = ORIENTED_EDGE('',*,*,#1222,.F.);
#1222 = EDGE_CURVE('',#1223,#1215,#1225,.T.);
#1223 = VERTEX_POINT('',#1224);
#1224 = CARTESIAN_POINT('',(0.837809119759,0.667879490961,0.699999999999
    ));
#1225 = LINE('',#1226,#1227);
#1226 = CARTESIAN_POINT('',(0.785431314725,0.667879490961,0.699999999999
    ));
#1227 = VECTOR('',#1228,1.);
#1228 = DIRECTION('',(-1.,0.,0.));
#1229 = ORIENTED_EDGE('',*,*,#1230,.F.);
#1230 = EDGE_CURVE('',#1231,#1223,#1233,.T.);
#1231 = VERTEX_POINT('',#1232);
#1232 = CARTESIAN_POINT('',(0.837809119759,0.656182214402,0.699999999999
    ));
#1233 = LINE('',#1234,#1235);
#1234 = CARTESIAN_POINT('',(0.837809119759,0.667879490961,0.699999999999
    ));
#1235 = VECTOR('',#1236,1.);
#1236 = DIRECTION('',(0.,1.,0.));
#1237 = ORIENTED_EDGE('',*,*,#1238,.F.);
#1238 = EDGE_CURVE('',#1239,#1231,#1241,.T.);
#1239 = VERTEX_POINT('',#1240);
#1240 = CARTESIAN_POINT('',(0.798558258418,0.656182214402,0.699999999999
    ));
#1241 = LINE('',#1242,#1243);
#1242 = CARTESIAN_POINT('',(0.837809119759,0.656182214402,0.699999999999
    ));
#1243 = VECTOR('',#1244,1.);
#1244 = DIRECTION('',(1.,0.,0.));
#1245 = ORIENTED_EDGE('',*,*,#1246,.F.);
#1246 = EDGE_CURVE('',#1247,#1239,#1249,.T.);
#1247 = VERTEX_POINT('',#1248);
#1248 = CARTESIAN_POINT('',(0.798558258418,0.623637791621,0.699999999999
    ));
#1249 = LINE('',#1250,#1251);
#1250 = CARTESIAN_POINT('',(0.798558258418,0.656182214402,0.699999999999
    ));
#1251 = VECTOR('',#1252,1.);
#1252 = DIRECTION('',(0.,1.,0.));
#1253 = ORIENTED_EDGE('',*,*,#1254,.F.);
#1254 = EDGE_CURVE('',#1255,#1247,#1257,.T.);
#1255 = VERTEX_POINT('',#1256);
#1256 = CARTESIAN_POINT('',(0.834923791541,0.623637791621,0.699999999999
    ));
#1257 = LINE('',#1258,#1259);
#1258 = CARTESIAN_POINT('',(0.798558258418,0.623637791621,0.699999999999
    ));
#1259 = VECTOR('',#1260,1.);
#1260 = DIRECTION('',(-1.,0.,0.));
#1261 = ORIENTED_EDGE('',*,*,#1262,.F.);
#1262 = EDGE_CURVE('',#1263,#1255,#1265,.T.);
#1263 = VERTEX_POINT('',#1264);
#1264 = CARTESIAN_POINT('',(0.834923791541,0.611992502959,0.699999999999
    ));
#1265 = LINE('',#1266,#1267);
#1266 = CARTESIAN_POINT('',(0.834923791541,0.623637791621,0.699999999999
    ));
#1267 = VECTOR('',#1268,1.);
#1268 = DIRECTION('',(0.,1.,0.));
#1269 = ORIENTED_EDGE('',*,*,#1270,.F.);
#1270 = EDGE_CURVE('',#1271,#1263,#1273,.T.);
#1271 = VERTEX_POINT('',#1272);
#1272 = CARTESIAN_POINT('',(0.798558258418,0.611992502959,0.699999999999
    ));
#1273 = LINE('',#1274,#1275);
#1274 = CARTESIAN_POINT('',(0.834923791541,0.611992502959,0.699999999999
    ));
#1275 = VECTOR('',#1276,1.);
#1276 = DIRECTION('',(1.,0.,0.));
#1277 = ORIENTED_EDGE('',*,*,#1278,.F.);
#1278 = EDGE_CURVE('',#1191,#1271,#1279,.T.);
#1279 = LINE('',#1280,#1281);
#1280 = CARTESIAN_POINT('',(0.798558258418,0.611992502959,0.699999999999
    ));
#1281 = VECTOR('',#1282,1.);
#1282 = DIRECTION('',(0.,1.,0.));
#1283 = FACE_BOUND('',#1284,.T.);
#1284 = EDGE_LOOP('',(#1285,#1296,#1304,#1312,#1320,#1329,#1338));
#1285 = ORIENTED_EDGE('',*,*,#1286,.F.);
#1286 = EDGE_CURVE('',#1287,#1289,#1291,.T.);
#1287 = VERTEX_POINT('',#1288);
#1288 = CARTESIAN_POINT('',(1.168920028211,0.566191166745,0.699999999999
    ));
#1289 = VERTEX_POINT('',#1290);
#1290 = CARTESIAN_POINT('',(1.208404835082,0.580435850198,0.699999999999
    ));
#1291 = B_SPLINE_CURVE_WITH_KNOTS('',3,(#1292,#1293,#1294,#1295),
  .UNSPECIFIED.,.F.,.F.,(4,4),(5.,6.),.PIECEWISE_BEZIER_KNOTS.);
#1292 = CARTESIAN_POINT('',(1.168920028211,0.566191166745,0.699999999999
    ));
#1293 = CARTESIAN_POINT('',(1.185010281966,0.566191166745,0.699999999999
    ));
#1294 = CARTESIAN_POINT('',(1.198189213555,0.570922065264,0.699999999999
    ));
#1295 = CARTESIAN_POINT('',(1.208404835082,0.580435850198,0.699999999999
    ));
#1296 = ORIENTED_EDGE('',*,*,#1297,.F.);
#1297 = EDGE_CURVE('',#1298,#1287,#1300,.T.);
#1298 = VERTEX_POINT('',#1299);
#1299 = CARTESIAN_POINT('',(1.140950540262,0.566191166745,0.699999999999
    ));
#1300 = LINE('',#1301,#1302);
#1301 = CARTESIAN_POINT('',(1.168920028211,0.566191166745,0.699999999999
    ));
#1302 = VECTOR('',#1303,1.);
#1303 = DIRECTION('',(1.,0.,0.));
#1304 = ORIENTED_EDGE('',*,*,#1305,.F.);
#1305 = EDGE_CURVE('',#1306,#1298,#1308,.T.);
#1306 = VERTEX_POINT('',#1307);
#1307 = CARTESIAN_POINT('',(1.140950540262,0.667879490961,0.699999999999
    ));
#1308 = LINE('',#1309,#1310);
#1309 = CARTESIAN_POINT('',(1.140950540262,0.566191166745,0.699999999999
    ));
#1310 = VECTOR('',#1311,1.);
#1311 = DIRECTION('',(0.,-1.,0.));
#1312 = ORIENTED_EDGE('',*,*,#1313,.F.);
#1313 = EDGE_CURVE('',#1314,#1306,#1316,.T.);
#1314 = VERTEX_POINT('',#1315);
#1315 = CARTESIAN_POINT('',(1.169959786127,0.667879490961,0.699999999999
    ));
#1316 = LINE('',#1317,#1318);
#1317 = CARTESIAN_POINT('',(1.140950540262,0.667879490961,0.699999999999
    ));
#1318 = VECTOR('',#1319,1.);
#1319 = DIRECTION('',(-1.,0.,0.));
#1320 = ORIENTED_EDGE('',*,*,#1321,.F.);
#1321 = EDGE_CURVE('',#1322,#1314,#1324,.T.);
#1322 = VERTEX_POINT('',#1323);
#1323 = CARTESIAN_POINT('',(1.208404835082,0.654414625945,0.699999999999
    ));
#1324 = B_SPLINE_CURVE_WITH_KNOTS('',3,(#1325,#1326,#1327,#1328),
  .UNSPECIFIED.,.F.,.F.,(4,4),(2.,3.),.PIECEWISE_BEZIER_KNOTS.);
#1325 = CARTESIAN_POINT('',(1.208404835082,0.654414625945,0.699999999999
    ));
#1326 = CARTESIAN_POINT('',(1.198189213555,0.66340853192,0.699999999999)
  );
#1327 = CARTESIAN_POINT('',(1.185374197236,0.667879490961,0.699999999999
    ));
#1328 = CARTESIAN_POINT('',(1.169959786127,0.667879490961,0.699999999999
    ));
#1329 = ORIENTED_EDGE('',*,*,#1330,.F.);
#1330 = EDGE_CURVE('',#1331,#1322,#1333,.T.);
#1331 = VERTEX_POINT('',#1332);
#1332 = CARTESIAN_POINT('',(1.223741264349,0.618335026248,0.699999999999
    ));
#1333 = B_SPLINE_CURVE_WITH_KNOTS('',3,(#1334,#1335,#1336,#1337),
  .UNSPECIFIED.,.F.,.F.,(4,4),(3.,4.),.PIECEWISE_BEZIER_KNOTS.);
#1334 = CARTESIAN_POINT('',(1.223741264349,0.618335026248,0.699999999999
    ));
#1335 = CARTESIAN_POINT('',(1.223741264349,0.633411516035,0.699999999999
    ));
#1336 = CARTESIAN_POINT('',(1.21862045661,0.645420719968,0.699999999999)
  );
#1337 = CARTESIAN_POINT('',(1.208404835082,0.654414625945,0.699999999999
    ));
#1338 = ORIENTED_EDGE('',*,*,#1339,.F.);
#1339 = EDGE_CURVE('',#1289,#1331,#1340,.T.);
#1340 = B_SPLINE_CURVE_WITH_KNOTS('',3,(#1341,#1342,#1343,#1344),
  .UNSPECIFIED.,.F.,.F.,(4,4),(4.,5.),.PIECEWISE_BEZIER_KNOTS.);
#1341 = CARTESIAN_POINT('',(1.208404835082,0.580435850198,0.699999999999
    ));
#1342 = CARTESIAN_POINT('',(1.21862045661,0.589949635133,0.699999999999)
  );
#1343 = CARTESIAN_POINT('',(1.223741264349,0.602582693816,0.699999999999
    ));
#1344 = CARTESIAN_POINT('',(1.223741264349,0.618335026248,0.699999999999
    ));
#1345 = FACE_BOUND('',#1346,.T.);
#1346 = EDGE_LOOP('',(#1347,#1358,#1367,#1376,#1385,#1393,#1402,#1411,
    #1420,#1428,#1437,#1446,#1455,#1464,#1473,#1482,#1491,#1500,#1509,
    #1518,#1526,#1534,#1542,#1551,#1560,#1569,#1578,#1587,#1596,#1605,
    #1614,#1623,#1632));
#1347 = ORIENTED_EDGE('',*,*,#1348,.F.);
#1348 = EDGE_CURVE('',#1349,#1351,#1353,.T.);
#1349 = VERTEX_POINT('',#1350);
#1350 = CARTESIAN_POINT('',(0.630574201182,0.761769731815,0.699999999999
    ));
#1351 = VERTEX_POINT('',#1352);
#1352 = CARTESIAN_POINT('',(0.591532536544,0.818886225742,0.699999999999
    ));
#1353 = B_SPLINE_CURVE_WITH_KNOTS('',3,(#1354,#1355,#1356,#1357),
  .UNSPECIFIED.,.F.,.F.,(4,4),(0.,1.),.PIECEWISE_BEZIER_KNOTS.);
#1354 = CARTESIAN_POINT('',(0.630574201182,0.761769731815,0.699999999999
    ));
#1355 = CARTESIAN_POINT('',(0.622621282776,0.783459539373,0.699999999999
    ));
#1356 = CARTESIAN_POINT('',(0.608884393623,0.802980364797,0.699999999999
    ));
#1357 = CARTESIAN_POINT('',(0.591532536544,0.818886225742,0.699999999999
    ));
#1358 = ORIENTED_EDGE('',*,*,#1359,.F.);
#1359 = EDGE_CURVE('',#1360,#1349,#1362,.T.);
#1360 = VERTEX_POINT('',#1361);
#1361 = CARTESIAN_POINT('',(0.702150549577,0.667057596964,0.699999999999
    ));
#1362 = B_SPLINE_CURVE_WITH_KNOTS('',3,(#1363,#1364,#1365,#1366),
  .UNSPECIFIED.,.F.,.F.,(4,4),(35.,36.),.PIECEWISE_BEZIER_KNOTS.);
#1363 = CARTESIAN_POINT('',(0.702150549577,0.667057596964,0.699999999999
    ));
#1364 = CARTESIAN_POINT('',(0.701427567024,0.710437184502,0.699999999999
    ));
#1365 = CARTESIAN_POINT('',(0.671784813479,0.748755852796,0.699999999999
    ));
#1366 = CARTESIAN_POINT('',(0.630574201182,0.761769731815,0.699999999999
    ));
#1367 = ORIENTED_EDGE('',*,*,#1368,.F.);
#1368 = EDGE_CURVE('',#1369,#1360,#1371,.T.);
#1369 = VERTEX_POINT('',#1370);
#1370 = CARTESIAN_POINT('',(0.675399781405,0.598373206362,0.699999999999
    ));
#1371 = B_SPLINE_CURVE_WITH_KNOTS('',3,(#1372,#1373,#1374,#1375),
  .UNSPECIFIED.,.F.,.F.,(4,4),(34.,35.),.PIECEWISE_BEZIER_KNOTS.);
#1372 = CARTESIAN_POINT('',(0.675399781405,0.598373206362,0.699999999999
    ));
#1373 = CARTESIAN_POINT('',(0.692751638484,0.617171028548,0.699999999999
    ));
#1374 = CARTESIAN_POINT('',(0.702150549577,0.641752821479,0.699999999999
    ));
#1375 = CARTESIAN_POINT('',(0.702150549577,0.667057596964,0.699999999999
    ));
#1376 = ORIENTED_EDGE('',*,*,#1377,.F.);
#1377 = EDGE_CURVE('',#1378,#1369,#1380,.T.);
#1378 = VERTEX_POINT('',#1379);
#1379 = CARTESIAN_POINT('',(0.609607376177,0.565838495024,0.699999999999
    ));
#1380 = B_SPLINE_CURVE_WITH_KNOTS('',3,(#1381,#1382,#1383,#1384),
  .UNSPECIFIED.,.F.,.F.,(4,4),(33.,34.),.PIECEWISE_BEZIER_KNOTS.);
#1381 = CARTESIAN_POINT('',(0.609607376177,0.565838495024,0.699999999999
    ));
#1382 = CARTESIAN_POINT('',(0.634912151661,0.568007470264,0.699999999999
    ));
#1383 = CARTESIAN_POINT('',(0.658047951907,0.579575384177,0.699999999999
    ));
#1384 = CARTESIAN_POINT('',(0.675399781405,0.598373206362,0.699999999999
    ));
#1385 = ORIENTED_EDGE('',*,*,#1386,.F.);
#1386 = EDGE_CURVE('',#1387,#1378,#1389,.T.);
#1387 = VERTEX_POINT('',#1388);
#1388 = CARTESIAN_POINT('',(0.566950771193,0.565838495024,0.699999999999
    ));
#1389 = LINE('',#1390,#1391);
#1390 = CARTESIAN_POINT('',(0.607438400937,0.565838495024,0.699999999999
    ));
#1391 = VECTOR('',#1392,1.);
#1392 = DIRECTION('',(1.,0.,0.));
#1393 = ORIENTED_EDGE('',*,*,#1394,.F.);
#1394 = EDGE_CURVE('',#1395,#1387,#1397,.T.);
#1395 = VERTEX_POINT('',#1396);
#1396 = CARTESIAN_POINT('',(0.545983946187,0.588251285136,0.699999999999
    ));
#1397 = B_SPLINE_CURVE_WITH_KNOTS('',3,(#1398,#1399,#1400,#1401),
  .UNSPECIFIED.,.F.,.F.,(4,4),(28.,29.),.PIECEWISE_BEZIER_KNOTS.);
#1398 = CARTESIAN_POINT('',(0.545983946187,0.588251285136,0.699999999999
    ));
#1399 = CARTESIAN_POINT('',(0.545983946187,0.576683398804,0.699999999999
    ));
#1400 = CARTESIAN_POINT('',(0.55538285728,0.566561477577,0.699999999999)
  );
#1401 = CARTESIAN_POINT('',(0.566950771193,0.565838495024,0.699999999999
    ));
#1402 = ORIENTED_EDGE('',*,*,#1403,.F.);
#1403 = EDGE_CURVE('',#1404,#1395,#1406,.T.);
#1404 = VERTEX_POINT('',#1405);
#1405 = CARTESIAN_POINT('',(0.568396736299,0.610664075248,0.699999999999
    ));
#1406 = B_SPLINE_CURVE_WITH_KNOTS('',3,(#1407,#1408,#1409,#1410),
  .UNSPECIFIED.,.F.,.F.,(4,4),(27.,28.),.PIECEWISE_BEZIER_KNOTS.);
#1407 = CARTESIAN_POINT('',(0.568396736299,0.610664075248,0.699999999999
    ));
#1408 = CARTESIAN_POINT('',(0.556105839833,0.610664075248,0.699999999999
    ));
#1409 = CARTESIAN_POINT('',(0.545983946187,0.600542154022,0.699999999999
    ));
#1410 = CARTESIAN_POINT('',(0.545983946187,0.588251285136,0.699999999999
    ));
#1411 = ORIENTED_EDGE('',*,*,#1412,.F.);
#1412 = EDGE_CURVE('',#1413,#1404,#1415,.T.);
#1413 = VERTEX_POINT('',#1414);
#1414 = CARTESIAN_POINT('',(0.572734686779,0.609941092695,0.699999999999
    ));
#1415 = B_SPLINE_CURVE_WITH_KNOTS('',3,(#1416,#1417,#1418,#1419),
  .UNSPECIFIED.,.F.,.F.,(4,4),(26.,27.),.PIECEWISE_BEZIER_KNOTS.);
#1416 = CARTESIAN_POINT('',(0.572734686779,0.609941092695,0.699999999999
    ));
#1417 = CARTESIAN_POINT('',(0.571288694092,0.609941092695,0.699999999999
    ));
#1418 = CARTESIAN_POINT('',(0.569842701406,0.610664075248,0.699999999999
    ));
#1419 = CARTESIAN_POINT('',(0.568396736299,0.610664075248,0.699999999999
    ));
#1420 = ORIENTED_EDGE('',*,*,#1421,.F.);
#1421 = EDGE_CURVE('',#1422,#1413,#1424,.T.);
#1422 = VERTEX_POINT('',#1423);
#1423 = CARTESIAN_POINT('',(0.605269398117,0.609941092695,0.699999999999
    ));
#1424 = LINE('',#1425,#1426);
#1425 = CARTESIAN_POINT('',(0.605269398117,0.609941092695,0.699999999999
    ));
#1426 = VECTOR('',#1427,1.);
#1427 = DIRECTION('',(-1.,0.,0.));
#1428 = ORIENTED_EDGE('',*,*,#1429,.F.);
#1429 = EDGE_CURVE('',#1430,#1422,#1432,.T.);
#1430 = VERTEX_POINT('',#1431);
#1431 = CARTESIAN_POINT('',(0.657324941773,0.666334586831,0.699999999999
    ));
#1432 = B_SPLINE_CURVE_WITH_KNOTS('',3,(#1433,#1434,#1435,#1436),
  .UNSPECIFIED.,.F.,.F.,(4,4),(24.,25.),.PIECEWISE_BEZIER_KNOTS.);
#1433 = CARTESIAN_POINT('',(0.657324941773,0.666334586831,0.699999999999
    ));
#1434 = CARTESIAN_POINT('',(0.657324941773,0.636691847076,0.699999999999
    ));
#1435 = CARTESIAN_POINT('',(0.634912151661,0.612110067935,0.699999999999
    ));
#1436 = CARTESIAN_POINT('',(0.605269398117,0.609941092695,0.699999999999
    ));
#1437 = ORIENTED_EDGE('',*,*,#1438,.F.);
#1438 = EDGE_CURVE('',#1439,#1430,#1441,.T.);
#1439 = VERTEX_POINT('',#1440);
#1440 = CARTESIAN_POINT('',(0.600931447637,0.722728080968,0.699999999999
    ));
#1441 = B_SPLINE_CURVE_WITH_KNOTS('',3,(#1442,#1443,#1444,#1445),
  .UNSPECIFIED.,.F.,.F.,(4,4),(23.,24.),.PIECEWISE_BEZIER_KNOTS.);
#1442 = CARTESIAN_POINT('',(0.600931447637,0.722728080968,0.699999999999
    ));
#1443 = CARTESIAN_POINT('',(0.632020166288,0.722728080968,0.699999999999
    ));
#1444 = CARTESIAN_POINT('',(0.657324941773,0.697423305483,0.699999999999
    ));
#1445 = CARTESIAN_POINT('',(0.657324941773,0.666334586831,0.699999999999
    ));
#1446 = ORIENTED_EDGE('',*,*,#1447,.F.);
#1447 = EDGE_CURVE('',#1448,#1439,#1450,.T.);
#1448 = VERTEX_POINT('',#1449);
#1449 = CARTESIAN_POINT('',(0.595147504471,0.722728080968,0.699999999999
    ));
#1450 = B_SPLINE_CURVE_WITH_KNOTS('',3,(#1451,#1452,#1453,#1454),
  .UNSPECIFIED.,.F.,.F.,(4,4),(22.,23.),.PIECEWISE_BEZIER_KNOTS.);
#1451 = CARTESIAN_POINT('',(0.595147504471,0.722728080968,0.699999999999
    ));
#1452 = CARTESIAN_POINT('',(0.59731647971,0.722728080968,0.699999999999)
  );
#1453 = CARTESIAN_POINT('',(0.598762472397,0.722728080968,0.699999999999
    ));
#1454 = CARTESIAN_POINT('',(0.600931447637,0.722728080968,0.699999999999
    ));
#1455 = ORIENTED_EDGE('',*,*,#1456,.F.);
#1456 = EDGE_CURVE('',#1457,#1448,#1459,.T.);
#1457 = VERTEX_POINT('',#1458);
#1458 = CARTESIAN_POINT('',(0.493928402531,0.813102279128,0.699999999999
    ));
#1459 = B_SPLINE_CURVE_WITH_KNOTS('',3,(#1460,#1461,#1462,#1463),
  .UNSPECIFIED.,.F.,.F.,(4,4),(21.,22.),.PIECEWISE_BEZIER_KNOTS.);
#1460 = CARTESIAN_POINT('',(0.493928402531,0.813102279128,0.699999999999
    ));
#1461 = CARTESIAN_POINT('',(0.545983946187,0.813102279128,0.699999999999
    ));
#1462 = CARTESIAN_POINT('',(0.589363561304,0.773337631937,0.699999999999
    ));
#1463 = CARTESIAN_POINT('',(0.595147504471,0.722728080968,0.699999999999
    ));
#1464 = ORIENTED_EDGE('',*,*,#1465,.F.);
#1465 = EDGE_CURVE('',#1466,#1457,#1468,.T.);
#1466 = VERTEX_POINT('',#1467);
#1467 = CARTESIAN_POINT('',(0.39704727865,0.743694933552,0.699999999999)
  );
#1468 = B_SPLINE_CURVE_WITH_KNOTS('',3,(#1469,#1470,#1471,#1472),
  .UNSPECIFIED.,.F.,.F.,(4,4),(20.,21.),.PIECEWISE_BEZIER_KNOTS.);
#1469 = CARTESIAN_POINT('',(0.39704727865,0.743694933552,0.699999999999)
  );
#1470 = CARTESIAN_POINT('',(0.410784140223,0.784182535717,0.699999999999
    ));
#1471 = CARTESIAN_POINT('',(0.448379812173,0.813102279128,0.699999999999
    ));
#1472 = CARTESIAN_POINT('',(0.493928402531,0.813102279128,0.699999999999
    ));
#1473 = ORIENTED_EDGE('',*,*,#1474,.F.);
#1474 = EDGE_CURVE('',#1475,#1466,#1477,.T.);
#1475 = VERTEX_POINT('',#1476);
#1476 = CARTESIAN_POINT('',(0.358728624146,0.754539837332,0.699999999999
    ));
#1477 = B_SPLINE_CURVE_WITH_KNOTS('',3,(#1478,#1479,#1480,#1481),
  .UNSPECIFIED.,.F.,.F.,(4,4),(19.,20.),.PIECEWISE_BEZIER_KNOTS.);
#1478 = CARTESIAN_POINT('',(0.358728624146,0.754539837332,0.699999999999
    ));
#1479 = CARTESIAN_POINT('',(0.372465499509,0.754539837332,0.699999999999
    ));
#1480 = CARTESIAN_POINT('',(0.386202374871,0.750201873063,0.699999999999
    ));
#1481 = CARTESIAN_POINT('',(0.39704727865,0.743694933552,0.699999999999)
  );
#1482 = ORIENTED_EDGE('',*,*,#1483,.F.);
#1483 = EDGE_CURVE('',#1484,#1475,#1486,.T.);
#1484 = VERTEX_POINT('',#1485);
#1485 = CARTESIAN_POINT('',(0.286429265617,0.682240478804,0.699999999999
    ));
#1486 = B_SPLINE_CURVE_WITH_KNOTS('',3,(#1487,#1488,#1489,#1490),
  .UNSPECIFIED.,.F.,.F.,(4,4),(18.,19.),.PIECEWISE_BEZIER_KNOTS.);
#1487 = CARTESIAN_POINT('',(0.286429265617,0.682240478804,0.699999999999
    ));
#1488 = CARTESIAN_POINT('',(0.286429265617,0.722005125994,0.699999999999
    ));
#1489 = CARTESIAN_POINT('',(0.318963976955,0.754539837332,0.699999999999
    ));
#1490 = CARTESIAN_POINT('',(0.358728624146,0.754539837332,0.699999999999
    ));
#1491 = ORIENTED_EDGE('',*,*,#1492,.F.);
#1492 = EDGE_CURVE('',#1493,#1484,#1495,.T.);
#1493 = VERTEX_POINT('',#1494);
#1494 = CARTESIAN_POINT('',(0.329808880734,0.615725063441,0.699999999999
    ));
#1495 = B_SPLINE_CURVE_WITH_KNOTS('',3,(#1496,#1497,#1498,#1499),
  .UNSPECIFIED.,.F.,.F.,(4,4),(17.,18.),.PIECEWISE_BEZIER_KNOTS.);
#1496 = CARTESIAN_POINT('',(0.329808880734,0.615725063441,0.699999999999
    ));
#1497 = CARTESIAN_POINT('',(0.30450410525,0.627292963564,0.699999999999)
  );
#1498 = CARTESIAN_POINT('',(0.286429265617,0.652597739048,0.699999999999
    ));
#1499 = CARTESIAN_POINT('',(0.286429265617,0.682240478804,0.699999999999
    ));
#1500 = ORIENTED_EDGE('',*,*,#1501,.F.);
#1501 = EDGE_CURVE('',#1502,#1493,#1504,.T.);
#1502 = VERTEX_POINT('',#1503);
#1503 = CARTESIAN_POINT('',(0.397770274994,0.663442642828,0.699999999999
    ));
#1504 = B_SPLINE_CURVE_WITH_KNOTS('',3,(#1505,#1506,#1507,#1508),
  .UNSPECIFIED.,.F.,.F.,(4,4),(16.,17.),.PIECEWISE_BEZIER_KNOTS.);
#1505 = CARTESIAN_POINT('',(0.397770274994,0.663442642828,0.699999999999
    ));
#1506 = CARTESIAN_POINT('',(0.366681542552,0.663442642828,0.699999999999
    ));
#1507 = CARTESIAN_POINT('',(0.339930788171,0.643198827956,0.699999999999
    ));
#1508 = CARTESIAN_POINT('',(0.329808880734,0.615725063441,0.699999999999
    ));
#1509 = ORIENTED_EDGE('',*,*,#1510,.F.);
#1510 = EDGE_CURVE('',#1511,#1502,#1513,.T.);
#1511 = VERTEX_POINT('',#1512);
#1512 = CARTESIAN_POINT('',(0.45199479389,0.638860863686,0.699999999999)
  );
#1513 = B_SPLINE_CURVE_WITH_KNOTS('',3,(#1514,#1515,#1516,#1517),
  .UNSPECIFIED.,.F.,.F.,(4,4),(15.,16.),.PIECEWISE_BEZIER_KNOTS.);
#1514 = CARTESIAN_POINT('',(0.45199479389,0.638860863686,0.699999999999)
  );
#1515 = CARTESIAN_POINT('',(0.438980914871,0.654043731735,0.699999999999
    ));
#1516 = CARTESIAN_POINT('',(0.419460082552,0.663442642828,0.699999999999
    ));
#1517 = CARTESIAN_POINT('',(0.397770274994,0.663442642828,0.699999999999
    ));
#1518 = ORIENTED_EDGE('',*,*,#1519,.F.);
#1519 = EDGE_CURVE('',#1520,#1511,#1522,.T.);
#1520 = VERTEX_POINT('',#1521);
#1521 = CARTESIAN_POINT('',(0.54887593156,0.689470414656,0.699999999999)
  );
#1522 = LINE('',#1523,#1524);
#1523 = CARTESIAN_POINT('',(0.54887593156,0.689470414656,0.699999999999)
  );
#1524 = VECTOR('',#1525,1.);
#1525 = DIRECTION('',(-0.886348842796,-0.463018065387,0.));
#1526 = ORIENTED_EDGE('',*,*,#1527,.F.);
#1527 = EDGE_CURVE('',#1528,#1520,#1530,.T.);
#1528 = VERTEX_POINT('',#1529);
#1529 = CARTESIAN_POINT('',(0.571288721672,0.651151746362,0.699999999999
    ));
#1530 = LINE('',#1531,#1532);
#1531 = CARTESIAN_POINT('',(0.571288721672,0.651151746362,0.699999999999
    ));
#1532 = VECTOR('',#1533,1.);
#1533 = DIRECTION('',(-0.504883048649,0.863187758942,0.));
#1534 = ORIENTED_EDGE('',*,*,#1535,.F.);
#1535 = EDGE_CURVE('',#1536,#1528,#1538,.T.);
#1536 = VERTEX_POINT('',#1537);
#1537 = CARTESIAN_POINT('',(0.470069619732,0.597650223809,0.699999999999
    ));
#1538 = LINE('',#1539,#1540);
#1539 = CARTESIAN_POINT('',(0.470069619732,0.597650223809,0.699999999999
    ));
#1540 = VECTOR('',#1541,1.);
#1541 = DIRECTION('',(0.884094950248,0.467307306754,0.));
#1542 = ORIENTED_EDGE('',*,*,#1543,.F.);
#1543 = EDGE_CURVE('',#1544,#1536,#1546,.T.);
#1544 = VERTEX_POINT('',#1545);
#1545 = CARTESIAN_POINT('',(0.470069619732,0.590420287956,0.699999999999
    ));
#1546 = B_SPLINE_CURVE_WITH_KNOTS('',3,(#1547,#1548,#1549,#1550),
  .UNSPECIFIED.,.F.,.F.,(4,4),(11.,12.),.PIECEWISE_BEZIER_KNOTS.);
#1547 = CARTESIAN_POINT('',(0.470069619732,0.590420287956,0.699999999999
    ));
#1548 = CARTESIAN_POINT('',(0.470069619732,0.592589263196,0.699999999999
    ));
#1549 = CARTESIAN_POINT('',(0.470069619732,0.594758238436,0.699999999999
    ));
#1550 = CARTESIAN_POINT('',(0.470069619732,0.597650223809,0.699999999999
    ));
#1551 = ORIENTED_EDGE('',*,*,#1552,.F.);
#1552 = EDGE_CURVE('',#1553,#1544,#1555,.T.);
#1553 = VERTEX_POINT('',#1554);
#1554 = CARTESIAN_POINT('',(0.397770261204,0.518120929427,0.699999999999
    ));
#1555 = B_SPLINE_CURVE_WITH_KNOTS('',3,(#1556,#1557,#1558,#1559),
  .UNSPECIFIED.,.F.,.F.,(4,4),(10.,11.),.PIECEWISE_BEZIER_KNOTS.);
#1556 = CARTESIAN_POINT('',(0.397770261204,0.518120929427,0.699999999999
    ));
#1557 = CARTESIAN_POINT('',(0.437534908394,0.518120929427,0.699999999999
    ));
#1558 = CARTESIAN_POINT('',(0.470069619732,0.550655640765,0.699999999999
    ));
#1559 = CARTESIAN_POINT('',(0.470069619732,0.590420287956,0.699999999999
    ));
#1560 = ORIENTED_EDGE('',*,*,#1561,.F.);
#1561 = EDGE_CURVE('',#1562,#1553,#1564,.T.);
#1562 = VERTEX_POINT('',#1563);
#1563 = CARTESIAN_POINT('',(0.329085863706,0.567284487711,0.699999999999
    ));
#1564 = B_SPLINE_CURVE_WITH_KNOTS('',3,(#1565,#1566,#1567,#1568),
  .UNSPECIFIED.,.F.,.F.,(4,4),(9.,10.),.PIECEWISE_BEZIER_KNOTS.);
#1565 = CARTESIAN_POINT('',(0.329085863706,0.567284487711,0.699999999999
    ));
#1566 = CARTESIAN_POINT('',(0.338484781694,0.538364744299,0.699999999999
    ));
#1567 = CARTESIAN_POINT('',(0.365958532419,0.518120929427,0.699999999999
    ));
#1568 = CARTESIAN_POINT('',(0.397770261204,0.518120929427,0.699999999999
    ));
#1569 = ORIENTED_EDGE('',*,*,#1570,.F.);
#1570 = EDGE_CURVE('',#1571,#1562,#1573,.T.);
#1571 = VERTEX_POINT('',#1572);
#1572 = CARTESIAN_POINT('',(0.271246376883,0.601988174289,0.699999999999
    ));
#1573 = B_SPLINE_CURVE_WITH_KNOTS('',3,(#1574,#1575,#1576,#1577),
  .UNSPECIFIED.,.F.,.F.,(4,4),(8.,9.),.PIECEWISE_BEZIER_KNOTS.);
#1574 = CARTESIAN_POINT('',(0.271246376883,0.601988174289,0.699999999999
    ));
#1575 = CARTESIAN_POINT('',(0.28715223438,0.584636317209,0.699999999999)
  );
#1576 = CARTESIAN_POINT('',(0.306673066699,0.573068430877,0.699999999999
    ));
#1577 = CARTESIAN_POINT('',(0.329085863706,0.567284487711,0.699999999999
    ));
#1578 = ORIENTED_EDGE('',*,*,#1579,.F.);
#1579 = EDGE_CURVE('',#1580,#1571,#1582,.T.);
#1580 = VERTEX_POINT('',#1581);
#1581 = CARTESIAN_POINT('',(0.24088064768,0.680794458537,0.699999999999)
  );
#1582 = B_SPLINE_CURVE_WITH_KNOTS('',3,(#1583,#1584,#1585,#1586),
  .UNSPECIFIED.,.F.,.F.,(4,4),(7.,8.),.PIECEWISE_BEZIER_KNOTS.);
#1583 = CARTESIAN_POINT('',(0.24088064768,0.680794458537,0.699999999999)
  );
#1584 = CARTESIAN_POINT('',(0.24088064768,0.651874715125,0.699999999999)
  );
#1585 = CARTESIAN_POINT('',(0.251725551459,0.623677954267,0.699999999999
    ));
#1586 = CARTESIAN_POINT('',(0.271246376883,0.601988174289,0.699999999999
    ));
#1587 = ORIENTED_EDGE('',*,*,#1588,.F.);
#1588 = EDGE_CURVE('',#1589,#1580,#1591,.T.);
#1589 = VERTEX_POINT('',#1590);
#1590 = CARTESIAN_POINT('',(0.274861365495,0.763215717607,0.699999999999
    ));
#1591 = B_SPLINE_CURVE_WITH_KNOTS('',3,(#1592,#1593,#1594,#1595),
  .UNSPECIFIED.,.F.,.F.,(4,4),(6.,7.),.PIECEWISE_BEZIER_KNOTS.);
#1592 = CARTESIAN_POINT('',(0.274861365495,0.763215717607,0.699999999999
    ));
#1593 = CARTESIAN_POINT('',(0.253171538975,0.741525916943,0.699999999999
    ));
#1594 = CARTESIAN_POINT('',(0.24088064768,0.711883177188,0.699999999999)
  );
#1595 = CARTESIAN_POINT('',(0.24088064768,0.680794458537,0.699999999999)
  );
#1596 = ORIENTED_EDGE('',*,*,#1597,.F.);
#1597 = EDGE_CURVE('',#1598,#1589,#1600,.T.);
#1598 = VERTEX_POINT('',#1599);
#1599 = CARTESIAN_POINT('',(0.358005627803,0.797919411079,0.699999999999
    ));
#1600 = B_SPLINE_CURVE_WITH_KNOTS('',3,(#1601,#1602,#1603,#1604),
  .UNSPECIFIED.,.F.,.F.,(4,4),(5.,6.),.PIECEWISE_BEZIER_KNOTS.);
#1601 = CARTESIAN_POINT('',(0.358005627803,0.797919411079,0.699999999999
    ));
#1602 = CARTESIAN_POINT('',(0.326916902256,0.797919411079,0.699999999999
    ));
#1603 = CARTESIAN_POINT('',(0.297274169397,0.785628521509,0.699999999999
    ));
#1604 = CARTESIAN_POINT('',(0.274861365495,0.763215717607,0.699999999999
    ));
#1605 = ORIENTED_EDGE('',*,*,#1606,.F.);
#1606 = EDGE_CURVE('',#1607,#1598,#1609,.T.);
#1607 = VERTEX_POINT('',#1608);
#1608 = CARTESIAN_POINT('',(0.374634474748,0.796473425288,0.699999999999
    ));
#1609 = B_SPLINE_CURVE_WITH_KNOTS('',3,(#1610,#1611,#1612,#1613),
  .UNSPECIFIED.,.F.,.F.,(4,4),(4.,5.),.PIECEWISE_BEZIER_KNOTS.);
#1610 = CARTESIAN_POINT('',(0.374634474748,0.796473425288,0.699999999999
    ));
#1611 = CARTESIAN_POINT('',(0.368850531582,0.797196421631,0.699999999999
    ));
#1612 = CARTESIAN_POINT('',(0.363789570969,0.797919411079,0.699999999999
    ));
#1613 = CARTESIAN_POINT('',(0.358005627803,0.797919411079,0.699999999999
    ));
#1614 = ORIENTED_EDGE('',*,*,#1615,.F.);
#1615 = EDGE_CURVE('',#1616,#1607,#1618,.T.);
#1616 = VERTEX_POINT('',#1617);
#1617 = CARTESIAN_POINT('',(0.406446189743,0.82828514373,0.699999999999)
  );
#1618 = B_SPLINE_CURVE_WITH_KNOTS('',3,(#1619,#1620,#1621,#1622),
  .UNSPECIFIED.,.F.,.F.,(4,4),(3.,4.),.PIECEWISE_BEZIER_KNOTS.);
#1619 = CARTESIAN_POINT('',(0.406446189743,0.82828514373,0.699999999999)
  );
#1620 = CARTESIAN_POINT('',(0.394155293277,0.819609218638,0.699999999999
    ));
#1621 = CARTESIAN_POINT('',(0.384033385841,0.808764314859,0.699999999999
    ));
#1622 = CARTESIAN_POINT('',(0.374634474748,0.796473425288,0.699999999999
    ));
#1623 = ORIENTED_EDGE('',*,*,#1624,.F.);
#1624 = EDGE_CURVE('',#1625,#1616,#1627,.T.);
#1625 = VERTEX_POINT('',#1626);
#1626 = CARTESIAN_POINT('',(0.493205419977,0.856481894246,0.699999999999
    ));
#1627 = B_SPLINE_CURVE_WITH_KNOTS('',3,(#1628,#1629,#1630,#1631),
  .UNSPECIFIED.,.F.,.F.,(4,4),(2.,3.),.PIECEWISE_BEZIER_KNOTS.);
#1628 = CARTESIAN_POINT('',(0.493205419977,0.856481894246,0.699999999999
    ));
#1629 = CARTESIAN_POINT('',(0.461393704983,0.856481894246,0.699999999999
    ));
#1630 = CARTESIAN_POINT('',(0.431750965228,0.846359984224,0.699999999999
    ));
#1631 = CARTESIAN_POINT('',(0.406446189743,0.82828514373,0.699999999999)
  );
#1632 = ORIENTED_EDGE('',*,*,#1633,.F.);
#1633 = EDGE_CURVE('',#1351,#1625,#1634,.T.);
#1634 = B_SPLINE_CURVE_WITH_KNOTS('',3,(#1635,#1636,#1637,#1638),
  .UNSPECIFIED.,.F.,.F.,(4,4),(1.,2.),.PIECEWISE_BEZIER_KNOTS.);
#1635 = CARTESIAN_POINT('',(0.591532536544,0.818886225742,0.699999999999
    ));
#1636 = CARTESIAN_POINT('',(0.564058785819,0.842745016298,0.699999999999
    ));
#1637 = CARTESIAN_POINT('',(0.529355099241,0.856481894246,0.699999999999
    ));
#1638 = CARTESIAN_POINT('',(0.493205419977,0.856481894246,0.699999999999
    ));
#1639 = PLANE('',#1640);
#1640 = AXIS2_PLACEMENT_3D('',#1641,#1642,#1643);
#1641 = CARTESIAN_POINT('',(0.,0.,0.699999999999));
#1642 = DIRECTION('',(0.,0.,1.));
#1643 = DIRECTION('',(1.,0.,-0.));
#1644 = ADVANCED_FACE('',(#1645,#1823,#1897,#2211,#2277,#2375),#2425,.F.
  );
#1645 = FACE_BOUND('',#1646,.T.);
#1646 = EDGE_LOOP('',(#1647,#1657,#1673,#1697,#1721,#1737,#1745,#1761,
    #1785,#1809));
#1647 = ORIENTED_EDGE('',*,*,#1648,.T.);
#1648 = EDGE_CURVE('',#1649,#1651,#1653,.T.);
#1649 = VERTEX_POINT('',#1650);
#1650 = CARTESIAN_POINT('',(2.5241381258E-02,-3.7755798757E-02,0.));
#1651 = VERTEX_POINT('',#1652);
#1652 = CARTESIAN_POINT('',(2.5241381258E-02,-4.8731408513E-02,0.));
#1653 = LINE('',#1654,#1655);
#1654 = CARTESIAN_POINT('',(2.5241381258E-02,-3.7755798757E-02,0.));
#1655 = VECTOR('',#1656,1.);
#1656 = DIRECTION('',(0.,-1.,0.));
#1657 = ORIENTED_EDGE('',*,*,#1658,.T.);
#1658 = EDGE_CURVE('',#1651,#1659,#1661,.T.);
#1659 = VERTEX_POINT('',#1660);
#1660 = CARTESIAN_POINT('',(5.2756625161E-02,-5.5133847538E-02,0.));
#1661 = B_SPLINE_CURVE_WITH_KNOTS('',3,(#1662,#1663,#1664,#1665,#1666,
    #1667,#1668,#1669,#1670,#1671,#1672),.UNSPECIFIED.,.F.,.F.,(4,1,1,1,
    1,1,1,1,4),(0.,0.112448389908,0.226527675212,0.344401949326,
    0.465864972487,0.591659449352,0.722168487024,0.858606387554,1.),
  .UNSPECIFIED.);
#1662 = CARTESIAN_POINT('',(2.5241381258E-02,-4.8731408513E-02,0.));
#1663 = CARTESIAN_POINT('',(2.6179720336E-02,-4.924933348E-02,0.));
#1664 = CARTESIAN_POINT('',(2.8070007693E-02,-5.029269514E-02,0.));
#1665 = CARTESIAN_POINT('',(3.1092974142E-02,-5.1580104151E-02,0.));
#1666 = CARTESIAN_POINT('',(3.4273867434E-02,-5.2690555012E-02,0.));
#1667 = CARTESIAN_POINT('',(3.7640528682E-02,-5.3576039968E-02,0.));
#1668 = CARTESIAN_POINT('',(4.1170577313E-02,-5.4287681543E-02,0.));
#1669 = CARTESIAN_POINT('',(4.4882718237E-02,-5.4769701882E-02,0.));
#1670 = CARTESIAN_POINT('',(4.876224513E-02,-5.5087000183E-02,0.));
#1671 = CARTESIAN_POINT('',(5.1409425797E-02,-5.5118047157E-02,0.));
#1672 = CARTESIAN_POINT('',(5.2756625161E-02,-5.5133847538E-02,0.));
#1673 = ORIENTED_EDGE('',*,*,#1674,.T.);
#1674 = EDGE_CURVE('',#1659,#1675,#1677,.T.);
#1675 = VERTEX_POINT('',#1676);
#1676 = CARTESIAN_POINT('',(9.9631625161E-02,-5.800768269E-03,0.));
#1677 = B_SPLINE_CURVE_WITH_KNOTS('',3,(#1678,#1679,#1680,#1681,#1682,
    #1683,#1684,#1685,#1686,#1687,#1688,#1689,#1690,#1691,#1692,#1693,
    #1694,#1695,#1696),.UNSPECIFIED.,.F.,.F.,(4,1,1,1,1,1,1,1,1,1,1,1,1,
    1,1,1,4),(0.,6.7833248455E-02,0.132655536507,0.19505088405,
    0.255582933068,0.314799834147,0.373600472826,0.432545595326,
    0.492430629283,0.552671255962,0.612513044188,0.672610250357,
    0.733838369313,0.796594238567,0.86144979929,0.92919894235,1.),
  .UNSPECIFIED.);
#1678 = CARTESIAN_POINT('',(5.2756625161E-02,-5.5133847538E-02,0.));
#1679 = CARTESIAN_POINT('',(5.4492531316E-02,-5.5095131829E-02,0.));
#1680 = CARTESIAN_POINT('',(5.7887290782E-02,-5.5019418913E-02,0.));
#1681 = CARTESIAN_POINT('',(6.2846536969E-02,-5.4382563687E-02,0.));
#1682 = CARTESIAN_POINT('',(6.7538164647E-02,-5.3319312197E-02,0.));
#1683 = CARTESIAN_POINT('',(7.1960544271E-02,-5.1825404766E-02,0.));
#1684 = CARTESIAN_POINT('',(7.6129147397E-02,-4.9937696996E-02,0.));
#1685 = CARTESIAN_POINT('',(8.0022380245E-02,-4.7604303956E-02,0.));
#1686 = CARTESIAN_POINT('',(8.3614479112E-02,-4.4806849418E-02,0.));
#1687 = CARTESIAN_POINT('',(8.6952976911E-02,-4.1658100315E-02,0.));
#1688 = CARTESIAN_POINT('',(8.9931812075E-02,-3.8135089609E-02,0.));
#1689 = CARTESIAN_POINT('',(9.2539220107E-02,-3.4324421127E-02,0.));
#1690 = CARTESIAN_POINT('',(9.4745074965E-02,-3.0237947365E-02,0.));
#1691 = CARTESIAN_POINT('',(9.6534977115E-02,-2.5873424896E-02,0.));
#1692 = CARTESIAN_POINT('',(9.7929840456E-02,-2.1239713337E-02,0.));
#1693 = CARTESIAN_POINT('',(9.8905294139E-02,-1.6332641693E-02,0.));
#1694 = CARTESIAN_POINT('',(9.9539207869E-02,-1.1159094505E-02,0.));
#1695 = CARTESIAN_POINT('',(9.9600370312E-02,-7.612914839E-03,0.));
#1696 = CARTESIAN_POINT('',(9.9631625161E-02,-5.800768269E-03,0.));
#1697 = ORIENTED_EDGE('',*,*,#1698,.T.);
#1698 = EDGE_CURVE('',#1675,#1699,#1701,.T.);
#1699 = VERTEX_POINT('',#1700);
#1700 = CARTESIAN_POINT('',(4.8774155649E-02,4.7305176852E-02,0.));
#1701 = B_SPLINE_CURVE_WITH_KNOTS('',3,(#1702,#1703,#1704,#1705,#1706,
    #1707,#1708,#1709,#1710,#1711,#1712,#1713,#1714,#1715,#1716,#1717,
    #1718,#1719,#1720),.UNSPECIFIED.,.F.,.F.,(4,1,1,1,1,1,1,1,1,1,1,1,1,
    1,1,1,4),(0.,7.0643718575E-02,0.138256715508,0.203364124217,
    0.266324093803,0.327904761542,0.388737715173,0.449423528109,
    0.510861011459,0.572079396047,0.631734428731,0.691117210578,
    0.75036002949,0.810032900531,0.871362450828,0.934427141231,1.),
  .UNSPECIFIED.);
#1702 = CARTESIAN_POINT('',(9.9631625161E-02,-5.800768269E-03,0.));
#1703 = CARTESIAN_POINT('',(9.9588072815E-02,-3.855217158E-03,0.));
#1704 = CARTESIAN_POINT('',(9.9502836585E-02,-4.758200200451E-05,0.));
#1705 = CARTESIAN_POINT('',(9.8825325017E-02,5.520113835E-03,0.));
#1706 = CARTESIAN_POINT('',(9.7713639176E-02,1.0799513381E-02,0.));
#1707 = CARTESIAN_POINT('',(9.6122670742E-02,1.5782602649E-02,0.));
#1708 = CARTESIAN_POINT('',(9.4096701721E-02,2.0476116607E-02,0.));
#1709 = CARTESIAN_POINT('',(9.1634010239E-02,2.4886300396E-02,0.));
#1710 = CARTESIAN_POINT('',(8.8694580122E-02,2.8990431375E-02,0.));
#1711 = CARTESIAN_POINT('',(8.5325222673E-02,3.2760613977E-02,0.));
#1712 = CARTESIAN_POINT('',(8.16374272E-02,3.6177964627E-02,0.));
#1713 = CARTESIAN_POINT('',(7.7658311483E-02,3.9160006908E-02,0.));
#1714 = CARTESIAN_POINT('',(7.3435873492E-02,4.1680081797E-02,0.));
#1715 = CARTESIAN_POINT('',(6.8976089882E-02,4.3754807438E-02,0.));
#1716 = CARTESIAN_POINT('',(6.4262565749E-02,4.5338533725E-02,0.));
#1717 = CARTESIAN_POINT('',(5.9317354371E-02,4.6475923873E-02,0.));
#1718 = CARTESIAN_POINT('',(5.4123424558E-02,4.7180716712E-02,0.));
#1719 = CARTESIAN_POINT('',(5.0580273346E-02,4.726315435E-02,0.));
#1720 = CARTESIAN_POINT('',(4.8774155649E-02,4.7305176852E-02,0.));
#1721 = ORIENTED_EDGE('',*,*,#1722,.T.);
#1722 = EDGE_CURVE('',#1699,#1723,#1725,.T.);
#1723 = VERTEX_POINT('',#1724);
#1724 = CARTESIAN_POINT('',(2.5241381258E-02,4.3341762217E-02,0.));
#1725 = B_SPLINE_CURVE_WITH_KNOTS('',3,(#1726,#1727,#1728,#1729,#1730,
    #1731,#1732,#1733,#1734,#1735,#1736),.UNSPECIFIED.,.F.,.F.,(4,1,1,1,
    1,1,1,1,4),(0.,0.145186866472,0.283442610919,0.416524365928,
    0.543181123535,0.665153082637,0.781360206312,0.892756655641,1.),
  .UNSPECIFIED.);
#1726 = CARTESIAN_POINT('',(4.8774155649E-02,4.7305176852E-02,0.));
#1727 = CARTESIAN_POINT('',(4.7611469586E-02,4.7296842408E-02,0.));
#1728 = CARTESIAN_POINT('',(4.5341603301E-02,4.7280571402E-02,0.));
#1729 = CARTESIAN_POINT('',(4.2011678805E-02,4.7076531475E-02,0.));
#1730 = CARTESIAN_POINT('',(3.8836951092E-02,4.6788160603E-02,0.));
#1731 = CARTESIAN_POINT('',(3.5812825958E-02,4.633849843E-02,0.));
#1732 = CARTESIAN_POINT('',(3.293945901E-02,4.580322249E-02,0.));
#1733 = CARTESIAN_POINT('',(3.0227614314E-02,4.5105464638E-02,0.));
#1734 = CARTESIAN_POINT('',(2.766024468E-02,4.4323632209E-02,0.));
#1735 = CARTESIAN_POINT('',(2.6037393609E-02,4.3664881181E-02,0.));
#1736 = CARTESIAN_POINT('',(2.5241381258E-02,4.3341762217E-02,0.));
#1737 = ORIENTED_EDGE('',*,*,#1738,.T.);
#1738 = EDGE_CURVE('',#1723,#1739,#1741,.T.);
#1739 = VERTEX_POINT('',#1740);
#1740 = CARTESIAN_POINT('',(2.5241381258E-02,2.9927128071E-02,0.));
#1741 = LINE('',#1742,#1743);
#1742 = CARTESIAN_POINT('',(2.5241381258E-02,4.3341762217E-02,0.));
#1743 = VECTOR('',#1744,1.);
#1744 = DIRECTION('',(0.,-1.,0.));
#1745 = ORIENTED_EDGE('',*,*,#1746,.T.);
#1746 = EDGE_CURVE('',#1739,#1747,#1749,.T.);
#1747 = VERTEX_POINT('',#1748);
#1748 = CARTESIAN_POINT('',(4.865982638E-02,3.6329567096E-02,0.));
#1749 = B_SPLINE_CURVE_WITH_KNOTS('',3,(#1750,#1751,#1752,#1753,#1754,
    #1755,#1756,#1757,#1758,#1759,#1760),.UNSPECIFIED.,.F.,.F.,(4,1,1,1,
    1,1,1,1,4),(0.,0.125279696735,0.249419970742,0.373356799492,
    0.496681278782,0.620202915743,0.745086320161,0.871269195019,1.),
  .UNSPECIFIED.);
#1750 = CARTESIAN_POINT('',(2.5241381258E-02,2.9927128071E-02,0.));
#1751 = CARTESIAN_POINT('',(2.6129419821E-02,3.044314537E-02,0.));
#1752 = CARTESIAN_POINT('',(2.7897420208E-02,3.1470486775E-02,0.));
#1753 = CARTESIAN_POINT('',(3.067816337E-02,3.2754865718E-02,0.));
#1754 = CARTESIAN_POINT('',(3.3512487685E-02,3.3868879535E-02,0.));
#1755 = CARTESIAN_POINT('',(3.642023484E-02,3.4758179618E-02,0.));
#1756 = CARTESIAN_POINT('',(3.938310434E-02,3.547629626E-02,0.));
#1757 = CARTESIAN_POINT('',(4.2416632874E-02,3.5957957332E-02,0.));
#1758 = CARTESIAN_POINT('',(4.5515072981E-02,3.6282020691E-02,0.));
#1759 = CARTESIAN_POINT('',(4.7604613409E-02,3.6313613036E-02,0.));
#1760 = CARTESIAN_POINT('',(4.865982638E-02,3.6329567096E-02,0.));
#1761 = ORIENTED_EDGE('',*,*,#1762,.T.);
#1762 = EDGE_CURVE('',#1747,#1763,#1765,.T.);
#1763 = VERTEX_POINT('',#1764);
#1764 = CARTESIAN_POINT('',(8.6216991014E-02,-4.981408513E-03,0.));
#1765 = B_SPLINE_CURVE_WITH_KNOTS('',3,(#1766,#1767,#1768,#1769,#1770,
    #1771,#1772,#1773,#1774,#1775,#1776,#1777,#1778,#1779,#1780,#1781,
    #1782,#1783,#1784),.UNSPECIFIED.,.F.,.F.,(4,1,1,1,1,1,1,1,1,1,1,1,1,
    1,1,1,4),(0.,6.4603970288E-02,0.126702413962,0.186756814035,
    0.245505687365,0.303652024449,0.36150307397,0.420240222928,
    0.480033340776,0.540678134775,0.60119180638,0.662333502477,
    0.724739510297,0.789467736172,0.856504860043,0.926312095839,1.),
  .UNSPECIFIED.);
#1766 = CARTESIAN_POINT('',(4.865982638E-02,3.6329567096E-02,0.));
#1767 = CARTESIAN_POINT('',(5.0014762567E-02,3.6300433487E-02,0.));
#1768 = CARTESIAN_POINT('',(5.2672086642E-02,3.6243296154E-02,0.));
#1769 = CARTESIAN_POINT('',(5.6554234413E-02,3.5682313186E-02,0.));
#1770 = CARTESIAN_POINT('',(6.0256973731E-02,3.4843019263E-02,0.));
#1771 = CARTESIAN_POINT('',(6.3765456863E-02,3.3614647535E-02,0.));
#1772 = CARTESIAN_POINT('',(6.707569991E-02,3.20292445E-02,0.));
#1773 = CARTESIAN_POINT('',(7.018483231E-02,3.0080863769E-02,0.));
#1774 = CARTESIAN_POINT('',(7.3111948415E-02,2.7811278531E-02,0.));
#1775 = CARTESIAN_POINT('',(7.5812396065E-02,2.5192174806E-02,0.));
#1776 = CARTESIAN_POINT('',(7.8273255043E-02,2.2295864428E-02,0.));
#1777 = CARTESIAN_POINT('',(8.0385538076E-02,1.9103193361E-02,0.));
#1778 = CARTESIAN_POINT('',(8.2217208098E-02,1.5700575353E-02,0.));
#1779 = CARTESIAN_POINT('',(8.3684005891E-02,1.2028312329E-02,0.));
#1780 = CARTESIAN_POINT('',(8.4819955815E-02,8.114579942E-03,0.));
#1781 = CARTESIAN_POINT('',(8.5639872218E-02,3.964718476E-03,0.));
#1782 = CARTESIAN_POINT('',(8.6114920486E-02,-4.28925865E-04,0.));
#1783 = CARTESIAN_POINT('',(8.6182359567E-02,-3.436799419E-03,0.));
#1784 = CARTESIAN_POINT('',(8.6216991014E-02,-4.981408513E-03,0.));
#1785 = ORIENTED_EDGE('',*,*,#1786,.T.);
#1786 = EDGE_CURVE('',#1763,#1787,#1789,.T.);
#1787 = VERTEX_POINT('',#1788);
#1788 = CARTESIAN_POINT('',(5.090830199E-02,-4.4158237782E-02,0.));
#1789 = B_SPLINE_CURVE_WITH_KNOTS('',3,(#1790,#1791,#1792,#1793,#1794,
    #1795,#1796,#1797,#1798,#1799,#1800,#1801,#1802,#1803,#1804,#1805,
    #1806,#1807,#1808),.UNSPECIFIED.,.F.,.F.,(4,1,1,1,1,1,1,1,1,1,1,1,1,
    1,1,1,4),(0.,7.3774119374E-02,0.144079114726,0.211348518308,
    0.276076885739,0.338520915819,0.399885116693,0.460254067465,
    0.520588964391,0.580207684563,0.638632908552,0.69636454949,
    0.75400177466,0.812805681374,0.872754425525,0.935181996978,1.),
  .UNSPECIFIED.);
#1790 = CARTESIAN_POINT('',(8.6216991014E-02,-4.981408513E-03,0.));
#1791 = CARTESIAN_POINT('',(8.6189209029E-02,-6.443529083E-03,0.));
#1792 = CARTESIAN_POINT('',(8.6134951468E-02,-9.299016062E-03,0.));
#1793 = CARTESIAN_POINT('',(8.5668792806E-02,-1.3466783854E-02,0.));
#1794 = CARTESIAN_POINT('',(8.4913668381E-02,-1.7407456039E-02,0.));
#1795 = CARTESIAN_POINT('',(8.3852434212E-02,-2.1117559157E-02,0.));
#1796 = CARTESIAN_POINT('',(8.2468623693E-02,-2.4593659765E-02,0.));
#1797 = CARTESIAN_POINT('',(8.0797029084E-02,-2.784499385E-02,0.));
#1798 = CARTESIAN_POINT('',(7.8798427309E-02,-3.0856879013E-02,0.));
#1799 = CARTESIAN_POINT('',(7.6516937329E-02,-3.3615214938E-02,0.));
#1800 = CARTESIAN_POINT('',(7.3983882494E-02,-3.6088780149E-02,0.));
#1801 = CARTESIAN_POINT('',(7.12523067E-02,-3.8261126181E-02,0.));
#1802 = CARTESIAN_POINT('',(6.8316258686E-02,-4.0074358864E-02,0.));
#1803 = CARTESIAN_POINT('',(6.5203116618E-02,-4.1577948953E-02,0.));
#1804 = CARTESIAN_POINT('',(6.1898814713E-02,-4.2740431472E-02,0.));
#1805 = CARTESIAN_POINT('',(5.8397167682E-02,-4.3555372487E-02,0.));
#1806 = CARTESIAN_POINT('',(5.4714927073E-02,-4.4060129417E-02,0.));
#1807 = CARTESIAN_POINT('',(5.2192969491E-02,-4.4125127973E-02,0.));
#1808 = CARTESIAN_POINT('',(5.090830199E-02,-4.4158237782E-02,0.));
#1809 = ORIENTED_EDGE('',*,*,#1810,.T.);
#1810 = EDGE_CURVE('',#1787,#1649,#1811,.T.);
#1811 = B_SPLINE_CURVE_WITH_KNOTS('',3,(#1812,#1813,#1814,#1815,#1816,
    #1817,#1818,#1819,#1820,#1821,#1822),.UNSPECIFIED.,.F.,.F.,(4,1,1,1,
    1,1,1,1,4),(0.,0.135294604763,0.266765657924,0.394816018835,
    0.520051654434,0.64217570297,0.762651820558,0.88183400438,1.),
  .UNSPECIFIED.);
#1812 = CARTESIAN_POINT('',(5.090830199E-02,-4.4158237782E-02,0.));
#1813 = CARTESIAN_POINT('',(4.9700759934E-02,-4.4142383727E-02,0.));
#1814 = CARTESIAN_POINT('',(4.7319802084E-02,-4.4111123668E-02,0.));
#1815 = CARTESIAN_POINT('',(4.38086139E-02,-4.3790326173E-02,0.));
#1816 = CARTESIAN_POINT('',(4.0407591022E-02,-4.3307504241E-02,0.));
#1817 = CARTESIAN_POINT('',(3.7131515936E-02,-4.2596832769E-02,0.));
#1818 = CARTESIAN_POINT('',(3.3969156539E-02,-4.1707232484E-02,0.));
#1819 = CARTESIAN_POINT('',(3.093844124E-02,-4.0589826373E-02,0.));
#1820 = CARTESIAN_POINT('',(2.8006985395E-02,-3.9313517535E-02,0.));
#1821 = CARTESIAN_POINT('',(2.6160614271E-02,-3.8273554175E-02,0.));
#1822 = CARTESIAN_POINT('',(2.5241381258E-02,-3.7755798757E-02,0.));
#1823 = FACE_BOUND('',#1824,.T.);
#1824 = EDGE_LOOP('',(#1825,#1835,#1843,#1851,#1875));
#1825 = ORIENTED_EDGE('',*,*,#1826,.T.);
#1826 = EDGE_CURVE('',#1827,#1829,#1831,.T.);
#1827 = VERTEX_POINT('',#1828);
#1828 = CARTESIAN_POINT('',(-9.4632856545E-02,-5.3914335343E-02,0.));
#1829 = VERTEX_POINT('',#1830);
#1830 = CARTESIAN_POINT('',(-6.744154557E-02,-5.3914335343E-02,0.));
#1831 = LINE('',#1832,#1833);
#1832 = CARTESIAN_POINT('',(-9.4632856545E-02,-5.3914335343E-02,0.));
#1833 = VECTOR('',#1834,1.);
#1834 = DIRECTION('',(1.,0.,0.));
#1835 = ORIENTED_EDGE('',*,*,#1836,.T.);
#1836 = EDGE_CURVE('',#1829,#1837,#1839,.T.);
#1837 = VERTEX_POINT('',#1838);
#1838 = CARTESIAN_POINT('',(-6.744154557E-02,4.6085664656E-02,0.));
#1839 = LINE('',#1840,#1841);
#1840 = CARTESIAN_POINT('',(-6.744154557E-02,-5.3914335343E-02,0.));
#1841 = VECTOR('',#1842,1.);
#1842 = DIRECTION('',(0.,1.,0.));
#1843 = ORIENTED_EDGE('',*,*,#1844,.T.);
#1844 = EDGE_CURVE('',#1837,#1845,#1847,.T.);
#1845 = VERTEX_POINT('',#1846);
#1846 = CARTESIAN_POINT('',(-9.566181996E-02,4.6085664656E-02,0.));
#1847 = LINE('',#1848,#1849);
#1848 = CARTESIAN_POINT('',(-6.744154557E-02,4.6085664656E-02,0.));
#1849 = VECTOR('',#1850,1.);
#1850 = DIRECTION('',(-1.,0.,0.));
#1851 = ORIENTED_EDGE('',*,*,#1852,.T.);
#1852 = EDGE_CURVE('',#1845,#1853,#1855,.T.);
#1853 = VERTEX_POINT('',#1854);
#1854 = CARTESIAN_POINT('',(-0.147929350448,-2.656713391E-03,0.));
#1855 = B_SPLINE_CURVE_WITH_KNOTS('',3,(#1856,#1857,#1858,#1859,#1860,
    #1861,#1862,#1863,#1864,#1865,#1866,#1867,#1868,#1869,#1870,#1871,
    #1872,#1873,#1874),.UNSPECIFIED.,.F.,.F.,(4,1,1,1,1,1,1,1,1,1,1,1,1,
    1,1,1,4),(0.,6.8631178676E-02,0.134566466038,0.19832815401,
    0.26078976664,0.321999151484,0.382721746503,0.443537474035,
    0.505133429484,0.566213874764,0.626105864617,0.68534932216,
    0.744995870347,0.805415841814,0.867636266345,0.932307782302,1.),
  .UNSPECIFIED.);
#1856 = CARTESIAN_POINT('',(-9.566181996E-02,4.6085664656E-02,0.));
#1857 = CARTESIAN_POINT('',(-9.7499006367E-02,4.6044715461E-02,0.));
#1858 = CARTESIAN_POINT('',(-0.101101212929,4.596442559E-02,0.));
#1859 = CARTESIAN_POINT('',(-0.106383627348,4.5354530066E-02,0.));
#1860 = CARTESIAN_POINT('',(-0.111423211648,4.4296163085E-02,0.));
#1861 = CARTESIAN_POINT('',(-0.116233824352,4.2852313212E-02,0.));
#1862 = CARTESIAN_POINT('',(-0.120821037756,4.1007810757E-02,0.));
#1863 = CARTESIAN_POINT('',(-0.125141636537,3.8697141585E-02,0.));
#1864 = CARTESIAN_POINT('',(-0.129243026942,3.6000612725E-02,0.));
#1865 = CARTESIAN_POINT('',(-0.133071838189,3.2912375897E-02,0.));
#1866 = CARTESIAN_POINT('',(-0.136561665745,2.9478560448E-02,0.));
#1867 = CARTESIAN_POINT('',(-0.139603877836,2.5723093082E-02,0.));
#1868 = CARTESIAN_POINT('',(-0.14220848387,2.1696202621E-02,0.));
#1869 = CARTESIAN_POINT('',(-0.144304506299,1.7366048836E-02,0.));
#1870 = CARTESIAN_POINT('',(-0.145932005144,1.2755962594E-02,0.));
#1871 = CARTESIAN_POINT('',(-0.147084486559,7.869286799E-03,0.));
#1872 = CARTESIAN_POINT('',(-0.147811381329,2.70048669E-03,0.));
#1873 = CARTESIAN_POINT('',(-0.147889433659,-8.44016734E-04,0.));
#1874 = CARTESIAN_POINT('',(-0.147929350448,-2.656713391E-03,0.));
#1875 = ORIENTED_EDGE('',*,*,#1876,.T.);
#1876 = EDGE_CURVE('',#1853,#1827,#1877,.T.);
#1877 = B_SPLINE_CURVE_WITH_KNOTS('',3,(#1878,#1879,#1880,#1881,#1882,
    #1883,#1884,#1885,#1886,#1887,#1888,#1889,#1890,#1891,#1892,#1893,
    #1894,#1895,#1896),.UNSPECIFIED.,.F.,.F.,(4,1,1,1,1,1,1,1,1,1,1,1,1,
    1,1,1,4),(0.,6.8068695844E-02,0.133427432818,0.196146033813,
    0.257048592449,0.316882663159,0.376187208666,0.435960335363,
    0.496535236862,0.55746534348,0.61768686341,0.677943640696,
    0.738805284806,0.800949336766,0.86481466747,0.931024781078,1.),
  .UNSPECIFIED.);
#1878 = CARTESIAN_POINT('',(-0.147929350448,-2.656713391E-03,0.));
#1879 = CARTESIAN_POINT('',(-0.147888963728,-4.545471842E-03,0.));
#1880 = CARTESIAN_POINT('',(-0.147809798168,-8.247793271E-03,0.));
#1881 = CARTESIAN_POINT('',(-0.147086220305,-1.3651012779E-02,0.));
#1882 = CARTESIAN_POINT('',(-0.145931150696,-1.8770716073E-02,0.));
#1883 = CARTESIAN_POINT('',(-0.14430977451,-2.3603994557E-02,0.));
#1884 = CARTESIAN_POINT('',(-0.142210565899,-2.8147362092E-02,0.));
#1885 = CARTESIAN_POINT('',(-0.139607859933,-3.2384219794E-02,0.));
#1886 = CARTESIAN_POINT('',(-0.136571804889,-3.6346872304E-02,0.));
#1887 = CARTESIAN_POINT('',(-0.133081599932,-3.9981028031E-02,0.));
#1888 = CARTESIAN_POINT('',(-0.129221684775,-4.3233584446E-02,0.));
#1889 = CARTESIAN_POINT('',(-0.125094201147,-4.6126265672E-02,0.));
#1890 = CARTESIAN_POINT('',(-0.120663683421,-4.8529698238E-02,0.));
#1891 = CARTESIAN_POINT('',(-0.115967972575,-5.0493416999E-02,0.));
#1892 = CARTESIAN_POINT('',(-0.111015281418,-5.2052492306E-02,0.));
#1893 = CARTESIAN_POINT('',(-0.105784145645,-5.3113990151E-02,0.));
#1894 = CARTESIAN_POINT('',(-0.100298339591,-5.3811832012E-02,0.));
#1895 = CARTESIAN_POINT('',(-9.6546928243E-02,-5.3879704805E-02,0.));
#1896 = CARTESIAN_POINT('',(-9.4632856545E-02,-5.3914335343E-02,0.));
#1897 = FACE_BOUND('',#1898,.T.);
#1898 = EDGE_LOOP('',(#1899,#1909,#1918,#1926,#1935,#1943,#1951,#1959,
    #1967,#1975,#1983,#1991,#2000,#2008,#2017,#2025,#2033,#2041,#2049,
    #2057,#2065,#2074,#2082,#2091,#2099,#2107,#2115,#2123,#2131,#2139,
    #2148,#2156,#2165,#2173,#2181,#2189,#2197,#2205));
#1899 = ORIENTED_EDGE('',*,*,#1900,.F.);
#1900 = EDGE_CURVE('',#1901,#1903,#1905,.T.);
#1901 = VERTEX_POINT('',#1902);
#1902 = CARTESIAN_POINT('',(1.450313112747,-1.240313112747,0.));
#1903 = VERTEX_POINT('',#1904);
#1904 = CARTESIAN_POINT('',(1.34,-1.129999999999,0.));
#1905 = LINE('',#1906,#1907);
#1906 = CARTESIAN_POINT('',(0.105,0.105,0.));
#1907 = VECTOR('',#1908,1.);
#1908 = DIRECTION('',(-0.707106781187,0.707106781187,0.));
#1909 = ORIENTED_EDGE('',*,*,#1910,.T.);
#1910 = EDGE_CURVE('',#1901,#1911,#1913,.T.);
#1911 = VERTEX_POINT('',#1912);
#1912 = CARTESIAN_POINT('',(1.45,-1.249999999999,0.));
#1913 = CIRCLE('',#1914,0.149999999999);
#1914 = AXIS2_PLACEMENT_3D('',#1915,#1916,#1917);
#1915 = CARTESIAN_POINT('',(1.6,-1.249999999999,0.));
#1916 = DIRECTION('',(0.,0.,1.));
#1917 = DIRECTION('',(1.,0.,-0.));
#1918 = ORIENTED_EDGE('',*,*,#1919,.F.);
#1919 = EDGE_CURVE('',#1920,#1911,#1922,.T.);
#1920 = VERTEX_POINT('',#1921);
#1921 = CARTESIAN_POINT('',(-1.45,-1.249999999999,0.));
#1922 = LINE('',#1923,#1924);
#1923 = CARTESIAN_POINT('',(-1.6,-1.249999999999,0.));
#1924 = VECTOR('',#1925,1.);
#1925 = DIRECTION('',(1.,0.,0.));
#1926 = ORIENTED_EDGE('',*,*,#1927,.T.);
#1927 = EDGE_CURVE('',#1920,#1928,#1930,.T.);
#1928 = VERTEX_POINT('',#1929);
#1929 = CARTESIAN_POINT('',(-1.450313112747,-1.240313112747,0.));
#1930 = CIRCLE('',#1931,0.149999999999);
#1931 = AXIS2_PLACEMENT_3D('',#1932,#1933,#1934);
#1932 = CARTESIAN_POINT('',(-1.6,-1.249999999999,0.));
#1933 = DIRECTION('',(0.,0.,1.));
#1934 = DIRECTION('',(1.,0.,-0.));
#1935 = ORIENTED_EDGE('',*,*,#1936,.T.);
#1936 = EDGE_CURVE('',#1928,#1937,#1939,.T.);
#1937 = VERTEX_POINT('',#1938);
#1938 = CARTESIAN_POINT('',(-1.34,-1.129999999999,0.));
#1939 = LINE('',#1940,#1941);
#1940 = CARTESIAN_POINT('',(-0.105,0.105,0.));
#1941 = VECTOR('',#1942,1.);
#1942 = DIRECTION('',(0.707106781187,0.707106781187,0.));
#1943 = ORIENTED_EDGE('',*,*,#1944,.F.);
#1944 = EDGE_CURVE('',#1945,#1937,#1947,.T.);
#1945 = VERTEX_POINT('',#1946);
#1946 = CARTESIAN_POINT('',(-0.599999999999,-1.129999999999,0.));
#1947 = LINE('',#1948,#1949);
#1948 = CARTESIAN_POINT('',(-1.5,-1.129999999999,0.));
#1949 = VECTOR('',#1950,1.);
#1950 = DIRECTION('',(-1.,2.409338161078E-16,0.));
#1951 = ORIENTED_EDGE('',*,*,#1952,.F.);
#1952 = EDGE_CURVE('',#1953,#1945,#1955,.T.);
#1953 = VERTEX_POINT('',#1954);
#1954 = CARTESIAN_POINT('',(-0.6,-0.65,0.));
#1955 = LINE('',#1956,#1957);
#1956 = CARTESIAN_POINT('',(-0.599999999999,-1.129999999999,0.));
#1957 = VECTOR('',#1958,1.);
#1958 = DIRECTION('',(1.390002785237E-16,-1.,0.));
#1959 = ORIENTED_EDGE('',*,*,#1960,.T.);
#1960 = EDGE_CURVE('',#1953,#1961,#1963,.T.);
#1961 = VERTEX_POINT('',#1962);
#1962 = CARTESIAN_POINT('',(-0.9,-0.35,0.));
#1963 = LINE('',#1964,#1965);
#1964 = CARTESIAN_POINT('',(-0.624999999999,-0.625,0.));
#1965 = VECTOR('',#1966,1.);
#1966 = DIRECTION('',(-0.707106781187,0.707106781187,0.));
#1967 = ORIENTED_EDGE('',*,*,#1968,.F.);
#1968 = EDGE_CURVE('',#1969,#1961,#1971,.T.);
#1969 = VERTEX_POINT('',#1970);
#1970 = CARTESIAN_POINT('',(-1.5,-0.35,0.));
#1971 = LINE('',#1972,#1973);
#1972 = CARTESIAN_POINT('',(-1.5,-0.35,0.));
#1973 = VECTOR('',#1974,1.);
#1974 = DIRECTION('',(1.,-1.204669080539E-16,0.));
#1975 = ORIENTED_EDGE('',*,*,#1976,.F.);
#1976 = EDGE_CURVE('',#1977,#1969,#1979,.T.);
#1977 = VERTEX_POINT('',#1978);
#1978 = CARTESIAN_POINT('',(-1.5,-1.01,0.));
#1979 = LINE('',#1980,#1981);
#1980 = CARTESIAN_POINT('',(-1.5,-1.129999999999,0.));
#1981 = VECTOR('',#1982,1.);
#1982 = DIRECTION('',(0.,1.,0.));
#1983 = ORIENTED_EDGE('',*,*,#1984,.T.);
#1984 = EDGE_CURVE('',#1977,#1985,#1987,.T.);
#1985 = VERTEX_POINT('',#1986);
#1986 = CARTESIAN_POINT('',(-1.590313112747,-1.100313112747,0.));
#1987 = LINE('',#1988,#1989);
#1988 = CARTESIAN_POINT('',(-0.244999999999,0.244999999999,0.));
#1989 = VECTOR('',#1990,1.);
#1990 = DIRECTION('',(-0.707106781187,-0.707106781187,0.));
#1991 = ORIENTED_EDGE('',*,*,#1992,.T.);
#1992 = EDGE_CURVE('',#1985,#1993,#1995,.T.);
#1993 = VERTEX_POINT('',#1994);
#1994 = CARTESIAN_POINT('',(-1.6,-1.099999999999,0.));
#1995 = CIRCLE('',#1996,0.149999999999);
#1996 = AXIS2_PLACEMENT_3D('',#1997,#1998,#1999);
#1997 = CARTESIAN_POINT('',(-1.6,-1.249999999999,0.));
#1998 = DIRECTION('',(0.,0.,1.));
#1999 = DIRECTION('',(1.,0.,-0.));
#2000 = ORIENTED_EDGE('',*,*,#2001,.F.);
#2001 = EDGE_CURVE('',#2002,#1993,#2004,.T.);
#2002 = VERTEX_POINT('',#2003);
#2003 = CARTESIAN_POINT('',(-1.6,1.099999999999,0.));
#2004 = LINE('',#2005,#2006);
#2005 = CARTESIAN_POINT('',(-1.6,1.25,0.));
#2006 = VECTOR('',#2007,1.);
#2007 = DIRECTION('',(0.,-1.,0.));
#2008 = ORIENTED_EDGE('',*,*,#2009,.T.);
#2009 = EDGE_CURVE('',#2002,#2010,#2012,.T.);
#2010 = VERTEX_POINT('',#2011);
#2011 = CARTESIAN_POINT('',(-1.590313112747,1.100313112747,0.));
#2012 = CIRCLE('',#2013,0.149999999999);
#2013 = AXIS2_PLACEMENT_3D('',#2014,#2015,#2016);
#2014 = CARTESIAN_POINT('',(-1.6,1.249999999999,0.));
#2015 = DIRECTION('',(0.,0.,1.));
#2016 = DIRECTION('',(-1.,0.,0.));
#2017 = ORIENTED_EDGE('',*,*,#2018,.F.);
#2018 = EDGE_CURVE('',#2019,#2010,#2021,.T.);
#2019 = VERTEX_POINT('',#2020);
#2020 = CARTESIAN_POINT('',(-1.5,1.01,0.));
#2021 = LINE('',#2022,#2023);
#2022 = CARTESIAN_POINT('',(-0.244999999999,-0.244999999999,0.));
#2023 = VECTOR('',#2024,1.);
#2024 = DIRECTION('',(-0.707106781187,0.707106781187,0.));
#2025 = ORIENTED_EDGE('',*,*,#2026,.F.);
#2026 = EDGE_CURVE('',#2027,#2019,#2029,.T.);
#2027 = VERTEX_POINT('',#2028);
#2028 = CARTESIAN_POINT('',(-1.5,0.349999999999,0.));
#2029 = LINE('',#2030,#2031);
#2030 = CARTESIAN_POINT('',(-1.5,1.129999999999,0.));
#2031 = VECTOR('',#2032,1.);
#2032 = DIRECTION('',(-2.780005570475E-16,1.,0.));
#2033 = ORIENTED_EDGE('',*,*,#2034,.F.);
#2034 = EDGE_CURVE('',#2035,#2027,#2037,.T.);
#2035 = VERTEX_POINT('',#2036);
#2036 = CARTESIAN_POINT('',(-0.599999999999,0.349999999999,0.));
#2037 = LINE('',#2038,#2039);
#2038 = CARTESIAN_POINT('',(-1.5,0.349999999999,0.));
#2039 = VECTOR('',#2040,1.);
#2040 = DIRECTION('',(-1.,-7.228014483236E-16,0.));
#2041 = ORIENTED_EDGE('',*,*,#2042,.F.);
#2042 = EDGE_CURVE('',#2043,#2035,#2045,.T.);
#2043 = VERTEX_POINT('',#2044);
#2044 = CARTESIAN_POINT('',(-0.6,1.129999999999,0.));
#2045 = LINE('',#2046,#2047);
#2046 = CARTESIAN_POINT('',(-0.6,1.129999999999,0.));
#2047 = VECTOR('',#2048,1.);
#2048 = DIRECTION('',(4.170008355713E-16,-1.,0.));
#2049 = ORIENTED_EDGE('',*,*,#2050,.F.);
#2050 = EDGE_CURVE('',#2051,#2043,#2053,.T.);
#2051 = VERTEX_POINT('',#2052);
#2052 = CARTESIAN_POINT('',(-1.34,1.129999999999,0.));
#2053 = LINE('',#2054,#2055);
#2054 = CARTESIAN_POINT('',(-1.5,1.129999999999,0.));
#2055 = VECTOR('',#2056,1.);
#2056 = DIRECTION('',(1.,7.228014483236E-16,0.));
#2057 = ORIENTED_EDGE('',*,*,#2058,.F.);
#2058 = EDGE_CURVE('',#2059,#2051,#2061,.T.);
#2059 = VERTEX_POINT('',#2060);
#2060 = CARTESIAN_POINT('',(-1.450313112747,1.240313112747,0.));
#2061 = LINE('',#2062,#2063);
#2062 = CARTESIAN_POINT('',(-0.105,-0.105,0.));
#2063 = VECTOR('',#2064,1.);
#2064 = DIRECTION('',(0.707106781187,-0.707106781187,0.));
#2065 = ORIENTED_EDGE('',*,*,#2066,.T.);
#2066 = EDGE_CURVE('',#2059,#2067,#2069,.T.);
#2067 = VERTEX_POINT('',#2068);
#2068 = CARTESIAN_POINT('',(-1.45,1.25,0.));
#2069 = CIRCLE('',#2070,0.149999999999);
#2070 = AXIS2_PLACEMENT_3D('',#2071,#2072,#2073);
#2071 = CARTESIAN_POINT('',(-1.6,1.249999999999,0.));
#2072 = DIRECTION('',(0.,0.,1.));
#2073 = DIRECTION('',(-1.,0.,0.));
#2074 = ORIENTED_EDGE('',*,*,#2075,.F.);
#2075 = EDGE_CURVE('',#2076,#2067,#2078,.T.);
#2076 = VERTEX_POINT('',#2077);
#2077 = CARTESIAN_POINT('',(1.45,1.25,0.));
#2078 = LINE('',#2079,#2080);
#2079 = CARTESIAN_POINT('',(-1.6,1.25,0.));
#2080 = VECTOR('',#2081,1.);
#2081 = DIRECTION('',(-1.,0.,0.));
#2082 = ORIENTED_EDGE('',*,*,#2083,.T.);
#2083 = EDGE_CURVE('',#2076,#2084,#2086,.T.);
#2084 = VERTEX_POINT('',#2085);
#2085 = CARTESIAN_POINT('',(1.450313112747,1.240313112747,0.));
#2086 = CIRCLE('',#2087,0.149999999999);
#2087 = AXIS2_PLACEMENT_3D('',#2088,#2089,#2090);
#2088 = CARTESIAN_POINT('',(1.6,1.249999999999,0.));
#2089 = DIRECTION('',(0.,0.,1.));
#2090 = DIRECTION('',(1.,0.,-0.));
#2091 = ORIENTED_EDGE('',*,*,#2092,.T.);
#2092 = EDGE_CURVE('',#2084,#2093,#2095,.T.);
#2093 = VERTEX_POINT('',#2094);
#2094 = CARTESIAN_POINT('',(1.34,1.129999999999,0.));
#2095 = LINE('',#2096,#2097);
#2096 = CARTESIAN_POINT('',(0.105,-0.105,0.));
#2097 = VECTOR('',#2098,1.);
#2098 = DIRECTION('',(-0.707106781187,-0.707106781187,0.));
#2099 = ORIENTED_EDGE('',*,*,#2100,.F.);
#2100 = EDGE_CURVE('',#2101,#2093,#2103,.T.);
#2101 = VERTEX_POINT('',#2102);
#2102 = CARTESIAN_POINT('',(0.6,1.129999999999,0.));
#2103 = LINE('',#2104,#2105);
#2104 = CARTESIAN_POINT('',(1.5,1.129999999999,0.));
#2105 = VECTOR('',#2106,1.);
#2106 = DIRECTION('',(1.,-7.228014483236E-16,0.));
#2107 = ORIENTED_EDGE('',*,*,#2108,.F.);
#2108 = EDGE_CURVE('',#2109,#2101,#2111,.T.);
#2109 = VERTEX_POINT('',#2110);
#2110 = CARTESIAN_POINT('',(0.6,0.349999999999,0.));
#2111 = LINE('',#2112,#2113);
#2112 = CARTESIAN_POINT('',(0.6,1.129999999999,0.));
#2113 = VECTOR('',#2114,1.);
#2114 = DIRECTION('',(1.390002785237E-16,1.,0.));
#2115 = ORIENTED_EDGE('',*,*,#2116,.F.);
#2116 = EDGE_CURVE('',#2117,#2109,#2119,.T.);
#2117 = VERTEX_POINT('',#2118);
#2118 = CARTESIAN_POINT('',(1.5,0.349999999999,0.));
#2119 = LINE('',#2120,#2121);
#2120 = CARTESIAN_POINT('',(1.5,0.349999999999,0.));
#2121 = VECTOR('',#2122,1.);
#2122 = DIRECTION('',(-1.,3.614007241618E-16,0.));
#2123 = ORIENTED_EDGE('',*,*,#2124,.F.);
#2124 = EDGE_CURVE('',#2125,#2117,#2127,.T.);
#2125 = VERTEX_POINT('',#2126);
#2126 = CARTESIAN_POINT('',(1.5,1.01,0.));
#2127 = LINE('',#2128,#2129);
#2128 = CARTESIAN_POINT('',(1.5,1.129999999999,0.));
#2129 = VECTOR('',#2130,1.);
#2130 = DIRECTION('',(-2.780005570475E-16,-1.,0.));
#2131 = ORIENTED_EDGE('',*,*,#2132,.T.);
#2132 = EDGE_CURVE('',#2125,#2133,#2135,.T.);
#2133 = VERTEX_POINT('',#2134);
#2134 = CARTESIAN_POINT('',(1.590313112747,1.100313112747,0.));
#2135 = LINE('',#2136,#2137);
#2136 = CARTESIAN_POINT('',(0.244999999999,-0.244999999999,0.));
#2137 = VECTOR('',#2138,1.);
#2138 = DIRECTION('',(0.707106781187,0.707106781187,0.));
#2139 = ORIENTED_EDGE('',*,*,#2140,.T.);
#2140 = EDGE_CURVE('',#2133,#2141,#2143,.T.);
#2141 = VERTEX_POINT('',#2142);
#2142 = CARTESIAN_POINT('',(1.599999999999,1.099999999999,0.));
#2143 = CIRCLE('',#2144,0.149999999999);
#2144 = AXIS2_PLACEMENT_3D('',#2145,#2146,#2147);
#2145 = CARTESIAN_POINT('',(1.6,1.249999999999,0.));
#2146 = DIRECTION('',(0.,0.,1.));
#2147 = DIRECTION('',(1.,0.,-0.));
#2148 = ORIENTED_EDGE('',*,*,#2149,.F.);
#2149 = EDGE_CURVE('',#2150,#2141,#2152,.T.);
#2150 = VERTEX_POINT('',#2151);
#2151 = CARTESIAN_POINT('',(1.6,-1.099999999999,0.));
#2152 = LINE('',#2153,#2154);
#2153 = CARTESIAN_POINT('',(1.599999999999,1.25,0.));
#2154 = VECTOR('',#2155,1.);
#2155 = DIRECTION('',(-1.734723475976E-16,1.,0.));
#2156 = ORIENTED_EDGE('',*,*,#2157,.T.);
#2157 = EDGE_CURVE('',#2150,#2158,#2160,.T.);
#2158 = VERTEX_POINT('',#2159);
#2159 = CARTESIAN_POINT('',(1.590313112747,-1.100313112747,0.));
#2160 = CIRCLE('',#2161,0.149999999999);
#2161 = AXIS2_PLACEMENT_3D('',#2162,#2163,#2164);
#2162 = CARTESIAN_POINT('',(1.6,-1.249999999999,0.));
#2163 = DIRECTION('',(0.,0.,1.));
#2164 = DIRECTION('',(1.,0.,-0.));
#2165 = ORIENTED_EDGE('',*,*,#2166,.F.);
#2166 = EDGE_CURVE('',#2167,#2158,#2169,.T.);
#2167 = VERTEX_POINT('',#2168);
#2168 = CARTESIAN_POINT('',(1.5,-1.01,0.));
#2169 = LINE('',#2170,#2171);
#2170 = CARTESIAN_POINT('',(0.244999999999,0.244999999999,0.));
#2171 = VECTOR('',#2172,1.);
#2172 = DIRECTION('',(0.707106781187,-0.707106781187,0.));
#2173 = ORIENTED_EDGE('',*,*,#2174,.F.);
#2174 = EDGE_CURVE('',#2175,#2167,#2177,.T.);
#2175 = VERTEX_POINT('',#2176);
#2176 = CARTESIAN_POINT('',(1.5,-0.35,0.));
#2177 = LINE('',#2178,#2179);
#2178 = CARTESIAN_POINT('',(1.5,-1.129999999999,0.));
#2179 = VECTOR('',#2180,1.);
#2180 = DIRECTION('',(0.,-1.,0.));
#2181 = ORIENTED_EDGE('',*,*,#2182,.F.);
#2182 = EDGE_CURVE('',#2183,#2175,#2185,.T.);
#2183 = VERTEX_POINT('',#2184);
#2184 = CARTESIAN_POINT('',(0.600999999999,-0.35,0.));
#2185 = LINE('',#2186,#2187);
#2186 = CARTESIAN_POINT('',(1.5,-0.35,0.));
#2187 = VECTOR('',#2188,1.);
#2188 = DIRECTION('',(1.,2.41201818128E-16,0.));
#2189 = ORIENTED_EDGE('',*,*,#2190,.F.);
#2190 = EDGE_CURVE('',#2191,#2183,#2193,.T.);
#2191 = VERTEX_POINT('',#2192);
#2192 = CARTESIAN_POINT('',(0.6,-0.351,0.));
#2193 = LINE('',#2194,#2195);
#2194 = CARTESIAN_POINT('',(0.600999999999,-0.35,0.));
#2195 = VECTOR('',#2196,1.);
#2196 = DIRECTION('',(0.707106781187,0.707106781187,0.));
#2197 = ORIENTED_EDGE('',*,*,#2198,.F.);
#2198 = EDGE_CURVE('',#2199,#2191,#2201,.T.);
#2199 = VERTEX_POINT('',#2200);
#2200 = CARTESIAN_POINT('',(0.599999999999,-1.129999999999,0.));
#2201 = LINE('',#2202,#2203);
#2202 = CARTESIAN_POINT('',(0.599999999999,-1.129999999999,0.));
#2203 = VECTOR('',#2204,1.);
#2204 = DIRECTION('',(0.,1.,0.));
#2205 = ORIENTED_EDGE('',*,*,#2206,.F.);
#2206 = EDGE_CURVE('',#1903,#2199,#2207,.T.);
#2207 = LINE('',#2208,#2209);
#2208 = CARTESIAN_POINT('',(1.5,-1.129999999999,0.));
#2209 = VECTOR('',#2210,1.);
#2210 = DIRECTION('',(-1.,-2.409338161078E-16,0.));
#2211 = FACE_BOUND('',#2212,.T.);
#2212 = EDGE_LOOP('',(#2213,#2223,#2231,#2239,#2247,#2255,#2263,#2271));
#2213 = ORIENTED_EDGE('',*,*,#2214,.T.);
#2214 = EDGE_CURVE('',#2215,#2217,#2219,.T.);
#2215 = VERTEX_POINT('',#2216);
#2216 = CARTESIAN_POINT('',(-0.206465935814,4.6085664656E-02,0.));
#2217 = VERTEX_POINT('',#2218);
#2218 = CARTESIAN_POINT('',(-0.245490326058,-5.3914335343E-02,0.));
#2219 = LINE('',#2220,#2221);
#2220 = CARTESIAN_POINT('',(-0.206465935814,4.6085664656E-02,0.));
#2221 = VECTOR('',#2222,1.);
#2222 = DIRECTION('',(-0.363542485652,-0.931577619485,0.));
#2223 = ORIENTED_EDGE('',*,*,#2224,.T.);
#2224 = EDGE_CURVE('',#2217,#2225,#2227,.T.);
#2225 = VERTEX_POINT('',#2226);
#2226 = CARTESIAN_POINT('',(-0.230856179716,-5.3914335343E-02,0.));
#2227 = LINE('',#2228,#2229);
#2228 = CARTESIAN_POINT('',(-0.245490326058,-5.3914335343E-02,0.));
#2229 = VECTOR('',#2230,1.);
#2230 = DIRECTION('',(1.,0.,0.));
#2231 = ORIENTED_EDGE('',*,*,#2232,.T.);
#2232 = EDGE_CURVE('',#2225,#2233,#2235,.T.);
#2233 = VERTEX_POINT('',#2234);
#2234 = CARTESIAN_POINT('',(-0.220738039472,-2.5865554855E-02,0.));
#2235 = LINE('',#2236,#2237);
#2236 = CARTESIAN_POINT('',(-0.230856179716,-5.3914335343E-02,0.));
#2237 = VECTOR('',#2238,1.);
#2238 = DIRECTION('',(0.339330377274,0.940667260544,0.));
#2239 = ORIENTED_EDGE('',*,*,#2240,.T.);
#2240 = EDGE_CURVE('',#2233,#2241,#2243,.T.);
#2241 = VERTEX_POINT('',#2242);
#2242 = CARTESIAN_POINT('',(-0.179427063863,-2.5865554855E-02,0.));
#2243 = LINE('',#2244,#2245);
#2244 = CARTESIAN_POINT('',(-0.220738039472,-2.5865554855E-02,0.));
#2245 = VECTOR('',#2246,1.);
#2246 = DIRECTION('',(1.,0.,0.));
#2247 = ORIENTED_EDGE('',*,*,#2248,.T.);
#2248 = EDGE_CURVE('',#2241,#2249,#2251,.T.);
#2249 = VERTEX_POINT('',#2250);
#2250 = CARTESIAN_POINT('',(-0.16988056996,-5.3914335343E-02,0.));
#2251 = LINE('',#2252,#2253);
#2252 = CARTESIAN_POINT('',(-0.179427063863,-2.5865554855E-02,0.));
#2253 = VECTOR('',#2254,1.);
#2254 = DIRECTION('',(0.322202485606,-0.946670776072,0.));
#2255 = ORIENTED_EDGE('',*,*,#2256,.T.);
#2256 = EDGE_CURVE('',#2249,#2257,#2259,.T.);
#2257 = VERTEX_POINT('',#2258);
#2258 = CARTESIAN_POINT('',(-0.155246423619,-5.3914335343E-02,0.));
#2259 = LINE('',#2260,#2261);
#2260 = CARTESIAN_POINT('',(-0.16988056996,-5.3914335343E-02,0.));
#2261 = VECTOR('',#2262,1.);
#2262 = DIRECTION('',(1.,0.,0.));
#2263 = ORIENTED_EDGE('',*,*,#2264,.T.);
#2264 = EDGE_CURVE('',#2257,#2265,#2267,.T.);
#2265 = VERTEX_POINT('',#2266);
#2266 = CARTESIAN_POINT('',(-0.193051301667,4.6085664656E-02,0.));
#2267 = LINE('',#2268,#2269);
#2268 = CARTESIAN_POINT('',(-0.155246423619,-5.3914335343E-02,0.));
#2269 = VECTOR('',#2270,1.);
#2270 = DIRECTION('',(-0.353622392329,0.93538826358,0.));
#2271 = ORIENTED_EDGE('',*,*,#2272,.T.);
#2272 = EDGE_CURVE('',#2265,#2215,#2273,.T.);
#2273 = LINE('',#2274,#2275);
#2274 = CARTESIAN_POINT('',(-0.193051301667,4.6085664656E-02,0.));
#2275 = VECTOR('',#2276,1.);
#2276 = DIRECTION('',(-1.,0.,0.));
#2277 = FACE_BOUND('',#2278,.T.);
#2278 = EDGE_LOOP('',(#2279,#2289,#2297,#2305,#2313,#2321,#2329,#2337,
    #2345,#2353,#2361,#2369));
#2279 = ORIENTED_EDGE('',*,*,#2280,.T.);
#2280 = EDGE_CURVE('',#2281,#2283,#2285,.T.);
#2281 = VERTEX_POINT('',#2282);
#2282 = CARTESIAN_POINT('',(-4.7929350448E-02,-4.2938725586E-02,0.));
#2283 = VERTEX_POINT('',#2284);
#2284 = CARTESIAN_POINT('',(-4.7929350448E-02,-5.3914335343E-02,0.));
#2285 = LINE('',#2286,#2287);
#2286 = CARTESIAN_POINT('',(-4.7929350448E-02,-4.2938725586E-02,0.));
#2287 = VECTOR('',#2288,1.);
#2288 = DIRECTION('',(0.,-1.,0.));
#2289 = ORIENTED_EDGE('',*,*,#2290,.T.);
#2290 = EDGE_CURVE('',#2283,#2291,#2293,.T.);
#2291 = VERTEX_POINT('',#2292);
#2292 = CARTESIAN_POINT('',(5.729186136E-03,-5.3914335343E-02,0.));
#2293 = LINE('',#2294,#2295);
#2294 = CARTESIAN_POINT('',(-4.7929350448E-02,-5.3914335343E-02,0.));
#2295 = VECTOR('',#2296,1.);
#2296 = DIRECTION('',(1.,0.,0.));
#2297 = ORIENTED_EDGE('',*,*,#2298,.T.);
#2298 = EDGE_CURVE('',#2291,#2299,#2301,.T.);
#2299 = VERTEX_POINT('',#2300);
#2300 = CARTESIAN_POINT('',(5.729186136E-03,4.6085664656E-02,0.));
#2301 = LINE('',#2302,#2303);
#2302 = CARTESIAN_POINT('',(5.729186136E-03,-5.3914335343E-02,0.));
#2303 = VECTOR('',#2304,1.);
#2304 = DIRECTION('',(0.,1.,0.));
#2305 = ORIENTED_EDGE('',*,*,#2306,.T.);
#2306 = EDGE_CURVE('',#2299,#2307,#2309,.T.);
#2307 = VERTEX_POINT('',#2308);
#2308 = CARTESIAN_POINT('',(-4.5490326058E-02,4.6085664656E-02,0.));
#2309 = LINE('',#2310,#2311);
#2310 = CARTESIAN_POINT('',(5.729186136E-03,4.6085664656E-02,0.));
#2311 = VECTOR('',#2312,1.);
#2312 = DIRECTION('',(-1.,0.,0.));
#2313 = ORIENTED_EDGE('',*,*,#2314,.T.);
#2314 = EDGE_CURVE('',#2307,#2315,#2317,.T.);
#2315 = VERTEX_POINT('',#2316);
#2316 = CARTESIAN_POINT('',(-4.5490326058E-02,3.51100549E-02,0.));
#2317 = LINE('',#2318,#2319);
#2318 = CARTESIAN_POINT('',(-4.5490326058E-02,4.6085664656E-02,0.));
#2319 = VECTOR('',#2320,1.);
#2320 = DIRECTION('',(0.,-1.,0.));
#2321 = ORIENTED_EDGE('',*,*,#2322,.T.);
#2322 = EDGE_CURVE('',#2315,#2323,#2325,.T.);
#2323 = VERTEX_POINT('',#2324);
#2324 = CARTESIAN_POINT('',(-7.685448009E-03,3.51100549E-02,0.));
#2325 = LINE('',#2326,#2327);
#2326 = CARTESIAN_POINT('',(-4.5490326058E-02,3.51100549E-02,0.));
#2327 = VECTOR('',#2328,1.);
#2328 = DIRECTION('',(1.,0.,0.));
#2329 = ORIENTED_EDGE('',*,*,#2330,.T.);
#2330 = EDGE_CURVE('',#2323,#2331,#2333,.T.);
#2331 = VERTEX_POINT('',#2332);
#2332 = CARTESIAN_POINT('',(-7.685448009E-03,2.183225632E-03,0.));
#2333 = LINE('',#2334,#2335);
#2334 = CARTESIAN_POINT('',(-7.685448009E-03,3.51100549E-02,0.));
#2335 = VECTOR('',#2336,1.);
#2336 = DIRECTION('',(0.,-1.,0.));
#2337 = ORIENTED_EDGE('',*,*,#2338,.T.);
#2338 = EDGE_CURVE('',#2331,#2339,#2341,.T.);
#2339 = VERTEX_POINT('',#2340);
#2340 = CARTESIAN_POINT('',(-4.3051301667E-02,2.183225632E-03,0.));
#2341 = LINE('',#2342,#2343);
#2342 = CARTESIAN_POINT('',(-7.685448009E-03,2.183225632E-03,0.));
#2343 = VECTOR('',#2344,1.);
#2344 = DIRECTION('',(-1.,0.,0.));
#2345 = ORIENTED_EDGE('',*,*,#2346,.T.);
#2346 = EDGE_CURVE('',#2339,#2347,#2349,.T.);
#2347 = VERTEX_POINT('',#2348);
#2348 = CARTESIAN_POINT('',(-4.3051301667E-02,-8.792384123E-03,0.));
#2349 = LINE('',#2350,#2351);
#2350 = CARTESIAN_POINT('',(-4.3051301667E-02,2.183225632E-03,0.));
#2351 = VECTOR('',#2352,1.);
#2352 = DIRECTION('',(0.,-1.,0.));
#2353 = ORIENTED_EDGE('',*,*,#2354,.T.);
#2354 = EDGE_CURVE('',#2347,#2355,#2357,.T.);
#2355 = VERTEX_POINT('',#2356);
#2356 = CARTESIAN_POINT('',(-7.685448009E-03,-8.792384123E-03,0.));
#2357 = LINE('',#2358,#2359);
#2358 = CARTESIAN_POINT('',(-4.3051301667E-02,-8.792384123E-03,0.));
#2359 = VECTOR('',#2360,1.);
#2360 = DIRECTION('',(1.,0.,0.));
#2361 = ORIENTED_EDGE('',*,*,#2362,.T.);
#2362 = EDGE_CURVE('',#2355,#2363,#2365,.T.);
#2363 = VERTEX_POINT('',#2364);
#2364 = CARTESIAN_POINT('',(-7.685448009E-03,-4.2938725586E-02,0.));
#2365 = LINE('',#2366,#2367);
#2366 = CARTESIAN_POINT('',(-7.685448009E-03,-8.792384123E-03,0.));
#2367 = VECTOR('',#2368,1.);
#2368 = DIRECTION('',(0.,-1.,0.));
#2369 = ORIENTED_EDGE('',*,*,#2370,.T.);
#2370 = EDGE_CURVE('',#2363,#2281,#2371,.T.);
#2371 = LINE('',#2372,#2373);
#2372 = CARTESIAN_POINT('',(-7.685448009E-03,-4.2938725586E-02,0.));
#2373 = VECTOR('',#2374,1.);
#2374 = DIRECTION('',(-1.,0.,0.));
#2375 = FACE_BOUND('',#2376,.T.);
#2376 = EDGE_LOOP('',(#2377,#2387,#2395,#2403,#2411,#2419));
#2377 = ORIENTED_EDGE('',*,*,#2378,.T.);
#2378 = EDGE_CURVE('',#2379,#2381,#2383,.T.);
#2379 = VERTEX_POINT('',#2380);
#2380 = CARTESIAN_POINT('',(0.108168210527,-4.2938725586E-02,0.));
#2381 = VERTEX_POINT('',#2382);
#2382 = CARTESIAN_POINT('',(0.108168210527,-5.3914335343E-02,0.));
#2383 = LINE('',#2384,#2385);
#2384 = CARTESIAN_POINT('',(0.108168210527,-4.2938725586E-02,0.));
#2385 = VECTOR('',#2386,1.);
#2386 = DIRECTION('',(0.,-1.,0.));
#2387 = ORIENTED_EDGE('',*,*,#2388,.T.);
#2388 = EDGE_CURVE('',#2381,#2389,#2391,.T.);
#2389 = VERTEX_POINT('',#2390);
#2390 = CARTESIAN_POINT('',(0.159387722722,-5.3914335343E-02,0.));
#2391 = LINE('',#2392,#2393);
#2392 = CARTESIAN_POINT('',(0.108168210527,-5.3914335343E-02,0.));
#2393 = VECTOR('',#2394,1.);
#2394 = DIRECTION('',(1.,0.,0.));
#2395 = ORIENTED_EDGE('',*,*,#2396,.T.);
#2396 = EDGE_CURVE('',#2389,#2397,#2399,.T.);
#2397 = VERTEX_POINT('',#2398);
#2398 = CARTESIAN_POINT('',(0.159387722722,4.6085664656E-02,0.));
#2399 = LINE('',#2400,#2401);
#2400 = CARTESIAN_POINT('',(0.159387722722,-5.3914335343E-02,0.));
#2401 = VECTOR('',#2402,1.);
#2402 = DIRECTION('',(0.,1.,0.));
#2403 = ORIENTED_EDGE('',*,*,#2404,.T.);
#2404 = EDGE_CURVE('',#2397,#2405,#2407,.T.);
#2405 = VERTEX_POINT('',#2406);
#2406 = CARTESIAN_POINT('',(0.145973088575,4.6085664656E-02,0.));
#2407 = LINE('',#2408,#2409);
#2408 = CARTESIAN_POINT('',(0.159387722722,4.6085664656E-02,0.));
#2409 = VECTOR('',#2410,1.);
#2410 = DIRECTION('',(-1.,0.,0.));
#2411 = ORIENTED_EDGE('',*,*,#2412,.T.);
#2412 = EDGE_CURVE('',#2405,#2413,#2415,.T.);
#2413 = VERTEX_POINT('',#2414);
#2414 = CARTESIAN_POINT('',(0.145973088575,-4.2938725586E-02,0.));
#2415 = LINE('',#2416,#2417);
#2416 = CARTESIAN_POINT('',(0.145973088575,4.6085664656E-02,0.));
#2417 = VECTOR('',#2418,1.);
#2418 = DIRECTION('',(0.,-1.,0.));
#2419 = ORIENTED_EDGE('',*,*,#2420,.T.);
#2420 = EDGE_CURVE('',#2413,#2379,#2421,.T.);
#2421 = LINE('',#2422,#2423);
#2422 = CARTESIAN_POINT('',(0.145973088575,-4.2938725586E-02,0.));
#2423 = VECTOR('',#2424,1.);
#2424 = DIRECTION('',(-1.,0.,0.));
#2425 = PLANE('',#2426);
#2426 = AXIS2_PLACEMENT_3D('',#2427,#2428,#2429);
#2427 = CARTESIAN_POINT('',(0.,0.,0.));
#2428 = DIRECTION('',(0.,0.,1.));
#2429 = DIRECTION('',(1.,0.,-0.));
#2430 = ADVANCED_FACE('',(#2431),#2481,.F.);
#2431 = FACE_BOUND('',#2432,.F.);
#2432 = EDGE_LOOP('',(#2433,#2434,#2442,#2451,#2457,#2458,#2466,#2475));
#2433 = ORIENTED_EDGE('',*,*,#1910,.T.);
#2434 = ORIENTED_EDGE('',*,*,#2435,.T.);
#2435 = EDGE_CURVE('',#1911,#2436,#2438,.T.);
#2436 = VERTEX_POINT('',#2437);
#2437 = CARTESIAN_POINT('',(1.45,-1.249999999999,0.5));
#2438 = LINE('',#2439,#2440);
#2439 = CARTESIAN_POINT('',(1.45,-1.249999999999,0.));
#2440 = VECTOR('',#2441,1.);
#2441 = DIRECTION('',(0.,0.,1.));
#2442 = ORIENTED_EDGE('',*,*,#2443,.F.);
#2443 = EDGE_CURVE('',#2444,#2436,#2446,.T.);
#2444 = VERTEX_POINT('',#2445);
#2445 = CARTESIAN_POINT('',(1.6,-1.099999999999,0.5));
#2446 = CIRCLE('',#2447,0.149999999999);
#2447 = AXIS2_PLACEMENT_3D('',#2448,#2449,#2450);
#2448 = CARTESIAN_POINT('',(1.6,-1.249999999999,0.5));
#2449 = DIRECTION('',(0.,0.,1.));
#2450 = DIRECTION('',(-1.,0.,0.));
#2451 = ORIENTED_EDGE('',*,*,#2452,.T.);
#2452 = EDGE_CURVE('',#2444,#2150,#2453,.T.);
#2453 = LINE('',#2454,#2455);
#2454 = CARTESIAN_POINT('',(1.6,-1.099999999999,0.));
#2455 = VECTOR('',#2456,1.);
#2456 = DIRECTION('',(0.,0.,-1.));
#2457 = ORIENTED_EDGE('',*,*,#2157,.T.);
#2458 = ORIENTED_EDGE('',*,*,#2459,.T.);
#2459 = EDGE_CURVE('',#2158,#2460,#2462,.T.);
#2460 = VERTEX_POINT('',#2461);
#2461 = CARTESIAN_POINT('',(1.590313112747,-1.100313112747,0.2));
#2462 = LINE('',#2463,#2464);
#2463 = CARTESIAN_POINT('',(1.590313112747,-1.100313112747,0.));
#2464 = VECTOR('',#2465,1.);
#2465 = DIRECTION('',(0.,0.,1.));
#2466 = ORIENTED_EDGE('',*,*,#2467,.T.);
#2467 = EDGE_CURVE('',#2460,#2468,#2470,.T.);
#2468 = VERTEX_POINT('',#2469);
#2469 = CARTESIAN_POINT('',(1.450313112747,-1.240313112747,0.2));
#2470 = CIRCLE('',#2471,0.149999999999);
#2471 = AXIS2_PLACEMENT_3D('',#2472,#2473,#2474);
#2472 = CARTESIAN_POINT('',(1.6,-1.249999999999,0.2));
#2473 = DIRECTION('',(0.,0.,1.));
#2474 = DIRECTION('',(-1.,-1.445602896647E-15,0.));
#2475 = ORIENTED_EDGE('',*,*,#2476,.T.);
#2476 = EDGE_CURVE('',#2468,#1901,#2477,.T.);
#2477 = LINE('',#2478,#2479);
#2478 = CARTESIAN_POINT('',(1.450313112747,-1.240313112747,0.));
#2479 = VECTOR('',#2480,1.);
#2480 = DIRECTION('',(0.,0.,-1.));
#2481 = CYLINDRICAL_SURFACE('',#2482,0.149999999999);
#2482 = AXIS2_PLACEMENT_3D('',#2483,#2484,#2485);
#2483 = CARTESIAN_POINT('',(1.6,-1.249999999999,0.));
#2484 = DIRECTION('',(0.,0.,1.));
#2485 = DIRECTION('',(1.,0.,-0.));
#2486 = ADVANCED_FACE('',(#2487),#2512,.F.);
#2487 = FACE_BOUND('',#2488,.T.);
#2488 = EDGE_LOOP('',(#2489,#2497,#2505,#2511));
#2489 = ORIENTED_EDGE('',*,*,#2490,.T.);
#2490 = EDGE_CURVE('',#2167,#2491,#2493,.T.);
#2491 = VERTEX_POINT('',#2492);
#2492 = CARTESIAN_POINT('',(1.5,-1.01,-1.E-02));
#2493 = LINE('',#2494,#2495);
#2494 = CARTESIAN_POINT('',(1.5,-1.01,0.2));
#2495 = VECTOR('',#2496,1.);
#2496 = DIRECTION('',(0.,0.,-1.));
#2497 = ORIENTED_EDGE('',*,*,#2498,.F.);
#2498 = EDGE_CURVE('',#2499,#2491,#2501,.T.);
#2499 = VERTEX_POINT('',#2500);
#2500 = CARTESIAN_POINT('',(1.5,-0.35,-1.E-02));
#2501 = LINE('',#2502,#2503);
#2502 = CARTESIAN_POINT('',(1.5,-1.129999999999,-1.E-02));
#2503 = VECTOR('',#2504,1.);
#2504 = DIRECTION('',(0.,-1.,0.));
#2505 = ORIENTED_EDGE('',*,*,#2506,.T.);
#2506 = EDGE_CURVE('',#2499,#2175,#2507,.T.);
#2507 = LINE('',#2508,#2509);
#2508 = CARTESIAN_POINT('',(1.5,-0.35,-1.E-02));
#2509 = VECTOR('',#2510,1.);
#2510 = DIRECTION('',(0.,0.,1.));
#2511 = ORIENTED_EDGE('',*,*,#2174,.T.);
#2512 = PLANE('',#2513);
#2513 = AXIS2_PLACEMENT_3D('',#2514,#2515,#2516);
#2514 = CARTESIAN_POINT('',(1.5,-1.129999999999,-1.E-02));
#2515 = DIRECTION('',(-1.,0.,0.));
#2516 = DIRECTION('',(0.,0.,1.));
#2517 = ADVANCED_FACE('',(#2518),#2543,.F.);
#2518 = FACE_BOUND('',#2519,.T.);
#2519 = EDGE_LOOP('',(#2520,#2528,#2529,#2537));
#2520 = ORIENTED_EDGE('',*,*,#2521,.F.);
#2521 = EDGE_CURVE('',#1903,#2522,#2524,.T.);
#2522 = VERTEX_POINT('',#2523);
#2523 = CARTESIAN_POINT('',(1.34,-1.129999999999,-1.E-02));
#2524 = LINE('',#2525,#2526);
#2525 = CARTESIAN_POINT('',(1.34,-1.129999999999,0.2));
#2526 = VECTOR('',#2527,1.);
#2527 = DIRECTION('',(0.,0.,-1.));
#2528 = ORIENTED_EDGE('',*,*,#2206,.T.);
#2529 = ORIENTED_EDGE('',*,*,#2530,.F.);
#2530 = EDGE_CURVE('',#2531,#2199,#2533,.T.);
#2531 = VERTEX_POINT('',#2532);
#2532 = CARTESIAN_POINT('',(0.599999999999,-1.129999999999,-1.E-02));
#2533 = LINE('',#2534,#2535);
#2534 = CARTESIAN_POINT('',(0.599999999999,-1.129999999999,-1.E-02));
#2535 = VECTOR('',#2536,1.);
#2536 = DIRECTION('',(0.,0.,1.));
#2537 = ORIENTED_EDGE('',*,*,#2538,.F.);
#2538 = EDGE_CURVE('',#2522,#2531,#2539,.T.);
#2539 = LINE('',#2540,#2541);
#2540 = CARTESIAN_POINT('',(1.5,-1.129999999999,-1.E-02));
#2541 = VECTOR('',#2542,1.);
#2542 = DIRECTION('',(-1.,-2.409338161078E-16,0.));
#2543 = PLANE('',#2544);
#2544 = AXIS2_PLACEMENT_3D('',#2545,#2546,#2547);
#2545 = CARTESIAN_POINT('',(1.5,-1.129999999999,-1.E-02));
#2546 = DIRECTION('',(-2.409338161078E-16,1.,0.));
#2547 = DIRECTION('',(-1.,-2.409338161078E-16,0.));
#2548 = ADVANCED_FACE('',(#2549),#2599,.F.);
#2549 = FACE_BOUND('',#2550,.F.);
#2550 = EDGE_LOOP('',(#2551,#2552,#2560,#2569,#2575,#2576,#2584,#2593));
#2551 = ORIENTED_EDGE('',*,*,#2066,.T.);
#2552 = ORIENTED_EDGE('',*,*,#2553,.T.);
#2553 = EDGE_CURVE('',#2067,#2554,#2556,.T.);
#2554 = VERTEX_POINT('',#2555);
#2555 = CARTESIAN_POINT('',(-1.45,1.25,0.5));
#2556 = LINE('',#2557,#2558);
#2557 = CARTESIAN_POINT('',(-1.45,1.25,0.));
#2558 = VECTOR('',#2559,1.);
#2559 = DIRECTION('',(0.,0.,1.));
#2560 = ORIENTED_EDGE('',*,*,#2561,.F.);
#2561 = EDGE_CURVE('',#2562,#2554,#2564,.T.);
#2562 = VERTEX_POINT('',#2563);
#2563 = CARTESIAN_POINT('',(-1.6,1.099999999999,0.5));
#2564 = CIRCLE('',#2565,0.149999999999);
#2565 = AXIS2_PLACEMENT_3D('',#2566,#2567,#2568);
#2566 = CARTESIAN_POINT('',(-1.6,1.249999999999,0.5));
#2567 = DIRECTION('',(0.,0.,1.));
#2568 = DIRECTION('',(-1.,0.,0.));
#2569 = ORIENTED_EDGE('',*,*,#2570,.T.);
#2570 = EDGE_CURVE('',#2562,#2002,#2571,.T.);
#2571 = LINE('',#2572,#2573);
#2572 = CARTESIAN_POINT('',(-1.6,1.099999999999,0.));
#2573 = VECTOR('',#2574,1.);
#2574 = DIRECTION('',(0.,0.,-1.));
#2575 = ORIENTED_EDGE('',*,*,#2009,.T.);
#2576 = ORIENTED_EDGE('',*,*,#2577,.T.);
#2577 = EDGE_CURVE('',#2010,#2578,#2580,.T.);
#2578 = VERTEX_POINT('',#2579);
#2579 = CARTESIAN_POINT('',(-1.590313112747,1.100313112747,0.2));
#2580 = LINE('',#2581,#2582);
#2581 = CARTESIAN_POINT('',(-1.590313112747,1.100313112747,0.));
#2582 = VECTOR('',#2583,1.);
#2583 = DIRECTION('',(0.,0.,1.));
#2584 = ORIENTED_EDGE('',*,*,#2585,.T.);
#2585 = EDGE_CURVE('',#2578,#2586,#2588,.T.);
#2586 = VERTEX_POINT('',#2587);
#2587 = CARTESIAN_POINT('',(-1.450313112747,1.240313112747,0.2));
#2588 = CIRCLE('',#2589,0.149999999999);
#2589 = AXIS2_PLACEMENT_3D('',#2590,#2591,#2592);
#2590 = CARTESIAN_POINT('',(-1.6,1.249999999999,0.2));
#2591 = DIRECTION('',(0.,0.,1.));
#2592 = DIRECTION('',(-1.,0.,0.));
#2593 = ORIENTED_EDGE('',*,*,#2594,.T.);
#2594 = EDGE_CURVE('',#2586,#2059,#2595,.T.);
#2595 = LINE('',#2596,#2597);
#2596 = CARTESIAN_POINT('',(-1.450313112747,1.240313112747,0.));
#2597 = VECTOR('',#2598,1.);
#2598 = DIRECTION('',(0.,0.,-1.));
#2599 = CYLINDRICAL_SURFACE('',#2600,0.149999999999);
#2600 = AXIS2_PLACEMENT_3D('',#2601,#2602,#2603);
#2601 = CARTESIAN_POINT('',(-1.6,1.249999999999,0.));
#2602 = DIRECTION('',(0.,0.,1.));
#2603 = DIRECTION('',(1.,0.,-0.));
#2604 = ADVANCED_FACE('',(#2605),#2630,.F.);
#2605 = FACE_BOUND('',#2606,.T.);
#2606 = EDGE_LOOP('',(#2607,#2615,#2623,#2629));
#2607 = ORIENTED_EDGE('',*,*,#2608,.T.);
#2608 = EDGE_CURVE('',#2019,#2609,#2611,.T.);
#2609 = VERTEX_POINT('',#2610);
#2610 = CARTESIAN_POINT('',(-1.5,1.01,-1.E-02));
#2611 = LINE('',#2612,#2613);
#2612 = CARTESIAN_POINT('',(-1.5,1.01,0.2));
#2613 = VECTOR('',#2614,1.);
#2614 = DIRECTION('',(0.,0.,-1.));
#2615 = ORIENTED_EDGE('',*,*,#2616,.F.);
#2616 = EDGE_CURVE('',#2617,#2609,#2619,.T.);
#2617 = VERTEX_POINT('',#2618);
#2618 = CARTESIAN_POINT('',(-1.5,0.349999999999,-1.E-02));
#2619 = LINE('',#2620,#2621);
#2620 = CARTESIAN_POINT('',(-1.5,1.129999999999,-1.E-02));
#2621 = VECTOR('',#2622,1.);
#2622 = DIRECTION('',(-2.780005570475E-16,1.,0.));
#2623 = ORIENTED_EDGE('',*,*,#2624,.T.);
#2624 = EDGE_CURVE('',#2617,#2027,#2625,.T.);
#2625 = LINE('',#2626,#2627);
#2626 = CARTESIAN_POINT('',(-1.5,0.349999999999,-1.E-02));
#2627 = VECTOR('',#2628,1.);
#2628 = DIRECTION('',(0.,0.,1.));
#2629 = ORIENTED_EDGE('',*,*,#2026,.T.);
#2630 = PLANE('',#2631);
#2631 = AXIS2_PLACEMENT_3D('',#2632,#2633,#2634);
#2632 = CARTESIAN_POINT('',(-1.5,1.129999999999,-1.E-02));
#2633 = DIRECTION('',(1.,2.780005570475E-16,0.));
#2634 = DIRECTION('',(-2.780005570475E-16,1.,0.));
#2635 = ADVANCED_FACE('',(#2636),#2661,.F.);
#2636 = FACE_BOUND('',#2637,.T.);
#2637 = EDGE_LOOP('',(#2638,#2646,#2647,#2655));
#2638 = ORIENTED_EDGE('',*,*,#2639,.F.);
#2639 = EDGE_CURVE('',#2051,#2640,#2642,.T.);
#2640 = VERTEX_POINT('',#2641);
#2641 = CARTESIAN_POINT('',(-1.34,1.129999999999,-1.E-02));
#2642 = LINE('',#2643,#2644);
#2643 = CARTESIAN_POINT('',(-1.34,1.129999999999,0.2));
#2644 = VECTOR('',#2645,1.);
#2645 = DIRECTION('',(0.,0.,-1.));
#2646 = ORIENTED_EDGE('',*,*,#2050,.T.);
#2647 = ORIENTED_EDGE('',*,*,#2648,.F.);
#2648 = EDGE_CURVE('',#2649,#2043,#2651,.T.);
#2649 = VERTEX_POINT('',#2650);
#2650 = CARTESIAN_POINT('',(-0.6,1.129999999999,-1.E-02));
#2651 = LINE('',#2652,#2653);
#2652 = CARTESIAN_POINT('',(-0.6,1.129999999999,-1.E-02));
#2653 = VECTOR('',#2654,1.);
#2654 = DIRECTION('',(0.,0.,1.));
#2655 = ORIENTED_EDGE('',*,*,#2656,.F.);
#2656 = EDGE_CURVE('',#2640,#2649,#2657,.T.);
#2657 = LINE('',#2658,#2659);
#2658 = CARTESIAN_POINT('',(-1.5,1.129999999999,-1.E-02));
#2659 = VECTOR('',#2660,1.);
#2660 = DIRECTION('',(1.,7.228014483236E-16,0.));
#2661 = PLANE('',#2662);
#2662 = AXIS2_PLACEMENT_3D('',#2663,#2664,#2665);
#2663 = CARTESIAN_POINT('',(-1.5,1.129999999999,-1.E-02));
#2664 = DIRECTION('',(7.228014483236E-16,-1.,0.));
#2665 = DIRECTION('',(1.,7.228014483236E-16,0.));
#2666 = ADVANCED_FACE('',(#2667),#2685,.F.);
#2667 = FACE_BOUND('',#2668,.T.);
#2668 = EDGE_LOOP('',(#2669,#2677,#2678,#2679));
#2669 = ORIENTED_EDGE('',*,*,#2670,.F.);
#2670 = EDGE_CURVE('',#2444,#2671,#2673,.T.);
#2671 = VERTEX_POINT('',#2672);
#2672 = CARTESIAN_POINT('',(1.599999999999,1.099999999999,0.5));
#2673 = LINE('',#2674,#2675);
#2674 = CARTESIAN_POINT('',(1.599999999999,1.25,0.5));
#2675 = VECTOR('',#2676,1.);
#2676 = DIRECTION('',(-1.734723475976E-16,1.,0.));
#2677 = ORIENTED_EDGE('',*,*,#2452,.T.);
#2678 = ORIENTED_EDGE('',*,*,#2149,.T.);
#2679 = ORIENTED_EDGE('',*,*,#2680,.T.);
#2680 = EDGE_CURVE('',#2141,#2671,#2681,.T.);
#2681 = LINE('',#2682,#2683);
#2682 = CARTESIAN_POINT('',(1.599999999999,1.099999999999,0.));
#2683 = VECTOR('',#2684,1.);
#2684 = DIRECTION('',(0.,0.,1.));
#2685 = PLANE('',#2686);
#2686 = AXIS2_PLACEMENT_3D('',#2687,#2688,#2689);
#2687 = CARTESIAN_POINT('',(1.599999999999,1.25,0.5));
#2688 = DIRECTION('',(-1.,-1.734723475976E-16,0.));
#2689 = DIRECTION('',(1.734723475976E-16,-1.,0.));
#2690 = ADVANCED_FACE('',(#2691),#2709,.F.);
#2691 = FACE_BOUND('',#2692,.T.);
#2692 = EDGE_LOOP('',(#2693,#2701,#2707,#2708));
#2693 = ORIENTED_EDGE('',*,*,#2694,.F.);
#2694 = EDGE_CURVE('',#2695,#2554,#2697,.T.);
#2695 = VERTEX_POINT('',#2696);
#2696 = CARTESIAN_POINT('',(1.45,1.25,0.5));
#2697 = LINE('',#2698,#2699);
#2698 = CARTESIAN_POINT('',(-1.6,1.25,0.5));
#2699 = VECTOR('',#2700,1.);
#2700 = DIRECTION('',(-1.,0.,0.));
#2701 = ORIENTED_EDGE('',*,*,#2702,.T.);
#2702 = EDGE_CURVE('',#2695,#2076,#2703,.T.);
#2703 = LINE('',#2704,#2705);
#2704 = CARTESIAN_POINT('',(1.45,1.25,0.));
#2705 = VECTOR('',#2706,1.);
#2706 = DIRECTION('',(0.,0.,-1.));
#2707 = ORIENTED_EDGE('',*,*,#2075,.T.);
#2708 = ORIENTED_EDGE('',*,*,#2553,.T.);
#2709 = PLANE('',#2710);
#2710 = AXIS2_PLACEMENT_3D('',#2711,#2712,#2713);
#2711 = CARTESIAN_POINT('',(-1.6,1.25,0.5));
#2712 = DIRECTION('',(0.,-1.,0.));
#2713 = DIRECTION('',(0.,0.,-1.));
#2714 = ADVANCED_FACE('',(#2715),#2733,.F.);
#2715 = FACE_BOUND('',#2716,.T.);
#2716 = EDGE_LOOP('',(#2717,#2725,#2726,#2727));
#2717 = ORIENTED_EDGE('',*,*,#2718,.F.);
#2718 = EDGE_CURVE('',#2562,#2719,#2721,.T.);
#2719 = VERTEX_POINT('',#2720);
#2720 = CARTESIAN_POINT('',(-1.6,-1.099999999999,0.5));
#2721 = LINE('',#2722,#2723);
#2722 = CARTESIAN_POINT('',(-1.6,1.25,0.5));
#2723 = VECTOR('',#2724,1.);
#2724 = DIRECTION('',(0.,-1.,0.));
#2725 = ORIENTED_EDGE('',*,*,#2570,.T.);
#2726 = ORIENTED_EDGE('',*,*,#2001,.T.);
#2727 = ORIENTED_EDGE('',*,*,#2728,.T.);
#2728 = EDGE_CURVE('',#1993,#2719,#2729,.T.);
#2729 = LINE('',#2730,#2731);
#2730 = CARTESIAN_POINT('',(-1.6,-1.099999999999,0.));
#2731 = VECTOR('',#2732,1.);
#2732 = DIRECTION('',(0.,0.,1.));
#2733 = PLANE('',#2734);
#2734 = AXIS2_PLACEMENT_3D('',#2735,#2736,#2737);
#2735 = CARTESIAN_POINT('',(-1.6,1.25,0.5));
#2736 = DIRECTION('',(1.,0.,0.));
#2737 = DIRECTION('',(0.,0.,-1.));
#2738 = ADVANCED_FACE('',(#2739),#2757,.F.);
#2739 = FACE_BOUND('',#2740,.T.);
#2740 = EDGE_LOOP('',(#2741,#2742,#2743,#2751));
#2741 = ORIENTED_EDGE('',*,*,#1919,.T.);
#2742 = ORIENTED_EDGE('',*,*,#2435,.T.);
#2743 = ORIENTED_EDGE('',*,*,#2744,.F.);
#2744 = EDGE_CURVE('',#2745,#2436,#2747,.T.);
#2745 = VERTEX_POINT('',#2746);
#2746 = CARTESIAN_POINT('',(-1.45,-1.249999999999,0.5));
#2747 = LINE('',#2748,#2749);
#2748 = CARTESIAN_POINT('',(-1.6,-1.249999999999,0.5));
#2749 = VECTOR('',#2750,1.);
#2750 = DIRECTION('',(1.,0.,0.));
#2751 = ORIENTED_EDGE('',*,*,#2752,.T.);
#2752 = EDGE_CURVE('',#2745,#1920,#2753,.T.);
#2753 = LINE('',#2754,#2755);
#2754 = CARTESIAN_POINT('',(-1.45,-1.249999999999,0.));
#2755 = VECTOR('',#2756,1.);
#2756 = DIRECTION('',(0.,0.,-1.));
#2757 = PLANE('',#2758);
#2758 = AXIS2_PLACEMENT_3D('',#2759,#2760,#2761);
#2759 = CARTESIAN_POINT('',(-1.6,-1.249999999999,0.5));
#2760 = DIRECTION('',(0.,1.,0.));
#2761 = DIRECTION('',(0.,-0.,1.));
#2762 = ADVANCED_FACE('',(#2763,#2785),#2855,.T.);
#2763 = FACE_BOUND('',#2764,.T.);
#2764 = EDGE_LOOP('',(#2765,#2766,#2767,#2774,#2775,#2776,#2777,#2784));
#2765 = ORIENTED_EDGE('',*,*,#2443,.F.);
#2766 = ORIENTED_EDGE('',*,*,#2670,.T.);
#2767 = ORIENTED_EDGE('',*,*,#2768,.F.);
#2768 = EDGE_CURVE('',#2695,#2671,#2769,.T.);
#2769 = CIRCLE('',#2770,0.149999999999);
#2770 = AXIS2_PLACEMENT_3D('',#2771,#2772,#2773);
#2771 = CARTESIAN_POINT('',(1.6,1.249999999999,0.5));
#2772 = DIRECTION('',(0.,0.,1.));
#2773 = DIRECTION('',(1.,0.,-0.));
#2774 = ORIENTED_EDGE('',*,*,#2694,.T.);
#2775 = ORIENTED_EDGE('',*,*,#2561,.F.);
#2776 = ORIENTED_EDGE('',*,*,#2718,.T.);
#2777 = ORIENTED_EDGE('',*,*,#2778,.F.);
#2778 = EDGE_CURVE('',#2745,#2719,#2779,.T.);
#2779 = CIRCLE('',#2780,0.149999999999);
#2780 = AXIS2_PLACEMENT_3D('',#2781,#2782,#2783);
#2781 = CARTESIAN_POINT('',(-1.6,-1.249999999999,0.5));
#2782 = DIRECTION('',(0.,0.,1.));
#2783 = DIRECTION('',(1.,0.,-0.));
#2784 = ORIENTED_EDGE('',*,*,#2744,.T.);
#2785 = FACE_BOUND('',#2786,.T.);
#2786 = EDGE_LOOP('',(#2787,#2797,#2806,#2814,#2823,#2831,#2840,#2848));
#2787 = ORIENTED_EDGE('',*,*,#2788,.T.);
#2788 = EDGE_CURVE('',#2789,#2791,#2793,.T.);
#2789 = VERTEX_POINT('',#2790);
#2790 = CARTESIAN_POINT('',(1.35,-1.169999999999,0.5));
#2791 = VERTEX_POINT('',#2792);
#2792 = CARTESIAN_POINT('',(-1.35,-1.169999999999,0.5));
#2793 = LINE('',#2794,#2795);
#2794 = CARTESIAN_POINT('',(0.,-1.169999999999,0.5));
#2795 = VECTOR('',#2796,1.);
#2796 = DIRECTION('',(-1.,0.,0.));
#2797 = ORIENTED_EDGE('',*,*,#2798,.T.);
#2798 = EDGE_CURVE('',#2791,#2799,#2801,.T.);
#2799 = VERTEX_POINT('',#2800);
#2800 = CARTESIAN_POINT('',(-1.52,-0.999999999999,0.5));
#2801 = CIRCLE('',#2802,0.17);
#2802 = AXIS2_PLACEMENT_3D('',#2803,#2804,#2805);
#2803 = CARTESIAN_POINT('',(-1.35,-0.999999999999,0.5));
#2804 = DIRECTION('',(0.,0.,-1.));
#2805 = DIRECTION('',(1.,0.,0.));
#2806 = ORIENTED_EDGE('',*,*,#2807,.T.);
#2807 = EDGE_CURVE('',#2799,#2808,#2810,.T.);
#2808 = VERTEX_POINT('',#2809);
#2809 = CARTESIAN_POINT('',(-1.52,1.,0.5));
#2810 = LINE('',#2811,#2812);
#2811 = CARTESIAN_POINT('',(-1.52,0.,0.5));
#2812 = VECTOR('',#2813,1.);
#2813 = DIRECTION('',(0.,1.,0.));
#2814 = ORIENTED_EDGE('',*,*,#2815,.T.);
#2815 = EDGE_CURVE('',#2808,#2816,#2818,.T.);
#2816 = VERTEX_POINT('',#2817);
#2817 = CARTESIAN_POINT('',(-1.35,1.17,0.5));
#2818 = CIRCLE('',#2819,0.17);
#2819 = AXIS2_PLACEMENT_3D('',#2820,#2821,#2822);
#2820 = CARTESIAN_POINT('',(-1.35,1.,0.5));
#2821 = DIRECTION('',(0.,0.,-1.));
#2822 = DIRECTION('',(1.,0.,0.));
#2823 = ORIENTED_EDGE('',*,*,#2824,.T.);
#2824 = EDGE_CURVE('',#2816,#2825,#2827,.T.);
#2825 = VERTEX_POINT('',#2826);
#2826 = CARTESIAN_POINT('',(1.349999999999,1.17,0.5));
#2827 = LINE('',#2828,#2829);
#2828 = CARTESIAN_POINT('',(0.,1.17,0.5));
#2829 = VECTOR('',#2830,1.);
#2830 = DIRECTION('',(1.,0.,0.));
#2831 = ORIENTED_EDGE('',*,*,#2832,.T.);
#2832 = EDGE_CURVE('',#2825,#2833,#2835,.T.);
#2833 = VERTEX_POINT('',#2834);
#2834 = CARTESIAN_POINT('',(1.519999999999,1.,0.5));
#2835 = CIRCLE('',#2836,0.17);
#2836 = AXIS2_PLACEMENT_3D('',#2837,#2838,#2839);
#2837 = CARTESIAN_POINT('',(1.349999999999,1.,0.5));
#2838 = DIRECTION('',(0.,0.,-1.));
#2839 = DIRECTION('',(1.,0.,0.));
#2840 = ORIENTED_EDGE('',*,*,#2841,.T.);
#2841 = EDGE_CURVE('',#2833,#2842,#2844,.T.);
#2842 = VERTEX_POINT('',#2843);
#2843 = CARTESIAN_POINT('',(1.52,-0.999999999999,0.5));
#2844 = LINE('',#2845,#2846);
#2845 = CARTESIAN_POINT('',(1.52,2.866064873352E-16,0.5));
#2846 = VECTOR('',#2847,1.);
#2847 = DIRECTION('',(1.885568995626E-16,-1.,0.));
#2848 = ORIENTED_EDGE('',*,*,#2849,.T.);
#2849 = EDGE_CURVE('',#2842,#2789,#2850,.T.);
#2850 = CIRCLE('',#2851,0.17);
#2851 = AXIS2_PLACEMENT_3D('',#2852,#2853,#2854);
#2852 = CARTESIAN_POINT('',(1.35,-0.999999999999,0.5));
#2853 = DIRECTION('',(0.,0.,-1.));
#2854 = DIRECTION('',(1.,0.,0.));
#2855 = PLANE('',#2856);
#2856 = AXIS2_PLACEMENT_3D('',#2857,#2858,#2859);
#2857 = CARTESIAN_POINT('',(0.,0.,0.5));
#2858 = DIRECTION('',(0.,0.,1.));
#2859 = DIRECTION('',(1.,0.,-0.));
#2860 = ADVANCED_FACE('',(#2861),#2895,.F.);
#2861 = FACE_BOUND('',#2862,.T.);
#2862 = EDGE_LOOP('',(#2863,#2873,#2881,#2889));
#2863 = ORIENTED_EDGE('',*,*,#2864,.T.);
#2864 = EDGE_CURVE('',#2865,#2867,#2869,.T.);
#2865 = VERTEX_POINT('',#2866);
#2866 = CARTESIAN_POINT('',(1.35,-1.149999999999,0.52));
#2867 = VERTEX_POINT('',#2868);
#2868 = CARTESIAN_POINT('',(1.35,-1.149999999999,0.629999999999));
#2869 = LINE('',#2870,#2871);
#2870 = CARTESIAN_POINT('',(1.35,-1.149999999999,0.65));
#2871 = VECTOR('',#2872,1.);
#2872 = DIRECTION('',(0.,0.,1.));
#2873 = ORIENTED_EDGE('',*,*,#2874,.T.);
#2874 = EDGE_CURVE('',#2867,#2875,#2877,.T.);
#2875 = VERTEX_POINT('',#2876);
#2876 = CARTESIAN_POINT('',(-1.35,-1.149999999999,0.629999999999));
#2877 = LINE('',#2878,#2879);
#2878 = CARTESIAN_POINT('',(-1.35,-1.149999999999,0.629999999999));
#2879 = VECTOR('',#2880,1.);
#2880 = DIRECTION('',(-1.,0.,0.));
#2881 = ORIENTED_EDGE('',*,*,#2882,.T.);
#2882 = EDGE_CURVE('',#2875,#2883,#2885,.T.);
#2883 = VERTEX_POINT('',#2884);
#2884 = CARTESIAN_POINT('',(-1.35,-1.149999999999,0.52));
#2885 = LINE('',#2886,#2887);
#2886 = CARTESIAN_POINT('',(-1.35,-1.149999999999,0.65));
#2887 = VECTOR('',#2888,1.);
#2888 = DIRECTION('',(0.,0.,-1.));
#2889 = ORIENTED_EDGE('',*,*,#2890,.T.);
#2890 = EDGE_CURVE('',#2883,#2865,#2891,.T.);
#2891 = LINE('',#2892,#2893);
#2892 = CARTESIAN_POINT('',(-1.5,-1.149999999999,0.52));
#2893 = VECTOR('',#2894,1.);
#2894 = DIRECTION('',(1.,0.,0.));
#2895 = PLANE('',#2896);
#2896 = AXIS2_PLACEMENT_3D('',#2897,#2898,#2899);
#2897 = CARTESIAN_POINT('',(-1.5,-1.149999999999,0.65));
#2898 = DIRECTION('',(0.,1.,0.));
#2899 = DIRECTION('',(0.,-0.,1.));
#2900 = ADVANCED_FACE('',(#2901),#2935,.F.);
#2901 = FACE_BOUND('',#2902,.T.);
#2902 = EDGE_LOOP('',(#2903,#2913,#2921,#2929));
#2903 = ORIENTED_EDGE('',*,*,#2904,.T.);
#2904 = EDGE_CURVE('',#2905,#2907,#2909,.T.);
#2905 = VERTEX_POINT('',#2906);
#2906 = CARTESIAN_POINT('',(1.499999999999,1.,0.52));
#2907 = VERTEX_POINT('',#2908);
#2908 = CARTESIAN_POINT('',(1.499999999999,1.,0.629999999999));
#2909 = LINE('',#2910,#2911);
#2910 = CARTESIAN_POINT('',(1.499999999999,1.,0.65));
#2911 = VECTOR('',#2912,1.);
#2912 = DIRECTION('',(0.,0.,1.));
#2913 = ORIENTED_EDGE('',*,*,#2914,.T.);
#2914 = EDGE_CURVE('',#2907,#2915,#2917,.T.);
#2915 = VERTEX_POINT('',#2916);
#2916 = CARTESIAN_POINT('',(1.5,-0.999999999999,0.629999999999));
#2917 = LINE('',#2918,#2919);
#2918 = CARTESIAN_POINT('',(1.5,-0.999999999999,0.629999999999));
#2919 = VECTOR('',#2920,1.);
#2920 = DIRECTION('',(1.885568995626E-16,-1.,0.));
#2921 = ORIENTED_EDGE('',*,*,#2922,.T.);
#2922 = EDGE_CURVE('',#2915,#2923,#2925,.T.);
#2923 = VERTEX_POINT('',#2924);
#2924 = CARTESIAN_POINT('',(1.5,-0.999999999999,0.52));
#2925 = LINE('',#2926,#2927);
#2926 = CARTESIAN_POINT('',(1.5,-0.999999999999,0.65));
#2927 = VECTOR('',#2928,1.);
#2928 = DIRECTION('',(0.,0.,-1.));
#2929 = ORIENTED_EDGE('',*,*,#2930,.T.);
#2930 = EDGE_CURVE('',#2923,#2905,#2931,.T.);
#2931 = LINE('',#2932,#2933);
#2932 = CARTESIAN_POINT('',(1.5,-1.149999999999,0.52));
#2933 = VECTOR('',#2934,1.);
#2934 = DIRECTION('',(-1.885568995626E-16,1.,0.));
#2935 = PLANE('',#2936);
#2936 = AXIS2_PLACEMENT_3D('',#2937,#2938,#2939);
#2937 = CARTESIAN_POINT('',(1.5,-1.149999999999,0.65));
#2938 = DIRECTION('',(-1.,-1.885568995626E-16,0.));
#2939 = DIRECTION('',(1.885568995626E-16,-1.,0.));
#2940 = ADVANCED_FACE('',(#2941),#2975,.F.);
#2941 = FACE_BOUND('',#2942,.T.);
#2942 = EDGE_LOOP('',(#2943,#2953,#2961,#2969));
#2943 = ORIENTED_EDGE('',*,*,#2944,.T.);
#2944 = EDGE_CURVE('',#2945,#2947,#2949,.T.);
#2945 = VERTEX_POINT('',#2946);
#2946 = CARTESIAN_POINT('',(-1.35,1.15,0.52));
#2947 = VERTEX_POINT('',#2948);
#2948 = CARTESIAN_POINT('',(-1.35,1.15,0.629999999999));
#2949 = LINE('',#2950,#2951);
#2950 = CARTESIAN_POINT('',(-1.35,1.15,0.65));
#2951 = VECTOR('',#2952,1.);
#2952 = DIRECTION('',(0.,0.,1.));
#2953 = ORIENTED_EDGE('',*,*,#2954,.T.);
#2954 = EDGE_CURVE('',#2947,#2955,#2957,.T.);
#2955 = VERTEX_POINT('',#2956);
#2956 = CARTESIAN_POINT('',(1.349999999999,1.15,0.629999999999));
#2957 = LINE('',#2958,#2959);
#2958 = CARTESIAN_POINT('',(1.349999999999,1.15,0.629999999999));
#2959 = VECTOR('',#2960,1.);
#2960 = DIRECTION('',(1.,0.,0.));
#2961 = ORIENTED_EDGE('',*,*,#2962,.T.);
#2962 = EDGE_CURVE('',#2955,#2963,#2965,.T.);
#2963 = VERTEX_POINT('',#2964);
#2964 = CARTESIAN_POINT('',(1.349999999999,1.15,0.52));
#2965 = LINE('',#2966,#2967);
#2966 = CARTESIAN_POINT('',(1.349999999999,1.15,0.65));
#2967 = VECTOR('',#2968,1.);
#2968 = DIRECTION('',(0.,0.,-1.));
#2969 = ORIENTED_EDGE('',*,*,#2970,.T.);
#2970 = EDGE_CURVE('',#2963,#2945,#2971,.T.);
#2971 = LINE('',#2972,#2973);
#2972 = CARTESIAN_POINT('',(1.499999999999,1.15,0.52));
#2973 = VECTOR('',#2974,1.);
#2974 = DIRECTION('',(-1.,0.,0.));
#2975 = PLANE('',#2976);
#2976 = AXIS2_PLACEMENT_3D('',#2977,#2978,#2979);
#2977 = CARTESIAN_POINT('',(1.499999999999,1.15,0.65));
#2978 = DIRECTION('',(0.,-1.,0.));
#2979 = DIRECTION('',(0.,0.,-1.));
#2980 = ADVANCED_FACE('',(#2981),#3015,.F.);
#2981 = FACE_BOUND('',#2982,.T.);
#2982 = EDGE_LOOP('',(#2983,#2993,#3001,#3009));
#2983 = ORIENTED_EDGE('',*,*,#2984,.T.);
#2984 = EDGE_CURVE('',#2985,#2987,#2989,.T.);
#2985 = VERTEX_POINT('',#2986);
#2986 = CARTESIAN_POINT('',(-1.5,-0.999999999999,0.52));
#2987 = VERTEX_POINT('',#2988);
#2988 = CARTESIAN_POINT('',(-1.5,-0.999999999999,0.629999999999));
#2989 = LINE('',#2990,#2991);
#2990 = CARTESIAN_POINT('',(-1.5,-0.999999999999,0.65));
#2991 = VECTOR('',#2992,1.);
#2992 = DIRECTION('',(0.,0.,1.));
#2993 = ORIENTED_EDGE('',*,*,#2994,.T.);
#2994 = EDGE_CURVE('',#2987,#2995,#2997,.T.);
#2995 = VERTEX_POINT('',#2996);
#2996 = CARTESIAN_POINT('',(-1.5,1.,0.629999999999));
#2997 = LINE('',#2998,#2999);
#2998 = CARTESIAN_POINT('',(-1.5,1.,0.629999999999));
#2999 = VECTOR('',#3000,1.);
#3000 = DIRECTION('',(0.,1.,0.));
#3001 = ORIENTED_EDGE('',*,*,#3002,.T.);
#3002 = EDGE_CURVE('',#2995,#3003,#3005,.T.);
#3003 = VERTEX_POINT('',#3004);
#3004 = CARTESIAN_POINT('',(-1.5,1.,0.52));
#3005 = LINE('',#3006,#3007);
#3006 = CARTESIAN_POINT('',(-1.5,1.,0.65));
#3007 = VECTOR('',#3008,1.);
#3008 = DIRECTION('',(0.,0.,-1.));
#3009 = ORIENTED_EDGE('',*,*,#3010,.T.);
#3010 = EDGE_CURVE('',#3003,#2985,#3011,.T.);
#3011 = LINE('',#3012,#3013);
#3012 = CARTESIAN_POINT('',(-1.5,1.15,0.52));
#3013 = VECTOR('',#3014,1.);
#3014 = DIRECTION('',(0.,-1.,0.));
#3015 = PLANE('',#3016);
#3016 = AXIS2_PLACEMENT_3D('',#3017,#3018,#3019);
#3017 = CARTESIAN_POINT('',(-1.5,1.15,0.65));
#3018 = DIRECTION('',(1.,0.,0.));
#3019 = DIRECTION('',(0.,0.,-1.));
#3020 = ADVANCED_FACE('',(#3021,#3091),#3161,.T.);
#3021 = FACE_BOUND('',#3022,.T.);
#3022 = EDGE_LOOP('',(#3023,#3033,#3042,#3050,#3059,#3067,#3076,#3084));
#3023 = ORIENTED_EDGE('',*,*,#3024,.T.);
#3024 = EDGE_CURVE('',#3025,#3027,#3029,.T.);
#3025 = VERTEX_POINT('',#3026);
#3026 = CARTESIAN_POINT('',(-1.48,1.,0.65));
#3027 = VERTEX_POINT('',#3028);
#3028 = CARTESIAN_POINT('',(-1.48,-0.999999999999,0.65));
#3029 = LINE('',#3030,#3031);
#3030 = CARTESIAN_POINT('',(-1.48,-0.999999999999,0.65));
#3031 = VECTOR('',#3032,1.);
#3032 = DIRECTION('',(0.,-1.,0.));
#3033 = ORIENTED_EDGE('',*,*,#3034,.T.);
#3034 = EDGE_CURVE('',#3027,#3035,#3037,.T.);
#3035 = VERTEX_POINT('',#3036);
#3036 = CARTESIAN_POINT('',(-1.35,-1.129999999999,0.65));
#3037 = CIRCLE('',#3038,0.129999999999);
#3038 = AXIS2_PLACEMENT_3D('',#3039,#3040,#3041);
#3039 = CARTESIAN_POINT('',(-1.35,-0.999999999999,0.65));
#3040 = DIRECTION('',(0.,0.,1.));
#3041 = DIRECTION('',(1.,0.,-0.));
#3042 = ORIENTED_EDGE('',*,*,#3043,.T.);
#3043 = EDGE_CURVE('',#3035,#3044,#3046,.T.);
#3044 = VERTEX_POINT('',#3045);
#3045 = CARTESIAN_POINT('',(1.35,-1.129999999999,0.65));
#3046 = LINE('',#3047,#3048);
#3047 = CARTESIAN_POINT('',(1.349999999999,-1.129999999999,0.65));
#3048 = VECTOR('',#3049,1.);
#3049 = DIRECTION('',(1.,0.,0.));
#3050 = ORIENTED_EDGE('',*,*,#3051,.T.);
#3051 = EDGE_CURVE('',#3044,#3052,#3054,.T.);
#3052 = VERTEX_POINT('',#3053);
#3053 = CARTESIAN_POINT('',(1.48,-0.999999999999,0.65));
#3054 = CIRCLE('',#3055,0.129999999999);
#3055 = AXIS2_PLACEMENT_3D('',#3056,#3057,#3058);
#3056 = CARTESIAN_POINT('',(1.35,-0.999999999999,0.65));
#3057 = DIRECTION('',(0.,0.,1.));
#3058 = DIRECTION('',(1.,0.,-0.));
#3059 = ORIENTED_EDGE('',*,*,#3060,.T.);
#3060 = EDGE_CURVE('',#3052,#3061,#3063,.T.);
#3061 = VERTEX_POINT('',#3062);
#3062 = CARTESIAN_POINT('',(1.479999999999,1.,0.65));
#3063 = LINE('',#3064,#3065);
#3064 = CARTESIAN_POINT('',(1.479999999999,1.,0.65));
#3065 = VECTOR('',#3066,1.);
#3066 = DIRECTION('',(-1.885568995626E-16,1.,0.));
#3067 = ORIENTED_EDGE('',*,*,#3068,.T.);
#3068 = EDGE_CURVE('',#3061,#3069,#3071,.T.);
#3069 = VERTEX_POINT('',#3070);
#3070 = CARTESIAN_POINT('',(1.349999999999,1.13,0.65));
#3071 = CIRCLE('',#3072,0.129999999999);
#3072 = AXIS2_PLACEMENT_3D('',#3073,#3074,#3075);
#3073 = CARTESIAN_POINT('',(1.349999999999,1.,0.65));
#3074 = DIRECTION('',(0.,0.,1.));
#3075 = DIRECTION('',(1.,0.,-0.));
#3076 = ORIENTED_EDGE('',*,*,#3077,.T.);
#3077 = EDGE_CURVE('',#3069,#3078,#3080,.T.);
#3078 = VERTEX_POINT('',#3079);
#3079 = CARTESIAN_POINT('',(-1.35,1.13,0.65));
#3080 = LINE('',#3081,#3082);
#3081 = CARTESIAN_POINT('',(-1.35,1.13,0.65));
#3082 = VECTOR('',#3083,1.);
#3083 = DIRECTION('',(-1.,0.,0.));
#3084 = ORIENTED_EDGE('',*,*,#3085,.T.);
#3085 = EDGE_CURVE('',#3078,#3025,#3086,.T.);
#3086 = CIRCLE('',#3087,0.129999999999);
#3087 = AXIS2_PLACEMENT_3D('',#3088,#3089,#3090);
#3088 = CARTESIAN_POINT('',(-1.35,1.,0.65));
#3089 = DIRECTION('',(0.,0.,1.));
#3090 = DIRECTION('',(1.,0.,-0.));
#3091 = FACE_BOUND('',#3092,.T.);
#3092 = EDGE_LOOP('',(#3093,#3104,#3112,#3121,#3129,#3138,#3146,#3155));
#3093 = ORIENTED_EDGE('',*,*,#3094,.F.);
#3094 = EDGE_CURVE('',#3095,#3097,#3099,.T.);
#3095 = VERTEX_POINT('',#3096);
#3096 = CARTESIAN_POINT('',(1.449999999999,1.,0.65));
#3097 = VERTEX_POINT('',#3098);
#3098 = CARTESIAN_POINT('',(1.349999999999,1.1,0.65));
#3099 = CIRCLE('',#3100,0.1);
#3100 = AXIS2_PLACEMENT_3D('',#3101,#3102,#3103);
#3101 = CARTESIAN_POINT('',(1.349999999999,1.,0.65));
#3102 = DIRECTION('',(0.,0.,1.));
#3103 = DIRECTION('',(1.,0.,-0.));
#3104 = ORIENTED_EDGE('',*,*,#3105,.F.);
#3105 = EDGE_CURVE('',#3106,#3095,#3108,.T.);
#3106 = VERTEX_POINT('',#3107);
#3107 = CARTESIAN_POINT('',(1.45,-0.999999999999,0.65));
#3108 = LINE('',#3109,#3110);
#3109 = CARTESIAN_POINT('',(1.45,-0.999999999999,0.65));
#3110 = VECTOR('',#3111,1.);
#3111 = DIRECTION('',(-2.168404344971E-16,1.,0.));
#3112 = ORIENTED_EDGE('',*,*,#3113,.F.);
#3113 = EDGE_CURVE('',#3114,#3106,#3116,.T.);
#3114 = VERTEX_POINT('',#3115);
#3115 = CARTESIAN_POINT('',(1.349999999999,-1.099999999999,0.65));
#3116 = CIRCLE('',#3117,0.1);
#3117 = AXIS2_PLACEMENT_3D('',#3118,#3119,#3120);
#3118 = CARTESIAN_POINT('',(1.35,-0.999999999999,0.65));
#3119 = DIRECTION('',(0.,0.,1.));
#3120 = DIRECTION('',(1.,0.,-0.));
#3121 = ORIENTED_EDGE('',*,*,#3122,.F.);
#3122 = EDGE_CURVE('',#3123,#3114,#3125,.T.);
#3123 = VERTEX_POINT('',#3124);
#3124 = CARTESIAN_POINT('',(-1.35,-1.099999999999,0.65));
#3125 = LINE('',#3126,#3127);
#3126 = CARTESIAN_POINT('',(-1.35,-1.099999999999,0.65));
#3127 = VECTOR('',#3128,1.);
#3128 = DIRECTION('',(1.,0.,0.));
#3129 = ORIENTED_EDGE('',*,*,#3130,.F.);
#3130 = EDGE_CURVE('',#3131,#3123,#3133,.T.);
#3131 = VERTEX_POINT('',#3132);
#3132 = CARTESIAN_POINT('',(-1.45,-0.999999999999,0.65));
#3133 = CIRCLE('',#3134,0.1);
#3134 = AXIS2_PLACEMENT_3D('',#3135,#3136,#3137);
#3135 = CARTESIAN_POINT('',(-1.35,-0.999999999999,0.65));
#3136 = DIRECTION('',(0.,0.,1.));
#3137 = DIRECTION('',(1.,0.,-0.));
#3138 = ORIENTED_EDGE('',*,*,#3139,.F.);
#3139 = EDGE_CURVE('',#3140,#3131,#3142,.T.);
#3140 = VERTEX_POINT('',#3141);
#3141 = CARTESIAN_POINT('',(-1.45,1.,0.65));
#3142 = LINE('',#3143,#3144);
#3143 = CARTESIAN_POINT('',(-1.45,1.,0.65));
#3144 = VECTOR('',#3145,1.);
#3145 = DIRECTION('',(0.,-1.,0.));
#3146 = ORIENTED_EDGE('',*,*,#3147,.F.);
#3147 = EDGE_CURVE('',#3148,#3140,#3150,.T.);
#3148 = VERTEX_POINT('',#3149);
#3149 = CARTESIAN_POINT('',(-1.349999999999,1.1,0.65));
#3150 = CIRCLE('',#3151,0.1);
#3151 = AXIS2_PLACEMENT_3D('',#3152,#3153,#3154);
#3152 = CARTESIAN_POINT('',(-1.35,1.,0.65));
#3153 = DIRECTION('',(0.,0.,1.));
#3154 = DIRECTION('',(1.,0.,-0.));
#3155 = ORIENTED_EDGE('',*,*,#3156,.F.);
#3156 = EDGE_CURVE('',#3097,#3148,#3157,.T.);
#3157 = LINE('',#3158,#3159);
#3158 = CARTESIAN_POINT('',(1.349999999999,1.1,0.65));
#3159 = VECTOR('',#3160,1.);
#3160 = DIRECTION('',(-1.,0.,0.));
#3161 = PLANE('',#3162);
#3162 = AXIS2_PLACEMENT_3D('',#3163,#3164,#3165);
#3163 = CARTESIAN_POINT('',(0.,0.,0.65));
#3164 = DIRECTION('',(0.,0.,1.));
#3165 = DIRECTION('',(1.,0.,-0.));
#3166 = ADVANCED_FACE('',(#3167),#3185,.T.);
#3167 = FACE_BOUND('',#3168,.T.);
#3168 = EDGE_LOOP('',(#3169,#3170,#3177,#3178));
#3169 = ORIENTED_EDGE('',*,*,#3002,.F.);
#3170 = ORIENTED_EDGE('',*,*,#3171,.T.);
#3171 = EDGE_CURVE('',#2995,#2947,#3172,.T.);
#3172 = CIRCLE('',#3173,0.149999999999);
#3173 = AXIS2_PLACEMENT_3D('',#3174,#3175,#3176);
#3174 = CARTESIAN_POINT('',(-1.35,1.,0.629999999999));
#3175 = DIRECTION('',(0.,0.,-1.));
#3176 = DIRECTION('',(1.,0.,0.));
#3177 = ORIENTED_EDGE('',*,*,#2944,.F.);
#3178 = ORIENTED_EDGE('',*,*,#3179,.T.);
#3179 = EDGE_CURVE('',#2945,#3003,#3180,.T.);
#3180 = CIRCLE('',#3181,0.149999999999);
#3181 = AXIS2_PLACEMENT_3D('',#3182,#3183,#3184);
#3182 = CARTESIAN_POINT('',(-1.35,1.,0.52));
#3183 = DIRECTION('',(0.,0.,1.));
#3184 = DIRECTION('',(1.,0.,-0.));
#3185 = CYLINDRICAL_SURFACE('',#3186,0.149999999999);
#3186 = AXIS2_PLACEMENT_3D('',#3187,#3188,#3189);
#3187 = CARTESIAN_POINT('',(-1.35,1.,0.65));
#3188 = DIRECTION('',(0.,0.,-1.));
#3189 = DIRECTION('',(-1.,0.,0.));
#3190 = ADVANCED_FACE('',(#3191),#3209,.T.);
#3191 = FACE_BOUND('',#3192,.T.);
#3192 = EDGE_LOOP('',(#3193,#3194,#3201,#3202));
#3193 = ORIENTED_EDGE('',*,*,#2962,.F.);
#3194 = ORIENTED_EDGE('',*,*,#3195,.T.);
#3195 = EDGE_CURVE('',#2955,#2907,#3196,.T.);
#3196 = CIRCLE('',#3197,0.149999999999);
#3197 = AXIS2_PLACEMENT_3D('',#3198,#3199,#3200);
#3198 = CARTESIAN_POINT('',(1.349999999999,1.,0.629999999999));
#3199 = DIRECTION('',(0.,0.,-1.));
#3200 = DIRECTION('',(1.,0.,0.));
#3201 = ORIENTED_EDGE('',*,*,#2904,.F.);
#3202 = ORIENTED_EDGE('',*,*,#3203,.T.);
#3203 = EDGE_CURVE('',#2905,#2963,#3204,.T.);
#3204 = CIRCLE('',#3205,0.149999999999);
#3205 = AXIS2_PLACEMENT_3D('',#3206,#3207,#3208);
#3206 = CARTESIAN_POINT('',(1.349999999999,1.,0.52));
#3207 = DIRECTION('',(0.,0.,1.));
#3208 = DIRECTION('',(1.,0.,-0.));
#3209 = CYLINDRICAL_SURFACE('',#3210,0.149999999999);
#3210 = AXIS2_PLACEMENT_3D('',#3211,#3212,#3213);
#3211 = CARTESIAN_POINT('',(1.349999999999,1.,0.65));
#3212 = DIRECTION('',(0.,0.,-1.));
#3213 = DIRECTION('',(-1.,0.,0.));
#3214 = ADVANCED_FACE('',(#3215),#3233,.T.);
#3215 = FACE_BOUND('',#3216,.T.);
#3216 = EDGE_LOOP('',(#3217,#3218,#3225,#3226));
#3217 = ORIENTED_EDGE('',*,*,#2922,.F.);
#3218 = ORIENTED_EDGE('',*,*,#3219,.T.);
#3219 = EDGE_CURVE('',#2915,#2867,#3220,.T.);
#3220 = CIRCLE('',#3221,0.149999999999);
#3221 = AXIS2_PLACEMENT_3D('',#3222,#3223,#3224);
#3222 = CARTESIAN_POINT('',(1.35,-0.999999999999,0.629999999999));
#3223 = DIRECTION('',(0.,0.,-1.));
#3224 = DIRECTION('',(1.,0.,0.));
#3225 = ORIENTED_EDGE('',*,*,#2864,.F.);
#3226 = ORIENTED_EDGE('',*,*,#3227,.T.);
#3227 = EDGE_CURVE('',#2865,#2923,#3228,.T.);
#3228 = CIRCLE('',#3229,0.149999999999);
#3229 = AXIS2_PLACEMENT_3D('',#3230,#3231,#3232);
#3230 = CARTESIAN_POINT('',(1.35,-0.999999999999,0.52));
#3231 = DIRECTION('',(0.,0.,1.));
#3232 = DIRECTION('',(1.,0.,-0.));
#3233 = CYLINDRICAL_SURFACE('',#3234,0.149999999999);
#3234 = AXIS2_PLACEMENT_3D('',#3235,#3236,#3237);
#3235 = CARTESIAN_POINT('',(1.35,-0.999999999999,0.65));
#3236 = DIRECTION('',(0.,0.,-1.));
#3237 = DIRECTION('',(-1.,0.,0.));
#3238 = ADVANCED_FACE('',(#3239),#3257,.T.);
#3239 = FACE_BOUND('',#3240,.T.);
#3240 = EDGE_LOOP('',(#3241,#3242,#3249,#3250));
#3241 = ORIENTED_EDGE('',*,*,#2882,.F.);
#3242 = ORIENTED_EDGE('',*,*,#3243,.T.);
#3243 = EDGE_CURVE('',#2875,#2987,#3244,.T.);
#3244 = CIRCLE('',#3245,0.149999999999);
#3245 = AXIS2_PLACEMENT_3D('',#3246,#3247,#3248);
#3246 = CARTESIAN_POINT('',(-1.35,-0.999999999999,0.629999999999));
#3247 = DIRECTION('',(0.,0.,-1.));
#3248 = DIRECTION('',(1.,0.,0.));
#3249 = ORIENTED_EDGE('',*,*,#2984,.F.);
#3250 = ORIENTED_EDGE('',*,*,#3251,.T.);
#3251 = EDGE_CURVE('',#2985,#2883,#3252,.T.);
#3252 = CIRCLE('',#3253,0.149999999999);
#3253 = AXIS2_PLACEMENT_3D('',#3254,#3255,#3256);
#3254 = CARTESIAN_POINT('',(-1.35,-0.999999999999,0.52));
#3255 = DIRECTION('',(0.,0.,1.));
#3256 = DIRECTION('',(1.,0.,-0.));
#3257 = CYLINDRICAL_SURFACE('',#3258,0.149999999999);
#3258 = AXIS2_PLACEMENT_3D('',#3259,#3260,#3261);
#3259 = CARTESIAN_POINT('',(-1.35,-0.999999999999,0.65));
#3260 = DIRECTION('',(0.,0.,-1.));
#3261 = DIRECTION('',(-1.,0.,0.));
#3262 = ADVANCED_FACE('',(#3263),#3289,.T.);
#3263 = FACE_BOUND('',#3264,.T.);
#3264 = EDGE_LOOP('',(#3265,#3273,#3282,#3288));
#3265 = ORIENTED_EDGE('',*,*,#3266,.F.);
#3266 = EDGE_CURVE('',#3267,#3097,#3269,.T.);
#3267 = VERTEX_POINT('',#3268);
#3268 = CARTESIAN_POINT('',(1.349999999999,1.1,0.68));
#3269 = LINE('',#3270,#3271);
#3270 = CARTESIAN_POINT('',(1.349999999999,1.1,5.04005494464));
#3271 = VECTOR('',#3272,1.);
#3272 = DIRECTION('',(0.,0.,-1.));
#3273 = ORIENTED_EDGE('',*,*,#3274,.T.);
#3274 = EDGE_CURVE('',#3267,#3275,#3277,.T.);
#3275 = VERTEX_POINT('',#3276);
#3276 = CARTESIAN_POINT('',(1.449999999999,1.,0.68));
#3277 = CIRCLE('',#3278,0.1);
#3278 = AXIS2_PLACEMENT_3D('',#3279,#3280,#3281);
#3279 = CARTESIAN_POINT('',(1.349999999999,1.,0.68));
#3280 = DIRECTION('',(0.,0.,-1.));
#3281 = DIRECTION('',(1.,0.,0.));
#3282 = ORIENTED_EDGE('',*,*,#3283,.T.);
#3283 = EDGE_CURVE('',#3275,#3095,#3284,.T.);
#3284 = LINE('',#3285,#3286);
#3285 = CARTESIAN_POINT('',(1.449999999999,1.,5.04005494464));
#3286 = VECTOR('',#3287,1.);
#3287 = DIRECTION('',(0.,0.,-1.));
#3288 = ORIENTED_EDGE('',*,*,#3094,.T.);
#3289 = CYLINDRICAL_SURFACE('',#3290,0.1);
#3290 = AXIS2_PLACEMENT_3D('',#3291,#3292,#3293);
#3291 = CARTESIAN_POINT('',(1.349999999999,1.,5.04005494464));
#3292 = DIRECTION('',(0.,0.,-1.));
#3293 = DIRECTION('',(-1.,0.,0.));
#3294 = ADVANCED_FACE('',(#3295),#3313,.F.);
#3295 = FACE_BOUND('',#3296,.T.);
#3296 = EDGE_LOOP('',(#3297,#3305,#3311,#3312));
#3297 = ORIENTED_EDGE('',*,*,#3298,.F.);
#3298 = EDGE_CURVE('',#3299,#3148,#3301,.T.);
#3299 = VERTEX_POINT('',#3300);
#3300 = CARTESIAN_POINT('',(-1.349999999999,1.1,0.68));
#3301 = LINE('',#3302,#3303);
#3302 = CARTESIAN_POINT('',(-1.349999999999,1.1,5.04005494464));
#3303 = VECTOR('',#3304,1.);
#3304 = DIRECTION('',(0.,0.,-1.));
#3305 = ORIENTED_EDGE('',*,*,#3306,.T.);
#3306 = EDGE_CURVE('',#3299,#3267,#3307,.T.);
#3307 = LINE('',#3308,#3309);
#3308 = CARTESIAN_POINT('',(1.349999999999,1.1,0.679999999999));
#3309 = VECTOR('',#3310,1.);
#3310 = DIRECTION('',(1.,0.,0.));
#3311 = ORIENTED_EDGE('',*,*,#3266,.T.);
#3312 = ORIENTED_EDGE('',*,*,#3156,.T.);
#3313 = PLANE('',#3314);
#3314 = AXIS2_PLACEMENT_3D('',#3315,#3316,#3317);
#3315 = CARTESIAN_POINT('',(1.349999999999,1.1,5.04005494464));
#3316 = DIRECTION('',(0.,-1.,0.));
#3317 = DIRECTION('',(0.,0.,-1.));
#3318 = ADVANCED_FACE('',(#3319),#3338,.T.);
#3319 = FACE_BOUND('',#3320,.T.);
#3320 = EDGE_LOOP('',(#3321,#3329,#3336,#3337));
#3321 = ORIENTED_EDGE('',*,*,#3322,.F.);
#3322 = EDGE_CURVE('',#3323,#3140,#3325,.T.);
#3323 = VERTEX_POINT('',#3324);
#3324 = CARTESIAN_POINT('',(-1.45,1.,0.68));
#3325 = LINE('',#3326,#3327);
#3326 = CARTESIAN_POINT('',(-1.45,1.,5.04005494464));
#3327 = VECTOR('',#3328,1.);
#3328 = DIRECTION('',(0.,0.,-1.));
#3329 = ORIENTED_EDGE('',*,*,#3330,.T.);
#3330 = EDGE_CURVE('',#3323,#3299,#3331,.T.);
#3331 = CIRCLE('',#3332,0.1);
#3332 = AXIS2_PLACEMENT_3D('',#3333,#3334,#3335);
#3333 = CARTESIAN_POINT('',(-1.35,1.,0.68));
#3334 = DIRECTION('',(0.,0.,-1.));
#3335 = DIRECTION('',(1.,0.,0.));
#3336 = ORIENTED_EDGE('',*,*,#3298,.T.);
#3337 = ORIENTED_EDGE('',*,*,#3147,.T.);
#3338 = CYLINDRICAL_SURFACE('',#3339,0.1);
#3339 = AXIS2_PLACEMENT_3D('',#3340,#3341,#3342);
#3340 = CARTESIAN_POINT('',(-1.35,1.,5.04005494464));
#3341 = DIRECTION('',(0.,0.,-1.));
#3342 = DIRECTION('',(-1.,0.,0.));
#3343 = ADVANCED_FACE('',(#3344),#3362,.F.);
#3344 = FACE_BOUND('',#3345,.T.);
#3345 = EDGE_LOOP('',(#3346,#3354,#3360,#3361));
#3346 = ORIENTED_EDGE('',*,*,#3347,.F.);
#3347 = EDGE_CURVE('',#3348,#3131,#3350,.T.);
#3348 = VERTEX_POINT('',#3349);
#3349 = CARTESIAN_POINT('',(-1.45,-0.999999999999,0.68));
#3350 = LINE('',#3351,#3352);
#3351 = CARTESIAN_POINT('',(-1.45,-0.999999999999,5.04005494464));
#3352 = VECTOR('',#3353,1.);
#3353 = DIRECTION('',(0.,0.,-1.));
#3354 = ORIENTED_EDGE('',*,*,#3355,.T.);
#3355 = EDGE_CURVE('',#3348,#3323,#3356,.T.);
#3356 = LINE('',#3357,#3358);
#3357 = CARTESIAN_POINT('',(-1.45,1.,0.679999999999));
#3358 = VECTOR('',#3359,1.);
#3359 = DIRECTION('',(0.,1.,0.));
#3360 = ORIENTED_EDGE('',*,*,#3322,.T.);
#3361 = ORIENTED_EDGE('',*,*,#3139,.T.);
#3362 = PLANE('',#3363);
#3363 = AXIS2_PLACEMENT_3D('',#3364,#3365,#3366);
#3364 = CARTESIAN_POINT('',(-1.45,1.,5.04005494464));
#3365 = DIRECTION('',(1.,0.,0.));
#3366 = DIRECTION('',(0.,0.,-1.));
#3367 = ADVANCED_FACE('',(#3368),#3387,.T.);
#3368 = FACE_BOUND('',#3369,.T.);
#3369 = EDGE_LOOP('',(#3370,#3378,#3385,#3386));
#3370 = ORIENTED_EDGE('',*,*,#3371,.F.);
#3371 = EDGE_CURVE('',#3372,#3123,#3374,.T.);
#3372 = VERTEX_POINT('',#3373);
#3373 = CARTESIAN_POINT('',(-1.35,-1.099999999999,0.68));
#3374 = LINE('',#3375,#3376);
#3375 = CARTESIAN_POINT('',(-1.35,-1.099999999999,5.04005494464));
#3376 = VECTOR('',#3377,1.);
#3377 = DIRECTION('',(0.,0.,-1.));
#3378 = ORIENTED_EDGE('',*,*,#3379,.T.);
#3379 = EDGE_CURVE('',#3372,#3348,#3380,.T.);
#3380 = CIRCLE('',#3381,0.1);
#3381 = AXIS2_PLACEMENT_3D('',#3382,#3383,#3384);
#3382 = CARTESIAN_POINT('',(-1.35,-0.999999999999,0.68));
#3383 = DIRECTION('',(0.,0.,-1.));
#3384 = DIRECTION('',(1.,0.,0.));
#3385 = ORIENTED_EDGE('',*,*,#3347,.T.);
#3386 = ORIENTED_EDGE('',*,*,#3130,.T.);
#3387 = CYLINDRICAL_SURFACE('',#3388,0.1);
#3388 = AXIS2_PLACEMENT_3D('',#3389,#3390,#3391);
#3389 = CARTESIAN_POINT('',(-1.35,-0.999999999999,5.04005494464));
#3390 = DIRECTION('',(0.,0.,-1.));
#3391 = DIRECTION('',(-1.,0.,0.));
#3392 = ADVANCED_FACE('',(#3393),#3411,.F.);
#3393 = FACE_BOUND('',#3394,.T.);
#3394 = EDGE_LOOP('',(#3395,#3403,#3409,#3410));
#3395 = ORIENTED_EDGE('',*,*,#3396,.F.);
#3396 = EDGE_CURVE('',#3397,#3114,#3399,.T.);
#3397 = VERTEX_POINT('',#3398);
#3398 = CARTESIAN_POINT('',(1.349999999999,-1.099999999999,0.68));
#3399 = LINE('',#3400,#3401);
#3400 = CARTESIAN_POINT('',(1.349999999999,-1.099999999999,5.04005494464
    ));
#3401 = VECTOR('',#3402,1.);
#3402 = DIRECTION('',(0.,0.,-1.));
#3403 = ORIENTED_EDGE('',*,*,#3404,.T.);
#3404 = EDGE_CURVE('',#3397,#3372,#3405,.T.);
#3405 = LINE('',#3406,#3407);
#3406 = CARTESIAN_POINT('',(-1.35,-1.099999999999,0.679999999999));
#3407 = VECTOR('',#3408,1.);
#3408 = DIRECTION('',(-1.,0.,0.));
#3409 = ORIENTED_EDGE('',*,*,#3371,.T.);
#3410 = ORIENTED_EDGE('',*,*,#3122,.T.);
#3411 = PLANE('',#3412);
#3412 = AXIS2_PLACEMENT_3D('',#3413,#3414,#3415);
#3413 = CARTESIAN_POINT('',(-1.35,-1.099999999999,5.04005494464));
#3414 = DIRECTION('',(0.,1.,0.));
#3415 = DIRECTION('',(0.,-0.,1.));
#3416 = ADVANCED_FACE('',(#3417),#3436,.T.);
#3417 = FACE_BOUND('',#3418,.T.);
#3418 = EDGE_LOOP('',(#3419,#3427,#3434,#3435));
#3419 = ORIENTED_EDGE('',*,*,#3420,.F.);
#3420 = EDGE_CURVE('',#3421,#3106,#3423,.T.);
#3421 = VERTEX_POINT('',#3422);
#3422 = CARTESIAN_POINT('',(1.45,-0.999999999999,0.68));
#3423 = LINE('',#3424,#3425);
#3424 = CARTESIAN_POINT('',(1.45,-0.999999999999,5.04005494464));
#3425 = VECTOR('',#3426,1.);
#3426 = DIRECTION('',(0.,0.,-1.));
#3427 = ORIENTED_EDGE('',*,*,#3428,.T.);
#3428 = EDGE_CURVE('',#3421,#3397,#3429,.T.);
#3429 = CIRCLE('',#3430,0.1);
#3430 = AXIS2_PLACEMENT_3D('',#3431,#3432,#3433);
#3431 = CARTESIAN_POINT('',(1.35,-0.999999999999,0.68));
#3432 = DIRECTION('',(0.,0.,-1.));
#3433 = DIRECTION('',(1.,0.,0.));
#3434 = ORIENTED_EDGE('',*,*,#3396,.T.);
#3435 = ORIENTED_EDGE('',*,*,#3113,.T.);
#3436 = CYLINDRICAL_SURFACE('',#3437,0.1);
#3437 = AXIS2_PLACEMENT_3D('',#3438,#3439,#3440);
#3438 = CARTESIAN_POINT('',(1.35,-0.999999999999,5.04005494464));
#3439 = DIRECTION('',(0.,0.,-1.));
#3440 = DIRECTION('',(-1.,0.,0.));
#3441 = ADVANCED_FACE('',(#3442),#3453,.F.);
#3442 = FACE_BOUND('',#3443,.T.);
#3443 = EDGE_LOOP('',(#3444,#3445,#3451,#3452));
#3444 = ORIENTED_EDGE('',*,*,#3283,.F.);
#3445 = ORIENTED_EDGE('',*,*,#3446,.T.);
#3446 = EDGE_CURVE('',#3275,#3421,#3447,.T.);
#3447 = LINE('',#3448,#3449);
#3448 = CARTESIAN_POINT('',(1.45,-0.999999999999,0.679999999999));
#3449 = VECTOR('',#3450,1.);
#3450 = DIRECTION('',(2.168404344971E-16,-1.,0.));
#3451 = ORIENTED_EDGE('',*,*,#3420,.T.);
#3452 = ORIENTED_EDGE('',*,*,#3105,.T.);
#3453 = PLANE('',#3454);
#3454 = AXIS2_PLACEMENT_3D('',#3455,#3456,#3457);
#3455 = CARTESIAN_POINT('',(1.45,-0.999999999999,5.04005494464));
#3456 = DIRECTION('',(-1.,-2.168404344971E-16,0.));
#3457 = DIRECTION('',(2.168404344971E-16,-1.,0.));
#3458 = ADVANCED_FACE('',(#3459),#3477,.T.);
#3459 = FACE_BOUND('',#3460,.T.);
#3460 = EDGE_LOOP('',(#3461,#3468,#3469,#3476));
#3461 = ORIENTED_EDGE('',*,*,#3462,.F.);
#3462 = EDGE_CURVE('',#3299,#815,#3463,.T.);
#3463 = CIRCLE('',#3464,2.E-02);
#3464 = AXIS2_PLACEMENT_3D('',#3465,#3466,#3467);
#3465 = CARTESIAN_POINT('',(-1.349999999999,1.08,0.68));
#3466 = DIRECTION('',(1.,-1.084202172485E-14,0.));
#3467 = DIRECTION('',(1.084202172485E-14,1.,0.));
#3468 = ORIENTED_EDGE('',*,*,#3330,.F.);
#3469 = ORIENTED_EDGE('',*,*,#3470,.F.);
#3470 = EDGE_CURVE('',#823,#3323,#3471,.T.);
#3471 = CIRCLE('',#3472,2.E-02);
#3472 = AXIS2_PLACEMENT_3D('',#3473,#3474,#3475);
#3473 = CARTESIAN_POINT('',(-1.43,1.,0.679999999999));
#3474 = DIRECTION('',(0.,-1.,0.));
#3475 = DIRECTION('',(0.,0.,-1.));
#3476 = ORIENTED_EDGE('',*,*,#822,.F.);
#3477 = TOROIDAL_SURFACE('',#3478,8.E-02,2.E-02);
#3478 = AXIS2_PLACEMENT_3D('',#3479,#3480,#3481);
#3479 = CARTESIAN_POINT('',(-1.35,1.,0.68));
#3480 = DIRECTION('',(0.,0.,1.));
#3481 = DIRECTION('',(1.,0.,-0.));
#3482 = ADVANCED_FACE('',(#3483),#3495,.T.);
#3483 = FACE_BOUND('',#3484,.T.);
#3484 = EDGE_LOOP('',(#3485,#3486,#3487,#3494));
#3485 = ORIENTED_EDGE('',*,*,#3470,.T.);
#3486 = ORIENTED_EDGE('',*,*,#3355,.F.);
#3487 = ORIENTED_EDGE('',*,*,#3488,.F.);
#3488 = EDGE_CURVE('',#832,#3348,#3489,.T.);
#3489 = CIRCLE('',#3490,2.E-02);
#3490 = AXIS2_PLACEMENT_3D('',#3491,#3492,#3493);
#3491 = CARTESIAN_POINT('',(-1.43,-0.999999999999,0.679999999999));
#3492 = DIRECTION('',(0.,-1.,0.));
#3493 = DIRECTION('',(0.,0.,-1.));
#3494 = ORIENTED_EDGE('',*,*,#831,.F.);
#3495 = CYLINDRICAL_SURFACE('',#3496,2.E-02);
#3496 = AXIS2_PLACEMENT_3D('',#3497,#3498,#3499);
#3497 = CARTESIAN_POINT('',(-1.43,0.,0.679999999999));
#3498 = DIRECTION('',(0.,1.,0.));
#3499 = DIRECTION('',(0.,-0.,1.));
#3500 = ADVANCED_FACE('',(#3501),#3513,.T.);
#3501 = FACE_BOUND('',#3502,.T.);
#3502 = EDGE_LOOP('',(#3503,#3504,#3505,#3512));
#3503 = ORIENTED_EDGE('',*,*,#3462,.T.);
#3504 = ORIENTED_EDGE('',*,*,#814,.F.);
#3505 = ORIENTED_EDGE('',*,*,#3506,.F.);
#3506 = EDGE_CURVE('',#3267,#806,#3507,.T.);
#3507 = CIRCLE('',#3508,2.E-02);
#3508 = AXIS2_PLACEMENT_3D('',#3509,#3510,#3511);
#3509 = CARTESIAN_POINT('',(1.349999999999,1.08,0.679999999999));
#3510 = DIRECTION('',(1.,0.,0.));
#3511 = DIRECTION('',(0.,0.,-1.));
#3512 = ORIENTED_EDGE('',*,*,#3306,.F.);
#3513 = CYLINDRICAL_SURFACE('',#3514,2.E-02);
#3514 = AXIS2_PLACEMENT_3D('',#3515,#3516,#3517);
#3515 = CARTESIAN_POINT('',(0.,1.08,0.679999999999));
#3516 = DIRECTION('',(1.,0.,0.));
#3517 = DIRECTION('',(0.,0.,-1.));
#3518 = ADVANCED_FACE('',(#3519),#3531,.T.);
#3519 = FACE_BOUND('',#3520,.T.);
#3520 = EDGE_LOOP('',(#3521,#3522,#3523,#3530));
#3521 = ORIENTED_EDGE('',*,*,#3488,.T.);
#3522 = ORIENTED_EDGE('',*,*,#3379,.F.);
#3523 = ORIENTED_EDGE('',*,*,#3524,.F.);
#3524 = EDGE_CURVE('',#779,#3372,#3525,.T.);
#3525 = CIRCLE('',#3526,2.E-02);
#3526 = AXIS2_PLACEMENT_3D('',#3527,#3528,#3529);
#3527 = CARTESIAN_POINT('',(-1.35,-1.079999999999,0.679999999999));
#3528 = DIRECTION('',(1.,0.,0.));
#3529 = DIRECTION('',(0.,0.,-1.));
#3530 = ORIENTED_EDGE('',*,*,#839,.F.);
#3531 = TOROIDAL_SURFACE('',#3532,8.E-02,2.E-02);
#3532 = AXIS2_PLACEMENT_3D('',#3533,#3534,#3535);
#3533 = CARTESIAN_POINT('',(-1.35,-0.999999999999,0.68));
#3534 = DIRECTION('',(0.,0.,1.));
#3535 = DIRECTION('',(1.,0.,-0.));
#3536 = ADVANCED_FACE('',(#3537),#3549,.T.);
#3537 = FACE_BOUND('',#3538,.T.);
#3538 = EDGE_LOOP('',(#3539,#3540,#3541,#3548));
#3539 = ORIENTED_EDGE('',*,*,#3506,.T.);
#3540 = ORIENTED_EDGE('',*,*,#805,.F.);
#3541 = ORIENTED_EDGE('',*,*,#3542,.F.);
#3542 = EDGE_CURVE('',#3275,#798,#3543,.T.);
#3543 = CIRCLE('',#3544,2.E-02);
#3544 = AXIS2_PLACEMENT_3D('',#3545,#3546,#3547);
#3545 = CARTESIAN_POINT('',(1.429999999999,1.,0.68));
#3546 = DIRECTION('',(0.,-1.,0.));
#3547 = DIRECTION('',(0.,0.,-1.));
#3548 = ORIENTED_EDGE('',*,*,#3274,.F.);
#3549 = TOROIDAL_SURFACE('',#3550,8.E-02,2.E-02);
#3550 = AXIS2_PLACEMENT_3D('',#3551,#3552,#3553);
#3551 = CARTESIAN_POINT('',(1.349999999999,1.,0.68));
#3552 = DIRECTION('',(0.,0.,1.));
#3553 = DIRECTION('',(1.,0.,-0.));
#3554 = ADVANCED_FACE('',(#3555),#3567,.T.);
#3555 = FACE_BOUND('',#3556,.T.);
#3556 = EDGE_LOOP('',(#3557,#3558,#3559,#3566));
#3557 = ORIENTED_EDGE('',*,*,#3524,.T.);
#3558 = ORIENTED_EDGE('',*,*,#3404,.F.);
#3559 = ORIENTED_EDGE('',*,*,#3560,.F.);
#3560 = EDGE_CURVE('',#781,#3397,#3561,.T.);
#3561 = CIRCLE('',#3562,2.E-02);
#3562 = AXIS2_PLACEMENT_3D('',#3563,#3564,#3565);
#3563 = CARTESIAN_POINT('',(1.349999999999,-1.079999999999,
    0.679999999999));
#3564 = DIRECTION('',(1.,-1.084202172485E-14,0.));
#3565 = DIRECTION('',(1.084202172485E-14,1.,0.));
#3566 = ORIENTED_EDGE('',*,*,#778,.F.);
#3567 = CYLINDRICAL_SURFACE('',#3568,2.E-02);
#3568 = AXIS2_PLACEMENT_3D('',#3569,#3570,#3571);
#3569 = CARTESIAN_POINT('',(0.,-1.079999999999,0.679999999999));
#3570 = DIRECTION('',(-1.,0.,0.));
#3571 = DIRECTION('',(0.,0.,1.));
#3572 = ADVANCED_FACE('',(#3573),#3585,.T.);
#3573 = FACE_BOUND('',#3574,.T.);
#3574 = EDGE_LOOP('',(#3575,#3576,#3577,#3584));
#3575 = ORIENTED_EDGE('',*,*,#3542,.T.);
#3576 = ORIENTED_EDGE('',*,*,#797,.F.);
#3577 = ORIENTED_EDGE('',*,*,#3578,.F.);
#3578 = EDGE_CURVE('',#3421,#789,#3579,.T.);
#3579 = CIRCLE('',#3580,2.E-02);
#3580 = AXIS2_PLACEMENT_3D('',#3581,#3582,#3583);
#3581 = CARTESIAN_POINT('',(1.43,-0.999999999999,0.679999999999));
#3582 = DIRECTION('',(0.,-1.,0.));
#3583 = DIRECTION('',(0.,0.,-1.));
#3584 = ORIENTED_EDGE('',*,*,#3446,.F.);
#3585 = CYLINDRICAL_SURFACE('',#3586,2.E-02);
#3586 = AXIS2_PLACEMENT_3D('',#3587,#3588,#3589);
#3587 = CARTESIAN_POINT('',(1.43,3.100818213308E-16,0.679999999999));
#3588 = DIRECTION('',(2.168404344971E-16,-1.,0.));
#3589 = DIRECTION('',(1.,2.168404344971E-16,0.));
#3590 = ADVANCED_FACE('',(#3591),#3597,.T.);
#3591 = FACE_BOUND('',#3592,.T.);
#3592 = EDGE_LOOP('',(#3593,#3594,#3595,#3596));
#3593 = ORIENTED_EDGE('',*,*,#3560,.T.);
#3594 = ORIENTED_EDGE('',*,*,#3428,.F.);
#3595 = ORIENTED_EDGE('',*,*,#3578,.T.);
#3596 = ORIENTED_EDGE('',*,*,#788,.F.);
#3597 = TOROIDAL_SURFACE('',#3598,8.E-02,2.E-02);
#3598 = AXIS2_PLACEMENT_3D('',#3599,#3600,#3601);
#3599 = CARTESIAN_POINT('',(1.35,-0.999999999999,0.68));
#3600 = DIRECTION('',(0.,0.,1.));
#3601 = DIRECTION('',(1.,0.,-0.));
#3602 = ADVANCED_FACE('',(#3603),#3621,.T.);
#3603 = FACE_BOUND('',#3604,.T.);
#3604 = EDGE_LOOP('',(#3605,#3612,#3613,#3620));
#3605 = ORIENTED_EDGE('',*,*,#3606,.F.);
#3606 = EDGE_CURVE('',#2907,#3061,#3607,.T.);
#3607 = CIRCLE('',#3608,2.E-02);
#3608 = AXIS2_PLACEMENT_3D('',#3609,#3610,#3611);
#3609 = CARTESIAN_POINT('',(1.479999999999,1.,0.629999999999));
#3610 = DIRECTION('',(0.,-1.,0.));
#3611 = DIRECTION('',(0.,0.,-1.));
#3612 = ORIENTED_EDGE('',*,*,#3195,.F.);
#3613 = ORIENTED_EDGE('',*,*,#3614,.F.);
#3614 = EDGE_CURVE('',#3069,#2955,#3615,.T.);
#3615 = CIRCLE('',#3616,2.E-02);
#3616 = AXIS2_PLACEMENT_3D('',#3617,#3618,#3619);
#3617 = CARTESIAN_POINT('',(1.349999999999,1.13,0.629999999999));
#3618 = DIRECTION('',(-1.,0.,0.));
#3619 = DIRECTION('',(0.,0.,1.));
#3620 = ORIENTED_EDGE('',*,*,#3068,.F.);
#3621 = TOROIDAL_SURFACE('',#3622,0.129999999999,2.E-02);
#3622 = AXIS2_PLACEMENT_3D('',#3623,#3624,#3625);
#3623 = CARTESIAN_POINT('',(1.349999999999,1.,0.629999999999));
#3624 = DIRECTION('',(0.,0.,1.));
#3625 = DIRECTION('',(1.,0.,-0.));
#3626 = ADVANCED_FACE('',(#3627),#3639,.T.);
#3627 = FACE_BOUND('',#3628,.T.);
#3628 = EDGE_LOOP('',(#3629,#3630,#3631,#3638));
#3629 = ORIENTED_EDGE('',*,*,#3614,.T.);
#3630 = ORIENTED_EDGE('',*,*,#2954,.F.);
#3631 = ORIENTED_EDGE('',*,*,#3632,.F.);
#3632 = EDGE_CURVE('',#3078,#2947,#3633,.T.);
#3633 = CIRCLE('',#3634,2.E-02);
#3634 = AXIS2_PLACEMENT_3D('',#3635,#3636,#3637);
#3635 = CARTESIAN_POINT('',(-1.35,1.13,0.629999999999));
#3636 = DIRECTION('',(-1.,0.,0.));
#3637 = DIRECTION('',(0.,0.,1.));
#3638 = ORIENTED_EDGE('',*,*,#3077,.F.);
#3639 = CYLINDRICAL_SURFACE('',#3640,2.E-02);
#3640 = AXIS2_PLACEMENT_3D('',#3641,#3642,#3643);
#3641 = CARTESIAN_POINT('',(0.,1.13,0.629999999999));
#3642 = DIRECTION('',(1.,0.,0.));
#3643 = DIRECTION('',(0.,0.,-1.));
#3644 = ADVANCED_FACE('',(#3645),#3657,.T.);
#3645 = FACE_BOUND('',#3646,.T.);
#3646 = EDGE_LOOP('',(#3647,#3648,#3649,#3656));
#3647 = ORIENTED_EDGE('',*,*,#3606,.T.);
#3648 = ORIENTED_EDGE('',*,*,#3060,.F.);
#3649 = ORIENTED_EDGE('',*,*,#3650,.F.);
#3650 = EDGE_CURVE('',#2915,#3052,#3651,.T.);
#3651 = CIRCLE('',#3652,2.E-02);
#3652 = AXIS2_PLACEMENT_3D('',#3653,#3654,#3655);
#3653 = CARTESIAN_POINT('',(1.48,-0.999999999999,0.629999999999));
#3654 = DIRECTION('',(0.,-1.,0.));
#3655 = DIRECTION('',(0.,0.,-1.));
#3656 = ORIENTED_EDGE('',*,*,#2914,.F.);
#3657 = CYLINDRICAL_SURFACE('',#3658,2.E-02);
#3658 = AXIS2_PLACEMENT_3D('',#3659,#3660,#3661);
#3659 = CARTESIAN_POINT('',(1.479999999999,2.790642113527E-16,
    0.629999999999));
#3660 = DIRECTION('',(1.885568995626E-16,-1.,0.));
#3661 = DIRECTION('',(1.,1.885568995626E-16,0.));
#3662 = ADVANCED_FACE('',(#3663),#3675,.T.);
#3663 = FACE_BOUND('',#3664,.T.);
#3664 = EDGE_LOOP('',(#3665,#3666,#3667,#3674));
#3665 = ORIENTED_EDGE('',*,*,#3632,.T.);
#3666 = ORIENTED_EDGE('',*,*,#3171,.F.);
#3667 = ORIENTED_EDGE('',*,*,#3668,.F.);
#3668 = EDGE_CURVE('',#3025,#2995,#3669,.T.);
#3669 = CIRCLE('',#3670,2.E-02);
#3670 = AXIS2_PLACEMENT_3D('',#3671,#3672,#3673);
#3671 = CARTESIAN_POINT('',(-1.48,1.,0.629999999999));
#3672 = DIRECTION('',(0.,-1.,0.));
#3673 = DIRECTION('',(0.,0.,-1.));
#3674 = ORIENTED_EDGE('',*,*,#3085,.F.);
#3675 = TOROIDAL_SURFACE('',#3676,0.129999999999,2.E-02);
#3676 = AXIS2_PLACEMENT_3D('',#3677,#3678,#3679);
#3677 = CARTESIAN_POINT('',(-1.35,1.,0.629999999999));
#3678 = DIRECTION('',(0.,0.,1.));
#3679 = DIRECTION('',(1.,0.,-0.));
#3680 = ADVANCED_FACE('',(#3681),#3693,.T.);
#3681 = FACE_BOUND('',#3682,.T.);
#3682 = EDGE_LOOP('',(#3683,#3684,#3685,#3692));
#3683 = ORIENTED_EDGE('',*,*,#3650,.T.);
#3684 = ORIENTED_EDGE('',*,*,#3051,.F.);
#3685 = ORIENTED_EDGE('',*,*,#3686,.F.);
#3686 = EDGE_CURVE('',#2867,#3044,#3687,.T.);
#3687 = CIRCLE('',#3688,2.E-02);
#3688 = AXIS2_PLACEMENT_3D('',#3689,#3690,#3691);
#3689 = CARTESIAN_POINT('',(1.35,-1.129999999999,0.629999999999));
#3690 = DIRECTION('',(-1.,0.,0.));
#3691 = DIRECTION('',(0.,0.,1.));
#3692 = ORIENTED_EDGE('',*,*,#3219,.F.);
#3693 = TOROIDAL_SURFACE('',#3694,0.129999999999,2.E-02);
#3694 = AXIS2_PLACEMENT_3D('',#3695,#3696,#3697);
#3695 = CARTESIAN_POINT('',(1.35,-0.999999999999,0.629999999999));
#3696 = DIRECTION('',(0.,0.,1.));
#3697 = DIRECTION('',(1.,0.,-0.));
#3698 = ADVANCED_FACE('',(#3699),#3711,.T.);
#3699 = FACE_BOUND('',#3700,.T.);
#3700 = EDGE_LOOP('',(#3701,#3702,#3703,#3710));
#3701 = ORIENTED_EDGE('',*,*,#3668,.T.);
#3702 = ORIENTED_EDGE('',*,*,#2994,.F.);
#3703 = ORIENTED_EDGE('',*,*,#3704,.F.);
#3704 = EDGE_CURVE('',#3027,#2987,#3705,.T.);
#3705 = CIRCLE('',#3706,2.E-02);
#3706 = AXIS2_PLACEMENT_3D('',#3707,#3708,#3709);
#3707 = CARTESIAN_POINT('',(-1.48,-0.999999999999,0.629999999999));
#3708 = DIRECTION('',(0.,-1.,0.));
#3709 = DIRECTION('',(0.,0.,-1.));
#3710 = ORIENTED_EDGE('',*,*,#3024,.F.);
#3711 = CYLINDRICAL_SURFACE('',#3712,2.E-02);
#3712 = AXIS2_PLACEMENT_3D('',#3713,#3714,#3715);
#3713 = CARTESIAN_POINT('',(-1.48,0.,0.629999999999));
#3714 = DIRECTION('',(0.,1.,0.));
#3715 = DIRECTION('',(0.,-0.,1.));
#3716 = ADVANCED_FACE('',(#3717),#3729,.T.);
#3717 = FACE_BOUND('',#3718,.T.);
#3718 = EDGE_LOOP('',(#3719,#3720,#3721,#3728));
#3719 = ORIENTED_EDGE('',*,*,#3686,.T.);
#3720 = ORIENTED_EDGE('',*,*,#3043,.F.);
#3721 = ORIENTED_EDGE('',*,*,#3722,.F.);
#3722 = EDGE_CURVE('',#2875,#3035,#3723,.T.);
#3723 = CIRCLE('',#3724,2.E-02);
#3724 = AXIS2_PLACEMENT_3D('',#3725,#3726,#3727);
#3725 = CARTESIAN_POINT('',(-1.35,-1.129999999999,0.629999999999));
#3726 = DIRECTION('',(-1.,0.,0.));
#3727 = DIRECTION('',(0.,0.,1.));
#3728 = ORIENTED_EDGE('',*,*,#2874,.F.);
#3729 = CYLINDRICAL_SURFACE('',#3730,2.E-02);
#3730 = AXIS2_PLACEMENT_3D('',#3731,#3732,#3733);
#3731 = CARTESIAN_POINT('',(0.,-1.129999999999,0.629999999999));
#3732 = DIRECTION('',(-1.,0.,0.));
#3733 = DIRECTION('',(0.,0.,1.));
#3734 = ADVANCED_FACE('',(#3735),#3741,.T.);
#3735 = FACE_BOUND('',#3736,.T.);
#3736 = EDGE_LOOP('',(#3737,#3738,#3739,#3740));
#3737 = ORIENTED_EDGE('',*,*,#3704,.T.);
#3738 = ORIENTED_EDGE('',*,*,#3243,.F.);
#3739 = ORIENTED_EDGE('',*,*,#3722,.T.);
#3740 = ORIENTED_EDGE('',*,*,#3034,.F.);
#3741 = TOROIDAL_SURFACE('',#3742,0.129999999999,2.E-02);
#3742 = AXIS2_PLACEMENT_3D('',#3743,#3744,#3745);
#3743 = CARTESIAN_POINT('',(-1.35,-0.999999999999,0.629999999999));
#3744 = DIRECTION('',(0.,0.,1.));
#3745 = DIRECTION('',(1.,0.,-0.));
#3746 = ADVANCED_FACE('',(#3747),#3765,.F.);
#3747 = FACE_BOUND('',#3748,.F.);
#3748 = EDGE_LOOP('',(#3749,#3750,#3757,#3758));
#3749 = ORIENTED_EDGE('',*,*,#2832,.T.);
#3750 = ORIENTED_EDGE('',*,*,#3751,.T.);
#3751 = EDGE_CURVE('',#2833,#2905,#3752,.T.);
#3752 = CIRCLE('',#3753,2.E-02);
#3753 = AXIS2_PLACEMENT_3D('',#3754,#3755,#3756);
#3754 = CARTESIAN_POINT('',(1.519999999999,1.,0.52));
#3755 = DIRECTION('',(0.,1.,0.));
#3756 = DIRECTION('',(0.,-0.,1.));
#3757 = ORIENTED_EDGE('',*,*,#3203,.T.);
#3758 = ORIENTED_EDGE('',*,*,#3759,.T.);
#3759 = EDGE_CURVE('',#2963,#2825,#3760,.T.);
#3760 = CIRCLE('',#3761,2.E-02);
#3761 = AXIS2_PLACEMENT_3D('',#3762,#3763,#3764);
#3762 = CARTESIAN_POINT('',(1.349999999999,1.17,0.52));
#3763 = DIRECTION('',(1.,0.,0.));
#3764 = DIRECTION('',(0.,0.,-1.));
#3765 = TOROIDAL_SURFACE('',#3766,0.169999999999,2.E-02);
#3766 = AXIS2_PLACEMENT_3D('',#3767,#3768,#3769);
#3767 = CARTESIAN_POINT('',(1.349999999999,1.,0.52));
#3768 = DIRECTION('',(0.,0.,1.));
#3769 = DIRECTION('',(1.,0.,-0.));
#3770 = ADVANCED_FACE('',(#3771),#3783,.F.);
#3771 = FACE_BOUND('',#3772,.F.);
#3772 = EDGE_LOOP('',(#3773,#3774,#3781,#3782));
#3773 = ORIENTED_EDGE('',*,*,#2841,.T.);
#3774 = ORIENTED_EDGE('',*,*,#3775,.T.);
#3775 = EDGE_CURVE('',#2842,#2923,#3776,.T.);
#3776 = CIRCLE('',#3777,2.E-02);
#3777 = AXIS2_PLACEMENT_3D('',#3778,#3779,#3780);
#3778 = CARTESIAN_POINT('',(1.52,-0.999999999999,0.52));
#3779 = DIRECTION('',(0.,1.,0.));
#3780 = DIRECTION('',(0.,-0.,1.));
#3781 = ORIENTED_EDGE('',*,*,#2930,.T.);
#3782 = ORIENTED_EDGE('',*,*,#3751,.F.);
#3783 = CYLINDRICAL_SURFACE('',#3784,2.E-02);
#3784 = AXIS2_PLACEMENT_3D('',#3785,#3786,#3787);
#3785 = CARTESIAN_POINT('',(1.52,-1.149999999999,0.52));
#3786 = DIRECTION('',(-1.885568995626E-16,1.,0.));
#3787 = DIRECTION('',(-1.,-1.885568995626E-16,-0.));
#3788 = ADVANCED_FACE('',(#3789),#3801,.F.);
#3789 = FACE_BOUND('',#3790,.F.);
#3790 = EDGE_LOOP('',(#3791,#3792,#3799,#3800));
#3791 = ORIENTED_EDGE('',*,*,#2970,.T.);
#3792 = ORIENTED_EDGE('',*,*,#3793,.T.);
#3793 = EDGE_CURVE('',#2945,#2816,#3794,.T.);
#3794 = CIRCLE('',#3795,2.E-02);
#3795 = AXIS2_PLACEMENT_3D('',#3796,#3797,#3798);
#3796 = CARTESIAN_POINT('',(-1.35,1.17,0.52));
#3797 = DIRECTION('',(1.,0.,0.));
#3798 = DIRECTION('',(0.,0.,-1.));
#3799 = ORIENTED_EDGE('',*,*,#2824,.T.);
#3800 = ORIENTED_EDGE('',*,*,#3759,.F.);
#3801 = CYLINDRICAL_SURFACE('',#3802,2.E-02);
#3802 = AXIS2_PLACEMENT_3D('',#3803,#3804,#3805);
#3803 = CARTESIAN_POINT('',(1.499999999999,1.17,0.52));
#3804 = DIRECTION('',(-1.,0.,0.));
#3805 = DIRECTION('',(0.,0.,1.));
#3806 = ADVANCED_FACE('',(#3807),#3819,.F.);
#3807 = FACE_BOUND('',#3808,.F.);
#3808 = EDGE_LOOP('',(#3809,#3810,#3817,#3818));
#3809 = ORIENTED_EDGE('',*,*,#2849,.T.);
#3810 = ORIENTED_EDGE('',*,*,#3811,.T.);
#3811 = EDGE_CURVE('',#2789,#2865,#3812,.T.);
#3812 = CIRCLE('',#3813,2.E-02);
#3813 = AXIS2_PLACEMENT_3D('',#3814,#3815,#3816);
#3814 = CARTESIAN_POINT('',(1.35,-1.169999999999,0.52));
#3815 = DIRECTION('',(1.,0.,0.));
#3816 = DIRECTION('',(0.,0.,-1.));
#3817 = ORIENTED_EDGE('',*,*,#3227,.T.);
#3818 = ORIENTED_EDGE('',*,*,#3775,.F.);
#3819 = TOROIDAL_SURFACE('',#3820,0.169999999999,2.E-02);
#3820 = AXIS2_PLACEMENT_3D('',#3821,#3822,#3823);
#3821 = CARTESIAN_POINT('',(1.35,-0.999999999999,0.52));
#3822 = DIRECTION('',(0.,0.,1.));
#3823 = DIRECTION('',(1.,0.,-0.));
#3824 = ADVANCED_FACE('',(#3825),#3837,.F.);
#3825 = FACE_BOUND('',#3826,.F.);
#3826 = EDGE_LOOP('',(#3827,#3828,#3835,#3836));
#3827 = ORIENTED_EDGE('',*,*,#3179,.T.);
#3828 = ORIENTED_EDGE('',*,*,#3829,.T.);
#3829 = EDGE_CURVE('',#3003,#2808,#3830,.T.);
#3830 = CIRCLE('',#3831,2.E-02);
#3831 = AXIS2_PLACEMENT_3D('',#3832,#3833,#3834);
#3832 = CARTESIAN_POINT('',(-1.52,1.,0.52));
#3833 = DIRECTION('',(0.,1.,0.));
#3834 = DIRECTION('',(0.,-0.,1.));
#3835 = ORIENTED_EDGE('',*,*,#2815,.T.);
#3836 = ORIENTED_EDGE('',*,*,#3793,.F.);
#3837 = TOROIDAL_SURFACE('',#3838,0.169999999999,2.E-02);
#3838 = AXIS2_PLACEMENT_3D('',#3839,#3840,#3841);
#3839 = CARTESIAN_POINT('',(-1.35,1.,0.52));
#3840 = DIRECTION('',(0.,0.,1.));
#3841 = DIRECTION('',(1.,0.,-0.));
#3842 = ADVANCED_FACE('',(#3843),#3855,.F.);
#3843 = FACE_BOUND('',#3844,.F.);
#3844 = EDGE_LOOP('',(#3845,#3846,#3853,#3854));
#3845 = ORIENTED_EDGE('',*,*,#2788,.T.);
#3846 = ORIENTED_EDGE('',*,*,#3847,.T.);
#3847 = EDGE_CURVE('',#2791,#2883,#3848,.T.);
#3848 = CIRCLE('',#3849,2.E-02);
#3849 = AXIS2_PLACEMENT_3D('',#3850,#3851,#3852);
#3850 = CARTESIAN_POINT('',(-1.35,-1.169999999999,0.52));
#3851 = DIRECTION('',(1.,0.,0.));
#3852 = DIRECTION('',(0.,0.,-1.));
#3853 = ORIENTED_EDGE('',*,*,#2890,.T.);
#3854 = ORIENTED_EDGE('',*,*,#3811,.F.);
#3855 = CYLINDRICAL_SURFACE('',#3856,2.E-02);
#3856 = AXIS2_PLACEMENT_3D('',#3857,#3858,#3859);
#3857 = CARTESIAN_POINT('',(-1.5,-1.169999999999,0.52));
#3858 = DIRECTION('',(1.,0.,0.));
#3859 = DIRECTION('',(0.,0.,-1.));
#3860 = ADVANCED_FACE('',(#3861),#3873,.F.);
#3861 = FACE_BOUND('',#3862,.F.);
#3862 = EDGE_LOOP('',(#3863,#3864,#3871,#3872));
#3863 = ORIENTED_EDGE('',*,*,#3010,.T.);
#3864 = ORIENTED_EDGE('',*,*,#3865,.T.);
#3865 = EDGE_CURVE('',#2985,#2799,#3866,.T.);
#3866 = CIRCLE('',#3867,2.E-02);
#3867 = AXIS2_PLACEMENT_3D('',#3868,#3869,#3870);
#3868 = CARTESIAN_POINT('',(-1.52,-0.999999999999,0.52));
#3869 = DIRECTION('',(0.,1.,0.));
#3870 = DIRECTION('',(0.,-0.,1.));
#3871 = ORIENTED_EDGE('',*,*,#2807,.T.);
#3872 = ORIENTED_EDGE('',*,*,#3829,.F.);
#3873 = CYLINDRICAL_SURFACE('',#3874,2.E-02);
#3874 = AXIS2_PLACEMENT_3D('',#3875,#3876,#3877);
#3875 = CARTESIAN_POINT('',(-1.52,1.15,0.52));
#3876 = DIRECTION('',(0.,-1.,0.));
#3877 = DIRECTION('',(0.,0.,-1.));
#3878 = ADVANCED_FACE('',(#3879),#3885,.F.);
#3879 = FACE_BOUND('',#3880,.F.);
#3880 = EDGE_LOOP('',(#3881,#3882,#3883,#3884));
#3881 = ORIENTED_EDGE('',*,*,#2798,.T.);
#3882 = ORIENTED_EDGE('',*,*,#3865,.F.);
#3883 = ORIENTED_EDGE('',*,*,#3251,.T.);
#3884 = ORIENTED_EDGE('',*,*,#3847,.F.);
#3885 = TOROIDAL_SURFACE('',#3886,0.169999999999,2.E-02);
#3886 = AXIS2_PLACEMENT_3D('',#3887,#3888,#3889);
#3887 = CARTESIAN_POINT('',(-1.35,-0.999999999999,0.52));
#3888 = DIRECTION('',(0.,0.,1.));
#3889 = DIRECTION('',(1.,0.,-0.));
#3890 = ADVANCED_FACE('',(#3891),#3921,.F.);
#3891 = FACE_BOUND('',#3892,.F.);
#3892 = EDGE_LOOP('',(#3893,#3894,#3895,#3896,#3897,#3905,#3914,#3920));
#3893 = ORIENTED_EDGE('',*,*,#2728,.T.);
#3894 = ORIENTED_EDGE('',*,*,#2778,.F.);
#3895 = ORIENTED_EDGE('',*,*,#2752,.T.);
#3896 = ORIENTED_EDGE('',*,*,#1927,.T.);
#3897 = ORIENTED_EDGE('',*,*,#3898,.F.);
#3898 = EDGE_CURVE('',#3899,#1928,#3901,.T.);
#3899 = VERTEX_POINT('',#3900);
#3900 = CARTESIAN_POINT('',(-1.450313112747,-1.240313112747,0.2));
#3901 = LINE('',#3902,#3903);
#3902 = CARTESIAN_POINT('',(-1.450313112747,-1.240313112747,0.));
#3903 = VECTOR('',#3904,1.);
#3904 = DIRECTION('',(0.,0.,-1.));
#3905 = ORIENTED_EDGE('',*,*,#3906,.T.);
#3906 = EDGE_CURVE('',#3899,#3907,#3909,.T.);
#3907 = VERTEX_POINT('',#3908);
#3908 = CARTESIAN_POINT('',(-1.590313112747,-1.100313112747,0.2));
#3909 = CIRCLE('',#3910,0.149999999999);
#3910 = AXIS2_PLACEMENT_3D('',#3911,#3912,#3913);
#3911 = CARTESIAN_POINT('',(-1.6,-1.249999999999,0.2));
#3912 = DIRECTION('',(0.,0.,1.));
#3913 = DIRECTION('',(-1.,0.,0.));
#3914 = ORIENTED_EDGE('',*,*,#3915,.F.);
#3915 = EDGE_CURVE('',#1985,#3907,#3916,.T.);
#3916 = LINE('',#3917,#3918);
#3917 = CARTESIAN_POINT('',(-1.590313112747,-1.100313112747,0.));
#3918 = VECTOR('',#3919,1.);
#3919 = DIRECTION('',(0.,0.,1.));
#3920 = ORIENTED_EDGE('',*,*,#1992,.T.);
#3921 = CYLINDRICAL_SURFACE('',#3922,0.149999999999);
#3922 = AXIS2_PLACEMENT_3D('',#3923,#3924,#3925);
#3923 = CARTESIAN_POINT('',(-1.6,-1.249999999999,0.));
#3924 = DIRECTION('',(0.,0.,1.));
#3925 = DIRECTION('',(1.,0.,-0.));
#3926 = ADVANCED_FACE('',(#3927),#3957,.F.);
#3927 = FACE_BOUND('',#3928,.F.);
#3928 = EDGE_LOOP('',(#3929,#3930,#3931,#3932,#3933,#3941,#3950,#3956));
#3929 = ORIENTED_EDGE('',*,*,#2680,.T.);
#3930 = ORIENTED_EDGE('',*,*,#2768,.F.);
#3931 = ORIENTED_EDGE('',*,*,#2702,.T.);
#3932 = ORIENTED_EDGE('',*,*,#2083,.T.);
#3933 = ORIENTED_EDGE('',*,*,#3934,.F.);
#3934 = EDGE_CURVE('',#3935,#2084,#3937,.T.);
#3935 = VERTEX_POINT('',#3936);
#3936 = CARTESIAN_POINT('',(1.450313112747,1.240313112747,0.2));
#3937 = LINE('',#3938,#3939);
#3938 = CARTESIAN_POINT('',(1.450313112747,1.240313112747,0.));
#3939 = VECTOR('',#3940,1.);
#3940 = DIRECTION('',(0.,0.,-1.));
#3941 = ORIENTED_EDGE('',*,*,#3942,.T.);
#3942 = EDGE_CURVE('',#3935,#3943,#3945,.T.);
#3943 = VERTEX_POINT('',#3944);
#3944 = CARTESIAN_POINT('',(1.590313112747,1.100313112747,0.2));
#3945 = CIRCLE('',#3946,0.149999999999);
#3946 = AXIS2_PLACEMENT_3D('',#3947,#3948,#3949);
#3947 = CARTESIAN_POINT('',(1.6,1.249999999999,0.2));
#3948 = DIRECTION('',(0.,0.,1.));
#3949 = DIRECTION('',(-1.,0.,0.));
#3950 = ORIENTED_EDGE('',*,*,#3951,.F.);
#3951 = EDGE_CURVE('',#2133,#3943,#3952,.T.);
#3952 = LINE('',#3953,#3954);
#3953 = CARTESIAN_POINT('',(1.590313112747,1.100313112747,0.));
#3954 = VECTOR('',#3955,1.);
#3955 = DIRECTION('',(0.,0.,1.));
#3956 = ORIENTED_EDGE('',*,*,#2140,.T.);
#3957 = CYLINDRICAL_SURFACE('',#3958,0.149999999999);
#3958 = AXIS2_PLACEMENT_3D('',#3959,#3960,#3961);
#3959 = CARTESIAN_POINT('',(1.6,1.249999999999,0.));
#3960 = DIRECTION('',(0.,0.,1.));
#3961 = DIRECTION('',(1.,0.,-0.));
#3962 = ADVANCED_FACE('',(#3963),#3975,.F.);
#3963 = FACE_BOUND('',#3964,.F.);
#3964 = EDGE_LOOP('',(#3965,#3966,#3967,#3974));
#3965 = ORIENTED_EDGE('',*,*,#768,.F.);
#3966 = ORIENTED_EDGE('',*,*,#62,.F.);
#3967 = ORIENTED_EDGE('',*,*,#3968,.T.);
#3968 = EDGE_CURVE('',#63,#82,#3969,.T.);
#3969 = CIRCLE('',#3970,9.457773771E-02);
#3970 = AXIS2_PLACEMENT_3D('',#3971,#3972,#3973);
#3971 = CARTESIAN_POINT('',(-1.183721726349,-0.841173987669,
    0.698999999999));
#3972 = DIRECTION('',(0.,0.,1.));
#3973 = DIRECTION('',(1.,0.,-0.));
#3974 = ORIENTED_EDGE('',*,*,#81,.T.);
#3975 = CYLINDRICAL_SURFACE('',#3976,9.457773771E-02);
#3976 = AXIS2_PLACEMENT_3D('',#3977,#3978,#3979);
#3977 = CARTESIAN_POINT('',(-1.183721726349,-0.841173987669,
    0.698999999999));
#3978 = DIRECTION('',(0.,0.,1.));
#3979 = DIRECTION('',(1.,0.,-0.));
#3980 = ADVANCED_FACE('',(#3981),#3985,.T.);
#3981 = FACE_BOUND('',#3982,.T.);
#3982 = EDGE_LOOP('',(#3983,#3984));
#3983 = ORIENTED_EDGE('',*,*,#3968,.T.);
#3984 = ORIENTED_EDGE('',*,*,#89,.T.);
#3985 = PLANE('',#3986);
#3986 = AXIS2_PLACEMENT_3D('',#3987,#3988,#3989);
#3987 = CARTESIAN_POINT('',(-1.183721726349,-0.841173987669,
    0.698999999999));
#3988 = DIRECTION('',(0.,0.,1.));
#3989 = DIRECTION('',(1.,0.,-0.));
#3990 = ADVANCED_FACE('',(#3991),#4016,.F.);
#3991 = FACE_BOUND('',#3992,.T.);
#3992 = EDGE_LOOP('',(#3993,#4003,#4009,#4010));
#3993 = ORIENTED_EDGE('',*,*,#3994,.F.);
#3994 = EDGE_CURVE('',#3995,#3997,#3999,.T.);
#3995 = VERTEX_POINT('',#3996);
#3996 = CARTESIAN_POINT('',(-0.6,-0.65,-1.E-02));
#3997 = VERTEX_POINT('',#3998);
#3998 = CARTESIAN_POINT('',(-0.599999999999,-1.129999999999,-1.E-02));
#3999 = LINE('',#4000,#4001);
#4000 = CARTESIAN_POINT('',(-0.599999999999,-1.129999999999,-1.E-02));
#4001 = VECTOR('',#4002,1.);
#4002 = DIRECTION('',(1.390002785237E-16,-1.,0.));
#4003 = ORIENTED_EDGE('',*,*,#4004,.T.);
#4004 = EDGE_CURVE('',#3995,#1953,#4005,.T.);
#4005 = LINE('',#4006,#4007);
#4006 = CARTESIAN_POINT('',(-0.6,-0.65,-1.E-02));
#4007 = VECTOR('',#4008,1.);
#4008 = DIRECTION('',(0.,0.,1.));
#4009 = ORIENTED_EDGE('',*,*,#1952,.T.);
#4010 = ORIENTED_EDGE('',*,*,#4011,.F.);
#4011 = EDGE_CURVE('',#3997,#1945,#4012,.T.);
#4012 = LINE('',#4013,#4014);
#4013 = CARTESIAN_POINT('',(-0.599999999999,-1.129999999999,-1.E-02));
#4014 = VECTOR('',#4015,1.);
#4015 = DIRECTION('',(0.,0.,1.));
#4016 = PLANE('',#4017);
#4017 = AXIS2_PLACEMENT_3D('',#4018,#4019,#4020);
#4018 = CARTESIAN_POINT('',(-0.599999999999,-1.129999999999,-1.E-02));
#4019 = DIRECTION('',(-1.,-1.390002785237E-16,0.));
#4020 = DIRECTION('',(1.390002785237E-16,-1.,0.));
#4021 = ADVANCED_FACE('',(#4022),#4040,.F.);
#4022 = FACE_BOUND('',#4023,.T.);
#4023 = EDGE_LOOP('',(#4024,#4025,#4033,#4039));
#4024 = ORIENTED_EDGE('',*,*,#1944,.T.);
#4025 = ORIENTED_EDGE('',*,*,#4026,.T.);
#4026 = EDGE_CURVE('',#1937,#4027,#4029,.T.);
#4027 = VERTEX_POINT('',#4028);
#4028 = CARTESIAN_POINT('',(-1.34,-1.129999999999,-1.E-02));
#4029 = LINE('',#4030,#4031);
#4030 = CARTESIAN_POINT('',(-1.34,-1.129999999999,0.2));
#4031 = VECTOR('',#4032,1.);
#4032 = DIRECTION('',(0.,0.,-1.));
#4033 = ORIENTED_EDGE('',*,*,#4034,.F.);
#4034 = EDGE_CURVE('',#3997,#4027,#4035,.T.);
#4035 = LINE('',#4036,#4037);
#4036 = CARTESIAN_POINT('',(-1.5,-1.129999999999,-1.E-02));
#4037 = VECTOR('',#4038,1.);
#4038 = DIRECTION('',(-1.,2.409338161078E-16,0.));
#4039 = ORIENTED_EDGE('',*,*,#4011,.T.);
#4040 = PLANE('',#4041);
#4041 = AXIS2_PLACEMENT_3D('',#4042,#4043,#4044);
#4042 = CARTESIAN_POINT('',(-1.5,-1.129999999999,-1.E-02));
#4043 = DIRECTION('',(2.409338161078E-16,1.,0.));
#4044 = DIRECTION('',(-1.,2.409338161078E-16,0.));
#4045 = ADVANCED_FACE('',(#4046),#4071,.F.);
#4046 = FACE_BOUND('',#4047,.T.);
#4047 = EDGE_LOOP('',(#4048,#4058,#4064,#4065));
#4048 = ORIENTED_EDGE('',*,*,#4049,.F.);
#4049 = EDGE_CURVE('',#4050,#4052,#4054,.T.);
#4050 = VERTEX_POINT('',#4051);
#4051 = CARTESIAN_POINT('',(-1.5,-1.01,-1.E-02));
#4052 = VERTEX_POINT('',#4053);
#4053 = CARTESIAN_POINT('',(-1.5,-0.35,-1.E-02));
#4054 = LINE('',#4055,#4056);
#4055 = CARTESIAN_POINT('',(-1.5,-1.129999999999,-1.E-02));
#4056 = VECTOR('',#4057,1.);
#4057 = DIRECTION('',(0.,1.,0.));
#4058 = ORIENTED_EDGE('',*,*,#4059,.F.);
#4059 = EDGE_CURVE('',#1977,#4050,#4060,.T.);
#4060 = LINE('',#4061,#4062);
#4061 = CARTESIAN_POINT('',(-1.5,-1.01,0.2));
#4062 = VECTOR('',#4063,1.);
#4063 = DIRECTION('',(0.,0.,-1.));
#4064 = ORIENTED_EDGE('',*,*,#1976,.T.);
#4065 = ORIENTED_EDGE('',*,*,#4066,.F.);
#4066 = EDGE_CURVE('',#4052,#1969,#4067,.T.);
#4067 = LINE('',#4068,#4069);
#4068 = CARTESIAN_POINT('',(-1.5,-0.35,-1.E-02));
#4069 = VECTOR('',#4070,1.);
#4070 = DIRECTION('',(0.,0.,1.));
#4071 = PLANE('',#4072);
#4072 = AXIS2_PLACEMENT_3D('',#4073,#4074,#4075);
#4073 = CARTESIAN_POINT('',(-1.5,-1.129999999999,-1.E-02));
#4074 = DIRECTION('',(1.,0.,0.));
#4075 = DIRECTION('',(0.,0.,-1.));
#4076 = ADVANCED_FACE('',(#4077),#4095,.F.);
#4077 = FACE_BOUND('',#4078,.T.);
#4078 = EDGE_LOOP('',(#4079,#4080,#4088,#4094));
#4079 = ORIENTED_EDGE('',*,*,#1968,.T.);
#4080 = ORIENTED_EDGE('',*,*,#4081,.T.);
#4081 = EDGE_CURVE('',#1961,#4082,#4084,.T.);
#4082 = VERTEX_POINT('',#4083);
#4083 = CARTESIAN_POINT('',(-0.9,-0.35,-1.E-02));
#4084 = LINE('',#4085,#4086);
#4085 = CARTESIAN_POINT('',(-0.9,-0.35,-1.E-02));
#4086 = VECTOR('',#4087,1.);
#4087 = DIRECTION('',(0.,0.,-1.));
#4088 = ORIENTED_EDGE('',*,*,#4089,.F.);
#4089 = EDGE_CURVE('',#4052,#4082,#4090,.T.);
#4090 = LINE('',#4091,#4092);
#4091 = CARTESIAN_POINT('',(-1.5,-0.35,-1.E-02));
#4092 = VECTOR('',#4093,1.);
#4093 = DIRECTION('',(1.,-1.204669080539E-16,0.));
#4094 = ORIENTED_EDGE('',*,*,#4066,.T.);
#4095 = PLANE('',#4096);
#4096 = AXIS2_PLACEMENT_3D('',#4097,#4098,#4099);
#4097 = CARTESIAN_POINT('',(-1.5,-0.35,-1.E-02));
#4098 = DIRECTION('',(-1.204669080539E-16,-1.,0.));
#4099 = DIRECTION('',(1.,-1.204669080539E-16,0.));
#4100 = ADVANCED_FACE('',(#4101),#4136,.T.);
#4101 = FACE_BOUND('',#4102,.T.);
#4102 = EDGE_LOOP('',(#4103,#4104,#4110,#4111,#4112,#4120,#4129,#4135));
#4103 = ORIENTED_EDGE('',*,*,#4089,.T.);
#4104 = ORIENTED_EDGE('',*,*,#4105,.T.);
#4105 = EDGE_CURVE('',#4082,#3995,#4106,.T.);
#4106 = LINE('',#4107,#4108);
#4107 = CARTESIAN_POINT('',(-0.624999999999,-0.625,-1.E-02));
#4108 = VECTOR('',#4109,1.);
#4109 = DIRECTION('',(0.707106781187,-0.707106781187,0.));
#4110 = ORIENTED_EDGE('',*,*,#3994,.T.);
#4111 = ORIENTED_EDGE('',*,*,#4034,.T.);
#4112 = ORIENTED_EDGE('',*,*,#4113,.T.);
#4113 = EDGE_CURVE('',#4027,#4114,#4116,.T.);
#4114 = VERTEX_POINT('',#4115);
#4115 = CARTESIAN_POINT('',(-1.46,-1.249999999999,-1.E-02));
#4116 = LINE('',#4117,#4118);
#4117 = CARTESIAN_POINT('',(-1.46,-1.249999999999,-1.E-02));
#4118 = VECTOR('',#4119,1.);
#4119 = DIRECTION('',(-0.707106781187,-0.707106781187,0.));
#4120 = ORIENTED_EDGE('',*,*,#4121,.T.);
#4121 = EDGE_CURVE('',#4114,#4122,#4124,.T.);
#4122 = VERTEX_POINT('',#4123);
#4123 = CARTESIAN_POINT('',(-1.6,-1.109999999999,-1.E-02));
#4124 = CIRCLE('',#4125,0.139999999999);
#4125 = AXIS2_PLACEMENT_3D('',#4126,#4127,#4128);
#4126 = CARTESIAN_POINT('',(-1.6,-1.249999999999,-1.E-02));
#4127 = DIRECTION('',(0.,0.,1.));
#4128 = DIRECTION('',(-1.,0.,0.));
#4129 = ORIENTED_EDGE('',*,*,#4130,.T.);
#4130 = EDGE_CURVE('',#4122,#4050,#4131,.T.);
#4131 = LINE('',#4132,#4133);
#4132 = CARTESIAN_POINT('',(-1.6,-1.109999999999,-1.E-02));
#4133 = VECTOR('',#4134,1.);
#4134 = DIRECTION('',(0.707106781187,0.707106781187,0.));
#4135 = ORIENTED_EDGE('',*,*,#4049,.T.);
#4136 = PLANE('',#4137);
#4137 = AXIS2_PLACEMENT_3D('',#4138,#4139,#4140);
#4138 = CARTESIAN_POINT('',(0.,0.,-1.E-02));
#4139 = DIRECTION('',(0.,0.,-1.));
#4140 = DIRECTION('',(-1.,0.,0.));
#4141 = ADVANCED_FACE('',(#4142),#4160,.F.);
#4142 = FACE_BOUND('',#4143,.T.);
#4143 = EDGE_LOOP('',(#4144,#4145,#4153,#4159));
#4144 = ORIENTED_EDGE('',*,*,#2198,.T.);
#4145 = ORIENTED_EDGE('',*,*,#4146,.F.);
#4146 = EDGE_CURVE('',#4147,#2191,#4149,.T.);
#4147 = VERTEX_POINT('',#4148);
#4148 = CARTESIAN_POINT('',(0.599999999999,-0.351,-1.E-02));
#4149 = LINE('',#4150,#4151);
#4150 = CARTESIAN_POINT('',(0.599999999999,-0.351,-1.E-02));
#4151 = VECTOR('',#4152,1.);
#4152 = DIRECTION('',(0.,0.,1.));
#4153 = ORIENTED_EDGE('',*,*,#4154,.F.);
#4154 = EDGE_CURVE('',#2531,#4147,#4155,.T.);
#4155 = LINE('',#4156,#4157);
#4156 = CARTESIAN_POINT('',(0.599999999999,-1.129999999999,-1.E-02));
#4157 = VECTOR('',#4158,1.);
#4158 = DIRECTION('',(0.,1.,0.));
#4159 = ORIENTED_EDGE('',*,*,#2530,.T.);
#4160 = PLANE('',#4161);
#4161 = AXIS2_PLACEMENT_3D('',#4162,#4163,#4164);
#4162 = CARTESIAN_POINT('',(0.599999999999,-1.129999999999,-1.E-02));
#4163 = DIRECTION('',(1.,0.,0.));
#4164 = DIRECTION('',(0.,0.,-1.));
#4165 = ADVANCED_FACE('',(#4166),#4184,.F.);
#4166 = FACE_BOUND('',#4167,.T.);
#4167 = EDGE_LOOP('',(#4168,#4169,#4177,#4183));
#4168 = ORIENTED_EDGE('',*,*,#2190,.T.);
#4169 = ORIENTED_EDGE('',*,*,#4170,.F.);
#4170 = EDGE_CURVE('',#4171,#2183,#4173,.T.);
#4171 = VERTEX_POINT('',#4172);
#4172 = CARTESIAN_POINT('',(0.600999999999,-0.35,-1.E-02));
#4173 = LINE('',#4174,#4175);
#4174 = CARTESIAN_POINT('',(0.600999999999,-0.35,-1.E-02));
#4175 = VECTOR('',#4176,1.);
#4176 = DIRECTION('',(0.,0.,1.));
#4177 = ORIENTED_EDGE('',*,*,#4178,.F.);
#4178 = EDGE_CURVE('',#4147,#4171,#4179,.T.);
#4179 = LINE('',#4180,#4181);
#4180 = CARTESIAN_POINT('',(0.600999999999,-0.35,-1.E-02));
#4181 = VECTOR('',#4182,1.);
#4182 = DIRECTION('',(0.707106781187,0.707106781187,0.));
#4183 = ORIENTED_EDGE('',*,*,#4146,.T.);
#4184 = PLANE('',#4185);
#4185 = AXIS2_PLACEMENT_3D('',#4186,#4187,#4188);
#4186 = CARTESIAN_POINT('',(0.600999999999,-0.35,-1.E-02));
#4187 = DIRECTION('',(0.707106781187,-0.707106781187,0.));
#4188 = DIRECTION('',(0.707106781187,0.707106781187,0.));
#4189 = ADVANCED_FACE('',(#4190),#4201,.F.);
#4190 = FACE_BOUND('',#4191,.T.);
#4191 = EDGE_LOOP('',(#4192,#4193,#4194,#4200));
#4192 = ORIENTED_EDGE('',*,*,#2182,.T.);
#4193 = ORIENTED_EDGE('',*,*,#2506,.F.);
#4194 = ORIENTED_EDGE('',*,*,#4195,.F.);
#4195 = EDGE_CURVE('',#4171,#2499,#4196,.T.);
#4196 = LINE('',#4197,#4198);
#4197 = CARTESIAN_POINT('',(1.5,-0.35,-1.E-02));
#4198 = VECTOR('',#4199,1.);
#4199 = DIRECTION('',(1.,2.41201818128E-16,0.));
#4200 = ORIENTED_EDGE('',*,*,#4170,.T.);
#4201 = PLANE('',#4202);
#4202 = AXIS2_PLACEMENT_3D('',#4203,#4204,#4205);
#4203 = CARTESIAN_POINT('',(1.5,-0.35,-1.E-02));
#4204 = DIRECTION('',(2.41201818128E-16,-1.,0.));
#4205 = DIRECTION('',(1.,2.41201818128E-16,0.));
#4206 = ADVANCED_FACE('',(#4207),#4237,.F.);
#4207 = FACE_BOUND('',#4208,.T.);
#4208 = EDGE_LOOP('',(#4209,#4217,#4218,#4219,#4220,#4221,#4222,#4230));
#4209 = ORIENTED_EDGE('',*,*,#4210,.F.);
#4210 = EDGE_CURVE('',#2522,#4211,#4213,.T.);
#4211 = VERTEX_POINT('',#4212);
#4212 = CARTESIAN_POINT('',(1.46,-1.249999999999,-1.E-02));
#4213 = LINE('',#4214,#4215);
#4214 = CARTESIAN_POINT('',(1.46,-1.249999999999,-1.E-02));
#4215 = VECTOR('',#4216,1.);
#4216 = DIRECTION('',(0.707106781187,-0.707106781187,0.));
#4217 = ORIENTED_EDGE('',*,*,#2538,.T.);
#4218 = ORIENTED_EDGE('',*,*,#4154,.T.);
#4219 = ORIENTED_EDGE('',*,*,#4178,.T.);
#4220 = ORIENTED_EDGE('',*,*,#4195,.T.);
#4221 = ORIENTED_EDGE('',*,*,#2498,.T.);
#4222 = ORIENTED_EDGE('',*,*,#4223,.F.);
#4223 = EDGE_CURVE('',#4224,#2491,#4226,.T.);
#4224 = VERTEX_POINT('',#4225);
#4225 = CARTESIAN_POINT('',(1.6,-1.109999999999,-1.E-02));
#4226 = LINE('',#4227,#4228);
#4227 = CARTESIAN_POINT('',(1.6,-1.109999999999,-1.E-02));
#4228 = VECTOR('',#4229,1.);
#4229 = DIRECTION('',(-0.707106781187,0.707106781187,0.));
#4230 = ORIENTED_EDGE('',*,*,#4231,.F.);
#4231 = EDGE_CURVE('',#4211,#4224,#4232,.T.);
#4232 = CIRCLE('',#4233,0.139999999999);
#4233 = AXIS2_PLACEMENT_3D('',#4234,#4235,#4236);
#4234 = CARTESIAN_POINT('',(1.6,-1.249999999999,-1.E-02));
#4235 = DIRECTION('',(0.,0.,-1.));
#4236 = DIRECTION('',(1.,0.,0.));
#4237 = PLANE('',#4238);
#4238 = AXIS2_PLACEMENT_3D('',#4239,#4240,#4241);
#4239 = CARTESIAN_POINT('',(0.,0.,-1.E-02));
#4240 = DIRECTION('',(0.,0.,1.));
#4241 = DIRECTION('',(1.,0.,-0.));
#4242 = ADVANCED_FACE('',(#4243),#4268,.F.);
#4243 = FACE_BOUND('',#4244,.T.);
#4244 = EDGE_LOOP('',(#4245,#4246,#4254,#4262));
#4245 = ORIENTED_EDGE('',*,*,#2100,.T.);
#4246 = ORIENTED_EDGE('',*,*,#4247,.T.);
#4247 = EDGE_CURVE('',#2093,#4248,#4250,.T.);
#4248 = VERTEX_POINT('',#4249);
#4249 = CARTESIAN_POINT('',(1.34,1.129999999999,-1.E-02));
#4250 = LINE('',#4251,#4252);
#4251 = CARTESIAN_POINT('',(1.34,1.129999999999,0.2));
#4252 = VECTOR('',#4253,1.);
#4253 = DIRECTION('',(0.,0.,-1.));
#4254 = ORIENTED_EDGE('',*,*,#4255,.F.);
#4255 = EDGE_CURVE('',#4256,#4248,#4258,.T.);
#4256 = VERTEX_POINT('',#4257);
#4257 = CARTESIAN_POINT('',(0.6,1.129999999999,-1.E-02));
#4258 = LINE('',#4259,#4260);
#4259 = CARTESIAN_POINT('',(1.5,1.129999999999,-1.E-02));
#4260 = VECTOR('',#4261,1.);
#4261 = DIRECTION('',(1.,-7.228014483236E-16,0.));
#4262 = ORIENTED_EDGE('',*,*,#4263,.T.);
#4263 = EDGE_CURVE('',#4256,#2101,#4264,.T.);
#4264 = LINE('',#4265,#4266);
#4265 = CARTESIAN_POINT('',(0.6,1.129999999999,-1.E-02));
#4266 = VECTOR('',#4267,1.);
#4267 = DIRECTION('',(0.,0.,1.));
#4268 = PLANE('',#4269);
#4269 = AXIS2_PLACEMENT_3D('',#4270,#4271,#4272);
#4270 = CARTESIAN_POINT('',(1.5,1.129999999999,-1.E-02));
#4271 = DIRECTION('',(-7.228014483236E-16,-1.,0.));
#4272 = DIRECTION('',(1.,-7.228014483236E-16,0.));
#4273 = ADVANCED_FACE('',(#4274),#4299,.F.);
#4274 = FACE_BOUND('',#4275,.T.);
#4275 = EDGE_LOOP('',(#4276,#4286,#4292,#4293));
#4276 = ORIENTED_EDGE('',*,*,#4277,.F.);
#4277 = EDGE_CURVE('',#4278,#4280,#4282,.T.);
#4278 = VERTEX_POINT('',#4279);
#4279 = CARTESIAN_POINT('',(1.5,1.01,-1.E-02));
#4280 = VERTEX_POINT('',#4281);
#4281 = CARTESIAN_POINT('',(1.5,0.349999999999,-1.E-02));
#4282 = LINE('',#4283,#4284);
#4283 = CARTESIAN_POINT('',(1.5,1.129999999999,-1.E-02));
#4284 = VECTOR('',#4285,1.);
#4285 = DIRECTION('',(-2.780005570475E-16,-1.,0.));
#4286 = ORIENTED_EDGE('',*,*,#4287,.F.);
#4287 = EDGE_CURVE('',#2125,#4278,#4288,.T.);
#4288 = LINE('',#4289,#4290);
#4289 = CARTESIAN_POINT('',(1.5,1.01,0.2));
#4290 = VECTOR('',#4291,1.);
#4291 = DIRECTION('',(0.,0.,-1.));
#4292 = ORIENTED_EDGE('',*,*,#2124,.T.);
#4293 = ORIENTED_EDGE('',*,*,#4294,.F.);
#4294 = EDGE_CURVE('',#4280,#2117,#4295,.T.);
#4295 = LINE('',#4296,#4297);
#4296 = CARTESIAN_POINT('',(1.5,0.349999999999,-1.E-02));
#4297 = VECTOR('',#4298,1.);
#4298 = DIRECTION('',(0.,0.,1.));
#4299 = PLANE('',#4300);
#4300 = AXIS2_PLACEMENT_3D('',#4301,#4302,#4303);
#4301 = CARTESIAN_POINT('',(1.5,1.129999999999,-1.E-02));
#4302 = DIRECTION('',(-1.,2.780005570475E-16,0.));
#4303 = DIRECTION('',(-2.780005570475E-16,-1.,0.));
#4304 = ADVANCED_FACE('',(#4305),#4323,.F.);
#4305 = FACE_BOUND('',#4306,.T.);
#4306 = EDGE_LOOP('',(#4307,#4308,#4316,#4322));
#4307 = ORIENTED_EDGE('',*,*,#2116,.T.);
#4308 = ORIENTED_EDGE('',*,*,#4309,.F.);
#4309 = EDGE_CURVE('',#4310,#2109,#4312,.T.);
#4310 = VERTEX_POINT('',#4311);
#4311 = CARTESIAN_POINT('',(0.6,0.349999999999,-1.E-02));
#4312 = LINE('',#4313,#4314);
#4313 = CARTESIAN_POINT('',(0.6,0.349999999999,-1.E-02));
#4314 = VECTOR('',#4315,1.);
#4315 = DIRECTION('',(0.,0.,1.));
#4316 = ORIENTED_EDGE('',*,*,#4317,.F.);
#4317 = EDGE_CURVE('',#4280,#4310,#4318,.T.);
#4318 = LINE('',#4319,#4320);
#4319 = CARTESIAN_POINT('',(1.5,0.349999999999,-1.E-02));
#4320 = VECTOR('',#4321,1.);
#4321 = DIRECTION('',(-1.,3.614007241618E-16,0.));
#4322 = ORIENTED_EDGE('',*,*,#4294,.T.);
#4323 = PLANE('',#4324);
#4324 = AXIS2_PLACEMENT_3D('',#4325,#4326,#4327);
#4325 = CARTESIAN_POINT('',(1.5,0.349999999999,-1.E-02));
#4326 = DIRECTION('',(3.614007241618E-16,1.,0.));
#4327 = DIRECTION('',(-1.,3.614007241618E-16,0.));
#4328 = ADVANCED_FACE('',(#4329),#4340,.F.);
#4329 = FACE_BOUND('',#4330,.T.);
#4330 = EDGE_LOOP('',(#4331,#4332,#4333,#4339));
#4331 = ORIENTED_EDGE('',*,*,#2108,.T.);
#4332 = ORIENTED_EDGE('',*,*,#4263,.F.);
#4333 = ORIENTED_EDGE('',*,*,#4334,.F.);
#4334 = EDGE_CURVE('',#4310,#4256,#4335,.T.);
#4335 = LINE('',#4336,#4337);
#4336 = CARTESIAN_POINT('',(0.6,1.129999999999,-1.E-02));
#4337 = VECTOR('',#4338,1.);
#4338 = DIRECTION('',(1.390002785237E-16,1.,0.));
#4339 = ORIENTED_EDGE('',*,*,#4309,.T.);
#4340 = PLANE('',#4341);
#4341 = AXIS2_PLACEMENT_3D('',#4342,#4343,#4344);
#4342 = CARTESIAN_POINT('',(0.6,1.129999999999,-1.E-02));
#4343 = DIRECTION('',(1.,-1.390002785237E-16,0.));
#4344 = DIRECTION('',(1.390002785237E-16,1.,0.));
#4345 = ADVANCED_FACE('',(#4346),#4375,.F.);
#4346 = FACE_BOUND('',#4347,.T.);
#4347 = EDGE_LOOP('',(#4348,#4349,#4357,#4366,#4372,#4373,#4374));
#4348 = ORIENTED_EDGE('',*,*,#4255,.T.);
#4349 = ORIENTED_EDGE('',*,*,#4350,.T.);
#4350 = EDGE_CURVE('',#4248,#4351,#4353,.T.);
#4351 = VERTEX_POINT('',#4352);
#4352 = CARTESIAN_POINT('',(1.46,1.249999999999,-1.E-02));
#4353 = LINE('',#4354,#4355);
#4354 = CARTESIAN_POINT('',(1.46,1.249999999999,-1.E-02));
#4355 = VECTOR('',#4356,1.);
#4356 = DIRECTION('',(0.707106781187,0.707106781187,0.));
#4357 = ORIENTED_EDGE('',*,*,#4358,.T.);
#4358 = EDGE_CURVE('',#4351,#4359,#4361,.T.);
#4359 = VERTEX_POINT('',#4360);
#4360 = CARTESIAN_POINT('',(1.6,1.109999999999,-1.E-02));
#4361 = CIRCLE('',#4362,0.139999999999);
#4362 = AXIS2_PLACEMENT_3D('',#4363,#4364,#4365);
#4363 = CARTESIAN_POINT('',(1.6,1.249999999999,-1.E-02));
#4364 = DIRECTION('',(0.,0.,1.));
#4365 = DIRECTION('',(1.,0.,-0.));
#4366 = ORIENTED_EDGE('',*,*,#4367,.T.);
#4367 = EDGE_CURVE('',#4359,#4278,#4368,.T.);
#4368 = LINE('',#4369,#4370);
#4369 = CARTESIAN_POINT('',(1.6,1.109999999999,-1.E-02));
#4370 = VECTOR('',#4371,1.);
#4371 = DIRECTION('',(-0.707106781187,-0.707106781187,0.));
#4372 = ORIENTED_EDGE('',*,*,#4277,.T.);
#4373 = ORIENTED_EDGE('',*,*,#4317,.T.);
#4374 = ORIENTED_EDGE('',*,*,#4334,.T.);
#4375 = PLANE('',#4376);
#4376 = AXIS2_PLACEMENT_3D('',#4377,#4378,#4379);
#4377 = CARTESIAN_POINT('',(0.,0.,-1.E-02));
#4378 = DIRECTION('',(0.,0.,1.));
#4379 = DIRECTION('',(1.,0.,-0.));
#4380 = ADVANCED_FACE('',(#4381),#4399,.F.);
#4381 = FACE_BOUND('',#4382,.T.);
#4382 = EDGE_LOOP('',(#4383,#4384,#4392,#4398));
#4383 = ORIENTED_EDGE('',*,*,#2042,.T.);
#4384 = ORIENTED_EDGE('',*,*,#4385,.F.);
#4385 = EDGE_CURVE('',#4386,#2035,#4388,.T.);
#4386 = VERTEX_POINT('',#4387);
#4387 = CARTESIAN_POINT('',(-0.599999999999,0.349999999999,-1.E-02));
#4388 = LINE('',#4389,#4390);
#4389 = CARTESIAN_POINT('',(-0.599999999999,0.349999999999,-1.E-02));
#4390 = VECTOR('',#4391,1.);
#4391 = DIRECTION('',(0.,0.,1.));
#4392 = ORIENTED_EDGE('',*,*,#4393,.F.);
#4393 = EDGE_CURVE('',#2649,#4386,#4394,.T.);
#4394 = LINE('',#4395,#4396);
#4395 = CARTESIAN_POINT('',(-0.6,1.129999999999,-1.E-02));
#4396 = VECTOR('',#4397,1.);
#4397 = DIRECTION('',(4.170008355713E-16,-1.,0.));
#4398 = ORIENTED_EDGE('',*,*,#2648,.T.);
#4399 = PLANE('',#4400);
#4400 = AXIS2_PLACEMENT_3D('',#4401,#4402,#4403);
#4401 = CARTESIAN_POINT('',(-0.6,1.129999999999,-1.E-02));
#4402 = DIRECTION('',(-1.,-4.170008355713E-16,0.));
#4403 = DIRECTION('',(4.170008355713E-16,-1.,0.));
#4404 = ADVANCED_FACE('',(#4405),#4416,.F.);
#4405 = FACE_BOUND('',#4406,.T.);
#4406 = EDGE_LOOP('',(#4407,#4408,#4409,#4415));
#4407 = ORIENTED_EDGE('',*,*,#2034,.T.);
#4408 = ORIENTED_EDGE('',*,*,#2624,.F.);
#4409 = ORIENTED_EDGE('',*,*,#4410,.F.);
#4410 = EDGE_CURVE('',#4386,#2617,#4411,.T.);
#4411 = LINE('',#4412,#4413);
#4412 = CARTESIAN_POINT('',(-1.5,0.349999999999,-1.E-02));
#4413 = VECTOR('',#4414,1.);
#4414 = DIRECTION('',(-1.,-7.228014483236E-16,0.));
#4415 = ORIENTED_EDGE('',*,*,#4385,.T.);
#4416 = PLANE('',#4417);
#4417 = AXIS2_PLACEMENT_3D('',#4418,#4419,#4420);
#4418 = CARTESIAN_POINT('',(-1.5,0.349999999999,-1.E-02));
#4419 = DIRECTION('',(-7.228014483236E-16,1.,0.));
#4420 = DIRECTION('',(-1.,-7.228014483236E-16,0.));
#4421 = ADVANCED_FACE('',(#4422),#4451,.F.);
#4422 = FACE_BOUND('',#4423,.T.);
#4423 = EDGE_LOOP('',(#4424,#4432,#4433,#4434,#4435,#4436,#4444));
#4424 = ORIENTED_EDGE('',*,*,#4425,.F.);
#4425 = EDGE_CURVE('',#2640,#4426,#4428,.T.);
#4426 = VERTEX_POINT('',#4427);
#4427 = CARTESIAN_POINT('',(-1.46,1.249999999999,-1.E-02));
#4428 = LINE('',#4429,#4430);
#4429 = CARTESIAN_POINT('',(-1.46,1.249999999999,-1.E-02));
#4430 = VECTOR('',#4431,1.);
#4431 = DIRECTION('',(-0.707106781187,0.707106781187,0.));
#4432 = ORIENTED_EDGE('',*,*,#2656,.T.);
#4433 = ORIENTED_EDGE('',*,*,#4393,.T.);
#4434 = ORIENTED_EDGE('',*,*,#4410,.T.);
#4435 = ORIENTED_EDGE('',*,*,#2616,.T.);
#4436 = ORIENTED_EDGE('',*,*,#4437,.F.);
#4437 = EDGE_CURVE('',#4438,#2609,#4440,.T.);
#4438 = VERTEX_POINT('',#4439);
#4439 = CARTESIAN_POINT('',(-1.6,1.109999999999,-1.E-02));
#4440 = LINE('',#4441,#4442);
#4441 = CARTESIAN_POINT('',(-1.6,1.109999999999,-1.E-02));
#4442 = VECTOR('',#4443,1.);
#4443 = DIRECTION('',(0.707106781187,-0.707106781187,0.));
#4444 = ORIENTED_EDGE('',*,*,#4445,.F.);
#4445 = EDGE_CURVE('',#4426,#4438,#4446,.T.);
#4446 = CIRCLE('',#4447,0.139999999999);
#4447 = AXIS2_PLACEMENT_3D('',#4448,#4449,#4450);
#4448 = CARTESIAN_POINT('',(-1.6,1.249999999999,-1.E-02));
#4449 = DIRECTION('',(0.,0.,-1.));
#4450 = DIRECTION('',(-1.,0.,0.));
#4451 = PLANE('',#4452);
#4452 = AXIS2_PLACEMENT_3D('',#4453,#4454,#4455);
#4453 = CARTESIAN_POINT('',(0.,0.,-1.E-02));
#4454 = DIRECTION('',(0.,0.,1.));
#4455 = DIRECTION('',(1.,0.,-0.));
#4456 = ADVANCED_FACE('',(#4457),#4483,.F.);
#4457 = FACE_BOUND('',#4458,.T.);
#4458 = EDGE_LOOP('',(#4459,#4467,#4468,#4476));
#4459 = ORIENTED_EDGE('',*,*,#4460,.F.);
#4460 = EDGE_CURVE('',#3899,#4461,#4463,.T.);
#4461 = VERTEX_POINT('',#4462);
#4462 = CARTESIAN_POINT('',(-1.46,-1.249999999999,0.2));
#4463 = LINE('',#4464,#4465);
#4464 = CARTESIAN_POINT('',(-1.46,-1.249999999999,0.2));
#4465 = VECTOR('',#4466,1.);
#4466 = DIRECTION('',(-0.707106781187,-0.707106781187,0.));
#4467 = ORIENTED_EDGE('',*,*,#3906,.T.);
#4468 = ORIENTED_EDGE('',*,*,#4469,.F.);
#4469 = EDGE_CURVE('',#4470,#3907,#4472,.T.);
#4470 = VERTEX_POINT('',#4471);
#4471 = CARTESIAN_POINT('',(-1.6,-1.109999999999,0.2));
#4472 = LINE('',#4473,#4474);
#4473 = CARTESIAN_POINT('',(-1.6,-1.109999999999,0.2));
#4474 = VECTOR('',#4475,1.);
#4475 = DIRECTION('',(0.707106781187,0.707106781187,0.));
#4476 = ORIENTED_EDGE('',*,*,#4477,.F.);
#4477 = EDGE_CURVE('',#4461,#4470,#4478,.T.);
#4478 = CIRCLE('',#4479,0.139999999999);
#4479 = AXIS2_PLACEMENT_3D('',#4480,#4481,#4482);
#4480 = CARTESIAN_POINT('',(-1.6,-1.249999999999,0.2));
#4481 = DIRECTION('',(0.,0.,1.));
#4482 = DIRECTION('',(-1.,0.,0.));
#4483 = PLANE('',#4484);
#4484 = AXIS2_PLACEMENT_3D('',#4485,#4486,#4487);
#4485 = CARTESIAN_POINT('',(-1.6,-1.249999999999,0.2));
#4486 = DIRECTION('',(0.,0.,-1.));
#4487 = DIRECTION('',(-1.,0.,0.));
#4488 = ADVANCED_FACE('',(#4489),#4502,.T.);
#4489 = FACE_BOUND('',#4490,.T.);
#4490 = EDGE_LOOP('',(#4491,#4492,#4493,#4494,#4500,#4501));
#4491 = ORIENTED_EDGE('',*,*,#1936,.F.);
#4492 = ORIENTED_EDGE('',*,*,#3898,.F.);
#4493 = ORIENTED_EDGE('',*,*,#4460,.T.);
#4494 = ORIENTED_EDGE('',*,*,#4495,.T.);
#4495 = EDGE_CURVE('',#4461,#4114,#4496,.T.);
#4496 = LINE('',#4497,#4498);
#4497 = CARTESIAN_POINT('',(-1.46,-1.249999999999,0.2));
#4498 = VECTOR('',#4499,1.);
#4499 = DIRECTION('',(0.,0.,-1.));
#4500 = ORIENTED_EDGE('',*,*,#4113,.F.);
#4501 = ORIENTED_EDGE('',*,*,#4026,.F.);
#4502 = PLANE('',#4503);
#4503 = AXIS2_PLACEMENT_3D('',#4504,#4505,#4506);
#4504 = CARTESIAN_POINT('',(-1.46,-1.249999999999,0.2));
#4505 = DIRECTION('',(0.707106781187,-0.707106781187,0.));
#4506 = DIRECTION('',(0.707106781187,0.707106781187,0.));
#4507 = ADVANCED_FACE('',(#4508),#4521,.T.);
#4508 = FACE_BOUND('',#4509,.T.);
#4509 = EDGE_LOOP('',(#4510,#4511,#4512,#4513,#4519,#4520));
#4510 = ORIENTED_EDGE('',*,*,#1984,.F.);
#4511 = ORIENTED_EDGE('',*,*,#4059,.T.);
#4512 = ORIENTED_EDGE('',*,*,#4130,.F.);
#4513 = ORIENTED_EDGE('',*,*,#4514,.F.);
#4514 = EDGE_CURVE('',#4470,#4122,#4515,.T.);
#4515 = LINE('',#4516,#4517);
#4516 = CARTESIAN_POINT('',(-1.6,-1.109999999999,0.2));
#4517 = VECTOR('',#4518,1.);
#4518 = DIRECTION('',(0.,0.,-1.));
#4519 = ORIENTED_EDGE('',*,*,#4469,.T.);
#4520 = ORIENTED_EDGE('',*,*,#3915,.F.);
#4521 = PLANE('',#4522);
#4522 = AXIS2_PLACEMENT_3D('',#4523,#4524,#4525);
#4523 = CARTESIAN_POINT('',(-1.6,-1.109999999999,0.2));
#4524 = DIRECTION('',(-0.707106781187,0.707106781187,0.));
#4525 = DIRECTION('',(-0.707106781187,-0.707106781187,0.));
#4526 = ADVANCED_FACE('',(#4527),#4533,.F.);
#4527 = FACE_BOUND('',#4528,.F.);
#4528 = EDGE_LOOP('',(#4529,#4530,#4531,#4532));
#4529 = ORIENTED_EDGE('',*,*,#4477,.F.);
#4530 = ORIENTED_EDGE('',*,*,#4495,.T.);
#4531 = ORIENTED_EDGE('',*,*,#4121,.T.);
#4532 = ORIENTED_EDGE('',*,*,#4514,.F.);
#4533 = CYLINDRICAL_SURFACE('',#4534,0.139999999999);
#4534 = AXIS2_PLACEMENT_3D('',#4535,#4536,#4537);
#4535 = CARTESIAN_POINT('',(-1.6,-1.249999999999,0.2));
#4536 = DIRECTION('',(0.,0.,-1.));
#4537 = DIRECTION('',(-1.,0.,0.));
#4538 = ADVANCED_FACE('',(#4539),#4565,.F.);
#4539 = FACE_BOUND('',#4540,.T.);
#4540 = EDGE_LOOP('',(#4541,#4549,#4550,#4558));
#4541 = ORIENTED_EDGE('',*,*,#4542,.T.);
#4542 = EDGE_CURVE('',#4543,#2578,#4545,.T.);
#4543 = VERTEX_POINT('',#4544);
#4544 = CARTESIAN_POINT('',(-1.6,1.109999999999,0.2));
#4545 = LINE('',#4546,#4547);
#4546 = CARTESIAN_POINT('',(-1.6,1.109999999999,0.2));
#4547 = VECTOR('',#4548,1.);
#4548 = DIRECTION('',(0.707106781187,-0.707106781187,0.));
#4549 = ORIENTED_EDGE('',*,*,#2585,.T.);
#4550 = ORIENTED_EDGE('',*,*,#4551,.T.);
#4551 = EDGE_CURVE('',#2586,#4552,#4554,.T.);
#4552 = VERTEX_POINT('',#4553);
#4553 = CARTESIAN_POINT('',(-1.46,1.249999999999,0.2));
#4554 = LINE('',#4555,#4556);
#4555 = CARTESIAN_POINT('',(-1.46,1.249999999999,0.2));
#4556 = VECTOR('',#4557,1.);
#4557 = DIRECTION('',(-0.707106781187,0.707106781187,0.));
#4558 = ORIENTED_EDGE('',*,*,#4559,.T.);
#4559 = EDGE_CURVE('',#4552,#4543,#4560,.T.);
#4560 = CIRCLE('',#4561,0.139999999999);
#4561 = AXIS2_PLACEMENT_3D('',#4562,#4563,#4564);
#4562 = CARTESIAN_POINT('',(-1.6,1.249999999999,0.2));
#4563 = DIRECTION('',(0.,0.,-1.));
#4564 = DIRECTION('',(-1.,0.,0.));
#4565 = PLANE('',#4566);
#4566 = AXIS2_PLACEMENT_3D('',#4567,#4568,#4569);
#4567 = CARTESIAN_POINT('',(-1.6,1.249999999999,0.2));
#4568 = DIRECTION('',(0.,0.,-1.));
#4569 = DIRECTION('',(-1.,0.,0.));
#4570 = ADVANCED_FACE('',(#4571),#4584,.F.);
#4571 = FACE_BOUND('',#4572,.T.);
#4572 = EDGE_LOOP('',(#4573,#4574,#4575,#4576,#4577,#4583));
#4573 = ORIENTED_EDGE('',*,*,#2608,.F.);
#4574 = ORIENTED_EDGE('',*,*,#2018,.T.);
#4575 = ORIENTED_EDGE('',*,*,#2577,.T.);
#4576 = ORIENTED_EDGE('',*,*,#4542,.F.);
#4577 = ORIENTED_EDGE('',*,*,#4578,.T.);
#4578 = EDGE_CURVE('',#4543,#4438,#4579,.T.);
#4579 = LINE('',#4580,#4581);
#4580 = CARTESIAN_POINT('',(-1.6,1.109999999999,0.2));
#4581 = VECTOR('',#4582,1.);
#4582 = DIRECTION('',(0.,0.,-1.));
#4583 = ORIENTED_EDGE('',*,*,#4437,.T.);
#4584 = PLANE('',#4585);
#4585 = AXIS2_PLACEMENT_3D('',#4586,#4587,#4588);
#4586 = CARTESIAN_POINT('',(-1.6,1.109999999999,0.2));
#4587 = DIRECTION('',(0.707106781187,0.707106781187,0.));
#4588 = DIRECTION('',(-0.707106781187,0.707106781187,0.));
#4589 = ADVANCED_FACE('',(#4590),#4603,.F.);
#4590 = FACE_BOUND('',#4591,.T.);
#4591 = EDGE_LOOP('',(#4592,#4593,#4594,#4595,#4596,#4602));
#4592 = ORIENTED_EDGE('',*,*,#2594,.T.);
#4593 = ORIENTED_EDGE('',*,*,#2058,.T.);
#4594 = ORIENTED_EDGE('',*,*,#2639,.T.);
#4595 = ORIENTED_EDGE('',*,*,#4425,.T.);
#4596 = ORIENTED_EDGE('',*,*,#4597,.F.);
#4597 = EDGE_CURVE('',#4552,#4426,#4598,.T.);
#4598 = LINE('',#4599,#4600);
#4599 = CARTESIAN_POINT('',(-1.46,1.249999999999,0.2));
#4600 = VECTOR('',#4601,1.);
#4601 = DIRECTION('',(0.,0.,-1.));
#4602 = ORIENTED_EDGE('',*,*,#4551,.F.);
#4603 = PLANE('',#4604);
#4604 = AXIS2_PLACEMENT_3D('',#4605,#4606,#4607);
#4605 = CARTESIAN_POINT('',(-1.46,1.249999999999,0.2));
#4606 = DIRECTION('',(-0.707106781187,-0.707106781187,0.));
#4607 = DIRECTION('',(0.707106781187,-0.707106781187,0.));
#4608 = ADVANCED_FACE('',(#4609),#4615,.F.);
#4609 = FACE_BOUND('',#4610,.F.);
#4610 = EDGE_LOOP('',(#4611,#4612,#4613,#4614));
#4611 = ORIENTED_EDGE('',*,*,#4559,.T.);
#4612 = ORIENTED_EDGE('',*,*,#4578,.T.);
#4613 = ORIENTED_EDGE('',*,*,#4445,.F.);
#4614 = ORIENTED_EDGE('',*,*,#4597,.F.);
#4615 = CYLINDRICAL_SURFACE('',#4616,0.139999999999);
#4616 = AXIS2_PLACEMENT_3D('',#4617,#4618,#4619);
#4617 = CARTESIAN_POINT('',(-1.6,1.249999999999,0.2));
#4618 = DIRECTION('',(0.,0.,-1.));
#4619 = DIRECTION('',(-1.,0.,0.));
#4620 = ADVANCED_FACE('',(#4621),#4647,.F.);
#4621 = FACE_BOUND('',#4622,.T.);
#4622 = EDGE_LOOP('',(#4623,#4631,#4632,#4640));
#4623 = ORIENTED_EDGE('',*,*,#4624,.F.);
#4624 = EDGE_CURVE('',#3935,#4625,#4627,.T.);
#4625 = VERTEX_POINT('',#4626);
#4626 = CARTESIAN_POINT('',(1.46,1.249999999999,0.2));
#4627 = LINE('',#4628,#4629);
#4628 = CARTESIAN_POINT('',(1.46,1.249999999999,0.2));
#4629 = VECTOR('',#4630,1.);
#4630 = DIRECTION('',(0.707106781187,0.707106781187,0.));
#4631 = ORIENTED_EDGE('',*,*,#3942,.T.);
#4632 = ORIENTED_EDGE('',*,*,#4633,.F.);
#4633 = EDGE_CURVE('',#4634,#3943,#4636,.T.);
#4634 = VERTEX_POINT('',#4635);
#4635 = CARTESIAN_POINT('',(1.6,1.109999999999,0.2));
#4636 = LINE('',#4637,#4638);
#4637 = CARTESIAN_POINT('',(1.6,1.109999999999,0.2));
#4638 = VECTOR('',#4639,1.);
#4639 = DIRECTION('',(-0.707106781187,-0.707106781187,0.));
#4640 = ORIENTED_EDGE('',*,*,#4641,.F.);
#4641 = EDGE_CURVE('',#4625,#4634,#4642,.T.);
#4642 = CIRCLE('',#4643,0.139999999999);
#4643 = AXIS2_PLACEMENT_3D('',#4644,#4645,#4646);
#4644 = CARTESIAN_POINT('',(1.6,1.249999999999,0.2));
#4645 = DIRECTION('',(0.,0.,1.));
#4646 = DIRECTION('',(1.,0.,-0.));
#4647 = PLANE('',#4648);
#4648 = AXIS2_PLACEMENT_3D('',#4649,#4650,#4651);
#4649 = CARTESIAN_POINT('',(1.6,1.249999999999,0.2));
#4650 = DIRECTION('',(0.,0.,-1.));
#4651 = DIRECTION('',(1.,0.,0.));
#4652 = ADVANCED_FACE('',(#4653),#4666,.T.);
#4653 = FACE_BOUND('',#4654,.T.);
#4654 = EDGE_LOOP('',(#4655,#4656,#4657,#4658,#4664,#4665));
#4655 = ORIENTED_EDGE('',*,*,#2092,.F.);
#4656 = ORIENTED_EDGE('',*,*,#3934,.F.);
#4657 = ORIENTED_EDGE('',*,*,#4624,.T.);
#4658 = ORIENTED_EDGE('',*,*,#4659,.T.);
#4659 = EDGE_CURVE('',#4625,#4351,#4660,.T.);
#4660 = LINE('',#4661,#4662);
#4661 = CARTESIAN_POINT('',(1.46,1.249999999999,0.2));
#4662 = VECTOR('',#4663,1.);
#4663 = DIRECTION('',(0.,0.,-1.));
#4664 = ORIENTED_EDGE('',*,*,#4350,.F.);
#4665 = ORIENTED_EDGE('',*,*,#4247,.F.);
#4666 = PLANE('',#4667);
#4667 = AXIS2_PLACEMENT_3D('',#4668,#4669,#4670);
#4668 = CARTESIAN_POINT('',(1.46,1.249999999999,0.2));
#4669 = DIRECTION('',(-0.707106781187,0.707106781187,0.));
#4670 = DIRECTION('',(-0.707106781187,-0.707106781187,0.));
#4671 = ADVANCED_FACE('',(#4672),#4685,.T.);
#4672 = FACE_BOUND('',#4673,.T.);
#4673 = EDGE_LOOP('',(#4674,#4675,#4676,#4677,#4683,#4684));
#4674 = ORIENTED_EDGE('',*,*,#2132,.F.);
#4675 = ORIENTED_EDGE('',*,*,#4287,.T.);
#4676 = ORIENTED_EDGE('',*,*,#4367,.F.);
#4677 = ORIENTED_EDGE('',*,*,#4678,.F.);
#4678 = EDGE_CURVE('',#4634,#4359,#4679,.T.);
#4679 = LINE('',#4680,#4681);
#4680 = CARTESIAN_POINT('',(1.6,1.109999999999,0.2));
#4681 = VECTOR('',#4682,1.);
#4682 = DIRECTION('',(0.,0.,-1.));
#4683 = ORIENTED_EDGE('',*,*,#4633,.T.);
#4684 = ORIENTED_EDGE('',*,*,#3951,.F.);
#4685 = PLANE('',#4686);
#4686 = AXIS2_PLACEMENT_3D('',#4687,#4688,#4689);
#4687 = CARTESIAN_POINT('',(1.6,1.109999999999,0.2));
#4688 = DIRECTION('',(0.707106781187,-0.707106781187,0.));
#4689 = DIRECTION('',(0.707106781187,0.707106781187,0.));
#4690 = ADVANCED_FACE('',(#4691),#4697,.F.);
#4691 = FACE_BOUND('',#4692,.F.);
#4692 = EDGE_LOOP('',(#4693,#4694,#4695,#4696));
#4693 = ORIENTED_EDGE('',*,*,#4641,.F.);
#4694 = ORIENTED_EDGE('',*,*,#4659,.T.);
#4695 = ORIENTED_EDGE('',*,*,#4358,.T.);
#4696 = ORIENTED_EDGE('',*,*,#4678,.F.);
#4697 = CYLINDRICAL_SURFACE('',#4698,0.139999999999);
#4698 = AXIS2_PLACEMENT_3D('',#4699,#4700,#4701);
#4699 = CARTESIAN_POINT('',(1.6,1.249999999999,0.2));
#4700 = DIRECTION('',(0.,0.,-1.));
#4701 = DIRECTION('',(-1.,0.,0.));
#4702 = ADVANCED_FACE('',(#4703),#4729,.F.);
#4703 = FACE_BOUND('',#4704,.T.);
#4704 = EDGE_LOOP('',(#4705,#4713,#4714,#4722));
#4705 = ORIENTED_EDGE('',*,*,#4706,.T.);
#4706 = EDGE_CURVE('',#4707,#2460,#4709,.T.);
#4707 = VERTEX_POINT('',#4708);
#4708 = CARTESIAN_POINT('',(1.6,-1.109999999999,0.2));
#4709 = LINE('',#4710,#4711);
#4710 = CARTESIAN_POINT('',(1.6,-1.109999999999,0.2));
#4711 = VECTOR('',#4712,1.);
#4712 = DIRECTION('',(-0.707106781187,0.707106781187,0.));
#4713 = ORIENTED_EDGE('',*,*,#2467,.T.);
#4714 = ORIENTED_EDGE('',*,*,#4715,.T.);
#4715 = EDGE_CURVE('',#2468,#4716,#4718,.T.);
#4716 = VERTEX_POINT('',#4717);
#4717 = CARTESIAN_POINT('',(1.46,-1.249999999999,0.2));
#4718 = LINE('',#4719,#4720);
#4719 = CARTESIAN_POINT('',(1.46,-1.249999999999,0.2));
#4720 = VECTOR('',#4721,1.);
#4721 = DIRECTION('',(0.707106781187,-0.707106781187,0.));
#4722 = ORIENTED_EDGE('',*,*,#4723,.T.);
#4723 = EDGE_CURVE('',#4716,#4707,#4724,.T.);
#4724 = CIRCLE('',#4725,0.139999999999);
#4725 = AXIS2_PLACEMENT_3D('',#4726,#4727,#4728);
#4726 = CARTESIAN_POINT('',(1.6,-1.249999999999,0.2));
#4727 = DIRECTION('',(0.,0.,-1.));
#4728 = DIRECTION('',(1.,0.,0.));
#4729 = PLANE('',#4730);
#4730 = AXIS2_PLACEMENT_3D('',#4731,#4732,#4733);
#4731 = CARTESIAN_POINT('',(1.6,-1.249999999999,0.2));
#4732 = DIRECTION('',(0.,0.,-1.));
#4733 = DIRECTION('',(1.,0.,0.));
#4734 = ADVANCED_FACE('',(#4735),#4748,.F.);
#4735 = FACE_BOUND('',#4736,.T.);
#4736 = EDGE_LOOP('',(#4737,#4738,#4739,#4740,#4741,#4747));
#4737 = ORIENTED_EDGE('',*,*,#2490,.F.);
#4738 = ORIENTED_EDGE('',*,*,#2166,.T.);
#4739 = ORIENTED_EDGE('',*,*,#2459,.T.);
#4740 = ORIENTED_EDGE('',*,*,#4706,.F.);
#4741 = ORIENTED_EDGE('',*,*,#4742,.T.);
#4742 = EDGE_CURVE('',#4707,#4224,#4743,.T.);
#4743 = LINE('',#4744,#4745);
#4744 = CARTESIAN_POINT('',(1.6,-1.109999999999,0.2));
#4745 = VECTOR('',#4746,1.);
#4746 = DIRECTION('',(0.,0.,-1.));
#4747 = ORIENTED_EDGE('',*,*,#4223,.T.);
#4748 = PLANE('',#4749);
#4749 = AXIS2_PLACEMENT_3D('',#4750,#4751,#4752);
#4750 = CARTESIAN_POINT('',(1.6,-1.109999999999,0.2));
#4751 = DIRECTION('',(-0.707106781187,-0.707106781187,0.));
#4752 = DIRECTION('',(0.707106781187,-0.707106781187,0.));
#4753 = ADVANCED_FACE('',(#4754),#4767,.F.);
#4754 = FACE_BOUND('',#4755,.T.);
#4755 = EDGE_LOOP('',(#4756,#4757,#4758,#4759,#4760,#4766));
#4756 = ORIENTED_EDGE('',*,*,#2476,.T.);
#4757 = ORIENTED_EDGE('',*,*,#1900,.T.);
#4758 = ORIENTED_EDGE('',*,*,#2521,.T.);
#4759 = ORIENTED_EDGE('',*,*,#4210,.T.);
#4760 = ORIENTED_EDGE('',*,*,#4761,.F.);
#4761 = EDGE_CURVE('',#4716,#4211,#4762,.T.);
#4762 = LINE('',#4763,#4764);
#4763 = CARTESIAN_POINT('',(1.46,-1.249999999999,0.2));
#4764 = VECTOR('',#4765,1.);
#4765 = DIRECTION('',(0.,0.,-1.));
#4766 = ORIENTED_EDGE('',*,*,#4715,.F.);
#4767 = PLANE('',#4768);
#4768 = AXIS2_PLACEMENT_3D('',#4769,#4770,#4771);
#4769 = CARTESIAN_POINT('',(1.46,-1.249999999999,0.2));
#4770 = DIRECTION('',(0.707106781187,0.707106781187,0.));
#4771 = DIRECTION('',(-0.707106781187,0.707106781187,0.));
#4772 = ADVANCED_FACE('',(#4773),#4779,.F.);
#4773 = FACE_BOUND('',#4774,.F.);
#4774 = EDGE_LOOP('',(#4775,#4776,#4777,#4778));
#4775 = ORIENTED_EDGE('',*,*,#4723,.T.);
#4776 = ORIENTED_EDGE('',*,*,#4742,.T.);
#4777 = ORIENTED_EDGE('',*,*,#4231,.F.);
#4778 = ORIENTED_EDGE('',*,*,#4761,.F.);
#4779 = CYLINDRICAL_SURFACE('',#4780,0.139999999999);
#4780 = AXIS2_PLACEMENT_3D('',#4781,#4782,#4783);
#4781 = CARTESIAN_POINT('',(1.6,-1.249999999999,0.2));
#4782 = DIRECTION('',(0.,0.,-1.));
#4783 = DIRECTION('',(-1.,0.,0.));
#4784 = ADVANCED_FACE('',(#4785),#4810,.T.);
#4785 = FACE_BOUND('',#4786,.T.);
#4786 = EDGE_LOOP('',(#4787,#4788,#4796,#4804));
#4787 = ORIENTED_EDGE('',*,*,#2214,.F.);
#4788 = ORIENTED_EDGE('',*,*,#4789,.F.);
#4789 = EDGE_CURVE('',#4790,#2215,#4792,.T.);
#4790 = VERTEX_POINT('',#4791);
#4791 = CARTESIAN_POINT('',(-0.206465935814,4.6085664656E-02,1.E-03));
#4792 = LINE('',#4793,#4794);
#4793 = CARTESIAN_POINT('',(-0.206465935814,4.6085664656E-02,1.E-03));
#4794 = VECTOR('',#4795,1.);
#4795 = DIRECTION('',(0.,0.,-1.));
#4796 = ORIENTED_EDGE('',*,*,#4797,.T.);
#4797 = EDGE_CURVE('',#4790,#4798,#4800,.T.);
#4798 = VERTEX_POINT('',#4799);
#4799 = CARTESIAN_POINT('',(-0.245490326058,-5.3914335343E-02,1.E-03));
#4800 = LINE('',#4801,#4802);
#4801 = CARTESIAN_POINT('',(-0.206465935814,4.6085664656E-02,1.E-03));
#4802 = VECTOR('',#4803,1.);
#4803 = DIRECTION('',(-0.363542485652,-0.931577619485,0.));
#4804 = ORIENTED_EDGE('',*,*,#4805,.T.);
#4805 = EDGE_CURVE('',#4798,#2217,#4806,.T.);
#4806 = LINE('',#4807,#4808);
#4807 = CARTESIAN_POINT('',(-0.245490326058,-5.3914335343E-02,1.E-03));
#4808 = VECTOR('',#4809,1.);
#4809 = DIRECTION('',(0.,0.,-1.));
#4810 = PLANE('',#4811);
#4811 = AXIS2_PLACEMENT_3D('',#4812,#4813,#4814);
#4812 = CARTESIAN_POINT('',(-0.206465935814,4.6085664656E-02,1.E-03));
#4813 = DIRECTION('',(0.931577619485,-0.363542485652,0.));
#4814 = DIRECTION('',(0.363542485652,0.931577619485,0.));
#4815 = ADVANCED_FACE('',(#4816),#4834,.T.);
#4816 = FACE_BOUND('',#4817,.T.);
#4817 = EDGE_LOOP('',(#4818,#4819,#4820,#4828));
#4818 = ORIENTED_EDGE('',*,*,#2224,.F.);
#4819 = ORIENTED_EDGE('',*,*,#4805,.F.);
#4820 = ORIENTED_EDGE('',*,*,#4821,.T.);
#4821 = EDGE_CURVE('',#4798,#4822,#4824,.T.);
#4822 = VERTEX_POINT('',#4823);
#4823 = CARTESIAN_POINT('',(-0.230856179716,-5.3914335343E-02,1.E-03));
#4824 = LINE('',#4825,#4826);
#4825 = CARTESIAN_POINT('',(-0.245490326058,-5.3914335343E-02,1.E-03));
#4826 = VECTOR('',#4827,1.);
#4827 = DIRECTION('',(1.,0.,0.));
#4828 = ORIENTED_EDGE('',*,*,#4829,.T.);
#4829 = EDGE_CURVE('',#4822,#2225,#4830,.T.);
#4830 = LINE('',#4831,#4832);
#4831 = CARTESIAN_POINT('',(-0.230856179716,-5.3914335343E-02,1.E-03));
#4832 = VECTOR('',#4833,1.);
#4833 = DIRECTION('',(0.,0.,-1.));
#4834 = PLANE('',#4835);
#4835 = AXIS2_PLACEMENT_3D('',#4836,#4837,#4838);
#4836 = CARTESIAN_POINT('',(-0.245490326058,-5.3914335343E-02,1.E-03));
#4837 = DIRECTION('',(0.,1.,0.));
#4838 = DIRECTION('',(0.,-0.,1.));
#4839 = ADVANCED_FACE('',(#4840),#4858,.T.);
#4840 = FACE_BOUND('',#4841,.T.);
#4841 = EDGE_LOOP('',(#4842,#4843,#4844,#4852));
#4842 = ORIENTED_EDGE('',*,*,#2232,.F.);
#4843 = ORIENTED_EDGE('',*,*,#4829,.F.);
#4844 = ORIENTED_EDGE('',*,*,#4845,.T.);
#4845 = EDGE_CURVE('',#4822,#4846,#4848,.T.);
#4846 = VERTEX_POINT('',#4847);
#4847 = CARTESIAN_POINT('',(-0.220738039472,-2.5865554855E-02,1.E-03));
#4848 = LINE('',#4849,#4850);
#4849 = CARTESIAN_POINT('',(-0.230856179716,-5.3914335343E-02,1.E-03));
#4850 = VECTOR('',#4851,1.);
#4851 = DIRECTION('',(0.339330377274,0.940667260544,0.));
#4852 = ORIENTED_EDGE('',*,*,#4853,.T.);
#4853 = EDGE_CURVE('',#4846,#2233,#4854,.T.);
#4854 = LINE('',#4855,#4856);
#4855 = CARTESIAN_POINT('',(-0.220738039472,-2.5865554855E-02,1.E-03));
#4856 = VECTOR('',#4857,1.);
#4857 = DIRECTION('',(0.,0.,-1.));
#4858 = PLANE('',#4859);
#4859 = AXIS2_PLACEMENT_3D('',#4860,#4861,#4862);
#4860 = CARTESIAN_POINT('',(-0.230856179716,-5.3914335343E-02,1.E-03));
#4861 = DIRECTION('',(-0.940667260544,0.339330377274,0.));
#4862 = DIRECTION('',(-0.339330377274,-0.940667260544,0.));
#4863 = ADVANCED_FACE('',(#4864),#4882,.T.);
#4864 = FACE_BOUND('',#4865,.T.);
#4865 = EDGE_LOOP('',(#4866,#4867,#4868,#4876));
#4866 = ORIENTED_EDGE('',*,*,#2240,.F.);
#4867 = ORIENTED_EDGE('',*,*,#4853,.F.);
#4868 = ORIENTED_EDGE('',*,*,#4869,.T.);
#4869 = EDGE_CURVE('',#4846,#4870,#4872,.T.);
#4870 = VERTEX_POINT('',#4871);
#4871 = CARTESIAN_POINT('',(-0.179427063863,-2.5865554855E-02,1.E-03));
#4872 = LINE('',#4873,#4874);
#4873 = CARTESIAN_POINT('',(-0.220738039472,-2.5865554855E-02,1.E-03));
#4874 = VECTOR('',#4875,1.);
#4875 = DIRECTION('',(1.,0.,0.));
#4876 = ORIENTED_EDGE('',*,*,#4877,.T.);
#4877 = EDGE_CURVE('',#4870,#2241,#4878,.T.);
#4878 = LINE('',#4879,#4880);
#4879 = CARTESIAN_POINT('',(-0.179427063863,-2.5865554855E-02,1.E-03));
#4880 = VECTOR('',#4881,1.);
#4881 = DIRECTION('',(0.,0.,-1.));
#4882 = PLANE('',#4883);
#4883 = AXIS2_PLACEMENT_3D('',#4884,#4885,#4886);
#4884 = CARTESIAN_POINT('',(-0.220738039472,-2.5865554855E-02,1.E-03));
#4885 = DIRECTION('',(0.,1.,0.));
#4886 = DIRECTION('',(0.,-0.,1.));
#4887 = ADVANCED_FACE('',(#4888),#4906,.T.);
#4888 = FACE_BOUND('',#4889,.T.);
#4889 = EDGE_LOOP('',(#4890,#4891,#4892,#4900));
#4890 = ORIENTED_EDGE('',*,*,#2248,.F.);
#4891 = ORIENTED_EDGE('',*,*,#4877,.F.);
#4892 = ORIENTED_EDGE('',*,*,#4893,.T.);
#4893 = EDGE_CURVE('',#4870,#4894,#4896,.T.);
#4894 = VERTEX_POINT('',#4895);
#4895 = CARTESIAN_POINT('',(-0.16988056996,-5.3914335343E-02,1.E-03));
#4896 = LINE('',#4897,#4898);
#4897 = CARTESIAN_POINT('',(-0.179427063863,-2.5865554855E-02,1.E-03));
#4898 = VECTOR('',#4899,1.);
#4899 = DIRECTION('',(0.322202485606,-0.946670776072,0.));
#4900 = ORIENTED_EDGE('',*,*,#4901,.T.);
#4901 = EDGE_CURVE('',#4894,#2249,#4902,.T.);
#4902 = LINE('',#4903,#4904);
#4903 = CARTESIAN_POINT('',(-0.16988056996,-5.3914335343E-02,1.E-03));
#4904 = VECTOR('',#4905,1.);
#4905 = DIRECTION('',(0.,0.,-1.));
#4906 = PLANE('',#4907);
#4907 = AXIS2_PLACEMENT_3D('',#4908,#4909,#4910);
#4908 = CARTESIAN_POINT('',(-0.179427063863,-2.5865554855E-02,1.E-03));
#4909 = DIRECTION('',(0.946670776072,0.322202485606,0.));
#4910 = DIRECTION('',(-0.322202485606,0.946670776072,0.));
#4911 = ADVANCED_FACE('',(#4912),#4930,.T.);
#4912 = FACE_BOUND('',#4913,.T.);
#4913 = EDGE_LOOP('',(#4914,#4915,#4916,#4924));
#4914 = ORIENTED_EDGE('',*,*,#2256,.F.);
#4915 = ORIENTED_EDGE('',*,*,#4901,.F.);
#4916 = ORIENTED_EDGE('',*,*,#4917,.T.);
#4917 = EDGE_CURVE('',#4894,#4918,#4920,.T.);
#4918 = VERTEX_POINT('',#4919);
#4919 = CARTESIAN_POINT('',(-0.155246423619,-5.3914335343E-02,1.E-03));
#4920 = LINE('',#4921,#4922);
#4921 = CARTESIAN_POINT('',(-0.16988056996,-5.3914335343E-02,1.E-03));
#4922 = VECTOR('',#4923,1.);
#4923 = DIRECTION('',(1.,0.,0.));
#4924 = ORIENTED_EDGE('',*,*,#4925,.T.);
#4925 = EDGE_CURVE('',#4918,#2257,#4926,.T.);
#4926 = LINE('',#4927,#4928);
#4927 = CARTESIAN_POINT('',(-0.155246423619,-5.3914335343E-02,1.E-03));
#4928 = VECTOR('',#4929,1.);
#4929 = DIRECTION('',(0.,0.,-1.));
#4930 = PLANE('',#4931);
#4931 = AXIS2_PLACEMENT_3D('',#4932,#4933,#4934);
#4932 = CARTESIAN_POINT('',(-0.16988056996,-5.3914335343E-02,1.E-03));
#4933 = DIRECTION('',(0.,1.,0.));
#4934 = DIRECTION('',(0.,-0.,1.));
#4935 = ADVANCED_FACE('',(#4936),#4954,.T.);
#4936 = FACE_BOUND('',#4937,.T.);
#4937 = EDGE_LOOP('',(#4938,#4939,#4940,#4948));
#4938 = ORIENTED_EDGE('',*,*,#2264,.F.);
#4939 = ORIENTED_EDGE('',*,*,#4925,.F.);
#4940 = ORIENTED_EDGE('',*,*,#4941,.T.);
#4941 = EDGE_CURVE('',#4918,#4942,#4944,.T.);
#4942 = VERTEX_POINT('',#4943);
#4943 = CARTESIAN_POINT('',(-0.193051301667,4.6085664656E-02,1.E-03));
#4944 = LINE('',#4945,#4946);
#4945 = CARTESIAN_POINT('',(-0.155246423619,-5.3914335343E-02,1.E-03));
#4946 = VECTOR('',#4947,1.);
#4947 = DIRECTION('',(-0.353622392329,0.93538826358,0.));
#4948 = ORIENTED_EDGE('',*,*,#4949,.T.);
#4949 = EDGE_CURVE('',#4942,#2265,#4950,.T.);
#4950 = LINE('',#4951,#4952);
#4951 = CARTESIAN_POINT('',(-0.193051301667,4.6085664656E-02,1.E-03));
#4952 = VECTOR('',#4953,1.);
#4953 = DIRECTION('',(0.,0.,-1.));
#4954 = PLANE('',#4955);
#4955 = AXIS2_PLACEMENT_3D('',#4956,#4957,#4958);
#4956 = CARTESIAN_POINT('',(-0.155246423619,-5.3914335343E-02,1.E-03));
#4957 = DIRECTION('',(-0.93538826358,-0.353622392329,0.));
#4958 = DIRECTION('',(0.353622392329,-0.93538826358,0.));
#4959 = ADVANCED_FACE('',(#4960),#4971,.T.);
#4960 = FACE_BOUND('',#4961,.T.);
#4961 = EDGE_LOOP('',(#4962,#4963,#4964,#4970));
#4962 = ORIENTED_EDGE('',*,*,#2272,.F.);
#4963 = ORIENTED_EDGE('',*,*,#4949,.F.);
#4964 = ORIENTED_EDGE('',*,*,#4965,.T.);
#4965 = EDGE_CURVE('',#4942,#4790,#4966,.T.);
#4966 = LINE('',#4967,#4968);
#4967 = CARTESIAN_POINT('',(-0.193051301667,4.6085664656E-02,1.E-03));
#4968 = VECTOR('',#4969,1.);
#4969 = DIRECTION('',(-1.,0.,0.));
#4970 = ORIENTED_EDGE('',*,*,#4789,.T.);
#4971 = PLANE('',#4972);
#4972 = AXIS2_PLACEMENT_3D('',#4973,#4974,#4975);
#4973 = CARTESIAN_POINT('',(-0.193051301667,4.6085664656E-02,1.E-03));
#4974 = DIRECTION('',(0.,-1.,0.));
#4975 = DIRECTION('',(0.,0.,-1.));
#4976 = ADVANCED_FACE('',(#4977,#5035),#5045,.F.);
#4977 = FACE_BOUND('',#4978,.T.);
#4978 = EDGE_LOOP('',(#4979,#4989,#4997,#5009,#5017,#5029));
#4979 = ORIENTED_EDGE('',*,*,#4980,.F.);
#4980 = EDGE_CURVE('',#4981,#4983,#4985,.T.);
#4981 = VERTEX_POINT('',#4982);
#4982 = CARTESIAN_POINT('',(-0.182799777277,-1.4889945099E-02,1.E-03));
#4983 = VERTEX_POINT('',#4984);
#4984 = CARTESIAN_POINT('',(-0.216241088253,-1.4889945099E-02,1.E-03));
#4985 = LINE('',#4986,#4987);
#4986 = CARTESIAN_POINT('',(-0.182799777277,-1.4889945099E-02,1.E-03));
#4987 = VECTOR('',#4988,1.);
#4988 = DIRECTION('',(-1.,0.,0.));
#4989 = ORIENTED_EDGE('',*,*,#4990,.F.);
#4990 = EDGE_CURVE('',#4991,#4981,#4993,.T.);
#4991 = VERTEX_POINT('',#4992);
#4992 = CARTESIAN_POINT('',(-0.197719746789,2.6878347583E-02,1.E-03));
#4993 = LINE('',#4994,#4995);
#4994 = CARTESIAN_POINT('',(-0.197719746789,2.6878347583E-02,1.E-03));
#4995 = VECTOR('',#4996,1.);
#4996 = DIRECTION('',(0.336390827665,-0.941722470297,0.));
#4997 = ORIENTED_EDGE('',*,*,#4998,.F.);
#4998 = EDGE_CURVE('',#4999,#4991,#5001,.T.);
#4999 = VERTEX_POINT('',#5000);
#5000 = CARTESIAN_POINT('',(-0.199320356545,3.3890542705E-02,1.E-03));
#5001 = B_SPLINE_CURVE_WITH_KNOTS('',3,(#5002,#5003,#5004,#5005,#5006,
    #5007,#5008),.UNSPECIFIED.,.F.,.F.,(4,1,1,1,4),(0.,0.300541113158,
    0.567747146483,0.800033613736,1.),.UNSPECIFIED.);
#5002 = CARTESIAN_POINT('',(-0.199320356545,3.3890542705E-02,1.E-03));
#5003 = CARTESIAN_POINT('',(-0.199203748298,3.3178453476E-02,1.E-03));
#5004 = CARTESIAN_POINT('',(-0.198983465626,3.1833257728E-02,1.E-03));
#5005 = CARTESIAN_POINT('',(-0.198611616805,2.9948359982E-02,1.E-03));
#5006 = CARTESIAN_POINT('',(-0.198197602746,2.831937886E-02,1.E-03));
#5007 = CARTESIAN_POINT('',(-0.197870889182,2.7334135384E-02,1.E-03));
#5008 = CARTESIAN_POINT('',(-0.197719746789,2.6878347583E-02,1.E-03));
#5009 = ORIENTED_EDGE('',*,*,#5010,.F.);
#5010 = EDGE_CURVE('',#5011,#4999,#5013,.T.);
#5011 = VERTEX_POINT('',#5012);
#5012 = CARTESIAN_POINT('',(-0.199644289472,3.3890542705E-02,1.E-03));
#5013 = LINE('',#5014,#5015);
#5014 = CARTESIAN_POINT('',(-0.199644289472,3.3890542705E-02,1.E-03));
#5015 = VECTOR('',#5016,1.);
#5016 = DIRECTION('',(1.,0.,0.));
#5017 = ORIENTED_EDGE('',*,*,#5018,.F.);
#5018 = EDGE_CURVE('',#5019,#5011,#5021,.T.);
#5019 = VERTEX_POINT('',#5020);
#5020 = CARTESIAN_POINT('',(-0.201187734594,2.6878347583E-02,1.E-03));
#5021 = B_SPLINE_CURVE_WITH_KNOTS('',3,(#5022,#5023,#5024,#5025,#5026,
    #5027,#5028),.UNSPECIFIED.,.F.,.F.,(4,1,1,1,4),(0.,0.174481715317,
    0.398285759128,0.673897847398,0.999999999999),.UNSPECIFIED.);
#5022 = CARTESIAN_POINT('',(-0.201187734594,2.6878347583E-02,1.E-03));
#5023 = CARTESIAN_POINT('',(-0.201062944082,2.7277331029E-02,1.E-03));
#5024 = CARTESIAN_POINT('',(-0.200778087392,2.8188082187E-02,1.E-03));
#5025 = CARTESIAN_POINT('',(-0.200404806595,2.9759988145E-02,1.E-03));
#5026 = CARTESIAN_POINT('',(-0.2000388282,3.1703353343E-02,1.E-03));
#5027 = CARTESIAN_POINT('',(-0.199782959073,3.3121805308E-02,1.E-03));
#5028 = CARTESIAN_POINT('',(-0.199644289472,3.3890542705E-02,1.E-03));
#5029 = ORIENTED_EDGE('',*,*,#5030,.F.);
#5030 = EDGE_CURVE('',#4983,#5019,#5031,.T.);
#5031 = LINE('',#5032,#5033);
#5032 = CARTESIAN_POINT('',(-0.216241088253,-1.4889945099E-02,1.E-03));
#5033 = VECTOR('',#5034,1.);
#5034 = DIRECTION('',(0.339053795485,0.940766986967,0.));
#5035 = FACE_BOUND('',#5036,.T.);
#5036 = EDGE_LOOP('',(#5037,#5038,#5039,#5040,#5041,#5042,#5043,#5044));
#5037 = ORIENTED_EDGE('',*,*,#4797,.F.);
#5038 = ORIENTED_EDGE('',*,*,#4965,.F.);
#5039 = ORIENTED_EDGE('',*,*,#4941,.F.);
#5040 = ORIENTED_EDGE('',*,*,#4917,.F.);
#5041 = ORIENTED_EDGE('',*,*,#4893,.F.);
#5042 = ORIENTED_EDGE('',*,*,#4869,.F.);
#5043 = ORIENTED_EDGE('',*,*,#4845,.F.);
#5044 = ORIENTED_EDGE('',*,*,#4821,.F.);
#5045 = PLANE('',#5046);
#5046 = AXIS2_PLACEMENT_3D('',#5047,#5048,#5049);
#5047 = CARTESIAN_POINT('',(0.,0.,1.E-03));
#5048 = DIRECTION('',(0.,0.,1.));
#5049 = DIRECTION('',(1.,0.,-0.));
#5050 = ADVANCED_FACE('',(#5051),#5076,.T.);
#5051 = FACE_BOUND('',#5052,.T.);
#5052 = EDGE_LOOP('',(#5053,#5063,#5069,#5070));
#5053 = ORIENTED_EDGE('',*,*,#5054,.F.);
#5054 = EDGE_CURVE('',#5055,#5057,#5059,.T.);
#5055 = VERTEX_POINT('',#5056);
#5056 = CARTESIAN_POINT('',(-0.182799777277,-1.4889945099E-02,0.));
#5057 = VERTEX_POINT('',#5058);
#5058 = CARTESIAN_POINT('',(-0.216241088253,-1.4889945099E-02,0.));
#5059 = LINE('',#5060,#5061);
#5060 = CARTESIAN_POINT('',(-0.182799777277,-1.4889945099E-02,0.));
#5061 = VECTOR('',#5062,1.);
#5062 = DIRECTION('',(-1.,0.,0.));
#5063 = ORIENTED_EDGE('',*,*,#5064,.F.);
#5064 = EDGE_CURVE('',#4981,#5055,#5065,.T.);
#5065 = LINE('',#5066,#5067);
#5066 = CARTESIAN_POINT('',(-0.182799777277,-1.4889945099E-02,1.E-03));
#5067 = VECTOR('',#5068,1.);
#5068 = DIRECTION('',(0.,0.,-1.));
#5069 = ORIENTED_EDGE('',*,*,#4980,.T.);
#5070 = ORIENTED_EDGE('',*,*,#5071,.T.);
#5071 = EDGE_CURVE('',#4983,#5057,#5072,.T.);
#5072 = LINE('',#5073,#5074);
#5073 = CARTESIAN_POINT('',(-0.216241088253,-1.4889945099E-02,1.E-03));
#5074 = VECTOR('',#5075,1.);
#5075 = DIRECTION('',(0.,0.,-1.));
#5076 = PLANE('',#5077);
#5077 = AXIS2_PLACEMENT_3D('',#5078,#5079,#5080);
#5078 = CARTESIAN_POINT('',(-0.182799777277,-1.4889945099E-02,1.E-03));
#5079 = DIRECTION('',(0.,-1.,0.));
#5080 = DIRECTION('',(0.,0.,-1.));
#5081 = ADVANCED_FACE('',(#5082),#5100,.T.);
#5082 = FACE_BOUND('',#5083,.T.);
#5083 = EDGE_LOOP('',(#5084,#5092,#5098,#5099));
#5084 = ORIENTED_EDGE('',*,*,#5085,.F.);
#5085 = EDGE_CURVE('',#5086,#5055,#5088,.T.);
#5086 = VERTEX_POINT('',#5087);
#5087 = CARTESIAN_POINT('',(-0.197719746789,2.6878347583E-02,0.));
#5088 = LINE('',#5089,#5090);
#5089 = CARTESIAN_POINT('',(-0.197719746789,2.6878347583E-02,0.));
#5090 = VECTOR('',#5091,1.);
#5091 = DIRECTION('',(0.336390827665,-0.941722470297,0.));
#5092 = ORIENTED_EDGE('',*,*,#5093,.F.);
#5093 = EDGE_CURVE('',#4991,#5086,#5094,.T.);
#5094 = LINE('',#5095,#5096);
#5095 = CARTESIAN_POINT('',(-0.197719746789,2.6878347583E-02,1.E-03));
#5096 = VECTOR('',#5097,1.);
#5097 = DIRECTION('',(0.,0.,-1.));
#5098 = ORIENTED_EDGE('',*,*,#4990,.T.);
#5099 = ORIENTED_EDGE('',*,*,#5064,.T.);
#5100 = PLANE('',#5101);
#5101 = AXIS2_PLACEMENT_3D('',#5102,#5103,#5104);
#5102 = CARTESIAN_POINT('',(-0.197719746789,2.6878347583E-02,1.E-03));
#5103 = DIRECTION('',(0.941722470297,0.336390827665,0.));
#5104 = DIRECTION('',(-0.336390827665,0.941722470297,0.));
#5105 = ADVANCED_FACE('',(#5106),#5128,.T.);
#5106 = FACE_BOUND('',#5107,.T.);
#5107 = EDGE_LOOP('',(#5108,#5120,#5126,#5127));
#5108 = ORIENTED_EDGE('',*,*,#5109,.F.);
#5109 = EDGE_CURVE('',#5110,#5086,#5112,.T.);
#5110 = VERTEX_POINT('',#5111);
#5111 = CARTESIAN_POINT('',(-0.199320356545,3.3890542705E-02,0.));
#5112 = B_SPLINE_CURVE_WITH_KNOTS('',3,(#5113,#5114,#5115,#5116,#5117,
    #5118,#5119),.UNSPECIFIED.,.F.,.F.,(4,1,1,1,4),(0.,0.300541113158,
    0.567747146483,0.800033613736,1.),.UNSPECIFIED.);
#5113 = CARTESIAN_POINT('',(-0.199320356545,3.3890542705E-02,0.));
#5114 = CARTESIAN_POINT('',(-0.199203748298,3.3178453476E-02,0.));
#5115 = CARTESIAN_POINT('',(-0.198983465626,3.1833257728E-02,0.));
#5116 = CARTESIAN_POINT('',(-0.198611616805,2.9948359982E-02,0.));
#5117 = CARTESIAN_POINT('',(-0.198197602746,2.831937886E-02,0.));
#5118 = CARTESIAN_POINT('',(-0.197870889182,2.7334135384E-02,0.));
#5119 = CARTESIAN_POINT('',(-0.197719746789,2.6878347583E-02,0.));
#5120 = ORIENTED_EDGE('',*,*,#5121,.F.);
#5121 = EDGE_CURVE('',#4999,#5110,#5122,.T.);
#5122 = LINE('',#5123,#5124);
#5123 = CARTESIAN_POINT('',(-0.199320356545,3.3890542705E-02,1.E-03));
#5124 = VECTOR('',#5125,1.);
#5125 = DIRECTION('',(0.,0.,-1.));
#5126 = ORIENTED_EDGE('',*,*,#4998,.T.);
#5127 = ORIENTED_EDGE('',*,*,#5093,.T.);
#5128 = B_SPLINE_SURFACE_WITH_KNOTS('',3,1,(
    (#5129,#5130)
    ,(#5131,#5132)
    ,(#5133,#5134)
    ,(#5135,#5136)
    ,(#5137,#5138)
    ,(#5139,#5140)
    ,(#5141,#5142
    )),.UNSPECIFIED.,.F.,.F.,.F.,(4,1,1,1,4),(2,2),(0.,0.300541113158,
    0.567747146483,0.800033613736,1.),(0.,1.),.UNSPECIFIED.);
#5129 = CARTESIAN_POINT('',(-0.199320356545,3.3890542705E-02,1.E-03));
#5130 = CARTESIAN_POINT('',(-0.199320356545,3.3890542705E-02,0.));
#5131 = CARTESIAN_POINT('',(-0.199203748298,3.3178453476E-02,1.E-03));
#5132 = CARTESIAN_POINT('',(-0.199203748298,3.3178453476E-02,0.));
#5133 = CARTESIAN_POINT('',(-0.198983465626,3.1833257728E-02,1.E-03));
#5134 = CARTESIAN_POINT('',(-0.198983465626,3.1833257728E-02,0.));
#5135 = CARTESIAN_POINT('',(-0.198611616805,2.9948359982E-02,1.E-03));
#5136 = CARTESIAN_POINT('',(-0.198611616805,2.9948359982E-02,0.));
#5137 = CARTESIAN_POINT('',(-0.198197602746,2.831937886E-02,1.E-03));
#5138 = CARTESIAN_POINT('',(-0.198197602746,2.831937886E-02,0.));
#5139 = CARTESIAN_POINT('',(-0.197870889182,2.7334135384E-02,1.E-03));
#5140 = CARTESIAN_POINT('',(-0.197870889182,2.7334135384E-02,0.));
#5141 = CARTESIAN_POINT('',(-0.197719746789,2.6878347583E-02,1.E-03));
#5142 = CARTESIAN_POINT('',(-0.197719746789,2.6878347583E-02,0.));
#5143 = ADVANCED_FACE('',(#5144),#5162,.T.);
#5144 = FACE_BOUND('',#5145,.T.);
#5145 = EDGE_LOOP('',(#5146,#5154,#5160,#5161));
#5146 = ORIENTED_EDGE('',*,*,#5147,.F.);
#5147 = EDGE_CURVE('',#5148,#5110,#5150,.T.);
#5148 = VERTEX_POINT('',#5149);
#5149 = CARTESIAN_POINT('',(-0.199644289472,3.3890542705E-02,0.));
#5150 = LINE('',#5151,#5152);
#5151 = CARTESIAN_POINT('',(-0.199644289472,3.3890542705E-02,0.));
#5152 = VECTOR('',#5153,1.);
#5153 = DIRECTION('',(1.,0.,0.));
#5154 = ORIENTED_EDGE('',*,*,#5155,.F.);
#5155 = EDGE_CURVE('',#5011,#5148,#5156,.T.);
#5156 = LINE('',#5157,#5158);
#5157 = CARTESIAN_POINT('',(-0.199644289472,3.3890542705E-02,1.E-03));
#5158 = VECTOR('',#5159,1.);
#5159 = DIRECTION('',(0.,0.,-1.));
#5160 = ORIENTED_EDGE('',*,*,#5010,.T.);
#5161 = ORIENTED_EDGE('',*,*,#5121,.T.);
#5162 = PLANE('',#5163);
#5163 = AXIS2_PLACEMENT_3D('',#5164,#5165,#5166);
#5164 = CARTESIAN_POINT('',(-0.199644289472,3.3890542705E-02,1.E-03));
#5165 = DIRECTION('',(0.,1.,0.));
#5166 = DIRECTION('',(0.,-0.,1.));
#5167 = ADVANCED_FACE('',(#5168),#5190,.T.);
#5168 = FACE_BOUND('',#5169,.T.);
#5169 = EDGE_LOOP('',(#5170,#5182,#5188,#5189));
#5170 = ORIENTED_EDGE('',*,*,#5171,.F.);
#5171 = EDGE_CURVE('',#5172,#5148,#5174,.T.);
#5172 = VERTEX_POINT('',#5173);
#5173 = CARTESIAN_POINT('',(-0.201187734594,2.6878347583E-02,0.));
#5174 = B_SPLINE_CURVE_WITH_KNOTS('',3,(#5175,#5176,#5177,#5178,#5179,
    #5180,#5181),.UNSPECIFIED.,.F.,.F.,(4,1,1,1,4),(0.,0.174481715317,
    0.398285759128,0.673897847398,0.999999999999),.UNSPECIFIED.);
#5175 = CARTESIAN_POINT('',(-0.201187734594,2.6878347583E-02,0.));
#5176 = CARTESIAN_POINT('',(-0.201062944082,2.7277331029E-02,0.));
#5177 = CARTESIAN_POINT('',(-0.200778087392,2.8188082187E-02,0.));
#5178 = CARTESIAN_POINT('',(-0.200404806595,2.9759988145E-02,0.));
#5179 = CARTESIAN_POINT('',(-0.2000388282,3.1703353343E-02,0.));
#5180 = CARTESIAN_POINT('',(-0.199782959073,3.3121805308E-02,0.));
#5181 = CARTESIAN_POINT('',(-0.199644289472,3.3890542705E-02,0.));
#5182 = ORIENTED_EDGE('',*,*,#5183,.F.);
#5183 = EDGE_CURVE('',#5019,#5172,#5184,.T.);
#5184 = LINE('',#5185,#5186);
#5185 = CARTESIAN_POINT('',(-0.201187734594,2.6878347583E-02,1.E-03));
#5186 = VECTOR('',#5187,1.);
#5187 = DIRECTION('',(0.,0.,-1.));
#5188 = ORIENTED_EDGE('',*,*,#5018,.T.);
#5189 = ORIENTED_EDGE('',*,*,#5155,.T.);
#5190 = B_SPLINE_SURFACE_WITH_KNOTS('',3,1,(
    (#5191,#5192)
    ,(#5193,#5194)
    ,(#5195,#5196)
    ,(#5197,#5198)
    ,(#5199,#5200)
    ,(#5201,#5202)
    ,(#5203,#5204
    )),.UNSPECIFIED.,.F.,.F.,.F.,(4,1,1,1,4),(2,2),(0.,0.174481715317,
    0.398285759128,0.673897847398,0.999999999999),(0.,1.),
  .UNSPECIFIED.);
#5191 = CARTESIAN_POINT('',(-0.201187734594,2.6878347583E-02,1.E-03));
#5192 = CARTESIAN_POINT('',(-0.201187734594,2.6878347583E-02,0.));
#5193 = CARTESIAN_POINT('',(-0.201062944082,2.7277331029E-02,1.E-03));
#5194 = CARTESIAN_POINT('',(-0.201062944082,2.7277331029E-02,0.));
#5195 = CARTESIAN_POINT('',(-0.200778087392,2.8188082187E-02,1.E-03));
#5196 = CARTESIAN_POINT('',(-0.200778087392,2.8188082187E-02,0.));
#5197 = CARTESIAN_POINT('',(-0.200404806595,2.9759988145E-02,1.E-03));
#5198 = CARTESIAN_POINT('',(-0.200404806595,2.9759988145E-02,0.));
#5199 = CARTESIAN_POINT('',(-0.2000388282,3.1703353343E-02,1.E-03));
#5200 = CARTESIAN_POINT('',(-0.2000388282,3.1703353343E-02,0.));
#5201 = CARTESIAN_POINT('',(-0.199782959073,3.3121805308E-02,1.E-03));
#5202 = CARTESIAN_POINT('',(-0.199782959073,3.3121805308E-02,0.));
#5203 = CARTESIAN_POINT('',(-0.199644289472,3.3890542705E-02,1.E-03));
#5204 = CARTESIAN_POINT('',(-0.199644289472,3.3890542705E-02,0.));
#5205 = ADVANCED_FACE('',(#5206),#5217,.T.);
#5206 = FACE_BOUND('',#5207,.T.);
#5207 = EDGE_LOOP('',(#5208,#5214,#5215,#5216));
#5208 = ORIENTED_EDGE('',*,*,#5209,.F.);
#5209 = EDGE_CURVE('',#5057,#5172,#5210,.T.);
#5210 = LINE('',#5211,#5212);
#5211 = CARTESIAN_POINT('',(-0.216241088253,-1.4889945099E-02,0.));
#5212 = VECTOR('',#5213,1.);
#5213 = DIRECTION('',(0.339053795485,0.940766986967,0.));
#5214 = ORIENTED_EDGE('',*,*,#5071,.F.);
#5215 = ORIENTED_EDGE('',*,*,#5030,.T.);
#5216 = ORIENTED_EDGE('',*,*,#5183,.T.);
#5217 = PLANE('',#5218);
#5218 = AXIS2_PLACEMENT_3D('',#5219,#5220,#5221);
#5219 = CARTESIAN_POINT('',(-0.216241088253,-1.4889945099E-02,1.E-03));
#5220 = DIRECTION('',(-0.940766986967,0.339053795485,0.));
#5221 = DIRECTION('',(-0.339053795485,-0.940766986967,0.));
#5222 = ADVANCED_FACE('',(#5223),#5248,.T.);
#5223 = FACE_BOUND('',#5224,.T.);
#5224 = EDGE_LOOP('',(#5225,#5226,#5234,#5242));
#5225 = ORIENTED_EDGE('',*,*,#1826,.F.);
#5226 = ORIENTED_EDGE('',*,*,#5227,.F.);
#5227 = EDGE_CURVE('',#5228,#1827,#5230,.T.);
#5228 = VERTEX_POINT('',#5229);
#5229 = CARTESIAN_POINT('',(-9.4632856545E-02,-5.3914335343E-02,1.E-03)
  );
#5230 = LINE('',#5231,#5232);
#5231 = CARTESIAN_POINT('',(-9.4632856545E-02,-5.3914335343E-02,1.E-03)
  );
#5232 = VECTOR('',#5233,1.);
#5233 = DIRECTION('',(0.,0.,-1.));
#5234 = ORIENTED_EDGE('',*,*,#5235,.T.);
#5235 = EDGE_CURVE('',#5228,#5236,#5238,.T.);
#5236 = VERTEX_POINT('',#5237);
#5237 = CARTESIAN_POINT('',(-6.744154557E-02,-5.3914335343E-02,1.E-03));
#5238 = LINE('',#5239,#5240);
#5239 = CARTESIAN_POINT('',(-9.4632856545E-02,-5.3914335343E-02,1.E-03)
  );
#5240 = VECTOR('',#5241,1.);
#5241 = DIRECTION('',(1.,0.,0.));
#5242 = ORIENTED_EDGE('',*,*,#5243,.T.);
#5243 = EDGE_CURVE('',#5236,#1829,#5244,.T.);
#5244 = LINE('',#5245,#5246);
#5245 = CARTESIAN_POINT('',(-6.744154557E-02,-5.3914335343E-02,1.E-03));
#5246 = VECTOR('',#5247,1.);
#5247 = DIRECTION('',(0.,0.,-1.));
#5248 = PLANE('',#5249);
#5249 = AXIS2_PLACEMENT_3D('',#5250,#5251,#5252);
#5250 = CARTESIAN_POINT('',(-9.4632856545E-02,-5.3914335343E-02,1.E-03)
  );
#5251 = DIRECTION('',(0.,1.,0.));
#5252 = DIRECTION('',(0.,-0.,1.));
#5253 = ADVANCED_FACE('',(#5254),#5272,.T.);
#5254 = FACE_BOUND('',#5255,.T.);
#5255 = EDGE_LOOP('',(#5256,#5257,#5258,#5266));
#5256 = ORIENTED_EDGE('',*,*,#1836,.F.);
#5257 = ORIENTED_EDGE('',*,*,#5243,.F.);
#5258 = ORIENTED_EDGE('',*,*,#5259,.T.);
#5259 = EDGE_CURVE('',#5236,#5260,#5262,.T.);
#5260 = VERTEX_POINT('',#5261);
#5261 = CARTESIAN_POINT('',(-6.744154557E-02,4.6085664656E-02,1.E-03));
#5262 = LINE('',#5263,#5264);
#5263 = CARTESIAN_POINT('',(-6.744154557E-02,-5.3914335343E-02,1.E-03));
#5264 = VECTOR('',#5265,1.);
#5265 = DIRECTION('',(0.,1.,0.));
#5266 = ORIENTED_EDGE('',*,*,#5267,.T.);
#5267 = EDGE_CURVE('',#5260,#1837,#5268,.T.);
#5268 = LINE('',#5269,#5270);
#5269 = CARTESIAN_POINT('',(-6.744154557E-02,4.6085664656E-02,1.E-03));
#5270 = VECTOR('',#5271,1.);
#5271 = DIRECTION('',(0.,0.,-1.));
#5272 = PLANE('',#5273);
#5273 = AXIS2_PLACEMENT_3D('',#5274,#5275,#5276);
#5274 = CARTESIAN_POINT('',(-6.744154557E-02,-5.3914335343E-02,1.E-03));
#5275 = DIRECTION('',(-1.,0.,0.));
#5276 = DIRECTION('',(0.,0.,1.));
#5277 = ADVANCED_FACE('',(#5278),#5296,.T.);
#5278 = FACE_BOUND('',#5279,.T.);
#5279 = EDGE_LOOP('',(#5280,#5281,#5282,#5290));
#5280 = ORIENTED_EDGE('',*,*,#1844,.F.);
#5281 = ORIENTED_EDGE('',*,*,#5267,.F.);
#5282 = ORIENTED_EDGE('',*,*,#5283,.T.);
#5283 = EDGE_CURVE('',#5260,#5284,#5286,.T.);
#5284 = VERTEX_POINT('',#5285);
#5285 = CARTESIAN_POINT('',(-9.566181996E-02,4.6085664656E-02,1.E-03));
#5286 = LINE('',#5287,#5288);
#5287 = CARTESIAN_POINT('',(-6.744154557E-02,4.6085664656E-02,1.E-03));
#5288 = VECTOR('',#5289,1.);
#5289 = DIRECTION('',(-1.,0.,0.));
#5290 = ORIENTED_EDGE('',*,*,#5291,.T.);
#5291 = EDGE_CURVE('',#5284,#1845,#5292,.T.);
#5292 = LINE('',#5293,#5294);
#5293 = CARTESIAN_POINT('',(-9.566181996E-02,4.6085664656E-02,1.E-03));
#5294 = VECTOR('',#5295,1.);
#5295 = DIRECTION('',(0.,0.,-1.));
#5296 = PLANE('',#5297);
#5297 = AXIS2_PLACEMENT_3D('',#5298,#5299,#5300);
#5298 = CARTESIAN_POINT('',(-6.744154557E-02,4.6085664656E-02,1.E-03));
#5299 = DIRECTION('',(0.,-1.,0.));
#5300 = DIRECTION('',(0.,0.,-1.));
#5301 = ADVANCED_FACE('',(#5302),#5336,.T.);
#5302 = FACE_BOUND('',#5303,.T.);
#5303 = EDGE_LOOP('',(#5304,#5305,#5306,#5330));
#5304 = ORIENTED_EDGE('',*,*,#1852,.F.);
#5305 = ORIENTED_EDGE('',*,*,#5291,.F.);
#5306 = ORIENTED_EDGE('',*,*,#5307,.T.);
#5307 = EDGE_CURVE('',#5284,#5308,#5310,.T.);
#5308 = VERTEX_POINT('',#5309);
#5309 = CARTESIAN_POINT('',(-0.147929350448,-2.656713391E-03,1.E-03));
#5310 = B_SPLINE_CURVE_WITH_KNOTS('',3,(#5311,#5312,#5313,#5314,#5315,
    #5316,#5317,#5318,#5319,#5320,#5321,#5322,#5323,#5324,#5325,#5326,
    #5327,#5328,#5329),.UNSPECIFIED.,.F.,.F.,(4,1,1,1,1,1,1,1,1,1,1,1,1,
    1,1,1,4),(0.,6.8631178676E-02,0.134566466038,0.19832815401,
    0.26078976664,0.321999151484,0.382721746503,0.443537474035,
    0.505133429484,0.566213874764,0.626105864617,0.68534932216,
    0.744995870347,0.805415841814,0.867636266345,0.932307782302,1.),
  .UNSPECIFIED.);
#5311 = CARTESIAN_POINT('',(-9.566181996E-02,4.6085664656E-02,1.E-03));
#5312 = CARTESIAN_POINT('',(-9.7499006367E-02,4.6044715461E-02,1.E-03));
#5313 = CARTESIAN_POINT('',(-0.101101212929,4.596442559E-02,1.E-03));
#5314 = CARTESIAN_POINT('',(-0.106383627348,4.5354530066E-02,1.E-03));
#5315 = CARTESIAN_POINT('',(-0.111423211648,4.4296163085E-02,1.E-03));
#5316 = CARTESIAN_POINT('',(-0.116233824352,4.2852313212E-02,1.E-03));
#5317 = CARTESIAN_POINT('',(-0.120821037756,4.1007810757E-02,1.E-03));
#5318 = CARTESIAN_POINT('',(-0.125141636537,3.8697141585E-02,1.E-03));
#5319 = CARTESIAN_POINT('',(-0.129243026942,3.6000612725E-02,1.E-03));
#5320 = CARTESIAN_POINT('',(-0.133071838189,3.2912375897E-02,1.E-03));
#5321 = CARTESIAN_POINT('',(-0.136561665745,2.9478560448E-02,1.E-03));
#5322 = CARTESIAN_POINT('',(-0.139603877836,2.5723093082E-02,1.E-03));
#5323 = CARTESIAN_POINT('',(-0.14220848387,2.1696202621E-02,1.E-03));
#5324 = CARTESIAN_POINT('',(-0.144304506299,1.7366048836E-02,1.E-03));
#5325 = CARTESIAN_POINT('',(-0.145932005144,1.2755962594E-02,1.E-03));
#5326 = CARTESIAN_POINT('',(-0.147084486559,7.869286799E-03,1.E-03));
#5327 = CARTESIAN_POINT('',(-0.147811381329,2.70048669E-03,1.E-03));
#5328 = CARTESIAN_POINT('',(-0.147889433659,-8.44016734E-04,1.E-03));
#5329 = CARTESIAN_POINT('',(-0.147929350448,-2.656713391E-03,1.E-03));
#5330 = ORIENTED_EDGE('',*,*,#5331,.T.);
#5331 = EDGE_CURVE('',#5308,#1853,#5332,.T.);
#5332 = LINE('',#5333,#5334);
#5333 = CARTESIAN_POINT('',(-0.147929350448,-2.656713391E-03,1.E-03));
#5334 = VECTOR('',#5335,1.);
#5335 = DIRECTION('',(0.,0.,-1.));
#5336 = B_SPLINE_SURFACE_WITH_KNOTS('',3,1,(
    (#5337,#5338)
    ,(#5339,#5340)
    ,(#5341,#5342)
    ,(#5343,#5344)
    ,(#5345,#5346)
    ,(#5347,#5348)
    ,(#5349,#5350)
    ,(#5351,#5352)
    ,(#5353,#5354)
    ,(#5355,#5356)
    ,(#5357,#5358)
    ,(#5359,#5360)
    ,(#5361,#5362)
    ,(#5363,#5364)
    ,(#5365,#5366)
    ,(#5367,#5368)
    ,(#5369,#5370)
    ,(#5371,#5372)
    ,(#5373,#5374
    )),.UNSPECIFIED.,.F.,.F.,.F.,(4,1,1,1,1,1,1,1,1,1,1,1,1,1,1,1,4),(2,
    2),(0.,6.8631178676E-02,0.134566466038,0.19832815401,0.26078976664,
    0.321999151484,0.382721746503,0.443537474035,0.505133429484,
    0.566213874764,0.626105864617,0.68534932216,0.744995870347,
    0.805415841814,0.867636266345,0.932307782302,1.),(0.,1.),
  .UNSPECIFIED.);
#5337 = CARTESIAN_POINT('',(-9.566181996E-02,4.6085664656E-02,1.E-03));
#5338 = CARTESIAN_POINT('',(-9.566181996E-02,4.6085664656E-02,0.));
#5339 = CARTESIAN_POINT('',(-9.7499006367E-02,4.6044715461E-02,1.E-03));
#5340 = CARTESIAN_POINT('',(-9.7499006367E-02,4.6044715461E-02,0.));
#5341 = CARTESIAN_POINT('',(-0.101101212929,4.596442559E-02,1.E-03));
#5342 = CARTESIAN_POINT('',(-0.101101212929,4.596442559E-02,0.));
#5343 = CARTESIAN_POINT('',(-0.106383627348,4.5354530066E-02,1.E-03));
#5344 = CARTESIAN_POINT('',(-0.106383627348,4.5354530066E-02,0.));
#5345 = CARTESIAN_POINT('',(-0.111423211648,4.4296163085E-02,1.E-03));
#5346 = CARTESIAN_POINT('',(-0.111423211648,4.4296163085E-02,0.));
#5347 = CARTESIAN_POINT('',(-0.116233824352,4.2852313212E-02,1.E-03));
#5348 = CARTESIAN_POINT('',(-0.116233824352,4.2852313212E-02,0.));
#5349 = CARTESIAN_POINT('',(-0.120821037756,4.1007810757E-02,1.E-03));
#5350 = CARTESIAN_POINT('',(-0.120821037756,4.1007810757E-02,0.));
#5351 = CARTESIAN_POINT('',(-0.125141636537,3.8697141585E-02,1.E-03));
#5352 = CARTESIAN_POINT('',(-0.125141636537,3.8697141585E-02,0.));
#5353 = CARTESIAN_POINT('',(-0.129243026942,3.6000612725E-02,1.E-03));
#5354 = CARTESIAN_POINT('',(-0.129243026942,3.6000612725E-02,0.));
#5355 = CARTESIAN_POINT('',(-0.133071838189,3.2912375897E-02,1.E-03));
#5356 = CARTESIAN_POINT('',(-0.133071838189,3.2912375897E-02,0.));
#5357 = CARTESIAN_POINT('',(-0.136561665745,2.9478560448E-02,1.E-03));
#5358 = CARTESIAN_POINT('',(-0.136561665745,2.9478560448E-02,0.));
#5359 = CARTESIAN_POINT('',(-0.139603877836,2.5723093082E-02,1.E-03));
#5360 = CARTESIAN_POINT('',(-0.139603877836,2.5723093082E-02,0.));
#5361 = CARTESIAN_POINT('',(-0.14220848387,2.1696202621E-02,1.E-03));
#5362 = CARTESIAN_POINT('',(-0.14220848387,2.1696202621E-02,0.));
#5363 = CARTESIAN_POINT('',(-0.144304506299,1.7366048836E-02,1.E-03));
#5364 = CARTESIAN_POINT('',(-0.144304506299,1.7366048836E-02,0.));
#5365 = CARTESIAN_POINT('',(-0.145932005144,1.2755962594E-02,1.E-03));
#5366 = CARTESIAN_POINT('',(-0.145932005144,1.2755962594E-02,0.));
#5367 = CARTESIAN_POINT('',(-0.147084486559,7.869286799E-03,1.E-03));
#5368 = CARTESIAN_POINT('',(-0.147084486559,7.869286799E-03,0.));
#5369 = CARTESIAN_POINT('',(-0.147811381329,2.70048669E-03,1.E-03));
#5370 = CARTESIAN_POINT('',(-0.147811381329,2.70048669E-03,0.));
#5371 = CARTESIAN_POINT('',(-0.147889433659,-8.44016734E-04,1.E-03));
#5372 = CARTESIAN_POINT('',(-0.147889433659,-8.44016734E-04,0.));
#5373 = CARTESIAN_POINT('',(-0.147929350448,-2.656713391E-03,1.E-03));
#5374 = CARTESIAN_POINT('',(-0.147929350448,-2.656713391E-03,0.));
#5375 = ADVANCED_FACE('',(#5376),#5403,.T.);
#5376 = FACE_BOUND('',#5377,.T.);
#5377 = EDGE_LOOP('',(#5378,#5379,#5380,#5402));
#5378 = ORIENTED_EDGE('',*,*,#1876,.F.);
#5379 = ORIENTED_EDGE('',*,*,#5331,.F.);
#5380 = ORIENTED_EDGE('',*,*,#5381,.T.);
#5381 = EDGE_CURVE('',#5308,#5228,#5382,.T.);
#5382 = B_SPLINE_CURVE_WITH_KNOTS('',3,(#5383,#5384,#5385,#5386,#5387,
    #5388,#5389,#5390,#5391,#5392,#5393,#5394,#5395,#5396,#5397,#5398,
    #5399,#5400,#5401),.UNSPECIFIED.,.F.,.F.,(4,1,1,1,1,1,1,1,1,1,1,1,1,
    1,1,1,4),(0.,6.8068695844E-02,0.133427432818,0.196146033813,
    0.257048592449,0.316882663159,0.376187208666,0.435960335363,
    0.496535236862,0.55746534348,0.61768686341,0.677943640696,
    0.738805284806,0.800949336766,0.86481466747,0.931024781078,1.),
  .UNSPECIFIED.);
#5383 = CARTESIAN_POINT('',(-0.147929350448,-2.656713391E-03,1.E-03));
#5384 = CARTESIAN_POINT('',(-0.147888963728,-4.545471842E-03,1.E-03));
#5385 = CARTESIAN_POINT('',(-0.147809798168,-8.247793271E-03,1.E-03));
#5386 = CARTESIAN_POINT('',(-0.147086220305,-1.3651012779E-02,1.E-03));
#5387 = CARTESIAN_POINT('',(-0.145931150696,-1.8770716073E-02,1.E-03));
#5388 = CARTESIAN_POINT('',(-0.14430977451,-2.3603994557E-02,1.E-03));
#5389 = CARTESIAN_POINT('',(-0.142210565899,-2.8147362092E-02,1.E-03));
#5390 = CARTESIAN_POINT('',(-0.139607859933,-3.2384219794E-02,1.E-03));
#5391 = CARTESIAN_POINT('',(-0.136571804889,-3.6346872304E-02,1.E-03));
#5392 = CARTESIAN_POINT('',(-0.133081599932,-3.9981028031E-02,1.E-03));
#5393 = CARTESIAN_POINT('',(-0.129221684775,-4.3233584446E-02,1.E-03));
#5394 = CARTESIAN_POINT('',(-0.125094201147,-4.6126265672E-02,1.E-03));
#5395 = CARTESIAN_POINT('',(-0.120663683421,-4.8529698238E-02,1.E-03));
#5396 = CARTESIAN_POINT('',(-0.115967972575,-5.0493416999E-02,1.E-03));
#5397 = CARTESIAN_POINT('',(-0.111015281418,-5.2052492306E-02,1.E-03));
#5398 = CARTESIAN_POINT('',(-0.105784145645,-5.3113990151E-02,1.E-03));
#5399 = CARTESIAN_POINT('',(-0.100298339591,-5.3811832012E-02,1.E-03));
#5400 = CARTESIAN_POINT('',(-9.6546928243E-02,-5.3879704805E-02,1.E-03)
  );
#5401 = CARTESIAN_POINT('',(-9.4632856545E-02,-5.3914335343E-02,1.E-03)
  );
#5402 = ORIENTED_EDGE('',*,*,#5227,.T.);
#5403 = B_SPLINE_SURFACE_WITH_KNOTS('',3,1,(
    (#5404,#5405)
    ,(#5406,#5407)
    ,(#5408,#5409)
    ,(#5410,#5411)
    ,(#5412,#5413)
    ,(#5414,#5415)
    ,(#5416,#5417)
    ,(#5418,#5419)
    ,(#5420,#5421)
    ,(#5422,#5423)
    ,(#5424,#5425)
    ,(#5426,#5427)
    ,(#5428,#5429)
    ,(#5430,#5431)
    ,(#5432,#5433)
    ,(#5434,#5435)
    ,(#5436,#5437)
    ,(#5438,#5439)
    ,(#5440,#5441
    )),.UNSPECIFIED.,.F.,.F.,.F.,(4,1,1,1,1,1,1,1,1,1,1,1,1,1,1,1,4),(2,
    2),(0.,6.8068695844E-02,0.133427432818,0.196146033813,0.257048592449
    ,0.316882663159,0.376187208666,0.435960335363,0.496535236862,
    0.55746534348,0.61768686341,0.677943640696,0.738805284806,
    0.800949336766,0.86481466747,0.931024781078,1.),(0.,1.),
  .UNSPECIFIED.);
#5404 = CARTESIAN_POINT('',(-0.147929350448,-2.656713391E-03,1.E-03));
#5405 = CARTESIAN_POINT('',(-0.147929350448,-2.656713391E-03,0.));
#5406 = CARTESIAN_POINT('',(-0.147888963728,-4.545471842E-03,1.E-03));
#5407 = CARTESIAN_POINT('',(-0.147888963728,-4.545471842E-03,0.));
#5408 = CARTESIAN_POINT('',(-0.147809798168,-8.247793271E-03,1.E-03));
#5409 = CARTESIAN_POINT('',(-0.147809798168,-8.247793271E-03,0.));
#5410 = CARTESIAN_POINT('',(-0.147086220305,-1.3651012779E-02,1.E-03));
#5411 = CARTESIAN_POINT('',(-0.147086220305,-1.3651012779E-02,0.));
#5412 = CARTESIAN_POINT('',(-0.145931150696,-1.8770716073E-02,1.E-03));
#5413 = CARTESIAN_POINT('',(-0.145931150696,-1.8770716073E-02,0.));
#5414 = CARTESIAN_POINT('',(-0.14430977451,-2.3603994557E-02,1.E-03));
#5415 = CARTESIAN_POINT('',(-0.14430977451,-2.3603994557E-02,0.));
#5416 = CARTESIAN_POINT('',(-0.142210565899,-2.8147362092E-02,1.E-03));
#5417 = CARTESIAN_POINT('',(-0.142210565899,-2.8147362092E-02,0.));
#5418 = CARTESIAN_POINT('',(-0.139607859933,-3.2384219794E-02,1.E-03));
#5419 = CARTESIAN_POINT('',(-0.139607859933,-3.2384219794E-02,0.));
#5420 = CARTESIAN_POINT('',(-0.136571804889,-3.6346872304E-02,1.E-03));
#5421 = CARTESIAN_POINT('',(-0.136571804889,-3.6346872304E-02,0.));
#5422 = CARTESIAN_POINT('',(-0.133081599932,-3.9981028031E-02,1.E-03));
#5423 = CARTESIAN_POINT('',(-0.133081599932,-3.9981028031E-02,0.));
#5424 = CARTESIAN_POINT('',(-0.129221684775,-4.3233584446E-02,1.E-03));
#5425 = CARTESIAN_POINT('',(-0.129221684775,-4.3233584446E-02,0.));
#5426 = CARTESIAN_POINT('',(-0.125094201147,-4.6126265672E-02,1.E-03));
#5427 = CARTESIAN_POINT('',(-0.125094201147,-4.6126265672E-02,0.));
#5428 = CARTESIAN_POINT('',(-0.120663683421,-4.8529698238E-02,1.E-03));
#5429 = CARTESIAN_POINT('',(-0.120663683421,-4.8529698238E-02,0.));
#5430 = CARTESIAN_POINT('',(-0.115967972575,-5.0493416999E-02,1.E-03));
#5431 = CARTESIAN_POINT('',(-0.115967972575,-5.0493416999E-02,0.));
#5432 = CARTESIAN_POINT('',(-0.111015281418,-5.2052492306E-02,1.E-03));
#5433 = CARTESIAN_POINT('',(-0.111015281418,-5.2052492306E-02,0.));
#5434 = CARTESIAN_POINT('',(-0.105784145645,-5.3113990151E-02,1.E-03));
#5435 = CARTESIAN_POINT('',(-0.105784145645,-5.3113990151E-02,0.));
#5436 = CARTESIAN_POINT('',(-0.100298339591,-5.3811832012E-02,1.E-03));
#5437 = CARTESIAN_POINT('',(-0.100298339591,-5.3811832012E-02,0.));
#5438 = CARTESIAN_POINT('',(-9.6546928243E-02,-5.3879704805E-02,1.E-03)
  );
#5439 = CARTESIAN_POINT('',(-9.6546928243E-02,-5.3879704805E-02,0.));
#5440 = CARTESIAN_POINT('',(-9.4632856545E-02,-5.3914335343E-02,1.E-03)
  );
#5441 = CARTESIAN_POINT('',(-9.4632856545E-02,-5.3914335343E-02,0.));
#5442 = ADVANCED_FACE('',(#5443,#5517),#5524,.T.);
#5443 = FACE_BOUND('',#5444,.T.);
#5444 = EDGE_LOOP('',(#5445,#5471,#5495,#5503,#5511));
#5445 = ORIENTED_EDGE('',*,*,#5446,.F.);
#5446 = EDGE_CURVE('',#5447,#5449,#5451,.T.);
#5447 = VERTEX_POINT('',#5448);
#5448 = CARTESIAN_POINT('',(-0.134514716302,-2.942536562E-03,1.E-03));
#5449 = VERTEX_POINT('',#5450);
#5450 = CARTESIAN_POINT('',(-9.5604655326E-02,3.51100549E-02,1.E-03));
#5451 = B_SPLINE_CURVE_WITH_KNOTS('',3,(#5452,#5453,#5454,#5455,#5456,
    #5457,#5458,#5459,#5460,#5461,#5462,#5463,#5464,#5465,#5466,#5467,
    #5468,#5469,#5470),.UNSPECIFIED.,.F.,.F.,(4,1,1,1,1,1,1,1,1,1,1,1,1,
    1,1,1,4),(0.,7.4303796442E-02,0.144393610364,0.210499496103,
    0.273542606503,0.333824744579,0.392529672408,0.450087454599,
    0.507820611555,0.565464912776,0.623148722333,0.68129719279,
    0.740913498156,0.801855752195,0.86524123772,0.930941657046,1.),
  .UNSPECIFIED.);
#5452 = CARTESIAN_POINT('',(-0.134514716302,-2.942536562E-03,1.E-03));
#5453 = CARTESIAN_POINT('',(-0.134481938243,-1.410448048E-03,1.E-03));
#5454 = CARTESIAN_POINT('',(-0.134418241065,1.566839821E-03,1.E-03));
#5455 = CARTESIAN_POINT('',(-0.133922619645,5.884940608E-03,1.E-03));
#5456 = CARTESIAN_POINT('',(-0.13309202114,9.913638122E-03,1.E-03));
#5457 = CARTESIAN_POINT('',(-0.131911140073,1.3643512803E-02,1.E-03));
#5458 = CARTESIAN_POINT('',(-0.130403887037,1.7088946797E-02,1.E-03));
#5459 = CARTESIAN_POINT('',(-0.128547903887,2.023019964E-02,1.E-03));
#5460 = CARTESIAN_POINT('',(-0.126357577181,2.3082671317E-02,1.E-03));
#5461 = CARTESIAN_POINT('',(-0.123833222339,2.5613628557E-02,1.E-03));
#5462 = CARTESIAN_POINT('',(-0.121036819855,2.7838705236E-02,1.E-03));
#5463 = CARTESIAN_POINT('',(-0.118037120409,2.9796882251E-02,1.E-03));
#5464 = CARTESIAN_POINT('',(-0.114808102457,3.1441046286E-02,1.E-03));
#5465 = CARTESIAN_POINT('',(-0.111375059268,3.2792138889E-02,1.E-03));
#5466 = CARTESIAN_POINT('',(-0.107726371991,3.3846394246E-02,1.E-03));
#5467 = CARTESIAN_POINT('',(-0.103873234581,3.457815434E-02,1.E-03));
#5468 = CARTESIAN_POINT('',(-9.9807200497E-02,3.5023581318E-02,1.E-03));
#5469 = CARTESIAN_POINT('',(-9.7028582947E-02,3.5080755483E-02,1.E-03));
#5470 = CARTESIAN_POINT('',(-9.5604655326E-02,3.51100549E-02,1.E-03));
#5471 = ORIENTED_EDGE('',*,*,#5472,.F.);
#5472 = EDGE_CURVE('',#5473,#5447,#5475,.T.);
#5473 = VERTEX_POINT('',#5474);
#5474 = CARTESIAN_POINT('',(-9.5052063863E-02,-4.2938725586E-02,1.E-03)
  );
#5475 = B_SPLINE_CURVE_WITH_KNOTS('',3,(#5476,#5477,#5478,#5479,#5480,
    #5481,#5482,#5483,#5484,#5485,#5486,#5487,#5488,#5489,#5490,#5491,
    #5492,#5493,#5494),.UNSPECIFIED.,.F.,.F.,(4,1,1,1,1,1,1,1,1,1,1,1,1,
    1,1,1,4),(0.,7.0826572555E-02,0.138169033279,0.202475331533,
    0.263973754413,0.323380320598,0.381797622713,0.439390074519,
    0.496902724545,0.554662169609,0.612741878492,0.671538836391,
    0.73165572209,0.794297811613,0.859482204979,0.927681325452,1.),
  .UNSPECIFIED.);
#5476 = CARTESIAN_POINT('',(-9.5052063863E-02,-4.2938725586E-02,1.E-03)
  );
#5477 = CARTESIAN_POINT('',(-9.655882074E-02,-4.2906154695E-02,1.E-03));
#5478 = CARTESIAN_POINT('',(-9.9498213874E-02,-4.2842615144E-02,1.E-03)
  );
#5479 = CARTESIAN_POINT('',(-0.103781869529,-4.2338034982E-02,1.E-03));
#5480 = CARTESIAN_POINT('',(-0.107813556043,-4.1527775531E-02,1.E-03));
#5481 = CARTESIAN_POINT('',(-0.111593807306,-4.0392726048E-02,1.E-03));
#5482 = CARTESIAN_POINT('',(-0.115106246004,-3.8888163977E-02,1.E-03));
#5483 = CARTESIAN_POINT('',(-0.118379207297,-3.708260413E-02,1.E-03));
#5484 = CARTESIAN_POINT('',(-0.121390210489,-3.4934022208E-02,1.E-03));
#5485 = CARTESIAN_POINT('',(-0.124127049974,-3.2466516137E-02,1.E-03));
#5486 = CARTESIAN_POINT('',(-0.126566524363,-2.9692373065E-02,1.E-03));
#5487 = CARTESIAN_POINT('',(-0.12871876095,-2.665498873E-02,1.E-03));
#5488 = CARTESIAN_POINT('',(-0.130506911965,-2.333305918E-02,1.E-03));
#5489 = CARTESIAN_POINT('',(-0.131987660987,-1.9759530246E-02,1.E-03));
#5490 = CARTESIAN_POINT('',(-0.13311916287,-1.5918654236E-02,1.E-03));
#5491 = CARTESIAN_POINT('',(-0.133939390606,-1.1825817914E-02,1.E-03));
#5492 = CARTESIAN_POINT('',(-0.134413147411,-7.469674051E-03,1.E-03));
#5493 = CARTESIAN_POINT('',(-0.1344802047,-4.480790712E-03,1.E-03));
#5494 = CARTESIAN_POINT('',(-0.134514716302,-2.942536562E-03,1.E-03));
#5495 = ORIENTED_EDGE('',*,*,#5496,.F.);
#5496 = EDGE_CURVE('',#5497,#5473,#5499,.T.);
#5497 = VERTEX_POINT('',#5498);
#5498 = CARTESIAN_POINT('',(-8.0856179716E-02,-4.2938725586E-02,1.E-03)
  );
#5499 = LINE('',#5500,#5501);
#5500 = CARTESIAN_POINT('',(-8.0856179716E-02,-4.2938725586E-02,1.E-03)
  );
#5501 = VECTOR('',#5502,1.);
#5502 = DIRECTION('',(-1.,0.,0.));
#5503 = ORIENTED_EDGE('',*,*,#5504,.F.);
#5504 = EDGE_CURVE('',#5505,#5497,#5507,.T.);
#5505 = VERTEX_POINT('',#5506);
#5506 = CARTESIAN_POINT('',(-8.0856179716E-02,3.51100549E-02,1.E-03));
#5507 = LINE('',#5508,#5509);
#5508 = CARTESIAN_POINT('',(-8.0856179716E-02,3.51100549E-02,1.E-03));
#5509 = VECTOR('',#5510,1.);
#5510 = DIRECTION('',(0.,-1.,0.));
#5511 = ORIENTED_EDGE('',*,*,#5512,.F.);
#5512 = EDGE_CURVE('',#5449,#5505,#5513,.T.);
#5513 = LINE('',#5514,#5515);
#5514 = CARTESIAN_POINT('',(-9.5604655326E-02,3.51100549E-02,1.E-03));
#5515 = VECTOR('',#5516,1.);
#5516 = DIRECTION('',(1.,0.,0.));
#5517 = FACE_BOUND('',#5518,.T.);
#5518 = EDGE_LOOP('',(#5519,#5520,#5521,#5522,#5523));
#5519 = ORIENTED_EDGE('',*,*,#5235,.F.);
#5520 = ORIENTED_EDGE('',*,*,#5381,.F.);
#5521 = ORIENTED_EDGE('',*,*,#5307,.F.);
#5522 = ORIENTED_EDGE('',*,*,#5283,.F.);
#5523 = ORIENTED_EDGE('',*,*,#5259,.F.);
#5524 = PLANE('',#5525);
#5525 = AXIS2_PLACEMENT_3D('',#5526,#5527,#5528);
#5526 = CARTESIAN_POINT('',(-0.13271950433,3.3115734699E-02,1.E-03));
#5527 = DIRECTION('',(0.,0.,-1.));
#5528 = DIRECTION('',(-1.,0.,0.));
#5529 = ADVANCED_FACE('',(#5530),#5555,.T.);
#5530 = FACE_BOUND('',#5531,.T.);
#5531 = EDGE_LOOP('',(#5532,#5542,#5548,#5549));
#5532 = ORIENTED_EDGE('',*,*,#5533,.F.);
#5533 = EDGE_CURVE('',#5534,#5536,#5538,.T.);
#5534 = VERTEX_POINT('',#5535);
#5535 = CARTESIAN_POINT('',(-9.5604655326E-02,3.51100549E-02,0.));
#5536 = VERTEX_POINT('',#5537);
#5537 = CARTESIAN_POINT('',(-8.0856179716E-02,3.51100549E-02,0.));
#5538 = LINE('',#5539,#5540);
#5539 = CARTESIAN_POINT('',(-9.5604655326E-02,3.51100549E-02,0.));
#5540 = VECTOR('',#5541,1.);
#5541 = DIRECTION('',(1.,0.,0.));
#5542 = ORIENTED_EDGE('',*,*,#5543,.F.);
#5543 = EDGE_CURVE('',#5449,#5534,#5544,.T.);
#5544 = LINE('',#5545,#5546);
#5545 = CARTESIAN_POINT('',(-9.5604655326E-02,3.51100549E-02,1.E-03));
#5546 = VECTOR('',#5547,1.);
#5547 = DIRECTION('',(0.,0.,-1.));
#5548 = ORIENTED_EDGE('',*,*,#5512,.T.);
#5549 = ORIENTED_EDGE('',*,*,#5550,.T.);
#5550 = EDGE_CURVE('',#5505,#5536,#5551,.T.);
#5551 = LINE('',#5552,#5553);
#5552 = CARTESIAN_POINT('',(-8.0856179716E-02,3.51100549E-02,1.E-03));
#5553 = VECTOR('',#5554,1.);
#5554 = DIRECTION('',(0.,0.,-1.));
#5555 = PLANE('',#5556);
#5556 = AXIS2_PLACEMENT_3D('',#5557,#5558,#5559);
#5557 = CARTESIAN_POINT('',(-9.5604655326E-02,3.51100549E-02,1.E-03));
#5558 = DIRECTION('',(0.,1.,0.));
#5559 = DIRECTION('',(0.,-0.,1.));
#5560 = ADVANCED_FACE('',(#5561),#5595,.T.);
#5561 = FACE_BOUND('',#5562,.T.);
#5562 = EDGE_LOOP('',(#5563,#5587,#5593,#5594));
#5563 = ORIENTED_EDGE('',*,*,#5564,.F.);
#5564 = EDGE_CURVE('',#5565,#5534,#5567,.T.);
#5565 = VERTEX_POINT('',#5566);
#5566 = CARTESIAN_POINT('',(-0.134514716302,-2.942536562E-03,0.));
#5567 = B_SPLINE_CURVE_WITH_KNOTS('',3,(#5568,#5569,#5570,#5571,#5572,
    #5573,#5574,#5575,#5576,#5577,#5578,#5579,#5580,#5581,#5582,#5583,
    #5584,#5585,#5586),.UNSPECIFIED.,.F.,.F.,(4,1,1,1,1,1,1,1,1,1,1,1,1,
    1,1,1,4),(0.,7.4303796442E-02,0.144393610364,0.210499496103,
    0.273542606503,0.333824744579,0.392529672408,0.450087454599,
    0.507820611555,0.565464912776,0.623148722333,0.68129719279,
    0.740913498156,0.801855752195,0.86524123772,0.930941657046,1.),
  .UNSPECIFIED.);
#5568 = CARTESIAN_POINT('',(-0.134514716302,-2.942536562E-03,0.));
#5569 = CARTESIAN_POINT('',(-0.134481938243,-1.410448048E-03,0.));
#5570 = CARTESIAN_POINT('',(-0.134418241065,1.566839821E-03,0.));
#5571 = CARTESIAN_POINT('',(-0.133922619645,5.884940608E-03,0.));
#5572 = CARTESIAN_POINT('',(-0.13309202114,9.913638122E-03,0.));
#5573 = CARTESIAN_POINT('',(-0.131911140073,1.3643512803E-02,0.));
#5574 = CARTESIAN_POINT('',(-0.130403887037,1.7088946797E-02,0.));
#5575 = CARTESIAN_POINT('',(-0.128547903887,2.023019964E-02,0.));
#5576 = CARTESIAN_POINT('',(-0.126357577181,2.3082671317E-02,0.));
#5577 = CARTESIAN_POINT('',(-0.123833222339,2.5613628557E-02,0.));
#5578 = CARTESIAN_POINT('',(-0.121036819855,2.7838705236E-02,0.));
#5579 = CARTESIAN_POINT('',(-0.118037120409,2.9796882251E-02,0.));
#5580 = CARTESIAN_POINT('',(-0.114808102457,3.1441046286E-02,0.));
#5581 = CARTESIAN_POINT('',(-0.111375059268,3.2792138889E-02,0.));
#5582 = CARTESIAN_POINT('',(-0.107726371991,3.3846394246E-02,0.));
#5583 = CARTESIAN_POINT('',(-0.103873234581,3.457815434E-02,0.));
#5584 = CARTESIAN_POINT('',(-9.9807200497E-02,3.5023581318E-02,0.));
#5585 = CARTESIAN_POINT('',(-9.7028582947E-02,3.5080755483E-02,0.));
#5586 = CARTESIAN_POINT('',(-9.5604655326E-02,3.51100549E-02,0.));
#5587 = ORIENTED_EDGE('',*,*,#5588,.F.);
#5588 = EDGE_CURVE('',#5447,#5565,#5589,.T.);
#5589 = LINE('',#5590,#5591);
#5590 = CARTESIAN_POINT('',(-0.134514716302,-2.942536562E-03,1.E-03));
#5591 = VECTOR('',#5592,1.);
#5592 = DIRECTION('',(0.,0.,-1.));
#5593 = ORIENTED_EDGE('',*,*,#5446,.T.);
#5594 = ORIENTED_EDGE('',*,*,#5543,.T.);
#5595 = B_SPLINE_SURFACE_WITH_KNOTS('',3,1,(
    (#5596,#5597)
    ,(#5598,#5599)
    ,(#5600,#5601)
    ,(#5602,#5603)
    ,(#5604,#5605)
    ,(#5606,#5607)
    ,(#5608,#5609)
    ,(#5610,#5611)
    ,(#5612,#5613)
    ,(#5614,#5615)
    ,(#5616,#5617)
    ,(#5618,#5619)
    ,(#5620,#5621)
    ,(#5622,#5623)
    ,(#5624,#5625)
    ,(#5626,#5627)
    ,(#5628,#5629)
    ,(#5630,#5631)
    ,(#5632,#5633
    )),.UNSPECIFIED.,.F.,.F.,.F.,(4,1,1,1,1,1,1,1,1,1,1,1,1,1,1,1,4),(2,
    2),(0.,7.4303796442E-02,0.144393610364,0.210499496103,0.273542606503
    ,0.333824744579,0.392529672408,0.450087454599,0.507820611555,
    0.565464912776,0.623148722333,0.68129719279,0.740913498156,
    0.801855752195,0.86524123772,0.930941657046,1.),(0.,1.),
  .UNSPECIFIED.);
#5596 = CARTESIAN_POINT('',(-0.134514716302,-2.942536562E-03,1.E-03));
#5597 = CARTESIAN_POINT('',(-0.134514716302,-2.942536562E-03,0.));
#5598 = CARTESIAN_POINT('',(-0.134481938243,-1.410448048E-03,1.E-03));
#5599 = CARTESIAN_POINT('',(-0.134481938243,-1.410448048E-03,0.));
#5600 = CARTESIAN_POINT('',(-0.134418241065,1.566839821E-03,1.E-03));
#5601 = CARTESIAN_POINT('',(-0.134418241065,1.566839821E-03,0.));
#5602 = CARTESIAN_POINT('',(-0.133922619645,5.884940608E-03,1.E-03));
#5603 = CARTESIAN_POINT('',(-0.133922619645,5.884940608E-03,0.));
#5604 = CARTESIAN_POINT('',(-0.13309202114,9.913638122E-03,1.E-03));
#5605 = CARTESIAN_POINT('',(-0.13309202114,9.913638122E-03,0.));
#5606 = CARTESIAN_POINT('',(-0.131911140073,1.3643512803E-02,1.E-03));
#5607 = CARTESIAN_POINT('',(-0.131911140073,1.3643512803E-02,0.));
#5608 = CARTESIAN_POINT('',(-0.130403887037,1.7088946797E-02,1.E-03));
#5609 = CARTESIAN_POINT('',(-0.130403887037,1.7088946797E-02,0.));
#5610 = CARTESIAN_POINT('',(-0.128547903887,2.023019964E-02,1.E-03));
#5611 = CARTESIAN_POINT('',(-0.128547903887,2.023019964E-02,0.));
#5612 = CARTESIAN_POINT('',(-0.126357577181,2.3082671317E-02,1.E-03));
#5613 = CARTESIAN_POINT('',(-0.126357577181,2.3082671317E-02,0.));
#5614 = CARTESIAN_POINT('',(-0.123833222339,2.5613628557E-02,1.E-03));
#5615 = CARTESIAN_POINT('',(-0.123833222339,2.5613628557E-02,0.));
#5616 = CARTESIAN_POINT('',(-0.121036819855,2.7838705236E-02,1.E-03));
#5617 = CARTESIAN_POINT('',(-0.121036819855,2.7838705236E-02,0.));
#5618 = CARTESIAN_POINT('',(-0.118037120409,2.9796882251E-02,1.E-03));
#5619 = CARTESIAN_POINT('',(-0.118037120409,2.9796882251E-02,0.));
#5620 = CARTESIAN_POINT('',(-0.114808102457,3.1441046286E-02,1.E-03));
#5621 = CARTESIAN_POINT('',(-0.114808102457,3.1441046286E-02,0.));
#5622 = CARTESIAN_POINT('',(-0.111375059268,3.2792138889E-02,1.E-03));
#5623 = CARTESIAN_POINT('',(-0.111375059268,3.2792138889E-02,0.));
#5624 = CARTESIAN_POINT('',(-0.107726371991,3.3846394246E-02,1.E-03));
#5625 = CARTESIAN_POINT('',(-0.107726371991,3.3846394246E-02,0.));
#5626 = CARTESIAN_POINT('',(-0.103873234581,3.457815434E-02,1.E-03));
#5627 = CARTESIAN_POINT('',(-0.103873234581,3.457815434E-02,0.));
#5628 = CARTESIAN_POINT('',(-9.9807200497E-02,3.5023581318E-02,1.E-03));
#5629 = CARTESIAN_POINT('',(-9.9807200497E-02,3.5023581318E-02,0.));
#5630 = CARTESIAN_POINT('',(-9.7028582947E-02,3.5080755483E-02,1.E-03));
#5631 = CARTESIAN_POINT('',(-9.7028582947E-02,3.5080755483E-02,0.));
#5632 = CARTESIAN_POINT('',(-9.5604655326E-02,3.51100549E-02,1.E-03));
#5633 = CARTESIAN_POINT('',(-9.5604655326E-02,3.51100549E-02,0.));
#5634 = ADVANCED_FACE('',(#5635),#5669,.T.);
#5635 = FACE_BOUND('',#5636,.T.);
#5636 = EDGE_LOOP('',(#5637,#5661,#5667,#5668));
#5637 = ORIENTED_EDGE('',*,*,#5638,.F.);
#5638 = EDGE_CURVE('',#5639,#5565,#5641,.T.);
#5639 = VERTEX_POINT('',#5640);
#5640 = CARTESIAN_POINT('',(-9.5052063863E-02,-4.2938725586E-02,0.));
#5641 = B_SPLINE_CURVE_WITH_KNOTS('',3,(#5642,#5643,#5644,#5645,#5646,
    #5647,#5648,#5649,#5650,#5651,#5652,#5653,#5654,#5655,#5656,#5657,
    #5658,#5659,#5660),.UNSPECIFIED.,.F.,.F.,(4,1,1,1,1,1,1,1,1,1,1,1,1,
    1,1,1,4),(0.,7.0826572555E-02,0.138169033279,0.202475331533,
    0.263973754413,0.323380320598,0.381797622713,0.439390074519,
    0.496902724545,0.554662169609,0.612741878492,0.671538836391,
    0.73165572209,0.794297811613,0.859482204979,0.927681325452,1.),
  .UNSPECIFIED.);
#5642 = CARTESIAN_POINT('',(-9.5052063863E-02,-4.2938725586E-02,0.));
#5643 = CARTESIAN_POINT('',(-9.655882074E-02,-4.2906154695E-02,0.));
#5644 = CARTESIAN_POINT('',(-9.9498213874E-02,-4.2842615144E-02,0.));
#5645 = CARTESIAN_POINT('',(-0.103781869529,-4.2338034982E-02,0.));
#5646 = CARTESIAN_POINT('',(-0.107813556043,-4.1527775531E-02,0.));
#5647 = CARTESIAN_POINT('',(-0.111593807306,-4.0392726048E-02,0.));
#5648 = CARTESIAN_POINT('',(-0.115106246004,-3.8888163977E-02,0.));
#5649 = CARTESIAN_POINT('',(-0.118379207297,-3.708260413E-02,0.));
#5650 = CARTESIAN_POINT('',(-0.121390210489,-3.4934022208E-02,0.));
#5651 = CARTESIAN_POINT('',(-0.124127049974,-3.2466516137E-02,0.));
#5652 = CARTESIAN_POINT('',(-0.126566524363,-2.9692373065E-02,0.));
#5653 = CARTESIAN_POINT('',(-0.12871876095,-2.665498873E-02,0.));
#5654 = CARTESIAN_POINT('',(-0.130506911965,-2.333305918E-02,0.));
#5655 = CARTESIAN_POINT('',(-0.131987660987,-1.9759530246E-02,0.));
#5656 = CARTESIAN_POINT('',(-0.13311916287,-1.5918654236E-02,0.));
#5657 = CARTESIAN_POINT('',(-0.133939390606,-1.1825817914E-02,0.));
#5658 = CARTESIAN_POINT('',(-0.134413147411,-7.469674051E-03,0.));
#5659 = CARTESIAN_POINT('',(-0.1344802047,-4.480790712E-03,0.));
#5660 = CARTESIAN_POINT('',(-0.134514716302,-2.942536562E-03,0.));
#5661 = ORIENTED_EDGE('',*,*,#5662,.F.);
#5662 = EDGE_CURVE('',#5473,#5639,#5663,.T.);
#5663 = LINE('',#5664,#5665);
#5664 = CARTESIAN_POINT('',(-9.5052063863E-02,-4.2938725586E-02,1.E-03)
  );
#5665 = VECTOR('',#5666,1.);
#5666 = DIRECTION('',(0.,0.,-1.));
#5667 = ORIENTED_EDGE('',*,*,#5472,.T.);
#5668 = ORIENTED_EDGE('',*,*,#5588,.T.);
#5669 = B_SPLINE_SURFACE_WITH_KNOTS('',3,1,(
    (#5670,#5671)
    ,(#5672,#5673)
    ,(#5674,#5675)
    ,(#5676,#5677)
    ,(#5678,#5679)
    ,(#5680,#5681)
    ,(#5682,#5683)
    ,(#5684,#5685)
    ,(#5686,#5687)
    ,(#5688,#5689)
    ,(#5690,#5691)
    ,(#5692,#5693)
    ,(#5694,#5695)
    ,(#5696,#5697)
    ,(#5698,#5699)
    ,(#5700,#5701)
    ,(#5702,#5703)
    ,(#5704,#5705)
    ,(#5706,#5707
    )),.UNSPECIFIED.,.F.,.F.,.F.,(4,1,1,1,1,1,1,1,1,1,1,1,1,1,1,1,4),(2,
    2),(0.,7.0826572555E-02,0.138169033279,0.202475331533,0.263973754413
    ,0.323380320598,0.381797622713,0.439390074519,0.496902724545,
    0.554662169609,0.612741878492,0.671538836391,0.73165572209,
    0.794297811613,0.859482204979,0.927681325452,1.),(0.,1.),
  .UNSPECIFIED.);
#5670 = CARTESIAN_POINT('',(-9.5052063863E-02,-4.2938725586E-02,1.E-03)
  );
#5671 = CARTESIAN_POINT('',(-9.5052063863E-02,-4.2938725586E-02,0.));
#5672 = CARTESIAN_POINT('',(-9.655882074E-02,-4.2906154695E-02,1.E-03));
#5673 = CARTESIAN_POINT('',(-9.655882074E-02,-4.2906154695E-02,0.));
#5674 = CARTESIAN_POINT('',(-9.9498213874E-02,-4.2842615144E-02,1.E-03)
  );
#5675 = CARTESIAN_POINT('',(-9.9498213874E-02,-4.2842615144E-02,0.));
#5676 = CARTESIAN_POINT('',(-0.103781869529,-4.2338034982E-02,1.E-03));
#5677 = CARTESIAN_POINT('',(-0.103781869529,-4.2338034982E-02,0.));
#5678 = CARTESIAN_POINT('',(-0.107813556043,-4.1527775531E-02,1.E-03));
#5679 = CARTESIAN_POINT('',(-0.107813556043,-4.1527775531E-02,0.));
#5680 = CARTESIAN_POINT('',(-0.111593807306,-4.0392726048E-02,1.E-03));
#5681 = CARTESIAN_POINT('',(-0.111593807306,-4.0392726048E-02,0.));
#5682 = CARTESIAN_POINT('',(-0.115106246004,-3.8888163977E-02,1.E-03));
#5683 = CARTESIAN_POINT('',(-0.115106246004,-3.8888163977E-02,0.));
#5684 = CARTESIAN_POINT('',(-0.118379207297,-3.708260413E-02,1.E-03));
#5685 = CARTESIAN_POINT('',(-0.118379207297,-3.708260413E-02,0.));
#5686 = CARTESIAN_POINT('',(-0.121390210489,-3.4934022208E-02,1.E-03));
#5687 = CARTESIAN_POINT('',(-0.121390210489,-3.4934022208E-02,0.));
#5688 = CARTESIAN_POINT('',(-0.124127049974,-3.2466516137E-02,1.E-03));
#5689 = CARTESIAN_POINT('',(-0.124127049974,-3.2466516137E-02,0.));
#5690 = CARTESIAN_POINT('',(-0.126566524363,-2.9692373065E-02,1.E-03));
#5691 = CARTESIAN_POINT('',(-0.126566524363,-2.9692373065E-02,0.));
#5692 = CARTESIAN_POINT('',(-0.12871876095,-2.665498873E-02,1.E-03));
#5693 = CARTESIAN_POINT('',(-0.12871876095,-2.665498873E-02,0.));
#5694 = CARTESIAN_POINT('',(-0.130506911965,-2.333305918E-02,1.E-03));
#5695 = CARTESIAN_POINT('',(-0.130506911965,-2.333305918E-02,0.));
#5696 = CARTESIAN_POINT('',(-0.131987660987,-1.9759530246E-02,1.E-03));
#5697 = CARTESIAN_POINT('',(-0.131987660987,-1.9759530246E-02,0.));
#5698 = CARTESIAN_POINT('',(-0.13311916287,-1.5918654236E-02,1.E-03));
#5699 = CARTESIAN_POINT('',(-0.13311916287,-1.5918654236E-02,0.));
#5700 = CARTESIAN_POINT('',(-0.133939390606,-1.1825817914E-02,1.E-03));
#5701 = CARTESIAN_POINT('',(-0.133939390606,-1.1825817914E-02,0.));
#5702 = CARTESIAN_POINT('',(-0.134413147411,-7.469674051E-03,1.E-03));
#5703 = CARTESIAN_POINT('',(-0.134413147411,-7.469674051E-03,0.));
#5704 = CARTESIAN_POINT('',(-0.1344802047,-4.480790712E-03,1.E-03));
#5705 = CARTESIAN_POINT('',(-0.1344802047,-4.480790712E-03,0.));
#5706 = CARTESIAN_POINT('',(-0.134514716302,-2.942536562E-03,1.E-03));
#5707 = CARTESIAN_POINT('',(-0.134514716302,-2.942536562E-03,0.));
#5708 = ADVANCED_FACE('',(#5709),#5727,.T.);
#5709 = FACE_BOUND('',#5710,.T.);
#5710 = EDGE_LOOP('',(#5711,#5719,#5725,#5726));
#5711 = ORIENTED_EDGE('',*,*,#5712,.F.);
#5712 = EDGE_CURVE('',#5713,#5639,#5715,.T.);
#5713 = VERTEX_POINT('',#5714);
#5714 = CARTESIAN_POINT('',(-8.0856179716E-02,-4.2938725586E-02,0.));
#5715 = LINE('',#5716,#5717);
#5716 = CARTESIAN_POINT('',(-8.0856179716E-02,-4.2938725586E-02,0.));
#5717 = VECTOR('',#5718,1.);
#5718 = DIRECTION('',(-1.,0.,0.));
#5719 = ORIENTED_EDGE('',*,*,#5720,.F.);
#5720 = EDGE_CURVE('',#5497,#5713,#5721,.T.);
#5721 = LINE('',#5722,#5723);
#5722 = CARTESIAN_POINT('',(-8.0856179716E-02,-4.2938725586E-02,1.E-03)
  );
#5723 = VECTOR('',#5724,1.);
#5724 = DIRECTION('',(0.,0.,-1.));
#5725 = ORIENTED_EDGE('',*,*,#5496,.T.);
#5726 = ORIENTED_EDGE('',*,*,#5662,.T.);
#5727 = PLANE('',#5728);
#5728 = AXIS2_PLACEMENT_3D('',#5729,#5730,#5731);
#5729 = CARTESIAN_POINT('',(-8.0856179716E-02,-4.2938725586E-02,1.E-03)
  );
#5730 = DIRECTION('',(0.,-1.,0.));
#5731 = DIRECTION('',(0.,0.,-1.));
#5732 = ADVANCED_FACE('',(#5733),#5744,.T.);
#5733 = FACE_BOUND('',#5734,.T.);
#5734 = EDGE_LOOP('',(#5735,#5741,#5742,#5743));
#5735 = ORIENTED_EDGE('',*,*,#5736,.F.);
#5736 = EDGE_CURVE('',#5536,#5713,#5737,.T.);
#5737 = LINE('',#5738,#5739);
#5738 = CARTESIAN_POINT('',(-8.0856179716E-02,3.51100549E-02,0.));
#5739 = VECTOR('',#5740,1.);
#5740 = DIRECTION('',(0.,-1.,0.));
#5741 = ORIENTED_EDGE('',*,*,#5550,.F.);
#5742 = ORIENTED_EDGE('',*,*,#5504,.T.);
#5743 = ORIENTED_EDGE('',*,*,#5720,.T.);
#5744 = PLANE('',#5745);
#5745 = AXIS2_PLACEMENT_3D('',#5746,#5747,#5748);
#5746 = CARTESIAN_POINT('',(-8.0856179716E-02,3.51100549E-02,1.E-03));
#5747 = DIRECTION('',(1.,0.,0.));
#5748 = DIRECTION('',(0.,0.,-1.));
#5749 = ADVANCED_FACE('',(#5750),#5775,.T.);
#5750 = FACE_BOUND('',#5751,.T.);
#5751 = EDGE_LOOP('',(#5752,#5753,#5761,#5769));
#5752 = ORIENTED_EDGE('',*,*,#2280,.F.);
#5753 = ORIENTED_EDGE('',*,*,#5754,.F.);
#5754 = EDGE_CURVE('',#5755,#2281,#5757,.T.);
#5755 = VERTEX_POINT('',#5756);
#5756 = CARTESIAN_POINT('',(-4.7929350448E-02,-4.2938725586E-02,1.E-03)
  );
#5757 = LINE('',#5758,#5759);
#5758 = CARTESIAN_POINT('',(-4.7929350448E-02,-4.2938725586E-02,1.E-03)
  );
#5759 = VECTOR('',#5760,1.);
#5760 = DIRECTION('',(0.,0.,-1.));
#5761 = ORIENTED_EDGE('',*,*,#5762,.T.);
#5762 = EDGE_CURVE('',#5755,#5763,#5765,.T.);
#5763 = VERTEX_POINT('',#5764);
#5764 = CARTESIAN_POINT('',(-4.7929350448E-02,-5.3914335343E-02,1.E-03)
  );
#5765 = LINE('',#5766,#5767);
#5766 = CARTESIAN_POINT('',(-4.7929350448E-02,-4.2938725586E-02,1.E-03)
  );
#5767 = VECTOR('',#5768,1.);
#5768 = DIRECTION('',(0.,-1.,0.));
#5769 = ORIENTED_EDGE('',*,*,#5770,.T.);
#5770 = EDGE_CURVE('',#5763,#2283,#5771,.T.);
#5771 = LINE('',#5772,#5773);
#5772 = CARTESIAN_POINT('',(-4.7929350448E-02,-5.3914335343E-02,1.E-03)
  );
#5773 = VECTOR('',#5774,1.);
#5774 = DIRECTION('',(0.,0.,-1.));
#5775 = PLANE('',#5776);
#5776 = AXIS2_PLACEMENT_3D('',#5777,#5778,#5779);
#5777 = CARTESIAN_POINT('',(-4.7929350448E-02,-4.2938725586E-02,1.E-03)
  );
#5778 = DIRECTION('',(1.,0.,0.));
#5779 = DIRECTION('',(0.,0.,-1.));
#5780 = ADVANCED_FACE('',(#5781),#5799,.T.);
#5781 = FACE_BOUND('',#5782,.T.);
#5782 = EDGE_LOOP('',(#5783,#5784,#5785,#5793));
#5783 = ORIENTED_EDGE('',*,*,#2290,.F.);
#5784 = ORIENTED_EDGE('',*,*,#5770,.F.);
#5785 = ORIENTED_EDGE('',*,*,#5786,.T.);
#5786 = EDGE_CURVE('',#5763,#5787,#5789,.T.);
#5787 = VERTEX_POINT('',#5788);
#5788 = CARTESIAN_POINT('',(5.729186136E-03,-5.3914335343E-02,1.E-03));
#5789 = LINE('',#5790,#5791);
#5790 = CARTESIAN_POINT('',(-4.7929350448E-02,-5.3914335343E-02,1.E-03)
  );
#5791 = VECTOR('',#5792,1.);
#5792 = DIRECTION('',(1.,0.,0.));
#5793 = ORIENTED_EDGE('',*,*,#5794,.T.);
#5794 = EDGE_CURVE('',#5787,#2291,#5795,.T.);
#5795 = LINE('',#5796,#5797);
#5796 = CARTESIAN_POINT('',(5.729186136E-03,-5.3914335343E-02,1.E-03));
#5797 = VECTOR('',#5798,1.);
#5798 = DIRECTION('',(0.,0.,-1.));
#5799 = PLANE('',#5800);
#5800 = AXIS2_PLACEMENT_3D('',#5801,#5802,#5803);
#5801 = CARTESIAN_POINT('',(-4.7929350448E-02,-5.3914335343E-02,1.E-03)
  );
#5802 = DIRECTION('',(0.,1.,0.));
#5803 = DIRECTION('',(0.,-0.,1.));
#5804 = ADVANCED_FACE('',(#5805),#5823,.T.);
#5805 = FACE_BOUND('',#5806,.T.);
#5806 = EDGE_LOOP('',(#5807,#5808,#5809,#5817));
#5807 = ORIENTED_EDGE('',*,*,#2298,.F.);
#5808 = ORIENTED_EDGE('',*,*,#5794,.F.);
#5809 = ORIENTED_EDGE('',*,*,#5810,.T.);
#5810 = EDGE_CURVE('',#5787,#5811,#5813,.T.);
#5811 = VERTEX_POINT('',#5812);
#5812 = CARTESIAN_POINT('',(5.729186136E-03,4.6085664656E-02,1.E-03));
#5813 = LINE('',#5814,#5815);
#5814 = CARTESIAN_POINT('',(5.729186136E-03,-5.3914335343E-02,1.E-03));
#5815 = VECTOR('',#5816,1.);
#5816 = DIRECTION('',(0.,1.,0.));
#5817 = ORIENTED_EDGE('',*,*,#5818,.T.);
#5818 = EDGE_CURVE('',#5811,#2299,#5819,.T.);
#5819 = LINE('',#5820,#5821);
#5820 = CARTESIAN_POINT('',(5.729186136E-03,4.6085664656E-02,1.E-03));
#5821 = VECTOR('',#5822,1.);
#5822 = DIRECTION('',(0.,0.,-1.));
#5823 = PLANE('',#5824);
#5824 = AXIS2_PLACEMENT_3D('',#5825,#5826,#5827);
#5825 = CARTESIAN_POINT('',(5.729186136E-03,-5.3914335343E-02,1.E-03));
#5826 = DIRECTION('',(-1.,0.,0.));
#5827 = DIRECTION('',(0.,0.,1.));
#5828 = ADVANCED_FACE('',(#5829),#5847,.T.);
#5829 = FACE_BOUND('',#5830,.T.);
#5830 = EDGE_LOOP('',(#5831,#5832,#5833,#5841));
#5831 = ORIENTED_EDGE('',*,*,#2306,.F.);
#5832 = ORIENTED_EDGE('',*,*,#5818,.F.);
#5833 = ORIENTED_EDGE('',*,*,#5834,.T.);
#5834 = EDGE_CURVE('',#5811,#5835,#5837,.T.);
#5835 = VERTEX_POINT('',#5836);
#5836 = CARTESIAN_POINT('',(-4.5490326058E-02,4.6085664656E-02,1.E-03));
#5837 = LINE('',#5838,#5839);
#5838 = CARTESIAN_POINT('',(5.729186136E-03,4.6085664656E-02,1.E-03));
#5839 = VECTOR('',#5840,1.);
#5840 = DIRECTION('',(-1.,0.,0.));
#5841 = ORIENTED_EDGE('',*,*,#5842,.T.);
#5842 = EDGE_CURVE('',#5835,#2307,#5843,.T.);
#5843 = LINE('',#5844,#5845);
#5844 = CARTESIAN_POINT('',(-4.5490326058E-02,4.6085664656E-02,1.E-03));
#5845 = VECTOR('',#5846,1.);
#5846 = DIRECTION('',(0.,0.,-1.));
#5847 = PLANE('',#5848);
#5848 = AXIS2_PLACEMENT_3D('',#5849,#5850,#5851);
#5849 = CARTESIAN_POINT('',(5.729186136E-03,4.6085664656E-02,1.E-03));
#5850 = DIRECTION('',(0.,-1.,0.));
#5851 = DIRECTION('',(0.,0.,-1.));
#5852 = ADVANCED_FACE('',(#5853),#5871,.T.);
#5853 = FACE_BOUND('',#5854,.T.);
#5854 = EDGE_LOOP('',(#5855,#5856,#5857,#5865));
#5855 = ORIENTED_EDGE('',*,*,#2314,.F.);
#5856 = ORIENTED_EDGE('',*,*,#5842,.F.);
#5857 = ORIENTED_EDGE('',*,*,#5858,.T.);
#5858 = EDGE_CURVE('',#5835,#5859,#5861,.T.);
#5859 = VERTEX_POINT('',#5860);
#5860 = CARTESIAN_POINT('',(-4.5490326058E-02,3.51100549E-02,1.E-03));
#5861 = LINE('',#5862,#5863);
#5862 = CARTESIAN_POINT('',(-4.5490326058E-02,4.6085664656E-02,1.E-03));
#5863 = VECTOR('',#5864,1.);
#5864 = DIRECTION('',(0.,-1.,0.));
#5865 = ORIENTED_EDGE('',*,*,#5866,.T.);
#5866 = EDGE_CURVE('',#5859,#2315,#5867,.T.);
#5867 = LINE('',#5868,#5869);
#5868 = CARTESIAN_POINT('',(-4.5490326058E-02,3.51100549E-02,1.E-03));
#5869 = VECTOR('',#5870,1.);
#5870 = DIRECTION('',(0.,0.,-1.));
#5871 = PLANE('',#5872);
#5872 = AXIS2_PLACEMENT_3D('',#5873,#5874,#5875);
#5873 = CARTESIAN_POINT('',(-4.5490326058E-02,4.6085664656E-02,1.E-03));
#5874 = DIRECTION('',(1.,0.,0.));
#5875 = DIRECTION('',(0.,0.,-1.));
#5876 = ADVANCED_FACE('',(#5877),#5895,.T.);
#5877 = FACE_BOUND('',#5878,.T.);
#5878 = EDGE_LOOP('',(#5879,#5880,#5881,#5889));
#5879 = ORIENTED_EDGE('',*,*,#2322,.F.);
#5880 = ORIENTED_EDGE('',*,*,#5866,.F.);
#5881 = ORIENTED_EDGE('',*,*,#5882,.T.);
#5882 = EDGE_CURVE('',#5859,#5883,#5885,.T.);
#5883 = VERTEX_POINT('',#5884);
#5884 = CARTESIAN_POINT('',(-7.685448009E-03,3.51100549E-02,1.E-03));
#5885 = LINE('',#5886,#5887);
#5886 = CARTESIAN_POINT('',(-4.5490326058E-02,3.51100549E-02,1.E-03));
#5887 = VECTOR('',#5888,1.);
#5888 = DIRECTION('',(1.,0.,0.));
#5889 = ORIENTED_EDGE('',*,*,#5890,.T.);
#5890 = EDGE_CURVE('',#5883,#2323,#5891,.T.);
#5891 = LINE('',#5892,#5893);
#5892 = CARTESIAN_POINT('',(-7.685448009E-03,3.51100549E-02,1.E-03));
#5893 = VECTOR('',#5894,1.);
#5894 = DIRECTION('',(0.,0.,-1.));
#5895 = PLANE('',#5896);
#5896 = AXIS2_PLACEMENT_3D('',#5897,#5898,#5899);
#5897 = CARTESIAN_POINT('',(-4.5490326058E-02,3.51100549E-02,1.E-03));
#5898 = DIRECTION('',(0.,1.,0.));
#5899 = DIRECTION('',(0.,-0.,1.));
#5900 = ADVANCED_FACE('',(#5901),#5919,.T.);
#5901 = FACE_BOUND('',#5902,.T.);
#5902 = EDGE_LOOP('',(#5903,#5904,#5905,#5913));
#5903 = ORIENTED_EDGE('',*,*,#2330,.F.);
#5904 = ORIENTED_EDGE('',*,*,#5890,.F.);
#5905 = ORIENTED_EDGE('',*,*,#5906,.T.);
#5906 = EDGE_CURVE('',#5883,#5907,#5909,.T.);
#5907 = VERTEX_POINT('',#5908);
#5908 = CARTESIAN_POINT('',(-7.685448009E-03,2.183225632E-03,1.E-03));
#5909 = LINE('',#5910,#5911);
#5910 = CARTESIAN_POINT('',(-7.685448009E-03,3.51100549E-02,1.E-03));
#5911 = VECTOR('',#5912,1.);
#5912 = DIRECTION('',(0.,-1.,0.));
#5913 = ORIENTED_EDGE('',*,*,#5914,.T.);
#5914 = EDGE_CURVE('',#5907,#2331,#5915,.T.);
#5915 = LINE('',#5916,#5917);
#5916 = CARTESIAN_POINT('',(-7.685448009E-03,2.183225632E-03,1.E-03));
#5917 = VECTOR('',#5918,1.);
#5918 = DIRECTION('',(0.,0.,-1.));
#5919 = PLANE('',#5920);
#5920 = AXIS2_PLACEMENT_3D('',#5921,#5922,#5923);
#5921 = CARTESIAN_POINT('',(-7.685448009E-03,3.51100549E-02,1.E-03));
#5922 = DIRECTION('',(1.,0.,0.));
#5923 = DIRECTION('',(0.,0.,-1.));
#5924 = ADVANCED_FACE('',(#5925),#5943,.T.);
#5925 = FACE_BOUND('',#5926,.T.);
#5926 = EDGE_LOOP('',(#5927,#5928,#5929,#5937));
#5927 = ORIENTED_EDGE('',*,*,#2338,.F.);
#5928 = ORIENTED_EDGE('',*,*,#5914,.F.);
#5929 = ORIENTED_EDGE('',*,*,#5930,.T.);
#5930 = EDGE_CURVE('',#5907,#5931,#5933,.T.);
#5931 = VERTEX_POINT('',#5932);
#5932 = CARTESIAN_POINT('',(-4.3051301667E-02,2.183225632E-03,1.E-03));
#5933 = LINE('',#5934,#5935);
#5934 = CARTESIAN_POINT('',(-7.685448009E-03,2.183225632E-03,1.E-03));
#5935 = VECTOR('',#5936,1.);
#5936 = DIRECTION('',(-1.,0.,0.));
#5937 = ORIENTED_EDGE('',*,*,#5938,.T.);
#5938 = EDGE_CURVE('',#5931,#2339,#5939,.T.);
#5939 = LINE('',#5940,#5941);
#5940 = CARTESIAN_POINT('',(-4.3051301667E-02,2.183225632E-03,1.E-03));
#5941 = VECTOR('',#5942,1.);
#5942 = DIRECTION('',(0.,0.,-1.));
#5943 = PLANE('',#5944);
#5944 = AXIS2_PLACEMENT_3D('',#5945,#5946,#5947);
#5945 = CARTESIAN_POINT('',(-7.685448009E-03,2.183225632E-03,1.E-03));
#5946 = DIRECTION('',(0.,-1.,0.));
#5947 = DIRECTION('',(0.,0.,-1.));
#5948 = ADVANCED_FACE('',(#5949),#5967,.T.);
#5949 = FACE_BOUND('',#5950,.T.);
#5950 = EDGE_LOOP('',(#5951,#5952,#5953,#5961));
#5951 = ORIENTED_EDGE('',*,*,#2346,.F.);
#5952 = ORIENTED_EDGE('',*,*,#5938,.F.);
#5953 = ORIENTED_EDGE('',*,*,#5954,.T.);
#5954 = EDGE_CURVE('',#5931,#5955,#5957,.T.);
#5955 = VERTEX_POINT('',#5956);
#5956 = CARTESIAN_POINT('',(-4.3051301667E-02,-8.792384123E-03,1.E-03));
#5957 = LINE('',#5958,#5959);
#5958 = CARTESIAN_POINT('',(-4.3051301667E-02,2.183225632E-03,1.E-03));
#5959 = VECTOR('',#5960,1.);
#5960 = DIRECTION('',(0.,-1.,0.));
#5961 = ORIENTED_EDGE('',*,*,#5962,.T.);
#5962 = EDGE_CURVE('',#5955,#2347,#5963,.T.);
#5963 = LINE('',#5964,#5965);
#5964 = CARTESIAN_POINT('',(-4.3051301667E-02,-8.792384123E-03,1.E-03));
#5965 = VECTOR('',#5966,1.);
#5966 = DIRECTION('',(0.,0.,-1.));
#5967 = PLANE('',#5968);
#5968 = AXIS2_PLACEMENT_3D('',#5969,#5970,#5971);
#5969 = CARTESIAN_POINT('',(-4.3051301667E-02,2.183225632E-03,1.E-03));
#5970 = DIRECTION('',(1.,0.,0.));
#5971 = DIRECTION('',(0.,0.,-1.));
#5972 = ADVANCED_FACE('',(#5973),#5991,.T.);
#5973 = FACE_BOUND('',#5974,.T.);
#5974 = EDGE_LOOP('',(#5975,#5976,#5977,#5985));
#5975 = ORIENTED_EDGE('',*,*,#2354,.F.);
#5976 = ORIENTED_EDGE('',*,*,#5962,.F.);
#5977 = ORIENTED_EDGE('',*,*,#5978,.T.);
#5978 = EDGE_CURVE('',#5955,#5979,#5981,.T.);
#5979 = VERTEX_POINT('',#5980);
#5980 = CARTESIAN_POINT('',(-7.685448009E-03,-8.792384123E-03,1.E-03));
#5981 = LINE('',#5982,#5983);
#5982 = CARTESIAN_POINT('',(-4.3051301667E-02,-8.792384123E-03,1.E-03));
#5983 = VECTOR('',#5984,1.);
#5984 = DIRECTION('',(1.,0.,0.));
#5985 = ORIENTED_EDGE('',*,*,#5986,.T.);
#5986 = EDGE_CURVE('',#5979,#2355,#5987,.T.);
#5987 = LINE('',#5988,#5989);
#5988 = CARTESIAN_POINT('',(-7.685448009E-03,-8.792384123E-03,1.E-03));
#5989 = VECTOR('',#5990,1.);
#5990 = DIRECTION('',(0.,0.,-1.));
#5991 = PLANE('',#5992);
#5992 = AXIS2_PLACEMENT_3D('',#5993,#5994,#5995);
#5993 = CARTESIAN_POINT('',(-4.3051301667E-02,-8.792384123E-03,1.E-03));
#5994 = DIRECTION('',(0.,1.,0.));
#5995 = DIRECTION('',(0.,-0.,1.));
#5996 = ADVANCED_FACE('',(#5997),#6015,.T.);
#5997 = FACE_BOUND('',#5998,.T.);
#5998 = EDGE_LOOP('',(#5999,#6000,#6001,#6009));
#5999 = ORIENTED_EDGE('',*,*,#2362,.F.);
#6000 = ORIENTED_EDGE('',*,*,#5986,.F.);
#6001 = ORIENTED_EDGE('',*,*,#6002,.T.);
#6002 = EDGE_CURVE('',#5979,#6003,#6005,.T.);
#6003 = VERTEX_POINT('',#6004);
#6004 = CARTESIAN_POINT('',(-7.685448009E-03,-4.2938725586E-02,1.E-03));
#6005 = LINE('',#6006,#6007);
#6006 = CARTESIAN_POINT('',(-7.685448009E-03,-8.792384123E-03,1.E-03));
#6007 = VECTOR('',#6008,1.);
#6008 = DIRECTION('',(0.,-1.,0.));
#6009 = ORIENTED_EDGE('',*,*,#6010,.T.);
#6010 = EDGE_CURVE('',#6003,#2363,#6011,.T.);
#6011 = LINE('',#6012,#6013);
#6012 = CARTESIAN_POINT('',(-7.685448009E-03,-4.2938725586E-02,1.E-03));
#6013 = VECTOR('',#6014,1.);
#6014 = DIRECTION('',(0.,0.,-1.));
#6015 = PLANE('',#6016);
#6016 = AXIS2_PLACEMENT_3D('',#6017,#6018,#6019);
#6017 = CARTESIAN_POINT('',(-7.685448009E-03,-8.792384123E-03,1.E-03));
#6018 = DIRECTION('',(1.,0.,0.));
#6019 = DIRECTION('',(0.,0.,-1.));
#6020 = ADVANCED_FACE('',(#6021),#6032,.T.);
#6021 = FACE_BOUND('',#6022,.T.);
#6022 = EDGE_LOOP('',(#6023,#6024,#6025,#6031));
#6023 = ORIENTED_EDGE('',*,*,#2370,.F.);
#6024 = ORIENTED_EDGE('',*,*,#6010,.F.);
#6025 = ORIENTED_EDGE('',*,*,#6026,.T.);
#6026 = EDGE_CURVE('',#6003,#5755,#6027,.T.);
#6027 = LINE('',#6028,#6029);
#6028 = CARTESIAN_POINT('',(-7.685448009E-03,-4.2938725586E-02,1.E-03));
#6029 = VECTOR('',#6030,1.);
#6030 = DIRECTION('',(-1.,0.,0.));
#6031 = ORIENTED_EDGE('',*,*,#5754,.T.);
#6032 = PLANE('',#6033);
#6033 = AXIS2_PLACEMENT_3D('',#6034,#6035,#6036);
#6034 = CARTESIAN_POINT('',(-7.685448009E-03,-4.2938725586E-02,1.E-03));
#6035 = DIRECTION('',(0.,-1.,0.));
#6036 = DIRECTION('',(0.,0.,-1.));
#6037 = ADVANCED_FACE('',(#6038),#6052,.F.);
#6038 = FACE_BOUND('',#6039,.T.);
#6039 = EDGE_LOOP('',(#6040,#6041,#6042,#6043,#6044,#6045,#6046,#6047,
    #6048,#6049,#6050,#6051));
#6040 = ORIENTED_EDGE('',*,*,#5762,.F.);
#6041 = ORIENTED_EDGE('',*,*,#6026,.F.);
#6042 = ORIENTED_EDGE('',*,*,#6002,.F.);
#6043 = ORIENTED_EDGE('',*,*,#5978,.F.);
#6044 = ORIENTED_EDGE('',*,*,#5954,.F.);
#6045 = ORIENTED_EDGE('',*,*,#5930,.F.);
#6046 = ORIENTED_EDGE('',*,*,#5906,.F.);
#6047 = ORIENTED_EDGE('',*,*,#5882,.F.);
#6048 = ORIENTED_EDGE('',*,*,#5858,.F.);
#6049 = ORIENTED_EDGE('',*,*,#5834,.F.);
#6050 = ORIENTED_EDGE('',*,*,#5810,.F.);
#6051 = ORIENTED_EDGE('',*,*,#5786,.F.);
#6052 = PLANE('',#6053);
#6053 = AXIS2_PLACEMENT_3D('',#6054,#6055,#6056);
#6054 = CARTESIAN_POINT('',(0.,0.,1.E-03));
#6055 = DIRECTION('',(0.,0.,1.));
#6056 = DIRECTION('',(1.,0.,-0.));
#6057 = ADVANCED_FACE('',(#6058),#6083,.T.);
#6058 = FACE_BOUND('',#6059,.T.);
#6059 = EDGE_LOOP('',(#6060,#6061,#6069,#6077));
#6060 = ORIENTED_EDGE('',*,*,#1648,.F.);
#6061 = ORIENTED_EDGE('',*,*,#6062,.F.);
#6062 = EDGE_CURVE('',#6063,#1649,#6065,.T.);
#6063 = VERTEX_POINT('',#6064);
#6064 = CARTESIAN_POINT('',(2.5241381258E-02,-3.7755798757E-02,1.E-03));
#6065 = LINE('',#6066,#6067);
#6066 = CARTESIAN_POINT('',(2.5241381258E-02,-3.7755798757E-02,1.E-03));
#6067 = VECTOR('',#6068,1.);
#6068 = DIRECTION('',(0.,0.,-1.));
#6069 = ORIENTED_EDGE('',*,*,#6070,.T.);
#6070 = EDGE_CURVE('',#6063,#6071,#6073,.T.);
#6071 = VERTEX_POINT('',#6072);
#6072 = CARTESIAN_POINT('',(2.5241381258E-02,-4.8731408513E-02,1.E-03));
#6073 = LINE('',#6074,#6075);
#6074 = CARTESIAN_POINT('',(2.5241381258E-02,-3.7755798757E-02,1.E-03));
#6075 = VECTOR('',#6076,1.);
#6076 = DIRECTION('',(0.,-1.,0.));
#6077 = ORIENTED_EDGE('',*,*,#6078,.T.);
#6078 = EDGE_CURVE('',#6071,#1651,#6079,.T.);
#6079 = LINE('',#6080,#6081);
#6080 = CARTESIAN_POINT('',(2.5241381258E-02,-4.8731408513E-02,1.E-03));
#6081 = VECTOR('',#6082,1.);
#6082 = DIRECTION('',(0.,0.,-1.));
#6083 = PLANE('',#6084);
#6084 = AXIS2_PLACEMENT_3D('',#6085,#6086,#6087);
#6085 = CARTESIAN_POINT('',(2.5241381258E-02,-3.7755798757E-02,1.E-03));
#6086 = DIRECTION('',(1.,0.,0.));
#6087 = DIRECTION('',(0.,0.,-1.));
#6088 = ADVANCED_FACE('',(#6089),#6115,.T.);
#6089 = FACE_BOUND('',#6090,.T.);
#6090 = EDGE_LOOP('',(#6091,#6092,#6093,#6109));
#6091 = ORIENTED_EDGE('',*,*,#1658,.F.);
#6092 = ORIENTED_EDGE('',*,*,#6078,.F.);
#6093 = ORIENTED_EDGE('',*,*,#6094,.T.);
#6094 = EDGE_CURVE('',#6071,#6095,#6097,.T.);
#6095 = VERTEX_POINT('',#6096);
#6096 = CARTESIAN_POINT('',(5.2756625161E-02,-5.5133847538E-02,1.E-03));
#6097 = B_SPLINE_CURVE_WITH_KNOTS('',3,(#6098,#6099,#6100,#6101,#6102,
    #6103,#6104,#6105,#6106,#6107,#6108),.UNSPECIFIED.,.F.,.F.,(4,1,1,1,
    1,1,1,1,4),(0.,0.112448389908,0.226527675212,0.344401949326,
    0.465864972487,0.591659449352,0.722168487024,0.858606387554,1.),
  .UNSPECIFIED.);
#6098 = CARTESIAN_POINT('',(2.5241381258E-02,-4.8731408513E-02,1.E-03));
#6099 = CARTESIAN_POINT('',(2.6179720336E-02,-4.924933348E-02,1.E-03));
#6100 = CARTESIAN_POINT('',(2.8070007693E-02,-5.029269514E-02,1.E-03));
#6101 = CARTESIAN_POINT('',(3.1092974142E-02,-5.1580104151E-02,1.E-03));
#6102 = CARTESIAN_POINT('',(3.4273867434E-02,-5.2690555012E-02,1.E-03));
#6103 = CARTESIAN_POINT('',(3.7640528682E-02,-5.3576039968E-02,1.E-03));
#6104 = CARTESIAN_POINT('',(4.1170577313E-02,-5.4287681543E-02,1.E-03));
#6105 = CARTESIAN_POINT('',(4.4882718237E-02,-5.4769701882E-02,1.E-03));
#6106 = CARTESIAN_POINT('',(4.876224513E-02,-5.5087000183E-02,1.E-03));
#6107 = CARTESIAN_POINT('',(5.1409425797E-02,-5.5118047157E-02,1.E-03));
#6108 = CARTESIAN_POINT('',(5.2756625161E-02,-5.5133847538E-02,1.E-03));
#6109 = ORIENTED_EDGE('',*,*,#6110,.T.);
#6110 = EDGE_CURVE('',#6095,#1659,#6111,.T.);
#6111 = LINE('',#6112,#6113);
#6112 = CARTESIAN_POINT('',(5.2756625161E-02,-5.5133847538E-02,1.E-03));
#6113 = VECTOR('',#6114,1.);
#6114 = DIRECTION('',(0.,0.,-1.));
#6115 = B_SPLINE_SURFACE_WITH_KNOTS('',3,1,(
    (#6116,#6117)
    ,(#6118,#6119)
    ,(#6120,#6121)
    ,(#6122,#6123)
    ,(#6124,#6125)
    ,(#6126,#6127)
    ,(#6128,#6129)
    ,(#6130,#6131)
    ,(#6132,#6133)
    ,(#6134,#6135)
    ,(#6136,#6137
  )),.UNSPECIFIED.,.F.,.F.,.F.,(4,1,1,1,1,1,1,1,4),(2,2),(0.,
    0.112448389908,0.226527675212,0.344401949326,0.465864972487,
    0.591659449352,0.722168487024,0.858606387554,1.),(0.,1.),
  .UNSPECIFIED.);
#6116 = CARTESIAN_POINT('',(2.5241381258E-02,-4.8731408513E-02,1.E-03));
#6117 = CARTESIAN_POINT('',(2.5241381258E-02,-4.8731408513E-02,0.));
#6118 = CARTESIAN_POINT('',(2.6179720336E-02,-4.924933348E-02,1.E-03));
#6119 = CARTESIAN_POINT('',(2.6179720336E-02,-4.924933348E-02,0.));
#6120 = CARTESIAN_POINT('',(2.8070007693E-02,-5.029269514E-02,1.E-03));
#6121 = CARTESIAN_POINT('',(2.8070007693E-02,-5.029269514E-02,0.));
#6122 = CARTESIAN_POINT('',(3.1092974142E-02,-5.1580104151E-02,1.E-03));
#6123 = CARTESIAN_POINT('',(3.1092974142E-02,-5.1580104151E-02,0.));
#6124 = CARTESIAN_POINT('',(3.4273867434E-02,-5.2690555012E-02,1.E-03));
#6125 = CARTESIAN_POINT('',(3.4273867434E-02,-5.2690555012E-02,0.));
#6126 = CARTESIAN_POINT('',(3.7640528682E-02,-5.3576039968E-02,1.E-03));
#6127 = CARTESIAN_POINT('',(3.7640528682E-02,-5.3576039968E-02,0.));
#6128 = CARTESIAN_POINT('',(4.1170577313E-02,-5.4287681543E-02,1.E-03));
#6129 = CARTESIAN_POINT('',(4.1170577313E-02,-5.4287681543E-02,0.));
#6130 = CARTESIAN_POINT('',(4.4882718237E-02,-5.4769701882E-02,1.E-03));
#6131 = CARTESIAN_POINT('',(4.4882718237E-02,-5.4769701882E-02,0.));
#6132 = CARTESIAN_POINT('',(4.876224513E-02,-5.5087000183E-02,1.E-03));
#6133 = CARTESIAN_POINT('',(4.876224513E-02,-5.5087000183E-02,0.));
#6134 = CARTESIAN_POINT('',(5.1409425797E-02,-5.5118047157E-02,1.E-03));
#6135 = CARTESIAN_POINT('',(5.1409425797E-02,-5.5118047157E-02,0.));
#6136 = CARTESIAN_POINT('',(5.2756625161E-02,-5.5133847538E-02,1.E-03));
#6137 = CARTESIAN_POINT('',(5.2756625161E-02,-5.5133847538E-02,0.));
#6138 = ADVANCED_FACE('',(#6139),#6173,.T.);
#6139 = FACE_BOUND('',#6140,.T.);
#6140 = EDGE_LOOP('',(#6141,#6142,#6143,#6167));
#6141 = ORIENTED_EDGE('',*,*,#1674,.F.);
#6142 = ORIENTED_EDGE('',*,*,#6110,.F.);
#6143 = ORIENTED_EDGE('',*,*,#6144,.T.);
#6144 = EDGE_CURVE('',#6095,#6145,#6147,.T.);
#6145 = VERTEX_POINT('',#6146);
#6146 = CARTESIAN_POINT('',(9.9631625161E-02,-5.800768269E-03,1.E-03));
#6147 = B_SPLINE_CURVE_WITH_KNOTS('',3,(#6148,#6149,#6150,#6151,#6152,
    #6153,#6154,#6155,#6156,#6157,#6158,#6159,#6160,#6161,#6162,#6163,
    #6164,#6165,#6166),.UNSPECIFIED.,.F.,.F.,(4,1,1,1,1,1,1,1,1,1,1,1,1,
    1,1,1,4),(0.,6.7833248455E-02,0.132655536507,0.19505088405,
    0.255582933068,0.314799834147,0.373600472826,0.432545595326,
    0.492430629283,0.552671255962,0.612513044188,0.672610250357,
    0.733838369313,0.796594238567,0.86144979929,0.92919894235,1.),
  .UNSPECIFIED.);
#6148 = CARTESIAN_POINT('',(5.2756625161E-02,-5.5133847538E-02,1.E-03));
#6149 = CARTESIAN_POINT('',(5.4492531316E-02,-5.5095131829E-02,1.E-03));
#6150 = CARTESIAN_POINT('',(5.7887290782E-02,-5.5019418913E-02,1.E-03));
#6151 = CARTESIAN_POINT('',(6.2846536969E-02,-5.4382563687E-02,1.E-03));
#6152 = CARTESIAN_POINT('',(6.7538164647E-02,-5.3319312197E-02,1.E-03));
#6153 = CARTESIAN_POINT('',(7.1960544271E-02,-5.1825404766E-02,1.E-03));
#6154 = CARTESIAN_POINT('',(7.6129147397E-02,-4.9937696996E-02,1.E-03));
#6155 = CARTESIAN_POINT('',(8.0022380245E-02,-4.7604303956E-02,1.E-03));
#6156 = CARTESIAN_POINT('',(8.3614479112E-02,-4.4806849418E-02,1.E-03));
#6157 = CARTESIAN_POINT('',(8.6952976911E-02,-4.1658100315E-02,1.E-03));
#6158 = CARTESIAN_POINT('',(8.9931812075E-02,-3.8135089609E-02,1.E-03));
#6159 = CARTESIAN_POINT('',(9.2539220107E-02,-3.4324421127E-02,1.E-03));
#6160 = CARTESIAN_POINT('',(9.4745074965E-02,-3.0237947365E-02,1.E-03));
#6161 = CARTESIAN_POINT('',(9.6534977115E-02,-2.5873424896E-02,1.E-03));
#6162 = CARTESIAN_POINT('',(9.7929840456E-02,-2.1239713337E-02,1.E-03));
#6163 = CARTESIAN_POINT('',(9.8905294139E-02,-1.6332641693E-02,1.E-03));
#6164 = CARTESIAN_POINT('',(9.9539207869E-02,-1.1159094505E-02,1.E-03));
#6165 = CARTESIAN_POINT('',(9.9600370312E-02,-7.612914839E-03,1.E-03));
#6166 = CARTESIAN_POINT('',(9.9631625161E-02,-5.800768269E-03,1.E-03));
#6167 = ORIENTED_EDGE('',*,*,#6168,.T.);
#6168 = EDGE_CURVE('',#6145,#1675,#6169,.T.);
#6169 = LINE('',#6170,#6171);
#6170 = CARTESIAN_POINT('',(9.9631625161E-02,-5.800768269E-03,1.E-03));
#6171 = VECTOR('',#6172,1.);
#6172 = DIRECTION('',(0.,0.,-1.));
#6173 = B_SPLINE_SURFACE_WITH_KNOTS('',3,1,(
    (#6174,#6175)
    ,(#6176,#6177)
    ,(#6178,#6179)
    ,(#6180,#6181)
    ,(#6182,#6183)
    ,(#6184,#6185)
    ,(#6186,#6187)
    ,(#6188,#6189)
    ,(#6190,#6191)
    ,(#6192,#6193)
    ,(#6194,#6195)
    ,(#6196,#6197)
    ,(#6198,#6199)
    ,(#6200,#6201)
    ,(#6202,#6203)
    ,(#6204,#6205)
    ,(#6206,#6207)
    ,(#6208,#6209)
    ,(#6210,#6211
    )),.UNSPECIFIED.,.F.,.F.,.F.,(4,1,1,1,1,1,1,1,1,1,1,1,1,1,1,1,4),(2,
    2),(0.,6.7833248455E-02,0.132655536507,0.19505088405,0.255582933068,
    0.314799834147,0.373600472826,0.432545595326,0.492430629283,
    0.552671255962,0.612513044188,0.672610250357,0.733838369313,
    0.796594238567,0.86144979929,0.92919894235,1.),(0.,1.),
  .UNSPECIFIED.);
#6174 = CARTESIAN_POINT('',(5.2756625161E-02,-5.5133847538E-02,1.E-03));
#6175 = CARTESIAN_POINT('',(5.2756625161E-02,-5.5133847538E-02,0.));
#6176 = CARTESIAN_POINT('',(5.4492531316E-02,-5.5095131829E-02,1.E-03));
#6177 = CARTESIAN_POINT('',(5.4492531316E-02,-5.5095131829E-02,0.));
#6178 = CARTESIAN_POINT('',(5.7887290782E-02,-5.5019418913E-02,1.E-03));
#6179 = CARTESIAN_POINT('',(5.7887290782E-02,-5.5019418913E-02,0.));
#6180 = CARTESIAN_POINT('',(6.2846536969E-02,-5.4382563687E-02,1.E-03));
#6181 = CARTESIAN_POINT('',(6.2846536969E-02,-5.4382563687E-02,0.));
#6182 = CARTESIAN_POINT('',(6.7538164647E-02,-5.3319312197E-02,1.E-03));
#6183 = CARTESIAN_POINT('',(6.7538164647E-02,-5.3319312197E-02,0.));
#6184 = CARTESIAN_POINT('',(7.1960544271E-02,-5.1825404766E-02,1.E-03));
#6185 = CARTESIAN_POINT('',(7.1960544271E-02,-5.1825404766E-02,0.));
#6186 = CARTESIAN_POINT('',(7.6129147397E-02,-4.9937696996E-02,1.E-03));
#6187 = CARTESIAN_POINT('',(7.6129147397E-02,-4.9937696996E-02,0.));
#6188 = CARTESIAN_POINT('',(8.0022380245E-02,-4.7604303956E-02,1.E-03));
#6189 = CARTESIAN_POINT('',(8.0022380245E-02,-4.7604303956E-02,0.));
#6190 = CARTESIAN_POINT('',(8.3614479112E-02,-4.4806849418E-02,1.E-03));
#6191 = CARTESIAN_POINT('',(8.3614479112E-02,-4.4806849418E-02,0.));
#6192 = CARTESIAN_POINT('',(8.6952976911E-02,-4.1658100315E-02,1.E-03));
#6193 = CARTESIAN_POINT('',(8.6952976911E-02,-4.1658100315E-02,0.));
#6194 = CARTESIAN_POINT('',(8.9931812075E-02,-3.8135089609E-02,1.E-03));
#6195 = CARTESIAN_POINT('',(8.9931812075E-02,-3.8135089609E-02,0.));
#6196 = CARTESIAN_POINT('',(9.2539220107E-02,-3.4324421127E-02,1.E-03));
#6197 = CARTESIAN_POINT('',(9.2539220107E-02,-3.4324421127E-02,0.));
#6198 = CARTESIAN_POINT('',(9.4745074965E-02,-3.0237947365E-02,1.E-03));
#6199 = CARTESIAN_POINT('',(9.4745074965E-02,-3.0237947365E-02,0.));
#6200 = CARTESIAN_POINT('',(9.6534977115E-02,-2.5873424896E-02,1.E-03));
#6201 = CARTESIAN_POINT('',(9.6534977115E-02,-2.5873424896E-02,0.));
#6202 = CARTESIAN_POINT('',(9.7929840456E-02,-2.1239713337E-02,1.E-03));
#6203 = CARTESIAN_POINT('',(9.7929840456E-02,-2.1239713337E-02,0.));
#6204 = CARTESIAN_POINT('',(9.8905294139E-02,-1.6332641693E-02,1.E-03));
#6205 = CARTESIAN_POINT('',(9.8905294139E-02,-1.6332641693E-02,0.));
#6206 = CARTESIAN_POINT('',(9.9539207869E-02,-1.1159094505E-02,1.E-03));
#6207 = CARTESIAN_POINT('',(9.9539207869E-02,-1.1159094505E-02,0.));
#6208 = CARTESIAN_POINT('',(9.9600370312E-02,-7.612914839E-03,1.E-03));
#6209 = CARTESIAN_POINT('',(9.9600370312E-02,-7.612914839E-03,0.));
#6210 = CARTESIAN_POINT('',(9.9631625161E-02,-5.800768269E-03,1.E-03));
#6211 = CARTESIAN_POINT('',(9.9631625161E-02,-5.800768269E-03,0.));
#6212 = ADVANCED_FACE('',(#6213),#6247,.T.);
#6213 = FACE_BOUND('',#6214,.T.);
#6214 = EDGE_LOOP('',(#6215,#6216,#6217,#6241));
#6215 = ORIENTED_EDGE('',*,*,#1698,.F.);
#6216 = ORIENTED_EDGE('',*,*,#6168,.F.);
#6217 = ORIENTED_EDGE('',*,*,#6218,.T.);
#6218 = EDGE_CURVE('',#6145,#6219,#6221,.T.);
#6219 = VERTEX_POINT('',#6220);
#6220 = CARTESIAN_POINT('',(4.8774155649E-02,4.7305176852E-02,1.E-03));
#6221 = B_SPLINE_CURVE_WITH_KNOTS('',3,(#6222,#6223,#6224,#6225,#6226,
    #6227,#6228,#6229,#6230,#6231,#6232,#6233,#6234,#6235,#6236,#6237,
    #6238,#6239,#6240),.UNSPECIFIED.,.F.,.F.,(4,1,1,1,1,1,1,1,1,1,1,1,1,
    1,1,1,4),(0.,7.0643718575E-02,0.138256715508,0.203364124217,
    0.266324093803,0.327904761542,0.388737715173,0.449423528109,
    0.510861011459,0.572079396047,0.631734428731,0.691117210578,
    0.75036002949,0.810032900531,0.871362450828,0.934427141231,1.),
  .UNSPECIFIED.);
#6222 = CARTESIAN_POINT('',(9.9631625161E-02,-5.800768269E-03,1.E-03));
#6223 = CARTESIAN_POINT('',(9.9588072815E-02,-3.855217158E-03,1.E-03));
#6224 = CARTESIAN_POINT('',(9.9502836585E-02,-4.758200200451E-05,1.E-03)
  );
#6225 = CARTESIAN_POINT('',(9.8825325017E-02,5.520113835E-03,1.E-03));
#6226 = CARTESIAN_POINT('',(9.7713639176E-02,1.0799513381E-02,1.E-03));
#6227 = CARTESIAN_POINT('',(9.6122670742E-02,1.5782602649E-02,1.E-03));
#6228 = CARTESIAN_POINT('',(9.4096701721E-02,2.0476116607E-02,1.E-03));
#6229 = CARTESIAN_POINT('',(9.1634010239E-02,2.4886300396E-02,1.E-03));
#6230 = CARTESIAN_POINT('',(8.8694580122E-02,2.8990431375E-02,1.E-03));
#6231 = CARTESIAN_POINT('',(8.5325222673E-02,3.2760613977E-02,1.E-03));
#6232 = CARTESIAN_POINT('',(8.16374272E-02,3.6177964627E-02,1.E-03));
#6233 = CARTESIAN_POINT('',(7.7658311483E-02,3.9160006908E-02,1.E-03));
#6234 = CARTESIAN_POINT('',(7.3435873492E-02,4.1680081797E-02,1.E-03));
#6235 = CARTESIAN_POINT('',(6.8976089882E-02,4.3754807438E-02,1.E-03));
#6236 = CARTESIAN_POINT('',(6.4262565749E-02,4.5338533725E-02,1.E-03));
#6237 = CARTESIAN_POINT('',(5.9317354371E-02,4.6475923873E-02,1.E-03));
#6238 = CARTESIAN_POINT('',(5.4123424558E-02,4.7180716712E-02,1.E-03));
#6239 = CARTESIAN_POINT('',(5.0580273346E-02,4.726315435E-02,1.E-03));
#6240 = CARTESIAN_POINT('',(4.8774155649E-02,4.7305176852E-02,1.E-03));
#6241 = ORIENTED_EDGE('',*,*,#6242,.T.);
#6242 = EDGE_CURVE('',#6219,#1699,#6243,.T.);
#6243 = LINE('',#6244,#6245);
#6244 = CARTESIAN_POINT('',(4.8774155649E-02,4.7305176852E-02,1.E-03));
#6245 = VECTOR('',#6246,1.);
#6246 = DIRECTION('',(0.,0.,-1.));
#6247 = B_SPLINE_SURFACE_WITH_KNOTS('',3,1,(
    (#6248,#6249)
    ,(#6250,#6251)
    ,(#6252,#6253)
    ,(#6254,#6255)
    ,(#6256,#6257)
    ,(#6258,#6259)
    ,(#6260,#6261)
    ,(#6262,#6263)
    ,(#6264,#6265)
    ,(#6266,#6267)
    ,(#6268,#6269)
    ,(#6270,#6271)
    ,(#6272,#6273)
    ,(#6274,#6275)
    ,(#6276,#6277)
    ,(#6278,#6279)
    ,(#6280,#6281)
    ,(#6282,#6283)
    ,(#6284,#6285
    )),.UNSPECIFIED.,.F.,.F.,.F.,(4,1,1,1,1,1,1,1,1,1,1,1,1,1,1,1,4),(2,
    2),(0.,7.0643718575E-02,0.138256715508,0.203364124217,0.266324093803
    ,0.327904761542,0.388737715173,0.449423528109,0.510861011459,
    0.572079396047,0.631734428731,0.691117210578,0.75036002949,
    0.810032900531,0.871362450828,0.934427141231,1.),(0.,1.),
  .UNSPECIFIED.);
#6248 = CARTESIAN_POINT('',(9.9631625161E-02,-5.800768269E-03,1.E-03));
#6249 = CARTESIAN_POINT('',(9.9631625161E-02,-5.800768269E-03,0.));
#6250 = CARTESIAN_POINT('',(9.9588072815E-02,-3.855217158E-03,1.E-03));
#6251 = CARTESIAN_POINT('',(9.9588072815E-02,-3.855217158E-03,0.));
#6252 = CARTESIAN_POINT('',(9.9502836585E-02,-4.758200200451E-05,1.E-03)
  );
#6253 = CARTESIAN_POINT('',(9.9502836585E-02,-4.758200200451E-05,0.));
#6254 = CARTESIAN_POINT('',(9.8825325017E-02,5.520113835E-03,1.E-03));
#6255 = CARTESIAN_POINT('',(9.8825325017E-02,5.520113835E-03,0.));
#6256 = CARTESIAN_POINT('',(9.7713639176E-02,1.0799513381E-02,1.E-03));
#6257 = CARTESIAN_POINT('',(9.7713639176E-02,1.0799513381E-02,0.));
#6258 = CARTESIAN_POINT('',(9.6122670742E-02,1.5782602649E-02,1.E-03));
#6259 = CARTESIAN_POINT('',(9.6122670742E-02,1.5782602649E-02,0.));
#6260 = CARTESIAN_POINT('',(9.4096701721E-02,2.0476116607E-02,1.E-03));
#6261 = CARTESIAN_POINT('',(9.4096701721E-02,2.0476116607E-02,0.));
#6262 = CARTESIAN_POINT('',(9.1634010239E-02,2.4886300396E-02,1.E-03));
#6263 = CARTESIAN_POINT('',(9.1634010239E-02,2.4886300396E-02,0.));
#6264 = CARTESIAN_POINT('',(8.8694580122E-02,2.8990431375E-02,1.E-03));
#6265 = CARTESIAN_POINT('',(8.8694580122E-02,2.8990431375E-02,0.));
#6266 = CARTESIAN_POINT('',(8.5325222673E-02,3.2760613977E-02,1.E-03));
#6267 = CARTESIAN_POINT('',(8.5325222673E-02,3.2760613977E-02,0.));
#6268 = CARTESIAN_POINT('',(8.16374272E-02,3.6177964627E-02,1.E-03));
#6269 = CARTESIAN_POINT('',(8.16374272E-02,3.6177964627E-02,0.));
#6270 = CARTESIAN_POINT('',(7.7658311483E-02,3.9160006908E-02,1.E-03));
#6271 = CARTESIAN_POINT('',(7.7658311483E-02,3.9160006908E-02,0.));
#6272 = CARTESIAN_POINT('',(7.3435873492E-02,4.1680081797E-02,1.E-03));
#6273 = CARTESIAN_POINT('',(7.3435873492E-02,4.1680081797E-02,0.));
#6274 = CARTESIAN_POINT('',(6.8976089882E-02,4.3754807438E-02,1.E-03));
#6275 = CARTESIAN_POINT('',(6.8976089882E-02,4.3754807438E-02,0.));
#6276 = CARTESIAN_POINT('',(6.4262565749E-02,4.5338533725E-02,1.E-03));
#6277 = CARTESIAN_POINT('',(6.4262565749E-02,4.5338533725E-02,0.));
#6278 = CARTESIAN_POINT('',(5.9317354371E-02,4.6475923873E-02,1.E-03));
#6279 = CARTESIAN_POINT('',(5.9317354371E-02,4.6475923873E-02,0.));
#6280 = CARTESIAN_POINT('',(5.4123424558E-02,4.7180716712E-02,1.E-03));
#6281 = CARTESIAN_POINT('',(5.4123424558E-02,4.7180716712E-02,0.));
#6282 = CARTESIAN_POINT('',(5.0580273346E-02,4.726315435E-02,1.E-03));
#6283 = CARTESIAN_POINT('',(5.0580273346E-02,4.726315435E-02,0.));
#6284 = CARTESIAN_POINT('',(4.8774155649E-02,4.7305176852E-02,1.E-03));
#6285 = CARTESIAN_POINT('',(4.8774155649E-02,4.7305176852E-02,0.));
#6286 = ADVANCED_FACE('',(#6287),#6313,.T.);
#6287 = FACE_BOUND('',#6288,.T.);
#6288 = EDGE_LOOP('',(#6289,#6290,#6291,#6307));
#6289 = ORIENTED_EDGE('',*,*,#1722,.F.);
#6290 = ORIENTED_EDGE('',*,*,#6242,.F.);
#6291 = ORIENTED_EDGE('',*,*,#6292,.T.);
#6292 = EDGE_CURVE('',#6219,#6293,#6295,.T.);
#6293 = VERTEX_POINT('',#6294);
#6294 = CARTESIAN_POINT('',(2.5241381258E-02,4.3341762217E-02,1.E-03));
#6295 = B_SPLINE_CURVE_WITH_KNOTS('',3,(#6296,#6297,#6298,#6299,#6300,
    #6301,#6302,#6303,#6304,#6305,#6306),.UNSPECIFIED.,.F.,.F.,(4,1,1,1,
    1,1,1,1,4),(0.,0.145186866472,0.283442610919,0.416524365928,
    0.543181123535,0.665153082637,0.781360206312,0.892756655641,1.),
  .UNSPECIFIED.);
#6296 = CARTESIAN_POINT('',(4.8774155649E-02,4.7305176852E-02,1.E-03));
#6297 = CARTESIAN_POINT('',(4.7611469586E-02,4.7296842408E-02,1.E-03));
#6298 = CARTESIAN_POINT('',(4.5341603301E-02,4.7280571402E-02,1.E-03));
#6299 = CARTESIAN_POINT('',(4.2011678805E-02,4.7076531475E-02,1.E-03));
#6300 = CARTESIAN_POINT('',(3.8836951092E-02,4.6788160603E-02,1.E-03));
#6301 = CARTESIAN_POINT('',(3.5812825958E-02,4.633849843E-02,1.E-03));
#6302 = CARTESIAN_POINT('',(3.293945901E-02,4.580322249E-02,1.E-03));
#6303 = CARTESIAN_POINT('',(3.0227614314E-02,4.5105464638E-02,1.E-03));
#6304 = CARTESIAN_POINT('',(2.766024468E-02,4.4323632209E-02,1.E-03));
#6305 = CARTESIAN_POINT('',(2.6037393609E-02,4.3664881181E-02,1.E-03));
#6306 = CARTESIAN_POINT('',(2.5241381258E-02,4.3341762217E-02,1.E-03));
#6307 = ORIENTED_EDGE('',*,*,#6308,.T.);
#6308 = EDGE_CURVE('',#6293,#1723,#6309,.T.);
#6309 = LINE('',#6310,#6311);
#6310 = CARTESIAN_POINT('',(2.5241381258E-02,4.3341762217E-02,1.E-03));
#6311 = VECTOR('',#6312,1.);
#6312 = DIRECTION('',(0.,0.,-1.));
#6313 = B_SPLINE_SURFACE_WITH_KNOTS('',3,1,(
    (#6314,#6315)
    ,(#6316,#6317)
    ,(#6318,#6319)
    ,(#6320,#6321)
    ,(#6322,#6323)
    ,(#6324,#6325)
    ,(#6326,#6327)
    ,(#6328,#6329)
    ,(#6330,#6331)
    ,(#6332,#6333)
    ,(#6334,#6335
  )),.UNSPECIFIED.,.F.,.F.,.F.,(4,1,1,1,1,1,1,1,4),(2,2),(0.,
    0.145186866472,0.283442610919,0.416524365928,0.543181123535,
    0.665153082637,0.781360206312,0.892756655641,1.),(0.,1.),
  .UNSPECIFIED.);
#6314 = CARTESIAN_POINT('',(4.8774155649E-02,4.7305176852E-02,1.E-03));
#6315 = CARTESIAN_POINT('',(4.8774155649E-02,4.7305176852E-02,0.));
#6316 = CARTESIAN_POINT('',(4.7611469586E-02,4.7296842408E-02,1.E-03));
#6317 = CARTESIAN_POINT('',(4.7611469586E-02,4.7296842408E-02,0.));
#6318 = CARTESIAN_POINT('',(4.5341603301E-02,4.7280571402E-02,1.E-03));
#6319 = CARTESIAN_POINT('',(4.5341603301E-02,4.7280571402E-02,0.));
#6320 = CARTESIAN_POINT('',(4.2011678805E-02,4.7076531475E-02,1.E-03));
#6321 = CARTESIAN_POINT('',(4.2011678805E-02,4.7076531475E-02,0.));
#6322 = CARTESIAN_POINT('',(3.8836951092E-02,4.6788160603E-02,1.E-03));
#6323 = CARTESIAN_POINT('',(3.8836951092E-02,4.6788160603E-02,0.));
#6324 = CARTESIAN_POINT('',(3.5812825958E-02,4.633849843E-02,1.E-03));
#6325 = CARTESIAN_POINT('',(3.5812825958E-02,4.633849843E-02,0.));
#6326 = CARTESIAN_POINT('',(3.293945901E-02,4.580322249E-02,1.E-03));
#6327 = CARTESIAN_POINT('',(3.293945901E-02,4.580322249E-02,0.));
#6328 = CARTESIAN_POINT('',(3.0227614314E-02,4.5105464638E-02,1.E-03));
#6329 = CARTESIAN_POINT('',(3.0227614314E-02,4.5105464638E-02,0.));
#6330 = CARTESIAN_POINT('',(2.766024468E-02,4.4323632209E-02,1.E-03));
#6331 = CARTESIAN_POINT('',(2.766024468E-02,4.4323632209E-02,0.));
#6332 = CARTESIAN_POINT('',(2.6037393609E-02,4.3664881181E-02,1.E-03));
#6333 = CARTESIAN_POINT('',(2.6037393609E-02,4.3664881181E-02,0.));
#6334 = CARTESIAN_POINT('',(2.5241381258E-02,4.3341762217E-02,1.E-03));
#6335 = CARTESIAN_POINT('',(2.5241381258E-02,4.3341762217E-02,0.));
#6336 = ADVANCED_FACE('',(#6337),#6355,.T.);
#6337 = FACE_BOUND('',#6338,.T.);
#6338 = EDGE_LOOP('',(#6339,#6340,#6341,#6349));
#6339 = ORIENTED_EDGE('',*,*,#1738,.F.);
#6340 = ORIENTED_EDGE('',*,*,#6308,.F.);
#6341 = ORIENTED_EDGE('',*,*,#6342,.T.);
#6342 = EDGE_CURVE('',#6293,#6343,#6345,.T.);
#6343 = VERTEX_POINT('',#6344);
#6344 = CARTESIAN_POINT('',(2.5241381258E-02,2.9927128071E-02,1.E-03));
#6345 = LINE('',#6346,#6347);
#6346 = CARTESIAN_POINT('',(2.5241381258E-02,4.3341762217E-02,1.E-03));
#6347 = VECTOR('',#6348,1.);
#6348 = DIRECTION('',(0.,-1.,0.));
#6349 = ORIENTED_EDGE('',*,*,#6350,.T.);
#6350 = EDGE_CURVE('',#6343,#1739,#6351,.T.);
#6351 = LINE('',#6352,#6353);
#6352 = CARTESIAN_POINT('',(2.5241381258E-02,2.9927128071E-02,1.E-03));
#6353 = VECTOR('',#6354,1.);
#6354 = DIRECTION('',(0.,0.,-1.));
#6355 = PLANE('',#6356);
#6356 = AXIS2_PLACEMENT_3D('',#6357,#6358,#6359);
#6357 = CARTESIAN_POINT('',(2.5241381258E-02,4.3341762217E-02,1.E-03));
#6358 = DIRECTION('',(1.,0.,0.));
#6359 = DIRECTION('',(0.,0.,-1.));
#6360 = ADVANCED_FACE('',(#6361),#6387,.T.);
#6361 = FACE_BOUND('',#6362,.T.);
#6362 = EDGE_LOOP('',(#6363,#6364,#6365,#6381));
#6363 = ORIENTED_EDGE('',*,*,#1746,.F.);
#6364 = ORIENTED_EDGE('',*,*,#6350,.F.);
#6365 = ORIENTED_EDGE('',*,*,#6366,.T.);
#6366 = EDGE_CURVE('',#6343,#6367,#6369,.T.);
#6367 = VERTEX_POINT('',#6368);
#6368 = CARTESIAN_POINT('',(4.865982638E-02,3.6329567096E-02,1.E-03));
#6369 = B_SPLINE_CURVE_WITH_KNOTS('',3,(#6370,#6371,#6372,#6373,#6374,
    #6375,#6376,#6377,#6378,#6379,#6380),.UNSPECIFIED.,.F.,.F.,(4,1,1,1,
    1,1,1,1,4),(0.,0.125279696735,0.249419970742,0.373356799492,
    0.496681278782,0.620202915743,0.745086320161,0.871269195019,1.),
  .UNSPECIFIED.);
#6370 = CARTESIAN_POINT('',(2.5241381258E-02,2.9927128071E-02,1.E-03));
#6371 = CARTESIAN_POINT('',(2.6129419821E-02,3.044314537E-02,1.E-03));
#6372 = CARTESIAN_POINT('',(2.7897420208E-02,3.1470486775E-02,1.E-03));
#6373 = CARTESIAN_POINT('',(3.067816337E-02,3.2754865718E-02,1.E-03));
#6374 = CARTESIAN_POINT('',(3.3512487685E-02,3.3868879535E-02,1.E-03));
#6375 = CARTESIAN_POINT('',(3.642023484E-02,3.4758179618E-02,1.E-03));
#6376 = CARTESIAN_POINT('',(3.938310434E-02,3.547629626E-02,1.E-03));
#6377 = CARTESIAN_POINT('',(4.2416632874E-02,3.5957957332E-02,1.E-03));
#6378 = CARTESIAN_POINT('',(4.5515072981E-02,3.6282020691E-02,1.E-03));
#6379 = CARTESIAN_POINT('',(4.7604613409E-02,3.6313613036E-02,1.E-03));
#6380 = CARTESIAN_POINT('',(4.865982638E-02,3.6329567096E-02,1.E-03));
#6381 = ORIENTED_EDGE('',*,*,#6382,.T.);
#6382 = EDGE_CURVE('',#6367,#1747,#6383,.T.);
#6383 = LINE('',#6384,#6385);
#6384 = CARTESIAN_POINT('',(4.865982638E-02,3.6329567096E-02,1.E-03));
#6385 = VECTOR('',#6386,1.);
#6386 = DIRECTION('',(0.,0.,-1.));
#6387 = B_SPLINE_SURFACE_WITH_KNOTS('',3,1,(
    (#6388,#6389)
    ,(#6390,#6391)
    ,(#6392,#6393)
    ,(#6394,#6395)
    ,(#6396,#6397)
    ,(#6398,#6399)
    ,(#6400,#6401)
    ,(#6402,#6403)
    ,(#6404,#6405)
    ,(#6406,#6407)
    ,(#6408,#6409
  )),.UNSPECIFIED.,.F.,.F.,.F.,(4,1,1,1,1,1,1,1,4),(2,2),(0.,
    0.125279696735,0.249419970742,0.373356799492,0.496681278782,
    0.620202915743,0.745086320161,0.871269195019,1.),(0.,1.),
  .UNSPECIFIED.);
#6388 = CARTESIAN_POINT('',(2.5241381258E-02,2.9927128071E-02,1.E-03));
#6389 = CARTESIAN_POINT('',(2.5241381258E-02,2.9927128071E-02,0.));
#6390 = CARTESIAN_POINT('',(2.6129419821E-02,3.044314537E-02,1.E-03));
#6391 = CARTESIAN_POINT('',(2.6129419821E-02,3.044314537E-02,0.));
#6392 = CARTESIAN_POINT('',(2.7897420208E-02,3.1470486775E-02,1.E-03));
#6393 = CARTESIAN_POINT('',(2.7897420208E-02,3.1470486775E-02,0.));
#6394 = CARTESIAN_POINT('',(3.067816337E-02,3.2754865718E-02,1.E-03));
#6395 = CARTESIAN_POINT('',(3.067816337E-02,3.2754865718E-02,0.));
#6396 = CARTESIAN_POINT('',(3.3512487685E-02,3.3868879535E-02,1.E-03));
#6397 = CARTESIAN_POINT('',(3.3512487685E-02,3.3868879535E-02,0.));
#6398 = CARTESIAN_POINT('',(3.642023484E-02,3.4758179618E-02,1.E-03));
#6399 = CARTESIAN_POINT('',(3.642023484E-02,3.4758179618E-02,0.));
#6400 = CARTESIAN_POINT('',(3.938310434E-02,3.547629626E-02,1.E-03));
#6401 = CARTESIAN_POINT('',(3.938310434E-02,3.547629626E-02,0.));
#6402 = CARTESIAN_POINT('',(4.2416632874E-02,3.5957957332E-02,1.E-03));
#6403 = CARTESIAN_POINT('',(4.2416632874E-02,3.5957957332E-02,0.));
#6404 = CARTESIAN_POINT('',(4.5515072981E-02,3.6282020691E-02,1.E-03));
#6405 = CARTESIAN_POINT('',(4.5515072981E-02,3.6282020691E-02,0.));
#6406 = CARTESIAN_POINT('',(4.7604613409E-02,3.6313613036E-02,1.E-03));
#6407 = CARTESIAN_POINT('',(4.7604613409E-02,3.6313613036E-02,0.));
#6408 = CARTESIAN_POINT('',(4.865982638E-02,3.6329567096E-02,1.E-03));
#6409 = CARTESIAN_POINT('',(4.865982638E-02,3.6329567096E-02,0.));
#6410 = ADVANCED_FACE('',(#6411),#6445,.T.);
#6411 = FACE_BOUND('',#6412,.T.);
#6412 = EDGE_LOOP('',(#6413,#6414,#6415,#6439));
#6413 = ORIENTED_EDGE('',*,*,#1762,.F.);
#6414 = ORIENTED_EDGE('',*,*,#6382,.F.);
#6415 = ORIENTED_EDGE('',*,*,#6416,.T.);
#6416 = EDGE_CURVE('',#6367,#6417,#6419,.T.);
#6417 = VERTEX_POINT('',#6418);
#6418 = CARTESIAN_POINT('',(8.6216991014E-02,-4.981408513E-03,1.E-03));
#6419 = B_SPLINE_CURVE_WITH_KNOTS('',3,(#6420,#6421,#6422,#6423,#6424,
    #6425,#6426,#6427,#6428,#6429,#6430,#6431,#6432,#6433,#6434,#6435,
    #6436,#6437,#6438),.UNSPECIFIED.,.F.,.F.,(4,1,1,1,1,1,1,1,1,1,1,1,1,
    1,1,1,4),(0.,6.4603970288E-02,0.126702413962,0.186756814035,
    0.245505687365,0.303652024449,0.36150307397,0.420240222928,
    0.480033340776,0.540678134775,0.60119180638,0.662333502477,
    0.724739510297,0.789467736172,0.856504860043,0.926312095839,1.),
  .UNSPECIFIED.);
#6420 = CARTESIAN_POINT('',(4.865982638E-02,3.6329567096E-02,1.E-03));
#6421 = CARTESIAN_POINT('',(5.0014762567E-02,3.6300433487E-02,1.E-03));
#6422 = CARTESIAN_POINT('',(5.2672086642E-02,3.6243296154E-02,1.E-03));
#6423 = CARTESIAN_POINT('',(5.6554234413E-02,3.5682313186E-02,1.E-03));
#6424 = CARTESIAN_POINT('',(6.0256973731E-02,3.4843019263E-02,1.E-03));
#6425 = CARTESIAN_POINT('',(6.3765456863E-02,3.3614647535E-02,1.E-03));
#6426 = CARTESIAN_POINT('',(6.707569991E-02,3.20292445E-02,1.E-03));
#6427 = CARTESIAN_POINT('',(7.018483231E-02,3.0080863769E-02,1.E-03));
#6428 = CARTESIAN_POINT('',(7.3111948415E-02,2.7811278531E-02,1.E-03));
#6429 = CARTESIAN_POINT('',(7.5812396065E-02,2.5192174806E-02,1.E-03));
#6430 = CARTESIAN_POINT('',(7.8273255043E-02,2.2295864428E-02,1.E-03));
#6431 = CARTESIAN_POINT('',(8.0385538076E-02,1.9103193361E-02,1.E-03));
#6432 = CARTESIAN_POINT('',(8.2217208098E-02,1.5700575353E-02,1.E-03));
#6433 = CARTESIAN_POINT('',(8.3684005891E-02,1.2028312329E-02,1.E-03));
#6434 = CARTESIAN_POINT('',(8.4819955815E-02,8.114579942E-03,1.E-03));
#6435 = CARTESIAN_POINT('',(8.5639872218E-02,3.964718476E-03,1.E-03));
#6436 = CARTESIAN_POINT('',(8.6114920486E-02,-4.28925865E-04,1.E-03));
#6437 = CARTESIAN_POINT('',(8.6182359567E-02,-3.436799419E-03,1.E-03));
#6438 = CARTESIAN_POINT('',(8.6216991014E-02,-4.981408513E-03,1.E-03));
#6439 = ORIENTED_EDGE('',*,*,#6440,.T.);
#6440 = EDGE_CURVE('',#6417,#1763,#6441,.T.);
#6441 = LINE('',#6442,#6443);
#6442 = CARTESIAN_POINT('',(8.6216991014E-02,-4.981408513E-03,1.E-03));
#6443 = VECTOR('',#6444,1.);
#6444 = DIRECTION('',(0.,0.,-1.));
#6445 = B_SPLINE_SURFACE_WITH_KNOTS('',3,1,(
    (#6446,#6447)
    ,(#6448,#6449)
    ,(#6450,#6451)
    ,(#6452,#6453)
    ,(#6454,#6455)
    ,(#6456,#6457)
    ,(#6458,#6459)
    ,(#6460,#6461)
    ,(#6462,#6463)
    ,(#6464,#6465)
    ,(#6466,#6467)
    ,(#6468,#6469)
    ,(#6470,#6471)
    ,(#6472,#6473)
    ,(#6474,#6475)
    ,(#6476,#6477)
    ,(#6478,#6479)
    ,(#6480,#6481)
    ,(#6482,#6483
    )),.UNSPECIFIED.,.F.,.F.,.F.,(4,1,1,1,1,1,1,1,1,1,1,1,1,1,1,1,4),(2,
    2),(0.,6.4603970288E-02,0.126702413962,0.186756814035,0.245505687365
    ,0.303652024449,0.36150307397,0.420240222928,0.480033340776,
    0.540678134775,0.60119180638,0.662333502477,0.724739510297,
    0.789467736172,0.856504860043,0.926312095839,1.),(0.,1.),
  .UNSPECIFIED.);
#6446 = CARTESIAN_POINT('',(4.865982638E-02,3.6329567096E-02,1.E-03));
#6447 = CARTESIAN_POINT('',(4.865982638E-02,3.6329567096E-02,0.));
#6448 = CARTESIAN_POINT('',(5.0014762567E-02,3.6300433487E-02,1.E-03));
#6449 = CARTESIAN_POINT('',(5.0014762567E-02,3.6300433487E-02,0.));
#6450 = CARTESIAN_POINT('',(5.2672086642E-02,3.6243296154E-02,1.E-03));
#6451 = CARTESIAN_POINT('',(5.2672086642E-02,3.6243296154E-02,0.));
#6452 = CARTESIAN_POINT('',(5.6554234413E-02,3.5682313186E-02,1.E-03));
#6453 = CARTESIAN_POINT('',(5.6554234413E-02,3.5682313186E-02,0.));
#6454 = CARTESIAN_POINT('',(6.0256973731E-02,3.4843019263E-02,1.E-03));
#6455 = CARTESIAN_POINT('',(6.0256973731E-02,3.4843019263E-02,0.));
#6456 = CARTESIAN_POINT('',(6.3765456863E-02,3.3614647535E-02,1.E-03));
#6457 = CARTESIAN_POINT('',(6.3765456863E-02,3.3614647535E-02,0.));
#6458 = CARTESIAN_POINT('',(6.707569991E-02,3.20292445E-02,1.E-03));
#6459 = CARTESIAN_POINT('',(6.707569991E-02,3.20292445E-02,0.));
#6460 = CARTESIAN_POINT('',(7.018483231E-02,3.0080863769E-02,1.E-03));
#6461 = CARTESIAN_POINT('',(7.018483231E-02,3.0080863769E-02,0.));
#6462 = CARTESIAN_POINT('',(7.3111948415E-02,2.7811278531E-02,1.E-03));
#6463 = CARTESIAN_POINT('',(7.3111948415E-02,2.7811278531E-02,0.));
#6464 = CARTESIAN_POINT('',(7.5812396065E-02,2.5192174806E-02,1.E-03));
#6465 = CARTESIAN_POINT('',(7.5812396065E-02,2.5192174806E-02,0.));
#6466 = CARTESIAN_POINT('',(7.8273255043E-02,2.2295864428E-02,1.E-03));
#6467 = CARTESIAN_POINT('',(7.8273255043E-02,2.2295864428E-02,0.));
#6468 = CARTESIAN_POINT('',(8.0385538076E-02,1.9103193361E-02,1.E-03));
#6469 = CARTESIAN_POINT('',(8.0385538076E-02,1.9103193361E-02,0.));
#6470 = CARTESIAN_POINT('',(8.2217208098E-02,1.5700575353E-02,1.E-03));
#6471 = CARTESIAN_POINT('',(8.2217208098E-02,1.5700575353E-02,0.));
#6472 = CARTESIAN_POINT('',(8.3684005891E-02,1.2028312329E-02,1.E-03));
#6473 = CARTESIAN_POINT('',(8.3684005891E-02,1.2028312329E-02,0.));
#6474 = CARTESIAN_POINT('',(8.4819955815E-02,8.114579942E-03,1.E-03));
#6475 = CARTESIAN_POINT('',(8.4819955815E-02,8.114579942E-03,0.));
#6476 = CARTESIAN_POINT('',(8.5639872218E-02,3.964718476E-03,1.E-03));
#6477 = CARTESIAN_POINT('',(8.5639872218E-02,3.964718476E-03,0.));
#6478 = CARTESIAN_POINT('',(8.6114920486E-02,-4.28925865E-04,1.E-03));
#6479 = CARTESIAN_POINT('',(8.6114920486E-02,-4.28925865E-04,0.));
#6480 = CARTESIAN_POINT('',(8.6182359567E-02,-3.436799419E-03,1.E-03));
#6481 = CARTESIAN_POINT('',(8.6182359567E-02,-3.436799419E-03,0.));
#6482 = CARTESIAN_POINT('',(8.6216991014E-02,-4.981408513E-03,1.E-03));
#6483 = CARTESIAN_POINT('',(8.6216991014E-02,-4.981408513E-03,0.));
#6484 = ADVANCED_FACE('',(#6485),#6519,.T.);
#6485 = FACE_BOUND('',#6486,.T.);
#6486 = EDGE_LOOP('',(#6487,#6488,#6489,#6513));
#6487 = ORIENTED_EDGE('',*,*,#1786,.F.);
#6488 = ORIENTED_EDGE('',*,*,#6440,.F.);
#6489 = ORIENTED_EDGE('',*,*,#6490,.T.);
#6490 = EDGE_CURVE('',#6417,#6491,#6493,.T.);
#6491 = VERTEX_POINT('',#6492);
#6492 = CARTESIAN_POINT('',(5.090830199E-02,-4.4158237782E-02,1.E-03));
#6493 = B_SPLINE_CURVE_WITH_KNOTS('',3,(#6494,#6495,#6496,#6497,#6498,
    #6499,#6500,#6501,#6502,#6503,#6504,#6505,#6506,#6507,#6508,#6509,
    #6510,#6511,#6512),.UNSPECIFIED.,.F.,.F.,(4,1,1,1,1,1,1,1,1,1,1,1,1,
    1,1,1,4),(0.,7.3774119374E-02,0.144079114726,0.211348518308,
    0.276076885739,0.338520915819,0.399885116693,0.460254067465,
    0.520588964391,0.580207684563,0.638632908552,0.69636454949,
    0.75400177466,0.812805681374,0.872754425525,0.935181996978,1.),
  .UNSPECIFIED.);
#6494 = CARTESIAN_POINT('',(8.6216991014E-02,-4.981408513E-03,1.E-03));
#6495 = CARTESIAN_POINT('',(8.6189209029E-02,-6.443529083E-03,1.E-03));
#6496 = CARTESIAN_POINT('',(8.6134951468E-02,-9.299016062E-03,1.E-03));
#6497 = CARTESIAN_POINT('',(8.5668792806E-02,-1.3466783854E-02,1.E-03));
#6498 = CARTESIAN_POINT('',(8.4913668381E-02,-1.7407456039E-02,1.E-03));
#6499 = CARTESIAN_POINT('',(8.3852434212E-02,-2.1117559157E-02,1.E-03));
#6500 = CARTESIAN_POINT('',(8.2468623693E-02,-2.4593659765E-02,1.E-03));
#6501 = CARTESIAN_POINT('',(8.0797029084E-02,-2.784499385E-02,1.E-03));
#6502 = CARTESIAN_POINT('',(7.8798427309E-02,-3.0856879013E-02,1.E-03));
#6503 = CARTESIAN_POINT('',(7.6516937329E-02,-3.3615214938E-02,1.E-03));
#6504 = CARTESIAN_POINT('',(7.3983882494E-02,-3.6088780149E-02,1.E-03));
#6505 = CARTESIAN_POINT('',(7.12523067E-02,-3.8261126181E-02,1.E-03));
#6506 = CARTESIAN_POINT('',(6.8316258686E-02,-4.0074358864E-02,1.E-03));
#6507 = CARTESIAN_POINT('',(6.5203116618E-02,-4.1577948953E-02,1.E-03));
#6508 = CARTESIAN_POINT('',(6.1898814713E-02,-4.2740431472E-02,1.E-03));
#6509 = CARTESIAN_POINT('',(5.8397167682E-02,-4.3555372487E-02,1.E-03));
#6510 = CARTESIAN_POINT('',(5.4714927073E-02,-4.4060129417E-02,1.E-03));
#6511 = CARTESIAN_POINT('',(5.2192969491E-02,-4.4125127973E-02,1.E-03));
#6512 = CARTESIAN_POINT('',(5.090830199E-02,-4.4158237782E-02,1.E-03));
#6513 = ORIENTED_EDGE('',*,*,#6514,.T.);
#6514 = EDGE_CURVE('',#6491,#1787,#6515,.T.);
#6515 = LINE('',#6516,#6517);
#6516 = CARTESIAN_POINT('',(5.090830199E-02,-4.4158237782E-02,1.E-03));
#6517 = VECTOR('',#6518,1.);
#6518 = DIRECTION('',(0.,0.,-1.));
#6519 = B_SPLINE_SURFACE_WITH_KNOTS('',3,1,(
    (#6520,#6521)
    ,(#6522,#6523)
    ,(#6524,#6525)
    ,(#6526,#6527)
    ,(#6528,#6529)
    ,(#6530,#6531)
    ,(#6532,#6533)
    ,(#6534,#6535)
    ,(#6536,#6537)
    ,(#6538,#6539)
    ,(#6540,#6541)
    ,(#6542,#6543)
    ,(#6544,#6545)
    ,(#6546,#6547)
    ,(#6548,#6549)
    ,(#6550,#6551)
    ,(#6552,#6553)
    ,(#6554,#6555)
    ,(#6556,#6557
    )),.UNSPECIFIED.,.F.,.F.,.F.,(4,1,1,1,1,1,1,1,1,1,1,1,1,1,1,1,4),(2,
    2),(0.,7.3774119374E-02,0.144079114726,0.211348518308,0.276076885739
    ,0.338520915819,0.399885116693,0.460254067465,0.520588964391,
    0.580207684563,0.638632908552,0.69636454949,0.75400177466,
    0.812805681374,0.872754425525,0.935181996978,1.),(0.,1.),
  .UNSPECIFIED.);
#6520 = CARTESIAN_POINT('',(8.6216991014E-02,-4.981408513E-03,1.E-03));
#6521 = CARTESIAN_POINT('',(8.6216991014E-02,-4.981408513E-03,0.));
#6522 = CARTESIAN_POINT('',(8.6189209029E-02,-6.443529083E-03,1.E-03));
#6523 = CARTESIAN_POINT('',(8.6189209029E-02,-6.443529083E-03,0.));
#6524 = CARTESIAN_POINT('',(8.6134951468E-02,-9.299016062E-03,1.E-03));
#6525 = CARTESIAN_POINT('',(8.6134951468E-02,-9.299016062E-03,0.));
#6526 = CARTESIAN_POINT('',(8.5668792806E-02,-1.3466783854E-02,1.E-03));
#6527 = CARTESIAN_POINT('',(8.5668792806E-02,-1.3466783854E-02,0.));
#6528 = CARTESIAN_POINT('',(8.4913668381E-02,-1.7407456039E-02,1.E-03));
#6529 = CARTESIAN_POINT('',(8.4913668381E-02,-1.7407456039E-02,0.));
#6530 = CARTESIAN_POINT('',(8.3852434212E-02,-2.1117559157E-02,1.E-03));
#6531 = CARTESIAN_POINT('',(8.3852434212E-02,-2.1117559157E-02,0.));
#6532 = CARTESIAN_POINT('',(8.2468623693E-02,-2.4593659765E-02,1.E-03));
#6533 = CARTESIAN_POINT('',(8.2468623693E-02,-2.4593659765E-02,0.));
#6534 = CARTESIAN_POINT('',(8.0797029084E-02,-2.784499385E-02,1.E-03));
#6535 = CARTESIAN_POINT('',(8.0797029084E-02,-2.784499385E-02,0.));
#6536 = CARTESIAN_POINT('',(7.8798427309E-02,-3.0856879013E-02,1.E-03));
#6537 = CARTESIAN_POINT('',(7.8798427309E-02,-3.0856879013E-02,0.));
#6538 = CARTESIAN_POINT('',(7.6516937329E-02,-3.3615214938E-02,1.E-03));
#6539 = CARTESIAN_POINT('',(7.6516937329E-02,-3.3615214938E-02,0.));
#6540 = CARTESIAN_POINT('',(7.3983882494E-02,-3.6088780149E-02,1.E-03));
#6541 = CARTESIAN_POINT('',(7.3983882494E-02,-3.6088780149E-02,0.));
#6542 = CARTESIAN_POINT('',(7.12523067E-02,-3.8261126181E-02,1.E-03));
#6543 = CARTESIAN_POINT('',(7.12523067E-02,-3.8261126181E-02,0.));
#6544 = CARTESIAN_POINT('',(6.8316258686E-02,-4.0074358864E-02,1.E-03));
#6545 = CARTESIAN_POINT('',(6.8316258686E-02,-4.0074358864E-02,0.));
#6546 = CARTESIAN_POINT('',(6.5203116618E-02,-4.1577948953E-02,1.E-03));
#6547 = CARTESIAN_POINT('',(6.5203116618E-02,-4.1577948953E-02,0.));
#6548 = CARTESIAN_POINT('',(6.1898814713E-02,-4.2740431472E-02,1.E-03));
#6549 = CARTESIAN_POINT('',(6.1898814713E-02,-4.2740431472E-02,0.));
#6550 = CARTESIAN_POINT('',(5.8397167682E-02,-4.3555372487E-02,1.E-03));
#6551 = CARTESIAN_POINT('',(5.8397167682E-02,-4.3555372487E-02,0.));
#6552 = CARTESIAN_POINT('',(5.4714927073E-02,-4.4060129417E-02,1.E-03));
#6553 = CARTESIAN_POINT('',(5.4714927073E-02,-4.4060129417E-02,0.));
#6554 = CARTESIAN_POINT('',(5.2192969491E-02,-4.4125127973E-02,1.E-03));
#6555 = CARTESIAN_POINT('',(5.2192969491E-02,-4.4125127973E-02,0.));
#6556 = CARTESIAN_POINT('',(5.090830199E-02,-4.4158237782E-02,1.E-03));
#6557 = CARTESIAN_POINT('',(5.090830199E-02,-4.4158237782E-02,0.));
#6558 = ADVANCED_FACE('',(#6559),#6578,.T.);
#6559 = FACE_BOUND('',#6560,.T.);
#6560 = EDGE_LOOP('',(#6561,#6562,#6563,#6577));
#6561 = ORIENTED_EDGE('',*,*,#1810,.F.);
#6562 = ORIENTED_EDGE('',*,*,#6514,.F.);
#6563 = ORIENTED_EDGE('',*,*,#6564,.T.);
#6564 = EDGE_CURVE('',#6491,#6063,#6565,.T.);
#6565 = B_SPLINE_CURVE_WITH_KNOTS('',3,(#6566,#6567,#6568,#6569,#6570,
    #6571,#6572,#6573,#6574,#6575,#6576),.UNSPECIFIED.,.F.,.F.,(4,1,1,1,
    1,1,1,1,4),(0.,0.135294604763,0.266765657924,0.394816018835,
    0.520051654434,0.64217570297,0.762651820558,0.88183400438,1.),
  .UNSPECIFIED.);
#6566 = CARTESIAN_POINT('',(5.090830199E-02,-4.4158237782E-02,1.E-03));
#6567 = CARTESIAN_POINT('',(4.9700759934E-02,-4.4142383727E-02,1.E-03));
#6568 = CARTESIAN_POINT('',(4.7319802084E-02,-4.4111123668E-02,1.E-03));
#6569 = CARTESIAN_POINT('',(4.38086139E-02,-4.3790326173E-02,1.E-03));
#6570 = CARTESIAN_POINT('',(4.0407591022E-02,-4.3307504241E-02,1.E-03));
#6571 = CARTESIAN_POINT('',(3.7131515936E-02,-4.2596832769E-02,1.E-03));
#6572 = CARTESIAN_POINT('',(3.3969156539E-02,-4.1707232484E-02,1.E-03));
#6573 = CARTESIAN_POINT('',(3.093844124E-02,-4.0589826373E-02,1.E-03));
#6574 = CARTESIAN_POINT('',(2.8006985395E-02,-3.9313517535E-02,1.E-03));
#6575 = CARTESIAN_POINT('',(2.6160614271E-02,-3.8273554175E-02,1.E-03));
#6576 = CARTESIAN_POINT('',(2.5241381258E-02,-3.7755798757E-02,1.E-03));
#6577 = ORIENTED_EDGE('',*,*,#6062,.T.);
#6578 = B_SPLINE_SURFACE_WITH_KNOTS('',3,1,(
    (#6579,#6580)
    ,(#6581,#6582)
    ,(#6583,#6584)
    ,(#6585,#6586)
    ,(#6587,#6588)
    ,(#6589,#6590)
    ,(#6591,#6592)
    ,(#6593,#6594)
    ,(#6595,#6596)
    ,(#6597,#6598)
    ,(#6599,#6600
  )),.UNSPECIFIED.,.F.,.F.,.F.,(4,1,1,1,1,1,1,1,4),(2,2),(0.,
    0.135294604763,0.266765657924,0.394816018835,0.520051654434,
    0.64217570297,0.762651820558,0.88183400438,1.),(0.,1.),
  .UNSPECIFIED.);
#6579 = CARTESIAN_POINT('',(5.090830199E-02,-4.4158237782E-02,1.E-03));
#6580 = CARTESIAN_POINT('',(5.090830199E-02,-4.4158237782E-02,0.));
#6581 = CARTESIAN_POINT('',(4.9700759934E-02,-4.4142383727E-02,1.E-03));
#6582 = CARTESIAN_POINT('',(4.9700759934E-02,-4.4142383727E-02,0.));
#6583 = CARTESIAN_POINT('',(4.7319802084E-02,-4.4111123668E-02,1.E-03));
#6584 = CARTESIAN_POINT('',(4.7319802084E-02,-4.4111123668E-02,0.));
#6585 = CARTESIAN_POINT('',(4.38086139E-02,-4.3790326173E-02,1.E-03));
#6586 = CARTESIAN_POINT('',(4.38086139E-02,-4.3790326173E-02,0.));
#6587 = CARTESIAN_POINT('',(4.0407591022E-02,-4.3307504241E-02,1.E-03));
#6588 = CARTESIAN_POINT('',(4.0407591022E-02,-4.3307504241E-02,0.));
#6589 = CARTESIAN_POINT('',(3.7131515936E-02,-4.2596832769E-02,1.E-03));
#6590 = CARTESIAN_POINT('',(3.7131515936E-02,-4.2596832769E-02,0.));
#6591 = CARTESIAN_POINT('',(3.3969156539E-02,-4.1707232484E-02,1.E-03));
#6592 = CARTESIAN_POINT('',(3.3969156539E-02,-4.1707232484E-02,0.));
#6593 = CARTESIAN_POINT('',(3.093844124E-02,-4.0589826373E-02,1.E-03));
#6594 = CARTESIAN_POINT('',(3.093844124E-02,-4.0589826373E-02,0.));
#6595 = CARTESIAN_POINT('',(2.8006985395E-02,-3.9313517535E-02,1.E-03));
#6596 = CARTESIAN_POINT('',(2.8006985395E-02,-3.9313517535E-02,0.));
#6597 = CARTESIAN_POINT('',(2.6160614271E-02,-3.8273554175E-02,1.E-03));
#6598 = CARTESIAN_POINT('',(2.6160614271E-02,-3.8273554175E-02,0.));
#6599 = CARTESIAN_POINT('',(2.5241381258E-02,-3.7755798757E-02,1.E-03));
#6600 = CARTESIAN_POINT('',(2.5241381258E-02,-3.7755798757E-02,0.));
#6601 = ADVANCED_FACE('',(#6602),#6614,.T.);
#6602 = FACE_BOUND('',#6603,.T.);
#6603 = EDGE_LOOP('',(#6604,#6605,#6606,#6607,#6608,#6609,#6610,#6611,
    #6612,#6613));
#6604 = ORIENTED_EDGE('',*,*,#6070,.F.);
#6605 = ORIENTED_EDGE('',*,*,#6564,.F.);
#6606 = ORIENTED_EDGE('',*,*,#6490,.F.);
#6607 = ORIENTED_EDGE('',*,*,#6416,.F.);
#6608 = ORIENTED_EDGE('',*,*,#6366,.F.);
#6609 = ORIENTED_EDGE('',*,*,#6342,.F.);
#6610 = ORIENTED_EDGE('',*,*,#6292,.F.);
#6611 = ORIENTED_EDGE('',*,*,#6218,.F.);
#6612 = ORIENTED_EDGE('',*,*,#6144,.F.);
#6613 = ORIENTED_EDGE('',*,*,#6094,.F.);
#6614 = PLANE('',#6615);
#6615 = AXIS2_PLACEMENT_3D('',#6616,#6617,#6618);
#6616 = CARTESIAN_POINT('',(3.8560185617E-02,-5.3746580893E-02,1.E-03));
#6617 = DIRECTION('',(0.,0.,-1.));
#6618 = DIRECTION('',(-1.,0.,0.));
#6619 = ADVANCED_FACE('',(#6620),#6645,.T.);
#6620 = FACE_BOUND('',#6621,.T.);
#6621 = EDGE_LOOP('',(#6622,#6623,#6631,#6639));
#6622 = ORIENTED_EDGE('',*,*,#2378,.F.);
#6623 = ORIENTED_EDGE('',*,*,#6624,.F.);
#6624 = EDGE_CURVE('',#6625,#2379,#6627,.T.);
#6625 = VERTEX_POINT('',#6626);
#6626 = CARTESIAN_POINT('',(0.108168210527,-4.2938725586E-02,1.E-03));
#6627 = LINE('',#6628,#6629);
#6628 = CARTESIAN_POINT('',(0.108168210527,-4.2938725586E-02,1.E-03));
#6629 = VECTOR('',#6630,1.);
#6630 = DIRECTION('',(0.,0.,-1.));
#6631 = ORIENTED_EDGE('',*,*,#6632,.T.);
#6632 = EDGE_CURVE('',#6625,#6633,#6635,.T.);
#6633 = VERTEX_POINT('',#6634);
#6634 = CARTESIAN_POINT('',(0.108168210527,-5.3914335343E-02,1.E-03));
#6635 = LINE('',#6636,#6637);
#6636 = CARTESIAN_POINT('',(0.108168210527,-4.2938725586E-02,1.E-03));
#6637 = VECTOR('',#6638,1.);
#6638 = DIRECTION('',(0.,-1.,0.));
#6639 = ORIENTED_EDGE('',*,*,#6640,.T.);
#6640 = EDGE_CURVE('',#6633,#2381,#6641,.T.);
#6641 = LINE('',#6642,#6643);
#6642 = CARTESIAN_POINT('',(0.108168210527,-5.3914335343E-02,1.E-03));
#6643 = VECTOR('',#6644,1.);
#6644 = DIRECTION('',(0.,0.,-1.));
#6645 = PLANE('',#6646);
#6646 = AXIS2_PLACEMENT_3D('',#6647,#6648,#6649);
#6647 = CARTESIAN_POINT('',(0.108168210527,-4.2938725586E-02,1.E-03));
#6648 = DIRECTION('',(1.,0.,0.));
#6649 = DIRECTION('',(0.,0.,-1.));
#6650 = ADVANCED_FACE('',(#6651),#6669,.T.);
#6651 = FACE_BOUND('',#6652,.T.);
#6652 = EDGE_LOOP('',(#6653,#6654,#6655,#6663));
#6653 = ORIENTED_EDGE('',*,*,#2388,.F.);
#6654 = ORIENTED_EDGE('',*,*,#6640,.F.);
#6655 = ORIENTED_EDGE('',*,*,#6656,.T.);
#6656 = EDGE_CURVE('',#6633,#6657,#6659,.T.);
#6657 = VERTEX_POINT('',#6658);
#6658 = CARTESIAN_POINT('',(0.159387722722,-5.3914335343E-02,1.E-03));
#6659 = LINE('',#6660,#6661);
#6660 = CARTESIAN_POINT('',(0.108168210527,-5.3914335343E-02,1.E-03));
#6661 = VECTOR('',#6662,1.);
#6662 = DIRECTION('',(1.,0.,0.));
#6663 = ORIENTED_EDGE('',*,*,#6664,.T.);
#6664 = EDGE_CURVE('',#6657,#2389,#6665,.T.);
#6665 = LINE('',#6666,#6667);
#6666 = CARTESIAN_POINT('',(0.159387722722,-5.3914335343E-02,1.E-03));
#6667 = VECTOR('',#6668,1.);
#6668 = DIRECTION('',(0.,0.,-1.));
#6669 = PLANE('',#6670);
#6670 = AXIS2_PLACEMENT_3D('',#6671,#6672,#6673);
#6671 = CARTESIAN_POINT('',(0.108168210527,-5.3914335343E-02,1.E-03));
#6672 = DIRECTION('',(0.,1.,0.));
#6673 = DIRECTION('',(0.,-0.,1.));
#6674 = ADVANCED_FACE('',(#6675),#6693,.T.);
#6675 = FACE_BOUND('',#6676,.T.);
#6676 = EDGE_LOOP('',(#6677,#6678,#6679,#6687));
#6677 = ORIENTED_EDGE('',*,*,#2396,.F.);
#6678 = ORIENTED_EDGE('',*,*,#6664,.F.);
#6679 = ORIENTED_EDGE('',*,*,#6680,.T.);
#6680 = EDGE_CURVE('',#6657,#6681,#6683,.T.);
#6681 = VERTEX_POINT('',#6682);
#6682 = CARTESIAN_POINT('',(0.159387722722,4.6085664656E-02,1.E-03));
#6683 = LINE('',#6684,#6685);
#6684 = CARTESIAN_POINT('',(0.159387722722,-5.3914335343E-02,1.E-03));
#6685 = VECTOR('',#6686,1.);
#6686 = DIRECTION('',(0.,1.,0.));
#6687 = ORIENTED_EDGE('',*,*,#6688,.T.);
#6688 = EDGE_CURVE('',#6681,#2397,#6689,.T.);
#6689 = LINE('',#6690,#6691);
#6690 = CARTESIAN_POINT('',(0.159387722722,4.6085664656E-02,1.E-03));
#6691 = VECTOR('',#6692,1.);
#6692 = DIRECTION('',(0.,0.,-1.));
#6693 = PLANE('',#6694);
#6694 = AXIS2_PLACEMENT_3D('',#6695,#6696,#6697);
#6695 = CARTESIAN_POINT('',(0.159387722722,-5.3914335343E-02,1.E-03));
#6696 = DIRECTION('',(-1.,0.,0.));
#6697 = DIRECTION('',(0.,0.,1.));
#6698 = ADVANCED_FACE('',(#6699),#6717,.T.);
#6699 = FACE_BOUND('',#6700,.T.);
#6700 = EDGE_LOOP('',(#6701,#6702,#6703,#6711));
#6701 = ORIENTED_EDGE('',*,*,#2404,.F.);
#6702 = ORIENTED_EDGE('',*,*,#6688,.F.);
#6703 = ORIENTED_EDGE('',*,*,#6704,.T.);
#6704 = EDGE_CURVE('',#6681,#6705,#6707,.T.);
#6705 = VERTEX_POINT('',#6706);
#6706 = CARTESIAN_POINT('',(0.145973088575,4.6085664656E-02,1.E-03));
#6707 = LINE('',#6708,#6709);
#6708 = CARTESIAN_POINT('',(0.159387722722,4.6085664656E-02,1.E-03));
#6709 = VECTOR('',#6710,1.);
#6710 = DIRECTION('',(-1.,0.,0.));
#6711 = ORIENTED_EDGE('',*,*,#6712,.T.);
#6712 = EDGE_CURVE('',#6705,#2405,#6713,.T.);
#6713 = LINE('',#6714,#6715);
#6714 = CARTESIAN_POINT('',(0.145973088575,4.6085664656E-02,1.E-03));
#6715 = VECTOR('',#6716,1.);
#6716 = DIRECTION('',(0.,0.,-1.));
#6717 = PLANE('',#6718);
#6718 = AXIS2_PLACEMENT_3D('',#6719,#6720,#6721);
#6719 = CARTESIAN_POINT('',(0.159387722722,4.6085664656E-02,1.E-03));
#6720 = DIRECTION('',(0.,-1.,0.));
#6721 = DIRECTION('',(0.,0.,-1.));
#6722 = ADVANCED_FACE('',(#6723),#6741,.T.);
#6723 = FACE_BOUND('',#6724,.T.);
#6724 = EDGE_LOOP('',(#6725,#6726,#6727,#6735));
#6725 = ORIENTED_EDGE('',*,*,#2412,.F.);
#6726 = ORIENTED_EDGE('',*,*,#6712,.F.);
#6727 = ORIENTED_EDGE('',*,*,#6728,.T.);
#6728 = EDGE_CURVE('',#6705,#6729,#6731,.T.);
#6729 = VERTEX_POINT('',#6730);
#6730 = CARTESIAN_POINT('',(0.145973088575,-4.2938725586E-02,1.E-03));
#6731 = LINE('',#6732,#6733);
#6732 = CARTESIAN_POINT('',(0.145973088575,4.6085664656E-02,1.E-03));
#6733 = VECTOR('',#6734,1.);
#6734 = DIRECTION('',(0.,-1.,0.));
#6735 = ORIENTED_EDGE('',*,*,#6736,.T.);
#6736 = EDGE_CURVE('',#6729,#2413,#6737,.T.);
#6737 = LINE('',#6738,#6739);
#6738 = CARTESIAN_POINT('',(0.145973088575,-4.2938725586E-02,1.E-03));
#6739 = VECTOR('',#6740,1.);
#6740 = DIRECTION('',(0.,0.,-1.));
#6741 = PLANE('',#6742);
#6742 = AXIS2_PLACEMENT_3D('',#6743,#6744,#6745);
#6743 = CARTESIAN_POINT('',(0.145973088575,4.6085664656E-02,1.E-03));
#6744 = DIRECTION('',(1.,0.,0.));
#6745 = DIRECTION('',(0.,0.,-1.));
#6746 = ADVANCED_FACE('',(#6747),#6758,.T.);
#6747 = FACE_BOUND('',#6748,.T.);
#6748 = EDGE_LOOP('',(#6749,#6750,#6751,#6757));
#6749 = ORIENTED_EDGE('',*,*,#2420,.F.);
#6750 = ORIENTED_EDGE('',*,*,#6736,.F.);
#6751 = ORIENTED_EDGE('',*,*,#6752,.T.);
#6752 = EDGE_CURVE('',#6729,#6625,#6753,.T.);
#6753 = LINE('',#6754,#6755);
#6754 = CARTESIAN_POINT('',(0.145973088575,-4.2938725586E-02,1.E-03));
#6755 = VECTOR('',#6756,1.);
#6756 = DIRECTION('',(-1.,0.,0.));
#6757 = ORIENTED_EDGE('',*,*,#6624,.T.);
#6758 = PLANE('',#6759);
#6759 = AXIS2_PLACEMENT_3D('',#6760,#6761,#6762);
#6760 = CARTESIAN_POINT('',(0.145973088575,-4.2938725586E-02,1.E-03));
#6761 = DIRECTION('',(0.,-1.,0.));
#6762 = DIRECTION('',(0.,0.,-1.));
#6763 = ADVANCED_FACE('',(#6764),#6772,.F.);
#6764 = FACE_BOUND('',#6765,.T.);
#6765 = EDGE_LOOP('',(#6766,#6767,#6768,#6769,#6770,#6771));
#6766 = ORIENTED_EDGE('',*,*,#6632,.F.);
#6767 = ORIENTED_EDGE('',*,*,#6752,.F.);
#6768 = ORIENTED_EDGE('',*,*,#6728,.F.);
#6769 = ORIENTED_EDGE('',*,*,#6704,.F.);
#6770 = ORIENTED_EDGE('',*,*,#6680,.F.);
#6771 = ORIENTED_EDGE('',*,*,#6656,.F.);
#6772 = PLANE('',#6773);
#6773 = AXIS2_PLACEMENT_3D('',#6774,#6775,#6776);
#6774 = CARTESIAN_POINT('',(0.,0.,1.E-03));
#6775 = DIRECTION('',(0.,0.,1.));
#6776 = DIRECTION('',(1.,0.,-0.));
#6777 = ADVANCED_FACE('',(#6778),#6786,.F.);
#6778 = FACE_BOUND('',#6779,.T.);
#6779 = EDGE_LOOP('',(#6780,#6781,#6782,#6783,#6784,#6785));
#6780 = ORIENTED_EDGE('',*,*,#5054,.T.);
#6781 = ORIENTED_EDGE('',*,*,#5209,.T.);
#6782 = ORIENTED_EDGE('',*,*,#5171,.T.);
#6783 = ORIENTED_EDGE('',*,*,#5147,.T.);
#6784 = ORIENTED_EDGE('',*,*,#5109,.T.);
#6785 = ORIENTED_EDGE('',*,*,#5085,.T.);
#6786 = PLANE('',#6787);
#6787 = AXIS2_PLACEMENT_3D('',#6788,#6789,#6790);
#6788 = CARTESIAN_POINT('',(0.,0.,0.));
#6789 = DIRECTION('',(0.,0.,1.));
#6790 = DIRECTION('',(1.,0.,-0.));
#6791 = ADVANCED_FACE('',(#6792),#6799,.F.);
#6792 = FACE_BOUND('',#6793,.T.);
#6793 = EDGE_LOOP('',(#6794,#6795,#6796,#6797,#6798));
#6794 = ORIENTED_EDGE('',*,*,#5533,.T.);
#6795 = ORIENTED_EDGE('',*,*,#5736,.T.);
#6796 = ORIENTED_EDGE('',*,*,#5712,.T.);
#6797 = ORIENTED_EDGE('',*,*,#5638,.T.);
#6798 = ORIENTED_EDGE('',*,*,#5564,.T.);
#6799 = PLANE('',#6800);
#6800 = AXIS2_PLACEMENT_3D('',#6801,#6802,#6803);
#6801 = CARTESIAN_POINT('',(0.,0.,0.));
#6802 = DIRECTION('',(0.,0.,1.));
#6803 = DIRECTION('',(1.,0.,-0.));
#6804 = ADVANCED_FACE('',(#6805),#6811,.F.);
#6805 = FACE_BOUND('',#6806,.T.);
#6806 = EDGE_LOOP('',(#6807,#6808,#6809,#6810));
#6807 = ORIENTED_EDGE('',*,*,#4105,.F.);
#6808 = ORIENTED_EDGE('',*,*,#4081,.F.);
#6809 = ORIENTED_EDGE('',*,*,#1960,.F.);
#6810 = ORIENTED_EDGE('',*,*,#4004,.F.);
#6811 = PLANE('',#6812);
#6812 = AXIS2_PLACEMENT_3D('',#6813,#6814,#6815);
#6813 = CARTESIAN_POINT('',(-0.6,-0.65,-1.E-02));
#6814 = DIRECTION('',(-0.707106781187,-0.707106781187,0.));
#6815 = DIRECTION('',(0.,0.,1.));
#6816 = ADVANCED_FACE('',(#6817),#6842,.F.);
#6817 = FACE_BOUND('',#6818,.T.);
#6818 = EDGE_LOOP('',(#6819,#6820,#6828,#6836));
#6819 = ORIENTED_EDGE('',*,*,#858,.T.);
#6820 = ORIENTED_EDGE('',*,*,#6821,.F.);
#6821 = EDGE_CURVE('',#6822,#849,#6824,.T.);
#6822 = VERTEX_POINT('',#6823);
#6823 = CARTESIAN_POINT('',(0.839056829259,0.739102908229,0.709999999999
    ));
#6824 = LINE('',#6825,#6826);
#6825 = CARTESIAN_POINT('',(0.839056829259,0.739102908229,0.709999999999
    ));
#6826 = VECTOR('',#6827,1.);
#6827 = DIRECTION('',(0.,0.,-1.));
#6828 = ORIENTED_EDGE('',*,*,#6829,.F.);
#6829 = EDGE_CURVE('',#6830,#6822,#6832,.T.);
#6830 = VERTEX_POINT('',#6831);
#6831 = CARTESIAN_POINT('',(0.839056829259,0.727509607462,0.709999999999
    ));
#6832 = LINE('',#6833,#6834);
#6833 = CARTESIAN_POINT('',(0.839056829259,0.739102908229,0.709999999999
    ));
#6834 = VECTOR('',#6835,1.);
#6835 = DIRECTION('',(0.,1.,0.));
#6836 = ORIENTED_EDGE('',*,*,#6837,.T.);
#6837 = EDGE_CURVE('',#6830,#859,#6838,.T.);
#6838 = LINE('',#6839,#6840);
#6839 = CARTESIAN_POINT('',(0.839056829259,0.727509607462,0.709999999999
    ));
#6840 = VECTOR('',#6841,1.);
#6841 = DIRECTION('',(0.,0.,-1.));
#6842 = PLANE('',#6843);
#6843 = AXIS2_PLACEMENT_3D('',#6844,#6845,#6846);
#6844 = CARTESIAN_POINT('',(0.839056829259,0.739102908229,0.709999999999
    ));
#6845 = DIRECTION('',(-1.,0.,0.));
#6846 = DIRECTION('',(0.,0.,1.));
#6847 = ADVANCED_FACE('',(#6848),#6866,.F.);
#6848 = FACE_BOUND('',#6849,.T.);
#6849 = EDGE_LOOP('',(#6850,#6851,#6859,#6865));
#6850 = ORIENTED_EDGE('',*,*,#848,.T.);
#6851 = ORIENTED_EDGE('',*,*,#6852,.F.);
#6852 = EDGE_CURVE('',#6853,#851,#6855,.T.);
#6853 = VERTEX_POINT('',#6854);
#6854 = CARTESIAN_POINT('',(0.798558258418,0.739102908229,0.709999999999
    ));
#6855 = LINE('',#6856,#6857);
#6856 = CARTESIAN_POINT('',(0.798558258418,0.739102908229,0.709999999999
    ));
#6857 = VECTOR('',#6858,1.);
#6858 = DIRECTION('',(0.,0.,-1.));
#6859 = ORIENTED_EDGE('',*,*,#6860,.F.);
#6860 = EDGE_CURVE('',#6822,#6853,#6861,.T.);
#6861 = LINE('',#6862,#6863);
#6862 = CARTESIAN_POINT('',(0.798558258418,0.739102908229,0.709999999999
    ));
#6863 = VECTOR('',#6864,1.);
#6864 = DIRECTION('',(-1.,0.,0.));
#6865 = ORIENTED_EDGE('',*,*,#6821,.T.);
#6866 = PLANE('',#6867);
#6867 = AXIS2_PLACEMENT_3D('',#6868,#6869,#6870);
#6868 = CARTESIAN_POINT('',(0.798558258418,0.739102908229,0.709999999999
    ));
#6869 = DIRECTION('',(0.,-1.,0.));
#6870 = DIRECTION('',(0.,0.,-1.));
#6871 = ADVANCED_FACE('',(#6872),#6890,.F.);
#6872 = FACE_BOUND('',#6873,.T.);
#6873 = EDGE_LOOP('',(#6874,#6875,#6883,#6889));
#6874 = ORIENTED_EDGE('',*,*,#890,.T.);
#6875 = ORIENTED_EDGE('',*,*,#6876,.F.);
#6876 = EDGE_CURVE('',#6877,#883,#6879,.T.);
#6877 = VERTEX_POINT('',#6878);
#6878 = CARTESIAN_POINT('',(0.798558258418,0.829197931677,0.709999999999
    ));
#6879 = LINE('',#6880,#6881);
#6880 = CARTESIAN_POINT('',(0.798558258418,0.829197931677,0.709999999999
    ));
#6881 = VECTOR('',#6882,1.);
#6882 = DIRECTION('',(0.,0.,-1.));
#6883 = ORIENTED_EDGE('',*,*,#6884,.F.);
#6884 = EDGE_CURVE('',#6853,#6877,#6885,.T.);
#6885 = LINE('',#6886,#6887);
#6886 = CARTESIAN_POINT('',(0.798558258418,0.829197931677,0.709999999999
    ));
#6887 = VECTOR('',#6888,1.);
#6888 = DIRECTION('',(0.,1.,0.));
#6889 = ORIENTED_EDGE('',*,*,#6852,.T.);
#6890 = PLANE('',#6891);
#6891 = AXIS2_PLACEMENT_3D('',#6892,#6893,#6894);
#6892 = CARTESIAN_POINT('',(0.798558258418,0.829197931677,0.709999999999
    ));
#6893 = DIRECTION('',(-1.,0.,0.));
#6894 = DIRECTION('',(0.,0.,1.));
#6895 = ADVANCED_FACE('',(#6896),#6914,.F.);
#6896 = FACE_BOUND('',#6897,.T.);
#6897 = EDGE_LOOP('',(#6898,#6899,#6907,#6913));
#6898 = ORIENTED_EDGE('',*,*,#882,.T.);
#6899 = ORIENTED_EDGE('',*,*,#6900,.F.);
#6900 = EDGE_CURVE('',#6901,#875,#6903,.T.);
#6901 = VERTEX_POINT('',#6902);
#6902 = CARTESIAN_POINT('',(0.785431314725,0.829197931677,0.709999999999
    ));
#6903 = LINE('',#6904,#6905);
#6904 = CARTESIAN_POINT('',(0.785431314725,0.829197931677,0.709999999999
    ));
#6905 = VECTOR('',#6906,1.);
#6906 = DIRECTION('',(0.,0.,-1.));
#6907 = ORIENTED_EDGE('',*,*,#6908,.F.);
#6908 = EDGE_CURVE('',#6877,#6901,#6909,.T.);
#6909 = LINE('',#6910,#6911);
#6910 = CARTESIAN_POINT('',(0.785431314725,0.829197931677,0.709999999999
    ));
#6911 = VECTOR('',#6912,1.);
#6912 = DIRECTION('',(-1.,0.,0.));
#6913 = ORIENTED_EDGE('',*,*,#6876,.T.);
#6914 = PLANE('',#6915);
#6915 = AXIS2_PLACEMENT_3D('',#6916,#6917,#6918);
#6916 = CARTESIAN_POINT('',(0.785431314725,0.829197931677,0.709999999999
    ));
#6917 = DIRECTION('',(0.,-1.,0.));
#6918 = DIRECTION('',(0.,0.,-1.));
#6919 = ADVANCED_FACE('',(#6920),#6938,.F.);
#6920 = FACE_BOUND('',#6921,.T.);
#6921 = EDGE_LOOP('',(#6922,#6923,#6931,#6937));
#6922 = ORIENTED_EDGE('',*,*,#874,.T.);
#6923 = ORIENTED_EDGE('',*,*,#6924,.F.);
#6924 = EDGE_CURVE('',#6925,#867,#6927,.T.);
#6925 = VERTEX_POINT('',#6926);
#6926 = CARTESIAN_POINT('',(0.785431314725,0.727509607462,0.709999999999
    ));
#6927 = LINE('',#6928,#6929);
#6928 = CARTESIAN_POINT('',(0.785431314725,0.727509607462,0.709999999999
    ));
#6929 = VECTOR('',#6930,1.);
#6930 = DIRECTION('',(0.,0.,-1.));
#6931 = ORIENTED_EDGE('',*,*,#6932,.F.);
#6932 = EDGE_CURVE('',#6901,#6925,#6933,.T.);
#6933 = LINE('',#6934,#6935);
#6934 = CARTESIAN_POINT('',(0.785431314725,0.727509607462,0.709999999999
    ));
#6935 = VECTOR('',#6936,1.);
#6936 = DIRECTION('',(0.,-1.,0.));
#6937 = ORIENTED_EDGE('',*,*,#6900,.T.);
#6938 = PLANE('',#6939);
#6939 = AXIS2_PLACEMENT_3D('',#6940,#6941,#6942);
#6940 = CARTESIAN_POINT('',(0.785431314725,0.727509607462,0.709999999999
    ));
#6941 = DIRECTION('',(1.,0.,0.));
#6942 = DIRECTION('',(0.,0.,-1.));
#6943 = ADVANCED_FACE('',(#6944),#6955,.F.);
#6944 = FACE_BOUND('',#6945,.T.);
#6945 = EDGE_LOOP('',(#6946,#6947,#6948,#6954));
#6946 = ORIENTED_EDGE('',*,*,#866,.T.);
#6947 = ORIENTED_EDGE('',*,*,#6837,.F.);
#6948 = ORIENTED_EDGE('',*,*,#6949,.F.);
#6949 = EDGE_CURVE('',#6925,#6830,#6950,.T.);
#6950 = LINE('',#6951,#6952);
#6951 = CARTESIAN_POINT('',(0.839056829259,0.727509607462,0.709999999999
    ));
#6952 = VECTOR('',#6953,1.);
#6953 = DIRECTION('',(1.,0.,0.));
#6954 = ORIENTED_EDGE('',*,*,#6924,.T.);
#6955 = PLANE('',#6956);
#6956 = AXIS2_PLACEMENT_3D('',#6957,#6958,#6959);
#6957 = CARTESIAN_POINT('',(0.839056829259,0.727509607462,0.709999999999
    ));
#6958 = DIRECTION('',(0.,1.,0.));
#6959 = DIRECTION('',(0.,-0.,1.));
#6960 = ADVANCED_FACE('',(#6961),#6969,.F.);
#6961 = FACE_BOUND('',#6962,.T.);
#6962 = EDGE_LOOP('',(#6963,#6964,#6965,#6966,#6967,#6968));
#6963 = ORIENTED_EDGE('',*,*,#6829,.T.);
#6964 = ORIENTED_EDGE('',*,*,#6860,.T.);
#6965 = ORIENTED_EDGE('',*,*,#6884,.T.);
#6966 = ORIENTED_EDGE('',*,*,#6908,.T.);
#6967 = ORIENTED_EDGE('',*,*,#6932,.T.);
#6968 = ORIENTED_EDGE('',*,*,#6949,.T.);
#6969 = PLANE('',#6970);
#6970 = AXIS2_PLACEMENT_3D('',#6971,#6972,#6973);
#6971 = CARTESIAN_POINT('',(0.,0.,0.709999999999));
#6972 = DIRECTION('',(0.,0.,-1.));
#6973 = DIRECTION('',(-1.,0.,0.));
#6974 = ADVANCED_FACE('',(#6975),#7001,.F.);
#6975 = FACE_BOUND('',#6976,.F.);
#6976 = EDGE_LOOP('',(#6977,#6985,#6994,#7000));
#6977 = ORIENTED_EDGE('',*,*,#6978,.F.);
#6978 = EDGE_CURVE('',#6979,#909,#6981,.T.);
#6979 = VERTEX_POINT('',#6980);
#6980 = CARTESIAN_POINT('',(0.891200688762,0.7257940069,0.709999999999)
  );
#6981 = LINE('',#6982,#6983);
#6982 = CARTESIAN_POINT('',(0.891200688762,0.7257940069,0.709999999999)
  );
#6983 = VECTOR('',#6984,1.);
#6984 = DIRECTION('',(0.,0.,-1.));
#6985 = ORIENTED_EDGE('',*,*,#6986,.T.);
#6986 = EDGE_CURVE('',#6979,#6987,#6989,.T.);
#6987 = VERTEX_POINT('',#6988);
#6988 = CARTESIAN_POINT('',(0.919352134346,0.731720627023,0.709999999999
    ));
#6989 = B_SPLINE_CURVE_WITH_KNOTS('',3,(#6990,#6991,#6992,#6993),
  .UNSPECIFIED.,.F.,.F.,(4,4),(0.,1.),.PIECEWISE_BEZIER_KNOTS.);
#6990 = CARTESIAN_POINT('',(0.891200688762,0.7257940069,0.709999999999)
  );
#6991 = CARTESIAN_POINT('',(0.902482062154,0.7257940069,0.709999999999)
  );
#6992 = CARTESIAN_POINT('',(0.911865877349,0.72776954694,0.709999999999)
  );
#6993 = CARTESIAN_POINT('',(0.919352134346,0.731720627023,0.709999999999
    ));
#6994 = ORIENTED_EDGE('',*,*,#6995,.T.);
#6995 = EDGE_CURVE('',#6987,#899,#6996,.T.);
#6996 = LINE('',#6997,#6998);
#6997 = CARTESIAN_POINT('',(0.919352134346,0.731720627023,0.709999999999
    ));
#6998 = VECTOR('',#6999,1.);
#6999 = DIRECTION('',(0.,0.,-1.));
#7000 = ORIENTED_EDGE('',*,*,#908,.F.);
#7001 = B_SPLINE_SURFACE_WITH_KNOTS('',3,1,(
    (#7002,#7003)
    ,(#7004,#7005)
    ,(#7006,#7007)
    ,(#7008,#7009
    )),.UNSPECIFIED.,.F.,.F.,.F.,(4,4),(2,2),(0.,1.),(0.,1.),
  .PIECEWISE_BEZIER_KNOTS.);
#7002 = CARTESIAN_POINT('',(0.891200688762,0.7257940069,0.709999999999)
  );
#7003 = CARTESIAN_POINT('',(0.891200688762,0.7257940069,0.699999999999)
  );
#7004 = CARTESIAN_POINT('',(0.902482062154,0.7257940069,0.709999999999)
  );
#7005 = CARTESIAN_POINT('',(0.902482062154,0.7257940069,0.699999999999)
  );
#7006 = CARTESIAN_POINT('',(0.911865877349,0.72776954694,0.709999999999)
  );
#7007 = CARTESIAN_POINT('',(0.911865877349,0.72776954694,0.699999999999)
  );
#7008 = CARTESIAN_POINT('',(0.919352134346,0.731720627023,0.709999999999
    ));
#7009 = CARTESIAN_POINT('',(0.919352134346,0.731720627023,0.699999999999
    ));
#7010 = ADVANCED_FACE('',(#7011),#7029,.F.);
#7011 = FACE_BOUND('',#7012,.T.);
#7012 = EDGE_LOOP('',(#7013,#7014,#7022,#7028));
#7013 = ORIENTED_EDGE('',*,*,#898,.T.);
#7014 = ORIENTED_EDGE('',*,*,#7015,.F.);
#7015 = EDGE_CURVE('',#7016,#901,#7018,.T.);
#7016 = VERTEX_POINT('',#7017);
#7017 = CARTESIAN_POINT('',(0.919352134346,0.74430169781,0.709999999999)
  );
#7018 = LINE('',#7019,#7020);
#7019 = CARTESIAN_POINT('',(0.919352134346,0.74430169781,0.709999999999)
  );
#7020 = VECTOR('',#7021,1.);
#7021 = DIRECTION('',(0.,0.,-1.));
#7022 = ORIENTED_EDGE('',*,*,#7023,.F.);
#7023 = EDGE_CURVE('',#6987,#7016,#7024,.T.);
#7024 = LINE('',#7025,#7026);
#7025 = CARTESIAN_POINT('',(0.919352134346,0.74430169781,0.709999999999)
  );
#7026 = VECTOR('',#7027,1.);
#7027 = DIRECTION('',(0.,1.,0.));
#7028 = ORIENTED_EDGE('',*,*,#6995,.T.);
#7029 = PLANE('',#7030);
#7030 = AXIS2_PLACEMENT_3D('',#7031,#7032,#7033);
#7031 = CARTESIAN_POINT('',(0.919352134346,0.74430169781,0.709999999999)
  );
#7032 = DIRECTION('',(-1.,0.,0.));
#7033 = DIRECTION('',(0.,0.,1.));
#7034 = ADVANCED_FACE('',(#7035),#7054,.F.);
#7035 = FACE_BOUND('',#7036,.F.);
#7036 = EDGE_LOOP('',(#7037,#7038,#7047,#7053));
#7037 = ORIENTED_EDGE('',*,*,#7015,.F.);
#7038 = ORIENTED_EDGE('',*,*,#7039,.T.);
#7039 = EDGE_CURVE('',#7016,#7040,#7042,.T.);
#7040 = VERTEX_POINT('',#7041);
#7041 = CARTESIAN_POINT('',(0.893098246959,0.737491283458,0.709999999999
    ));
#7042 = B_SPLINE_CURVE_WITH_KNOTS('',3,(#7043,#7044,#7045,#7046),
  .UNSPECIFIED.,.F.,.F.,(4,4),(12.,13.),.PIECEWISE_BEZIER_KNOTS.);
#7043 = CARTESIAN_POINT('',(0.919352134346,0.74430169781,0.709999999999)
  );
#7044 = CARTESIAN_POINT('',(0.911917865245,0.739778750874,0.709999999999
    ));
#7045 = CARTESIAN_POINT('',(0.9031579048,0.737491283458,0.709999999999)
  );
#7046 = CARTESIAN_POINT('',(0.893098246959,0.737491283458,0.709999999999
    ));
#7047 = ORIENTED_EDGE('',*,*,#7048,.T.);
#7048 = EDGE_CURVE('',#7040,#1007,#7049,.T.);
#7049 = LINE('',#7050,#7051);
#7050 = CARTESIAN_POINT('',(0.893098246959,0.737491283458,0.709999999999
    ));
#7051 = VECTOR('',#7052,1.);
#7052 = DIRECTION('',(0.,0.,-1.));
#7053 = ORIENTED_EDGE('',*,*,#1015,.F.);
#7054 = B_SPLINE_SURFACE_WITH_KNOTS('',3,1,(
    (#7055,#7056)
    ,(#7057,#7058)
    ,(#7059,#7060)
    ,(#7061,#7062
    )),.UNSPECIFIED.,.F.,.F.,.F.,(4,4),(2,2),(12.,13.),(0.,1.),
  .PIECEWISE_BEZIER_KNOTS.);
#7055 = CARTESIAN_POINT('',(0.919352134346,0.74430169781,0.709999999999)
  );
#7056 = CARTESIAN_POINT('',(0.919352134346,0.74430169781,0.699999999999)
  );
#7057 = CARTESIAN_POINT('',(0.911917865245,0.739778750874,0.709999999999
    ));
#7058 = CARTESIAN_POINT('',(0.911917865245,0.739778750874,0.699999999999
    ));
#7059 = CARTESIAN_POINT('',(0.9031579048,0.737491283458,0.709999999999)
  );
#7060 = CARTESIAN_POINT('',(0.9031579048,0.737491283458,0.699999999999)
  );
#7061 = CARTESIAN_POINT('',(0.893098246959,0.737491283458,0.709999999999
    ));
#7062 = CARTESIAN_POINT('',(0.893098246959,0.737491283458,0.699999999999
    ));
#7063 = ADVANCED_FACE('',(#7064),#7083,.F.);
#7064 = FACE_BOUND('',#7065,.F.);
#7065 = EDGE_LOOP('',(#7066,#7067,#7076,#7082));
#7066 = ORIENTED_EDGE('',*,*,#7048,.F.);
#7067 = ORIENTED_EDGE('',*,*,#7068,.T.);
#7068 = EDGE_CURVE('',#7040,#7069,#7071,.T.);
#7069 = VERTEX_POINT('',#7070);
#7070 = CARTESIAN_POINT('',(0.866974329312,0.748200789996,0.709999999999
    ));
#7071 = B_SPLINE_CURVE_WITH_KNOTS('',3,(#7072,#7073,#7074,#7075),
  .UNSPECIFIED.,.F.,.F.,(4,4),(11.,12.),.PIECEWISE_BEZIER_KNOTS.);
#7072 = CARTESIAN_POINT('',(0.893098246959,0.737491283458,0.709999999999
    ));
#7073 = CARTESIAN_POINT('',(0.882336752525,0.737491283458,0.709999999999
    ));
#7074 = CARTESIAN_POINT('',(0.873628779976,0.741078448269,0.709999999999
    ));
#7075 = CARTESIAN_POINT('',(0.866974329312,0.748200789996,0.709999999999
    ));
#7076 = ORIENTED_EDGE('',*,*,#7077,.T.);
#7077 = EDGE_CURVE('',#7069,#998,#7078,.T.);
#7078 = LINE('',#7079,#7080);
#7079 = CARTESIAN_POINT('',(0.866974329312,0.748200789996,0.709999999999
    ));
#7080 = VECTOR('',#7081,1.);
#7081 = DIRECTION('',(0.,0.,-1.));
#7082 = ORIENTED_EDGE('',*,*,#1006,.F.);
#7083 = B_SPLINE_SURFACE_WITH_KNOTS('',3,1,(
    (#7084,#7085)
    ,(#7086,#7087)
    ,(#7088,#7089)
    ,(#7090,#7091
    )),.UNSPECIFIED.,.F.,.F.,.F.,(4,4),(2,2),(11.,12.),(0.,1.),
  .PIECEWISE_BEZIER_KNOTS.);
#7084 = CARTESIAN_POINT('',(0.893098246959,0.737491283458,0.709999999999
    ));
#7085 = CARTESIAN_POINT('',(0.893098246959,0.737491283458,0.699999999999
    ));
#7086 = CARTESIAN_POINT('',(0.882336752525,0.737491283458,0.709999999999
    ));
#7087 = CARTESIAN_POINT('',(0.882336752525,0.737491283458,0.699999999999
    ));
#7088 = CARTESIAN_POINT('',(0.873628779976,0.741078448269,0.709999999999
    ));
#7089 = CARTESIAN_POINT('',(0.873628779976,0.741078448269,0.699999999999
    ));
#7090 = CARTESIAN_POINT('',(0.866974329312,0.748200789996,0.709999999999
    ));
#7091 = CARTESIAN_POINT('',(0.866974329312,0.748200789996,0.699999999999
    ));
#7092 = ADVANCED_FACE('',(#7093),#7112,.F.);
#7093 = FACE_BOUND('',#7094,.F.);
#7094 = EDGE_LOOP('',(#7095,#7096,#7105,#7111));
#7095 = ORIENTED_EDGE('',*,*,#7077,.F.);
#7096 = ORIENTED_EDGE('',*,*,#7097,.T.);
#7097 = EDGE_CURVE('',#7069,#7098,#7100,.T.);
#7098 = VERTEX_POINT('',#7099);
#7099 = CARTESIAN_POINT('',(0.856992653315,0.777210035862,0.709999999999
    ));
#7100 = B_SPLINE_CURVE_WITH_KNOTS('',3,(#7101,#7102,#7103,#7104),
  .UNSPECIFIED.,.F.,.F.,(4,4),(10.,11.),.PIECEWISE_BEZIER_KNOTS.);
#7101 = CARTESIAN_POINT('',(0.866974329312,0.748200789996,0.709999999999
    ));
#7102 = CARTESIAN_POINT('',(0.860319878647,0.755375119619,0.709999999999
    ));
#7103 = CARTESIAN_POINT('',(0.856992653315,0.765044868241,0.709999999999
    ));
#7104 = CARTESIAN_POINT('',(0.856992653315,0.777210035862,0.709999999999
    ));
#7105 = ORIENTED_EDGE('',*,*,#7106,.T.);
#7106 = EDGE_CURVE('',#7098,#989,#7107,.T.);
#7107 = LINE('',#7108,#7109);
#7108 = CARTESIAN_POINT('',(0.856992653315,0.777210035862,0.709999999999
    ));
#7109 = VECTOR('',#7110,1.);
#7110 = DIRECTION('',(0.,0.,-1.));
#7111 = ORIENTED_EDGE('',*,*,#997,.F.);
#7112 = B_SPLINE_SURFACE_WITH_KNOTS('',3,1,(
    (#7113,#7114)
    ,(#7115,#7116)
    ,(#7117,#7118)
    ,(#7119,#7120
    )),.UNSPECIFIED.,.F.,.F.,.F.,(4,4),(2,2),(10.,11.),(0.,1.),
  .PIECEWISE_BEZIER_KNOTS.);
#7113 = CARTESIAN_POINT('',(0.866974329312,0.748200789996,0.709999999999
    ));
#7114 = CARTESIAN_POINT('',(0.866974329312,0.748200789996,0.699999999999
    ));
#7115 = CARTESIAN_POINT('',(0.860319878647,0.755375119619,0.709999999999
    ));
#7116 = CARTESIAN_POINT('',(0.860319878647,0.755375119619,0.699999999999
    ));
#7117 = CARTESIAN_POINT('',(0.856992653315,0.765044868241,0.709999999999
    ));
#7118 = CARTESIAN_POINT('',(0.856992653315,0.765044868241,0.699999999999
    ));
#7119 = CARTESIAN_POINT('',(0.856992653315,0.777210035862,0.709999999999
    ));
#7120 = CARTESIAN_POINT('',(0.856992653315,0.777210035862,0.699999999999
    ));
#7121 = ADVANCED_FACE('',(#7122),#7141,.F.);
#7122 = FACE_BOUND('',#7123,.F.);
#7123 = EDGE_LOOP('',(#7124,#7125,#7134,#7140));
#7124 = ORIENTED_EDGE('',*,*,#7106,.F.);
#7125 = ORIENTED_EDGE('',*,*,#7126,.T.);
#7126 = EDGE_CURVE('',#7098,#7127,#7129,.T.);
#7127 = VERTEX_POINT('',#7128);
#7128 = CARTESIAN_POINT('',(0.867676165905,0.807778918601,0.709999999999
    ));
#7129 = B_SPLINE_CURVE_WITH_KNOTS('',3,(#7130,#7131,#7132,#7133),
  .UNSPECIFIED.,.F.,.F.,(4,4),(9.,10.),.PIECEWISE_BEZIER_KNOTS.);
#7130 = CARTESIAN_POINT('',(0.856992653315,0.777210035862,0.709999999999
    ));
#7131 = CARTESIAN_POINT('',(0.856992653315,0.789999058232,0.709999999999
    ));
#7132 = CARTESIAN_POINT('',(0.860553824179,0.800188685812,0.709999999999
    ));
#7133 = CARTESIAN_POINT('',(0.867676165905,0.807778918601,0.709999999999
    ));
#7134 = ORIENTED_EDGE('',*,*,#7135,.T.);
#7135 = EDGE_CURVE('',#7127,#980,#7136,.T.);
#7136 = LINE('',#7137,#7138);
#7137 = CARTESIAN_POINT('',(0.867676165905,0.807778918601,0.709999999999
    ));
#7138 = VECTOR('',#7139,1.);
#7139 = DIRECTION('',(0.,0.,-1.));
#7140 = ORIENTED_EDGE('',*,*,#988,.F.);
#7141 = B_SPLINE_SURFACE_WITH_KNOTS('',3,1,(
    (#7142,#7143)
    ,(#7144,#7145)
    ,(#7146,#7147)
    ,(#7148,#7149
    )),.UNSPECIFIED.,.F.,.F.,.F.,(4,4),(2,2),(9.,10.),(0.,1.),
  .PIECEWISE_BEZIER_KNOTS.);
#7142 = CARTESIAN_POINT('',(0.856992653315,0.777210035862,0.709999999999
    ));
#7143 = CARTESIAN_POINT('',(0.856992653315,0.777210035862,0.699999999999
    ));
#7144 = CARTESIAN_POINT('',(0.856992653315,0.789999058232,0.709999999999
    ));
#7145 = CARTESIAN_POINT('',(0.856992653315,0.789999058232,0.699999999999
    ));
#7146 = CARTESIAN_POINT('',(0.860553824179,0.800188685812,0.709999999999
    ));
#7147 = CARTESIAN_POINT('',(0.860553824179,0.800188685812,0.699999999999
    ));
#7148 = CARTESIAN_POINT('',(0.867676165905,0.807778918601,0.709999999999
    ));
#7149 = CARTESIAN_POINT('',(0.867676165905,0.807778918601,0.699999999999
    ));
#7150 = ADVANCED_FACE('',(#7151),#7170,.F.);
#7151 = FACE_BOUND('',#7152,.F.);
#7152 = EDGE_LOOP('',(#7153,#7154,#7163,#7169));
#7153 = ORIENTED_EDGE('',*,*,#7135,.F.);
#7154 = ORIENTED_EDGE('',*,*,#7155,.T.);
#7155 = EDGE_CURVE('',#7127,#7156,#7158,.T.);
#7156 = VERTEX_POINT('',#7157);
#7157 = CARTESIAN_POINT('',(0.895385714375,0.819060291993,0.709999999999
    ));
#7158 = B_SPLINE_CURVE_WITH_KNOTS('',3,(#7159,#7160,#7161,#7162),
  .UNSPECIFIED.,.F.,.F.,(4,4),(8.,9.),.PIECEWISE_BEZIER_KNOTS.);
#7159 = CARTESIAN_POINT('',(0.867676165905,0.807778918601,0.709999999999
    ));
#7160 = CARTESIAN_POINT('',(0.87482450158,0.815317163494,0.709999999999)
  );
#7161 = CARTESIAN_POINT('',(0.884052353088,0.819060291993,0.709999999999
    ));
#7162 = CARTESIAN_POINT('',(0.895385714375,0.819060291993,0.709999999999
    ));
#7163 = ORIENTED_EDGE('',*,*,#7164,.T.);
#7164 = EDGE_CURVE('',#7156,#971,#7165,.T.);
#7165 = LINE('',#7166,#7167);
#7166 = CARTESIAN_POINT('',(0.895385714375,0.819060291993,0.709999999999
    ));
#7167 = VECTOR('',#7168,1.);
#7168 = DIRECTION('',(0.,0.,-1.));
#7169 = ORIENTED_EDGE('',*,*,#979,.F.);
#7170 = B_SPLINE_SURFACE_WITH_KNOTS('',3,1,(
    (#7171,#7172)
    ,(#7173,#7174)
    ,(#7175,#7176)
    ,(#7177,#7178
    )),.UNSPECIFIED.,.F.,.F.,.F.,(4,4),(2,2),(8.,9.),(0.,1.),
  .PIECEWISE_BEZIER_KNOTS.);
#7171 = CARTESIAN_POINT('',(0.867676165905,0.807778918601,0.709999999999
    ));
#7172 = CARTESIAN_POINT('',(0.867676165905,0.807778918601,0.699999999999
    ));
#7173 = CARTESIAN_POINT('',(0.87482450158,0.815317163494,0.709999999999)
  );
#7174 = CARTESIAN_POINT('',(0.87482450158,0.815317163494,0.699999999999)
  );
#7175 = CARTESIAN_POINT('',(0.884052353088,0.819060291993,0.709999999999
    ));
#7176 = CARTESIAN_POINT('',(0.884052353088,0.819060291993,0.699999999999
    ));
#7177 = CARTESIAN_POINT('',(0.895385714375,0.819060291993,0.709999999999
    ));
#7178 = CARTESIAN_POINT('',(0.895385714375,0.819060291993,0.699999999999
    ));
#7179 = ADVANCED_FACE('',(#7180),#7199,.F.);
#7180 = FACE_BOUND('',#7181,.F.);
#7181 = EDGE_LOOP('',(#7182,#7183,#7192,#7198));
#7182 = ORIENTED_EDGE('',*,*,#7164,.F.);
#7183 = ORIENTED_EDGE('',*,*,#7184,.T.);
#7184 = EDGE_CURVE('',#7156,#7185,#7187,.T.);
#7185 = VERTEX_POINT('',#7186);
#7186 = CARTESIAN_POINT('',(0.919352134346,0.813029696079,0.709999999999
    ));
#7187 = B_SPLINE_CURVE_WITH_KNOTS('',3,(#7188,#7189,#7190,#7191),
  .UNSPECIFIED.,.F.,.F.,(4,4),(7.,8.),.PIECEWISE_BEZIER_KNOTS.);
#7188 = CARTESIAN_POINT('',(0.895385714375,0.819060291993,0.709999999999
    ));
#7189 = CARTESIAN_POINT('',(0.904093686924,0.819060291993,0.709999999999
    ));
#7190 = CARTESIAN_POINT('',(0.912073828932,0.817084751952,0.709999999999
    ));
#7191 = CARTESIAN_POINT('',(0.919352134346,0.813029696079,0.709999999999
    ));
#7192 = ORIENTED_EDGE('',*,*,#7193,.T.);
#7193 = EDGE_CURVE('',#7185,#963,#7194,.T.);
#7194 = LINE('',#7195,#7196);
#7195 = CARTESIAN_POINT('',(0.919352134346,0.813029696079,0.709999999999
    ));
#7196 = VECTOR('',#7197,1.);
#7197 = DIRECTION('',(0.,0.,-1.));
#7198 = ORIENTED_EDGE('',*,*,#970,.F.);
#7199 = B_SPLINE_SURFACE_WITH_KNOTS('',3,1,(
    (#7200,#7201)
    ,(#7202,#7203)
    ,(#7204,#7205)
    ,(#7206,#7207
    )),.UNSPECIFIED.,.F.,.F.,.F.,(4,4),(2,2),(7.,8.),(0.,1.),
  .PIECEWISE_BEZIER_KNOTS.);
#7200 = CARTESIAN_POINT('',(0.895385714375,0.819060291993,0.709999999999
    ));
#7201 = CARTESIAN_POINT('',(0.895385714375,0.819060291993,0.699999999999
    ));
#7202 = CARTESIAN_POINT('',(0.904093686924,0.819060291993,0.709999999999
    ));
#7203 = CARTESIAN_POINT('',(0.904093686924,0.819060291993,0.699999999999
    ));
#7204 = CARTESIAN_POINT('',(0.912073828932,0.817084751952,0.709999999999
    ));
#7205 = CARTESIAN_POINT('',(0.912073828932,0.817084751952,0.699999999999
    ));
#7206 = CARTESIAN_POINT('',(0.919352134346,0.813029696079,0.709999999999
    ));
#7207 = CARTESIAN_POINT('',(0.919352134346,0.813029696079,0.699999999999
    ));
#7208 = ADVANCED_FACE('',(#7209),#7227,.F.);
#7209 = FACE_BOUND('',#7210,.T.);
#7210 = EDGE_LOOP('',(#7211,#7212,#7220,#7226));
#7211 = ORIENTED_EDGE('',*,*,#962,.T.);
#7212 = ORIENTED_EDGE('',*,*,#7213,.F.);
#7213 = EDGE_CURVE('',#7214,#954,#7216,.T.);
#7214 = VERTEX_POINT('',#7215);
#7215 = CARTESIAN_POINT('',(0.919352134346,0.826754500574,0.709999999999
    ));
#7216 = LINE('',#7217,#7218);
#7217 = CARTESIAN_POINT('',(0.919352134346,0.826754500574,0.709999999999
    ));
#7218 = VECTOR('',#7219,1.);
#7219 = DIRECTION('',(0.,0.,-1.));
#7220 = ORIENTED_EDGE('',*,*,#7221,.F.);
#7221 = EDGE_CURVE('',#7185,#7214,#7222,.T.);
#7222 = LINE('',#7223,#7224);
#7223 = CARTESIAN_POINT('',(0.919352134346,0.826754500574,0.709999999999
    ));
#7224 = VECTOR('',#7225,1.);
#7225 = DIRECTION('',(0.,1.,0.));
#7226 = ORIENTED_EDGE('',*,*,#7193,.T.);
#7227 = PLANE('',#7228);
#7228 = AXIS2_PLACEMENT_3D('',#7229,#7230,#7231);
#7229 = CARTESIAN_POINT('',(0.919352134346,0.826754500574,0.709999999999
    ));
#7230 = DIRECTION('',(-1.,0.,0.));
#7231 = DIRECTION('',(0.,0.,1.));
#7232 = ADVANCED_FACE('',(#7233),#7252,.F.);
#7233 = FACE_BOUND('',#7234,.F.);
#7234 = EDGE_LOOP('',(#7235,#7236,#7245,#7251));
#7235 = ORIENTED_EDGE('',*,*,#7213,.F.);
#7236 = ORIENTED_EDGE('',*,*,#7237,.T.);
#7237 = EDGE_CURVE('',#7214,#7238,#7240,.T.);
#7238 = VERTEX_POINT('',#7239);
#7239 = CARTESIAN_POINT('',(0.895255744636,0.830913532239,0.709999999999
    ));
#7240 = B_SPLINE_CURVE_WITH_KNOTS('',3,(#7241,#7242,#7243,#7244),
  .UNSPECIFIED.,.F.,.F.,(4,4),(5.,6.),.PIECEWISE_BEZIER_KNOTS.);
#7241 = CARTESIAN_POINT('',(0.919352134346,0.826754500574,0.709999999999
    ));
#7242 = CARTESIAN_POINT('',(0.913009611057,0.829509859053,0.709999999999
    ));
#7243 = CARTESIAN_POINT('',(0.904977481153,0.830913532239,0.709999999999
    ));
#7244 = CARTESIAN_POINT('',(0.895255744636,0.830913532239,0.709999999999
    ));
#7245 = ORIENTED_EDGE('',*,*,#7246,.T.);
#7246 = EDGE_CURVE('',#7238,#945,#7247,.T.);
#7247 = LINE('',#7248,#7249);
#7248 = CARTESIAN_POINT('',(0.895255744636,0.830913532239,0.709999999999
    ));
#7249 = VECTOR('',#7250,1.);
#7250 = DIRECTION('',(0.,0.,-1.));
#7251 = ORIENTED_EDGE('',*,*,#953,.F.);
#7252 = B_SPLINE_SURFACE_WITH_KNOTS('',3,1,(
    (#7253,#7254)
    ,(#7255,#7256)
    ,(#7257,#7258)
    ,(#7259,#7260
    )),.UNSPECIFIED.,.F.,.F.,.F.,(4,4),(2,2),(5.,6.),(0.,1.),
  .PIECEWISE_BEZIER_KNOTS.);
#7253 = CARTESIAN_POINT('',(0.919352134346,0.826754500574,0.709999999999
    ));
#7254 = CARTESIAN_POINT('',(0.919352134346,0.826754500574,0.699999999999
    ));
#7255 = CARTESIAN_POINT('',(0.913009611057,0.829509859053,0.709999999999
    ));
#7256 = CARTESIAN_POINT('',(0.913009611057,0.829509859053,0.699999999999
    ));
#7257 = CARTESIAN_POINT('',(0.904977481153,0.830913532239,0.709999999999
    ));
#7258 = CARTESIAN_POINT('',(0.904977481153,0.830913532239,0.699999999999
    ));
#7259 = CARTESIAN_POINT('',(0.895255744636,0.830913532239,0.709999999999
    ));
#7260 = CARTESIAN_POINT('',(0.895255744636,0.830913532239,0.699999999999
    ));
#7261 = ADVANCED_FACE('',(#7262),#7281,.F.);
#7262 = FACE_BOUND('',#7263,.F.);
#7263 = EDGE_LOOP('',(#7264,#7265,#7274,#7280));
#7264 = ORIENTED_EDGE('',*,*,#7246,.F.);
#7265 = ORIENTED_EDGE('',*,*,#7266,.T.);
#7266 = EDGE_CURVE('',#7238,#7267,#7269,.T.);
#7267 = VERTEX_POINT('',#7268);
#7268 = CARTESIAN_POINT('',(0.857902441492,0.815941018244,0.709999999999
    ));
#7269 = B_SPLINE_CURVE_WITH_KNOTS('',3,(#7270,#7271,#7272,#7273),
  .UNSPECIFIED.,.F.,.F.,(4,4),(4.,5.),.PIECEWISE_BEZIER_KNOTS.);
#7270 = CARTESIAN_POINT('',(0.895255744636,0.830913532239,0.709999999999
    ));
#7271 = CARTESIAN_POINT('',(0.880153260901,0.830913532239,0.709999999999
    ));
#7272 = CARTESIAN_POINT('',(0.867702159853,0.825922694241,0.709999999999
    ));
#7273 = CARTESIAN_POINT('',(0.857902441492,0.815941018244,0.709999999999
    ));
#7274 = ORIENTED_EDGE('',*,*,#7275,.T.);
#7275 = EDGE_CURVE('',#7267,#936,#7276,.T.);
#7276 = LINE('',#7277,#7278);
#7277 = CARTESIAN_POINT('',(0.857902441492,0.815941018244,0.709999999999
    ));
#7278 = VECTOR('',#7279,1.);
#7279 = DIRECTION('',(0.,0.,-1.));
#7280 = ORIENTED_EDGE('',*,*,#944,.F.);
#7281 = B_SPLINE_SURFACE_WITH_KNOTS('',3,1,(
    (#7282,#7283)
    ,(#7284,#7285)
    ,(#7286,#7287)
    ,(#7288,#7289
    )),.UNSPECIFIED.,.F.,.F.,.F.,(4,4),(2,2),(4.,5.),(0.,1.),
  .PIECEWISE_BEZIER_KNOTS.);
#7282 = CARTESIAN_POINT('',(0.895255744636,0.830913532239,0.709999999999
    ));
#7283 = CARTESIAN_POINT('',(0.895255744636,0.830913532239,0.699999999999
    ));
#7284 = CARTESIAN_POINT('',(0.880153260901,0.830913532239,0.709999999999
    ));
#7285 = CARTESIAN_POINT('',(0.880153260901,0.830913532239,0.699999999999
    ));
#7286 = CARTESIAN_POINT('',(0.867702159853,0.825922694241,0.709999999999
    ));
#7287 = CARTESIAN_POINT('',(0.867702159853,0.825922694241,0.699999999999
    ));
#7288 = CARTESIAN_POINT('',(0.857902441492,0.815941018244,0.709999999999
    ));
#7289 = CARTESIAN_POINT('',(0.857902441492,0.815941018244,0.699999999999
    ));
#7290 = ADVANCED_FACE('',(#7291),#7310,.F.);
#7291 = FACE_BOUND('',#7292,.F.);
#7292 = EDGE_LOOP('',(#7293,#7294,#7303,#7309));
#7293 = ORIENTED_EDGE('',*,*,#7275,.F.);
#7294 = ORIENTED_EDGE('',*,*,#7295,.T.);
#7295 = EDGE_CURVE('',#7267,#7296,#7298,.T.);
#7296 = VERTEX_POINT('',#7297);
#7297 = CARTESIAN_POINT('',(0.843215860924,0.776430217424,0.709999999999
    ));
#7298 = B_SPLINE_CURVE_WITH_KNOTS('',3,(#7299,#7300,#7301,#7302),
  .UNSPECIFIED.,.F.,.F.,(4,4),(3.,4.),.PIECEWISE_BEZIER_KNOTS.);
#7299 = CARTESIAN_POINT('',(0.857902441492,0.815941018244,0.709999999999
    ));
#7300 = CARTESIAN_POINT('',(0.848102723131,0.805959342248,0.709999999999
    ));
#7301 = CARTESIAN_POINT('',(0.843215860924,0.792806404606,0.709999999999
    ));
#7302 = CARTESIAN_POINT('',(0.843215860924,0.776430217424,0.709999999999
    ));
#7303 = ORIENTED_EDGE('',*,*,#7304,.T.);
#7304 = EDGE_CURVE('',#7296,#927,#7305,.T.);
#7305 = LINE('',#7306,#7307);
#7306 = CARTESIAN_POINT('',(0.843215860924,0.776430217424,0.709999999999
    ));
#7307 = VECTOR('',#7308,1.);
#7308 = DIRECTION('',(0.,0.,-1.));
#7309 = ORIENTED_EDGE('',*,*,#935,.F.);
#7310 = B_SPLINE_SURFACE_WITH_KNOTS('',3,1,(
    (#7311,#7312)
    ,(#7313,#7314)
    ,(#7315,#7316)
    ,(#7317,#7318
    )),.UNSPECIFIED.,.F.,.F.,.F.,(4,4),(2,2),(3.,4.),(0.,1.),
  .PIECEWISE_BEZIER_KNOTS.);
#7311 = CARTESIAN_POINT('',(0.857902441492,0.815941018244,0.709999999999
    ));
#7312 = CARTESIAN_POINT('',(0.857902441492,0.815941018244,0.699999999999
    ));
#7313 = CARTESIAN_POINT('',(0.848102723131,0.805959342248,0.709999999999
    ));
#7314 = CARTESIAN_POINT('',(0.848102723131,0.805959342248,0.699999999999
    ));
#7315 = CARTESIAN_POINT('',(0.843215860924,0.792806404606,0.709999999999
    ));
#7316 = CARTESIAN_POINT('',(0.843215860924,0.792806404606,0.699999999999
    ));
#7317 = CARTESIAN_POINT('',(0.843215860924,0.776430217424,0.709999999999
    ));
#7318 = CARTESIAN_POINT('',(0.843215860924,0.776430217424,0.699999999999
    ));
#7319 = ADVANCED_FACE('',(#7320),#7339,.F.);
#7320 = FACE_BOUND('',#7321,.F.);
#7321 = EDGE_LOOP('',(#7322,#7323,#7332,#7338));
#7322 = ORIENTED_EDGE('',*,*,#7304,.F.);
#7323 = ORIENTED_EDGE('',*,*,#7324,.T.);
#7324 = EDGE_CURVE('',#7296,#7325,#7327,.T.);
#7325 = VERTEX_POINT('',#7326);
#7326 = CARTESIAN_POINT('',(0.856264822774,0.739674775083,0.709999999999
    ));
#7327 = B_SPLINE_CURVE_WITH_KNOTS('',3,(#7328,#7329,#7330,#7331),
  .UNSPECIFIED.,.F.,.F.,(4,4),(2.,3.),.PIECEWISE_BEZIER_KNOTS.);
#7328 = CARTESIAN_POINT('',(0.843215860924,0.776430217424,0.709999999999
    ));
#7329 = CARTESIAN_POINT('',(0.843215860924,0.76119776395,0.709999999999)
  );
#7330 = CARTESIAN_POINT('',(0.847556850224,0.748928620538,0.709999999999
    ));
#7331 = CARTESIAN_POINT('',(0.856264822774,0.739674775083,0.709999999999
    ));
#7332 = ORIENTED_EDGE('',*,*,#7333,.T.);
#7333 = EDGE_CURVE('',#7325,#918,#7334,.T.);
#7334 = LINE('',#7335,#7336);
#7335 = CARTESIAN_POINT('',(0.856264822774,0.739674775083,0.709999999999
    ));
#7336 = VECTOR('',#7337,1.);
#7337 = DIRECTION('',(0.,0.,-1.));
#7338 = ORIENTED_EDGE('',*,*,#926,.F.);
#7339 = B_SPLINE_SURFACE_WITH_KNOTS('',3,1,(
    (#7340,#7341)
    ,(#7342,#7343)
    ,(#7344,#7345)
    ,(#7346,#7347
    )),.UNSPECIFIED.,.F.,.F.,.F.,(4,4),(2,2),(2.,3.),(0.,1.),
  .PIECEWISE_BEZIER_KNOTS.);
#7340 = CARTESIAN_POINT('',(0.843215860924,0.776430217424,0.709999999999
    ));
#7341 = CARTESIAN_POINT('',(0.843215860924,0.776430217424,0.699999999999
    ));
#7342 = CARTESIAN_POINT('',(0.843215860924,0.76119776395,0.709999999999)
  );
#7343 = CARTESIAN_POINT('',(0.843215860924,0.76119776395,0.699999999999)
  );
#7344 = CARTESIAN_POINT('',(0.847556850224,0.748928620538,0.709999999999
    ));
#7345 = CARTESIAN_POINT('',(0.847556850224,0.748928620538,0.699999999999
    ));
#7346 = CARTESIAN_POINT('',(0.856264822774,0.739674775083,0.709999999999
    ));
#7347 = CARTESIAN_POINT('',(0.856264822774,0.739674775083,0.699999999999
    ));
#7348 = ADVANCED_FACE('',(#7349),#7361,.F.);
#7349 = FACE_BOUND('',#7350,.F.);
#7350 = EDGE_LOOP('',(#7351,#7352,#7359,#7360));
#7351 = ORIENTED_EDGE('',*,*,#7333,.F.);
#7352 = ORIENTED_EDGE('',*,*,#7353,.T.);
#7353 = EDGE_CURVE('',#7325,#6979,#7354,.T.);
#7354 = B_SPLINE_CURVE_WITH_KNOTS('',3,(#7355,#7356,#7357,#7358),
  .UNSPECIFIED.,.F.,.F.,(4,4),(1.,2.),.PIECEWISE_BEZIER_KNOTS.);
#7355 = CARTESIAN_POINT('',(0.856264822774,0.739674775083,0.709999999999
    ));
#7356 = CARTESIAN_POINT('',(0.864972795323,0.730420929627,0.709999999999
    ));
#7357 = CARTESIAN_POINT('',(0.876618083986,0.7257940069,0.709999999999)
  );
#7358 = CARTESIAN_POINT('',(0.891200688762,0.7257940069,0.709999999999)
  );
#7359 = ORIENTED_EDGE('',*,*,#6978,.T.);
#7360 = ORIENTED_EDGE('',*,*,#917,.F.);
#7361 = B_SPLINE_SURFACE_WITH_KNOTS('',3,1,(
    (#7362,#7363)
    ,(#7364,#7365)
    ,(#7366,#7367)
    ,(#7368,#7369
    )),.UNSPECIFIED.,.F.,.F.,.F.,(4,4),(2,2),(1.,2.),(0.,1.),
  .PIECEWISE_BEZIER_KNOTS.);
#7362 = CARTESIAN_POINT('',(0.856264822774,0.739674775083,0.709999999999
    ));
#7363 = CARTESIAN_POINT('',(0.856264822774,0.739674775083,0.699999999999
    ));
#7364 = CARTESIAN_POINT('',(0.864972795323,0.730420929627,0.709999999999
    ));
#7365 = CARTESIAN_POINT('',(0.864972795323,0.730420929627,0.699999999999
    ));
#7366 = CARTESIAN_POINT('',(0.876618083986,0.7257940069,0.709999999999)
  );
#7367 = CARTESIAN_POINT('',(0.876618083986,0.7257940069,0.699999999999)
  );
#7368 = CARTESIAN_POINT('',(0.891200688762,0.7257940069,0.709999999999)
  );
#7369 = CARTESIAN_POINT('',(0.891200688762,0.7257940069,0.699999999999)
  );
#7370 = ADVANCED_FACE('',(#7371),#7387,.T.);
#7371 = FACE_BOUND('',#7372,.T.);
#7372 = EDGE_LOOP('',(#7373,#7374,#7375,#7376,#7377,#7378,#7379,#7380,
    #7381,#7382,#7383,#7384,#7385,#7386));
#7373 = ORIENTED_EDGE('',*,*,#6986,.T.);
#7374 = ORIENTED_EDGE('',*,*,#7023,.T.);
#7375 = ORIENTED_EDGE('',*,*,#7039,.T.);
#7376 = ORIENTED_EDGE('',*,*,#7068,.T.);
#7377 = ORIENTED_EDGE('',*,*,#7097,.T.);
#7378 = ORIENTED_EDGE('',*,*,#7126,.T.);
#7379 = ORIENTED_EDGE('',*,*,#7155,.T.);
#7380 = ORIENTED_EDGE('',*,*,#7184,.T.);
#7381 = ORIENTED_EDGE('',*,*,#7221,.T.);
#7382 = ORIENTED_EDGE('',*,*,#7237,.T.);
#7383 = ORIENTED_EDGE('',*,*,#7266,.T.);
#7384 = ORIENTED_EDGE('',*,*,#7295,.T.);
#7385 = ORIENTED_EDGE('',*,*,#7324,.T.);
#7386 = ORIENTED_EDGE('',*,*,#7353,.T.);
#7387 = PLANE('',#7388);
#7388 = AXIS2_PLACEMENT_3D('',#7389,#7390,#7391);
#7389 = CARTESIAN_POINT('',(0.906699580202,0.72727566193,0.709999999999)
  );
#7390 = DIRECTION('',(0.,0.,1.));
#7391 = DIRECTION('',(1.,0.,-0.));
#7392 = ADVANCED_FACE('',(#7393),#7418,.F.);
#7393 = FACE_BOUND('',#7394,.T.);
#7394 = EDGE_LOOP('',(#7395,#7396,#7404,#7412));
#7395 = ORIENTED_EDGE('',*,*,#1034,.T.);
#7396 = ORIENTED_EDGE('',*,*,#7397,.F.);
#7397 = EDGE_CURVE('',#7398,#1025,#7400,.T.);
#7398 = VERTEX_POINT('',#7399);
#7399 = CARTESIAN_POINT('',(0.994396661956,0.739102908229,0.709999999999
    ));
#7400 = LINE('',#7401,#7402);
#7401 = CARTESIAN_POINT('',(0.994396661956,0.739102908229,0.709999999999
    ));
#7402 = VECTOR('',#7403,1.);
#7403 = DIRECTION('',(0.,0.,-1.));
#7404 = ORIENTED_EDGE('',*,*,#7405,.F.);
#7405 = EDGE_CURVE('',#7406,#7398,#7408,.T.);
#7406 = VERTEX_POINT('',#7407);
#7407 = CARTESIAN_POINT('',(0.994396661956,0.727509607462,0.709999999999
    ));
#7408 = LINE('',#7409,#7410);
#7409 = CARTESIAN_POINT('',(0.994396661956,0.739102908229,0.709999999999
    ));
#7410 = VECTOR('',#7411,1.);
#7411 = DIRECTION('',(0.,1.,0.));
#7412 = ORIENTED_EDGE('',*,*,#7413,.T.);
#7413 = EDGE_CURVE('',#7406,#1035,#7414,.T.);
#7414 = LINE('',#7415,#7416);
#7415 = CARTESIAN_POINT('',(0.994396661956,0.727509607462,0.709999999999
    ));
#7416 = VECTOR('',#7417,1.);
#7417 = DIRECTION('',(0.,0.,-1.));
#7418 = PLANE('',#7419);
#7419 = AXIS2_PLACEMENT_3D('',#7420,#7421,#7422);
#7420 = CARTESIAN_POINT('',(0.994396661956,0.739102908229,0.709999999999
    ));
#7421 = DIRECTION('',(-1.,0.,0.));
#7422 = DIRECTION('',(0.,0.,1.));
#7423 = ADVANCED_FACE('',(#7424),#7442,.F.);
#7424 = FACE_BOUND('',#7425,.T.);
#7425 = EDGE_LOOP('',(#7426,#7427,#7435,#7441));
#7426 = ORIENTED_EDGE('',*,*,#1024,.T.);
#7427 = ORIENTED_EDGE('',*,*,#7428,.F.);
#7428 = EDGE_CURVE('',#7429,#1027,#7431,.T.);
#7429 = VERTEX_POINT('',#7430);
#7430 = CARTESIAN_POINT('',(0.952832339252,0.739102908229,0.709999999999
    ));
#7431 = LINE('',#7432,#7433);
#7432 = CARTESIAN_POINT('',(0.952832339252,0.739102908229,0.709999999999
    ));
#7433 = VECTOR('',#7434,1.);
#7434 = DIRECTION('',(0.,0.,-1.));
#7435 = ORIENTED_EDGE('',*,*,#7436,.F.);
#7436 = EDGE_CURVE('',#7398,#7429,#7437,.T.);
#7437 = LINE('',#7438,#7439);
#7438 = CARTESIAN_POINT('',(0.952832339252,0.739102908229,0.709999999999
    ));
#7439 = VECTOR('',#7440,1.);
#7440 = DIRECTION('',(-1.,0.,0.));
#7441 = ORIENTED_EDGE('',*,*,#7397,.T.);
#7442 = PLANE('',#7443);
#7443 = AXIS2_PLACEMENT_3D('',#7444,#7445,#7446);
#7444 = CARTESIAN_POINT('',(0.952832339252,0.739102908229,0.709999999999
    ));
#7445 = DIRECTION('',(0.,-1.,0.));
#7446 = DIRECTION('',(0.,0.,-1.));
#7447 = ADVANCED_FACE('',(#7448),#7466,.F.);
#7448 = FACE_BOUND('',#7449,.T.);
#7449 = EDGE_LOOP('',(#7450,#7451,#7459,#7465));
#7450 = ORIENTED_EDGE('',*,*,#1114,.T.);
#7451 = ORIENTED_EDGE('',*,*,#7452,.F.);
#7452 = EDGE_CURVE('',#7453,#1107,#7455,.T.);
#7453 = VERTEX_POINT('',#7454);
#7454 = CARTESIAN_POINT('',(0.952832339252,0.773310943675,0.709999999999
    ));
#7455 = LINE('',#7456,#7457);
#7456 = CARTESIAN_POINT('',(0.952832339252,0.773310943675,0.709999999999
    ));
#7457 = VECTOR('',#7458,1.);
#7458 = DIRECTION('',(0.,0.,-1.));
#7459 = ORIENTED_EDGE('',*,*,#7460,.F.);
#7460 = EDGE_CURVE('',#7429,#7453,#7461,.T.);
#7461 = LINE('',#7462,#7463);
#7462 = CARTESIAN_POINT('',(0.952832339252,0.773310943675,0.709999999999
    ));
#7463 = VECTOR('',#7464,1.);
#7464 = DIRECTION('',(0.,1.,0.));
#7465 = ORIENTED_EDGE('',*,*,#7428,.T.);
#7466 = PLANE('',#7467);
#7467 = AXIS2_PLACEMENT_3D('',#7468,#7469,#7470);
#7468 = CARTESIAN_POINT('',(0.952832339252,0.773310943675,0.709999999999
    ));
#7469 = DIRECTION('',(-1.,0.,0.));
#7470 = DIRECTION('',(0.,0.,1.));
#7471 = ADVANCED_FACE('',(#7472),#7490,.F.);
#7472 = FACE_BOUND('',#7473,.T.);
#7473 = EDGE_LOOP('',(#7474,#7475,#7483,#7489));
#7474 = ORIENTED_EDGE('',*,*,#1106,.T.);
#7475 = ORIENTED_EDGE('',*,*,#7476,.F.);
#7476 = EDGE_CURVE('',#7477,#1099,#7479,.T.);
#7477 = VERTEX_POINT('',#7478);
#7478 = CARTESIAN_POINT('',(0.989197872375,0.773310943675,0.709999999999
    ));
#7479 = LINE('',#7480,#7481);
#7480 = CARTESIAN_POINT('',(0.989197872375,0.773310943675,0.709999999999
    ));
#7481 = VECTOR('',#7482,1.);
#7482 = DIRECTION('',(0.,0.,-1.));
#7483 = ORIENTED_EDGE('',*,*,#7484,.F.);
#7484 = EDGE_CURVE('',#7453,#7477,#7485,.T.);
#7485 = LINE('',#7486,#7487);
#7486 = CARTESIAN_POINT('',(0.989197872375,0.773310943675,0.709999999999
    ));
#7487 = VECTOR('',#7488,1.);
#7488 = DIRECTION('',(1.,0.,0.));
#7489 = ORIENTED_EDGE('',*,*,#7452,.T.);
#7490 = PLANE('',#7491);
#7491 = AXIS2_PLACEMENT_3D('',#7492,#7493,#7494);
#7492 = CARTESIAN_POINT('',(0.989197872375,0.773310943675,0.709999999999
    ));
#7493 = DIRECTION('',(0.,1.,0.));
#7494 = DIRECTION('',(0.,-0.,1.));
#7495 = ADVANCED_FACE('',(#7496),#7514,.F.);
#7496 = FACE_BOUND('',#7497,.T.);
#7497 = EDGE_LOOP('',(#7498,#7499,#7507,#7513));
#7498 = ORIENTED_EDGE('',*,*,#1098,.T.);
#7499 = ORIENTED_EDGE('',*,*,#7500,.F.);
#7500 = EDGE_CURVE('',#7501,#1091,#7503,.T.);
#7501 = VERTEX_POINT('',#7502);
#7502 = CARTESIAN_POINT('',(0.989197872375,0.784956232338,0.709999999999
    ));
#7503 = LINE('',#7504,#7505);
#7504 = CARTESIAN_POINT('',(0.989197872375,0.784956232338,0.709999999999
    ));
#7505 = VECTOR('',#7506,1.);
#7506 = DIRECTION('',(0.,0.,-1.));
#7507 = ORIENTED_EDGE('',*,*,#7508,.F.);
#7508 = EDGE_CURVE('',#7477,#7501,#7509,.T.);
#7509 = LINE('',#7510,#7511);
#7510 = CARTESIAN_POINT('',(0.989197872375,0.784956232338,0.709999999999
    ));
#7511 = VECTOR('',#7512,1.);
#7512 = DIRECTION('',(0.,1.,0.));
#7513 = ORIENTED_EDGE('',*,*,#7476,.T.);
#7514 = PLANE('',#7515);
#7515 = AXIS2_PLACEMENT_3D('',#7516,#7517,#7518);
#7516 = CARTESIAN_POINT('',(0.989197872375,0.784956232338,0.709999999999
    ));
#7517 = DIRECTION('',(-1.,0.,0.));
#7518 = DIRECTION('',(0.,0.,1.));
#7519 = ADVANCED_FACE('',(#7520),#7538,.F.);
#7520 = FACE_BOUND('',#7521,.T.);
#7521 = EDGE_LOOP('',(#7522,#7523,#7531,#7537));
#7522 = ORIENTED_EDGE('',*,*,#1090,.T.);
#7523 = ORIENTED_EDGE('',*,*,#7524,.F.);
#7524 = EDGE_CURVE('',#7525,#1083,#7527,.T.);
#7525 = VERTEX_POINT('',#7526);
#7526 = CARTESIAN_POINT('',(0.952832339252,0.784956232338,0.709999999999
    ));
#7527 = LINE('',#7528,#7529);
#7528 = CARTESIAN_POINT('',(0.952832339252,0.784956232338,0.709999999999
    ));
#7529 = VECTOR('',#7530,1.);
#7530 = DIRECTION('',(0.,0.,-1.));
#7531 = ORIENTED_EDGE('',*,*,#7532,.F.);
#7532 = EDGE_CURVE('',#7501,#7525,#7533,.T.);
#7533 = LINE('',#7534,#7535);
#7534 = CARTESIAN_POINT('',(0.952832339252,0.784956232338,0.709999999999
    ));
#7535 = VECTOR('',#7536,1.);
#7536 = DIRECTION('',(-1.,0.,0.));
#7537 = ORIENTED_EDGE('',*,*,#7500,.T.);
#7538 = PLANE('',#7539);
#7539 = AXIS2_PLACEMENT_3D('',#7540,#7541,#7542);
#7540 = CARTESIAN_POINT('',(0.952832339252,0.784956232338,0.709999999999
    ));
#7541 = DIRECTION('',(0.,-1.,0.));
#7542 = DIRECTION('',(0.,0.,-1.));
#7543 = ADVANCED_FACE('',(#7544),#7562,.F.);
#7544 = FACE_BOUND('',#7545,.T.);
#7545 = EDGE_LOOP('',(#7546,#7547,#7555,#7561));
#7546 = ORIENTED_EDGE('',*,*,#1082,.T.);
#7547 = ORIENTED_EDGE('',*,*,#7548,.F.);
#7548 = EDGE_CURVE('',#7549,#1075,#7551,.T.);
#7549 = VERTEX_POINT('',#7550);
#7550 = CARTESIAN_POINT('',(0.952832339252,0.817500655119,0.709999999999
    ));
#7551 = LINE('',#7552,#7553);
#7552 = CARTESIAN_POINT('',(0.952832339252,0.817500655119,0.709999999999
    ));
#7553 = VECTOR('',#7554,1.);
#7554 = DIRECTION('',(0.,0.,-1.));
#7555 = ORIENTED_EDGE('',*,*,#7556,.F.);
#7556 = EDGE_CURVE('',#7525,#7549,#7557,.T.);
#7557 = LINE('',#7558,#7559);
#7558 = CARTESIAN_POINT('',(0.952832339252,0.817500655119,0.709999999999
    ));
#7559 = VECTOR('',#7560,1.);
#7560 = DIRECTION('',(0.,1.,0.));
#7561 = ORIENTED_EDGE('',*,*,#7524,.T.);
#7562 = PLANE('',#7563);
#7563 = AXIS2_PLACEMENT_3D('',#7564,#7565,#7566);
#7564 = CARTESIAN_POINT('',(0.952832339252,0.817500655119,0.709999999999
    ));
#7565 = DIRECTION('',(-1.,0.,0.));
#7566 = DIRECTION('',(0.,0.,1.));
#7567 = ADVANCED_FACE('',(#7568),#7586,.F.);
#7568 = FACE_BOUND('',#7569,.T.);
#7569 = EDGE_LOOP('',(#7570,#7571,#7579,#7585));
#7570 = ORIENTED_EDGE('',*,*,#1074,.T.);
#7571 = ORIENTED_EDGE('',*,*,#7572,.F.);
#7572 = EDGE_CURVE('',#7573,#1067,#7575,.T.);
#7573 = VERTEX_POINT('',#7574);
#7574 = CARTESIAN_POINT('',(0.992083200593,0.817500655119,0.709999999999
    ));
#7575 = LINE('',#7576,#7577);
#7576 = CARTESIAN_POINT('',(0.992083200593,0.817500655119,0.709999999999
    ));
#7577 = VECTOR('',#7578,1.);
#7578 = DIRECTION('',(0.,0.,-1.));
#7579 = ORIENTED_EDGE('',*,*,#7580,.F.);
#7580 = EDGE_CURVE('',#7549,#7573,#7581,.T.);
#7581 = LINE('',#7582,#7583);
#7582 = CARTESIAN_POINT('',(0.992083200593,0.817500655119,0.709999999999
    ));
#7583 = VECTOR('',#7584,1.);
#7584 = DIRECTION('',(1.,0.,0.));
#7585 = ORIENTED_EDGE('',*,*,#7548,.T.);
#7586 = PLANE('',#7587);
#7587 = AXIS2_PLACEMENT_3D('',#7588,#7589,#7590);
#7588 = CARTESIAN_POINT('',(0.992083200593,0.817500655119,0.709999999999
    ));
#7589 = DIRECTION('',(0.,1.,0.));
#7590 = DIRECTION('',(0.,-0.,1.));
#7591 = ADVANCED_FACE('',(#7592),#7610,.F.);
#7592 = FACE_BOUND('',#7593,.T.);
#7593 = EDGE_LOOP('',(#7594,#7595,#7603,#7609));
#7594 = ORIENTED_EDGE('',*,*,#1066,.T.);
#7595 = ORIENTED_EDGE('',*,*,#7596,.F.);
#7596 = EDGE_CURVE('',#7597,#1059,#7599,.T.);
#7597 = VERTEX_POINT('',#7598);
#7598 = CARTESIAN_POINT('',(0.992083200593,0.829197931677,0.709999999999
    ));
#7599 = LINE('',#7600,#7601);
#7600 = CARTESIAN_POINT('',(0.992083200593,0.829197931677,0.709999999999
    ));
#7601 = VECTOR('',#7602,1.);
#7602 = DIRECTION('',(0.,0.,-1.));
#7603 = ORIENTED_EDGE('',*,*,#7604,.F.);
#7604 = EDGE_CURVE('',#7573,#7597,#7605,.T.);
#7605 = LINE('',#7606,#7607);
#7606 = CARTESIAN_POINT('',(0.992083200593,0.829197931677,0.709999999999
    ));
#7607 = VECTOR('',#7608,1.);
#7608 = DIRECTION('',(0.,1.,0.));
#7609 = ORIENTED_EDGE('',*,*,#7572,.T.);
#7610 = PLANE('',#7611);
#7611 = AXIS2_PLACEMENT_3D('',#7612,#7613,#7614);
#7612 = CARTESIAN_POINT('',(0.992083200593,0.829197931677,0.709999999999
    ));
#7613 = DIRECTION('',(-1.,0.,0.));
#7614 = DIRECTION('',(0.,0.,1.));
#7615 = ADVANCED_FACE('',(#7616),#7634,.F.);
#7616 = FACE_BOUND('',#7617,.T.);
#7617 = EDGE_LOOP('',(#7618,#7619,#7627,#7633));
#7618 = ORIENTED_EDGE('',*,*,#1058,.T.);
#7619 = ORIENTED_EDGE('',*,*,#7620,.F.);
#7620 = EDGE_CURVE('',#7621,#1051,#7623,.T.);
#7621 = VERTEX_POINT('',#7622);
#7622 = CARTESIAN_POINT('',(0.939705395558,0.829197931677,0.709999999999
    ));
#7623 = LINE('',#7624,#7625);
#7624 = CARTESIAN_POINT('',(0.939705395558,0.829197931677,0.709999999999
    ));
#7625 = VECTOR('',#7626,1.);
#7626 = DIRECTION('',(0.,0.,-1.));
#7627 = ORIENTED_EDGE('',*,*,#7628,.F.);
#7628 = EDGE_CURVE('',#7597,#7621,#7629,.T.);
#7629 = LINE('',#7630,#7631);
#7630 = CARTESIAN_POINT('',(0.939705395558,0.829197931677,0.709999999999
    ));
#7631 = VECTOR('',#7632,1.);
#7632 = DIRECTION('',(-1.,0.,0.));
#7633 = ORIENTED_EDGE('',*,*,#7596,.T.);
#7634 = PLANE('',#7635);
#7635 = AXIS2_PLACEMENT_3D('',#7636,#7637,#7638);
#7636 = CARTESIAN_POINT('',(0.939705395558,0.829197931677,0.709999999999
    ));
#7637 = DIRECTION('',(0.,-1.,0.));
#7638 = DIRECTION('',(0.,0.,-1.));
#7639 = ADVANCED_FACE('',(#7640),#7658,.F.);
#7640 = FACE_BOUND('',#7641,.T.);
#7641 = EDGE_LOOP('',(#7642,#7643,#7651,#7657));
#7642 = ORIENTED_EDGE('',*,*,#1050,.T.);
#7643 = ORIENTED_EDGE('',*,*,#7644,.F.);
#7644 = EDGE_CURVE('',#7645,#1043,#7647,.T.);
#7645 = VERTEX_POINT('',#7646);
#7646 = CARTESIAN_POINT('',(0.939705395558,0.727509607462,0.709999999999
    ));
#7647 = LINE('',#7648,#7649);
#7648 = CARTESIAN_POINT('',(0.939705395558,0.727509607462,0.709999999999
    ));
#7649 = VECTOR('',#7650,1.);
#7650 = DIRECTION('',(0.,0.,-1.));
#7651 = ORIENTED_EDGE('',*,*,#7652,.F.);
#7652 = EDGE_CURVE('',#7621,#7645,#7653,.T.);
#7653 = LINE('',#7654,#7655);
#7654 = CARTESIAN_POINT('',(0.939705395558,0.727509607462,0.709999999999
    ));
#7655 = VECTOR('',#7656,1.);
#7656 = DIRECTION('',(0.,-1.,0.));
#7657 = ORIENTED_EDGE('',*,*,#7620,.T.);
#7658 = PLANE('',#7659);
#7659 = AXIS2_PLACEMENT_3D('',#7660,#7661,#7662);
#7660 = CARTESIAN_POINT('',(0.939705395558,0.727509607462,0.709999999999
    ));
#7661 = DIRECTION('',(1.,0.,0.));
#7662 = DIRECTION('',(0.,0.,-1.));
#7663 = ADVANCED_FACE('',(#7664),#7675,.F.);
#7664 = FACE_BOUND('',#7665,.T.);
#7665 = EDGE_LOOP('',(#7666,#7667,#7668,#7674));
#7666 = ORIENTED_EDGE('',*,*,#1042,.T.);
#7667 = ORIENTED_EDGE('',*,*,#7413,.F.);
#7668 = ORIENTED_EDGE('',*,*,#7669,.F.);
#7669 = EDGE_CURVE('',#7645,#7406,#7670,.T.);
#7670 = LINE('',#7671,#7672);
#7671 = CARTESIAN_POINT('',(0.994396661956,0.727509607462,0.709999999999
    ));
#7672 = VECTOR('',#7673,1.);
#7673 = DIRECTION('',(1.,0.,0.));
#7674 = ORIENTED_EDGE('',*,*,#7644,.T.);
#7675 = PLANE('',#7676);
#7676 = AXIS2_PLACEMENT_3D('',#7677,#7678,#7679);
#7677 = CARTESIAN_POINT('',(0.994396661956,0.727509607462,0.709999999999
    ));
#7678 = DIRECTION('',(0.,1.,0.));
#7679 = DIRECTION('',(0.,-0.,1.));
#7680 = ADVANCED_FACE('',(#7681),#7695,.F.);
#7681 = FACE_BOUND('',#7682,.T.);
#7682 = EDGE_LOOP('',(#7683,#7684,#7685,#7686,#7687,#7688,#7689,#7690,
    #7691,#7692,#7693,#7694));
#7683 = ORIENTED_EDGE('',*,*,#7405,.T.);
#7684 = ORIENTED_EDGE('',*,*,#7436,.T.);
#7685 = ORIENTED_EDGE('',*,*,#7460,.T.);
#7686 = ORIENTED_EDGE('',*,*,#7484,.T.);
#7687 = ORIENTED_EDGE('',*,*,#7508,.T.);
#7688 = ORIENTED_EDGE('',*,*,#7532,.T.);
#7689 = ORIENTED_EDGE('',*,*,#7556,.T.);
#7690 = ORIENTED_EDGE('',*,*,#7580,.T.);
#7691 = ORIENTED_EDGE('',*,*,#7604,.T.);
#7692 = ORIENTED_EDGE('',*,*,#7628,.T.);
#7693 = ORIENTED_EDGE('',*,*,#7652,.T.);
#7694 = ORIENTED_EDGE('',*,*,#7669,.T.);
#7695 = PLANE('',#7696);
#7696 = AXIS2_PLACEMENT_3D('',#7697,#7698,#7699);
#7697 = CARTESIAN_POINT('',(0.,0.,0.709999999999));
#7698 = DIRECTION('',(0.,0.,-1.));
#7699 = DIRECTION('',(-1.,0.,0.));
#7700 = ADVANCED_FACE('',(#7701,#7763),#7825,.T.);
#7701 = FACE_BOUND('',#7702,.T.);
#7702 = EDGE_LOOP('',(#7703,#7713,#7722,#7731,#7740,#7749,#7757));
#7703 = ORIENTED_EDGE('',*,*,#7704,.T.);
#7704 = EDGE_CURVE('',#7705,#7707,#7709,.T.);
#7705 = VERTEX_POINT('',#7706);
#7706 = CARTESIAN_POINT('',(1.013606189461,0.727509607462,0.709999999999
    ));
#7707 = VERTEX_POINT('',#7708);
#7708 = CARTESIAN_POINT('',(1.04157567741,0.727509607462,0.709999999999)
  );
#7709 = LINE('',#7710,#7711);
#7710 = CARTESIAN_POINT('',(1.04157567741,0.727509607462,0.709999999999)
  );
#7711 = VECTOR('',#7712,1.);
#7712 = DIRECTION('',(1.,0.,0.));
#7713 = ORIENTED_EDGE('',*,*,#7714,.T.);
#7714 = EDGE_CURVE('',#7707,#7715,#7717,.T.);
#7715 = VERTEX_POINT('',#7716);
#7716 = CARTESIAN_POINT('',(1.081060484282,0.741754290915,0.709999999999
    ));
#7717 = B_SPLINE_CURVE_WITH_KNOTS('',3,(#7718,#7719,#7720,#7721),
  .UNSPECIFIED.,.F.,.F.,(4,4),(5.,6.),.PIECEWISE_BEZIER_KNOTS.);
#7718 = CARTESIAN_POINT('',(1.04157567741,0.727509607462,0.709999999999)
  );
#7719 = CARTESIAN_POINT('',(1.057665931164,0.727509607462,0.709999999999
    ));
#7720 = CARTESIAN_POINT('',(1.070844862754,0.732240505981,0.709999999999
    ));
#7721 = CARTESIAN_POINT('',(1.081060484282,0.741754290915,0.709999999999
    ));
#7722 = ORIENTED_EDGE('',*,*,#7723,.T.);
#7723 = EDGE_CURVE('',#7715,#7724,#7726,.T.);
#7724 = VERTEX_POINT('',#7725);
#7725 = CARTESIAN_POINT('',(1.096396913547,0.779653466965,0.709999999999
    ));
#7726 = B_SPLINE_CURVE_WITH_KNOTS('',3,(#7727,#7728,#7729,#7730),
  .UNSPECIFIED.,.F.,.F.,(4,4),(4.,5.),.PIECEWISE_BEZIER_KNOTS.);
#7727 = CARTESIAN_POINT('',(1.081060484282,0.741754290915,0.709999999999
    ));
#7728 = CARTESIAN_POINT('',(1.09127610581,0.751268075849,0.709999999999)
  );
#7729 = CARTESIAN_POINT('',(1.096396913547,0.763901134533,0.709999999999
    ));
#7730 = CARTESIAN_POINT('',(1.096396913547,0.779653466965,0.709999999999
    ));
#7731 = ORIENTED_EDGE('',*,*,#7732,.T.);
#7732 = EDGE_CURVE('',#7724,#7733,#7735,.T.);
#7733 = VERTEX_POINT('',#7734);
#7734 = CARTESIAN_POINT('',(1.081060484282,0.815733066661,0.709999999999
    ));
#7735 = B_SPLINE_CURVE_WITH_KNOTS('',3,(#7736,#7737,#7738,#7739),
  .UNSPECIFIED.,.F.,.F.,(4,4),(3.,4.),.PIECEWISE_BEZIER_KNOTS.);
#7736 = CARTESIAN_POINT('',(1.096396913547,0.779653466965,0.709999999999
    ));
#7737 = CARTESIAN_POINT('',(1.096396913547,0.794729956751,0.709999999999
    ));
#7738 = CARTESIAN_POINT('',(1.09127610581,0.806739160685,0.709999999999)
  );
#7739 = CARTESIAN_POINT('',(1.081060484282,0.815733066661,0.709999999999
    ));
#7740 = ORIENTED_EDGE('',*,*,#7741,.T.);
#7741 = EDGE_CURVE('',#7733,#7742,#7744,.T.);
#7742 = VERTEX_POINT('',#7743);
#7743 = CARTESIAN_POINT('',(1.042615435326,0.829197931677,0.709999999999
    ));
#7744 = B_SPLINE_CURVE_WITH_KNOTS('',3,(#7745,#7746,#7747,#7748),
  .UNSPECIFIED.,.F.,.F.,(4,4),(2.,3.),.PIECEWISE_BEZIER_KNOTS.);
#7745 = CARTESIAN_POINT('',(1.081060484282,0.815733066661,0.709999999999
    ));
#7746 = CARTESIAN_POINT('',(1.070844862754,0.824726972637,0.709999999999
    ));
#7747 = CARTESIAN_POINT('',(1.058029846435,0.829197931677,0.709999999999
    ));
#7748 = CARTESIAN_POINT('',(1.042615435326,0.829197931677,0.709999999999
    ));
#7749 = ORIENTED_EDGE('',*,*,#7750,.T.);
#7750 = EDGE_CURVE('',#7742,#7751,#7753,.T.);
#7751 = VERTEX_POINT('',#7752);
#7752 = CARTESIAN_POINT('',(1.013606189461,0.829197931677,0.709999999999
    ));
#7753 = LINE('',#7754,#7755);
#7754 = CARTESIAN_POINT('',(1.013606189461,0.829197931677,0.709999999999
    ));
#7755 = VECTOR('',#7756,1.);
#7756 = DIRECTION('',(-1.,0.,0.));
#7757 = ORIENTED_EDGE('',*,*,#7758,.T.);
#7758 = EDGE_CURVE('',#7751,#7705,#7759,.T.);
#7759 = LINE('',#7760,#7761);
#7760 = CARTESIAN_POINT('',(1.013606189461,0.727509607462,0.709999999999
    ));
#7761 = VECTOR('',#7762,1.);
#7762 = DIRECTION('',(0.,-1.,0.));
#7763 = FACE_BOUND('',#7764,.T.);
#7764 = EDGE_LOOP('',(#7765,#7775,#7783,#7792,#7801,#7810,#7819));
#7765 = ORIENTED_EDGE('',*,*,#7766,.F.);
#7766 = EDGE_CURVE('',#7767,#7769,#7771,.T.);
#7767 = VERTEX_POINT('',#7768);
#7768 = CARTESIAN_POINT('',(1.026733133154,0.817500655119,0.709999999999
    ));
#7769 = VERTEX_POINT('',#7770);
#7770 = CARTESIAN_POINT('',(1.026733133154,0.739102908229,0.709999999999
    ));
#7771 = LINE('',#7772,#7773);
#7772 = CARTESIAN_POINT('',(1.026733133154,0.817500655119,0.709999999999
    ));
#7773 = VECTOR('',#7774,1.);
#7774 = DIRECTION('',(0.,-1.,0.));
#7775 = ORIENTED_EDGE('',*,*,#7776,.F.);
#7776 = EDGE_CURVE('',#7777,#7767,#7779,.T.);
#7777 = VERTEX_POINT('',#7778);
#7778 = CARTESIAN_POINT('',(1.042095556367,0.817500655119,0.709999999999
    ));
#7779 = LINE('',#7780,#7781);
#7780 = CARTESIAN_POINT('',(1.042095556367,0.817500655119,0.709999999999
    ));
#7781 = VECTOR('',#7782,1.);
#7782 = DIRECTION('',(-1.,0.,0.));
#7783 = ORIENTED_EDGE('',*,*,#7784,.F.);
#7784 = EDGE_CURVE('',#7785,#7777,#7787,.T.);
#7785 = VERTEX_POINT('',#7786);
#7786 = CARTESIAN_POINT('',(1.071442723556,0.807934882289,0.709999999999
    ));
#7787 = B_SPLINE_CURVE_WITH_KNOTS('',3,(#7788,#7789,#7790,#7791),
  .UNSPECIFIED.,.F.,.F.,(4,4),(5.,6.),.PIECEWISE_BEZIER_KNOTS.);
#7788 = CARTESIAN_POINT('',(1.071442723556,0.807934882289,0.709999999999
    ));
#7789 = CARTESIAN_POINT('',(1.064008454453,0.814329393474,0.709999999999
    ));
#7790 = CARTESIAN_POINT('',(1.054208736092,0.817500655119,0.709999999999
    ));
#7791 = CARTESIAN_POINT('',(1.042095556367,0.817500655119,0.709999999999
    ));
#7792 = ORIENTED_EDGE('',*,*,#7793,.F.);
#7793 = EDGE_CURVE('',#7794,#7785,#7796,.T.);
#7794 = VERTEX_POINT('',#7795);
#7795 = CARTESIAN_POINT('',(1.082594127209,0.779289551694,0.709999999999
    ));
#7796 = B_SPLINE_CURVE_WITH_KNOTS('',3,(#7797,#7798,#7799,#7800),
  .UNSPECIFIED.,.F.,.F.,(4,4),(4.,5.),.PIECEWISE_BEZIER_KNOTS.);
#7797 = CARTESIAN_POINT('',(1.082594127209,0.779289551694,0.709999999999
    ));
#7798 = CARTESIAN_POINT('',(1.082594127209,0.791974598273,0.709999999999
    ));
#7799 = CARTESIAN_POINT('',(1.078876992657,0.801540371104,0.709999999999
    ));
#7800 = CARTESIAN_POINT('',(1.071442723556,0.807934882289,0.709999999999
    ));
#7801 = ORIENTED_EDGE('',*,*,#7802,.F.);
#7802 = EDGE_CURVE('',#7803,#7794,#7805,.T.);
#7803 = VERTEX_POINT('',#7804);
#7804 = CARTESIAN_POINT('',(1.071728656983,0.749708438975,0.709999999999
    ));
#7805 = B_SPLINE_CURVE_WITH_KNOTS('',3,(#7806,#7807,#7808,#7809),
  .UNSPECIFIED.,.F.,.F.,(4,4),(3.,4.),.PIECEWISE_BEZIER_KNOTS.);
#7806 = CARTESIAN_POINT('',(1.071728656983,0.749708438975,0.709999999999
    ));
#7807 = CARTESIAN_POINT('',(1.078980968449,0.75672680491,0.709999999999)
  );
#7808 = CARTESIAN_POINT('',(1.082594127209,0.766604505115,0.709999999999
    ));
#7809 = CARTESIAN_POINT('',(1.082594127209,0.779289551694,0.709999999999
    ));
#7810 = ORIENTED_EDGE('',*,*,#7811,.F.);
#7811 = EDGE_CURVE('',#7812,#7803,#7814,.T.);
#7812 = VERTEX_POINT('',#7813);
#7813 = CARTESIAN_POINT('',(1.041497695566,0.739102908229,0.709999999999
    ));
#7814 = B_SPLINE_CURVE_WITH_KNOTS('',3,(#7815,#7816,#7817,#7818),
  .UNSPECIFIED.,.F.,.F.,(4,4),(2.,3.),.PIECEWISE_BEZIER_KNOTS.);
#7815 = CARTESIAN_POINT('',(1.041497695566,0.739102908229,0.709999999999
    ));
#7816 = CARTESIAN_POINT('',(1.054416687676,0.739102908229,0.709999999999
    ));
#7817 = CARTESIAN_POINT('',(1.064502339465,0.742638085144,0.709999999999
    ));
#7818 = CARTESIAN_POINT('',(1.071728656983,0.749708438975,0.709999999999
    ));
#7819 = ORIENTED_EDGE('',*,*,#7820,.F.);
#7820 = EDGE_CURVE('',#7769,#7812,#7821,.T.);
#7821 = LINE('',#7822,#7823);
#7822 = CARTESIAN_POINT('',(1.026733133154,0.739102908229,0.709999999999
    ));
#7823 = VECTOR('',#7824,1.);
#7824 = DIRECTION('',(1.,0.,0.));
#7825 = PLANE('',#7826);
#7826 = AXIS2_PLACEMENT_3D('',#7827,#7828,#7829);
#7827 = CARTESIAN_POINT('',(1.063787505897,0.82583821391,0.709999999999)
  );
#7828 = DIRECTION('',(0.,0.,1.));
#7829 = DIRECTION('',(1.,0.,-0.));
#7830 = ADVANCED_FACE('',(#7831),#7847,.F.);
#7831 = FACE_BOUND('',#7832,.T.);
#7832 = EDGE_LOOP('',(#7833,#7834,#7840,#7841));
#7833 = ORIENTED_EDGE('',*,*,#717,.T.);
#7834 = ORIENTED_EDGE('',*,*,#7835,.F.);
#7835 = EDGE_CURVE('',#7707,#707,#7836,.T.);
#7836 = LINE('',#7837,#7838);
#7837 = CARTESIAN_POINT('',(1.04157567741,0.727509607462,0.709999999999)
  );
#7838 = VECTOR('',#7839,1.);
#7839 = DIRECTION('',(0.,0.,-1.));
#7840 = ORIENTED_EDGE('',*,*,#7704,.F.);
#7841 = ORIENTED_EDGE('',*,*,#7842,.T.);
#7842 = EDGE_CURVE('',#7705,#718,#7843,.T.);
#7843 = LINE('',#7844,#7845);
#7844 = CARTESIAN_POINT('',(1.013606189461,0.727509607462,0.709999999999
    ));
#7845 = VECTOR('',#7846,1.);
#7846 = DIRECTION('',(0.,0.,-1.));
#7847 = PLANE('',#7848);
#7848 = AXIS2_PLACEMENT_3D('',#7849,#7850,#7851);
#7849 = CARTESIAN_POINT('',(1.04157567741,0.727509607462,0.709999999999)
  );
#7850 = DIRECTION('',(0.,1.,0.));
#7851 = DIRECTION('',(0.,-0.,1.));
#7852 = ADVANCED_FACE('',(#7853),#7864,.F.);
#7853 = FACE_BOUND('',#7854,.F.);
#7854 = EDGE_LOOP('',(#7855,#7856,#7857,#7863));
#7855 = ORIENTED_EDGE('',*,*,#7835,.F.);
#7856 = ORIENTED_EDGE('',*,*,#7714,.T.);
#7857 = ORIENTED_EDGE('',*,*,#7858,.T.);
#7858 = EDGE_CURVE('',#7715,#709,#7859,.T.);
#7859 = LINE('',#7860,#7861);
#7860 = CARTESIAN_POINT('',(1.081060484282,0.741754290915,0.709999999999
    ));
#7861 = VECTOR('',#7862,1.);
#7862 = DIRECTION('',(0.,0.,-1.));
#7863 = ORIENTED_EDGE('',*,*,#706,.F.);
#7864 = B_SPLINE_SURFACE_WITH_KNOTS('',3,1,(
    (#7865,#7866)
    ,(#7867,#7868)
    ,(#7869,#7870)
    ,(#7871,#7872
    )),.UNSPECIFIED.,.F.,.F.,.F.,(4,4),(2,2),(5.,6.),(0.,1.),
  .PIECEWISE_BEZIER_KNOTS.);
#7865 = CARTESIAN_POINT('',(1.04157567741,0.727509607462,0.709999999999)
  );
#7866 = CARTESIAN_POINT('',(1.04157567741,0.727509607462,0.699999999999)
  );
#7867 = CARTESIAN_POINT('',(1.057665931164,0.727509607462,0.709999999999
    ));
#7868 = CARTESIAN_POINT('',(1.057665931164,0.727509607462,0.699999999999
    ));
#7869 = CARTESIAN_POINT('',(1.070844862754,0.732240505981,0.709999999999
    ));
#7870 = CARTESIAN_POINT('',(1.070844862754,0.732240505981,0.699999999999
    ));
#7871 = CARTESIAN_POINT('',(1.081060484282,0.741754290915,0.709999999999
    ));
#7872 = CARTESIAN_POINT('',(1.081060484282,0.741754290915,0.699999999999
    ));
#7873 = ADVANCED_FACE('',(#7874),#7885,.F.);
#7874 = FACE_BOUND('',#7875,.F.);
#7875 = EDGE_LOOP('',(#7876,#7877,#7878,#7884));
#7876 = ORIENTED_EDGE('',*,*,#7858,.F.);
#7877 = ORIENTED_EDGE('',*,*,#7723,.T.);
#7878 = ORIENTED_EDGE('',*,*,#7879,.T.);
#7879 = EDGE_CURVE('',#7724,#751,#7880,.T.);
#7880 = LINE('',#7881,#7882);
#7881 = CARTESIAN_POINT('',(1.096396913547,0.779653466965,0.709999999999
    ));
#7882 = VECTOR('',#7883,1.);
#7883 = DIRECTION('',(0.,0.,-1.));
#7884 = ORIENTED_EDGE('',*,*,#759,.F.);
#7885 = B_SPLINE_SURFACE_WITH_KNOTS('',3,1,(
    (#7886,#7887)
    ,(#7888,#7889)
    ,(#7890,#7891)
    ,(#7892,#7893
    )),.UNSPECIFIED.,.F.,.F.,.F.,(4,4),(2,2),(4.,5.),(0.,1.),
  .PIECEWISE_BEZIER_KNOTS.);
#7886 = CARTESIAN_POINT('',(1.081060484282,0.741754290915,0.709999999999
    ));
#7887 = CARTESIAN_POINT('',(1.081060484282,0.741754290915,0.699999999999
    ));
#7888 = CARTESIAN_POINT('',(1.09127610581,0.751268075849,0.709999999999)
  );
#7889 = CARTESIAN_POINT('',(1.09127610581,0.751268075849,0.699999999999)
  );
#7890 = CARTESIAN_POINT('',(1.096396913547,0.763901134533,0.709999999999
    ));
#7891 = CARTESIAN_POINT('',(1.096396913547,0.763901134533,0.699999999999
    ));
#7892 = CARTESIAN_POINT('',(1.096396913547,0.779653466965,0.709999999999
    ));
#7893 = CARTESIAN_POINT('',(1.096396913547,0.779653466965,0.699999999999
    ));
#7894 = ADVANCED_FACE('',(#7895),#7906,.F.);
#7895 = FACE_BOUND('',#7896,.F.);
#7896 = EDGE_LOOP('',(#7897,#7898,#7899,#7905));
#7897 = ORIENTED_EDGE('',*,*,#7879,.F.);
#7898 = ORIENTED_EDGE('',*,*,#7732,.T.);
#7899 = ORIENTED_EDGE('',*,*,#7900,.T.);
#7900 = EDGE_CURVE('',#7733,#742,#7901,.T.);
#7901 = LINE('',#7902,#7903);
#7902 = CARTESIAN_POINT('',(1.081060484282,0.815733066661,0.709999999999
    ));
#7903 = VECTOR('',#7904,1.);
#7904 = DIRECTION('',(0.,0.,-1.));
#7905 = ORIENTED_EDGE('',*,*,#750,.F.);
#7906 = B_SPLINE_SURFACE_WITH_KNOTS('',3,1,(
    (#7907,#7908)
    ,(#7909,#7910)
    ,(#7911,#7912)
    ,(#7913,#7914
    )),.UNSPECIFIED.,.F.,.F.,.F.,(4,4),(2,2),(3.,4.),(0.,1.),
  .PIECEWISE_BEZIER_KNOTS.);
#7907 = CARTESIAN_POINT('',(1.096396913547,0.779653466965,0.709999999999
    ));
#7908 = CARTESIAN_POINT('',(1.096396913547,0.779653466965,0.699999999999
    ));
#7909 = CARTESIAN_POINT('',(1.096396913547,0.794729956751,0.709999999999
    ));
#7910 = CARTESIAN_POINT('',(1.096396913547,0.794729956751,0.699999999999
    ));
#7911 = CARTESIAN_POINT('',(1.09127610581,0.806739160685,0.709999999999)
  );
#7912 = CARTESIAN_POINT('',(1.09127610581,0.806739160685,0.699999999999)
  );
#7913 = CARTESIAN_POINT('',(1.081060484282,0.815733066661,0.709999999999
    ));
#7914 = CARTESIAN_POINT('',(1.081060484282,0.815733066661,0.699999999999
    ));
#7915 = ADVANCED_FACE('',(#7916),#7927,.F.);
#7916 = FACE_BOUND('',#7917,.F.);
#7917 = EDGE_LOOP('',(#7918,#7919,#7920,#7926));
#7918 = ORIENTED_EDGE('',*,*,#7900,.F.);
#7919 = ORIENTED_EDGE('',*,*,#7741,.T.);
#7920 = ORIENTED_EDGE('',*,*,#7921,.T.);
#7921 = EDGE_CURVE('',#7742,#734,#7922,.T.);
#7922 = LINE('',#7923,#7924);
#7923 = CARTESIAN_POINT('',(1.042615435326,0.829197931677,0.709999999999
    ));
#7924 = VECTOR('',#7925,1.);
#7925 = DIRECTION('',(0.,0.,-1.));
#7926 = ORIENTED_EDGE('',*,*,#741,.F.);
#7927 = B_SPLINE_SURFACE_WITH_KNOTS('',3,1,(
    (#7928,#7929)
    ,(#7930,#7931)
    ,(#7932,#7933)
    ,(#7934,#7935
    )),.UNSPECIFIED.,.F.,.F.,.F.,(4,4),(2,2),(2.,3.),(0.,1.),
  .PIECEWISE_BEZIER_KNOTS.);
#7928 = CARTESIAN_POINT('',(1.081060484282,0.815733066661,0.709999999999
    ));
#7929 = CARTESIAN_POINT('',(1.081060484282,0.815733066661,0.699999999999
    ));
#7930 = CARTESIAN_POINT('',(1.070844862754,0.824726972637,0.709999999999
    ));
#7931 = CARTESIAN_POINT('',(1.070844862754,0.824726972637,0.699999999999
    ));
#7932 = CARTESIAN_POINT('',(1.058029846435,0.829197931677,0.709999999999
    ));
#7933 = CARTESIAN_POINT('',(1.058029846435,0.829197931677,0.699999999999
    ));
#7934 = CARTESIAN_POINT('',(1.042615435326,0.829197931677,0.709999999999
    ));
#7935 = CARTESIAN_POINT('',(1.042615435326,0.829197931677,0.699999999999
    ));
#7936 = ADVANCED_FACE('',(#7937),#7948,.F.);
#7937 = FACE_BOUND('',#7938,.T.);
#7938 = EDGE_LOOP('',(#7939,#7940,#7946,#7947));
#7939 = ORIENTED_EDGE('',*,*,#733,.T.);
#7940 = ORIENTED_EDGE('',*,*,#7941,.F.);
#7941 = EDGE_CURVE('',#7751,#726,#7942,.T.);
#7942 = LINE('',#7943,#7944);
#7943 = CARTESIAN_POINT('',(1.013606189461,0.829197931677,0.709999999999
    ));
#7944 = VECTOR('',#7945,1.);
#7945 = DIRECTION('',(0.,0.,-1.));
#7946 = ORIENTED_EDGE('',*,*,#7750,.F.);
#7947 = ORIENTED_EDGE('',*,*,#7921,.T.);
#7948 = PLANE('',#7949);
#7949 = AXIS2_PLACEMENT_3D('',#7950,#7951,#7952);
#7950 = CARTESIAN_POINT('',(1.013606189461,0.829197931677,0.709999999999
    ));
#7951 = DIRECTION('',(0.,-1.,0.));
#7952 = DIRECTION('',(0.,0.,-1.));
#7953 = ADVANCED_FACE('',(#7954),#7960,.F.);
#7954 = FACE_BOUND('',#7955,.T.);
#7955 = EDGE_LOOP('',(#7956,#7957,#7958,#7959));
#7956 = ORIENTED_EDGE('',*,*,#725,.T.);
#7957 = ORIENTED_EDGE('',*,*,#7842,.F.);
#7958 = ORIENTED_EDGE('',*,*,#7758,.F.);
#7959 = ORIENTED_EDGE('',*,*,#7941,.T.);
#7960 = PLANE('',#7961);
#7961 = AXIS2_PLACEMENT_3D('',#7962,#7963,#7964);
#7962 = CARTESIAN_POINT('',(1.013606189461,0.727509607462,0.709999999999
    ));
#7963 = DIRECTION('',(1.,0.,0.));
#7964 = DIRECTION('',(0.,0.,-1.));
#7965 = ADVANCED_FACE('',(#7966),#7991,.T.);
#7966 = FACE_BOUND('',#7967,.T.);
#7967 = EDGE_LOOP('',(#7968,#7978,#7984,#7985));
#7968 = ORIENTED_EDGE('',*,*,#7969,.F.);
#7969 = EDGE_CURVE('',#7970,#7972,#7974,.T.);
#7970 = VERTEX_POINT('',#7971);
#7971 = CARTESIAN_POINT('',(1.042095556367,0.817500655119,0.699999999999
    ));
#7972 = VERTEX_POINT('',#7973);
#7973 = CARTESIAN_POINT('',(1.026733133154,0.817500655119,0.699999999999
    ));
#7974 = LINE('',#7975,#7976);
#7975 = CARTESIAN_POINT('',(1.042095556367,0.817500655119,0.699999999999
    ));
#7976 = VECTOR('',#7977,1.);
#7977 = DIRECTION('',(-1.,0.,0.));
#7978 = ORIENTED_EDGE('',*,*,#7979,.F.);
#7979 = EDGE_CURVE('',#7777,#7970,#7980,.T.);
#7980 = LINE('',#7981,#7982);
#7981 = CARTESIAN_POINT('',(1.042095556367,0.817500655119,0.709999999999
    ));
#7982 = VECTOR('',#7983,1.);
#7983 = DIRECTION('',(0.,0.,-1.));
#7984 = ORIENTED_EDGE('',*,*,#7776,.T.);
#7985 = ORIENTED_EDGE('',*,*,#7986,.T.);
#7986 = EDGE_CURVE('',#7767,#7972,#7987,.T.);
#7987 = LINE('',#7988,#7989);
#7988 = CARTESIAN_POINT('',(1.026733133154,0.817500655119,0.709999999999
    ));
#7989 = VECTOR('',#7990,1.);
#7990 = DIRECTION('',(0.,0.,-1.));
#7991 = PLANE('',#7992);
#7992 = AXIS2_PLACEMENT_3D('',#7993,#7994,#7995);
#7993 = CARTESIAN_POINT('',(1.042095556367,0.817500655119,0.709999999999
    ));
#7994 = DIRECTION('',(0.,-1.,0.));
#7995 = DIRECTION('',(0.,0.,-1.));
#7996 = ADVANCED_FACE('',(#7997),#8015,.T.);
#7997 = FACE_BOUND('',#7998,.T.);
#7998 = EDGE_LOOP('',(#7999,#8007,#8008,#8009));
#7999 = ORIENTED_EDGE('',*,*,#8000,.F.);
#8000 = EDGE_CURVE('',#7972,#8001,#8003,.T.);
#8001 = VERTEX_POINT('',#8002);
#8002 = CARTESIAN_POINT('',(1.026733133154,0.739102908229,0.699999999999
    ));
#8003 = LINE('',#8004,#8005);
#8004 = CARTESIAN_POINT('',(1.026733133154,0.817500655119,0.699999999999
    ));
#8005 = VECTOR('',#8006,1.);
#8006 = DIRECTION('',(0.,-1.,0.));
#8007 = ORIENTED_EDGE('',*,*,#7986,.F.);
#8008 = ORIENTED_EDGE('',*,*,#7766,.T.);
#8009 = ORIENTED_EDGE('',*,*,#8010,.T.);
#8010 = EDGE_CURVE('',#7769,#8001,#8011,.T.);
#8011 = LINE('',#8012,#8013);
#8012 = CARTESIAN_POINT('',(1.026733133154,0.739102908229,0.709999999999
    ));
#8013 = VECTOR('',#8014,1.);
#8014 = DIRECTION('',(0.,0.,-1.));
#8015 = PLANE('',#8016);
#8016 = AXIS2_PLACEMENT_3D('',#8017,#8018,#8019);
#8017 = CARTESIAN_POINT('',(1.026733133154,0.817500655119,0.709999999999
    ));
#8018 = DIRECTION('',(1.,0.,0.));
#8019 = DIRECTION('',(0.,0.,-1.));
#8020 = ADVANCED_FACE('',(#8021),#8039,.T.);
#8021 = FACE_BOUND('',#8022,.T.);
#8022 = EDGE_LOOP('',(#8023,#8031,#8032,#8033));
#8023 = ORIENTED_EDGE('',*,*,#8024,.F.);
#8024 = EDGE_CURVE('',#8001,#8025,#8027,.T.);
#8025 = VERTEX_POINT('',#8026);
#8026 = CARTESIAN_POINT('',(1.041497695566,0.739102908229,0.699999999999
    ));
#8027 = LINE('',#8028,#8029);
#8028 = CARTESIAN_POINT('',(1.026733133154,0.739102908229,0.699999999999
    ));
#8029 = VECTOR('',#8030,1.);
#8030 = DIRECTION('',(1.,0.,0.));
#8031 = ORIENTED_EDGE('',*,*,#8010,.F.);
#8032 = ORIENTED_EDGE('',*,*,#7820,.T.);
#8033 = ORIENTED_EDGE('',*,*,#8034,.T.);
#8034 = EDGE_CURVE('',#7812,#8025,#8035,.T.);
#8035 = LINE('',#8036,#8037);
#8036 = CARTESIAN_POINT('',(1.041497695566,0.739102908229,0.709999999999
    ));
#8037 = VECTOR('',#8038,1.);
#8038 = DIRECTION('',(0.,0.,-1.));
#8039 = PLANE('',#8040);
#8040 = AXIS2_PLACEMENT_3D('',#8041,#8042,#8043);
#8041 = CARTESIAN_POINT('',(1.026733133154,0.739102908229,0.709999999999
    ));
#8042 = DIRECTION('',(0.,1.,0.));
#8043 = DIRECTION('',(0.,-0.,1.));
#8044 = ADVANCED_FACE('',(#8045),#8064,.T.);
#8045 = FACE_BOUND('',#8046,.T.);
#8046 = EDGE_LOOP('',(#8047,#8056,#8057,#8058));
#8047 = ORIENTED_EDGE('',*,*,#8048,.F.);
#8048 = EDGE_CURVE('',#8025,#8049,#8051,.T.);
#8049 = VERTEX_POINT('',#8050);
#8050 = CARTESIAN_POINT('',(1.071728656983,0.749708438975,0.699999999999
    ));
#8051 = B_SPLINE_CURVE_WITH_KNOTS('',3,(#8052,#8053,#8054,#8055),
  .UNSPECIFIED.,.F.,.F.,(4,4),(2.,3.),.PIECEWISE_BEZIER_KNOTS.);
#8052 = CARTESIAN_POINT('',(1.041497695566,0.739102908229,0.699999999999
    ));
#8053 = CARTESIAN_POINT('',(1.054416687676,0.739102908229,0.699999999999
    ));
#8054 = CARTESIAN_POINT('',(1.064502339465,0.742638085144,0.699999999999
    ));
#8055 = CARTESIAN_POINT('',(1.071728656983,0.749708438975,0.699999999999
    ));
#8056 = ORIENTED_EDGE('',*,*,#8034,.F.);
#8057 = ORIENTED_EDGE('',*,*,#7811,.T.);
#8058 = ORIENTED_EDGE('',*,*,#8059,.T.);
#8059 = EDGE_CURVE('',#7803,#8049,#8060,.T.);
#8060 = LINE('',#8061,#8062);
#8061 = CARTESIAN_POINT('',(1.071728656983,0.749708438975,0.709999999999
    ));
#8062 = VECTOR('',#8063,1.);
#8063 = DIRECTION('',(0.,0.,-1.));
#8064 = B_SPLINE_SURFACE_WITH_KNOTS('',3,1,(
    (#8065,#8066)
    ,(#8067,#8068)
    ,(#8069,#8070)
    ,(#8071,#8072
    )),.UNSPECIFIED.,.F.,.F.,.F.,(4,4),(2,2),(2.,3.),(0.,1.),
  .PIECEWISE_BEZIER_KNOTS.);
#8065 = CARTESIAN_POINT('',(1.041497695566,0.739102908229,0.709999999999
    ));
#8066 = CARTESIAN_POINT('',(1.041497695566,0.739102908229,0.699999999999
    ));
#8067 = CARTESIAN_POINT('',(1.054416687676,0.739102908229,0.709999999999
    ));
#8068 = CARTESIAN_POINT('',(1.054416687676,0.739102908229,0.699999999999
    ));
#8069 = CARTESIAN_POINT('',(1.064502339465,0.742638085144,0.709999999999
    ));
#8070 = CARTESIAN_POINT('',(1.064502339465,0.742638085144,0.699999999999
    ));
#8071 = CARTESIAN_POINT('',(1.071728656983,0.749708438975,0.709999999999
    ));
#8072 = CARTESIAN_POINT('',(1.071728656983,0.749708438975,0.699999999999
    ));
#8073 = ADVANCED_FACE('',(#8074),#8093,.T.);
#8074 = FACE_BOUND('',#8075,.T.);
#8075 = EDGE_LOOP('',(#8076,#8085,#8086,#8087));
#8076 = ORIENTED_EDGE('',*,*,#8077,.F.);
#8077 = EDGE_CURVE('',#8049,#8078,#8080,.T.);
#8078 = VERTEX_POINT('',#8079);
#8079 = CARTESIAN_POINT('',(1.082594127209,0.779289551694,0.699999999999
    ));
#8080 = B_SPLINE_CURVE_WITH_KNOTS('',3,(#8081,#8082,#8083,#8084),
  .UNSPECIFIED.,.F.,.F.,(4,4),(3.,4.),.PIECEWISE_BEZIER_KNOTS.);
#8081 = CARTESIAN_POINT('',(1.071728656983,0.749708438975,0.699999999999
    ));
#8082 = CARTESIAN_POINT('',(1.078980968449,0.75672680491,0.699999999999)
  );
#8083 = CARTESIAN_POINT('',(1.082594127209,0.766604505115,0.699999999999
    ));
#8084 = CARTESIAN_POINT('',(1.082594127209,0.779289551694,0.699999999999
    ));
#8085 = ORIENTED_EDGE('',*,*,#8059,.F.);
#8086 = ORIENTED_EDGE('',*,*,#7802,.T.);
#8087 = ORIENTED_EDGE('',*,*,#8088,.T.);
#8088 = EDGE_CURVE('',#7794,#8078,#8089,.T.);
#8089 = LINE('',#8090,#8091);
#8090 = CARTESIAN_POINT('',(1.082594127209,0.779289551694,0.709999999999
    ));
#8091 = VECTOR('',#8092,1.);
#8092 = DIRECTION('',(0.,0.,-1.));
#8093 = B_SPLINE_SURFACE_WITH_KNOTS('',3,1,(
    (#8094,#8095)
    ,(#8096,#8097)
    ,(#8098,#8099)
    ,(#8100,#8101
    )),.UNSPECIFIED.,.F.,.F.,.F.,(4,4),(2,2),(3.,4.),(0.,1.),
  .PIECEWISE_BEZIER_KNOTS.);
#8094 = CARTESIAN_POINT('',(1.071728656983,0.749708438975,0.709999999999
    ));
#8095 = CARTESIAN_POINT('',(1.071728656983,0.749708438975,0.699999999999
    ));
#8096 = CARTESIAN_POINT('',(1.078980968449,0.75672680491,0.709999999999)
  );
#8097 = CARTESIAN_POINT('',(1.078980968449,0.75672680491,0.699999999999)
  );
#8098 = CARTESIAN_POINT('',(1.082594127209,0.766604505115,0.709999999999
    ));
#8099 = CARTESIAN_POINT('',(1.082594127209,0.766604505115,0.699999999999
    ));
#8100 = CARTESIAN_POINT('',(1.082594127209,0.779289551694,0.709999999999
    ));
#8101 = CARTESIAN_POINT('',(1.082594127209,0.779289551694,0.699999999999
    ));
#8102 = ADVANCED_FACE('',(#8103),#8122,.T.);
#8103 = FACE_BOUND('',#8104,.T.);
#8104 = EDGE_LOOP('',(#8105,#8114,#8115,#8116));
#8105 = ORIENTED_EDGE('',*,*,#8106,.F.);
#8106 = EDGE_CURVE('',#8078,#8107,#8109,.T.);
#8107 = VERTEX_POINT('',#8108);
#8108 = CARTESIAN_POINT('',(1.071442723556,0.807934882289,0.699999999999
    ));
#8109 = B_SPLINE_CURVE_WITH_KNOTS('',3,(#8110,#8111,#8112,#8113),
  .UNSPECIFIED.,.F.,.F.,(4,4),(4.,5.),.PIECEWISE_BEZIER_KNOTS.);
#8110 = CARTESIAN_POINT('',(1.082594127209,0.779289551694,0.699999999999
    ));
#8111 = CARTESIAN_POINT('',(1.082594127209,0.791974598273,0.699999999999
    ));
#8112 = CARTESIAN_POINT('',(1.078876992657,0.801540371104,0.699999999999
    ));
#8113 = CARTESIAN_POINT('',(1.071442723556,0.807934882289,0.699999999999
    ));
#8114 = ORIENTED_EDGE('',*,*,#8088,.F.);
#8115 = ORIENTED_EDGE('',*,*,#7793,.T.);
#8116 = ORIENTED_EDGE('',*,*,#8117,.T.);
#8117 = EDGE_CURVE('',#7785,#8107,#8118,.T.);
#8118 = LINE('',#8119,#8120);
#8119 = CARTESIAN_POINT('',(1.071442723556,0.807934882289,0.709999999999
    ));
#8120 = VECTOR('',#8121,1.);
#8121 = DIRECTION('',(0.,0.,-1.));
#8122 = B_SPLINE_SURFACE_WITH_KNOTS('',3,1,(
    (#8123,#8124)
    ,(#8125,#8126)
    ,(#8127,#8128)
    ,(#8129,#8130
    )),.UNSPECIFIED.,.F.,.F.,.F.,(4,4),(2,2),(4.,5.),(0.,1.),
  .PIECEWISE_BEZIER_KNOTS.);
#8123 = CARTESIAN_POINT('',(1.082594127209,0.779289551694,0.709999999999
    ));
#8124 = CARTESIAN_POINT('',(1.082594127209,0.779289551694,0.699999999999
    ));
#8125 = CARTESIAN_POINT('',(1.082594127209,0.791974598273,0.709999999999
    ));
#8126 = CARTESIAN_POINT('',(1.082594127209,0.791974598273,0.699999999999
    ));
#8127 = CARTESIAN_POINT('',(1.078876992657,0.801540371104,0.709999999999
    ));
#8128 = CARTESIAN_POINT('',(1.078876992657,0.801540371104,0.699999999999
    ));
#8129 = CARTESIAN_POINT('',(1.071442723556,0.807934882289,0.709999999999
    ));
#8130 = CARTESIAN_POINT('',(1.071442723556,0.807934882289,0.699999999999
    ));
#8131 = ADVANCED_FACE('',(#8132),#8144,.T.);
#8132 = FACE_BOUND('',#8133,.T.);
#8133 = EDGE_LOOP('',(#8134,#8141,#8142,#8143));
#8134 = ORIENTED_EDGE('',*,*,#8135,.F.);
#8135 = EDGE_CURVE('',#8107,#7970,#8136,.T.);
#8136 = B_SPLINE_CURVE_WITH_KNOTS('',3,(#8137,#8138,#8139,#8140),
  .UNSPECIFIED.,.F.,.F.,(4,4),(5.,6.),.PIECEWISE_BEZIER_KNOTS.);
#8137 = CARTESIAN_POINT('',(1.071442723556,0.807934882289,0.699999999999
    ));
#8138 = CARTESIAN_POINT('',(1.064008454453,0.814329393474,0.699999999999
    ));
#8139 = CARTESIAN_POINT('',(1.054208736092,0.817500655119,0.699999999999
    ));
#8140 = CARTESIAN_POINT('',(1.042095556367,0.817500655119,0.699999999999
    ));
#8141 = ORIENTED_EDGE('',*,*,#8117,.F.);
#8142 = ORIENTED_EDGE('',*,*,#7784,.T.);
#8143 = ORIENTED_EDGE('',*,*,#7979,.T.);
#8144 = B_SPLINE_SURFACE_WITH_KNOTS('',3,1,(
    (#8145,#8146)
    ,(#8147,#8148)
    ,(#8149,#8150)
    ,(#8151,#8152
    )),.UNSPECIFIED.,.F.,.F.,.F.,(4,4),(2,2),(5.,6.),(0.,1.),
  .PIECEWISE_BEZIER_KNOTS.);
#8145 = CARTESIAN_POINT('',(1.071442723556,0.807934882289,0.709999999999
    ));
#8146 = CARTESIAN_POINT('',(1.071442723556,0.807934882289,0.699999999999
    ));
#8147 = CARTESIAN_POINT('',(1.064008454453,0.814329393474,0.709999999999
    ));
#8148 = CARTESIAN_POINT('',(1.064008454453,0.814329393474,0.699999999999
    ));
#8149 = CARTESIAN_POINT('',(1.054208736092,0.817500655119,0.709999999999
    ));
#8150 = CARTESIAN_POINT('',(1.054208736092,0.817500655119,0.699999999999
    ));
#8151 = CARTESIAN_POINT('',(1.042095556367,0.817500655119,0.709999999999
    ));
#8152 = CARTESIAN_POINT('',(1.042095556367,0.817500655119,0.699999999999
    ));
#8153 = ADVANCED_FACE('',(#8154),#8163,.T.);
#8154 = FACE_BOUND('',#8155,.T.);
#8155 = EDGE_LOOP('',(#8156,#8157,#8158,#8159,#8160,#8161,#8162));
#8156 = ORIENTED_EDGE('',*,*,#7969,.T.);
#8157 = ORIENTED_EDGE('',*,*,#8000,.T.);
#8158 = ORIENTED_EDGE('',*,*,#8024,.T.);
#8159 = ORIENTED_EDGE('',*,*,#8048,.T.);
#8160 = ORIENTED_EDGE('',*,*,#8077,.T.);
#8161 = ORIENTED_EDGE('',*,*,#8106,.T.);
#8162 = ORIENTED_EDGE('',*,*,#8135,.T.);
#8163 = PLANE('',#8164);
#8164 = AXIS2_PLACEMENT_3D('',#8165,#8166,#8167);
#8165 = CARTESIAN_POINT('',(0.,0.,0.699999999999));
#8166 = DIRECTION('',(0.,0.,1.));
#8167 = DIRECTION('',(1.,0.,-0.));
#8168 = ADVANCED_FACE('',(#8169,#8235),#8287,.F.);
#8169 = FACE_BOUND('',#8170,.T.);
#8170 = EDGE_LOOP('',(#8171,#8181,#8189,#8197,#8205,#8213,#8221,#8229));
#8171 = ORIENTED_EDGE('',*,*,#8172,.T.);
#8172 = EDGE_CURVE('',#8173,#8175,#8177,.T.);
#8173 = VERTEX_POINT('',#8174);
#8174 = CARTESIAN_POINT('',(1.193536296879,0.727509607462,0.709999999999
    ));
#8175 = VERTEX_POINT('',#8176);
#8176 = CARTESIAN_POINT('',(1.154805314496,0.829197931677,0.709999999999
    ));
#8177 = LINE('',#8178,#8179);
#8178 = CARTESIAN_POINT('',(1.154805314496,0.829197931677,0.709999999999
    ));
#8179 = VECTOR('',#8180,1.);
#8180 = DIRECTION('',(-0.355935724369,0.934510438742,0.));
#8181 = ORIENTED_EDGE('',*,*,#8182,.T.);
#8182 = EDGE_CURVE('',#8175,#8183,#8185,.T.);
#8183 = VERTEX_POINT('',#8184);
#8184 = CARTESIAN_POINT('',(1.140768582626,0.829197931677,0.709999999999
    ));
#8185 = LINE('',#8186,#8187);
#8186 = CARTESIAN_POINT('',(1.140768582626,0.829197931677,0.709999999999
    ));
#8187 = VECTOR('',#8188,1.);
#8188 = DIRECTION('',(-1.,0.,0.));
#8189 = ORIENTED_EDGE('',*,*,#8190,.T.);
#8190 = EDGE_CURVE('',#8183,#8191,#8193,.T.);
#8191 = VERTEX_POINT('',#8192);
#8192 = CARTESIAN_POINT('',(1.102037600244,0.727509607462,0.709999999999
    ));
#8193 = LINE('',#8194,#8195);
#8194 = CARTESIAN_POINT('',(1.102037600244,0.727509607462,0.709999999999
    ));
#8195 = VECTOR('',#8196,1.);
#8196 = DIRECTION('',(-0.355935724364,-0.934510438744,0.));
#8197 = ORIENTED_EDGE('',*,*,#8198,.T.);
#8198 = EDGE_CURVE('',#8191,#8199,#8201,.T.);
#8199 = VERTEX_POINT('',#8200);
#8200 = CARTESIAN_POINT('',(1.116542223176,0.727509607462,0.709999999999
    ));
#8201 = LINE('',#8202,#8203);
#8202 = CARTESIAN_POINT('',(1.116542223176,0.727509607462,0.709999999999
    ));
#8203 = VECTOR('',#8204,1.);
#8204 = DIRECTION('',(1.,0.,0.));
#8205 = ORIENTED_EDGE('',*,*,#8206,.T.);
#8206 = EDGE_CURVE('',#8199,#8207,#8209,.T.);
#8207 = VERTEX_POINT('',#8208);
#8208 = CARTESIAN_POINT('',(1.126315947589,0.755323131723,0.709999999999
    ));
#8209 = LINE('',#8210,#8211);
#8210 = CARTESIAN_POINT('',(1.126315947589,0.755323131723,0.709999999999
    ));
#8211 = VECTOR('',#8212,1.);
#8212 = DIRECTION('',(0.33152841835,0.943445233083,0.));
#8213 = ORIENTED_EDGE('',*,*,#8214,.T.);
#8214 = EDGE_CURVE('',#8207,#8215,#8217,.T.);
#8215 = VERTEX_POINT('',#8216);
#8216 = CARTESIAN_POINT('',(1.168660088731,0.755323131723,0.709999999999
    ));
#8217 = LINE('',#8218,#8219);
#8218 = CARTESIAN_POINT('',(1.168660088731,0.755323131723,0.709999999999
    ));
#8219 = VECTOR('',#8220,1.);
#8220 = DIRECTION('',(1.,0.,0.));
#8221 = ORIENTED_EDGE('',*,*,#8222,.T.);
#8222 = EDGE_CURVE('',#8215,#8223,#8225,.T.);
#8223 = VERTEX_POINT('',#8224);
#8224 = CARTESIAN_POINT('',(1.179031673947,0.727509607462,0.709999999999
    ));
#8225 = LINE('',#8226,#8227);
#8226 = CARTESIAN_POINT('',(1.179031673947,0.727509607462,0.709999999999
    ));
#8227 = VECTOR('',#8228,1.);
#8228 = DIRECTION('',(0.349395479469,-0.936975345954,0.));
#8229 = ORIENTED_EDGE('',*,*,#8230,.T.);
#8230 = EDGE_CURVE('',#8223,#8173,#8231,.T.);
#8231 = LINE('',#8232,#8233);
#8232 = CARTESIAN_POINT('',(1.193536296879,0.727509607462,0.709999999999
    ));
#8233 = VECTOR('',#8234,1.);
#8234 = DIRECTION('',(1.,0.,0.));
#8235 = FACE_BOUND('',#8236,.T.);
#8236 = EDGE_LOOP('',(#8237,#8247,#8255,#8264,#8272,#8281));
#8237 = ORIENTED_EDGE('',*,*,#8238,.F.);
#8238 = EDGE_CURVE('',#8239,#8241,#8243,.T.);
#8239 = VERTEX_POINT('',#8240);
#8240 = CARTESIAN_POINT('',(1.130474979255,0.766812456699,0.709999999999
    ));
#8241 = VERTEX_POINT('',#8242);
#8242 = CARTESIAN_POINT('',(1.164605032858,0.766812456699,0.709999999999
    ));
#8243 = LINE('',#8244,#8245);
#8244 = CARTESIAN_POINT('',(1.130474979255,0.766812456699,0.709999999999
    ));
#8245 = VECTOR('',#8246,1.);
#8246 = DIRECTION('',(1.,0.,0.));
#8247 = ORIENTED_EDGE('',*,*,#8248,.F.);
#8248 = EDGE_CURVE('',#8249,#8239,#8251,.T.);
#8249 = VERTEX_POINT('',#8250);
#8250 = CARTESIAN_POINT('',(1.145681438781,0.809078615997,0.709999999999
    ));
#8251 = LINE('',#8252,#8253);
#8252 = CARTESIAN_POINT('',(1.145681438781,0.809078615997,0.709999999999
    ));
#8253 = VECTOR('',#8254,1.);
#8254 = DIRECTION('',(-0.338535034314,-0.940953787676,0.));
#8255 = ORIENTED_EDGE('',*,*,#8256,.F.);
#8256 = EDGE_CURVE('',#8257,#8249,#8259,.T.);
#8257 = VERTEX_POINT('',#8258);
#8258 = CARTESIAN_POINT('',(1.147345051447,0.816200957724,0.709999999999
    ));
#8259 = B_SPLINE_CURVE_WITH_KNOTS('',3,(#8260,#8261,#8262,#8263),
  .UNSPECIFIED.,.F.,.F.,(4,4),(3.,4.),.PIECEWISE_BEZIER_KNOTS.);
#8260 = CARTESIAN_POINT('',(1.147345051447,0.816200957724,0.709999999999
    ));
#8261 = CARTESIAN_POINT('',(1.146851166437,0.813133671871,0.709999999999
    ));
#8262 = CARTESIAN_POINT('',(1.14630529353,0.810742228663,0.709999999999)
  );
#8263 = CARTESIAN_POINT('',(1.145681438781,0.809078615997,0.709999999999
    ));
#8264 = ORIENTED_EDGE('',*,*,#8265,.F.);
#8265 = EDGE_CURVE('',#8266,#8257,#8268,.T.);
#8266 = VERTEX_POINT('',#8267);
#8267 = CARTESIAN_POINT('',(1.147656978822,0.816200957724,0.709999999999
    ));
#8268 = LINE('',#8269,#8270);
#8269 = CARTESIAN_POINT('',(1.147656978822,0.816200957724,0.709999999999
    ));
#8270 = VECTOR('',#8271,1.);
#8271 = DIRECTION('',(-1.,0.,0.));
#8272 = ORIENTED_EDGE('',*,*,#8273,.F.);
#8273 = EDGE_CURVE('',#8274,#8266,#8276,.T.);
#8274 = VERTEX_POINT('',#8275);
#8275 = CARTESIAN_POINT('',(1.149242609644,0.809078615997,0.709999999999
    ));
#8276 = B_SPLINE_CURVE_WITH_KNOTS('',3,(#8277,#8278,#8279,#8280),
  .UNSPECIFIED.,.F.,.F.,(4,4),(1.,2.),.PIECEWISE_BEZIER_KNOTS.);
#8277 = CARTESIAN_POINT('',(1.149242609644,0.809078615997,0.709999999999
    ));
#8278 = CARTESIAN_POINT('',(1.148748724634,0.810482289183,0.709999999999
    ));
#8279 = CARTESIAN_POINT('',(1.148228845676,0.812821744495,0.709999999999
    ));
#8280 = CARTESIAN_POINT('',(1.147656978822,0.816200957724,0.709999999999
    ));
#8281 = ORIENTED_EDGE('',*,*,#8282,.F.);
#8282 = EDGE_CURVE('',#8241,#8274,#8283,.T.);
#8283 = LINE('',#8284,#8285);
#8284 = CARTESIAN_POINT('',(1.164605032858,0.766812456699,0.709999999999
    ));
#8285 = VECTOR('',#8286,1.);
#8286 = DIRECTION('',(-0.341603830681,0.939844041777,0.));
#8287 = PLANE('',#8288);
#8288 = AXIS2_PLACEMENT_3D('',#8289,#8290,#8291);
#8289 = CARTESIAN_POINT('',(0.,0.,0.709999999999));
#8290 = DIRECTION('',(0.,0.,-1.));
#8291 = DIRECTION('',(-1.,0.,0.));
#8292 = ADVANCED_FACE('',(#8293),#8309,.F.);
#8293 = FACE_BOUND('',#8294,.T.);
#8294 = EDGE_LOOP('',(#8295,#8296,#8302,#8303));
#8295 = ORIENTED_EDGE('',*,*,#1132,.T.);
#8296 = ORIENTED_EDGE('',*,*,#8297,.F.);
#8297 = EDGE_CURVE('',#8175,#1123,#8298,.T.);
#8298 = LINE('',#8299,#8300);
#8299 = CARTESIAN_POINT('',(1.154805314496,0.829197931677,0.709999999999
    ));
#8300 = VECTOR('',#8301,1.);
#8301 = DIRECTION('',(0.,0.,-1.));
#8302 = ORIENTED_EDGE('',*,*,#8172,.F.);
#8303 = ORIENTED_EDGE('',*,*,#8304,.T.);
#8304 = EDGE_CURVE('',#8173,#1133,#8305,.T.);
#8305 = LINE('',#8306,#8307);
#8306 = CARTESIAN_POINT('',(1.193536296879,0.727509607462,0.709999999999
    ));
#8307 = VECTOR('',#8308,1.);
#8308 = DIRECTION('',(0.,0.,-1.));
#8309 = PLANE('',#8310);
#8310 = AXIS2_PLACEMENT_3D('',#8311,#8312,#8313);
#8311 = CARTESIAN_POINT('',(1.154805314496,0.829197931677,0.709999999999
    ));
#8312 = DIRECTION('',(-0.934510438742,-0.355935724369,0.));
#8313 = DIRECTION('',(0.355935724369,-0.934510438742,0.));
#8314 = ADVANCED_FACE('',(#8315),#8326,.F.);
#8315 = FACE_BOUND('',#8316,.T.);
#8316 = EDGE_LOOP('',(#8317,#8318,#8324,#8325));
#8317 = ORIENTED_EDGE('',*,*,#1122,.T.);
#8318 = ORIENTED_EDGE('',*,*,#8319,.F.);
#8319 = EDGE_CURVE('',#8183,#1125,#8320,.T.);
#8320 = LINE('',#8321,#8322);
#8321 = CARTESIAN_POINT('',(1.140768582626,0.829197931677,0.709999999999
    ));
#8322 = VECTOR('',#8323,1.);
#8323 = DIRECTION('',(0.,0.,-1.));
#8324 = ORIENTED_EDGE('',*,*,#8182,.F.);
#8325 = ORIENTED_EDGE('',*,*,#8297,.T.);
#8326 = PLANE('',#8327);
#8327 = AXIS2_PLACEMENT_3D('',#8328,#8329,#8330);
#8328 = CARTESIAN_POINT('',(1.140768582626,0.829197931677,0.709999999999
    ));
#8329 = DIRECTION('',(0.,-1.,0.));
#8330 = DIRECTION('',(0.,0.,-1.));
#8331 = ADVANCED_FACE('',(#8332),#8343,.F.);
#8332 = FACE_BOUND('',#8333,.T.);
#8333 = EDGE_LOOP('',(#8334,#8335,#8341,#8342));
#8334 = ORIENTED_EDGE('',*,*,#1180,.T.);
#8335 = ORIENTED_EDGE('',*,*,#8336,.F.);
#8336 = EDGE_CURVE('',#8191,#1173,#8337,.T.);
#8337 = LINE('',#8338,#8339);
#8338 = CARTESIAN_POINT('',(1.102037600244,0.727509607462,0.709999999999
    ));
#8339 = VECTOR('',#8340,1.);
#8340 = DIRECTION('',(0.,0.,-1.));
#8341 = ORIENTED_EDGE('',*,*,#8190,.F.);
#8342 = ORIENTED_EDGE('',*,*,#8319,.T.);
#8343 = PLANE('',#8344);
#8344 = AXIS2_PLACEMENT_3D('',#8345,#8346,#8347);
#8345 = CARTESIAN_POINT('',(1.102037600244,0.727509607462,0.709999999999
    ));
#8346 = DIRECTION('',(0.934510438744,-0.355935724364,0.));
#8347 = DIRECTION('',(0.355935724364,0.934510438744,0.));
#8348 = ADVANCED_FACE('',(#8349),#8360,.F.);
#8349 = FACE_BOUND('',#8350,.T.);
#8350 = EDGE_LOOP('',(#8351,#8352,#8358,#8359));
#8351 = ORIENTED_EDGE('',*,*,#1172,.T.);
#8352 = ORIENTED_EDGE('',*,*,#8353,.F.);
#8353 = EDGE_CURVE('',#8199,#1165,#8354,.T.);
#8354 = LINE('',#8355,#8356);
#8355 = CARTESIAN_POINT('',(1.116542223176,0.727509607462,0.709999999999
    ));
#8356 = VECTOR('',#8357,1.);
#8357 = DIRECTION('',(0.,0.,-1.));
#8358 = ORIENTED_EDGE('',*,*,#8198,.F.);
#8359 = ORIENTED_EDGE('',*,*,#8336,.T.);
#8360 = PLANE('',#8361);
#8361 = AXIS2_PLACEMENT_3D('',#8362,#8363,#8364);
#8362 = CARTESIAN_POINT('',(1.116542223176,0.727509607462,0.709999999999
    ));
#8363 = DIRECTION('',(0.,1.,0.));
#8364 = DIRECTION('',(0.,-0.,1.));
#8365 = ADVANCED_FACE('',(#8366),#8377,.F.);
#8366 = FACE_BOUND('',#8367,.T.);
#8367 = EDGE_LOOP('',(#8368,#8369,#8375,#8376));
#8368 = ORIENTED_EDGE('',*,*,#1164,.T.);
#8369 = ORIENTED_EDGE('',*,*,#8370,.F.);
#8370 = EDGE_CURVE('',#8207,#1157,#8371,.T.);
#8371 = LINE('',#8372,#8373);
#8372 = CARTESIAN_POINT('',(1.126315947589,0.755323131723,0.709999999999
    ));
#8373 = VECTOR('',#8374,1.);
#8374 = DIRECTION('',(0.,0.,-1.));
#8375 = ORIENTED_EDGE('',*,*,#8206,.F.);
#8376 = ORIENTED_EDGE('',*,*,#8353,.T.);
#8377 = PLANE('',#8378);
#8378 = AXIS2_PLACEMENT_3D('',#8379,#8380,#8381);
#8379 = CARTESIAN_POINT('',(1.126315947589,0.755323131723,0.709999999999
    ));
#8380 = DIRECTION('',(-0.943445233083,0.33152841835,0.));
#8381 = DIRECTION('',(-0.33152841835,-0.943445233083,0.));
#8382 = ADVANCED_FACE('',(#8383),#8394,.F.);
#8383 = FACE_BOUND('',#8384,.T.);
#8384 = EDGE_LOOP('',(#8385,#8386,#8392,#8393));
#8385 = ORIENTED_EDGE('',*,*,#1156,.T.);
#8386 = ORIENTED_EDGE('',*,*,#8387,.F.);
#8387 = EDGE_CURVE('',#8215,#1149,#8388,.T.);
#8388 = LINE('',#8389,#8390);
#8389 = CARTESIAN_POINT('',(1.168660088731,0.755323131723,0.709999999999
    ));
#8390 = VECTOR('',#8391,1.);
#8391 = DIRECTION('',(0.,0.,-1.));
#8392 = ORIENTED_EDGE('',*,*,#8214,.F.);
#8393 = ORIENTED_EDGE('',*,*,#8370,.T.);
#8394 = PLANE('',#8395);
#8395 = AXIS2_PLACEMENT_3D('',#8396,#8397,#8398);
#8396 = CARTESIAN_POINT('',(1.168660088731,0.755323131723,0.709999999999
    ));
#8397 = DIRECTION('',(0.,1.,0.));
#8398 = DIRECTION('',(0.,-0.,1.));
#8399 = ADVANCED_FACE('',(#8400),#8411,.F.);
#8400 = FACE_BOUND('',#8401,.T.);
#8401 = EDGE_LOOP('',(#8402,#8403,#8409,#8410));
#8402 = ORIENTED_EDGE('',*,*,#1148,.T.);
#8403 = ORIENTED_EDGE('',*,*,#8404,.F.);
#8404 = EDGE_CURVE('',#8223,#1141,#8405,.T.);
#8405 = LINE('',#8406,#8407);
#8406 = CARTESIAN_POINT('',(1.179031673947,0.727509607462,0.709999999999
    ));
#8407 = VECTOR('',#8408,1.);
#8408 = DIRECTION('',(0.,0.,-1.));
#8409 = ORIENTED_EDGE('',*,*,#8222,.F.);
#8410 = ORIENTED_EDGE('',*,*,#8387,.T.);
#8411 = PLANE('',#8412);
#8412 = AXIS2_PLACEMENT_3D('',#8413,#8414,#8415);
#8413 = CARTESIAN_POINT('',(1.179031673947,0.727509607462,0.709999999999
    ));
#8414 = DIRECTION('',(0.936975345954,0.349395479469,0.));
#8415 = DIRECTION('',(-0.349395479469,0.936975345954,0.));
#8416 = ADVANCED_FACE('',(#8417),#8423,.F.);
#8417 = FACE_BOUND('',#8418,.T.);
#8418 = EDGE_LOOP('',(#8419,#8420,#8421,#8422));
#8419 = ORIENTED_EDGE('',*,*,#1140,.T.);
#8420 = ORIENTED_EDGE('',*,*,#8304,.F.);
#8421 = ORIENTED_EDGE('',*,*,#8230,.F.);
#8422 = ORIENTED_EDGE('',*,*,#8404,.T.);
#8423 = PLANE('',#8424);
#8424 = AXIS2_PLACEMENT_3D('',#8425,#8426,#8427);
#8425 = CARTESIAN_POINT('',(1.193536296879,0.727509607462,0.709999999999
    ));
#8426 = DIRECTION('',(0.,1.,0.));
#8427 = DIRECTION('',(0.,-0.,1.));
#8428 = ADVANCED_FACE('',(#8429),#8454,.T.);
#8429 = FACE_BOUND('',#8430,.T.);
#8430 = EDGE_LOOP('',(#8431,#8441,#8447,#8448));
#8431 = ORIENTED_EDGE('',*,*,#8432,.F.);
#8432 = EDGE_CURVE('',#8433,#8435,#8437,.T.);
#8433 = VERTEX_POINT('',#8434);
#8434 = CARTESIAN_POINT('',(1.130474979255,0.766812456699,0.699999999999
    ));
#8435 = VERTEX_POINT('',#8436);
#8436 = CARTESIAN_POINT('',(1.164605032858,0.766812456699,0.699999999999
    ));
#8437 = LINE('',#8438,#8439);
#8438 = CARTESIAN_POINT('',(1.130474979255,0.766812456699,0.699999999999
    ));
#8439 = VECTOR('',#8440,1.);
#8440 = DIRECTION('',(1.,0.,0.));
#8441 = ORIENTED_EDGE('',*,*,#8442,.F.);
#8442 = EDGE_CURVE('',#8239,#8433,#8443,.T.);
#8443 = LINE('',#8444,#8445);
#8444 = CARTESIAN_POINT('',(1.130474979255,0.766812456699,0.709999999999
    ));
#8445 = VECTOR('',#8446,1.);
#8446 = DIRECTION('',(0.,0.,-1.));
#8447 = ORIENTED_EDGE('',*,*,#8238,.T.);
#8448 = ORIENTED_EDGE('',*,*,#8449,.T.);
#8449 = EDGE_CURVE('',#8241,#8435,#8450,.T.);
#8450 = LINE('',#8451,#8452);
#8451 = CARTESIAN_POINT('',(1.164605032858,0.766812456699,0.709999999999
    ));
#8452 = VECTOR('',#8453,1.);
#8453 = DIRECTION('',(0.,0.,-1.));
#8454 = PLANE('',#8455);
#8455 = AXIS2_PLACEMENT_3D('',#8456,#8457,#8458);
#8456 = CARTESIAN_POINT('',(1.130474979255,0.766812456699,0.709999999999
    ));
#8457 = DIRECTION('',(0.,1.,0.));
#8458 = DIRECTION('',(0.,-0.,1.));
#8459 = ADVANCED_FACE('',(#8460),#8478,.T.);
#8460 = FACE_BOUND('',#8461,.T.);
#8461 = EDGE_LOOP('',(#8462,#8470,#8471,#8472));
#8462 = ORIENTED_EDGE('',*,*,#8463,.F.);
#8463 = EDGE_CURVE('',#8435,#8464,#8466,.T.);
#8464 = VERTEX_POINT('',#8465);
#8465 = CARTESIAN_POINT('',(1.149242609644,0.809078615997,0.699999999999
    ));
#8466 = LINE('',#8467,#8468);
#8467 = CARTESIAN_POINT('',(1.164605032858,0.766812456699,0.699999999999
    ));
#8468 = VECTOR('',#8469,1.);
#8469 = DIRECTION('',(-0.341603830681,0.939844041777,0.));
#8470 = ORIENTED_EDGE('',*,*,#8449,.F.);
#8471 = ORIENTED_EDGE('',*,*,#8282,.T.);
#8472 = ORIENTED_EDGE('',*,*,#8473,.T.);
#8473 = EDGE_CURVE('',#8274,#8464,#8474,.T.);
#8474 = LINE('',#8475,#8476);
#8475 = CARTESIAN_POINT('',(1.149242609644,0.809078615997,0.709999999999
    ));
#8476 = VECTOR('',#8477,1.);
#8477 = DIRECTION('',(0.,0.,-1.));
#8478 = PLANE('',#8479);
#8479 = AXIS2_PLACEMENT_3D('',#8480,#8481,#8482);
#8480 = CARTESIAN_POINT('',(1.164605032858,0.766812456699,0.709999999999
    ));
#8481 = DIRECTION('',(-0.939844041777,-0.341603830681,0.));
#8482 = DIRECTION('',(0.341603830681,-0.939844041777,0.));
#8483 = ADVANCED_FACE('',(#8484),#8503,.T.);
#8484 = FACE_BOUND('',#8485,.T.);
#8485 = EDGE_LOOP('',(#8486,#8495,#8496,#8497));
#8486 = ORIENTED_EDGE('',*,*,#8487,.F.);
#8487 = EDGE_CURVE('',#8464,#8488,#8490,.T.);
#8488 = VERTEX_POINT('',#8489);
#8489 = CARTESIAN_POINT('',(1.147656978822,0.816200957724,0.699999999999
    ));
#8490 = B_SPLINE_CURVE_WITH_KNOTS('',3,(#8491,#8492,#8493,#8494),
  .UNSPECIFIED.,.F.,.F.,(4,4),(1.,2.),.PIECEWISE_BEZIER_KNOTS.);
#8491 = CARTESIAN_POINT('',(1.149242609644,0.809078615997,0.699999999999
    ));
#8492 = CARTESIAN_POINT('',(1.148748724634,0.810482289183,0.699999999999
    ));
#8493 = CARTESIAN_POINT('',(1.148228845676,0.812821744495,0.699999999999
    ));
#8494 = CARTESIAN_POINT('',(1.147656978822,0.816200957724,0.699999999999
    ));
#8495 = ORIENTED_EDGE('',*,*,#8473,.F.);
#8496 = ORIENTED_EDGE('',*,*,#8273,.T.);
#8497 = ORIENTED_EDGE('',*,*,#8498,.T.);
#8498 = EDGE_CURVE('',#8266,#8488,#8499,.T.);
#8499 = LINE('',#8500,#8501);
#8500 = CARTESIAN_POINT('',(1.147656978822,0.816200957724,0.709999999999
    ));
#8501 = VECTOR('',#8502,1.);
#8502 = DIRECTION('',(0.,0.,-1.));
#8503 = B_SPLINE_SURFACE_WITH_KNOTS('',3,1,(
    (#8504,#8505)
    ,(#8506,#8507)
    ,(#8508,#8509)
    ,(#8510,#8511
    )),.UNSPECIFIED.,.F.,.F.,.F.,(4,4),(2,2),(1.,2.),(0.,1.),
  .PIECEWISE_BEZIER_KNOTS.);
#8504 = CARTESIAN_POINT('',(1.149242609644,0.809078615997,0.709999999999
    ));
#8505 = CARTESIAN_POINT('',(1.149242609644,0.809078615997,0.699999999999
    ));
#8506 = CARTESIAN_POINT('',(1.148748724634,0.810482289183,0.709999999999
    ));
#8507 = CARTESIAN_POINT('',(1.148748724634,0.810482289183,0.699999999999
    ));
#8508 = CARTESIAN_POINT('',(1.148228845676,0.812821744495,0.709999999999
    ));
#8509 = CARTESIAN_POINT('',(1.148228845676,0.812821744495,0.699999999999
    ));
#8510 = CARTESIAN_POINT('',(1.147656978822,0.816200957724,0.709999999999
    ));
#8511 = CARTESIAN_POINT('',(1.147656978822,0.816200957724,0.699999999999
    ));
#8512 = ADVANCED_FACE('',(#8513),#8531,.T.);
#8513 = FACE_BOUND('',#8514,.T.);
#8514 = EDGE_LOOP('',(#8515,#8523,#8524,#8525));
#8515 = ORIENTED_EDGE('',*,*,#8516,.F.);
#8516 = EDGE_CURVE('',#8488,#8517,#8519,.T.);
#8517 = VERTEX_POINT('',#8518);
#8518 = CARTESIAN_POINT('',(1.147345051447,0.816200957724,0.699999999999
    ));
#8519 = LINE('',#8520,#8521);
#8520 = CARTESIAN_POINT('',(1.147656978822,0.816200957724,0.699999999999
    ));
#8521 = VECTOR('',#8522,1.);
#8522 = DIRECTION('',(-1.,0.,0.));
#8523 = ORIENTED_EDGE('',*,*,#8498,.F.);
#8524 = ORIENTED_EDGE('',*,*,#8265,.T.);
#8525 = ORIENTED_EDGE('',*,*,#8526,.T.);
#8526 = EDGE_CURVE('',#8257,#8517,#8527,.T.);
#8527 = LINE('',#8528,#8529);
#8528 = CARTESIAN_POINT('',(1.147345051447,0.816200957724,0.709999999999
    ));
#8529 = VECTOR('',#8530,1.);
#8530 = DIRECTION('',(0.,0.,-1.));
#8531 = PLANE('',#8532);
#8532 = AXIS2_PLACEMENT_3D('',#8533,#8534,#8535);
#8533 = CARTESIAN_POINT('',(1.147656978822,0.816200957724,0.709999999999
    ));
#8534 = DIRECTION('',(0.,-1.,0.));
#8535 = DIRECTION('',(0.,0.,-1.));
#8536 = ADVANCED_FACE('',(#8537),#8556,.T.);
#8537 = FACE_BOUND('',#8538,.T.);
#8538 = EDGE_LOOP('',(#8539,#8548,#8549,#8550));
#8539 = ORIENTED_EDGE('',*,*,#8540,.F.);
#8540 = EDGE_CURVE('',#8517,#8541,#8543,.T.);
#8541 = VERTEX_POINT('',#8542);
#8542 = CARTESIAN_POINT('',(1.145681438781,0.809078615997,0.699999999999
    ));
#8543 = B_SPLINE_CURVE_WITH_KNOTS('',3,(#8544,#8545,#8546,#8547),
  .UNSPECIFIED.,.F.,.F.,(4,4),(3.,4.),.PIECEWISE_BEZIER_KNOTS.);
#8544 = CARTESIAN_POINT('',(1.147345051447,0.816200957724,0.699999999999
    ));
#8545 = CARTESIAN_POINT('',(1.146851166437,0.813133671871,0.699999999999
    ));
#8546 = CARTESIAN_POINT('',(1.14630529353,0.810742228663,0.699999999999)
  );
#8547 = CARTESIAN_POINT('',(1.145681438781,0.809078615997,0.699999999999
    ));
#8548 = ORIENTED_EDGE('',*,*,#8526,.F.);
#8549 = ORIENTED_EDGE('',*,*,#8256,.T.);
#8550 = ORIENTED_EDGE('',*,*,#8551,.T.);
#8551 = EDGE_CURVE('',#8249,#8541,#8552,.T.);
#8552 = LINE('',#8553,#8554);
#8553 = CARTESIAN_POINT('',(1.145681438781,0.809078615997,0.709999999999
    ));
#8554 = VECTOR('',#8555,1.);
#8555 = DIRECTION('',(0.,0.,-1.));
#8556 = B_SPLINE_SURFACE_WITH_KNOTS('',3,1,(
    (#8557,#8558)
    ,(#8559,#8560)
    ,(#8561,#8562)
    ,(#8563,#8564
    )),.UNSPECIFIED.,.F.,.F.,.F.,(4,4),(2,2),(3.,4.),(0.,1.),
  .PIECEWISE_BEZIER_KNOTS.);
#8557 = CARTESIAN_POINT('',(1.147345051447,0.816200957724,0.709999999999
    ));
#8558 = CARTESIAN_POINT('',(1.147345051447,0.816200957724,0.699999999999
    ));
#8559 = CARTESIAN_POINT('',(1.146851166437,0.813133671871,0.709999999999
    ));
#8560 = CARTESIAN_POINT('',(1.146851166437,0.813133671871,0.699999999999
    ));
#8561 = CARTESIAN_POINT('',(1.14630529353,0.810742228663,0.709999999999)
  );
#8562 = CARTESIAN_POINT('',(1.14630529353,0.810742228663,0.699999999999)
  );
#8563 = CARTESIAN_POINT('',(1.145681438781,0.809078615997,0.709999999999
    ));
#8564 = CARTESIAN_POINT('',(1.145681438781,0.809078615997,0.699999999999
    ));
#8565 = ADVANCED_FACE('',(#8566),#8577,.T.);
#8566 = FACE_BOUND('',#8567,.T.);
#8567 = EDGE_LOOP('',(#8568,#8574,#8575,#8576));
#8568 = ORIENTED_EDGE('',*,*,#8569,.F.);
#8569 = EDGE_CURVE('',#8541,#8433,#8570,.T.);
#8570 = LINE('',#8571,#8572);
#8571 = CARTESIAN_POINT('',(1.145681438781,0.809078615997,0.699999999999
    ));
#8572 = VECTOR('',#8573,1.);
#8573 = DIRECTION('',(-0.338535034314,-0.940953787676,0.));
#8574 = ORIENTED_EDGE('',*,*,#8551,.F.);
#8575 = ORIENTED_EDGE('',*,*,#8248,.T.);
#8576 = ORIENTED_EDGE('',*,*,#8442,.T.);
#8577 = PLANE('',#8578);
#8578 = AXIS2_PLACEMENT_3D('',#8579,#8580,#8581);
#8579 = CARTESIAN_POINT('',(1.145681438781,0.809078615997,0.709999999999
    ));
#8580 = DIRECTION('',(0.940953787676,-0.338535034314,0.));
#8581 = DIRECTION('',(0.338535034314,0.940953787676,0.));
#8582 = ADVANCED_FACE('',(#8583),#8591,.T.);
#8583 = FACE_BOUND('',#8584,.T.);
#8584 = EDGE_LOOP('',(#8585,#8586,#8587,#8588,#8589,#8590));
#8585 = ORIENTED_EDGE('',*,*,#8432,.T.);
#8586 = ORIENTED_EDGE('',*,*,#8463,.T.);
#8587 = ORIENTED_EDGE('',*,*,#8487,.T.);
#8588 = ORIENTED_EDGE('',*,*,#8516,.T.);
#8589 = ORIENTED_EDGE('',*,*,#8540,.T.);
#8590 = ORIENTED_EDGE('',*,*,#8569,.T.);
#8591 = PLANE('',#8592);
#8592 = AXIS2_PLACEMENT_3D('',#8593,#8594,#8595);
#8593 = CARTESIAN_POINT('',(0.,0.,0.699999999999));
#8594 = DIRECTION('',(0.,0.,1.));
#8595 = DIRECTION('',(1.,0.,-0.));
#8596 = ADVANCED_FACE('',(#8597),#8622,.F.);
#8597 = FACE_BOUND('',#8598,.T.);
#8598 = EDGE_LOOP('',(#8599,#8600,#8608,#8616));
#8599 = ORIENTED_EDGE('',*,*,#1198,.T.);
#8600 = ORIENTED_EDGE('',*,*,#8601,.F.);
#8601 = EDGE_CURVE('',#8602,#1189,#8604,.T.);
#8602 = VERTEX_POINT('',#8603);
#8603 = CARTESIAN_POINT('',(0.840122581123,0.577784467512,0.709999999999
    ));
#8604 = LINE('',#8605,#8606);
#8605 = CARTESIAN_POINT('',(0.840122581123,0.577784467512,0.709999999999
    ));
#8606 = VECTOR('',#8607,1.);
#8607 = DIRECTION('',(0.,0.,-1.));
#8608 = ORIENTED_EDGE('',*,*,#8609,.F.);
#8609 = EDGE_CURVE('',#8610,#8602,#8612,.T.);
#8610 = VERTEX_POINT('',#8611);
#8611 = CARTESIAN_POINT('',(0.840122581123,0.566191166745,0.709999999999
    ));
#8612 = LINE('',#8613,#8614);
#8613 = CARTESIAN_POINT('',(0.840122581123,0.577784467512,0.709999999999
    ));
#8614 = VECTOR('',#8615,1.);
#8615 = DIRECTION('',(0.,1.,0.));
#8616 = ORIENTED_EDGE('',*,*,#8617,.T.);
#8617 = EDGE_CURVE('',#8610,#1199,#8618,.T.);
#8618 = LINE('',#8619,#8620);
#8619 = CARTESIAN_POINT('',(0.840122581123,0.566191166745,0.709999999999
    ));
#8620 = VECTOR('',#8621,1.);
#8621 = DIRECTION('',(0.,0.,-1.));
#8622 = PLANE('',#8623);
#8623 = AXIS2_PLACEMENT_3D('',#8624,#8625,#8626);
#8624 = CARTESIAN_POINT('',(0.840122581123,0.577784467512,0.709999999999
    ));
#8625 = DIRECTION('',(-1.,0.,0.));
#8626 = DIRECTION('',(0.,0.,1.));
#8627 = ADVANCED_FACE('',(#8628),#8646,.F.);
#8628 = FACE_BOUND('',#8629,.T.);
#8629 = EDGE_LOOP('',(#8630,#8631,#8639,#8645));
#8630 = ORIENTED_EDGE('',*,*,#1188,.T.);
#8631 = ORIENTED_EDGE('',*,*,#8632,.F.);
#8632 = EDGE_CURVE('',#8633,#1191,#8635,.T.);
#8633 = VERTEX_POINT('',#8634);
#8634 = CARTESIAN_POINT('',(0.798558258418,0.577784467512,0.709999999999
    ));
#8635 = LINE('',#8636,#8637);
#8636 = CARTESIAN_POINT('',(0.798558258418,0.577784467512,0.709999999999
    ));
#8637 = VECTOR('',#8638,1.);
#8638 = DIRECTION('',(0.,0.,-1.));
#8639 = ORIENTED_EDGE('',*,*,#8640,.F.);
#8640 = EDGE_CURVE('',#8602,#8633,#8641,.T.);
#8641 = LINE('',#8642,#8643);
#8642 = CARTESIAN_POINT('',(0.798558258418,0.577784467512,0.709999999999
    ));
#8643 = VECTOR('',#8644,1.);
#8644 = DIRECTION('',(-1.,0.,0.));
#8645 = ORIENTED_EDGE('',*,*,#8601,.T.);
#8646 = PLANE('',#8647);
#8647 = AXIS2_PLACEMENT_3D('',#8648,#8649,#8650);
#8648 = CARTESIAN_POINT('',(0.798558258418,0.577784467512,0.709999999999
    ));
#8649 = DIRECTION('',(0.,-1.,0.));
#8650 = DIRECTION('',(0.,0.,-1.));
#8651 = ADVANCED_FACE('',(#8652),#8670,.F.);
#8652 = FACE_BOUND('',#8653,.T.);
#8653 = EDGE_LOOP('',(#8654,#8655,#8663,#8669));
#8654 = ORIENTED_EDGE('',*,*,#1278,.T.);
#8655 = ORIENTED_EDGE('',*,*,#8656,.F.);
#8656 = EDGE_CURVE('',#8657,#1271,#8659,.T.);
#8657 = VERTEX_POINT('',#8658);
#8658 = CARTESIAN_POINT('',(0.798558258418,0.611992502959,0.709999999999
    ));
#8659 = LINE('',#8660,#8661);
#8660 = CARTESIAN_POINT('',(0.798558258418,0.611992502959,0.709999999999
    ));
#8661 = VECTOR('',#8662,1.);
#8662 = DIRECTION('',(0.,0.,-1.));
#8663 = ORIENTED_EDGE('',*,*,#8664,.F.);
#8664 = EDGE_CURVE('',#8633,#8657,#8665,.T.);
#8665 = LINE('',#8666,#8667);
#8666 = CARTESIAN_POINT('',(0.798558258418,0.611992502959,0.709999999999
    ));
#8667 = VECTOR('',#8668,1.);
#8668 = DIRECTION('',(0.,1.,0.));
#8669 = ORIENTED_EDGE('',*,*,#8632,.T.);
#8670 = PLANE('',#8671);
#8671 = AXIS2_PLACEMENT_3D('',#8672,#8673,#8674);
#8672 = CARTESIAN_POINT('',(0.798558258418,0.611992502959,0.709999999999
    ));
#8673 = DIRECTION('',(-1.,0.,0.));
#8674 = DIRECTION('',(0.,0.,1.));
#8675 = ADVANCED_FACE('',(#8676),#8694,.F.);
#8676 = FACE_BOUND('',#8677,.T.);
#8677 = EDGE_LOOP('',(#8678,#8679,#8687,#8693));
#8678 = ORIENTED_EDGE('',*,*,#1270,.T.);
#8679 = ORIENTED_EDGE('',*,*,#8680,.F.);
#8680 = EDGE_CURVE('',#8681,#1263,#8683,.T.);
#8681 = VERTEX_POINT('',#8682);
#8682 = CARTESIAN_POINT('',(0.834923791541,0.611992502959,0.709999999999
    ));
#8683 = LINE('',#8684,#8685);
#8684 = CARTESIAN_POINT('',(0.834923791541,0.611992502959,0.709999999999
    ));
#8685 = VECTOR('',#8686,1.);
#8686 = DIRECTION('',(0.,0.,-1.));
#8687 = ORIENTED_EDGE('',*,*,#8688,.F.);
#8688 = EDGE_CURVE('',#8657,#8681,#8689,.T.);
#8689 = LINE('',#8690,#8691);
#8690 = CARTESIAN_POINT('',(0.834923791541,0.611992502959,0.709999999999
    ));
#8691 = VECTOR('',#8692,1.);
#8692 = DIRECTION('',(1.,0.,0.));
#8693 = ORIENTED_EDGE('',*,*,#8656,.T.);
#8694 = PLANE('',#8695);
#8695 = AXIS2_PLACEMENT_3D('',#8696,#8697,#8698);
#8696 = CARTESIAN_POINT('',(0.834923791541,0.611992502959,0.709999999999
    ));
#8697 = DIRECTION('',(0.,1.,0.));
#8698 = DIRECTION('',(0.,-0.,1.));
#8699 = ADVANCED_FACE('',(#8700),#8718,.F.);
#8700 = FACE_BOUND('',#8701,.T.);
#8701 = EDGE_LOOP('',(#8702,#8703,#8711,#8717));
#8702 = ORIENTED_EDGE('',*,*,#1262,.T.);
#8703 = ORIENTED_EDGE('',*,*,#8704,.F.);
#8704 = EDGE_CURVE('',#8705,#1255,#8707,.T.);
#8705 = VERTEX_POINT('',#8706);
#8706 = CARTESIAN_POINT('',(0.834923791541,0.623637791621,0.709999999999
    ));
#8707 = LINE('',#8708,#8709);
#8708 = CARTESIAN_POINT('',(0.834923791541,0.623637791621,0.709999999999
    ));
#8709 = VECTOR('',#8710,1.);
#8710 = DIRECTION('',(0.,0.,-1.));
#8711 = ORIENTED_EDGE('',*,*,#8712,.F.);
#8712 = EDGE_CURVE('',#8681,#8705,#8713,.T.);
#8713 = LINE('',#8714,#8715);
#8714 = CARTESIAN_POINT('',(0.834923791541,0.623637791621,0.709999999999
    ));
#8715 = VECTOR('',#8716,1.);
#8716 = DIRECTION('',(0.,1.,0.));
#8717 = ORIENTED_EDGE('',*,*,#8680,.T.);
#8718 = PLANE('',#8719);
#8719 = AXIS2_PLACEMENT_3D('',#8720,#8721,#8722);
#8720 = CARTESIAN_POINT('',(0.834923791541,0.623637791621,0.709999999999
    ));
#8721 = DIRECTION('',(-1.,0.,0.));
#8722 = DIRECTION('',(0.,0.,1.));
#8723 = ADVANCED_FACE('',(#8724),#8742,.F.);
#8724 = FACE_BOUND('',#8725,.T.);
#8725 = EDGE_LOOP('',(#8726,#8727,#8735,#8741));
#8726 = ORIENTED_EDGE('',*,*,#1254,.T.);
#8727 = ORIENTED_EDGE('',*,*,#8728,.F.);
#8728 = EDGE_CURVE('',#8729,#1247,#8731,.T.);
#8729 = VERTEX_POINT('',#8730);
#8730 = CARTESIAN_POINT('',(0.798558258418,0.623637791621,0.709999999999
    ));
#8731 = LINE('',#8732,#8733);
#8732 = CARTESIAN_POINT('',(0.798558258418,0.623637791621,0.709999999999
    ));
#8733 = VECTOR('',#8734,1.);
#8734 = DIRECTION('',(0.,0.,-1.));
#8735 = ORIENTED_EDGE('',*,*,#8736,.F.);
#8736 = EDGE_CURVE('',#8705,#8729,#8737,.T.);
#8737 = LINE('',#8738,#8739);
#8738 = CARTESIAN_POINT('',(0.798558258418,0.623637791621,0.709999999999
    ));
#8739 = VECTOR('',#8740,1.);
#8740 = DIRECTION('',(-1.,0.,0.));
#8741 = ORIENTED_EDGE('',*,*,#8704,.T.);
#8742 = PLANE('',#8743);
#8743 = AXIS2_PLACEMENT_3D('',#8744,#8745,#8746);
#8744 = CARTESIAN_POINT('',(0.798558258418,0.623637791621,0.709999999999
    ));
#8745 = DIRECTION('',(0.,-1.,0.));
#8746 = DIRECTION('',(0.,0.,-1.));
#8747 = ADVANCED_FACE('',(#8748),#8766,.F.);
#8748 = FACE_BOUND('',#8749,.T.);
#8749 = EDGE_LOOP('',(#8750,#8751,#8759,#8765));
#8750 = ORIENTED_EDGE('',*,*,#1246,.T.);
#8751 = ORIENTED_EDGE('',*,*,#8752,.F.);
#8752 = EDGE_CURVE('',#8753,#1239,#8755,.T.);
#8753 = VERTEX_POINT('',#8754);
#8754 = CARTESIAN_POINT('',(0.798558258418,0.656182214402,0.709999999999
    ));
#8755 = LINE('',#8756,#8757);
#8756 = CARTESIAN_POINT('',(0.798558258418,0.656182214402,0.709999999999
    ));
#8757 = VECTOR('',#8758,1.);
#8758 = DIRECTION('',(0.,0.,-1.));
#8759 = ORIENTED_EDGE('',*,*,#8760,.F.);
#8760 = EDGE_CURVE('',#8729,#8753,#8761,.T.);
#8761 = LINE('',#8762,#8763);
#8762 = CARTESIAN_POINT('',(0.798558258418,0.656182214402,0.709999999999
    ));
#8763 = VECTOR('',#8764,1.);
#8764 = DIRECTION('',(0.,1.,0.));
#8765 = ORIENTED_EDGE('',*,*,#8728,.T.);
#8766 = PLANE('',#8767);
#8767 = AXIS2_PLACEMENT_3D('',#8768,#8769,#8770);
#8768 = CARTESIAN_POINT('',(0.798558258418,0.656182214402,0.709999999999
    ));
#8769 = DIRECTION('',(-1.,0.,0.));
#8770 = DIRECTION('',(0.,0.,1.));
#8771 = ADVANCED_FACE('',(#8772),#8790,.F.);
#8772 = FACE_BOUND('',#8773,.T.);
#8773 = EDGE_LOOP('',(#8774,#8775,#8783,#8789));
#8774 = ORIENTED_EDGE('',*,*,#1238,.T.);
#8775 = ORIENTED_EDGE('',*,*,#8776,.F.);
#8776 = EDGE_CURVE('',#8777,#1231,#8779,.T.);
#8777 = VERTEX_POINT('',#8778);
#8778 = CARTESIAN_POINT('',(0.837809119759,0.656182214402,0.709999999999
    ));
#8779 = LINE('',#8780,#8781);
#8780 = CARTESIAN_POINT('',(0.837809119759,0.656182214402,0.709999999999
    ));
#8781 = VECTOR('',#8782,1.);
#8782 = DIRECTION('',(0.,0.,-1.));
#8783 = ORIENTED_EDGE('',*,*,#8784,.F.);
#8784 = EDGE_CURVE('',#8753,#8777,#8785,.T.);
#8785 = LINE('',#8786,#8787);
#8786 = CARTESIAN_POINT('',(0.837809119759,0.656182214402,0.709999999999
    ));
#8787 = VECTOR('',#8788,1.);
#8788 = DIRECTION('',(1.,0.,0.));
#8789 = ORIENTED_EDGE('',*,*,#8752,.T.);
#8790 = PLANE('',#8791);
#8791 = AXIS2_PLACEMENT_3D('',#8792,#8793,#8794);
#8792 = CARTESIAN_POINT('',(0.837809119759,0.656182214402,0.709999999999
    ));
#8793 = DIRECTION('',(0.,1.,0.));
#8794 = DIRECTION('',(0.,-0.,1.));
#8795 = ADVANCED_FACE('',(#8796),#8814,.F.);
#8796 = FACE_BOUND('',#8797,.T.);
#8797 = EDGE_LOOP('',(#8798,#8799,#8807,#8813));
#8798 = ORIENTED_EDGE('',*,*,#1230,.T.);
#8799 = ORIENTED_EDGE('',*,*,#8800,.F.);
#8800 = EDGE_CURVE('',#8801,#1223,#8803,.T.);
#8801 = VERTEX_POINT('',#8802);
#8802 = CARTESIAN_POINT('',(0.837809119759,0.667879490961,0.709999999999
    ));
#8803 = LINE('',#8804,#8805);
#8804 = CARTESIAN_POINT('',(0.837809119759,0.667879490961,0.709999999999
    ));
#8805 = VECTOR('',#8806,1.);
#8806 = DIRECTION('',(0.,0.,-1.));
#8807 = ORIENTED_EDGE('',*,*,#8808,.F.);
#8808 = EDGE_CURVE('',#8777,#8801,#8809,.T.);
#8809 = LINE('',#8810,#8811);
#8810 = CARTESIAN_POINT('',(0.837809119759,0.667879490961,0.709999999999
    ));
#8811 = VECTOR('',#8812,1.);
#8812 = DIRECTION('',(0.,1.,0.));
#8813 = ORIENTED_EDGE('',*,*,#8776,.T.);
#8814 = PLANE('',#8815);
#8815 = AXIS2_PLACEMENT_3D('',#8816,#8817,#8818);
#8816 = CARTESIAN_POINT('',(0.837809119759,0.667879490961,0.709999999999
    ));
#8817 = DIRECTION('',(-1.,0.,0.));
#8818 = DIRECTION('',(0.,0.,1.));
#8819 = ADVANCED_FACE('',(#8820),#8838,.F.);
#8820 = FACE_BOUND('',#8821,.T.);
#8821 = EDGE_LOOP('',(#8822,#8823,#8831,#8837));
#8822 = ORIENTED_EDGE('',*,*,#1222,.T.);
#8823 = ORIENTED_EDGE('',*,*,#8824,.F.);
#8824 = EDGE_CURVE('',#8825,#1215,#8827,.T.);
#8825 = VERTEX_POINT('',#8826);
#8826 = CARTESIAN_POINT('',(0.785431314725,0.667879490961,0.709999999999
    ));
#8827 = LINE('',#8828,#8829);
#8828 = CARTESIAN_POINT('',(0.785431314725,0.667879490961,0.709999999999
    ));
#8829 = VECTOR('',#8830,1.);
#8830 = DIRECTION('',(0.,0.,-1.));
#8831 = ORIENTED_EDGE('',*,*,#8832,.F.);
#8832 = EDGE_CURVE('',#8801,#8825,#8833,.T.);
#8833 = LINE('',#8834,#8835);
#8834 = CARTESIAN_POINT('',(0.785431314725,0.667879490961,0.709999999999
    ));
#8835 = VECTOR('',#8836,1.);
#8836 = DIRECTION('',(-1.,0.,0.));
#8837 = ORIENTED_EDGE('',*,*,#8800,.T.);
#8838 = PLANE('',#8839);
#8839 = AXIS2_PLACEMENT_3D('',#8840,#8841,#8842);
#8840 = CARTESIAN_POINT('',(0.785431314725,0.667879490961,0.709999999999
    ));
#8841 = DIRECTION('',(0.,-1.,0.));
#8842 = DIRECTION('',(0.,0.,-1.));
#8843 = ADVANCED_FACE('',(#8844),#8862,.F.);
#8844 = FACE_BOUND('',#8845,.T.);
#8845 = EDGE_LOOP('',(#8846,#8847,#8855,#8861));
#8846 = ORIENTED_EDGE('',*,*,#1214,.T.);
#8847 = ORIENTED_EDGE('',*,*,#8848,.F.);
#8848 = EDGE_CURVE('',#8849,#1207,#8851,.T.);
#8849 = VERTEX_POINT('',#8850);
#8850 = CARTESIAN_POINT('',(0.785431314725,0.566191166745,0.709999999999
    ));
#8851 = LINE('',#8852,#8853);
#8852 = CARTESIAN_POINT('',(0.785431314725,0.566191166745,0.709999999999
    ));
#8853 = VECTOR('',#8854,1.);
#8854 = DIRECTION('',(0.,0.,-1.));
#8855 = ORIENTED_EDGE('',*,*,#8856,.F.);
#8856 = EDGE_CURVE('',#8825,#8849,#8857,.T.);
#8857 = LINE('',#8858,#8859);
#8858 = CARTESIAN_POINT('',(0.785431314725,0.566191166745,0.709999999999
    ));
#8859 = VECTOR('',#8860,1.);
#8860 = DIRECTION('',(0.,-1.,0.));
#8861 = ORIENTED_EDGE('',*,*,#8824,.T.);
#8862 = PLANE('',#8863);
#8863 = AXIS2_PLACEMENT_3D('',#8864,#8865,#8866);
#8864 = CARTESIAN_POINT('',(0.785431314725,0.566191166745,0.709999999999
    ));
#8865 = DIRECTION('',(1.,0.,0.));
#8866 = DIRECTION('',(0.,0.,-1.));
#8867 = ADVANCED_FACE('',(#8868),#8879,.F.);
#8868 = FACE_BOUND('',#8869,.T.);
#8869 = EDGE_LOOP('',(#8870,#8871,#8872,#8878));
#8870 = ORIENTED_EDGE('',*,*,#1206,.T.);
#8871 = ORIENTED_EDGE('',*,*,#8617,.F.);
#8872 = ORIENTED_EDGE('',*,*,#8873,.F.);
#8873 = EDGE_CURVE('',#8849,#8610,#8874,.T.);
#8874 = LINE('',#8875,#8876);
#8875 = CARTESIAN_POINT('',(0.840122581123,0.566191166745,0.709999999999
    ));
#8876 = VECTOR('',#8877,1.);
#8877 = DIRECTION('',(1.,0.,0.));
#8878 = ORIENTED_EDGE('',*,*,#8848,.T.);
#8879 = PLANE('',#8880);
#8880 = AXIS2_PLACEMENT_3D('',#8881,#8882,#8883);
#8881 = CARTESIAN_POINT('',(0.840122581123,0.566191166745,0.709999999999
    ));
#8882 = DIRECTION('',(0.,1.,0.));
#8883 = DIRECTION('',(0.,-0.,1.));
#8884 = ADVANCED_FACE('',(#8885),#8899,.F.);
#8885 = FACE_BOUND('',#8886,.T.);
#8886 = EDGE_LOOP('',(#8887,#8888,#8889,#8890,#8891,#8892,#8893,#8894,
    #8895,#8896,#8897,#8898));
#8887 = ORIENTED_EDGE('',*,*,#8609,.T.);
#8888 = ORIENTED_EDGE('',*,*,#8640,.T.);
#8889 = ORIENTED_EDGE('',*,*,#8664,.T.);
#8890 = ORIENTED_EDGE('',*,*,#8688,.T.);
#8891 = ORIENTED_EDGE('',*,*,#8712,.T.);
#8892 = ORIENTED_EDGE('',*,*,#8736,.T.);
#8893 = ORIENTED_EDGE('',*,*,#8760,.T.);
#8894 = ORIENTED_EDGE('',*,*,#8784,.T.);
#8895 = ORIENTED_EDGE('',*,*,#8808,.T.);
#8896 = ORIENTED_EDGE('',*,*,#8832,.T.);
#8897 = ORIENTED_EDGE('',*,*,#8856,.T.);
#8898 = ORIENTED_EDGE('',*,*,#8873,.T.);
#8899 = PLANE('',#8900);
#8900 = AXIS2_PLACEMENT_3D('',#8901,#8902,#8903);
#8901 = CARTESIAN_POINT('',(0.,0.,0.709999999999));
#8902 = DIRECTION('',(0.,0.,-1.));
#8903 = DIRECTION('',(-1.,0.,0.));
#8904 = ADVANCED_FACE('',(#8905,#9027),#9099,.T.);
#8905 = FACE_BOUND('',#8906,.T.);
#8906 = EDGE_LOOP('',(#8907,#8918,#8926,#8935,#8944,#8952,#8961,#8970,
    #8979,#8988,#8996,#9004,#9012,#9020));
#8907 = ORIENTED_EDGE('',*,*,#8908,.T.);
#8908 = EDGE_CURVE('',#8909,#8911,#8913,.T.);
#8909 = VERTEX_POINT('',#8910);
#8910 = CARTESIAN_POINT('',(0.884416268358,0.640481869866,0.709999999999
    ));
#8911 = VERTEX_POINT('',#8912);
#8912 = CARTESIAN_POINT('',(0.85941009047,0.63372344341,0.709999999999)
  );
#8913 = B_SPLINE_CURVE_WITH_KNOTS('',3,(#8914,#8915,#8916,#8917),
  .UNSPECIFIED.,.F.,.F.,(4,4),(0.,1.),.PIECEWISE_BEZIER_KNOTS.);
#8914 = CARTESIAN_POINT('',(0.884416268358,0.640481869866,0.709999999999
    ));
#8915 = CARTESIAN_POINT('',(0.87495447132,0.640481869866,0.709999999999)
  );
#8916 = CARTESIAN_POINT('',(0.866610414041,0.638246390346,0.709999999999
    ));
#8917 = CARTESIAN_POINT('',(0.85941009047,0.63372344341,0.709999999999)
  );
#8918 = ORIENTED_EDGE('',*,*,#8919,.T.);
#8919 = EDGE_CURVE('',#8911,#8920,#8922,.T.);
#8920 = VERTEX_POINT('',#8921);
#8921 = CARTESIAN_POINT('',(0.85941009047,0.621350324205,0.709999999999)
  );
#8922 = LINE('',#8923,#8924);
#8923 = CARTESIAN_POINT('',(0.85941009047,0.621350324205,0.709999999999)
  );
#8924 = VECTOR('',#8925,1.);
#8925 = DIRECTION('',(0.,-1.,0.));
#8926 = ORIENTED_EDGE('',*,*,#8927,.T.);
#8927 = EDGE_CURVE('',#8920,#8928,#8930,.T.);
#8928 = VERTEX_POINT('',#8929);
#8929 = CARTESIAN_POINT('',(0.883220546754,0.630136278599,0.709999999999
    ));
#8930 = B_SPLINE_CURVE_WITH_KNOTS('',3,(#8931,#8932,#8933,#8934),
  .UNSPECIFIED.,.F.,.F.,(4,4),(12.,13.),.PIECEWISE_BEZIER_KNOTS.);
#8931 = CARTESIAN_POINT('',(0.85941009047,0.621350324205,0.709999999999)
  );
#8932 = CARTESIAN_POINT('',(0.866584420093,0.627172968537,0.709999999999
    ));
#8933 = CARTESIAN_POINT('',(0.874512574205,0.630136278599,0.709999999999
    ));
#8934 = CARTESIAN_POINT('',(0.883220546754,0.630136278599,0.709999999999
    ));
#8935 = ORIENTED_EDGE('',*,*,#8936,.T.);
#8936 = EDGE_CURVE('',#8928,#8937,#8939,.T.);
#8937 = VERTEX_POINT('',#8938);
#8938 = CARTESIAN_POINT('',(0.89793312127,0.61235641823,0.709999999999)
  );
#8939 = B_SPLINE_CURVE_WITH_KNOTS('',3,(#8940,#8941,#8942,#8943),
  .UNSPECIFIED.,.F.,.F.,(4,4),(11.,12.),.PIECEWISE_BEZIER_KNOTS.);
#8940 = CARTESIAN_POINT('',(0.883220546754,0.630136278599,0.709999999999
    ));
#8941 = CARTESIAN_POINT('',(0.893020265116,0.630136278599,0.709999999999
    ));
#8942 = CARTESIAN_POINT('',(0.89793312127,0.624209658475,0.709999999999)
  );
#8943 = CARTESIAN_POINT('',(0.89793312127,0.61235641823,0.709999999999)
  );
#8944 = ORIENTED_EDGE('',*,*,#8945,.T.);
#8945 = EDGE_CURVE('',#8937,#8946,#8948,.T.);
#8946 = VERTEX_POINT('',#8947);
#8947 = CARTESIAN_POINT('',(0.876410132402,0.609341120272,0.709999999999
    ));
#8948 = LINE('',#8949,#8950);
#8949 = CARTESIAN_POINT('',(0.876410132402,0.609341120272,0.709999999999
    ));
#8950 = VECTOR('',#8951,1.);
#8951 = DIRECTION('',(-0.990328603988,-0.138741688482,0.));
#8952 = ORIENTED_EDGE('',*,*,#8953,.T.);
#8953 = EDGE_CURVE('',#8946,#8954,#8956,.T.);
#8954 = VERTEX_POINT('',#8955);
#8955 = CARTESIAN_POINT('',(0.852313742692,0.58563463978,0.709999999999)
  );
#8956 = B_SPLINE_CURVE_WITH_KNOTS('',3,(#8957,#8958,#8959,#8960),
  .UNSPECIFIED.,.F.,.F.,(4,4),(9.,10.),.PIECEWISE_BEZIER_KNOTS.);
#8957 = CARTESIAN_POINT('',(0.876410132402,0.609341120272,0.709999999999
    ));
#8958 = CARTESIAN_POINT('',(0.860345872595,0.607105640752,0.709999999999
    ));
#8959 = CARTESIAN_POINT('',(0.852313742692,0.599203480588,0.709999999999
    ));
#8960 = CARTESIAN_POINT('',(0.852313742692,0.58563463978,0.709999999999)
  );
#8961 = ORIENTED_EDGE('',*,*,#8962,.T.);
#8962 = EDGE_CURVE('',#8954,#8963,#8965,.T.);
#8963 = VERTEX_POINT('',#8964);
#8964 = CARTESIAN_POINT('',(0.85855229019,0.570194234723,0.709999999999)
  );
#8965 = B_SPLINE_CURVE_WITH_KNOTS('',3,(#8966,#8967,#8968,#8969),
  .UNSPECIFIED.,.F.,.F.,(4,4),(8.,9.),.PIECEWISE_BEZIER_KNOTS.);
#8966 = CARTESIAN_POINT('',(0.852313742692,0.58563463978,0.709999999999)
  );
#8967 = CARTESIAN_POINT('',(0.852313742692,0.579136152803,0.709999999999
    ));
#8968 = CARTESIAN_POINT('',(0.854393258524,0.573989351117,0.709999999999
    ));
#8969 = CARTESIAN_POINT('',(0.85855229019,0.570194234723,0.709999999999)
  );
#8970 = ORIENTED_EDGE('',*,*,#8971,.T.);
#8971 = EDGE_CURVE('',#8963,#8972,#8974,.T.);
#8972 = VERTEX_POINT('',#8973);
#8973 = CARTESIAN_POINT('',(0.875344380538,0.564475566183,0.709999999999
    ));
#8974 = B_SPLINE_CURVE_WITH_KNOTS('',3,(#8975,#8976,#8977,#8978),
  .UNSPECIFIED.,.F.,.F.,(4,4),(7.,8.),.PIECEWISE_BEZIER_KNOTS.);
#8975 = CARTESIAN_POINT('',(0.85855229019,0.570194234723,0.709999999999)
  );
#8976 = CARTESIAN_POINT('',(0.862711321855,0.566399118328,0.709999999999
    ));
#8977 = CARTESIAN_POINT('',(0.868300020655,0.564475566183,0.709999999999
    ));
#8978 = CARTESIAN_POINT('',(0.875344380538,0.564475566183,0.709999999999
    ));
#8979 = ORIENTED_EDGE('',*,*,#8980,.T.);
#8980 = EDGE_CURVE('',#8972,#8981,#8983,.T.);
#8981 = VERTEX_POINT('',#8982);
#8982 = CARTESIAN_POINT('',(0.897595199947,0.577420552241,0.709999999999
    ));
#8983 = B_SPLINE_CURVE_WITH_KNOTS('',3,(#8984,#8985,#8986,#8987),
  .UNSPECIFIED.,.F.,.F.,(4,4),(6.,7.),.PIECEWISE_BEZIER_KNOTS.);
#8984 = CARTESIAN_POINT('',(0.875344380538,0.564475566183,0.709999999999
    ));
#8985 = CARTESIAN_POINT('',(0.885144098899,0.564475566183,0.709999999999
    ));
#8986 = CARTESIAN_POINT('',(0.892578368001,0.568790561536,0.709999999999
    ));
#8987 = CARTESIAN_POINT('',(0.897595199947,0.577420552241,0.709999999999
    ));
#8988 = ORIENTED_EDGE('',*,*,#8989,.T.);
#8989 = EDGE_CURVE('',#8981,#8990,#8992,.T.);
#8990 = VERTEX_POINT('',#8991);
#8991 = CARTESIAN_POINT('',(0.89793312127,0.577420552241,0.709999999999)
  );
#8992 = LINE('',#8993,#8994);
#8993 = CARTESIAN_POINT('',(0.89793312127,0.577420552241,0.709999999999)
  );
#8994 = VECTOR('',#8995,1.);
#8995 = DIRECTION('',(1.,0.,0.));
#8996 = ORIENTED_EDGE('',*,*,#8997,.T.);
#8997 = EDGE_CURVE('',#8990,#8998,#9000,.T.);
#8998 = VERTEX_POINT('',#8999);
#8999 = CARTESIAN_POINT('',(0.89793312127,0.566191166745,0.709999999999)
  );
#9000 = LINE('',#9001,#9002);
#9001 = CARTESIAN_POINT('',(0.89793312127,0.566191166745,0.709999999999)
  );
#9002 = VECTOR('',#9003,1.);
#9003 = DIRECTION('',(0.,-1.,0.));
#9004 = ORIENTED_EDGE('',*,*,#9005,.T.);
#9005 = EDGE_CURVE('',#8998,#9006,#9008,.T.);
#9006 = VERTEX_POINT('',#9007);
#9007 = CARTESIAN_POINT('',(0.910670155745,0.566191166745,0.709999999999
    ));
#9008 = LINE('',#9009,#9010);
#9009 = CARTESIAN_POINT('',(0.910670155745,0.566191166745,0.709999999999
    ));
#9010 = VECTOR('',#9011,1.);
#9011 = DIRECTION('',(1.,0.,0.));
#9012 = ORIENTED_EDGE('',*,*,#9013,.T.);
#9013 = EDGE_CURVE('',#9006,#9014,#9016,.T.);
#9014 = VERTEX_POINT('',#9015);
#9015 = CARTESIAN_POINT('',(0.910670155745,0.612928285083,0.709999999999
    ));
#9016 = LINE('',#9017,#9018);
#9017 = CARTESIAN_POINT('',(0.910670155745,0.612928285083,0.709999999999
    ));
#9018 = VECTOR('',#9019,1.);
#9019 = DIRECTION('',(0.,1.,0.));
#9020 = ORIENTED_EDGE('',*,*,#9021,.T.);
#9021 = EDGE_CURVE('',#9014,#8909,#9022,.T.);
#9022 = B_SPLINE_CURVE_WITH_KNOTS('',3,(#9023,#9024,#9025,#9026),
  .UNSPECIFIED.,.F.,.F.,(4,4),(1.,2.),.PIECEWISE_BEZIER_KNOTS.);
#9023 = CARTESIAN_POINT('',(0.910670155745,0.612928285083,0.709999999999
    ));
#9024 = CARTESIAN_POINT('',(0.910670155745,0.631332000202,0.709999999999
    ));
#9025 = CARTESIAN_POINT('',(0.9019101953,0.640481869866,0.709999999999)
  );
#9026 = CARTESIAN_POINT('',(0.884416268358,0.640481869866,0.709999999999
    ));
#9027 = FACE_BOUND('',#9028,.T.);
#9028 = EDGE_LOOP('',(#9029,#9040,#9049,#9057,#9065,#9074,#9083,#9092));
#9029 = ORIENTED_EDGE('',*,*,#9030,.F.);
#9030 = EDGE_CURVE('',#9031,#9033,#9035,.T.);
#9031 = VERTEX_POINT('',#9032);
#9032 = CARTESIAN_POINT('',(0.86861194803,0.595876255256,0.709999999999)
  );
#9033 = VERTEX_POINT('',#9034);
#9034 = CARTESIAN_POINT('',(0.865232734802,0.586674397696,0.709999999999
    ));
#9035 = B_SPLINE_CURVE_WITH_KNOTS('',3,(#9036,#9037,#9038,#9039),
  .UNSPECIFIED.,.F.,.F.,(4,4),(1.,2.),.PIECEWISE_BEZIER_KNOTS.);
#9036 = CARTESIAN_POINT('',(0.86861194803,0.595876255256,0.709999999999)
  );
#9037 = CARTESIAN_POINT('',(0.86637646851,0.593692763632,0.709999999999)
  );
#9038 = CARTESIAN_POINT('',(0.865232734802,0.590625477779,0.709999999999
    ));
#9039 = CARTESIAN_POINT('',(0.865232734802,0.586674397696,0.709999999999
    ));
#9040 = ORIENTED_EDGE('',*,*,#9041,.F.);
#9041 = EDGE_CURVE('',#9042,#9031,#9044,.T.);
#9042 = VERTEX_POINT('',#9043);
#9043 = CARTESIAN_POINT('',(0.880933079338,0.600347214296,0.709999999999
    ));
#9044 = B_SPLINE_CURVE_WITH_KNOTS('',3,(#9045,#9046,#9047,#9048),
  .UNSPECIFIED.,.F.,.F.,(4,4),(0.,1.),.PIECEWISE_BEZIER_KNOTS.);
#9045 = CARTESIAN_POINT('',(0.880933079338,0.600347214296,0.709999999999
    ));
#9046 = CARTESIAN_POINT('',(0.874980465268,0.599515407963,0.709999999999
    ));
#9047 = CARTESIAN_POINT('',(0.870873421498,0.59805974688,0.709999999999)
  );
#9048 = CARTESIAN_POINT('',(0.86861194803,0.595876255256,0.709999999999)
  );
#9049 = ORIENTED_EDGE('',*,*,#9050,.F.);
#9050 = EDGE_CURVE('',#9051,#9042,#9053,.T.);
#9051 = VERTEX_POINT('',#9052);
#9052 = CARTESIAN_POINT('',(0.89793312127,0.602634681712,0.709999999999)
  );
#9053 = LINE('',#9054,#9055);
#9054 = CARTESIAN_POINT('',(0.89793312127,0.602634681712,0.709999999999)
  );
#9055 = VECTOR('',#9056,1.);
#9056 = DIRECTION('',(-0.9910683663,-0.133354764893,0.));
#9057 = ORIENTED_EDGE('',*,*,#9058,.F.);
#9058 = EDGE_CURVE('',#9059,#9051,#9061,.T.);
#9059 = VERTEX_POINT('',#9060);
#9060 = CARTESIAN_POINT('',(0.89793312127,0.595668303672,0.709999999999)
  );
#9061 = LINE('',#9062,#9063);
#9062 = CARTESIAN_POINT('',(0.89793312127,0.595668303672,0.709999999999)
  );
#9063 = VECTOR('',#9064,1.);
#9064 = DIRECTION('',(0.,1.,0.));
#9065 = ORIENTED_EDGE('',*,*,#9066,.F.);
#9066 = EDGE_CURVE('',#9067,#9059,#9069,.T.);
#9067 = VERTEX_POINT('',#9068);
#9068 = CARTESIAN_POINT('',(0.892474392209,0.580851753365,0.709999999999
    ));
#9069 = B_SPLINE_CURVE_WITH_KNOTS('',3,(#9070,#9071,#9072,#9073),
  .UNSPECIFIED.,.F.,.F.,(4,4),(5.,6.),.PIECEWISE_BEZIER_KNOTS.);
#9070 = CARTESIAN_POINT('',(0.892474392209,0.580851753365,0.709999999999
    ));
#9071 = CARTESIAN_POINT('',(0.896113544917,0.584750845551,0.709999999999
    ));
#9072 = CARTESIAN_POINT('',(0.89793312127,0.589689695654,0.709999999999)
  );
#9073 = CARTESIAN_POINT('',(0.89793312127,0.595668303672,0.709999999999)
  );
#9074 = ORIENTED_EDGE('',*,*,#9075,.F.);
#9075 = EDGE_CURVE('',#9076,#9067,#9078,.T.);
#9076 = VERTEX_POINT('',#9077);
#9077 = CARTESIAN_POINT('',(0.878645611923,0.574925133242,0.709999999999
    ));
#9078 = B_SPLINE_CURVE_WITH_KNOTS('',3,(#9079,#9080,#9081,#9082),
  .UNSPECIFIED.,.F.,.F.,(4,4),(4.,5.),.PIECEWISE_BEZIER_KNOTS.);
#9079 = CARTESIAN_POINT('',(0.878645611923,0.574925133242,0.709999999999
    ));
#9080 = CARTESIAN_POINT('',(0.884234310723,0.574925133242,0.709999999999
    ));
#9081 = CARTESIAN_POINT('',(0.88886123345,0.576900673283,0.709999999999)
  );
#9082 = CARTESIAN_POINT('',(0.892474392209,0.580851753365,0.709999999999
    ));
#9083 = ORIENTED_EDGE('',*,*,#9084,.F.);
#9084 = EDGE_CURVE('',#9085,#9076,#9087,.T.);
#9085 = VERTEX_POINT('',#9086);
#9086 = CARTESIAN_POINT('',(0.868923875405,0.578200370678,0.709999999999
    ));
#9087 = B_SPLINE_CURVE_WITH_KNOTS('',3,(#9088,#9089,#9090,#9091),
  .UNSPECIFIED.,.F.,.F.,(4,4),(3.,4.),.PIECEWISE_BEZIER_KNOTS.);
#9088 = CARTESIAN_POINT('',(0.868923875405,0.578200370678,0.709999999999
    ));
#9089 = CARTESIAN_POINT('',(0.871367306508,0.576016879054,0.709999999999
    ));
#9090 = CARTESIAN_POINT('',(0.874616549997,0.574925133242,0.709999999999
    ));
#9091 = CARTESIAN_POINT('',(0.878645611923,0.574925133242,0.709999999999
    ));
#9092 = ORIENTED_EDGE('',*,*,#9093,.F.);
#9093 = EDGE_CURVE('',#9033,#9085,#9094,.T.);
#9094 = B_SPLINE_CURVE_WITH_KNOTS('',3,(#9095,#9096,#9097,#9098),
  .UNSPECIFIED.,.F.,.F.,(4,4),(2.,3.),.PIECEWISE_BEZIER_KNOTS.);
#9095 = CARTESIAN_POINT('',(0.865232734802,0.586674397696,0.709999999999
    ));
#9096 = CARTESIAN_POINT('',(0.865232734802,0.583191208677,0.709999999999
    ));
#9097 = CARTESIAN_POINT('',(0.866454450354,0.580383862303,0.709999999999
    ));
#9098 = CARTESIAN_POINT('',(0.868923875405,0.578200370678,0.709999999999
    ));
#9099 = PLANE('',#9100);
#9100 = AXIS2_PLACEMENT_3D('',#9101,#9102,#9103);
#9101 = CARTESIAN_POINT('',(0.871065126864,0.638798761739,0.709999999999
    ));
#9102 = DIRECTION('',(0.,0.,1.));
#9103 = DIRECTION('',(1.,0.,-0.));
#9104 = ADVANCED_FACE('',(#9105),#9121,.F.);
#9105 = FACE_BOUND('',#9106,.F.);
#9106 = EDGE_LOOP('',(#9107,#9113,#9114,#9120));
#9107 = ORIENTED_EDGE('',*,*,#9108,.F.);
#9108 = EDGE_CURVE('',#8909,#595,#9109,.T.);
#9109 = LINE('',#9110,#9111);
#9110 = CARTESIAN_POINT('',(0.884416268358,0.640481869866,0.709999999999
    ));
#9111 = VECTOR('',#9112,1.);
#9112 = DIRECTION('',(0.,0.,-1.));
#9113 = ORIENTED_EDGE('',*,*,#8908,.T.);
#9114 = ORIENTED_EDGE('',*,*,#9115,.T.);
#9115 = EDGE_CURVE('',#8911,#585,#9116,.T.);
#9116 = LINE('',#9117,#9118);
#9117 = CARTESIAN_POINT('',(0.85941009047,0.63372344341,0.709999999999)
  );
#9118 = VECTOR('',#9119,1.);
#9119 = DIRECTION('',(0.,0.,-1.));
#9120 = ORIENTED_EDGE('',*,*,#594,.F.);
#9121 = B_SPLINE_SURFACE_WITH_KNOTS('',3,1,(
    (#9122,#9123)
    ,(#9124,#9125)
    ,(#9126,#9127)
    ,(#9128,#9129
    )),.UNSPECIFIED.,.F.,.F.,.F.,(4,4),(2,2),(0.,1.),(0.,1.),
  .PIECEWISE_BEZIER_KNOTS.);
#9122 = CARTESIAN_POINT('',(0.884416268358,0.640481869866,0.709999999999
    ));
#9123 = CARTESIAN_POINT('',(0.884416268358,0.640481869866,0.699999999999
    ));
#9124 = CARTESIAN_POINT('',(0.87495447132,0.640481869866,0.709999999999)
  );
#9125 = CARTESIAN_POINT('',(0.87495447132,0.640481869866,0.699999999999)
  );
#9126 = CARTESIAN_POINT('',(0.866610414041,0.638246390346,0.709999999999
    ));
#9127 = CARTESIAN_POINT('',(0.866610414041,0.638246390346,0.699999999999
    ));
#9128 = CARTESIAN_POINT('',(0.85941009047,0.63372344341,0.709999999999)
  );
#9129 = CARTESIAN_POINT('',(0.85941009047,0.63372344341,0.699999999999)
  );
#9130 = ADVANCED_FACE('',(#9131),#9142,.F.);
#9131 = FACE_BOUND('',#9132,.T.);
#9132 = EDGE_LOOP('',(#9133,#9134,#9140,#9141));
#9133 = ORIENTED_EDGE('',*,*,#584,.T.);
#9134 = ORIENTED_EDGE('',*,*,#9135,.F.);
#9135 = EDGE_CURVE('',#8920,#587,#9136,.T.);
#9136 = LINE('',#9137,#9138);
#9137 = CARTESIAN_POINT('',(0.85941009047,0.621350324205,0.709999999999)
  );
#9138 = VECTOR('',#9139,1.);
#9139 = DIRECTION('',(0.,0.,-1.));
#9140 = ORIENTED_EDGE('',*,*,#8919,.F.);
#9141 = ORIENTED_EDGE('',*,*,#9115,.T.);
#9142 = PLANE('',#9143);
#9143 = AXIS2_PLACEMENT_3D('',#9144,#9145,#9146);
#9144 = CARTESIAN_POINT('',(0.85941009047,0.621350324205,0.709999999999)
  );
#9145 = DIRECTION('',(1.,0.,0.));
#9146 = DIRECTION('',(0.,0.,-1.));
#9147 = ADVANCED_FACE('',(#9148),#9159,.F.);
#9148 = FACE_BOUND('',#9149,.F.);
#9149 = EDGE_LOOP('',(#9150,#9151,#9152,#9158));
#9150 = ORIENTED_EDGE('',*,*,#9135,.F.);
#9151 = ORIENTED_EDGE('',*,*,#8927,.T.);
#9152 = ORIENTED_EDGE('',*,*,#9153,.T.);
#9153 = EDGE_CURVE('',#8928,#689,#9154,.T.);
#9154 = LINE('',#9155,#9156);
#9155 = CARTESIAN_POINT('',(0.883220546754,0.630136278599,0.709999999999
    ));
#9156 = VECTOR('',#9157,1.);
#9157 = DIRECTION('',(0.,0.,-1.));
#9158 = ORIENTED_EDGE('',*,*,#697,.F.);
#9159 = B_SPLINE_SURFACE_WITH_KNOTS('',3,1,(
    (#9160,#9161)
    ,(#9162,#9163)
    ,(#9164,#9165)
    ,(#9166,#9167
    )),.UNSPECIFIED.,.F.,.F.,.F.,(4,4),(2,2),(12.,13.),(0.,1.),
  .PIECEWISE_BEZIER_KNOTS.);
#9160 = CARTESIAN_POINT('',(0.85941009047,0.621350324205,0.709999999999)
  );
#9161 = CARTESIAN_POINT('',(0.85941009047,0.621350324205,0.699999999999)
  );
#9162 = CARTESIAN_POINT('',(0.866584420093,0.627172968537,0.709999999999
    ));
#9163 = CARTESIAN_POINT('',(0.866584420093,0.627172968537,0.699999999999
    ));
#9164 = CARTESIAN_POINT('',(0.874512574205,0.630136278599,0.709999999999
    ));
#9165 = CARTESIAN_POINT('',(0.874512574205,0.630136278599,0.699999999999
    ));
#9166 = CARTESIAN_POINT('',(0.883220546754,0.630136278599,0.709999999999
    ));
#9167 = CARTESIAN_POINT('',(0.883220546754,0.630136278599,0.699999999999
    ));
#9168 = ADVANCED_FACE('',(#9169),#9180,.F.);
#9169 = FACE_BOUND('',#9170,.F.);
#9170 = EDGE_LOOP('',(#9171,#9172,#9173,#9179));
#9171 = ORIENTED_EDGE('',*,*,#9153,.F.);
#9172 = ORIENTED_EDGE('',*,*,#8936,.T.);
#9173 = ORIENTED_EDGE('',*,*,#9174,.T.);
#9174 = EDGE_CURVE('',#8937,#681,#9175,.T.);
#9175 = LINE('',#9176,#9177);
#9176 = CARTESIAN_POINT('',(0.89793312127,0.61235641823,0.709999999999)
  );
#9177 = VECTOR('',#9178,1.);
#9178 = DIRECTION('',(0.,0.,-1.));
#9179 = ORIENTED_EDGE('',*,*,#688,.F.);
#9180 = B_SPLINE_SURFACE_WITH_KNOTS('',3,1,(
    (#9181,#9182)
    ,(#9183,#9184)
    ,(#9185,#9186)
    ,(#9187,#9188
    )),.UNSPECIFIED.,.F.,.F.,.F.,(4,4),(2,2),(11.,12.),(0.,1.),
  .PIECEWISE_BEZIER_KNOTS.);
#9181 = CARTESIAN_POINT('',(0.883220546754,0.630136278599,0.709999999999
    ));
#9182 = CARTESIAN_POINT('',(0.883220546754,0.630136278599,0.699999999999
    ));
#9183 = CARTESIAN_POINT('',(0.893020265116,0.630136278599,0.709999999999
    ));
#9184 = CARTESIAN_POINT('',(0.893020265116,0.630136278599,0.699999999999
    ));
#9185 = CARTESIAN_POINT('',(0.89793312127,0.624209658475,0.709999999999)
  );
#9186 = CARTESIAN_POINT('',(0.89793312127,0.624209658475,0.699999999999)
  );
#9187 = CARTESIAN_POINT('',(0.89793312127,0.61235641823,0.709999999999)
  );
#9188 = CARTESIAN_POINT('',(0.89793312127,0.61235641823,0.699999999999)
  );
#9189 = ADVANCED_FACE('',(#9190),#9201,.F.);
#9190 = FACE_BOUND('',#9191,.T.);
#9191 = EDGE_LOOP('',(#9192,#9193,#9199,#9200));
#9192 = ORIENTED_EDGE('',*,*,#680,.T.);
#9193 = ORIENTED_EDGE('',*,*,#9194,.F.);
#9194 = EDGE_CURVE('',#8946,#672,#9195,.T.);
#9195 = LINE('',#9196,#9197);
#9196 = CARTESIAN_POINT('',(0.876410132402,0.609341120272,0.709999999999
    ));
#9197 = VECTOR('',#9198,1.);
#9198 = DIRECTION('',(0.,0.,-1.));
#9199 = ORIENTED_EDGE('',*,*,#8945,.F.);
#9200 = ORIENTED_EDGE('',*,*,#9174,.T.);
#9201 = PLANE('',#9202);
#9202 = AXIS2_PLACEMENT_3D('',#9203,#9204,#9205);
#9203 = CARTESIAN_POINT('',(0.876410132402,0.609341120272,0.709999999999
    ));
#9204 = DIRECTION('',(0.138741688482,-0.990328603988,0.));
#9205 = DIRECTION('',(0.990328603988,0.138741688482,0.));
#9206 = ADVANCED_FACE('',(#9207),#9218,.F.);
#9207 = FACE_BOUND('',#9208,.F.);
#9208 = EDGE_LOOP('',(#9209,#9210,#9211,#9217));
#9209 = ORIENTED_EDGE('',*,*,#9194,.F.);
#9210 = ORIENTED_EDGE('',*,*,#8953,.T.);
#9211 = ORIENTED_EDGE('',*,*,#9212,.T.);
#9212 = EDGE_CURVE('',#8954,#663,#9213,.T.);
#9213 = LINE('',#9214,#9215);
#9214 = CARTESIAN_POINT('',(0.852313742692,0.58563463978,0.709999999999)
  );
#9215 = VECTOR('',#9216,1.);
#9216 = DIRECTION('',(0.,0.,-1.));
#9217 = ORIENTED_EDGE('',*,*,#671,.F.);
#9218 = B_SPLINE_SURFACE_WITH_KNOTS('',3,1,(
    (#9219,#9220)
    ,(#9221,#9222)
    ,(#9223,#9224)
    ,(#9225,#9226
    )),.UNSPECIFIED.,.F.,.F.,.F.,(4,4),(2,2),(9.,10.),(0.,1.),
  .PIECEWISE_BEZIER_KNOTS.);
#9219 = CARTESIAN_POINT('',(0.876410132402,0.609341120272,0.709999999999
    ));
#9220 = CARTESIAN_POINT('',(0.876410132402,0.609341120272,0.699999999999
    ));
#9221 = CARTESIAN_POINT('',(0.860345872595,0.607105640752,0.709999999999
    ));
#9222 = CARTESIAN_POINT('',(0.860345872595,0.607105640752,0.699999999999
    ));
#9223 = CARTESIAN_POINT('',(0.852313742692,0.599203480588,0.709999999999
    ));
#9224 = CARTESIAN_POINT('',(0.852313742692,0.599203480588,0.699999999999
    ));
#9225 = CARTESIAN_POINT('',(0.852313742692,0.58563463978,0.709999999999)
  );
#9226 = CARTESIAN_POINT('',(0.852313742692,0.58563463978,0.699999999999)
  );
#9227 = ADVANCED_FACE('',(#9228),#9239,.F.);
#9228 = FACE_BOUND('',#9229,.F.);
#9229 = EDGE_LOOP('',(#9230,#9231,#9232,#9238));
#9230 = ORIENTED_EDGE('',*,*,#9212,.F.);
#9231 = ORIENTED_EDGE('',*,*,#8962,.T.);
#9232 = ORIENTED_EDGE('',*,*,#9233,.T.);
#9233 = EDGE_CURVE('',#8963,#654,#9234,.T.);
#9234 = LINE('',#9235,#9236);
#9235 = CARTESIAN_POINT('',(0.85855229019,0.570194234723,0.709999999999)
  );
#9236 = VECTOR('',#9237,1.);
#9237 = DIRECTION('',(0.,0.,-1.));
#9238 = ORIENTED_EDGE('',*,*,#662,.F.);
#9239 = B_SPLINE_SURFACE_WITH_KNOTS('',3,1,(
    (#9240,#9241)
    ,(#9242,#9243)
    ,(#9244,#9245)
    ,(#9246,#9247
    )),.UNSPECIFIED.,.F.,.F.,.F.,(4,4),(2,2),(8.,9.),(0.,1.),
  .PIECEWISE_BEZIER_KNOTS.);
#9240 = CARTESIAN_POINT('',(0.852313742692,0.58563463978,0.709999999999)
  );
#9241 = CARTESIAN_POINT('',(0.852313742692,0.58563463978,0.699999999999)
  );
#9242 = CARTESIAN_POINT('',(0.852313742692,0.579136152803,0.709999999999
    ));
#9243 = CARTESIAN_POINT('',(0.852313742692,0.579136152803,0.699999999999
    ));
#9244 = CARTESIAN_POINT('',(0.854393258524,0.573989351117,0.709999999999
    ));
#9245 = CARTESIAN_POINT('',(0.854393258524,0.573989351117,0.699999999999
    ));
#9246 = CARTESIAN_POINT('',(0.85855229019,0.570194234723,0.709999999999)
  );
#9247 = CARTESIAN_POINT('',(0.85855229019,0.570194234723,0.699999999999)
  );
#9248 = ADVANCED_FACE('',(#9249),#9260,.F.);
#9249 = FACE_BOUND('',#9250,.F.);
#9250 = EDGE_LOOP('',(#9251,#9252,#9253,#9259));
#9251 = ORIENTED_EDGE('',*,*,#9233,.F.);
#9252 = ORIENTED_EDGE('',*,*,#8971,.T.);
#9253 = ORIENTED_EDGE('',*,*,#9254,.T.);
#9254 = EDGE_CURVE('',#8972,#645,#9255,.T.);
#9255 = LINE('',#9256,#9257);
#9256 = CARTESIAN_POINT('',(0.875344380538,0.564475566183,0.709999999999
    ));
#9257 = VECTOR('',#9258,1.);
#9258 = DIRECTION('',(0.,0.,-1.));
#9259 = ORIENTED_EDGE('',*,*,#653,.F.);
#9260 = B_SPLINE_SURFACE_WITH_KNOTS('',3,1,(
    (#9261,#9262)
    ,(#9263,#9264)
    ,(#9265,#9266)
    ,(#9267,#9268
    )),.UNSPECIFIED.,.F.,.F.,.F.,(4,4),(2,2),(7.,8.),(0.,1.),
  .PIECEWISE_BEZIER_KNOTS.);
#9261 = CARTESIAN_POINT('',(0.85855229019,0.570194234723,0.709999999999)
  );
#9262 = CARTESIAN_POINT('',(0.85855229019,0.570194234723,0.699999999999)
  );
#9263 = CARTESIAN_POINT('',(0.862711321855,0.566399118328,0.709999999999
    ));
#9264 = CARTESIAN_POINT('',(0.862711321855,0.566399118328,0.699999999999
    ));
#9265 = CARTESIAN_POINT('',(0.868300020655,0.564475566183,0.709999999999
    ));
#9266 = CARTESIAN_POINT('',(0.868300020655,0.564475566183,0.699999999999
    ));
#9267 = CARTESIAN_POINT('',(0.875344380538,0.564475566183,0.709999999999
    ));
#9268 = CARTESIAN_POINT('',(0.875344380538,0.564475566183,0.699999999999
    ));
#9269 = ADVANCED_FACE('',(#9270),#9281,.F.);
#9270 = FACE_BOUND('',#9271,.F.);
#9271 = EDGE_LOOP('',(#9272,#9273,#9274,#9280));
#9272 = ORIENTED_EDGE('',*,*,#9254,.F.);
#9273 = ORIENTED_EDGE('',*,*,#8980,.T.);
#9274 = ORIENTED_EDGE('',*,*,#9275,.T.);
#9275 = EDGE_CURVE('',#8981,#637,#9276,.T.);
#9276 = LINE('',#9277,#9278);
#9277 = CARTESIAN_POINT('',(0.897595199947,0.577420552241,0.709999999999
    ));
#9278 = VECTOR('',#9279,1.);
#9279 = DIRECTION('',(0.,0.,-1.));
#9280 = ORIENTED_EDGE('',*,*,#644,.F.);
#9281 = B_SPLINE_SURFACE_WITH_KNOTS('',3,1,(
    (#9282,#9283)
    ,(#9284,#9285)
    ,(#9286,#9287)
    ,(#9288,#9289
    )),.UNSPECIFIED.,.F.,.F.,.F.,(4,4),(2,2),(6.,7.),(0.,1.),
  .PIECEWISE_BEZIER_KNOTS.);
#9282 = CARTESIAN_POINT('',(0.875344380538,0.564475566183,0.709999999999
    ));
#9283 = CARTESIAN_POINT('',(0.875344380538,0.564475566183,0.699999999999
    ));
#9284 = CARTESIAN_POINT('',(0.885144098899,0.564475566183,0.709999999999
    ));
#9285 = CARTESIAN_POINT('',(0.885144098899,0.564475566183,0.699999999999
    ));
#9286 = CARTESIAN_POINT('',(0.892578368001,0.568790561536,0.709999999999
    ));
#9287 = CARTESIAN_POINT('',(0.892578368001,0.568790561536,0.699999999999
    ));
#9288 = CARTESIAN_POINT('',(0.897595199947,0.577420552241,0.709999999999
    ));
#9289 = CARTESIAN_POINT('',(0.897595199947,0.577420552241,0.699999999999
    ));
#9290 = ADVANCED_FACE('',(#9291),#9302,.F.);
#9291 = FACE_BOUND('',#9292,.T.);
#9292 = EDGE_LOOP('',(#9293,#9294,#9300,#9301));
#9293 = ORIENTED_EDGE('',*,*,#636,.T.);
#9294 = ORIENTED_EDGE('',*,*,#9295,.F.);
#9295 = EDGE_CURVE('',#8990,#629,#9296,.T.);
#9296 = LINE('',#9297,#9298);
#9297 = CARTESIAN_POINT('',(0.89793312127,0.577420552241,0.709999999999)
  );
#9298 = VECTOR('',#9299,1.);
#9299 = DIRECTION('',(0.,0.,-1.));
#9300 = ORIENTED_EDGE('',*,*,#8989,.F.);
#9301 = ORIENTED_EDGE('',*,*,#9275,.T.);
#9302 = PLANE('',#9303);
#9303 = AXIS2_PLACEMENT_3D('',#9304,#9305,#9306);
#9304 = CARTESIAN_POINT('',(0.89793312127,0.577420552241,0.709999999999)
  );
#9305 = DIRECTION('',(0.,1.,0.));
#9306 = DIRECTION('',(0.,-0.,1.));
#9307 = ADVANCED_FACE('',(#9308),#9319,.F.);
#9308 = FACE_BOUND('',#9309,.T.);
#9309 = EDGE_LOOP('',(#9310,#9311,#9317,#9318));
#9310 = ORIENTED_EDGE('',*,*,#628,.T.);
#9311 = ORIENTED_EDGE('',*,*,#9312,.F.);
#9312 = EDGE_CURVE('',#8998,#621,#9313,.T.);
#9313 = LINE('',#9314,#9315);
#9314 = CARTESIAN_POINT('',(0.89793312127,0.566191166745,0.709999999999)
  );
#9315 = VECTOR('',#9316,1.);
#9316 = DIRECTION('',(0.,0.,-1.));
#9317 = ORIENTED_EDGE('',*,*,#8997,.F.);
#9318 = ORIENTED_EDGE('',*,*,#9295,.T.);
#9319 = PLANE('',#9320);
#9320 = AXIS2_PLACEMENT_3D('',#9321,#9322,#9323);
#9321 = CARTESIAN_POINT('',(0.89793312127,0.566191166745,0.709999999999)
  );
#9322 = DIRECTION('',(1.,0.,0.));
#9323 = DIRECTION('',(0.,0.,-1.));
#9324 = ADVANCED_FACE('',(#9325),#9336,.F.);
#9325 = FACE_BOUND('',#9326,.T.);
#9326 = EDGE_LOOP('',(#9327,#9328,#9334,#9335));
#9327 = ORIENTED_EDGE('',*,*,#620,.T.);
#9328 = ORIENTED_EDGE('',*,*,#9329,.F.);
#9329 = EDGE_CURVE('',#9006,#613,#9330,.T.);
#9330 = LINE('',#9331,#9332);
#9331 = CARTESIAN_POINT('',(0.910670155745,0.566191166745,0.709999999999
    ));
#9332 = VECTOR('',#9333,1.);
#9333 = DIRECTION('',(0.,0.,-1.));
#9334 = ORIENTED_EDGE('',*,*,#9005,.F.);
#9335 = ORIENTED_EDGE('',*,*,#9312,.T.);
#9336 = PLANE('',#9337);
#9337 = AXIS2_PLACEMENT_3D('',#9338,#9339,#9340);
#9338 = CARTESIAN_POINT('',(0.910670155745,0.566191166745,0.709999999999
    ));
#9339 = DIRECTION('',(0.,1.,0.));
#9340 = DIRECTION('',(0.,-0.,1.));
#9341 = ADVANCED_FACE('',(#9342),#9353,.F.);
#9342 = FACE_BOUND('',#9343,.T.);
#9343 = EDGE_LOOP('',(#9344,#9345,#9351,#9352));
#9344 = ORIENTED_EDGE('',*,*,#612,.T.);
#9345 = ORIENTED_EDGE('',*,*,#9346,.F.);
#9346 = EDGE_CURVE('',#9014,#604,#9347,.T.);
#9347 = LINE('',#9348,#9349);
#9348 = CARTESIAN_POINT('',(0.910670155745,0.612928285083,0.709999999999
    ));
#9349 = VECTOR('',#9350,1.);
#9350 = DIRECTION('',(0.,0.,-1.));
#9351 = ORIENTED_EDGE('',*,*,#9013,.F.);
#9352 = ORIENTED_EDGE('',*,*,#9329,.T.);
#9353 = PLANE('',#9354);
#9354 = AXIS2_PLACEMENT_3D('',#9355,#9356,#9357);
#9355 = CARTESIAN_POINT('',(0.910670155745,0.612928285083,0.709999999999
    ));
#9356 = DIRECTION('',(-1.,0.,0.));
#9357 = DIRECTION('',(0.,0.,1.));
#9358 = ADVANCED_FACE('',(#9359),#9365,.F.);
#9359 = FACE_BOUND('',#9360,.F.);
#9360 = EDGE_LOOP('',(#9361,#9362,#9363,#9364));
#9361 = ORIENTED_EDGE('',*,*,#9346,.F.);
#9362 = ORIENTED_EDGE('',*,*,#9021,.T.);
#9363 = ORIENTED_EDGE('',*,*,#9108,.T.);
#9364 = ORIENTED_EDGE('',*,*,#603,.F.);
#9365 = B_SPLINE_SURFACE_WITH_KNOTS('',3,1,(
    (#9366,#9367)
    ,(#9368,#9369)
    ,(#9370,#9371)
    ,(#9372,#9373
    )),.UNSPECIFIED.,.F.,.F.,.F.,(4,4),(2,2),(1.,2.),(0.,1.),
  .PIECEWISE_BEZIER_KNOTS.);
#9366 = CARTESIAN_POINT('',(0.910670155745,0.612928285083,0.709999999999
    ));
#9367 = CARTESIAN_POINT('',(0.910670155745,0.612928285083,0.699999999999
    ));
#9368 = CARTESIAN_POINT('',(0.910670155745,0.631332000202,0.709999999999
    ));
#9369 = CARTESIAN_POINT('',(0.910670155745,0.631332000202,0.699999999999
    ));
#9370 = CARTESIAN_POINT('',(0.9019101953,0.640481869866,0.709999999999)
  );
#9371 = CARTESIAN_POINT('',(0.9019101953,0.640481869866,0.699999999999)
  );
#9372 = CARTESIAN_POINT('',(0.884416268358,0.640481869866,0.709999999999
    ));
#9373 = CARTESIAN_POINT('',(0.884416268358,0.640481869866,0.699999999999
    ));
#9374 = ADVANCED_FACE('',(#9375),#9401,.T.);
#9375 = FACE_BOUND('',#9376,.T.);
#9376 = EDGE_LOOP('',(#9377,#9388,#9394,#9395));
#9377 = ORIENTED_EDGE('',*,*,#9378,.F.);
#9378 = EDGE_CURVE('',#9379,#9381,#9383,.T.);
#9379 = VERTEX_POINT('',#9380);
#9380 = CARTESIAN_POINT('',(0.880933079338,0.600347214296,0.699999999999
    ));
#9381 = VERTEX_POINT('',#9382);
#9382 = CARTESIAN_POINT('',(0.86861194803,0.595876255256,0.699999999999)
  );
#9383 = B_SPLINE_CURVE_WITH_KNOTS('',3,(#9384,#9385,#9386,#9387),
  .UNSPECIFIED.,.F.,.F.,(4,4),(0.,1.),.PIECEWISE_BEZIER_KNOTS.);
#9384 = CARTESIAN_POINT('',(0.880933079338,0.600347214296,0.699999999999
    ));
#9385 = CARTESIAN_POINT('',(0.874980465268,0.599515407963,0.699999999999
    ));
#9386 = CARTESIAN_POINT('',(0.870873421498,0.59805974688,0.699999999999)
  );
#9387 = CARTESIAN_POINT('',(0.86861194803,0.595876255256,0.699999999999)
  );
#9388 = ORIENTED_EDGE('',*,*,#9389,.F.);
#9389 = EDGE_CURVE('',#9042,#9379,#9390,.T.);
#9390 = LINE('',#9391,#9392);
#9391 = CARTESIAN_POINT('',(0.880933079338,0.600347214296,0.709999999999
    ));
#9392 = VECTOR('',#9393,1.);
#9393 = DIRECTION('',(0.,0.,-1.));
#9394 = ORIENTED_EDGE('',*,*,#9041,.T.);
#9395 = ORIENTED_EDGE('',*,*,#9396,.T.);
#9396 = EDGE_CURVE('',#9031,#9381,#9397,.T.);
#9397 = LINE('',#9398,#9399);
#9398 = CARTESIAN_POINT('',(0.86861194803,0.595876255256,0.709999999999)
  );
#9399 = VECTOR('',#9400,1.);
#9400 = DIRECTION('',(0.,0.,-1.));
#9401 = B_SPLINE_SURFACE_WITH_KNOTS('',3,1,(
    (#9402,#9403)
    ,(#9404,#9405)
    ,(#9406,#9407)
    ,(#9408,#9409
    )),.UNSPECIFIED.,.F.,.F.,.F.,(4,4),(2,2),(0.,1.),(0.,1.),
  .PIECEWISE_BEZIER_KNOTS.);
#9402 = CARTESIAN_POINT('',(0.880933079338,0.600347214296,0.709999999999
    ));
#9403 = CARTESIAN_POINT('',(0.880933079338,0.600347214296,0.699999999999
    ));
#9404 = CARTESIAN_POINT('',(0.874980465268,0.599515407963,0.709999999999
    ));
#9405 = CARTESIAN_POINT('',(0.874980465268,0.599515407963,0.699999999999
    ));
#9406 = CARTESIAN_POINT('',(0.870873421498,0.59805974688,0.709999999999)
  );
#9407 = CARTESIAN_POINT('',(0.870873421498,0.59805974688,0.699999999999)
  );
#9408 = CARTESIAN_POINT('',(0.86861194803,0.595876255256,0.709999999999)
  );
#9409 = CARTESIAN_POINT('',(0.86861194803,0.595876255256,0.699999999999)
  );
#9410 = ADVANCED_FACE('',(#9411),#9430,.T.);
#9411 = FACE_BOUND('',#9412,.T.);
#9412 = EDGE_LOOP('',(#9413,#9422,#9423,#9424));
#9413 = ORIENTED_EDGE('',*,*,#9414,.F.);
#9414 = EDGE_CURVE('',#9381,#9415,#9417,.T.);
#9415 = VERTEX_POINT('',#9416);
#9416 = CARTESIAN_POINT('',(0.865232734802,0.586674397696,0.699999999999
    ));
#9417 = B_SPLINE_CURVE_WITH_KNOTS('',3,(#9418,#9419,#9420,#9421),
  .UNSPECIFIED.,.F.,.F.,(4,4),(1.,2.),.PIECEWISE_BEZIER_KNOTS.);
#9418 = CARTESIAN_POINT('',(0.86861194803,0.595876255256,0.699999999999)
  );
#9419 = CARTESIAN_POINT('',(0.86637646851,0.593692763632,0.699999999999)
  );
#9420 = CARTESIAN_POINT('',(0.865232734802,0.590625477779,0.699999999999
    ));
#9421 = CARTESIAN_POINT('',(0.865232734802,0.586674397696,0.699999999999
    ));
#9422 = ORIENTED_EDGE('',*,*,#9396,.F.);
#9423 = ORIENTED_EDGE('',*,*,#9030,.T.);
#9424 = ORIENTED_EDGE('',*,*,#9425,.T.);
#9425 = EDGE_CURVE('',#9033,#9415,#9426,.T.);
#9426 = LINE('',#9427,#9428);
#9427 = CARTESIAN_POINT('',(0.865232734802,0.586674397696,0.709999999999
    ));
#9428 = VECTOR('',#9429,1.);
#9429 = DIRECTION('',(0.,0.,-1.));
#9430 = B_SPLINE_SURFACE_WITH_KNOTS('',3,1,(
    (#9431,#9432)
    ,(#9433,#9434)
    ,(#9435,#9436)
    ,(#9437,#9438
    )),.UNSPECIFIED.,.F.,.F.,.F.,(4,4),(2,2),(1.,2.),(0.,1.),
  .PIECEWISE_BEZIER_KNOTS.);
#9431 = CARTESIAN_POINT('',(0.86861194803,0.595876255256,0.709999999999)
  );
#9432 = CARTESIAN_POINT('',(0.86861194803,0.595876255256,0.699999999999)
  );
#9433 = CARTESIAN_POINT('',(0.86637646851,0.593692763632,0.709999999999)
  );
#9434 = CARTESIAN_POINT('',(0.86637646851,0.593692763632,0.699999999999)
  );
#9435 = CARTESIAN_POINT('',(0.865232734802,0.590625477779,0.709999999999
    ));
#9436 = CARTESIAN_POINT('',(0.865232734802,0.590625477779,0.699999999999
    ));
#9437 = CARTESIAN_POINT('',(0.865232734802,0.586674397696,0.709999999999
    ));
#9438 = CARTESIAN_POINT('',(0.865232734802,0.586674397696,0.699999999999
    ));
#9439 = ADVANCED_FACE('',(#9440),#9459,.T.);
#9440 = FACE_BOUND('',#9441,.T.);
#9441 = EDGE_LOOP('',(#9442,#9451,#9452,#9453));
#9442 = ORIENTED_EDGE('',*,*,#9443,.F.);
#9443 = EDGE_CURVE('',#9415,#9444,#9446,.T.);
#9444 = VERTEX_POINT('',#9445);
#9445 = CARTESIAN_POINT('',(0.868923875405,0.578200370678,0.699999999999
    ));
#9446 = B_SPLINE_CURVE_WITH_KNOTS('',3,(#9447,#9448,#9449,#9450),
  .UNSPECIFIED.,.F.,.F.,(4,4),(2.,3.),.PIECEWISE_BEZIER_KNOTS.);
#9447 = CARTESIAN_POINT('',(0.865232734802,0.586674397696,0.699999999999
    ));
#9448 = CARTESIAN_POINT('',(0.865232734802,0.583191208677,0.699999999999
    ));
#9449 = CARTESIAN_POINT('',(0.866454450354,0.580383862303,0.699999999999
    ));
#9450 = CARTESIAN_POINT('',(0.868923875405,0.578200370678,0.699999999999
    ));
#9451 = ORIENTED_EDGE('',*,*,#9425,.F.);
#9452 = ORIENTED_EDGE('',*,*,#9093,.T.);
#9453 = ORIENTED_EDGE('',*,*,#9454,.T.);
#9454 = EDGE_CURVE('',#9085,#9444,#9455,.T.);
#9455 = LINE('',#9456,#9457);
#9456 = CARTESIAN_POINT('',(0.868923875405,0.578200370678,0.709999999999
    ));
#9457 = VECTOR('',#9458,1.);
#9458 = DIRECTION('',(0.,0.,-1.));
#9459 = B_SPLINE_SURFACE_WITH_KNOTS('',3,1,(
    (#9460,#9461)
    ,(#9462,#9463)
    ,(#9464,#9465)
    ,(#9466,#9467
    )),.UNSPECIFIED.,.F.,.F.,.F.,(4,4),(2,2),(2.,3.),(0.,1.),
  .PIECEWISE_BEZIER_KNOTS.);
#9460 = CARTESIAN_POINT('',(0.865232734802,0.586674397696,0.709999999999
    ));
#9461 = CARTESIAN_POINT('',(0.865232734802,0.586674397696,0.699999999999
    ));
#9462 = CARTESIAN_POINT('',(0.865232734802,0.583191208677,0.709999999999
    ));
#9463 = CARTESIAN_POINT('',(0.865232734802,0.583191208677,0.699999999999
    ));
#9464 = CARTESIAN_POINT('',(0.866454450354,0.580383862303,0.709999999999
    ));
#9465 = CARTESIAN_POINT('',(0.866454450354,0.580383862303,0.699999999999
    ));
#9466 = CARTESIAN_POINT('',(0.868923875405,0.578200370678,0.709999999999
    ));
#9467 = CARTESIAN_POINT('',(0.868923875405,0.578200370678,0.699999999999
    ));
#9468 = ADVANCED_FACE('',(#9469),#9488,.T.);
#9469 = FACE_BOUND('',#9470,.T.);
#9470 = EDGE_LOOP('',(#9471,#9480,#9481,#9482));
#9471 = ORIENTED_EDGE('',*,*,#9472,.F.);
#9472 = EDGE_CURVE('',#9444,#9473,#9475,.T.);
#9473 = VERTEX_POINT('',#9474);
#9474 = CARTESIAN_POINT('',(0.878645611923,0.574925133242,0.699999999999
    ));
#9475 = B_SPLINE_CURVE_WITH_KNOTS('',3,(#9476,#9477,#9478,#9479),
  .UNSPECIFIED.,.F.,.F.,(4,4),(3.,4.),.PIECEWISE_BEZIER_KNOTS.);
#9476 = CARTESIAN_POINT('',(0.868923875405,0.578200370678,0.699999999999
    ));
#9477 = CARTESIAN_POINT('',(0.871367306508,0.576016879054,0.699999999999
    ));
#9478 = CARTESIAN_POINT('',(0.874616549997,0.574925133242,0.699999999999
    ));
#9479 = CARTESIAN_POINT('',(0.878645611923,0.574925133242,0.699999999999
    ));
#9480 = ORIENTED_EDGE('',*,*,#9454,.F.);
#9481 = ORIENTED_EDGE('',*,*,#9084,.T.);
#9482 = ORIENTED_EDGE('',*,*,#9483,.T.);
#9483 = EDGE_CURVE('',#9076,#9473,#9484,.T.);
#9484 = LINE('',#9485,#9486);
#9485 = CARTESIAN_POINT('',(0.878645611923,0.574925133242,0.709999999999
    ));
#9486 = VECTOR('',#9487,1.);
#9487 = DIRECTION('',(0.,0.,-1.));
#9488 = B_SPLINE_SURFACE_WITH_KNOTS('',3,1,(
    (#9489,#9490)
    ,(#9491,#9492)
    ,(#9493,#9494)
    ,(#9495,#9496
    )),.UNSPECIFIED.,.F.,.F.,.F.,(4,4),(2,2),(3.,4.),(0.,1.),
  .PIECEWISE_BEZIER_KNOTS.);
#9489 = CARTESIAN_POINT('',(0.868923875405,0.578200370678,0.709999999999
    ));
#9490 = CARTESIAN_POINT('',(0.868923875405,0.578200370678,0.699999999999
    ));
#9491 = CARTESIAN_POINT('',(0.871367306508,0.576016879054,0.709999999999
    ));
#9492 = CARTESIAN_POINT('',(0.871367306508,0.576016879054,0.699999999999
    ));
#9493 = CARTESIAN_POINT('',(0.874616549997,0.574925133242,0.709999999999
    ));
#9494 = CARTESIAN_POINT('',(0.874616549997,0.574925133242,0.699999999999
    ));
#9495 = CARTESIAN_POINT('',(0.878645611923,0.574925133242,0.709999999999
    ));
#9496 = CARTESIAN_POINT('',(0.878645611923,0.574925133242,0.699999999999
    ));
#9497 = ADVANCED_FACE('',(#9498),#9517,.T.);
#9498 = FACE_BOUND('',#9499,.T.);
#9499 = EDGE_LOOP('',(#9500,#9509,#9510,#9511));
#9500 = ORIENTED_EDGE('',*,*,#9501,.F.);
#9501 = EDGE_CURVE('',#9473,#9502,#9504,.T.);
#9502 = VERTEX_POINT('',#9503);
#9503 = CARTESIAN_POINT('',(0.892474392209,0.580851753365,0.699999999999
    ));
#9504 = B_SPLINE_CURVE_WITH_KNOTS('',3,(#9505,#9506,#9507,#9508),
  .UNSPECIFIED.,.F.,.F.,(4,4),(4.,5.),.PIECEWISE_BEZIER_KNOTS.);
#9505 = CARTESIAN_POINT('',(0.878645611923,0.574925133242,0.699999999999
    ));
#9506 = CARTESIAN_POINT('',(0.884234310723,0.574925133242,0.699999999999
    ));
#9507 = CARTESIAN_POINT('',(0.88886123345,0.576900673283,0.699999999999)
  );
#9508 = CARTESIAN_POINT('',(0.892474392209,0.580851753365,0.699999999999
    ));
#9509 = ORIENTED_EDGE('',*,*,#9483,.F.);
#9510 = ORIENTED_EDGE('',*,*,#9075,.T.);
#9511 = ORIENTED_EDGE('',*,*,#9512,.T.);
#9512 = EDGE_CURVE('',#9067,#9502,#9513,.T.);
#9513 = LINE('',#9514,#9515);
#9514 = CARTESIAN_POINT('',(0.892474392209,0.580851753365,0.709999999999
    ));
#9515 = VECTOR('',#9516,1.);
#9516 = DIRECTION('',(0.,0.,-1.));
#9517 = B_SPLINE_SURFACE_WITH_KNOTS('',3,1,(
    (#9518,#9519)
    ,(#9520,#9521)
    ,(#9522,#9523)
    ,(#9524,#9525
    )),.UNSPECIFIED.,.F.,.F.,.F.,(4,4),(2,2),(4.,5.),(0.,1.),
  .PIECEWISE_BEZIER_KNOTS.);
#9518 = CARTESIAN_POINT('',(0.878645611923,0.574925133242,0.709999999999
    ));
#9519 = CARTESIAN_POINT('',(0.878645611923,0.574925133242,0.699999999999
    ));
#9520 = CARTESIAN_POINT('',(0.884234310723,0.574925133242,0.709999999999
    ));
#9521 = CARTESIAN_POINT('',(0.884234310723,0.574925133242,0.699999999999
    ));
#9522 = CARTESIAN_POINT('',(0.88886123345,0.576900673283,0.709999999999)
  );
#9523 = CARTESIAN_POINT('',(0.88886123345,0.576900673283,0.699999999999)
  );
#9524 = CARTESIAN_POINT('',(0.892474392209,0.580851753365,0.709999999999
    ));
#9525 = CARTESIAN_POINT('',(0.892474392209,0.580851753365,0.699999999999
    ));
#9526 = ADVANCED_FACE('',(#9527),#9546,.T.);
#9527 = FACE_BOUND('',#9528,.T.);
#9528 = EDGE_LOOP('',(#9529,#9538,#9539,#9540));
#9529 = ORIENTED_EDGE('',*,*,#9530,.F.);
#9530 = EDGE_CURVE('',#9502,#9531,#9533,.T.);
#9531 = VERTEX_POINT('',#9532);
#9532 = CARTESIAN_POINT('',(0.89793312127,0.595668303672,0.699999999999)
  );
#9533 = B_SPLINE_CURVE_WITH_KNOTS('',3,(#9534,#9535,#9536,#9537),
  .UNSPECIFIED.,.F.,.F.,(4,4),(5.,6.),.PIECEWISE_BEZIER_KNOTS.);
#9534 = CARTESIAN_POINT('',(0.892474392209,0.580851753365,0.699999999999
    ));
#9535 = CARTESIAN_POINT('',(0.896113544917,0.584750845551,0.699999999999
    ));
#9536 = CARTESIAN_POINT('',(0.89793312127,0.589689695654,0.699999999999)
  );
#9537 = CARTESIAN_POINT('',(0.89793312127,0.595668303672,0.699999999999)
  );
#9538 = ORIENTED_EDGE('',*,*,#9512,.F.);
#9539 = ORIENTED_EDGE('',*,*,#9066,.T.);
#9540 = ORIENTED_EDGE('',*,*,#9541,.T.);
#9541 = EDGE_CURVE('',#9059,#9531,#9542,.T.);
#9542 = LINE('',#9543,#9544);
#9543 = CARTESIAN_POINT('',(0.89793312127,0.595668303672,0.709999999999)
  );
#9544 = VECTOR('',#9545,1.);
#9545 = DIRECTION('',(0.,0.,-1.));
#9546 = B_SPLINE_SURFACE_WITH_KNOTS('',3,1,(
    (#9547,#9548)
    ,(#9549,#9550)
    ,(#9551,#9552)
    ,(#9553,#9554
    )),.UNSPECIFIED.,.F.,.F.,.F.,(4,4),(2,2),(5.,6.),(0.,1.),
  .PIECEWISE_BEZIER_KNOTS.);
#9547 = CARTESIAN_POINT('',(0.892474392209,0.580851753365,0.709999999999
    ));
#9548 = CARTESIAN_POINT('',(0.892474392209,0.580851753365,0.699999999999
    ));
#9549 = CARTESIAN_POINT('',(0.896113544917,0.584750845551,0.709999999999
    ));
#9550 = CARTESIAN_POINT('',(0.896113544917,0.584750845551,0.699999999999
    ));
#9551 = CARTESIAN_POINT('',(0.89793312127,0.589689695654,0.709999999999)
  );
#9552 = CARTESIAN_POINT('',(0.89793312127,0.589689695654,0.699999999999)
  );
#9553 = CARTESIAN_POINT('',(0.89793312127,0.595668303672,0.709999999999)
  );
#9554 = CARTESIAN_POINT('',(0.89793312127,0.595668303672,0.699999999999)
  );
#9555 = ADVANCED_FACE('',(#9556),#9574,.T.);
#9556 = FACE_BOUND('',#9557,.T.);
#9557 = EDGE_LOOP('',(#9558,#9566,#9567,#9568));
#9558 = ORIENTED_EDGE('',*,*,#9559,.F.);
#9559 = EDGE_CURVE('',#9531,#9560,#9562,.T.);
#9560 = VERTEX_POINT('',#9561);
#9561 = CARTESIAN_POINT('',(0.89793312127,0.602634681712,0.699999999999)
  );
#9562 = LINE('',#9563,#9564);
#9563 = CARTESIAN_POINT('',(0.89793312127,0.595668303672,0.699999999999)
  );
#9564 = VECTOR('',#9565,1.);
#9565 = DIRECTION('',(0.,1.,0.));
#9566 = ORIENTED_EDGE('',*,*,#9541,.F.);
#9567 = ORIENTED_EDGE('',*,*,#9058,.T.);
#9568 = ORIENTED_EDGE('',*,*,#9569,.T.);
#9569 = EDGE_CURVE('',#9051,#9560,#9570,.T.);
#9570 = LINE('',#9571,#9572);
#9571 = CARTESIAN_POINT('',(0.89793312127,0.602634681712,0.709999999999)
  );
#9572 = VECTOR('',#9573,1.);
#9573 = DIRECTION('',(0.,0.,-1.));
#9574 = PLANE('',#9575);
#9575 = AXIS2_PLACEMENT_3D('',#9576,#9577,#9578);
#9576 = CARTESIAN_POINT('',(0.89793312127,0.595668303672,0.709999999999)
  );
#9577 = DIRECTION('',(-1.,0.,0.));
#9578 = DIRECTION('',(0.,0.,1.));
#9579 = ADVANCED_FACE('',(#9580),#9591,.T.);
#9580 = FACE_BOUND('',#9581,.T.);
#9581 = EDGE_LOOP('',(#9582,#9588,#9589,#9590));
#9582 = ORIENTED_EDGE('',*,*,#9583,.F.);
#9583 = EDGE_CURVE('',#9560,#9379,#9584,.T.);
#9584 = LINE('',#9585,#9586);
#9585 = CARTESIAN_POINT('',(0.89793312127,0.602634681712,0.699999999999)
  );
#9586 = VECTOR('',#9587,1.);
#9587 = DIRECTION('',(-0.9910683663,-0.133354764893,0.));
#9588 = ORIENTED_EDGE('',*,*,#9569,.F.);
#9589 = ORIENTED_EDGE('',*,*,#9050,.T.);
#9590 = ORIENTED_EDGE('',*,*,#9389,.T.);
#9591 = PLANE('',#9592);
#9592 = AXIS2_PLACEMENT_3D('',#9593,#9594,#9595);
#9593 = CARTESIAN_POINT('',(0.89793312127,0.602634681712,0.709999999999)
  );
#9594 = DIRECTION('',(0.133354764893,-0.9910683663,0.));
#9595 = DIRECTION('',(0.9910683663,0.133354764893,0.));
#9596 = ADVANCED_FACE('',(#9597),#9607,.T.);
#9597 = FACE_BOUND('',#9598,.T.);
#9598 = EDGE_LOOP('',(#9599,#9600,#9601,#9602,#9603,#9604,#9605,#9606));
#9599 = ORIENTED_EDGE('',*,*,#9378,.T.);
#9600 = ORIENTED_EDGE('',*,*,#9414,.T.);
#9601 = ORIENTED_EDGE('',*,*,#9443,.T.);
#9602 = ORIENTED_EDGE('',*,*,#9472,.T.);
#9603 = ORIENTED_EDGE('',*,*,#9501,.T.);
#9604 = ORIENTED_EDGE('',*,*,#9530,.T.);
#9605 = ORIENTED_EDGE('',*,*,#9559,.T.);
#9606 = ORIENTED_EDGE('',*,*,#9583,.T.);
#9607 = PLANE('',#9608);
#9608 = AXIS2_PLACEMENT_3D('',#9609,#9610,#9611);
#9609 = CARTESIAN_POINT('',(0.,0.,0.699999999999));
#9610 = DIRECTION('',(0.,0.,1.));
#9611 = DIRECTION('',(1.,0.,-0.));
#9612 = ADVANCED_FACE('',(#9613),#9639,.F.);
#9613 = FACE_BOUND('',#9614,.F.);
#9614 = EDGE_LOOP('',(#9615,#9623,#9632,#9638));
#9615 = ORIENTED_EDGE('',*,*,#9616,.F.);
#9616 = EDGE_CURVE('',#9617,#406,#9619,.T.);
#9617 = VERTEX_POINT('',#9618);
#9618 = CARTESIAN_POINT('',(0.94888125917,0.574873145346,0.709999999999)
  );
#9619 = LINE('',#9620,#9621);
#9620 = CARTESIAN_POINT('',(0.94888125917,0.574873145346,0.709999999999)
  );
#9621 = VECTOR('',#9622,1.);
#9622 = DIRECTION('',(0.,0.,-1.));
#9623 = ORIENTED_EDGE('',*,*,#9624,.T.);
#9624 = EDGE_CURVE('',#9617,#9625,#9627,.T.);
#9625 = VERTEX_POINT('',#9626);
#9626 = CARTESIAN_POINT('',(0.927930137156,0.581891511281,0.709999999999
    ));
#9627 = B_SPLINE_CURVE_WITH_KNOTS('',3,(#9628,#9629,#9630,#9631),
  .UNSPECIFIED.,.F.,.F.,(4,4),(0.,1.),.PIECEWISE_BEZIER_KNOTS.);
#9628 = CARTESIAN_POINT('',(0.94888125917,0.574873145346,0.709999999999)
  );
#9629 = CARTESIAN_POINT('',(0.941395002172,0.574873145346,0.709999999999
    ));
#9630 = CARTESIAN_POINT('',(0.934428624133,0.577212600658,0.709999999999
    ));
#9631 = CARTESIAN_POINT('',(0.927930137156,0.581891511281,0.709999999999
    ));
#9632 = ORIENTED_EDGE('',*,*,#9633,.T.);
#9633 = EDGE_CURVE('',#9625,#396,#9634,.T.);
#9634 = LINE('',#9635,#9636);
#9635 = CARTESIAN_POINT('',(0.927930137156,0.581891511281,0.709999999999
    ));
#9636 = VECTOR('',#9637,1.);
#9637 = DIRECTION('',(0.,0.,-1.));
#9638 = ORIENTED_EDGE('',*,*,#405,.F.);
#9639 = B_SPLINE_SURFACE_WITH_KNOTS('',3,1,(
    (#9640,#9641)
    ,(#9642,#9643)
    ,(#9644,#9645)
    ,(#9646,#9647
    )),.UNSPECIFIED.,.F.,.F.,.F.,(4,4),(2,2),(0.,1.),(0.,1.),
  .PIECEWISE_BEZIER_KNOTS.);
#9640 = CARTESIAN_POINT('',(0.94888125917,0.574873145346,0.709999999999)
  );
#9641 = CARTESIAN_POINT('',(0.94888125917,0.574873145346,0.699999999999)
  );
#9642 = CARTESIAN_POINT('',(0.941395002172,0.574873145346,0.709999999999
    ));
#9643 = CARTESIAN_POINT('',(0.941395002172,0.574873145346,0.699999999999
    ));
#9644 = CARTESIAN_POINT('',(0.934428624133,0.577212600658,0.709999999999
    ));
#9645 = CARTESIAN_POINT('',(0.934428624133,0.577212600658,0.699999999999
    ));
#9646 = CARTESIAN_POINT('',(0.927930137156,0.581891511281,0.709999999999
    ));
#9647 = CARTESIAN_POINT('',(0.927930137156,0.581891511281,0.699999999999
    ));
#9648 = ADVANCED_FACE('',(#9649),#9667,.F.);
#9649 = FACE_BOUND('',#9650,.T.);
#9650 = EDGE_LOOP('',(#9651,#9652,#9660,#9666));
#9651 = ORIENTED_EDGE('',*,*,#395,.T.);
#9652 = ORIENTED_EDGE('',*,*,#9653,.F.);
#9653 = EDGE_CURVE('',#9654,#398,#9656,.T.);
#9654 = VERTEX_POINT('',#9655);
#9655 = CARTESIAN_POINT('',(0.927930137156,0.56873857364,0.709999999999)
  );
#9656 = LINE('',#9657,#9658);
#9657 = CARTESIAN_POINT('',(0.927930137156,0.56873857364,0.709999999999)
  );
#9658 = VECTOR('',#9659,1.);
#9659 = DIRECTION('',(0.,0.,-1.));
#9660 = ORIENTED_EDGE('',*,*,#9661,.F.);
#9661 = EDGE_CURVE('',#9625,#9654,#9662,.T.);
#9662 = LINE('',#9663,#9664);
#9663 = CARTESIAN_POINT('',(0.927930137156,0.56873857364,0.709999999999)
  );
#9664 = VECTOR('',#9665,1.);
#9665 = DIRECTION('',(0.,-1.,0.));
#9666 = ORIENTED_EDGE('',*,*,#9633,.T.);
#9667 = PLANE('',#9668);
#9668 = AXIS2_PLACEMENT_3D('',#9669,#9670,#9671);
#9669 = CARTESIAN_POINT('',(0.927930137156,0.56873857364,0.709999999999)
  );
#9670 = DIRECTION('',(1.,0.,0.));
#9671 = DIRECTION('',(0.,0.,-1.));
#9672 = ADVANCED_FACE('',(#9673),#9692,.F.);
#9673 = FACE_BOUND('',#9674,.F.);
#9674 = EDGE_LOOP('',(#9675,#9676,#9685,#9691));
#9675 = ORIENTED_EDGE('',*,*,#9653,.F.);
#9676 = ORIENTED_EDGE('',*,*,#9677,.T.);
#9677 = EDGE_CURVE('',#9654,#9678,#9680,.T.);
#9678 = VERTEX_POINT('',#9679);
#9679 = CARTESIAN_POINT('',(0.94763354967,0.564475566183,0.709999999999)
  );
#9680 = B_SPLINE_CURVE_WITH_KNOTS('',3,(#9681,#9682,#9683,#9684),
  .UNSPECIFIED.,.F.,.F.,(4,4),(19.,20.),.PIECEWISE_BEZIER_KNOTS.);
#9681 = CARTESIAN_POINT('',(0.927930137156,0.56873857364,0.709999999999)
  );
#9682 = CARTESIAN_POINT('',(0.933544829904,0.565931227266,0.709999999999
    ));
#9683 = CARTESIAN_POINT('',(0.940095304777,0.564475566183,0.709999999999
    ));
#9684 = CARTESIAN_POINT('',(0.94763354967,0.564475566183,0.709999999999)
  );
#9685 = ORIENTED_EDGE('',*,*,#9686,.T.);
#9686 = EDGE_CURVE('',#9678,#567,#9687,.T.);
#9687 = LINE('',#9688,#9689);
#9688 = CARTESIAN_POINT('',(0.94763354967,0.564475566183,0.709999999999)
  );
#9689 = VECTOR('',#9690,1.);
#9690 = DIRECTION('',(0.,0.,-1.));
#9691 = ORIENTED_EDGE('',*,*,#575,.F.);
#9692 = B_SPLINE_SURFACE_WITH_KNOTS('',3,1,(
    (#9693,#9694)
    ,(#9695,#9696)
    ,(#9697,#9698)
    ,(#9699,#9700
    )),.UNSPECIFIED.,.F.,.F.,.F.,(4,4),(2,2),(19.,20.),(0.,1.),
  .PIECEWISE_BEZIER_KNOTS.);
#9693 = CARTESIAN_POINT('',(0.927930137156,0.56873857364,0.709999999999)
  );
#9694 = CARTESIAN_POINT('',(0.927930137156,0.56873857364,0.699999999999)
  );
#9695 = CARTESIAN_POINT('',(0.933544829904,0.565931227266,0.709999999999
    ));
#9696 = CARTESIAN_POINT('',(0.933544829904,0.565931227266,0.699999999999
    ));
#9697 = CARTESIAN_POINT('',(0.940095304777,0.564475566183,0.709999999999
    ));
#9698 = CARTESIAN_POINT('',(0.940095304777,0.564475566183,0.699999999999
    ));
#9699 = CARTESIAN_POINT('',(0.94763354967,0.564475566183,0.709999999999)
  );
#9700 = CARTESIAN_POINT('',(0.94763354967,0.564475566183,0.699999999999)
  );
#9701 = ADVANCED_FACE('',(#9702),#9721,.F.);
#9702 = FACE_BOUND('',#9703,.F.);
#9703 = EDGE_LOOP('',(#9704,#9705,#9714,#9720));
#9704 = ORIENTED_EDGE('',*,*,#9686,.F.);
#9705 = ORIENTED_EDGE('',*,*,#9706,.T.);
#9706 = EDGE_CURVE('',#9678,#9707,#9709,.T.);
#9707 = VERTEX_POINT('',#9708);
#9708 = CARTESIAN_POINT('',(0.968792623267,0.570246222618,0.709999999999
    ));
#9709 = B_SPLINE_CURVE_WITH_KNOTS('',3,(#9710,#9711,#9712,#9713),
  .UNSPECIFIED.,.F.,.F.,(4,4),(18.,19.),.PIECEWISE_BEZIER_KNOTS.);
#9710 = CARTESIAN_POINT('',(0.94763354967,0.564475566183,0.709999999999)
  );
#9711 = CARTESIAN_POINT('',(0.956289534323,0.564475566183,0.709999999999
    ));
#9712 = CARTESIAN_POINT('',(0.963359888154,0.566399118328,0.709999999999
    ));
#9713 = CARTESIAN_POINT('',(0.968792623267,0.570246222618,0.709999999999
    ));
#9714 = ORIENTED_EDGE('',*,*,#9715,.T.);
#9715 = EDGE_CURVE('',#9707,#558,#9716,.T.);
#9716 = LINE('',#9717,#9718);
#9717 = CARTESIAN_POINT('',(0.968792623267,0.570246222618,0.709999999999
    ));
#9718 = VECTOR('',#9719,1.);
#9719 = DIRECTION('',(0.,0.,-1.));
#9720 = ORIENTED_EDGE('',*,*,#566,.F.);
#9721 = B_SPLINE_SURFACE_WITH_KNOTS('',3,1,(
    (#9722,#9723)
    ,(#9724,#9725)
    ,(#9726,#9727)
    ,(#9728,#9729
    )),.UNSPECIFIED.,.F.,.F.,.F.,(4,4),(2,2),(18.,19.),(0.,1.),
  .PIECEWISE_BEZIER_KNOTS.);
#9722 = CARTESIAN_POINT('',(0.94763354967,0.564475566183,0.709999999999)
  );
#9723 = CARTESIAN_POINT('',(0.94763354967,0.564475566183,0.699999999999)
  );
#9724 = CARTESIAN_POINT('',(0.956289534323,0.564475566183,0.709999999999
    ));
#9725 = CARTESIAN_POINT('',(0.956289534323,0.564475566183,0.699999999999
    ));
#9726 = CARTESIAN_POINT('',(0.963359888154,0.566399118328,0.709999999999
    ));
#9727 = CARTESIAN_POINT('',(0.963359888154,0.566399118328,0.699999999999
    ));
#9728 = CARTESIAN_POINT('',(0.968792623267,0.570246222618,0.709999999999
    ));
#9729 = CARTESIAN_POINT('',(0.968792623267,0.570246222618,0.699999999999
    ));
#9730 = ADVANCED_FACE('',(#9731),#9750,.F.);
#9731 = FACE_BOUND('',#9732,.F.);
#9732 = EDGE_LOOP('',(#9733,#9734,#9743,#9749));
#9733 = ORIENTED_EDGE('',*,*,#9715,.F.);
#9734 = ORIENTED_EDGE('',*,*,#9735,.T.);
#9735 = EDGE_CURVE('',#9707,#9736,#9738,.T.);
#9736 = VERTEX_POINT('',#9737);
#9737 = CARTESIAN_POINT('',(0.976980716858,0.585946567155,0.709999999999
    ));
#9738 = B_SPLINE_CURVE_WITH_KNOTS('',3,(#9739,#9740,#9741,#9742),
  .UNSPECIFIED.,.F.,.F.,(4,4),(17.,18.),.PIECEWISE_BEZIER_KNOTS.);
#9739 = CARTESIAN_POINT('',(0.968792623267,0.570246222618,0.709999999999
    ));
#9740 = CARTESIAN_POINT('',(0.974251352328,0.574041339013,0.709999999999
    ));
#9741 = CARTESIAN_POINT('',(0.976980716858,0.57929211649,0.709999999999)
  );
#9742 = CARTESIAN_POINT('',(0.976980716858,0.585946567155,0.709999999999
    ));
#9743 = ORIENTED_EDGE('',*,*,#9744,.T.);
#9744 = EDGE_CURVE('',#9736,#549,#9745,.T.);
#9745 = LINE('',#9746,#9747);
#9746 = CARTESIAN_POINT('',(0.976980716858,0.585946567155,0.709999999999
    ));
#9747 = VECTOR('',#9748,1.);
#9748 = DIRECTION('',(0.,0.,-1.));
#9749 = ORIENTED_EDGE('',*,*,#557,.F.);
#9750 = B_SPLINE_SURFACE_WITH_KNOTS('',3,1,(
    (#9751,#9752)
    ,(#9753,#9754)
    ,(#9755,#9756)
    ,(#9757,#9758
    )),.UNSPECIFIED.,.F.,.F.,.F.,(4,4),(2,2),(17.,18.),(0.,1.),
  .PIECEWISE_BEZIER_KNOTS.);
#9751 = CARTESIAN_POINT('',(0.968792623267,0.570246222618,0.709999999999
    ));
#9752 = CARTESIAN_POINT('',(0.968792623267,0.570246222618,0.699999999999
    ));
#9753 = CARTESIAN_POINT('',(0.974251352328,0.574041339013,0.709999999999
    ));
#9754 = CARTESIAN_POINT('',(0.974251352328,0.574041339013,0.699999999999
    ));
#9755 = CARTESIAN_POINT('',(0.976980716858,0.57929211649,0.709999999999)
  );
#9756 = CARTESIAN_POINT('',(0.976980716858,0.57929211649,0.699999999999)
  );
#9757 = CARTESIAN_POINT('',(0.976980716858,0.585946567155,0.709999999999
    ));
#9758 = CARTESIAN_POINT('',(0.976980716858,0.585946567155,0.699999999999
    ));
#9759 = ADVANCED_FACE('',(#9760),#9779,.F.);
#9760 = FACE_BOUND('',#9761,.F.);
#9761 = EDGE_LOOP('',(#9762,#9763,#9772,#9778));
#9762 = ORIENTED_EDGE('',*,*,#9744,.F.);
#9763 = ORIENTED_EDGE('',*,*,#9764,.T.);
#9764 = EDGE_CURVE('',#9736,#9765,#9767,.T.);
#9765 = VERTEX_POINT('',#9766);
#9766 = CARTESIAN_POINT('',(0.972717709401,0.597955771089,0.709999999999
    ));
#9767 = B_SPLINE_CURVE_WITH_KNOTS('',3,(#9768,#9769,#9770,#9771),
  .UNSPECIFIED.,.F.,.F.,(4,4),(16.,17.),.PIECEWISE_BEZIER_KNOTS.);
#9768 = CARTESIAN_POINT('',(0.976980716858,0.585946567155,0.709999999999
    ));
#9769 = CARTESIAN_POINT('',(0.976980716858,0.59072945357,0.709999999999)
  );
#9770 = CARTESIAN_POINT('',(0.975551049723,0.594732521548,0.709999999999
    ));
#9771 = CARTESIAN_POINT('',(0.972717709401,0.597955771089,0.709999999999
    ));
#9772 = ORIENTED_EDGE('',*,*,#9773,.T.);
#9773 = EDGE_CURVE('',#9765,#540,#9774,.T.);
#9774 = LINE('',#9775,#9776);
#9775 = CARTESIAN_POINT('',(0.972717709401,0.597955771089,0.709999999999
    ));
#9776 = VECTOR('',#9777,1.);
#9777 = DIRECTION('',(0.,0.,-1.));
#9778 = ORIENTED_EDGE('',*,*,#548,.F.);
#9779 = B_SPLINE_SURFACE_WITH_KNOTS('',3,1,(
    (#9780,#9781)
    ,(#9782,#9783)
    ,(#9784,#9785)
    ,(#9786,#9787
    )),.UNSPECIFIED.,.F.,.F.,.F.,(4,4),(2,2),(16.,17.),(0.,1.),
  .PIECEWISE_BEZIER_KNOTS.);
#9780 = CARTESIAN_POINT('',(0.976980716858,0.585946567155,0.709999999999
    ));
#9781 = CARTESIAN_POINT('',(0.976980716858,0.585946567155,0.699999999999
    ));
#9782 = CARTESIAN_POINT('',(0.976980716858,0.59072945357,0.709999999999)
  );
#9783 = CARTESIAN_POINT('',(0.976980716858,0.59072945357,0.699999999999)
  );
#9784 = CARTESIAN_POINT('',(0.975551049723,0.594732521548,0.709999999999
    ));
#9785 = CARTESIAN_POINT('',(0.975551049723,0.594732521548,0.699999999999
    ));
#9786 = CARTESIAN_POINT('',(0.972717709401,0.597955771089,0.709999999999
    ));
#9787 = CARTESIAN_POINT('',(0.972717709401,0.597955771089,0.699999999999
    ));
#9788 = ADVANCED_FACE('',(#9789),#9808,.F.);
#9789 = FACE_BOUND('',#9790,.F.);
#9790 = EDGE_LOOP('',(#9791,#9792,#9801,#9807));
#9791 = ORIENTED_EDGE('',*,*,#9773,.F.);
#9792 = ORIENTED_EDGE('',*,*,#9793,.T.);
#9793 = EDGE_CURVE('',#9765,#9794,#9796,.T.);
#9794 = VERTEX_POINT('',#9795);
#9795 = CARTESIAN_POINT('',(0.956289534323,0.607365580231,0.709999999999
    ));
#9796 = B_SPLINE_CURVE_WITH_KNOTS('',3,(#9797,#9798,#9799,#9800),
  .UNSPECIFIED.,.F.,.F.,(4,4),(15.,16.),.PIECEWISE_BEZIER_KNOTS.);
#9797 = CARTESIAN_POINT('',(0.972717709401,0.597955771089,0.709999999999
    ));
#9798 = CARTESIAN_POINT('',(0.969858375132,0.601179020629,0.709999999999
    ));
#9799 = CARTESIAN_POINT('',(0.964399646071,0.604350282274,0.709999999999
    ));
#9800 = CARTESIAN_POINT('',(0.956289534323,0.607365580231,0.709999999999
    ));
#9801 = ORIENTED_EDGE('',*,*,#9802,.T.);
#9802 = EDGE_CURVE('',#9794,#531,#9803,.T.);
#9803 = LINE('',#9804,#9805);
#9804 = CARTESIAN_POINT('',(0.956289534323,0.607365580231,0.709999999999
    ));
#9805 = VECTOR('',#9806,1.);
#9806 = DIRECTION('',(0.,0.,-1.));
#9807 = ORIENTED_EDGE('',*,*,#539,.F.);
#9808 = B_SPLINE_SURFACE_WITH_KNOTS('',3,1,(
    (#9809,#9810)
    ,(#9811,#9812)
    ,(#9813,#9814)
    ,(#9815,#9816
    )),.UNSPECIFIED.,.F.,.F.,.F.,(4,4),(2,2),(15.,16.),(0.,1.),
  .PIECEWISE_BEZIER_KNOTS.);
#9809 = CARTESIAN_POINT('',(0.972717709401,0.597955771089,0.709999999999
    ));
#9810 = CARTESIAN_POINT('',(0.972717709401,0.597955771089,0.699999999999
    ));
#9811 = CARTESIAN_POINT('',(0.969858375132,0.601179020629,0.709999999999
    ));
#9812 = CARTESIAN_POINT('',(0.969858375132,0.601179020629,0.699999999999
    ));
#9813 = CARTESIAN_POINT('',(0.964399646071,0.604350282274,0.709999999999
    ));
#9814 = CARTESIAN_POINT('',(0.964399646071,0.604350282274,0.699999999999
    ));
#9815 = CARTESIAN_POINT('',(0.956289534323,0.607365580231,0.709999999999
    ));
#9816 = CARTESIAN_POINT('',(0.956289534323,0.607365580231,0.699999999999
    ));
#9817 = ADVANCED_FACE('',(#9818),#9837,.F.);
#9818 = FACE_BOUND('',#9819,.F.);
#9819 = EDGE_LOOP('',(#9820,#9821,#9830,#9836));
#9820 = ORIENTED_EDGE('',*,*,#9802,.F.);
#9821 = ORIENTED_EDGE('',*,*,#9822,.T.);
#9822 = EDGE_CURVE('',#9794,#9823,#9825,.T.);
#9823 = VERTEX_POINT('',#9824);
#9824 = CARTESIAN_POINT('',(0.943916415119,0.613604127729,0.709999999999
    ));
#9825 = B_SPLINE_CURVE_WITH_KNOTS('',3,(#9826,#9827,#9828,#9829),
  .UNSPECIFIED.,.F.,.F.,(4,4),(14.,15.),.PIECEWISE_BEZIER_KNOTS.);
#9826 = CARTESIAN_POINT('',(0.956289534323,0.607365580231,0.709999999999
    ));
#9827 = CARTESIAN_POINT('',(0.949895023138,0.60986099923,0.709999999999)
  );
#9828 = CARTESIAN_POINT('',(0.945787979369,0.611940515063,0.709999999999
    ));
#9829 = CARTESIAN_POINT('',(0.943916415119,0.613604127729,0.709999999999
    ));
#9830 = ORIENTED_EDGE('',*,*,#9831,.T.);
#9831 = EDGE_CURVE('',#9823,#522,#9832,.T.);
#9832 = LINE('',#9833,#9834);
#9833 = CARTESIAN_POINT('',(0.943916415119,0.613604127729,0.709999999999
    ));
#9834 = VECTOR('',#9835,1.);
#9835 = DIRECTION('',(0.,0.,-1.));
#9836 = ORIENTED_EDGE('',*,*,#530,.F.);
#9837 = B_SPLINE_SURFACE_WITH_KNOTS('',3,1,(
    (#9838,#9839)
    ,(#9840,#9841)
    ,(#9842,#9843)
    ,(#9844,#9845
    )),.UNSPECIFIED.,.F.,.F.,.F.,(4,4),(2,2),(14.,15.),(0.,1.),
  .PIECEWISE_BEZIER_KNOTS.);
#9838 = CARTESIAN_POINT('',(0.956289534323,0.607365580231,0.709999999999
    ));
#9839 = CARTESIAN_POINT('',(0.956289534323,0.607365580231,0.699999999999
    ));
#9840 = CARTESIAN_POINT('',(0.949895023138,0.60986099923,0.709999999999)
  );
#9841 = CARTESIAN_POINT('',(0.949895023138,0.60986099923,0.699999999999)
  );
#9842 = CARTESIAN_POINT('',(0.945787979369,0.611940515063,0.709999999999
    ));
#9843 = CARTESIAN_POINT('',(0.945787979369,0.611940515063,0.699999999999
    ));
#9844 = CARTESIAN_POINT('',(0.943916415119,0.613604127729,0.709999999999
    ));
#9845 = CARTESIAN_POINT('',(0.943916415119,0.613604127729,0.699999999999
    ));
#9846 = ADVANCED_FACE('',(#9847),#9866,.F.);
#9847 = FACE_BOUND('',#9848,.F.);
#9848 = EDGE_LOOP('',(#9849,#9850,#9859,#9865));
#9849 = ORIENTED_EDGE('',*,*,#9831,.F.);
#9850 = ORIENTED_EDGE('',*,*,#9851,.T.);
#9851 = EDGE_CURVE('',#9823,#9852,#9854,.T.);
#9852 = VERTEX_POINT('',#9853);
#9853 = CARTESIAN_POINT('',(0.941135062693,0.620362554185,0.709999999999
    ));
#9854 = B_SPLINE_CURVE_WITH_KNOTS('',3,(#9855,#9856,#9857,#9858),
  .UNSPECIFIED.,.F.,.F.,(4,4),(13.,14.),.PIECEWISE_BEZIER_KNOTS.);
#9855 = CARTESIAN_POINT('',(0.943916415119,0.613604127729,0.709999999999
    ));
#9856 = CARTESIAN_POINT('',(0.942070844818,0.615215752499,0.709999999999
    ));
#9857 = CARTESIAN_POINT('',(0.941135062693,0.617451232019,0.709999999999
    ));
#9858 = CARTESIAN_POINT('',(0.941135062693,0.620362554185,0.709999999999
    ));
#9859 = ORIENTED_EDGE('',*,*,#9860,.T.);
#9860 = EDGE_CURVE('',#9852,#513,#9861,.T.);
#9861 = LINE('',#9862,#9863);
#9862 = CARTESIAN_POINT('',(0.941135062693,0.620362554185,0.709999999999
    ));
#9863 = VECTOR('',#9864,1.);
#9864 = DIRECTION('',(0.,0.,-1.));
#9865 = ORIENTED_EDGE('',*,*,#521,.F.);
#9866 = B_SPLINE_SURFACE_WITH_KNOTS('',3,1,(
    (#9867,#9868)
    ,(#9869,#9870)
    ,(#9871,#9872)
    ,(#9873,#9874
    )),.UNSPECIFIED.,.F.,.F.,.F.,(4,4),(2,2),(13.,14.),(0.,1.),
  .PIECEWISE_BEZIER_KNOTS.);
#9867 = CARTESIAN_POINT('',(0.943916415119,0.613604127729,0.709999999999
    ));
#9868 = CARTESIAN_POINT('',(0.943916415119,0.613604127729,0.699999999999
    ));
#9869 = CARTESIAN_POINT('',(0.942070844818,0.615215752499,0.709999999999
    ));
#9870 = CARTESIAN_POINT('',(0.942070844818,0.615215752499,0.699999999999
    ));
#9871 = CARTESIAN_POINT('',(0.941135062693,0.617451232019,0.709999999999
    ));
#9872 = CARTESIAN_POINT('',(0.941135062693,0.617451232019,0.699999999999
    ));
#9873 = CARTESIAN_POINT('',(0.941135062693,0.620362554185,0.709999999999
    ));
#9874 = CARTESIAN_POINT('',(0.941135062693,0.620362554185,0.699999999999
    ));
#9875 = ADVANCED_FACE('',(#9876),#9895,.F.);
#9876 = FACE_BOUND('',#9877,.F.);
#9877 = EDGE_LOOP('',(#9878,#9879,#9888,#9894));
#9878 = ORIENTED_EDGE('',*,*,#9860,.F.);
#9879 = ORIENTED_EDGE('',*,*,#9880,.T.);
#9880 = EDGE_CURVE('',#9852,#9881,#9883,.T.);
#9881 = VERTEX_POINT('',#9882);
#9882 = CARTESIAN_POINT('',(0.945008160931,0.627432908016,0.709999999999
    ));
#9883 = B_SPLINE_CURVE_WITH_KNOTS('',3,(#9884,#9885,#9886,#9887),
  .UNSPECIFIED.,.F.,.F.,(4,4),(12.,13.),.PIECEWISE_BEZIER_KNOTS.);
#9884 = CARTESIAN_POINT('',(0.941135062693,0.620362554185,0.709999999999
    ));
#9885 = CARTESIAN_POINT('',(0.941135062693,0.62327387635,0.709999999999)
  );
#9886 = CARTESIAN_POINT('',(0.942434760089,0.625665319558,0.709999999999
    ));
#9887 = CARTESIAN_POINT('',(0.945008160931,0.627432908016,0.709999999999
    ));
#9888 = ORIENTED_EDGE('',*,*,#9889,.T.);
#9889 = EDGE_CURVE('',#9881,#504,#9890,.T.);
#9890 = LINE('',#9891,#9892);
#9891 = CARTESIAN_POINT('',(0.945008160931,0.627432908016,0.709999999999
    ));
#9892 = VECTOR('',#9893,1.);
#9893 = DIRECTION('',(0.,0.,-1.));
#9894 = ORIENTED_EDGE('',*,*,#512,.F.);
#9895 = B_SPLINE_SURFACE_WITH_KNOTS('',3,1,(
    (#9896,#9897)
    ,(#9898,#9899)
    ,(#9900,#9901)
    ,(#9902,#9903
    )),.UNSPECIFIED.,.F.,.F.,.F.,(4,4),(2,2),(12.,13.),(0.,1.),
  .PIECEWISE_BEZIER_KNOTS.);
#9896 = CARTESIAN_POINT('',(0.941135062693,0.620362554185,0.709999999999
    ));
#9897 = CARTESIAN_POINT('',(0.941135062693,0.620362554185,0.699999999999
    ));
#9898 = CARTESIAN_POINT('',(0.941135062693,0.62327387635,0.709999999999)
  );
#9899 = CARTESIAN_POINT('',(0.941135062693,0.62327387635,0.699999999999)
  );
#9900 = CARTESIAN_POINT('',(0.942434760089,0.625665319558,0.709999999999
    ));
#9901 = CARTESIAN_POINT('',(0.942434760089,0.625665319558,0.699999999999
    ));
#9902 = CARTESIAN_POINT('',(0.945008160931,0.627432908016,0.709999999999
    ));
#9903 = CARTESIAN_POINT('',(0.945008160931,0.627432908016,0.699999999999
    ));
#9904 = ADVANCED_FACE('',(#9905),#9924,.F.);
#9905 = FACE_BOUND('',#9906,.F.);
#9906 = EDGE_LOOP('',(#9907,#9908,#9917,#9923));
#9907 = ORIENTED_EDGE('',*,*,#9889,.F.);
#9908 = ORIENTED_EDGE('',*,*,#9909,.T.);
#9909 = EDGE_CURVE('',#9881,#9910,#9912,.T.);
#9910 = VERTEX_POINT('',#9911);
#9911 = CARTESIAN_POINT('',(0.955041824824,0.630136278599,0.709999999999
    ));
#9912 = B_SPLINE_CURVE_WITH_KNOTS('',3,(#9913,#9914,#9915,#9916),
  .UNSPECIFIED.,.F.,.F.,(4,4),(11.,12.),.PIECEWISE_BEZIER_KNOTS.);
#9913 = CARTESIAN_POINT('',(0.945008160931,0.627432908016,0.709999999999
    ));
#9914 = CARTESIAN_POINT('',(0.947581561774,0.629252484369,0.709999999999
    ));
#9915 = CARTESIAN_POINT('',(0.950934781055,0.630136278599,0.709999999999
    ));
#9916 = CARTESIAN_POINT('',(0.955041824824,0.630136278599,0.709999999999
    ));
#9917 = ORIENTED_EDGE('',*,*,#9918,.T.);
#9918 = EDGE_CURVE('',#9910,#495,#9919,.T.);
#9919 = LINE('',#9920,#9921);
#9920 = CARTESIAN_POINT('',(0.955041824824,0.630136278599,0.709999999999
    ));
#9921 = VECTOR('',#9922,1.);
#9922 = DIRECTION('',(0.,0.,-1.));
#9923 = ORIENTED_EDGE('',*,*,#503,.F.);
#9924 = B_SPLINE_SURFACE_WITH_KNOTS('',3,1,(
    (#9925,#9926)
    ,(#9927,#9928)
    ,(#9929,#9930)
    ,(#9931,#9932
    )),.UNSPECIFIED.,.F.,.F.,.F.,(4,4),(2,2),(11.,12.),(0.,1.),
  .PIECEWISE_BEZIER_KNOTS.);
#9925 = CARTESIAN_POINT('',(0.945008160931,0.627432908016,0.709999999999
    ));
#9926 = CARTESIAN_POINT('',(0.945008160931,0.627432908016,0.699999999999
    ));
#9927 = CARTESIAN_POINT('',(0.947581561774,0.629252484369,0.709999999999
    ));
#9928 = CARTESIAN_POINT('',(0.947581561774,0.629252484369,0.699999999999
    ));
#9929 = CARTESIAN_POINT('',(0.950934781055,0.630136278599,0.709999999999
    ));
#9930 = CARTESIAN_POINT('',(0.950934781055,0.630136278599,0.699999999999
    ));
#9931 = CARTESIAN_POINT('',(0.955041824824,0.630136278599,0.709999999999
    ));
#9932 = CARTESIAN_POINT('',(0.955041824824,0.630136278599,0.699999999999
    ));
#9933 = ADVANCED_FACE('',(#9934),#9953,.F.);
#9934 = FACE_BOUND('',#9935,.F.);
#9935 = EDGE_LOOP('',(#9936,#9937,#9946,#9952));
#9936 = ORIENTED_EDGE('',*,*,#9918,.F.);
#9937 = ORIENTED_EDGE('',*,*,#9938,.T.);
#9938 = EDGE_CURVE('',#9910,#9939,#9941,.T.);
#9939 = VERTEX_POINT('',#9940);
#9940 = CARTESIAN_POINT('',(0.973497527839,0.624885501121,0.709999999999
    ));
#9941 = B_SPLINE_CURVE_WITH_KNOTS('',3,(#9942,#9943,#9944,#9945),
  .UNSPECIFIED.,.F.,.F.,(4,4),(10.,11.),.PIECEWISE_BEZIER_KNOTS.);
#9942 = CARTESIAN_POINT('',(0.955041824824,0.630136278599,0.709999999999
    ));
#9943 = CARTESIAN_POINT('',(0.96193022102,0.630136278599,0.709999999999)
  );
#9944 = CARTESIAN_POINT('',(0.968064792726,0.628368690141,0.709999999999
    ));
#9945 = CARTESIAN_POINT('',(0.973497527839,0.624885501121,0.709999999999
    ));
#9946 = ORIENTED_EDGE('',*,*,#9947,.T.);
#9947 = EDGE_CURVE('',#9939,#487,#9948,.T.);
#9948 = LINE('',#9949,#9950);
#9949 = CARTESIAN_POINT('',(0.973497527839,0.624885501121,0.709999999999
    ));
#9950 = VECTOR('',#9951,1.);
#9951 = DIRECTION('',(0.,0.,-1.));
#9952 = ORIENTED_EDGE('',*,*,#494,.F.);
#9953 = B_SPLINE_SURFACE_WITH_KNOTS('',3,1,(
    (#9954,#9955)
    ,(#9956,#9957)
    ,(#9958,#9959)
    ,(#9960,#9961
    )),.UNSPECIFIED.,.F.,.F.,.F.,(4,4),(2,2),(10.,11.),(0.,1.),
  .PIECEWISE_BEZIER_KNOTS.);
#9954 = CARTESIAN_POINT('',(0.955041824824,0.630136278599,0.709999999999
    ));
#9955 = CARTESIAN_POINT('',(0.955041824824,0.630136278599,0.699999999999
    ));
#9956 = CARTESIAN_POINT('',(0.96193022102,0.630136278599,0.709999999999)
  );
#9957 = CARTESIAN_POINT('',(0.96193022102,0.630136278599,0.699999999999)
  );
#9958 = CARTESIAN_POINT('',(0.968064792726,0.628368690141,0.709999999999
    ));
#9959 = CARTESIAN_POINT('',(0.968064792726,0.628368690141,0.699999999999
    ));
#9960 = CARTESIAN_POINT('',(0.973497527839,0.624885501121,0.709999999999
    ));
#9961 = CARTESIAN_POINT('',(0.973497527839,0.624885501121,0.699999999999
    ));
#9962 = ADVANCED_FACE('',(#9963),#9981,.F.);
#9963 = FACE_BOUND('',#9964,.T.);
#9964 = EDGE_LOOP('',(#9965,#9966,#9974,#9980));
#9965 = ORIENTED_EDGE('',*,*,#486,.T.);
#9966 = ORIENTED_EDGE('',*,*,#9967,.F.);
#9967 = EDGE_CURVE('',#9968,#478,#9970,.T.);
#9968 = VERTEX_POINT('',#9969);
#9969 = CARTESIAN_POINT('',(0.973497527839,0.637258620325,0.709999999999
    ));
#9970 = LINE('',#9971,#9972);
#9971 = CARTESIAN_POINT('',(0.973497527839,0.637258620325,0.709999999999
    ));
#9972 = VECTOR('',#9973,1.);
#9973 = DIRECTION('',(0.,0.,-1.));
#9974 = ORIENTED_EDGE('',*,*,#9975,.F.);
#9975 = EDGE_CURVE('',#9939,#9968,#9976,.T.);
#9976 = LINE('',#9977,#9978);
#9977 = CARTESIAN_POINT('',(0.973497527839,0.637258620325,0.709999999999
    ));
#9978 = VECTOR('',#9979,1.);
#9979 = DIRECTION('',(0.,1.,0.));
#9980 = ORIENTED_EDGE('',*,*,#9947,.T.);
#9981 = PLANE('',#9982);
#9982 = AXIS2_PLACEMENT_3D('',#9983,#9984,#9985);
#9983 = CARTESIAN_POINT('',(0.973497527839,0.637258620325,0.709999999999
    ));
#9984 = DIRECTION('',(-1.,0.,0.));
#9985 = DIRECTION('',(0.,0.,1.));
#9986 = ADVANCED_FACE('',(#9987),#10006,.F.);
#9987 = FACE_BOUND('',#9988,.F.);
#9988 = EDGE_LOOP('',(#9989,#9990,#9999,#10005));
#9989 = ORIENTED_EDGE('',*,*,#9967,.F.);
#9990 = ORIENTED_EDGE('',*,*,#9991,.T.);
#9991 = EDGE_CURVE('',#9968,#9992,#9994,.T.);
#9992 = VERTEX_POINT('',#9993);
#9993 = CARTESIAN_POINT('',(0.956289534323,0.640481869866,0.709999999999
    ));
#9994 = B_SPLINE_CURVE_WITH_KNOTS('',3,(#9995,#9996,#9997,#9998),
  .UNSPECIFIED.,.F.,.F.,(4,4),(8.,9.),.PIECEWISE_BEZIER_KNOTS.);
#9995 = CARTESIAN_POINT('',(0.973497527839,0.637258620325,0.709999999999
    ));
#9996 = CARTESIAN_POINT('',(0.968194762465,0.639442111949,0.709999999999
    ));
#9997 = CARTESIAN_POINT('',(0.962476093925,0.640481869866,0.709999999999
    ));
#9998 = CARTESIAN_POINT('',(0.956289534323,0.640481869866,0.709999999999
    ));
#9999 = ORIENTED_EDGE('',*,*,#10000,.T.);
#10000 = EDGE_CURVE('',#9992,#469,#10001,.T.);
#10001 = LINE('',#10002,#10003);
#10002 = CARTESIAN_POINT('',(0.956289534323,0.640481869866,
    0.709999999999));
#10003 = VECTOR('',#10004,1.);
#10004 = DIRECTION('',(0.,0.,-1.));
#10005 = ORIENTED_EDGE('',*,*,#477,.F.);
#10006 = B_SPLINE_SURFACE_WITH_KNOTS('',3,1,(
    (#10007,#10008)
    ,(#10009,#10010)
    ,(#10011,#10012)
    ,(#10013,#10014
    )),.UNSPECIFIED.,.F.,.F.,.F.,(4,4),(2,2),(8.,9.),(0.,1.),
  .PIECEWISE_BEZIER_KNOTS.);
#10007 = CARTESIAN_POINT('',(0.973497527839,0.637258620325,
    0.709999999999));
#10008 = CARTESIAN_POINT('',(0.973497527839,0.637258620325,
    0.699999999999));
#10009 = CARTESIAN_POINT('',(0.968194762465,0.639442111949,
    0.709999999999));
#10010 = CARTESIAN_POINT('',(0.968194762465,0.639442111949,
    0.699999999999));
#10011 = CARTESIAN_POINT('',(0.962476093925,0.640481869866,
    0.709999999999));
#10012 = CARTESIAN_POINT('',(0.962476093925,0.640481869866,
    0.699999999999));
#10013 = CARTESIAN_POINT('',(0.956289534323,0.640481869866,
    0.709999999999));
#10014 = CARTESIAN_POINT('',(0.956289534323,0.640481869866,
    0.699999999999));
#10015 = ADVANCED_FACE('',(#10016),#10035,.F.);
#10016 = FACE_BOUND('',#10017,.F.);
#10017 = EDGE_LOOP('',(#10018,#10019,#10028,#10034));
#10018 = ORIENTED_EDGE('',*,*,#10000,.F.);
#10019 = ORIENTED_EDGE('',*,*,#10020,.T.);
#10020 = EDGE_CURVE('',#9992,#10021,#10023,.T.);
#10021 = VERTEX_POINT('',#10022);
#10022 = CARTESIAN_POINT('',(0.936170218643,0.63471121343,0.709999999999
    ));
#10023 = B_SPLINE_CURVE_WITH_KNOTS('',3,(#10024,#10025,#10026,#10027),
  .UNSPECIFIED.,.F.,.F.,(4,4),(7.,8.),.PIECEWISE_BEZIER_KNOTS.);
#10024 = CARTESIAN_POINT('',(0.956289534323,0.640481869866,
    0.709999999999));
#10025 = CARTESIAN_POINT('',(0.948335386264,0.640481869866,
    0.709999999999));
#10026 = CARTESIAN_POINT('',(0.941628947703,0.638558317721,
    0.709999999999));
#10027 = CARTESIAN_POINT('',(0.936170218643,0.63471121343,0.709999999999
    ));
#10028 = ORIENTED_EDGE('',*,*,#10029,.T.);
#10029 = EDGE_CURVE('',#10021,#460,#10030,.T.);
#10030 = LINE('',#10031,#10032);
#10031 = CARTESIAN_POINT('',(0.936170218643,0.63471121343,0.709999999999
    ));
#10032 = VECTOR('',#10033,1.);
#10033 = DIRECTION('',(0.,0.,-1.));
#10034 = ORIENTED_EDGE('',*,*,#468,.F.);
#10035 = B_SPLINE_SURFACE_WITH_KNOTS('',3,1,(
    (#10036,#10037)
    ,(#10038,#10039)
    ,(#10040,#10041)
    ,(#10042,#10043
    )),.UNSPECIFIED.,.F.,.F.,.F.,(4,4),(2,2),(7.,8.),(0.,1.),
  .PIECEWISE_BEZIER_KNOTS.);
#10036 = CARTESIAN_POINT('',(0.956289534323,0.640481869866,
    0.709999999999));
#10037 = CARTESIAN_POINT('',(0.956289534323,0.640481869866,
    0.699999999999));
#10038 = CARTESIAN_POINT('',(0.948335386264,0.640481869866,
    0.709999999999));
#10039 = CARTESIAN_POINT('',(0.948335386264,0.640481869866,
    0.699999999999));
#10040 = CARTESIAN_POINT('',(0.941628947703,0.638558317721,
    0.709999999999));
#10041 = CARTESIAN_POINT('',(0.941628947703,0.638558317721,
    0.699999999999));
#10042 = CARTESIAN_POINT('',(0.936170218643,0.63471121343,0.709999999999
    ));
#10043 = CARTESIAN_POINT('',(0.936170218643,0.63471121343,0.699999999999
    ));
#10044 = ADVANCED_FACE('',(#10045),#10064,.F.);
#10045 = FACE_BOUND('',#10046,.F.);
#10046 = EDGE_LOOP('',(#10047,#10048,#10057,#10063));
#10047 = ORIENTED_EDGE('',*,*,#10029,.F.);
#10048 = ORIENTED_EDGE('',*,*,#10049,.T.);
#10049 = EDGE_CURVE('',#10021,#10050,#10052,.T.);
#10050 = VERTEX_POINT('',#10051);
#10051 = CARTESIAN_POINT('',(0.928008119,0.619218820477,0.709999999999)
  );
#10052 = B_SPLINE_CURVE_WITH_KNOTS('',3,(#10053,#10054,#10055,#10056),
  .UNSPECIFIED.,.F.,.F.,(4,4),(6.,7.),.PIECEWISE_BEZIER_KNOTS.);
#10053 = CARTESIAN_POINT('',(0.936170218643,0.63471121343,0.709999999999
    ));
#10054 = CARTESIAN_POINT('',(0.93073748353,0.630812121244,0.709999999999
    ));
#10055 = CARTESIAN_POINT('',(0.928008119,0.625665319558,0.709999999999)
  );
#10056 = CARTESIAN_POINT('',(0.928008119,0.619218820477,0.709999999999)
  );
#10057 = ORIENTED_EDGE('',*,*,#10058,.T.);
#10058 = EDGE_CURVE('',#10050,#451,#10059,.T.);
#10059 = LINE('',#10060,#10061);
#10060 = CARTESIAN_POINT('',(0.928008119,0.619218820477,0.709999999999)
  );
#10061 = VECTOR('',#10062,1.);
#10062 = DIRECTION('',(0.,0.,-1.));
#10063 = ORIENTED_EDGE('',*,*,#459,.F.);
#10064 = B_SPLINE_SURFACE_WITH_KNOTS('',3,1,(
    (#10065,#10066)
    ,(#10067,#10068)
    ,(#10069,#10070)
    ,(#10071,#10072
    )),.UNSPECIFIED.,.F.,.F.,.F.,(4,4),(2,2),(6.,7.),(0.,1.),
  .PIECEWISE_BEZIER_KNOTS.);
#10065 = CARTESIAN_POINT('',(0.936170218643,0.63471121343,0.709999999999
    ));
#10066 = CARTESIAN_POINT('',(0.936170218643,0.63471121343,0.699999999999
    ));
#10067 = CARTESIAN_POINT('',(0.93073748353,0.630812121244,0.709999999999
    ));
#10068 = CARTESIAN_POINT('',(0.93073748353,0.630812121244,0.699999999999
    ));
#10069 = CARTESIAN_POINT('',(0.928008119,0.625665319558,0.709999999999)
  );
#10070 = CARTESIAN_POINT('',(0.928008119,0.625665319558,0.699999999999)
  );
#10071 = CARTESIAN_POINT('',(0.928008119,0.619218820477,0.709999999999)
  );
#10072 = CARTESIAN_POINT('',(0.928008119,0.619218820477,0.699999999999)
  );
#10073 = ADVANCED_FACE('',(#10074),#10093,.F.);
#10074 = FACE_BOUND('',#10075,.F.);
#10075 = EDGE_LOOP('',(#10076,#10077,#10086,#10092));
#10076 = ORIENTED_EDGE('',*,*,#10058,.F.);
#10077 = ORIENTED_EDGE('',*,*,#10078,.T.);
#10078 = EDGE_CURVE('',#10050,#10079,#10081,.T.);
#10079 = VERTEX_POINT('',#10080);
#10080 = CARTESIAN_POINT('',(0.931621277759,0.607729495502,
    0.709999999999));
#10081 = B_SPLINE_CURVE_WITH_KNOTS('',3,(#10082,#10083,#10084,#10085),
  .UNSPECIFIED.,.F.,.F.,(4,4),(5.,6.),.PIECEWISE_BEZIER_KNOTS.);
#10082 = CARTESIAN_POINT('',(0.928008119,0.619218820477,0.709999999999)
  );
#10083 = CARTESIAN_POINT('',(0.928008119,0.614747861437,0.709999999999)
  );
#10084 = CARTESIAN_POINT('',(0.929203840603,0.610900757147,
    0.709999999999));
#10085 = CARTESIAN_POINT('',(0.931621277759,0.607729495502,
    0.709999999999));
#10086 = ORIENTED_EDGE('',*,*,#10087,.T.);
#10087 = EDGE_CURVE('',#10079,#442,#10088,.T.);
#10088 = LINE('',#10089,#10090);
#10089 = CARTESIAN_POINT('',(0.931621277759,0.607729495502,
    0.709999999999));
#10090 = VECTOR('',#10091,1.);
#10091 = DIRECTION('',(0.,0.,-1.));
#10092 = ORIENTED_EDGE('',*,*,#450,.F.);
#10093 = B_SPLINE_SURFACE_WITH_KNOTS('',3,1,(
    (#10094,#10095)
    ,(#10096,#10097)
    ,(#10098,#10099)
    ,(#10100,#10101
    )),.UNSPECIFIED.,.F.,.F.,.F.,(4,4),(2,2),(5.,6.),(0.,1.),
  .PIECEWISE_BEZIER_KNOTS.);
#10094 = CARTESIAN_POINT('',(0.928008119,0.619218820477,0.709999999999)
  );
#10095 = CARTESIAN_POINT('',(0.928008119,0.619218820477,0.699999999999)
  );
#10096 = CARTESIAN_POINT('',(0.928008119,0.614747861437,0.709999999999)
  );
#10097 = CARTESIAN_POINT('',(0.928008119,0.614747861437,0.699999999999)
  );
#10098 = CARTESIAN_POINT('',(0.929203840603,0.610900757147,
    0.709999999999));
#10099 = CARTESIAN_POINT('',(0.929203840603,0.610900757147,
    0.699999999999));
#10100 = CARTESIAN_POINT('',(0.931621277759,0.607729495502,
    0.709999999999));
#10101 = CARTESIAN_POINT('',(0.931621277759,0.607729495502,
    0.699999999999));
#10102 = ADVANCED_FACE('',(#10103),#10122,.F.);
#10103 = FACE_BOUND('',#10104,.F.);
#10104 = EDGE_LOOP('',(#10105,#10106,#10115,#10121));
#10105 = ORIENTED_EDGE('',*,*,#10087,.F.);
#10106 = ORIENTED_EDGE('',*,*,#10107,.T.);
#10107 = EDGE_CURVE('',#10079,#10108,#10110,.T.);
#10108 = VERTEX_POINT('',#10109);
#10109 = CARTESIAN_POINT('',(0.947295628348,0.598111734776,
    0.709999999999));
#10110 = B_SPLINE_CURVE_WITH_KNOTS('',3,(#10111,#10112,#10113,#10114),
  .UNSPECIFIED.,.F.,.F.,(4,4),(4.,5.),.PIECEWISE_BEZIER_KNOTS.);
#10111 = CARTESIAN_POINT('',(0.931621277759,0.607729495502,
    0.709999999999));
#10112 = CARTESIAN_POINT('',(0.934012720966,0.604558233857,
    0.709999999999));
#10113 = CARTESIAN_POINT('',(0.939263498444,0.601334984316,
    0.709999999999));
#10114 = CARTESIAN_POINT('',(0.947295628348,0.598111734776,
    0.709999999999));
#10115 = ORIENTED_EDGE('',*,*,#10116,.T.);
#10116 = EDGE_CURVE('',#10108,#433,#10117,.T.);
#10117 = LINE('',#10118,#10119);
#10118 = CARTESIAN_POINT('',(0.947295628348,0.598111734776,
    0.709999999999));
#10119 = VECTOR('',#10120,1.);
#10120 = DIRECTION('',(0.,0.,-1.));
#10121 = ORIENTED_EDGE('',*,*,#441,.F.);
#10122 = B_SPLINE_SURFACE_WITH_KNOTS('',3,1,(
    (#10123,#10124)
    ,(#10125,#10126)
    ,(#10127,#10128)
    ,(#10129,#10130
    )),.UNSPECIFIED.,.F.,.F.,.F.,(4,4),(2,2),(4.,5.),(0.,1.),
  .PIECEWISE_BEZIER_KNOTS.);
#10123 = CARTESIAN_POINT('',(0.931621277759,0.607729495502,
    0.709999999999));
#10124 = CARTESIAN_POINT('',(0.931621277759,0.607729495502,
    0.699999999999));
#10125 = CARTESIAN_POINT('',(0.934012720966,0.604558233857,
    0.709999999999));
#10126 = CARTESIAN_POINT('',(0.934012720966,0.604558233857,
    0.699999999999));
#10127 = CARTESIAN_POINT('',(0.939263498444,0.601334984316,
    0.709999999999));
#10128 = CARTESIAN_POINT('',(0.939263498444,0.601334984316,
    0.699999999999));
#10129 = CARTESIAN_POINT('',(0.947295628348,0.598111734776,
    0.709999999999));
#10130 = CARTESIAN_POINT('',(0.947295628348,0.598111734776,
    0.699999999999));
#10131 = ADVANCED_FACE('',(#10132),#10151,.F.);
#10132 = FACE_BOUND('',#10133,.F.);
#10133 = EDGE_LOOP('',(#10134,#10135,#10144,#10150));
#10134 = ORIENTED_EDGE('',*,*,#10116,.F.);
#10135 = ORIENTED_EDGE('',*,*,#10136,.T.);
#10136 = EDGE_CURVE('',#10108,#10137,#10139,.T.);
#10137 = VERTEX_POINT('',#10138);
#10138 = CARTESIAN_POINT('',(0.960630523624,0.591613247799,
    0.709999999999));
#10139 = B_SPLINE_CURVE_WITH_KNOTS('',3,(#10140,#10141,#10142,#10143),
  .UNSPECIFIED.,.F.,.F.,(4,4),(3.,4.),.PIECEWISE_BEZIER_KNOTS.);
#10140 = CARTESIAN_POINT('',(0.947295628348,0.598111734776,
    0.709999999999));
#10141 = CARTESIAN_POINT('',(0.954002066908,0.595616315777,
    0.709999999999));
#10142 = CARTESIAN_POINT('',(0.958447032,0.593432824152,0.709999999999)
  );
#10143 = CARTESIAN_POINT('',(0.960630523624,0.591613247799,
    0.709999999999));
#10144 = ORIENTED_EDGE('',*,*,#10145,.T.);
#10145 = EDGE_CURVE('',#10137,#424,#10146,.T.);
#10146 = LINE('',#10147,#10148);
#10147 = CARTESIAN_POINT('',(0.960630523624,0.591613247799,
    0.709999999999));
#10148 = VECTOR('',#10149,1.);
#10149 = DIRECTION('',(0.,0.,-1.));
#10150 = ORIENTED_EDGE('',*,*,#432,.F.);
#10151 = B_SPLINE_SURFACE_WITH_KNOTS('',3,1,(
    (#10152,#10153)
    ,(#10154,#10155)
    ,(#10156,#10157)
    ,(#10158,#10159
    )),.UNSPECIFIED.,.F.,.F.,.F.,(4,4),(2,2),(3.,4.),(0.,1.),
  .PIECEWISE_BEZIER_KNOTS.);
#10152 = CARTESIAN_POINT('',(0.947295628348,0.598111734776,
    0.709999999999));
#10153 = CARTESIAN_POINT('',(0.947295628348,0.598111734776,
    0.699999999999));
#10154 = CARTESIAN_POINT('',(0.954002066908,0.595616315777,
    0.709999999999));
#10155 = CARTESIAN_POINT('',(0.954002066908,0.595616315777,
    0.699999999999));
#10156 = CARTESIAN_POINT('',(0.958447032,0.593432824152,0.709999999999)
  );
#10157 = CARTESIAN_POINT('',(0.958447032,0.593432824152,0.699999999999)
  );
#10158 = CARTESIAN_POINT('',(0.960630523624,0.591613247799,
    0.709999999999));
#10159 = CARTESIAN_POINT('',(0.960630523624,0.591613247799,
    0.699999999999));
#10160 = ADVANCED_FACE('',(#10161),#10180,.F.);
#10161 = FACE_BOUND('',#10162,.F.);
#10162 = EDGE_LOOP('',(#10163,#10164,#10173,#10179));
#10163 = ORIENTED_EDGE('',*,*,#10145,.F.);
#10164 = ORIENTED_EDGE('',*,*,#10165,.T.);
#10165 = EDGE_CURVE('',#10137,#10166,#10168,.T.);
#10166 = VERTEX_POINT('',#10167);
#10167 = CARTESIAN_POINT('',(0.96390576106,0.584698857655,0.709999999999
    ));
#10168 = B_SPLINE_CURVE_WITH_KNOTS('',3,(#10169,#10170,#10171,#10172),
  .UNSPECIFIED.,.F.,.F.,(4,4),(2.,3.),.PIECEWISE_BEZIER_KNOTS.);
#10169 = CARTESIAN_POINT('',(0.960630523624,0.591613247799,
    0.709999999999));
#10170 = CARTESIAN_POINT('',(0.962814015249,0.589793671445,
    0.709999999999));
#10171 = CARTESIAN_POINT('',(0.96390576106,0.58750620403,0.709999999999)
  );
#10172 = CARTESIAN_POINT('',(0.96390576106,0.584698857655,0.709999999999
    ));
#10173 = ORIENTED_EDGE('',*,*,#10174,.T.);
#10174 = EDGE_CURVE('',#10166,#415,#10175,.T.);
#10175 = LINE('',#10176,#10177);
#10176 = CARTESIAN_POINT('',(0.96390576106,0.584698857655,0.709999999999
    ));
#10177 = VECTOR('',#10178,1.);
#10178 = DIRECTION('',(0.,0.,-1.));
#10179 = ORIENTED_EDGE('',*,*,#423,.F.);
#10180 = B_SPLINE_SURFACE_WITH_KNOTS('',3,1,(
    (#10181,#10182)
    ,(#10183,#10184)
    ,(#10185,#10186)
    ,(#10187,#10188
    )),.UNSPECIFIED.,.F.,.F.,.F.,(4,4),(2,2),(2.,3.),(0.,1.),
  .PIECEWISE_BEZIER_KNOTS.);
#10181 = CARTESIAN_POINT('',(0.960630523624,0.591613247799,
    0.709999999999));
#10182 = CARTESIAN_POINT('',(0.960630523624,0.591613247799,
    0.699999999999));
#10183 = CARTESIAN_POINT('',(0.962814015249,0.589793671445,
    0.709999999999));
#10184 = CARTESIAN_POINT('',(0.962814015249,0.589793671445,
    0.699999999999));
#10185 = CARTESIAN_POINT('',(0.96390576106,0.58750620403,0.709999999999)
  );
#10186 = CARTESIAN_POINT('',(0.96390576106,0.58750620403,0.699999999999)
  );
#10187 = CARTESIAN_POINT('',(0.96390576106,0.584698857655,0.709999999999
    ));
#10188 = CARTESIAN_POINT('',(0.96390576106,0.584698857655,0.699999999999
    ));
#10189 = ADVANCED_FACE('',(#10190),#10202,.F.);
#10190 = FACE_BOUND('',#10191,.F.);
#10191 = EDGE_LOOP('',(#10192,#10193,#10200,#10201));
#10192 = ORIENTED_EDGE('',*,*,#10174,.F.);
#10193 = ORIENTED_EDGE('',*,*,#10194,.T.);
#10194 = EDGE_CURVE('',#10166,#9617,#10195,.T.);
#10195 = B_SPLINE_CURVE_WITH_KNOTS('',3,(#10196,#10197,#10198,#10199),
  .UNSPECIFIED.,.F.,.F.,(4,4),(1.,2.),.PIECEWISE_BEZIER_KNOTS.);
#10196 = CARTESIAN_POINT('',(0.96390576106,0.584698857655,0.709999999999
    ));
#10197 = CARTESIAN_POINT('',(0.96390576106,0.578148382782,0.709999999999
    ));
#10198 = CARTESIAN_POINT('',(0.958888929114,0.574873145346,
    0.709999999999));
#10199 = CARTESIAN_POINT('',(0.94888125917,0.574873145346,0.709999999999
    ));
#10200 = ORIENTED_EDGE('',*,*,#9616,.T.);
#10201 = ORIENTED_EDGE('',*,*,#414,.F.);
#10202 = B_SPLINE_SURFACE_WITH_KNOTS('',3,1,(
    (#10203,#10204)
    ,(#10205,#10206)
    ,(#10207,#10208)
    ,(#10209,#10210
    )),.UNSPECIFIED.,.F.,.F.,.F.,(4,4),(2,2),(1.,2.),(0.,1.),
  .PIECEWISE_BEZIER_KNOTS.);
#10203 = CARTESIAN_POINT('',(0.96390576106,0.584698857655,0.709999999999
    ));
#10204 = CARTESIAN_POINT('',(0.96390576106,0.584698857655,0.699999999999
    ));
#10205 = CARTESIAN_POINT('',(0.96390576106,0.578148382782,0.709999999999
    ));
#10206 = CARTESIAN_POINT('',(0.96390576106,0.578148382782,0.699999999999
    ));
#10207 = CARTESIAN_POINT('',(0.958888929114,0.574873145346,
    0.709999999999));
#10208 = CARTESIAN_POINT('',(0.958888929114,0.574873145346,
    0.699999999999));
#10209 = CARTESIAN_POINT('',(0.94888125917,0.574873145346,0.709999999999
    ));
#10210 = CARTESIAN_POINT('',(0.94888125917,0.574873145346,0.699999999999
    ));
#10211 = ADVANCED_FACE('',(#10212),#10235,.F.);
#10212 = FACE_BOUND('',#10213,.T.);
#10213 = EDGE_LOOP('',(#10214,#10215,#10216,#10217,#10218,#10219,#10220,
    #10221,#10222,#10223,#10224,#10225,#10226,#10227,#10228,#10229,
    #10230,#10231,#10232,#10233,#10234));
#10214 = ORIENTED_EDGE('',*,*,#9624,.T.);
#10215 = ORIENTED_EDGE('',*,*,#9661,.T.);
#10216 = ORIENTED_EDGE('',*,*,#9677,.T.);
#10217 = ORIENTED_EDGE('',*,*,#9706,.T.);
#10218 = ORIENTED_EDGE('',*,*,#9735,.T.);
#10219 = ORIENTED_EDGE('',*,*,#9764,.T.);
#10220 = ORIENTED_EDGE('',*,*,#9793,.T.);
#10221 = ORIENTED_EDGE('',*,*,#9822,.T.);
#10222 = ORIENTED_EDGE('',*,*,#9851,.T.);
#10223 = ORIENTED_EDGE('',*,*,#9880,.T.);
#10224 = ORIENTED_EDGE('',*,*,#9909,.T.);
#10225 = ORIENTED_EDGE('',*,*,#9938,.T.);
#10226 = ORIENTED_EDGE('',*,*,#9975,.T.);
#10227 = ORIENTED_EDGE('',*,*,#9991,.T.);
#10228 = ORIENTED_EDGE('',*,*,#10020,.T.);
#10229 = ORIENTED_EDGE('',*,*,#10049,.T.);
#10230 = ORIENTED_EDGE('',*,*,#10078,.T.);
#10231 = ORIENTED_EDGE('',*,*,#10107,.T.);
#10232 = ORIENTED_EDGE('',*,*,#10136,.T.);
#10233 = ORIENTED_EDGE('',*,*,#10165,.T.);
#10234 = ORIENTED_EDGE('',*,*,#10194,.T.);
#10235 = PLANE('',#10236);
#10236 = AXIS2_PLACEMENT_3D('',#10237,#10238,#10239);
#10237 = CARTESIAN_POINT('',(0.938035284405,0.57662773683,0.709999999999
    ));
#10238 = DIRECTION('',(0.,0.,-1.));
#10239 = DIRECTION('',(-1.,0.,0.));
#10240 = ADVANCED_FACE('',(#10241),#10266,.F.);
#10241 = FACE_BOUND('',#10242,.T.);
#10242 = EDGE_LOOP('',(#10243,#10244,#10252,#10260));
#10243 = ORIENTED_EDGE('',*,*,#278,.T.);
#10244 = ORIENTED_EDGE('',*,*,#10245,.F.);
#10245 = EDGE_CURVE('',#10246,#269,#10248,.T.);
#10246 = VERTEX_POINT('',#10247);
#10247 = CARTESIAN_POINT('',(1.040120016327,0.6388182572,0.709999999999)
  );
#10248 = LINE('',#10249,#10250);
#10249 = CARTESIAN_POINT('',(1.040120016327,0.6388182572,0.709999999999)
  );
#10250 = VECTOR('',#10251,1.);
#10251 = DIRECTION('',(0.,0.,-1.));
#10252 = ORIENTED_EDGE('',*,*,#10253,.F.);
#10253 = EDGE_CURVE('',#10254,#10246,#10256,.T.);
#10254 = VERTEX_POINT('',#10255);
#10255 = CARTESIAN_POINT('',(1.053324941864,0.6388182572,0.709999999999)
  );
#10256 = LINE('',#10257,#10258);
#10257 = CARTESIAN_POINT('',(1.040120016327,0.6388182572,0.709999999999)
  );
#10258 = VECTOR('',#10259,1.);
#10259 = DIRECTION('',(-1.,0.,0.));
#10260 = ORIENTED_EDGE('',*,*,#10261,.T.);
#10261 = EDGE_CURVE('',#10254,#279,#10262,.T.);
#10262 = LINE('',#10263,#10264);
#10263 = CARTESIAN_POINT('',(1.053324941864,0.6388182572,0.709999999999)
  );
#10264 = VECTOR('',#10265,1.);
#10265 = DIRECTION('',(0.,0.,-1.));
#10266 = PLANE('',#10267);
#10267 = AXIS2_PLACEMENT_3D('',#10268,#10269,#10270);
#10268 = CARTESIAN_POINT('',(1.040120016327,0.6388182572,0.709999999999)
  );
#10269 = DIRECTION('',(0.,-1.,0.));
#10270 = DIRECTION('',(0.,0.,-1.));
#10271 = ADVANCED_FACE('',(#10272),#10290,.F.);
#10272 = FACE_BOUND('',#10273,.T.);
#10273 = EDGE_LOOP('',(#10274,#10275,#10283,#10289));
#10274 = ORIENTED_EDGE('',*,*,#268,.T.);
#10275 = ORIENTED_EDGE('',*,*,#10276,.F.);
#10276 = EDGE_CURVE('',#10277,#271,#10279,.T.);
#10277 = VERTEX_POINT('',#10278);
#10278 = CARTESIAN_POINT('',(1.020286634073,0.584126990801,
    0.709999999999));
#10279 = LINE('',#10280,#10281);
#10280 = CARTESIAN_POINT('',(1.020286634073,0.584126990801,
    0.709999999999));
#10281 = VECTOR('',#10282,1.);
#10282 = DIRECTION('',(0.,0.,-1.));
#10283 = ORIENTED_EDGE('',*,*,#10284,.F.);
#10284 = EDGE_CURVE('',#10246,#10277,#10285,.T.);
#10285 = LINE('',#10286,#10287);
#10286 = CARTESIAN_POINT('',(1.020286634073,0.584126990801,
    0.709999999999));
#10287 = VECTOR('',#10288,1.);
#10288 = DIRECTION('',(-0.340917796218,-0.9400931104,0.));
#10289 = ORIENTED_EDGE('',*,*,#10245,.T.);
#10290 = PLANE('',#10291);
#10291 = AXIS2_PLACEMENT_3D('',#10292,#10293,#10294);
#10292 = CARTESIAN_POINT('',(1.020286634073,0.584126990801,
    0.709999999999));
#10293 = DIRECTION('',(0.9400931104,-0.340917796218,0.));
#10294 = DIRECTION('',(0.340917796218,0.9400931104,0.));
#10295 = ADVANCED_FACE('',(#10296),#10315,.F.);
#10296 = FACE_BOUND('',#10297,.F.);
#10297 = EDGE_LOOP('',(#10298,#10299,#10308,#10314));
#10298 = ORIENTED_EDGE('',*,*,#10276,.F.);
#10299 = ORIENTED_EDGE('',*,*,#10300,.T.);
#10300 = EDGE_CURVE('',#10277,#10301,#10303,.T.);
#10301 = VERTEX_POINT('',#10302);
#10302 = CARTESIAN_POINT('',(1.018726997198,0.578252358574,
    0.709999999999));
#10303 = B_SPLINE_CURVE_WITH_KNOTS('',3,(#10304,#10305,#10306,#10307),
  .UNSPECIFIED.,.F.,.F.,(4,4),(12.,13.),.PIECEWISE_BEZIER_KNOTS.);
#10304 = CARTESIAN_POINT('',(1.020286634073,0.584126990801,
    0.709999999999));
#10305 = CARTESIAN_POINT('',(1.019506815636,0.581579583907,
    0.709999999999));
#10306 = CARTESIAN_POINT('',(1.018986936677,0.579604043866,
    0.709999999999));
#10307 = CARTESIAN_POINT('',(1.018726997198,0.578252358574,
    0.709999999999));
#10308 = ORIENTED_EDGE('',*,*,#10309,.T.);
#10309 = EDGE_CURVE('',#10301,#379,#10310,.T.);
#10310 = LINE('',#10311,#10312);
#10311 = CARTESIAN_POINT('',(1.018726997198,0.578252358574,
    0.709999999999));
#10312 = VECTOR('',#10313,1.);
#10313 = DIRECTION('',(0.,0.,-1.));
#10314 = ORIENTED_EDGE('',*,*,#386,.F.);
#10315 = B_SPLINE_SURFACE_WITH_KNOTS('',3,1,(
    (#10316,#10317)
    ,(#10318,#10319)
    ,(#10320,#10321)
    ,(#10322,#10323
    )),.UNSPECIFIED.,.F.,.F.,.F.,(4,4),(2,2),(12.,13.),(0.,1.),
  .PIECEWISE_BEZIER_KNOTS.);
#10316 = CARTESIAN_POINT('',(1.020286634073,0.584126990801,
    0.709999999999));
#10317 = CARTESIAN_POINT('',(1.020286634073,0.584126990801,
    0.699999999999));
#10318 = CARTESIAN_POINT('',(1.019506815636,0.581579583907,
    0.709999999999));
#10319 = CARTESIAN_POINT('',(1.019506815636,0.581579583907,
    0.699999999999));
#10320 = CARTESIAN_POINT('',(1.018986936677,0.579604043866,
    0.709999999999));
#10321 = CARTESIAN_POINT('',(1.018986936677,0.579604043866,
    0.699999999999));
#10322 = CARTESIAN_POINT('',(1.018726997198,0.578252358574,
    0.709999999999));
#10323 = CARTESIAN_POINT('',(1.018726997198,0.578252358574,
    0.699999999999));
#10324 = ADVANCED_FACE('',(#10325),#10343,.F.);
#10325 = FACE_BOUND('',#10326,.T.);
#10326 = EDGE_LOOP('',(#10327,#10328,#10336,#10342));
#10327 = ORIENTED_EDGE('',*,*,#378,.T.);
#10328 = ORIENTED_EDGE('',*,*,#10329,.F.);
#10329 = EDGE_CURVE('',#10330,#371,#10332,.T.);
#10330 = VERTEX_POINT('',#10331);
#10331 = CARTESIAN_POINT('',(1.018389075876,0.578252358574,
    0.709999999999));
#10332 = LINE('',#10333,#10334);
#10333 = CARTESIAN_POINT('',(1.018389075876,0.578252358574,
    0.709999999999));
#10334 = VECTOR('',#10335,1.);
#10335 = DIRECTION('',(0.,0.,-1.));
#10336 = ORIENTED_EDGE('',*,*,#10337,.F.);
#10337 = EDGE_CURVE('',#10301,#10330,#10338,.T.);
#10338 = LINE('',#10339,#10340);
#10339 = CARTESIAN_POINT('',(1.018389075876,0.578252358574,
    0.709999999999));
#10340 = VECTOR('',#10341,1.);
#10341 = DIRECTION('',(-1.,0.,0.));
#10342 = ORIENTED_EDGE('',*,*,#10309,.T.);
#10343 = PLANE('',#10344);
#10344 = AXIS2_PLACEMENT_3D('',#10345,#10346,#10347);
#10345 = CARTESIAN_POINT('',(1.018389075876,0.578252358574,
    0.709999999999));
#10346 = DIRECTION('',(0.,-1.,0.));
#10347 = DIRECTION('',(0.,0.,-1.));
#10348 = ADVANCED_FACE('',(#10349),#10367,.F.);
#10349 = FACE_BOUND('',#10350,.T.);
#10350 = EDGE_LOOP('',(#10351,#10352,#10360,#10366));
#10351 = ORIENTED_EDGE('',*,*,#370,.T.);
#10352 = ORIENTED_EDGE('',*,*,#10353,.F.);
#10353 = EDGE_CURVE('',#10354,#363,#10356,.T.);
#10354 = VERTEX_POINT('',#10355);
#10355 = CARTESIAN_POINT('',(1.016829439001,0.584230966593,
    0.709999999999));
#10356 = LINE('',#10357,#10358);
#10357 = CARTESIAN_POINT('',(1.016829439001,0.584230966593,
    0.709999999999));
#10358 = VECTOR('',#10359,1.);
#10359 = DIRECTION('',(0.,0.,-1.));
#10360 = ORIENTED_EDGE('',*,*,#10361,.F.);
#10361 = EDGE_CURVE('',#10330,#10354,#10362,.T.);
#10362 = LINE('',#10363,#10364);
#10363 = CARTESIAN_POINT('',(1.016829439001,0.584230966593,
    0.709999999999));
#10364 = VECTOR('',#10365,1.);
#10365 = DIRECTION('',(-0.252421897187,0.967617272386,0.));
#10366 = ORIENTED_EDGE('',*,*,#10329,.T.);
#10367 = PLANE('',#10368);
#10368 = AXIS2_PLACEMENT_3D('',#10369,#10370,#10371);
#10369 = CARTESIAN_POINT('',(1.016829439001,0.584230966593,
    0.709999999999));
#10370 = DIRECTION('',(-0.967617272386,-0.252421897187,0.));
#10371 = DIRECTION('',(0.252421897187,-0.967617272386,0.));
#10372 = ADVANCED_FACE('',(#10373),#10391,.F.);
#10373 = FACE_BOUND('',#10374,.T.);
#10374 = EDGE_LOOP('',(#10375,#10376,#10384,#10390));
#10375 = ORIENTED_EDGE('',*,*,#362,.T.);
#10376 = ORIENTED_EDGE('',*,*,#10377,.F.);
#10377 = EDGE_CURVE('',#10378,#355,#10380,.T.);
#10378 = VERTEX_POINT('',#10379);
#10379 = CARTESIAN_POINT('',(0.997853857028,0.6388182572,0.709999999999)
  );
#10380 = LINE('',#10381,#10382);
#10381 = CARTESIAN_POINT('',(0.997853857028,0.6388182572,0.709999999999)
  );
#10382 = VECTOR('',#10383,1.);
#10383 = DIRECTION('',(0.,0.,-1.));
#10384 = ORIENTED_EDGE('',*,*,#10385,.F.);
#10385 = EDGE_CURVE('',#10354,#10378,#10386,.T.);
#10386 = LINE('',#10387,#10388);
#10387 = CARTESIAN_POINT('',(0.997853857028,0.6388182572,0.709999999999)
  );
#10388 = VECTOR('',#10389,1.);
#10389 = DIRECTION('',(-0.328346164812,0.94455746043,0.));
#10390 = ORIENTED_EDGE('',*,*,#10353,.T.);
#10391 = PLANE('',#10392);
#10392 = AXIS2_PLACEMENT_3D('',#10393,#10394,#10395);
#10393 = CARTESIAN_POINT('',(0.997853857028,0.6388182572,0.709999999999)
  );
#10394 = DIRECTION('',(-0.94455746043,-0.328346164812,0.));
#10395 = DIRECTION('',(0.328346164812,-0.94455746043,0.));
#10396 = ADVANCED_FACE('',(#10397),#10415,.F.);
#10397 = FACE_BOUND('',#10398,.T.);
#10398 = EDGE_LOOP('',(#10399,#10400,#10408,#10414));
#10399 = ORIENTED_EDGE('',*,*,#354,.T.);
#10400 = ORIENTED_EDGE('',*,*,#10401,.F.);
#10401 = EDGE_CURVE('',#10402,#347,#10404,.T.);
#10402 = VERTEX_POINT('',#10403);
#10403 = CARTESIAN_POINT('',(0.983609173575,0.6388182572,0.709999999999)
  );
#10404 = LINE('',#10405,#10406);
#10405 = CARTESIAN_POINT('',(0.983609173575,0.6388182572,0.709999999999)
  );
#10406 = VECTOR('',#10407,1.);
#10407 = DIRECTION('',(0.,0.,-1.));
#10408 = ORIENTED_EDGE('',*,*,#10409,.F.);
#10409 = EDGE_CURVE('',#10378,#10402,#10410,.T.);
#10410 = LINE('',#10411,#10412);
#10411 = CARTESIAN_POINT('',(0.983609173575,0.6388182572,0.709999999999)
  );
#10412 = VECTOR('',#10413,1.);
#10413 = DIRECTION('',(-1.,0.,0.));
#10414 = ORIENTED_EDGE('',*,*,#10377,.T.);
#10415 = PLANE('',#10416);
#10416 = AXIS2_PLACEMENT_3D('',#10417,#10418,#10419);
#10417 = CARTESIAN_POINT('',(0.983609173575,0.6388182572,0.709999999999)
  );
#10418 = DIRECTION('',(0.,-1.,0.));
#10419 = DIRECTION('',(0.,0.,-1.));
#10420 = ADVANCED_FACE('',(#10421),#10439,.F.);
#10421 = FACE_BOUND('',#10422,.T.);
#10422 = EDGE_LOOP('',(#10423,#10424,#10432,#10438));
#10423 = ORIENTED_EDGE('',*,*,#346,.T.);
#10424 = ORIENTED_EDGE('',*,*,#10425,.F.);
#10425 = EDGE_CURVE('',#10426,#339,#10428,.T.);
#10426 = VERTEX_POINT('',#10427);
#10427 = CARTESIAN_POINT('',(1.012098540482,0.566347130433,
    0.709999999999));
#10428 = LINE('',#10429,#10430);
#10429 = CARTESIAN_POINT('',(1.012098540482,0.566347130433,
    0.709999999999));
#10430 = VECTOR('',#10431,1.);
#10431 = DIRECTION('',(0.,0.,-1.));
#10432 = ORIENTED_EDGE('',*,*,#10433,.F.);
#10433 = EDGE_CURVE('',#10402,#10426,#10434,.T.);
#10434 = LINE('',#10435,#10436);
#10435 = CARTESIAN_POINT('',(1.012098540482,0.566347130433,
    0.709999999999));
#10436 = VECTOR('',#10437,1.);
#10437 = DIRECTION('',(0.365858921669,-0.930670322636,0.));
#10438 = ORIENTED_EDGE('',*,*,#10401,.T.);
#10439 = PLANE('',#10440);
#10440 = AXIS2_PLACEMENT_3D('',#10441,#10442,#10443);
#10441 = CARTESIAN_POINT('',(1.012098540482,0.566347130433,
    0.709999999999));
#10442 = DIRECTION('',(0.930670322636,0.365858921669,0.));
#10443 = DIRECTION('',(-0.365858921669,0.930670322636,0.));
#10444 = ADVANCED_FACE('',(#10445),#10463,.F.);
#10445 = FACE_BOUND('',#10446,.T.);
#10446 = EDGE_LOOP('',(#10447,#10448,#10456,#10462));
#10447 = ORIENTED_EDGE('',*,*,#338,.T.);
#10448 = ORIENTED_EDGE('',*,*,#10449,.F.);
#10449 = EDGE_CURVE('',#10450,#330,#10452,.T.);
#10450 = VERTEX_POINT('',#10451);
#10451 = CARTESIAN_POINT('',(1.006509841682,0.553142204895,
    0.709999999999));
#10452 = LINE('',#10453,#10454);
#10453 = CARTESIAN_POINT('',(1.006509841682,0.553142204895,
    0.709999999999));
#10454 = VECTOR('',#10455,1.);
#10455 = DIRECTION('',(0.,0.,-1.));
#10456 = ORIENTED_EDGE('',*,*,#10457,.F.);
#10457 = EDGE_CURVE('',#10426,#10450,#10458,.T.);
#10458 = LINE('',#10459,#10460);
#10459 = CARTESIAN_POINT('',(1.006509841682,0.553142204895,
    0.709999999999));
#10460 = VECTOR('',#10461,1.);
#10461 = DIRECTION('',(-0.389758265065,-0.920917203017,0.));
#10462 = ORIENTED_EDGE('',*,*,#10425,.T.);
#10463 = PLANE('',#10464);
#10464 = AXIS2_PLACEMENT_3D('',#10465,#10466,#10467);
#10465 = CARTESIAN_POINT('',(1.006509841682,0.553142204895,
    0.709999999999));
#10466 = DIRECTION('',(0.920917203017,-0.389758265065,0.));
#10467 = DIRECTION('',(0.389758265065,0.920917203017,0.));
#10468 = ADVANCED_FACE('',(#10469),#10488,.F.);
#10469 = FACE_BOUND('',#10470,.F.);
#10470 = EDGE_LOOP('',(#10471,#10472,#10481,#10487));
#10471 = ORIENTED_EDGE('',*,*,#10449,.F.);
#10472 = ORIENTED_EDGE('',*,*,#10473,.T.);
#10473 = EDGE_CURVE('',#10450,#10474,#10476,.T.);
#10474 = VERTEX_POINT('',#10475);
#10475 = CARTESIAN_POINT('',(0.993460879832,0.542900589419,
    0.709999999999));
#10476 = B_SPLINE_CURVE_WITH_KNOTS('',3,(#10477,#10478,#10479,#10480),
  .UNSPECIFIED.,.F.,.F.,(4,4),(5.,6.),.PIECEWISE_BEZIER_KNOTS.);
#10477 = CARTESIAN_POINT('',(1.006509841682,0.553142204895,
    0.709999999999));
#10478 = CARTESIAN_POINT('',(1.003624513464,0.546279802648,
    0.709999999999));
#10479 = CARTESIAN_POINT('',(0.999283524163,0.542900589419,
    0.709999999999));
#10480 = CARTESIAN_POINT('',(0.993460879832,0.542900589419,
    0.709999999999));
#10481 = ORIENTED_EDGE('',*,*,#10482,.T.);
#10482 = EDGE_CURVE('',#10474,#321,#10483,.T.);
#10483 = LINE('',#10484,#10485);
#10484 = CARTESIAN_POINT('',(0.993460879832,0.542900589419,
    0.709999999999));
#10485 = VECTOR('',#10486,1.);
#10486 = DIRECTION('',(0.,0.,-1.));
#10487 = ORIENTED_EDGE('',*,*,#329,.F.);
#10488 = B_SPLINE_SURFACE_WITH_KNOTS('',3,1,(
    (#10489,#10490)
    ,(#10491,#10492)
    ,(#10493,#10494)
    ,(#10495,#10496
    )),.UNSPECIFIED.,.F.,.F.,.F.,(4,4),(2,2),(5.,6.),(0.,1.),
  .PIECEWISE_BEZIER_KNOTS.);
#10489 = CARTESIAN_POINT('',(1.006509841682,0.553142204895,
    0.709999999999));
#10490 = CARTESIAN_POINT('',(1.006509841682,0.553142204895,
    0.699999999999));
#10491 = CARTESIAN_POINT('',(1.003624513464,0.546279802648,
    0.709999999999));
#10492 = CARTESIAN_POINT('',(1.003624513464,0.546279802648,
    0.699999999999));
#10493 = CARTESIAN_POINT('',(0.999283524163,0.542900589419,
    0.709999999999));
#10494 = CARTESIAN_POINT('',(0.999283524163,0.542900589419,
    0.699999999999));
#10495 = CARTESIAN_POINT('',(0.993460879832,0.542900589419,
    0.709999999999));
#10496 = CARTESIAN_POINT('',(0.993460879832,0.542900589419,
    0.699999999999));
#10497 = ADVANCED_FACE('',(#10498),#10517,.F.);
#10498 = FACE_BOUND('',#10499,.F.);
#10499 = EDGE_LOOP('',(#10500,#10501,#10510,#10516));
#10500 = ORIENTED_EDGE('',*,*,#10482,.F.);
#10501 = ORIENTED_EDGE('',*,*,#10502,.T.);
#10502 = EDGE_CURVE('',#10474,#10503,#10505,.T.);
#10503 = VERTEX_POINT('',#10504);
#10504 = CARTESIAN_POINT('',(0.986234562314,0.544356250503,
    0.709999999999));
#10505 = B_SPLINE_CURVE_WITH_KNOTS('',3,(#10506,#10507,#10508,#10509),
  .UNSPECIFIED.,.F.,.F.,(4,4),(4.,5.),.PIECEWISE_BEZIER_KNOTS.);
#10506 = CARTESIAN_POINT('',(0.993460879832,0.542900589419,
    0.709999999999));
#10507 = CARTESIAN_POINT('',(0.99112142452,0.542900589419,0.709999999999
    ));
#10508 = CARTESIAN_POINT('',(0.988729981313,0.543368480482,
    0.709999999999));
#10509 = CARTESIAN_POINT('',(0.986234562314,0.544356250503,
    0.709999999999));
#10510 = ORIENTED_EDGE('',*,*,#10511,.T.);
#10511 = EDGE_CURVE('',#10503,#313,#10512,.T.);
#10512 = LINE('',#10513,#10514);
#10513 = CARTESIAN_POINT('',(0.986234562314,0.544356250503,
    0.709999999999));
#10514 = VECTOR('',#10515,1.);
#10515 = DIRECTION('',(0.,0.,-1.));
#10516 = ORIENTED_EDGE('',*,*,#320,.F.);
#10517 = B_SPLINE_SURFACE_WITH_KNOTS('',3,1,(
    (#10518,#10519)
    ,(#10520,#10521)
    ,(#10522,#10523)
    ,(#10524,#10525
    )),.UNSPECIFIED.,.F.,.F.,.F.,(4,4),(2,2),(4.,5.),(0.,1.),
  .PIECEWISE_BEZIER_KNOTS.);
#10518 = CARTESIAN_POINT('',(0.993460879832,0.542900589419,
    0.709999999999));
#10519 = CARTESIAN_POINT('',(0.993460879832,0.542900589419,
    0.699999999999));
#10520 = CARTESIAN_POINT('',(0.99112142452,0.542900589419,0.709999999999
    ));
#10521 = CARTESIAN_POINT('',(0.99112142452,0.542900589419,0.699999999999
    ));
#10522 = CARTESIAN_POINT('',(0.988729981313,0.543368480482,
    0.709999999999));
#10523 = CARTESIAN_POINT('',(0.988729981313,0.543368480482,
    0.699999999999));
#10524 = CARTESIAN_POINT('',(0.986234562314,0.544356250503,
    0.709999999999));
#10525 = CARTESIAN_POINT('',(0.986234562314,0.544356250503,
    0.699999999999));
#10526 = ADVANCED_FACE('',(#10527),#10545,.F.);
#10527 = FACE_BOUND('',#10528,.T.);
#10528 = EDGE_LOOP('',(#10529,#10530,#10538,#10544));
#10529 = ORIENTED_EDGE('',*,*,#312,.T.);
#10530 = ORIENTED_EDGE('',*,*,#10531,.F.);
#10531 = EDGE_CURVE('',#10532,#304,#10534,.T.);
#10532 = VERTEX_POINT('',#10533);
#10533 = CARTESIAN_POINT('',(0.986234562314,0.533022889214,
    0.709999999999));
#10534 = LINE('',#10535,#10536);
#10535 = CARTESIAN_POINT('',(0.986234562314,0.533022889214,
    0.709999999999));
#10536 = VECTOR('',#10537,1.);
#10537 = DIRECTION('',(0.,0.,-1.));
#10538 = ORIENTED_EDGE('',*,*,#10539,.F.);
#10539 = EDGE_CURVE('',#10503,#10532,#10540,.T.);
#10540 = LINE('',#10541,#10542);
#10541 = CARTESIAN_POINT('',(0.986234562314,0.533022889214,
    0.709999999999));
#10542 = VECTOR('',#10543,1.);
#10543 = DIRECTION('',(0.,-1.,0.));
#10544 = ORIENTED_EDGE('',*,*,#10511,.T.);
#10545 = PLANE('',#10546);
#10546 = AXIS2_PLACEMENT_3D('',#10547,#10548,#10549);
#10547 = CARTESIAN_POINT('',(0.986234562314,0.533022889214,
    0.709999999999));
#10548 = DIRECTION('',(1.,0.,0.));
#10549 = DIRECTION('',(0.,0.,-1.));
#10550 = ADVANCED_FACE('',(#10551),#10570,.F.);
#10551 = FACE_BOUND('',#10552,.F.);
#10552 = EDGE_LOOP('',(#10553,#10554,#10563,#10569));
#10553 = ORIENTED_EDGE('',*,*,#10531,.F.);
#10554 = ORIENTED_EDGE('',*,*,#10555,.T.);
#10555 = EDGE_CURVE('',#10532,#10556,#10558,.T.);
#10556 = VERTEX_POINT('',#10557);
#10557 = CARTESIAN_POINT('',(0.994448649852,0.531983131298,
    0.709999999999));
#10558 = B_SPLINE_CURVE_WITH_KNOTS('',3,(#10559,#10560,#10561,#10562),
  .UNSPECIFIED.,.F.,.F.,(4,4),(2.,3.),.PIECEWISE_BEZIER_KNOTS.);
#10559 = CARTESIAN_POINT('',(0.986234562314,0.533022889214,
    0.709999999999));
#10560 = CARTESIAN_POINT('',(0.988496035781,0.532347046569,
    0.709999999999));
#10561 = CARTESIAN_POINT('',(0.99125139426,0.531983131298,0.709999999999
    ));
#10562 = CARTESIAN_POINT('',(0.994448649852,0.531983131298,
    0.709999999999));
#10563 = ORIENTED_EDGE('',*,*,#10564,.T.);
#10564 = EDGE_CURVE('',#10556,#295,#10565,.T.);
#10565 = LINE('',#10566,#10567);
#10566 = CARTESIAN_POINT('',(0.994448649852,0.531983131298,
    0.709999999999));
#10567 = VECTOR('',#10568,1.);
#10568 = DIRECTION('',(0.,0.,-1.));
#10569 = ORIENTED_EDGE('',*,*,#303,.F.);
#10570 = B_SPLINE_SURFACE_WITH_KNOTS('',3,1,(
    (#10571,#10572)
    ,(#10573,#10574)
    ,(#10575,#10576)
    ,(#10577,#10578
    )),.UNSPECIFIED.,.F.,.F.,.F.,(4,4),(2,2),(2.,3.),(0.,1.),
  .PIECEWISE_BEZIER_KNOTS.);
#10571 = CARTESIAN_POINT('',(0.986234562314,0.533022889214,
    0.709999999999));
#10572 = CARTESIAN_POINT('',(0.986234562314,0.533022889214,
    0.699999999999));
#10573 = CARTESIAN_POINT('',(0.988496035781,0.532347046569,
    0.709999999999));
#10574 = CARTESIAN_POINT('',(0.988496035781,0.532347046569,
    0.699999999999));
#10575 = CARTESIAN_POINT('',(0.99125139426,0.531983131298,0.709999999999
    ));
#10576 = CARTESIAN_POINT('',(0.99125139426,0.531983131298,0.699999999999
    ));
#10577 = CARTESIAN_POINT('',(0.994448649852,0.531983131298,
    0.709999999999));
#10578 = CARTESIAN_POINT('',(0.994448649852,0.531983131298,
    0.699999999999));
#10579 = ADVANCED_FACE('',(#10580),#10599,.F.);
#10580 = FACE_BOUND('',#10581,.F.);
#10581 = EDGE_LOOP('',(#10582,#10583,#10592,#10598));
#10582 = ORIENTED_EDGE('',*,*,#10564,.F.);
#10583 = ORIENTED_EDGE('',*,*,#10584,.T.);
#10584 = EDGE_CURVE('',#10556,#10585,#10587,.T.);
#10585 = VERTEX_POINT('',#10586);
#10586 = CARTESIAN_POINT('',(1.020364615917,0.555221720728,
    0.709999999999));
#10587 = B_SPLINE_CURVE_WITH_KNOTS('',3,(#10588,#10589,#10590,#10591),
  .UNSPECIFIED.,.F.,.F.,(4,4),(1.,2.),.PIECEWISE_BEZIER_KNOTS.);
#10588 = CARTESIAN_POINT('',(0.994448649852,0.531983131298,
    0.709999999999));
#10589 = CARTESIAN_POINT('',(1.005600053505,0.531983131298,
    0.709999999999));
#10590 = CARTESIAN_POINT('',(1.01423004421,0.539729327775,0.709999999999
    ));
#10591 = CARTESIAN_POINT('',(1.020364615917,0.555221720728,
    0.709999999999));
#10592 = ORIENTED_EDGE('',*,*,#10593,.T.);
#10593 = EDGE_CURVE('',#10585,#287,#10594,.T.);
#10594 = LINE('',#10595,#10596);
#10595 = CARTESIAN_POINT('',(1.020364615917,0.555221720728,
    0.709999999999));
#10596 = VECTOR('',#10597,1.);
#10597 = DIRECTION('',(0.,0.,-1.));
#10598 = ORIENTED_EDGE('',*,*,#294,.F.);
#10599 = B_SPLINE_SURFACE_WITH_KNOTS('',3,1,(
    (#10600,#10601)
    ,(#10602,#10603)
    ,(#10604,#10605)
    ,(#10606,#10607
    )),.UNSPECIFIED.,.F.,.F.,.F.,(4,4),(2,2),(1.,2.),(0.,1.),
  .PIECEWISE_BEZIER_KNOTS.);
#10600 = CARTESIAN_POINT('',(0.994448649852,0.531983131298,
    0.709999999999));
#10601 = CARTESIAN_POINT('',(0.994448649852,0.531983131298,
    0.699999999999));
#10602 = CARTESIAN_POINT('',(1.005600053505,0.531983131298,
    0.709999999999));
#10603 = CARTESIAN_POINT('',(1.005600053505,0.531983131298,
    0.699999999999));
#10604 = CARTESIAN_POINT('',(1.01423004421,0.539729327775,0.709999999999
    ));
#10605 = CARTESIAN_POINT('',(1.01423004421,0.539729327775,0.699999999999
    ));
#10606 = CARTESIAN_POINT('',(1.020364615917,0.555221720728,
    0.709999999999));
#10607 = CARTESIAN_POINT('',(1.020364615917,0.555221720728,
    0.699999999999));
#10608 = ADVANCED_FACE('',(#10609),#10620,.F.);
#10609 = FACE_BOUND('',#10610,.T.);
#10610 = EDGE_LOOP('',(#10611,#10612,#10613,#10619));
#10611 = ORIENTED_EDGE('',*,*,#286,.T.);
#10612 = ORIENTED_EDGE('',*,*,#10261,.F.);
#10613 = ORIENTED_EDGE('',*,*,#10614,.F.);
#10614 = EDGE_CURVE('',#10585,#10254,#10615,.T.);
#10615 = LINE('',#10616,#10617);
#10616 = CARTESIAN_POINT('',(1.053324941864,0.6388182572,0.709999999999)
  );
#10617 = VECTOR('',#10618,1.);
#10618 = DIRECTION('',(0.36679767895,0.930300737781,0.));
#10619 = ORIENTED_EDGE('',*,*,#10593,.T.);
#10620 = PLANE('',#10621);
#10621 = AXIS2_PLACEMENT_3D('',#10622,#10623,#10624);
#10622 = CARTESIAN_POINT('',(1.053324941864,0.6388182572,0.709999999999)
  );
#10623 = DIRECTION('',(-0.930300737781,0.36679767895,0.));
#10624 = DIRECTION('',(-0.36679767895,-0.930300737781,0.));
#10625 = ADVANCED_FACE('',(#10626),#10643,.T.);
#10626 = FACE_BOUND('',#10627,.T.);
#10627 = EDGE_LOOP('',(#10628,#10629,#10630,#10631,#10632,#10633,#10634,
    #10635,#10636,#10637,#10638,#10639,#10640,#10641,#10642));
#10628 = ORIENTED_EDGE('',*,*,#10253,.T.);
#10629 = ORIENTED_EDGE('',*,*,#10284,.T.);
#10630 = ORIENTED_EDGE('',*,*,#10300,.T.);
#10631 = ORIENTED_EDGE('',*,*,#10337,.T.);
#10632 = ORIENTED_EDGE('',*,*,#10361,.T.);
#10633 = ORIENTED_EDGE('',*,*,#10385,.T.);
#10634 = ORIENTED_EDGE('',*,*,#10409,.T.);
#10635 = ORIENTED_EDGE('',*,*,#10433,.T.);
#10636 = ORIENTED_EDGE('',*,*,#10457,.T.);
#10637 = ORIENTED_EDGE('',*,*,#10473,.T.);
#10638 = ORIENTED_EDGE('',*,*,#10502,.T.);
#10639 = ORIENTED_EDGE('',*,*,#10539,.T.);
#10640 = ORIENTED_EDGE('',*,*,#10555,.T.);
#10641 = ORIENTED_EDGE('',*,*,#10584,.T.);
#10642 = ORIENTED_EDGE('',*,*,#10614,.T.);
#10643 = PLANE('',#10644);
#10644 = AXIS2_PLACEMENT_3D('',#10645,#10646,#10647);
#10645 = CARTESIAN_POINT('',(1.009287944864,0.537792778655,
    0.709999999999));
#10646 = DIRECTION('',(0.,0.,1.));
#10647 = DIRECTION('',(1.,0.,-0.));
#10648 = ADVANCED_FACE('',(#10649),#10674,.F.);
#10649 = FACE_BOUND('',#10650,.T.);
#10650 = EDGE_LOOP('',(#10651,#10652,#10660,#10668));
#10651 = ORIENTED_EDGE('',*,*,#180,.T.);
#10652 = ORIENTED_EDGE('',*,*,#10653,.F.);
#10653 = EDGE_CURVE('',#10654,#171,#10656,.T.);
#10654 = VERTEX_POINT('',#10655);
#10655 = CARTESIAN_POINT('',(1.121741012758,0.577784467512,
    0.709999999999));
#10656 = LINE('',#10657,#10658);
#10657 = CARTESIAN_POINT('',(1.121741012758,0.577784467512,
    0.709999999999));
#10658 = VECTOR('',#10659,1.);
#10659 = DIRECTION('',(0.,0.,-1.));
#10660 = ORIENTED_EDGE('',*,*,#10661,.F.);
#10661 = EDGE_CURVE('',#10662,#10654,#10664,.T.);
#10662 = VERTEX_POINT('',#10663);
#10663 = CARTESIAN_POINT('',(1.121741012758,0.566191166745,
    0.709999999999));
#10664 = LINE('',#10665,#10666);
#10665 = CARTESIAN_POINT('',(1.121741012758,0.577784467512,
    0.709999999999));
#10666 = VECTOR('',#10667,1.);
#10667 = DIRECTION('',(0.,1.,0.));
#10668 = ORIENTED_EDGE('',*,*,#10669,.T.);
#10669 = EDGE_CURVE('',#10662,#181,#10670,.T.);
#10670 = LINE('',#10671,#10672);
#10671 = CARTESIAN_POINT('',(1.121741012758,0.566191166745,
    0.709999999999));
#10672 = VECTOR('',#10673,1.);
#10673 = DIRECTION('',(0.,0.,-1.));
#10674 = PLANE('',#10675);
#10675 = AXIS2_PLACEMENT_3D('',#10676,#10677,#10678);
#10676 = CARTESIAN_POINT('',(1.121741012758,0.577784467512,
    0.709999999999));
#10677 = DIRECTION('',(-1.,0.,0.));
#10678 = DIRECTION('',(0.,0.,1.));
#10679 = ADVANCED_FACE('',(#10680),#10698,.F.);
#10680 = FACE_BOUND('',#10681,.T.);
#10681 = EDGE_LOOP('',(#10682,#10683,#10691,#10697));
#10682 = ORIENTED_EDGE('',*,*,#170,.T.);
#10683 = ORIENTED_EDGE('',*,*,#10684,.F.);
#10684 = EDGE_CURVE('',#10685,#173,#10687,.T.);
#10685 = VERTEX_POINT('',#10686);
#10686 = CARTESIAN_POINT('',(1.080176690053,0.577784467512,
    0.709999999999));
#10687 = LINE('',#10688,#10689);
#10688 = CARTESIAN_POINT('',(1.080176690053,0.577784467512,
    0.709999999999));
#10689 = VECTOR('',#10690,1.);
#10690 = DIRECTION('',(0.,0.,-1.));
#10691 = ORIENTED_EDGE('',*,*,#10692,.F.);
#10692 = EDGE_CURVE('',#10654,#10685,#10693,.T.);
#10693 = LINE('',#10694,#10695);
#10694 = CARTESIAN_POINT('',(1.080176690053,0.577784467512,
    0.709999999999));
#10695 = VECTOR('',#10696,1.);
#10696 = DIRECTION('',(-1.,0.,0.));
#10697 = ORIENTED_EDGE('',*,*,#10653,.T.);
#10698 = PLANE('',#10699);
#10699 = AXIS2_PLACEMENT_3D('',#10700,#10701,#10702);
#10700 = CARTESIAN_POINT('',(1.080176690053,0.577784467512,
    0.709999999999));
#10701 = DIRECTION('',(0.,-1.,0.));
#10702 = DIRECTION('',(0.,0.,-1.));
#10703 = ADVANCED_FACE('',(#10704),#10722,.F.);
#10704 = FACE_BOUND('',#10705,.T.);
#10705 = EDGE_LOOP('',(#10706,#10707,#10715,#10721));
#10706 = ORIENTED_EDGE('',*,*,#260,.T.);
#10707 = ORIENTED_EDGE('',*,*,#10708,.F.);
#10708 = EDGE_CURVE('',#10709,#253,#10711,.T.);
#10709 = VERTEX_POINT('',#10710);
#10710 = CARTESIAN_POINT('',(1.080176690053,0.611992502959,
    0.709999999999));
#10711 = LINE('',#10712,#10713);
#10712 = CARTESIAN_POINT('',(1.080176690053,0.611992502959,
    0.709999999999));
#10713 = VECTOR('',#10714,1.);
#10714 = DIRECTION('',(0.,0.,-1.));
#10715 = ORIENTED_EDGE('',*,*,#10716,.F.);
#10716 = EDGE_CURVE('',#10685,#10709,#10717,.T.);
#10717 = LINE('',#10718,#10719);
#10718 = CARTESIAN_POINT('',(1.080176690053,0.611992502959,
    0.709999999999));
#10719 = VECTOR('',#10720,1.);
#10720 = DIRECTION('',(0.,1.,0.));
#10721 = ORIENTED_EDGE('',*,*,#10684,.T.);
#10722 = PLANE('',#10723);
#10723 = AXIS2_PLACEMENT_3D('',#10724,#10725,#10726);
#10724 = CARTESIAN_POINT('',(1.080176690053,0.611992502959,
    0.709999999999));
#10725 = DIRECTION('',(-1.,0.,0.));
#10726 = DIRECTION('',(0.,0.,1.));
#10727 = ADVANCED_FACE('',(#10728),#10746,.F.);
#10728 = FACE_BOUND('',#10729,.T.);
#10729 = EDGE_LOOP('',(#10730,#10731,#10739,#10745));
#10730 = ORIENTED_EDGE('',*,*,#252,.T.);
#10731 = ORIENTED_EDGE('',*,*,#10732,.F.);
#10732 = EDGE_CURVE('',#10733,#245,#10735,.T.);
#10733 = VERTEX_POINT('',#10734);
#10734 = CARTESIAN_POINT('',(1.116542223176,0.611992502959,
    0.709999999999));
#10735 = LINE('',#10736,#10737);
#10736 = CARTESIAN_POINT('',(1.116542223176,0.611992502959,
    0.709999999999));
#10737 = VECTOR('',#10738,1.);
#10738 = DIRECTION('',(0.,0.,-1.));
#10739 = ORIENTED_EDGE('',*,*,#10740,.F.);
#10740 = EDGE_CURVE('',#10709,#10733,#10741,.T.);
#10741 = LINE('',#10742,#10743);
#10742 = CARTESIAN_POINT('',(1.116542223176,0.611992502959,
    0.709999999999));
#10743 = VECTOR('',#10744,1.);
#10744 = DIRECTION('',(1.,0.,0.));
#10745 = ORIENTED_EDGE('',*,*,#10708,.T.);
#10746 = PLANE('',#10747);
#10747 = AXIS2_PLACEMENT_3D('',#10748,#10749,#10750);
#10748 = CARTESIAN_POINT('',(1.116542223176,0.611992502959,
    0.709999999999));
#10749 = DIRECTION('',(0.,1.,0.));
#10750 = DIRECTION('',(0.,-0.,1.));
#10751 = ADVANCED_FACE('',(#10752),#10770,.F.);
#10752 = FACE_BOUND('',#10753,.T.);
#10753 = EDGE_LOOP('',(#10754,#10755,#10763,#10769));
#10754 = ORIENTED_EDGE('',*,*,#244,.T.);
#10755 = ORIENTED_EDGE('',*,*,#10756,.F.);
#10756 = EDGE_CURVE('',#10757,#237,#10759,.T.);
#10757 = VERTEX_POINT('',#10758);
#10758 = CARTESIAN_POINT('',(1.116542223176,0.623637791621,
    0.709999999999));
#10759 = LINE('',#10760,#10761);
#10760 = CARTESIAN_POINT('',(1.116542223176,0.623637791621,
    0.709999999999));
#10761 = VECTOR('',#10762,1.);
#10762 = DIRECTION('',(0.,0.,-1.));
#10763 = ORIENTED_EDGE('',*,*,#10764,.F.);
#10764 = EDGE_CURVE('',#10733,#10757,#10765,.T.);
#10765 = LINE('',#10766,#10767);
#10766 = CARTESIAN_POINT('',(1.116542223176,0.623637791621,
    0.709999999999));
#10767 = VECTOR('',#10768,1.);
#10768 = DIRECTION('',(0.,1.,0.));
#10769 = ORIENTED_EDGE('',*,*,#10732,.T.);
#10770 = PLANE('',#10771);
#10771 = AXIS2_PLACEMENT_3D('',#10772,#10773,#10774);
#10772 = CARTESIAN_POINT('',(1.116542223176,0.623637791621,
    0.709999999999));
#10773 = DIRECTION('',(-1.,0.,0.));
#10774 = DIRECTION('',(0.,0.,1.));
#10775 = ADVANCED_FACE('',(#10776),#10794,.F.);
#10776 = FACE_BOUND('',#10777,.T.);
#10777 = EDGE_LOOP('',(#10778,#10779,#10787,#10793));
#10778 = ORIENTED_EDGE('',*,*,#236,.T.);
#10779 = ORIENTED_EDGE('',*,*,#10780,.F.);
#10780 = EDGE_CURVE('',#10781,#229,#10783,.T.);
#10781 = VERTEX_POINT('',#10782);
#10782 = CARTESIAN_POINT('',(1.080176690053,0.623637791621,
    0.709999999999));
#10783 = LINE('',#10784,#10785);
#10784 = CARTESIAN_POINT('',(1.080176690053,0.623637791621,
    0.709999999999));
#10785 = VECTOR('',#10786,1.);
#10786 = DIRECTION('',(0.,0.,-1.));
#10787 = ORIENTED_EDGE('',*,*,#10788,.F.);
#10788 = EDGE_CURVE('',#10757,#10781,#10789,.T.);
#10789 = LINE('',#10790,#10791);
#10790 = CARTESIAN_POINT('',(1.080176690053,0.623637791621,
    0.709999999999));
#10791 = VECTOR('',#10792,1.);
#10792 = DIRECTION('',(-1.,0.,0.));
#10793 = ORIENTED_EDGE('',*,*,#10756,.T.);
#10794 = PLANE('',#10795);
#10795 = AXIS2_PLACEMENT_3D('',#10796,#10797,#10798);
#10796 = CARTESIAN_POINT('',(1.080176690053,0.623637791621,
    0.709999999999));
#10797 = DIRECTION('',(0.,-1.,0.));
#10798 = DIRECTION('',(0.,0.,-1.));
#10799 = ADVANCED_FACE('',(#10800),#10818,.F.);
#10800 = FACE_BOUND('',#10801,.T.);
#10801 = EDGE_LOOP('',(#10802,#10803,#10811,#10817));
#10802 = ORIENTED_EDGE('',*,*,#228,.T.);
#10803 = ORIENTED_EDGE('',*,*,#10804,.F.);
#10804 = EDGE_CURVE('',#10805,#221,#10807,.T.);
#10805 = VERTEX_POINT('',#10806);
#10806 = CARTESIAN_POINT('',(1.080176690053,0.656182214402,
    0.709999999999));
#10807 = LINE('',#10808,#10809);
#10808 = CARTESIAN_POINT('',(1.080176690053,0.656182214402,
    0.709999999999));
#10809 = VECTOR('',#10810,1.);
#10810 = DIRECTION('',(0.,0.,-1.));
#10811 = ORIENTED_EDGE('',*,*,#10812,.F.);
#10812 = EDGE_CURVE('',#10781,#10805,#10813,.T.);
#10813 = LINE('',#10814,#10815);
#10814 = CARTESIAN_POINT('',(1.080176690053,0.656182214402,
    0.709999999999));
#10815 = VECTOR('',#10816,1.);
#10816 = DIRECTION('',(0.,1.,0.));
#10817 = ORIENTED_EDGE('',*,*,#10780,.T.);
#10818 = PLANE('',#10819);
#10819 = AXIS2_PLACEMENT_3D('',#10820,#10821,#10822);
#10820 = CARTESIAN_POINT('',(1.080176690053,0.656182214402,
    0.709999999999));
#10821 = DIRECTION('',(-1.,0.,0.));
#10822 = DIRECTION('',(0.,0.,1.));
#10823 = ADVANCED_FACE('',(#10824),#10842,.F.);
#10824 = FACE_BOUND('',#10825,.T.);
#10825 = EDGE_LOOP('',(#10826,#10827,#10835,#10841));
#10826 = ORIENTED_EDGE('',*,*,#220,.T.);
#10827 = ORIENTED_EDGE('',*,*,#10828,.F.);
#10828 = EDGE_CURVE('',#10829,#213,#10831,.T.);
#10829 = VERTEX_POINT('',#10830);
#10830 = CARTESIAN_POINT('',(1.119427551394,0.656182214402,
    0.709999999999));
#10831 = LINE('',#10832,#10833);
#10832 = CARTESIAN_POINT('',(1.119427551394,0.656182214402,
    0.709999999999));
#10833 = VECTOR('',#10834,1.);
#10834 = DIRECTION('',(0.,0.,-1.));
#10835 = ORIENTED_EDGE('',*,*,#10836,.F.);
#10836 = EDGE_CURVE('',#10805,#10829,#10837,.T.);
#10837 = LINE('',#10838,#10839);
#10838 = CARTESIAN_POINT('',(1.119427551394,0.656182214402,
    0.709999999999));
#10839 = VECTOR('',#10840,1.);
#10840 = DIRECTION('',(1.,0.,0.));
#10841 = ORIENTED_EDGE('',*,*,#10804,.T.);
#10842 = PLANE('',#10843);
#10843 = AXIS2_PLACEMENT_3D('',#10844,#10845,#10846);
#10844 = CARTESIAN_POINT('',(1.119427551394,0.656182214402,
    0.709999999999));
#10845 = DIRECTION('',(0.,1.,0.));
#10846 = DIRECTION('',(0.,-0.,1.));
#10847 = ADVANCED_FACE('',(#10848),#10866,.F.);
#10848 = FACE_BOUND('',#10849,.T.);
#10849 = EDGE_LOOP('',(#10850,#10851,#10859,#10865));
#10850 = ORIENTED_EDGE('',*,*,#212,.T.);
#10851 = ORIENTED_EDGE('',*,*,#10852,.F.);
#10852 = EDGE_CURVE('',#10853,#205,#10855,.T.);
#10853 = VERTEX_POINT('',#10854);
#10854 = CARTESIAN_POINT('',(1.119427551394,0.667879490961,
    0.709999999999));
#10855 = LINE('',#10856,#10857);
#10856 = CARTESIAN_POINT('',(1.119427551394,0.667879490961,
    0.709999999999));
#10857 = VECTOR('',#10858,1.);
#10858 = DIRECTION('',(0.,0.,-1.));
#10859 = ORIENTED_EDGE('',*,*,#10860,.F.);
#10860 = EDGE_CURVE('',#10829,#10853,#10861,.T.);
#10861 = LINE('',#10862,#10863);
#10862 = CARTESIAN_POINT('',(1.119427551394,0.667879490961,
    0.709999999999));
#10863 = VECTOR('',#10864,1.);
#10864 = DIRECTION('',(0.,1.,0.));
#10865 = ORIENTED_EDGE('',*,*,#10828,.T.);
#10866 = PLANE('',#10867);
#10867 = AXIS2_PLACEMENT_3D('',#10868,#10869,#10870);
#10868 = CARTESIAN_POINT('',(1.119427551394,0.667879490961,
    0.709999999999));
#10869 = DIRECTION('',(-1.,0.,0.));
#10870 = DIRECTION('',(0.,0.,1.));
#10871 = ADVANCED_FACE('',(#10872),#10890,.F.);
#10872 = FACE_BOUND('',#10873,.T.);
#10873 = EDGE_LOOP('',(#10874,#10875,#10883,#10889));
#10874 = ORIENTED_EDGE('',*,*,#204,.T.);
#10875 = ORIENTED_EDGE('',*,*,#10876,.F.);
#10876 = EDGE_CURVE('',#10877,#197,#10879,.T.);
#10877 = VERTEX_POINT('',#10878);
#10878 = CARTESIAN_POINT('',(1.067049746359,0.667879490961,
    0.709999999999));
#10879 = LINE('',#10880,#10881);
#10880 = CARTESIAN_POINT('',(1.067049746359,0.667879490961,
    0.709999999999));
#10881 = VECTOR('',#10882,1.);
#10882 = DIRECTION('',(0.,0.,-1.));
#10883 = ORIENTED_EDGE('',*,*,#10884,.F.);
#10884 = EDGE_CURVE('',#10853,#10877,#10885,.T.);
#10885 = LINE('',#10886,#10887);
#10886 = CARTESIAN_POINT('',(1.067049746359,0.667879490961,
    0.709999999999));
#10887 = VECTOR('',#10888,1.);
#10888 = DIRECTION('',(-1.,0.,0.));
#10889 = ORIENTED_EDGE('',*,*,#10852,.T.);
#10890 = PLANE('',#10891);
#10891 = AXIS2_PLACEMENT_3D('',#10892,#10893,#10894);
#10892 = CARTESIAN_POINT('',(1.067049746359,0.667879490961,
    0.709999999999));
#10893 = DIRECTION('',(0.,-1.,0.));
#10894 = DIRECTION('',(0.,0.,-1.));
#10895 = ADVANCED_FACE('',(#10896),#10914,.F.);
#10896 = FACE_BOUND('',#10897,.T.);
#10897 = EDGE_LOOP('',(#10898,#10899,#10907,#10913));
#10898 = ORIENTED_EDGE('',*,*,#196,.T.);
#10899 = ORIENTED_EDGE('',*,*,#10900,.F.);
#10900 = EDGE_CURVE('',#10901,#189,#10903,.T.);
#10901 = VERTEX_POINT('',#10902);
#10902 = CARTESIAN_POINT('',(1.067049746359,0.566191166745,
    0.709999999999));
#10903 = LINE('',#10904,#10905);
#10904 = CARTESIAN_POINT('',(1.067049746359,0.566191166745,
    0.709999999999));
#10905 = VECTOR('',#10906,1.);
#10906 = DIRECTION('',(0.,0.,-1.));
#10907 = ORIENTED_EDGE('',*,*,#10908,.F.);
#10908 = EDGE_CURVE('',#10877,#10901,#10909,.T.);
#10909 = LINE('',#10910,#10911);
#10910 = CARTESIAN_POINT('',(1.067049746359,0.566191166745,
    0.709999999999));
#10911 = VECTOR('',#10912,1.);
#10912 = DIRECTION('',(0.,-1.,0.));
#10913 = ORIENTED_EDGE('',*,*,#10876,.T.);
#10914 = PLANE('',#10915);
#10915 = AXIS2_PLACEMENT_3D('',#10916,#10917,#10918);
#10916 = CARTESIAN_POINT('',(1.067049746359,0.566191166745,
    0.709999999999));
#10917 = DIRECTION('',(1.,0.,0.));
#10918 = DIRECTION('',(0.,0.,-1.));
#10919 = ADVANCED_FACE('',(#10920),#10931,.F.);
#10920 = FACE_BOUND('',#10921,.T.);
#10921 = EDGE_LOOP('',(#10922,#10923,#10924,#10930));
#10922 = ORIENTED_EDGE('',*,*,#188,.T.);
#10923 = ORIENTED_EDGE('',*,*,#10669,.F.);
#10924 = ORIENTED_EDGE('',*,*,#10925,.F.);
#10925 = EDGE_CURVE('',#10901,#10662,#10926,.T.);
#10926 = LINE('',#10927,#10928);
#10927 = CARTESIAN_POINT('',(1.121741012758,0.566191166745,
    0.709999999999));
#10928 = VECTOR('',#10929,1.);
#10929 = DIRECTION('',(1.,0.,0.));
#10930 = ORIENTED_EDGE('',*,*,#10900,.T.);
#10931 = PLANE('',#10932);
#10932 = AXIS2_PLACEMENT_3D('',#10933,#10934,#10935);
#10933 = CARTESIAN_POINT('',(1.121741012758,0.566191166745,
    0.709999999999));
#10934 = DIRECTION('',(0.,1.,0.));
#10935 = DIRECTION('',(0.,-0.,1.));
#10936 = ADVANCED_FACE('',(#10937),#10951,.F.);
#10937 = FACE_BOUND('',#10938,.T.);
#10938 = EDGE_LOOP('',(#10939,#10940,#10941,#10942,#10943,#10944,#10945,
    #10946,#10947,#10948,#10949,#10950));
#10939 = ORIENTED_EDGE('',*,*,#10661,.T.);
#10940 = ORIENTED_EDGE('',*,*,#10692,.T.);
#10941 = ORIENTED_EDGE('',*,*,#10716,.T.);
#10942 = ORIENTED_EDGE('',*,*,#10740,.T.);
#10943 = ORIENTED_EDGE('',*,*,#10764,.T.);
#10944 = ORIENTED_EDGE('',*,*,#10788,.T.);
#10945 = ORIENTED_EDGE('',*,*,#10812,.T.);
#10946 = ORIENTED_EDGE('',*,*,#10836,.T.);
#10947 = ORIENTED_EDGE('',*,*,#10860,.T.);
#10948 = ORIENTED_EDGE('',*,*,#10884,.T.);
#10949 = ORIENTED_EDGE('',*,*,#10908,.T.);
#10950 = ORIENTED_EDGE('',*,*,#10925,.T.);
#10951 = PLANE('',#10952);
#10952 = AXIS2_PLACEMENT_3D('',#10953,#10954,#10955);
#10953 = CARTESIAN_POINT('',(0.,0.,0.709999999999));
#10954 = DIRECTION('',(0.,0.,-1.));
#10955 = DIRECTION('',(-1.,0.,0.));
#10956 = ADVANCED_FACE('',(#10957,#11019),#11081,.T.);
#10957 = FACE_BOUND('',#10958,.T.);
#10958 = EDGE_LOOP('',(#10959,#10969,#10978,#10987,#10996,#11005,#11013)
  );
#10959 = ORIENTED_EDGE('',*,*,#10960,.T.);
#10960 = EDGE_CURVE('',#10961,#10963,#10965,.T.);
#10961 = VERTEX_POINT('',#10962);
#10962 = CARTESIAN_POINT('',(1.140950540262,0.566191166745,
    0.709999999999));
#10963 = VERTEX_POINT('',#10964);
#10964 = CARTESIAN_POINT('',(1.168920028211,0.566191166745,
    0.709999999999));
#10965 = LINE('',#10966,#10967);
#10966 = CARTESIAN_POINT('',(1.168920028211,0.566191166745,
    0.709999999999));
#10967 = VECTOR('',#10968,1.);
#10968 = DIRECTION('',(1.,0.,0.));
#10969 = ORIENTED_EDGE('',*,*,#10970,.T.);
#10970 = EDGE_CURVE('',#10963,#10971,#10973,.T.);
#10971 = VERTEX_POINT('',#10972);
#10972 = CARTESIAN_POINT('',(1.208404835082,0.580435850198,
    0.709999999999));
#10973 = B_SPLINE_CURVE_WITH_KNOTS('',3,(#10974,#10975,#10976,#10977),
  .UNSPECIFIED.,.F.,.F.,(4,4),(5.,6.),.PIECEWISE_BEZIER_KNOTS.);
#10974 = CARTESIAN_POINT('',(1.168920028211,0.566191166745,
    0.709999999999));
#10975 = CARTESIAN_POINT('',(1.185010281966,0.566191166745,
    0.709999999999));
#10976 = CARTESIAN_POINT('',(1.198189213555,0.570922065264,
    0.709999999999));
#10977 = CARTESIAN_POINT('',(1.208404835082,0.580435850198,
    0.709999999999));
#10978 = ORIENTED_EDGE('',*,*,#10979,.T.);
#10979 = EDGE_CURVE('',#10971,#10980,#10982,.T.);
#10980 = VERTEX_POINT('',#10981);
#10981 = CARTESIAN_POINT('',(1.223741264349,0.618335026248,
    0.709999999999));
#10982 = B_SPLINE_CURVE_WITH_KNOTS('',3,(#10983,#10984,#10985,#10986),
  .UNSPECIFIED.,.F.,.F.,(4,4),(4.,5.),.PIECEWISE_BEZIER_KNOTS.);
#10983 = CARTESIAN_POINT('',(1.208404835082,0.580435850198,
    0.709999999999));
#10984 = CARTESIAN_POINT('',(1.21862045661,0.589949635133,0.709999999999
    ));
#10985 = CARTESIAN_POINT('',(1.223741264349,0.602582693816,
    0.709999999999));
#10986 = CARTESIAN_POINT('',(1.223741264349,0.618335026248,
    0.709999999999));
#10987 = ORIENTED_EDGE('',*,*,#10988,.T.);
#10988 = EDGE_CURVE('',#10980,#10989,#10991,.T.);
#10989 = VERTEX_POINT('',#10990);
#10990 = CARTESIAN_POINT('',(1.208404835082,0.654414625945,
    0.709999999999));
#10991 = B_SPLINE_CURVE_WITH_KNOTS('',3,(#10992,#10993,#10994,#10995),
  .UNSPECIFIED.,.F.,.F.,(4,4),(3.,4.),.PIECEWISE_BEZIER_KNOTS.);
#10992 = CARTESIAN_POINT('',(1.223741264349,0.618335026248,
    0.709999999999));
#10993 = CARTESIAN_POINT('',(1.223741264349,0.633411516035,
    0.709999999999));
#10994 = CARTESIAN_POINT('',(1.21862045661,0.645420719968,0.709999999999
    ));
#10995 = CARTESIAN_POINT('',(1.208404835082,0.654414625945,
    0.709999999999));
#10996 = ORIENTED_EDGE('',*,*,#10997,.T.);
#10997 = EDGE_CURVE('',#10989,#10998,#11000,.T.);
#10998 = VERTEX_POINT('',#10999);
#10999 = CARTESIAN_POINT('',(1.169959786127,0.667879490961,
    0.709999999999));
#11000 = B_SPLINE_CURVE_WITH_KNOTS('',3,(#11001,#11002,#11003,#11004),
  .UNSPECIFIED.,.F.,.F.,(4,4),(2.,3.),.PIECEWISE_BEZIER_KNOTS.);
#11001 = CARTESIAN_POINT('',(1.208404835082,0.654414625945,
    0.709999999999));
#11002 = CARTESIAN_POINT('',(1.198189213555,0.66340853192,0.709999999999
    ));
#11003 = CARTESIAN_POINT('',(1.185374197236,0.667879490961,
    0.709999999999));
#11004 = CARTESIAN_POINT('',(1.169959786127,0.667879490961,
    0.709999999999));
#11005 = ORIENTED_EDGE('',*,*,#11006,.T.);
#11006 = EDGE_CURVE('',#10998,#11007,#11009,.T.);
#11007 = VERTEX_POINT('',#11008);
#11008 = CARTESIAN_POINT('',(1.140950540262,0.667879490961,
    0.709999999999));
#11009 = LINE('',#11010,#11011);
#11010 = CARTESIAN_POINT('',(1.140950540262,0.667879490961,
    0.709999999999));
#11011 = VECTOR('',#11012,1.);
#11012 = DIRECTION('',(-1.,0.,0.));
#11013 = ORIENTED_EDGE('',*,*,#11014,.T.);
#11014 = EDGE_CURVE('',#11007,#10961,#11015,.T.);
#11015 = LINE('',#11016,#11017);
#11016 = CARTESIAN_POINT('',(1.140950540262,0.566191166745,
    0.709999999999));
#11017 = VECTOR('',#11018,1.);
#11018 = DIRECTION('',(0.,-1.,0.));
#11019 = FACE_BOUND('',#11020,.T.);
#11020 = EDGE_LOOP('',(#11021,#11031,#11039,#11048,#11057,#11066,#11075)
  );
#11021 = ORIENTED_EDGE('',*,*,#11022,.F.);
#11022 = EDGE_CURVE('',#11023,#11025,#11027,.T.);
#11023 = VERTEX_POINT('',#11024);
#11024 = CARTESIAN_POINT('',(1.154077483955,0.656182214402,
    0.709999999999));
#11025 = VERTEX_POINT('',#11026);
#11026 = CARTESIAN_POINT('',(1.154077483955,0.577784467512,
    0.709999999999));
#11027 = LINE('',#11028,#11029);
#11028 = CARTESIAN_POINT('',(1.154077483955,0.656182214402,
    0.709999999999));
#11029 = VECTOR('',#11030,1.);
#11030 = DIRECTION('',(0.,-1.,0.));
#11031 = ORIENTED_EDGE('',*,*,#11032,.F.);
#11032 = EDGE_CURVE('',#11033,#11023,#11035,.T.);
#11033 = VERTEX_POINT('',#11034);
#11034 = CARTESIAN_POINT('',(1.169439907168,0.656182214402,
    0.709999999999));
#11035 = LINE('',#11036,#11037);
#11036 = CARTESIAN_POINT('',(1.169439907168,0.656182214402,
    0.709999999999));
#11037 = VECTOR('',#11038,1.);
#11038 = DIRECTION('',(-1.,0.,0.));
#11039 = ORIENTED_EDGE('',*,*,#11040,.F.);
#11040 = EDGE_CURVE('',#11041,#11033,#11043,.T.);
#11041 = VERTEX_POINT('',#11042);
#11042 = CARTESIAN_POINT('',(1.198787074356,0.646616441572,
    0.709999999999));
#11043 = B_SPLINE_CURVE_WITH_KNOTS('',3,(#11044,#11045,#11046,#11047),
  .UNSPECIFIED.,.F.,.F.,(4,4),(5.,6.),.PIECEWISE_BEZIER_KNOTS.);
#11044 = CARTESIAN_POINT('',(1.198787074356,0.646616441572,
    0.709999999999));
#11045 = CARTESIAN_POINT('',(1.191352805255,0.653010952757,
    0.709999999999));
#11046 = CARTESIAN_POINT('',(1.181553086894,0.656182214402,
    0.709999999999));
#11047 = CARTESIAN_POINT('',(1.169439907168,0.656182214402,
    0.709999999999));
#11048 = ORIENTED_EDGE('',*,*,#11049,.F.);
#11049 = EDGE_CURVE('',#11050,#11041,#11052,.T.);
#11050 = VERTEX_POINT('',#11051);
#11051 = CARTESIAN_POINT('',(1.209938478009,0.617971110978,
    0.709999999999));
#11052 = B_SPLINE_CURVE_WITH_KNOTS('',3,(#11053,#11054,#11055,#11056),
  .UNSPECIFIED.,.F.,.F.,(4,4),(4.,5.),.PIECEWISE_BEZIER_KNOTS.);
#11053 = CARTESIAN_POINT('',(1.209938478009,0.617971110978,
    0.709999999999));
#11054 = CARTESIAN_POINT('',(1.209938478009,0.630656157557,
    0.709999999999));
#11055 = CARTESIAN_POINT('',(1.206221343458,0.640221930387,
    0.709999999999));
#11056 = CARTESIAN_POINT('',(1.198787074356,0.646616441572,
    0.709999999999));
#11057 = ORIENTED_EDGE('',*,*,#11058,.F.);
#11058 = EDGE_CURVE('',#11059,#11050,#11061,.T.);
#11059 = VERTEX_POINT('',#11060);
#11060 = CARTESIAN_POINT('',(1.199073007784,0.588389998258,
    0.709999999999));
#11061 = B_SPLINE_CURVE_WITH_KNOTS('',3,(#11062,#11063,#11064,#11065),
  .UNSPECIFIED.,.F.,.F.,(4,4),(3.,4.),.PIECEWISE_BEZIER_KNOTS.);
#11062 = CARTESIAN_POINT('',(1.199073007784,0.588389998258,
    0.709999999999));
#11063 = CARTESIAN_POINT('',(1.20632531925,0.595408364194,0.709999999999
    ));
#11064 = CARTESIAN_POINT('',(1.209938478009,0.605286064399,
    0.709999999999));
#11065 = CARTESIAN_POINT('',(1.209938478009,0.617971110978,
    0.709999999999));
#11066 = ORIENTED_EDGE('',*,*,#11067,.F.);
#11067 = EDGE_CURVE('',#11068,#11059,#11070,.T.);
#11068 = VERTEX_POINT('',#11069);
#11069 = CARTESIAN_POINT('',(1.168842046367,0.577784467512,
    0.709999999999));
#11070 = B_SPLINE_CURVE_WITH_KNOTS('',3,(#11071,#11072,#11073,#11074),
  .UNSPECIFIED.,.F.,.F.,(4,4),(2.,3.),.PIECEWISE_BEZIER_KNOTS.);
#11071 = CARTESIAN_POINT('',(1.168842046367,0.577784467512,
    0.709999999999));
#11072 = CARTESIAN_POINT('',(1.181761038477,0.577784467512,
    0.709999999999));
#11073 = CARTESIAN_POINT('',(1.191846690265,0.581319644427,
    0.709999999999));
#11074 = CARTESIAN_POINT('',(1.199073007784,0.588389998258,
    0.709999999999));
#11075 = ORIENTED_EDGE('',*,*,#11076,.F.);
#11076 = EDGE_CURVE('',#11025,#11068,#11077,.T.);
#11077 = LINE('',#11078,#11079);
#11078 = CARTESIAN_POINT('',(1.154077483955,0.577784467512,
    0.709999999999));
#11079 = VECTOR('',#11080,1.);
#11080 = DIRECTION('',(1.,0.,0.));
#11081 = PLANE('',#11082);
#11082 = AXIS2_PLACEMENT_3D('',#11083,#11084,#11085);
#11083 = CARTESIAN_POINT('',(1.191131856698,0.664519773194,
    0.709999999999));
#11084 = DIRECTION('',(0.,0.,1.));
#11085 = DIRECTION('',(1.,0.,-0.));
#11086 = ADVANCED_FACE('',(#11087),#11103,.F.);
#11087 = FACE_BOUND('',#11088,.T.);
#11088 = EDGE_LOOP('',(#11089,#11090,#11096,#11097));
#11089 = ORIENTED_EDGE('',*,*,#1297,.T.);
#11090 = ORIENTED_EDGE('',*,*,#11091,.F.);
#11091 = EDGE_CURVE('',#10963,#1287,#11092,.T.);
#11092 = LINE('',#11093,#11094);
#11093 = CARTESIAN_POINT('',(1.168920028211,0.566191166745,
    0.709999999999));
#11094 = VECTOR('',#11095,1.);
#11095 = DIRECTION('',(0.,0.,-1.));
#11096 = ORIENTED_EDGE('',*,*,#10960,.F.);
#11097 = ORIENTED_EDGE('',*,*,#11098,.T.);
#11098 = EDGE_CURVE('',#10961,#1298,#11099,.T.);
#11099 = LINE('',#11100,#11101);
#11100 = CARTESIAN_POINT('',(1.140950540262,0.566191166745,
    0.709999999999));
#11101 = VECTOR('',#11102,1.);
#11102 = DIRECTION('',(0.,0.,-1.));
#11103 = PLANE('',#11104);
#11104 = AXIS2_PLACEMENT_3D('',#11105,#11106,#11107);
#11105 = CARTESIAN_POINT('',(1.168920028211,0.566191166745,
    0.709999999999));
#11106 = DIRECTION('',(0.,1.,0.));
#11107 = DIRECTION('',(0.,-0.,1.));
#11108 = ADVANCED_FACE('',(#11109),#11120,.F.);
#11109 = FACE_BOUND('',#11110,.F.);
#11110 = EDGE_LOOP('',(#11111,#11112,#11113,#11119));
#11111 = ORIENTED_EDGE('',*,*,#11091,.F.);
#11112 = ORIENTED_EDGE('',*,*,#10970,.T.);
#11113 = ORIENTED_EDGE('',*,*,#11114,.T.);
#11114 = EDGE_CURVE('',#10971,#1289,#11115,.T.);
#11115 = LINE('',#11116,#11117);
#11116 = CARTESIAN_POINT('',(1.208404835082,0.580435850198,
    0.709999999999));
#11117 = VECTOR('',#11118,1.);
#11118 = DIRECTION('',(0.,0.,-1.));
#11119 = ORIENTED_EDGE('',*,*,#1286,.F.);
#11120 = B_SPLINE_SURFACE_WITH_KNOTS('',3,1,(
    (#11121,#11122)
    ,(#11123,#11124)
    ,(#11125,#11126)
    ,(#11127,#11128
    )),.UNSPECIFIED.,.F.,.F.,.F.,(4,4),(2,2),(5.,6.),(0.,1.),
  .PIECEWISE_BEZIER_KNOTS.);
#11121 = CARTESIAN_POINT('',(1.168920028211,0.566191166745,
    0.709999999999));
#11122 = CARTESIAN_POINT('',(1.168920028211,0.566191166745,
    0.699999999999));
#11123 = CARTESIAN_POINT('',(1.185010281966,0.566191166745,
    0.709999999999));
#11124 = CARTESIAN_POINT('',(1.185010281966,0.566191166745,
    0.699999999999));
#11125 = CARTESIAN_POINT('',(1.198189213555,0.570922065264,
    0.709999999999));
#11126 = CARTESIAN_POINT('',(1.198189213555,0.570922065264,
    0.699999999999));
#11127 = CARTESIAN_POINT('',(1.208404835082,0.580435850198,
    0.709999999999));
#11128 = CARTESIAN_POINT('',(1.208404835082,0.580435850198,
    0.699999999999));
#11129 = ADVANCED_FACE('',(#11130),#11141,.F.);
#11130 = FACE_BOUND('',#11131,.F.);
#11131 = EDGE_LOOP('',(#11132,#11133,#11134,#11140));
#11132 = ORIENTED_EDGE('',*,*,#11114,.F.);
#11133 = ORIENTED_EDGE('',*,*,#10979,.T.);
#11134 = ORIENTED_EDGE('',*,*,#11135,.T.);
#11135 = EDGE_CURVE('',#10980,#1331,#11136,.T.);
#11136 = LINE('',#11137,#11138);
#11137 = CARTESIAN_POINT('',(1.223741264349,0.618335026248,
    0.709999999999));
#11138 = VECTOR('',#11139,1.);
#11139 = DIRECTION('',(0.,0.,-1.));
#11140 = ORIENTED_EDGE('',*,*,#1339,.F.);
#11141 = B_SPLINE_SURFACE_WITH_KNOTS('',3,1,(
    (#11142,#11143)
    ,(#11144,#11145)
    ,(#11146,#11147)
    ,(#11148,#11149
    )),.UNSPECIFIED.,.F.,.F.,.F.,(4,4),(2,2),(4.,5.),(0.,1.),
  .PIECEWISE_BEZIER_KNOTS.);
#11142 = CARTESIAN_POINT('',(1.208404835082,0.580435850198,
    0.709999999999));
#11143 = CARTESIAN_POINT('',(1.208404835082,0.580435850198,
    0.699999999999));
#11144 = CARTESIAN_POINT('',(1.21862045661,0.589949635133,0.709999999999
    ));
#11145 = CARTESIAN_POINT('',(1.21862045661,0.589949635133,0.699999999999
    ));
#11146 = CARTESIAN_POINT('',(1.223741264349,0.602582693816,
    0.709999999999));
#11147 = CARTESIAN_POINT('',(1.223741264349,0.602582693816,
    0.699999999999));
#11148 = CARTESIAN_POINT('',(1.223741264349,0.618335026248,
    0.709999999999));
#11149 = CARTESIAN_POINT('',(1.223741264349,0.618335026248,
    0.699999999999));
#11150 = ADVANCED_FACE('',(#11151),#11162,.F.);
#11151 = FACE_BOUND('',#11152,.F.);
#11152 = EDGE_LOOP('',(#11153,#11154,#11155,#11161));
#11153 = ORIENTED_EDGE('',*,*,#11135,.F.);
#11154 = ORIENTED_EDGE('',*,*,#10988,.T.);
#11155 = ORIENTED_EDGE('',*,*,#11156,.T.);
#11156 = EDGE_CURVE('',#10989,#1322,#11157,.T.);
#11157 = LINE('',#11158,#11159);
#11158 = CARTESIAN_POINT('',(1.208404835082,0.654414625945,
    0.709999999999));
#11159 = VECTOR('',#11160,1.);
#11160 = DIRECTION('',(0.,0.,-1.));
#11161 = ORIENTED_EDGE('',*,*,#1330,.F.);
#11162 = B_SPLINE_SURFACE_WITH_KNOTS('',3,1,(
    (#11163,#11164)
    ,(#11165,#11166)
    ,(#11167,#11168)
    ,(#11169,#11170
    )),.UNSPECIFIED.,.F.,.F.,.F.,(4,4),(2,2),(3.,4.),(0.,1.),
  .PIECEWISE_BEZIER_KNOTS.);
#11163 = CARTESIAN_POINT('',(1.223741264349,0.618335026248,
    0.709999999999));
#11164 = CARTESIAN_POINT('',(1.223741264349,0.618335026248,
    0.699999999999));
#11165 = CARTESIAN_POINT('',(1.223741264349,0.633411516035,
    0.709999999999));
#11166 = CARTESIAN_POINT('',(1.223741264349,0.633411516035,
    0.699999999999));
#11167 = CARTESIAN_POINT('',(1.21862045661,0.645420719968,0.709999999999
    ));
#11168 = CARTESIAN_POINT('',(1.21862045661,0.645420719968,0.699999999999
    ));
#11169 = CARTESIAN_POINT('',(1.208404835082,0.654414625945,
    0.709999999999));
#11170 = CARTESIAN_POINT('',(1.208404835082,0.654414625945,
    0.699999999999));
#11171 = ADVANCED_FACE('',(#11172),#11183,.F.);
#11172 = FACE_BOUND('',#11173,.F.);
#11173 = EDGE_LOOP('',(#11174,#11175,#11176,#11182));
#11174 = ORIENTED_EDGE('',*,*,#11156,.F.);
#11175 = ORIENTED_EDGE('',*,*,#10997,.T.);
#11176 = ORIENTED_EDGE('',*,*,#11177,.T.);
#11177 = EDGE_CURVE('',#10998,#1314,#11178,.T.);
#11178 = LINE('',#11179,#11180);
#11179 = CARTESIAN_POINT('',(1.169959786127,0.667879490961,
    0.709999999999));
#11180 = VECTOR('',#11181,1.);
#11181 = DIRECTION('',(0.,0.,-1.));
#11182 = ORIENTED_EDGE('',*,*,#1321,.F.);
#11183 = B_SPLINE_SURFACE_WITH_KNOTS('',3,1,(
    (#11184,#11185)
    ,(#11186,#11187)
    ,(#11188,#11189)
    ,(#11190,#11191
    )),.UNSPECIFIED.,.F.,.F.,.F.,(4,4),(2,2),(2.,3.),(0.,1.),
  .PIECEWISE_BEZIER_KNOTS.);
#11184 = CARTESIAN_POINT('',(1.208404835082,0.654414625945,
    0.709999999999));
#11185 = CARTESIAN_POINT('',(1.208404835082,0.654414625945,
    0.699999999999));
#11186 = CARTESIAN_POINT('',(1.198189213555,0.66340853192,0.709999999999
    ));
#11187 = CARTESIAN_POINT('',(1.198189213555,0.66340853192,0.699999999999
    ));
#11188 = CARTESIAN_POINT('',(1.185374197236,0.667879490961,
    0.709999999999));
#11189 = CARTESIAN_POINT('',(1.185374197236,0.667879490961,
    0.699999999999));
#11190 = CARTESIAN_POINT('',(1.169959786127,0.667879490961,
    0.709999999999));
#11191 = CARTESIAN_POINT('',(1.169959786127,0.667879490961,
    0.699999999999));
#11192 = ADVANCED_FACE('',(#11193),#11204,.F.);
#11193 = FACE_BOUND('',#11194,.T.);
#11194 = EDGE_LOOP('',(#11195,#11196,#11202,#11203));
#11195 = ORIENTED_EDGE('',*,*,#1313,.T.);
#11196 = ORIENTED_EDGE('',*,*,#11197,.F.);
#11197 = EDGE_CURVE('',#11007,#1306,#11198,.T.);
#11198 = LINE('',#11199,#11200);
#11199 = CARTESIAN_POINT('',(1.140950540262,0.667879490961,
    0.709999999999));
#11200 = VECTOR('',#11201,1.);
#11201 = DIRECTION('',(0.,0.,-1.));
#11202 = ORIENTED_EDGE('',*,*,#11006,.F.);
#11203 = ORIENTED_EDGE('',*,*,#11177,.T.);
#11204 = PLANE('',#11205);
#11205 = AXIS2_PLACEMENT_3D('',#11206,#11207,#11208);
#11206 = CARTESIAN_POINT('',(1.140950540262,0.667879490961,
    0.709999999999));
#11207 = DIRECTION('',(0.,-1.,0.));
#11208 = DIRECTION('',(0.,0.,-1.));
#11209 = ADVANCED_FACE('',(#11210),#11216,.F.);
#11210 = FACE_BOUND('',#11211,.T.);
#11211 = EDGE_LOOP('',(#11212,#11213,#11214,#11215));
#11212 = ORIENTED_EDGE('',*,*,#1305,.T.);
#11213 = ORIENTED_EDGE('',*,*,#11098,.F.);
#11214 = ORIENTED_EDGE('',*,*,#11014,.F.);
#11215 = ORIENTED_EDGE('',*,*,#11197,.T.);
#11216 = PLANE('',#11217);
#11217 = AXIS2_PLACEMENT_3D('',#11218,#11219,#11220);
#11218 = CARTESIAN_POINT('',(1.140950540262,0.566191166745,
    0.709999999999));
#11219 = DIRECTION('',(1.,0.,0.));
#11220 = DIRECTION('',(0.,0.,-1.));
#11221 = ADVANCED_FACE('',(#11222),#11247,.T.);
#11222 = FACE_BOUND('',#11223,.T.);
#11223 = EDGE_LOOP('',(#11224,#11234,#11240,#11241));
#11224 = ORIENTED_EDGE('',*,*,#11225,.F.);
#11225 = EDGE_CURVE('',#11226,#11228,#11230,.T.);
#11226 = VERTEX_POINT('',#11227);
#11227 = CARTESIAN_POINT('',(1.169439907168,0.656182214402,
    0.699999999999));
#11228 = VERTEX_POINT('',#11229);
#11229 = CARTESIAN_POINT('',(1.154077483955,0.656182214402,
    0.699999999999));
#11230 = LINE('',#11231,#11232);
#11231 = CARTESIAN_POINT('',(1.169439907168,0.656182214402,
    0.699999999999));
#11232 = VECTOR('',#11233,1.);
#11233 = DIRECTION('',(-1.,0.,0.));
#11234 = ORIENTED_EDGE('',*,*,#11235,.F.);
#11235 = EDGE_CURVE('',#11033,#11226,#11236,.T.);
#11236 = LINE('',#11237,#11238);
#11237 = CARTESIAN_POINT('',(1.169439907168,0.656182214402,
    0.709999999999));
#11238 = VECTOR('',#11239,1.);
#11239 = DIRECTION('',(0.,0.,-1.));
#11240 = ORIENTED_EDGE('',*,*,#11032,.T.);
#11241 = ORIENTED_EDGE('',*,*,#11242,.T.);
#11242 = EDGE_CURVE('',#11023,#11228,#11243,.T.);
#11243 = LINE('',#11244,#11245);
#11244 = CARTESIAN_POINT('',(1.154077483955,0.656182214402,
    0.709999999999));
#11245 = VECTOR('',#11246,1.);
#11246 = DIRECTION('',(0.,0.,-1.));
#11247 = PLANE('',#11248);
#11248 = AXIS2_PLACEMENT_3D('',#11249,#11250,#11251);
#11249 = CARTESIAN_POINT('',(1.169439907168,0.656182214402,
    0.709999999999));
#11250 = DIRECTION('',(0.,-1.,0.));
#11251 = DIRECTION('',(0.,0.,-1.));
#11252 = ADVANCED_FACE('',(#11253),#11271,.T.);
#11253 = FACE_BOUND('',#11254,.T.);
#11254 = EDGE_LOOP('',(#11255,#11263,#11264,#11265));
#11255 = ORIENTED_EDGE('',*,*,#11256,.F.);
#11256 = EDGE_CURVE('',#11228,#11257,#11259,.T.);
#11257 = VERTEX_POINT('',#11258);
#11258 = CARTESIAN_POINT('',(1.154077483955,0.577784467512,
    0.699999999999));
#11259 = LINE('',#11260,#11261);
#11260 = CARTESIAN_POINT('',(1.154077483955,0.656182214402,
    0.699999999999));
#11261 = VECTOR('',#11262,1.);
#11262 = DIRECTION('',(0.,-1.,0.));
#11263 = ORIENTED_EDGE('',*,*,#11242,.F.);
#11264 = ORIENTED_EDGE('',*,*,#11022,.T.);
#11265 = ORIENTED_EDGE('',*,*,#11266,.T.);
#11266 = EDGE_CURVE('',#11025,#11257,#11267,.T.);
#11267 = LINE('',#11268,#11269);
#11268 = CARTESIAN_POINT('',(1.154077483955,0.577784467512,
    0.709999999999));
#11269 = VECTOR('',#11270,1.);
#11270 = DIRECTION('',(0.,0.,-1.));
#11271 = PLANE('',#11272);
#11272 = AXIS2_PLACEMENT_3D('',#11273,#11274,#11275);
#11273 = CARTESIAN_POINT('',(1.154077483955,0.656182214402,
    0.709999999999));
#11274 = DIRECTION('',(1.,0.,0.));
#11275 = DIRECTION('',(0.,0.,-1.));
#11276 = ADVANCED_FACE('',(#11277),#11295,.T.);
#11277 = FACE_BOUND('',#11278,.T.);
#11278 = EDGE_LOOP('',(#11279,#11287,#11288,#11289));
#11279 = ORIENTED_EDGE('',*,*,#11280,.F.);
#11280 = EDGE_CURVE('',#11257,#11281,#11283,.T.);
#11281 = VERTEX_POINT('',#11282);
#11282 = CARTESIAN_POINT('',(1.168842046367,0.577784467512,
    0.699999999999));
#11283 = LINE('',#11284,#11285);
#11284 = CARTESIAN_POINT('',(1.154077483955,0.577784467512,
    0.699999999999));
#11285 = VECTOR('',#11286,1.);
#11286 = DIRECTION('',(1.,0.,0.));
#11287 = ORIENTED_EDGE('',*,*,#11266,.F.);
#11288 = ORIENTED_EDGE('',*,*,#11076,.T.);
#11289 = ORIENTED_EDGE('',*,*,#11290,.T.);
#11290 = EDGE_CURVE('',#11068,#11281,#11291,.T.);
#11291 = LINE('',#11292,#11293);
#11292 = CARTESIAN_POINT('',(1.168842046367,0.577784467512,
    0.709999999999));
#11293 = VECTOR('',#11294,1.);
#11294 = DIRECTION('',(0.,0.,-1.));
#11295 = PLANE('',#11296);
#11296 = AXIS2_PLACEMENT_3D('',#11297,#11298,#11299);
#11297 = CARTESIAN_POINT('',(1.154077483955,0.577784467512,
    0.709999999999));
#11298 = DIRECTION('',(0.,1.,0.));
#11299 = DIRECTION('',(0.,-0.,1.));
#11300 = ADVANCED_FACE('',(#11301),#11320,.T.);
#11301 = FACE_BOUND('',#11302,.T.);
#11302 = EDGE_LOOP('',(#11303,#11312,#11313,#11314));
#11303 = ORIENTED_EDGE('',*,*,#11304,.F.);
#11304 = EDGE_CURVE('',#11281,#11305,#11307,.T.);
#11305 = VERTEX_POINT('',#11306);
#11306 = CARTESIAN_POINT('',(1.199073007784,0.588389998258,
    0.699999999999));
#11307 = B_SPLINE_CURVE_WITH_KNOTS('',3,(#11308,#11309,#11310,#11311),
  .UNSPECIFIED.,.F.,.F.,(4,4),(2.,3.),.PIECEWISE_BEZIER_KNOTS.);
#11308 = CARTESIAN_POINT('',(1.168842046367,0.577784467512,
    0.699999999999));
#11309 = CARTESIAN_POINT('',(1.181761038477,0.577784467512,
    0.699999999999));
#11310 = CARTESIAN_POINT('',(1.191846690265,0.581319644427,
    0.699999999999));
#11311 = CARTESIAN_POINT('',(1.199073007784,0.588389998258,
    0.699999999999));
#11312 = ORIENTED_EDGE('',*,*,#11290,.F.);
#11313 = ORIENTED_EDGE('',*,*,#11067,.T.);
#11314 = ORIENTED_EDGE('',*,*,#11315,.T.);
#11315 = EDGE_CURVE('',#11059,#11305,#11316,.T.);
#11316 = LINE('',#11317,#11318);
#11317 = CARTESIAN_POINT('',(1.199073007784,0.588389998258,
    0.709999999999));
#11318 = VECTOR('',#11319,1.);
#11319 = DIRECTION('',(0.,0.,-1.));
#11320 = B_SPLINE_SURFACE_WITH_KNOTS('',3,1,(
    (#11321,#11322)
    ,(#11323,#11324)
    ,(#11325,#11326)
    ,(#11327,#11328
    )),.UNSPECIFIED.,.F.,.F.,.F.,(4,4),(2,2),(2.,3.),(0.,1.),
  .PIECEWISE_BEZIER_KNOTS.);
#11321 = CARTESIAN_POINT('',(1.168842046367,0.577784467512,
    0.709999999999));
#11322 = CARTESIAN_POINT('',(1.168842046367,0.577784467512,
    0.699999999999));
#11323 = CARTESIAN_POINT('',(1.181761038477,0.577784467512,
    0.709999999999));
#11324 = CARTESIAN_POINT('',(1.181761038477,0.577784467512,
    0.699999999999));
#11325 = CARTESIAN_POINT('',(1.191846690265,0.581319644427,
    0.709999999999));
#11326 = CARTESIAN_POINT('',(1.191846690265,0.581319644427,
    0.699999999999));
#11327 = CARTESIAN_POINT('',(1.199073007784,0.588389998258,
    0.709999999999));
#11328 = CARTESIAN_POINT('',(1.199073007784,0.588389998258,
    0.699999999999));
#11329 = ADVANCED_FACE('',(#11330),#11349,.T.);
#11330 = FACE_BOUND('',#11331,.T.);
#11331 = EDGE_LOOP('',(#11332,#11341,#11342,#11343));
#11332 = ORIENTED_EDGE('',*,*,#11333,.F.);
#11333 = EDGE_CURVE('',#11305,#11334,#11336,.T.);
#11334 = VERTEX_POINT('',#11335);
#11335 = CARTESIAN_POINT('',(1.209938478009,0.617971110978,
    0.699999999999));
#11336 = B_SPLINE_CURVE_WITH_KNOTS('',3,(#11337,#11338,#11339,#11340),
  .UNSPECIFIED.,.F.,.F.,(4,4),(3.,4.),.PIECEWISE_BEZIER_KNOTS.);
#11337 = CARTESIAN_POINT('',(1.199073007784,0.588389998258,
    0.699999999999));
#11338 = CARTESIAN_POINT('',(1.20632531925,0.595408364194,0.699999999999
    ));
#11339 = CARTESIAN_POINT('',(1.209938478009,0.605286064399,
    0.699999999999));
#11340 = CARTESIAN_POINT('',(1.209938478009,0.617971110978,
    0.699999999999));
#11341 = ORIENTED_EDGE('',*,*,#11315,.F.);
#11342 = ORIENTED_EDGE('',*,*,#11058,.T.);
#11343 = ORIENTED_EDGE('',*,*,#11344,.T.);
#11344 = EDGE_CURVE('',#11050,#11334,#11345,.T.);
#11345 = LINE('',#11346,#11347);
#11346 = CARTESIAN_POINT('',(1.209938478009,0.617971110978,
    0.709999999999));
#11347 = VECTOR('',#11348,1.);
#11348 = DIRECTION('',(0.,0.,-1.));
#11349 = B_SPLINE_SURFACE_WITH_KNOTS('',3,1,(
    (#11350,#11351)
    ,(#11352,#11353)
    ,(#11354,#11355)
    ,(#11356,#11357
    )),.UNSPECIFIED.,.F.,.F.,.F.,(4,4),(2,2),(3.,4.),(0.,1.),
  .PIECEWISE_BEZIER_KNOTS.);
#11350 = CARTESIAN_POINT('',(1.199073007784,0.588389998258,
    0.709999999999));
#11351 = CARTESIAN_POINT('',(1.199073007784,0.588389998258,
    0.699999999999));
#11352 = CARTESIAN_POINT('',(1.20632531925,0.595408364194,0.709999999999
    ));
#11353 = CARTESIAN_POINT('',(1.20632531925,0.595408364194,0.699999999999
    ));
#11354 = CARTESIAN_POINT('',(1.209938478009,0.605286064399,
    0.709999999999));
#11355 = CARTESIAN_POINT('',(1.209938478009,0.605286064399,
    0.699999999999));
#11356 = CARTESIAN_POINT('',(1.209938478009,0.617971110978,
    0.709999999999));
#11357 = CARTESIAN_POINT('',(1.209938478009,0.617971110978,
    0.699999999999));
#11358 = ADVANCED_FACE('',(#11359),#11378,.T.);
#11359 = FACE_BOUND('',#11360,.T.);
#11360 = EDGE_LOOP('',(#11361,#11370,#11371,#11372));
#11361 = ORIENTED_EDGE('',*,*,#11362,.F.);
#11362 = EDGE_CURVE('',#11334,#11363,#11365,.T.);
#11363 = VERTEX_POINT('',#11364);
#11364 = CARTESIAN_POINT('',(1.198787074356,0.646616441572,
    0.699999999999));
#11365 = B_SPLINE_CURVE_WITH_KNOTS('',3,(#11366,#11367,#11368,#11369),
  .UNSPECIFIED.,.F.,.F.,(4,4),(4.,5.),.PIECEWISE_BEZIER_KNOTS.);
#11366 = CARTESIAN_POINT('',(1.209938478009,0.617971110978,
    0.699999999999));
#11367 = CARTESIAN_POINT('',(1.209938478009,0.630656157557,
    0.699999999999));
#11368 = CARTESIAN_POINT('',(1.206221343458,0.640221930387,
    0.699999999999));
#11369 = CARTESIAN_POINT('',(1.198787074356,0.646616441572,
    0.699999999999));
#11370 = ORIENTED_EDGE('',*,*,#11344,.F.);
#11371 = ORIENTED_EDGE('',*,*,#11049,.T.);
#11372 = ORIENTED_EDGE('',*,*,#11373,.T.);
#11373 = EDGE_CURVE('',#11041,#11363,#11374,.T.);
#11374 = LINE('',#11375,#11376);
#11375 = CARTESIAN_POINT('',(1.198787074356,0.646616441572,
    0.709999999999));
#11376 = VECTOR('',#11377,1.);
#11377 = DIRECTION('',(0.,0.,-1.));
#11378 = B_SPLINE_SURFACE_WITH_KNOTS('',3,1,(
    (#11379,#11380)
    ,(#11381,#11382)
    ,(#11383,#11384)
    ,(#11385,#11386
    )),.UNSPECIFIED.,.F.,.F.,.F.,(4,4),(2,2),(4.,5.),(0.,1.),
  .PIECEWISE_BEZIER_KNOTS.);
#11379 = CARTESIAN_POINT('',(1.209938478009,0.617971110978,
    0.709999999999));
#11380 = CARTESIAN_POINT('',(1.209938478009,0.617971110978,
    0.699999999999));
#11381 = CARTESIAN_POINT('',(1.209938478009,0.630656157557,
    0.709999999999));
#11382 = CARTESIAN_POINT('',(1.209938478009,0.630656157557,
    0.699999999999));
#11383 = CARTESIAN_POINT('',(1.206221343458,0.640221930387,
    0.709999999999));
#11384 = CARTESIAN_POINT('',(1.206221343458,0.640221930387,
    0.699999999999));
#11385 = CARTESIAN_POINT('',(1.198787074356,0.646616441572,
    0.709999999999));
#11386 = CARTESIAN_POINT('',(1.198787074356,0.646616441572,
    0.699999999999));
#11387 = ADVANCED_FACE('',(#11388),#11400,.T.);
#11388 = FACE_BOUND('',#11389,.T.);
#11389 = EDGE_LOOP('',(#11390,#11397,#11398,#11399));
#11390 = ORIENTED_EDGE('',*,*,#11391,.F.);
#11391 = EDGE_CURVE('',#11363,#11226,#11392,.T.);
#11392 = B_SPLINE_CURVE_WITH_KNOTS('',3,(#11393,#11394,#11395,#11396),
  .UNSPECIFIED.,.F.,.F.,(4,4),(5.,6.),.PIECEWISE_BEZIER_KNOTS.);
#11393 = CARTESIAN_POINT('',(1.198787074356,0.646616441572,
    0.699999999999));
#11394 = CARTESIAN_POINT('',(1.191352805255,0.653010952757,
    0.699999999999));
#11395 = CARTESIAN_POINT('',(1.181553086894,0.656182214402,
    0.699999999999));
#11396 = CARTESIAN_POINT('',(1.169439907168,0.656182214402,
    0.699999999999));
#11397 = ORIENTED_EDGE('',*,*,#11373,.F.);
#11398 = ORIENTED_EDGE('',*,*,#11040,.T.);
#11399 = ORIENTED_EDGE('',*,*,#11235,.T.);
#11400 = B_SPLINE_SURFACE_WITH_KNOTS('',3,1,(
    (#11401,#11402)
    ,(#11403,#11404)
    ,(#11405,#11406)
    ,(#11407,#11408
    )),.UNSPECIFIED.,.F.,.F.,.F.,(4,4),(2,2),(5.,6.),(0.,1.),
  .PIECEWISE_BEZIER_KNOTS.);
#11401 = CARTESIAN_POINT('',(1.198787074356,0.646616441572,
    0.709999999999));
#11402 = CARTESIAN_POINT('',(1.198787074356,0.646616441572,
    0.699999999999));
#11403 = CARTESIAN_POINT('',(1.191352805255,0.653010952757,
    0.709999999999));
#11404 = CARTESIAN_POINT('',(1.191352805255,0.653010952757,
    0.699999999999));
#11405 = CARTESIAN_POINT('',(1.181553086894,0.656182214402,
    0.709999999999));
#11406 = CARTESIAN_POINT('',(1.181553086894,0.656182214402,
    0.699999999999));
#11407 = CARTESIAN_POINT('',(1.169439907168,0.656182214402,
    0.709999999999));
#11408 = CARTESIAN_POINT('',(1.169439907168,0.656182214402,
    0.699999999999));
#11409 = ADVANCED_FACE('',(#11410),#11419,.T.);
#11410 = FACE_BOUND('',#11411,.T.);
#11411 = EDGE_LOOP('',(#11412,#11413,#11414,#11415,#11416,#11417,#11418)
  );
#11412 = ORIENTED_EDGE('',*,*,#11225,.T.);
#11413 = ORIENTED_EDGE('',*,*,#11256,.T.);
#11414 = ORIENTED_EDGE('',*,*,#11280,.T.);
#11415 = ORIENTED_EDGE('',*,*,#11304,.T.);
#11416 = ORIENTED_EDGE('',*,*,#11333,.T.);
#11417 = ORIENTED_EDGE('',*,*,#11362,.T.);
#11418 = ORIENTED_EDGE('',*,*,#11391,.T.);
#11419 = PLANE('',#11420);
#11420 = AXIS2_PLACEMENT_3D('',#11421,#11422,#11423);
#11421 = CARTESIAN_POINT('',(0.,0.,0.699999999999));
#11422 = DIRECTION('',(0.,0.,1.));
#11423 = DIRECTION('',(1.,0.,-0.));
#11424 = ADVANCED_FACE('',(#11425,#11491),#11543,.F.);
#11425 = FACE_BOUND('',#11426,.T.);
#11426 = EDGE_LOOP('',(#11427,#11437,#11445,#11453,#11461,#11469,#11477,
    #11485));
#11427 = ORIENTED_EDGE('',*,*,#11428,.T.);
#11428 = EDGE_CURVE('',#11429,#11431,#11433,.T.);
#11429 = VERTEX_POINT('',#11430);
#11430 = CARTESIAN_POINT('',(1.32088064768,0.566191166745,0.709999999999
    ));
#11431 = VERTEX_POINT('',#11432);
#11432 = CARTESIAN_POINT('',(1.282149665298,0.667879490961,
    0.709999999999));
#11433 = LINE('',#11434,#11435);
#11434 = CARTESIAN_POINT('',(1.282149665298,0.667879490961,
    0.709999999999));
#11435 = VECTOR('',#11436,1.);
#11436 = DIRECTION('',(-0.355935724364,0.934510438744,0.));
#11437 = ORIENTED_EDGE('',*,*,#11438,.T.);
#11438 = EDGE_CURVE('',#11431,#11439,#11441,.T.);
#11439 = VERTEX_POINT('',#11440);
#11440 = CARTESIAN_POINT('',(1.268112933427,0.667879490961,
    0.709999999999));
#11441 = LINE('',#11442,#11443);
#11442 = CARTESIAN_POINT('',(1.268112933427,0.667879490961,
    0.709999999999));
#11443 = VECTOR('',#11444,1.);
#11444 = DIRECTION('',(-1.,0.,0.));
#11445 = ORIENTED_EDGE('',*,*,#11446,.T.);
#11446 = EDGE_CURVE('',#11439,#11447,#11449,.T.);
#11447 = VERTEX_POINT('',#11448);
#11448 = CARTESIAN_POINT('',(1.229381951044,0.566191166745,
    0.709999999999));
#11449 = LINE('',#11450,#11451);
#11450 = CARTESIAN_POINT('',(1.229381951044,0.566191166745,
    0.709999999999));
#11451 = VECTOR('',#11452,1.);
#11452 = DIRECTION('',(-0.355935724369,-0.934510438742,0.));
#11453 = ORIENTED_EDGE('',*,*,#11454,.T.);
#11454 = EDGE_CURVE('',#11447,#11455,#11457,.T.);
#11455 = VERTEX_POINT('',#11456);
#11456 = CARTESIAN_POINT('',(1.243886573976,0.566191166745,
    0.709999999999));
#11457 = LINE('',#11458,#11459);
#11458 = CARTESIAN_POINT('',(1.243886573976,0.566191166745,
    0.709999999999));
#11459 = VECTOR('',#11460,1.);
#11460 = DIRECTION('',(1.,0.,0.));
#11461 = ORIENTED_EDGE('',*,*,#11462,.T.);
#11462 = EDGE_CURVE('',#11455,#11463,#11465,.T.);
#11463 = VERTEX_POINT('',#11464);
#11464 = CARTESIAN_POINT('',(1.25366029839,0.594004691006,0.709999999999
    ));
#11465 = LINE('',#11466,#11467);
#11466 = CARTESIAN_POINT('',(1.25366029839,0.594004691006,0.709999999999
    ));
#11467 = VECTOR('',#11468,1.);
#11468 = DIRECTION('',(0.331528418357,0.94344523308,0.));
#11469 = ORIENTED_EDGE('',*,*,#11470,.T.);
#11470 = EDGE_CURVE('',#11463,#11471,#11473,.T.);
#11471 = VERTEX_POINT('',#11472);
#11472 = CARTESIAN_POINT('',(1.296004439532,0.594004691006,
    0.709999999999));
#11473 = LINE('',#11474,#11475);
#11474 = CARTESIAN_POINT('',(1.296004439532,0.594004691006,
    0.709999999999));
#11475 = VECTOR('',#11476,1.);
#11476 = DIRECTION('',(1.,0.,0.));
#11477 = ORIENTED_EDGE('',*,*,#11478,.T.);
#11478 = EDGE_CURVE('',#11471,#11479,#11481,.T.);
#11479 = VERTEX_POINT('',#11480);
#11480 = CARTESIAN_POINT('',(1.306376024748,0.566191166745,
    0.709999999999));
#11481 = LINE('',#11482,#11483);
#11482 = CARTESIAN_POINT('',(1.306376024748,0.566191166745,
    0.709999999999));
#11483 = VECTOR('',#11484,1.);
#11484 = DIRECTION('',(0.349395479497,-0.936975345944,0.));
#11485 = ORIENTED_EDGE('',*,*,#11486,.T.);
#11486 = EDGE_CURVE('',#11479,#11429,#11487,.T.);
#11487 = LINE('',#11488,#11489);
#11488 = CARTESIAN_POINT('',(1.32088064768,0.566191166745,0.709999999999
    ));
#11489 = VECTOR('',#11490,1.);
#11490 = DIRECTION('',(1.,0.,0.));
#11491 = FACE_BOUND('',#11492,.T.);
#11492 = EDGE_LOOP('',(#11493,#11503,#11511,#11520,#11528,#11537));
#11493 = ORIENTED_EDGE('',*,*,#11494,.F.);
#11494 = EDGE_CURVE('',#11495,#11497,#11499,.T.);
#11495 = VERTEX_POINT('',#11496);
#11496 = CARTESIAN_POINT('',(1.257819330056,0.605494015982,
    0.709999999999));
#11497 = VERTEX_POINT('',#11498);
#11498 = CARTESIAN_POINT('',(1.291949383659,0.605494015982,
    0.709999999999));
#11499 = LINE('',#11500,#11501);
#11500 = CARTESIAN_POINT('',(1.257819330056,0.605494015982,
    0.709999999999));
#11501 = VECTOR('',#11502,1.);
#11502 = DIRECTION('',(1.,0.,0.));
#11503 = ORIENTED_EDGE('',*,*,#11504,.F.);
#11504 = EDGE_CURVE('',#11505,#11495,#11507,.T.);
#11505 = VERTEX_POINT('',#11506);
#11506 = CARTESIAN_POINT('',(1.273025789581,0.64776017528,0.709999999999
    ));
#11507 = LINE('',#11508,#11509);
#11508 = CARTESIAN_POINT('',(1.273025789581,0.64776017528,0.709999999999
    ));
#11509 = VECTOR('',#11510,1.);
#11510 = DIRECTION('',(-0.338535034295,-0.940953787683,0.));
#11511 = ORIENTED_EDGE('',*,*,#11512,.F.);
#11512 = EDGE_CURVE('',#11513,#11505,#11515,.T.);
#11513 = VERTEX_POINT('',#11514);
#11514 = CARTESIAN_POINT('',(1.274689402248,0.654882517006,
    0.709999999999));
#11515 = B_SPLINE_CURVE_WITH_KNOTS('',3,(#11516,#11517,#11518,#11519),
  .UNSPECIFIED.,.F.,.F.,(4,4),(3.,4.),.PIECEWISE_BEZIER_KNOTS.);
#11516 = CARTESIAN_POINT('',(1.274689402248,0.654882517006,
    0.709999999999));
#11517 = CARTESIAN_POINT('',(1.274195517237,0.651815231153,
    0.709999999999));
#11518 = CARTESIAN_POINT('',(1.273649644332,0.649423787946,
    0.709999999999));
#11519 = CARTESIAN_POINT('',(1.273025789581,0.64776017528,0.709999999999
    ));
#11520 = ORIENTED_EDGE('',*,*,#11521,.F.);
#11521 = EDGE_CURVE('',#11522,#11513,#11524,.T.);
#11522 = VERTEX_POINT('',#11523);
#11523 = CARTESIAN_POINT('',(1.275001329623,0.654882517006,
    0.709999999999));
#11524 = LINE('',#11525,#11526);
#11525 = CARTESIAN_POINT('',(1.275001329623,0.654882517006,
    0.709999999999));
#11526 = VECTOR('',#11527,1.);
#11527 = DIRECTION('',(-1.,0.,0.));
#11528 = ORIENTED_EDGE('',*,*,#11529,.F.);
#11529 = EDGE_CURVE('',#11530,#11522,#11532,.T.);
#11530 = VERTEX_POINT('',#11531);
#11531 = CARTESIAN_POINT('',(1.276586960445,0.64776017528,0.709999999999
    ));
#11532 = B_SPLINE_CURVE_WITH_KNOTS('',3,(#11533,#11534,#11535,#11536),
  .UNSPECIFIED.,.F.,.F.,(4,4),(1.,2.),.PIECEWISE_BEZIER_KNOTS.);
#11533 = CARTESIAN_POINT('',(1.276586960445,0.64776017528,0.709999999999
    ));
#11534 = CARTESIAN_POINT('',(1.276093075435,0.649163848467,
    0.709999999999));
#11535 = CARTESIAN_POINT('',(1.275573196476,0.651503303779,
    0.709999999999));
#11536 = CARTESIAN_POINT('',(1.275001329623,0.654882517006,
    0.709999999999));
#11537 = ORIENTED_EDGE('',*,*,#11538,.F.);
#11538 = EDGE_CURVE('',#11497,#11530,#11539,.T.);
#11539 = LINE('',#11540,#11541);
#11540 = CARTESIAN_POINT('',(1.291949383659,0.605494015982,
    0.709999999999));
#11541 = VECTOR('',#11542,1.);
#11542 = DIRECTION('',(-0.34160383069,0.939844041774,0.));
#11543 = PLANE('',#11544);
#11544 = AXIS2_PLACEMENT_3D('',#11545,#11546,#11547);
#11545 = CARTESIAN_POINT('',(0.,0.,0.709999999999));
#11546 = DIRECTION('',(0.,0.,-1.));
#11547 = DIRECTION('',(-1.,0.,0.));
#11548 = ADVANCED_FACE('',(#11549),#11565,.F.);
#11549 = FACE_BOUND('',#11550,.T.);
#11550 = EDGE_LOOP('',(#11551,#11552,#11558,#11559));
#11551 = ORIENTED_EDGE('',*,*,#114,.T.);
#11552 = ORIENTED_EDGE('',*,*,#11553,.F.);
#11553 = EDGE_CURVE('',#11431,#105,#11554,.T.);
#11554 = LINE('',#11555,#11556);
#11555 = CARTESIAN_POINT('',(1.282149665298,0.667879490961,
    0.709999999999));
#11556 = VECTOR('',#11557,1.);
#11557 = DIRECTION('',(0.,0.,-1.));
#11558 = ORIENTED_EDGE('',*,*,#11428,.F.);
#11559 = ORIENTED_EDGE('',*,*,#11560,.T.);
#11560 = EDGE_CURVE('',#11429,#115,#11561,.T.);
#11561 = LINE('',#11562,#11563);
#11562 = CARTESIAN_POINT('',(1.32088064768,0.566191166745,0.709999999999
    ));
#11563 = VECTOR('',#11564,1.);
#11564 = DIRECTION('',(0.,0.,-1.));
#11565 = PLANE('',#11566);
#11566 = AXIS2_PLACEMENT_3D('',#11567,#11568,#11569);
#11567 = CARTESIAN_POINT('',(1.282149665298,0.667879490961,
    0.709999999999));
#11568 = DIRECTION('',(-0.934510438744,-0.355935724364,0.));
#11569 = DIRECTION('',(0.355935724364,-0.934510438744,0.));
#11570 = ADVANCED_FACE('',(#11571),#11582,.F.);
#11571 = FACE_BOUND('',#11572,.T.);
#11572 = EDGE_LOOP('',(#11573,#11574,#11580,#11581));
#11573 = ORIENTED_EDGE('',*,*,#104,.T.);
#11574 = ORIENTED_EDGE('',*,*,#11575,.F.);
#11575 = EDGE_CURVE('',#11439,#107,#11576,.T.);
#11576 = LINE('',#11577,#11578);
#11577 = CARTESIAN_POINT('',(1.268112933427,0.667879490961,
    0.709999999999));
#11578 = VECTOR('',#11579,1.);
#11579 = DIRECTION('',(0.,0.,-1.));
#11580 = ORIENTED_EDGE('',*,*,#11438,.F.);
#11581 = ORIENTED_EDGE('',*,*,#11553,.T.);
#11582 = PLANE('',#11583);
#11583 = AXIS2_PLACEMENT_3D('',#11584,#11585,#11586);
#11584 = CARTESIAN_POINT('',(1.268112933427,0.667879490961,
    0.709999999999));
#11585 = DIRECTION('',(0.,-1.,0.));
#11586 = DIRECTION('',(0.,0.,-1.));
#11587 = ADVANCED_FACE('',(#11588),#11599,.F.);
#11588 = FACE_BOUND('',#11589,.T.);
#11589 = EDGE_LOOP('',(#11590,#11591,#11597,#11598));
#11590 = ORIENTED_EDGE('',*,*,#162,.T.);
#11591 = ORIENTED_EDGE('',*,*,#11592,.F.);
#11592 = EDGE_CURVE('',#11447,#155,#11593,.T.);
#11593 = LINE('',#11594,#11595);
#11594 = CARTESIAN_POINT('',(1.229381951044,0.566191166745,
    0.709999999999));
#11595 = VECTOR('',#11596,1.);
#11596 = DIRECTION('',(0.,0.,-1.));
#11597 = ORIENTED_EDGE('',*,*,#11446,.F.);
#11598 = ORIENTED_EDGE('',*,*,#11575,.T.);
#11599 = PLANE('',#11600);
#11600 = AXIS2_PLACEMENT_3D('',#11601,#11602,#11603);
#11601 = CARTESIAN_POINT('',(1.229381951044,0.566191166745,
    0.709999999999));
#11602 = DIRECTION('',(0.934510438742,-0.355935724369,0.));
#11603 = DIRECTION('',(0.355935724369,0.934510438742,0.));
#11604 = ADVANCED_FACE('',(#11605),#11616,.F.);
#11605 = FACE_BOUND('',#11606,.T.);
#11606 = EDGE_LOOP('',(#11607,#11608,#11614,#11615));
#11607 = ORIENTED_EDGE('',*,*,#154,.T.);
#11608 = ORIENTED_EDGE('',*,*,#11609,.F.);
#11609 = EDGE_CURVE('',#11455,#147,#11610,.T.);
#11610 = LINE('',#11611,#11612);
#11611 = CARTESIAN_POINT('',(1.243886573976,0.566191166745,
    0.709999999999));
#11612 = VECTOR('',#11613,1.);
#11613 = DIRECTION('',(0.,0.,-1.));
#11614 = ORIENTED_EDGE('',*,*,#11454,.F.);
#11615 = ORIENTED_EDGE('',*,*,#11592,.T.);
#11616 = PLANE('',#11617);
#11617 = AXIS2_PLACEMENT_3D('',#11618,#11619,#11620);
#11618 = CARTESIAN_POINT('',(1.243886573976,0.566191166745,
    0.709999999999));
#11619 = DIRECTION('',(0.,1.,0.));
#11620 = DIRECTION('',(0.,-0.,1.));
#11621 = ADVANCED_FACE('',(#11622),#11633,.F.);
#11622 = FACE_BOUND('',#11623,.T.);
#11623 = EDGE_LOOP('',(#11624,#11625,#11631,#11632));
#11624 = ORIENTED_EDGE('',*,*,#146,.T.);
#11625 = ORIENTED_EDGE('',*,*,#11626,.F.);
#11626 = EDGE_CURVE('',#11463,#139,#11627,.T.);
#11627 = LINE('',#11628,#11629);
#11628 = CARTESIAN_POINT('',(1.25366029839,0.594004691006,0.709999999999
    ));
#11629 = VECTOR('',#11630,1.);
#11630 = DIRECTION('',(0.,0.,-1.));
#11631 = ORIENTED_EDGE('',*,*,#11462,.F.);
#11632 = ORIENTED_EDGE('',*,*,#11609,.T.);
#11633 = PLANE('',#11634);
#11634 = AXIS2_PLACEMENT_3D('',#11635,#11636,#11637);
#11635 = CARTESIAN_POINT('',(1.25366029839,0.594004691006,0.709999999999
    ));
#11636 = DIRECTION('',(-0.94344523308,0.331528418357,0.));
#11637 = DIRECTION('',(-0.331528418357,-0.94344523308,0.));
#11638 = ADVANCED_FACE('',(#11639),#11650,.F.);
#11639 = FACE_BOUND('',#11640,.T.);
#11640 = EDGE_LOOP('',(#11641,#11642,#11648,#11649));
#11641 = ORIENTED_EDGE('',*,*,#138,.T.);
#11642 = ORIENTED_EDGE('',*,*,#11643,.F.);
#11643 = EDGE_CURVE('',#11471,#131,#11644,.T.);
#11644 = LINE('',#11645,#11646);
#11645 = CARTESIAN_POINT('',(1.296004439532,0.594004691006,
    0.709999999999));
#11646 = VECTOR('',#11647,1.);
#11647 = DIRECTION('',(0.,0.,-1.));
#11648 = ORIENTED_EDGE('',*,*,#11470,.F.);
#11649 = ORIENTED_EDGE('',*,*,#11626,.T.);
#11650 = PLANE('',#11651);
#11651 = AXIS2_PLACEMENT_3D('',#11652,#11653,#11654);
#11652 = CARTESIAN_POINT('',(1.296004439532,0.594004691006,
    0.709999999999));
#11653 = DIRECTION('',(0.,1.,0.));
#11654 = DIRECTION('',(0.,-0.,1.));
#11655 = ADVANCED_FACE('',(#11656),#11667,.F.);
#11656 = FACE_BOUND('',#11657,.T.);
#11657 = EDGE_LOOP('',(#11658,#11659,#11665,#11666));
#11658 = ORIENTED_EDGE('',*,*,#130,.T.);
#11659 = ORIENTED_EDGE('',*,*,#11660,.F.);
#11660 = EDGE_CURVE('',#11479,#123,#11661,.T.);
#11661 = LINE('',#11662,#11663);
#11662 = CARTESIAN_POINT('',(1.306376024748,0.566191166745,
    0.709999999999));
#11663 = VECTOR('',#11664,1.);
#11664 = DIRECTION('',(0.,0.,-1.));
#11665 = ORIENTED_EDGE('',*,*,#11478,.F.);
#11666 = ORIENTED_EDGE('',*,*,#11643,.T.);
#11667 = PLANE('',#11668);
#11668 = AXIS2_PLACEMENT_3D('',#11669,#11670,#11671);
#11669 = CARTESIAN_POINT('',(1.306376024748,0.566191166745,
    0.709999999999));
#11670 = DIRECTION('',(0.936975345944,0.349395479497,0.));
#11671 = DIRECTION('',(-0.349395479497,0.936975345944,0.));
#11672 = ADVANCED_FACE('',(#11673),#11679,.F.);
#11673 = FACE_BOUND('',#11674,.T.);
#11674 = EDGE_LOOP('',(#11675,#11676,#11677,#11678));
#11675 = ORIENTED_EDGE('',*,*,#122,.T.);
#11676 = ORIENTED_EDGE('',*,*,#11560,.F.);
#11677 = ORIENTED_EDGE('',*,*,#11486,.F.);
#11678 = ORIENTED_EDGE('',*,*,#11660,.T.);
#11679 = PLANE('',#11680);
#11680 = AXIS2_PLACEMENT_3D('',#11681,#11682,#11683);
#11681 = CARTESIAN_POINT('',(1.32088064768,0.566191166745,0.709999999999
    ));
#11682 = DIRECTION('',(0.,1.,0.));
#11683 = DIRECTION('',(0.,-0.,1.));
#11684 = ADVANCED_FACE('',(#11685),#11710,.T.);
#11685 = FACE_BOUND('',#11686,.T.);
#11686 = EDGE_LOOP('',(#11687,#11697,#11703,#11704));
#11687 = ORIENTED_EDGE('',*,*,#11688,.F.);
#11688 = EDGE_CURVE('',#11689,#11691,#11693,.T.);
#11689 = VERTEX_POINT('',#11690);
#11690 = CARTESIAN_POINT('',(1.257819330056,0.605494015982,
    0.699999999999));
#11691 = VERTEX_POINT('',#11692);
#11692 = CARTESIAN_POINT('',(1.291949383659,0.605494015982,
    0.699999999999));
#11693 = LINE('',#11694,#11695);
#11694 = CARTESIAN_POINT('',(1.257819330056,0.605494015982,
    0.699999999999));
#11695 = VECTOR('',#11696,1.);
#11696 = DIRECTION('',(1.,0.,0.));
#11697 = ORIENTED_EDGE('',*,*,#11698,.F.);
#11698 = EDGE_CURVE('',#11495,#11689,#11699,.T.);
#11699 = LINE('',#11700,#11701);
#11700 = CARTESIAN_POINT('',(1.257819330056,0.605494015982,
    0.709999999999));
#11701 = VECTOR('',#11702,1.);
#11702 = DIRECTION('',(0.,0.,-1.));
#11703 = ORIENTED_EDGE('',*,*,#11494,.T.);
#11704 = ORIENTED_EDGE('',*,*,#11705,.T.);
#11705 = EDGE_CURVE('',#11497,#11691,#11706,.T.);
#11706 = LINE('',#11707,#11708);
#11707 = CARTESIAN_POINT('',(1.291949383659,0.605494015982,
    0.709999999999));
#11708 = VECTOR('',#11709,1.);
#11709 = DIRECTION('',(0.,0.,-1.));
#11710 = PLANE('',#11711);
#11711 = AXIS2_PLACEMENT_3D('',#11712,#11713,#11714);
#11712 = CARTESIAN_POINT('',(1.257819330056,0.605494015982,
    0.709999999999));
#11713 = DIRECTION('',(0.,1.,0.));
#11714 = DIRECTION('',(0.,-0.,1.));
#11715 = ADVANCED_FACE('',(#11716),#11734,.T.);
#11716 = FACE_BOUND('',#11717,.T.);
#11717 = EDGE_LOOP('',(#11718,#11726,#11727,#11728));
#11718 = ORIENTED_EDGE('',*,*,#11719,.F.);
#11719 = EDGE_CURVE('',#11691,#11720,#11722,.T.);
#11720 = VERTEX_POINT('',#11721);
#11721 = CARTESIAN_POINT('',(1.276586960445,0.64776017528,0.699999999999
    ));
#11722 = LINE('',#11723,#11724);
#11723 = CARTESIAN_POINT('',(1.291949383659,0.605494015982,
    0.699999999999));
#11724 = VECTOR('',#11725,1.);
#11725 = DIRECTION('',(-0.34160383069,0.939844041774,0.));
#11726 = ORIENTED_EDGE('',*,*,#11705,.F.);
#11727 = ORIENTED_EDGE('',*,*,#11538,.T.);
#11728 = ORIENTED_EDGE('',*,*,#11729,.T.);
#11729 = EDGE_CURVE('',#11530,#11720,#11730,.T.);
#11730 = LINE('',#11731,#11732);
#11731 = CARTESIAN_POINT('',(1.276586960445,0.64776017528,0.709999999999
    ));
#11732 = VECTOR('',#11733,1.);
#11733 = DIRECTION('',(0.,0.,-1.));
#11734 = PLANE('',#11735);
#11735 = AXIS2_PLACEMENT_3D('',#11736,#11737,#11738);
#11736 = CARTESIAN_POINT('',(1.291949383659,0.605494015982,
    0.709999999999));
#11737 = DIRECTION('',(-0.939844041774,-0.34160383069,0.));
#11738 = DIRECTION('',(0.34160383069,-0.939844041774,0.));
#11739 = ADVANCED_FACE('',(#11740),#11759,.T.);
#11740 = FACE_BOUND('',#11741,.T.);
#11741 = EDGE_LOOP('',(#11742,#11751,#11752,#11753));
#11742 = ORIENTED_EDGE('',*,*,#11743,.F.);
#11743 = EDGE_CURVE('',#11720,#11744,#11746,.T.);
#11744 = VERTEX_POINT('',#11745);
#11745 = CARTESIAN_POINT('',(1.275001329623,0.654882517006,
    0.699999999999));
#11746 = B_SPLINE_CURVE_WITH_KNOTS('',3,(#11747,#11748,#11749,#11750),
  .UNSPECIFIED.,.F.,.F.,(4,4),(1.,2.),.PIECEWISE_BEZIER_KNOTS.);
#11747 = CARTESIAN_POINT('',(1.276586960445,0.64776017528,0.699999999999
    ));
#11748 = CARTESIAN_POINT('',(1.276093075435,0.649163848467,
    0.699999999999));
#11749 = CARTESIAN_POINT('',(1.275573196476,0.651503303779,
    0.699999999999));
#11750 = CARTESIAN_POINT('',(1.275001329623,0.654882517006,
    0.699999999999));
#11751 = ORIENTED_EDGE('',*,*,#11729,.F.);
#11752 = ORIENTED_EDGE('',*,*,#11529,.T.);
#11753 = ORIENTED_EDGE('',*,*,#11754,.T.);
#11754 = EDGE_CURVE('',#11522,#11744,#11755,.T.);
#11755 = LINE('',#11756,#11757);
#11756 = CARTESIAN_POINT('',(1.275001329623,0.654882517006,
    0.709999999999));
#11757 = VECTOR('',#11758,1.);
#11758 = DIRECTION('',(0.,0.,-1.));
#11759 = B_SPLINE_SURFACE_WITH_KNOTS('',3,1,(
    (#11760,#11761)
    ,(#11762,#11763)
    ,(#11764,#11765)
    ,(#11766,#11767
    )),.UNSPECIFIED.,.F.,.F.,.F.,(4,4),(2,2),(1.,2.),(0.,1.),
  .PIECEWISE_BEZIER_KNOTS.);
#11760 = CARTESIAN_POINT('',(1.276586960445,0.64776017528,0.709999999999
    ));
#11761 = CARTESIAN_POINT('',(1.276586960445,0.64776017528,0.699999999999
    ));
#11762 = CARTESIAN_POINT('',(1.276093075435,0.649163848467,
    0.709999999999));
#11763 = CARTESIAN_POINT('',(1.276093075435,0.649163848467,
    0.699999999999));
#11764 = CARTESIAN_POINT('',(1.275573196476,0.651503303779,
    0.709999999999));
#11765 = CARTESIAN_POINT('',(1.275573196476,0.651503303779,
    0.699999999999));
#11766 = CARTESIAN_POINT('',(1.275001329623,0.654882517006,
    0.709999999999));
#11767 = CARTESIAN_POINT('',(1.275001329623,0.654882517006,
    0.699999999999));
#11768 = ADVANCED_FACE('',(#11769),#11787,.T.);
#11769 = FACE_BOUND('',#11770,.T.);
#11770 = EDGE_LOOP('',(#11771,#11779,#11780,#11781));
#11771 = ORIENTED_EDGE('',*,*,#11772,.F.);
#11772 = EDGE_CURVE('',#11744,#11773,#11775,.T.);
#11773 = VERTEX_POINT('',#11774);
#11774 = CARTESIAN_POINT('',(1.274689402248,0.654882517006,
    0.699999999999));
#11775 = LINE('',#11776,#11777);
#11776 = CARTESIAN_POINT('',(1.275001329623,0.654882517006,
    0.699999999999));
#11777 = VECTOR('',#11778,1.);
#11778 = DIRECTION('',(-1.,0.,0.));
#11779 = ORIENTED_EDGE('',*,*,#11754,.F.);
#11780 = ORIENTED_EDGE('',*,*,#11521,.T.);
#11781 = ORIENTED_EDGE('',*,*,#11782,.T.);
#11782 = EDGE_CURVE('',#11513,#11773,#11783,.T.);
#11783 = LINE('',#11784,#11785);
#11784 = CARTESIAN_POINT('',(1.274689402248,0.654882517006,
    0.709999999999));
#11785 = VECTOR('',#11786,1.);
#11786 = DIRECTION('',(0.,0.,-1.));
#11787 = PLANE('',#11788);
#11788 = AXIS2_PLACEMENT_3D('',#11789,#11790,#11791);
#11789 = CARTESIAN_POINT('',(1.275001329623,0.654882517006,
    0.709999999999));
#11790 = DIRECTION('',(0.,-1.,0.));
#11791 = DIRECTION('',(0.,0.,-1.));
#11792 = ADVANCED_FACE('',(#11793),#11812,.T.);
#11793 = FACE_BOUND('',#11794,.T.);
#11794 = EDGE_LOOP('',(#11795,#11804,#11805,#11806));
#11795 = ORIENTED_EDGE('',*,*,#11796,.F.);
#11796 = EDGE_CURVE('',#11773,#11797,#11799,.T.);
#11797 = VERTEX_POINT('',#11798);
#11798 = CARTESIAN_POINT('',(1.273025789581,0.64776017528,0.699999999999
    ));
#11799 = B_SPLINE_CURVE_WITH_KNOTS('',3,(#11800,#11801,#11802,#11803),
  .UNSPECIFIED.,.F.,.F.,(4,4),(3.,4.),.PIECEWISE_BEZIER_KNOTS.);
#11800 = CARTESIAN_POINT('',(1.274689402248,0.654882517006,
    0.699999999999));
#11801 = CARTESIAN_POINT('',(1.274195517237,0.651815231153,
    0.699999999999));
#11802 = CARTESIAN_POINT('',(1.273649644332,0.649423787946,
    0.699999999999));
#11803 = CARTESIAN_POINT('',(1.273025789581,0.64776017528,0.699999999999
    ));
#11804 = ORIENTED_EDGE('',*,*,#11782,.F.);
#11805 = ORIENTED_EDGE('',*,*,#11512,.T.);
#11806 = ORIENTED_EDGE('',*,*,#11807,.T.);
#11807 = EDGE_CURVE('',#11505,#11797,#11808,.T.);
#11808 = LINE('',#11809,#11810);
#11809 = CARTESIAN_POINT('',(1.273025789581,0.64776017528,0.709999999999
    ));
#11810 = VECTOR('',#11811,1.);
#11811 = DIRECTION('',(0.,0.,-1.));
#11812 = B_SPLINE_SURFACE_WITH_KNOTS('',3,1,(
    (#11813,#11814)
    ,(#11815,#11816)
    ,(#11817,#11818)
    ,(#11819,#11820
    )),.UNSPECIFIED.,.F.,.F.,.F.,(4,4),(2,2),(3.,4.),(0.,1.),
  .PIECEWISE_BEZIER_KNOTS.);
#11813 = CARTESIAN_POINT('',(1.274689402248,0.654882517006,
    0.709999999999));
#11814 = CARTESIAN_POINT('',(1.274689402248,0.654882517006,
    0.699999999999));
#11815 = CARTESIAN_POINT('',(1.274195517237,0.651815231153,
    0.709999999999));
#11816 = CARTESIAN_POINT('',(1.274195517237,0.651815231153,
    0.699999999999));
#11817 = CARTESIAN_POINT('',(1.273649644332,0.649423787946,
    0.709999999999));
#11818 = CARTESIAN_POINT('',(1.273649644332,0.649423787946,
    0.699999999999));
#11819 = CARTESIAN_POINT('',(1.273025789581,0.64776017528,0.709999999999
    ));
#11820 = CARTESIAN_POINT('',(1.273025789581,0.64776017528,0.699999999999
    ));
#11821 = ADVANCED_FACE('',(#11822),#11833,.T.);
#11822 = FACE_BOUND('',#11823,.T.);
#11823 = EDGE_LOOP('',(#11824,#11830,#11831,#11832));
#11824 = ORIENTED_EDGE('',*,*,#11825,.F.);
#11825 = EDGE_CURVE('',#11797,#11689,#11826,.T.);
#11826 = LINE('',#11827,#11828);
#11827 = CARTESIAN_POINT('',(1.273025789581,0.64776017528,0.699999999999
    ));
#11828 = VECTOR('',#11829,1.);
#11829 = DIRECTION('',(-0.338535034295,-0.940953787683,0.));
#11830 = ORIENTED_EDGE('',*,*,#11807,.F.);
#11831 = ORIENTED_EDGE('',*,*,#11504,.T.);
#11832 = ORIENTED_EDGE('',*,*,#11698,.T.);
#11833 = PLANE('',#11834);
#11834 = AXIS2_PLACEMENT_3D('',#11835,#11836,#11837);
#11835 = CARTESIAN_POINT('',(1.273025789581,0.64776017528,0.709999999999
    ));
#11836 = DIRECTION('',(0.940953787683,-0.338535034295,0.));
#11837 = DIRECTION('',(0.338535034295,0.940953787683,0.));
#11838 = ADVANCED_FACE('',(#11839),#11847,.T.);
#11839 = FACE_BOUND('',#11840,.T.);
#11840 = EDGE_LOOP('',(#11841,#11842,#11843,#11844,#11845,#11846));
#11841 = ORIENTED_EDGE('',*,*,#11688,.T.);
#11842 = ORIENTED_EDGE('',*,*,#11719,.T.);
#11843 = ORIENTED_EDGE('',*,*,#11743,.T.);
#11844 = ORIENTED_EDGE('',*,*,#11772,.T.);
#11845 = ORIENTED_EDGE('',*,*,#11796,.T.);
#11846 = ORIENTED_EDGE('',*,*,#11825,.T.);
#11847 = PLANE('',#11848);
#11848 = AXIS2_PLACEMENT_3D('',#11849,#11850,#11851);
#11849 = CARTESIAN_POINT('',(0.,0.,0.699999999999));
#11850 = DIRECTION('',(0.,0.,1.));
#11851 = DIRECTION('',(1.,0.,-0.));
#11852 = ADVANCED_FACE('',(#11853,#12147),#12172,.F.);
#11853 = FACE_BOUND('',#11854,.T.);
#11854 = EDGE_LOOP('',(#11855,#11866,#11875,#11884,#11893,#11902,#11911,
    #11920,#11929,#11938,#11947,#11956,#11965,#11974,#11982,#11990,
    #11998,#12007,#12016,#12025,#12034,#12043,#12052,#12061,#12070,
    #12079,#12088,#12096,#12105,#12114,#12123,#12131,#12140));
#11855 = ORIENTED_EDGE('',*,*,#11856,.T.);
#11856 = EDGE_CURVE('',#11857,#11859,#11861,.T.);
#11857 = VERTEX_POINT('',#11858);
#11858 = CARTESIAN_POINT('',(0.702150549577,0.667057596964,
    0.709999999999));
#11859 = VERTEX_POINT('',#11860);
#11860 = CARTESIAN_POINT('',(0.630574201182,0.761769731815,
    0.709999999999));
#11861 = B_SPLINE_CURVE_WITH_KNOTS('',3,(#11862,#11863,#11864,#11865),
  .UNSPECIFIED.,.F.,.F.,(4,4),(35.,36.),.PIECEWISE_BEZIER_KNOTS.);
#11862 = CARTESIAN_POINT('',(0.702150549577,0.667057596964,
    0.709999999999));
#11863 = CARTESIAN_POINT('',(0.701427567024,0.710437184502,
    0.709999999999));
#11864 = CARTESIAN_POINT('',(0.671784813479,0.748755852796,
    0.709999999999));
#11865 = CARTESIAN_POINT('',(0.630574201182,0.761769731815,
    0.709999999999));
#11866 = ORIENTED_EDGE('',*,*,#11867,.T.);
#11867 = EDGE_CURVE('',#11859,#11868,#11870,.T.);
#11868 = VERTEX_POINT('',#11869);
#11869 = CARTESIAN_POINT('',(0.591532536544,0.818886225742,
    0.709999999999));
#11870 = B_SPLINE_CURVE_WITH_KNOTS('',3,(#11871,#11872,#11873,#11874),
  .UNSPECIFIED.,.F.,.F.,(4,4),(0.,1.),.PIECEWISE_BEZIER_KNOTS.);
#11871 = CARTESIAN_POINT('',(0.630574201182,0.761769731815,
    0.709999999999));
#11872 = CARTESIAN_POINT('',(0.622621282776,0.783459539373,
    0.709999999999));
#11873 = CARTESIAN_POINT('',(0.608884393623,0.802980364797,
    0.709999999999));
#11874 = CARTESIAN_POINT('',(0.591532536544,0.818886225742,
    0.709999999999));
#11875 = ORIENTED_EDGE('',*,*,#11876,.T.);
#11876 = EDGE_CURVE('',#11868,#11877,#11879,.T.);
#11877 = VERTEX_POINT('',#11878);
#11878 = CARTESIAN_POINT('',(0.493205419977,0.856481894246,
    0.709999999999));
#11879 = B_SPLINE_CURVE_WITH_KNOTS('',3,(#11880,#11881,#11882,#11883),
  .UNSPECIFIED.,.F.,.F.,(4,4),(1.,2.),.PIECEWISE_BEZIER_KNOTS.);
#11880 = CARTESIAN_POINT('',(0.591532536544,0.818886225742,
    0.709999999999));
#11881 = CARTESIAN_POINT('',(0.564058785819,0.842745016298,
    0.709999999999));
#11882 = CARTESIAN_POINT('',(0.529355099241,0.856481894246,
    0.709999999999));
#11883 = CARTESIAN_POINT('',(0.493205419977,0.856481894246,
    0.709999999999));
#11884 = ORIENTED_EDGE('',*,*,#11885,.T.);
#11885 = EDGE_CURVE('',#11877,#11886,#11888,.T.);
#11886 = VERTEX_POINT('',#11887);
#11887 = CARTESIAN_POINT('',(0.406446189743,0.82828514373,0.709999999999
    ));
#11888 = B_SPLINE_CURVE_WITH_KNOTS('',3,(#11889,#11890,#11891,#11892),
  .UNSPECIFIED.,.F.,.F.,(4,4),(2.,3.),.PIECEWISE_BEZIER_KNOTS.);
#11889 = CARTESIAN_POINT('',(0.493205419977,0.856481894246,
    0.709999999999));
#11890 = CARTESIAN_POINT('',(0.461393704983,0.856481894246,
    0.709999999999));
#11891 = CARTESIAN_POINT('',(0.431750965228,0.846359984224,
    0.709999999999));
#11892 = CARTESIAN_POINT('',(0.406446189743,0.82828514373,0.709999999999
    ));
#11893 = ORIENTED_EDGE('',*,*,#11894,.T.);
#11894 = EDGE_CURVE('',#11886,#11895,#11897,.T.);
#11895 = VERTEX_POINT('',#11896);
#11896 = CARTESIAN_POINT('',(0.374634474748,0.796473425288,
    0.709999999999));
#11897 = B_SPLINE_CURVE_WITH_KNOTS('',3,(#11898,#11899,#11900,#11901),
  .UNSPECIFIED.,.F.,.F.,(4,4),(3.,4.),.PIECEWISE_BEZIER_KNOTS.);
#11898 = CARTESIAN_POINT('',(0.406446189743,0.82828514373,0.709999999999
    ));
#11899 = CARTESIAN_POINT('',(0.394155293277,0.819609218638,
    0.709999999999));
#11900 = CARTESIAN_POINT('',(0.384033385841,0.808764314859,
    0.709999999999));
#11901 = CARTESIAN_POINT('',(0.374634474748,0.796473425288,
    0.709999999999));
#11902 = ORIENTED_EDGE('',*,*,#11903,.T.);
#11903 = EDGE_CURVE('',#11895,#11904,#11906,.T.);
#11904 = VERTEX_POINT('',#11905);
#11905 = CARTESIAN_POINT('',(0.358005627803,0.797919411079,
    0.709999999999));
#11906 = B_SPLINE_CURVE_WITH_KNOTS('',3,(#11907,#11908,#11909,#11910),
  .UNSPECIFIED.,.F.,.F.,(4,4),(4.,5.),.PIECEWISE_BEZIER_KNOTS.);
#11907 = CARTESIAN_POINT('',(0.374634474748,0.796473425288,
    0.709999999999));
#11908 = CARTESIAN_POINT('',(0.368850531582,0.797196421631,
    0.709999999999));
#11909 = CARTESIAN_POINT('',(0.363789570969,0.797919411079,
    0.709999999999));
#11910 = CARTESIAN_POINT('',(0.358005627803,0.797919411079,
    0.709999999999));
#11911 = ORIENTED_EDGE('',*,*,#11912,.T.);
#11912 = EDGE_CURVE('',#11904,#11913,#11915,.T.);
#11913 = VERTEX_POINT('',#11914);
#11914 = CARTESIAN_POINT('',(0.274861365495,0.763215717607,
    0.709999999999));
#11915 = B_SPLINE_CURVE_WITH_KNOTS('',3,(#11916,#11917,#11918,#11919),
  .UNSPECIFIED.,.F.,.F.,(4,4),(5.,6.),.PIECEWISE_BEZIER_KNOTS.);
#11916 = CARTESIAN_POINT('',(0.358005627803,0.797919411079,
    0.709999999999));
#11917 = CARTESIAN_POINT('',(0.326916902256,0.797919411079,
    0.709999999999));
#11918 = CARTESIAN_POINT('',(0.297274169397,0.785628521509,
    0.709999999999));
#11919 = CARTESIAN_POINT('',(0.274861365495,0.763215717607,
    0.709999999999));
#11920 = ORIENTED_EDGE('',*,*,#11921,.T.);
#11921 = EDGE_CURVE('',#11913,#11922,#11924,.T.);
#11922 = VERTEX_POINT('',#11923);
#11923 = CARTESIAN_POINT('',(0.24088064768,0.680794458537,0.709999999999
    ));
#11924 = B_SPLINE_CURVE_WITH_KNOTS('',3,(#11925,#11926,#11927,#11928),
  .UNSPECIFIED.,.F.,.F.,(4,4),(6.,7.),.PIECEWISE_BEZIER_KNOTS.);
#11925 = CARTESIAN_POINT('',(0.274861365495,0.763215717607,
    0.709999999999));
#11926 = CARTESIAN_POINT('',(0.253171538975,0.741525916943,
    0.709999999999));
#11927 = CARTESIAN_POINT('',(0.24088064768,0.711883177188,0.709999999999
    ));
#11928 = CARTESIAN_POINT('',(0.24088064768,0.680794458537,0.709999999999
    ));
#11929 = ORIENTED_EDGE('',*,*,#11930,.T.);
#11930 = EDGE_CURVE('',#11922,#11931,#11933,.T.);
#11931 = VERTEX_POINT('',#11932);
#11932 = CARTESIAN_POINT('',(0.271246376883,0.601988174289,
    0.709999999999));
#11933 = B_SPLINE_CURVE_WITH_KNOTS('',3,(#11934,#11935,#11936,#11937),
  .UNSPECIFIED.,.F.,.F.,(4,4),(7.,8.),.PIECEWISE_BEZIER_KNOTS.);
#11934 = CARTESIAN_POINT('',(0.24088064768,0.680794458537,0.709999999999
    ));
#11935 = CARTESIAN_POINT('',(0.24088064768,0.651874715125,0.709999999999
    ));
#11936 = CARTESIAN_POINT('',(0.251725551459,0.623677954267,
    0.709999999999));
#11937 = CARTESIAN_POINT('',(0.271246376883,0.601988174289,
    0.709999999999));
#11938 = ORIENTED_EDGE('',*,*,#11939,.T.);
#11939 = EDGE_CURVE('',#11931,#11940,#11942,.T.);
#11940 = VERTEX_POINT('',#11941);
#11941 = CARTESIAN_POINT('',(0.329085863706,0.567284487711,
    0.709999999999));
#11942 = B_SPLINE_CURVE_WITH_KNOTS('',3,(#11943,#11944,#11945,#11946),
  .UNSPECIFIED.,.F.,.F.,(4,4),(8.,9.),.PIECEWISE_BEZIER_KNOTS.);
#11943 = CARTESIAN_POINT('',(0.271246376883,0.601988174289,
    0.709999999999));
#11944 = CARTESIAN_POINT('',(0.28715223438,0.584636317209,0.709999999999
    ));
#11945 = CARTESIAN_POINT('',(0.306673066699,0.573068430877,
    0.709999999999));
#11946 = CARTESIAN_POINT('',(0.329085863706,0.567284487711,
    0.709999999999));
#11947 = ORIENTED_EDGE('',*,*,#11948,.T.);
#11948 = EDGE_CURVE('',#11940,#11949,#11951,.T.);
#11949 = VERTEX_POINT('',#11950);
#11950 = CARTESIAN_POINT('',(0.397770261204,0.518120929427,
    0.709999999999));
#11951 = B_SPLINE_CURVE_WITH_KNOTS('',3,(#11952,#11953,#11954,#11955),
  .UNSPECIFIED.,.F.,.F.,(4,4),(9.,10.),.PIECEWISE_BEZIER_KNOTS.);
#11952 = CARTESIAN_POINT('',(0.329085863706,0.567284487711,
    0.709999999999));
#11953 = CARTESIAN_POINT('',(0.338484781694,0.538364744299,
    0.709999999999));
#11954 = CARTESIAN_POINT('',(0.365958532419,0.518120929427,
    0.709999999999));
#11955 = CARTESIAN_POINT('',(0.397770261204,0.518120929427,
    0.709999999999));
#11956 = ORIENTED_EDGE('',*,*,#11957,.T.);
#11957 = EDGE_CURVE('',#11949,#11958,#11960,.T.);
#11958 = VERTEX_POINT('',#11959);
#11959 = CARTESIAN_POINT('',(0.470069619732,0.590420287956,
    0.709999999999));
#11960 = B_SPLINE_CURVE_WITH_KNOTS('',3,(#11961,#11962,#11963,#11964),
  .UNSPECIFIED.,.F.,.F.,(4,4),(10.,11.),.PIECEWISE_BEZIER_KNOTS.);
#11961 = CARTESIAN_POINT('',(0.397770261204,0.518120929427,
    0.709999999999));
#11962 = CARTESIAN_POINT('',(0.437534908394,0.518120929427,
    0.709999999999));
#11963 = CARTESIAN_POINT('',(0.470069619732,0.550655640765,
    0.709999999999));
#11964 = CARTESIAN_POINT('',(0.470069619732,0.590420287956,
    0.709999999999));
#11965 = ORIENTED_EDGE('',*,*,#11966,.T.);
#11966 = EDGE_CURVE('',#11958,#11967,#11969,.T.);
#11967 = VERTEX_POINT('',#11968);
#11968 = CARTESIAN_POINT('',(0.470069619732,0.597650223809,
    0.709999999999));
#11969 = B_SPLINE_CURVE_WITH_KNOTS('',3,(#11970,#11971,#11972,#11973),
  .UNSPECIFIED.,.F.,.F.,(4,4),(11.,12.),.PIECEWISE_BEZIER_KNOTS.);
#11970 = CARTESIAN_POINT('',(0.470069619732,0.590420287956,
    0.709999999999));
#11971 = CARTESIAN_POINT('',(0.470069619732,0.592589263196,
    0.709999999999));
#11972 = CARTESIAN_POINT('',(0.470069619732,0.594758238436,
    0.709999999999));
#11973 = CARTESIAN_POINT('',(0.470069619732,0.597650223809,
    0.709999999999));
#11974 = ORIENTED_EDGE('',*,*,#11975,.T.);
#11975 = EDGE_CURVE('',#11967,#11976,#11978,.T.);
#11976 = VERTEX_POINT('',#11977);
#11977 = CARTESIAN_POINT('',(0.571288721672,0.651151746362,
    0.709999999999));
#11978 = LINE('',#11979,#11980);
#11979 = CARTESIAN_POINT('',(0.470069619732,0.597650223809,
    0.709999999999));
#11980 = VECTOR('',#11981,1.);
#11981 = DIRECTION('',(0.884094950248,0.467307306754,0.));
#11982 = ORIENTED_EDGE('',*,*,#11983,.T.);
#11983 = EDGE_CURVE('',#11976,#11984,#11986,.T.);
#11984 = VERTEX_POINT('',#11985);
#11985 = CARTESIAN_POINT('',(0.54887593156,0.689470414656,0.709999999999
    ));
#11986 = LINE('',#11987,#11988);
#11987 = CARTESIAN_POINT('',(0.571288721672,0.651151746362,
    0.709999999999));
#11988 = VECTOR('',#11989,1.);
#11989 = DIRECTION('',(-0.504883048649,0.863187758942,0.));
#11990 = ORIENTED_EDGE('',*,*,#11991,.T.);
#11991 = EDGE_CURVE('',#11984,#11992,#11994,.T.);
#11992 = VERTEX_POINT('',#11993);
#11993 = CARTESIAN_POINT('',(0.45199479389,0.638860863686,0.709999999999
    ));
#11994 = LINE('',#11995,#11996);
#11995 = CARTESIAN_POINT('',(0.54887593156,0.689470414656,0.709999999999
    ));
#11996 = VECTOR('',#11997,1.);
#11997 = DIRECTION('',(-0.886348842796,-0.463018065387,0.));
#11998 = ORIENTED_EDGE('',*,*,#11999,.T.);
#11999 = EDGE_CURVE('',#11992,#12000,#12002,.T.);
#12000 = VERTEX_POINT('',#12001);
#12001 = CARTESIAN_POINT('',(0.397770274994,0.663442642828,
    0.709999999999));
#12002 = B_SPLINE_CURVE_WITH_KNOTS('',3,(#12003,#12004,#12005,#12006),
  .UNSPECIFIED.,.F.,.F.,(4,4),(15.,16.),.PIECEWISE_BEZIER_KNOTS.);
#12003 = CARTESIAN_POINT('',(0.45199479389,0.638860863686,0.709999999999
    ));
#12004 = CARTESIAN_POINT('',(0.438980914871,0.654043731735,
    0.709999999999));
#12005 = CARTESIAN_POINT('',(0.419460082552,0.663442642828,
    0.709999999999));
#12006 = CARTESIAN_POINT('',(0.397770274994,0.663442642828,
    0.709999999999));
#12007 = ORIENTED_EDGE('',*,*,#12008,.T.);
#12008 = EDGE_CURVE('',#12000,#12009,#12011,.T.);
#12009 = VERTEX_POINT('',#12010);
#12010 = CARTESIAN_POINT('',(0.329808880734,0.615725063441,
    0.709999999999));
#12011 = B_SPLINE_CURVE_WITH_KNOTS('',3,(#12012,#12013,#12014,#12015),
  .UNSPECIFIED.,.F.,.F.,(4,4),(16.,17.),.PIECEWISE_BEZIER_KNOTS.);
#12012 = CARTESIAN_POINT('',(0.397770274994,0.663442642828,
    0.709999999999));
#12013 = CARTESIAN_POINT('',(0.366681542552,0.663442642828,
    0.709999999999));
#12014 = CARTESIAN_POINT('',(0.339930788171,0.643198827956,
    0.709999999999));
#12015 = CARTESIAN_POINT('',(0.329808880734,0.615725063441,
    0.709999999999));
#12016 = ORIENTED_EDGE('',*,*,#12017,.T.);
#12017 = EDGE_CURVE('',#12009,#12018,#12020,.T.);
#12018 = VERTEX_POINT('',#12019);
#12019 = CARTESIAN_POINT('',(0.286429265617,0.682240478804,
    0.709999999999));
#12020 = B_SPLINE_CURVE_WITH_KNOTS('',3,(#12021,#12022,#12023,#12024),
  .UNSPECIFIED.,.F.,.F.,(4,4),(17.,18.),.PIECEWISE_BEZIER_KNOTS.);
#12021 = CARTESIAN_POINT('',(0.329808880734,0.615725063441,
    0.709999999999));
#12022 = CARTESIAN_POINT('',(0.30450410525,0.627292963564,0.709999999999
    ));
#12023 = CARTESIAN_POINT('',(0.286429265617,0.652597739048,
    0.709999999999));
#12024 = CARTESIAN_POINT('',(0.286429265617,0.682240478804,
    0.709999999999));
#12025 = ORIENTED_EDGE('',*,*,#12026,.T.);
#12026 = EDGE_CURVE('',#12018,#12027,#12029,.T.);
#12027 = VERTEX_POINT('',#12028);
#12028 = CARTESIAN_POINT('',(0.358728624146,0.754539837332,
    0.709999999999));
#12029 = B_SPLINE_CURVE_WITH_KNOTS('',3,(#12030,#12031,#12032,#12033),
  .UNSPECIFIED.,.F.,.F.,(4,4),(18.,19.),.PIECEWISE_BEZIER_KNOTS.);
#12030 = CARTESIAN_POINT('',(0.286429265617,0.682240478804,
    0.709999999999));
#12031 = CARTESIAN_POINT('',(0.286429265617,0.722005125994,
    0.709999999999));
#12032 = CARTESIAN_POINT('',(0.318963976955,0.754539837332,
    0.709999999999));
#12033 = CARTESIAN_POINT('',(0.358728624146,0.754539837332,
    0.709999999999));
#12034 = ORIENTED_EDGE('',*,*,#12035,.T.);
#12035 = EDGE_CURVE('',#12027,#12036,#12038,.T.);
#12036 = VERTEX_POINT('',#12037);
#12037 = CARTESIAN_POINT('',(0.39704727865,0.743694933552,0.709999999999
    ));
#12038 = B_SPLINE_CURVE_WITH_KNOTS('',3,(#12039,#12040,#12041,#12042),
  .UNSPECIFIED.,.F.,.F.,(4,4),(19.,20.),.PIECEWISE_BEZIER_KNOTS.);
#12039 = CARTESIAN_POINT('',(0.358728624146,0.754539837332,
    0.709999999999));
#12040 = CARTESIAN_POINT('',(0.372465499509,0.754539837332,
    0.709999999999));
#12041 = CARTESIAN_POINT('',(0.386202374871,0.750201873063,
    0.709999999999));
#12042 = CARTESIAN_POINT('',(0.39704727865,0.743694933552,0.709999999999
    ));
#12043 = ORIENTED_EDGE('',*,*,#12044,.T.);
#12044 = EDGE_CURVE('',#12036,#12045,#12047,.T.);
#12045 = VERTEX_POINT('',#12046);
#12046 = CARTESIAN_POINT('',(0.493928402531,0.813102279128,
    0.709999999999));
#12047 = B_SPLINE_CURVE_WITH_KNOTS('',3,(#12048,#12049,#12050,#12051),
  .UNSPECIFIED.,.F.,.F.,(4,4),(20.,21.),.PIECEWISE_BEZIER_KNOTS.);
#12048 = CARTESIAN_POINT('',(0.39704727865,0.743694933552,0.709999999999
    ));
#12049 = CARTESIAN_POINT('',(0.410784140223,0.784182535717,
    0.709999999999));
#12050 = CARTESIAN_POINT('',(0.448379812173,0.813102279128,
    0.709999999999));
#12051 = CARTESIAN_POINT('',(0.493928402531,0.813102279128,
    0.709999999999));
#12052 = ORIENTED_EDGE('',*,*,#12053,.T.);
#12053 = EDGE_CURVE('',#12045,#12054,#12056,.T.);
#12054 = VERTEX_POINT('',#12055);
#12055 = CARTESIAN_POINT('',(0.595147504471,0.722728080968,
    0.709999999999));
#12056 = B_SPLINE_CURVE_WITH_KNOTS('',3,(#12057,#12058,#12059,#12060),
  .UNSPECIFIED.,.F.,.F.,(4,4),(21.,22.),.PIECEWISE_BEZIER_KNOTS.);
#12057 = CARTESIAN_POINT('',(0.493928402531,0.813102279128,
    0.709999999999));
#12058 = CARTESIAN_POINT('',(0.545983946187,0.813102279128,
    0.709999999999));
#12059 = CARTESIAN_POINT('',(0.589363561304,0.773337631937,
    0.709999999999));
#12060 = CARTESIAN_POINT('',(0.595147504471,0.722728080968,
    0.709999999999));
#12061 = ORIENTED_EDGE('',*,*,#12062,.T.);
#12062 = EDGE_CURVE('',#12054,#12063,#12065,.T.);
#12063 = VERTEX_POINT('',#12064);
#12064 = CARTESIAN_POINT('',(0.600931447637,0.722728080968,
    0.709999999999));
#12065 = B_SPLINE_CURVE_WITH_KNOTS('',3,(#12066,#12067,#12068,#12069),
  .UNSPECIFIED.,.F.,.F.,(4,4),(22.,23.),.PIECEWISE_BEZIER_KNOTS.);
#12066 = CARTESIAN_POINT('',(0.595147504471,0.722728080968,
    0.709999999999));
#12067 = CARTESIAN_POINT('',(0.59731647971,0.722728080968,0.709999999999
    ));
#12068 = CARTESIAN_POINT('',(0.598762472397,0.722728080968,
    0.709999999999));
#12069 = CARTESIAN_POINT('',(0.600931447637,0.722728080968,
    0.709999999999));
#12070 = ORIENTED_EDGE('',*,*,#12071,.T.);
#12071 = EDGE_CURVE('',#12063,#12072,#12074,.T.);
#12072 = VERTEX_POINT('',#12073);
#12073 = CARTESIAN_POINT('',(0.657324941773,0.666334586831,
    0.709999999999));
#12074 = B_SPLINE_CURVE_WITH_KNOTS('',3,(#12075,#12076,#12077,#12078),
  .UNSPECIFIED.,.F.,.F.,(4,4),(23.,24.),.PIECEWISE_BEZIER_KNOTS.);
#12075 = CARTESIAN_POINT('',(0.600931447637,0.722728080968,
    0.709999999999));
#12076 = CARTESIAN_POINT('',(0.632020166288,0.722728080968,
    0.709999999999));
#12077 = CARTESIAN_POINT('',(0.657324941773,0.697423305483,
    0.709999999999));
#12078 = CARTESIAN_POINT('',(0.657324941773,0.666334586831,
    0.709999999999));
#12079 = ORIENTED_EDGE('',*,*,#12080,.T.);
#12080 = EDGE_CURVE('',#12072,#12081,#12083,.T.);
#12081 = VERTEX_POINT('',#12082);
#12082 = CARTESIAN_POINT('',(0.605269398117,0.609941092695,
    0.709999999999));
#12083 = B_SPLINE_CURVE_WITH_KNOTS('',3,(#12084,#12085,#12086,#12087),
  .UNSPECIFIED.,.F.,.F.,(4,4),(24.,25.),.PIECEWISE_BEZIER_KNOTS.);
#12084 = CARTESIAN_POINT('',(0.657324941773,0.666334586831,
    0.709999999999));
#12085 = CARTESIAN_POINT('',(0.657324941773,0.636691847076,
    0.709999999999));
#12086 = CARTESIAN_POINT('',(0.634912151661,0.612110067935,
    0.709999999999));
#12087 = CARTESIAN_POINT('',(0.605269398117,0.609941092695,
    0.709999999999));
#12088 = ORIENTED_EDGE('',*,*,#12089,.T.);
#12089 = EDGE_CURVE('',#12081,#12090,#12092,.T.);
#12090 = VERTEX_POINT('',#12091);
#12091 = CARTESIAN_POINT('',(0.572734686779,0.609941092695,
    0.709999999999));
#12092 = LINE('',#12093,#12094);
#12093 = CARTESIAN_POINT('',(0.605269398117,0.609941092695,
    0.709999999999));
#12094 = VECTOR('',#12095,1.);
#12095 = DIRECTION('',(-1.,0.,0.));
#12096 = ORIENTED_EDGE('',*,*,#12097,.T.);
#12097 = EDGE_CURVE('',#12090,#12098,#12100,.T.);
#12098 = VERTEX_POINT('',#12099);
#12099 = CARTESIAN_POINT('',(0.568396736299,0.610664075248,
    0.709999999999));
#12100 = B_SPLINE_CURVE_WITH_KNOTS('',3,(#12101,#12102,#12103,#12104),
  .UNSPECIFIED.,.F.,.F.,(4,4),(26.,27.),.PIECEWISE_BEZIER_KNOTS.);
#12101 = CARTESIAN_POINT('',(0.572734686779,0.609941092695,
    0.709999999999));
#12102 = CARTESIAN_POINT('',(0.571288694092,0.609941092695,
    0.709999999999));
#12103 = CARTESIAN_POINT('',(0.569842701406,0.610664075248,
    0.709999999999));
#12104 = CARTESIAN_POINT('',(0.568396736299,0.610664075248,
    0.709999999999));
#12105 = ORIENTED_EDGE('',*,*,#12106,.T.);
#12106 = EDGE_CURVE('',#12098,#12107,#12109,.T.);
#12107 = VERTEX_POINT('',#12108);
#12108 = CARTESIAN_POINT('',(0.545983946187,0.588251285136,
    0.709999999999));
#12109 = B_SPLINE_CURVE_WITH_KNOTS('',3,(#12110,#12111,#12112,#12113),
  .UNSPECIFIED.,.F.,.F.,(4,4),(27.,28.),.PIECEWISE_BEZIER_KNOTS.);
#12110 = CARTESIAN_POINT('',(0.568396736299,0.610664075248,
    0.709999999999));
#12111 = CARTESIAN_POINT('',(0.556105839833,0.610664075248,
    0.709999999999));
#12112 = CARTESIAN_POINT('',(0.545983946187,0.600542154022,
    0.709999999999));
#12113 = CARTESIAN_POINT('',(0.545983946187,0.588251285136,
    0.709999999999));
#12114 = ORIENTED_EDGE('',*,*,#12115,.T.);
#12115 = EDGE_CURVE('',#12107,#12116,#12118,.T.);
#12116 = VERTEX_POINT('',#12117);
#12117 = CARTESIAN_POINT('',(0.566950771193,0.565838495024,
    0.709999999999));
#12118 = B_SPLINE_CURVE_WITH_KNOTS('',3,(#12119,#12120,#12121,#12122),
  .UNSPECIFIED.,.F.,.F.,(4,4),(28.,29.),.PIECEWISE_BEZIER_KNOTS.);
#12119 = CARTESIAN_POINT('',(0.545983946187,0.588251285136,
    0.709999999999));
#12120 = CARTESIAN_POINT('',(0.545983946187,0.576683398804,
    0.709999999999));
#12121 = CARTESIAN_POINT('',(0.55538285728,0.566561477577,0.709999999999
    ));
#12122 = CARTESIAN_POINT('',(0.566950771193,0.565838495024,
    0.709999999999));
#12123 = ORIENTED_EDGE('',*,*,#12124,.T.);
#12124 = EDGE_CURVE('',#12116,#12125,#12127,.T.);
#12125 = VERTEX_POINT('',#12126);
#12126 = CARTESIAN_POINT('',(0.609607376177,0.565838495024,
    0.709999999999));
#12127 = LINE('',#12128,#12129);
#12128 = CARTESIAN_POINT('',(0.566950771193,0.565838495024,
    0.709999999999));
#12129 = VECTOR('',#12130,1.);
#12130 = DIRECTION('',(1.,0.,0.));
#12131 = ORIENTED_EDGE('',*,*,#12132,.T.);
#12132 = EDGE_CURVE('',#12125,#12133,#12135,.T.);
#12133 = VERTEX_POINT('',#12134);
#12134 = CARTESIAN_POINT('',(0.675399781405,0.598373206362,
    0.709999999999));
#12135 = B_SPLINE_CURVE_WITH_KNOTS('',3,(#12136,#12137,#12138,#12139),
  .UNSPECIFIED.,.F.,.F.,(4,4),(33.,34.),.PIECEWISE_BEZIER_KNOTS.);
#12136 = CARTESIAN_POINT('',(0.609607376177,0.565838495024,
    0.709999999999));
#12137 = CARTESIAN_POINT('',(0.634912151661,0.568007470264,
    0.709999999999));
#12138 = CARTESIAN_POINT('',(0.658047951907,0.579575384177,
    0.709999999999));
#12139 = CARTESIAN_POINT('',(0.675399781405,0.598373206362,
    0.709999999999));
#12140 = ORIENTED_EDGE('',*,*,#12141,.T.);
#12141 = EDGE_CURVE('',#12133,#11857,#12142,.T.);
#12142 = B_SPLINE_CURVE_WITH_KNOTS('',3,(#12143,#12144,#12145,#12146),
  .UNSPECIFIED.,.F.,.F.,(4,4),(34.,35.),.PIECEWISE_BEZIER_KNOTS.);
#12143 = CARTESIAN_POINT('',(0.675399781405,0.598373206362,
    0.709999999999));
#12144 = CARTESIAN_POINT('',(0.692751638484,0.617171028548,
    0.709999999999));
#12145 = CARTESIAN_POINT('',(0.702150549577,0.641752821479,
    0.709999999999));
#12146 = CARTESIAN_POINT('',(0.702150549577,0.667057596964,
    0.709999999999));
#12147 = FACE_BOUND('',#12148,.T.);
#12148 = EDGE_LOOP('',(#12149,#12163));
#12149 = ORIENTED_EDGE('',*,*,#12150,.F.);
#12150 = EDGE_CURVE('',#12151,#12153,#12155,.T.);
#12151 = VERTEX_POINT('',#12152);
#12152 = CARTESIAN_POINT('',(0.39704726486,0.561500489385,0.709999999999
    ));
#12153 = VERTEX_POINT('',#12154);
#12154 = CARTESIAN_POINT('',(0.39704726486,0.617894011101,0.709999999999
    ));
#12155 = B_SPLINE_CURVE_WITH_KNOTS('',3,(#12156,#12157,#12158,#12159,
    #12160,#12161,#12162),.UNSPECIFIED.,.F.,.F.,(4,3,4),(0.,1.,2.),
  .PIECEWISE_BEZIER_KNOTS.);
#12156 = CARTESIAN_POINT('',(0.39704726486,0.561500489385,0.709999999999
    ));
#12157 = CARTESIAN_POINT('',(0.412953115462,0.561500489385,
    0.709999999999));
#12158 = CARTESIAN_POINT('',(0.425244011928,0.574514395984,
    0.709999999999));
#12159 = CARTESIAN_POINT('',(0.425244011928,0.589697250243,
    0.709999999999));
#12160 = CARTESIAN_POINT('',(0.425244011928,0.605603114635,
    0.709999999999));
#12161 = CARTESIAN_POINT('',(0.412230132909,0.617894011101,
    0.709999999999));
#12162 = CARTESIAN_POINT('',(0.39704726486,0.617894011101,0.709999999999
    ));
#12163 = ORIENTED_EDGE('',*,*,#12164,.F.);
#12164 = EDGE_CURVE('',#12153,#12151,#12165,.T.);
#12165 = B_SPLINE_CURVE_WITH_KNOTS('',3,(#12166,#12167,#12168,#12169,
    #12170,#12171),.UNSPECIFIED.,.F.,.F.,(4,2,4),(2.,3.,4.),
  .UNSPECIFIED.);
#12166 = CARTESIAN_POINT('',(0.39704726486,0.617894011101,0.709999999999
    ));
#12167 = CARTESIAN_POINT('',(0.381864396811,0.617894011101,
    0.709999999999));
#12168 = CARTESIAN_POINT('',(0.368850517792,0.605603114635,
    0.709999999999));
#12169 = CARTESIAN_POINT('',(0.368850517792,0.57379138585,0.709999999999
    ));
#12170 = CARTESIAN_POINT('',(0.381864396811,0.561500489385,
    0.709999999999));
#12171 = CARTESIAN_POINT('',(0.39704726486,0.561500489385,0.709999999999
    ));
#12172 = PLANE('',#12173);
#12173 = AXIS2_PLACEMENT_3D('',#12174,#12175,#12176);
#12174 = CARTESIAN_POINT('',(0.681545236533,0.725800805084,
    0.709999999999));
#12175 = DIRECTION('',(0.,0.,-1.));
#12176 = DIRECTION('',(-1.,0.,0.));
#12177 = ADVANCED_FACE('',(#12178),#12194,.F.);
#12178 = FACE_BOUND('',#12179,.F.);
#12179 = EDGE_LOOP('',(#12180,#12186,#12187,#12193));
#12180 = ORIENTED_EDGE('',*,*,#12181,.F.);
#12181 = EDGE_CURVE('',#11857,#1360,#12182,.T.);
#12182 = LINE('',#12183,#12184);
#12183 = CARTESIAN_POINT('',(0.702150549577,0.667057596964,
    0.709999999999));
#12184 = VECTOR('',#12185,1.);
#12185 = DIRECTION('',(0.,0.,-1.));
#12186 = ORIENTED_EDGE('',*,*,#11856,.T.);
#12187 = ORIENTED_EDGE('',*,*,#12188,.T.);
#12188 = EDGE_CURVE('',#11859,#1349,#12189,.T.);
#12189 = LINE('',#12190,#12191);
#12190 = CARTESIAN_POINT('',(0.630574201182,0.761769731815,
    0.709999999999));
#12191 = VECTOR('',#12192,1.);
#12192 = DIRECTION('',(0.,0.,-1.));
#12193 = ORIENTED_EDGE('',*,*,#1359,.F.);
#12194 = B_SPLINE_SURFACE_WITH_KNOTS('',3,1,(
    (#12195,#12196)
    ,(#12197,#12198)
    ,(#12199,#12200)
    ,(#12201,#12202
    )),.UNSPECIFIED.,.F.,.F.,.F.,(4,4),(2,2),(35.,36.),(0.,1.),
  .PIECEWISE_BEZIER_KNOTS.);
#12195 = CARTESIAN_POINT('',(0.702150549577,0.667057596964,
    0.709999999999));
#12196 = CARTESIAN_POINT('',(0.702150549577,0.667057596964,
    0.699999999999));
#12197 = CARTESIAN_POINT('',(0.701427567024,0.710437184502,
    0.709999999999));
#12198 = CARTESIAN_POINT('',(0.701427567024,0.710437184502,
    0.699999999999));
#12199 = CARTESIAN_POINT('',(0.671784813479,0.748755852796,
    0.709999999999));
#12200 = CARTESIAN_POINT('',(0.671784813479,0.748755852796,
    0.699999999999));
#12201 = CARTESIAN_POINT('',(0.630574201182,0.761769731815,
    0.709999999999));
#12202 = CARTESIAN_POINT('',(0.630574201182,0.761769731815,
    0.699999999999));
#12203 = ADVANCED_FACE('',(#12204),#12215,.F.);
#12204 = FACE_BOUND('',#12205,.F.);
#12205 = EDGE_LOOP('',(#12206,#12207,#12208,#12214));
#12206 = ORIENTED_EDGE('',*,*,#12188,.F.);
#12207 = ORIENTED_EDGE('',*,*,#11867,.T.);
#12208 = ORIENTED_EDGE('',*,*,#12209,.T.);
#12209 = EDGE_CURVE('',#11868,#1351,#12210,.T.);
#12210 = LINE('',#12211,#12212);
#12211 = CARTESIAN_POINT('',(0.591532536544,0.818886225742,
    0.709999999999));
#12212 = VECTOR('',#12213,1.);
#12213 = DIRECTION('',(0.,0.,-1.));
#12214 = ORIENTED_EDGE('',*,*,#1348,.F.);
#12215 = B_SPLINE_SURFACE_WITH_KNOTS('',3,1,(
    (#12216,#12217)
    ,(#12218,#12219)
    ,(#12220,#12221)
    ,(#12222,#12223
    )),.UNSPECIFIED.,.F.,.F.,.F.,(4,4),(2,2),(0.,1.),(0.,1.),
  .PIECEWISE_BEZIER_KNOTS.);
#12216 = CARTESIAN_POINT('',(0.630574201182,0.761769731815,
    0.709999999999));
#12217 = CARTESIAN_POINT('',(0.630574201182,0.761769731815,
    0.699999999999));
#12218 = CARTESIAN_POINT('',(0.622621282776,0.783459539373,
    0.709999999999));
#12219 = CARTESIAN_POINT('',(0.622621282776,0.783459539373,
    0.699999999999));
#12220 = CARTESIAN_POINT('',(0.608884393623,0.802980364797,
    0.709999999999));
#12221 = CARTESIAN_POINT('',(0.608884393623,0.802980364797,
    0.699999999999));
#12222 = CARTESIAN_POINT('',(0.591532536544,0.818886225742,
    0.709999999999));
#12223 = CARTESIAN_POINT('',(0.591532536544,0.818886225742,
    0.699999999999));
#12224 = ADVANCED_FACE('',(#12225),#12236,.F.);
#12225 = FACE_BOUND('',#12226,.F.);
#12226 = EDGE_LOOP('',(#12227,#12228,#12229,#12235));
#12227 = ORIENTED_EDGE('',*,*,#12209,.F.);
#12228 = ORIENTED_EDGE('',*,*,#11876,.T.);
#12229 = ORIENTED_EDGE('',*,*,#12230,.T.);
#12230 = EDGE_CURVE('',#11877,#1625,#12231,.T.);
#12231 = LINE('',#12232,#12233);
#12232 = CARTESIAN_POINT('',(0.493205419977,0.856481894246,
    0.709999999999));
#12233 = VECTOR('',#12234,1.);
#12234 = DIRECTION('',(0.,0.,-1.));
#12235 = ORIENTED_EDGE('',*,*,#1633,.F.);
#12236 = B_SPLINE_SURFACE_WITH_KNOTS('',3,1,(
    (#12237,#12238)
    ,(#12239,#12240)
    ,(#12241,#12242)
    ,(#12243,#12244
    )),.UNSPECIFIED.,.F.,.F.,.F.,(4,4),(2,2),(1.,2.),(0.,1.),
  .PIECEWISE_BEZIER_KNOTS.);
#12237 = CARTESIAN_POINT('',(0.591532536544,0.818886225742,
    0.709999999999));
#12238 = CARTESIAN_POINT('',(0.591532536544,0.818886225742,
    0.699999999999));
#12239 = CARTESIAN_POINT('',(0.564058785819,0.842745016298,
    0.709999999999));
#12240 = CARTESIAN_POINT('',(0.564058785819,0.842745016298,
    0.699999999999));
#12241 = CARTESIAN_POINT('',(0.529355099241,0.856481894246,
    0.709999999999));
#12242 = CARTESIAN_POINT('',(0.529355099241,0.856481894246,
    0.699999999999));
#12243 = CARTESIAN_POINT('',(0.493205419977,0.856481894246,
    0.709999999999));
#12244 = CARTESIAN_POINT('',(0.493205419977,0.856481894246,
    0.699999999999));
#12245 = ADVANCED_FACE('',(#12246),#12257,.F.);
#12246 = FACE_BOUND('',#12247,.F.);
#12247 = EDGE_LOOP('',(#12248,#12249,#12250,#12256));
#12248 = ORIENTED_EDGE('',*,*,#12230,.F.);
#12249 = ORIENTED_EDGE('',*,*,#11885,.T.);
#12250 = ORIENTED_EDGE('',*,*,#12251,.T.);
#12251 = EDGE_CURVE('',#11886,#1616,#12252,.T.);
#12252 = LINE('',#12253,#12254);
#12253 = CARTESIAN_POINT('',(0.406446189743,0.82828514373,0.709999999999
    ));
#12254 = VECTOR('',#12255,1.);
#12255 = DIRECTION('',(0.,0.,-1.));
#12256 = ORIENTED_EDGE('',*,*,#1624,.F.);
#12257 = B_SPLINE_SURFACE_WITH_KNOTS('',3,1,(
    (#12258,#12259)
    ,(#12260,#12261)
    ,(#12262,#12263)
    ,(#12264,#12265
    )),.UNSPECIFIED.,.F.,.F.,.F.,(4,4),(2,2),(2.,3.),(0.,1.),
  .PIECEWISE_BEZIER_KNOTS.);
#12258 = CARTESIAN_POINT('',(0.493205419977,0.856481894246,
    0.709999999999));
#12259 = CARTESIAN_POINT('',(0.493205419977,0.856481894246,
    0.699999999999));
#12260 = CARTESIAN_POINT('',(0.461393704983,0.856481894246,
    0.709999999999));
#12261 = CARTESIAN_POINT('',(0.461393704983,0.856481894246,
    0.699999999999));
#12262 = CARTESIAN_POINT('',(0.431750965228,0.846359984224,
    0.709999999999));
#12263 = CARTESIAN_POINT('',(0.431750965228,0.846359984224,
    0.699999999999));
#12264 = CARTESIAN_POINT('',(0.406446189743,0.82828514373,0.709999999999
    ));
#12265 = CARTESIAN_POINT('',(0.406446189743,0.82828514373,0.699999999999
    ));
#12266 = ADVANCED_FACE('',(#12267),#12278,.F.);
#12267 = FACE_BOUND('',#12268,.F.);
#12268 = EDGE_LOOP('',(#12269,#12270,#12271,#12277));
#12269 = ORIENTED_EDGE('',*,*,#12251,.F.);
#12270 = ORIENTED_EDGE('',*,*,#11894,.T.);
#12271 = ORIENTED_EDGE('',*,*,#12272,.T.);
#12272 = EDGE_CURVE('',#11895,#1607,#12273,.T.);
#12273 = LINE('',#12274,#12275);
#12274 = CARTESIAN_POINT('',(0.374634474748,0.796473425288,
    0.709999999999));
#12275 = VECTOR('',#12276,1.);
#12276 = DIRECTION('',(0.,0.,-1.));
#12277 = ORIENTED_EDGE('',*,*,#1615,.F.);
#12278 = B_SPLINE_SURFACE_WITH_KNOTS('',3,1,(
    (#12279,#12280)
    ,(#12281,#12282)
    ,(#12283,#12284)
    ,(#12285,#12286
    )),.UNSPECIFIED.,.F.,.F.,.F.,(4,4),(2,2),(3.,4.),(0.,1.),
  .PIECEWISE_BEZIER_KNOTS.);
#12279 = CARTESIAN_POINT('',(0.406446189743,0.82828514373,0.709999999999
    ));
#12280 = CARTESIAN_POINT('',(0.406446189743,0.82828514373,0.699999999999
    ));
#12281 = CARTESIAN_POINT('',(0.394155293277,0.819609218638,
    0.709999999999));
#12282 = CARTESIAN_POINT('',(0.394155293277,0.819609218638,
    0.699999999999));
#12283 = CARTESIAN_POINT('',(0.384033385841,0.808764314859,
    0.709999999999));
#12284 = CARTESIAN_POINT('',(0.384033385841,0.808764314859,
    0.699999999999));
#12285 = CARTESIAN_POINT('',(0.374634474748,0.796473425288,
    0.709999999999));
#12286 = CARTESIAN_POINT('',(0.374634474748,0.796473425288,
    0.699999999999));
#12287 = ADVANCED_FACE('',(#12288),#12299,.F.);
#12288 = FACE_BOUND('',#12289,.F.);
#12289 = EDGE_LOOP('',(#12290,#12291,#12292,#12298));
#12290 = ORIENTED_EDGE('',*,*,#12272,.F.);
#12291 = ORIENTED_EDGE('',*,*,#11903,.T.);
#12292 = ORIENTED_EDGE('',*,*,#12293,.T.);
#12293 = EDGE_CURVE('',#11904,#1598,#12294,.T.);
#12294 = LINE('',#12295,#12296);
#12295 = CARTESIAN_POINT('',(0.358005627803,0.797919411079,
    0.709999999999));
#12296 = VECTOR('',#12297,1.);
#12297 = DIRECTION('',(0.,0.,-1.));
#12298 = ORIENTED_EDGE('',*,*,#1606,.F.);
#12299 = B_SPLINE_SURFACE_WITH_KNOTS('',3,1,(
    (#12300,#12301)
    ,(#12302,#12303)
    ,(#12304,#12305)
    ,(#12306,#12307
    )),.UNSPECIFIED.,.F.,.F.,.F.,(4,4),(2,2),(4.,5.),(0.,1.),
  .PIECEWISE_BEZIER_KNOTS.);
#12300 = CARTESIAN_POINT('',(0.374634474748,0.796473425288,
    0.709999999999));
#12301 = CARTESIAN_POINT('',(0.374634474748,0.796473425288,
    0.699999999999));
#12302 = CARTESIAN_POINT('',(0.368850531582,0.797196421631,
    0.709999999999));
#12303 = CARTESIAN_POINT('',(0.368850531582,0.797196421631,
    0.699999999999));
#12304 = CARTESIAN_POINT('',(0.363789570969,0.797919411079,
    0.709999999999));
#12305 = CARTESIAN_POINT('',(0.363789570969,0.797919411079,
    0.699999999999));
#12306 = CARTESIAN_POINT('',(0.358005627803,0.797919411079,
    0.709999999999));
#12307 = CARTESIAN_POINT('',(0.358005627803,0.797919411079,
    0.699999999999));
#12308 = ADVANCED_FACE('',(#12309),#12320,.F.);
#12309 = FACE_BOUND('',#12310,.F.);
#12310 = EDGE_LOOP('',(#12311,#12312,#12313,#12319));
#12311 = ORIENTED_EDGE('',*,*,#12293,.F.);
#12312 = ORIENTED_EDGE('',*,*,#11912,.T.);
#12313 = ORIENTED_EDGE('',*,*,#12314,.T.);
#12314 = EDGE_CURVE('',#11913,#1589,#12315,.T.);
#12315 = LINE('',#12316,#12317);
#12316 = CARTESIAN_POINT('',(0.274861365495,0.763215717607,
    0.709999999999));
#12317 = VECTOR('',#12318,1.);
#12318 = DIRECTION('',(0.,0.,-1.));
#12319 = ORIENTED_EDGE('',*,*,#1597,.F.);
#12320 = B_SPLINE_SURFACE_WITH_KNOTS('',3,1,(
    (#12321,#12322)
    ,(#12323,#12324)
    ,(#12325,#12326)
    ,(#12327,#12328
    )),.UNSPECIFIED.,.F.,.F.,.F.,(4,4),(2,2),(5.,6.),(0.,1.),
  .PIECEWISE_BEZIER_KNOTS.);
#12321 = CARTESIAN_POINT('',(0.358005627803,0.797919411079,
    0.709999999999));
#12322 = CARTESIAN_POINT('',(0.358005627803,0.797919411079,
    0.699999999999));
#12323 = CARTESIAN_POINT('',(0.326916902256,0.797919411079,
    0.709999999999));
#12324 = CARTESIAN_POINT('',(0.326916902256,0.797919411079,
    0.699999999999));
#12325 = CARTESIAN_POINT('',(0.297274169397,0.785628521509,
    0.709999999999));
#12326 = CARTESIAN_POINT('',(0.297274169397,0.785628521509,
    0.699999999999));
#12327 = CARTESIAN_POINT('',(0.274861365495,0.763215717607,
    0.709999999999));
#12328 = CARTESIAN_POINT('',(0.274861365495,0.763215717607,
    0.699999999999));
#12329 = ADVANCED_FACE('',(#12330),#12341,.F.);
#12330 = FACE_BOUND('',#12331,.F.);
#12331 = EDGE_LOOP('',(#12332,#12333,#12334,#12340));
#12332 = ORIENTED_EDGE('',*,*,#12314,.F.);
#12333 = ORIENTED_EDGE('',*,*,#11921,.T.);
#12334 = ORIENTED_EDGE('',*,*,#12335,.T.);
#12335 = EDGE_CURVE('',#11922,#1580,#12336,.T.);
#12336 = LINE('',#12337,#12338);
#12337 = CARTESIAN_POINT('',(0.24088064768,0.680794458537,0.709999999999
    ));
#12338 = VECTOR('',#12339,1.);
#12339 = DIRECTION('',(0.,0.,-1.));
#12340 = ORIENTED_EDGE('',*,*,#1588,.F.);
#12341 = B_SPLINE_SURFACE_WITH_KNOTS('',3,1,(
    (#12342,#12343)
    ,(#12344,#12345)
    ,(#12346,#12347)
    ,(#12348,#12349
    )),.UNSPECIFIED.,.F.,.F.,.F.,(4,4),(2,2),(6.,7.),(0.,1.),
  .PIECEWISE_BEZIER_KNOTS.);
#12342 = CARTESIAN_POINT('',(0.274861365495,0.763215717607,
    0.709999999999));
#12343 = CARTESIAN_POINT('',(0.274861365495,0.763215717607,
    0.699999999999));
#12344 = CARTESIAN_POINT('',(0.253171538975,0.741525916943,
    0.709999999999));
#12345 = CARTESIAN_POINT('',(0.253171538975,0.741525916943,
    0.699999999999));
#12346 = CARTESIAN_POINT('',(0.24088064768,0.711883177188,0.709999999999
    ));
#12347 = CARTESIAN_POINT('',(0.24088064768,0.711883177188,0.699999999999
    ));
#12348 = CARTESIAN_POINT('',(0.24088064768,0.680794458537,0.709999999999
    ));
#12349 = CARTESIAN_POINT('',(0.24088064768,0.680794458537,0.699999999999
    ));
#12350 = ADVANCED_FACE('',(#12351),#12362,.F.);
#12351 = FACE_BOUND('',#12352,.F.);
#12352 = EDGE_LOOP('',(#12353,#12354,#12355,#12361));
#12353 = ORIENTED_EDGE('',*,*,#12335,.F.);
#12354 = ORIENTED_EDGE('',*,*,#11930,.T.);
#12355 = ORIENTED_EDGE('',*,*,#12356,.T.);
#12356 = EDGE_CURVE('',#11931,#1571,#12357,.T.);
#12357 = LINE('',#12358,#12359);
#12358 = CARTESIAN_POINT('',(0.271246376883,0.601988174289,
    0.709999999999));
#12359 = VECTOR('',#12360,1.);
#12360 = DIRECTION('',(0.,0.,-1.));
#12361 = ORIENTED_EDGE('',*,*,#1579,.F.);
#12362 = B_SPLINE_SURFACE_WITH_KNOTS('',3,1,(
    (#12363,#12364)
    ,(#12365,#12366)
    ,(#12367,#12368)
    ,(#12369,#12370
    )),.UNSPECIFIED.,.F.,.F.,.F.,(4,4),(2,2),(7.,8.),(0.,1.),
  .PIECEWISE_BEZIER_KNOTS.);
#12363 = CARTESIAN_POINT('',(0.24088064768,0.680794458537,0.709999999999
    ));
#12364 = CARTESIAN_POINT('',(0.24088064768,0.680794458537,0.699999999999
    ));
#12365 = CARTESIAN_POINT('',(0.24088064768,0.651874715125,0.709999999999
    ));
#12366 = CARTESIAN_POINT('',(0.24088064768,0.651874715125,0.699999999999
    ));
#12367 = CARTESIAN_POINT('',(0.251725551459,0.623677954267,
    0.709999999999));
#12368 = CARTESIAN_POINT('',(0.251725551459,0.623677954267,
    0.699999999999));
#12369 = CARTESIAN_POINT('',(0.271246376883,0.601988174289,
    0.709999999999));
#12370 = CARTESIAN_POINT('',(0.271246376883,0.601988174289,
    0.699999999999));
#12371 = ADVANCED_FACE('',(#12372),#12383,.F.);
#12372 = FACE_BOUND('',#12373,.F.);
#12373 = EDGE_LOOP('',(#12374,#12375,#12376,#12382));
#12374 = ORIENTED_EDGE('',*,*,#12356,.F.);
#12375 = ORIENTED_EDGE('',*,*,#11939,.T.);
#12376 = ORIENTED_EDGE('',*,*,#12377,.T.);
#12377 = EDGE_CURVE('',#11940,#1562,#12378,.T.);
#12378 = LINE('',#12379,#12380);
#12379 = CARTESIAN_POINT('',(0.329085863706,0.567284487711,
    0.709999999999));
#12380 = VECTOR('',#12381,1.);
#12381 = DIRECTION('',(0.,0.,-1.));
#12382 = ORIENTED_EDGE('',*,*,#1570,.F.);
#12383 = B_SPLINE_SURFACE_WITH_KNOTS('',3,1,(
    (#12384,#12385)
    ,(#12386,#12387)
    ,(#12388,#12389)
    ,(#12390,#12391
    )),.UNSPECIFIED.,.F.,.F.,.F.,(4,4),(2,2),(8.,9.),(0.,1.),
  .PIECEWISE_BEZIER_KNOTS.);
#12384 = CARTESIAN_POINT('',(0.271246376883,0.601988174289,
    0.709999999999));
#12385 = CARTESIAN_POINT('',(0.271246376883,0.601988174289,
    0.699999999999));
#12386 = CARTESIAN_POINT('',(0.28715223438,0.584636317209,0.709999999999
    ));
#12387 = CARTESIAN_POINT('',(0.28715223438,0.584636317209,0.699999999999
    ));
#12388 = CARTESIAN_POINT('',(0.306673066699,0.573068430877,
    0.709999999999));
#12389 = CARTESIAN_POINT('',(0.306673066699,0.573068430877,
    0.699999999999));
#12390 = CARTESIAN_POINT('',(0.329085863706,0.567284487711,
    0.709999999999));
#12391 = CARTESIAN_POINT('',(0.329085863706,0.567284487711,
    0.699999999999));
#12392 = ADVANCED_FACE('',(#12393),#12404,.F.);
#12393 = FACE_BOUND('',#12394,.F.);
#12394 = EDGE_LOOP('',(#12395,#12396,#12397,#12403));
#12395 = ORIENTED_EDGE('',*,*,#12377,.F.);
#12396 = ORIENTED_EDGE('',*,*,#11948,.T.);
#12397 = ORIENTED_EDGE('',*,*,#12398,.T.);
#12398 = EDGE_CURVE('',#11949,#1553,#12399,.T.);
#12399 = LINE('',#12400,#12401);
#12400 = CARTESIAN_POINT('',(0.397770261204,0.518120929427,
    0.709999999999));
#12401 = VECTOR('',#12402,1.);
#12402 = DIRECTION('',(0.,0.,-1.));
#12403 = ORIENTED_EDGE('',*,*,#1561,.F.);
#12404 = B_SPLINE_SURFACE_WITH_KNOTS('',3,1,(
    (#12405,#12406)
    ,(#12407,#12408)
    ,(#12409,#12410)
    ,(#12411,#12412
    )),.UNSPECIFIED.,.F.,.F.,.F.,(4,4),(2,2),(9.,10.),(0.,1.),
  .PIECEWISE_BEZIER_KNOTS.);
#12405 = CARTESIAN_POINT('',(0.329085863706,0.567284487711,
    0.709999999999));
#12406 = CARTESIAN_POINT('',(0.329085863706,0.567284487711,
    0.699999999999));
#12407 = CARTESIAN_POINT('',(0.338484781694,0.538364744299,
    0.709999999999));
#12408 = CARTESIAN_POINT('',(0.338484781694,0.538364744299,
    0.699999999999));
#12409 = CARTESIAN_POINT('',(0.365958532419,0.518120929427,
    0.709999999999));
#12410 = CARTESIAN_POINT('',(0.365958532419,0.518120929427,
    0.699999999999));
#12411 = CARTESIAN_POINT('',(0.397770261204,0.518120929427,
    0.709999999999));
#12412 = CARTESIAN_POINT('',(0.397770261204,0.518120929427,
    0.699999999999));
#12413 = ADVANCED_FACE('',(#12414),#12425,.F.);
#12414 = FACE_BOUND('',#12415,.F.);
#12415 = EDGE_LOOP('',(#12416,#12417,#12418,#12424));
#12416 = ORIENTED_EDGE('',*,*,#12398,.F.);
#12417 = ORIENTED_EDGE('',*,*,#11957,.T.);
#12418 = ORIENTED_EDGE('',*,*,#12419,.T.);
#12419 = EDGE_CURVE('',#11958,#1544,#12420,.T.);
#12420 = LINE('',#12421,#12422);
#12421 = CARTESIAN_POINT('',(0.470069619732,0.590420287956,
    0.709999999999));
#12422 = VECTOR('',#12423,1.);
#12423 = DIRECTION('',(0.,0.,-1.));
#12424 = ORIENTED_EDGE('',*,*,#1552,.F.);
#12425 = B_SPLINE_SURFACE_WITH_KNOTS('',3,1,(
    (#12426,#12427)
    ,(#12428,#12429)
    ,(#12430,#12431)
    ,(#12432,#12433
    )),.UNSPECIFIED.,.F.,.F.,.F.,(4,4),(2,2),(10.,11.),(0.,1.),
  .PIECEWISE_BEZIER_KNOTS.);
#12426 = CARTESIAN_POINT('',(0.397770261204,0.518120929427,
    0.709999999999));
#12427 = CARTESIAN_POINT('',(0.397770261204,0.518120929427,
    0.699999999999));
#12428 = CARTESIAN_POINT('',(0.437534908394,0.518120929427,
    0.709999999999));
#12429 = CARTESIAN_POINT('',(0.437534908394,0.518120929427,
    0.699999999999));
#12430 = CARTESIAN_POINT('',(0.470069619732,0.550655640765,
    0.709999999999));
#12431 = CARTESIAN_POINT('',(0.470069619732,0.550655640765,
    0.699999999999));
#12432 = CARTESIAN_POINT('',(0.470069619732,0.590420287956,
    0.709999999999));
#12433 = CARTESIAN_POINT('',(0.470069619732,0.590420287956,
    0.699999999999));
#12434 = ADVANCED_FACE('',(#12435),#12446,.F.);
#12435 = FACE_BOUND('',#12436,.T.);
#12436 = EDGE_LOOP('',(#12437,#12438,#12444,#12445));
#12437 = ORIENTED_EDGE('',*,*,#1543,.T.);
#12438 = ORIENTED_EDGE('',*,*,#12439,.F.);
#12439 = EDGE_CURVE('',#11967,#1536,#12440,.T.);
#12440 = LINE('',#12441,#12442);
#12441 = CARTESIAN_POINT('',(0.470069619732,0.597650223809,
    0.709999999999));
#12442 = VECTOR('',#12443,1.);
#12443 = DIRECTION('',(0.,0.,-1.));
#12444 = ORIENTED_EDGE('',*,*,#11966,.F.);
#12445 = ORIENTED_EDGE('',*,*,#12419,.T.);
#12446 = PLANE('',#12447);
#12447 = AXIS2_PLACEMENT_3D('',#12448,#12449,#12450);
#12448 = CARTESIAN_POINT('',(0.470069619732,0.590420287956,
    0.709999999999));
#12449 = DIRECTION('',(-1.,0.,0.));
#12450 = DIRECTION('',(0.,0.,1.));
#12451 = ADVANCED_FACE('',(#12452),#12463,.F.);
#12452 = FACE_BOUND('',#12453,.T.);
#12453 = EDGE_LOOP('',(#12454,#12455,#12461,#12462));
#12454 = ORIENTED_EDGE('',*,*,#1535,.T.);
#12455 = ORIENTED_EDGE('',*,*,#12456,.F.);
#12456 = EDGE_CURVE('',#11976,#1528,#12457,.T.);
#12457 = LINE('',#12458,#12459);
#12458 = CARTESIAN_POINT('',(0.571288721672,0.651151746362,
    0.709999999999));
#12459 = VECTOR('',#12460,1.);
#12460 = DIRECTION('',(0.,0.,-1.));
#12461 = ORIENTED_EDGE('',*,*,#11975,.F.);
#12462 = ORIENTED_EDGE('',*,*,#12439,.T.);
#12463 = PLANE('',#12464);
#12464 = AXIS2_PLACEMENT_3D('',#12465,#12466,#12467);
#12465 = CARTESIAN_POINT('',(0.470069619732,0.597650223809,
    0.709999999999));
#12466 = DIRECTION('',(-0.467307306754,0.884094950248,0.));
#12467 = DIRECTION('',(-0.884094950248,-0.467307306754,0.));
#12468 = ADVANCED_FACE('',(#12469),#12480,.F.);
#12469 = FACE_BOUND('',#12470,.T.);
#12470 = EDGE_LOOP('',(#12471,#12472,#12478,#12479));
#12471 = ORIENTED_EDGE('',*,*,#1527,.T.);
#12472 = ORIENTED_EDGE('',*,*,#12473,.F.);
#12473 = EDGE_CURVE('',#11984,#1520,#12474,.T.);
#12474 = LINE('',#12475,#12476);
#12475 = CARTESIAN_POINT('',(0.54887593156,0.689470414656,0.709999999999
    ));
#12476 = VECTOR('',#12477,1.);
#12477 = DIRECTION('',(0.,0.,-1.));
#12478 = ORIENTED_EDGE('',*,*,#11983,.F.);
#12479 = ORIENTED_EDGE('',*,*,#12456,.T.);
#12480 = PLANE('',#12481);
#12481 = AXIS2_PLACEMENT_3D('',#12482,#12483,#12484);
#12482 = CARTESIAN_POINT('',(0.571288721672,0.651151746362,
    0.709999999999));
#12483 = DIRECTION('',(-0.863187758942,-0.504883048649,0.));
#12484 = DIRECTION('',(0.504883048649,-0.863187758942,0.));
#12485 = ADVANCED_FACE('',(#12486),#12497,.F.);
#12486 = FACE_BOUND('',#12487,.T.);
#12487 = EDGE_LOOP('',(#12488,#12489,#12495,#12496));
#12488 = ORIENTED_EDGE('',*,*,#1519,.T.);
#12489 = ORIENTED_EDGE('',*,*,#12490,.F.);
#12490 = EDGE_CURVE('',#11992,#1511,#12491,.T.);
#12491 = LINE('',#12492,#12493);
#12492 = CARTESIAN_POINT('',(0.45199479389,0.638860863686,0.709999999999
    ));
#12493 = VECTOR('',#12494,1.);
#12494 = DIRECTION('',(0.,0.,-1.));
#12495 = ORIENTED_EDGE('',*,*,#11991,.F.);
#12496 = ORIENTED_EDGE('',*,*,#12473,.T.);
#12497 = PLANE('',#12498);
#12498 = AXIS2_PLACEMENT_3D('',#12499,#12500,#12501);
#12499 = CARTESIAN_POINT('',(0.54887593156,0.689470414656,0.709999999999
    ));
#12500 = DIRECTION('',(0.463018065387,-0.886348842796,0.));
#12501 = DIRECTION('',(0.886348842796,0.463018065387,0.));
#12502 = ADVANCED_FACE('',(#12503),#12514,.F.);
#12503 = FACE_BOUND('',#12504,.F.);
#12504 = EDGE_LOOP('',(#12505,#12506,#12507,#12513));
#12505 = ORIENTED_EDGE('',*,*,#12490,.F.);
#12506 = ORIENTED_EDGE('',*,*,#11999,.T.);
#12507 = ORIENTED_EDGE('',*,*,#12508,.T.);
#12508 = EDGE_CURVE('',#12000,#1502,#12509,.T.);
#12509 = LINE('',#12510,#12511);
#12510 = CARTESIAN_POINT('',(0.397770274994,0.663442642828,
    0.709999999999));
#12511 = VECTOR('',#12512,1.);
#12512 = DIRECTION('',(0.,0.,-1.));
#12513 = ORIENTED_EDGE('',*,*,#1510,.F.);
#12514 = B_SPLINE_SURFACE_WITH_KNOTS('',3,1,(
    (#12515,#12516)
    ,(#12517,#12518)
    ,(#12519,#12520)
    ,(#12521,#12522
    )),.UNSPECIFIED.,.F.,.F.,.F.,(4,4),(2,2),(15.,16.),(0.,1.),
  .PIECEWISE_BEZIER_KNOTS.);
#12515 = CARTESIAN_POINT('',(0.45199479389,0.638860863686,0.709999999999
    ));
#12516 = CARTESIAN_POINT('',(0.45199479389,0.638860863686,0.699999999999
    ));
#12517 = CARTESIAN_POINT('',(0.438980914871,0.654043731735,
    0.709999999999));
#12518 = CARTESIAN_POINT('',(0.438980914871,0.654043731735,
    0.699999999999));
#12519 = CARTESIAN_POINT('',(0.419460082552,0.663442642828,
    0.709999999999));
#12520 = CARTESIAN_POINT('',(0.419460082552,0.663442642828,
    0.699999999999));
#12521 = CARTESIAN_POINT('',(0.397770274994,0.663442642828,
    0.709999999999));
#12522 = CARTESIAN_POINT('',(0.397770274994,0.663442642828,
    0.699999999999));
#12523 = ADVANCED_FACE('',(#12524),#12535,.F.);
#12524 = FACE_BOUND('',#12525,.F.);
#12525 = EDGE_LOOP('',(#12526,#12527,#12528,#12534));
#12526 = ORIENTED_EDGE('',*,*,#12508,.F.);
#12527 = ORIENTED_EDGE('',*,*,#12008,.T.);
#12528 = ORIENTED_EDGE('',*,*,#12529,.T.);
#12529 = EDGE_CURVE('',#12009,#1493,#12530,.T.);
#12530 = LINE('',#12531,#12532);
#12531 = CARTESIAN_POINT('',(0.329808880734,0.615725063441,
    0.709999999999));
#12532 = VECTOR('',#12533,1.);
#12533 = DIRECTION('',(0.,0.,-1.));
#12534 = ORIENTED_EDGE('',*,*,#1501,.F.);
#12535 = B_SPLINE_SURFACE_WITH_KNOTS('',3,1,(
    (#12536,#12537)
    ,(#12538,#12539)
    ,(#12540,#12541)
    ,(#12542,#12543
    )),.UNSPECIFIED.,.F.,.F.,.F.,(4,4),(2,2),(16.,17.),(0.,1.),
  .PIECEWISE_BEZIER_KNOTS.);
#12536 = CARTESIAN_POINT('',(0.397770274994,0.663442642828,
    0.709999999999));
#12537 = CARTESIAN_POINT('',(0.397770274994,0.663442642828,
    0.699999999999));
#12538 = CARTESIAN_POINT('',(0.366681542552,0.663442642828,
    0.709999999999));
#12539 = CARTESIAN_POINT('',(0.366681542552,0.663442642828,
    0.699999999999));
#12540 = CARTESIAN_POINT('',(0.339930788171,0.643198827956,
    0.709999999999));
#12541 = CARTESIAN_POINT('',(0.339930788171,0.643198827956,
    0.699999999999));
#12542 = CARTESIAN_POINT('',(0.329808880734,0.615725063441,
    0.709999999999));
#12543 = CARTESIAN_POINT('',(0.329808880734,0.615725063441,
    0.699999999999));
#12544 = ADVANCED_FACE('',(#12545),#12556,.F.);
#12545 = FACE_BOUND('',#12546,.F.);
#12546 = EDGE_LOOP('',(#12547,#12548,#12549,#12555));
#12547 = ORIENTED_EDGE('',*,*,#12529,.F.);
#12548 = ORIENTED_EDGE('',*,*,#12017,.T.);
#12549 = ORIENTED_EDGE('',*,*,#12550,.T.);
#12550 = EDGE_CURVE('',#12018,#1484,#12551,.T.);
#12551 = LINE('',#12552,#12553);
#12552 = CARTESIAN_POINT('',(0.286429265617,0.682240478804,
    0.709999999999));
#12553 = VECTOR('',#12554,1.);
#12554 = DIRECTION('',(0.,0.,-1.));
#12555 = ORIENTED_EDGE('',*,*,#1492,.F.);
#12556 = B_SPLINE_SURFACE_WITH_KNOTS('',3,1,(
    (#12557,#12558)
    ,(#12559,#12560)
    ,(#12561,#12562)
    ,(#12563,#12564
    )),.UNSPECIFIED.,.F.,.F.,.F.,(4,4),(2,2),(17.,18.),(0.,1.),
  .PIECEWISE_BEZIER_KNOTS.);
#12557 = CARTESIAN_POINT('',(0.329808880734,0.615725063441,
    0.709999999999));
#12558 = CARTESIAN_POINT('',(0.329808880734,0.615725063441,
    0.699999999999));
#12559 = CARTESIAN_POINT('',(0.30450410525,0.627292963564,0.709999999999
    ));
#12560 = CARTESIAN_POINT('',(0.30450410525,0.627292963564,0.699999999999
    ));
#12561 = CARTESIAN_POINT('',(0.286429265617,0.652597739048,
    0.709999999999));
#12562 = CARTESIAN_POINT('',(0.286429265617,0.652597739048,
    0.699999999999));
#12563 = CARTESIAN_POINT('',(0.286429265617,0.682240478804,
    0.709999999999));
#12564 = CARTESIAN_POINT('',(0.286429265617,0.682240478804,
    0.699999999999));
#12565 = ADVANCED_FACE('',(#12566),#12577,.F.);
#12566 = FACE_BOUND('',#12567,.F.);
#12567 = EDGE_LOOP('',(#12568,#12569,#12570,#12576));
#12568 = ORIENTED_EDGE('',*,*,#12550,.F.);
#12569 = ORIENTED_EDGE('',*,*,#12026,.T.);
#12570 = ORIENTED_EDGE('',*,*,#12571,.T.);
#12571 = EDGE_CURVE('',#12027,#1475,#12572,.T.);
#12572 = LINE('',#12573,#12574);
#12573 = CARTESIAN_POINT('',(0.358728624146,0.754539837332,
    0.709999999999));
#12574 = VECTOR('',#12575,1.);
#12575 = DIRECTION('',(0.,0.,-1.));
#12576 = ORIENTED_EDGE('',*,*,#1483,.F.);
#12577 = B_SPLINE_SURFACE_WITH_KNOTS('',3,1,(
    (#12578,#12579)
    ,(#12580,#12581)
    ,(#12582,#12583)
    ,(#12584,#12585
    )),.UNSPECIFIED.,.F.,.F.,.F.,(4,4),(2,2),(18.,19.),(0.,1.),
  .PIECEWISE_BEZIER_KNOTS.);
#12578 = CARTESIAN_POINT('',(0.286429265617,0.682240478804,
    0.709999999999));
#12579 = CARTESIAN_POINT('',(0.286429265617,0.682240478804,
    0.699999999999));
#12580 = CARTESIAN_POINT('',(0.286429265617,0.722005125994,
    0.709999999999));
#12581 = CARTESIAN_POINT('',(0.286429265617,0.722005125994,
    0.699999999999));
#12582 = CARTESIAN_POINT('',(0.318963976955,0.754539837332,
    0.709999999999));
#12583 = CARTESIAN_POINT('',(0.318963976955,0.754539837332,
    0.699999999999));
#12584 = CARTESIAN_POINT('',(0.358728624146,0.754539837332,
    0.709999999999));
#12585 = CARTESIAN_POINT('',(0.358728624146,0.754539837332,
    0.699999999999));
#12586 = ADVANCED_FACE('',(#12587),#12598,.F.);
#12587 = FACE_BOUND('',#12588,.F.);
#12588 = EDGE_LOOP('',(#12589,#12590,#12591,#12597));
#12589 = ORIENTED_EDGE('',*,*,#12571,.F.);
#12590 = ORIENTED_EDGE('',*,*,#12035,.T.);
#12591 = ORIENTED_EDGE('',*,*,#12592,.T.);
#12592 = EDGE_CURVE('',#12036,#1466,#12593,.T.);
#12593 = LINE('',#12594,#12595);
#12594 = CARTESIAN_POINT('',(0.39704727865,0.743694933552,0.709999999999
    ));
#12595 = VECTOR('',#12596,1.);
#12596 = DIRECTION('',(0.,0.,-1.));
#12597 = ORIENTED_EDGE('',*,*,#1474,.F.);
#12598 = B_SPLINE_SURFACE_WITH_KNOTS('',3,1,(
    (#12599,#12600)
    ,(#12601,#12602)
    ,(#12603,#12604)
    ,(#12605,#12606
    )),.UNSPECIFIED.,.F.,.F.,.F.,(4,4),(2,2),(19.,20.),(0.,1.),
  .PIECEWISE_BEZIER_KNOTS.);
#12599 = CARTESIAN_POINT('',(0.358728624146,0.754539837332,
    0.709999999999));
#12600 = CARTESIAN_POINT('',(0.358728624146,0.754539837332,
    0.699999999999));
#12601 = CARTESIAN_POINT('',(0.372465499509,0.754539837332,
    0.709999999999));
#12602 = CARTESIAN_POINT('',(0.372465499509,0.754539837332,
    0.699999999999));
#12603 = CARTESIAN_POINT('',(0.386202374871,0.750201873063,
    0.709999999999));
#12604 = CARTESIAN_POINT('',(0.386202374871,0.750201873063,
    0.699999999999));
#12605 = CARTESIAN_POINT('',(0.39704727865,0.743694933552,0.709999999999
    ));
#12606 = CARTESIAN_POINT('',(0.39704727865,0.743694933552,0.699999999999
    ));
#12607 = ADVANCED_FACE('',(#12608),#12619,.F.);
#12608 = FACE_BOUND('',#12609,.F.);
#12609 = EDGE_LOOP('',(#12610,#12611,#12612,#12618));
#12610 = ORIENTED_EDGE('',*,*,#12592,.F.);
#12611 = ORIENTED_EDGE('',*,*,#12044,.T.);
#12612 = ORIENTED_EDGE('',*,*,#12613,.T.);
#12613 = EDGE_CURVE('',#12045,#1457,#12614,.T.);
#12614 = LINE('',#12615,#12616);
#12615 = CARTESIAN_POINT('',(0.493928402531,0.813102279128,
    0.709999999999));
#12616 = VECTOR('',#12617,1.);
#12617 = DIRECTION('',(0.,0.,-1.));
#12618 = ORIENTED_EDGE('',*,*,#1465,.F.);
#12619 = B_SPLINE_SURFACE_WITH_KNOTS('',3,1,(
    (#12620,#12621)
    ,(#12622,#12623)
    ,(#12624,#12625)
    ,(#12626,#12627
    )),.UNSPECIFIED.,.F.,.F.,.F.,(4,4),(2,2),(20.,21.),(0.,1.),
  .PIECEWISE_BEZIER_KNOTS.);
#12620 = CARTESIAN_POINT('',(0.39704727865,0.743694933552,0.709999999999
    ));
#12621 = CARTESIAN_POINT('',(0.39704727865,0.743694933552,0.699999999999
    ));
#12622 = CARTESIAN_POINT('',(0.410784140223,0.784182535717,
    0.709999999999));
#12623 = CARTESIAN_POINT('',(0.410784140223,0.784182535717,
    0.699999999999));
#12624 = CARTESIAN_POINT('',(0.448379812173,0.813102279128,
    0.709999999999));
#12625 = CARTESIAN_POINT('',(0.448379812173,0.813102279128,
    0.699999999999));
#12626 = CARTESIAN_POINT('',(0.493928402531,0.813102279128,
    0.709999999999));
#12627 = CARTESIAN_POINT('',(0.493928402531,0.813102279128,
    0.699999999999));
#12628 = ADVANCED_FACE('',(#12629),#12640,.F.);
#12629 = FACE_BOUND('',#12630,.F.);
#12630 = EDGE_LOOP('',(#12631,#12632,#12633,#12639));
#12631 = ORIENTED_EDGE('',*,*,#12613,.F.);
#12632 = ORIENTED_EDGE('',*,*,#12053,.T.);
#12633 = ORIENTED_EDGE('',*,*,#12634,.T.);
#12634 = EDGE_CURVE('',#12054,#1448,#12635,.T.);
#12635 = LINE('',#12636,#12637);
#12636 = CARTESIAN_POINT('',(0.595147504471,0.722728080968,
    0.709999999999));
#12637 = VECTOR('',#12638,1.);
#12638 = DIRECTION('',(0.,0.,-1.));
#12639 = ORIENTED_EDGE('',*,*,#1456,.F.);
#12640 = B_SPLINE_SURFACE_WITH_KNOTS('',3,1,(
    (#12641,#12642)
    ,(#12643,#12644)
    ,(#12645,#12646)
    ,(#12647,#12648
    )),.UNSPECIFIED.,.F.,.F.,.F.,(4,4),(2,2),(21.,22.),(0.,1.),
  .PIECEWISE_BEZIER_KNOTS.);
#12641 = CARTESIAN_POINT('',(0.493928402531,0.813102279128,
    0.709999999999));
#12642 = CARTESIAN_POINT('',(0.493928402531,0.813102279128,
    0.699999999999));
#12643 = CARTESIAN_POINT('',(0.545983946187,0.813102279128,
    0.709999999999));
#12644 = CARTESIAN_POINT('',(0.545983946187,0.813102279128,
    0.699999999999));
#12645 = CARTESIAN_POINT('',(0.589363561304,0.773337631937,
    0.709999999999));
#12646 = CARTESIAN_POINT('',(0.589363561304,0.773337631937,
    0.699999999999));
#12647 = CARTESIAN_POINT('',(0.595147504471,0.722728080968,
    0.709999999999));
#12648 = CARTESIAN_POINT('',(0.595147504471,0.722728080968,
    0.699999999999));
#12649 = ADVANCED_FACE('',(#12650),#12661,.F.);
#12650 = FACE_BOUND('',#12651,.T.);
#12651 = EDGE_LOOP('',(#12652,#12653,#12659,#12660));
#12652 = ORIENTED_EDGE('',*,*,#1447,.T.);
#12653 = ORIENTED_EDGE('',*,*,#12654,.F.);
#12654 = EDGE_CURVE('',#12063,#1439,#12655,.T.);
#12655 = LINE('',#12656,#12657);
#12656 = CARTESIAN_POINT('',(0.600931447637,0.722728080968,
    0.709999999999));
#12657 = VECTOR('',#12658,1.);
#12658 = DIRECTION('',(0.,0.,-1.));
#12659 = ORIENTED_EDGE('',*,*,#12062,.F.);
#12660 = ORIENTED_EDGE('',*,*,#12634,.T.);
#12661 = PLANE('',#12662);
#12662 = AXIS2_PLACEMENT_3D('',#12663,#12664,#12665);
#12663 = CARTESIAN_POINT('',(0.595147504471,0.722728080968,
    0.709999999999));
#12664 = DIRECTION('',(0.,1.,0.));
#12665 = DIRECTION('',(0.,-0.,1.));
#12666 = ADVANCED_FACE('',(#12667),#12678,.F.);
#12667 = FACE_BOUND('',#12668,.F.);
#12668 = EDGE_LOOP('',(#12669,#12670,#12671,#12677));
#12669 = ORIENTED_EDGE('',*,*,#12654,.F.);
#12670 = ORIENTED_EDGE('',*,*,#12071,.T.);
#12671 = ORIENTED_EDGE('',*,*,#12672,.T.);
#12672 = EDGE_CURVE('',#12072,#1430,#12673,.T.);
#12673 = LINE('',#12674,#12675);
#12674 = CARTESIAN_POINT('',(0.657324941773,0.666334586831,
    0.709999999999));
#12675 = VECTOR('',#12676,1.);
#12676 = DIRECTION('',(0.,0.,-1.));
#12677 = ORIENTED_EDGE('',*,*,#1438,.F.);
#12678 = B_SPLINE_SURFACE_WITH_KNOTS('',3,1,(
    (#12679,#12680)
    ,(#12681,#12682)
    ,(#12683,#12684)
    ,(#12685,#12686
    )),.UNSPECIFIED.,.F.,.F.,.F.,(4,4),(2,2),(23.,24.),(0.,1.),
  .PIECEWISE_BEZIER_KNOTS.);
#12679 = CARTESIAN_POINT('',(0.600931447637,0.722728080968,
    0.709999999999));
#12680 = CARTESIAN_POINT('',(0.600931447637,0.722728080968,
    0.699999999999));
#12681 = CARTESIAN_POINT('',(0.632020166288,0.722728080968,
    0.709999999999));
#12682 = CARTESIAN_POINT('',(0.632020166288,0.722728080968,
    0.699999999999));
#12683 = CARTESIAN_POINT('',(0.657324941773,0.697423305483,
    0.709999999999));
#12684 = CARTESIAN_POINT('',(0.657324941773,0.697423305483,
    0.699999999999));
#12685 = CARTESIAN_POINT('',(0.657324941773,0.666334586831,
    0.709999999999));
#12686 = CARTESIAN_POINT('',(0.657324941773,0.666334586831,
    0.699999999999));
#12687 = ADVANCED_FACE('',(#12688),#12699,.F.);
#12688 = FACE_BOUND('',#12689,.F.);
#12689 = EDGE_LOOP('',(#12690,#12691,#12692,#12698));
#12690 = ORIENTED_EDGE('',*,*,#12672,.F.);
#12691 = ORIENTED_EDGE('',*,*,#12080,.T.);
#12692 = ORIENTED_EDGE('',*,*,#12693,.T.);
#12693 = EDGE_CURVE('',#12081,#1422,#12694,.T.);
#12694 = LINE('',#12695,#12696);
#12695 = CARTESIAN_POINT('',(0.605269398117,0.609941092695,
    0.709999999999));
#12696 = VECTOR('',#12697,1.);
#12697 = DIRECTION('',(0.,0.,-1.));
#12698 = ORIENTED_EDGE('',*,*,#1429,.F.);
#12699 = B_SPLINE_SURFACE_WITH_KNOTS('',3,1,(
    (#12700,#12701)
    ,(#12702,#12703)
    ,(#12704,#12705)
    ,(#12706,#12707
    )),.UNSPECIFIED.,.F.,.F.,.F.,(4,4),(2,2),(24.,25.),(0.,1.),
  .PIECEWISE_BEZIER_KNOTS.);
#12700 = CARTESIAN_POINT('',(0.657324941773,0.666334586831,
    0.709999999999));
#12701 = CARTESIAN_POINT('',(0.657324941773,0.666334586831,
    0.699999999999));
#12702 = CARTESIAN_POINT('',(0.657324941773,0.636691847076,
    0.709999999999));
#12703 = CARTESIAN_POINT('',(0.657324941773,0.636691847076,
    0.699999999999));
#12704 = CARTESIAN_POINT('',(0.634912151661,0.612110067935,
    0.709999999999));
#12705 = CARTESIAN_POINT('',(0.634912151661,0.612110067935,
    0.699999999999));
#12706 = CARTESIAN_POINT('',(0.605269398117,0.609941092695,
    0.709999999999));
#12707 = CARTESIAN_POINT('',(0.605269398117,0.609941092695,
    0.699999999999));
#12708 = ADVANCED_FACE('',(#12709),#12720,.F.);
#12709 = FACE_BOUND('',#12710,.T.);
#12710 = EDGE_LOOP('',(#12711,#12712,#12718,#12719));
#12711 = ORIENTED_EDGE('',*,*,#1421,.T.);
#12712 = ORIENTED_EDGE('',*,*,#12713,.F.);
#12713 = EDGE_CURVE('',#12090,#1413,#12714,.T.);
#12714 = LINE('',#12715,#12716);
#12715 = CARTESIAN_POINT('',(0.572734686779,0.609941092695,
    0.709999999999));
#12716 = VECTOR('',#12717,1.);
#12717 = DIRECTION('',(0.,0.,-1.));
#12718 = ORIENTED_EDGE('',*,*,#12089,.F.);
#12719 = ORIENTED_EDGE('',*,*,#12693,.T.);
#12720 = PLANE('',#12721);
#12721 = AXIS2_PLACEMENT_3D('',#12722,#12723,#12724);
#12722 = CARTESIAN_POINT('',(0.605269398117,0.609941092695,
    0.709999999999));
#12723 = DIRECTION('',(0.,-1.,0.));
#12724 = DIRECTION('',(0.,0.,-1.));
#12725 = ADVANCED_FACE('',(#12726),#12737,.F.);
#12726 = FACE_BOUND('',#12727,.F.);
#12727 = EDGE_LOOP('',(#12728,#12729,#12730,#12736));
#12728 = ORIENTED_EDGE('',*,*,#12713,.F.);
#12729 = ORIENTED_EDGE('',*,*,#12097,.T.);
#12730 = ORIENTED_EDGE('',*,*,#12731,.T.);
#12731 = EDGE_CURVE('',#12098,#1404,#12732,.T.);
#12732 = LINE('',#12733,#12734);
#12733 = CARTESIAN_POINT('',(0.568396736299,0.610664075248,
    0.709999999999));
#12734 = VECTOR('',#12735,1.);
#12735 = DIRECTION('',(0.,0.,-1.));
#12736 = ORIENTED_EDGE('',*,*,#1412,.F.);
#12737 = B_SPLINE_SURFACE_WITH_KNOTS('',3,1,(
    (#12738,#12739)
    ,(#12740,#12741)
    ,(#12742,#12743)
    ,(#12744,#12745
    )),.UNSPECIFIED.,.F.,.F.,.F.,(4,4),(2,2),(26.,27.),(0.,1.),
  .PIECEWISE_BEZIER_KNOTS.);
#12738 = CARTESIAN_POINT('',(0.572734686779,0.609941092695,
    0.709999999999));
#12739 = CARTESIAN_POINT('',(0.572734686779,0.609941092695,
    0.699999999999));
#12740 = CARTESIAN_POINT('',(0.571288694092,0.609941092695,
    0.709999999999));
#12741 = CARTESIAN_POINT('',(0.571288694092,0.609941092695,
    0.699999999999));
#12742 = CARTESIAN_POINT('',(0.569842701406,0.610664075248,
    0.709999999999));
#12743 = CARTESIAN_POINT('',(0.569842701406,0.610664075248,
    0.699999999999));
#12744 = CARTESIAN_POINT('',(0.568396736299,0.610664075248,
    0.709999999999));
#12745 = CARTESIAN_POINT('',(0.568396736299,0.610664075248,
    0.699999999999));
#12746 = ADVANCED_FACE('',(#12747),#12758,.F.);
#12747 = FACE_BOUND('',#12748,.F.);
#12748 = EDGE_LOOP('',(#12749,#12750,#12751,#12757));
#12749 = ORIENTED_EDGE('',*,*,#12731,.F.);
#12750 = ORIENTED_EDGE('',*,*,#12106,.T.);
#12751 = ORIENTED_EDGE('',*,*,#12752,.T.);
#12752 = EDGE_CURVE('',#12107,#1395,#12753,.T.);
#12753 = LINE('',#12754,#12755);
#12754 = CARTESIAN_POINT('',(0.545983946187,0.588251285136,
    0.709999999999));
#12755 = VECTOR('',#12756,1.);
#12756 = DIRECTION('',(0.,0.,-1.));
#12757 = ORIENTED_EDGE('',*,*,#1403,.F.);
#12758 = B_SPLINE_SURFACE_WITH_KNOTS('',3,1,(
    (#12759,#12760)
    ,(#12761,#12762)
    ,(#12763,#12764)
    ,(#12765,#12766
    )),.UNSPECIFIED.,.F.,.F.,.F.,(4,4),(2,2),(27.,28.),(0.,1.),
  .PIECEWISE_BEZIER_KNOTS.);
#12759 = CARTESIAN_POINT('',(0.568396736299,0.610664075248,
    0.709999999999));
#12760 = CARTESIAN_POINT('',(0.568396736299,0.610664075248,
    0.699999999999));
#12761 = CARTESIAN_POINT('',(0.556105839833,0.610664075248,
    0.709999999999));
#12762 = CARTESIAN_POINT('',(0.556105839833,0.610664075248,
    0.699999999999));
#12763 = CARTESIAN_POINT('',(0.545983946187,0.600542154022,
    0.709999999999));
#12764 = CARTESIAN_POINT('',(0.545983946187,0.600542154022,
    0.699999999999));
#12765 = CARTESIAN_POINT('',(0.545983946187,0.588251285136,
    0.709999999999));
#12766 = CARTESIAN_POINT('',(0.545983946187,0.588251285136,
    0.699999999999));
#12767 = ADVANCED_FACE('',(#12768),#12779,.F.);
#12768 = FACE_BOUND('',#12769,.F.);
#12769 = EDGE_LOOP('',(#12770,#12771,#12772,#12778));
#12770 = ORIENTED_EDGE('',*,*,#12752,.F.);
#12771 = ORIENTED_EDGE('',*,*,#12115,.T.);
#12772 = ORIENTED_EDGE('',*,*,#12773,.T.);
#12773 = EDGE_CURVE('',#12116,#1387,#12774,.T.);
#12774 = LINE('',#12775,#12776);
#12775 = CARTESIAN_POINT('',(0.566950771193,0.565838495024,
    0.709999999999));
#12776 = VECTOR('',#12777,1.);
#12777 = DIRECTION('',(0.,0.,-1.));
#12778 = ORIENTED_EDGE('',*,*,#1394,.F.);
#12779 = B_SPLINE_SURFACE_WITH_KNOTS('',3,1,(
    (#12780,#12781)
    ,(#12782,#12783)
    ,(#12784,#12785)
    ,(#12786,#12787
    )),.UNSPECIFIED.,.F.,.F.,.F.,(4,4),(2,2),(28.,29.),(0.,1.),
  .PIECEWISE_BEZIER_KNOTS.);
#12780 = CARTESIAN_POINT('',(0.545983946187,0.588251285136,
    0.709999999999));
#12781 = CARTESIAN_POINT('',(0.545983946187,0.588251285136,
    0.699999999999));
#12782 = CARTESIAN_POINT('',(0.545983946187,0.576683398804,
    0.709999999999));
#12783 = CARTESIAN_POINT('',(0.545983946187,0.576683398804,
    0.699999999999));
#12784 = CARTESIAN_POINT('',(0.55538285728,0.566561477577,0.709999999999
    ));
#12785 = CARTESIAN_POINT('',(0.55538285728,0.566561477577,0.699999999999
    ));
#12786 = CARTESIAN_POINT('',(0.566950771193,0.565838495024,
    0.709999999999));
#12787 = CARTESIAN_POINT('',(0.566950771193,0.565838495024,
    0.699999999999));
#12788 = ADVANCED_FACE('',(#12789),#12800,.F.);
#12789 = FACE_BOUND('',#12790,.T.);
#12790 = EDGE_LOOP('',(#12791,#12792,#12798,#12799));
#12791 = ORIENTED_EDGE('',*,*,#1386,.T.);
#12792 = ORIENTED_EDGE('',*,*,#12793,.F.);
#12793 = EDGE_CURVE('',#12125,#1378,#12794,.T.);
#12794 = LINE('',#12795,#12796);
#12795 = CARTESIAN_POINT('',(0.609607376177,0.565838495024,
    0.709999999999));
#12796 = VECTOR('',#12797,1.);
#12797 = DIRECTION('',(0.,0.,-1.));
#12798 = ORIENTED_EDGE('',*,*,#12124,.F.);
#12799 = ORIENTED_EDGE('',*,*,#12773,.T.);
#12800 = PLANE('',#12801);
#12801 = AXIS2_PLACEMENT_3D('',#12802,#12803,#12804);
#12802 = CARTESIAN_POINT('',(0.607438400937,0.565838495024,
    0.709999999999));
#12803 = DIRECTION('',(0.,1.,0.));
#12804 = DIRECTION('',(0.,-0.,1.));
#12805 = ADVANCED_FACE('',(#12806),#12817,.F.);
#12806 = FACE_BOUND('',#12807,.F.);
#12807 = EDGE_LOOP('',(#12808,#12809,#12810,#12816));
#12808 = ORIENTED_EDGE('',*,*,#12793,.F.);
#12809 = ORIENTED_EDGE('',*,*,#12132,.T.);
#12810 = ORIENTED_EDGE('',*,*,#12811,.T.);
#12811 = EDGE_CURVE('',#12133,#1369,#12812,.T.);
#12812 = LINE('',#12813,#12814);
#12813 = CARTESIAN_POINT('',(0.675399781405,0.598373206362,
    0.709999999999));
#12814 = VECTOR('',#12815,1.);
#12815 = DIRECTION('',(0.,0.,-1.));
#12816 = ORIENTED_EDGE('',*,*,#1377,.F.);
#12817 = B_SPLINE_SURFACE_WITH_KNOTS('',3,1,(
    (#12818,#12819)
    ,(#12820,#12821)
    ,(#12822,#12823)
    ,(#12824,#12825
    )),.UNSPECIFIED.,.F.,.F.,.F.,(4,4),(2,2),(33.,34.),(0.,1.),
  .PIECEWISE_BEZIER_KNOTS.);
#12818 = CARTESIAN_POINT('',(0.609607376177,0.565838495024,
    0.709999999999));
#12819 = CARTESIAN_POINT('',(0.609607376177,0.565838495024,
    0.699999999999));
#12820 = CARTESIAN_POINT('',(0.634912151661,0.568007470264,
    0.709999999999));
#12821 = CARTESIAN_POINT('',(0.634912151661,0.568007470264,
    0.699999999999));
#12822 = CARTESIAN_POINT('',(0.658047951907,0.579575384177,
    0.709999999999));
#12823 = CARTESIAN_POINT('',(0.658047951907,0.579575384177,
    0.699999999999));
#12824 = CARTESIAN_POINT('',(0.675399781405,0.598373206362,
    0.709999999999));
#12825 = CARTESIAN_POINT('',(0.675399781405,0.598373206362,
    0.699999999999));
#12826 = ADVANCED_FACE('',(#12827),#12833,.F.);
#12827 = FACE_BOUND('',#12828,.F.);
#12828 = EDGE_LOOP('',(#12829,#12830,#12831,#12832));
#12829 = ORIENTED_EDGE('',*,*,#12811,.F.);
#12830 = ORIENTED_EDGE('',*,*,#12141,.T.);
#12831 = ORIENTED_EDGE('',*,*,#12181,.T.);
#12832 = ORIENTED_EDGE('',*,*,#1368,.F.);
#12833 = B_SPLINE_SURFACE_WITH_KNOTS('',3,1,(
    (#12834,#12835)
    ,(#12836,#12837)
    ,(#12838,#12839)
    ,(#12840,#12841
    )),.UNSPECIFIED.,.F.,.F.,.F.,(4,4),(2,2),(34.,35.),(0.,1.),
  .PIECEWISE_BEZIER_KNOTS.);
#12834 = CARTESIAN_POINT('',(0.675399781405,0.598373206362,
    0.709999999999));
#12835 = CARTESIAN_POINT('',(0.675399781405,0.598373206362,
    0.699999999999));
#12836 = CARTESIAN_POINT('',(0.692751638484,0.617171028548,
    0.709999999999));
#12837 = CARTESIAN_POINT('',(0.692751638484,0.617171028548,
    0.699999999999));
#12838 = CARTESIAN_POINT('',(0.702150549577,0.641752821479,
    0.709999999999));
#12839 = CARTESIAN_POINT('',(0.702150549577,0.641752821479,
    0.699999999999));
#12840 = CARTESIAN_POINT('',(0.702150549577,0.667057596964,
    0.709999999999));
#12841 = CARTESIAN_POINT('',(0.702150549577,0.667057596964,
    0.699999999999));
#12842 = ADVANCED_FACE('',(#12843),#12872,.T.);
#12843 = FACE_BOUND('',#12844,.T.);
#12844 = EDGE_LOOP('',(#12845,#12859,#12865,#12866));
#12845 = ORIENTED_EDGE('',*,*,#12846,.F.);
#12846 = EDGE_CURVE('',#12847,#12849,#12851,.T.);
#12847 = VERTEX_POINT('',#12848);
#12848 = CARTESIAN_POINT('',(0.39704726486,0.561500489385,0.699999999999
    ));
#12849 = VERTEX_POINT('',#12850);
#12850 = CARTESIAN_POINT('',(0.39704726486,0.617894011101,0.699999999999
    ));
#12851 = B_SPLINE_CURVE_WITH_KNOTS('',3,(#12852,#12853,#12854,#12855,
    #12856,#12857,#12858),.UNSPECIFIED.,.F.,.F.,(4,3,4),(0.,1.,2.),
  .PIECEWISE_BEZIER_KNOTS.);
#12852 = CARTESIAN_POINT('',(0.39704726486,0.561500489385,0.699999999999
    ));
#12853 = CARTESIAN_POINT('',(0.412953115462,0.561500489385,
    0.699999999999));
#12854 = CARTESIAN_POINT('',(0.425244011928,0.574514395984,
    0.699999999999));
#12855 = CARTESIAN_POINT('',(0.425244011928,0.589697250243,
    0.699999999999));
#12856 = CARTESIAN_POINT('',(0.425244011928,0.605603114635,
    0.699999999999));
#12857 = CARTESIAN_POINT('',(0.412230132909,0.617894011101,
    0.699999999999));
#12858 = CARTESIAN_POINT('',(0.39704726486,0.617894011101,0.699999999999
    ));
#12859 = ORIENTED_EDGE('',*,*,#12860,.F.);
#12860 = EDGE_CURVE('',#12151,#12847,#12861,.T.);
#12861 = LINE('',#12862,#12863);
#12862 = CARTESIAN_POINT('',(0.39704726486,0.561500489385,0.709999999999
    ));
#12863 = VECTOR('',#12864,1.);
#12864 = DIRECTION('',(0.,0.,-1.));
#12865 = ORIENTED_EDGE('',*,*,#12150,.T.);
#12866 = ORIENTED_EDGE('',*,*,#12867,.T.);
#12867 = EDGE_CURVE('',#12153,#12849,#12868,.T.);
#12868 = LINE('',#12869,#12870);
#12869 = CARTESIAN_POINT('',(0.39704726486,0.617894011101,0.709999999999
    ));
#12870 = VECTOR('',#12871,1.);
#12871 = DIRECTION('',(0.,0.,-1.));
#12872 = B_SPLINE_SURFACE_WITH_KNOTS('',3,1,(
    (#12873,#12874)
    ,(#12875,#12876)
    ,(#12877,#12878)
    ,(#12879,#12880)
    ,(#12881,#12882)
    ,(#12883,#12884)
    ,(#12885,#12886
  )),.UNSPECIFIED.,.F.,.F.,.F.,(4,3,4),(2,2),(0.,1.,2.),(0.,1.),
  .PIECEWISE_BEZIER_KNOTS.);
#12873 = CARTESIAN_POINT('',(0.39704726486,0.561500489385,0.709999999999
    ));
#12874 = CARTESIAN_POINT('',(0.39704726486,0.561500489385,0.699999999999
    ));
#12875 = CARTESIAN_POINT('',(0.412953115462,0.561500489385,
    0.709999999999));
#12876 = CARTESIAN_POINT('',(0.412953115462,0.561500489385,
    0.699999999999));
#12877 = CARTESIAN_POINT('',(0.425244011928,0.574514395984,
    0.709999999999));
#12878 = CARTESIAN_POINT('',(0.425244011928,0.574514395984,
    0.699999999999));
#12879 = CARTESIAN_POINT('',(0.425244011928,0.589697250243,
    0.709999999999));
#12880 = CARTESIAN_POINT('',(0.425244011928,0.589697250243,
    0.699999999999));
#12881 = CARTESIAN_POINT('',(0.425244011928,0.605603114635,
    0.709999999999));
#12882 = CARTESIAN_POINT('',(0.425244011928,0.605603114635,
    0.699999999999));
#12883 = CARTESIAN_POINT('',(0.412230132909,0.617894011101,
    0.709999999999));
#12884 = CARTESIAN_POINT('',(0.412230132909,0.617894011101,
    0.699999999999));
#12885 = CARTESIAN_POINT('',(0.39704726486,0.617894011101,0.709999999999
    ));
#12886 = CARTESIAN_POINT('',(0.39704726486,0.617894011101,0.699999999999
    ));
#12887 = ADVANCED_FACE('',(#12888),#12902,.T.);
#12888 = FACE_BOUND('',#12889,.T.);
#12889 = EDGE_LOOP('',(#12890,#12899,#12900,#12901));
#12890 = ORIENTED_EDGE('',*,*,#12891,.F.);
#12891 = EDGE_CURVE('',#12849,#12847,#12892,.T.);
#12892 = B_SPLINE_CURVE_WITH_KNOTS('',3,(#12893,#12894,#12895,#12896,
    #12897,#12898),.UNSPECIFIED.,.F.,.F.,(4,2,4),(2.,3.,4.),
  .UNSPECIFIED.);
#12893 = CARTESIAN_POINT('',(0.39704726486,0.617894011101,0.699999999999
    ));
#12894 = CARTESIAN_POINT('',(0.381864396811,0.617894011101,
    0.699999999999));
#12895 = CARTESIAN_POINT('',(0.368850517792,0.605603114635,
    0.699999999999));
#12896 = CARTESIAN_POINT('',(0.368850517792,0.57379138585,0.699999999999
    ));
#12897 = CARTESIAN_POINT('',(0.381864396811,0.561500489385,
    0.699999999999));
#12898 = CARTESIAN_POINT('',(0.39704726486,0.561500489385,0.699999999999
    ));
#12899 = ORIENTED_EDGE('',*,*,#12867,.F.);
#12900 = ORIENTED_EDGE('',*,*,#12164,.T.);
#12901 = ORIENTED_EDGE('',*,*,#12860,.T.);
#12902 = B_SPLINE_SURFACE_WITH_KNOTS('',3,1,(
    (#12903,#12904)
    ,(#12905,#12906)
    ,(#12907,#12908)
    ,(#12909,#12910)
    ,(#12911,#12912)
    ,(#12913,#12914
  )),.UNSPECIFIED.,.F.,.F.,.F.,(4,2,4),(2,2),(2.,3.,4.),(0.,1.),
  .UNSPECIFIED.);
#12903 = CARTESIAN_POINT('',(0.39704726486,0.617894011101,0.709999999999
    ));
#12904 = CARTESIAN_POINT('',(0.39704726486,0.617894011101,0.699999999999
    ));
#12905 = CARTESIAN_POINT('',(0.381864396811,0.617894011101,
    0.709999999999));
#12906 = CARTESIAN_POINT('',(0.381864396811,0.617894011101,
    0.699999999999));
#12907 = CARTESIAN_POINT('',(0.368850517792,0.605603114635,
    0.709999999999));
#12908 = CARTESIAN_POINT('',(0.368850517792,0.605603114635,
    0.699999999999));
#12909 = CARTESIAN_POINT('',(0.368850517792,0.57379138585,0.709999999999
    ));
#12910 = CARTESIAN_POINT('',(0.368850517792,0.57379138585,0.699999999999
    ));
#12911 = CARTESIAN_POINT('',(0.381864396811,0.561500489385,
    0.709999999999));
#12912 = CARTESIAN_POINT('',(0.381864396811,0.561500489385,
    0.699999999999));
#12913 = CARTESIAN_POINT('',(0.39704726486,0.561500489385,0.709999999999
    ));
#12914 = CARTESIAN_POINT('',(0.39704726486,0.561500489385,0.699999999999
    ));
#12915 = ADVANCED_FACE('',(#12916),#12920,.T.);
#12916 = FACE_BOUND('',#12917,.T.);
#12917 = EDGE_LOOP('',(#12918,#12919));
#12918 = ORIENTED_EDGE('',*,*,#12846,.T.);
#12919 = ORIENTED_EDGE('',*,*,#12891,.T.);
#12920 = PLANE('',#12921);
#12921 = AXIS2_PLACEMENT_3D('',#12922,#12923,#12924);
#12922 = CARTESIAN_POINT('',(0.,0.,0.699999999999));
#12923 = DIRECTION('',(0.,0.,1.));
#12924 = DIRECTION('',(1.,0.,-0.));
#12925 = ( GEOMETRIC_REPRESENTATION_CONTEXT(3) 
GLOBAL_UNCERTAINTY_ASSIGNED_CONTEXT((#12929)) 
GLOBAL_UNIT_ASSIGNED_CONTEXT((#12926,#12927,#12928)) 
REPRESENTATION_CONTEXT('Context #1',
  '3D Context with UNIT and UNCERTAINTY') );
#12926 = ( LENGTH_UNIT() NAMED_UNIT(*) SI_UNIT(.MILLI.,.METRE.) );
#12927 = ( NAMED_UNIT(*) PLANE_ANGLE_UNIT() SI_UNIT($,.RADIAN.) );
#12928 = ( NAMED_UNIT(*) SI_UNIT($,.STERADIAN.) SOLID_ANGLE_UNIT() );
#12929 = UNCERTAINTY_MEASURE_WITH_UNIT(LENGTH_MEASURE(1.E-07),#12926,
  'distance_accuracy_value','confusion accuracy');
#12930 = CONTEXT_DEPENDENT_SHAPE_REPRESENTATION(#12931,#12933);
#12931 = ( REPRESENTATION_RELATIONSHIP('','',#55,#32) 
REPRESENTATION_RELATIONSHIP_WITH_TRANSFORMATION(#12932) 
SHAPE_REPRESENTATION_RELATIONSHIP() );
#12932 = ITEM_DEFINED_TRANSFORMATION('','',#11,#33);
#12933 = PRODUCT_DEFINITION_SHAPE('Placement','Placement of an item',
  #12934);
#12934 = NEXT_ASSEMBLY_USAGE_OCCURRENCE('1',
'CRYSTAL-SMD_4P-L3.2-W2.5-BL_SIT8008BI~CRYSTAL-SMD_4P-L3.2-W2.5-BL_
SIT8008BI~kO2a','',#27,#50,$);
#12935 = PRODUCT_RELATED_PRODUCT_CATEGORY('part',$,(#52));
#12936 = MECHANICAL_DESIGN_GEOMETRIC_PRESENTATION_REPRESENTATION('',(
    #12937,#12948,#12956,#12964,#12971,#12979,#12986,#12993,#13000,
    #13007,#13014,#13021,#13028,#13035,#13042,#13049,#13056,#13063,
    #13070,#13077,#13084,#13091,#13098,#13105,#13112,#13119,#13126,
    #13133,#13140,#13147,#13154,#13161,#13168,#13175,#13182,#13189,
    #13196,#13203,#13210,#13217,#13224,#13231,#13238,#13245,#13252,
    #13259,#13266,#13273,#13280,#13287,#13294,#13301,#13308,#13315,
    #13322,#13329,#13336,#13343,#13350,#13357,#13364,#13371,#13378,
    #13385,#13392,#13399,#13406,#13413,#13420,#13427,#13434,#13441,
    #13448,#13455,#13462,#13469,#13476,#13483,#13490,#13497,#13504,
    #13511,#13518,#13525,#13532,#13539,#13546,#13553,#13560,#13567,
    #13574,#13582,#13589,#13596,#13603,#13610,#13617,#13624,#13631,
    #13638,#13645,#13652,#13659,#13666,#13673,#13680,#13687,#13694,
    #13701,#13708,#13715,#13722,#13729,#13736,#13743,#13750,#13757,
    #13764,#13771,#13778,#13785,#13792,#13799,#13806,#13813,#13820,
    #13827,#13834,#13841,#13848,#13855,#13862,#13869,#13876,#13883,
    #13890,#13897,#13904,#13911,#13918,#13925,#13932,#13939,#13946,
    #13953,#13960,#13967,#13974,#13981,#13988,#13995,#14002,#14009,
    #14016,#14023,#14030,#14037,#14044,#14051,#14058,#14065,#14072,
    #14079,#14086,#14093,#14100,#14107,#14114,#14121,#14128,#14135,
    #14142,#14149,#14156,#14163,#14170,#14177,#14184,#14191,#14198,
    #14205,#14212,#14219,#14226,#14233,#14240,#14247,#14254,#14261,
    #14268,#14275,#14282,#14289,#14296,#14303,#14310,#14317,#14324,
    #14331,#14338,#14345,#14352,#14359,#14366,#14373,#14380,#14387,
    #14394,#14401,#14408,#14415,#14422,#14429,#14436,#14443,#14450,
    #14457,#14464,#14471,#14478,#14485,#14492,#14499,#14506,#14513,
    #14520,#14527,#14534,#14541,#14548,#14555,#14562,#14569,#14576,
    #14583,#14590,#14597,#14604,#14611,#14618,#14625,#14632,#14639,
    #14646,#14653,#14660,#14667,#14674,#14681,#14688,#14695,#14702,
    #14709,#14716,#14723,#14730,#14737,#14744,#14751,#14758,#14765,
    #14772,#14779,#14786,#14793,#14800,#14807,#14814,#14821,#14828,
    #14835,#14842,#14849,#14856,#14863,#14870,#14877,#14884,#14891,
    #14898,#14905,#14912,#14919,#14926,#14933,#14940,#14947,#14954,
    #14961,#14968,#14975,#14982,#14989,#14996,#15003,#15010,#15017,
    #15024,#15031,#15038,#15045,#15052,#15059,#15066,#15073,#15080,
    #15087,#15094,#15101,#15108,#15115,#15122,#15129,#15136,#15143,
    #15150,#15157,#15164,#15171,#15178,#15185,#15192,#15199,#15206,
    #15213,#15220,#15227,#15234,#15241,#15248,#15255,#15262,#15269,
    #15276,#15283,#15290,#15297,#15304,#15311,#15318,#15325,#15332,
    #15339,#15346,#15353,#15360,#15367,#15374,#15381,#15388,#15395,
    #15402,#15409,#15416,#15423,#15430,#15437,#15444,#15451,#15458,
    #15465,#15472,#15479,#15486,#15493,#15500,#15507,#15514,#15521,
    #15528,#15535,#15542,#15549,#15556),#12925);
#12937 = STYLED_ITEM('color',(#12938),#56);
#12938 = PRESENTATION_STYLE_ASSIGNMENT((#12939,#12945));
#12939 = SURFACE_STYLE_USAGE(.BOTH.,#12940);
#12940 = SURFACE_SIDE_STYLE('',(#12941));
#12941 = SURFACE_STYLE_FILL_AREA(#12942);
#12942 = FILL_AREA_STYLE('',(#12943));
#12943 = FILL_AREA_STYLE_COLOUR('',#12944);
#12944 = COLOUR_RGB('',0.25098037884,0.25098037884,0.25098037884);
#12945 = CURVE_STYLE('',#12946,POSITIVE_LENGTH_MEASURE(0.1),#12947);
#12946 = DRAUGHTING_PRE_DEFINED_CURVE_FONT('continuous');
#12947 = COLOUR_RGB('',9.803921802644E-02,9.803921802644E-02,
  9.803921802644E-02);
#12948 = OVER_RIDING_STYLED_ITEM('overriding color',(#12949),#100,#12937
  );
#12949 = PRESENTATION_STYLE_ASSIGNMENT((#12950));
#12950 = SURFACE_STYLE_USAGE(.BOTH.,#12951);
#12951 = SURFACE_SIDE_STYLE('',(#12952));
#12952 = SURFACE_STYLE_FILL_AREA(#12953);
#12953 = FILL_AREA_STYLE('',(#12954));
#12954 = FILL_AREA_STYLE_COLOUR('',#12955);
#12955 = DRAUGHTING_PRE_DEFINED_COLOUR('white');
#12956 = OVER_RIDING_STYLED_ITEM('overriding color',(#12957),#1644,
  #12937);
#12957 = PRESENTATION_STYLE_ASSIGNMENT((#12958));
#12958 = SURFACE_STYLE_USAGE(.BOTH.,#12959);
#12959 = SURFACE_SIDE_STYLE('',(#12960));
#12960 = SURFACE_STYLE_FILL_AREA(#12961);
#12961 = FILL_AREA_STYLE('',(#12962));
#12962 = FILL_AREA_STYLE_COLOUR('',#12963);
#12963 = COLOUR_RGB('',0.223529416636,0.223529416636,0.223529416636);
#12964 = OVER_RIDING_STYLED_ITEM('overriding color',(#12965),#2430,
  #12937);
#12965 = PRESENTATION_STYLE_ASSIGNMENT((#12966));
#12966 = SURFACE_STYLE_USAGE(.BOTH.,#12967);
#12967 = SURFACE_SIDE_STYLE('',(#12968));
#12968 = SURFACE_STYLE_FILL_AREA(#12969);
#12969 = FILL_AREA_STYLE('',(#12970));
#12970 = FILL_AREA_STYLE_COLOUR('',#12963);
#12971 = OVER_RIDING_STYLED_ITEM('overriding color',(#12972),#2486,
  #12937);
#12972 = PRESENTATION_STYLE_ASSIGNMENT((#12973));
#12973 = SURFACE_STYLE_USAGE(.BOTH.,#12974);
#12974 = SURFACE_SIDE_STYLE('',(#12975));
#12975 = SURFACE_STYLE_FILL_AREA(#12976);
#12976 = FILL_AREA_STYLE('',(#12977));
#12977 = FILL_AREA_STYLE_COLOUR('',#12978);
#12978 = DRAUGHTING_PRE_DEFINED_COLOUR('yellow');
#12979 = OVER_RIDING_STYLED_ITEM('overriding color',(#12980),#2517,
  #12937);
#12980 = PRESENTATION_STYLE_ASSIGNMENT((#12981));
#12981 = SURFACE_STYLE_USAGE(.BOTH.,#12982);
#12982 = SURFACE_SIDE_STYLE('',(#12983));
#12983 = SURFACE_STYLE_FILL_AREA(#12984);
#12984 = FILL_AREA_STYLE('',(#12985));
#12985 = FILL_AREA_STYLE_COLOUR('',#12978);
#12986 = OVER_RIDING_STYLED_ITEM('overriding color',(#12987),#2548,
  #12937);
#12987 = PRESENTATION_STYLE_ASSIGNMENT((#12988));
#12988 = SURFACE_STYLE_USAGE(.BOTH.,#12989);
#12989 = SURFACE_SIDE_STYLE('',(#12990));
#12990 = SURFACE_STYLE_FILL_AREA(#12991);
#12991 = FILL_AREA_STYLE('',(#12992));
#12992 = FILL_AREA_STYLE_COLOUR('',#12963);
#12993 = OVER_RIDING_STYLED_ITEM('overriding color',(#12994),#2604,
  #12937);
#12994 = PRESENTATION_STYLE_ASSIGNMENT((#12995));
#12995 = SURFACE_STYLE_USAGE(.BOTH.,#12996);
#12996 = SURFACE_SIDE_STYLE('',(#12997));
#12997 = SURFACE_STYLE_FILL_AREA(#12998);
#12998 = FILL_AREA_STYLE('',(#12999));
#12999 = FILL_AREA_STYLE_COLOUR('',#12978);
#13000 = OVER_RIDING_STYLED_ITEM('overriding color',(#13001),#2635,
  #12937);
#13001 = PRESENTATION_STYLE_ASSIGNMENT((#13002));
#13002 = SURFACE_STYLE_USAGE(.BOTH.,#13003);
#13003 = SURFACE_SIDE_STYLE('',(#13004));
#13004 = SURFACE_STYLE_FILL_AREA(#13005);
#13005 = FILL_AREA_STYLE('',(#13006));
#13006 = FILL_AREA_STYLE_COLOUR('',#12978);
#13007 = OVER_RIDING_STYLED_ITEM('overriding color',(#13008),#2666,
  #12937);
#13008 = PRESENTATION_STYLE_ASSIGNMENT((#13009));
#13009 = SURFACE_STYLE_USAGE(.BOTH.,#13010);
#13010 = SURFACE_SIDE_STYLE('',(#13011));
#13011 = SURFACE_STYLE_FILL_AREA(#13012);
#13012 = FILL_AREA_STYLE('',(#13013));
#13013 = FILL_AREA_STYLE_COLOUR('',#12963);
#13014 = OVER_RIDING_STYLED_ITEM('overriding color',(#13015),#2690,
  #12937);
#13015 = PRESENTATION_STYLE_ASSIGNMENT((#13016));
#13016 = SURFACE_STYLE_USAGE(.BOTH.,#13017);
#13017 = SURFACE_SIDE_STYLE('',(#13018));
#13018 = SURFACE_STYLE_FILL_AREA(#13019);
#13019 = FILL_AREA_STYLE('',(#13020));
#13020 = FILL_AREA_STYLE_COLOUR('',#12963);
#13021 = OVER_RIDING_STYLED_ITEM('overriding color',(#13022),#2714,
  #12937);
#13022 = PRESENTATION_STYLE_ASSIGNMENT((#13023));
#13023 = SURFACE_STYLE_USAGE(.BOTH.,#13024);
#13024 = SURFACE_SIDE_STYLE('',(#13025));
#13025 = SURFACE_STYLE_FILL_AREA(#13026);
#13026 = FILL_AREA_STYLE('',(#13027));
#13027 = FILL_AREA_STYLE_COLOUR('',#12963);
#13028 = OVER_RIDING_STYLED_ITEM('overriding color',(#13029),#2738,
  #12937);
#13029 = PRESENTATION_STYLE_ASSIGNMENT((#13030));
#13030 = SURFACE_STYLE_USAGE(.BOTH.,#13031);
#13031 = SURFACE_SIDE_STYLE('',(#13032));
#13032 = SURFACE_STYLE_FILL_AREA(#13033);
#13033 = FILL_AREA_STYLE('',(#13034));
#13034 = FILL_AREA_STYLE_COLOUR('',#12963);
#13035 = OVER_RIDING_STYLED_ITEM('overriding color',(#13036),#2762,
  #12937);
#13036 = PRESENTATION_STYLE_ASSIGNMENT((#13037));
#13037 = SURFACE_STYLE_USAGE(.BOTH.,#13038);
#13038 = SURFACE_SIDE_STYLE('',(#13039));
#13039 = SURFACE_STYLE_FILL_AREA(#13040);
#13040 = FILL_AREA_STYLE('',(#13041));
#13041 = FILL_AREA_STYLE_COLOUR('',#12963);
#13042 = OVER_RIDING_STYLED_ITEM('overriding color',(#13043),#2860,
  #12937);
#13043 = PRESENTATION_STYLE_ASSIGNMENT((#13044));
#13044 = SURFACE_STYLE_USAGE(.BOTH.,#13045);
#13045 = SURFACE_SIDE_STYLE('',(#13046));
#13046 = SURFACE_STYLE_FILL_AREA(#13047);
#13047 = FILL_AREA_STYLE('',(#13048));
#13048 = FILL_AREA_STYLE_COLOUR('',#12978);
#13049 = OVER_RIDING_STYLED_ITEM('overriding color',(#13050),#2900,
  #12937);
#13050 = PRESENTATION_STYLE_ASSIGNMENT((#13051));
#13051 = SURFACE_STYLE_USAGE(.BOTH.,#13052);
#13052 = SURFACE_SIDE_STYLE('',(#13053));
#13053 = SURFACE_STYLE_FILL_AREA(#13054);
#13054 = FILL_AREA_STYLE('',(#13055));
#13055 = FILL_AREA_STYLE_COLOUR('',#12978);
#13056 = OVER_RIDING_STYLED_ITEM('overriding color',(#13057),#2940,
  #12937);
#13057 = PRESENTATION_STYLE_ASSIGNMENT((#13058));
#13058 = SURFACE_STYLE_USAGE(.BOTH.,#13059);
#13059 = SURFACE_SIDE_STYLE('',(#13060));
#13060 = SURFACE_STYLE_FILL_AREA(#13061);
#13061 = FILL_AREA_STYLE('',(#13062));
#13062 = FILL_AREA_STYLE_COLOUR('',#12978);
#13063 = OVER_RIDING_STYLED_ITEM('overriding color',(#13064),#2980,
  #12937);
#13064 = PRESENTATION_STYLE_ASSIGNMENT((#13065));
#13065 = SURFACE_STYLE_USAGE(.BOTH.,#13066);
#13066 = SURFACE_SIDE_STYLE('',(#13067));
#13067 = SURFACE_STYLE_FILL_AREA(#13068);
#13068 = FILL_AREA_STYLE('',(#13069));
#13069 = FILL_AREA_STYLE_COLOUR('',#12978);
#13070 = OVER_RIDING_STYLED_ITEM('overriding color',(#13071),#3020,
  #12937);
#13071 = PRESENTATION_STYLE_ASSIGNMENT((#13072));
#13072 = SURFACE_STYLE_USAGE(.BOTH.,#13073);
#13073 = SURFACE_SIDE_STYLE('',(#13074));
#13074 = SURFACE_STYLE_FILL_AREA(#13075);
#13075 = FILL_AREA_STYLE('',(#13076));
#13076 = FILL_AREA_STYLE_COLOUR('',#12978);
#13077 = OVER_RIDING_STYLED_ITEM('overriding color',(#13078),#3166,
  #12937);
#13078 = PRESENTATION_STYLE_ASSIGNMENT((#13079));
#13079 = SURFACE_STYLE_USAGE(.BOTH.,#13080);
#13080 = SURFACE_SIDE_STYLE('',(#13081));
#13081 = SURFACE_STYLE_FILL_AREA(#13082);
#13082 = FILL_AREA_STYLE('',(#13083));
#13083 = FILL_AREA_STYLE_COLOUR('',#12978);
#13084 = OVER_RIDING_STYLED_ITEM('overriding color',(#13085),#3190,
  #12937);
#13085 = PRESENTATION_STYLE_ASSIGNMENT((#13086));
#13086 = SURFACE_STYLE_USAGE(.BOTH.,#13087);
#13087 = SURFACE_SIDE_STYLE('',(#13088));
#13088 = SURFACE_STYLE_FILL_AREA(#13089);
#13089 = FILL_AREA_STYLE('',(#13090));
#13090 = FILL_AREA_STYLE_COLOUR('',#12978);
#13091 = OVER_RIDING_STYLED_ITEM('overriding color',(#13092),#3214,
  #12937);
#13092 = PRESENTATION_STYLE_ASSIGNMENT((#13093));
#13093 = SURFACE_STYLE_USAGE(.BOTH.,#13094);
#13094 = SURFACE_SIDE_STYLE('',(#13095));
#13095 = SURFACE_STYLE_FILL_AREA(#13096);
#13096 = FILL_AREA_STYLE('',(#13097));
#13097 = FILL_AREA_STYLE_COLOUR('',#12978);
#13098 = OVER_RIDING_STYLED_ITEM('overriding color',(#13099),#3238,
  #12937);
#13099 = PRESENTATION_STYLE_ASSIGNMENT((#13100));
#13100 = SURFACE_STYLE_USAGE(.BOTH.,#13101);
#13101 = SURFACE_SIDE_STYLE('',(#13102));
#13102 = SURFACE_STYLE_FILL_AREA(#13103);
#13103 = FILL_AREA_STYLE('',(#13104));
#13104 = FILL_AREA_STYLE_COLOUR('',#12978);
#13105 = OVER_RIDING_STYLED_ITEM('overriding color',(#13106),#3262,
  #12937);
#13106 = PRESENTATION_STYLE_ASSIGNMENT((#13107));
#13107 = SURFACE_STYLE_USAGE(.BOTH.,#13108);
#13108 = SURFACE_SIDE_STYLE('',(#13109));
#13109 = SURFACE_STYLE_FILL_AREA(#13110);
#13110 = FILL_AREA_STYLE('',(#13111));
#13111 = FILL_AREA_STYLE_COLOUR('',#12955);
#13112 = OVER_RIDING_STYLED_ITEM('overriding color',(#13113),#3294,
  #12937);
#13113 = PRESENTATION_STYLE_ASSIGNMENT((#13114));
#13114 = SURFACE_STYLE_USAGE(.BOTH.,#13115);
#13115 = SURFACE_SIDE_STYLE('',(#13116));
#13116 = SURFACE_STYLE_FILL_AREA(#13117);
#13117 = FILL_AREA_STYLE('',(#13118));
#13118 = FILL_AREA_STYLE_COLOUR('',#12955);
#13119 = OVER_RIDING_STYLED_ITEM('overriding color',(#13120),#3318,
  #12937);
#13120 = PRESENTATION_STYLE_ASSIGNMENT((#13121));
#13121 = SURFACE_STYLE_USAGE(.BOTH.,#13122);
#13122 = SURFACE_SIDE_STYLE('',(#13123));
#13123 = SURFACE_STYLE_FILL_AREA(#13124);
#13124 = FILL_AREA_STYLE('',(#13125));
#13125 = FILL_AREA_STYLE_COLOUR('',#12955);
#13126 = OVER_RIDING_STYLED_ITEM('overriding color',(#13127),#3343,
  #12937);
#13127 = PRESENTATION_STYLE_ASSIGNMENT((#13128));
#13128 = SURFACE_STYLE_USAGE(.BOTH.,#13129);
#13129 = SURFACE_SIDE_STYLE('',(#13130));
#13130 = SURFACE_STYLE_FILL_AREA(#13131);
#13131 = FILL_AREA_STYLE('',(#13132));
#13132 = FILL_AREA_STYLE_COLOUR('',#12955);
#13133 = OVER_RIDING_STYLED_ITEM('overriding color',(#13134),#3367,
  #12937);
#13134 = PRESENTATION_STYLE_ASSIGNMENT((#13135));
#13135 = SURFACE_STYLE_USAGE(.BOTH.,#13136);
#13136 = SURFACE_SIDE_STYLE('',(#13137));
#13137 = SURFACE_STYLE_FILL_AREA(#13138);
#13138 = FILL_AREA_STYLE('',(#13139));
#13139 = FILL_AREA_STYLE_COLOUR('',#12955);
#13140 = OVER_RIDING_STYLED_ITEM('overriding color',(#13141),#3392,
  #12937);
#13141 = PRESENTATION_STYLE_ASSIGNMENT((#13142));
#13142 = SURFACE_STYLE_USAGE(.BOTH.,#13143);
#13143 = SURFACE_SIDE_STYLE('',(#13144));
#13144 = SURFACE_STYLE_FILL_AREA(#13145);
#13145 = FILL_AREA_STYLE('',(#13146));
#13146 = FILL_AREA_STYLE_COLOUR('',#12955);
#13147 = OVER_RIDING_STYLED_ITEM('overriding color',(#13148),#3416,
  #12937);
#13148 = PRESENTATION_STYLE_ASSIGNMENT((#13149));
#13149 = SURFACE_STYLE_USAGE(.BOTH.,#13150);
#13150 = SURFACE_SIDE_STYLE('',(#13151));
#13151 = SURFACE_STYLE_FILL_AREA(#13152);
#13152 = FILL_AREA_STYLE('',(#13153));
#13153 = FILL_AREA_STYLE_COLOUR('',#12955);
#13154 = OVER_RIDING_STYLED_ITEM('overriding color',(#13155),#3441,
  #12937);
#13155 = PRESENTATION_STYLE_ASSIGNMENT((#13156));
#13156 = SURFACE_STYLE_USAGE(.BOTH.,#13157);
#13157 = SURFACE_SIDE_STYLE('',(#13158));
#13158 = SURFACE_STYLE_FILL_AREA(#13159);
#13159 = FILL_AREA_STYLE('',(#13160));
#13160 = FILL_AREA_STYLE_COLOUR('',#12955);
#13161 = OVER_RIDING_STYLED_ITEM('overriding color',(#13162),#3458,
  #12937);
#13162 = PRESENTATION_STYLE_ASSIGNMENT((#13163));
#13163 = SURFACE_STYLE_USAGE(.BOTH.,#13164);
#13164 = SURFACE_SIDE_STYLE('',(#13165));
#13165 = SURFACE_STYLE_FILL_AREA(#13166);
#13166 = FILL_AREA_STYLE('',(#13167));
#13167 = FILL_AREA_STYLE_COLOUR('',#12955);
#13168 = OVER_RIDING_STYLED_ITEM('overriding color',(#13169),#3482,
  #12937);
#13169 = PRESENTATION_STYLE_ASSIGNMENT((#13170));
#13170 = SURFACE_STYLE_USAGE(.BOTH.,#13171);
#13171 = SURFACE_SIDE_STYLE('',(#13172));
#13172 = SURFACE_STYLE_FILL_AREA(#13173);
#13173 = FILL_AREA_STYLE('',(#13174));
#13174 = FILL_AREA_STYLE_COLOUR('',#12955);
#13175 = OVER_RIDING_STYLED_ITEM('overriding color',(#13176),#3500,
  #12937);
#13176 = PRESENTATION_STYLE_ASSIGNMENT((#13177));
#13177 = SURFACE_STYLE_USAGE(.BOTH.,#13178);
#13178 = SURFACE_SIDE_STYLE('',(#13179));
#13179 = SURFACE_STYLE_FILL_AREA(#13180);
#13180 = FILL_AREA_STYLE('',(#13181));
#13181 = FILL_AREA_STYLE_COLOUR('',#12955);
#13182 = OVER_RIDING_STYLED_ITEM('overriding color',(#13183),#3518,
  #12937);
#13183 = PRESENTATION_STYLE_ASSIGNMENT((#13184));
#13184 = SURFACE_STYLE_USAGE(.BOTH.,#13185);
#13185 = SURFACE_SIDE_STYLE('',(#13186));
#13186 = SURFACE_STYLE_FILL_AREA(#13187);
#13187 = FILL_AREA_STYLE('',(#13188));
#13188 = FILL_AREA_STYLE_COLOUR('',#12955);
#13189 = OVER_RIDING_STYLED_ITEM('overriding color',(#13190),#3536,
  #12937);
#13190 = PRESENTATION_STYLE_ASSIGNMENT((#13191));
#13191 = SURFACE_STYLE_USAGE(.BOTH.,#13192);
#13192 = SURFACE_SIDE_STYLE('',(#13193));
#13193 = SURFACE_STYLE_FILL_AREA(#13194);
#13194 = FILL_AREA_STYLE('',(#13195));
#13195 = FILL_AREA_STYLE_COLOUR('',#12955);
#13196 = OVER_RIDING_STYLED_ITEM('overriding color',(#13197),#3554,
  #12937);
#13197 = PRESENTATION_STYLE_ASSIGNMENT((#13198));
#13198 = SURFACE_STYLE_USAGE(.BOTH.,#13199);
#13199 = SURFACE_SIDE_STYLE('',(#13200));
#13200 = SURFACE_STYLE_FILL_AREA(#13201);
#13201 = FILL_AREA_STYLE('',(#13202));
#13202 = FILL_AREA_STYLE_COLOUR('',#12955);
#13203 = OVER_RIDING_STYLED_ITEM('overriding color',(#13204),#3572,
  #12937);
#13204 = PRESENTATION_STYLE_ASSIGNMENT((#13205));
#13205 = SURFACE_STYLE_USAGE(.BOTH.,#13206);
#13206 = SURFACE_SIDE_STYLE('',(#13207));
#13207 = SURFACE_STYLE_FILL_AREA(#13208);
#13208 = FILL_AREA_STYLE('',(#13209));
#13209 = FILL_AREA_STYLE_COLOUR('',#12955);
#13210 = OVER_RIDING_STYLED_ITEM('overriding color',(#13211),#3590,
  #12937);
#13211 = PRESENTATION_STYLE_ASSIGNMENT((#13212));
#13212 = SURFACE_STYLE_USAGE(.BOTH.,#13213);
#13213 = SURFACE_SIDE_STYLE('',(#13214));
#13214 = SURFACE_STYLE_FILL_AREA(#13215);
#13215 = FILL_AREA_STYLE('',(#13216));
#13216 = FILL_AREA_STYLE_COLOUR('',#12955);
#13217 = OVER_RIDING_STYLED_ITEM('overriding color',(#13218),#3602,
  #12937);
#13218 = PRESENTATION_STYLE_ASSIGNMENT((#13219));
#13219 = SURFACE_STYLE_USAGE(.BOTH.,#13220);
#13220 = SURFACE_SIDE_STYLE('',(#13221));
#13221 = SURFACE_STYLE_FILL_AREA(#13222);
#13222 = FILL_AREA_STYLE('',(#13223));
#13223 = FILL_AREA_STYLE_COLOUR('',#12978);
#13224 = OVER_RIDING_STYLED_ITEM('overriding color',(#13225),#3626,
  #12937);
#13225 = PRESENTATION_STYLE_ASSIGNMENT((#13226));
#13226 = SURFACE_STYLE_USAGE(.BOTH.,#13227);
#13227 = SURFACE_SIDE_STYLE('',(#13228));
#13228 = SURFACE_STYLE_FILL_AREA(#13229);
#13229 = FILL_AREA_STYLE('',(#13230));
#13230 = FILL_AREA_STYLE_COLOUR('',#12978);
#13231 = OVER_RIDING_STYLED_ITEM('overriding color',(#13232),#3644,
  #12937);
#13232 = PRESENTATION_STYLE_ASSIGNMENT((#13233));
#13233 = SURFACE_STYLE_USAGE(.BOTH.,#13234);
#13234 = SURFACE_SIDE_STYLE('',(#13235));
#13235 = SURFACE_STYLE_FILL_AREA(#13236);
#13236 = FILL_AREA_STYLE('',(#13237));
#13237 = FILL_AREA_STYLE_COLOUR('',#12978);
#13238 = OVER_RIDING_STYLED_ITEM('overriding color',(#13239),#3662,
  #12937);
#13239 = PRESENTATION_STYLE_ASSIGNMENT((#13240));
#13240 = SURFACE_STYLE_USAGE(.BOTH.,#13241);
#13241 = SURFACE_SIDE_STYLE('',(#13242));
#13242 = SURFACE_STYLE_FILL_AREA(#13243);
#13243 = FILL_AREA_STYLE('',(#13244));
#13244 = FILL_AREA_STYLE_COLOUR('',#12978);
#13245 = OVER_RIDING_STYLED_ITEM('overriding color',(#13246),#3680,
  #12937);
#13246 = PRESENTATION_STYLE_ASSIGNMENT((#13247));
#13247 = SURFACE_STYLE_USAGE(.BOTH.,#13248);
#13248 = SURFACE_SIDE_STYLE('',(#13249));
#13249 = SURFACE_STYLE_FILL_AREA(#13250);
#13250 = FILL_AREA_STYLE('',(#13251));
#13251 = FILL_AREA_STYLE_COLOUR('',#12978);
#13252 = OVER_RIDING_STYLED_ITEM('overriding color',(#13253),#3698,
  #12937);
#13253 = PRESENTATION_STYLE_ASSIGNMENT((#13254));
#13254 = SURFACE_STYLE_USAGE(.BOTH.,#13255);
#13255 = SURFACE_SIDE_STYLE('',(#13256));
#13256 = SURFACE_STYLE_FILL_AREA(#13257);
#13257 = FILL_AREA_STYLE('',(#13258));
#13258 = FILL_AREA_STYLE_COLOUR('',#12978);
#13259 = OVER_RIDING_STYLED_ITEM('overriding color',(#13260),#3716,
  #12937);
#13260 = PRESENTATION_STYLE_ASSIGNMENT((#13261));
#13261 = SURFACE_STYLE_USAGE(.BOTH.,#13262);
#13262 = SURFACE_SIDE_STYLE('',(#13263));
#13263 = SURFACE_STYLE_FILL_AREA(#13264);
#13264 = FILL_AREA_STYLE('',(#13265));
#13265 = FILL_AREA_STYLE_COLOUR('',#12978);
#13266 = OVER_RIDING_STYLED_ITEM('overriding color',(#13267),#3734,
  #12937);
#13267 = PRESENTATION_STYLE_ASSIGNMENT((#13268));
#13268 = SURFACE_STYLE_USAGE(.BOTH.,#13269);
#13269 = SURFACE_SIDE_STYLE('',(#13270));
#13270 = SURFACE_STYLE_FILL_AREA(#13271);
#13271 = FILL_AREA_STYLE('',(#13272));
#13272 = FILL_AREA_STYLE_COLOUR('',#12978);
#13273 = OVER_RIDING_STYLED_ITEM('overriding color',(#13274),#3746,
  #12937);
#13274 = PRESENTATION_STYLE_ASSIGNMENT((#13275));
#13275 = SURFACE_STYLE_USAGE(.BOTH.,#13276);
#13276 = SURFACE_SIDE_STYLE('',(#13277));
#13277 = SURFACE_STYLE_FILL_AREA(#13278);
#13278 = FILL_AREA_STYLE('',(#13279));
#13279 = FILL_AREA_STYLE_COLOUR('',#12978);
#13280 = OVER_RIDING_STYLED_ITEM('overriding color',(#13281),#3770,
  #12937);
#13281 = PRESENTATION_STYLE_ASSIGNMENT((#13282));
#13282 = SURFACE_STYLE_USAGE(.BOTH.,#13283);
#13283 = SURFACE_SIDE_STYLE('',(#13284));
#13284 = SURFACE_STYLE_FILL_AREA(#13285);
#13285 = FILL_AREA_STYLE('',(#13286));
#13286 = FILL_AREA_STYLE_COLOUR('',#12978);
#13287 = OVER_RIDING_STYLED_ITEM('overriding color',(#13288),#3788,
  #12937);
#13288 = PRESENTATION_STYLE_ASSIGNMENT((#13289));
#13289 = SURFACE_STYLE_USAGE(.BOTH.,#13290);
#13290 = SURFACE_SIDE_STYLE('',(#13291));
#13291 = SURFACE_STYLE_FILL_AREA(#13292);
#13292 = FILL_AREA_STYLE('',(#13293));
#13293 = FILL_AREA_STYLE_COLOUR('',#12978);
#13294 = OVER_RIDING_STYLED_ITEM('overriding color',(#13295),#3806,
  #12937);
#13295 = PRESENTATION_STYLE_ASSIGNMENT((#13296));
#13296 = SURFACE_STYLE_USAGE(.BOTH.,#13297);
#13297 = SURFACE_SIDE_STYLE('',(#13298));
#13298 = SURFACE_STYLE_FILL_AREA(#13299);
#13299 = FILL_AREA_STYLE('',(#13300));
#13300 = FILL_AREA_STYLE_COLOUR('',#12978);
#13301 = OVER_RIDING_STYLED_ITEM('overriding color',(#13302),#3824,
  #12937);
#13302 = PRESENTATION_STYLE_ASSIGNMENT((#13303));
#13303 = SURFACE_STYLE_USAGE(.BOTH.,#13304);
#13304 = SURFACE_SIDE_STYLE('',(#13305));
#13305 = SURFACE_STYLE_FILL_AREA(#13306);
#13306 = FILL_AREA_STYLE('',(#13307));
#13307 = FILL_AREA_STYLE_COLOUR('',#12978);
#13308 = OVER_RIDING_STYLED_ITEM('overriding color',(#13309),#3842,
  #12937);
#13309 = PRESENTATION_STYLE_ASSIGNMENT((#13310));
#13310 = SURFACE_STYLE_USAGE(.BOTH.,#13311);
#13311 = SURFACE_SIDE_STYLE('',(#13312));
#13312 = SURFACE_STYLE_FILL_AREA(#13313);
#13313 = FILL_AREA_STYLE('',(#13314));
#13314 = FILL_AREA_STYLE_COLOUR('',#12978);
#13315 = OVER_RIDING_STYLED_ITEM('overriding color',(#13316),#3860,
  #12937);
#13316 = PRESENTATION_STYLE_ASSIGNMENT((#13317));
#13317 = SURFACE_STYLE_USAGE(.BOTH.,#13318);
#13318 = SURFACE_SIDE_STYLE('',(#13319));
#13319 = SURFACE_STYLE_FILL_AREA(#13320);
#13320 = FILL_AREA_STYLE('',(#13321));
#13321 = FILL_AREA_STYLE_COLOUR('',#12978);
#13322 = OVER_RIDING_STYLED_ITEM('overriding color',(#13323),#3878,
  #12937);
#13323 = PRESENTATION_STYLE_ASSIGNMENT((#13324));
#13324 = SURFACE_STYLE_USAGE(.BOTH.,#13325);
#13325 = SURFACE_SIDE_STYLE('',(#13326));
#13326 = SURFACE_STYLE_FILL_AREA(#13327);
#13327 = FILL_AREA_STYLE('',(#13328));
#13328 = FILL_AREA_STYLE_COLOUR('',#12978);
#13329 = OVER_RIDING_STYLED_ITEM('overriding color',(#13330),#3890,
  #12937);
#13330 = PRESENTATION_STYLE_ASSIGNMENT((#13331));
#13331 = SURFACE_STYLE_USAGE(.BOTH.,#13332);
#13332 = SURFACE_SIDE_STYLE('',(#13333));
#13333 = SURFACE_STYLE_FILL_AREA(#13334);
#13334 = FILL_AREA_STYLE('',(#13335));
#13335 = FILL_AREA_STYLE_COLOUR('',#12963);
#13336 = OVER_RIDING_STYLED_ITEM('overriding color',(#13337),#3926,
  #12937);
#13337 = PRESENTATION_STYLE_ASSIGNMENT((#13338));
#13338 = SURFACE_STYLE_USAGE(.BOTH.,#13339);
#13339 = SURFACE_SIDE_STYLE('',(#13340));
#13340 = SURFACE_STYLE_FILL_AREA(#13341);
#13341 = FILL_AREA_STYLE('',(#13342));
#13342 = FILL_AREA_STYLE_COLOUR('',#12963);
#13343 = OVER_RIDING_STYLED_ITEM('overriding color',(#13344),#3990,
  #12937);
#13344 = PRESENTATION_STYLE_ASSIGNMENT((#13345));
#13345 = SURFACE_STYLE_USAGE(.BOTH.,#13346);
#13346 = SURFACE_SIDE_STYLE('',(#13347));
#13347 = SURFACE_STYLE_FILL_AREA(#13348);
#13348 = FILL_AREA_STYLE('',(#13349));
#13349 = FILL_AREA_STYLE_COLOUR('',#12978);
#13350 = OVER_RIDING_STYLED_ITEM('overriding color',(#13351),#4021,
  #12937);
#13351 = PRESENTATION_STYLE_ASSIGNMENT((#13352));
#13352 = SURFACE_STYLE_USAGE(.BOTH.,#13353);
#13353 = SURFACE_SIDE_STYLE('',(#13354));
#13354 = SURFACE_STYLE_FILL_AREA(#13355);
#13355 = FILL_AREA_STYLE('',(#13356));
#13356 = FILL_AREA_STYLE_COLOUR('',#12978);
#13357 = OVER_RIDING_STYLED_ITEM('overriding color',(#13358),#4045,
  #12937);
#13358 = PRESENTATION_STYLE_ASSIGNMENT((#13359));
#13359 = SURFACE_STYLE_USAGE(.BOTH.,#13360);
#13360 = SURFACE_SIDE_STYLE('',(#13361));
#13361 = SURFACE_STYLE_FILL_AREA(#13362);
#13362 = FILL_AREA_STYLE('',(#13363));
#13363 = FILL_AREA_STYLE_COLOUR('',#12978);
#13364 = OVER_RIDING_STYLED_ITEM('overriding color',(#13365),#4076,
  #12937);
#13365 = PRESENTATION_STYLE_ASSIGNMENT((#13366));
#13366 = SURFACE_STYLE_USAGE(.BOTH.,#13367);
#13367 = SURFACE_SIDE_STYLE('',(#13368));
#13368 = SURFACE_STYLE_FILL_AREA(#13369);
#13369 = FILL_AREA_STYLE('',(#13370));
#13370 = FILL_AREA_STYLE_COLOUR('',#12978);
#13371 = OVER_RIDING_STYLED_ITEM('overriding color',(#13372),#4100,
  #12937);
#13372 = PRESENTATION_STYLE_ASSIGNMENT((#13373));
#13373 = SURFACE_STYLE_USAGE(.BOTH.,#13374);
#13374 = SURFACE_SIDE_STYLE('',(#13375));
#13375 = SURFACE_STYLE_FILL_AREA(#13376);
#13376 = FILL_AREA_STYLE('',(#13377));
#13377 = FILL_AREA_STYLE_COLOUR('',#12978);
#13378 = OVER_RIDING_STYLED_ITEM('overriding color',(#13379),#4141,
  #12937);
#13379 = PRESENTATION_STYLE_ASSIGNMENT((#13380));
#13380 = SURFACE_STYLE_USAGE(.BOTH.,#13381);
#13381 = SURFACE_SIDE_STYLE('',(#13382));
#13382 = SURFACE_STYLE_FILL_AREA(#13383);
#13383 = FILL_AREA_STYLE('',(#13384));
#13384 = FILL_AREA_STYLE_COLOUR('',#12978);
#13385 = OVER_RIDING_STYLED_ITEM('overriding color',(#13386),#4165,
  #12937);
#13386 = PRESENTATION_STYLE_ASSIGNMENT((#13387));
#13387 = SURFACE_STYLE_USAGE(.BOTH.,#13388);
#13388 = SURFACE_SIDE_STYLE('',(#13389));
#13389 = SURFACE_STYLE_FILL_AREA(#13390);
#13390 = FILL_AREA_STYLE('',(#13391));
#13391 = FILL_AREA_STYLE_COLOUR('',#12978);
#13392 = OVER_RIDING_STYLED_ITEM('overriding color',(#13393),#4189,
  #12937);
#13393 = PRESENTATION_STYLE_ASSIGNMENT((#13394));
#13394 = SURFACE_STYLE_USAGE(.BOTH.,#13395);
#13395 = SURFACE_SIDE_STYLE('',(#13396));
#13396 = SURFACE_STYLE_FILL_AREA(#13397);
#13397 = FILL_AREA_STYLE('',(#13398));
#13398 = FILL_AREA_STYLE_COLOUR('',#12978);
#13399 = OVER_RIDING_STYLED_ITEM('overriding color',(#13400),#4206,
  #12937);
#13400 = PRESENTATION_STYLE_ASSIGNMENT((#13401));
#13401 = SURFACE_STYLE_USAGE(.BOTH.,#13402);
#13402 = SURFACE_SIDE_STYLE('',(#13403));
#13403 = SURFACE_STYLE_FILL_AREA(#13404);
#13404 = FILL_AREA_STYLE('',(#13405));
#13405 = FILL_AREA_STYLE_COLOUR('',#12978);
#13406 = OVER_RIDING_STYLED_ITEM('overriding color',(#13407),#4242,
  #12937);
#13407 = PRESENTATION_STYLE_ASSIGNMENT((#13408));
#13408 = SURFACE_STYLE_USAGE(.BOTH.,#13409);
#13409 = SURFACE_SIDE_STYLE('',(#13410));
#13410 = SURFACE_STYLE_FILL_AREA(#13411);
#13411 = FILL_AREA_STYLE('',(#13412));
#13412 = FILL_AREA_STYLE_COLOUR('',#12978);
#13413 = OVER_RIDING_STYLED_ITEM('overriding color',(#13414),#4273,
  #12937);
#13414 = PRESENTATION_STYLE_ASSIGNMENT((#13415));
#13415 = SURFACE_STYLE_USAGE(.BOTH.,#13416);
#13416 = SURFACE_SIDE_STYLE('',(#13417));
#13417 = SURFACE_STYLE_FILL_AREA(#13418);
#13418 = FILL_AREA_STYLE('',(#13419));
#13419 = FILL_AREA_STYLE_COLOUR('',#12978);
#13420 = OVER_RIDING_STYLED_ITEM('overriding color',(#13421),#4304,
  #12937);
#13421 = PRESENTATION_STYLE_ASSIGNMENT((#13422));
#13422 = SURFACE_STYLE_USAGE(.BOTH.,#13423);
#13423 = SURFACE_SIDE_STYLE('',(#13424));
#13424 = SURFACE_STYLE_FILL_AREA(#13425);
#13425 = FILL_AREA_STYLE('',(#13426));
#13426 = FILL_AREA_STYLE_COLOUR('',#12978);
#13427 = OVER_RIDING_STYLED_ITEM('overriding color',(#13428),#4328,
  #12937);
#13428 = PRESENTATION_STYLE_ASSIGNMENT((#13429));
#13429 = SURFACE_STYLE_USAGE(.BOTH.,#13430);
#13430 = SURFACE_SIDE_STYLE('',(#13431));
#13431 = SURFACE_STYLE_FILL_AREA(#13432);
#13432 = FILL_AREA_STYLE('',(#13433));
#13433 = FILL_AREA_STYLE_COLOUR('',#12978);
#13434 = OVER_RIDING_STYLED_ITEM('overriding color',(#13435),#4345,
  #12937);
#13435 = PRESENTATION_STYLE_ASSIGNMENT((#13436));
#13436 = SURFACE_STYLE_USAGE(.BOTH.,#13437);
#13437 = SURFACE_SIDE_STYLE('',(#13438));
#13438 = SURFACE_STYLE_FILL_AREA(#13439);
#13439 = FILL_AREA_STYLE('',(#13440));
#13440 = FILL_AREA_STYLE_COLOUR('',#12978);
#13441 = OVER_RIDING_STYLED_ITEM('overriding color',(#13442),#4380,
  #12937);
#13442 = PRESENTATION_STYLE_ASSIGNMENT((#13443));
#13443 = SURFACE_STYLE_USAGE(.BOTH.,#13444);
#13444 = SURFACE_SIDE_STYLE('',(#13445));
#13445 = SURFACE_STYLE_FILL_AREA(#13446);
#13446 = FILL_AREA_STYLE('',(#13447));
#13447 = FILL_AREA_STYLE_COLOUR('',#12978);
#13448 = OVER_RIDING_STYLED_ITEM('overriding color',(#13449),#4404,
  #12937);
#13449 = PRESENTATION_STYLE_ASSIGNMENT((#13450));
#13450 = SURFACE_STYLE_USAGE(.BOTH.,#13451);
#13451 = SURFACE_SIDE_STYLE('',(#13452));
#13452 = SURFACE_STYLE_FILL_AREA(#13453);
#13453 = FILL_AREA_STYLE('',(#13454));
#13454 = FILL_AREA_STYLE_COLOUR('',#12978);
#13455 = OVER_RIDING_STYLED_ITEM('overriding color',(#13456),#4421,
  #12937);
#13456 = PRESENTATION_STYLE_ASSIGNMENT((#13457));
#13457 = SURFACE_STYLE_USAGE(.BOTH.,#13458);
#13458 = SURFACE_SIDE_STYLE('',(#13459));
#13459 = SURFACE_STYLE_FILL_AREA(#13460);
#13460 = FILL_AREA_STYLE('',(#13461));
#13461 = FILL_AREA_STYLE_COLOUR('',#12978);
#13462 = OVER_RIDING_STYLED_ITEM('overriding color',(#13463),#4456,
  #12937);
#13463 = PRESENTATION_STYLE_ASSIGNMENT((#13464));
#13464 = SURFACE_STYLE_USAGE(.BOTH.,#13465);
#13465 = SURFACE_SIDE_STYLE('',(#13466));
#13466 = SURFACE_STYLE_FILL_AREA(#13467);
#13467 = FILL_AREA_STYLE('',(#13468));
#13468 = FILL_AREA_STYLE_COLOUR('',#12978);
#13469 = OVER_RIDING_STYLED_ITEM('overriding color',(#13470),#4488,
  #12937);
#13470 = PRESENTATION_STYLE_ASSIGNMENT((#13471));
#13471 = SURFACE_STYLE_USAGE(.BOTH.,#13472);
#13472 = SURFACE_SIDE_STYLE('',(#13473));
#13473 = SURFACE_STYLE_FILL_AREA(#13474);
#13474 = FILL_AREA_STYLE('',(#13475));
#13475 = FILL_AREA_STYLE_COLOUR('',#12978);
#13476 = OVER_RIDING_STYLED_ITEM('overriding color',(#13477),#4507,
  #12937);
#13477 = PRESENTATION_STYLE_ASSIGNMENT((#13478));
#13478 = SURFACE_STYLE_USAGE(.BOTH.,#13479);
#13479 = SURFACE_SIDE_STYLE('',(#13480));
#13480 = SURFACE_STYLE_FILL_AREA(#13481);
#13481 = FILL_AREA_STYLE('',(#13482));
#13482 = FILL_AREA_STYLE_COLOUR('',#12978);
#13483 = OVER_RIDING_STYLED_ITEM('overriding color',(#13484),#4526,
  #12937);
#13484 = PRESENTATION_STYLE_ASSIGNMENT((#13485));
#13485 = SURFACE_STYLE_USAGE(.BOTH.,#13486);
#13486 = SURFACE_SIDE_STYLE('',(#13487));
#13487 = SURFACE_STYLE_FILL_AREA(#13488);
#13488 = FILL_AREA_STYLE('',(#13489));
#13489 = FILL_AREA_STYLE_COLOUR('',#12978);
#13490 = OVER_RIDING_STYLED_ITEM('overriding color',(#13491),#4538,
  #12937);
#13491 = PRESENTATION_STYLE_ASSIGNMENT((#13492));
#13492 = SURFACE_STYLE_USAGE(.BOTH.,#13493);
#13493 = SURFACE_SIDE_STYLE('',(#13494));
#13494 = SURFACE_STYLE_FILL_AREA(#13495);
#13495 = FILL_AREA_STYLE('',(#13496));
#13496 = FILL_AREA_STYLE_COLOUR('',#12978);
#13497 = OVER_RIDING_STYLED_ITEM('overriding color',(#13498),#4570,
  #12937);
#13498 = PRESENTATION_STYLE_ASSIGNMENT((#13499));
#13499 = SURFACE_STYLE_USAGE(.BOTH.,#13500);
#13500 = SURFACE_SIDE_STYLE('',(#13501));
#13501 = SURFACE_STYLE_FILL_AREA(#13502);
#13502 = FILL_AREA_STYLE('',(#13503));
#13503 = FILL_AREA_STYLE_COLOUR('',#12978);
#13504 = OVER_RIDING_STYLED_ITEM('overriding color',(#13505),#4589,
  #12937);
#13505 = PRESENTATION_STYLE_ASSIGNMENT((#13506));
#13506 = SURFACE_STYLE_USAGE(.BOTH.,#13507);
#13507 = SURFACE_SIDE_STYLE('',(#13508));
#13508 = SURFACE_STYLE_FILL_AREA(#13509);
#13509 = FILL_AREA_STYLE('',(#13510));
#13510 = FILL_AREA_STYLE_COLOUR('',#12978);
#13511 = OVER_RIDING_STYLED_ITEM('overriding color',(#13512),#4608,
  #12937);
#13512 = PRESENTATION_STYLE_ASSIGNMENT((#13513));
#13513 = SURFACE_STYLE_USAGE(.BOTH.,#13514);
#13514 = SURFACE_SIDE_STYLE('',(#13515));
#13515 = SURFACE_STYLE_FILL_AREA(#13516);
#13516 = FILL_AREA_STYLE('',(#13517));
#13517 = FILL_AREA_STYLE_COLOUR('',#12978);
#13518 = OVER_RIDING_STYLED_ITEM('overriding color',(#13519),#4620,
  #12937);
#13519 = PRESENTATION_STYLE_ASSIGNMENT((#13520));
#13520 = SURFACE_STYLE_USAGE(.BOTH.,#13521);
#13521 = SURFACE_SIDE_STYLE('',(#13522));
#13522 = SURFACE_STYLE_FILL_AREA(#13523);
#13523 = FILL_AREA_STYLE('',(#13524));
#13524 = FILL_AREA_STYLE_COLOUR('',#12978);
#13525 = OVER_RIDING_STYLED_ITEM('overriding color',(#13526),#4652,
  #12937);
#13526 = PRESENTATION_STYLE_ASSIGNMENT((#13527));
#13527 = SURFACE_STYLE_USAGE(.BOTH.,#13528);
#13528 = SURFACE_SIDE_STYLE('',(#13529));
#13529 = SURFACE_STYLE_FILL_AREA(#13530);
#13530 = FILL_AREA_STYLE('',(#13531));
#13531 = FILL_AREA_STYLE_COLOUR('',#12978);
#13532 = OVER_RIDING_STYLED_ITEM('overriding color',(#13533),#4671,
  #12937);
#13533 = PRESENTATION_STYLE_ASSIGNMENT((#13534));
#13534 = SURFACE_STYLE_USAGE(.BOTH.,#13535);
#13535 = SURFACE_SIDE_STYLE('',(#13536));
#13536 = SURFACE_STYLE_FILL_AREA(#13537);
#13537 = FILL_AREA_STYLE('',(#13538));
#13538 = FILL_AREA_STYLE_COLOUR('',#12978);
#13539 = OVER_RIDING_STYLED_ITEM('overriding color',(#13540),#4690,
  #12937);
#13540 = PRESENTATION_STYLE_ASSIGNMENT((#13541));
#13541 = SURFACE_STYLE_USAGE(.BOTH.,#13542);
#13542 = SURFACE_SIDE_STYLE('',(#13543));
#13543 = SURFACE_STYLE_FILL_AREA(#13544);
#13544 = FILL_AREA_STYLE('',(#13545));
#13545 = FILL_AREA_STYLE_COLOUR('',#12978);
#13546 = OVER_RIDING_STYLED_ITEM('overriding color',(#13547),#4702,
  #12937);
#13547 = PRESENTATION_STYLE_ASSIGNMENT((#13548));
#13548 = SURFACE_STYLE_USAGE(.BOTH.,#13549);
#13549 = SURFACE_SIDE_STYLE('',(#13550));
#13550 = SURFACE_STYLE_FILL_AREA(#13551);
#13551 = FILL_AREA_STYLE('',(#13552));
#13552 = FILL_AREA_STYLE_COLOUR('',#12978);
#13553 = OVER_RIDING_STYLED_ITEM('overriding color',(#13554),#4734,
  #12937);
#13554 = PRESENTATION_STYLE_ASSIGNMENT((#13555));
#13555 = SURFACE_STYLE_USAGE(.BOTH.,#13556);
#13556 = SURFACE_SIDE_STYLE('',(#13557));
#13557 = SURFACE_STYLE_FILL_AREA(#13558);
#13558 = FILL_AREA_STYLE('',(#13559));
#13559 = FILL_AREA_STYLE_COLOUR('',#12978);
#13560 = OVER_RIDING_STYLED_ITEM('overriding color',(#13561),#4753,
  #12937);
#13561 = PRESENTATION_STYLE_ASSIGNMENT((#13562));
#13562 = SURFACE_STYLE_USAGE(.BOTH.,#13563);
#13563 = SURFACE_SIDE_STYLE('',(#13564));
#13564 = SURFACE_STYLE_FILL_AREA(#13565);
#13565 = FILL_AREA_STYLE('',(#13566));
#13566 = FILL_AREA_STYLE_COLOUR('',#12978);
#13567 = OVER_RIDING_STYLED_ITEM('overriding color',(#13568),#4772,
  #12937);
#13568 = PRESENTATION_STYLE_ASSIGNMENT((#13569));
#13569 = SURFACE_STYLE_USAGE(.BOTH.,#13570);
#13570 = SURFACE_SIDE_STYLE('',(#13571));
#13571 = SURFACE_STYLE_FILL_AREA(#13572);
#13572 = FILL_AREA_STYLE('',(#13573));
#13573 = FILL_AREA_STYLE_COLOUR('',#12978);
#13574 = OVER_RIDING_STYLED_ITEM('overriding color',(#13575),#4784,
  #12937);
#13575 = PRESENTATION_STYLE_ASSIGNMENT((#13576));
#13576 = SURFACE_STYLE_USAGE(.BOTH.,#13577);
#13577 = SURFACE_SIDE_STYLE('',(#13578));
#13578 = SURFACE_STYLE_FILL_AREA(#13579);
#13579 = FILL_AREA_STYLE('',(#13580));
#13580 = FILL_AREA_STYLE_COLOUR('',#13581);
#13581 = DRAUGHTING_PRE_DEFINED_COLOUR('black');
#13582 = OVER_RIDING_STYLED_ITEM('overriding color',(#13583),#4815,
  #12937);
#13583 = PRESENTATION_STYLE_ASSIGNMENT((#13584));
#13584 = SURFACE_STYLE_USAGE(.BOTH.,#13585);
#13585 = SURFACE_SIDE_STYLE('',(#13586));
#13586 = SURFACE_STYLE_FILL_AREA(#13587);
#13587 = FILL_AREA_STYLE('',(#13588));
#13588 = FILL_AREA_STYLE_COLOUR('',#13581);
#13589 = OVER_RIDING_STYLED_ITEM('overriding color',(#13590),#4839,
  #12937);
#13590 = PRESENTATION_STYLE_ASSIGNMENT((#13591));
#13591 = SURFACE_STYLE_USAGE(.BOTH.,#13592);
#13592 = SURFACE_SIDE_STYLE('',(#13593));
#13593 = SURFACE_STYLE_FILL_AREA(#13594);
#13594 = FILL_AREA_STYLE('',(#13595));
#13595 = FILL_AREA_STYLE_COLOUR('',#13581);
#13596 = OVER_RIDING_STYLED_ITEM('overriding color',(#13597),#4863,
  #12937);
#13597 = PRESENTATION_STYLE_ASSIGNMENT((#13598));
#13598 = SURFACE_STYLE_USAGE(.BOTH.,#13599);
#13599 = SURFACE_SIDE_STYLE('',(#13600));
#13600 = SURFACE_STYLE_FILL_AREA(#13601);
#13601 = FILL_AREA_STYLE('',(#13602));
#13602 = FILL_AREA_STYLE_COLOUR('',#13581);
#13603 = OVER_RIDING_STYLED_ITEM('overriding color',(#13604),#4887,
  #12937);
#13604 = PRESENTATION_STYLE_ASSIGNMENT((#13605));
#13605 = SURFACE_STYLE_USAGE(.BOTH.,#13606);
#13606 = SURFACE_SIDE_STYLE('',(#13607));
#13607 = SURFACE_STYLE_FILL_AREA(#13608);
#13608 = FILL_AREA_STYLE('',(#13609));
#13609 = FILL_AREA_STYLE_COLOUR('',#13581);
#13610 = OVER_RIDING_STYLED_ITEM('overriding color',(#13611),#4911,
  #12937);
#13611 = PRESENTATION_STYLE_ASSIGNMENT((#13612));
#13612 = SURFACE_STYLE_USAGE(.BOTH.,#13613);
#13613 = SURFACE_SIDE_STYLE('',(#13614));
#13614 = SURFACE_STYLE_FILL_AREA(#13615);
#13615 = FILL_AREA_STYLE('',(#13616));
#13616 = FILL_AREA_STYLE_COLOUR('',#13581);
#13617 = OVER_RIDING_STYLED_ITEM('overriding color',(#13618),#4935,
  #12937);
#13618 = PRESENTATION_STYLE_ASSIGNMENT((#13619));
#13619 = SURFACE_STYLE_USAGE(.BOTH.,#13620);
#13620 = SURFACE_SIDE_STYLE('',(#13621));
#13621 = SURFACE_STYLE_FILL_AREA(#13622);
#13622 = FILL_AREA_STYLE('',(#13623));
#13623 = FILL_AREA_STYLE_COLOUR('',#13581);
#13624 = OVER_RIDING_STYLED_ITEM('overriding color',(#13625),#4959,
  #12937);
#13625 = PRESENTATION_STYLE_ASSIGNMENT((#13626));
#13626 = SURFACE_STYLE_USAGE(.BOTH.,#13627);
#13627 = SURFACE_SIDE_STYLE('',(#13628));
#13628 = SURFACE_STYLE_FILL_AREA(#13629);
#13629 = FILL_AREA_STYLE('',(#13630));
#13630 = FILL_AREA_STYLE_COLOUR('',#13581);
#13631 = OVER_RIDING_STYLED_ITEM('overriding color',(#13632),#4976,
  #12937);
#13632 = PRESENTATION_STYLE_ASSIGNMENT((#13633));
#13633 = SURFACE_STYLE_USAGE(.BOTH.,#13634);
#13634 = SURFACE_SIDE_STYLE('',(#13635));
#13635 = SURFACE_STYLE_FILL_AREA(#13636);
#13636 = FILL_AREA_STYLE('',(#13637));
#13637 = FILL_AREA_STYLE_COLOUR('',#13581);
#13638 = OVER_RIDING_STYLED_ITEM('overriding color',(#13639),#5050,
  #12937);
#13639 = PRESENTATION_STYLE_ASSIGNMENT((#13640));
#13640 = SURFACE_STYLE_USAGE(.BOTH.,#13641);
#13641 = SURFACE_SIDE_STYLE('',(#13642));
#13642 = SURFACE_STYLE_FILL_AREA(#13643);
#13643 = FILL_AREA_STYLE('',(#13644));
#13644 = FILL_AREA_STYLE_COLOUR('',#13581);
#13645 = OVER_RIDING_STYLED_ITEM('overriding color',(#13646),#5081,
  #12937);
#13646 = PRESENTATION_STYLE_ASSIGNMENT((#13647));
#13647 = SURFACE_STYLE_USAGE(.BOTH.,#13648);
#13648 = SURFACE_SIDE_STYLE('',(#13649));
#13649 = SURFACE_STYLE_FILL_AREA(#13650);
#13650 = FILL_AREA_STYLE('',(#13651));
#13651 = FILL_AREA_STYLE_COLOUR('',#13581);
#13652 = OVER_RIDING_STYLED_ITEM('overriding color',(#13653),#5105,
  #12937);
#13653 = PRESENTATION_STYLE_ASSIGNMENT((#13654));
#13654 = SURFACE_STYLE_USAGE(.BOTH.,#13655);
#13655 = SURFACE_SIDE_STYLE('',(#13656));
#13656 = SURFACE_STYLE_FILL_AREA(#13657);
#13657 = FILL_AREA_STYLE('',(#13658));
#13658 = FILL_AREA_STYLE_COLOUR('',#13581);
#13659 = OVER_RIDING_STYLED_ITEM('overriding color',(#13660),#5143,
  #12937);
#13660 = PRESENTATION_STYLE_ASSIGNMENT((#13661));
#13661 = SURFACE_STYLE_USAGE(.BOTH.,#13662);
#13662 = SURFACE_SIDE_STYLE('',(#13663));
#13663 = SURFACE_STYLE_FILL_AREA(#13664);
#13664 = FILL_AREA_STYLE('',(#13665));
#13665 = FILL_AREA_STYLE_COLOUR('',#13581);
#13666 = OVER_RIDING_STYLED_ITEM('overriding color',(#13667),#5167,
  #12937);
#13667 = PRESENTATION_STYLE_ASSIGNMENT((#13668));
#13668 = SURFACE_STYLE_USAGE(.BOTH.,#13669);
#13669 = SURFACE_SIDE_STYLE('',(#13670));
#13670 = SURFACE_STYLE_FILL_AREA(#13671);
#13671 = FILL_AREA_STYLE('',(#13672));
#13672 = FILL_AREA_STYLE_COLOUR('',#13581);
#13673 = OVER_RIDING_STYLED_ITEM('overriding color',(#13674),#5205,
  #12937);
#13674 = PRESENTATION_STYLE_ASSIGNMENT((#13675));
#13675 = SURFACE_STYLE_USAGE(.BOTH.,#13676);
#13676 = SURFACE_SIDE_STYLE('',(#13677));
#13677 = SURFACE_STYLE_FILL_AREA(#13678);
#13678 = FILL_AREA_STYLE('',(#13679));
#13679 = FILL_AREA_STYLE_COLOUR('',#13581);
#13680 = OVER_RIDING_STYLED_ITEM('overriding color',(#13681),#5222,
  #12937);
#13681 = PRESENTATION_STYLE_ASSIGNMENT((#13682));
#13682 = SURFACE_STYLE_USAGE(.BOTH.,#13683);
#13683 = SURFACE_SIDE_STYLE('',(#13684));
#13684 = SURFACE_STYLE_FILL_AREA(#13685);
#13685 = FILL_AREA_STYLE('',(#13686));
#13686 = FILL_AREA_STYLE_COLOUR('',#13581);
#13687 = OVER_RIDING_STYLED_ITEM('overriding color',(#13688),#5253,
  #12937);
#13688 = PRESENTATION_STYLE_ASSIGNMENT((#13689));
#13689 = SURFACE_STYLE_USAGE(.BOTH.,#13690);
#13690 = SURFACE_SIDE_STYLE('',(#13691));
#13691 = SURFACE_STYLE_FILL_AREA(#13692);
#13692 = FILL_AREA_STYLE('',(#13693));
#13693 = FILL_AREA_STYLE_COLOUR('',#13581);
#13694 = OVER_RIDING_STYLED_ITEM('overriding color',(#13695),#5277,
  #12937);
#13695 = PRESENTATION_STYLE_ASSIGNMENT((#13696));
#13696 = SURFACE_STYLE_USAGE(.BOTH.,#13697);
#13697 = SURFACE_SIDE_STYLE('',(#13698));
#13698 = SURFACE_STYLE_FILL_AREA(#13699);
#13699 = FILL_AREA_STYLE('',(#13700));
#13700 = FILL_AREA_STYLE_COLOUR('',#13581);
#13701 = OVER_RIDING_STYLED_ITEM('overriding color',(#13702),#5301,
  #12937);
#13702 = PRESENTATION_STYLE_ASSIGNMENT((#13703));
#13703 = SURFACE_STYLE_USAGE(.BOTH.,#13704);
#13704 = SURFACE_SIDE_STYLE('',(#13705));
#13705 = SURFACE_STYLE_FILL_AREA(#13706);
#13706 = FILL_AREA_STYLE('',(#13707));
#13707 = FILL_AREA_STYLE_COLOUR('',#13581);
#13708 = OVER_RIDING_STYLED_ITEM('overriding color',(#13709),#5375,
  #12937);
#13709 = PRESENTATION_STYLE_ASSIGNMENT((#13710));
#13710 = SURFACE_STYLE_USAGE(.BOTH.,#13711);
#13711 = SURFACE_SIDE_STYLE('',(#13712));
#13712 = SURFACE_STYLE_FILL_AREA(#13713);
#13713 = FILL_AREA_STYLE('',(#13714));
#13714 = FILL_AREA_STYLE_COLOUR('',#13581);
#13715 = OVER_RIDING_STYLED_ITEM('overriding color',(#13716),#5442,
  #12937);
#13716 = PRESENTATION_STYLE_ASSIGNMENT((#13717));
#13717 = SURFACE_STYLE_USAGE(.BOTH.,#13718);
#13718 = SURFACE_SIDE_STYLE('',(#13719));
#13719 = SURFACE_STYLE_FILL_AREA(#13720);
#13720 = FILL_AREA_STYLE('',(#13721));
#13721 = FILL_AREA_STYLE_COLOUR('',#13581);
#13722 = OVER_RIDING_STYLED_ITEM('overriding color',(#13723),#5529,
  #12937);
#13723 = PRESENTATION_STYLE_ASSIGNMENT((#13724));
#13724 = SURFACE_STYLE_USAGE(.BOTH.,#13725);
#13725 = SURFACE_SIDE_STYLE('',(#13726));
#13726 = SURFACE_STYLE_FILL_AREA(#13727);
#13727 = FILL_AREA_STYLE('',(#13728));
#13728 = FILL_AREA_STYLE_COLOUR('',#13581);
#13729 = OVER_RIDING_STYLED_ITEM('overriding color',(#13730),#5560,
  #12937);
#13730 = PRESENTATION_STYLE_ASSIGNMENT((#13731));
#13731 = SURFACE_STYLE_USAGE(.BOTH.,#13732);
#13732 = SURFACE_SIDE_STYLE('',(#13733));
#13733 = SURFACE_STYLE_FILL_AREA(#13734);
#13734 = FILL_AREA_STYLE('',(#13735));
#13735 = FILL_AREA_STYLE_COLOUR('',#13581);
#13736 = OVER_RIDING_STYLED_ITEM('overriding color',(#13737),#5634,
  #12937);
#13737 = PRESENTATION_STYLE_ASSIGNMENT((#13738));
#13738 = SURFACE_STYLE_USAGE(.BOTH.,#13739);
#13739 = SURFACE_SIDE_STYLE('',(#13740));
#13740 = SURFACE_STYLE_FILL_AREA(#13741);
#13741 = FILL_AREA_STYLE('',(#13742));
#13742 = FILL_AREA_STYLE_COLOUR('',#13581);
#13743 = OVER_RIDING_STYLED_ITEM('overriding color',(#13744),#5708,
  #12937);
#13744 = PRESENTATION_STYLE_ASSIGNMENT((#13745));
#13745 = SURFACE_STYLE_USAGE(.BOTH.,#13746);
#13746 = SURFACE_SIDE_STYLE('',(#13747));
#13747 = SURFACE_STYLE_FILL_AREA(#13748);
#13748 = FILL_AREA_STYLE('',(#13749));
#13749 = FILL_AREA_STYLE_COLOUR('',#13581);
#13750 = OVER_RIDING_STYLED_ITEM('overriding color',(#13751),#5732,
  #12937);
#13751 = PRESENTATION_STYLE_ASSIGNMENT((#13752));
#13752 = SURFACE_STYLE_USAGE(.BOTH.,#13753);
#13753 = SURFACE_SIDE_STYLE('',(#13754));
#13754 = SURFACE_STYLE_FILL_AREA(#13755);
#13755 = FILL_AREA_STYLE('',(#13756));
#13756 = FILL_AREA_STYLE_COLOUR('',#13581);
#13757 = OVER_RIDING_STYLED_ITEM('overriding color',(#13758),#5749,
  #12937);
#13758 = PRESENTATION_STYLE_ASSIGNMENT((#13759));
#13759 = SURFACE_STYLE_USAGE(.BOTH.,#13760);
#13760 = SURFACE_SIDE_STYLE('',(#13761));
#13761 = SURFACE_STYLE_FILL_AREA(#13762);
#13762 = FILL_AREA_STYLE('',(#13763));
#13763 = FILL_AREA_STYLE_COLOUR('',#13581);
#13764 = OVER_RIDING_STYLED_ITEM('overriding color',(#13765),#5780,
  #12937);
#13765 = PRESENTATION_STYLE_ASSIGNMENT((#13766));
#13766 = SURFACE_STYLE_USAGE(.BOTH.,#13767);
#13767 = SURFACE_SIDE_STYLE('',(#13768));
#13768 = SURFACE_STYLE_FILL_AREA(#13769);
#13769 = FILL_AREA_STYLE('',(#13770));
#13770 = FILL_AREA_STYLE_COLOUR('',#13581);
#13771 = OVER_RIDING_STYLED_ITEM('overriding color',(#13772),#5804,
  #12937);
#13772 = PRESENTATION_STYLE_ASSIGNMENT((#13773));
#13773 = SURFACE_STYLE_USAGE(.BOTH.,#13774);
#13774 = SURFACE_SIDE_STYLE('',(#13775));
#13775 = SURFACE_STYLE_FILL_AREA(#13776);
#13776 = FILL_AREA_STYLE('',(#13777));
#13777 = FILL_AREA_STYLE_COLOUR('',#13581);
#13778 = OVER_RIDING_STYLED_ITEM('overriding color',(#13779),#5828,
  #12937);
#13779 = PRESENTATION_STYLE_ASSIGNMENT((#13780));
#13780 = SURFACE_STYLE_USAGE(.BOTH.,#13781);
#13781 = SURFACE_SIDE_STYLE('',(#13782));
#13782 = SURFACE_STYLE_FILL_AREA(#13783);
#13783 = FILL_AREA_STYLE('',(#13784));
#13784 = FILL_AREA_STYLE_COLOUR('',#13581);
#13785 = OVER_RIDING_STYLED_ITEM('overriding color',(#13786),#5852,
  #12937);
#13786 = PRESENTATION_STYLE_ASSIGNMENT((#13787));
#13787 = SURFACE_STYLE_USAGE(.BOTH.,#13788);
#13788 = SURFACE_SIDE_STYLE('',(#13789));
#13789 = SURFACE_STYLE_FILL_AREA(#13790);
#13790 = FILL_AREA_STYLE('',(#13791));
#13791 = FILL_AREA_STYLE_COLOUR('',#13581);
#13792 = OVER_RIDING_STYLED_ITEM('overriding color',(#13793),#5876,
  #12937);
#13793 = PRESENTATION_STYLE_ASSIGNMENT((#13794));
#13794 = SURFACE_STYLE_USAGE(.BOTH.,#13795);
#13795 = SURFACE_SIDE_STYLE('',(#13796));
#13796 = SURFACE_STYLE_FILL_AREA(#13797);
#13797 = FILL_AREA_STYLE('',(#13798));
#13798 = FILL_AREA_STYLE_COLOUR('',#13581);
#13799 = OVER_RIDING_STYLED_ITEM('overriding color',(#13800),#5900,
  #12937);
#13800 = PRESENTATION_STYLE_ASSIGNMENT((#13801));
#13801 = SURFACE_STYLE_USAGE(.BOTH.,#13802);
#13802 = SURFACE_SIDE_STYLE('',(#13803));
#13803 = SURFACE_STYLE_FILL_AREA(#13804);
#13804 = FILL_AREA_STYLE('',(#13805));
#13805 = FILL_AREA_STYLE_COLOUR('',#13581);
#13806 = OVER_RIDING_STYLED_ITEM('overriding color',(#13807),#5924,
  #12937);
#13807 = PRESENTATION_STYLE_ASSIGNMENT((#13808));
#13808 = SURFACE_STYLE_USAGE(.BOTH.,#13809);
#13809 = SURFACE_SIDE_STYLE('',(#13810));
#13810 = SURFACE_STYLE_FILL_AREA(#13811);
#13811 = FILL_AREA_STYLE('',(#13812));
#13812 = FILL_AREA_STYLE_COLOUR('',#13581);
#13813 = OVER_RIDING_STYLED_ITEM('overriding color',(#13814),#5948,
  #12937);
#13814 = PRESENTATION_STYLE_ASSIGNMENT((#13815));
#13815 = SURFACE_STYLE_USAGE(.BOTH.,#13816);
#13816 = SURFACE_SIDE_STYLE('',(#13817));
#13817 = SURFACE_STYLE_FILL_AREA(#13818);
#13818 = FILL_AREA_STYLE('',(#13819));
#13819 = FILL_AREA_STYLE_COLOUR('',#13581);
#13820 = OVER_RIDING_STYLED_ITEM('overriding color',(#13821),#5972,
  #12937);
#13821 = PRESENTATION_STYLE_ASSIGNMENT((#13822));
#13822 = SURFACE_STYLE_USAGE(.BOTH.,#13823);
#13823 = SURFACE_SIDE_STYLE('',(#13824));
#13824 = SURFACE_STYLE_FILL_AREA(#13825);
#13825 = FILL_AREA_STYLE('',(#13826));
#13826 = FILL_AREA_STYLE_COLOUR('',#13581);
#13827 = OVER_RIDING_STYLED_ITEM('overriding color',(#13828),#5996,
  #12937);
#13828 = PRESENTATION_STYLE_ASSIGNMENT((#13829));
#13829 = SURFACE_STYLE_USAGE(.BOTH.,#13830);
#13830 = SURFACE_SIDE_STYLE('',(#13831));
#13831 = SURFACE_STYLE_FILL_AREA(#13832);
#13832 = FILL_AREA_STYLE('',(#13833));
#13833 = FILL_AREA_STYLE_COLOUR('',#13581);
#13834 = OVER_RIDING_STYLED_ITEM('overriding color',(#13835),#6020,
  #12937);
#13835 = PRESENTATION_STYLE_ASSIGNMENT((#13836));
#13836 = SURFACE_STYLE_USAGE(.BOTH.,#13837);
#13837 = SURFACE_SIDE_STYLE('',(#13838));
#13838 = SURFACE_STYLE_FILL_AREA(#13839);
#13839 = FILL_AREA_STYLE('',(#13840));
#13840 = FILL_AREA_STYLE_COLOUR('',#13581);
#13841 = OVER_RIDING_STYLED_ITEM('overriding color',(#13842),#6037,
  #12937);
#13842 = PRESENTATION_STYLE_ASSIGNMENT((#13843));
#13843 = SURFACE_STYLE_USAGE(.BOTH.,#13844);
#13844 = SURFACE_SIDE_STYLE('',(#13845));
#13845 = SURFACE_STYLE_FILL_AREA(#13846);
#13846 = FILL_AREA_STYLE('',(#13847));
#13847 = FILL_AREA_STYLE_COLOUR('',#13581);
#13848 = OVER_RIDING_STYLED_ITEM('overriding color',(#13849),#6057,
  #12937);
#13849 = PRESENTATION_STYLE_ASSIGNMENT((#13850));
#13850 = SURFACE_STYLE_USAGE(.BOTH.,#13851);
#13851 = SURFACE_SIDE_STYLE('',(#13852));
#13852 = SURFACE_STYLE_FILL_AREA(#13853);
#13853 = FILL_AREA_STYLE('',(#13854));
#13854 = FILL_AREA_STYLE_COLOUR('',#13581);
#13855 = OVER_RIDING_STYLED_ITEM('overriding color',(#13856),#6088,
  #12937);
#13856 = PRESENTATION_STYLE_ASSIGNMENT((#13857));
#13857 = SURFACE_STYLE_USAGE(.BOTH.,#13858);
#13858 = SURFACE_SIDE_STYLE('',(#13859));
#13859 = SURFACE_STYLE_FILL_AREA(#13860);
#13860 = FILL_AREA_STYLE('',(#13861));
#13861 = FILL_AREA_STYLE_COLOUR('',#13581);
#13862 = OVER_RIDING_STYLED_ITEM('overriding color',(#13863),#6138,
  #12937);
#13863 = PRESENTATION_STYLE_ASSIGNMENT((#13864));
#13864 = SURFACE_STYLE_USAGE(.BOTH.,#13865);
#13865 = SURFACE_SIDE_STYLE('',(#13866));
#13866 = SURFACE_STYLE_FILL_AREA(#13867);
#13867 = FILL_AREA_STYLE('',(#13868));
#13868 = FILL_AREA_STYLE_COLOUR('',#13581);
#13869 = OVER_RIDING_STYLED_ITEM('overriding color',(#13870),#6212,
  #12937);
#13870 = PRESENTATION_STYLE_ASSIGNMENT((#13871));
#13871 = SURFACE_STYLE_USAGE(.BOTH.,#13872);
#13872 = SURFACE_SIDE_STYLE('',(#13873));
#13873 = SURFACE_STYLE_FILL_AREA(#13874);
#13874 = FILL_AREA_STYLE('',(#13875));
#13875 = FILL_AREA_STYLE_COLOUR('',#13581);
#13876 = OVER_RIDING_STYLED_ITEM('overriding color',(#13877),#6286,
  #12937);
#13877 = PRESENTATION_STYLE_ASSIGNMENT((#13878));
#13878 = SURFACE_STYLE_USAGE(.BOTH.,#13879);
#13879 = SURFACE_SIDE_STYLE('',(#13880));
#13880 = SURFACE_STYLE_FILL_AREA(#13881);
#13881 = FILL_AREA_STYLE('',(#13882));
#13882 = FILL_AREA_STYLE_COLOUR('',#13581);
#13883 = OVER_RIDING_STYLED_ITEM('overriding color',(#13884),#6336,
  #12937);
#13884 = PRESENTATION_STYLE_ASSIGNMENT((#13885));
#13885 = SURFACE_STYLE_USAGE(.BOTH.,#13886);
#13886 = SURFACE_SIDE_STYLE('',(#13887));
#13887 = SURFACE_STYLE_FILL_AREA(#13888);
#13888 = FILL_AREA_STYLE('',(#13889));
#13889 = FILL_AREA_STYLE_COLOUR('',#13581);
#13890 = OVER_RIDING_STYLED_ITEM('overriding color',(#13891),#6360,
  #12937);
#13891 = PRESENTATION_STYLE_ASSIGNMENT((#13892));
#13892 = SURFACE_STYLE_USAGE(.BOTH.,#13893);
#13893 = SURFACE_SIDE_STYLE('',(#13894));
#13894 = SURFACE_STYLE_FILL_AREA(#13895);
#13895 = FILL_AREA_STYLE('',(#13896));
#13896 = FILL_AREA_STYLE_COLOUR('',#13581);
#13897 = OVER_RIDING_STYLED_ITEM('overriding color',(#13898),#6410,
  #12937);
#13898 = PRESENTATION_STYLE_ASSIGNMENT((#13899));
#13899 = SURFACE_STYLE_USAGE(.BOTH.,#13900);
#13900 = SURFACE_SIDE_STYLE('',(#13901));
#13901 = SURFACE_STYLE_FILL_AREA(#13902);
#13902 = FILL_AREA_STYLE('',(#13903));
#13903 = FILL_AREA_STYLE_COLOUR('',#13581);
#13904 = OVER_RIDING_STYLED_ITEM('overriding color',(#13905),#6484,
  #12937);
#13905 = PRESENTATION_STYLE_ASSIGNMENT((#13906));
#13906 = SURFACE_STYLE_USAGE(.BOTH.,#13907);
#13907 = SURFACE_SIDE_STYLE('',(#13908));
#13908 = SURFACE_STYLE_FILL_AREA(#13909);
#13909 = FILL_AREA_STYLE('',(#13910));
#13910 = FILL_AREA_STYLE_COLOUR('',#13581);
#13911 = OVER_RIDING_STYLED_ITEM('overriding color',(#13912),#6558,
  #12937);
#13912 = PRESENTATION_STYLE_ASSIGNMENT((#13913));
#13913 = SURFACE_STYLE_USAGE(.BOTH.,#13914);
#13914 = SURFACE_SIDE_STYLE('',(#13915));
#13915 = SURFACE_STYLE_FILL_AREA(#13916);
#13916 = FILL_AREA_STYLE('',(#13917));
#13917 = FILL_AREA_STYLE_COLOUR('',#13581);
#13918 = OVER_RIDING_STYLED_ITEM('overriding color',(#13919),#6601,
  #12937);
#13919 = PRESENTATION_STYLE_ASSIGNMENT((#13920));
#13920 = SURFACE_STYLE_USAGE(.BOTH.,#13921);
#13921 = SURFACE_SIDE_STYLE('',(#13922));
#13922 = SURFACE_STYLE_FILL_AREA(#13923);
#13923 = FILL_AREA_STYLE('',(#13924));
#13924 = FILL_AREA_STYLE_COLOUR('',#13581);
#13925 = OVER_RIDING_STYLED_ITEM('overriding color',(#13926),#6619,
  #12937);
#13926 = PRESENTATION_STYLE_ASSIGNMENT((#13927));
#13927 = SURFACE_STYLE_USAGE(.BOTH.,#13928);
#13928 = SURFACE_SIDE_STYLE('',(#13929));
#13929 = SURFACE_STYLE_FILL_AREA(#13930);
#13930 = FILL_AREA_STYLE('',(#13931));
#13931 = FILL_AREA_STYLE_COLOUR('',#13581);
#13932 = OVER_RIDING_STYLED_ITEM('overriding color',(#13933),#6650,
  #12937);
#13933 = PRESENTATION_STYLE_ASSIGNMENT((#13934));
#13934 = SURFACE_STYLE_USAGE(.BOTH.,#13935);
#13935 = SURFACE_SIDE_STYLE('',(#13936));
#13936 = SURFACE_STYLE_FILL_AREA(#13937);
#13937 = FILL_AREA_STYLE('',(#13938));
#13938 = FILL_AREA_STYLE_COLOUR('',#13581);
#13939 = OVER_RIDING_STYLED_ITEM('overriding color',(#13940),#6674,
  #12937);
#13940 = PRESENTATION_STYLE_ASSIGNMENT((#13941));
#13941 = SURFACE_STYLE_USAGE(.BOTH.,#13942);
#13942 = SURFACE_SIDE_STYLE('',(#13943));
#13943 = SURFACE_STYLE_FILL_AREA(#13944);
#13944 = FILL_AREA_STYLE('',(#13945));
#13945 = FILL_AREA_STYLE_COLOUR('',#13581);
#13946 = OVER_RIDING_STYLED_ITEM('overriding color',(#13947),#6698,
  #12937);
#13947 = PRESENTATION_STYLE_ASSIGNMENT((#13948));
#13948 = SURFACE_STYLE_USAGE(.BOTH.,#13949);
#13949 = SURFACE_SIDE_STYLE('',(#13950));
#13950 = SURFACE_STYLE_FILL_AREA(#13951);
#13951 = FILL_AREA_STYLE('',(#13952));
#13952 = FILL_AREA_STYLE_COLOUR('',#13581);
#13953 = OVER_RIDING_STYLED_ITEM('overriding color',(#13954),#6722,
  #12937);
#13954 = PRESENTATION_STYLE_ASSIGNMENT((#13955));
#13955 = SURFACE_STYLE_USAGE(.BOTH.,#13956);
#13956 = SURFACE_SIDE_STYLE('',(#13957));
#13957 = SURFACE_STYLE_FILL_AREA(#13958);
#13958 = FILL_AREA_STYLE('',(#13959));
#13959 = FILL_AREA_STYLE_COLOUR('',#13581);
#13960 = OVER_RIDING_STYLED_ITEM('overriding color',(#13961),#6746,
  #12937);
#13961 = PRESENTATION_STYLE_ASSIGNMENT((#13962));
#13962 = SURFACE_STYLE_USAGE(.BOTH.,#13963);
#13963 = SURFACE_SIDE_STYLE('',(#13964));
#13964 = SURFACE_STYLE_FILL_AREA(#13965);
#13965 = FILL_AREA_STYLE('',(#13966));
#13966 = FILL_AREA_STYLE_COLOUR('',#13581);
#13967 = OVER_RIDING_STYLED_ITEM('overriding color',(#13968),#6763,
  #12937);
#13968 = PRESENTATION_STYLE_ASSIGNMENT((#13969));
#13969 = SURFACE_STYLE_USAGE(.BOTH.,#13970);
#13970 = SURFACE_SIDE_STYLE('',(#13971));
#13971 = SURFACE_STYLE_FILL_AREA(#13972);
#13972 = FILL_AREA_STYLE('',(#13973));
#13973 = FILL_AREA_STYLE_COLOUR('',#13581);
#13974 = OVER_RIDING_STYLED_ITEM('overriding color',(#13975),#6777,
  #12937);
#13975 = PRESENTATION_STYLE_ASSIGNMENT((#13976));
#13976 = SURFACE_STYLE_USAGE(.BOTH.,#13977);
#13977 = SURFACE_SIDE_STYLE('',(#13978));
#13978 = SURFACE_STYLE_FILL_AREA(#13979);
#13979 = FILL_AREA_STYLE('',(#13980));
#13980 = FILL_AREA_STYLE_COLOUR('',#12963);
#13981 = OVER_RIDING_STYLED_ITEM('overriding color',(#13982),#6791,
  #12937);
#13982 = PRESENTATION_STYLE_ASSIGNMENT((#13983));
#13983 = SURFACE_STYLE_USAGE(.BOTH.,#13984);
#13984 = SURFACE_SIDE_STYLE('',(#13985));
#13985 = SURFACE_STYLE_FILL_AREA(#13986);
#13986 = FILL_AREA_STYLE('',(#13987));
#13987 = FILL_AREA_STYLE_COLOUR('',#12963);
#13988 = OVER_RIDING_STYLED_ITEM('overriding color',(#13989),#6804,
  #12937);
#13989 = PRESENTATION_STYLE_ASSIGNMENT((#13990));
#13990 = SURFACE_STYLE_USAGE(.BOTH.,#13991);
#13991 = SURFACE_SIDE_STYLE('',(#13992));
#13992 = SURFACE_STYLE_FILL_AREA(#13993);
#13993 = FILL_AREA_STYLE('',(#13994));
#13994 = FILL_AREA_STYLE_COLOUR('',#12978);
#13995 = OVER_RIDING_STYLED_ITEM('overriding color',(#13996),#6816,
  #12937);
#13996 = PRESENTATION_STYLE_ASSIGNMENT((#13997));
#13997 = SURFACE_STYLE_USAGE(.BOTH.,#13998);
#13998 = SURFACE_SIDE_STYLE('',(#13999));
#13999 = SURFACE_STYLE_FILL_AREA(#14000);
#14000 = FILL_AREA_STYLE('',(#14001));
#14001 = FILL_AREA_STYLE_COLOUR('',#13581);
#14002 = OVER_RIDING_STYLED_ITEM('overriding color',(#14003),#6847,
  #12937);
#14003 = PRESENTATION_STYLE_ASSIGNMENT((#14004));
#14004 = SURFACE_STYLE_USAGE(.BOTH.,#14005);
#14005 = SURFACE_SIDE_STYLE('',(#14006));
#14006 = SURFACE_STYLE_FILL_AREA(#14007);
#14007 = FILL_AREA_STYLE('',(#14008));
#14008 = FILL_AREA_STYLE_COLOUR('',#13581);
#14009 = OVER_RIDING_STYLED_ITEM('overriding color',(#14010),#6871,
  #12937);
#14010 = PRESENTATION_STYLE_ASSIGNMENT((#14011));
#14011 = SURFACE_STYLE_USAGE(.BOTH.,#14012);
#14012 = SURFACE_SIDE_STYLE('',(#14013));
#14013 = SURFACE_STYLE_FILL_AREA(#14014);
#14014 = FILL_AREA_STYLE('',(#14015));
#14015 = FILL_AREA_STYLE_COLOUR('',#13581);
#14016 = OVER_RIDING_STYLED_ITEM('overriding color',(#14017),#6895,
  #12937);
#14017 = PRESENTATION_STYLE_ASSIGNMENT((#14018));
#14018 = SURFACE_STYLE_USAGE(.BOTH.,#14019);
#14019 = SURFACE_SIDE_STYLE('',(#14020));
#14020 = SURFACE_STYLE_FILL_AREA(#14021);
#14021 = FILL_AREA_STYLE('',(#14022));
#14022 = FILL_AREA_STYLE_COLOUR('',#13581);
#14023 = OVER_RIDING_STYLED_ITEM('overriding color',(#14024),#6919,
  #12937);
#14024 = PRESENTATION_STYLE_ASSIGNMENT((#14025));
#14025 = SURFACE_STYLE_USAGE(.BOTH.,#14026);
#14026 = SURFACE_SIDE_STYLE('',(#14027));
#14027 = SURFACE_STYLE_FILL_AREA(#14028);
#14028 = FILL_AREA_STYLE('',(#14029));
#14029 = FILL_AREA_STYLE_COLOUR('',#13581);
#14030 = OVER_RIDING_STYLED_ITEM('overriding color',(#14031),#6943,
  #12937);
#14031 = PRESENTATION_STYLE_ASSIGNMENT((#14032));
#14032 = SURFACE_STYLE_USAGE(.BOTH.,#14033);
#14033 = SURFACE_SIDE_STYLE('',(#14034));
#14034 = SURFACE_STYLE_FILL_AREA(#14035);
#14035 = FILL_AREA_STYLE('',(#14036));
#14036 = FILL_AREA_STYLE_COLOUR('',#13581);
#14037 = OVER_RIDING_STYLED_ITEM('overriding color',(#14038),#6960,
  #12937);
#14038 = PRESENTATION_STYLE_ASSIGNMENT((#14039));
#14039 = SURFACE_STYLE_USAGE(.BOTH.,#14040);
#14040 = SURFACE_SIDE_STYLE('',(#14041));
#14041 = SURFACE_STYLE_FILL_AREA(#14042);
#14042 = FILL_AREA_STYLE('',(#14043));
#14043 = FILL_AREA_STYLE_COLOUR('',#13581);
#14044 = OVER_RIDING_STYLED_ITEM('overriding color',(#14045),#6974,
  #12937);
#14045 = PRESENTATION_STYLE_ASSIGNMENT((#14046));
#14046 = SURFACE_STYLE_USAGE(.BOTH.,#14047);
#14047 = SURFACE_SIDE_STYLE('',(#14048));
#14048 = SURFACE_STYLE_FILL_AREA(#14049);
#14049 = FILL_AREA_STYLE('',(#14050));
#14050 = FILL_AREA_STYLE_COLOUR('',#13581);
#14051 = OVER_RIDING_STYLED_ITEM('overriding color',(#14052),#7010,
  #12937);
#14052 = PRESENTATION_STYLE_ASSIGNMENT((#14053));
#14053 = SURFACE_STYLE_USAGE(.BOTH.,#14054);
#14054 = SURFACE_SIDE_STYLE('',(#14055));
#14055 = SURFACE_STYLE_FILL_AREA(#14056);
#14056 = FILL_AREA_STYLE('',(#14057));
#14057 = FILL_AREA_STYLE_COLOUR('',#13581);
#14058 = OVER_RIDING_STYLED_ITEM('overriding color',(#14059),#7034,
  #12937);
#14059 = PRESENTATION_STYLE_ASSIGNMENT((#14060));
#14060 = SURFACE_STYLE_USAGE(.BOTH.,#14061);
#14061 = SURFACE_SIDE_STYLE('',(#14062));
#14062 = SURFACE_STYLE_FILL_AREA(#14063);
#14063 = FILL_AREA_STYLE('',(#14064));
#14064 = FILL_AREA_STYLE_COLOUR('',#13581);
#14065 = OVER_RIDING_STYLED_ITEM('overriding color',(#14066),#7063,
  #12937);
#14066 = PRESENTATION_STYLE_ASSIGNMENT((#14067));
#14067 = SURFACE_STYLE_USAGE(.BOTH.,#14068);
#14068 = SURFACE_SIDE_STYLE('',(#14069));
#14069 = SURFACE_STYLE_FILL_AREA(#14070);
#14070 = FILL_AREA_STYLE('',(#14071));
#14071 = FILL_AREA_STYLE_COLOUR('',#13581);
#14072 = OVER_RIDING_STYLED_ITEM('overriding color',(#14073),#7092,
  #12937);
#14073 = PRESENTATION_STYLE_ASSIGNMENT((#14074));
#14074 = SURFACE_STYLE_USAGE(.BOTH.,#14075);
#14075 = SURFACE_SIDE_STYLE('',(#14076));
#14076 = SURFACE_STYLE_FILL_AREA(#14077);
#14077 = FILL_AREA_STYLE('',(#14078));
#14078 = FILL_AREA_STYLE_COLOUR('',#13581);
#14079 = OVER_RIDING_STYLED_ITEM('overriding color',(#14080),#7121,
  #12937);
#14080 = PRESENTATION_STYLE_ASSIGNMENT((#14081));
#14081 = SURFACE_STYLE_USAGE(.BOTH.,#14082);
#14082 = SURFACE_SIDE_STYLE('',(#14083));
#14083 = SURFACE_STYLE_FILL_AREA(#14084);
#14084 = FILL_AREA_STYLE('',(#14085));
#14085 = FILL_AREA_STYLE_COLOUR('',#13581);
#14086 = OVER_RIDING_STYLED_ITEM('overriding color',(#14087),#7150,
  #12937);
#14087 = PRESENTATION_STYLE_ASSIGNMENT((#14088));
#14088 = SURFACE_STYLE_USAGE(.BOTH.,#14089);
#14089 = SURFACE_SIDE_STYLE('',(#14090));
#14090 = SURFACE_STYLE_FILL_AREA(#14091);
#14091 = FILL_AREA_STYLE('',(#14092));
#14092 = FILL_AREA_STYLE_COLOUR('',#13581);
#14093 = OVER_RIDING_STYLED_ITEM('overriding color',(#14094),#7179,
  #12937);
#14094 = PRESENTATION_STYLE_ASSIGNMENT((#14095));
#14095 = SURFACE_STYLE_USAGE(.BOTH.,#14096);
#14096 = SURFACE_SIDE_STYLE('',(#14097));
#14097 = SURFACE_STYLE_FILL_AREA(#14098);
#14098 = FILL_AREA_STYLE('',(#14099));
#14099 = FILL_AREA_STYLE_COLOUR('',#13581);
#14100 = OVER_RIDING_STYLED_ITEM('overriding color',(#14101),#7208,
  #12937);
#14101 = PRESENTATION_STYLE_ASSIGNMENT((#14102));
#14102 = SURFACE_STYLE_USAGE(.BOTH.,#14103);
#14103 = SURFACE_SIDE_STYLE('',(#14104));
#14104 = SURFACE_STYLE_FILL_AREA(#14105);
#14105 = FILL_AREA_STYLE('',(#14106));
#14106 = FILL_AREA_STYLE_COLOUR('',#13581);
#14107 = OVER_RIDING_STYLED_ITEM('overriding color',(#14108),#7232,
  #12937);
#14108 = PRESENTATION_STYLE_ASSIGNMENT((#14109));
#14109 = SURFACE_STYLE_USAGE(.BOTH.,#14110);
#14110 = SURFACE_SIDE_STYLE('',(#14111));
#14111 = SURFACE_STYLE_FILL_AREA(#14112);
#14112 = FILL_AREA_STYLE('',(#14113));
#14113 = FILL_AREA_STYLE_COLOUR('',#13581);
#14114 = OVER_RIDING_STYLED_ITEM('overriding color',(#14115),#7261,
  #12937);
#14115 = PRESENTATION_STYLE_ASSIGNMENT((#14116));
#14116 = SURFACE_STYLE_USAGE(.BOTH.,#14117);
#14117 = SURFACE_SIDE_STYLE('',(#14118));
#14118 = SURFACE_STYLE_FILL_AREA(#14119);
#14119 = FILL_AREA_STYLE('',(#14120));
#14120 = FILL_AREA_STYLE_COLOUR('',#13581);
#14121 = OVER_RIDING_STYLED_ITEM('overriding color',(#14122),#7290,
  #12937);
#14122 = PRESENTATION_STYLE_ASSIGNMENT((#14123));
#14123 = SURFACE_STYLE_USAGE(.BOTH.,#14124);
#14124 = SURFACE_SIDE_STYLE('',(#14125));
#14125 = SURFACE_STYLE_FILL_AREA(#14126);
#14126 = FILL_AREA_STYLE('',(#14127));
#14127 = FILL_AREA_STYLE_COLOUR('',#13581);
#14128 = OVER_RIDING_STYLED_ITEM('overriding color',(#14129),#7319,
  #12937);
#14129 = PRESENTATION_STYLE_ASSIGNMENT((#14130));
#14130 = SURFACE_STYLE_USAGE(.BOTH.,#14131);
#14131 = SURFACE_SIDE_STYLE('',(#14132));
#14132 = SURFACE_STYLE_FILL_AREA(#14133);
#14133 = FILL_AREA_STYLE('',(#14134));
#14134 = FILL_AREA_STYLE_COLOUR('',#13581);
#14135 = OVER_RIDING_STYLED_ITEM('overriding color',(#14136),#7348,
  #12937);
#14136 = PRESENTATION_STYLE_ASSIGNMENT((#14137));
#14137 = SURFACE_STYLE_USAGE(.BOTH.,#14138);
#14138 = SURFACE_SIDE_STYLE('',(#14139));
#14139 = SURFACE_STYLE_FILL_AREA(#14140);
#14140 = FILL_AREA_STYLE('',(#14141));
#14141 = FILL_AREA_STYLE_COLOUR('',#13581);
#14142 = OVER_RIDING_STYLED_ITEM('overriding color',(#14143),#7370,
  #12937);
#14143 = PRESENTATION_STYLE_ASSIGNMENT((#14144));
#14144 = SURFACE_STYLE_USAGE(.BOTH.,#14145);
#14145 = SURFACE_SIDE_STYLE('',(#14146));
#14146 = SURFACE_STYLE_FILL_AREA(#14147);
#14147 = FILL_AREA_STYLE('',(#14148));
#14148 = FILL_AREA_STYLE_COLOUR('',#13581);
#14149 = OVER_RIDING_STYLED_ITEM('overriding color',(#14150),#7392,
  #12937);
#14150 = PRESENTATION_STYLE_ASSIGNMENT((#14151));
#14151 = SURFACE_STYLE_USAGE(.BOTH.,#14152);
#14152 = SURFACE_SIDE_STYLE('',(#14153));
#14153 = SURFACE_STYLE_FILL_AREA(#14154);
#14154 = FILL_AREA_STYLE('',(#14155));
#14155 = FILL_AREA_STYLE_COLOUR('',#13581);
#14156 = OVER_RIDING_STYLED_ITEM('overriding color',(#14157),#7423,
  #12937);
#14157 = PRESENTATION_STYLE_ASSIGNMENT((#14158));
#14158 = SURFACE_STYLE_USAGE(.BOTH.,#14159);
#14159 = SURFACE_SIDE_STYLE('',(#14160));
#14160 = SURFACE_STYLE_FILL_AREA(#14161);
#14161 = FILL_AREA_STYLE('',(#14162));
#14162 = FILL_AREA_STYLE_COLOUR('',#13581);
#14163 = OVER_RIDING_STYLED_ITEM('overriding color',(#14164),#7447,
  #12937);
#14164 = PRESENTATION_STYLE_ASSIGNMENT((#14165));
#14165 = SURFACE_STYLE_USAGE(.BOTH.,#14166);
#14166 = SURFACE_SIDE_STYLE('',(#14167));
#14167 = SURFACE_STYLE_FILL_AREA(#14168);
#14168 = FILL_AREA_STYLE('',(#14169));
#14169 = FILL_AREA_STYLE_COLOUR('',#13581);
#14170 = OVER_RIDING_STYLED_ITEM('overriding color',(#14171),#7471,
  #12937);
#14171 = PRESENTATION_STYLE_ASSIGNMENT((#14172));
#14172 = SURFACE_STYLE_USAGE(.BOTH.,#14173);
#14173 = SURFACE_SIDE_STYLE('',(#14174));
#14174 = SURFACE_STYLE_FILL_AREA(#14175);
#14175 = FILL_AREA_STYLE('',(#14176));
#14176 = FILL_AREA_STYLE_COLOUR('',#13581);
#14177 = OVER_RIDING_STYLED_ITEM('overriding color',(#14178),#7495,
  #12937);
#14178 = PRESENTATION_STYLE_ASSIGNMENT((#14179));
#14179 = SURFACE_STYLE_USAGE(.BOTH.,#14180);
#14180 = SURFACE_SIDE_STYLE('',(#14181));
#14181 = SURFACE_STYLE_FILL_AREA(#14182);
#14182 = FILL_AREA_STYLE('',(#14183));
#14183 = FILL_AREA_STYLE_COLOUR('',#13581);
#14184 = OVER_RIDING_STYLED_ITEM('overriding color',(#14185),#7519,
  #12937);
#14185 = PRESENTATION_STYLE_ASSIGNMENT((#14186));
#14186 = SURFACE_STYLE_USAGE(.BOTH.,#14187);
#14187 = SURFACE_SIDE_STYLE('',(#14188));
#14188 = SURFACE_STYLE_FILL_AREA(#14189);
#14189 = FILL_AREA_STYLE('',(#14190));
#14190 = FILL_AREA_STYLE_COLOUR('',#13581);
#14191 = OVER_RIDING_STYLED_ITEM('overriding color',(#14192),#7543,
  #12937);
#14192 = PRESENTATION_STYLE_ASSIGNMENT((#14193));
#14193 = SURFACE_STYLE_USAGE(.BOTH.,#14194);
#14194 = SURFACE_SIDE_STYLE('',(#14195));
#14195 = SURFACE_STYLE_FILL_AREA(#14196);
#14196 = FILL_AREA_STYLE('',(#14197));
#14197 = FILL_AREA_STYLE_COLOUR('',#13581);
#14198 = OVER_RIDING_STYLED_ITEM('overriding color',(#14199),#7567,
  #12937);
#14199 = PRESENTATION_STYLE_ASSIGNMENT((#14200));
#14200 = SURFACE_STYLE_USAGE(.BOTH.,#14201);
#14201 = SURFACE_SIDE_STYLE('',(#14202));
#14202 = SURFACE_STYLE_FILL_AREA(#14203);
#14203 = FILL_AREA_STYLE('',(#14204));
#14204 = FILL_AREA_STYLE_COLOUR('',#13581);
#14205 = OVER_RIDING_STYLED_ITEM('overriding color',(#14206),#7591,
  #12937);
#14206 = PRESENTATION_STYLE_ASSIGNMENT((#14207));
#14207 = SURFACE_STYLE_USAGE(.BOTH.,#14208);
#14208 = SURFACE_SIDE_STYLE('',(#14209));
#14209 = SURFACE_STYLE_FILL_AREA(#14210);
#14210 = FILL_AREA_STYLE('',(#14211));
#14211 = FILL_AREA_STYLE_COLOUR('',#13581);
#14212 = OVER_RIDING_STYLED_ITEM('overriding color',(#14213),#7615,
  #12937);
#14213 = PRESENTATION_STYLE_ASSIGNMENT((#14214));
#14214 = SURFACE_STYLE_USAGE(.BOTH.,#14215);
#14215 = SURFACE_SIDE_STYLE('',(#14216));
#14216 = SURFACE_STYLE_FILL_AREA(#14217);
#14217 = FILL_AREA_STYLE('',(#14218));
#14218 = FILL_AREA_STYLE_COLOUR('',#13581);
#14219 = OVER_RIDING_STYLED_ITEM('overriding color',(#14220),#7639,
  #12937);
#14220 = PRESENTATION_STYLE_ASSIGNMENT((#14221));
#14221 = SURFACE_STYLE_USAGE(.BOTH.,#14222);
#14222 = SURFACE_SIDE_STYLE('',(#14223));
#14223 = SURFACE_STYLE_FILL_AREA(#14224);
#14224 = FILL_AREA_STYLE('',(#14225));
#14225 = FILL_AREA_STYLE_COLOUR('',#13581);
#14226 = OVER_RIDING_STYLED_ITEM('overriding color',(#14227),#7663,
  #12937);
#14227 = PRESENTATION_STYLE_ASSIGNMENT((#14228));
#14228 = SURFACE_STYLE_USAGE(.BOTH.,#14229);
#14229 = SURFACE_SIDE_STYLE('',(#14230));
#14230 = SURFACE_STYLE_FILL_AREA(#14231);
#14231 = FILL_AREA_STYLE('',(#14232));
#14232 = FILL_AREA_STYLE_COLOUR('',#13581);
#14233 = OVER_RIDING_STYLED_ITEM('overriding color',(#14234),#7680,
  #12937);
#14234 = PRESENTATION_STYLE_ASSIGNMENT((#14235));
#14235 = SURFACE_STYLE_USAGE(.BOTH.,#14236);
#14236 = SURFACE_SIDE_STYLE('',(#14237));
#14237 = SURFACE_STYLE_FILL_AREA(#14238);
#14238 = FILL_AREA_STYLE('',(#14239));
#14239 = FILL_AREA_STYLE_COLOUR('',#13581);
#14240 = OVER_RIDING_STYLED_ITEM('overriding color',(#14241),#7700,
  #12937);
#14241 = PRESENTATION_STYLE_ASSIGNMENT((#14242));
#14242 = SURFACE_STYLE_USAGE(.BOTH.,#14243);
#14243 = SURFACE_SIDE_STYLE('',(#14244));
#14244 = SURFACE_STYLE_FILL_AREA(#14245);
#14245 = FILL_AREA_STYLE('',(#14246));
#14246 = FILL_AREA_STYLE_COLOUR('',#13581);
#14247 = OVER_RIDING_STYLED_ITEM('overriding color',(#14248),#7830,
  #12937);
#14248 = PRESENTATION_STYLE_ASSIGNMENT((#14249));
#14249 = SURFACE_STYLE_USAGE(.BOTH.,#14250);
#14250 = SURFACE_SIDE_STYLE('',(#14251));
#14251 = SURFACE_STYLE_FILL_AREA(#14252);
#14252 = FILL_AREA_STYLE('',(#14253));
#14253 = FILL_AREA_STYLE_COLOUR('',#13581);
#14254 = OVER_RIDING_STYLED_ITEM('overriding color',(#14255),#7852,
  #12937);
#14255 = PRESENTATION_STYLE_ASSIGNMENT((#14256));
#14256 = SURFACE_STYLE_USAGE(.BOTH.,#14257);
#14257 = SURFACE_SIDE_STYLE('',(#14258));
#14258 = SURFACE_STYLE_FILL_AREA(#14259);
#14259 = FILL_AREA_STYLE('',(#14260));
#14260 = FILL_AREA_STYLE_COLOUR('',#13581);
#14261 = OVER_RIDING_STYLED_ITEM('overriding color',(#14262),#7873,
  #12937);
#14262 = PRESENTATION_STYLE_ASSIGNMENT((#14263));
#14263 = SURFACE_STYLE_USAGE(.BOTH.,#14264);
#14264 = SURFACE_SIDE_STYLE('',(#14265));
#14265 = SURFACE_STYLE_FILL_AREA(#14266);
#14266 = FILL_AREA_STYLE('',(#14267));
#14267 = FILL_AREA_STYLE_COLOUR('',#13581);
#14268 = OVER_RIDING_STYLED_ITEM('overriding color',(#14269),#7894,
  #12937);
#14269 = PRESENTATION_STYLE_ASSIGNMENT((#14270));
#14270 = SURFACE_STYLE_USAGE(.BOTH.,#14271);
#14271 = SURFACE_SIDE_STYLE('',(#14272));
#14272 = SURFACE_STYLE_FILL_AREA(#14273);
#14273 = FILL_AREA_STYLE('',(#14274));
#14274 = FILL_AREA_STYLE_COLOUR('',#13581);
#14275 = OVER_RIDING_STYLED_ITEM('overriding color',(#14276),#7915,
  #12937);
#14276 = PRESENTATION_STYLE_ASSIGNMENT((#14277));
#14277 = SURFACE_STYLE_USAGE(.BOTH.,#14278);
#14278 = SURFACE_SIDE_STYLE('',(#14279));
#14279 = SURFACE_STYLE_FILL_AREA(#14280);
#14280 = FILL_AREA_STYLE('',(#14281));
#14281 = FILL_AREA_STYLE_COLOUR('',#13581);
#14282 = OVER_RIDING_STYLED_ITEM('overriding color',(#14283),#7936,
  #12937);
#14283 = PRESENTATION_STYLE_ASSIGNMENT((#14284));
#14284 = SURFACE_STYLE_USAGE(.BOTH.,#14285);
#14285 = SURFACE_SIDE_STYLE('',(#14286));
#14286 = SURFACE_STYLE_FILL_AREA(#14287);
#14287 = FILL_AREA_STYLE('',(#14288));
#14288 = FILL_AREA_STYLE_COLOUR('',#13581);
#14289 = OVER_RIDING_STYLED_ITEM('overriding color',(#14290),#7953,
  #12937);
#14290 = PRESENTATION_STYLE_ASSIGNMENT((#14291));
#14291 = SURFACE_STYLE_USAGE(.BOTH.,#14292);
#14292 = SURFACE_SIDE_STYLE('',(#14293));
#14293 = SURFACE_STYLE_FILL_AREA(#14294);
#14294 = FILL_AREA_STYLE('',(#14295));
#14295 = FILL_AREA_STYLE_COLOUR('',#13581);
#14296 = OVER_RIDING_STYLED_ITEM('overriding color',(#14297),#7965,
  #12937);
#14297 = PRESENTATION_STYLE_ASSIGNMENT((#14298));
#14298 = SURFACE_STYLE_USAGE(.BOTH.,#14299);
#14299 = SURFACE_SIDE_STYLE('',(#14300));
#14300 = SURFACE_STYLE_FILL_AREA(#14301);
#14301 = FILL_AREA_STYLE('',(#14302));
#14302 = FILL_AREA_STYLE_COLOUR('',#13581);
#14303 = OVER_RIDING_STYLED_ITEM('overriding color',(#14304),#7996,
  #12937);
#14304 = PRESENTATION_STYLE_ASSIGNMENT((#14305));
#14305 = SURFACE_STYLE_USAGE(.BOTH.,#14306);
#14306 = SURFACE_SIDE_STYLE('',(#14307));
#14307 = SURFACE_STYLE_FILL_AREA(#14308);
#14308 = FILL_AREA_STYLE('',(#14309));
#14309 = FILL_AREA_STYLE_COLOUR('',#13581);
#14310 = OVER_RIDING_STYLED_ITEM('overriding color',(#14311),#8020,
  #12937);
#14311 = PRESENTATION_STYLE_ASSIGNMENT((#14312));
#14312 = SURFACE_STYLE_USAGE(.BOTH.,#14313);
#14313 = SURFACE_SIDE_STYLE('',(#14314));
#14314 = SURFACE_STYLE_FILL_AREA(#14315);
#14315 = FILL_AREA_STYLE('',(#14316));
#14316 = FILL_AREA_STYLE_COLOUR('',#13581);
#14317 = OVER_RIDING_STYLED_ITEM('overriding color',(#14318),#8044,
  #12937);
#14318 = PRESENTATION_STYLE_ASSIGNMENT((#14319));
#14319 = SURFACE_STYLE_USAGE(.BOTH.,#14320);
#14320 = SURFACE_SIDE_STYLE('',(#14321));
#14321 = SURFACE_STYLE_FILL_AREA(#14322);
#14322 = FILL_AREA_STYLE('',(#14323));
#14323 = FILL_AREA_STYLE_COLOUR('',#13581);
#14324 = OVER_RIDING_STYLED_ITEM('overriding color',(#14325),#8073,
  #12937);
#14325 = PRESENTATION_STYLE_ASSIGNMENT((#14326));
#14326 = SURFACE_STYLE_USAGE(.BOTH.,#14327);
#14327 = SURFACE_SIDE_STYLE('',(#14328));
#14328 = SURFACE_STYLE_FILL_AREA(#14329);
#14329 = FILL_AREA_STYLE('',(#14330));
#14330 = FILL_AREA_STYLE_COLOUR('',#13581);
#14331 = OVER_RIDING_STYLED_ITEM('overriding color',(#14332),#8102,
  #12937);
#14332 = PRESENTATION_STYLE_ASSIGNMENT((#14333));
#14333 = SURFACE_STYLE_USAGE(.BOTH.,#14334);
#14334 = SURFACE_SIDE_STYLE('',(#14335));
#14335 = SURFACE_STYLE_FILL_AREA(#14336);
#14336 = FILL_AREA_STYLE('',(#14337));
#14337 = FILL_AREA_STYLE_COLOUR('',#13581);
#14338 = OVER_RIDING_STYLED_ITEM('overriding color',(#14339),#8131,
  #12937);
#14339 = PRESENTATION_STYLE_ASSIGNMENT((#14340));
#14340 = SURFACE_STYLE_USAGE(.BOTH.,#14341);
#14341 = SURFACE_SIDE_STYLE('',(#14342));
#14342 = SURFACE_STYLE_FILL_AREA(#14343);
#14343 = FILL_AREA_STYLE('',(#14344));
#14344 = FILL_AREA_STYLE_COLOUR('',#13581);
#14345 = OVER_RIDING_STYLED_ITEM('overriding color',(#14346),#8153,
  #12937);
#14346 = PRESENTATION_STYLE_ASSIGNMENT((#14347));
#14347 = SURFACE_STYLE_USAGE(.BOTH.,#14348);
#14348 = SURFACE_SIDE_STYLE('',(#14349));
#14349 = SURFACE_STYLE_FILL_AREA(#14350);
#14350 = FILL_AREA_STYLE('',(#14351));
#14351 = FILL_AREA_STYLE_COLOUR('',#12955);
#14352 = OVER_RIDING_STYLED_ITEM('overriding color',(#14353),#8168,
  #12937);
#14353 = PRESENTATION_STYLE_ASSIGNMENT((#14354));
#14354 = SURFACE_STYLE_USAGE(.BOTH.,#14355);
#14355 = SURFACE_SIDE_STYLE('',(#14356));
#14356 = SURFACE_STYLE_FILL_AREA(#14357);
#14357 = FILL_AREA_STYLE('',(#14358));
#14358 = FILL_AREA_STYLE_COLOUR('',#13581);
#14359 = OVER_RIDING_STYLED_ITEM('overriding color',(#14360),#8292,
  #12937);
#14360 = PRESENTATION_STYLE_ASSIGNMENT((#14361));
#14361 = SURFACE_STYLE_USAGE(.BOTH.,#14362);
#14362 = SURFACE_SIDE_STYLE('',(#14363));
#14363 = SURFACE_STYLE_FILL_AREA(#14364);
#14364 = FILL_AREA_STYLE('',(#14365));
#14365 = FILL_AREA_STYLE_COLOUR('',#13581);
#14366 = OVER_RIDING_STYLED_ITEM('overriding color',(#14367),#8314,
  #12937);
#14367 = PRESENTATION_STYLE_ASSIGNMENT((#14368));
#14368 = SURFACE_STYLE_USAGE(.BOTH.,#14369);
#14369 = SURFACE_SIDE_STYLE('',(#14370));
#14370 = SURFACE_STYLE_FILL_AREA(#14371);
#14371 = FILL_AREA_STYLE('',(#14372));
#14372 = FILL_AREA_STYLE_COLOUR('',#13581);
#14373 = OVER_RIDING_STYLED_ITEM('overriding color',(#14374),#8331,
  #12937);
#14374 = PRESENTATION_STYLE_ASSIGNMENT((#14375));
#14375 = SURFACE_STYLE_USAGE(.BOTH.,#14376);
#14376 = SURFACE_SIDE_STYLE('',(#14377));
#14377 = SURFACE_STYLE_FILL_AREA(#14378);
#14378 = FILL_AREA_STYLE('',(#14379));
#14379 = FILL_AREA_STYLE_COLOUR('',#13581);
#14380 = OVER_RIDING_STYLED_ITEM('overriding color',(#14381),#8348,
  #12937);
#14381 = PRESENTATION_STYLE_ASSIGNMENT((#14382));
#14382 = SURFACE_STYLE_USAGE(.BOTH.,#14383);
#14383 = SURFACE_SIDE_STYLE('',(#14384));
#14384 = SURFACE_STYLE_FILL_AREA(#14385);
#14385 = FILL_AREA_STYLE('',(#14386));
#14386 = FILL_AREA_STYLE_COLOUR('',#13581);
#14387 = OVER_RIDING_STYLED_ITEM('overriding color',(#14388),#8365,
  #12937);
#14388 = PRESENTATION_STYLE_ASSIGNMENT((#14389));
#14389 = SURFACE_STYLE_USAGE(.BOTH.,#14390);
#14390 = SURFACE_SIDE_STYLE('',(#14391));
#14391 = SURFACE_STYLE_FILL_AREA(#14392);
#14392 = FILL_AREA_STYLE('',(#14393));
#14393 = FILL_AREA_STYLE_COLOUR('',#13581);
#14394 = OVER_RIDING_STYLED_ITEM('overriding color',(#14395),#8382,
  #12937);
#14395 = PRESENTATION_STYLE_ASSIGNMENT((#14396));
#14396 = SURFACE_STYLE_USAGE(.BOTH.,#14397);
#14397 = SURFACE_SIDE_STYLE('',(#14398));
#14398 = SURFACE_STYLE_FILL_AREA(#14399);
#14399 = FILL_AREA_STYLE('',(#14400));
#14400 = FILL_AREA_STYLE_COLOUR('',#13581);
#14401 = OVER_RIDING_STYLED_ITEM('overriding color',(#14402),#8399,
  #12937);
#14402 = PRESENTATION_STYLE_ASSIGNMENT((#14403));
#14403 = SURFACE_STYLE_USAGE(.BOTH.,#14404);
#14404 = SURFACE_SIDE_STYLE('',(#14405));
#14405 = SURFACE_STYLE_FILL_AREA(#14406);
#14406 = FILL_AREA_STYLE('',(#14407));
#14407 = FILL_AREA_STYLE_COLOUR('',#13581);
#14408 = OVER_RIDING_STYLED_ITEM('overriding color',(#14409),#8416,
  #12937);
#14409 = PRESENTATION_STYLE_ASSIGNMENT((#14410));
#14410 = SURFACE_STYLE_USAGE(.BOTH.,#14411);
#14411 = SURFACE_SIDE_STYLE('',(#14412));
#14412 = SURFACE_STYLE_FILL_AREA(#14413);
#14413 = FILL_AREA_STYLE('',(#14414));
#14414 = FILL_AREA_STYLE_COLOUR('',#13581);
#14415 = OVER_RIDING_STYLED_ITEM('overriding color',(#14416),#8428,
  #12937);
#14416 = PRESENTATION_STYLE_ASSIGNMENT((#14417));
#14417 = SURFACE_STYLE_USAGE(.BOTH.,#14418);
#14418 = SURFACE_SIDE_STYLE('',(#14419));
#14419 = SURFACE_STYLE_FILL_AREA(#14420);
#14420 = FILL_AREA_STYLE('',(#14421));
#14421 = FILL_AREA_STYLE_COLOUR('',#13581);
#14422 = OVER_RIDING_STYLED_ITEM('overriding color',(#14423),#8459,
  #12937);
#14423 = PRESENTATION_STYLE_ASSIGNMENT((#14424));
#14424 = SURFACE_STYLE_USAGE(.BOTH.,#14425);
#14425 = SURFACE_SIDE_STYLE('',(#14426));
#14426 = SURFACE_STYLE_FILL_AREA(#14427);
#14427 = FILL_AREA_STYLE('',(#14428));
#14428 = FILL_AREA_STYLE_COLOUR('',#13581);
#14429 = OVER_RIDING_STYLED_ITEM('overriding color',(#14430),#8483,
  #12937);
#14430 = PRESENTATION_STYLE_ASSIGNMENT((#14431));
#14431 = SURFACE_STYLE_USAGE(.BOTH.,#14432);
#14432 = SURFACE_SIDE_STYLE('',(#14433));
#14433 = SURFACE_STYLE_FILL_AREA(#14434);
#14434 = FILL_AREA_STYLE('',(#14435));
#14435 = FILL_AREA_STYLE_COLOUR('',#13581);
#14436 = OVER_RIDING_STYLED_ITEM('overriding color',(#14437),#8512,
  #12937);
#14437 = PRESENTATION_STYLE_ASSIGNMENT((#14438));
#14438 = SURFACE_STYLE_USAGE(.BOTH.,#14439);
#14439 = SURFACE_SIDE_STYLE('',(#14440));
#14440 = SURFACE_STYLE_FILL_AREA(#14441);
#14441 = FILL_AREA_STYLE('',(#14442));
#14442 = FILL_AREA_STYLE_COLOUR('',#13581);
#14443 = OVER_RIDING_STYLED_ITEM('overriding color',(#14444),#8536,
  #12937);
#14444 = PRESENTATION_STYLE_ASSIGNMENT((#14445));
#14445 = SURFACE_STYLE_USAGE(.BOTH.,#14446);
#14446 = SURFACE_SIDE_STYLE('',(#14447));
#14447 = SURFACE_STYLE_FILL_AREA(#14448);
#14448 = FILL_AREA_STYLE('',(#14449));
#14449 = FILL_AREA_STYLE_COLOUR('',#13581);
#14450 = OVER_RIDING_STYLED_ITEM('overriding color',(#14451),#8565,
  #12937);
#14451 = PRESENTATION_STYLE_ASSIGNMENT((#14452));
#14452 = SURFACE_STYLE_USAGE(.BOTH.,#14453);
#14453 = SURFACE_SIDE_STYLE('',(#14454));
#14454 = SURFACE_STYLE_FILL_AREA(#14455);
#14455 = FILL_AREA_STYLE('',(#14456));
#14456 = FILL_AREA_STYLE_COLOUR('',#13581);
#14457 = OVER_RIDING_STYLED_ITEM('overriding color',(#14458),#8582,
  #12937);
#14458 = PRESENTATION_STYLE_ASSIGNMENT((#14459));
#14459 = SURFACE_STYLE_USAGE(.BOTH.,#14460);
#14460 = SURFACE_SIDE_STYLE('',(#14461));
#14461 = SURFACE_STYLE_FILL_AREA(#14462);
#14462 = FILL_AREA_STYLE('',(#14463));
#14463 = FILL_AREA_STYLE_COLOUR('',#12955);
#14464 = OVER_RIDING_STYLED_ITEM('overriding color',(#14465),#8596,
  #12937);
#14465 = PRESENTATION_STYLE_ASSIGNMENT((#14466));
#14466 = SURFACE_STYLE_USAGE(.BOTH.,#14467);
#14467 = SURFACE_SIDE_STYLE('',(#14468));
#14468 = SURFACE_STYLE_FILL_AREA(#14469);
#14469 = FILL_AREA_STYLE('',(#14470));
#14470 = FILL_AREA_STYLE_COLOUR('',#13581);
#14471 = OVER_RIDING_STYLED_ITEM('overriding color',(#14472),#8627,
  #12937);
#14472 = PRESENTATION_STYLE_ASSIGNMENT((#14473));
#14473 = SURFACE_STYLE_USAGE(.BOTH.,#14474);
#14474 = SURFACE_SIDE_STYLE('',(#14475));
#14475 = SURFACE_STYLE_FILL_AREA(#14476);
#14476 = FILL_AREA_STYLE('',(#14477));
#14477 = FILL_AREA_STYLE_COLOUR('',#13581);
#14478 = OVER_RIDING_STYLED_ITEM('overriding color',(#14479),#8651,
  #12937);
#14479 = PRESENTATION_STYLE_ASSIGNMENT((#14480));
#14480 = SURFACE_STYLE_USAGE(.BOTH.,#14481);
#14481 = SURFACE_SIDE_STYLE('',(#14482));
#14482 = SURFACE_STYLE_FILL_AREA(#14483);
#14483 = FILL_AREA_STYLE('',(#14484));
#14484 = FILL_AREA_STYLE_COLOUR('',#13581);
#14485 = OVER_RIDING_STYLED_ITEM('overriding color',(#14486),#8675,
  #12937);
#14486 = PRESENTATION_STYLE_ASSIGNMENT((#14487));
#14487 = SURFACE_STYLE_USAGE(.BOTH.,#14488);
#14488 = SURFACE_SIDE_STYLE('',(#14489));
#14489 = SURFACE_STYLE_FILL_AREA(#14490);
#14490 = FILL_AREA_STYLE('',(#14491));
#14491 = FILL_AREA_STYLE_COLOUR('',#13581);
#14492 = OVER_RIDING_STYLED_ITEM('overriding color',(#14493),#8699,
  #12937);
#14493 = PRESENTATION_STYLE_ASSIGNMENT((#14494));
#14494 = SURFACE_STYLE_USAGE(.BOTH.,#14495);
#14495 = SURFACE_SIDE_STYLE('',(#14496));
#14496 = SURFACE_STYLE_FILL_AREA(#14497);
#14497 = FILL_AREA_STYLE('',(#14498));
#14498 = FILL_AREA_STYLE_COLOUR('',#13581);
#14499 = OVER_RIDING_STYLED_ITEM('overriding color',(#14500),#8723,
  #12937);
#14500 = PRESENTATION_STYLE_ASSIGNMENT((#14501));
#14501 = SURFACE_STYLE_USAGE(.BOTH.,#14502);
#14502 = SURFACE_SIDE_STYLE('',(#14503));
#14503 = SURFACE_STYLE_FILL_AREA(#14504);
#14504 = FILL_AREA_STYLE('',(#14505));
#14505 = FILL_AREA_STYLE_COLOUR('',#13581);
#14506 = OVER_RIDING_STYLED_ITEM('overriding color',(#14507),#8747,
  #12937);
#14507 = PRESENTATION_STYLE_ASSIGNMENT((#14508));
#14508 = SURFACE_STYLE_USAGE(.BOTH.,#14509);
#14509 = SURFACE_SIDE_STYLE('',(#14510));
#14510 = SURFACE_STYLE_FILL_AREA(#14511);
#14511 = FILL_AREA_STYLE('',(#14512));
#14512 = FILL_AREA_STYLE_COLOUR('',#13581);
#14513 = OVER_RIDING_STYLED_ITEM('overriding color',(#14514),#8771,
  #12937);
#14514 = PRESENTATION_STYLE_ASSIGNMENT((#14515));
#14515 = SURFACE_STYLE_USAGE(.BOTH.,#14516);
#14516 = SURFACE_SIDE_STYLE('',(#14517));
#14517 = SURFACE_STYLE_FILL_AREA(#14518);
#14518 = FILL_AREA_STYLE('',(#14519));
#14519 = FILL_AREA_STYLE_COLOUR('',#13581);
#14520 = OVER_RIDING_STYLED_ITEM('overriding color',(#14521),#8795,
  #12937);
#14521 = PRESENTATION_STYLE_ASSIGNMENT((#14522));
#14522 = SURFACE_STYLE_USAGE(.BOTH.,#14523);
#14523 = SURFACE_SIDE_STYLE('',(#14524));
#14524 = SURFACE_STYLE_FILL_AREA(#14525);
#14525 = FILL_AREA_STYLE('',(#14526));
#14526 = FILL_AREA_STYLE_COLOUR('',#13581);
#14527 = OVER_RIDING_STYLED_ITEM('overriding color',(#14528),#8819,
  #12937);
#14528 = PRESENTATION_STYLE_ASSIGNMENT((#14529));
#14529 = SURFACE_STYLE_USAGE(.BOTH.,#14530);
#14530 = SURFACE_SIDE_STYLE('',(#14531));
#14531 = SURFACE_STYLE_FILL_AREA(#14532);
#14532 = FILL_AREA_STYLE('',(#14533));
#14533 = FILL_AREA_STYLE_COLOUR('',#13581);
#14534 = OVER_RIDING_STYLED_ITEM('overriding color',(#14535),#8843,
  #12937);
#14535 = PRESENTATION_STYLE_ASSIGNMENT((#14536));
#14536 = SURFACE_STYLE_USAGE(.BOTH.,#14537);
#14537 = SURFACE_SIDE_STYLE('',(#14538));
#14538 = SURFACE_STYLE_FILL_AREA(#14539);
#14539 = FILL_AREA_STYLE('',(#14540));
#14540 = FILL_AREA_STYLE_COLOUR('',#13581);
#14541 = OVER_RIDING_STYLED_ITEM('overriding color',(#14542),#8867,
  #12937);
#14542 = PRESENTATION_STYLE_ASSIGNMENT((#14543));
#14543 = SURFACE_STYLE_USAGE(.BOTH.,#14544);
#14544 = SURFACE_SIDE_STYLE('',(#14545));
#14545 = SURFACE_STYLE_FILL_AREA(#14546);
#14546 = FILL_AREA_STYLE('',(#14547));
#14547 = FILL_AREA_STYLE_COLOUR('',#13581);
#14548 = OVER_RIDING_STYLED_ITEM('overriding color',(#14549),#8884,
  #12937);
#14549 = PRESENTATION_STYLE_ASSIGNMENT((#14550));
#14550 = SURFACE_STYLE_USAGE(.BOTH.,#14551);
#14551 = SURFACE_SIDE_STYLE('',(#14552));
#14552 = SURFACE_STYLE_FILL_AREA(#14553);
#14553 = FILL_AREA_STYLE('',(#14554));
#14554 = FILL_AREA_STYLE_COLOUR('',#13581);
#14555 = OVER_RIDING_STYLED_ITEM('overriding color',(#14556),#8904,
  #12937);
#14556 = PRESENTATION_STYLE_ASSIGNMENT((#14557));
#14557 = SURFACE_STYLE_USAGE(.BOTH.,#14558);
#14558 = SURFACE_SIDE_STYLE('',(#14559));
#14559 = SURFACE_STYLE_FILL_AREA(#14560);
#14560 = FILL_AREA_STYLE('',(#14561));
#14561 = FILL_AREA_STYLE_COLOUR('',#13581);
#14562 = OVER_RIDING_STYLED_ITEM('overriding color',(#14563),#9104,
  #12937);
#14563 = PRESENTATION_STYLE_ASSIGNMENT((#14564));
#14564 = SURFACE_STYLE_USAGE(.BOTH.,#14565);
#14565 = SURFACE_SIDE_STYLE('',(#14566));
#14566 = SURFACE_STYLE_FILL_AREA(#14567);
#14567 = FILL_AREA_STYLE('',(#14568));
#14568 = FILL_AREA_STYLE_COLOUR('',#13581);
#14569 = OVER_RIDING_STYLED_ITEM('overriding color',(#14570),#9130,
  #12937);
#14570 = PRESENTATION_STYLE_ASSIGNMENT((#14571));
#14571 = SURFACE_STYLE_USAGE(.BOTH.,#14572);
#14572 = SURFACE_SIDE_STYLE('',(#14573));
#14573 = SURFACE_STYLE_FILL_AREA(#14574);
#14574 = FILL_AREA_STYLE('',(#14575));
#14575 = FILL_AREA_STYLE_COLOUR('',#13581);
#14576 = OVER_RIDING_STYLED_ITEM('overriding color',(#14577),#9147,
  #12937);
#14577 = PRESENTATION_STYLE_ASSIGNMENT((#14578));
#14578 = SURFACE_STYLE_USAGE(.BOTH.,#14579);
#14579 = SURFACE_SIDE_STYLE('',(#14580));
#14580 = SURFACE_STYLE_FILL_AREA(#14581);
#14581 = FILL_AREA_STYLE('',(#14582));
#14582 = FILL_AREA_STYLE_COLOUR('',#13581);
#14583 = OVER_RIDING_STYLED_ITEM('overriding color',(#14584),#9168,
  #12937);
#14584 = PRESENTATION_STYLE_ASSIGNMENT((#14585));
#14585 = SURFACE_STYLE_USAGE(.BOTH.,#14586);
#14586 = SURFACE_SIDE_STYLE('',(#14587));
#14587 = SURFACE_STYLE_FILL_AREA(#14588);
#14588 = FILL_AREA_STYLE('',(#14589));
#14589 = FILL_AREA_STYLE_COLOUR('',#13581);
#14590 = OVER_RIDING_STYLED_ITEM('overriding color',(#14591),#9189,
  #12937);
#14591 = PRESENTATION_STYLE_ASSIGNMENT((#14592));
#14592 = SURFACE_STYLE_USAGE(.BOTH.,#14593);
#14593 = SURFACE_SIDE_STYLE('',(#14594));
#14594 = SURFACE_STYLE_FILL_AREA(#14595);
#14595 = FILL_AREA_STYLE('',(#14596));
#14596 = FILL_AREA_STYLE_COLOUR('',#13581);
#14597 = OVER_RIDING_STYLED_ITEM('overriding color',(#14598),#9206,
  #12937);
#14598 = PRESENTATION_STYLE_ASSIGNMENT((#14599));
#14599 = SURFACE_STYLE_USAGE(.BOTH.,#14600);
#14600 = SURFACE_SIDE_STYLE('',(#14601));
#14601 = SURFACE_STYLE_FILL_AREA(#14602);
#14602 = FILL_AREA_STYLE('',(#14603));
#14603 = FILL_AREA_STYLE_COLOUR('',#13581);
#14604 = OVER_RIDING_STYLED_ITEM('overriding color',(#14605),#9227,
  #12937);
#14605 = PRESENTATION_STYLE_ASSIGNMENT((#14606));
#14606 = SURFACE_STYLE_USAGE(.BOTH.,#14607);
#14607 = SURFACE_SIDE_STYLE('',(#14608));
#14608 = SURFACE_STYLE_FILL_AREA(#14609);
#14609 = FILL_AREA_STYLE('',(#14610));
#14610 = FILL_AREA_STYLE_COLOUR('',#13581);
#14611 = OVER_RIDING_STYLED_ITEM('overriding color',(#14612),#9248,
  #12937);
#14612 = PRESENTATION_STYLE_ASSIGNMENT((#14613));
#14613 = SURFACE_STYLE_USAGE(.BOTH.,#14614);
#14614 = SURFACE_SIDE_STYLE('',(#14615));
#14615 = SURFACE_STYLE_FILL_AREA(#14616);
#14616 = FILL_AREA_STYLE('',(#14617));
#14617 = FILL_AREA_STYLE_COLOUR('',#13581);
#14618 = OVER_RIDING_STYLED_ITEM('overriding color',(#14619),#9269,
  #12937);
#14619 = PRESENTATION_STYLE_ASSIGNMENT((#14620));
#14620 = SURFACE_STYLE_USAGE(.BOTH.,#14621);
#14621 = SURFACE_SIDE_STYLE('',(#14622));
#14622 = SURFACE_STYLE_FILL_AREA(#14623);
#14623 = FILL_AREA_STYLE('',(#14624));
#14624 = FILL_AREA_STYLE_COLOUR('',#13581);
#14625 = OVER_RIDING_STYLED_ITEM('overriding color',(#14626),#9290,
  #12937);
#14626 = PRESENTATION_STYLE_ASSIGNMENT((#14627));
#14627 = SURFACE_STYLE_USAGE(.BOTH.,#14628);
#14628 = SURFACE_SIDE_STYLE('',(#14629));
#14629 = SURFACE_STYLE_FILL_AREA(#14630);
#14630 = FILL_AREA_STYLE('',(#14631));
#14631 = FILL_AREA_STYLE_COLOUR('',#13581);
#14632 = OVER_RIDING_STYLED_ITEM('overriding color',(#14633),#9307,
  #12937);
#14633 = PRESENTATION_STYLE_ASSIGNMENT((#14634));
#14634 = SURFACE_STYLE_USAGE(.BOTH.,#14635);
#14635 = SURFACE_SIDE_STYLE('',(#14636));
#14636 = SURFACE_STYLE_FILL_AREA(#14637);
#14637 = FILL_AREA_STYLE('',(#14638));
#14638 = FILL_AREA_STYLE_COLOUR('',#13581);
#14639 = OVER_RIDING_STYLED_ITEM('overriding color',(#14640),#9324,
  #12937);
#14640 = PRESENTATION_STYLE_ASSIGNMENT((#14641));
#14641 = SURFACE_STYLE_USAGE(.BOTH.,#14642);
#14642 = SURFACE_SIDE_STYLE('',(#14643));
#14643 = SURFACE_STYLE_FILL_AREA(#14644);
#14644 = FILL_AREA_STYLE('',(#14645));
#14645 = FILL_AREA_STYLE_COLOUR('',#13581);
#14646 = OVER_RIDING_STYLED_ITEM('overriding color',(#14647),#9341,
  #12937);
#14647 = PRESENTATION_STYLE_ASSIGNMENT((#14648));
#14648 = SURFACE_STYLE_USAGE(.BOTH.,#14649);
#14649 = SURFACE_SIDE_STYLE('',(#14650));
#14650 = SURFACE_STYLE_FILL_AREA(#14651);
#14651 = FILL_AREA_STYLE('',(#14652));
#14652 = FILL_AREA_STYLE_COLOUR('',#13581);
#14653 = OVER_RIDING_STYLED_ITEM('overriding color',(#14654),#9358,
  #12937);
#14654 = PRESENTATION_STYLE_ASSIGNMENT((#14655));
#14655 = SURFACE_STYLE_USAGE(.BOTH.,#14656);
#14656 = SURFACE_SIDE_STYLE('',(#14657));
#14657 = SURFACE_STYLE_FILL_AREA(#14658);
#14658 = FILL_AREA_STYLE('',(#14659));
#14659 = FILL_AREA_STYLE_COLOUR('',#13581);
#14660 = OVER_RIDING_STYLED_ITEM('overriding color',(#14661),#9374,
  #12937);
#14661 = PRESENTATION_STYLE_ASSIGNMENT((#14662));
#14662 = SURFACE_STYLE_USAGE(.BOTH.,#14663);
#14663 = SURFACE_SIDE_STYLE('',(#14664));
#14664 = SURFACE_STYLE_FILL_AREA(#14665);
#14665 = FILL_AREA_STYLE('',(#14666));
#14666 = FILL_AREA_STYLE_COLOUR('',#13581);
#14667 = OVER_RIDING_STYLED_ITEM('overriding color',(#14668),#9410,
  #12937);
#14668 = PRESENTATION_STYLE_ASSIGNMENT((#14669));
#14669 = SURFACE_STYLE_USAGE(.BOTH.,#14670);
#14670 = SURFACE_SIDE_STYLE('',(#14671));
#14671 = SURFACE_STYLE_FILL_AREA(#14672);
#14672 = FILL_AREA_STYLE('',(#14673));
#14673 = FILL_AREA_STYLE_COLOUR('',#13581);
#14674 = OVER_RIDING_STYLED_ITEM('overriding color',(#14675),#9439,
  #12937);
#14675 = PRESENTATION_STYLE_ASSIGNMENT((#14676));
#14676 = SURFACE_STYLE_USAGE(.BOTH.,#14677);
#14677 = SURFACE_SIDE_STYLE('',(#14678));
#14678 = SURFACE_STYLE_FILL_AREA(#14679);
#14679 = FILL_AREA_STYLE('',(#14680));
#14680 = FILL_AREA_STYLE_COLOUR('',#13581);
#14681 = OVER_RIDING_STYLED_ITEM('overriding color',(#14682),#9468,
  #12937);
#14682 = PRESENTATION_STYLE_ASSIGNMENT((#14683));
#14683 = SURFACE_STYLE_USAGE(.BOTH.,#14684);
#14684 = SURFACE_SIDE_STYLE('',(#14685));
#14685 = SURFACE_STYLE_FILL_AREA(#14686);
#14686 = FILL_AREA_STYLE('',(#14687));
#14687 = FILL_AREA_STYLE_COLOUR('',#13581);
#14688 = OVER_RIDING_STYLED_ITEM('overriding color',(#14689),#9497,
  #12937);
#14689 = PRESENTATION_STYLE_ASSIGNMENT((#14690));
#14690 = SURFACE_STYLE_USAGE(.BOTH.,#14691);
#14691 = SURFACE_SIDE_STYLE('',(#14692));
#14692 = SURFACE_STYLE_FILL_AREA(#14693);
#14693 = FILL_AREA_STYLE('',(#14694));
#14694 = FILL_AREA_STYLE_COLOUR('',#13581);
#14695 = OVER_RIDING_STYLED_ITEM('overriding color',(#14696),#9526,
  #12937);
#14696 = PRESENTATION_STYLE_ASSIGNMENT((#14697));
#14697 = SURFACE_STYLE_USAGE(.BOTH.,#14698);
#14698 = SURFACE_SIDE_STYLE('',(#14699));
#14699 = SURFACE_STYLE_FILL_AREA(#14700);
#14700 = FILL_AREA_STYLE('',(#14701));
#14701 = FILL_AREA_STYLE_COLOUR('',#13581);
#14702 = OVER_RIDING_STYLED_ITEM('overriding color',(#14703),#9555,
  #12937);
#14703 = PRESENTATION_STYLE_ASSIGNMENT((#14704));
#14704 = SURFACE_STYLE_USAGE(.BOTH.,#14705);
#14705 = SURFACE_SIDE_STYLE('',(#14706));
#14706 = SURFACE_STYLE_FILL_AREA(#14707);
#14707 = FILL_AREA_STYLE('',(#14708));
#14708 = FILL_AREA_STYLE_COLOUR('',#13581);
#14709 = OVER_RIDING_STYLED_ITEM('overriding color',(#14710),#9579,
  #12937);
#14710 = PRESENTATION_STYLE_ASSIGNMENT((#14711));
#14711 = SURFACE_STYLE_USAGE(.BOTH.,#14712);
#14712 = SURFACE_SIDE_STYLE('',(#14713));
#14713 = SURFACE_STYLE_FILL_AREA(#14714);
#14714 = FILL_AREA_STYLE('',(#14715));
#14715 = FILL_AREA_STYLE_COLOUR('',#13581);
#14716 = OVER_RIDING_STYLED_ITEM('overriding color',(#14717),#9596,
  #12937);
#14717 = PRESENTATION_STYLE_ASSIGNMENT((#14718));
#14718 = SURFACE_STYLE_USAGE(.BOTH.,#14719);
#14719 = SURFACE_SIDE_STYLE('',(#14720));
#14720 = SURFACE_STYLE_FILL_AREA(#14721);
#14721 = FILL_AREA_STYLE('',(#14722));
#14722 = FILL_AREA_STYLE_COLOUR('',#12955);
#14723 = OVER_RIDING_STYLED_ITEM('overriding color',(#14724),#9612,
  #12937);
#14724 = PRESENTATION_STYLE_ASSIGNMENT((#14725));
#14725 = SURFACE_STYLE_USAGE(.BOTH.,#14726);
#14726 = SURFACE_SIDE_STYLE('',(#14727));
#14727 = SURFACE_STYLE_FILL_AREA(#14728);
#14728 = FILL_AREA_STYLE('',(#14729));
#14729 = FILL_AREA_STYLE_COLOUR('',#13581);
#14730 = OVER_RIDING_STYLED_ITEM('overriding color',(#14731),#9648,
  #12937);
#14731 = PRESENTATION_STYLE_ASSIGNMENT((#14732));
#14732 = SURFACE_STYLE_USAGE(.BOTH.,#14733);
#14733 = SURFACE_SIDE_STYLE('',(#14734));
#14734 = SURFACE_STYLE_FILL_AREA(#14735);
#14735 = FILL_AREA_STYLE('',(#14736));
#14736 = FILL_AREA_STYLE_COLOUR('',#13581);
#14737 = OVER_RIDING_STYLED_ITEM('overriding color',(#14738),#9672,
  #12937);
#14738 = PRESENTATION_STYLE_ASSIGNMENT((#14739));
#14739 = SURFACE_STYLE_USAGE(.BOTH.,#14740);
#14740 = SURFACE_SIDE_STYLE('',(#14741));
#14741 = SURFACE_STYLE_FILL_AREA(#14742);
#14742 = FILL_AREA_STYLE('',(#14743));
#14743 = FILL_AREA_STYLE_COLOUR('',#13581);
#14744 = OVER_RIDING_STYLED_ITEM('overriding color',(#14745),#9701,
  #12937);
#14745 = PRESENTATION_STYLE_ASSIGNMENT((#14746));
#14746 = SURFACE_STYLE_USAGE(.BOTH.,#14747);
#14747 = SURFACE_SIDE_STYLE('',(#14748));
#14748 = SURFACE_STYLE_FILL_AREA(#14749);
#14749 = FILL_AREA_STYLE('',(#14750));
#14750 = FILL_AREA_STYLE_COLOUR('',#13581);
#14751 = OVER_RIDING_STYLED_ITEM('overriding color',(#14752),#9730,
  #12937);
#14752 = PRESENTATION_STYLE_ASSIGNMENT((#14753));
#14753 = SURFACE_STYLE_USAGE(.BOTH.,#14754);
#14754 = SURFACE_SIDE_STYLE('',(#14755));
#14755 = SURFACE_STYLE_FILL_AREA(#14756);
#14756 = FILL_AREA_STYLE('',(#14757));
#14757 = FILL_AREA_STYLE_COLOUR('',#13581);
#14758 = OVER_RIDING_STYLED_ITEM('overriding color',(#14759),#9759,
  #12937);
#14759 = PRESENTATION_STYLE_ASSIGNMENT((#14760));
#14760 = SURFACE_STYLE_USAGE(.BOTH.,#14761);
#14761 = SURFACE_SIDE_STYLE('',(#14762));
#14762 = SURFACE_STYLE_FILL_AREA(#14763);
#14763 = FILL_AREA_STYLE('',(#14764));
#14764 = FILL_AREA_STYLE_COLOUR('',#13581);
#14765 = OVER_RIDING_STYLED_ITEM('overriding color',(#14766),#9788,
  #12937);
#14766 = PRESENTATION_STYLE_ASSIGNMENT((#14767));
#14767 = SURFACE_STYLE_USAGE(.BOTH.,#14768);
#14768 = SURFACE_SIDE_STYLE('',(#14769));
#14769 = SURFACE_STYLE_FILL_AREA(#14770);
#14770 = FILL_AREA_STYLE('',(#14771));
#14771 = FILL_AREA_STYLE_COLOUR('',#13581);
#14772 = OVER_RIDING_STYLED_ITEM('overriding color',(#14773),#9817,
  #12937);
#14773 = PRESENTATION_STYLE_ASSIGNMENT((#14774));
#14774 = SURFACE_STYLE_USAGE(.BOTH.,#14775);
#14775 = SURFACE_SIDE_STYLE('',(#14776));
#14776 = SURFACE_STYLE_FILL_AREA(#14777);
#14777 = FILL_AREA_STYLE('',(#14778));
#14778 = FILL_AREA_STYLE_COLOUR('',#13581);
#14779 = OVER_RIDING_STYLED_ITEM('overriding color',(#14780),#9846,
  #12937);
#14780 = PRESENTATION_STYLE_ASSIGNMENT((#14781));
#14781 = SURFACE_STYLE_USAGE(.BOTH.,#14782);
#14782 = SURFACE_SIDE_STYLE('',(#14783));
#14783 = SURFACE_STYLE_FILL_AREA(#14784);
#14784 = FILL_AREA_STYLE('',(#14785));
#14785 = FILL_AREA_STYLE_COLOUR('',#13581);
#14786 = OVER_RIDING_STYLED_ITEM('overriding color',(#14787),#9875,
  #12937);
#14787 = PRESENTATION_STYLE_ASSIGNMENT((#14788));
#14788 = SURFACE_STYLE_USAGE(.BOTH.,#14789);
#14789 = SURFACE_SIDE_STYLE('',(#14790));
#14790 = SURFACE_STYLE_FILL_AREA(#14791);
#14791 = FILL_AREA_STYLE('',(#14792));
#14792 = FILL_AREA_STYLE_COLOUR('',#13581);
#14793 = OVER_RIDING_STYLED_ITEM('overriding color',(#14794),#9904,
  #12937);
#14794 = PRESENTATION_STYLE_ASSIGNMENT((#14795));
#14795 = SURFACE_STYLE_USAGE(.BOTH.,#14796);
#14796 = SURFACE_SIDE_STYLE('',(#14797));
#14797 = SURFACE_STYLE_FILL_AREA(#14798);
#14798 = FILL_AREA_STYLE('',(#14799));
#14799 = FILL_AREA_STYLE_COLOUR('',#13581);
#14800 = OVER_RIDING_STYLED_ITEM('overriding color',(#14801),#9933,
  #12937);
#14801 = PRESENTATION_STYLE_ASSIGNMENT((#14802));
#14802 = SURFACE_STYLE_USAGE(.BOTH.,#14803);
#14803 = SURFACE_SIDE_STYLE('',(#14804));
#14804 = SURFACE_STYLE_FILL_AREA(#14805);
#14805 = FILL_AREA_STYLE('',(#14806));
#14806 = FILL_AREA_STYLE_COLOUR('',#13581);
#14807 = OVER_RIDING_STYLED_ITEM('overriding color',(#14808),#9962,
  #12937);
#14808 = PRESENTATION_STYLE_ASSIGNMENT((#14809));
#14809 = SURFACE_STYLE_USAGE(.BOTH.,#14810);
#14810 = SURFACE_SIDE_STYLE('',(#14811));
#14811 = SURFACE_STYLE_FILL_AREA(#14812);
#14812 = FILL_AREA_STYLE('',(#14813));
#14813 = FILL_AREA_STYLE_COLOUR('',#13581);
#14814 = OVER_RIDING_STYLED_ITEM('overriding color',(#14815),#9986,
  #12937);
#14815 = PRESENTATION_STYLE_ASSIGNMENT((#14816));
#14816 = SURFACE_STYLE_USAGE(.BOTH.,#14817);
#14817 = SURFACE_SIDE_STYLE('',(#14818));
#14818 = SURFACE_STYLE_FILL_AREA(#14819);
#14819 = FILL_AREA_STYLE('',(#14820));
#14820 = FILL_AREA_STYLE_COLOUR('',#13581);
#14821 = OVER_RIDING_STYLED_ITEM('overriding color',(#14822),#10015,
  #12937);
#14822 = PRESENTATION_STYLE_ASSIGNMENT((#14823));
#14823 = SURFACE_STYLE_USAGE(.BOTH.,#14824);
#14824 = SURFACE_SIDE_STYLE('',(#14825));
#14825 = SURFACE_STYLE_FILL_AREA(#14826);
#14826 = FILL_AREA_STYLE('',(#14827));
#14827 = FILL_AREA_STYLE_COLOUR('',#13581);
#14828 = OVER_RIDING_STYLED_ITEM('overriding color',(#14829),#10044,
  #12937);
#14829 = PRESENTATION_STYLE_ASSIGNMENT((#14830));
#14830 = SURFACE_STYLE_USAGE(.BOTH.,#14831);
#14831 = SURFACE_SIDE_STYLE('',(#14832));
#14832 = SURFACE_STYLE_FILL_AREA(#14833);
#14833 = FILL_AREA_STYLE('',(#14834));
#14834 = FILL_AREA_STYLE_COLOUR('',#13581);
#14835 = OVER_RIDING_STYLED_ITEM('overriding color',(#14836),#10073,
  #12937);
#14836 = PRESENTATION_STYLE_ASSIGNMENT((#14837));
#14837 = SURFACE_STYLE_USAGE(.BOTH.,#14838);
#14838 = SURFACE_SIDE_STYLE('',(#14839));
#14839 = SURFACE_STYLE_FILL_AREA(#14840);
#14840 = FILL_AREA_STYLE('',(#14841));
#14841 = FILL_AREA_STYLE_COLOUR('',#13581);
#14842 = OVER_RIDING_STYLED_ITEM('overriding color',(#14843),#10102,
  #12937);
#14843 = PRESENTATION_STYLE_ASSIGNMENT((#14844));
#14844 = SURFACE_STYLE_USAGE(.BOTH.,#14845);
#14845 = SURFACE_SIDE_STYLE('',(#14846));
#14846 = SURFACE_STYLE_FILL_AREA(#14847);
#14847 = FILL_AREA_STYLE('',(#14848));
#14848 = FILL_AREA_STYLE_COLOUR('',#13581);
#14849 = OVER_RIDING_STYLED_ITEM('overriding color',(#14850),#10131,
  #12937);
#14850 = PRESENTATION_STYLE_ASSIGNMENT((#14851));
#14851 = SURFACE_STYLE_USAGE(.BOTH.,#14852);
#14852 = SURFACE_SIDE_STYLE('',(#14853));
#14853 = SURFACE_STYLE_FILL_AREA(#14854);
#14854 = FILL_AREA_STYLE('',(#14855));
#14855 = FILL_AREA_STYLE_COLOUR('',#13581);
#14856 = OVER_RIDING_STYLED_ITEM('overriding color',(#14857),#10160,
  #12937);
#14857 = PRESENTATION_STYLE_ASSIGNMENT((#14858));
#14858 = SURFACE_STYLE_USAGE(.BOTH.,#14859);
#14859 = SURFACE_SIDE_STYLE('',(#14860));
#14860 = SURFACE_STYLE_FILL_AREA(#14861);
#14861 = FILL_AREA_STYLE('',(#14862));
#14862 = FILL_AREA_STYLE_COLOUR('',#13581);
#14863 = OVER_RIDING_STYLED_ITEM('overriding color',(#14864),#10189,
  #12937);
#14864 = PRESENTATION_STYLE_ASSIGNMENT((#14865));
#14865 = SURFACE_STYLE_USAGE(.BOTH.,#14866);
#14866 = SURFACE_SIDE_STYLE('',(#14867));
#14867 = SURFACE_STYLE_FILL_AREA(#14868);
#14868 = FILL_AREA_STYLE('',(#14869));
#14869 = FILL_AREA_STYLE_COLOUR('',#13581);
#14870 = OVER_RIDING_STYLED_ITEM('overriding color',(#14871),#10211,
  #12937);
#14871 = PRESENTATION_STYLE_ASSIGNMENT((#14872));
#14872 = SURFACE_STYLE_USAGE(.BOTH.,#14873);
#14873 = SURFACE_SIDE_STYLE('',(#14874));
#14874 = SURFACE_STYLE_FILL_AREA(#14875);
#14875 = FILL_AREA_STYLE('',(#14876));
#14876 = FILL_AREA_STYLE_COLOUR('',#13581);
#14877 = OVER_RIDING_STYLED_ITEM('overriding color',(#14878),#10240,
  #12937);
#14878 = PRESENTATION_STYLE_ASSIGNMENT((#14879));
#14879 = SURFACE_STYLE_USAGE(.BOTH.,#14880);
#14880 = SURFACE_SIDE_STYLE('',(#14881));
#14881 = SURFACE_STYLE_FILL_AREA(#14882);
#14882 = FILL_AREA_STYLE('',(#14883));
#14883 = FILL_AREA_STYLE_COLOUR('',#13581);
#14884 = OVER_RIDING_STYLED_ITEM('overriding color',(#14885),#10271,
  #12937);
#14885 = PRESENTATION_STYLE_ASSIGNMENT((#14886));
#14886 = SURFACE_STYLE_USAGE(.BOTH.,#14887);
#14887 = SURFACE_SIDE_STYLE('',(#14888));
#14888 = SURFACE_STYLE_FILL_AREA(#14889);
#14889 = FILL_AREA_STYLE('',(#14890));
#14890 = FILL_AREA_STYLE_COLOUR('',#13581);
#14891 = OVER_RIDING_STYLED_ITEM('overriding color',(#14892),#10295,
  #12937);
#14892 = PRESENTATION_STYLE_ASSIGNMENT((#14893));
#14893 = SURFACE_STYLE_USAGE(.BOTH.,#14894);
#14894 = SURFACE_SIDE_STYLE('',(#14895));
#14895 = SURFACE_STYLE_FILL_AREA(#14896);
#14896 = FILL_AREA_STYLE('',(#14897));
#14897 = FILL_AREA_STYLE_COLOUR('',#13581);
#14898 = OVER_RIDING_STYLED_ITEM('overriding color',(#14899),#10324,
  #12937);
#14899 = PRESENTATION_STYLE_ASSIGNMENT((#14900));
#14900 = SURFACE_STYLE_USAGE(.BOTH.,#14901);
#14901 = SURFACE_SIDE_STYLE('',(#14902));
#14902 = SURFACE_STYLE_FILL_AREA(#14903);
#14903 = FILL_AREA_STYLE('',(#14904));
#14904 = FILL_AREA_STYLE_COLOUR('',#13581);
#14905 = OVER_RIDING_STYLED_ITEM('overriding color',(#14906),#10348,
  #12937);
#14906 = PRESENTATION_STYLE_ASSIGNMENT((#14907));
#14907 = SURFACE_STYLE_USAGE(.BOTH.,#14908);
#14908 = SURFACE_SIDE_STYLE('',(#14909));
#14909 = SURFACE_STYLE_FILL_AREA(#14910);
#14910 = FILL_AREA_STYLE('',(#14911));
#14911 = FILL_AREA_STYLE_COLOUR('',#13581);
#14912 = OVER_RIDING_STYLED_ITEM('overriding color',(#14913),#10372,
  #12937);
#14913 = PRESENTATION_STYLE_ASSIGNMENT((#14914));
#14914 = SURFACE_STYLE_USAGE(.BOTH.,#14915);
#14915 = SURFACE_SIDE_STYLE('',(#14916));
#14916 = SURFACE_STYLE_FILL_AREA(#14917);
#14917 = FILL_AREA_STYLE('',(#14918));
#14918 = FILL_AREA_STYLE_COLOUR('',#13581);
#14919 = OVER_RIDING_STYLED_ITEM('overriding color',(#14920),#10396,
  #12937);
#14920 = PRESENTATION_STYLE_ASSIGNMENT((#14921));
#14921 = SURFACE_STYLE_USAGE(.BOTH.,#14922);
#14922 = SURFACE_SIDE_STYLE('',(#14923));
#14923 = SURFACE_STYLE_FILL_AREA(#14924);
#14924 = FILL_AREA_STYLE('',(#14925));
#14925 = FILL_AREA_STYLE_COLOUR('',#13581);
#14926 = OVER_RIDING_STYLED_ITEM('overriding color',(#14927),#10420,
  #12937);
#14927 = PRESENTATION_STYLE_ASSIGNMENT((#14928));
#14928 = SURFACE_STYLE_USAGE(.BOTH.,#14929);
#14929 = SURFACE_SIDE_STYLE('',(#14930));
#14930 = SURFACE_STYLE_FILL_AREA(#14931);
#14931 = FILL_AREA_STYLE('',(#14932));
#14932 = FILL_AREA_STYLE_COLOUR('',#13581);
#14933 = OVER_RIDING_STYLED_ITEM('overriding color',(#14934),#10444,
  #12937);
#14934 = PRESENTATION_STYLE_ASSIGNMENT((#14935));
#14935 = SURFACE_STYLE_USAGE(.BOTH.,#14936);
#14936 = SURFACE_SIDE_STYLE('',(#14937));
#14937 = SURFACE_STYLE_FILL_AREA(#14938);
#14938 = FILL_AREA_STYLE('',(#14939));
#14939 = FILL_AREA_STYLE_COLOUR('',#13581);
#14940 = OVER_RIDING_STYLED_ITEM('overriding color',(#14941),#10468,
  #12937);
#14941 = PRESENTATION_STYLE_ASSIGNMENT((#14942));
#14942 = SURFACE_STYLE_USAGE(.BOTH.,#14943);
#14943 = SURFACE_SIDE_STYLE('',(#14944));
#14944 = SURFACE_STYLE_FILL_AREA(#14945);
#14945 = FILL_AREA_STYLE('',(#14946));
#14946 = FILL_AREA_STYLE_COLOUR('',#13581);
#14947 = OVER_RIDING_STYLED_ITEM('overriding color',(#14948),#10497,
  #12937);
#14948 = PRESENTATION_STYLE_ASSIGNMENT((#14949));
#14949 = SURFACE_STYLE_USAGE(.BOTH.,#14950);
#14950 = SURFACE_SIDE_STYLE('',(#14951));
#14951 = SURFACE_STYLE_FILL_AREA(#14952);
#14952 = FILL_AREA_STYLE('',(#14953));
#14953 = FILL_AREA_STYLE_COLOUR('',#13581);
#14954 = OVER_RIDING_STYLED_ITEM('overriding color',(#14955),#10526,
  #12937);
#14955 = PRESENTATION_STYLE_ASSIGNMENT((#14956));
#14956 = SURFACE_STYLE_USAGE(.BOTH.,#14957);
#14957 = SURFACE_SIDE_STYLE('',(#14958));
#14958 = SURFACE_STYLE_FILL_AREA(#14959);
#14959 = FILL_AREA_STYLE('',(#14960));
#14960 = FILL_AREA_STYLE_COLOUR('',#13581);
#14961 = OVER_RIDING_STYLED_ITEM('overriding color',(#14962),#10550,
  #12937);
#14962 = PRESENTATION_STYLE_ASSIGNMENT((#14963));
#14963 = SURFACE_STYLE_USAGE(.BOTH.,#14964);
#14964 = SURFACE_SIDE_STYLE('',(#14965));
#14965 = SURFACE_STYLE_FILL_AREA(#14966);
#14966 = FILL_AREA_STYLE('',(#14967));
#14967 = FILL_AREA_STYLE_COLOUR('',#13581);
#14968 = OVER_RIDING_STYLED_ITEM('overriding color',(#14969),#10579,
  #12937);
#14969 = PRESENTATION_STYLE_ASSIGNMENT((#14970));
#14970 = SURFACE_STYLE_USAGE(.BOTH.,#14971);
#14971 = SURFACE_SIDE_STYLE('',(#14972));
#14972 = SURFACE_STYLE_FILL_AREA(#14973);
#14973 = FILL_AREA_STYLE('',(#14974));
#14974 = FILL_AREA_STYLE_COLOUR('',#13581);
#14975 = OVER_RIDING_STYLED_ITEM('overriding color',(#14976),#10608,
  #12937);
#14976 = PRESENTATION_STYLE_ASSIGNMENT((#14977));
#14977 = SURFACE_STYLE_USAGE(.BOTH.,#14978);
#14978 = SURFACE_SIDE_STYLE('',(#14979));
#14979 = SURFACE_STYLE_FILL_AREA(#14980);
#14980 = FILL_AREA_STYLE('',(#14981));
#14981 = FILL_AREA_STYLE_COLOUR('',#13581);
#14982 = OVER_RIDING_STYLED_ITEM('overriding color',(#14983),#10625,
  #12937);
#14983 = PRESENTATION_STYLE_ASSIGNMENT((#14984));
#14984 = SURFACE_STYLE_USAGE(.BOTH.,#14985);
#14985 = SURFACE_SIDE_STYLE('',(#14986));
#14986 = SURFACE_STYLE_FILL_AREA(#14987);
#14987 = FILL_AREA_STYLE('',(#14988));
#14988 = FILL_AREA_STYLE_COLOUR('',#13581);
#14989 = OVER_RIDING_STYLED_ITEM('overriding color',(#14990),#10648,
  #12937);
#14990 = PRESENTATION_STYLE_ASSIGNMENT((#14991));
#14991 = SURFACE_STYLE_USAGE(.BOTH.,#14992);
#14992 = SURFACE_SIDE_STYLE('',(#14993));
#14993 = SURFACE_STYLE_FILL_AREA(#14994);
#14994 = FILL_AREA_STYLE('',(#14995));
#14995 = FILL_AREA_STYLE_COLOUR('',#13581);
#14996 = OVER_RIDING_STYLED_ITEM('overriding color',(#14997),#10679,
  #12937);
#14997 = PRESENTATION_STYLE_ASSIGNMENT((#14998));
#14998 = SURFACE_STYLE_USAGE(.BOTH.,#14999);
#14999 = SURFACE_SIDE_STYLE('',(#15000));
#15000 = SURFACE_STYLE_FILL_AREA(#15001);
#15001 = FILL_AREA_STYLE('',(#15002));
#15002 = FILL_AREA_STYLE_COLOUR('',#13581);
#15003 = OVER_RIDING_STYLED_ITEM('overriding color',(#15004),#10703,
  #12937);
#15004 = PRESENTATION_STYLE_ASSIGNMENT((#15005));
#15005 = SURFACE_STYLE_USAGE(.BOTH.,#15006);
#15006 = SURFACE_SIDE_STYLE('',(#15007));
#15007 = SURFACE_STYLE_FILL_AREA(#15008);
#15008 = FILL_AREA_STYLE('',(#15009));
#15009 = FILL_AREA_STYLE_COLOUR('',#13581);
#15010 = OVER_RIDING_STYLED_ITEM('overriding color',(#15011),#10727,
  #12937);
#15011 = PRESENTATION_STYLE_ASSIGNMENT((#15012));
#15012 = SURFACE_STYLE_USAGE(.BOTH.,#15013);
#15013 = SURFACE_SIDE_STYLE('',(#15014));
#15014 = SURFACE_STYLE_FILL_AREA(#15015);
#15015 = FILL_AREA_STYLE('',(#15016));
#15016 = FILL_AREA_STYLE_COLOUR('',#13581);
#15017 = OVER_RIDING_STYLED_ITEM('overriding color',(#15018),#10751,
  #12937);
#15018 = PRESENTATION_STYLE_ASSIGNMENT((#15019));
#15019 = SURFACE_STYLE_USAGE(.BOTH.,#15020);
#15020 = SURFACE_SIDE_STYLE('',(#15021));
#15021 = SURFACE_STYLE_FILL_AREA(#15022);
#15022 = FILL_AREA_STYLE('',(#15023));
#15023 = FILL_AREA_STYLE_COLOUR('',#13581);
#15024 = OVER_RIDING_STYLED_ITEM('overriding color',(#15025),#10775,
  #12937);
#15025 = PRESENTATION_STYLE_ASSIGNMENT((#15026));
#15026 = SURFACE_STYLE_USAGE(.BOTH.,#15027);
#15027 = SURFACE_SIDE_STYLE('',(#15028));
#15028 = SURFACE_STYLE_FILL_AREA(#15029);
#15029 = FILL_AREA_STYLE('',(#15030));
#15030 = FILL_AREA_STYLE_COLOUR('',#13581);
#15031 = OVER_RIDING_STYLED_ITEM('overriding color',(#15032),#10799,
  #12937);
#15032 = PRESENTATION_STYLE_ASSIGNMENT((#15033));
#15033 = SURFACE_STYLE_USAGE(.BOTH.,#15034);
#15034 = SURFACE_SIDE_STYLE('',(#15035));
#15035 = SURFACE_STYLE_FILL_AREA(#15036);
#15036 = FILL_AREA_STYLE('',(#15037));
#15037 = FILL_AREA_STYLE_COLOUR('',#13581);
#15038 = OVER_RIDING_STYLED_ITEM('overriding color',(#15039),#10823,
  #12937);
#15039 = PRESENTATION_STYLE_ASSIGNMENT((#15040));
#15040 = SURFACE_STYLE_USAGE(.BOTH.,#15041);
#15041 = SURFACE_SIDE_STYLE('',(#15042));
#15042 = SURFACE_STYLE_FILL_AREA(#15043);
#15043 = FILL_AREA_STYLE('',(#15044));
#15044 = FILL_AREA_STYLE_COLOUR('',#13581);
#15045 = OVER_RIDING_STYLED_ITEM('overriding color',(#15046),#10847,
  #12937);
#15046 = PRESENTATION_STYLE_ASSIGNMENT((#15047));
#15047 = SURFACE_STYLE_USAGE(.BOTH.,#15048);
#15048 = SURFACE_SIDE_STYLE('',(#15049));
#15049 = SURFACE_STYLE_FILL_AREA(#15050);
#15050 = FILL_AREA_STYLE('',(#15051));
#15051 = FILL_AREA_STYLE_COLOUR('',#13581);
#15052 = OVER_RIDING_STYLED_ITEM('overriding color',(#15053),#10871,
  #12937);
#15053 = PRESENTATION_STYLE_ASSIGNMENT((#15054));
#15054 = SURFACE_STYLE_USAGE(.BOTH.,#15055);
#15055 = SURFACE_SIDE_STYLE('',(#15056));
#15056 = SURFACE_STYLE_FILL_AREA(#15057);
#15057 = FILL_AREA_STYLE('',(#15058));
#15058 = FILL_AREA_STYLE_COLOUR('',#13581);
#15059 = OVER_RIDING_STYLED_ITEM('overriding color',(#15060),#10895,
  #12937);
#15060 = PRESENTATION_STYLE_ASSIGNMENT((#15061));
#15061 = SURFACE_STYLE_USAGE(.BOTH.,#15062);
#15062 = SURFACE_SIDE_STYLE('',(#15063));
#15063 = SURFACE_STYLE_FILL_AREA(#15064);
#15064 = FILL_AREA_STYLE('',(#15065));
#15065 = FILL_AREA_STYLE_COLOUR('',#13581);
#15066 = OVER_RIDING_STYLED_ITEM('overriding color',(#15067),#10919,
  #12937);
#15067 = PRESENTATION_STYLE_ASSIGNMENT((#15068));
#15068 = SURFACE_STYLE_USAGE(.BOTH.,#15069);
#15069 = SURFACE_SIDE_STYLE('',(#15070));
#15070 = SURFACE_STYLE_FILL_AREA(#15071);
#15071 = FILL_AREA_STYLE('',(#15072));
#15072 = FILL_AREA_STYLE_COLOUR('',#13581);
#15073 = OVER_RIDING_STYLED_ITEM('overriding color',(#15074),#10936,
  #12937);
#15074 = PRESENTATION_STYLE_ASSIGNMENT((#15075));
#15075 = SURFACE_STYLE_USAGE(.BOTH.,#15076);
#15076 = SURFACE_SIDE_STYLE('',(#15077));
#15077 = SURFACE_STYLE_FILL_AREA(#15078);
#15078 = FILL_AREA_STYLE('',(#15079));
#15079 = FILL_AREA_STYLE_COLOUR('',#13581);
#15080 = OVER_RIDING_STYLED_ITEM('overriding color',(#15081),#10956,
  #12937);
#15081 = PRESENTATION_STYLE_ASSIGNMENT((#15082));
#15082 = SURFACE_STYLE_USAGE(.BOTH.,#15083);
#15083 = SURFACE_SIDE_STYLE('',(#15084));
#15084 = SURFACE_STYLE_FILL_AREA(#15085);
#15085 = FILL_AREA_STYLE('',(#15086));
#15086 = FILL_AREA_STYLE_COLOUR('',#13581);
#15087 = OVER_RIDING_STYLED_ITEM('overriding color',(#15088),#11086,
  #12937);
#15088 = PRESENTATION_STYLE_ASSIGNMENT((#15089));
#15089 = SURFACE_STYLE_USAGE(.BOTH.,#15090);
#15090 = SURFACE_SIDE_STYLE('',(#15091));
#15091 = SURFACE_STYLE_FILL_AREA(#15092);
#15092 = FILL_AREA_STYLE('',(#15093));
#15093 = FILL_AREA_STYLE_COLOUR('',#13581);
#15094 = OVER_RIDING_STYLED_ITEM('overriding color',(#15095),#11108,
  #12937);
#15095 = PRESENTATION_STYLE_ASSIGNMENT((#15096));
#15096 = SURFACE_STYLE_USAGE(.BOTH.,#15097);
#15097 = SURFACE_SIDE_STYLE('',(#15098));
#15098 = SURFACE_STYLE_FILL_AREA(#15099);
#15099 = FILL_AREA_STYLE('',(#15100));
#15100 = FILL_AREA_STYLE_COLOUR('',#13581);
#15101 = OVER_RIDING_STYLED_ITEM('overriding color',(#15102),#11129,
  #12937);
#15102 = PRESENTATION_STYLE_ASSIGNMENT((#15103));
#15103 = SURFACE_STYLE_USAGE(.BOTH.,#15104);
#15104 = SURFACE_SIDE_STYLE('',(#15105));
#15105 = SURFACE_STYLE_FILL_AREA(#15106);
#15106 = FILL_AREA_STYLE('',(#15107));
#15107 = FILL_AREA_STYLE_COLOUR('',#13581);
#15108 = OVER_RIDING_STYLED_ITEM('overriding color',(#15109),#11150,
  #12937);
#15109 = PRESENTATION_STYLE_ASSIGNMENT((#15110));
#15110 = SURFACE_STYLE_USAGE(.BOTH.,#15111);
#15111 = SURFACE_SIDE_STYLE('',(#15112));
#15112 = SURFACE_STYLE_FILL_AREA(#15113);
#15113 = FILL_AREA_STYLE('',(#15114));
#15114 = FILL_AREA_STYLE_COLOUR('',#13581);
#15115 = OVER_RIDING_STYLED_ITEM('overriding color',(#15116),#11171,
  #12937);
#15116 = PRESENTATION_STYLE_ASSIGNMENT((#15117));
#15117 = SURFACE_STYLE_USAGE(.BOTH.,#15118);
#15118 = SURFACE_SIDE_STYLE('',(#15119));
#15119 = SURFACE_STYLE_FILL_AREA(#15120);
#15120 = FILL_AREA_STYLE('',(#15121));
#15121 = FILL_AREA_STYLE_COLOUR('',#13581);
#15122 = OVER_RIDING_STYLED_ITEM('overriding color',(#15123),#11192,
  #12937);
#15123 = PRESENTATION_STYLE_ASSIGNMENT((#15124));
#15124 = SURFACE_STYLE_USAGE(.BOTH.,#15125);
#15125 = SURFACE_SIDE_STYLE('',(#15126));
#15126 = SURFACE_STYLE_FILL_AREA(#15127);
#15127 = FILL_AREA_STYLE('',(#15128));
#15128 = FILL_AREA_STYLE_COLOUR('',#13581);
#15129 = OVER_RIDING_STYLED_ITEM('overriding color',(#15130),#11209,
  #12937);
#15130 = PRESENTATION_STYLE_ASSIGNMENT((#15131));
#15131 = SURFACE_STYLE_USAGE(.BOTH.,#15132);
#15132 = SURFACE_SIDE_STYLE('',(#15133));
#15133 = SURFACE_STYLE_FILL_AREA(#15134);
#15134 = FILL_AREA_STYLE('',(#15135));
#15135 = FILL_AREA_STYLE_COLOUR('',#13581);
#15136 = OVER_RIDING_STYLED_ITEM('overriding color',(#15137),#11221,
  #12937);
#15137 = PRESENTATION_STYLE_ASSIGNMENT((#15138));
#15138 = SURFACE_STYLE_USAGE(.BOTH.,#15139);
#15139 = SURFACE_SIDE_STYLE('',(#15140));
#15140 = SURFACE_STYLE_FILL_AREA(#15141);
#15141 = FILL_AREA_STYLE('',(#15142));
#15142 = FILL_AREA_STYLE_COLOUR('',#13581);
#15143 = OVER_RIDING_STYLED_ITEM('overriding color',(#15144),#11252,
  #12937);
#15144 = PRESENTATION_STYLE_ASSIGNMENT((#15145));
#15145 = SURFACE_STYLE_USAGE(.BOTH.,#15146);
#15146 = SURFACE_SIDE_STYLE('',(#15147));
#15147 = SURFACE_STYLE_FILL_AREA(#15148);
#15148 = FILL_AREA_STYLE('',(#15149));
#15149 = FILL_AREA_STYLE_COLOUR('',#13581);
#15150 = OVER_RIDING_STYLED_ITEM('overriding color',(#15151),#11276,
  #12937);
#15151 = PRESENTATION_STYLE_ASSIGNMENT((#15152));
#15152 = SURFACE_STYLE_USAGE(.BOTH.,#15153);
#15153 = SURFACE_SIDE_STYLE('',(#15154));
#15154 = SURFACE_STYLE_FILL_AREA(#15155);
#15155 = FILL_AREA_STYLE('',(#15156));
#15156 = FILL_AREA_STYLE_COLOUR('',#13581);
#15157 = OVER_RIDING_STYLED_ITEM('overriding color',(#15158),#11300,
  #12937);
#15158 = PRESENTATION_STYLE_ASSIGNMENT((#15159));
#15159 = SURFACE_STYLE_USAGE(.BOTH.,#15160);
#15160 = SURFACE_SIDE_STYLE('',(#15161));
#15161 = SURFACE_STYLE_FILL_AREA(#15162);
#15162 = FILL_AREA_STYLE('',(#15163));
#15163 = FILL_AREA_STYLE_COLOUR('',#13581);
#15164 = OVER_RIDING_STYLED_ITEM('overriding color',(#15165),#11329,
  #12937);
#15165 = PRESENTATION_STYLE_ASSIGNMENT((#15166));
#15166 = SURFACE_STYLE_USAGE(.BOTH.,#15167);
#15167 = SURFACE_SIDE_STYLE('',(#15168));
#15168 = SURFACE_STYLE_FILL_AREA(#15169);
#15169 = FILL_AREA_STYLE('',(#15170));
#15170 = FILL_AREA_STYLE_COLOUR('',#13581);
#15171 = OVER_RIDING_STYLED_ITEM('overriding color',(#15172),#11358,
  #12937);
#15172 = PRESENTATION_STYLE_ASSIGNMENT((#15173));
#15173 = SURFACE_STYLE_USAGE(.BOTH.,#15174);
#15174 = SURFACE_SIDE_STYLE('',(#15175));
#15175 = SURFACE_STYLE_FILL_AREA(#15176);
#15176 = FILL_AREA_STYLE('',(#15177));
#15177 = FILL_AREA_STYLE_COLOUR('',#13581);
#15178 = OVER_RIDING_STYLED_ITEM('overriding color',(#15179),#11387,
  #12937);
#15179 = PRESENTATION_STYLE_ASSIGNMENT((#15180));
#15180 = SURFACE_STYLE_USAGE(.BOTH.,#15181);
#15181 = SURFACE_SIDE_STYLE('',(#15182));
#15182 = SURFACE_STYLE_FILL_AREA(#15183);
#15183 = FILL_AREA_STYLE('',(#15184));
#15184 = FILL_AREA_STYLE_COLOUR('',#13581);
#15185 = OVER_RIDING_STYLED_ITEM('overriding color',(#15186),#11409,
  #12937);
#15186 = PRESENTATION_STYLE_ASSIGNMENT((#15187));
#15187 = SURFACE_STYLE_USAGE(.BOTH.,#15188);
#15188 = SURFACE_SIDE_STYLE('',(#15189));
#15189 = SURFACE_STYLE_FILL_AREA(#15190);
#15190 = FILL_AREA_STYLE('',(#15191));
#15191 = FILL_AREA_STYLE_COLOUR('',#12955);
#15192 = OVER_RIDING_STYLED_ITEM('overriding color',(#15193),#11424,
  #12937);
#15193 = PRESENTATION_STYLE_ASSIGNMENT((#15194));
#15194 = SURFACE_STYLE_USAGE(.BOTH.,#15195);
#15195 = SURFACE_SIDE_STYLE('',(#15196));
#15196 = SURFACE_STYLE_FILL_AREA(#15197);
#15197 = FILL_AREA_STYLE('',(#15198));
#15198 = FILL_AREA_STYLE_COLOUR('',#13581);
#15199 = OVER_RIDING_STYLED_ITEM('overriding color',(#15200),#11548,
  #12937);
#15200 = PRESENTATION_STYLE_ASSIGNMENT((#15201));
#15201 = SURFACE_STYLE_USAGE(.BOTH.,#15202);
#15202 = SURFACE_SIDE_STYLE('',(#15203));
#15203 = SURFACE_STYLE_FILL_AREA(#15204);
#15204 = FILL_AREA_STYLE('',(#15205));
#15205 = FILL_AREA_STYLE_COLOUR('',#13581);
#15206 = OVER_RIDING_STYLED_ITEM('overriding color',(#15207),#11570,
  #12937);
#15207 = PRESENTATION_STYLE_ASSIGNMENT((#15208));
#15208 = SURFACE_STYLE_USAGE(.BOTH.,#15209);
#15209 = SURFACE_SIDE_STYLE('',(#15210));
#15210 = SURFACE_STYLE_FILL_AREA(#15211);
#15211 = FILL_AREA_STYLE('',(#15212));
#15212 = FILL_AREA_STYLE_COLOUR('',#13581);
#15213 = OVER_RIDING_STYLED_ITEM('overriding color',(#15214),#11587,
  #12937);
#15214 = PRESENTATION_STYLE_ASSIGNMENT((#15215));
#15215 = SURFACE_STYLE_USAGE(.BOTH.,#15216);
#15216 = SURFACE_SIDE_STYLE('',(#15217));
#15217 = SURFACE_STYLE_FILL_AREA(#15218);
#15218 = FILL_AREA_STYLE('',(#15219));
#15219 = FILL_AREA_STYLE_COLOUR('',#13581);
#15220 = OVER_RIDING_STYLED_ITEM('overriding color',(#15221),#11604,
  #12937);
#15221 = PRESENTATION_STYLE_ASSIGNMENT((#15222));
#15222 = SURFACE_STYLE_USAGE(.BOTH.,#15223);
#15223 = SURFACE_SIDE_STYLE('',(#15224));
#15224 = SURFACE_STYLE_FILL_AREA(#15225);
#15225 = FILL_AREA_STYLE('',(#15226));
#15226 = FILL_AREA_STYLE_COLOUR('',#13581);
#15227 = OVER_RIDING_STYLED_ITEM('overriding color',(#15228),#11621,
  #12937);
#15228 = PRESENTATION_STYLE_ASSIGNMENT((#15229));
#15229 = SURFACE_STYLE_USAGE(.BOTH.,#15230);
#15230 = SURFACE_SIDE_STYLE('',(#15231));
#15231 = SURFACE_STYLE_FILL_AREA(#15232);
#15232 = FILL_AREA_STYLE('',(#15233));
#15233 = FILL_AREA_STYLE_COLOUR('',#13581);
#15234 = OVER_RIDING_STYLED_ITEM('overriding color',(#15235),#11638,
  #12937);
#15235 = PRESENTATION_STYLE_ASSIGNMENT((#15236));
#15236 = SURFACE_STYLE_USAGE(.BOTH.,#15237);
#15237 = SURFACE_SIDE_STYLE('',(#15238));
#15238 = SURFACE_STYLE_FILL_AREA(#15239);
#15239 = FILL_AREA_STYLE('',(#15240));
#15240 = FILL_AREA_STYLE_COLOUR('',#13581);
#15241 = OVER_RIDING_STYLED_ITEM('overriding color',(#15242),#11655,
  #12937);
#15242 = PRESENTATION_STYLE_ASSIGNMENT((#15243));
#15243 = SURFACE_STYLE_USAGE(.BOTH.,#15244);
#15244 = SURFACE_SIDE_STYLE('',(#15245));
#15245 = SURFACE_STYLE_FILL_AREA(#15246);
#15246 = FILL_AREA_STYLE('',(#15247));
#15247 = FILL_AREA_STYLE_COLOUR('',#13581);
#15248 = OVER_RIDING_STYLED_ITEM('overriding color',(#15249),#11672,
  #12937);
#15249 = PRESENTATION_STYLE_ASSIGNMENT((#15250));
#15250 = SURFACE_STYLE_USAGE(.BOTH.,#15251);
#15251 = SURFACE_SIDE_STYLE('',(#15252));
#15252 = SURFACE_STYLE_FILL_AREA(#15253);
#15253 = FILL_AREA_STYLE('',(#15254));
#15254 = FILL_AREA_STYLE_COLOUR('',#13581);
#15255 = OVER_RIDING_STYLED_ITEM('overriding color',(#15256),#11684,
  #12937);
#15256 = PRESENTATION_STYLE_ASSIGNMENT((#15257));
#15257 = SURFACE_STYLE_USAGE(.BOTH.,#15258);
#15258 = SURFACE_SIDE_STYLE('',(#15259));
#15259 = SURFACE_STYLE_FILL_AREA(#15260);
#15260 = FILL_AREA_STYLE('',(#15261));
#15261 = FILL_AREA_STYLE_COLOUR('',#13581);
#15262 = OVER_RIDING_STYLED_ITEM('overriding color',(#15263),#11715,
  #12937);
#15263 = PRESENTATION_STYLE_ASSIGNMENT((#15264));
#15264 = SURFACE_STYLE_USAGE(.BOTH.,#15265);
#15265 = SURFACE_SIDE_STYLE('',(#15266));
#15266 = SURFACE_STYLE_FILL_AREA(#15267);
#15267 = FILL_AREA_STYLE('',(#15268));
#15268 = FILL_AREA_STYLE_COLOUR('',#13581);
#15269 = OVER_RIDING_STYLED_ITEM('overriding color',(#15270),#11739,
  #12937);
#15270 = PRESENTATION_STYLE_ASSIGNMENT((#15271));
#15271 = SURFACE_STYLE_USAGE(.BOTH.,#15272);
#15272 = SURFACE_SIDE_STYLE('',(#15273));
#15273 = SURFACE_STYLE_FILL_AREA(#15274);
#15274 = FILL_AREA_STYLE('',(#15275));
#15275 = FILL_AREA_STYLE_COLOUR('',#13581);
#15276 = OVER_RIDING_STYLED_ITEM('overriding color',(#15277),#11768,
  #12937);
#15277 = PRESENTATION_STYLE_ASSIGNMENT((#15278));
#15278 = SURFACE_STYLE_USAGE(.BOTH.,#15279);
#15279 = SURFACE_SIDE_STYLE('',(#15280));
#15280 = SURFACE_STYLE_FILL_AREA(#15281);
#15281 = FILL_AREA_STYLE('',(#15282));
#15282 = FILL_AREA_STYLE_COLOUR('',#13581);
#15283 = OVER_RIDING_STYLED_ITEM('overriding color',(#15284),#11792,
  #12937);
#15284 = PRESENTATION_STYLE_ASSIGNMENT((#15285));
#15285 = SURFACE_STYLE_USAGE(.BOTH.,#15286);
#15286 = SURFACE_SIDE_STYLE('',(#15287));
#15287 = SURFACE_STYLE_FILL_AREA(#15288);
#15288 = FILL_AREA_STYLE('',(#15289));
#15289 = FILL_AREA_STYLE_COLOUR('',#13581);
#15290 = OVER_RIDING_STYLED_ITEM('overriding color',(#15291),#11821,
  #12937);
#15291 = PRESENTATION_STYLE_ASSIGNMENT((#15292));
#15292 = SURFACE_STYLE_USAGE(.BOTH.,#15293);
#15293 = SURFACE_SIDE_STYLE('',(#15294));
#15294 = SURFACE_STYLE_FILL_AREA(#15295);
#15295 = FILL_AREA_STYLE('',(#15296));
#15296 = FILL_AREA_STYLE_COLOUR('',#13581);
#15297 = OVER_RIDING_STYLED_ITEM('overriding color',(#15298),#11838,
  #12937);
#15298 = PRESENTATION_STYLE_ASSIGNMENT((#15299));
#15299 = SURFACE_STYLE_USAGE(.BOTH.,#15300);
#15300 = SURFACE_SIDE_STYLE('',(#15301));
#15301 = SURFACE_STYLE_FILL_AREA(#15302);
#15302 = FILL_AREA_STYLE('',(#15303));
#15303 = FILL_AREA_STYLE_COLOUR('',#12955);
#15304 = OVER_RIDING_STYLED_ITEM('overriding color',(#15305),#11852,
  #12937);
#15305 = PRESENTATION_STYLE_ASSIGNMENT((#15306));
#15306 = SURFACE_STYLE_USAGE(.BOTH.,#15307);
#15307 = SURFACE_SIDE_STYLE('',(#15308));
#15308 = SURFACE_STYLE_FILL_AREA(#15309);
#15309 = FILL_AREA_STYLE('',(#15310));
#15310 = FILL_AREA_STYLE_COLOUR('',#13581);
#15311 = OVER_RIDING_STYLED_ITEM('overriding color',(#15312),#12177,
  #12937);
#15312 = PRESENTATION_STYLE_ASSIGNMENT((#15313));
#15313 = SURFACE_STYLE_USAGE(.BOTH.,#15314);
#15314 = SURFACE_SIDE_STYLE('',(#15315));
#15315 = SURFACE_STYLE_FILL_AREA(#15316);
#15316 = FILL_AREA_STYLE('',(#15317));
#15317 = FILL_AREA_STYLE_COLOUR('',#13581);
#15318 = OVER_RIDING_STYLED_ITEM('overriding color',(#15319),#12203,
  #12937);
#15319 = PRESENTATION_STYLE_ASSIGNMENT((#15320));
#15320 = SURFACE_STYLE_USAGE(.BOTH.,#15321);
#15321 = SURFACE_SIDE_STYLE('',(#15322));
#15322 = SURFACE_STYLE_FILL_AREA(#15323);
#15323 = FILL_AREA_STYLE('',(#15324));
#15324 = FILL_AREA_STYLE_COLOUR('',#13581);
#15325 = OVER_RIDING_STYLED_ITEM('overriding color',(#15326),#12224,
  #12937);
#15326 = PRESENTATION_STYLE_ASSIGNMENT((#15327));
#15327 = SURFACE_STYLE_USAGE(.BOTH.,#15328);
#15328 = SURFACE_SIDE_STYLE('',(#15329));
#15329 = SURFACE_STYLE_FILL_AREA(#15330);
#15330 = FILL_AREA_STYLE('',(#15331));
#15331 = FILL_AREA_STYLE_COLOUR('',#13581);
#15332 = OVER_RIDING_STYLED_ITEM('overriding color',(#15333),#12245,
  #12937);
#15333 = PRESENTATION_STYLE_ASSIGNMENT((#15334));
#15334 = SURFACE_STYLE_USAGE(.BOTH.,#15335);
#15335 = SURFACE_SIDE_STYLE('',(#15336));
#15336 = SURFACE_STYLE_FILL_AREA(#15337);
#15337 = FILL_AREA_STYLE('',(#15338));
#15338 = FILL_AREA_STYLE_COLOUR('',#13581);
#15339 = OVER_RIDING_STYLED_ITEM('overriding color',(#15340),#12266,
  #12937);
#15340 = PRESENTATION_STYLE_ASSIGNMENT((#15341));
#15341 = SURFACE_STYLE_USAGE(.BOTH.,#15342);
#15342 = SURFACE_SIDE_STYLE('',(#15343));
#15343 = SURFACE_STYLE_FILL_AREA(#15344);
#15344 = FILL_AREA_STYLE('',(#15345));
#15345 = FILL_AREA_STYLE_COLOUR('',#13581);
#15346 = OVER_RIDING_STYLED_ITEM('overriding color',(#15347),#12287,
  #12937);
#15347 = PRESENTATION_STYLE_ASSIGNMENT((#15348));
#15348 = SURFACE_STYLE_USAGE(.BOTH.,#15349);
#15349 = SURFACE_SIDE_STYLE('',(#15350));
#15350 = SURFACE_STYLE_FILL_AREA(#15351);
#15351 = FILL_AREA_STYLE('',(#15352));
#15352 = FILL_AREA_STYLE_COLOUR('',#13581);
#15353 = OVER_RIDING_STYLED_ITEM('overriding color',(#15354),#12308,
  #12937);
#15354 = PRESENTATION_STYLE_ASSIGNMENT((#15355));
#15355 = SURFACE_STYLE_USAGE(.BOTH.,#15356);
#15356 = SURFACE_SIDE_STYLE('',(#15357));
#15357 = SURFACE_STYLE_FILL_AREA(#15358);
#15358 = FILL_AREA_STYLE('',(#15359));
#15359 = FILL_AREA_STYLE_COLOUR('',#13581);
#15360 = OVER_RIDING_STYLED_ITEM('overriding color',(#15361),#12329,
  #12937);
#15361 = PRESENTATION_STYLE_ASSIGNMENT((#15362));
#15362 = SURFACE_STYLE_USAGE(.BOTH.,#15363);
#15363 = SURFACE_SIDE_STYLE('',(#15364));
#15364 = SURFACE_STYLE_FILL_AREA(#15365);
#15365 = FILL_AREA_STYLE('',(#15366));
#15366 = FILL_AREA_STYLE_COLOUR('',#13581);
#15367 = OVER_RIDING_STYLED_ITEM('overriding color',(#15368),#12350,
  #12937);
#15368 = PRESENTATION_STYLE_ASSIGNMENT((#15369));
#15369 = SURFACE_STYLE_USAGE(.BOTH.,#15370);
#15370 = SURFACE_SIDE_STYLE('',(#15371));
#15371 = SURFACE_STYLE_FILL_AREA(#15372);
#15372 = FILL_AREA_STYLE('',(#15373));
#15373 = FILL_AREA_STYLE_COLOUR('',#13581);
#15374 = OVER_RIDING_STYLED_ITEM('overriding color',(#15375),#12371,
  #12937);
#15375 = PRESENTATION_STYLE_ASSIGNMENT((#15376));
#15376 = SURFACE_STYLE_USAGE(.BOTH.,#15377);
#15377 = SURFACE_SIDE_STYLE('',(#15378));
#15378 = SURFACE_STYLE_FILL_AREA(#15379);
#15379 = FILL_AREA_STYLE('',(#15380));
#15380 = FILL_AREA_STYLE_COLOUR('',#13581);
#15381 = OVER_RIDING_STYLED_ITEM('overriding color',(#15382),#12392,
  #12937);
#15382 = PRESENTATION_STYLE_ASSIGNMENT((#15383));
#15383 = SURFACE_STYLE_USAGE(.BOTH.,#15384);
#15384 = SURFACE_SIDE_STYLE('',(#15385));
#15385 = SURFACE_STYLE_FILL_AREA(#15386);
#15386 = FILL_AREA_STYLE('',(#15387));
#15387 = FILL_AREA_STYLE_COLOUR('',#13581);
#15388 = OVER_RIDING_STYLED_ITEM('overriding color',(#15389),#12413,
  #12937);
#15389 = PRESENTATION_STYLE_ASSIGNMENT((#15390));
#15390 = SURFACE_STYLE_USAGE(.BOTH.,#15391);
#15391 = SURFACE_SIDE_STYLE('',(#15392));
#15392 = SURFACE_STYLE_FILL_AREA(#15393);
#15393 = FILL_AREA_STYLE('',(#15394));
#15394 = FILL_AREA_STYLE_COLOUR('',#13581);
#15395 = OVER_RIDING_STYLED_ITEM('overriding color',(#15396),#12434,
  #12937);
#15396 = PRESENTATION_STYLE_ASSIGNMENT((#15397));
#15397 = SURFACE_STYLE_USAGE(.BOTH.,#15398);
#15398 = SURFACE_SIDE_STYLE('',(#15399));
#15399 = SURFACE_STYLE_FILL_AREA(#15400);
#15400 = FILL_AREA_STYLE('',(#15401));
#15401 = FILL_AREA_STYLE_COLOUR('',#13581);
#15402 = OVER_RIDING_STYLED_ITEM('overriding color',(#15403),#12451,
  #12937);
#15403 = PRESENTATION_STYLE_ASSIGNMENT((#15404));
#15404 = SURFACE_STYLE_USAGE(.BOTH.,#15405);
#15405 = SURFACE_SIDE_STYLE('',(#15406));
#15406 = SURFACE_STYLE_FILL_AREA(#15407);
#15407 = FILL_AREA_STYLE('',(#15408));
#15408 = FILL_AREA_STYLE_COLOUR('',#13581);
#15409 = OVER_RIDING_STYLED_ITEM('overriding color',(#15410),#12468,
  #12937);
#15410 = PRESENTATION_STYLE_ASSIGNMENT((#15411));
#15411 = SURFACE_STYLE_USAGE(.BOTH.,#15412);
#15412 = SURFACE_SIDE_STYLE('',(#15413));
#15413 = SURFACE_STYLE_FILL_AREA(#15414);
#15414 = FILL_AREA_STYLE('',(#15415));
#15415 = FILL_AREA_STYLE_COLOUR('',#13581);
#15416 = OVER_RIDING_STYLED_ITEM('overriding color',(#15417),#12485,
  #12937);
#15417 = PRESENTATION_STYLE_ASSIGNMENT((#15418));
#15418 = SURFACE_STYLE_USAGE(.BOTH.,#15419);
#15419 = SURFACE_SIDE_STYLE('',(#15420));
#15420 = SURFACE_STYLE_FILL_AREA(#15421);
#15421 = FILL_AREA_STYLE('',(#15422));
#15422 = FILL_AREA_STYLE_COLOUR('',#13581);
#15423 = OVER_RIDING_STYLED_ITEM('overriding color',(#15424),#12502,
  #12937);
#15424 = PRESENTATION_STYLE_ASSIGNMENT((#15425));
#15425 = SURFACE_STYLE_USAGE(.BOTH.,#15426);
#15426 = SURFACE_SIDE_STYLE('',(#15427));
#15427 = SURFACE_STYLE_FILL_AREA(#15428);
#15428 = FILL_AREA_STYLE('',(#15429));
#15429 = FILL_AREA_STYLE_COLOUR('',#13581);
#15430 = OVER_RIDING_STYLED_ITEM('overriding color',(#15431),#12523,
  #12937);
#15431 = PRESENTATION_STYLE_ASSIGNMENT((#15432));
#15432 = SURFACE_STYLE_USAGE(.BOTH.,#15433);
#15433 = SURFACE_SIDE_STYLE('',(#15434));
#15434 = SURFACE_STYLE_FILL_AREA(#15435);
#15435 = FILL_AREA_STYLE('',(#15436));
#15436 = FILL_AREA_STYLE_COLOUR('',#13581);
#15437 = OVER_RIDING_STYLED_ITEM('overriding color',(#15438),#12544,
  #12937);
#15438 = PRESENTATION_STYLE_ASSIGNMENT((#15439));
#15439 = SURFACE_STYLE_USAGE(.BOTH.,#15440);
#15440 = SURFACE_SIDE_STYLE('',(#15441));
#15441 = SURFACE_STYLE_FILL_AREA(#15442);
#15442 = FILL_AREA_STYLE('',(#15443));
#15443 = FILL_AREA_STYLE_COLOUR('',#13581);
#15444 = OVER_RIDING_STYLED_ITEM('overriding color',(#15445),#12565,
  #12937);
#15445 = PRESENTATION_STYLE_ASSIGNMENT((#15446));
#15446 = SURFACE_STYLE_USAGE(.BOTH.,#15447);
#15447 = SURFACE_SIDE_STYLE('',(#15448));
#15448 = SURFACE_STYLE_FILL_AREA(#15449);
#15449 = FILL_AREA_STYLE('',(#15450));
#15450 = FILL_AREA_STYLE_COLOUR('',#13581);
#15451 = OVER_RIDING_STYLED_ITEM('overriding color',(#15452),#12586,
  #12937);
#15452 = PRESENTATION_STYLE_ASSIGNMENT((#15453));
#15453 = SURFACE_STYLE_USAGE(.BOTH.,#15454);
#15454 = SURFACE_SIDE_STYLE('',(#15455));
#15455 = SURFACE_STYLE_FILL_AREA(#15456);
#15456 = FILL_AREA_STYLE('',(#15457));
#15457 = FILL_AREA_STYLE_COLOUR('',#13581);
#15458 = OVER_RIDING_STYLED_ITEM('overriding color',(#15459),#12607,
  #12937);
#15459 = PRESENTATION_STYLE_ASSIGNMENT((#15460));
#15460 = SURFACE_STYLE_USAGE(.BOTH.,#15461);
#15461 = SURFACE_SIDE_STYLE('',(#15462));
#15462 = SURFACE_STYLE_FILL_AREA(#15463);
#15463 = FILL_AREA_STYLE('',(#15464));
#15464 = FILL_AREA_STYLE_COLOUR('',#13581);
#15465 = OVER_RIDING_STYLED_ITEM('overriding color',(#15466),#12628,
  #12937);
#15466 = PRESENTATION_STYLE_ASSIGNMENT((#15467));
#15467 = SURFACE_STYLE_USAGE(.BOTH.,#15468);
#15468 = SURFACE_SIDE_STYLE('',(#15469));
#15469 = SURFACE_STYLE_FILL_AREA(#15470);
#15470 = FILL_AREA_STYLE('',(#15471));
#15471 = FILL_AREA_STYLE_COLOUR('',#13581);
#15472 = OVER_RIDING_STYLED_ITEM('overriding color',(#15473),#12649,
  #12937);
#15473 = PRESENTATION_STYLE_ASSIGNMENT((#15474));
#15474 = SURFACE_STYLE_USAGE(.BOTH.,#15475);
#15475 = SURFACE_SIDE_STYLE('',(#15476));
#15476 = SURFACE_STYLE_FILL_AREA(#15477);
#15477 = FILL_AREA_STYLE('',(#15478));
#15478 = FILL_AREA_STYLE_COLOUR('',#13581);
#15479 = OVER_RIDING_STYLED_ITEM('overriding color',(#15480),#12666,
  #12937);
#15480 = PRESENTATION_STYLE_ASSIGNMENT((#15481));
#15481 = SURFACE_STYLE_USAGE(.BOTH.,#15482);
#15482 = SURFACE_SIDE_STYLE('',(#15483));
#15483 = SURFACE_STYLE_FILL_AREA(#15484);
#15484 = FILL_AREA_STYLE('',(#15485));
#15485 = FILL_AREA_STYLE_COLOUR('',#13581);
#15486 = OVER_RIDING_STYLED_ITEM('overriding color',(#15487),#12687,
  #12937);
#15487 = PRESENTATION_STYLE_ASSIGNMENT((#15488));
#15488 = SURFACE_STYLE_USAGE(.BOTH.,#15489);
#15489 = SURFACE_SIDE_STYLE('',(#15490));
#15490 = SURFACE_STYLE_FILL_AREA(#15491);
#15491 = FILL_AREA_STYLE('',(#15492));
#15492 = FILL_AREA_STYLE_COLOUR('',#13581);
#15493 = OVER_RIDING_STYLED_ITEM('overriding color',(#15494),#12708,
  #12937);
#15494 = PRESENTATION_STYLE_ASSIGNMENT((#15495));
#15495 = SURFACE_STYLE_USAGE(.BOTH.,#15496);
#15496 = SURFACE_SIDE_STYLE('',(#15497));
#15497 = SURFACE_STYLE_FILL_AREA(#15498);
#15498 = FILL_AREA_STYLE('',(#15499));
#15499 = FILL_AREA_STYLE_COLOUR('',#13581);
#15500 = OVER_RIDING_STYLED_ITEM('overriding color',(#15501),#12725,
  #12937);
#15501 = PRESENTATION_STYLE_ASSIGNMENT((#15502));
#15502 = SURFACE_STYLE_USAGE(.BOTH.,#15503);
#15503 = SURFACE_SIDE_STYLE('',(#15504));
#15504 = SURFACE_STYLE_FILL_AREA(#15505);
#15505 = FILL_AREA_STYLE('',(#15506));
#15506 = FILL_AREA_STYLE_COLOUR('',#13581);
#15507 = OVER_RIDING_STYLED_ITEM('overriding color',(#15508),#12746,
  #12937);
#15508 = PRESENTATION_STYLE_ASSIGNMENT((#15509));
#15509 = SURFACE_STYLE_USAGE(.BOTH.,#15510);
#15510 = SURFACE_SIDE_STYLE('',(#15511));
#15511 = SURFACE_STYLE_FILL_AREA(#15512);
#15512 = FILL_AREA_STYLE('',(#15513));
#15513 = FILL_AREA_STYLE_COLOUR('',#13581);
#15514 = OVER_RIDING_STYLED_ITEM('overriding color',(#15515),#12767,
  #12937);
#15515 = PRESENTATION_STYLE_ASSIGNMENT((#15516));
#15516 = SURFACE_STYLE_USAGE(.BOTH.,#15517);
#15517 = SURFACE_SIDE_STYLE('',(#15518));
#15518 = SURFACE_STYLE_FILL_AREA(#15519);
#15519 = FILL_AREA_STYLE('',(#15520));
#15520 = FILL_AREA_STYLE_COLOUR('',#13581);
#15521 = OVER_RIDING_STYLED_ITEM('overriding color',(#15522),#12788,
  #12937);
#15522 = PRESENTATION_STYLE_ASSIGNMENT((#15523));
#15523 = SURFACE_STYLE_USAGE(.BOTH.,#15524);
#15524 = SURFACE_SIDE_STYLE('',(#15525));
#15525 = SURFACE_STYLE_FILL_AREA(#15526);
#15526 = FILL_AREA_STYLE('',(#15527));
#15527 = FILL_AREA_STYLE_COLOUR('',#13581);
#15528 = OVER_RIDING_STYLED_ITEM('overriding color',(#15529),#12805,
  #12937);
#15529 = PRESENTATION_STYLE_ASSIGNMENT((#15530));
#15530 = SURFACE_STYLE_USAGE(.BOTH.,#15531);
#15531 = SURFACE_SIDE_STYLE('',(#15532));
#15532 = SURFACE_STYLE_FILL_AREA(#15533);
#15533 = FILL_AREA_STYLE('',(#15534));
#15534 = FILL_AREA_STYLE_COLOUR('',#13581);
#15535 = OVER_RIDING_STYLED_ITEM('overriding color',(#15536),#12826,
  #12937);
#15536 = PRESENTATION_STYLE_ASSIGNMENT((#15537));
#15537 = SURFACE_STYLE_USAGE(.BOTH.,#15538);
#15538 = SURFACE_SIDE_STYLE('',(#15539));
#15539 = SURFACE_STYLE_FILL_AREA(#15540);
#15540 = FILL_AREA_STYLE('',(#15541));
#15541 = FILL_AREA_STYLE_COLOUR('',#13581);
#15542 = OVER_RIDING_STYLED_ITEM('overriding color',(#15543),#12842,
  #12937);
#15543 = PRESENTATION_STYLE_ASSIGNMENT((#15544));
#15544 = SURFACE_STYLE_USAGE(.BOTH.,#15545);
#15545 = SURFACE_SIDE_STYLE('',(#15546));
#15546 = SURFACE_STYLE_FILL_AREA(#15547);
#15547 = FILL_AREA_STYLE('',(#15548));
#15548 = FILL_AREA_STYLE_COLOUR('',#13581);
#15549 = OVER_RIDING_STYLED_ITEM('overriding color',(#15550),#12887,
  #12937);
#15550 = PRESENTATION_STYLE_ASSIGNMENT((#15551));
#15551 = SURFACE_STYLE_USAGE(.BOTH.,#15552);
#15552 = SURFACE_SIDE_STYLE('',(#15553));
#15553 = SURFACE_STYLE_FILL_AREA(#15554);
#15554 = FILL_AREA_STYLE('',(#15555));
#15555 = FILL_AREA_STYLE_COLOUR('',#13581);
#15556 = OVER_RIDING_STYLED_ITEM('overriding color',(#15557),#12915,
  #12937);
#15557 = PRESENTATION_STYLE_ASSIGNMENT((#15558));
#15558 = SURFACE_STYLE_USAGE(.BOTH.,#15559);
#15559 = SURFACE_SIDE_STYLE('',(#15560));
#15560 = SURFACE_STYLE_FILL_AREA(#15561);
#15561 = FILL_AREA_STYLE('',(#15562));
#15562 = FILL_AREA_STYLE_COLOUR('',#12955);
ENDSEC;
END-ISO-10303-21;
