ISO-10303-21;
HEADER;
FILE_DESCRIPTION(('FreeCAD Model'),'2;1');
FILE_NAME('Open CASCADE Shape Model','2026-01-02T02:05:47',('Author'),(
    ''),'Open CASCADE STEP processor 7.8','FreeCAD','Unknown');
FILE_SCHEMA(('AUTOMOTIVE_DESIGN { 1 0 10303 214 1 1 1 1 }'));
ENDSEC;
DATA;
#1 = APPLICATION_PROTOCOL_DEFINITION('international standard',
  'automotive_design',2000,#2);
#2 = APPLICATION_CONTEXT(
  'core data for automotive mechanical design processes');
#3 = SHAPE_DEFINITION_REPRESENTATION(#4,#10);
#4 = PRODUCT_DEFINITION_SHAPE('','',#5);
#5 = PRODUCT_DEFINITION('design','',#6,#9);
#6 = PRODUCT_DEFINITION_FORMATION('','',#7);
#7 = PRODUCT(
'U1~TO-263-2_L10.0-W9.1-P5.08-LS15.2-TL~TO-263-2_L10.2-W8.7-H4.5_
LS15.2-P2.54~4IvU',
'U1~TO-263-2_L10.0-W9.1-P5.08-LS15.2-TL~TO-263-2_L10.2-W8.7-H4.5_
LS15.2-P2.54~4IvU','',(#8));
#8 = PRODUCT_CONTEXT('',#2,'mechanical');
#9 = PRODUCT_DEFINITION_CONTEXT('part definition',#2,'design');
#10 = SHAPE_REPRESENTATION('',(#11,#15),#19);
#11 = AXIS2_PLACEMENT_3D('',#12,#13,#14);
#12 = CARTESIAN_POINT('',(0.,0.,0.));
#13 = DIRECTION('',(0.,0.,1.));
#14 = DIRECTION('',(1.,0.,-0.));
#15 = AXIS2_PLACEMENT_3D('',#16,#17,#18);
#16 = CARTESIAN_POINT('',(0.,0.,0.));
#17 = DIRECTION('',(0.,0.,1.));
#18 = DIRECTION('',(1.,0.,0.));
#19 = ( GEOMETRIC_REPRESENTATION_CONTEXT(3) 
GLOBAL_UNCERTAINTY_ASSIGNED_CONTEXT((#23)) GLOBAL_UNIT_ASSIGNED_CONTEXT(
(#20,#21,#22)) REPRESENTATION_CONTEXT('Context #1',
  '3D Context with UNIT and UNCERTAINTY') );
#20 = ( LENGTH_UNIT() NAMED_UNIT(*) SI_UNIT(.MILLI.,.METRE.) );
#21 = ( NAMED_UNIT(*) PLANE_ANGLE_UNIT() SI_UNIT($,.RADIAN.) );
#22 = ( NAMED_UNIT(*) SI_UNIT($,.STERADIAN.) SOLID_ANGLE_UNIT() );
#23 = UNCERTAINTY_MEASURE_WITH_UNIT(LENGTH_MEASURE(1.E-07),#20,
  'distance_accuracy_value','confusion accuracy');
#24 = PRODUCT_RELATED_PRODUCT_CATEGORY('part',$,(#7));
#25 = SHAPE_DEFINITION_REPRESENTATION(#26,#32);
#26 = PRODUCT_DEFINITION_SHAPE('','',#27);
#27 = PRODUCT_DEFINITION('design','',#28,#31);
#28 = PRODUCT_DEFINITION_FORMATION('','',#29);
#29 = PRODUCT(
'TO-263-2_L10.0-W9.1-P5.08-LS15.2-TL~TO-263-2_L10.2-W8.7-H4.5_
LS15.2-P2.54~4IvU002',
'TO-263-2_L10.0-W9.1-P5.08-LS15.2-TL~TO-263-2_L10.2-W8.7-H4.5_
LS15.2-P2.54~4IvU002','',(#30));
#30 = PRODUCT_CONTEXT('',#2,'mechanical');
#31 = PRODUCT_DEFINITION_CONTEXT('part definition',#2,'design');
#32 = SHAPE_REPRESENTATION('',(#11,#33,#37),#41);
#33 = AXIS2_PLACEMENT_3D('',#34,#35,#36);
#34 = CARTESIAN_POINT('',(0.,0.,0.));
#35 = DIRECTION('',(0.,0.,1.));
#36 = DIRECTION('',(1.,0.,0.));
#37 = AXIS2_PLACEMENT_3D('',#38,#39,#40);
#38 = CARTESIAN_POINT('',(0.,0.,0.));
#39 = DIRECTION('',(0.,0.,1.));
#40 = DIRECTION('',(1.,0.,0.));
#41 = ( GEOMETRIC_REPRESENTATION_CONTEXT(3) 
GLOBAL_UNCERTAINTY_ASSIGNED_CONTEXT((#45)) GLOBAL_UNIT_ASSIGNED_CONTEXT(
(#42,#43,#44)) REPRESENTATION_CONTEXT('Context #1',
  '3D Context with UNIT and UNCERTAINTY') );
#42 = ( LENGTH_UNIT() NAMED_UNIT(*) SI_UNIT(.MILLI.,.METRE.) );
#43 = ( NAMED_UNIT(*) PLANE_ANGLE_UNIT() SI_UNIT($,.RADIAN.) );
#44 = ( NAMED_UNIT(*) SI_UNIT($,.STERADIAN.) SOLID_ANGLE_UNIT() );
#45 = UNCERTAINTY_MEASURE_WITH_UNIT(LENGTH_MEASURE(1.E-07),#42,
  'distance_accuracy_value','confusion accuracy');
#46 = CONTEXT_DEPENDENT_SHAPE_REPRESENTATION(#47,#49);
#47 = ( REPRESENTATION_RELATIONSHIP('','',#32,#10) 
REPRESENTATION_RELATIONSHIP_WITH_TRANSFORMATION(#48) 
SHAPE_REPRESENTATION_RELATIONSHIP() );
#48 = ITEM_DEFINED_TRANSFORMATION('','',#11,#15);
#49 = PRODUCT_DEFINITION_SHAPE('Placement','Placement of an item',#50);
#50 = NEXT_ASSEMBLY_USAGE_OCCURRENCE('3',
'TO-263-2_L10.0-W9.1-P5.08-LS15.2-TL~TO-263-2_L10.2-W8.7-H4.5_
LS15.2-P2.54~4IvU002','',#5,#27,$);
#51 = PRODUCT_RELATED_PRODUCT_CATEGORY('part',$,(#29));
#52 = SHAPE_DEFINITION_REPRESENTATION(#53,#59);
#53 = PRODUCT_DEFINITION_SHAPE('','',#54);
#54 = PRODUCT_DEFINITION('design','',#55,#58);
#55 = PRODUCT_DEFINITION_FORMATION('','',#56);
#56 = PRODUCT(
'TO-263-2_L10.0-W9.1-P5.08-LS15.2-TL~TO-263-2_L10.2-W8.7-H4.5_
LS15.2-P2.54~4IvU',
'TO-263-2_L10.0-W9.1-P5.08-LS15.2-TL~TO-263-2_L10.2-W8.7-H4.5_
LS15.2-P2.54~4IvU','',(#57));
#57 = PRODUCT_CONTEXT('',#2,'mechanical');
#58 = PRODUCT_DEFINITION_CONTEXT('part definition',#2,'design');
#59 = ADVANCED_BREP_SHAPE_REPRESENTATION('',(#11,#60),#540);
#60 = MANIFOLD_SOLID_BREP('',#61);
#61 = CLOSED_SHELL('',(#62,#102,#133,#164,#195,#226,#257,#288,#319,#350,
    #381,#412,#443,#474,#496,#518));
#62 = ADVANCED_FACE('',(#63),#97,.F.);
#63 = FACE_BOUND('',#64,.T.);
#64 = EDGE_LOOP('',(#65,#75,#83,#91));
#65 = ORIENTED_EDGE('',*,*,#66,.F.);
#66 = EDGE_CURVE('',#67,#69,#71,.T.);
#67 = VERTEX_POINT('',#68);
#68 = CARTESIAN_POINT('',(7.096585199628,-3.100000049951,0.));
#69 = VERTEX_POINT('',#70);
#70 = CARTESIAN_POINT('',(7.096585199628,-3.100000049951,1.300000020947)
  );
#71 = LINE('',#72,#73);
#72 = CARTESIAN_POINT('',(7.096585199628,-3.100000049951,-12.94203548143
    ));
#73 = VECTOR('',#74,1.);
#74 = DIRECTION('',(0.,0.,1.));
#75 = ORIENTED_EDGE('',*,*,#76,.T.);
#76 = EDGE_CURVE('',#67,#77,#79,.T.);
#77 = VERTEX_POINT('',#78);
#78 = CARTESIAN_POINT('',(7.096585199628,-5.100000082177,0.));
#79 = LINE('',#80,#81);
#80 = CARTESIAN_POINT('',(7.096585199628,-1.083185128594E-15,0.));
#81 = VECTOR('',#82,1.);
#82 = DIRECTION('',(-1.836970198721E-16,-1.,0.));
#83 = ORIENTED_EDGE('',*,*,#84,.T.);
#84 = EDGE_CURVE('',#77,#85,#87,.T.);
#85 = VERTEX_POINT('',#86);
#86 = CARTESIAN_POINT('',(7.096585199628,-5.031869968012,1.300000020947)
  );
#87 = LINE('',#88,#89);
#88 = CARTESIAN_POINT('',(7.096585199628,-5.100000082177,0.));
#89 = VECTOR('',#90,1.);
#90 = DIRECTION('',(9.613959193982E-18,5.233595624292E-02,0.998629534755
    ));
#91 = ORIENTED_EDGE('',*,*,#92,.T.);
#92 = EDGE_CURVE('',#85,#69,#93,.T.);
#93 = LINE('',#94,#95);
#94 = CARTESIAN_POINT('',(7.096585199628,-1.083185128594E-15,
    1.300000020947));
#95 = VECTOR('',#96,1.);
#96 = DIRECTION('',(1.836970198721E-16,1.,0.));
#97 = PLANE('',#98);
#98 = AXIS2_PLACEMENT_3D('',#99,#100,#101);
#99 = CARTESIAN_POINT('',(7.096585199628,-1.083185128594E-15,
    -12.94203548143));
#100 = DIRECTION('',(1.,-1.836970198721E-16,0.));
#101 = DIRECTION('',(0.,0.,1.));
#102 = ADVANCED_FACE('',(#103),#128,.F.);
#103 = FACE_BOUND('',#104,.T.);
#104 = EDGE_LOOP('',(#105,#115,#121,#122));
#105 = ORIENTED_EDGE('',*,*,#106,.F.);
#106 = EDGE_CURVE('',#107,#109,#111,.T.);
#107 = VERTEX_POINT('',#108);
#108 = CARTESIAN_POINT('',(6.096585183514,-3.100000049951,0.));
#109 = VERTEX_POINT('',#110);
#110 = CARTESIAN_POINT('',(6.096585183514,-3.100000049951,1.300000020947
    ));
#111 = LINE('',#112,#113);
#112 = CARTESIAN_POINT('',(6.096585183514,-3.100000049951,
    -12.94203548143));
#113 = VECTOR('',#114,1.);
#114 = DIRECTION('',(0.,0.,1.));
#115 = ORIENTED_EDGE('',*,*,#116,.T.);
#116 = EDGE_CURVE('',#107,#67,#117,.T.);
#117 = LINE('',#118,#119);
#118 = CARTESIAN_POINT('',(-6.30341501629,-3.100000049951,0.));
#119 = VECTOR('',#120,1.);
#120 = DIRECTION('',(1.,-6.173778888663E-16,0.));
#121 = ORIENTED_EDGE('',*,*,#66,.T.);
#122 = ORIENTED_EDGE('',*,*,#123,.T.);
#123 = EDGE_CURVE('',#69,#109,#124,.T.);
#124 = LINE('',#125,#126);
#125 = CARTESIAN_POINT('',(-6.30341501629,-3.100000049951,1.300000020947
    ));
#126 = VECTOR('',#127,1.);
#127 = DIRECTION('',(-1.,6.173778888663E-16,0.));
#128 = PLANE('',#129);
#129 = AXIS2_PLACEMENT_3D('',#130,#131,#132);
#130 = CARTESIAN_POINT('',(-6.30341501629,-3.100000049951,
    -12.94203548143));
#131 = DIRECTION('',(6.173778888663E-16,1.,0.));
#132 = DIRECTION('',(-1.,6.173778888663E-16,0.));
#133 = ADVANCED_FACE('',(#134),#159,.F.);
#134 = FACE_BOUND('',#135,.T.);
#135 = EDGE_LOOP('',(#136,#146,#152,#153));
#136 = ORIENTED_EDGE('',*,*,#137,.F.);
#137 = EDGE_CURVE('',#138,#140,#142,.T.);
#138 = VERTEX_POINT('',#139);
#139 = CARTESIAN_POINT('',(6.096585183514,-4.100000066064,0.));
#140 = VERTEX_POINT('',#141);
#141 = CARTESIAN_POINT('',(6.096585183514,-4.100000066064,1.300000020947
    ));
#142 = LINE('',#143,#144);
#143 = CARTESIAN_POINT('',(6.096585183514,-4.100000066064,
    -12.94203548143));
#144 = VECTOR('',#145,1.);
#145 = DIRECTION('',(0.,0.,1.));
#146 = ORIENTED_EDGE('',*,*,#147,.T.);
#147 = EDGE_CURVE('',#138,#107,#148,.T.);
#148 = LINE('',#149,#150);
#149 = CARTESIAN_POINT('',(6.096585183514,-8.994881057615E-16,0.));
#150 = VECTOR('',#151,1.);
#151 = DIRECTION('',(1.836970198721E-16,1.,0.));
#152 = ORIENTED_EDGE('',*,*,#106,.T.);
#153 = ORIENTED_EDGE('',*,*,#154,.T.);
#154 = EDGE_CURVE('',#109,#140,#155,.T.);
#155 = LINE('',#156,#157);
#156 = CARTESIAN_POINT('',(6.096585183514,-8.994881057615E-16,
    1.300000020947));
#157 = VECTOR('',#158,1.);
#158 = DIRECTION('',(-1.836970198721E-16,-1.,0.));
#159 = PLANE('',#160);
#160 = AXIS2_PLACEMENT_3D('',#161,#162,#163);
#161 = CARTESIAN_POINT('',(6.096585183514,-8.994881057615E-16,
    -12.94203548143));
#162 = DIRECTION('',(-1.,1.836970198721E-16,0.));
#163 = DIRECTION('',(0.,0.,-1.));
#164 = ADVANCED_FACE('',(#165),#190,.F.);
#165 = FACE_BOUND('',#166,.T.);
#166 = EDGE_LOOP('',(#167,#177,#183,#184));
#167 = ORIENTED_EDGE('',*,*,#168,.F.);
#168 = EDGE_CURVE('',#169,#171,#173,.T.);
#169 = VERTEX_POINT('',#170);
#170 = CARTESIAN_POINT('',(0.747937184086,-4.100000066064,0.));
#171 = VERTEX_POINT('',#172);
#172 = CARTESIAN_POINT('',(0.747937184086,-4.100000066064,1.300000020947
    ));
#173 = LINE('',#174,#175);
#174 = CARTESIAN_POINT('',(0.747937184086,-4.100000066064,
    -12.94203548143));
#175 = VECTOR('',#176,1.);
#176 = DIRECTION('',(0.,0.,1.));
#177 = ORIENTED_EDGE('',*,*,#178,.T.);
#178 = EDGE_CURVE('',#169,#138,#179,.T.);
#179 = LINE('',#180,#181);
#180 = CARTESIAN_POINT('',(-6.30341501629,-4.100000066064,0.));
#181 = VECTOR('',#182,1.);
#182 = DIRECTION('',(1.,-1.836970198721E-16,0.));
#183 = ORIENTED_EDGE('',*,*,#137,.T.);
#184 = ORIENTED_EDGE('',*,*,#185,.T.);
#185 = EDGE_CURVE('',#140,#171,#186,.T.);
#186 = LINE('',#187,#188);
#187 = CARTESIAN_POINT('',(-6.30341501629,-4.100000066064,1.300000020947
    ));
#188 = VECTOR('',#189,1.);
#189 = DIRECTION('',(-1.,1.836970198721E-16,0.));
#190 = PLANE('',#191);
#191 = AXIS2_PLACEMENT_3D('',#192,#193,#194);
#192 = CARTESIAN_POINT('',(-6.30341501629,-4.100000066064,
    -12.94203548143));
#193 = DIRECTION('',(1.836970198721E-16,1.,0.));
#194 = DIRECTION('',(0.,-0.,1.));
#195 = ADVANCED_FACE('',(#196),#221,.F.);
#196 = FACE_BOUND('',#197,.T.);
#197 = EDGE_LOOP('',(#198,#208,#214,#215));
#198 = ORIENTED_EDGE('',*,*,#199,.F.);
#199 = EDGE_CURVE('',#200,#202,#204,.T.);
#200 = VERTEX_POINT('',#201);
#201 = CARTESIAN_POINT('',(0.747937184086,4.100000066064,0.));
#202 = VERTEX_POINT('',#203);
#203 = CARTESIAN_POINT('',(0.747937184086,4.100000066064,1.300000020947)
  );
#204 = LINE('',#205,#206);
#205 = CARTESIAN_POINT('',(0.747937184086,4.100000066064,-12.94203548143
    ));
#206 = VECTOR('',#207,1.);
#207 = DIRECTION('',(0.,0.,1.));
#208 = ORIENTED_EDGE('',*,*,#209,.T.);
#209 = EDGE_CURVE('',#200,#169,#210,.T.);
#210 = LINE('',#211,#212);
#211 = CARTESIAN_POINT('',(0.747937184086,8.304259207834E-17,0.));
#212 = VECTOR('',#213,1.);
#213 = DIRECTION('',(-1.836970198721E-16,-1.,0.));
#214 = ORIENTED_EDGE('',*,*,#168,.T.);
#215 = ORIENTED_EDGE('',*,*,#216,.T.);
#216 = EDGE_CURVE('',#171,#202,#217,.T.);
#217 = LINE('',#218,#219);
#218 = CARTESIAN_POINT('',(0.747937184086,8.304259207834E-17,
    1.300000020947));
#219 = VECTOR('',#220,1.);
#220 = DIRECTION('',(1.836970198721E-16,1.,0.));
#221 = PLANE('',#222);
#222 = AXIS2_PLACEMENT_3D('',#223,#224,#225);
#223 = CARTESIAN_POINT('',(0.747937184086,8.304259207834E-17,
    -12.94203548143));
#224 = DIRECTION('',(1.,-1.836970198721E-16,0.));
#225 = DIRECTION('',(0.,0.,1.));
#226 = ADVANCED_FACE('',(#227),#252,.F.);
#227 = FACE_BOUND('',#228,.T.);
#228 = EDGE_LOOP('',(#229,#239,#245,#246));
#229 = ORIENTED_EDGE('',*,*,#230,.F.);
#230 = EDGE_CURVE('',#231,#233,#235,.T.);
#231 = VERTEX_POINT('',#232);
#232 = CARTESIAN_POINT('',(6.096585183514,4.100000066064,0.));
#233 = VERTEX_POINT('',#234);
#234 = CARTESIAN_POINT('',(6.096585183514,4.100000066064,1.300000020947)
  );
#235 = LINE('',#236,#237);
#236 = CARTESIAN_POINT('',(6.096585183514,4.100000066064,-12.94203548143
    ));
#237 = VECTOR('',#238,1.);
#238 = DIRECTION('',(0.,0.,1.));
#239 = ORIENTED_EDGE('',*,*,#240,.T.);
#240 = EDGE_CURVE('',#231,#200,#241,.T.);
#241 = LINE('',#242,#243);
#242 = CARTESIAN_POINT('',(-6.30341501629,4.100000066064,0.));
#243 = VECTOR('',#244,1.);
#244 = DIRECTION('',(-1.,1.836970198721E-16,0.));
#245 = ORIENTED_EDGE('',*,*,#199,.T.);
#246 = ORIENTED_EDGE('',*,*,#247,.T.);
#247 = EDGE_CURVE('',#202,#233,#248,.T.);
#248 = LINE('',#249,#250);
#249 = CARTESIAN_POINT('',(-6.30341501629,4.100000066064,1.300000020947)
  );
#250 = VECTOR('',#251,1.);
#251 = DIRECTION('',(1.,-1.836970198721E-16,0.));
#252 = PLANE('',#253);
#253 = AXIS2_PLACEMENT_3D('',#254,#255,#256);
#254 = CARTESIAN_POINT('',(-6.30341501629,4.100000066064,-12.94203548143
    ));
#255 = DIRECTION('',(-1.836970198721E-16,-1.,0.));
#256 = DIRECTION('',(0.,-0.,-1.));
#257 = ADVANCED_FACE('',(#258),#283,.F.);
#258 = FACE_BOUND('',#259,.T.);
#259 = EDGE_LOOP('',(#260,#270,#276,#277));
#260 = ORIENTED_EDGE('',*,*,#261,.F.);
#261 = EDGE_CURVE('',#262,#264,#266,.T.);
#262 = VERTEX_POINT('',#263);
#263 = CARTESIAN_POINT('',(6.096585183514,3.100000049951,0.));
#264 = VERTEX_POINT('',#265);
#265 = CARTESIAN_POINT('',(6.096585183514,3.100000049951,1.300000020947)
  );
#266 = LINE('',#267,#268);
#267 = CARTESIAN_POINT('',(6.096585183514,3.100000049951,-12.94203548143
    ));
#268 = VECTOR('',#269,1.);
#269 = DIRECTION('',(0.,0.,1.));
#270 = ORIENTED_EDGE('',*,*,#271,.T.);
#271 = EDGE_CURVE('',#262,#231,#272,.T.);
#272 = LINE('',#273,#274);
#273 = CARTESIAN_POINT('',(6.096585183514,-8.994881057615E-16,0.));
#274 = VECTOR('',#275,1.);
#275 = DIRECTION('',(1.836970198721E-16,1.,0.));
#276 = ORIENTED_EDGE('',*,*,#230,.T.);
#277 = ORIENTED_EDGE('',*,*,#278,.T.);
#278 = EDGE_CURVE('',#233,#264,#279,.T.);
#279 = LINE('',#280,#281);
#280 = CARTESIAN_POINT('',(6.096585183514,-8.994881057615E-16,
    1.300000020947));
#281 = VECTOR('',#282,1.);
#282 = DIRECTION('',(-1.836970198721E-16,-1.,0.));
#283 = PLANE('',#284);
#284 = AXIS2_PLACEMENT_3D('',#285,#286,#287);
#285 = CARTESIAN_POINT('',(6.096585183514,-8.994881057615E-16,
    -12.94203548143));
#286 = DIRECTION('',(-1.,1.836970198721E-16,0.));
#287 = DIRECTION('',(0.,0.,-1.));
#288 = ADVANCED_FACE('',(#289),#314,.F.);
#289 = FACE_BOUND('',#290,.T.);
#290 = EDGE_LOOP('',(#291,#301,#307,#308));
#291 = ORIENTED_EDGE('',*,*,#292,.F.);
#292 = EDGE_CURVE('',#293,#295,#297,.T.);
#293 = VERTEX_POINT('',#294);
#294 = CARTESIAN_POINT('',(7.096585199628,3.100000049951,0.));
#295 = VERTEX_POINT('',#296);
#296 = CARTESIAN_POINT('',(7.096585199628,3.100000049951,1.300000020947)
  );
#297 = LINE('',#298,#299);
#298 = CARTESIAN_POINT('',(7.096585199628,3.100000049951,-12.94203548143
    ));
#299 = VECTOR('',#300,1.);
#300 = DIRECTION('',(0.,0.,1.));
#301 = ORIENTED_EDGE('',*,*,#302,.T.);
#302 = EDGE_CURVE('',#293,#262,#303,.T.);
#303 = LINE('',#304,#305);
#304 = CARTESIAN_POINT('',(-6.30341501629,3.100000049951,0.));
#305 = VECTOR('',#306,1.);
#306 = DIRECTION('',(-1.,6.173778888663E-16,0.));
#307 = ORIENTED_EDGE('',*,*,#261,.T.);
#308 = ORIENTED_EDGE('',*,*,#309,.T.);
#309 = EDGE_CURVE('',#264,#295,#310,.T.);
#310 = LINE('',#311,#312);
#311 = CARTESIAN_POINT('',(-6.30341501629,3.100000049951,1.300000020947)
  );
#312 = VECTOR('',#313,1.);
#313 = DIRECTION('',(1.,-6.173778888663E-16,0.));
#314 = PLANE('',#315);
#315 = AXIS2_PLACEMENT_3D('',#316,#317,#318);
#316 = CARTESIAN_POINT('',(-6.30341501629,3.100000049951,-12.94203548143
    ));
#317 = DIRECTION('',(-6.173778888663E-16,-1.,0.));
#318 = DIRECTION('',(1.,-6.173778888663E-16,0.));
#319 = ADVANCED_FACE('',(#320),#345,.F.);
#320 = FACE_BOUND('',#321,.T.);
#321 = EDGE_LOOP('',(#322,#332,#338,#339));
#322 = ORIENTED_EDGE('',*,*,#323,.F.);
#323 = EDGE_CURVE('',#324,#326,#328,.T.);
#324 = VERTEX_POINT('',#325);
#325 = CARTESIAN_POINT('',(7.096585199628,5.100000082177,0.));
#326 = VERTEX_POINT('',#327);
#327 = CARTESIAN_POINT('',(7.096585199628,5.031869968012,1.300000020947)
  );
#328 = LINE('',#329,#330);
#329 = CARTESIAN_POINT('',(7.096585199628,5.100000082177,0.));
#330 = VECTOR('',#331,1.);
#331 = DIRECTION('',(-9.613959193982E-18,-5.233595624292E-02,
    0.998629534755));
#332 = ORIENTED_EDGE('',*,*,#333,.T.);
#333 = EDGE_CURVE('',#324,#293,#334,.T.);
#334 = LINE('',#335,#336);
#335 = CARTESIAN_POINT('',(7.096585199628,-1.083185128594E-15,0.));
#336 = VECTOR('',#337,1.);
#337 = DIRECTION('',(-1.836970198721E-16,-1.,0.));
#338 = ORIENTED_EDGE('',*,*,#292,.T.);
#339 = ORIENTED_EDGE('',*,*,#340,.T.);
#340 = EDGE_CURVE('',#295,#326,#341,.T.);
#341 = LINE('',#342,#343);
#342 = CARTESIAN_POINT('',(7.096585199628,-1.083185128594E-15,
    1.300000020947));
#343 = VECTOR('',#344,1.);
#344 = DIRECTION('',(1.836970198721E-16,1.,0.));
#345 = PLANE('',#346);
#346 = AXIS2_PLACEMENT_3D('',#347,#348,#349);
#347 = CARTESIAN_POINT('',(7.096585199628,-1.083185128594E-15,
    -12.94203548143));
#348 = DIRECTION('',(1.,-1.836970198721E-16,0.));
#349 = DIRECTION('',(0.,0.,1.));
#350 = ADVANCED_FACE('',(#351),#376,.T.);
#351 = FACE_BOUND('',#352,.T.);
#352 = EDGE_LOOP('',(#353,#363,#369,#370));
#353 = ORIENTED_EDGE('',*,*,#354,.F.);
#354 = EDGE_CURVE('',#355,#357,#359,.T.);
#355 = VERTEX_POINT('',#356);
#356 = CARTESIAN_POINT('',(8.41388213574,5.100000082177,0.));
#357 = VERTEX_POINT('',#358);
#358 = CARTESIAN_POINT('',(8.443080756097,5.031869968012,1.300000020947)
  );
#359 = LINE('',#360,#361);
#360 = CARTESIAN_POINT('',(8.406481715528,5.117267729339,-0.329486335758
    ));
#361 = VECTOR('',#362,1.);
#362 = DIRECTION('',(2.242405556899E-02,-5.232279632762E-02,
    0.998378428611));
#363 = ORIENTED_EDGE('',*,*,#364,.T.);
#364 = EDGE_CURVE('',#355,#324,#365,.T.);
#365 = LINE('',#366,#367);
#366 = CARTESIAN_POINT('',(-6.30341501629,5.100000082177,0.));
#367 = VECTOR('',#368,1.);
#368 = DIRECTION('',(-1.,1.836970198721E-16,0.));
#369 = ORIENTED_EDGE('',*,*,#323,.T.);
#370 = ORIENTED_EDGE('',*,*,#371,.T.);
#371 = EDGE_CURVE('',#326,#357,#372,.T.);
#372 = LINE('',#373,#374);
#373 = CARTESIAN_POINT('',(-6.30341501629,5.031869968012,1.300000020947)
  );
#374 = VECTOR('',#375,1.);
#375 = DIRECTION('',(1.,-1.836970198721E-16,0.));
#376 = PLANE('',#377);
#377 = AXIS2_PLACEMENT_3D('',#378,#379,#380);
#378 = CARTESIAN_POINT('',(-6.30341501629,5.100000082177,0.));
#379 = DIRECTION('',(1.834452694906E-16,0.998629534755,
    5.233595624292E-02));
#380 = DIRECTION('',(-9.613959193982E-18,-5.233595624292E-02,
    0.998629534755));
#381 = ADVANCED_FACE('',(#382),#407,.T.);
#382 = FACE_BOUND('',#383,.T.);
#383 = EDGE_LOOP('',(#384,#392,#393,#401));
#384 = ORIENTED_EDGE('',*,*,#385,.F.);
#385 = EDGE_CURVE('',#355,#386,#388,.T.);
#386 = VERTEX_POINT('',#387);
#387 = CARTESIAN_POINT('',(8.713882140574,4.400000070898,0.));
#388 = LINE('',#389,#390);
#389 = CARTESIAN_POINT('',(7.976715366041,6.120055878142,0.));
#390 = VECTOR('',#391,1.);
#391 = DIRECTION('',(0.393919298579,-0.919145030018,0.));
#392 = ORIENTED_EDGE('',*,*,#354,.T.);
#393 = ORIENTED_EDGE('',*,*,#394,.F.);
#394 = EDGE_CURVE('',#395,#357,#397,.T.);
#395 = VERTEX_POINT('',#396);
#396 = CARTESIAN_POINT('',(8.713882140574,4.400000070898,1.300000020947)
  );
#397 = LINE('',#398,#399);
#398 = CARTESIAN_POINT('',(7.976715366041,6.120055878142,1.300000020947)
  );
#399 = VECTOR('',#400,1.);
#400 = DIRECTION('',(-0.393919298579,0.919145030018,0.));
#401 = ORIENTED_EDGE('',*,*,#402,.F.);
#402 = EDGE_CURVE('',#386,#395,#403,.T.);
#403 = LINE('',#404,#405);
#404 = CARTESIAN_POINT('',(8.713882140574,4.400000070898,-12.94203548143
    ));
#405 = VECTOR('',#406,1.);
#406 = DIRECTION('',(0.,0.,1.));
#407 = PLANE('',#408);
#408 = AXIS2_PLACEMENT_3D('',#409,#410,#411);
#409 = CARTESIAN_POINT('',(7.976715366041,6.120055878142,-12.94203548143
    ));
#410 = DIRECTION('',(0.919145030018,0.393919298579,0.));
#411 = DIRECTION('',(-0.393919298579,0.919145030018,0.));
#412 = ADVANCED_FACE('',(#413),#438,.T.);
#413 = FACE_BOUND('',#414,.T.);
#414 = EDGE_LOOP('',(#415,#423,#424,#432));
#415 = ORIENTED_EDGE('',*,*,#416,.F.);
#416 = EDGE_CURVE('',#386,#417,#419,.T.);
#417 = VERTEX_POINT('',#418);
#418 = CARTESIAN_POINT('',(8.713882140574,-4.400000070898,0.));
#419 = LINE('',#420,#421);
#420 = CARTESIAN_POINT('',(8.713882140574,-1.380277756894E-15,0.));
#421 = VECTOR('',#422,1.);
#422 = DIRECTION('',(-1.836970198721E-16,-1.,0.));
#423 = ORIENTED_EDGE('',*,*,#402,.T.);
#424 = ORIENTED_EDGE('',*,*,#425,.F.);
#425 = EDGE_CURVE('',#426,#395,#428,.T.);
#426 = VERTEX_POINT('',#427);
#427 = CARTESIAN_POINT('',(8.713882140574,-4.400000070898,1.300000020947
    ));
#428 = LINE('',#429,#430);
#429 = CARTESIAN_POINT('',(8.713882140574,-1.380277756894E-15,
    1.300000020947));
#430 = VECTOR('',#431,1.);
#431 = DIRECTION('',(1.836970198721E-16,1.,0.));
#432 = ORIENTED_EDGE('',*,*,#433,.F.);
#433 = EDGE_CURVE('',#417,#426,#434,.T.);
#434 = LINE('',#435,#436);
#435 = CARTESIAN_POINT('',(8.713882140574,-4.400000070898,
    -12.94203548143));
#436 = VECTOR('',#437,1.);
#437 = DIRECTION('',(0.,0.,1.));
#438 = PLANE('',#439);
#439 = AXIS2_PLACEMENT_3D('',#440,#441,#442);
#440 = CARTESIAN_POINT('',(8.713882140574,-1.380277756894E-15,
    -12.94203548143));
#441 = DIRECTION('',(1.,-1.836970198721E-16,0.));
#442 = DIRECTION('',(0.,0.,1.));
#443 = ADVANCED_FACE('',(#444),#469,.T.);
#444 = FACE_BOUND('',#445,.T.);
#445 = EDGE_LOOP('',(#446,#454,#455,#463));
#446 = ORIENTED_EDGE('',*,*,#447,.F.);
#447 = EDGE_CURVE('',#417,#448,#450,.T.);
#448 = VERTEX_POINT('',#449);
#449 = CARTESIAN_POINT('',(8.41388213574,-5.100000082177,0.));
#450 = LINE('',#451,#452);
#451 = CARTESIAN_POINT('',(7.976715366041,-6.120055878142,0.));
#452 = VECTOR('',#453,1.);
#453 = DIRECTION('',(-0.393919298579,-0.919145030018,0.));
#454 = ORIENTED_EDGE('',*,*,#433,.T.);
#455 = ORIENTED_EDGE('',*,*,#456,.F.);
#456 = EDGE_CURVE('',#457,#426,#459,.T.);
#457 = VERTEX_POINT('',#458);
#458 = CARTESIAN_POINT('',(8.443080756097,-5.031869968012,1.300000020947
    ));
#459 = LINE('',#460,#461);
#460 = CARTESIAN_POINT('',(7.976715366041,-6.120055878142,1.300000020947
    ));
#461 = VECTOR('',#462,1.);
#462 = DIRECTION('',(0.393919298579,0.919145030018,0.));
#463 = ORIENTED_EDGE('',*,*,#464,.F.);
#464 = EDGE_CURVE('',#448,#457,#465,.T.);
#465 = LINE('',#466,#467);
#466 = CARTESIAN_POINT('',(8.406481715528,-5.117267729339,
    -0.329486335758));
#467 = VECTOR('',#468,1.);
#468 = DIRECTION('',(2.242405556899E-02,5.232279632762E-02,
    0.998378428611));
#469 = PLANE('',#470);
#470 = AXIS2_PLACEMENT_3D('',#471,#472,#473);
#471 = CARTESIAN_POINT('',(7.976715366041,-6.120055878142,
    -12.94203548143));
#472 = DIRECTION('',(0.919145030018,-0.393919298579,0.));
#473 = DIRECTION('',(0.393919298579,0.919145030018,0.));
#474 = ADVANCED_FACE('',(#475),#491,.T.);
#475 = FACE_BOUND('',#476,.T.);
#476 = EDGE_LOOP('',(#477,#483,#484,#490));
#477 = ORIENTED_EDGE('',*,*,#478,.F.);
#478 = EDGE_CURVE('',#448,#77,#479,.T.);
#479 = LINE('',#480,#481);
#480 = CARTESIAN_POINT('',(-6.30341501629,-5.100000082177,0.));
#481 = VECTOR('',#482,1.);
#482 = DIRECTION('',(-1.,1.836970198721E-16,0.));
#483 = ORIENTED_EDGE('',*,*,#464,.T.);
#484 = ORIENTED_EDGE('',*,*,#485,.F.);
#485 = EDGE_CURVE('',#85,#457,#486,.T.);
#486 = LINE('',#487,#488);
#487 = CARTESIAN_POINT('',(-6.30341501629,-5.031869968012,1.300000020947
    ));
#488 = VECTOR('',#489,1.);
#489 = DIRECTION('',(1.,-1.836970198721E-16,0.));
#490 = ORIENTED_EDGE('',*,*,#84,.F.);
#491 = PLANE('',#492);
#492 = AXIS2_PLACEMENT_3D('',#493,#494,#495);
#493 = CARTESIAN_POINT('',(-6.30341501629,-5.100000082177,0.));
#494 = DIRECTION('',(-1.834452694906E-16,-0.998629534755,
    5.233595624292E-02));
#495 = DIRECTION('',(-9.613959193982E-18,-5.233595624292E-02,
    -0.998629534755));
#496 = ADVANCED_FACE('',(#497),#513,.F.);
#497 = FACE_BOUND('',#498,.T.);
#498 = EDGE_LOOP('',(#499,#500,#501,#502,#503,#504,#505,#506,#507,#508,
    #509,#510,#511,#512));
#499 = ORIENTED_EDGE('',*,*,#92,.F.);
#500 = ORIENTED_EDGE('',*,*,#485,.T.);
#501 = ORIENTED_EDGE('',*,*,#456,.T.);
#502 = ORIENTED_EDGE('',*,*,#425,.T.);
#503 = ORIENTED_EDGE('',*,*,#394,.T.);
#504 = ORIENTED_EDGE('',*,*,#371,.F.);
#505 = ORIENTED_EDGE('',*,*,#340,.F.);
#506 = ORIENTED_EDGE('',*,*,#309,.F.);
#507 = ORIENTED_EDGE('',*,*,#278,.F.);
#508 = ORIENTED_EDGE('',*,*,#247,.F.);
#509 = ORIENTED_EDGE('',*,*,#216,.F.);
#510 = ORIENTED_EDGE('',*,*,#185,.F.);
#511 = ORIENTED_EDGE('',*,*,#154,.F.);
#512 = ORIENTED_EDGE('',*,*,#123,.F.);
#513 = PLANE('',#514);
#514 = AXIS2_PLACEMENT_3D('',#515,#516,#517);
#515 = CARTESIAN_POINT('',(-6.30341501629,1.378354977356E-15,
    1.300000020947));
#516 = DIRECTION('',(0.,-0.,-1.));
#517 = DIRECTION('',(1.836970198721E-16,1.,0.));
#518 = ADVANCED_FACE('',(#519),#535,.F.);
#519 = FACE_BOUND('',#520,.T.);
#520 = EDGE_LOOP('',(#521,#522,#523,#524,#525,#526,#527,#528,#529,#530,
    #531,#532,#533,#534));
#521 = ORIENTED_EDGE('',*,*,#116,.F.);
#522 = ORIENTED_EDGE('',*,*,#147,.F.);
#523 = ORIENTED_EDGE('',*,*,#178,.F.);
#524 = ORIENTED_EDGE('',*,*,#209,.F.);
#525 = ORIENTED_EDGE('',*,*,#240,.F.);
#526 = ORIENTED_EDGE('',*,*,#271,.F.);
#527 = ORIENTED_EDGE('',*,*,#302,.F.);
#528 = ORIENTED_EDGE('',*,*,#333,.F.);
#529 = ORIENTED_EDGE('',*,*,#364,.F.);
#530 = ORIENTED_EDGE('',*,*,#385,.T.);
#531 = ORIENTED_EDGE('',*,*,#416,.T.);
#532 = ORIENTED_EDGE('',*,*,#447,.T.);
#533 = ORIENTED_EDGE('',*,*,#478,.T.);
#534 = ORIENTED_EDGE('',*,*,#76,.F.);
#535 = PLANE('',#536);
#536 = AXIS2_PLACEMENT_3D('',#537,#538,#539);
#537 = CARTESIAN_POINT('',(-6.30341501629,1.378354977356E-15,0.));
#538 = DIRECTION('',(0.,0.,1.));
#539 = DIRECTION('',(-1.836970198721E-16,-1.,0.));
#540 = ( GEOMETRIC_REPRESENTATION_CONTEXT(3) 
GLOBAL_UNCERTAINTY_ASSIGNED_CONTEXT((#544)) GLOBAL_UNIT_ASSIGNED_CONTEXT
((#541,#542,#543)) REPRESENTATION_CONTEXT('Context #1',
  '3D Context with UNIT and UNCERTAINTY') );
#541 = ( LENGTH_UNIT() NAMED_UNIT(*) SI_UNIT(.MILLI.,.METRE.) );
#542 = ( NAMED_UNIT(*) PLANE_ANGLE_UNIT() SI_UNIT($,.RADIAN.) );
#543 = ( NAMED_UNIT(*) SI_UNIT($,.STERADIAN.) SOLID_ANGLE_UNIT() );
#544 = UNCERTAINTY_MEASURE_WITH_UNIT(LENGTH_MEASURE(1.E-07),#541,
  'distance_accuracy_value','confusion accuracy');
#545 = CONTEXT_DEPENDENT_SHAPE_REPRESENTATION(#546,#548);
#546 = ( REPRESENTATION_RELATIONSHIP('','',#59,#32) 
REPRESENTATION_RELATIONSHIP_WITH_TRANSFORMATION(#547) 
SHAPE_REPRESENTATION_RELATIONSHIP() );
#547 = ITEM_DEFINED_TRANSFORMATION('','',#11,#33);
#548 = PRODUCT_DEFINITION_SHAPE('Placement','Placement of an item',#549
  );
#549 = NEXT_ASSEMBLY_USAGE_OCCURRENCE('1',
'TO-263-2_L10.0-W9.1-P5.08-LS15.2-TL~TO-263-2_L10.2-W8.7-H4.5_
LS15.2-P2.54~4IvU','',#27,#54,$);
#550 = PRODUCT_RELATED_PRODUCT_CATEGORY('part',$,(#56));
#551 = SHAPE_DEFINITION_REPRESENTATION(#552,#558);
#552 = PRODUCT_DEFINITION_SHAPE('','',#553);
#553 = PRODUCT_DEFINITION('design','',#554,#557);
#554 = PRODUCT_DEFINITION_FORMATION('','',#555);
#555 = PRODUCT(
'TO-263-2_L10.0-W9.1-P5.08-LS15.2-TL~TO-263-2_L10.2-W8.7-H4.5_
LS15.2-P2.54~4IvU001',
'TO-263-2_L10.0-W9.1-P5.08-LS15.2-TL~TO-263-2_L10.2-W8.7-H4.5_
LS15.2-P2.54~4IvU001','',(#556));
#556 = PRODUCT_CONTEXT('',#2,'mechanical');
#557 = PRODUCT_DEFINITION_CONTEXT('part definition',#2,'design');
#558 = ADVANCED_BREP_SHAPE_REPRESENTATION('',(#11,#559),#10301);
#559 = MANIFOLD_SOLID_BREP('',#560);
#560 = CLOSED_SHELL('',(#561,#603,#2101,#2259,#2292,#2325,#2380,#2435,
    #2485,#2589,#2611,#2635,#2654,#2671,#2688,#2707,#2725,#2743,#2761,
    #2779,#2796,#2813,#2825,#2849,#2873,#2942,#2964,#2981,#2998,#3015,
    #3027,#3044,#3056,#3096,#3127,#3158,#3180,#3213,#3238,#3263,#3280,
    #3311,#3335,#3359,#3376,#3409,#3434,#3459,#3476,#3498,#3515,#3532,
    #3544,#3556,#3596,#3627,#3658,#3680,#3713,#3738,#3763,#3780,#3811,
    #3835,#3859,#3876,#3909,#3934,#3959,#3976,#3998,#4015,#4032,#4044,
    #4056,#4074,#4084,#4115,#4139,#4163,#4180,#4192,#4223,#4247,#4271,
    #4295,#4319,#4336,#4350,#4386,#4410,#4439,#4468,#4497,#4526,#4555,
    #4584,#4608,#4637,#4666,#4695,#4724,#4746,#4768,#4799,#4823,#4847,
    #4871,#4895,#4919,#4943,#4967,#4991,#5015,#5039,#5056,#5076,#5206,
    #5228,#5249,#5270,#5291,#5312,#5329,#5341,#5372,#5396,#5420,#5449,
    #5478,#5507,#5529,#5544,#5668,#5690,#5707,#5724,#5741,#5758,#5775,
    #5792,#5804,#5835,#5859,#5888,#5912,#5941,#5958,#5972,#6003,#6027,
    #6051,#6075,#6099,#6123,#6147,#6171,#6195,#6219,#6243,#6260,#6280,
    #6480,#6506,#6523,#6544,#6565,#6582,#6603,#6624,#6645,#6666,#6683,
    #6700,#6717,#6734,#6750,#6786,#6815,#6844,#6873,#6902,#6931,#6955,
    #6972,#6988,#7024,#7048,#7077,#7106,#7135,#7164,#7193,#7222,#7251,
    #7280,#7309,#7338,#7362,#7391,#7420,#7449,#7478,#7507,#7536,#7565,
    #7587,#7616,#7647,#7671,#7700,#7724,#7748,#7772,#7796,#7820,#7844,
    #7873,#7902,#7926,#7955,#7984,#8001,#8024,#8055,#8079,#8103,#8127,
    #8151,#8175,#8199,#8223,#8247,#8271,#8295,#8312,#8332,#8462,#8484,
    #8505,#8526,#8547,#8568,#8585,#8597,#8628,#8652,#8676,#8705,#8734,
    #8763,#8785,#8800,#8924,#8946,#8963,#8980,#8997,#9014,#9031,#9048,
    #9060,#9091,#9115,#9144,#9168,#9197,#9214,#9228,#9553,#9579,#9600,
    #9621,#9642,#9663,#9684,#9705,#9726,#9747,#9768,#9789,#9810,#9827,
    #9844,#9861,#9878,#9899,#9920,#9941,#9962,#9983,#10004,#10025,#10042
    ,#10063,#10084,#10101,#10122,#10143,#10164,#10181,#10202,#10218,
    #10263,#10291));
#561 = ADVANCED_FACE('',(#562),#598,.F.);
#562 = FACE_BOUND('',#563,.F.);
#563 = EDGE_LOOP('',(#564,#574,#583,#591));
#564 = ORIENTED_EDGE('',*,*,#565,.T.);
#565 = EDGE_CURVE('',#566,#568,#570,.T.);
#566 = VERTEX_POINT('',#567);
#567 = CARTESIAN_POINT('',(-5.341491558206E-02,2.040000032871,
    4.490000072348));
#568 = VERTEX_POINT('',#569);
#569 = CARTESIAN_POINT('',(-5.341491558206E-02,2.040000032871,
    4.50000007251));
#570 = LINE('',#571,#572);
#571 = CARTESIAN_POINT('',(-5.341491558206E-02,2.040000032871,
    4.490000072348));
#572 = VECTOR('',#573,1.);
#573 = DIRECTION('',(0.,0.,1.));
#574 = ORIENTED_EDGE('',*,*,#575,.F.);
#575 = EDGE_CURVE('',#576,#568,#578,.T.);
#576 = VERTEX_POINT('',#577);
#577 = CARTESIAN_POINT('',(-5.341491558206E-02,3.040000048984,
    4.50000007251));
#578 = CIRCLE('',#579,0.500000008057);
#579 = AXIS2_PLACEMENT_3D('',#580,#581,#582);
#580 = CARTESIAN_POINT('',(-5.341491558206E-02,2.540000040928,
    4.50000007251));
#581 = DIRECTION('',(0.,0.,1.));
#582 = DIRECTION('',(-1.836970198721E-16,-1.,0.));
#583 = ORIENTED_EDGE('',*,*,#584,.F.);
#584 = EDGE_CURVE('',#585,#576,#587,.T.);
#585 = VERTEX_POINT('',#586);
#586 = CARTESIAN_POINT('',(-5.341491558206E-02,3.040000048984,
    4.490000072348));
#587 = LINE('',#588,#589);
#588 = CARTESIAN_POINT('',(-5.341491558206E-02,3.040000048984,
    4.490000072348));
#589 = VECTOR('',#590,1.);
#590 = DIRECTION('',(0.,0.,1.));
#591 = ORIENTED_EDGE('',*,*,#592,.T.);
#592 = EDGE_CURVE('',#585,#566,#593,.T.);
#593 = CIRCLE('',#594,0.500000008057);
#594 = AXIS2_PLACEMENT_3D('',#595,#596,#597);
#595 = CARTESIAN_POINT('',(-5.341491558206E-02,2.540000040928,
    4.490000072348));
#596 = DIRECTION('',(0.,0.,1.));
#597 = DIRECTION('',(-1.836970198721E-16,-1.,0.));
#598 = CYLINDRICAL_SURFACE('',#599,0.500000008057);
#599 = AXIS2_PLACEMENT_3D('',#600,#601,#602);
#600 = CARTESIAN_POINT('',(-5.341491558206E-02,2.540000040928,
    4.490000072348));
#601 = DIRECTION('',(0.,0.,1.));
#602 = DIRECTION('',(-1.836970198721E-16,-1.,0.));
#603 = ADVANCED_FACE('',(#604,#898,#1025,#1214,#1336,#1402,#1464,#1562,
    #1688,#1722,#1772,#1870,#1968,#2030),#2096,.T.);
#604 = FACE_BOUND('',#605,.T.);
#605 = EDGE_LOOP('',(#606,#617,#626,#635,#644,#652,#661,#670,#679,#687,
    #696,#705,#714,#723,#732,#741,#750,#759,#768,#777,#785,#793,#801,
    #810,#819,#828,#837,#846,#855,#864,#873,#882,#891));
#606 = ORIENTED_EDGE('',*,*,#607,.F.);
#607 = EDGE_CURVE('',#608,#610,#612,.T.);
#608 = VERTEX_POINT('',#609);
#609 = CARTESIAN_POINT('',(7.171676090428,-0.486976930736,3.023385466501
    ));
#610 = VERTEX_POINT('',#611);
#611 = CARTESIAN_POINT('',(7.150072704135,-0.591473792993,3.177101547229
    ));
#612 = B_SPLINE_CURVE_WITH_KNOTS('',3,(#613,#614,#615,#616),
  .UNSPECIFIED.,.F.,.F.,(4,4),(0.,1.),.PIECEWISE_BEZIER_KNOTS.);
#613 = CARTESIAN_POINT('',(7.171676090428,-0.486976930736,3.023385466501
    ));
#614 = CARTESIAN_POINT('',(7.163490621371,-0.508070417734,3.081628105189
    ));
#615 = CARTESIAN_POINT('',(7.156106135565,-0.544848895041,3.134171451912
    ));
#616 = CARTESIAN_POINT('',(7.150072704135,-0.591473792993,3.177101547229
    ));
#617 = ORIENTED_EDGE('',*,*,#618,.F.);
#618 = EDGE_CURVE('',#619,#608,#621,.T.);
#619 = VERTEX_POINT('',#620);
#620 = CARTESIAN_POINT('',(7.207517667981,-0.295207601229,2.768359390774
    ));
#621 = B_SPLINE_CURVE_WITH_KNOTS('',3,(#622,#623,#624,#625),
  .UNSPECIFIED.,.F.,.F.,(4,4),(35.,36.),.PIECEWISE_BEZIER_KNOTS.);
#622 = CARTESIAN_POINT('',(7.207517667981,-0.295207601229,2.768359390774
    ));
#623 = CARTESIAN_POINT('',(7.191187272801,-0.296330877225,2.884556190192
    ));
#624 = CARTESIAN_POINT('',(7.17668464794,-0.375767932124,2.987747728028)
  );
#625 = CARTESIAN_POINT('',(7.171676090428,-0.486976930736,3.023385466501
    ));
#626 = ORIENTED_EDGE('',*,*,#627,.F.);
#627 = EDGE_CURVE('',#628,#619,#630,.T.);
#628 = VERTEX_POINT('',#629);
#629 = CARTESIAN_POINT('',(7.233299673073,-0.368875502725,2.584910893551
    ));
#630 = B_SPLINE_CURVE_WITH_KNOTS('',3,(#631,#632,#633,#634),
  .UNSPECIFIED.,.F.,.F.,(4,4),(34.,35.),.PIECEWISE_BEZIER_KNOTS.);
#631 = CARTESIAN_POINT('',(7.233299673073,-0.368875502725,2.584910893551
    ));
#632 = CARTESIAN_POINT('',(7.226270327339,-0.321584916679,2.634927286169
    ));
#633 = CARTESIAN_POINT('',(7.217042612004,-0.295692998923,2.700585892466
    ));
#634 = CARTESIAN_POINT('',(7.207517667981,-0.295207601229,2.768359390774
    ));
#635 = ORIENTED_EDGE('',*,*,#636,.F.);
#636 = EDGE_CURVE('',#637,#628,#639,.T.);
#637 = VERTEX_POINT('',#638);
#638 = CARTESIAN_POINT('',(7.245370388354,-0.547442378558,2.499023290326
    ));
#639 = B_SPLINE_CURVE_WITH_KNOTS('',3,(#640,#641,#642,#643),
  .UNSPECIFIED.,.F.,.F.,(4,4),(33.,34.),.PIECEWISE_BEZIER_KNOTS.);
#640 = CARTESIAN_POINT('',(7.245370388354,-0.547442378558,2.499023290326
    ));
#641 = CARTESIAN_POINT('',(7.244621520959,-0.478961225871,2.504351758714
    ));
#642 = CARTESIAN_POINT('',(7.240329018553,-0.416166014177,2.534894500363
    ));
#643 = CARTESIAN_POINT('',(7.233299673073,-0.368875502725,2.584910893551
    ));
#644 = ORIENTED_EDGE('',*,*,#645,.F.);
#645 = EDGE_CURVE('',#646,#637,#648,.T.);
#646 = VERTEX_POINT('',#647);
#647 = CARTESIAN_POINT('',(7.245256511145,-0.662811856356,2.499833568766
    ));
#648 = LINE('',#649,#650);
#649 = CARTESIAN_POINT('',(7.245364598,-0.553308610549,2.499064490836));
#650 = VECTOR('',#651,1.);
#651 = DIRECTION('',(9.870404759342E-04,0.999974850186,
    -7.023157916263E-03));
#652 = ORIENTED_EDGE('',*,*,#653,.F.);
#653 = EDGE_CURVE('',#654,#646,#656,.T.);
#654 = VERTEX_POINT('',#655);
#655 = CARTESIAN_POINT('',(7.236764162712,-0.719089016191,2.560259767682
    ));
#656 = B_SPLINE_CURVE_WITH_KNOTS('',3,(#657,#658,#659,#660),
  .UNSPECIFIED.,.F.,.F.,(4,4),(28.,29.),.PIECEWISE_BEZIER_KNOTS.);
#657 = CARTESIAN_POINT('',(7.236764162712,-0.719089016191,2.560259767682
    ));
#658 = CARTESIAN_POINT('',(7.241118418684,-0.719310912068,2.529277626573
    ));
#659 = CARTESIAN_POINT('',(7.244953492029,-0.694084683003,2.50198966181)
  );
#660 = CARTESIAN_POINT('',(7.245256511145,-0.662811856356,2.499833568766
    ));
#661 = ORIENTED_EDGE('',*,*,#662,.F.);
#662 = EDGE_CURVE('',#663,#654,#665,.T.);
#663 = VERTEX_POINT('',#664);
#664 = CARTESIAN_POINT('',(7.228387621654,-0.658041237837,2.619861954304
    ));
#665 = B_SPLINE_CURVE_WITH_KNOTS('',3,(#666,#667,#668,#669),
  .UNSPECIFIED.,.F.,.F.,(4,4),(27.,28.),.PIECEWISE_BEZIER_KNOTS.);
#666 = CARTESIAN_POINT('',(7.228387621654,-0.658041237837,2.619861954304
    ));
#667 = CARTESIAN_POINT('',(7.22835480955,-0.691283318576,2.620095424559)
  );
#668 = CARTESIAN_POINT('',(7.232137769634,-0.71885325202,2.593178264909)
  );
#669 = CARTESIAN_POINT('',(7.236764162712,-0.719089016191,2.560259767682
    ));
#670 = ORIENTED_EDGE('',*,*,#671,.F.);
#671 = EDGE_CURVE('',#672,#663,#674,.T.);
#672 = VERTEX_POINT('',#673);
#673 = CARTESIAN_POINT('',(7.228671339467,-0.646322642149,2.617843197166
    ));
#674 = B_SPLINE_CURVE_WITH_KNOTS('',3,(#675,#676,#677,#678),
  .UNSPECIFIED.,.F.,.F.,(4,4),(26.,27.),.PIECEWISE_BEZIER_KNOTS.);
#675 = CARTESIAN_POINT('',(7.228671339467,-0.646322642149,2.617843197166
    ));
#676 = CARTESIAN_POINT('',(7.228667479207,-0.650233488341,2.617870664347
    ));
#677 = CARTESIAN_POINT('',(7.228391481841,-0.654130466239,2.619834487647
    ));
#678 = CARTESIAN_POINT('',(7.228387621654,-0.658041237837,2.619861954304
    ));
#679 = ORIENTED_EDGE('',*,*,#680,.F.);
#680 = EDGE_CURVE('',#681,#672,#683,.T.);
#681 = VERTEX_POINT('',#682);
#682 = CARTESIAN_POINT('',(7.228758194999,-0.558328938507,2.617225187947
    ));
#683 = LINE('',#684,#685);
#684 = CARTESIAN_POINT('',(7.228758194999,-0.558328938507,2.617225187947
    ));
#685 = VECTOR('',#686,1.);
#686 = DIRECTION('',(-9.870404758005E-04,-0.999974850186,
    7.02315791623E-03));
#687 = ORIENTED_EDGE('',*,*,#688,.F.);
#688 = EDGE_CURVE('',#689,#681,#691,.T.);
#689 = VERTEX_POINT('',#690);
#690 = CARTESIAN_POINT('',(7.207670147832,-0.416457254433,2.767274440262
    ));
#691 = B_SPLINE_CURVE_WITH_KNOTS('',3,(#692,#693,#694,#695),
  .UNSPECIFIED.,.F.,.F.,(4,4),(24.,25.),.PIECEWISE_BEZIER_KNOTS.);
#692 = CARTESIAN_POINT('',(7.207670147832,-0.416457254433,2.767274440262
    ));
#693 = CARTESIAN_POINT('',(7.21882794044,-0.417025863214,2.68788262057)
  );
#694 = CARTESIAN_POINT('',(7.228020908386,-0.478115247244,2.622471254791
    ));
#695 = CARTESIAN_POINT('',(7.228758194999,-0.558328938507,2.617225187947
    ));
#696 = ORIENTED_EDGE('',*,*,#697,.F.);
#697 = EDGE_CURVE('',#698,#689,#700,.T.);
#698 = VERTEX_POINT('',#699);
#699 = CARTESIAN_POINT('',(7.186292582227,-0.567897915835,2.919383723307
    ));
#700 = B_SPLINE_CURVE_WITH_KNOTS('',3,(#701,#702,#703,#704),
  .UNSPECIFIED.,.F.,.F.,(4,4),(23.,24.),.PIECEWISE_BEZIER_KNOTS.);
#701 = CARTESIAN_POINT('',(7.186292582227,-0.567897915835,2.919383723307
    ));
#702 = CARTESIAN_POINT('',(7.186375577498,-0.483815058384,2.918793181269
    ));
#703 = CARTESIAN_POINT('',(7.195968075823,-0.415860908801,2.850539009124
    ));
#704 = CARTESIAN_POINT('',(7.207670147832,-0.416457254433,2.767274440262
    ));
#705 = ORIENTED_EDGE('',*,*,#706,.F.);
#706 = EDGE_CURVE('',#707,#698,#709,.T.);
#707 = VERTEX_POINT('',#708);
#708 = CARTESIAN_POINT('',(7.186277141258,-0.583541226009,2.919493591508
    ));
#709 = B_SPLINE_CURVE_WITH_KNOTS('',3,(#710,#711,#712,#713),
  .UNSPECIFIED.,.F.,.F.,(4,4),(22.,23.),.PIECEWISE_BEZIER_KNOTS.);
#710 = CARTESIAN_POINT('',(7.186277141258,-0.583541226009,2.919493591508
    ));
#711 = CARTESIAN_POINT('',(7.186282931612,-0.577674994018,2.919452390998
    ));
#712 = CARTESIAN_POINT('',(7.186286791873,-0.573764147826,2.919424923817
    ));
#713 = CARTESIAN_POINT('',(7.186292582227,-0.567897915835,2.919383723307
    ));
#714 = ORIENTED_EDGE('',*,*,#715,.F.);
#715 = EDGE_CURVE('',#716,#707,#718,.T.);
#716 = VERTEX_POINT('',#717);
#717 = CARTESIAN_POINT('',(7.151989266824,-0.855565851926,3.163464495099
    ));
#718 = B_SPLINE_CURVE_WITH_KNOTS('',3,(#719,#720,#721,#722),
  .UNSPECIFIED.,.F.,.F.,(4,4),(21.,22.),.PIECEWISE_BEZIER_KNOTS.);
#719 = CARTESIAN_POINT('',(7.151989266824,-0.855565851926,3.163464495099
    ));
#720 = CARTESIAN_POINT('',(7.152128235689,-0.714775911178,3.162475680244
    ));
#721 = CARTESIAN_POINT('',(7.167211812244,-0.598213740794,3.055150456324
    ));
#722 = CARTESIAN_POINT('',(7.186277141258,-0.583541226009,2.919493591508
    ));
#723 = ORIENTED_EDGE('',*,*,#724,.F.);
#724 = EDGE_CURVE('',#725,#716,#727,.T.);
#725 = VERTEX_POINT('',#726);
#726 = CARTESIAN_POINT('',(7.177856176612,-1.118922878253,2.979411868386
    ));
#727 = B_SPLINE_CURVE_WITH_KNOTS('',3,(#728,#729,#730,#731),
  .UNSPECIFIED.,.F.,.F.,(4,4),(20.,21.),.PIECEWISE_BEZIER_KNOTS.);
#728 = CARTESIAN_POINT('',(7.177856176612,-1.118922878253,2.979411868386
    ));
#729 = CARTESIAN_POINT('',(7.162652953,-1.080993390346,3.087588425355));
#730 = CARTESIAN_POINT('',(7.151867669095,-0.978757022107,3.164329707901
    ));
#731 = CARTESIAN_POINT('',(7.151989266824,-0.855565851926,3.163464495099
    ));
#732 = ORIENTED_EDGE('',*,*,#733,.F.);
#733 = EDGE_CURVE('',#734,#725,#736,.T.);
#734 = VERTEX_POINT('',#735);
#735 = CARTESIAN_POINT('',(7.173671761244,-1.222351864486,3.009185530796
    ));
#736 = B_SPLINE_CURVE_WITH_KNOTS('',3,(#737,#738,#739,#740),
  .UNSPECIFIED.,.F.,.F.,(4,4),(19.,20.),.PIECEWISE_BEZIER_KNOTS.);
#737 = CARTESIAN_POINT('',(7.173671761244,-1.222351864486,3.009185530796
    ));
#738 = CARTESIAN_POINT('',(7.173708433573,-1.185198974851,3.008924593623
    ));
#739 = CARTESIAN_POINT('',(7.175377954486,-1.148129296303,2.997045335068
    ));
#740 = CARTESIAN_POINT('',(7.177856176612,-1.118922878253,2.979411868386
    ));
#741 = ORIENTED_EDGE('',*,*,#742,.F.);
#742 = EDGE_CURVE('',#743,#734,#745,.T.);
#743 = VERTEX_POINT('',#744);
#744 = CARTESIAN_POINT('',(7.200692874732,-1.419280278691,2.816920318022
    ));
#745 = B_SPLINE_CURVE_WITH_KNOTS('',3,(#746,#747,#748,#749),
  .UNSPECIFIED.,.F.,.F.,(4,4),(18.,19.),.PIECEWISE_BEZIER_KNOTS.);
#746 = CARTESIAN_POINT('',(7.200692874732,-1.419280278691,2.816920318022
    ));
#747 = CARTESIAN_POINT('',(7.185725105553,-1.418517510886,2.92342152965)
  );
#748 = CARTESIAN_POINT('',(7.173565604484,-1.329899724493,3.009940875397
    ));
#749 = CARTESIAN_POINT('',(7.173671761244,-1.222351864486,3.009185530796
    ));
#750 = ORIENTED_EDGE('',*,*,#751,.F.);
#751 = EDGE_CURVE('',#752,#743,#754,.T.);
#752 = VERTEX_POINT('',#753);
#753 = CARTESIAN_POINT('',(7.225845679901,-1.303231243116,2.63794880969)
  );
#754 = B_SPLINE_CURVE_WITH_KNOTS('',3,(#755,#756,#757,#758),
  .UNSPECIFIED.,.F.,.F.,(4,4),(17.,18.),.PIECEWISE_BEZIER_KNOTS.);
#755 = CARTESIAN_POINT('',(7.225845679901,-1.303231243116,2.63794880969)
  );
#756 = CARTESIAN_POINT('',(7.221423864436,-1.371448894252,2.669411661568
    ));
#757 = CARTESIAN_POINT('',(7.21185066734,-1.419848887471,2.737528498331)
  );
#758 = CARTESIAN_POINT('',(7.200692874732,-1.419280278691,2.816920318022
    ));
#759 = ORIENTED_EDGE('',*,*,#760,.F.);
#760 = EDGE_CURVE('',#761,#752,#763,.T.);
#761 = VERTEX_POINT('',#762);
#762 = CARTESIAN_POINT('',(7.208065787395,-1.118506859325,2.76445931849)
  );
#763 = B_SPLINE_CURVE_WITH_KNOTS('',3,(#764,#765,#766,#767),
  .UNSPECIFIED.,.F.,.F.,(4,4),(16.,17.),.PIECEWISE_BEZIER_KNOTS.);
#764 = CARTESIAN_POINT('',(7.208065787395,-1.118506859325,2.76445931849)
  );
#765 = CARTESIAN_POINT('',(7.207982792088,-1.202589754073,2.76504986079)
  );
#766 = CARTESIAN_POINT('',(7.215531330704,-1.275328428295,2.711339217674
    ));
#767 = CARTESIAN_POINT('',(7.225845679901,-1.303231243116,2.63794880969)
  );
#768 = ORIENTED_EDGE('',*,*,#769,.F.);
#769 = EDGE_CURVE('',#770,#761,#772,.T.);
#770 = VERTEX_POINT('',#771);
#771 = CARTESIAN_POINT('',(7.217463348342,-0.972322215723,2.697592197869
    ));
#772 = B_SPLINE_CURVE_WITH_KNOTS('',3,(#773,#774,#775,#776),
  .UNSPECIFIED.,.F.,.F.,(4,4),(15.,16.),.PIECEWISE_BEZIER_KNOTS.);
#773 = CARTESIAN_POINT('',(7.217463348342,-0.972322215723,2.697592197869
    ));
#774 = CARTESIAN_POINT('',(7.211713638692,-1.007228443593,2.738503507824
    ));
#775 = CARTESIAN_POINT('',(7.208123691083,-1.05984439023,2.764047312344)
  );
#776 = CARTESIAN_POINT('',(7.208065787395,-1.118506859325,2.76445931849)
  );
#777 = ORIENTED_EDGE('',*,*,#778,.F.);
#778 = EDGE_CURVE('',#779,#770,#781,.T.);
#779 = VERTEX_POINT('',#780);
#780 = CARTESIAN_POINT('',(7.19867209676,-0.709325732503,2.831298900418)
  );
#781 = LINE('',#782,#783);
#782 = CARTESIAN_POINT('',(7.19867209676,-0.709325732503,2.831298900418)
  );
#783 = VECTOR('',#784,1.);
#784 = DIRECTION('',(6.356317713143E-02,-0.88961035806,-0.452275506019)
  );
#785 = ORIENTED_EDGE('',*,*,#786,.F.);
#786 = EDGE_CURVE('',#787,#779,#789,.T.);
#787 = VERTEX_POINT('',#788);
#788 = CARTESIAN_POINT('',(7.213155420319,-0.649442908561,2.728244698489
    ));
#789 = LINE('',#790,#791);
#790 = CARTESIAN_POINT('',(7.213155420319,-0.649442908561,2.728244698489
    ));
#791 = VECTOR('',#792,1.);
#792 = DIRECTION('',(-0.120627835817,-0.498748469261,0.858311650647));
#793 = ORIENTED_EDGE('',*,*,#794,.F.);
#794 = EDGE_CURVE('',#795,#787,#797,.T.);
#795 = VERTEX_POINT('',#796);
#796 = CARTESIAN_POINT('',(7.233023655149,-0.924227367029,2.586874861944
    ));
#797 = LINE('',#798,#799);
#798 = CARTESIAN_POINT('',(7.233023655149,-0.924227367029,2.586874861944
    ));
#799 = VECTOR('',#800,1.);
#800 = DIRECTION('',(-6.416233382336E-02,0.887386942263,0.456538727405)
  );
#801 = ORIENTED_EDGE('',*,*,#802,.F.);
#802 = EDGE_CURVE('',#803,#795,#805,.T.);
#803 = VERTEX_POINT('',#804);
#804 = CARTESIAN_POINT('',(7.235745067727,-0.924366052084,2.567511005284
    ));
#805 = B_SPLINE_CURVE_WITH_KNOTS('',3,(#806,#807,#808,#809),
  .UNSPECIFIED.,.F.,.F.,(4,4),(11.,12.),.PIECEWISE_BEZIER_KNOTS.);
#806 = CARTESIAN_POINT('',(7.235745067727,-0.924366052084,2.567511005284
    ));
#807 = CARTESIAN_POINT('',(7.23492864603,-0.924324446674,2.573320147509)
  );
#808 = CARTESIAN_POINT('',(7.234112224332,-0.924282841263,2.579129289734
    ));
#809 = CARTESIAN_POINT('',(7.233023655149,-0.924227367029,2.586874861944
    ));
#810 = ORIENTED_EDGE('',*,*,#811,.F.);
#811 = EDGE_CURVE('',#812,#803,#814,.T.);
#812 = VERTEX_POINT('',#813);
#813 = CARTESIAN_POINT('',(7.262766181214,-1.12129446629,2.37524579251)
  );
#814 = B_SPLINE_CURVE_WITH_KNOTS('',3,(#815,#816,#817,#818),
  .UNSPECIFIED.,.F.,.F.,(4,4),(10.,11.),.PIECEWISE_BEZIER_KNOTS.);
#815 = CARTESIAN_POINT('',(7.262766181214,-1.12129446629,2.37524579251)
  );
#816 = CARTESIAN_POINT('',(7.262872337975,-1.013746606283,2.374490447909
    ));
#817 = CARTESIAN_POINT('',(7.250712836906,-0.925128819889,2.461009793656
    ));
#818 = CARTESIAN_POINT('',(7.235745067727,-0.924366052084,2.567511005284
    ));
#819 = ORIENTED_EDGE('',*,*,#820,.F.);
#820 = EDGE_CURVE('',#821,#812,#823,.T.);
#821 = VERTEX_POINT('',#822);
#822 = CARTESIAN_POINT('',(7.244077216064,-1.306115912135,2.508224689281
    ));
#823 = B_SPLINE_CURVE_WITH_KNOTS('',3,(#824,#825,#826,#827),
  .UNSPECIFIED.,.F.,.F.,(4,4),(9.,10.),.PIECEWISE_BEZIER_KNOTS.);
#824 = CARTESIAN_POINT('',(7.244077216064,-1.306115912135,2.508224689281
    ));
#825 = CARTESIAN_POINT('',(7.254987957978,-1.281250245353,2.430590726619
    ));
#826 = CARTESIAN_POINT('',(7.262681255776,-1.207332784133,2.3758500684)
  );
#827 = CARTESIAN_POINT('',(7.262766181214,-1.12129446629,2.37524579251)
  );
#828 = ORIENTED_EDGE('',*,*,#829,.F.);
#829 = EDGE_CURVE('',#830,#821,#832,.T.);
#830 = VERTEX_POINT('',#831);
#831 = CARTESIAN_POINT('',(7.230860027932,-1.461883474894,2.602269869529
    ));
#832 = B_SPLINE_CURVE_WITH_KNOTS('',3,(#833,#834,#835,#836),
  .UNSPECIFIED.,.F.,.F.,(4,4),(8.,9.),.PIECEWISE_BEZIER_KNOTS.);
#833 = CARTESIAN_POINT('',(7.230860027932,-1.461883474894,2.602269869529
    ));
#834 = CARTESIAN_POINT('',(7.237433884973,-1.419197178966,2.555494446185
    ));
#835 = CARTESIAN_POINT('',(7.241840254278,-1.366622837739,2.524141499441
    ));
#836 = CARTESIAN_POINT('',(7.244077216064,-1.306115912135,2.508224689281
    ));
#837 = ORIENTED_EDGE('',*,*,#838,.F.);
#838 = EDGE_CURVE('',#839,#830,#841,.T.);
#839 = VERTEX_POINT('',#840);
#840 = CARTESIAN_POINT('',(7.201115571902,-1.542499261111,2.813912671377
    ));
#841 = B_SPLINE_CURVE_WITH_KNOTS('',3,(#842,#843,#844,#845),
  .UNSPECIFIED.,.F.,.F.,(4,4),(7.,8.),.PIECEWISE_BEZIER_KNOTS.);
#842 = CARTESIAN_POINT('',(7.201115571902,-1.542499261111,2.813912671377
    ));
#843 = CARTESIAN_POINT('',(7.212001222214,-1.543054001332,2.736457244737
    ));
#844 = CARTESIAN_POINT('',(7.222643687265,-1.514263638714,2.660732171146
    ));
#845 = CARTESIAN_POINT('',(7.230860027932,-1.461883474894,2.602269869529
    ));
#846 = ORIENTED_EDGE('',*,*,#847,.F.);
#847 = EDGE_CURVE('',#848,#839,#850,.T.);
#848 = VERTEX_POINT('',#849);
#849 = CARTESIAN_POINT('',(7.170182187976,-1.449013664533,3.034015134778
    ));
#850 = B_SPLINE_CURVE_WITH_KNOTS('',3,(#851,#852,#853,#854),
  .UNSPECIFIED.,.F.,.F.,(4,4),(6.,7.),.PIECEWISE_BEZIER_KNOTS.);
#851 = CARTESIAN_POINT('',(7.170182187976,-1.449013664533,3.034015134778
    ));
#852 = CARTESIAN_POINT('',(7.178288519376,-1.508092239945,2.976335589772
    ));
#853 = CARTESIAN_POINT('',(7.189413499893,-1.541902915478,2.897177240237
    ));
#854 = CARTESIAN_POINT('',(7.201115571902,-1.542499261111,2.813912671377
    ));
#855 = ORIENTED_EDGE('',*,*,#856,.F.);
#856 = EDGE_CURVE('',#857,#848,#859,.T.);
#857 = VERTEX_POINT('',#858);
#858 = CARTESIAN_POINT('',(7.157341371218,-1.223475178043,3.125382293543
    ));
#859 = B_SPLINE_CURVE_WITH_KNOTS('',3,(#860,#861,#862,#863),
  .UNSPECIFIED.,.F.,.F.,(4,4),(5.,6.),.PIECEWISE_BEZIER_KNOTS.);
#860 = CARTESIAN_POINT('',(7.157341371218,-1.223475178043,3.125382293543
    ));
#861 = CARTESIAN_POINT('',(7.157258375929,-1.307558054142,3.125972835712
    ));
#862 = CARTESIAN_POINT('',(7.161805641763,-1.387965848617,3.093617358073
    ));
#863 = CARTESIAN_POINT('',(7.170182187976,-1.449013664533,3.034015134778
    ));
#864 = ORIENTED_EDGE('',*,*,#865,.F.);
#865 = EDGE_CURVE('',#866,#857,#868,.T.);
#866 = VERTEX_POINT('',#867);
#867 = CARTESIAN_POINT('',(7.157930046027,-1.178528370306,3.121193654631
    ));
#868 = B_SPLINE_CURVE_WITH_KNOTS('',3,(#869,#870,#871,#872),
  .UNSPECIFIED.,.F.,.F.,(4,4),(4.,5.),.PIECEWISE_BEZIER_KNOTS.);
#869 = CARTESIAN_POINT('',(7.157930046027,-1.178528370306,3.121193654631
    ));
#870 = CARTESIAN_POINT('',(7.157642462763,-1.194157811921,3.123239915884
    ));
#871 = CARTESIAN_POINT('',(7.157356812187,-1.207831867869,3.125272425342
    ));
#872 = CARTESIAN_POINT('',(7.157341371218,-1.223475178043,3.125382293543
    ));
#873 = ORIENTED_EDGE('',*,*,#874,.F.);
#874 = EDGE_CURVE('',#875,#866,#877,.T.);
#875 = VERTEX_POINT('',#876);
#876 = CARTESIAN_POINT('',(7.146040755826,-1.091879875502,3.20579035015)
  );
#877 = B_SPLINE_CURVE_WITH_KNOTS('',3,(#878,#879,#880,#881),
  .UNSPECIFIED.,.F.,.F.,(4,4),(3.,4.),.PIECEWISE_BEZIER_KNOTS.);
#878 = CARTESIAN_POINT('',(7.146040755826,-1.091879875502,3.20579035015)
  );
#879 = CARTESIAN_POINT('',(7.149273639594,-1.125288378348,3.182787186873
    ));
#880 = CARTESIAN_POINT('',(7.153328736747,-1.152872217382,3.153933671367
    ));
#881 = CARTESIAN_POINT('',(7.157930046027,-1.178528370306,3.121193654631
    ));
#882 = ORIENTED_EDGE('',*,*,#883,.F.);
#883 = EDGE_CURVE('',#884,#875,#886,.T.);
#884 = VERTEX_POINT('',#885);
#885 = CARTESIAN_POINT('',(7.135658861263,-0.856689127393,3.279661368385
    ));
#886 = B_SPLINE_CURVE_WITH_KNOTS('',3,(#887,#888,#889,#890),
  .UNSPECIFIED.,.F.,.F.,(4,4),(2.,3.),.PIECEWISE_BEZIER_KNOTS.);
#887 = CARTESIAN_POINT('',(7.135658861263,-0.856689127393,3.279661368385
    ));
#888 = CARTESIAN_POINT('',(7.135573935862,-0.942727407939,3.280265644013
    ));
#889 = CARTESIAN_POINT('',(7.139304778359,-1.023093615569,3.253719320271
    ));
#890 = CARTESIAN_POINT('',(7.146040755826,-1.091879875502,3.20579035015)
  );
#891 = ORIENTED_EDGE('',*,*,#892,.F.);
#892 = EDGE_CURVE('',#610,#884,#893,.T.);
#893 = B_SPLINE_CURVE_WITH_KNOTS('',3,(#894,#895,#896,#897),
  .UNSPECIFIED.,.F.,.F.,(4,4),(1.,2.),.PIECEWISE_BEZIER_KNOTS.);
#894 = CARTESIAN_POINT('',(7.150072704135,-0.591473792993,3.177101547229
    ));
#895 = CARTESIAN_POINT('',(7.141018697128,-0.665321911536,3.241524154555
    ));
#896 = CARTESIAN_POINT('',(7.135755367409,-0.758918345568,3.278974691475
    ));
#897 = CARTESIAN_POINT('',(7.135658861263,-0.856689127393,3.279661368385
    ));
#898 = FACE_BOUND('',#899,.T.);
#899 = EDGE_LOOP('',(#900,#910,#918,#927,#936,#944,#953,#962,#970,#978,
    #986,#994,#1002,#1010,#1019));
#900 = ORIENTED_EDGE('',*,*,#901,.F.);
#901 = EDGE_CURVE('',#902,#904,#906,.T.);
#902 = VERTEX_POINT('',#903);
#903 = CARTESIAN_POINT('',(7.219084712776,0.654040461746,2.686055590465)
  );
#904 = VERTEX_POINT('',#905);
#905 = CARTESIAN_POINT('',(7.219049460719,0.618326288897,2.686306423072)
  );
#906 = LINE('',#907,#908);
#907 = CARTESIAN_POINT('',(7.219049460555,0.618326288897,2.686306423049)
  );
#908 = VECTOR('',#909,1.);
#909 = DIRECTION('',(-9.870404757812E-04,-0.999974850186,
    7.023157916234E-03));
#910 = ORIENTED_EDGE('',*,*,#911,.F.);
#911 = EDGE_CURVE('',#912,#902,#914,.T.);
#912 = VERTEX_POINT('',#913);
#913 = CARTESIAN_POINT('',(7.25046320587,0.563292082904,2.462786011957)
  );
#914 = LINE('',#915,#916);
#915 = CARTESIAN_POINT('',(7.219084712776,0.654040461746,2.686055590465)
  );
#916 = VECTOR('',#917,1.);
#917 = DIRECTION('',(-0.129107538129,0.373386312958,0.918647867735));
#918 = ORIENTED_EDGE('',*,*,#919,.F.);
#919 = EDGE_CURVE('',#920,#912,#922,.T.);
#920 = VERTEX_POINT('',#921);
#921 = CARTESIAN_POINT('',(7.259141233009,0.49275373953,2.401038640401)
  );
#922 = B_SPLINE_CURVE_WITH_KNOTS('',3,(#923,#924,#925,#926),
  .UNSPECIFIED.,.F.,.F.,(4,4),(1.,2.),.PIECEWISE_BEZIER_KNOTS.);
#923 = CARTESIAN_POINT('',(7.259141233009,0.49275373953,2.401038640401)
  );
#924 = CARTESIAN_POINT('',(7.259171002929,0.52291393668,2.400826815224)
  );
#925 = CARTESIAN_POINT('',(7.256278304084,0.546403283312,2.421409437005)
  );
#926 = CARTESIAN_POINT('',(7.25046320587,0.563292082904,2.462786011957)
  );
#927 = ORIENTED_EDGE('',*,*,#928,.F.);
#928 = EDGE_CURVE('',#929,#920,#931,.T.);
#929 = VERTEX_POINT('',#930);
#930 = CARTESIAN_POINT('',(7.258727930275,0.470557781431,2.403979442165)
  );
#931 = B_SPLINE_CURVE_WITH_KNOTS('',3,(#932,#933,#934,#935),
  .UNSPECIFIED.,.F.,.F.,(4,4),(2.,3.),.PIECEWISE_BEZIER_KNOTS.);
#932 = CARTESIAN_POINT('',(7.258727930275,0.470557781431,2.403979442165)
  );
#933 = CARTESIAN_POINT('',(7.258988360623,0.476661220995,2.402126382764)
  );
#934 = CARTESIAN_POINT('',(7.259132697367,0.484106410276,2.401099373465)
  );
#935 = CARTESIAN_POINT('',(7.259141233009,0.49275373953,2.401038640401)
  );
#936 = ORIENTED_EDGE('',*,*,#937,.F.);
#937 = EDGE_CURVE('',#938,#929,#940,.T.);
#938 = VERTEX_POINT('',#939);
#939 = CARTESIAN_POINT('',(7.254461951629,0.470775178635,2.434333457459)
  );
#940 = LINE('',#941,#942);
#941 = CARTESIAN_POINT('',(7.258727930111,0.470557781431,2.403979442142)
  );
#942 = VECTOR('',#943,1.);
#943 = DIRECTION('',(0.139169600782,-7.092178509957E-03,-0.990243163684)
  );
#944 = ORIENTED_EDGE('',*,*,#945,.F.);
#945 = EDGE_CURVE('',#946,#938,#948,.T.);
#946 = VERTEX_POINT('',#947);
#947 = CARTESIAN_POINT('',(7.255029167061,0.490291626239,2.430297509944)
  );
#948 = B_SPLINE_CURVE_WITH_KNOTS('',3,(#949,#950,#951,#952),
  .UNSPECIFIED.,.F.,.F.,(4,4),(4.,5.),.PIECEWISE_BEZIER_KNOTS.);
#949 = CARTESIAN_POINT('',(7.255029167061,0.490291626239,2.430297509944)
  );
#950 = CARTESIAN_POINT('',(7.255022921425,0.483964312152,2.430341948765)
  );
#951 = CARTESIAN_POINT('',(7.25484041878,0.477505366199,2.431640522559)
  );
#952 = CARTESIAN_POINT('',(7.254461951629,0.470775178635,2.434333457459)
  );
#953 = ORIENTED_EDGE('',*,*,#954,.F.);
#954 = EDGE_CURVE('',#955,#946,#957,.T.);
#955 = VERTEX_POINT('',#956);
#956 = CARTESIAN_POINT('',(7.251208967169,0.525780433421,2.457479644596)
  );
#957 = B_SPLINE_CURVE_WITH_KNOTS('',3,(#958,#959,#960,#961),
  .UNSPECIFIED.,.F.,.F.,(4,4),(5.,6.),.PIECEWISE_BEZIER_KNOTS.);
#958 = CARTESIAN_POINT('',(7.251208967169,0.525780433421,2.457479644596)
  );
#959 = CARTESIAN_POINT('',(7.253784333894,0.517845111043,2.439154956982)
  );
#960 = CARTESIAN_POINT('',(7.255044711184,0.506039607969,2.430186906577)
  );
#961 = CARTESIAN_POINT('',(7.255029167061,0.490291626239,2.430297509944)
  );
#962 = ORIENTED_EDGE('',*,*,#963,.F.);
#963 = EDGE_CURVE('',#964,#955,#966,.T.);
#964 = VERTEX_POINT('',#965);
#965 = CARTESIAN_POINT('',(7.246253434724,0.541148981402,2.492740090111)
  );
#966 = LINE('',#967,#968);
#967 = CARTESIAN_POINT('',(7.251208967005,0.525780433421,2.457479644573)
  );
#968 = VECTOR('',#969,1.);
#969 = DIRECTION('',(0.127778972314,-0.396279771914,-0.909194630762));
#970 = ORIENTED_EDGE('',*,*,#971,.F.);
#971 = EDGE_CURVE('',#972,#964,#974,.T.);
#972 = VERTEX_POINT('',#973);
#973 = CARTESIAN_POINT('',(7.218898597869,0.465486501936,2.687379868028)
  );
#974 = LINE('',#975,#976);
#975 = CARTESIAN_POINT('',(7.24625343456,0.541148981402,2.492740090088)
  );
#976 = VECTOR('',#977,1.);
#977 = DIRECTION('',(0.129882134825,0.359249240323,-0.924159409615));
#978 = ORIENTED_EDGE('',*,*,#979,.F.);
#979 = EDGE_CURVE('',#980,#972,#982,.T.);
#980 = VERTEX_POINT('',#981);
#981 = CARTESIAN_POINT('',(7.218936625855,0.50401281438,2.687109284847)
  );
#982 = LINE('',#983,#984);
#983 = CARTESIAN_POINT('',(7.218898597705,0.465486501936,2.687379868005)
  );
#984 = VECTOR('',#985,1.);
#985 = DIRECTION('',(-9.870404758073E-04,-0.999974850186,
    7.023157916226E-03));
#986 = ORIENTED_EDGE('',*,*,#987,.F.);
#987 = EDGE_CURVE('',#988,#980,#990,.T.);
#988 = VERTEX_POINT('',#989);
#989 = CARTESIAN_POINT('',(7.239534428431,0.554287265363,2.540548304049)
  );
#990 = LINE('',#991,#992);
#991 = CARTESIAN_POINT('',(7.218936625691,0.50401281438,2.687109284824)
  );
#992 = VECTOR('',#993,1.);
#993 = DIRECTION('',(-0.131777775639,-0.321638936845,0.937647594863));
#994 = ORIENTED_EDGE('',*,*,#995,.F.);
#995 = EDGE_CURVE('',#996,#988,#998,.T.);
#996 = VERTEX_POINT('',#997);
#997 = CARTESIAN_POINT('',(7.241788993659,0.558390792742,2.524506238892)
  );
#998 = LINE('',#999,#1000);
#999 = CARTESIAN_POINT('',(7.239534428264,0.554287265355,2.540548304049)
  );
#1000 = VECTOR('',#1001,1.);
#1001 = DIRECTION('',(-0.134912060138,-0.245553034399,0.959949187888));
#1002 = ORIENTED_EDGE('',*,*,#1003,.F.);
#1003 = EDGE_CURVE('',#1004,#996,#1006,.T.);
#1004 = VERTEX_POINT('',#1005);
#1005 = CARTESIAN_POINT('',(7.241789895779,0.559304738104,2.524499819971
    ));
#1006 = LINE('',#1007,#1008);
#1007 = CARTESIAN_POINT('',(7.241788993492,0.558390792736,2.524506238892
    ));
#1008 = VECTOR('',#1009,1.);
#1009 = DIRECTION('',(-9.870404757915E-04,-0.999974850186,
    7.023157915807E-03));
#1010 = ORIENTED_EDGE('',*,*,#1011,.F.);
#1011 = EDGE_CURVE('',#1012,#1004,#1014,.T.);
#1012 = VERTEX_POINT('',#1013);
#1013 = CARTESIAN_POINT('',(7.239582795267,0.563635635038,2.540204156132
    ));
#1014 = B_SPLINE_CURVE_WITH_KNOTS('',3,(#1015,#1016,#1017,#1018),
  .UNSPECIFIED.,.F.,.F.,(4,4),(12.,13.),.PIECEWISE_BEZIER_KNOTS.);
#1015 = CARTESIAN_POINT('',(7.239582795267,0.563635635038,2.540204156132
    ));
#1016 = CARTESIAN_POINT('',(7.240539580039,0.561477665833,2.533396277546
    ));
#1017 = CARTESIAN_POINT('',(7.241281803112,0.560033701108,2.528115085959
    ));
#1018 = CARTESIAN_POINT('',(7.241789895779,0.559304738104,2.524499819971
    ));
#1019 = ORIENTED_EDGE('',*,*,#1020,.F.);
#1020 = EDGE_CURVE('',#904,#1012,#1021,.T.);
#1021 = LINE('',#1022,#1023);
#1022 = CARTESIAN_POINT('',(7.239582795103,0.563635635038,2.540204156109
    ));
#1023 = VECTOR('',#1024,1.);
#1024 = DIRECTION('',(0.130495883209,-0.347576530354,-0.92852645628));
#1025 = FACE_BOUND('',#1026,.T.);
#1026 = EDGE_LOOP('',(#1027,#1037,#1046,#1055,#1064,#1073,#1082,#1091,
    #1100,#1109,#1118,#1126,#1135,#1144,#1153,#1162,#1171,#1180,#1189,
    #1198,#1207));
#1027 = ORIENTED_EDGE('',*,*,#1028,.F.);
#1028 = EDGE_CURVE('',#1029,#1031,#1033,.T.);
#1029 = VERTEX_POINT('',#1030);
#1030 = CARTESIAN_POINT('',(7.240177692244,0.313804454457,2.535971243005
    ));
#1031 = VERTEX_POINT('',#1032);
#1032 = CARTESIAN_POINT('',(7.245128575718,0.313552154033,2.500743876634
    ));
#1033 = LINE('',#1034,#1035);
#1034 = CARTESIAN_POINT('',(7.245128575718,0.313552154033,2.500743876634
    ));
#1035 = VECTOR('',#1036,1.);
#1036 = DIRECTION('',(0.139169600782,-7.092178509959E-03,-0.990243163684
    ));
#1037 = ORIENTED_EDGE('',*,*,#1038,.F.);
#1038 = EDGE_CURVE('',#1039,#1029,#1041,.T.);
#1039 = VERTEX_POINT('',#1040);
#1040 = CARTESIAN_POINT('',(7.242875399684,0.370334440577,2.516776057168
    ));
#1041 = B_SPLINE_CURVE_WITH_KNOTS('',3,(#1042,#1043,#1044,#1045),
  .UNSPECIFIED.,.F.,.F.,(4,4),(0.,1.),.PIECEWISE_BEZIER_KNOTS.);
#1042 = CARTESIAN_POINT('',(7.242875399684,0.370334440577,2.516776057168
    ));
#1043 = CARTESIAN_POINT('',(7.242855414173,0.350087035497,2.516918261467
    ));
#1044 = CARTESIAN_POINT('',(7.241956224622,0.331290575783,2.523316327571
    ));
#1045 = CARTESIAN_POINT('',(7.240177692244,0.313804454457,2.535971243005
    ));
#1046 = ORIENTED_EDGE('',*,*,#1047,.F.);
#1047 = EDGE_CURVE('',#1048,#1039,#1050,.T.);
#1048 = VERTEX_POINT('',#1049);
#1049 = CARTESIAN_POINT('',(7.239217023584,0.41115833511,2.542806756889)
  );
#1050 = B_SPLINE_CURVE_WITH_KNOTS('',3,(#1051,#1052,#1053,#1054),
  .UNSPECIFIED.,.F.,.F.,(4,4),(1.,2.),.PIECEWISE_BEZIER_KNOTS.);
#1051 = CARTESIAN_POINT('',(7.239217023584,0.41115833511,2.542806756889)
  );
#1052 = CARTESIAN_POINT('',(7.241682680803,0.411032683515,2.52526269298)
  );
#1053 = CARTESIAN_POINT('',(7.242902116426,0.397401284174,2.51658595767)
  );
#1054 = CARTESIAN_POINT('',(7.242875399684,0.370334440577,2.516776057168
    ));
#1055 = ORIENTED_EDGE('',*,*,#1056,.F.);
#1056 = EDGE_CURVE('',#1057,#1048,#1059,.T.);
#1057 = VERTEX_POINT('',#1058);
#1058 = CARTESIAN_POINT('',(7.236605641411,0.402432727626,2.561387705347
    ));
#1059 = B_SPLINE_CURVE_WITH_KNOTS('',3,(#1060,#1061,#1062,#1063),
  .UNSPECIFIED.,.F.,.F.,(4,4),(2.,3.),.PIECEWISE_BEZIER_KNOTS.);
#1060 = CARTESIAN_POINT('',(7.236605641411,0.402432727626,2.561387705347
    ));
#1061 = CARTESIAN_POINT('',(7.237296375347,0.408303317554,2.556472878014
    ));
#1062 = CARTESIAN_POINT('',(7.238160313113,0.411212185793,2.550325641389
    ));
#1063 = CARTESIAN_POINT('',(7.239217023584,0.41115833511,2.542806756889)
  );
#1064 = ORIENTED_EDGE('',*,*,#1065,.F.);
#1065 = EDGE_CURVE('',#1066,#1057,#1068,.T.);
#1066 = VERTEX_POINT('',#1067);
#1067 = CARTESIAN_POINT('',(7.234123953546,0.366491691687,2.57904583204)
  );
#1068 = B_SPLINE_CURVE_WITH_KNOTS('',3,(#1069,#1070,#1071,#1072),
  .UNSPECIFIED.,.F.,.F.,(4,4),(3.,4.),.PIECEWISE_BEZIER_KNOTS.);
#1069 = CARTESIAN_POINT('',(7.234123953546,0.366491691687,2.57904583204)
  );
#1070 = CARTESIAN_POINT('',(7.235081155284,0.384582124798,2.572234987779
    ));
#1071 = CARTESIAN_POINT('',(7.235914907475,0.396562137698,2.566302532681
    ));
#1072 = CARTESIAN_POINT('',(7.236605641411,0.402432727626,2.561387705347
    ));
#1073 = ORIENTED_EDGE('',*,*,#1074,.F.);
#1074 = EDGE_CURVE('',#1075,#1066,#1077,.T.);
#1075 = VERTEX_POINT('',#1076);
#1076 = CARTESIAN_POINT('',(7.230461897646,0.324283175753,2.605102713711
    ));
#1077 = B_SPLINE_CURVE_WITH_KNOTS('',3,(#1078,#1079,#1080,#1081),
  .UNSPECIFIED.,.F.,.F.,(4,4),(4.,5.),.PIECEWISE_BEZIER_KNOTS.);
#1078 = CARTESIAN_POINT('',(7.230461897646,0.324283175753,2.605102713711
    ));
#1079 = CARTESIAN_POINT('',(7.231661973179,0.330690265493,2.5965637326)
  );
#1080 = CARTESIAN_POINT('',(7.232889250777,0.344829741882,2.587831198743
    ));
#1081 = CARTESIAN_POINT('',(7.234123953546,0.366491691687,2.57904583204)
  );
#1082 = ORIENTED_EDGE('',*,*,#1083,.F.);
#1083 = EDGE_CURVE('',#1084,#1075,#1086,.T.);
#1084 = VERTEX_POINT('',#1085);
#1085 = CARTESIAN_POINT('',(7.226127567088,0.314731379571,2.635943078137
    ));
#1086 = B_SPLINE_CURVE_WITH_KNOTS('',3,(#1087,#1088,#1089,#1090),
  .UNSPECIFIED.,.F.,.F.,(4,4),(5.,6.),.PIECEWISE_BEZIER_KNOTS.);
#1087 = CARTESIAN_POINT('',(7.226127567088,0.314731379571,2.635943078137
    ));
#1088 = CARTESIAN_POINT('',(7.227810476095,0.314645617371,2.623968558341
    ));
#1089 = CARTESIAN_POINT('',(7.229261752719,0.317805782524,2.613642188587
    ));
#1090 = CARTESIAN_POINT('',(7.230461897646,0.324283175753,2.605102713711
    ));
#1091 = ORIENTED_EDGE('',*,*,#1092,.F.);
#1092 = EDGE_CURVE('',#1093,#1084,#1095,.T.);
#1093 = VERTEX_POINT('',#1094);
#1094 = CARTESIAN_POINT('',(7.22031788145,0.337103851382,2.677281139422)
  );
#1095 = B_SPLINE_CURVE_WITH_KNOTS('',3,(#1096,#1097,#1098,#1099),
  .UNSPECIFIED.,.F.,.F.,(4,4),(6.,7.),.PIECEWISE_BEZIER_KNOTS.);
#1096 = CARTESIAN_POINT('',(7.22031788145,0.337103851382,2.677281139422)
  );
#1097 = CARTESIAN_POINT('',(7.221771031279,0.322335629384,2.666941441124
    ));
#1098 = CARTESIAN_POINT('',(7.223701047124,0.314855036696,2.653208664816
    ));
#1099 = CARTESIAN_POINT('',(7.226127567088,0.314731379571,2.635943078137
    ));
#1100 = ORIENTED_EDGE('',*,*,#1101,.F.);
#1101 = EDGE_CURVE('',#1102,#1093,#1104,.T.);
#1102 = VERTEX_POINT('',#1103);
#1103 = CARTESIAN_POINT('',(7.218199465768,0.391629445607,2.692354450219
    ));
#1104 = B_SPLINE_CURVE_WITH_KNOTS('',3,(#1105,#1106,#1107,#1108),
  .UNSPECIFIED.,.F.,.F.,(4,4),(7.,8.),.PIECEWISE_BEZIER_KNOTS.);
#1105 = CARTESIAN_POINT('',(7.218199465768,0.391629445607,2.692354450219
    ));
#1106 = CARTESIAN_POINT('',(7.218178231163,0.370116577709,2.692505542288
    ));
#1107 = CARTESIAN_POINT('',(7.218884369723,0.351941379634,2.687481105356
    ));
#1108 = CARTESIAN_POINT('',(7.22031788145,0.337103851382,2.677281139422)
  );
#1109 = ORIENTED_EDGE('',*,*,#1110,.F.);
#1110 = EDGE_CURVE('',#1111,#1102,#1113,.T.);
#1111 = VERTEX_POINT('',#1112);
#1112 = CARTESIAN_POINT('',(7.219458664668,0.438108527333,2.683394784494
    ));
#1113 = B_SPLINE_CURVE_WITH_KNOTS('',3,(#1114,#1115,#1116,#1117),
  .UNSPECIFIED.,.F.,.F.,(4,4),(8.,9.),.PIECEWISE_BEZIER_KNOTS.);
#1114 = CARTESIAN_POINT('',(7.219458664668,0.438108527333,2.683394784494
    ));
#1115 = CARTESIAN_POINT('',(7.21862262247,0.423808499266,2.689343533836)
  );
#1116 = CARTESIAN_POINT('',(7.218215981573,0.408361676193,2.692236934166
    ));
#1117 = CARTESIAN_POINT('',(7.218199465768,0.391629445607,2.692354450219
    ));
#1118 = ORIENTED_EDGE('',*,*,#1119,.F.);
#1119 = EDGE_CURVE('',#1120,#1111,#1122,.T.);
#1120 = VERTEX_POINT('',#1121);
#1121 = CARTESIAN_POINT('',(7.224116017502,0.437871185432,2.650255997156
    ));
#1122 = LINE('',#1123,#1124);
#1123 = CARTESIAN_POINT('',(7.219458664668,0.438108527333,2.683394784494
    ));
#1124 = VECTOR('',#1125,1.);
#1125 = DIRECTION('',(-0.139169600782,7.092178509968E-03,0.990243163684)
  );
#1126 = ORIENTED_EDGE('',*,*,#1127,.F.);
#1127 = EDGE_CURVE('',#1128,#1120,#1130,.T.);
#1128 = VERTEX_POINT('',#1129);
#1129 = CARTESIAN_POINT('',(7.222090308017,0.388056428352,2.664669669085
    ));
#1130 = B_SPLINE_CURVE_WITH_KNOTS('',3,(#1131,#1132,#1133,#1134),
  .UNSPECIFIED.,.F.,.F.,(4,4),(10.,11.),.PIECEWISE_BEZIER_KNOTS.);
#1131 = CARTESIAN_POINT('',(7.222090308017,0.388056428352,2.664669669085
    ));
#1132 = CARTESIAN_POINT('',(7.222108697463,0.406686853166,2.664538821379
    ));
#1133 = CARTESIAN_POINT('',(7.222790410598,0.423244570787,2.659688180379
    ));
#1134 = CARTESIAN_POINT('',(7.224116017502,0.437871185432,2.650255997156
    ));
#1135 = ORIENTED_EDGE('',*,*,#1136,.F.);
#1136 = EDGE_CURVE('',#1137,#1128,#1139,.T.);
#1137 = VERTEX_POINT('',#1138);
#1138 = CARTESIAN_POINT('',(7.223081094769,0.360867425052,2.657619855029
    ));
#1139 = B_SPLINE_CURVE_WITH_KNOTS('',3,(#1140,#1141,#1142,#1143),
  .UNSPECIFIED.,.F.,.F.,(4,4),(11.,12.),.PIECEWISE_BEZIER_KNOTS.);
#1140 = CARTESIAN_POINT('',(7.223081094769,0.360867425052,2.657619855029
    ));
#1141 = CARTESIAN_POINT('',(7.22240305996,0.367862373768,2.662444323381)
  );
#1142 = CARTESIAN_POINT('',(7.222079343744,0.376948476954,2.664747683944
    ));
#1143 = CARTESIAN_POINT('',(7.222090308017,0.388056428352,2.664669669085
    ));
#1144 = ORIENTED_EDGE('',*,*,#1145,.F.);
#1145 = EDGE_CURVE('',#1146,#1137,#1148,.T.);
#1146 = VERTEX_POINT('',#1147);
#1147 = CARTESIAN_POINT('',(7.225732099519,0.350256581118,2.638756976097
    ));
#1148 = B_SPLINE_CURVE_WITH_KNOTS('',3,(#1149,#1150,#1151,#1152),
  .UNSPECIFIED.,.F.,.F.,(4,4),(12.,13.),.PIECEWISE_BEZIER_KNOTS.);
#1149 = CARTESIAN_POINT('',(7.225732099519,0.350256581118,2.638756976097
    ));
#1150 = CARTESIAN_POINT('',(7.224636251794,0.350312426271,2.646554337823
    ));
#1151 = CARTESIAN_POINT('',(7.223739560869,0.35387347357,2.65293462528)
  );
#1152 = CARTESIAN_POINT('',(7.223081094769,0.360867425052,2.657619855029
    ));
#1153 = ORIENTED_EDGE('',*,*,#1154,.F.);
#1154 = EDGE_CURVE('',#1155,#1146,#1157,.T.);
#1155 = VERTEX_POINT('',#1156);
#1156 = CARTESIAN_POINT('',(7.228283456912,0.357649413999,2.620603124956
    ));
#1157 = B_SPLINE_CURVE_WITH_KNOTS('',3,(#1158,#1159,#1160,#1161),
  .UNSPECIFIED.,.F.,.F.,(4,4),(13.,14.),.PIECEWISE_BEZIER_KNOTS.);
#1158 = CARTESIAN_POINT('',(7.228283456912,0.357649413999,2.620603124956
    ));
#1159 = CARTESIAN_POINT('',(7.227671899938,0.3526887805,2.624954578935)
  );
#1160 = CARTESIAN_POINT('',(7.226827947245,0.350200735965,2.63095961437)
  );
#1161 = CARTESIAN_POINT('',(7.225732099519,0.350256581118,2.638756976097
    ));
#1162 = ORIENTED_EDGE('',*,*,#1163,.F.);
#1163 = EDGE_CURVE('',#1164,#1155,#1166,.T.);
#1164 = VERTEX_POINT('',#1165);
#1165 = CARTESIAN_POINT('',(7.230664733647,0.390994206988,2.603659460577
    ));
#1166 = B_SPLINE_CURVE_WITH_KNOTS('',3,(#1167,#1168,#1169,#1170),
  .UNSPECIFIED.,.F.,.F.,(4,4),(14.,15.),.PIECEWISE_BEZIER_KNOTS.);
#1167 = CARTESIAN_POINT('',(7.230664733647,0.390994206988,2.603659460577
    ));
#1168 = CARTESIAN_POINT('',(7.229708364639,0.373747415756,2.610464379658
    ));
#1169 = CARTESIAN_POINT('',(7.22891465199,0.362679353754,2.616111938608)
  );
#1170 = CARTESIAN_POINT('',(7.228283456912,0.357649413999,2.620603124956
    ));
#1171 = ORIENTED_EDGE('',*,*,#1172,.F.);
#1172 = EDGE_CURVE('',#1173,#1164,#1175,.T.);
#1173 = VERTEX_POINT('',#1174);
#1174 = CARTESIAN_POINT('',(7.234250527139,0.435245513067,2.578145214132
    ));
#1175 = B_SPLINE_CURVE_WITH_KNOTS('',3,(#1176,#1177,#1178,#1179),
  .UNSPECIFIED.,.F.,.F.,(4,4),(15.,16.),.PIECEWISE_BEZIER_KNOTS.);
#1176 = CARTESIAN_POINT('',(7.234250527139,0.435245513067,2.578145214132
    ));
#1177 = CARTESIAN_POINT('',(7.233029633802,0.427573957746,2.586832321614
    ));
#1178 = CARTESIAN_POINT('',(7.231821369761,0.412871056202,2.595429566987
    ));
#1179 = CARTESIAN_POINT('',(7.230664733647,0.390994206988,2.603659460577
    ));
#1180 = ORIENTED_EDGE('',*,*,#1181,.F.);
#1181 = EDGE_CURVE('',#1182,#1173,#1184,.T.);
#1182 = VERTEX_POINT('',#1183);
#1183 = CARTESIAN_POINT('',(7.238782279645,0.446544924147,2.545900119561
    ));
#1184 = B_SPLINE_CURVE_WITH_KNOTS('',3,(#1185,#1186,#1187,#1188),
  .UNSPECIFIED.,.F.,.F.,(4,4),(16.,17.),.PIECEWISE_BEZIER_KNOTS.);
#1185 = CARTESIAN_POINT('',(7.238782279645,0.446544924147,2.545900119561
    ));
#1186 = CARTESIAN_POINT('',(7.236981958381,0.446636669756,2.558710070969
    ));
#1187 = CARTESIAN_POINT('',(7.235471351081,0.4428467649,2.569458600415)
  );
#1188 = CARTESIAN_POINT('',(7.234250527139,0.435245513067,2.578145214132
    ));
#1189 = ORIENTED_EDGE('',*,*,#1190,.F.);
#1190 = EDGE_CURVE('',#1191,#1182,#1193,.T.);
#1191 = VERTEX_POINT('',#1192);
#1192 = CARTESIAN_POINT('',(7.244670170727,0.424098159907,2.50400559763)
  );
#1193 = B_SPLINE_CURVE_WITH_KNOTS('',3,(#1194,#1195,#1196,#1197),
  .UNSPECIFIED.,.F.,.F.,(4,4),(17.,18.),.PIECEWISE_BEZIER_KNOTS.);
#1194 = CARTESIAN_POINT('',(7.244670170727,0.424098159907,2.50400559763)
  );
#1195 = CARTESIAN_POINT('',(7.24325622771,0.438934690924,2.514066324961)
  );
#1196 = CARTESIAN_POINT('',(7.241287074446,0.446417278083,2.528077578471
    ));
#1197 = CARTESIAN_POINT('',(7.238782279645,0.446544924147,2.545900119561
    ));
#1198 = ORIENTED_EDGE('',*,*,#1199,.F.);
#1199 = EDGE_CURVE('',#1200,#1191,#1202,.T.);
#1200 = VERTEX_POINT('',#1201);
#1201 = CARTESIAN_POINT('',(7.246785810642,0.366760426088,2.488952037432
    ));
#1202 = B_SPLINE_CURVE_WITH_KNOTS('',3,(#1203,#1204,#1205,#1206),
  .UNSPECIFIED.,.F.,.F.,(4,4),(18.,19.),.PIECEWISE_BEZIER_KNOTS.);
#1203 = CARTESIAN_POINT('',(7.246785810642,0.366760426088,2.488952037432
    ));
#1204 = CARTESIAN_POINT('',(7.246808918889,0.390171488212,2.48878761371)
  );
#1205 = CARTESIAN_POINT('',(7.246103751847,0.409330935145,2.493805137933
    ));
#1206 = CARTESIAN_POINT('',(7.244670170727,0.424098159907,2.50400559763)
  );
#1207 = ORIENTED_EDGE('',*,*,#1208,.F.);
#1208 = EDGE_CURVE('',#1031,#1200,#1209,.T.);
#1209 = B_SPLINE_CURVE_WITH_KNOTS('',3,(#1210,#1211,#1212,#1213),
  .UNSPECIFIED.,.F.,.F.,(4,4),(19.,20.),.PIECEWISE_BEZIER_KNOTS.);
#1210 = CARTESIAN_POINT('',(7.245128575718,0.313552154033,2.500743876634
    ));
#1211 = CARTESIAN_POINT('',(7.246200275158,0.328683857159,2.493118338886
    ));
#1212 = CARTESIAN_POINT('',(7.246765686343,0.346372414028,2.489095229261
    ));
#1213 = CARTESIAN_POINT('',(7.246785810642,0.366760426088,2.488952037432
    ));
#1214 = FACE_BOUND('',#1215,.T.);
#1215 = EDGE_LOOP('',(#1216,#1226,#1235,#1244,#1252,#1260,#1268,#1276,
    #1285,#1294,#1303,#1312,#1320,#1329));
#1216 = ORIENTED_EDGE('',*,*,#1217,.F.);
#1217 = EDGE_CURVE('',#1218,#1220,#1222,.T.);
#1218 = VERTEX_POINT('',#1219);
#1219 = CARTESIAN_POINT('',(7.220484766046,0.129478698356,2.676093693817
    ));
#1220 = VERTEX_POINT('',#1221);
#1221 = CARTESIAN_POINT('',(7.22514211888,0.129241356454,2.642954906477)
  );
#1222 = LINE('',#1223,#1224);
#1223 = CARTESIAN_POINT('',(7.22514211888,0.129241356454,2.642954906477)
  );
#1224 = VECTOR('',#1225,1.);
#1225 = DIRECTION('',(0.139169600782,-7.092178509956E-03,-0.990243163684
    ));
#1226 = ORIENTED_EDGE('',*,*,#1227,.F.);
#1227 = EDGE_CURVE('',#1228,#1218,#1230,.T.);
#1228 = VERTEX_POINT('',#1229);
#1229 = CARTESIAN_POINT('',(7.218007590984,0.197240296138,2.693719710249
    ));
#1230 = B_SPLINE_CURVE_WITH_KNOTS('',3,(#1231,#1232,#1233,#1234),
  .UNSPECIFIED.,.F.,.F.,(4,4),(0.,1.),.PIECEWISE_BEZIER_KNOTS.);
#1231 = CARTESIAN_POINT('',(7.218007590984,0.197240296138,2.693719710249
    ));
#1232 = CARTESIAN_POINT('',(7.217982331519,0.171649825828,2.693899440683
    ));
#1233 = CARTESIAN_POINT('',(7.218801510505,0.149039524482,2.688070679328
    ));
#1234 = CARTESIAN_POINT('',(7.220484766046,0.129478698356,2.676093693817
    ));
#1235 = ORIENTED_EDGE('',*,*,#1236,.F.);
#1236 = EDGE_CURVE('',#1237,#1228,#1239,.T.);
#1237 = VERTEX_POINT('',#1238);
#1238 = CARTESIAN_POINT('',(7.228449095199,0.267718286412,2.619424548493
    ));
#1239 = B_SPLINE_CURVE_WITH_KNOTS('',3,(#1240,#1241,#1242,#1243),
  .UNSPECIFIED.,.F.,.F.,(4,4),(1.,2.),.PIECEWISE_BEZIER_KNOTS.);
#1240 = CARTESIAN_POINT('',(7.228449095199,0.267718286412,2.619424548493
    ));
#1241 = CARTESIAN_POINT('',(7.221521771913,0.26807130756,2.668715013672)
  );
#1242 = CARTESIAN_POINT('',(7.218054293237,0.244554544815,2.693387406452
    ));
#1243 = CARTESIAN_POINT('',(7.218007590984,0.197240296138,2.693719710249
    ));
#1244 = ORIENTED_EDGE('',*,*,#1245,.F.);
#1245 = EDGE_CURVE('',#1246,#1237,#1248,.T.);
#1246 = VERTEX_POINT('',#1247);
#1247 = CARTESIAN_POINT('',(7.246041364772,0.266821772255,2.494249045037
    ));
#1248 = LINE('',#1249,#1250);
#1249 = CARTESIAN_POINT('',(7.228449095035,0.267718286412,2.61942454847)
  );
#1250 = VECTOR('',#1251,1.);
#1251 = DIRECTION('',(-0.139169600782,7.09217850996E-03,0.990243163684)
  );
#1252 = ORIENTED_EDGE('',*,*,#1253,.F.);
#1253 = EDGE_CURVE('',#1254,#1246,#1256,.T.);
#1254 = VERTEX_POINT('',#1255);
#1255 = CARTESIAN_POINT('',(7.246007361645,0.232373062222,2.494490989852
    ));
#1256 = LINE('',#1257,#1258);
#1257 = CARTESIAN_POINT('',(7.246041364772,0.266821772255,2.494249045037
    ));
#1258 = VECTOR('',#1259,1.);
#1259 = DIRECTION('',(9.870404757733E-04,0.999974850186,
    -7.023157916231E-03));
#1260 = ORIENTED_EDGE('',*,*,#1261,.F.);
#1261 = EDGE_CURVE('',#1262,#1254,#1264,.T.);
#1262 = VERTEX_POINT('',#1263);
#1263 = CARTESIAN_POINT('',(7.241780520418,0.232588464956,2.52456652794)
  );
#1264 = LINE('',#1265,#1266);
#1265 = CARTESIAN_POINT('',(7.246007361645,0.232373062222,2.494490989852
    ));
#1266 = VECTOR('',#1267,1.);
#1267 = DIRECTION('',(0.139169600782,-7.092178509951E-03,-0.990243163684
    ));
#1268 = ORIENTED_EDGE('',*,*,#1269,.F.);
#1269 = EDGE_CURVE('',#1270,#1262,#1272,.T.);
#1270 = VERTEX_POINT('',#1271);
#1271 = CARTESIAN_POINT('',(7.241779618295,0.231674519588,2.524572946884
    ));
#1272 = LINE('',#1273,#1274);
#1273 = CARTESIAN_POINT('',(7.241780520418,0.232588464956,2.52456652794)
  );
#1274 = VECTOR('',#1275,1.);
#1275 = DIRECTION('',(9.870404747796E-04,0.999974850186,
    -7.023157916199E-03));
#1276 = ORIENTED_EDGE('',*,*,#1277,.F.);
#1277 = EDGE_CURVE('',#1278,#1270,#1280,.T.);
#1278 = VERTEX_POINT('',#1279);
#1279 = CARTESIAN_POINT('',(7.246592825552,0.171246420781,2.490325197701
    ));
#1280 = B_SPLINE_CURVE_WITH_KNOTS('',3,(#1281,#1282,#1283,#1284),
  .UNSPECIFIED.,.F.,.F.,(4,4),(6.,7.),.PIECEWISE_BEZIER_KNOTS.);
#1281 = CARTESIAN_POINT('',(7.246592825552,0.171246420781,2.490325197701
    ));
#1282 = CARTESIAN_POINT('',(7.246618987141,0.197750836459,2.490139048322
    ));
#1283 = CARTESIAN_POINT('',(7.245014630984,0.217940405055,2.50155463554)
  );
#1284 = CARTESIAN_POINT('',(7.241779618295,0.231674519588,2.524572946884
    ));
#1285 = ORIENTED_EDGE('',*,*,#1286,.F.);
#1286 = EDGE_CURVE('',#1287,#1278,#1289,.T.);
#1287 = VERTEX_POINT('',#1288);
#1288 = CARTESIAN_POINT('',(7.244395438908,0.125940062167,2.505960416093
    ));
#1289 = B_SPLINE_CURVE_WITH_KNOTS('',3,(#1290,#1291,#1292,#1293),
  .UNSPECIFIED.,.F.,.F.,(4,4),(7.,8.),.PIECEWISE_BEZIER_KNOTS.);
#1290 = CARTESIAN_POINT('',(7.244395438908,0.125940062167,2.505960416093
    ));
#1291 = CARTESIAN_POINT('',(7.245835057755,0.137115822398,2.49571699574)
  );
#1292 = CARTESIAN_POINT('',(7.246574019741,0.152194175029,2.490459007997
    ));
#1293 = CARTESIAN_POINT('',(7.246592825552,0.171246420781,2.490325197701
    ));
#1294 = ORIENTED_EDGE('',*,*,#1295,.F.);
#1295 = EDGE_CURVE('',#1296,#1287,#1298,.T.);
#1296 = VERTEX_POINT('',#1297);
#1297 = CARTESIAN_POINT('',(7.238566877628,0.109363403359,2.54743278455)
  );
#1298 = B_SPLINE_CURVE_WITH_KNOTS('',3,(#1299,#1300,#1301,#1302),
  .UNSPECIFIED.,.F.,.F.,(4,4),(8.,9.),.PIECEWISE_BEZIER_KNOTS.);
#1299 = CARTESIAN_POINT('',(7.238566877628,0.109363403359,2.54743278455)
  );
#1300 = CARTESIAN_POINT('',(7.241012966301,0.109238748999,2.530027959266
    ));
#1301 = CARTESIAN_POINT('',(7.242955820061,0.114764301935,2.516203836447
    ));
#1302 = CARTESIAN_POINT('',(7.244395438908,0.125940062167,2.505960416093
    ));
#1303 = ORIENTED_EDGE('',*,*,#1304,.F.);
#1304 = EDGE_CURVE('',#1305,#1296,#1307,.T.);
#1305 = VERTEX_POINT('',#1306);
#1306 = CARTESIAN_POINT('',(7.229707874512,0.174989477567,2.610467867092
    ));
#1307 = B_SPLINE_CURVE_WITH_KNOTS('',3,(#1308,#1309,#1310,#1311),
  .UNSPECIFIED.,.F.,.F.,(4,4),(9.,10.),.PIECEWISE_BEZIER_KNOTS.);
#1308 = CARTESIAN_POINT('',(7.229707874512,0.174989477567,2.610467867092
    ));
#1309 = CARTESIAN_POINT('',(7.23050644344,0.131499039733,2.604785753921)
  );
#1310 = CARTESIAN_POINT('',(7.233459444479,0.109623681663,2.58377405974)
  );
#1311 = CARTESIAN_POINT('',(7.238566877628,0.109363403359,2.54743278455)
  );
#1312 = ORIENTED_EDGE('',*,*,#1313,.F.);
#1313 = EDGE_CURVE('',#1314,#1305,#1316,.T.);
#1314 = VERTEX_POINT('',#1315);
#1315 = CARTESIAN_POINT('',(7.228630347712,0.233258606796,2.618134868662
    ));
#1316 = LINE('',#1317,#1318);
#1317 = CARTESIAN_POINT('',(7.229707874512,0.174989477567,2.610467867092
    ));
#1318 = VECTOR('',#1319,1.);
#1319 = DIRECTION('',(1.833113098149E-02,-0.991287678229,-0.130432774363
    ));
#1320 = ORIENTED_EDGE('',*,*,#1321,.F.);
#1321 = EDGE_CURVE('',#1322,#1314,#1324,.T.);
#1322 = VERTEX_POINT('',#1323);
#1323 = CARTESIAN_POINT('',(7.221898572022,0.193807885863,2.666033941586
    ));
#1324 = B_SPLINE_CURVE_WITH_KNOTS('',3,(#1325,#1326,#1327,#1328),
  .UNSPECIFIED.,.F.,.F.,(4,4),(11.,12.),.PIECEWISE_BEZIER_KNOTS.);
#1325 = CARTESIAN_POINT('',(7.221898572022,0.193807885863,2.666033941586
    ));
#1326 = CARTESIAN_POINT('',(7.221924733611,0.220312301541,2.665847792207
    ));
#1327 = CARTESIAN_POINT('',(7.224168681972,0.233485976349,2.649881269977
    ));
#1328 = CARTESIAN_POINT('',(7.228630347712,0.233258606796,2.618134868662
    ));
#1329 = ORIENTED_EDGE('',*,*,#1330,.F.);
#1330 = EDGE_CURVE('',#1220,#1322,#1331,.T.);
#1331 = B_SPLINE_CURVE_WITH_KNOTS('',3,(#1332,#1333,#1334,#1335),
  .UNSPECIFIED.,.F.,.F.,(4,4),(12.,13.),.PIECEWISE_BEZIER_KNOTS.);
#1332 = CARTESIAN_POINT('',(7.22514211888,0.129241356454,2.642954906477)
  );
#1333 = CARTESIAN_POINT('',(7.22296957621,0.148756809963,2.658413350811)
  );
#1334 = CARTESIAN_POINT('',(7.221875324986,0.170256216759,2.666199352837
    ));
#1335 = CARTESIAN_POINT('',(7.221898572022,0.193807885863,2.666033941586
    ));
#1336 = FACE_BOUND('',#1337,.T.);
#1337 = EDGE_LOOP('',(#1338,#1348,#1356,#1364,#1372,#1380,#1388,#1396));
#1338 = ORIENTED_EDGE('',*,*,#1339,.F.);
#1339 = EDGE_CURVE('',#1340,#1342,#1344,.T.);
#1340 = VERTEX_POINT('',#1341);
#1341 = CARTESIAN_POINT('',(7.186074806531,1.034958768769,2.920933277896
    ));
#1342 = VERTEX_POINT('',#1343);
#1343 = CARTESIAN_POINT('',(7.147695013877,0.932157160299,3.194019693691
    ));
#1344 = LINE('',#1345,#1346);
#1345 = CARTESIAN_POINT('',(7.147695013713,0.932157160299,3.194019693667
    ));
#1346 = VECTOR('',#1347,1.);
#1347 = DIRECTION('',(-0.130406767653,-0.349299057802,0.927892366155));
#1348 = ORIENTED_EDGE('',*,*,#1349,.F.);
#1349 = EDGE_CURVE('',#1350,#1340,#1352,.T.);
#1350 = VERTEX_POINT('',#1351);
#1351 = CARTESIAN_POINT('',(7.186036084768,0.995729421425,2.92120879875)
  );
#1352 = LINE('',#1353,#1354);
#1353 = CARTESIAN_POINT('',(7.186074806531,1.034958768769,2.920933277896
    ));
#1354 = VECTOR('',#1355,1.);
#1355 = DIRECTION('',(9.870404757971E-04,0.999974850186,
    -7.023157916231E-03));
#1356 = ORIENTED_EDGE('',*,*,#1357,.F.);
#1357 = EDGE_CURVE('',#1358,#1350,#1360,.T.);
#1358 = VERTEX_POINT('',#1359);
#1359 = CARTESIAN_POINT('',(7.175539136987,0.968211849631,2.995898463168
    ));
#1360 = LINE('',#1361,#1362);
#1361 = CARTESIAN_POINT('',(7.186036084604,0.995729421425,2.921208798727
    ));
#1362 = VECTOR('',#1363,1.);
#1363 = DIRECTION('',(0.13074335232,0.342741495825,-0.930287290499));
#1364 = ORIENTED_EDGE('',*,*,#1365,.F.);
#1365 = EDGE_CURVE('',#1366,#1358,#1368,.T.);
#1366 = VERTEX_POINT('',#1367);
#1367 = CARTESIAN_POINT('',(7.17542609394,0.853687464645,2.996702806238)
  );
#1368 = LINE('',#1369,#1370);
#1369 = CARTESIAN_POINT('',(7.175539136823,0.968211849631,2.995898463145
    ));
#1370 = VECTOR('',#1371,1.);
#1371 = DIRECTION('',(9.870404757935E-04,0.999974850186,
    -7.023157916232E-03));
#1372 = ORIENTED_EDGE('',*,*,#1373,.F.);
#1373 = EDGE_CURVE('',#1374,#1366,#1376,.T.);
#1374 = VERTEX_POINT('',#1375);
#1375 = CARTESIAN_POINT('',(7.18586926127,0.826719831788,2.922395809617)
  );
#1376 = LINE('',#1377,#1378);
#1377 = CARTESIAN_POINT('',(7.175426093776,0.853687464645,2.996702806215
    ));
#1378 = VECTOR('',#1379,1.);
#1379 = DIRECTION('',(-0.13097166448,0.33821116248,0.931911815934));
#1380 = ORIENTED_EDGE('',*,*,#1381,.F.);
#1381 = EDGE_CURVE('',#1382,#1374,#1384,.T.);
#1382 = VERTEX_POINT('',#1383);
#1383 = CARTESIAN_POINT('',(7.185830539339,0.787490484455,2.922671330471
    ));
#1384 = LINE('',#1385,#1386);
#1385 = CARTESIAN_POINT('',(7.185869261103,0.826719831796,2.922395809617
    ));
#1386 = VECTOR('',#1387,1.);
#1387 = DIRECTION('',(9.870404757558E-04,0.999974850186,
    -7.023157916234E-03));
#1388 = ORIENTED_EDGE('',*,*,#1389,.F.);
#1389 = EDGE_CURVE('',#1390,#1382,#1392,.T.);
#1390 = VERTEX_POINT('',#1391);
#1391 = CARTESIAN_POINT('',(7.147657541044,0.894193275774,3.194286326752
    ));
#1392 = LINE('',#1393,#1394);
#1393 = CARTESIAN_POINT('',(7.185830539175,0.787490484455,2.922671330448
    ));
#1394 = VECTOR('',#1395,1.);
#1395 = DIRECTION('',(0.12970412172,-0.362554487498,-0.922892780557));
#1396 = ORIENTED_EDGE('',*,*,#1397,.F.);
#1397 = EDGE_CURVE('',#1342,#1390,#1398,.T.);
#1398 = LINE('',#1399,#1400);
#1399 = CARTESIAN_POINT('',(7.14765754088,0.894193275774,3.194286326729)
  );
#1400 = VECTOR('',#1401,1.);
#1401 = DIRECTION('',(-9.870404757933E-04,-0.999974850186,
    7.023157916219E-03));
#1402 = FACE_BOUND('',#1403,.T.);
#1403 = EDGE_LOOP('',(#1404,#1414,#1422,#1430,#1439,#1448,#1457));
#1404 = ORIENTED_EDGE('',*,*,#1405,.F.);
#1405 = EDGE_CURVE('',#1406,#1408,#1410,.T.);
#1406 = VERTEX_POINT('',#1407);
#1407 = CARTESIAN_POINT('',(7.185594460327,0.548318011943,2.924351118738
    ));
#1408 = VERTEX_POINT('',#1409);
#1409 = CARTESIAN_POINT('',(7.18566912858,0.623964567034,2.923819827697)
  );
#1410 = LINE('',#1411,#1412);
#1411 = CARTESIAN_POINT('',(7.185669128416,0.623964567034,2.923819827674
    ));
#1412 = VECTOR('',#1413,1.);
#1413 = DIRECTION('',(9.870404757951E-04,0.999974850186,
    -7.023157916233E-03));
#1414 = ORIENTED_EDGE('',*,*,#1415,.F.);
#1415 = EDGE_CURVE('',#1416,#1406,#1418,.T.);
#1416 = VERTEX_POINT('',#1417);
#1417 = CARTESIAN_POINT('',(7.147318064934,0.550268603368,3.196701824787
    ));
#1418 = LINE('',#1419,#1420);
#1419 = CARTESIAN_POINT('',(7.185594460327,0.548318011943,2.924351118738
    ));
#1420 = VECTOR('',#1421,1.);
#1421 = DIRECTION('',(0.139169600782,-7.092178509961E-03,-0.990243163684
    ));
#1422 = ORIENTED_EDGE('',*,*,#1423,.F.);
#1423 = EDGE_CURVE('',#1424,#1416,#1426,.T.);
#1424 = VERTEX_POINT('',#1425);
#1425 = CARTESIAN_POINT('',(7.147395508789,0.628727298055,3.196150783126
    ));
#1426 = LINE('',#1427,#1428);
#1427 = CARTESIAN_POINT('',(7.14731806477,0.550268603368,3.196701824764)
  );
#1428 = VECTOR('',#1429,1.);
#1429 = DIRECTION('',(-9.870404757971E-04,-0.999974850186,
    7.02315791623E-03));
#1430 = ORIENTED_EDGE('',*,*,#1431,.F.);
#1431 = EDGE_CURVE('',#1432,#1424,#1434,.T.);
#1432 = VERTEX_POINT('',#1433);
#1433 = CARTESIAN_POINT('',(7.152566438446,0.732447875727,3.15935770681)
  );
#1434 = B_SPLINE_CURVE_WITH_KNOTS('',3,(#1435,#1436,#1437,#1438),
  .UNSPECIFIED.,.F.,.F.,(4,4),(2.,3.),.PIECEWISE_BEZIER_KNOTS.);
#1435 = CARTESIAN_POINT('',(7.152566438446,0.732447875727,3.15935770681)
  );
#1436 = CARTESIAN_POINT('',(7.149153779663,0.704991125845,3.183640034596
    ));
#1437 = CARTESIAN_POINT('',(7.147436659347,0.670417267543,3.1958579805)
  );
#1438 = CARTESIAN_POINT('',(7.147395508789,0.628727298055,3.196150783126
    ));
#1439 = ORIENTED_EDGE('',*,*,#1440,.F.);
#1440 = EDGE_CURVE('',#1441,#1432,#1443,.T.);
#1441 = VERTEX_POINT('',#1442);
#1442 = CARTESIAN_POINT('',(7.166188065299,0.773234853738,3.062434795531
    ));
#1443 = B_SPLINE_CURVE_WITH_KNOTS('',3,(#1444,#1445,#1446,#1447),
  .UNSPECIFIED.,.F.,.F.,(4,4),(3.,4.),.PIECEWISE_BEZIER_KNOTS.);
#1444 = CARTESIAN_POINT('',(7.166188065299,0.773234853738,3.062434795531
    ));
#1445 = CARTESIAN_POINT('',(7.160513139413,0.773524051853,3.102813990163
    ));
#1446 = CARTESIAN_POINT('',(7.155979096901,0.759904625609,3.135075378977
    ));
#1447 = CARTESIAN_POINT('',(7.152566438446,0.732447875727,3.15935770681)
  );
#1448 = ORIENTED_EDGE('',*,*,#1449,.F.);
#1449 = EDGE_CURVE('',#1450,#1441,#1452,.T.);
#1450 = VERTEX_POINT('',#1451);
#1451 = CARTESIAN_POINT('',(7.1804127119,0.731028810492,2.961221175788)
  );
#1452 = B_SPLINE_CURVE_WITH_KNOTS('',3,(#1453,#1454,#1455,#1456),
  .UNSPECIFIED.,.F.,.F.,(4,4),(4.,5.),.PIECEWISE_BEZIER_KNOTS.);
#1453 = CARTESIAN_POINT('',(7.1804127119,0.731028810492,2.961221175788)
  );
#1454 = CARTESIAN_POINT('',(7.176858909814,0.758840575991,2.986507790363
    ));
#1455 = CARTESIAN_POINT('',(7.172117384078,0.772932691569,3.020245499022
    ));
#1456 = CARTESIAN_POINT('',(7.166188065299,0.773234853738,3.062434795531
    ));
#1457 = ORIENTED_EDGE('',*,*,#1458,.F.);
#1458 = EDGE_CURVE('',#1408,#1450,#1459,.T.);
#1459 = B_SPLINE_CURVE_WITH_KNOTS('',3,(#1460,#1461,#1462,#1463),
  .UNSPECIFIED.,.F.,.F.,(4,4),(5.,6.),.PIECEWISE_BEZIER_KNOTS.);
#1460 = CARTESIAN_POINT('',(7.18566912858,0.623964567034,2.923819827697)
  );
#1461 = CARTESIAN_POINT('',(7.185712083386,0.667482427258,2.923514187183
    ));
#1462 = CARTESIAN_POINT('',(7.183966513659,0.703217044993,2.93593456117)
  );
#1463 = CARTESIAN_POINT('',(7.1804127119,0.731028810492,2.961221175788)
  );
#1464 = FACE_BOUND('',#1465,.T.);
#1465 = EDGE_LOOP('',(#1466,#1476,#1484,#1492,#1500,#1508,#1516,#1524,
    #1532,#1540,#1548,#1556));
#1466 = ORIENTED_EDGE('',*,*,#1467,.F.);
#1467 = EDGE_CURVE('',#1468,#1470,#1472,.T.);
#1468 = VERTEX_POINT('',#1469);
#1469 = CARTESIAN_POINT('',(7.185543178061,0.496363732934,2.924716011021
    ));
#1470 = VERTEX_POINT('',#1471);
#1471 = CARTESIAN_POINT('',(7.181179356032,0.496586116312,2.955766219348
    ));
#1472 = LINE('',#1473,#1474);
#1473 = CARTESIAN_POINT('',(7.181179355868,0.496586116312,2.955766219325
    ));
#1474 = VECTOR('',#1475,1.);
#1475 = DIRECTION('',(-0.139169600782,7.092178509955E-03,0.990243163684)
  );
#1476 = ORIENTED_EDGE('',*,*,#1477,.F.);
#1477 = EDGE_CURVE('',#1478,#1468,#1480,.T.);
#1478 = VERTEX_POINT('',#1479);
#1479 = CARTESIAN_POINT('',(7.185397172964,0.348445190265,2.925754892455
    ));
#1480 = LINE('',#1481,#1482);
#1481 = CARTESIAN_POINT('',(7.185543178061,0.496363732934,2.924716011021
    ));
#1482 = VECTOR('',#1483,1.);
#1483 = DIRECTION('',(9.870404758022E-04,0.999974850186,
    -7.023157916231E-03));
#1484 = ORIENTED_EDGE('',*,*,#1485,.F.);
#1485 = EDGE_CURVE('',#1486,#1478,#1488,.T.);
#1486 = VERTEX_POINT('',#1487);
#1487 = CARTESIAN_POINT('',(7.147120777407,0.35039578169,3.198105598482)
  );
#1488 = LINE('',#1489,#1490);
#1489 = CARTESIAN_POINT('',(7.1853971728,0.348445190265,2.925754892432)
  );
#1490 = VECTOR('',#1491,1.);
#1491 = DIRECTION('',(0.139169600782,-7.09217850996E-03,-0.990243163684)
  );
#1492 = ORIENTED_EDGE('',*,*,#1493,.F.);
#1493 = EDGE_CURVE('',#1494,#1486,#1496,.T.);
#1494 = VERTEX_POINT('',#1495);
#1495 = CARTESIAN_POINT('',(7.14726060659,0.492057313762,3.197110662149)
  );
#1496 = LINE('',#1497,#1498);
#1497 = CARTESIAN_POINT('',(7.147120777243,0.35039578169,3.198105598459)
  );
#1498 = VECTOR('',#1499,1.);
#1499 = DIRECTION('',(-9.870404758051E-04,-0.999974850186,
    7.023157916229E-03));
#1500 = ORIENTED_EDGE('',*,*,#1501,.F.);
#1501 = EDGE_CURVE('',#1502,#1494,#1504,.T.);
#1502 = VERTEX_POINT('',#1503);
#1503 = CARTESIAN_POINT('',(7.151663566205,0.491832935914,3.165781976617
    ));
#1504 = LINE('',#1505,#1506);
#1505 = CARTESIAN_POINT('',(7.147260606426,0.492057313762,3.197110662126
    ));
#1506 = VECTOR('',#1507,1.);
#1507 = DIRECTION('',(-0.139169600782,7.092178509957E-03,0.990243163684)
  );
#1508 = ORIENTED_EDGE('',*,*,#1509,.F.);
#1509 = EDGE_CURVE('',#1510,#1502,#1512,.T.);
#1510 = VERTEX_POINT('',#1511);
#1511 = CARTESIAN_POINT('',(7.151558781057,0.385674666222,3.166527561684
    ));
#1512 = LINE('',#1513,#1514);
#1513 = CARTESIAN_POINT('',(7.151663566037,0.491832935914,3.165781976617
    ));
#1514 = VECTOR('',#1515,1.);
#1515 = DIRECTION('',(9.870404758003E-04,0.999974850186,
    -7.023157916229E-03));
#1516 = ORIENTED_EDGE('',*,*,#1517,.F.);
#1517 = EDGE_CURVE('',#1518,#1510,#1520,.T.);
#1518 = VERTEX_POINT('',#1519);
#1519 = CARTESIAN_POINT('',(7.163808793135,0.385050397187,3.079364196643
    ));
#1520 = LINE('',#1521,#1522);
#1521 = CARTESIAN_POINT('',(7.151558780893,0.385674666222,3.166527561661
    ));
#1522 = VECTOR('',#1523,1.);
#1523 = DIRECTION('',(-0.139169600782,7.092178509963E-03,0.990243163684)
  );
#1524 = ORIENTED_EDGE('',*,*,#1525,.F.);
#1525 = EDGE_CURVE('',#1526,#1518,#1528,.T.);
#1526 = VERTEX_POINT('',#1527);
#1527 = CARTESIAN_POINT('',(7.163905875527,0.483404979504,3.07867341953)
  );
#1528 = LINE('',#1529,#1530);
#1529 = CARTESIAN_POINT('',(7.163808792968,0.385050397187,3.079364196643
    ));
#1530 = VECTOR('',#1531,1.);
#1531 = DIRECTION('',(-9.870404757963E-04,-0.999974850186,
    7.02315791623E-03));
#1532 = ORIENTED_EDGE('',*,*,#1533,.F.);
#1533 = EDGE_CURVE('',#1534,#1526,#1536,.T.);
#1534 = VERTEX_POINT('',#1535);
#1535 = CARTESIAN_POINT('',(7.168289266433,0.483181598891,3.0474839726)
  );
#1536 = LINE('',#1537,#1538);
#1537 = CARTESIAN_POINT('',(7.163905875363,0.483404979504,3.078673419507
    ));
#1538 = VECTOR('',#1539,1.);
#1539 = DIRECTION('',(-0.139169600782,7.092178509963E-03,0.990243163684)
  );
#1540 = ORIENTED_EDGE('',*,*,#1541,.F.);
#1541 = EDGE_CURVE('',#1542,#1534,#1544,.T.);
#1542 = VERTEX_POINT('',#1543);
#1543 = CARTESIAN_POINT('',(7.168192184034,0.384827016574,3.048174749759
    ));
#1544 = LINE('',#1545,#1546);
#1545 = CARTESIAN_POINT('',(7.168289266266,0.483181598891,3.0474839726)
  );
#1546 = VECTOR('',#1547,1.);
#1547 = DIRECTION('',(9.870404757786E-04,0.999974850186,
    -7.02315791623E-03));
#1548 = ORIENTED_EDGE('',*,*,#1549,.F.);
#1549 = EDGE_CURVE('',#1550,#1542,#1552,.T.);
#1550 = VERTEX_POINT('',#1551);
#1551 = CARTESIAN_POINT('',(7.181068394813,0.384170836023,2.956555749448
    ));
#1552 = LINE('',#1553,#1554);
#1553 = CARTESIAN_POINT('',(7.16819218387,0.384827016574,3.048174749736)
  );
#1554 = VECTOR('',#1555,1.);
#1555 = DIRECTION('',(-0.139169600782,7.092178509962E-03,0.990243163684)
  );
#1556 = ORIENTED_EDGE('',*,*,#1557,.F.);
#1557 = EDGE_CURVE('',#1470,#1550,#1558,.T.);
#1558 = LINE('',#1559,#1560);
#1559 = CARTESIAN_POINT('',(7.181068394645,0.384170836023,2.956555749448
    ));
#1560 = VECTOR('',#1561,1.);
#1561 = DIRECTION('',(-9.870404757967E-04,-0.999974850186,
    7.023157916232E-03));
#1562 = FACE_BOUND('',#1563,.T.);
#1563 = EDGE_LOOP('',(#1564,#1574,#1583,#1592,#1601,#1610,#1619,#1628,
    #1636,#1645,#1654,#1663,#1672,#1681));
#1564 = ORIENTED_EDGE('',*,*,#1565,.F.);
#1565 = EDGE_CURVE('',#1566,#1568,#1570,.T.);
#1566 = VERTEX_POINT('',#1567);
#1567 = CARTESIAN_POINT('',(7.183757771732,0.293478333728,2.937419837156
    ));
#1568 = VERTEX_POINT('',#1569);
#1569 = CARTESIAN_POINT('',(7.17902214406,0.293719664569,2.971115578904)
  );
#1570 = LINE('',#1571,#1572);
#1571 = CARTESIAN_POINT('',(7.17902214406,0.293719664569,2.971115578904)
  );
#1572 = VECTOR('',#1573,1.);
#1573 = DIRECTION('',(-0.139169600782,7.092178509967E-03,0.990243163684)
  );
#1574 = ORIENTED_EDGE('',*,*,#1575,.F.);
#1575 = EDGE_CURVE('',#1576,#1566,#1578,.T.);
#1576 = VERTEX_POINT('',#1577);
#1577 = CARTESIAN_POINT('',(7.185913450753,0.21722596943,2.922081383916)
  );
#1578 = B_SPLINE_CURVE_WITH_KNOTS('',3,(#1579,#1580,#1581,#1582),
  .UNSPECIFIED.,.F.,.F.,(4,4),(0.,1.),.PIECEWISE_BEZIER_KNOTS.);
#1579 = CARTESIAN_POINT('',(7.185913450753,0.21722596943,2.922081383916)
  );
#1580 = CARTESIAN_POINT('',(7.185943567808,0.24773768403,2.921867089936)
  );
#1581 = CARTESIAN_POINT('',(7.185225008134,0.273155138796,2.926979907682
    ));
#1582 = CARTESIAN_POINT('',(7.183757771732,0.293478333728,2.937419837156
    ));
#1583 = ORIENTED_EDGE('',*,*,#1584,.F.);
#1584 = EDGE_CURVE('',#1585,#1576,#1587,.T.);
#1585 = VERTEX_POINT('',#1586);
#1586 = CARTESIAN_POINT('',(7.180595339793,0.123004340769,2.959921710809
    ));
#1587 = B_SPLINE_CURVE_WITH_KNOTS('',3,(#1588,#1589,#1590,#1591),
  .UNSPECIFIED.,.F.,.F.,(4,4),(1.,2.),.PIECEWISE_BEZIER_KNOTS.);
#1588 = CARTESIAN_POINT('',(7.180595339793,0.123004340769,2.959921710809
    ));
#1589 = CARTESIAN_POINT('',(7.184101816935,0.146378502064,2.934971828332
    ));
#1590 = CARTESIAN_POINT('',(7.185874520643,0.177785711618,2.922358386041
    ));
#1591 = CARTESIAN_POINT('',(7.185913450753,0.21722596943,2.922081383916)
  );
#1592 = ORIENTED_EDGE('',*,*,#1593,.F.);
#1593 = EDGE_CURVE('',#1594,#1585,#1596,.T.);
#1594 = VERTEX_POINT('',#1595);
#1595 = CARTESIAN_POINT('',(7.166725426238,8.841703391799E-02,
    3.058611272579));
#1596 = B_SPLINE_CURVE_WITH_KNOTS('',3,(#1597,#1598,#1599,#1600),
  .UNSPECIFIED.,.F.,.F.,(4,4),(2.,3.),.PIECEWISE_BEZIER_KNOTS.);
#1597 = CARTESIAN_POINT('',(7.166725426238,8.841703391799E-02,
    3.058611272579));
#1598 = CARTESIAN_POINT('',(7.172459058088,8.812484409808E-02,
    3.017814362116));
#1599 = CARTESIAN_POINT('',(7.177088862324,9.963017947306E-02,
    2.984871593239));
#1600 = CARTESIAN_POINT('',(7.180595339793,0.123004340769,2.959921710809
    ));
#1601 = ORIENTED_EDGE('',*,*,#1602,.F.);
#1602 = EDGE_CURVE('',#1603,#1594,#1605,.T.);
#1603 = VERTEX_POINT('',#1604);
#1604 = CARTESIAN_POINT('',(7.151892414792,0.128896404199,3.164153633114
    ));
#1605 = B_SPLINE_CURVE_WITH_KNOTS('',3,(#1606,#1607,#1608,#1609),
  .UNSPECIFIED.,.F.,.F.,(4,4),(3.,4.),.PIECEWISE_BEZIER_KNOTS.);
#1606 = CARTESIAN_POINT('',(7.151892414792,0.128896404199,3.164153633114
    ));
#1607 = CARTESIAN_POINT('',(7.155623445405,0.102200519424,3.137605970859
    ));
#1608 = CARTESIAN_POINT('',(7.160561282782,8.873116290526E-02,
    3.102471432292));
#1609 = CARTESIAN_POINT('',(7.166725426238,8.841703391799E-02,
    3.058611272579));
#1610 = ORIENTED_EDGE('',*,*,#1611,.F.);
#1611 = EDGE_CURVE('',#1612,#1603,#1614,.T.);
#1612 = VERTEX_POINT('',#1613);
#1613 = CARTESIAN_POINT('',(7.146356345862,0.230209722776,3.203544810363
    ));
#1614 = B_SPLINE_CURVE_WITH_KNOTS('',3,(#1615,#1616,#1617,#1618),
  .UNSPECIFIED.,.F.,.F.,(4,4),(4.,5.),.PIECEWISE_BEZIER_KNOTS.);
#1615 = CARTESIAN_POINT('',(7.146356345862,0.230209722776,3.203544810363
    ));
#1616 = CARTESIAN_POINT('',(7.146316027869,0.189363395167,3.203831687787
    ));
#1617 = CARTESIAN_POINT('',(7.148161384179,0.155592288975,3.190701295372
    ));
#1618 = CARTESIAN_POINT('',(7.151892414792,0.128896404199,3.164153633114
    ));
#1619 = ORIENTED_EDGE('',*,*,#1620,.F.);
#1620 = EDGE_CURVE('',#1621,#1612,#1623,.T.);
#1621 = VERTEX_POINT('',#1622);
#1622 = CARTESIAN_POINT('',(7.147986170976,0.295301279089,3.191948002092
    ));
#1623 = B_SPLINE_CURVE_WITH_KNOTS('',3,(#1624,#1625,#1626,#1627),
  .UNSPECIFIED.,.F.,.F.,(4,4),(5.,6.),.PIECEWISE_BEZIER_KNOTS.);
#1624 = CARTESIAN_POINT('',(7.147986170976,0.295301279089,3.191948002092
    ));
#1625 = CARTESIAN_POINT('',(7.14693209721,0.278200081011,3.199448126656)
  );
#1626 = CARTESIAN_POINT('',(7.146382299269,0.256503227985,3.20336014228)
  );
#1627 = CARTESIAN_POINT('',(7.146356345862,0.230209722776,3.203544810363
    ));
#1628 = ORIENTED_EDGE('',*,*,#1629,.F.);
#1629 = EDGE_CURVE('',#1630,#1621,#1632,.T.);
#1630 = VERTEX_POINT('',#1631);
#1631 = CARTESIAN_POINT('',(7.153152310254,0.29503800908,3.155189011096)
  );
#1632 = LINE('',#1633,#1634);
#1633 = CARTESIAN_POINT('',(7.147986170976,0.295301279089,3.191948002092
    ));
#1634 = VECTOR('',#1635,1.);
#1635 = DIRECTION('',(-0.139169600782,7.092178509964E-03,0.990243163684)
  );
#1636 = ORIENTED_EDGE('',*,*,#1637,.F.);
#1637 = EDGE_CURVE('',#1638,#1630,#1640,.T.);
#1638 = VERTEX_POINT('',#1639);
#1639 = CARTESIAN_POINT('',(7.150818358572,0.230333870673,3.171795940222
    ));
#1640 = B_SPLINE_CURVE_WITH_KNOTS('',3,(#1641,#1642,#1643,#1644),
  .UNSPECIFIED.,.F.,.F.,(4,4),(7.,8.),.PIECEWISE_BEZIER_KNOTS.);
#1641 = CARTESIAN_POINT('',(7.150818358572,0.230333870673,3.171795940222
    ));
#1642 = CARTESIAN_POINT('',(7.150841605608,0.253885539777,3.17163052897)
  );
#1643 = CARTESIAN_POINT('',(7.151606520564,0.27543081624,3.166187876251)
  );
#1644 = CARTESIAN_POINT('',(7.153152310254,0.29503800908,3.155189011096)
  );
#1645 = ORIENTED_EDGE('',*,*,#1646,.F.);
#1646 = EDGE_CURVE('',#1647,#1638,#1649,.T.);
#1647 = VERTEX_POINT('',#1648);
#1648 = CARTESIAN_POINT('',(7.154990794361,0.155173950512,3.142107516946
    ));
#1649 = B_SPLINE_CURVE_WITH_KNOTS('',3,(#1650,#1651,#1652,#1653),
  .UNSPECIFIED.,.F.,.F.,(4,4),(8.,9.),.PIECEWISE_BEZIER_KNOTS.);
#1650 = CARTESIAN_POINT('',(7.154990794361,0.155173950512,3.142107516946
    ));
#1651 = CARTESIAN_POINT('',(7.152172414887,0.174652009281,3.162161328918
    ));
#1652 = CARTESIAN_POINT('',(7.150788102729,0.199681549094,3.172011221731
    ));
#1653 = CARTESIAN_POINT('',(7.150818358572,0.230333870673,3.171795940222
    ));
#1654 = ORIENTED_EDGE('',*,*,#1655,.F.);
#1655 = EDGE_CURVE('',#1656,#1647,#1658,.T.);
#1656 = VERTEX_POINT('',#1657);
#1657 = CARTESIAN_POINT('',(7.166468674489,0.125692842069,3.060438156202
    ));
#1658 = B_SPLINE_CURVE_WITH_KNOTS('',3,(#1659,#1660,#1661,#1662),
  .UNSPECIFIED.,.F.,.F.,(4,4),(9.,10.),.PIECEWISE_BEZIER_KNOTS.);
#1659 = CARTESIAN_POINT('',(7.166468674489,0.125692842069,3.060438156202
    ));
#1660 = CARTESIAN_POINT('',(7.161654771981,0.125938161849,3.094690852359
    ));
#1661 = CARTESIAN_POINT('',(7.157828811938,0.135765197996,3.121913972606
    ));
#1662 = CARTESIAN_POINT('',(7.154990794361,0.155173950512,3.142107516946
    ));
#1663 = ORIENTED_EDGE('',*,*,#1664,.F.);
#1664 = EDGE_CURVE('',#1665,#1656,#1667,.T.);
#1665 = VERTEX_POINT('',#1666);
#1666 = CARTESIAN_POINT('',(7.177414661674,0.152132925112,2.982553410406
    ));
#1667 = B_SPLINE_CURVE_WITH_KNOTS('',3,(#1668,#1669,#1670,#1671),
  .UNSPECIFIED.,.F.,.F.,(4,4),(10.,11.),.PIECEWISE_BEZIER_KNOTS.);
#1668 = CARTESIAN_POINT('',(7.177414661674,0.152132925112,2.982553410406
    ));
#1669 = CARTESIAN_POINT('',(7.17469641488,0.134272850121,3.00189474134)
  );
#1670 = CARTESIAN_POINT('',(7.171047752485,0.125459489107,3.027856323272
    ));
#1671 = CARTESIAN_POINT('',(7.166468674489,0.125692842069,3.060438156202
    ));
#1672 = ORIENTED_EDGE('',*,*,#1673,.F.);
#1673 = EDGE_CURVE('',#1674,#1665,#1676,.T.);
#1674 = VERTEX_POINT('',#1675);
#1675 = CARTESIAN_POINT('',(7.181515556913,0.222582502038,2.953374024585
    ));
#1676 = B_SPLINE_CURVE_WITH_KNOTS('',3,(#1677,#1678,#1679,#1680),
  .UNSPECIFIED.,.F.,.F.,(4,4),(11.,12.),.PIECEWISE_BEZIER_KNOTS.);
#1677 = CARTESIAN_POINT('',(7.181515556913,0.222582502038,2.953374024585
    ));
#1678 = CARTESIAN_POINT('',(7.181486827741,0.193476857236,2.953578443266
    ));
#1679 = CARTESIAN_POINT('',(7.180113339758,0.169993997338,2.963351318073
    ));
#1680 = CARTESIAN_POINT('',(7.177414661674,0.152132925112,2.982553410406
    ));
#1681 = ORIENTED_EDGE('',*,*,#1682,.F.);
#1682 = EDGE_CURVE('',#1568,#1674,#1683,.T.);
#1683 = B_SPLINE_CURVE_WITH_KNOTS('',3,(#1684,#1685,#1686,#1687),
  .UNSPECIFIED.,.F.,.F.,(4,4),(12.,13.),.PIECEWISE_BEZIER_KNOTS.);
#1684 = CARTESIAN_POINT('',(7.17902214406,0.293719664569,2.971115578904)
  );
#1685 = CARTESIAN_POINT('',(7.180704775054,0.273526107033,2.959143037276
    ));
#1686 = CARTESIAN_POINT('',(7.181542412444,0.249789952615,2.953182937557
    ));
#1687 = CARTESIAN_POINT('',(7.181515556913,0.222582502038,2.953374024585
    ));
#1688 = FACE_BOUND('',#1689,.T.);
#1689 = EDGE_LOOP('',(#1690,#1700,#1708,#1716));
#1690 = ORIENTED_EDGE('',*,*,#1691,.F.);
#1691 = EDGE_CURVE('',#1692,#1694,#1696,.T.);
#1692 = VERTEX_POINT('',#1693);
#1693 = CARTESIAN_POINT('',(7.413882119627,4.982166037569,1.300000020947
    ));
#1694 = VERTEX_POINT('',#1695);
#1695 = CARTESIAN_POINT('',(7.413882119627,-4.982166037569,
    1.300000020947));
#1696 = LINE('',#1697,#1698);
#1697 = CARTESIAN_POINT('',(7.413882119627,5.100000082177,1.300000020947
    ));
#1698 = VECTOR('',#1699,1.);
#1699 = DIRECTION('',(-1.836970198721E-16,-1.,0.));
#1700 = ORIENTED_EDGE('',*,*,#1701,.T.);
#1701 = EDGE_CURVE('',#1692,#1702,#1704,.T.);
#1702 = VERTEX_POINT('',#1703);
#1703 = CARTESIAN_POINT('',(6.970200507977,4.816716842503,4.456958726864
    ));
#1704 = LINE('',#1705,#1706);
#1705 = CARTESIAN_POINT('',(7.596943243459,5.050429663535,
    -2.547556912523E-03));
#1706 = VECTOR('',#1707,1.);
#1707 = DIRECTION('',(-0.138986055933,-5.18280011513E-02,0.988937174219)
  );
#1708 = ORIENTED_EDGE('',*,*,#1709,.T.);
#1709 = EDGE_CURVE('',#1702,#1710,#1712,.T.);
#1710 = VERTEX_POINT('',#1711);
#1711 = CARTESIAN_POINT('',(6.970200507977,-4.816716842503,
    4.456958726864));
#1712 = LINE('',#1713,#1714);
#1713 = CARTESIAN_POINT('',(6.970200507977,-4.864165071604,
    4.456958726864));
#1714 = VECTOR('',#1715,1.);
#1715 = DIRECTION('',(-1.836970198721E-16,-1.,0.));
#1716 = ORIENTED_EDGE('',*,*,#1717,.T.);
#1717 = EDGE_CURVE('',#1710,#1694,#1718,.T.);
#1718 = LINE('',#1719,#1720);
#1719 = CARTESIAN_POINT('',(7.523468873713,-5.023031017719,
    0.520249748952));
#1720 = VECTOR('',#1721,1.);
#1721 = DIRECTION('',(0.138986055933,-5.18280011513E-02,-0.988937174219)
  );
#1722 = FACE_BOUND('',#1723,.T.);
#1723 = EDGE_LOOP('',(#1724,#1734,#1742,#1750,#1758,#1766));
#1724 = ORIENTED_EDGE('',*,*,#1725,.F.);
#1725 = EDGE_CURVE('',#1726,#1728,#1730,.T.);
#1726 = VERTEX_POINT('',#1727);
#1727 = CARTESIAN_POINT('',(7.185128478708,7.623007751839E-02,
    2.927666750239));
#1728 = VERTEX_POINT('',#1729);
#1729 = CARTESIAN_POINT('',(7.180764656679,7.645246089668E-02,
    2.958716958567));
#1730 = LINE('',#1731,#1732);
#1731 = CARTESIAN_POINT('',(7.180764656515,7.645246089668E-02,
    2.958716958544));
#1732 = VECTOR('',#1733,1.);
#1733 = DIRECTION('',(-0.139169600782,7.092178509955E-03,0.990243163684)
  );
#1734 = ORIENTED_EDGE('',*,*,#1735,.F.);
#1735 = EDGE_CURVE('',#1736,#1726,#1738,.T.);
#1736 = VERTEX_POINT('',#1737);
#1737 = CARTESIAN_POINT('',(7.184985318771,-6.88060220678E-02,
    2.928685387312));
#1738 = LINE('',#1739,#1740);
#1739 = CARTESIAN_POINT('',(7.185128478708,7.623007751839E-02,
    2.927666750239));
#1740 = VECTOR('',#1741,1.);
#1741 = DIRECTION('',(9.870404757977E-04,0.999974850186,
    -7.023157916232E-03));
#1742 = ORIENTED_EDGE('',*,*,#1743,.F.);
#1743 = EDGE_CURVE('',#1744,#1736,#1746,.T.);
#1744 = VERTEX_POINT('',#1745);
#1745 = CARTESIAN_POINT('',(7.146708923214,-6.685543064209E-02,
    3.201036093338));
#1746 = LINE('',#1747,#1748);
#1747 = CARTESIAN_POINT('',(7.184985318607,-6.88060220678E-02,
    2.928685387289));
#1748 = VECTOR('',#1749,1.);
#1749 = DIRECTION('',(0.139169600782,-7.09217850996E-03,-0.990243163684)
  );
#1750 = ORIENTED_EDGE('',*,*,#1751,.F.);
#1751 = EDGE_CURVE('',#1752,#1744,#1754,.T.);
#1752 = VERTEX_POINT('',#1753);
#1753 = CARTESIAN_POINT('',(7.146743967252,-3.135216826186E-02,
    3.200786742049));
#1754 = LINE('',#1755,#1756);
#1755 = CARTESIAN_POINT('',(7.14670892305,-6.685543064209E-02,
    3.201036093315));
#1756 = VECTOR('',#1757,1.);
#1757 = DIRECTION('',(-9.87040475819E-04,-0.999974850186,
    7.023157916226E-03));
#1758 = ORIENTED_EDGE('',*,*,#1759,.F.);
#1759 = EDGE_CURVE('',#1760,#1752,#1762,.T.);
#1760 = VERTEX_POINT('',#1761);
#1761 = CARTESIAN_POINT('',(7.180656540619,-3.308037630945E-02,
    2.959486244304));
#1762 = LINE('',#1763,#1764);
#1763 = CARTESIAN_POINT('',(7.146743967088,-3.135216826186E-02,
    3.200786742026));
#1764 = VECTOR('',#1765,1.);
#1765 = DIRECTION('',(-0.139169600782,7.092178509962E-03,0.990243163684)
  );
#1766 = ORIENTED_EDGE('',*,*,#1767,.F.);
#1767 = EDGE_CURVE('',#1728,#1760,#1768,.T.);
#1768 = LINE('',#1769,#1770);
#1769 = CARTESIAN_POINT('',(7.180656540452,-3.308037630929E-02,
    2.959486244304));
#1770 = VECTOR('',#1771,1.);
#1771 = DIRECTION('',(-9.870404757908E-04,-0.999974850186,
    7.02315791623E-03));
#1772 = FACE_BOUND('',#1773,.T.);
#1773 = EDGE_LOOP('',(#1774,#1784,#1792,#1800,#1808,#1816,#1824,#1832,
    #1840,#1848,#1856,#1864));
#1774 = ORIENTED_EDGE('',*,*,#1775,.F.);
#1775 = EDGE_CURVE('',#1776,#1778,#1780,.T.);
#1776 = VERTEX_POINT('',#1777);
#1777 = CARTESIAN_POINT('',(7.245853029089,7.601810076894E-02,
    2.495589123055));
#1778 = VERTEX_POINT('',#1779);
#1779 = CARTESIAN_POINT('',(7.24148920706,7.624048414723E-02,
    2.526639331383));
#1780 = LINE('',#1781,#1782);
#1781 = CARTESIAN_POINT('',(7.241489206896,7.624048414723E-02,
    2.52663933136));
#1782 = VECTOR('',#1783,1.);
#1783 = DIRECTION('',(-0.139169600782,7.092178509961E-03,0.990243163684)
  );
#1784 = ORIENTED_EDGE('',*,*,#1785,.F.);
#1785 = EDGE_CURVE('',#1786,#1776,#1788,.T.);
#1786 = VERTEX_POINT('',#1787);
#1787 = CARTESIAN_POINT('',(7.245707023992,-7.190044190113E-02,
    2.49662800449));
#1788 = LINE('',#1789,#1790);
#1789 = CARTESIAN_POINT('',(7.245853029089,7.601810076894E-02,
    2.495589123055));
#1790 = VECTOR('',#1791,1.);
#1791 = DIRECTION('',(9.870404757959E-04,0.999974850186,
    -7.02315791623E-03));
#1792 = ORIENTED_EDGE('',*,*,#1793,.F.);
#1793 = EDGE_CURVE('',#1794,#1786,#1796,.T.);
#1794 = VERTEX_POINT('',#1795);
#1795 = CARTESIAN_POINT('',(7.207430628435,-6.994985047542E-02,
    2.768978710516));
#1796 = LINE('',#1797,#1798);
#1797 = CARTESIAN_POINT('',(7.245707023828,-7.190044190113E-02,
    2.496628004467));
#1798 = VECTOR('',#1799,1.);
#1799 = DIRECTION('',(0.139169600782,-7.09217850996E-03,-0.990243163684)
  );
#1800 = ORIENTED_EDGE('',*,*,#1801,.F.);
#1801 = EDGE_CURVE('',#1802,#1794,#1804,.T.);
#1802 = VERTEX_POINT('',#1803);
#1803 = CARTESIAN_POINT('',(7.207570457618,7.171168159656E-02,
    2.767983774183));
#1804 = LINE('',#1805,#1806);
#1805 = CARTESIAN_POINT('',(7.207430628271,-6.994985047542E-02,
    2.768978710493));
#1806 = VECTOR('',#1807,1.);
#1807 = DIRECTION('',(-9.870404758051E-04,-0.999974850186,
    7.023157916232E-03));
#1808 = ORIENTED_EDGE('',*,*,#1809,.F.);
#1809 = EDGE_CURVE('',#1810,#1802,#1812,.T.);
#1810 = VERTEX_POINT('',#1811);
#1811 = CARTESIAN_POINT('',(7.211973417232,7.148730374835E-02,
    2.736655088651));
#1812 = LINE('',#1813,#1814);
#1813 = CARTESIAN_POINT('',(7.207570457454,7.171168159656E-02,
    2.76798377416));
#1814 = VECTOR('',#1815,1.);
#1815 = DIRECTION('',(-0.139169600782,7.092178509957E-03,0.990243163684)
  );
#1816 = ORIENTED_EDGE('',*,*,#1817,.F.);
#1817 = EDGE_CURVE('',#1818,#1810,#1820,.T.);
#1818 = VERTEX_POINT('',#1819);
#1819 = CARTESIAN_POINT('',(7.211868632085,-3.467096594324E-02,
    2.737400673718));
#1820 = LINE('',#1821,#1822);
#1821 = CARTESIAN_POINT('',(7.211973417065,7.148730374851E-02,
    2.736655088651));
#1822 = VECTOR('',#1823,1.);
#1823 = DIRECTION('',(9.870404758004E-04,0.999974850186,
    -7.02315791623E-03));
#1824 = ORIENTED_EDGE('',*,*,#1825,.F.);
#1825 = EDGE_CURVE('',#1826,#1818,#1828,.T.);
#1826 = VERTEX_POINT('',#1827);
#1827 = CARTESIAN_POINT('',(7.224118644163,-3.529523497843E-02,
    2.650237308677));
#1828 = LINE('',#1829,#1830);
#1829 = CARTESIAN_POINT('',(7.211868631921,-3.467096594324E-02,
    2.737400673695));
#1830 = VECTOR('',#1831,1.);
#1831 = DIRECTION('',(-0.139169600782,7.092178509963E-03,0.990243163684)
  );
#1832 = ORIENTED_EDGE('',*,*,#1833,.F.);
#1833 = EDGE_CURVE('',#1834,#1826,#1836,.T.);
#1834 = VERTEX_POINT('',#1835);
#1835 = CARTESIAN_POINT('',(7.224215726555,6.305934733924E-02,
    2.649546531564));
#1836 = LINE('',#1837,#1838);
#1837 = CARTESIAN_POINT('',(7.224118643996,-3.529523497826E-02,
    2.650237308677));
#1838 = VECTOR('',#1839,1.);
#1839 = DIRECTION('',(-9.870404758046E-04,-0.999974850186,
    7.023157916226E-03));
#1840 = ORIENTED_EDGE('',*,*,#1841,.F.);
#1841 = EDGE_CURVE('',#1842,#1834,#1844,.T.);
#1842 = VERTEX_POINT('',#1843);
#1843 = CARTESIAN_POINT('',(7.228599117461,6.28359667259E-02,
    2.618357084634));
#1844 = LINE('',#1845,#1846);
#1845 = CARTESIAN_POINT('',(7.224215726391,6.305934733924E-02,
    2.649546531541));
#1846 = VECTOR('',#1847,1.);
#1847 = DIRECTION('',(-0.139169600782,7.09217850997E-03,0.990243163684)
  );
#1848 = ORIENTED_EDGE('',*,*,#1849,.F.);
#1849 = EDGE_CURVE('',#1850,#1842,#1852,.T.);
#1850 = VERTEX_POINT('',#1851);
#1851 = CARTESIAN_POINT('',(7.228502035062,-3.551861559143E-02,
    2.619047861794));
#1852 = LINE('',#1853,#1854);
#1853 = CARTESIAN_POINT('',(7.228599117293,6.283596672607E-02,
    2.618357084634));
#1854 = VECTOR('',#1855,1.);
#1855 = DIRECTION('',(9.87040475787E-04,0.999974850186,
    -7.02315791623E-03));
#1856 = ORIENTED_EDGE('',*,*,#1857,.F.);
#1857 = EDGE_CURVE('',#1858,#1850,#1860,.T.);
#1858 = VERTEX_POINT('',#1859);
#1859 = CARTESIAN_POINT('',(7.241378245841,-3.617479614278E-02,
    2.527428861482));
#1860 = LINE('',#1861,#1862);
#1861 = CARTESIAN_POINT('',(7.228502034898,-3.551861559143E-02,
    2.619047861771));
#1862 = VECTOR('',#1863,1.);
#1863 = DIRECTION('',(-0.139169600782,7.09217850996E-03,0.990243163684)
  );
#1864 = ORIENTED_EDGE('',*,*,#1865,.F.);
#1865 = EDGE_CURVE('',#1778,#1858,#1866,.T.);
#1866 = LINE('',#1867,#1868);
#1867 = CARTESIAN_POINT('',(7.241378245673,-3.617479614262E-02,
    2.527428861482));
#1868 = VECTOR('',#1869,1.);
#1869 = DIRECTION('',(-9.870404757886E-04,-0.999974850186,
    7.023157916232E-03));
#1870 = FACE_BOUND('',#1871,.T.);
#1871 = EDGE_LOOP('',(#1872,#1882,#1890,#1898,#1906,#1914,#1922,#1930,
    #1938,#1946,#1954,#1962));
#1872 = ORIENTED_EDGE('',*,*,#1873,.F.);
#1873 = EDGE_CURVE('',#1874,#1876,#1878,.T.);
#1874 = VERTEX_POINT('',#1875);
#1875 = CARTESIAN_POINT('',(7.246604845151,0.837686109936,2.490239673809
    ));
#1876 = VERTEX_POINT('',#1877);
#1877 = CARTESIAN_POINT('',(7.242241023122,0.837908493314,2.521289882137
    ));
#1878 = LINE('',#1879,#1880);
#1879 = CARTESIAN_POINT('',(7.242241022958,0.837908493314,2.521289882114
    ));
#1880 = VECTOR('',#1881,1.);
#1881 = DIRECTION('',(-0.139169600782,7.092178509954E-03,0.990243163684)
  );
#1882 = ORIENTED_EDGE('',*,*,#1883,.F.);
#1883 = EDGE_CURVE('',#1884,#1874,#1886,.T.);
#1884 = VERTEX_POINT('',#1885);
#1885 = CARTESIAN_POINT('',(7.246458840054,0.689767567266,2.491278555244
    ));
#1886 = LINE('',#1887,#1888);
#1887 = CARTESIAN_POINT('',(7.246604845151,0.837686109936,2.490239673809
    ));
#1888 = VECTOR('',#1889,1.);
#1889 = DIRECTION('',(9.870404757959E-04,0.999974850186,
    -7.02315791623E-03));
#1890 = ORIENTED_EDGE('',*,*,#1891,.F.);
#1891 = EDGE_CURVE('',#1892,#1884,#1894,.T.);
#1892 = VERTEX_POINT('',#1893);
#1893 = CARTESIAN_POINT('',(7.208182444497,0.691718158692,2.76362926127)
  );
#1894 = LINE('',#1895,#1896);
#1895 = CARTESIAN_POINT('',(7.24645883989,0.689767567266,2.491278555221)
  );
#1896 = VECTOR('',#1897,1.);
#1897 = DIRECTION('',(0.139169600782,-7.092178509961E-03,-0.990243163684
    ));
#1898 = ORIENTED_EDGE('',*,*,#1899,.F.);
#1899 = EDGE_CURVE('',#1900,#1892,#1902,.T.);
#1900 = VERTEX_POINT('',#1901);
#1901 = CARTESIAN_POINT('',(7.20832227368,0.833379690764,2.762634324937)
  );
#1902 = LINE('',#1903,#1904);
#1903 = CARTESIAN_POINT('',(7.208182444333,0.691718158692,2.763629261247
    ));
#1904 = VECTOR('',#1905,1.);
#1905 = DIRECTION('',(-9.870404757929E-04,-0.999974850186,
    7.023157916233E-03));
#1906 = ORIENTED_EDGE('',*,*,#1907,.F.);
#1907 = EDGE_CURVE('',#1908,#1900,#1910,.T.);
#1908 = VERTEX_POINT('',#1909);
#1909 = CARTESIAN_POINT('',(7.212725233295,0.833155312916,2.731305639406
    ));
#1910 = LINE('',#1911,#1912);
#1911 = CARTESIAN_POINT('',(7.208322273516,0.833379690764,2.762634324914
    ));
#1912 = VECTOR('',#1913,1.);
#1913 = DIRECTION('',(-0.139169600782,7.092178509957E-03,0.990243163684)
  );
#1914 = ORIENTED_EDGE('',*,*,#1915,.F.);
#1915 = EDGE_CURVE('',#1916,#1908,#1918,.T.);
#1916 = VERTEX_POINT('',#1917);
#1917 = CARTESIAN_POINT('',(7.212620448147,0.726997043225,2.732051224472
    ));
#1918 = LINE('',#1919,#1920);
#1919 = CARTESIAN_POINT('',(7.212725233127,0.833155312916,2.731305639406
    ));
#1920 = VECTOR('',#1921,1.);
#1921 = DIRECTION('',(9.870404757928E-04,0.999974850186,
    -7.023157916227E-03));
#1922 = ORIENTED_EDGE('',*,*,#1923,.F.);
#1923 = EDGE_CURVE('',#1924,#1916,#1926,.T.);
#1924 = VERTEX_POINT('',#1925);
#1925 = CARTESIAN_POINT('',(7.224870460225,0.72637277419,2.644887859432)
  );
#1926 = LINE('',#1927,#1928);
#1927 = CARTESIAN_POINT('',(7.212620447983,0.726997043225,2.732051224449
    ));
#1928 = VECTOR('',#1929,1.);
#1929 = DIRECTION('',(-0.139169600782,7.092178509963E-03,0.990243163684)
  );
#1930 = ORIENTED_EDGE('',*,*,#1931,.F.);
#1931 = EDGE_CURVE('',#1932,#1924,#1934,.T.);
#1932 = VERTEX_POINT('',#1933);
#1933 = CARTESIAN_POINT('',(7.224967542617,0.824727356505,2.644197082318
    ));
#1934 = LINE('',#1935,#1936);
#1935 = CARTESIAN_POINT('',(7.224870460058,0.72637277419,2.644887859432)
  );
#1936 = VECTOR('',#1937,1.);
#1937 = DIRECTION('',(-9.87040475788E-04,-0.999974850186,
    7.023157916227E-03));
#1938 = ORIENTED_EDGE('',*,*,#1939,.F.);
#1939 = EDGE_CURVE('',#1940,#1932,#1942,.T.);
#1940 = VERTEX_POINT('',#1941);
#1941 = CARTESIAN_POINT('',(7.229350933523,0.824503975892,2.613007635389
    ));
#1942 = LINE('',#1943,#1944);
#1943 = CARTESIAN_POINT('',(7.224967542454,0.824727356505,2.644197082295
    ));
#1944 = VECTOR('',#1945,1.);
#1945 = DIRECTION('',(-0.139169600782,7.092178509963E-03,0.990243163684)
  );
#1946 = ORIENTED_EDGE('',*,*,#1947,.F.);
#1947 = EDGE_CURVE('',#1948,#1940,#1950,.T.);
#1948 = VERTEX_POINT('',#1949);
#1949 = CARTESIAN_POINT('',(7.229253851124,0.726149393577,2.613698412548
    ));
#1950 = LINE('',#1951,#1952);
#1951 = CARTESIAN_POINT('',(7.229350933356,0.824503975892,2.613007635389
    ));
#1952 = VECTOR('',#1953,1.);
#1953 = DIRECTION('',(9.870404758057E-04,0.999974850186,
    -7.023157916227E-03));
#1954 = ORIENTED_EDGE('',*,*,#1955,.F.);
#1955 = EDGE_CURVE('',#1956,#1948,#1958,.T.);
#1956 = VERTEX_POINT('',#1957);
#1957 = CARTESIAN_POINT('',(7.242130061903,0.725493213025,2.522079412236
    ));
#1958 = LINE('',#1959,#1960);
#1959 = CARTESIAN_POINT('',(7.22925385096,0.726149393577,2.613698412525)
  );
#1960 = VECTOR('',#1961,1.);
#1961 = DIRECTION('',(-0.139169600782,7.092178509958E-03,0.990243163684)
  );
#1962 = ORIENTED_EDGE('',*,*,#1963,.F.);
#1963 = EDGE_CURVE('',#1876,#1956,#1964,.T.);
#1964 = LINE('',#1965,#1966);
#1965 = CARTESIAN_POINT('',(7.242130061736,0.725493213026,2.522079412236
    ));
#1966 = VECTOR('',#1967,1.);
#1967 = DIRECTION('',(-9.870404757967E-04,-0.999974850186,
    7.023157916232E-03));
#1968 = FACE_BOUND('',#1969,.T.);
#1969 = EDGE_LOOP('',(#1970,#1980,#1988,#1996,#2005,#2014,#2023));
#1970 = ORIENTED_EDGE('',*,*,#1971,.F.);
#1971 = EDGE_CURVE('',#1972,#1974,#1976,.T.);
#1972 = VERTEX_POINT('',#1973);
#1973 = CARTESIAN_POINT('',(7.246656127417,0.889640388945,2.489874781527
    ));
#1974 = VERTEX_POINT('',#1975);
#1975 = CARTESIAN_POINT('',(7.24673079567,0.965286944037,2.489343490485)
  );
#1976 = LINE('',#1977,#1978);
#1977 = CARTESIAN_POINT('',(7.246730795506,0.965286944037,2.489343490462
    ));
#1978 = VECTOR('',#1979,1.);
#1979 = DIRECTION('',(9.870404757951E-04,0.999974850186,
    -7.023157916228E-03));
#1980 = ORIENTED_EDGE('',*,*,#1981,.F.);
#1981 = EDGE_CURVE('',#1982,#1972,#1984,.T.);
#1982 = VERTEX_POINT('',#1983);
#1983 = CARTESIAN_POINT('',(7.208379732024,0.891590980371,2.762225487576
    ));
#1984 = LINE('',#1985,#1986);
#1985 = CARTESIAN_POINT('',(7.246656127417,0.889640388945,2.489874781527
    ));
#1986 = VECTOR('',#1987,1.);
#1987 = DIRECTION('',(0.139169600782,-7.092178509961E-03,-0.990243163684
    ));
#1988 = ORIENTED_EDGE('',*,*,#1989,.F.);
#1989 = EDGE_CURVE('',#1990,#1982,#1992,.T.);
#1990 = VERTEX_POINT('',#1991);
#1991 = CARTESIAN_POINT('',(7.208457175879,0.970049675056,2.761674445915
    ));
#1992 = LINE('',#1993,#1994);
#1993 = CARTESIAN_POINT('',(7.20837973186,0.891590980371,2.762225487553)
  );
#1994 = VECTOR('',#1995,1.);
#1995 = DIRECTION('',(-9.870404757986E-04,-0.999974850186,
    7.023157916233E-03));
#1996 = ORIENTED_EDGE('',*,*,#1997,.F.);
#1997 = EDGE_CURVE('',#1998,#1990,#2000,.T.);
#1998 = VERTEX_POINT('',#1999);
#1999 = CARTESIAN_POINT('',(7.213628105536,1.073770252727,2.724881369598
    ));
#2000 = B_SPLINE_CURVE_WITH_KNOTS('',3,(#2001,#2002,#2003,#2004),
  .UNSPECIFIED.,.F.,.F.,(4,4),(2.,3.),.PIECEWISE_BEZIER_KNOTS.);
#2001 = CARTESIAN_POINT('',(7.213628105536,1.073770252727,2.724881369598
    ));
#2002 = CARTESIAN_POINT('',(7.210215446753,1.046313502847,2.749163697382
    ));
#2003 = CARTESIAN_POINT('',(7.208498326437,1.011739644543,2.761381643288
    ));
#2004 = CARTESIAN_POINT('',(7.208457175879,0.970049675056,2.761674445915
    ));
#2005 = ORIENTED_EDGE('',*,*,#2006,.F.);
#2006 = EDGE_CURVE('',#2007,#1998,#2009,.T.);
#2007 = VERTEX_POINT('',#2008);
#2008 = CARTESIAN_POINT('',(7.227249732389,1.114557230741,2.627958458318
    ));
#2009 = B_SPLINE_CURVE_WITH_KNOTS('',3,(#2010,#2011,#2012,#2013),
  .UNSPECIFIED.,.F.,.F.,(4,4),(3.,4.),.PIECEWISE_BEZIER_KNOTS.);
#2010 = CARTESIAN_POINT('',(7.227249732389,1.114557230741,2.627958458318
    ));
#2011 = CARTESIAN_POINT('',(7.221574806503,1.114846428856,2.668337652951
    ));
#2012 = CARTESIAN_POINT('',(7.217040763991,1.101227002609,2.700599041766
    ));
#2013 = CARTESIAN_POINT('',(7.213628105536,1.073770252727,2.724881369598
    ));
#2014 = ORIENTED_EDGE('',*,*,#2015,.F.);
#2015 = EDGE_CURVE('',#2016,#2007,#2018,.T.);
#2016 = VERTEX_POINT('',#2017);
#2017 = CARTESIAN_POINT('',(7.241474378991,1.072351187493,2.526744838577
    ));
#2018 = B_SPLINE_CURVE_WITH_KNOTS('',3,(#2019,#2020,#2021,#2022),
  .UNSPECIFIED.,.F.,.F.,(4,4),(4.,5.),.PIECEWISE_BEZIER_KNOTS.);
#2019 = CARTESIAN_POINT('',(7.241474378991,1.072351187493,2.526744838577
    ));
#2020 = CARTESIAN_POINT('',(7.237920576904,1.100162952992,2.552031453151
    ));
#2021 = CARTESIAN_POINT('',(7.233179051169,1.114255068572,2.585769161809
    ));
#2022 = CARTESIAN_POINT('',(7.227249732389,1.114557230741,2.627958458318
    ));
#2023 = ORIENTED_EDGE('',*,*,#2024,.F.);
#2024 = EDGE_CURVE('',#1974,#2016,#2025,.T.);
#2025 = B_SPLINE_CURVE_WITH_KNOTS('',3,(#2026,#2027,#2028,#2029),
  .UNSPECIFIED.,.F.,.F.,(4,4),(5.,6.),.PIECEWISE_BEZIER_KNOTS.);
#2026 = CARTESIAN_POINT('',(7.24673079567,0.965286944037,2.489343490485)
  );
#2027 = CARTESIAN_POINT('',(7.246773750476,1.00880480426,2.489037849971)
  );
#2028 = CARTESIAN_POINT('',(7.245028180749,1.044539421995,2.501458223956
    ));
#2029 = CARTESIAN_POINT('',(7.241474378991,1.072351187493,2.526744838577
    ));
#2030 = FACE_BOUND('',#2031,.T.);
#2031 = EDGE_LOOP('',(#2032,#2042,#2050,#2058,#2066,#2074,#2082,#2090));
#2032 = ORIENTED_EDGE('',*,*,#2033,.F.);
#2033 = EDGE_CURVE('',#2034,#2036,#2038,.T.);
#2034 = VERTEX_POINT('',#2035);
#2035 = CARTESIAN_POINT('',(7.247136473621,1.376281145769,2.486456940685
    ));
#2036 = VERTEX_POINT('',#2037);
#2037 = CARTESIAN_POINT('',(7.208756680967,1.273479537302,2.759543356479
    ));
#2038 = LINE('',#2039,#2040);
#2039 = CARTESIAN_POINT('',(7.208756680803,1.273479537302,2.759543356456
    ));
#2040 = VECTOR('',#2041,1.);
#2041 = DIRECTION('',(-0.130406767654,-0.349299057796,0.927892366157));
#2042 = ORIENTED_EDGE('',*,*,#2043,.F.);
#2043 = EDGE_CURVE('',#2044,#2034,#2046,.T.);
#2044 = VERTEX_POINT('',#2045);
#2045 = CARTESIAN_POINT('',(7.247097751858,1.337051798428,2.486732461538
    ));
#2046 = LINE('',#2047,#2048);
#2047 = CARTESIAN_POINT('',(7.247136473621,1.376281145769,2.486456940685
    ));
#2048 = VECTOR('',#2049,1.);
#2049 = DIRECTION('',(9.870404757558E-04,0.999974850186,
    -7.023157916234E-03));
#2050 = ORIENTED_EDGE('',*,*,#2051,.F.);
#2051 = EDGE_CURVE('',#2052,#2044,#2054,.T.);
#2052 = VERTEX_POINT('',#2053);
#2053 = CARTESIAN_POINT('',(7.236600804077,1.309534226632,2.561422125955
    ));
#2054 = LINE('',#2055,#2056);
#2055 = CARTESIAN_POINT('',(7.247097751694,1.337051798428,2.486732461515
    ));
#2056 = VECTOR('',#2057,1.);
#2057 = DIRECTION('',(0.130743352318,0.342741495853,-0.930287290489));
#2058 = ORIENTED_EDGE('',*,*,#2059,.F.);
#2059 = EDGE_CURVE('',#2060,#2052,#2062,.T.);
#2060 = VERTEX_POINT('',#2061);
#2061 = CARTESIAN_POINT('',(7.236487761031,1.195009841646,2.562226469025
    ));
#2062 = LINE('',#2063,#2064);
#2063 = CARTESIAN_POINT('',(7.236600803913,1.309534226632,2.561422125932
    ));
#2064 = VECTOR('',#2065,1.);
#2065 = DIRECTION('',(9.870404757934E-04,0.999974850186,
    -7.023157916228E-03));
#2066 = ORIENTED_EDGE('',*,*,#2067,.F.);
#2067 = EDGE_CURVE('',#2068,#2060,#2070,.T.);
#2068 = VERTEX_POINT('',#2069);
#2069 = CARTESIAN_POINT('',(7.24693092836,1.168042208788,2.487919472406)
  );
#2070 = LINE('',#2071,#2072);
#2071 = CARTESIAN_POINT('',(7.236487760867,1.195009841646,2.562226469002
    ));
#2072 = VECTOR('',#2073,1.);
#2073 = DIRECTION('',(-0.13097166448,0.338211162487,0.931911815931));
#2074 = ORIENTED_EDGE('',*,*,#2075,.F.);
#2075 = EDGE_CURVE('',#2076,#2068,#2078,.T.);
#2076 = VERTEX_POINT('',#2077);
#2077 = CARTESIAN_POINT('',(7.246892206429,1.128812861453,2.48819499326)
  );
#2078 = LINE('',#2079,#2080);
#2079 = CARTESIAN_POINT('',(7.246930928193,1.168042208797,2.487919472406
    ));
#2080 = VECTOR('',#2081,1.);
#2081 = DIRECTION('',(9.870404757971E-04,0.999974850186,
    -7.02315791623E-03));
#2082 = ORIENTED_EDGE('',*,*,#2083,.F.);
#2083 = EDGE_CURVE('',#2084,#2076,#2086,.T.);
#2084 = VERTEX_POINT('',#2085);
#2085 = CARTESIAN_POINT('',(7.208719208134,1.235515652774,2.759809989541
    ));
#2086 = LINE('',#2087,#2088);
#2087 = CARTESIAN_POINT('',(7.246892206265,1.128812861453,2.488194993237
    ));
#2088 = VECTOR('',#2089,1.);
#2089 = DIRECTION('',(0.12970412172,-0.362554487504,-0.922892780555));
#2090 = ORIENTED_EDGE('',*,*,#2091,.F.);
#2091 = EDGE_CURVE('',#2036,#2084,#2092,.T.);
#2092 = LINE('',#2093,#2094);
#2093 = CARTESIAN_POINT('',(7.20871920797,1.235515652774,2.759809989518)
  );
#2094 = VECTOR('',#2095,1.);
#2095 = DIRECTION('',(-9.870404757902E-04,-0.999974850186,
    7.023157916237E-03));
#2096 = PLANE('',#2097);
#2097 = AXIS2_PLACEMENT_3D('',#2098,#2099,#2100);
#2098 = CARTESIAN_POINT('',(7.596585207684,5.100000082177,0.));
#2099 = DIRECTION('',(0.990268068742,-1.819092931022E-16,0.13917310096)
  );
#2100 = DIRECTION('',(-0.13917310096,2.556568389271E-17,0.990268068742)
  );
#2101 = ADVANCED_FACE('',(#2102,#2136,#2186,#2220),#2254,.F.);
#2102 = FACE_BOUND('',#2103,.T.);
#2103 = EDGE_LOOP('',(#2104,#2114,#2122,#2130));
#2104 = ORIENTED_EDGE('',*,*,#2105,.F.);
#2105 = EDGE_CURVE('',#2106,#2108,#2110,.T.);
#2106 = VERTEX_POINT('',#2107);
#2107 = CARTESIAN_POINT('',(-1.103414932501,2.090000033677,
    2.600000041894));
#2108 = VERTEX_POINT('',#2109);
#2109 = CARTESIAN_POINT('',(-1.103414932501,2.090000033677,3.00000004834
    ));
#2110 = LINE('',#2111,#2112);
#2111 = CARTESIAN_POINT('',(-1.103414932501,2.090000033677,3.00000004834
    ));
#2112 = VECTOR('',#2113,1.);
#2113 = DIRECTION('',(0.,0.,1.));
#2114 = ORIENTED_EDGE('',*,*,#2115,.F.);
#2115 = EDGE_CURVE('',#2116,#2106,#2118,.T.);
#2116 = VERTEX_POINT('',#2117);
#2117 = CARTESIAN_POINT('',(-1.103414932501,2.990000048179,
    2.600000041894));
#2118 = LINE('',#2119,#2120);
#2119 = CARTESIAN_POINT('',(-1.103414932501,2.990000048179,
    2.600000041894));
#2120 = VECTOR('',#2121,1.);
#2121 = DIRECTION('',(-1.836970198721E-16,-1.,0.));
#2122 = ORIENTED_EDGE('',*,*,#2123,.F.);
#2123 = EDGE_CURVE('',#2124,#2116,#2126,.T.);
#2124 = VERTEX_POINT('',#2125);
#2125 = CARTESIAN_POINT('',(-1.103414932501,2.990000048179,3.00000004834
    ));
#2126 = LINE('',#2127,#2128);
#2127 = CARTESIAN_POINT('',(-1.103414932501,2.990000048179,3.00000004834
    ));
#2128 = VECTOR('',#2129,1.);
#2129 = DIRECTION('',(0.,-0.,-1.));
#2130 = ORIENTED_EDGE('',*,*,#2131,.F.);
#2131 = EDGE_CURVE('',#2108,#2124,#2132,.T.);
#2132 = LINE('',#2133,#2134);
#2133 = CARTESIAN_POINT('',(-1.103414932501,2.990000048179,3.00000004834
    ));
#2134 = VECTOR('',#2135,1.);
#2135 = DIRECTION('',(1.836970198721E-16,1.,-0.));
#2136 = FACE_BOUND('',#2137,.T.);
#2137 = EDGE_LOOP('',(#2138,#2148,#2156,#2164,#2172,#2180));
#2138 = ORIENTED_EDGE('',*,*,#2139,.T.);
#2139 = EDGE_CURVE('',#2140,#2142,#2144,.T.);
#2140 = VERTEX_POINT('',#2141);
#2141 = CARTESIAN_POINT('',(-1.103414932501,-4.918547326088,
    2.500000040283));
#2142 = VERTEX_POINT('',#2143);
#2143 = CARTESIAN_POINT('',(-1.103414932501,-4.918912013752,
    2.500000040283));
#2144 = LINE('',#2145,#2146);
#2145 = CARTESIAN_POINT('',(-1.103414932501,5.100000082177,
    2.500000040283));
#2146 = VECTOR('',#2147,1.);
#2147 = DIRECTION('',(-1.836970198721E-16,-1.,0.));
#2148 = ORIENTED_EDGE('',*,*,#2149,.T.);
#2149 = EDGE_CURVE('',#2142,#2150,#2152,.T.);
#2150 = VERTEX_POINT('',#2151);
#2151 = CARTESIAN_POINT('',(-1.103414932501,-4.816716842503,
    4.450000071704));
#2152 = LINE('',#2153,#2154);
#2153 = CARTESIAN_POINT('',(-1.103414932501,-4.786941224421,
    5.01815271029));
#2154 = VECTOR('',#2155,1.);
#2155 = DIRECTION('',(9.613959193982E-18,5.233595624292E-02,
    0.998629534755));
#2156 = ORIENTED_EDGE('',*,*,#2157,.T.);
#2157 = EDGE_CURVE('',#2150,#2158,#2160,.T.);
#2158 = VERTEX_POINT('',#2159);
#2159 = CARTESIAN_POINT('',(-1.103414932501,4.816716842503,
    4.450000071704));
#2160 = LINE('',#2161,#2162);
#2161 = CARTESIAN_POINT('',(-1.103414932501,4.864165071604,
    4.450000071704));
#2162 = VECTOR('',#2163,1.);
#2163 = DIRECTION('',(1.836970198721E-16,1.,0.));
#2164 = ORIENTED_EDGE('',*,*,#2165,.T.);
#2165 = EDGE_CURVE('',#2158,#2166,#2168,.T.);
#2166 = VERTEX_POINT('',#2167);
#2167 = CARTESIAN_POINT('',(-1.103414932501,4.918912013752,
    2.500000040283));
#2168 = LINE('',#2169,#2170);
#2169 = CARTESIAN_POINT('',(-1.103414932501,4.814879558493,
    4.485057539035));
#2170 = VECTOR('',#2171,1.);
#2171 = DIRECTION('',(9.613959193982E-18,5.233595624292E-02,
    -0.998629534755));
#2172 = ORIENTED_EDGE('',*,*,#2173,.T.);
#2173 = EDGE_CURVE('',#2166,#2174,#2176,.T.);
#2174 = VERTEX_POINT('',#2175);
#2175 = CARTESIAN_POINT('',(-1.103414932501,4.918547326088,
    2.500000040283));
#2176 = LINE('',#2177,#2178);
#2177 = CARTESIAN_POINT('',(-1.103414932501,5.100000082177,
    2.500000040283));
#2178 = VECTOR('',#2179,1.);
#2179 = DIRECTION('',(-1.836970198721E-16,-1.,0.));
#2180 = ORIENTED_EDGE('',*,*,#2181,.T.);
#2181 = EDGE_CURVE('',#2174,#2140,#2182,.T.);
#2182 = LINE('',#2183,#2184);
#2183 = CARTESIAN_POINT('',(-1.103414932501,5.100000082177,
    2.500000040283));
#2184 = VECTOR('',#2185,1.);
#2185 = DIRECTION('',(-1.836970198721E-16,-1.,0.));
#2186 = FACE_BOUND('',#2187,.T.);
#2187 = EDGE_LOOP('',(#2188,#2198,#2206,#2214));
#2188 = ORIENTED_EDGE('',*,*,#2189,.F.);
#2189 = EDGE_CURVE('',#2190,#2192,#2194,.T.);
#2190 = VERTEX_POINT('',#2191);
#2191 = CARTESIAN_POINT('',(-1.103414932501,-2.990000048179,
    2.600000041894));
#2192 = VERTEX_POINT('',#2193);
#2193 = CARTESIAN_POINT('',(-1.103414932501,-2.990000048179,
    3.00000004834));
#2194 = LINE('',#2195,#2196);
#2195 = CARTESIAN_POINT('',(-1.103414932501,-2.990000048179,
    3.00000004834));
#2196 = VECTOR('',#2197,1.);
#2197 = DIRECTION('',(0.,0.,1.));
#2198 = ORIENTED_EDGE('',*,*,#2199,.F.);
#2199 = EDGE_CURVE('',#2200,#2190,#2202,.T.);
#2200 = VERTEX_POINT('',#2201);
#2201 = CARTESIAN_POINT('',(-1.103414932501,-2.090000033677,
    2.600000041894));
#2202 = LINE('',#2203,#2204);
#2203 = CARTESIAN_POINT('',(-1.103414932501,-2.090000033677,
    2.600000041894));
#2204 = VECTOR('',#2205,1.);
#2205 = DIRECTION('',(-1.836970198721E-16,-1.,0.));
#2206 = ORIENTED_EDGE('',*,*,#2207,.F.);
#2207 = EDGE_CURVE('',#2208,#2200,#2210,.T.);
#2208 = VERTEX_POINT('',#2209);
#2209 = CARTESIAN_POINT('',(-1.103414932501,-2.090000033677,
    3.00000004834));
#2210 = LINE('',#2211,#2212);
#2211 = CARTESIAN_POINT('',(-1.103414932501,-2.090000033677,
    3.00000004834));
#2212 = VECTOR('',#2213,1.);
#2213 = DIRECTION('',(0.,-0.,-1.));
#2214 = ORIENTED_EDGE('',*,*,#2215,.F.);
#2215 = EDGE_CURVE('',#2192,#2208,#2216,.T.);
#2216 = LINE('',#2217,#2218);
#2217 = CARTESIAN_POINT('',(-1.103414932501,-2.090000033677,
    3.00000004834));
#2218 = VECTOR('',#2219,1.);
#2219 = DIRECTION('',(1.836970198721E-16,1.,-0.));
#2220 = FACE_BOUND('',#2221,.T.);
#2221 = EDGE_LOOP('',(#2222,#2232,#2240,#2248));
#2222 = ORIENTED_EDGE('',*,*,#2223,.F.);
#2223 = EDGE_CURVE('',#2224,#2226,#2228,.T.);
#2224 = VERTEX_POINT('',#2225);
#2225 = CARTESIAN_POINT('',(-1.103414932501,-0.450000007251,
    2.600000041894));
#2226 = VERTEX_POINT('',#2227);
#2227 = CARTESIAN_POINT('',(-1.103414932501,-0.450000007251,
    3.00000004834));
#2228 = LINE('',#2229,#2230);
#2229 = CARTESIAN_POINT('',(-1.103414932501,-0.450000007251,
    3.00000004834));
#2230 = VECTOR('',#2231,1.);
#2231 = DIRECTION('',(0.,0.,1.));
#2232 = ORIENTED_EDGE('',*,*,#2233,.F.);
#2233 = EDGE_CURVE('',#2234,#2224,#2236,.T.);
#2234 = VERTEX_POINT('',#2235);
#2235 = CARTESIAN_POINT('',(-1.103414932501,0.450000007251,
    2.600000041894));
#2236 = LINE('',#2237,#2238);
#2237 = CARTESIAN_POINT('',(-1.103414932501,0.450000007251,
    2.600000041894));
#2238 = VECTOR('',#2239,1.);
#2239 = DIRECTION('',(-1.836970198721E-16,-1.,0.));
#2240 = ORIENTED_EDGE('',*,*,#2241,.F.);
#2241 = EDGE_CURVE('',#2242,#2234,#2244,.T.);
#2242 = VERTEX_POINT('',#2243);
#2243 = CARTESIAN_POINT('',(-1.103414932501,0.450000007251,3.00000004834
    ));
#2244 = LINE('',#2245,#2246);
#2245 = CARTESIAN_POINT('',(-1.103414932501,0.450000007251,3.00000004834
    ));
#2246 = VECTOR('',#2247,1.);
#2247 = DIRECTION('',(0.,-0.,-1.));
#2248 = ORIENTED_EDGE('',*,*,#2249,.F.);
#2249 = EDGE_CURVE('',#2226,#2242,#2250,.T.);
#2250 = LINE('',#2251,#2252);
#2251 = CARTESIAN_POINT('',(-1.103414932501,0.450000007251,3.00000004834
    ));
#2252 = VECTOR('',#2253,1.);
#2253 = DIRECTION('',(1.836970198721E-16,1.,-4.818676322158E-16));
#2254 = PLANE('',#2255);
#2255 = AXIS2_PLACEMENT_3D('',#2256,#2257,#2258);
#2256 = CARTESIAN_POINT('',(-1.103414932501,5.100000082177,4.50000007251
    ));
#2257 = DIRECTION('',(1.,-1.836970198721E-16,0.));
#2258 = DIRECTION('',(0.,0.,1.));
#2259 = ADVANCED_FACE('',(#2260),#2287,.T.);
#2260 = FACE_BOUND('',#2261,.T.);
#2261 = EDGE_LOOP('',(#2262,#2263,#2272,#2280));
#2262 = ORIENTED_EDGE('',*,*,#1701,.F.);
#2263 = ORIENTED_EDGE('',*,*,#2264,.T.);
#2264 = EDGE_CURVE('',#1692,#2265,#2267,.T.);
#2265 = VERTEX_POINT('',#2266);
#2266 = CARTESIAN_POINT('',(7.363758507142,5.031869968012,1.300000020947
    ));
#2267 = ( BOUNDED_CURVE() B_SPLINE_CURVE(3,(#2268,#2269,#2270,#2271),
.UNSPECIFIED.,.F.,.F.) B_SPLINE_CURVE_WITH_KNOTS((4,4),(5.929882965344,
7.493395470411),.PIECEWISE_BEZIER_KNOTS.) CURVE() 
GEOMETRIC_REPRESENTATION_ITEM() RATIONAL_B_SPLINE_CURVE((1.,
0.806451537338,0.806451537338,1.)) REPRESENTATION_ITEM('') );
#2268 = CARTESIAN_POINT('',(7.413882119627,4.982166037569,1.300000020947
    ));
#2269 = CARTESIAN_POINT('',(7.413882119627,5.011325674837,1.300000020947
    ));
#2270 = CARTESIAN_POINT('',(7.393164357859,5.031869968012,1.300000020947
    ));
#2271 = CARTESIAN_POINT('',(7.363758507142,5.031869968012,1.300000020947
    ));
#2272 = ORIENTED_EDGE('',*,*,#2273,.F.);
#2273 = EDGE_CURVE('',#2274,#2265,#2276,.T.);
#2274 = VERTEX_POINT('',#2275);
#2275 = CARTESIAN_POINT('',(6.920687103742,4.866648320046,4.452616869558
    ));
#2276 = LINE('',#2277,#2278);
#2277 = CARTESIAN_POINT('',(7.547429839224,5.100361141077,
    -6.88941421834E-03));
#2278 = VECTOR('',#2279,1.);
#2279 = DIRECTION('',(0.138986055933,5.18280011513E-02,-0.988937174219)
  );
#2280 = ORIENTED_EDGE('',*,*,#2281,.F.);
#2281 = EDGE_CURVE('',#1702,#2274,#2282,.T.);
#2282 = CIRCLE('',#2283,5.000000080566E-02);
#2283 = AXIS2_PLACEMENT_3D('',#2284,#2285,#2286);
#2284 = CARTESIAN_POINT('',(6.920687103742,4.816716842503,4.450000071704
    ));
#2285 = DIRECTION('',(-0.138986055933,-5.18280011513E-02,0.988937174219)
  );
#2286 = DIRECTION('',(-0.990268068742,8.55045201309E-15,-0.13917310096)
  );
#2287 = CYLINDRICAL_SURFACE('',#2288,5.000000080566E-02);
#2288 = AXIS2_PLACEMENT_3D('',#2289,#2290,#2291);
#2289 = CARTESIAN_POINT('',(7.547429839224,5.050429663535,
    -9.506212072653E-03));
#2290 = DIRECTION('',(0.138986055933,5.18280011513E-02,-0.988937174219)
  );
#2291 = DIRECTION('',(0.990268068742,-8.503614479238E-15,0.13917310096)
  );
#2292 = ADVANCED_FACE('',(#2293),#2320,.T.);
#2293 = FACE_BOUND('',#2294,.T.);
#2294 = EDGE_LOOP('',(#2295,#2305,#2312,#2313));
#2295 = ORIENTED_EDGE('',*,*,#2296,.F.);
#2296 = EDGE_CURVE('',#2297,#2299,#2301,.T.);
#2297 = VERTEX_POINT('',#2298);
#2298 = CARTESIAN_POINT('',(7.363758507142,-5.031869968012,
    1.300000020947));
#2299 = VERTEX_POINT('',#2300);
#2300 = CARTESIAN_POINT('',(6.920687103742,-4.866648320046,
    4.452616869558));
#2301 = LINE('',#2302,#2303);
#2302 = CARTESIAN_POINT('',(7.547429839224,-5.100361141077,
    -6.889414218341E-03));
#2303 = VECTOR('',#2304,1.);
#2304 = DIRECTION('',(-0.138986055933,5.18280011513E-02,0.988937174219)
  );
#2305 = ORIENTED_EDGE('',*,*,#2306,.T.);
#2306 = EDGE_CURVE('',#2297,#1694,#2307,.T.);
#2307 = ( BOUNDED_CURVE() B_SPLINE_CURVE(3,(#2308,#2309,#2310,#2311),
.UNSPECIFIED.,.F.,.F.) B_SPLINE_CURVE_WITH_KNOTS((4,4),(5.072975143948,
6.636487649015),.PIECEWISE_BEZIER_KNOTS.) CURVE() 
GEOMETRIC_REPRESENTATION_ITEM() RATIONAL_B_SPLINE_CURVE((1.,
0.806451537338,0.806451537338,1.)) REPRESENTATION_ITEM('') );
#2308 = CARTESIAN_POINT('',(7.363758507142,-5.031869968012,
    1.300000020947));
#2309 = CARTESIAN_POINT('',(7.393164357859,-5.031869968012,
    1.300000020947));
#2310 = CARTESIAN_POINT('',(7.413882119627,-5.011325674837,
    1.300000020947));
#2311 = CARTESIAN_POINT('',(7.413882119627,-4.982166037569,
    1.300000020947));
#2312 = ORIENTED_EDGE('',*,*,#1717,.F.);
#2313 = ORIENTED_EDGE('',*,*,#2314,.F.);
#2314 = EDGE_CURVE('',#2299,#1710,#2315,.T.);
#2315 = CIRCLE('',#2316,5.000000080566E-02);
#2316 = AXIS2_PLACEMENT_3D('',#2317,#2318,#2319);
#2317 = CARTESIAN_POINT('',(6.920687103742,-4.816716842503,
    4.450000071704));
#2318 = DIRECTION('',(-0.138986055933,5.182800115131E-02,0.988937174219)
  );
#2319 = DIRECTION('',(-0.990268068742,-8.280702512575E-15,-0.13917310096
    ));
#2320 = CYLINDRICAL_SURFACE('',#2321,5.000000080566E-02);
#2321 = AXIS2_PLACEMENT_3D('',#2322,#2323,#2324);
#2322 = CARTESIAN_POINT('',(7.473955469478,-5.023031017719,
    0.513291093792));
#2323 = DIRECTION('',(0.138986055933,-5.18280011513E-02,-0.988937174219)
  );
#2324 = DIRECTION('',(0.990268068742,8.121107952785E-15,0.13917310096));
#2325 = ADVANCED_FACE('',(#2326),#2375,.T.);
#2326 = FACE_BOUND('',#2327,.T.);
#2327 = EDGE_LOOP('',(#2328,#2338,#2346,#2352,#2353,#2361,#2369));
#2328 = ORIENTED_EDGE('',*,*,#2329,.T.);
#2329 = EDGE_CURVE('',#2330,#2332,#2334,.T.);
#2330 = VERTEX_POINT('',#2331);
#2331 = CARTESIAN_POINT('',(-0.701203693689,-5.100000082177,0.));
#2332 = VERTEX_POINT('',#2333);
#2333 = CARTESIAN_POINT('',(7.096585199628,-5.100000082177,0.));
#2334 = LINE('',#2335,#2336);
#2335 = CARTESIAN_POINT('',(7.596585207684,-5.100000082177,0.));
#2336 = VECTOR('',#2337,1.);
#2337 = DIRECTION('',(1.,1.569648311374E-17,0.));
#2338 = ORIENTED_EDGE('',*,*,#2339,.T.);
#2339 = EDGE_CURVE('',#2332,#2340,#2342,.T.);
#2340 = VERTEX_POINT('',#2341);
#2341 = CARTESIAN_POINT('',(7.096585199628,-5.031869968012,
    1.300000020947));
#2342 = LINE('',#2343,#2344);
#2343 = CARTESIAN_POINT('',(7.096585199628,-5.100000082177,
    5.210574197125E-18));
#2344 = VECTOR('',#2345,1.);
#2345 = DIRECTION('',(9.613959193982E-18,5.233595624292E-02,
    0.998629534755));
#2346 = ORIENTED_EDGE('',*,*,#2347,.F.);
#2347 = EDGE_CURVE('',#2297,#2340,#2348,.T.);
#2348 = LINE('',#2349,#2350);
#2349 = CARTESIAN_POINT('',(7.596585207684,-5.031869968012,
    1.300000020947));
#2350 = VECTOR('',#2351,1.);
#2351 = DIRECTION('',(-1.,-1.569648311374E-17,0.));
#2352 = ORIENTED_EDGE('',*,*,#2296,.T.);
#2353 = ORIENTED_EDGE('',*,*,#2354,.T.);
#2354 = EDGE_CURVE('',#2299,#2355,#2357,.T.);
#2355 = VERTEX_POINT('',#2356);
#2356 = CARTESIAN_POINT('',(-1.053414931695,-4.866648320046,
    4.452616869558));
#2357 = LINE('',#2358,#2359);
#2358 = CARTESIAN_POINT('',(-1.103414932501,-4.866648320046,
    4.452616869558));
#2359 = VECTOR('',#2360,1.);
#2360 = DIRECTION('',(-1.,-1.569648311374E-17,-4.208619010347E-36));
#2361 = ORIENTED_EDGE('',*,*,#2362,.T.);
#2362 = EDGE_CURVE('',#2355,#2363,#2365,.T.);
#2363 = VERTEX_POINT('',#2364);
#2364 = CARTESIAN_POINT('',(-1.053414931695,-4.968660255845,
    2.506113178791));
#2365 = LINE('',#2366,#2367);
#2366 = CARTESIAN_POINT('',(-1.053414931695,-5.100000082177,
    9.014293361027E-17));
#2367 = VECTOR('',#2368,1.);
#2368 = DIRECTION('',(-9.613959193982E-18,-5.233595624292E-02,
    -0.998629534755));
#2369 = ORIENTED_EDGE('',*,*,#2370,.T.);
#2370 = EDGE_CURVE('',#2363,#2330,#2371,.T.);
#2371 = LINE('',#2372,#2373);
#2372 = CARTESIAN_POINT('',(-0.702186146114,-5.099633724955,
    6.990512234268E-03));
#2373 = VECTOR('',#2374,1.);
#2374 = DIRECTION('',(0.138986055933,-5.18280011513E-02,-0.988937174219)
  );
#2375 = PLANE('',#2376);
#2376 = AXIS2_PLACEMENT_3D('',#2377,#2378,#2379);
#2377 = CARTESIAN_POINT('',(7.596585207684,-5.100000082177,0.));
#2378 = DIRECTION('',(1.567497162914E-17,-0.998629534755,
    5.233595624292E-02));
#2379 = DIRECTION('',(-9.613959193982E-18,-5.233595624292E-02,
    -0.998629534755));
#2380 = ADVANCED_FACE('',(#2381),#2430,.T.);
#2381 = FACE_BOUND('',#2382,.T.);
#2382 = EDGE_LOOP('',(#2383,#2391,#2399,#2407,#2415,#2423,#2429));
#2383 = ORIENTED_EDGE('',*,*,#2384,.F.);
#2384 = EDGE_CURVE('',#2385,#2265,#2387,.T.);
#2385 = VERTEX_POINT('',#2386);
#2386 = CARTESIAN_POINT('',(7.096585199628,5.031869968012,1.300000020947
    ));
#2387 = LINE('',#2388,#2389);
#2388 = CARTESIAN_POINT('',(7.596585207684,5.031869968012,1.300000020947
    ));
#2389 = VECTOR('',#2390,1.);
#2390 = DIRECTION('',(1.,-8.400026837918E-17,0.));
#2391 = ORIENTED_EDGE('',*,*,#2392,.T.);
#2392 = EDGE_CURVE('',#2385,#2393,#2395,.T.);
#2393 = VERTEX_POINT('',#2394);
#2394 = CARTESIAN_POINT('',(7.096585199628,5.100000082177,0.));
#2395 = LINE('',#2396,#2397);
#2396 = CARTESIAN_POINT('',(7.096585199628,5.100000082177,
    -2.605287098563E-18));
#2397 = VECTOR('',#2398,1.);
#2398 = DIRECTION('',(9.613959193982E-18,5.233595624292E-02,
    -0.998629534755));
#2399 = ORIENTED_EDGE('',*,*,#2400,.T.);
#2400 = EDGE_CURVE('',#2393,#2401,#2403,.T.);
#2401 = VERTEX_POINT('',#2402);
#2402 = CARTESIAN_POINT('',(-0.701203693689,5.100000082177,0.));
#2403 = LINE('',#2404,#2405);
#2404 = CARTESIAN_POINT('',(7.596585207684,5.100000082177,0.));
#2405 = VECTOR('',#2406,1.);
#2406 = DIRECTION('',(-1.,8.400026837918E-17,0.));
#2407 = ORIENTED_EDGE('',*,*,#2408,.T.);
#2408 = EDGE_CURVE('',#2401,#2409,#2411,.T.);
#2409 = VERTEX_POINT('',#2410);
#2410 = CARTESIAN_POINT('',(-1.053414931695,4.968660255845,
    2.506113178791));
#2411 = LINE('',#2412,#2413);
#2412 = CARTESIAN_POINT('',(-1.053538238531,4.968614274636,
    2.506990552517));
#2413 = VECTOR('',#2414,1.);
#2414 = DIRECTION('',(-0.138986055933,-5.18280011513E-02,0.988937174219)
  );
#2415 = ORIENTED_EDGE('',*,*,#2416,.T.);
#2416 = EDGE_CURVE('',#2409,#2417,#2419,.T.);
#2417 = VERTEX_POINT('',#2418);
#2418 = CARTESIAN_POINT('',(-1.053414931695,4.866648320046,
    4.452616869558));
#2419 = LINE('',#2420,#2421);
#2420 = CARTESIAN_POINT('',(-1.053414931695,5.100000082177,
    -4.507146680513E-17));
#2421 = VECTOR('',#2422,1.);
#2422 = DIRECTION('',(-9.613959193982E-18,-5.233595624292E-02,
    0.998629534755));
#2423 = ORIENTED_EDGE('',*,*,#2424,.T.);
#2424 = EDGE_CURVE('',#2417,#2274,#2425,.T.);
#2425 = LINE('',#2426,#2427);
#2426 = CARTESIAN_POINT('',(6.964151441333,4.866648320046,4.452616869558
    ));
#2427 = VECTOR('',#2428,1.);
#2428 = DIRECTION('',(1.,-8.400026837918E-17,-2.104309505173E-36));
#2429 = ORIENTED_EDGE('',*,*,#2273,.T.);
#2430 = PLANE('',#2431);
#2431 = AXIS2_PLACEMENT_3D('',#2432,#2433,#2434);
#2432 = CARTESIAN_POINT('',(7.596585207684,5.100000082177,0.));
#2433 = DIRECTION('',(8.388514893072E-17,0.998629534755,
    5.233595624292E-02));
#2434 = DIRECTION('',(-9.613959193982E-18,-5.233595624292E-02,
    0.998629534755));
#2435 = ADVANCED_FACE('',(#2436,#2446),#2480,.T.);
#2436 = FACE_BOUND('',#2437,.T.);
#2437 = EDGE_LOOP('',(#2438,#2445));
#2438 = ORIENTED_EDGE('',*,*,#2439,.F.);
#2439 = EDGE_CURVE('',#568,#576,#2440,.T.);
#2440 = CIRCLE('',#2441,0.500000008057);
#2441 = AXIS2_PLACEMENT_3D('',#2442,#2443,#2444);
#2442 = CARTESIAN_POINT('',(-5.341491558206E-02,2.540000040928,
    4.50000007251));
#2443 = DIRECTION('',(0.,0.,1.));
#2444 = DIRECTION('',(-1.836970198721E-16,-1.,0.));
#2445 = ORIENTED_EDGE('',*,*,#575,.F.);
#2446 = FACE_BOUND('',#2447,.T.);
#2447 = EDGE_LOOP('',(#2448,#2458,#2466,#2474));
#2448 = ORIENTED_EDGE('',*,*,#2449,.T.);
#2449 = EDGE_CURVE('',#2450,#2452,#2454,.T.);
#2450 = VERTEX_POINT('',#2451);
#2451 = CARTESIAN_POINT('',(6.920687103742,4.816716842503,4.50000007251)
  );
#2452 = VERTEX_POINT('',#2453);
#2453 = CARTESIAN_POINT('',(-1.053414931695,4.816716842503,4.50000007251
    ));
#2454 = LINE('',#2455,#2456);
#2455 = CARTESIAN_POINT('',(-1.103414932501,4.816716842503,4.50000007251
    ));
#2456 = VECTOR('',#2457,1.);
#2457 = DIRECTION('',(-1.,8.400026837918E-17,0.));
#2458 = ORIENTED_EDGE('',*,*,#2459,.T.);
#2459 = EDGE_CURVE('',#2452,#2460,#2462,.T.);
#2460 = VERTEX_POINT('',#2461);
#2461 = CARTESIAN_POINT('',(-1.053414931695,-4.816716842503,
    4.50000007251));
#2462 = LINE('',#2463,#2464);
#2463 = CARTESIAN_POINT('',(-1.053414931695,-4.864165071604,
    4.50000007251));
#2464 = VECTOR('',#2465,1.);
#2465 = DIRECTION('',(-1.836970198721E-16,-1.,0.));
#2466 = ORIENTED_EDGE('',*,*,#2467,.T.);
#2467 = EDGE_CURVE('',#2460,#2468,#2470,.T.);
#2468 = VERTEX_POINT('',#2469);
#2469 = CARTESIAN_POINT('',(6.920687103742,-4.816716842503,4.50000007251
    ));
#2470 = LINE('',#2471,#2472);
#2471 = CARTESIAN_POINT('',(6.964151441333,-4.816716842503,4.50000007251
    ));
#2472 = VECTOR('',#2473,1.);
#2473 = DIRECTION('',(1.,1.569648311374E-17,0.));
#2474 = ORIENTED_EDGE('',*,*,#2475,.T.);
#2475 = EDGE_CURVE('',#2468,#2450,#2476,.T.);
#2476 = LINE('',#2477,#2478);
#2477 = CARTESIAN_POINT('',(6.920687103742,4.864165071604,4.50000007251)
  );
#2478 = VECTOR('',#2479,1.);
#2479 = DIRECTION('',(1.836970198721E-16,1.,0.));
#2480 = PLANE('',#2481);
#2481 = AXIS2_PLACEMENT_3D('',#2482,#2483,#2484);
#2482 = CARTESIAN_POINT('',(-6.30341501629,1.378354977356E-15,
    4.50000007251));
#2483 = DIRECTION('',(0.,0.,1.));
#2484 = DIRECTION('',(-1.836970198721E-16,-1.,0.));
#2485 = ADVANCED_FACE('',(#2486),#2584,.F.);
#2486 = FACE_BOUND('',#2487,.T.);
#2487 = EDGE_LOOP('',(#2488,#2498,#2504,#2505,#2514,#2522,#2529,#2530,
    #2538,#2546,#2554,#2562,#2570,#2578));
#2488 = ORIENTED_EDGE('',*,*,#2489,.F.);
#2489 = EDGE_CURVE('',#2490,#2492,#2494,.T.);
#2490 = VERTEX_POINT('',#2491);
#2491 = CARTESIAN_POINT('',(7.096585199628,-3.100000049951,0.));
#2492 = VERTEX_POINT('',#2493);
#2493 = CARTESIAN_POINT('',(6.096585183514,-3.100000049951,0.));
#2494 = LINE('',#2495,#2496);
#2495 = CARTESIAN_POINT('',(7.096585199628,-3.100000049951,0.));
#2496 = VECTOR('',#2497,1.);
#2497 = DIRECTION('',(-1.,6.173778888663E-16,0.));
#2498 = ORIENTED_EDGE('',*,*,#2499,.F.);
#2499 = EDGE_CURVE('',#2332,#2490,#2500,.T.);
#2500 = LINE('',#2501,#2502);
#2501 = CARTESIAN_POINT('',(7.096585199628,-5.100000082177,0.));
#2502 = VECTOR('',#2503,1.);
#2503 = DIRECTION('',(1.836970198721E-16,1.,0.));
#2504 = ORIENTED_EDGE('',*,*,#2329,.F.);
#2505 = ORIENTED_EDGE('',*,*,#2506,.T.);
#2506 = EDGE_CURVE('',#2330,#2507,#2509,.T.);
#2507 = VERTEX_POINT('',#2508);
#2508 = CARTESIAN_POINT('',(-0.752062840084,-5.049566776407,0.));
#2509 = ( BOUNDED_CURVE() B_SPLINE_CURVE(3,(#2510,#2511,#2512,#2513),
.UNSPECIFIED.,.F.,.F.) B_SPLINE_CURVE_WITH_KNOTS((4,4),(4.351802816821,
5.929882965344),.PIECEWISE_BEZIER_KNOTS.) CURVE() 
GEOMETRIC_REPRESENTATION_ITEM() RATIONAL_B_SPLINE_CURVE((1.,
0.803017918437,0.803017918437,1.)) REPRESENTATION_ITEM('') );
#2510 = CARTESIAN_POINT('',(-0.701203693689,-5.100000082177,0.));
#2511 = CARTESIAN_POINT('',(-0.730951170706,-5.100000082177,0.));
#2512 = CARTESIAN_POINT('',(-0.752062840084,-5.079065179559,0.));
#2513 = CARTESIAN_POINT('',(-0.752062840084,-5.049566776407,0.));
#2514 = ORIENTED_EDGE('',*,*,#2515,.T.);
#2515 = EDGE_CURVE('',#2507,#2516,#2518,.T.);
#2516 = VERTEX_POINT('',#2517);
#2517 = CARTESIAN_POINT('',(-0.752062840084,5.049566776407,0.));
#2518 = LINE('',#2519,#2520);
#2519 = CARTESIAN_POINT('',(-0.752062840084,3.585881263264E-16,0.));
#2520 = VECTOR('',#2521,1.);
#2521 = DIRECTION('',(1.836970198721E-16,1.,0.));
#2522 = ORIENTED_EDGE('',*,*,#2523,.T.);
#2523 = EDGE_CURVE('',#2516,#2401,#2524,.T.);
#2524 = ( BOUNDED_CURVE() B_SPLINE_CURVE(3,(#2525,#2526,#2527,#2528),
.UNSPECIFIED.,.F.,.F.) B_SPLINE_CURVE_WITH_KNOTS((4,4),(3.494894995425,
5.072975143948),.PIECEWISE_BEZIER_KNOTS.) CURVE() 
GEOMETRIC_REPRESENTATION_ITEM() RATIONAL_B_SPLINE_CURVE((1.,
0.803017918437,0.803017918437,1.)) REPRESENTATION_ITEM('') );
#2525 = CARTESIAN_POINT('',(-0.752062840084,5.049566776407,0.));
#2526 = CARTESIAN_POINT('',(-0.752062840084,5.079065179559,0.));
#2527 = CARTESIAN_POINT('',(-0.730951170706,5.100000082177,0.));
#2528 = CARTESIAN_POINT('',(-0.701203693689,5.100000082177,0.));
#2529 = ORIENTED_EDGE('',*,*,#2400,.F.);
#2530 = ORIENTED_EDGE('',*,*,#2531,.F.);
#2531 = EDGE_CURVE('',#2532,#2393,#2534,.T.);
#2532 = VERTEX_POINT('',#2533);
#2533 = CARTESIAN_POINT('',(7.096585199628,3.100000049951,0.));
#2534 = LINE('',#2535,#2536);
#2535 = CARTESIAN_POINT('',(7.096585199628,3.100000049951,0.));
#2536 = VECTOR('',#2537,1.);
#2537 = DIRECTION('',(1.836970198721E-16,1.,0.));
#2538 = ORIENTED_EDGE('',*,*,#2539,.F.);
#2539 = EDGE_CURVE('',#2540,#2532,#2542,.T.);
#2540 = VERTEX_POINT('',#2541);
#2541 = CARTESIAN_POINT('',(6.096585183514,3.100000049951,0.));
#2542 = LINE('',#2543,#2544);
#2543 = CARTESIAN_POINT('',(7.096585199628,3.100000049951,0.));
#2544 = VECTOR('',#2545,1.);
#2545 = DIRECTION('',(1.,-6.173778888663E-16,0.));
#2546 = ORIENTED_EDGE('',*,*,#2547,.F.);
#2547 = EDGE_CURVE('',#2548,#2540,#2550,.T.);
#2548 = VERTEX_POINT('',#2549);
#2549 = CARTESIAN_POINT('',(6.096585183514,4.100000066064,0.));
#2550 = LINE('',#2551,#2552);
#2551 = CARTESIAN_POINT('',(6.096585183514,3.100000049951,0.));
#2552 = VECTOR('',#2553,1.);
#2553 = DIRECTION('',(-1.836970198721E-16,-1.,0.));
#2554 = ORIENTED_EDGE('',*,*,#2555,.F.);
#2555 = EDGE_CURVE('',#2556,#2548,#2558,.T.);
#2556 = VERTEX_POINT('',#2557);
#2557 = CARTESIAN_POINT('',(0.747937184086,4.100000066064,0.));
#2558 = LINE('',#2559,#2560);
#2559 = CARTESIAN_POINT('',(6.096585183514,4.100000066064,0.));
#2560 = VECTOR('',#2561,1.);
#2561 = DIRECTION('',(1.,-1.836970198721E-16,0.));
#2562 = ORIENTED_EDGE('',*,*,#2563,.F.);
#2563 = EDGE_CURVE('',#2564,#2556,#2566,.T.);
#2564 = VERTEX_POINT('',#2565);
#2565 = CARTESIAN_POINT('',(0.747937184086,-4.100000066064,0.));
#2566 = LINE('',#2567,#2568);
#2567 = CARTESIAN_POINT('',(0.747937184086,-4.100000066064,0.));
#2568 = VECTOR('',#2569,1.);
#2569 = DIRECTION('',(1.836970198721E-16,1.,0.));
#2570 = ORIENTED_EDGE('',*,*,#2571,.F.);
#2571 = EDGE_CURVE('',#2572,#2564,#2574,.T.);
#2572 = VERTEX_POINT('',#2573);
#2573 = CARTESIAN_POINT('',(6.096585183514,-4.100000066064,0.));
#2574 = LINE('',#2575,#2576);
#2575 = CARTESIAN_POINT('',(6.096585183514,-4.100000066064,0.));
#2576 = VECTOR('',#2577,1.);
#2577 = DIRECTION('',(-1.,1.836970198721E-16,0.));
#2578 = ORIENTED_EDGE('',*,*,#2579,.F.);
#2579 = EDGE_CURVE('',#2492,#2572,#2580,.T.);
#2580 = LINE('',#2581,#2582);
#2581 = CARTESIAN_POINT('',(6.096585183514,-4.100000066064,0.));
#2582 = VECTOR('',#2583,1.);
#2583 = DIRECTION('',(-1.836970198721E-16,-1.,0.));
#2584 = PLANE('',#2585);
#2585 = AXIS2_PLACEMENT_3D('',#2586,#2587,#2588);
#2586 = CARTESIAN_POINT('',(-6.30341501629,1.378354977356E-15,0.));
#2587 = DIRECTION('',(0.,0.,1.));
#2588 = DIRECTION('',(-1.836970198721E-16,-1.,0.));
#2589 = ADVANCED_FACE('',(#2590),#2606,.F.);
#2590 = FACE_BOUND('',#2591,.T.);
#2591 = EDGE_LOOP('',(#2592,#2593,#2599,#2600));
#2592 = ORIENTED_EDGE('',*,*,#2515,.F.);
#2593 = ORIENTED_EDGE('',*,*,#2594,.T.);
#2594 = EDGE_CURVE('',#2507,#2140,#2595,.T.);
#2595 = LINE('',#2596,#2597);
#2596 = CARTESIAN_POINT('',(-1.103051642766,-4.918682797094,
    2.497415099503));
#2597 = VECTOR('',#2598,1.);
#2598 = DIRECTION('',(-0.138986055933,5.18280011513E-02,0.988937174219)
  );
#2599 = ORIENTED_EDGE('',*,*,#2181,.F.);
#2600 = ORIENTED_EDGE('',*,*,#2601,.T.);
#2601 = EDGE_CURVE('',#2174,#2516,#2602,.T.);
#2602 = LINE('',#2603,#2604);
#2603 = CARTESIAN_POINT('',(-0.751699550349,5.049702247413,
    -2.584940780173E-03));
#2604 = VECTOR('',#2605,1.);
#2605 = DIRECTION('',(0.138986055933,5.18280011513E-02,-0.988937174219)
  );
#2606 = PLANE('',#2607);
#2607 = AXIS2_PLACEMENT_3D('',#2608,#2609,#2610);
#2608 = CARTESIAN_POINT('',(-1.103414932501,5.100000082177,
    2.500000040283));
#2609 = DIRECTION('',(0.990268068742,-1.819092931022E-16,0.13917310096)
  );
#2610 = DIRECTION('',(-1.83697019872E-16,-1.,1.46524750169E-29));
#2611 = ADVANCED_FACE('',(#2612),#2630,.T.);
#2612 = FACE_BOUND('',#2613,.T.);
#2613 = EDGE_LOOP('',(#2614,#2621,#2622,#2629));
#2614 = ORIENTED_EDGE('',*,*,#2615,.F.);
#2615 = EDGE_CURVE('',#1710,#2468,#2616,.T.);
#2616 = CIRCLE('',#2617,5.000000080566E-02);
#2617 = AXIS2_PLACEMENT_3D('',#2618,#2619,#2620);
#2618 = CARTESIAN_POINT('',(6.920687103742,-4.816716842503,
    4.450000071704));
#2619 = DIRECTION('',(2.254297833044E-15,-1.,-1.734723475977E-14));
#2620 = DIRECTION('',(3.186635328391E-30,1.734723475977E-14,-1.));
#2621 = ORIENTED_EDGE('',*,*,#1709,.F.);
#2622 = ORIENTED_EDGE('',*,*,#2623,.F.);
#2623 = EDGE_CURVE('',#2450,#1702,#2624,.T.);
#2624 = CIRCLE('',#2625,5.000000080566E-02);
#2625 = AXIS2_PLACEMENT_3D('',#2626,#2627,#2628);
#2626 = CARTESIAN_POINT('',(6.920687103742,4.816716842503,4.450000071704
    ));
#2627 = DIRECTION('',(1.836970198721E-16,1.,-0.));
#2628 = DIRECTION('',(0.,0.,1.));
#2629 = ORIENTED_EDGE('',*,*,#2475,.F.);
#2630 = CYLINDRICAL_SURFACE('',#2631,5.000000080566E-02);
#2631 = AXIS2_PLACEMENT_3D('',#2632,#2633,#2634);
#2632 = CARTESIAN_POINT('',(6.920687103742,-1.050873172578E-15,
    4.450000071704));
#2633 = DIRECTION('',(1.836970198721E-16,1.,0.));
#2634 = DIRECTION('',(0.,-0.,1.));
#2635 = ADVANCED_FACE('',(#2636),#2649,.T.);
#2636 = FACE_BOUND('',#2637,.T.);
#2637 = EDGE_LOOP('',(#2638,#2639,#2640,#2647,#2648));
#2638 = ORIENTED_EDGE('',*,*,#2601,.F.);
#2639 = ORIENTED_EDGE('',*,*,#2173,.F.);
#2640 = ORIENTED_EDGE('',*,*,#2641,.F.);
#2641 = EDGE_CURVE('',#2409,#2166,#2642,.T.);
#2642 = ( BOUNDED_CURVE() B_SPLINE_CURVE(3,(#2643,#2644,#2645,#2646),
.UNSPECIFIED.,.F.,.F.) B_SPLINE_CURVE_WITH_KNOTS((4,4),(1.570796326795,
3.14159265359),.PIECEWISE_BEZIER_KNOTS.) CURVE() 
GEOMETRIC_REPRESENTATION_ITEM() RATIONAL_B_SPLINE_CURVE((1.,
0.804737854124,0.804737854124,1.)) REPRESENTATION_ITEM('') );
#2643 = CARTESIAN_POINT('',(-1.053414931695,4.968660255845,
    2.506113178791));
#2644 = CARTESIAN_POINT('',(-1.082704254049,4.968767300112,
    2.504070652509));
#2645 = CARTESIAN_POINT('',(-1.103414932501,4.948160696651,
    2.501542455163));
#2646 = CARTESIAN_POINT('',(-1.103414932501,4.918912013752,
    2.500000040283));
#2647 = ORIENTED_EDGE('',*,*,#2408,.F.);
#2648 = ORIENTED_EDGE('',*,*,#2523,.F.);
#2649 = CYLINDRICAL_SURFACE('',#2650,5.000000080566E-02);
#2650 = AXIS2_PLACEMENT_3D('',#2651,#2652,#2653);
#2651 = CARTESIAN_POINT('',(-0.540914278681,5.10984064385,-1.14313524822
    ));
#2652 = DIRECTION('',(0.138986055933,5.18280011513E-02,-0.988937174219)
  );
#2653 = DIRECTION('',(0.990268068742,-8.53744158702E-15,0.13917310096));
#2654 = ADVANCED_FACE('',(#2655),#2666,.T.);
#2655 = FACE_BOUND('',#2656,.T.);
#2656 = EDGE_LOOP('',(#2657,#2658,#2659));
#2657 = ORIENTED_EDGE('',*,*,#2623,.T.);
#2658 = ORIENTED_EDGE('',*,*,#2281,.T.);
#2659 = ORIENTED_EDGE('',*,*,#2660,.F.);
#2660 = EDGE_CURVE('',#2450,#2274,#2661,.T.);
#2661 = CIRCLE('',#2662,5.000000080566E-02);
#2662 = AXIS2_PLACEMENT_3D('',#2663,#2664,#2665);
#2663 = CARTESIAN_POINT('',(6.920687103742,4.816716842503,4.450000071704
    ));
#2664 = DIRECTION('',(-1.,2.001957120794E-15,-3.469446951954E-14));
#2665 = DIRECTION('',(-3.469446951954E-14,6.373270656782E-30,1.));
#2666 = SPHERICAL_SURFACE('',#2667,5.000000080566E-02);
#2667 = AXIS2_PLACEMENT_3D('',#2668,#2669,#2670);
#2668 = CARTESIAN_POINT('',(6.920687103742,4.816716842503,4.450000071704
    ));
#2669 = DIRECTION('',(1.,-1.836970198721E-16,0.));
#2670 = DIRECTION('',(-1.836970198721E-16,-1.,0.));
#2671 = ADVANCED_FACE('',(#2672),#2683,.T.);
#2672 = FACE_BOUND('',#2673,.T.);
#2673 = EDGE_LOOP('',(#2674,#2675,#2676));
#2674 = ORIENTED_EDGE('',*,*,#2314,.T.);
#2675 = ORIENTED_EDGE('',*,*,#2615,.T.);
#2676 = ORIENTED_EDGE('',*,*,#2677,.F.);
#2677 = EDGE_CURVE('',#2299,#2468,#2678,.T.);
#2678 = CIRCLE('',#2679,5.000000080566E-02);
#2679 = AXIS2_PLACEMENT_3D('',#2680,#2681,#2682);
#2680 = CARTESIAN_POINT('',(6.920687103742,-4.816716842503,
    4.450000071704));
#2681 = DIRECTION('',(-1.,1.836970198721E-16,0.));
#2682 = DIRECTION('',(0.,0.,1.));
#2683 = SPHERICAL_SURFACE('',#2684,5.000000080566E-02);
#2684 = AXIS2_PLACEMENT_3D('',#2685,#2686,#2687);
#2685 = CARTESIAN_POINT('',(6.920687103742,-4.816716842503,
    4.450000071704));
#2686 = DIRECTION('',(1.,-1.836970198721E-16,0.));
#2687 = DIRECTION('',(-1.836970198721E-16,-1.,0.));
#2688 = ADVANCED_FACE('',(#2689),#2702,.T.);
#2689 = FACE_BOUND('',#2690,.T.);
#2690 = EDGE_LOOP('',(#2691,#2692,#2693,#2700,#2701));
#2691 = ORIENTED_EDGE('',*,*,#2506,.F.);
#2692 = ORIENTED_EDGE('',*,*,#2370,.F.);
#2693 = ORIENTED_EDGE('',*,*,#2694,.F.);
#2694 = EDGE_CURVE('',#2142,#2363,#2695,.T.);
#2695 = ( BOUNDED_CURVE() B_SPLINE_CURVE(3,(#2696,#2697,#2698,#2699),
.UNSPECIFIED.,.F.,.F.) B_SPLINE_CURVE_WITH_KNOTS((4,4),(3.14159265359,
4.712388980385),.PIECEWISE_BEZIER_KNOTS.) CURVE() 
GEOMETRIC_REPRESENTATION_ITEM() RATIONAL_B_SPLINE_CURVE((1.,
0.804737854124,0.804737854124,1.)) REPRESENTATION_ITEM('') );
#2696 = CARTESIAN_POINT('',(-1.103414932501,-4.918912013752,
    2.500000040283));
#2697 = CARTESIAN_POINT('',(-1.103414932501,-4.948160696651,
    2.501542455163));
#2698 = CARTESIAN_POINT('',(-1.082704254049,-4.968767300112,
    2.504070652509));
#2699 = CARTESIAN_POINT('',(-1.053414931695,-4.968660255845,
    2.506113178791));
#2700 = ORIENTED_EDGE('',*,*,#2139,.F.);
#2701 = ORIENTED_EDGE('',*,*,#2594,.F.);
#2702 = CYLINDRICAL_SURFACE('',#2703,5.000000080566E-02);
#2703 = AXIS2_PLACEMENT_3D('',#2704,#2705,#2706);
#2704 = CARTESIAN_POINT('',(-0.540914278681,-5.10984064385,
    -1.14313524822));
#2705 = DIRECTION('',(-0.138986055933,5.18280011513E-02,0.988937174219)
  );
#2706 = DIRECTION('',(-0.990268068742,-8.174884380541E-15,-0.13917310096
    ));
#2707 = ADVANCED_FACE('',(#2708),#2720,.T.);
#2708 = FACE_BOUND('',#2709,.T.);
#2709 = EDGE_LOOP('',(#2710,#2711,#2712,#2719));
#2710 = ORIENTED_EDGE('',*,*,#2641,.T.);
#2711 = ORIENTED_EDGE('',*,*,#2165,.F.);
#2712 = ORIENTED_EDGE('',*,*,#2713,.F.);
#2713 = EDGE_CURVE('',#2417,#2158,#2714,.T.);
#2714 = CIRCLE('',#2715,5.000000080566E-02);
#2715 = AXIS2_PLACEMENT_3D('',#2716,#2717,#2718);
#2716 = CARTESIAN_POINT('',(-1.053414931695,4.816716842503,
    4.450000071704));
#2717 = DIRECTION('',(8.98270160129E-16,-5.233595624293E-02,
    0.998629534755));
#2718 = DIRECTION('',(-1.834452694906E-16,-0.998629534755,
    -5.233595624293E-02));
#2719 = ORIENTED_EDGE('',*,*,#2416,.F.);
#2720 = CYLINDRICAL_SURFACE('',#2721,5.000000080566E-02);
#2721 = AXIS2_PLACEMENT_3D('',#2722,#2723,#2724);
#2722 = CARTESIAN_POINT('',(-1.053414931695,4.814879558493,
    4.485057539035));
#2723 = DIRECTION('',(-9.613959193982E-18,-5.233595624292E-02,
    0.998629534755));
#2724 = DIRECTION('',(-1.834452694906E-16,-0.998629534755,
    -5.233595624292E-02));
#2725 = ADVANCED_FACE('',(#2726),#2738,.T.);
#2726 = FACE_BOUND('',#2727,.T.);
#2727 = EDGE_LOOP('',(#2728,#2729,#2730,#2737));
#2728 = ORIENTED_EDGE('',*,*,#2660,.T.);
#2729 = ORIENTED_EDGE('',*,*,#2424,.F.);
#2730 = ORIENTED_EDGE('',*,*,#2731,.F.);
#2731 = EDGE_CURVE('',#2452,#2417,#2732,.T.);
#2732 = CIRCLE('',#2733,5.000000080566E-02);
#2733 = AXIS2_PLACEMENT_3D('',#2734,#2735,#2736);
#2734 = CARTESIAN_POINT('',(-1.053414931695,4.816716842503,
    4.450000071704));
#2735 = DIRECTION('',(-1.,1.836970198721E-16,0.));
#2736 = DIRECTION('',(0.,0.,-1.));
#2737 = ORIENTED_EDGE('',*,*,#2449,.F.);
#2738 = CYLINDRICAL_SURFACE('',#2739,5.000000080566E-02);
#2739 = AXIS2_PLACEMENT_3D('',#2740,#2741,#2742);
#2740 = CARTESIAN_POINT('',(-6.30341501629,4.816716842503,4.450000071704
    ));
#2741 = DIRECTION('',(-1.,8.400026837918E-17,0.));
#2742 = DIRECTION('',(-8.400026837918E-17,-1.,0.));
#2743 = ADVANCED_FACE('',(#2744),#2756,.T.);
#2744 = FACE_BOUND('',#2745,.T.);
#2745 = EDGE_LOOP('',(#2746,#2747,#2748,#2755));
#2746 = ORIENTED_EDGE('',*,*,#2677,.T.);
#2747 = ORIENTED_EDGE('',*,*,#2467,.F.);
#2748 = ORIENTED_EDGE('',*,*,#2749,.F.);
#2749 = EDGE_CURVE('',#2355,#2460,#2750,.T.);
#2750 = CIRCLE('',#2751,5.000000080566E-02);
#2751 = AXIS2_PLACEMENT_3D('',#2752,#2753,#2754);
#2752 = CARTESIAN_POINT('',(-1.053414931695,-4.816716842503,
    4.450000071704));
#2753 = DIRECTION('',(-1.,1.836970198721E-16,0.));
#2754 = DIRECTION('',(0.,0.,-1.));
#2755 = ORIENTED_EDGE('',*,*,#2354,.F.);
#2756 = CYLINDRICAL_SURFACE('',#2757,5.000000080566E-02);
#2757 = AXIS2_PLACEMENT_3D('',#2758,#2759,#2760);
#2758 = CARTESIAN_POINT('',(-6.30341501629,-4.816716842503,
    4.450000071704));
#2759 = DIRECTION('',(1.,1.569648311374E-17,0.));
#2760 = DIRECTION('',(-1.569648311374E-17,1.,0.));
#2761 = ADVANCED_FACE('',(#2762),#2774,.T.);
#2762 = FACE_BOUND('',#2763,.T.);
#2763 = EDGE_LOOP('',(#2764,#2765,#2766,#2773));
#2764 = ORIENTED_EDGE('',*,*,#2694,.T.);
#2765 = ORIENTED_EDGE('',*,*,#2362,.F.);
#2766 = ORIENTED_EDGE('',*,*,#2767,.F.);
#2767 = EDGE_CURVE('',#2150,#2355,#2768,.T.);
#2768 = CIRCLE('',#2769,5.000000080566E-02);
#2769 = AXIS2_PLACEMENT_3D('',#2770,#2771,#2772);
#2770 = CARTESIAN_POINT('',(-1.053414931695,-4.816716842503,
    4.450000071704));
#2771 = DIRECTION('',(9.613959193983E-18,5.233595624293E-02,
    0.998629534755));
#2772 = DIRECTION('',(-1.834452694906E-16,-0.998629534755,
    5.233595624293E-02));
#2773 = ORIENTED_EDGE('',*,*,#2149,.F.);
#2774 = CYLINDRICAL_SURFACE('',#2775,5.000000080566E-02);
#2775 = AXIS2_PLACEMENT_3D('',#2776,#2777,#2778);
#2776 = CARTESIAN_POINT('',(-1.053414931695,-5.050068604635,
    -2.616797854312E-03));
#2777 = DIRECTION('',(9.613959193982E-18,5.233595624292E-02,
    0.998629534755));
#2778 = DIRECTION('',(-1.834452694906E-16,-0.998629534755,
    5.233595624292E-02));
#2779 = ADVANCED_FACE('',(#2780),#2791,.T.);
#2780 = FACE_BOUND('',#2781,.T.);
#2781 = EDGE_LOOP('',(#2782,#2783,#2784));
#2782 = ORIENTED_EDGE('',*,*,#2731,.T.);
#2783 = ORIENTED_EDGE('',*,*,#2713,.T.);
#2784 = ORIENTED_EDGE('',*,*,#2785,.F.);
#2785 = EDGE_CURVE('',#2452,#2158,#2786,.T.);
#2786 = CIRCLE('',#2787,5.000000080566E-02);
#2787 = AXIS2_PLACEMENT_3D('',#2788,#2789,#2790);
#2788 = CARTESIAN_POINT('',(-1.053414931695,4.816716842503,
    4.450000071704));
#2789 = DIRECTION('',(-1.836970198721E-16,-1.,0.));
#2790 = DIRECTION('',(0.,0.,1.));
#2791 = SPHERICAL_SURFACE('',#2792,5.000000080566E-02);
#2792 = AXIS2_PLACEMENT_3D('',#2793,#2794,#2795);
#2793 = CARTESIAN_POINT('',(-1.053414931695,4.816716842503,
    4.450000071704));
#2794 = DIRECTION('',(1.,-1.836970198721E-16,0.));
#2795 = DIRECTION('',(-1.836970198721E-16,-1.,0.));
#2796 = ADVANCED_FACE('',(#2797),#2808,.T.);
#2797 = FACE_BOUND('',#2798,.T.);
#2798 = EDGE_LOOP('',(#2799,#2800,#2801));
#2799 = ORIENTED_EDGE('',*,*,#2767,.T.);
#2800 = ORIENTED_EDGE('',*,*,#2749,.T.);
#2801 = ORIENTED_EDGE('',*,*,#2802,.F.);
#2802 = EDGE_CURVE('',#2150,#2460,#2803,.T.);
#2803 = CIRCLE('',#2804,5.000000080566E-02);
#2804 = AXIS2_PLACEMENT_3D('',#2805,#2806,#2807);
#2805 = CARTESIAN_POINT('',(-1.053414931695,-4.816716842503,
    4.450000071704));
#2806 = DIRECTION('',(-1.71635377399E-14,1.,0.));
#2807 = DIRECTION('',(1.,1.71635377399E-14,0.));
#2808 = SPHERICAL_SURFACE('',#2809,5.000000080566E-02);
#2809 = AXIS2_PLACEMENT_3D('',#2810,#2811,#2812);
#2810 = CARTESIAN_POINT('',(-1.053414931695,-4.816716842503,
    4.450000071704));
#2811 = DIRECTION('',(1.,-1.836970198721E-16,0.));
#2812 = DIRECTION('',(-1.836970198721E-16,-1.,0.));
#2813 = ADVANCED_FACE('',(#2814),#2820,.T.);
#2814 = FACE_BOUND('',#2815,.T.);
#2815 = EDGE_LOOP('',(#2816,#2817,#2818,#2819));
#2816 = ORIENTED_EDGE('',*,*,#2785,.T.);
#2817 = ORIENTED_EDGE('',*,*,#2157,.F.);
#2818 = ORIENTED_EDGE('',*,*,#2802,.T.);
#2819 = ORIENTED_EDGE('',*,*,#2459,.F.);
#2820 = CYLINDRICAL_SURFACE('',#2821,5.000000080566E-02);
#2821 = AXIS2_PLACEMENT_3D('',#2822,#2823,#2824);
#2822 = CARTESIAN_POINT('',(-1.053414931695,4.139456074877E-16,
    4.450000071704));
#2823 = DIRECTION('',(1.836970198721E-16,1.,0.));
#2824 = DIRECTION('',(0.,-0.,1.));
#2825 = ADVANCED_FACE('',(#2826),#2844,.F.);
#2826 = FACE_BOUND('',#2827,.T.);
#2827 = EDGE_LOOP('',(#2828,#2829,#2837,#2843));
#2828 = ORIENTED_EDGE('',*,*,#2499,.T.);
#2829 = ORIENTED_EDGE('',*,*,#2830,.F.);
#2830 = EDGE_CURVE('',#2831,#2490,#2833,.T.);
#2831 = VERTEX_POINT('',#2832);
#2832 = CARTESIAN_POINT('',(7.096585199628,-3.100000049951,
    1.300000020947));
#2833 = LINE('',#2834,#2835);
#2834 = CARTESIAN_POINT('',(7.096585199628,-3.100000049951,
    1.300000020947));
#2835 = VECTOR('',#2836,1.);
#2836 = DIRECTION('',(0.,0.,-1.));
#2837 = ORIENTED_EDGE('',*,*,#2838,.F.);
#2838 = EDGE_CURVE('',#2340,#2831,#2839,.T.);
#2839 = LINE('',#2840,#2841);
#2840 = CARTESIAN_POINT('',(7.096585199628,-5.100000082177,
    1.300000020947));
#2841 = VECTOR('',#2842,1.);
#2842 = DIRECTION('',(1.836970198721E-16,1.,0.));
#2843 = ORIENTED_EDGE('',*,*,#2339,.F.);
#2844 = PLANE('',#2845);
#2845 = AXIS2_PLACEMENT_3D('',#2846,#2847,#2848);
#2846 = CARTESIAN_POINT('',(7.096585199628,-5.100000082177,
    1.300000020947));
#2847 = DIRECTION('',(-1.,1.836970198721E-16,0.));
#2848 = DIRECTION('',(0.,0.,-1.));
#2849 = ADVANCED_FACE('',(#2850),#2868,.F.);
#2850 = FACE_BOUND('',#2851,.T.);
#2851 = EDGE_LOOP('',(#2852,#2860,#2866,#2867));
#2852 = ORIENTED_EDGE('',*,*,#2853,.F.);
#2853 = EDGE_CURVE('',#2854,#2385,#2856,.T.);
#2854 = VERTEX_POINT('',#2855);
#2855 = CARTESIAN_POINT('',(7.096585199628,3.100000049951,1.300000020947
    ));
#2856 = LINE('',#2857,#2858);
#2857 = CARTESIAN_POINT('',(7.096585199628,3.100000049951,1.300000020947
    ));
#2858 = VECTOR('',#2859,1.);
#2859 = DIRECTION('',(1.836970198721E-16,1.,0.));
#2860 = ORIENTED_EDGE('',*,*,#2861,.T.);
#2861 = EDGE_CURVE('',#2854,#2532,#2862,.T.);
#2862 = LINE('',#2863,#2864);
#2863 = CARTESIAN_POINT('',(7.096585199628,3.100000049951,1.300000020947
    ));
#2864 = VECTOR('',#2865,1.);
#2865 = DIRECTION('',(0.,0.,-1.));
#2866 = ORIENTED_EDGE('',*,*,#2531,.T.);
#2867 = ORIENTED_EDGE('',*,*,#2392,.F.);
#2868 = PLANE('',#2869);
#2869 = AXIS2_PLACEMENT_3D('',#2870,#2871,#2872);
#2870 = CARTESIAN_POINT('',(7.096585199628,3.100000049951,1.300000020947
    ));
#2871 = DIRECTION('',(-1.,1.836970198721E-16,0.));
#2872 = DIRECTION('',(0.,0.,-1.));
#2873 = ADVANCED_FACE('',(#2874),#2937,.T.);
#2874 = FACE_BOUND('',#2875,.T.);
#2875 = EDGE_LOOP('',(#2876,#2877,#2878,#2879,#2880,#2881,#2882,#2890,
    #2898,#2906,#2914,#2922,#2930,#2936));
#2876 = ORIENTED_EDGE('',*,*,#2384,.T.);
#2877 = ORIENTED_EDGE('',*,*,#2264,.F.);
#2878 = ORIENTED_EDGE('',*,*,#1691,.T.);
#2879 = ORIENTED_EDGE('',*,*,#2306,.F.);
#2880 = ORIENTED_EDGE('',*,*,#2347,.T.);
#2881 = ORIENTED_EDGE('',*,*,#2838,.T.);
#2882 = ORIENTED_EDGE('',*,*,#2883,.T.);
#2883 = EDGE_CURVE('',#2831,#2884,#2886,.T.);
#2884 = VERTEX_POINT('',#2885);
#2885 = CARTESIAN_POINT('',(6.096585183514,-3.100000049951,
    1.300000020947));
#2886 = LINE('',#2887,#2888);
#2887 = CARTESIAN_POINT('',(7.096585199628,-3.100000049951,
    1.300000020947));
#2888 = VECTOR('',#2889,1.);
#2889 = DIRECTION('',(-1.,6.173778888663E-16,0.));
#2890 = ORIENTED_EDGE('',*,*,#2891,.T.);
#2891 = EDGE_CURVE('',#2884,#2892,#2894,.T.);
#2892 = VERTEX_POINT('',#2893);
#2893 = CARTESIAN_POINT('',(6.096585183514,-4.100000066064,
    1.300000020947));
#2894 = LINE('',#2895,#2896);
#2895 = CARTESIAN_POINT('',(6.096585183514,-4.100000066064,
    1.300000020947));
#2896 = VECTOR('',#2897,1.);
#2897 = DIRECTION('',(-1.836970198721E-16,-1.,0.));
#2898 = ORIENTED_EDGE('',*,*,#2899,.T.);
#2899 = EDGE_CURVE('',#2892,#2900,#2902,.T.);
#2900 = VERTEX_POINT('',#2901);
#2901 = CARTESIAN_POINT('',(0.747937184086,-4.100000066064,
    1.300000020947));
#2902 = LINE('',#2903,#2904);
#2903 = CARTESIAN_POINT('',(6.096585183514,-4.100000066064,
    1.300000020947));
#2904 = VECTOR('',#2905,1.);
#2905 = DIRECTION('',(-1.,1.836970198721E-16,0.));
#2906 = ORIENTED_EDGE('',*,*,#2907,.T.);
#2907 = EDGE_CURVE('',#2900,#2908,#2910,.T.);
#2908 = VERTEX_POINT('',#2909);
#2909 = CARTESIAN_POINT('',(0.747937184086,4.100000066064,1.300000020947
    ));
#2910 = LINE('',#2911,#2912);
#2911 = CARTESIAN_POINT('',(0.747937184086,-4.100000066064,
    1.300000020947));
#2912 = VECTOR('',#2913,1.);
#2913 = DIRECTION('',(1.836970198721E-16,1.,0.));
#2914 = ORIENTED_EDGE('',*,*,#2915,.T.);
#2915 = EDGE_CURVE('',#2908,#2916,#2918,.T.);
#2916 = VERTEX_POINT('',#2917);
#2917 = CARTESIAN_POINT('',(6.096585183514,4.100000066064,1.300000020947
    ));
#2918 = LINE('',#2919,#2920);
#2919 = CARTESIAN_POINT('',(6.096585183514,4.100000066064,1.300000020947
    ));
#2920 = VECTOR('',#2921,1.);
#2921 = DIRECTION('',(1.,-1.836970198721E-16,0.));
#2922 = ORIENTED_EDGE('',*,*,#2923,.T.);
#2923 = EDGE_CURVE('',#2916,#2924,#2926,.T.);
#2924 = VERTEX_POINT('',#2925);
#2925 = CARTESIAN_POINT('',(6.096585183514,3.100000049951,1.300000020947
    ));
#2926 = LINE('',#2927,#2928);
#2927 = CARTESIAN_POINT('',(6.096585183514,3.100000049951,1.300000020947
    ));
#2928 = VECTOR('',#2929,1.);
#2929 = DIRECTION('',(-1.836970198721E-16,-1.,0.));
#2930 = ORIENTED_EDGE('',*,*,#2931,.T.);
#2931 = EDGE_CURVE('',#2924,#2854,#2932,.T.);
#2932 = LINE('',#2933,#2934);
#2933 = CARTESIAN_POINT('',(7.096585199628,3.100000049951,1.300000020947
    ));
#2934 = VECTOR('',#2935,1.);
#2935 = DIRECTION('',(1.,-6.173778888663E-16,0.));
#2936 = ORIENTED_EDGE('',*,*,#2853,.T.);
#2937 = PLANE('',#2938);
#2938 = AXIS2_PLACEMENT_3D('',#2939,#2940,#2941);
#2939 = CARTESIAN_POINT('',(-6.30341501629,1.378354977356E-15,
    1.300000020947));
#2940 = DIRECTION('',(0.,0.,-1.));
#2941 = DIRECTION('',(1.836970198721E-16,1.,0.));
#2942 = ADVANCED_FACE('',(#2943),#2959,.F.);
#2943 = FACE_BOUND('',#2944,.T.);
#2944 = EDGE_LOOP('',(#2945,#2946,#2952,#2953));
#2945 = ORIENTED_EDGE('',*,*,#2555,.T.);
#2946 = ORIENTED_EDGE('',*,*,#2947,.F.);
#2947 = EDGE_CURVE('',#2916,#2548,#2948,.T.);
#2948 = LINE('',#2949,#2950);
#2949 = CARTESIAN_POINT('',(6.096585183514,4.100000066064,1.300000020947
    ));
#2950 = VECTOR('',#2951,1.);
#2951 = DIRECTION('',(0.,0.,-1.));
#2952 = ORIENTED_EDGE('',*,*,#2915,.F.);
#2953 = ORIENTED_EDGE('',*,*,#2954,.T.);
#2954 = EDGE_CURVE('',#2908,#2556,#2955,.T.);
#2955 = LINE('',#2956,#2957);
#2956 = CARTESIAN_POINT('',(0.747937184086,4.100000066064,1.300000020947
    ));
#2957 = VECTOR('',#2958,1.);
#2958 = DIRECTION('',(0.,0.,-1.));
#2959 = PLANE('',#2960);
#2960 = AXIS2_PLACEMENT_3D('',#2961,#2962,#2963);
#2961 = CARTESIAN_POINT('',(6.096585183514,4.100000066064,1.300000020947
    ));
#2962 = DIRECTION('',(1.836970198721E-16,1.,0.));
#2963 = DIRECTION('',(0.,-0.,1.));
#2964 = ADVANCED_FACE('',(#2965),#2976,.F.);
#2965 = FACE_BOUND('',#2966,.T.);
#2966 = EDGE_LOOP('',(#2967,#2968,#2969,#2970));
#2967 = ORIENTED_EDGE('',*,*,#2563,.T.);
#2968 = ORIENTED_EDGE('',*,*,#2954,.F.);
#2969 = ORIENTED_EDGE('',*,*,#2907,.F.);
#2970 = ORIENTED_EDGE('',*,*,#2971,.T.);
#2971 = EDGE_CURVE('',#2900,#2564,#2972,.T.);
#2972 = LINE('',#2973,#2974);
#2973 = CARTESIAN_POINT('',(0.747937184086,-4.100000066064,
    1.300000020947));
#2974 = VECTOR('',#2975,1.);
#2975 = DIRECTION('',(0.,0.,-1.));
#2976 = PLANE('',#2977);
#2977 = AXIS2_PLACEMENT_3D('',#2978,#2979,#2980);
#2978 = CARTESIAN_POINT('',(0.747937184086,-4.100000066064,
    1.300000020947));
#2979 = DIRECTION('',(-1.,1.836970198721E-16,0.));
#2980 = DIRECTION('',(0.,0.,-1.));
#2981 = ADVANCED_FACE('',(#2982),#2993,.F.);
#2982 = FACE_BOUND('',#2983,.T.);
#2983 = EDGE_LOOP('',(#2984,#2985,#2986,#2987));
#2984 = ORIENTED_EDGE('',*,*,#2571,.T.);
#2985 = ORIENTED_EDGE('',*,*,#2971,.F.);
#2986 = ORIENTED_EDGE('',*,*,#2899,.F.);
#2987 = ORIENTED_EDGE('',*,*,#2988,.T.);
#2988 = EDGE_CURVE('',#2892,#2572,#2989,.T.);
#2989 = LINE('',#2990,#2991);
#2990 = CARTESIAN_POINT('',(6.096585183514,-4.100000066064,
    1.300000020947));
#2991 = VECTOR('',#2992,1.);
#2992 = DIRECTION('',(0.,0.,-1.));
#2993 = PLANE('',#2994);
#2994 = AXIS2_PLACEMENT_3D('',#2995,#2996,#2997);
#2995 = CARTESIAN_POINT('',(6.096585183514,-4.100000066064,
    1.300000020947));
#2996 = DIRECTION('',(-1.836970198721E-16,-1.,0.));
#2997 = DIRECTION('',(-0.,0.,-1.));
#2998 = ADVANCED_FACE('',(#2999),#3010,.F.);
#2999 = FACE_BOUND('',#3000,.T.);
#3000 = EDGE_LOOP('',(#3001,#3002,#3003,#3004));
#3001 = ORIENTED_EDGE('',*,*,#2579,.T.);
#3002 = ORIENTED_EDGE('',*,*,#2988,.F.);
#3003 = ORIENTED_EDGE('',*,*,#2891,.F.);
#3004 = ORIENTED_EDGE('',*,*,#3005,.T.);
#3005 = EDGE_CURVE('',#2884,#2492,#3006,.T.);
#3006 = LINE('',#3007,#3008);
#3007 = CARTESIAN_POINT('',(6.096585183514,-3.100000049951,
    1.300000020947));
#3008 = VECTOR('',#3009,1.);
#3009 = DIRECTION('',(0.,0.,-1.));
#3010 = PLANE('',#3011);
#3011 = AXIS2_PLACEMENT_3D('',#3012,#3013,#3014);
#3012 = CARTESIAN_POINT('',(6.096585183514,-4.100000066064,
    1.300000020947));
#3013 = DIRECTION('',(1.,-1.836970198721E-16,0.));
#3014 = DIRECTION('',(0.,0.,1.));
#3015 = ADVANCED_FACE('',(#3016),#3022,.F.);
#3016 = FACE_BOUND('',#3017,.T.);
#3017 = EDGE_LOOP('',(#3018,#3019,#3020,#3021));
#3018 = ORIENTED_EDGE('',*,*,#2489,.T.);
#3019 = ORIENTED_EDGE('',*,*,#3005,.F.);
#3020 = ORIENTED_EDGE('',*,*,#2883,.F.);
#3021 = ORIENTED_EDGE('',*,*,#2830,.T.);
#3022 = PLANE('',#3023);
#3023 = AXIS2_PLACEMENT_3D('',#3024,#3025,#3026);
#3024 = CARTESIAN_POINT('',(7.096585199628,-3.100000049951,
    1.300000020947));
#3025 = DIRECTION('',(-6.173778888663E-16,-1.,0.));
#3026 = DIRECTION('',(1.,-6.173778888663E-16,0.));
#3027 = ADVANCED_FACE('',(#3028),#3039,.F.);
#3028 = FACE_BOUND('',#3029,.T.);
#3029 = EDGE_LOOP('',(#3030,#3031,#3032,#3033));
#3030 = ORIENTED_EDGE('',*,*,#2539,.T.);
#3031 = ORIENTED_EDGE('',*,*,#2861,.F.);
#3032 = ORIENTED_EDGE('',*,*,#2931,.F.);
#3033 = ORIENTED_EDGE('',*,*,#3034,.T.);
#3034 = EDGE_CURVE('',#2924,#2540,#3035,.T.);
#3035 = LINE('',#3036,#3037);
#3036 = CARTESIAN_POINT('',(6.096585183514,3.100000049951,1.300000020947
    ));
#3037 = VECTOR('',#3038,1.);
#3038 = DIRECTION('',(0.,0.,-1.));
#3039 = PLANE('',#3040);
#3040 = AXIS2_PLACEMENT_3D('',#3041,#3042,#3043);
#3041 = CARTESIAN_POINT('',(7.096585199628,3.100000049951,1.300000020947
    ));
#3042 = DIRECTION('',(6.173778888663E-16,1.,0.));
#3043 = DIRECTION('',(-1.,6.173778888663E-16,0.));
#3044 = ADVANCED_FACE('',(#3045),#3051,.F.);
#3045 = FACE_BOUND('',#3046,.T.);
#3046 = EDGE_LOOP('',(#3047,#3048,#3049,#3050));
#3047 = ORIENTED_EDGE('',*,*,#2547,.T.);
#3048 = ORIENTED_EDGE('',*,*,#3034,.F.);
#3049 = ORIENTED_EDGE('',*,*,#2923,.F.);
#3050 = ORIENTED_EDGE('',*,*,#2947,.T.);
#3051 = PLANE('',#3052);
#3052 = AXIS2_PLACEMENT_3D('',#3053,#3054,#3055);
#3053 = CARTESIAN_POINT('',(6.096585183514,3.100000049951,1.300000020947
    ));
#3054 = DIRECTION('',(1.,-1.836970198721E-16,0.));
#3055 = DIRECTION('',(0.,0.,1.));
#3056 = ADVANCED_FACE('',(#3057),#3091,.T.);
#3057 = FACE_BOUND('',#3058,.T.);
#3058 = EDGE_LOOP('',(#3059,#3069,#3077,#3085));
#3059 = ORIENTED_EDGE('',*,*,#3060,.T.);
#3060 = EDGE_CURVE('',#3061,#3063,#3065,.T.);
#3061 = VERTEX_POINT('',#3062);
#3062 = CARTESIAN_POINT('',(-4.34686946527,-2.990000048179,
    0.502812683044));
#3063 = VERTEX_POINT('',#3064);
#3064 = CARTESIAN_POINT('',(-4.34686946527,-2.090000033677,
    0.502812683044));
#3065 = LINE('',#3066,#3067);
#3066 = CARTESIAN_POINT('',(-4.34686946527,-2.090000033677,
    0.502812683044));
#3067 = VECTOR('',#3068,1.);
#3068 = DIRECTION('',(1.836970198721E-16,1.,0.));
#3069 = ORIENTED_EDGE('',*,*,#3070,.T.);
#3070 = EDGE_CURVE('',#3063,#3071,#3073,.T.);
#3071 = VERTEX_POINT('',#3072);
#3072 = CARTESIAN_POINT('',(-6.313882207707,-2.090000033677,
    0.399725913392));
#3073 = LINE('',#3074,#3075);
#3074 = CARTESIAN_POINT('',(-4.34686946527,-2.090000033677,
    0.502812683044));
#3075 = VECTOR('',#3076,1.);
#3076 = DIRECTION('',(-0.998629534755,1.834452694906E-16,
    -5.233595624292E-02));
#3077 = ORIENTED_EDGE('',*,*,#3078,.F.);
#3078 = EDGE_CURVE('',#3079,#3071,#3081,.T.);
#3079 = VERTEX_POINT('',#3080);
#3080 = CARTESIAN_POINT('',(-6.313882207707,-2.990000048179,
    0.399725913392));
#3081 = LINE('',#3082,#3083);
#3082 = CARTESIAN_POINT('',(-6.313882207707,-2.090000033677,
    0.399725913392));
#3083 = VECTOR('',#3084,1.);
#3084 = DIRECTION('',(1.836970198721E-16,1.,0.));
#3085 = ORIENTED_EDGE('',*,*,#3086,.F.);
#3086 = EDGE_CURVE('',#3061,#3079,#3087,.T.);
#3087 = LINE('',#3088,#3089);
#3088 = CARTESIAN_POINT('',(-4.34686946527,-2.990000048179,
    0.502812683044));
#3089 = VECTOR('',#3090,1.);
#3090 = DIRECTION('',(-0.998629534755,1.834452694906E-16,
    -5.233595624292E-02));
#3091 = PLANE('',#3092);
#3092 = AXIS2_PLACEMENT_3D('',#3093,#3094,#3095);
#3093 = CARTESIAN_POINT('',(-4.34686946527,-2.090000033677,
    0.502812683044));
#3094 = DIRECTION('',(-5.233595624292E-02,9.613959193982E-18,
    0.998629534755));
#3095 = DIRECTION('',(-0.998629534755,1.834452694906E-16,
    -5.233595624292E-02));
#3096 = ADVANCED_FACE('',(#3097),#3122,.T.);
#3097 = FACE_BOUND('',#3098,.T.);
#3098 = EDGE_LOOP('',(#3099,#3107,#3115,#3121));
#3099 = ORIENTED_EDGE('',*,*,#3100,.T.);
#3100 = EDGE_CURVE('',#3063,#3101,#3103,.T.);
#3101 = VERTEX_POINT('',#3102);
#3102 = CARTESIAN_POINT('',(-4.325935082436,-2.090000033677,
    0.103360862706));
#3103 = LINE('',#3104,#3105);
#3104 = CARTESIAN_POINT('',(-4.34686946527,-2.090000033677,
    0.502812683044));
#3105 = VECTOR('',#3106,1.);
#3106 = DIRECTION('',(5.233595624292E-02,-9.613959193982E-18,
    -0.998629534755));
#3107 = ORIENTED_EDGE('',*,*,#3108,.T.);
#3108 = EDGE_CURVE('',#3101,#3109,#3111,.T.);
#3109 = VERTEX_POINT('',#3110);
#3110 = CARTESIAN_POINT('',(-6.292947824872,-2.090000033677,
    2.740930535199E-04));
#3111 = LINE('',#3112,#3113);
#3112 = CARTESIAN_POINT('',(-4.325935082436,-2.090000033677,
    0.103360862706));
#3113 = VECTOR('',#3114,1.);
#3114 = DIRECTION('',(-0.998629534755,1.834452694906E-16,
    -5.233595624292E-02));
#3115 = ORIENTED_EDGE('',*,*,#3116,.F.);
#3116 = EDGE_CURVE('',#3071,#3109,#3117,.T.);
#3117 = LINE('',#3118,#3119);
#3118 = CARTESIAN_POINT('',(-6.313882207707,-2.090000033677,
    0.399725913392));
#3119 = VECTOR('',#3120,1.);
#3120 = DIRECTION('',(5.233595624292E-02,-9.613959193982E-18,
    -0.998629534755));
#3121 = ORIENTED_EDGE('',*,*,#3070,.F.);
#3122 = PLANE('',#3123);
#3123 = AXIS2_PLACEMENT_3D('',#3124,#3125,#3126);
#3124 = CARTESIAN_POINT('',(-4.34686946527,-2.090000033677,
    0.502812683044));
#3125 = DIRECTION('',(1.836970198721E-16,1.,0.));
#3126 = DIRECTION('',(0.,-0.,1.));
#3127 = ADVANCED_FACE('',(#3128),#3153,.T.);
#3128 = FACE_BOUND('',#3129,.T.);
#3129 = EDGE_LOOP('',(#3130,#3138,#3146,#3152));
#3130 = ORIENTED_EDGE('',*,*,#3131,.T.);
#3131 = EDGE_CURVE('',#3101,#3132,#3134,.T.);
#3132 = VERTEX_POINT('',#3133);
#3133 = CARTESIAN_POINT('',(-4.325935082436,-2.990000048179,
    0.103360862706));
#3134 = LINE('',#3135,#3136);
#3135 = CARTESIAN_POINT('',(-4.325935082436,-2.090000033677,
    0.103360862706));
#3136 = VECTOR('',#3137,1.);
#3137 = DIRECTION('',(-1.836970198721E-16,-1.,0.));
#3138 = ORIENTED_EDGE('',*,*,#3139,.T.);
#3139 = EDGE_CURVE('',#3132,#3140,#3142,.T.);
#3140 = VERTEX_POINT('',#3141);
#3141 = CARTESIAN_POINT('',(-6.292947824872,-2.990000048179,
    2.740930535199E-04));
#3142 = LINE('',#3143,#3144);
#3143 = CARTESIAN_POINT('',(-4.325935082436,-2.990000048179,
    0.103360862706));
#3144 = VECTOR('',#3145,1.);
#3145 = DIRECTION('',(-0.998629534755,1.834452694906E-16,
    -5.233595624292E-02));
#3146 = ORIENTED_EDGE('',*,*,#3147,.F.);
#3147 = EDGE_CURVE('',#3109,#3140,#3148,.T.);
#3148 = LINE('',#3149,#3150);
#3149 = CARTESIAN_POINT('',(-6.292947824872,-2.090000033677,
    2.740930535199E-04));
#3150 = VECTOR('',#3151,1.);
#3151 = DIRECTION('',(-1.836970198721E-16,-1.,0.));
#3152 = ORIENTED_EDGE('',*,*,#3108,.F.);
#3153 = PLANE('',#3154);
#3154 = AXIS2_PLACEMENT_3D('',#3155,#3156,#3157);
#3155 = CARTESIAN_POINT('',(-4.325935082436,-2.090000033677,
    0.103360862706));
#3156 = DIRECTION('',(5.233595624292E-02,-9.613959193982E-18,
    -0.998629534755));
#3157 = DIRECTION('',(0.998629534755,-1.834452694906E-16,
    5.233595624292E-02));
#3158 = ADVANCED_FACE('',(#3159),#3175,.T.);
#3159 = FACE_BOUND('',#3160,.T.);
#3160 = EDGE_LOOP('',(#3161,#3167,#3168,#3174));
#3161 = ORIENTED_EDGE('',*,*,#3162,.T.);
#3162 = EDGE_CURVE('',#3132,#3061,#3163,.T.);
#3163 = LINE('',#3164,#3165);
#3164 = CARTESIAN_POINT('',(-4.34686946527,-2.990000048179,
    0.502812683044));
#3165 = VECTOR('',#3166,1.);
#3166 = DIRECTION('',(-5.233595624292E-02,9.613959193982E-18,
    0.998629534755));
#3167 = ORIENTED_EDGE('',*,*,#3086,.T.);
#3168 = ORIENTED_EDGE('',*,*,#3169,.F.);
#3169 = EDGE_CURVE('',#3140,#3079,#3170,.T.);
#3170 = LINE('',#3171,#3172);
#3171 = CARTESIAN_POINT('',(-6.313882207707,-2.990000048179,
    0.399725913392));
#3172 = VECTOR('',#3173,1.);
#3173 = DIRECTION('',(-5.233595624292E-02,9.613959193982E-18,
    0.998629534755));
#3174 = ORIENTED_EDGE('',*,*,#3139,.F.);
#3175 = PLANE('',#3176);
#3176 = AXIS2_PLACEMENT_3D('',#3177,#3178,#3179);
#3177 = CARTESIAN_POINT('',(-4.34686946527,-2.990000048179,
    0.502812683044));
#3178 = DIRECTION('',(-1.836970198721E-16,-1.,0.));
#3179 = DIRECTION('',(0.,-0.,-1.));
#3180 = ADVANCED_FACE('',(#3181),#3208,.F.);
#3181 = FACE_BOUND('',#3182,.F.);
#3182 = EDGE_LOOP('',(#3183,#3192,#3193,#3202));
#3183 = ORIENTED_EDGE('',*,*,#3184,.T.);
#3184 = EDGE_CURVE('',#3185,#3061,#3187,.T.);
#3185 = VERTEX_POINT('',#3186);
#3186 = CARTESIAN_POINT('',(-4.080662461618,-2.990000048179,
    0.699795503647));
#3187 = CIRCLE('',#3188,0.300000004834);
#3188 = AXIS2_PLACEMENT_3D('',#3189,#3190,#3191);
#3189 = CARTESIAN_POINT('',(-4.362570252396,-2.990000048179,
    0.802401548298));
#3190 = DIRECTION('',(1.836970198721E-16,1.,-0.));
#3191 = DIRECTION('',(0.,0.,1.));
#3192 = ORIENTED_EDGE('',*,*,#3060,.T.);
#3193 = ORIENTED_EDGE('',*,*,#3194,.F.);
#3194 = EDGE_CURVE('',#3195,#3063,#3197,.T.);
#3195 = VERTEX_POINT('',#3196);
#3196 = CARTESIAN_POINT('',(-4.080662461618,-2.090000033677,
    0.699795503647));
#3197 = CIRCLE('',#3198,0.300000004834);
#3198 = AXIS2_PLACEMENT_3D('',#3199,#3200,#3201);
#3199 = CARTESIAN_POINT('',(-4.362570252396,-2.090000033677,
    0.802401548298));
#3200 = DIRECTION('',(1.836970198721E-16,1.,-0.));
#3201 = DIRECTION('',(0.,0.,1.));
#3202 = ORIENTED_EDGE('',*,*,#3203,.F.);
#3203 = EDGE_CURVE('',#3185,#3195,#3204,.T.);
#3204 = LINE('',#3205,#3206);
#3205 = CARTESIAN_POINT('',(-4.080662461618,-2.090000033677,
    0.699795503647));
#3206 = VECTOR('',#3207,1.);
#3207 = DIRECTION('',(1.836970198721E-16,1.,0.));
#3208 = CYLINDRICAL_SURFACE('',#3209,0.300000004834);
#3209 = AXIS2_PLACEMENT_3D('',#3210,#3211,#3212);
#3210 = CARTESIAN_POINT('',(-4.362570252396,1.021827578194E-15,
    0.802401548298));
#3211 = DIRECTION('',(1.836970198721E-16,1.,0.));
#3212 = DIRECTION('',(0.,-0.,1.));
#3213 = ADVANCED_FACE('',(#3214),#3233,.T.);
#3214 = FACE_BOUND('',#3215,.T.);
#3215 = EDGE_LOOP('',(#3216,#3224,#3231,#3232));
#3216 = ORIENTED_EDGE('',*,*,#3217,.T.);
#3217 = EDGE_CURVE('',#3195,#3218,#3220,.T.);
#3218 = VERTEX_POINT('',#3219);
#3219 = CARTESIAN_POINT('',(-3.704785407247,-2.090000033677,
    0.562987444112));
#3220 = LINE('',#3221,#3222);
#3221 = CARTESIAN_POINT('',(-4.080662461618,-2.090000033677,
    0.699795503647));
#3222 = VECTOR('',#3223,1.);
#3223 = DIRECTION('',(0.939692620786,-1.726187340342E-16,-0.342020143326
    ));
#3224 = ORIENTED_EDGE('',*,*,#3225,.T.);
#3225 = EDGE_CURVE('',#3218,#3101,#3226,.T.);
#3226 = CIRCLE('',#3227,0.700000011279);
#3227 = AXIS2_PLACEMENT_3D('',#3228,#3229,#3230);
#3228 = CARTESIAN_POINT('',(-4.362570252396,-2.090000033677,
    0.802401548298));
#3229 = DIRECTION('',(1.836970198721E-16,1.,-0.));
#3230 = DIRECTION('',(0.,0.,1.));
#3231 = ORIENTED_EDGE('',*,*,#3100,.F.);
#3232 = ORIENTED_EDGE('',*,*,#3194,.F.);
#3233 = PLANE('',#3234);
#3234 = AXIS2_PLACEMENT_3D('',#3235,#3236,#3237);
#3235 = CARTESIAN_POINT('',(-4.080662461618,-2.090000033677,
    0.699795503647));
#3236 = DIRECTION('',(1.836970198721E-16,1.,0.));
#3237 = DIRECTION('',(0.,-0.,1.));
#3238 = ADVANCED_FACE('',(#3239),#3258,.T.);
#3239 = FACE_BOUND('',#3240,.T.);
#3240 = EDGE_LOOP('',(#3241,#3249,#3256,#3257));
#3241 = ORIENTED_EDGE('',*,*,#3242,.T.);
#3242 = EDGE_CURVE('',#3218,#3243,#3245,.T.);
#3243 = VERTEX_POINT('',#3244);
#3244 = CARTESIAN_POINT('',(-3.704785407247,-2.990000048179,
    0.562987444112));
#3245 = LINE('',#3246,#3247);
#3246 = CARTESIAN_POINT('',(-3.704785407247,-2.090000033677,
    0.562987444112));
#3247 = VECTOR('',#3248,1.);
#3248 = DIRECTION('',(-1.836970198721E-16,-1.,0.));
#3249 = ORIENTED_EDGE('',*,*,#3250,.T.);
#3250 = EDGE_CURVE('',#3243,#3132,#3251,.T.);
#3251 = CIRCLE('',#3252,0.700000011279);
#3252 = AXIS2_PLACEMENT_3D('',#3253,#3254,#3255);
#3253 = CARTESIAN_POINT('',(-4.362570252396,-2.990000048179,
    0.802401548298));
#3254 = DIRECTION('',(1.836970198721E-16,1.,-0.));
#3255 = DIRECTION('',(0.,0.,1.));
#3256 = ORIENTED_EDGE('',*,*,#3131,.F.);
#3257 = ORIENTED_EDGE('',*,*,#3225,.F.);
#3258 = CYLINDRICAL_SURFACE('',#3259,0.700000011279);
#3259 = AXIS2_PLACEMENT_3D('',#3260,#3261,#3262);
#3260 = CARTESIAN_POINT('',(-4.362570252396,1.021827578194E-15,
    0.802401548298));
#3261 = DIRECTION('',(1.836970198721E-16,1.,0.));
#3262 = DIRECTION('',(0.,-0.,1.));
#3263 = ADVANCED_FACE('',(#3264),#3275,.T.);
#3264 = FACE_BOUND('',#3265,.T.);
#3265 = EDGE_LOOP('',(#3266,#3272,#3273,#3274));
#3266 = ORIENTED_EDGE('',*,*,#3267,.T.);
#3267 = EDGE_CURVE('',#3243,#3185,#3268,.T.);
#3268 = LINE('',#3269,#3270);
#3269 = CARTESIAN_POINT('',(-4.080662461618,-2.990000048179,
    0.699795503647));
#3270 = VECTOR('',#3271,1.);
#3271 = DIRECTION('',(-0.939692620786,1.726187340342E-16,0.342020143326)
  );
#3272 = ORIENTED_EDGE('',*,*,#3184,.T.);
#3273 = ORIENTED_EDGE('',*,*,#3162,.F.);
#3274 = ORIENTED_EDGE('',*,*,#3250,.F.);
#3275 = PLANE('',#3276);
#3276 = AXIS2_PLACEMENT_3D('',#3277,#3278,#3279);
#3277 = CARTESIAN_POINT('',(-4.080662461618,-2.990000048179,
    0.699795503647));
#3278 = DIRECTION('',(-1.836970198721E-16,-1.,0.));
#3279 = DIRECTION('',(-0.,0.,-1.));
#3280 = ADVANCED_FACE('',(#3281),#3306,.T.);
#3281 = FACE_BOUND('',#3282,.T.);
#3282 = EDGE_LOOP('',(#3283,#3293,#3299,#3300));
#3283 = ORIENTED_EDGE('',*,*,#3284,.T.);
#3284 = EDGE_CURVE('',#3285,#3287,#3289,.T.);
#3285 = VERTEX_POINT('',#3286);
#3286 = CARTESIAN_POINT('',(-3.41109603513,-2.990000048179,
    2.539414141246));
#3287 = VERTEX_POINT('',#3288);
#3288 = CARTESIAN_POINT('',(-3.41109603513,-2.090000033677,
    2.539414141246));
#3289 = LINE('',#3290,#3291);
#3290 = CARTESIAN_POINT('',(-3.41109603513,-2.090000033677,
    2.539414141246));
#3291 = VECTOR('',#3292,1.);
#3292 = DIRECTION('',(1.836970198721E-16,1.,0.));
#3293 = ORIENTED_EDGE('',*,*,#3294,.T.);
#3294 = EDGE_CURVE('',#3287,#3195,#3295,.T.);
#3295 = LINE('',#3296,#3297);
#3296 = CARTESIAN_POINT('',(-3.41109603513,-2.090000033677,
    2.539414141246));
#3297 = VECTOR('',#3298,1.);
#3298 = DIRECTION('',(-0.342020143326,6.282808106514E-17,-0.939692620786
    ));
#3299 = ORIENTED_EDGE('',*,*,#3203,.F.);
#3300 = ORIENTED_EDGE('',*,*,#3301,.F.);
#3301 = EDGE_CURVE('',#3285,#3185,#3302,.T.);
#3302 = LINE('',#3303,#3304);
#3303 = CARTESIAN_POINT('',(-3.41109603513,-2.990000048179,
    2.539414141246));
#3304 = VECTOR('',#3305,1.);
#3305 = DIRECTION('',(-0.342020143326,6.282808106514E-17,-0.939692620786
    ));
#3306 = PLANE('',#3307);
#3307 = AXIS2_PLACEMENT_3D('',#3308,#3309,#3310);
#3308 = CARTESIAN_POINT('',(-3.41109603513,-2.090000033677,
    2.539414141246));
#3309 = DIRECTION('',(-0.939692620786,1.726187340342E-16,0.342020143326)
  );
#3310 = DIRECTION('',(-0.342020143326,6.282808106514E-17,-0.939692620786
    ));
#3311 = ADVANCED_FACE('',(#3312),#3330,.T.);
#3312 = FACE_BOUND('',#3313,.T.);
#3313 = EDGE_LOOP('',(#3314,#3322,#3328,#3329));
#3314 = ORIENTED_EDGE('',*,*,#3315,.T.);
#3315 = EDGE_CURVE('',#3287,#3316,#3318,.T.);
#3316 = VERTEX_POINT('',#3317);
#3317 = CARTESIAN_POINT('',(-3.035218980759,-2.090000033677,
    2.402606081711));
#3318 = LINE('',#3319,#3320);
#3319 = CARTESIAN_POINT('',(-3.41109603513,-2.090000033677,
    2.539414141246));
#3320 = VECTOR('',#3321,1.);
#3321 = DIRECTION('',(0.939692620786,-1.726187340342E-16,-0.342020143326
    ));
#3322 = ORIENTED_EDGE('',*,*,#3323,.T.);
#3323 = EDGE_CURVE('',#3316,#3218,#3324,.T.);
#3324 = LINE('',#3325,#3326);
#3325 = CARTESIAN_POINT('',(-3.035218980759,-2.090000033677,
    2.402606081711));
#3326 = VECTOR('',#3327,1.);
#3327 = DIRECTION('',(-0.342020143326,6.282808106514E-17,-0.939692620786
    ));
#3328 = ORIENTED_EDGE('',*,*,#3217,.F.);
#3329 = ORIENTED_EDGE('',*,*,#3294,.F.);
#3330 = PLANE('',#3331);
#3331 = AXIS2_PLACEMENT_3D('',#3332,#3333,#3334);
#3332 = CARTESIAN_POINT('',(-3.41109603513,-2.090000033677,
    2.539414141246));
#3333 = DIRECTION('',(1.836970198721E-16,1.,0.));
#3334 = DIRECTION('',(0.,-0.,1.));
#3335 = ADVANCED_FACE('',(#3336),#3354,.T.);
#3336 = FACE_BOUND('',#3337,.T.);
#3337 = EDGE_LOOP('',(#3338,#3346,#3352,#3353));
#3338 = ORIENTED_EDGE('',*,*,#3339,.T.);
#3339 = EDGE_CURVE('',#3316,#3340,#3342,.T.);
#3340 = VERTEX_POINT('',#3341);
#3341 = CARTESIAN_POINT('',(-3.035218980759,-2.990000048179,
    2.402606081711));
#3342 = LINE('',#3343,#3344);
#3343 = CARTESIAN_POINT('',(-3.035218980759,-2.090000033677,
    2.402606081711));
#3344 = VECTOR('',#3345,1.);
#3345 = DIRECTION('',(-1.836970198721E-16,-1.,0.));
#3346 = ORIENTED_EDGE('',*,*,#3347,.T.);
#3347 = EDGE_CURVE('',#3340,#3243,#3348,.T.);
#3348 = LINE('',#3349,#3350);
#3349 = CARTESIAN_POINT('',(-3.035218980759,-2.990000048179,
    2.402606081711));
#3350 = VECTOR('',#3351,1.);
#3351 = DIRECTION('',(-0.342020143326,6.282808106514E-17,-0.939692620786
    ));
#3352 = ORIENTED_EDGE('',*,*,#3242,.F.);
#3353 = ORIENTED_EDGE('',*,*,#3323,.F.);
#3354 = PLANE('',#3355);
#3355 = AXIS2_PLACEMENT_3D('',#3356,#3357,#3358);
#3356 = CARTESIAN_POINT('',(-3.035218980759,-2.090000033677,
    2.402606081711));
#3357 = DIRECTION('',(0.939692620786,-1.726187340342E-16,-0.342020143326
    ));
#3358 = DIRECTION('',(0.342020143326,-6.282808106514E-17,0.939692620786)
  );
#3359 = ADVANCED_FACE('',(#3360),#3371,.T.);
#3360 = FACE_BOUND('',#3361,.T.);
#3361 = EDGE_LOOP('',(#3362,#3368,#3369,#3370));
#3362 = ORIENTED_EDGE('',*,*,#3363,.T.);
#3363 = EDGE_CURVE('',#3340,#3285,#3364,.T.);
#3364 = LINE('',#3365,#3366);
#3365 = CARTESIAN_POINT('',(-3.41109603513,-2.990000048179,
    2.539414141246));
#3366 = VECTOR('',#3367,1.);
#3367 = DIRECTION('',(-0.939692620786,1.726187340342E-16,0.342020143326)
  );
#3368 = ORIENTED_EDGE('',*,*,#3301,.T.);
#3369 = ORIENTED_EDGE('',*,*,#3267,.F.);
#3370 = ORIENTED_EDGE('',*,*,#3347,.F.);
#3371 = PLANE('',#3372);
#3372 = AXIS2_PLACEMENT_3D('',#3373,#3374,#3375);
#3373 = CARTESIAN_POINT('',(-3.41109603513,-2.990000048179,
    2.539414141246));
#3374 = DIRECTION('',(-1.836970198721E-16,-1.,0.));
#3375 = DIRECTION('',(0.,-0.,-1.));
#3376 = ADVANCED_FACE('',(#3377),#3404,.T.);
#3377 = FACE_BOUND('',#3378,.T.);
#3378 = EDGE_LOOP('',(#3379,#3389,#3396,#3397));
#3379 = ORIENTED_EDGE('',*,*,#3380,.T.);
#3380 = EDGE_CURVE('',#3381,#3383,#3385,.T.);
#3381 = VERTEX_POINT('',#3382);
#3382 = CARTESIAN_POINT('',(-2.753311189981,-2.990000048179,
    3.00000004834));
#3383 = VERTEX_POINT('',#3384);
#3384 = CARTESIAN_POINT('',(-2.753311189981,-2.090000033677,
    3.00000004834));
#3385 = LINE('',#3386,#3387);
#3386 = CARTESIAN_POINT('',(-2.753311189981,-2.090000033677,
    3.00000004834));
#3387 = VECTOR('',#3388,1.);
#3388 = DIRECTION('',(1.836970198721E-16,1.,-0.));
#3389 = ORIENTED_EDGE('',*,*,#3390,.T.);
#3390 = EDGE_CURVE('',#3383,#3287,#3391,.T.);
#3391 = CIRCLE('',#3392,0.700000011279);
#3392 = AXIS2_PLACEMENT_3D('',#3393,#3394,#3395);
#3393 = CARTESIAN_POINT('',(-2.753311189981,-2.090000033677,
    2.30000003706));
#3394 = DIRECTION('',(-1.836970198721E-16,-1.,0.));
#3395 = DIRECTION('',(0.,-0.,-1.));
#3396 = ORIENTED_EDGE('',*,*,#3284,.F.);
#3397 = ORIENTED_EDGE('',*,*,#3398,.F.);
#3398 = EDGE_CURVE('',#3381,#3285,#3399,.T.);
#3399 = CIRCLE('',#3400,0.700000011279);
#3400 = AXIS2_PLACEMENT_3D('',#3401,#3402,#3403);
#3401 = CARTESIAN_POINT('',(-2.753311189981,-2.990000048179,
    2.30000003706));
#3402 = DIRECTION('',(-1.836970198721E-16,-1.,0.));
#3403 = DIRECTION('',(0.,-0.,-1.));
#3404 = CYLINDRICAL_SURFACE('',#3405,0.700000011279);
#3405 = AXIS2_PLACEMENT_3D('',#3406,#3407,#3408);
#3406 = CARTESIAN_POINT('',(-2.753311189981,7.262114842266E-16,
    2.30000003706));
#3407 = DIRECTION('',(-1.836970198721E-16,-1.,0.));
#3408 = DIRECTION('',(0.,-0.,-1.));
#3409 = ADVANCED_FACE('',(#3410),#3429,.T.);
#3410 = FACE_BOUND('',#3411,.T.);
#3411 = EDGE_LOOP('',(#3412,#3420,#3427,#3428));
#3412 = ORIENTED_EDGE('',*,*,#3413,.T.);
#3413 = EDGE_CURVE('',#3383,#3414,#3416,.T.);
#3414 = VERTEX_POINT('',#3415);
#3415 = CARTESIAN_POINT('',(-2.753311189981,-2.090000033677,
    2.600000041894));
#3416 = LINE('',#3417,#3418);
#3417 = CARTESIAN_POINT('',(-2.753311189981,-2.090000033677,
    3.00000004834));
#3418 = VECTOR('',#3419,1.);
#3419 = DIRECTION('',(0.,-0.,-1.));
#3420 = ORIENTED_EDGE('',*,*,#3421,.T.);
#3421 = EDGE_CURVE('',#3414,#3316,#3422,.T.);
#3422 = CIRCLE('',#3423,0.300000004834);
#3423 = AXIS2_PLACEMENT_3D('',#3424,#3425,#3426);
#3424 = CARTESIAN_POINT('',(-2.753311189981,-2.090000033677,
    2.30000003706));
#3425 = DIRECTION('',(-1.836970198721E-16,-1.,0.));
#3426 = DIRECTION('',(0.,-0.,-1.));
#3427 = ORIENTED_EDGE('',*,*,#3315,.F.);
#3428 = ORIENTED_EDGE('',*,*,#3390,.F.);
#3429 = PLANE('',#3430);
#3430 = AXIS2_PLACEMENT_3D('',#3431,#3432,#3433);
#3431 = CARTESIAN_POINT('',(-2.753311189981,-2.090000033677,
    3.00000004834));
#3432 = DIRECTION('',(1.836970198721E-16,1.,0.));
#3433 = DIRECTION('',(0.,-0.,1.));
#3434 = ADVANCED_FACE('',(#3435),#3454,.F.);
#3435 = FACE_BOUND('',#3436,.F.);
#3436 = EDGE_LOOP('',(#3437,#3438,#3439,#3448));
#3437 = ORIENTED_EDGE('',*,*,#3421,.T.);
#3438 = ORIENTED_EDGE('',*,*,#3339,.T.);
#3439 = ORIENTED_EDGE('',*,*,#3440,.F.);
#3440 = EDGE_CURVE('',#3441,#3340,#3443,.T.);
#3441 = VERTEX_POINT('',#3442);
#3442 = CARTESIAN_POINT('',(-2.753311189981,-2.990000048179,
    2.600000041894));
#3443 = CIRCLE('',#3444,0.300000004834);
#3444 = AXIS2_PLACEMENT_3D('',#3445,#3446,#3447);
#3445 = CARTESIAN_POINT('',(-2.753311189981,-2.990000048179,
    2.30000003706));
#3446 = DIRECTION('',(-1.836970198721E-16,-1.,0.));
#3447 = DIRECTION('',(0.,-0.,-1.));
#3448 = ORIENTED_EDGE('',*,*,#3449,.F.);
#3449 = EDGE_CURVE('',#3414,#3441,#3450,.T.);
#3450 = LINE('',#3451,#3452);
#3451 = CARTESIAN_POINT('',(-2.753311189981,-2.090000033677,
    2.600000041894));
#3452 = VECTOR('',#3453,1.);
#3453 = DIRECTION('',(-1.836970198721E-16,-1.,0.));
#3454 = CYLINDRICAL_SURFACE('',#3455,0.300000004834);
#3455 = AXIS2_PLACEMENT_3D('',#3456,#3457,#3458);
#3456 = CARTESIAN_POINT('',(-2.753311189981,7.262114842266E-16,
    2.30000003706));
#3457 = DIRECTION('',(-1.836970198721E-16,-1.,0.));
#3458 = DIRECTION('',(0.,-0.,-1.));
#3459 = ADVANCED_FACE('',(#3460),#3471,.T.);
#3460 = FACE_BOUND('',#3461,.T.);
#3461 = EDGE_LOOP('',(#3462,#3468,#3469,#3470));
#3462 = ORIENTED_EDGE('',*,*,#3463,.T.);
#3463 = EDGE_CURVE('',#3441,#3381,#3464,.T.);
#3464 = LINE('',#3465,#3466);
#3465 = CARTESIAN_POINT('',(-2.753311189981,-2.990000048179,
    3.00000004834));
#3466 = VECTOR('',#3467,1.);
#3467 = DIRECTION('',(0.,0.,1.));
#3468 = ORIENTED_EDGE('',*,*,#3398,.T.);
#3469 = ORIENTED_EDGE('',*,*,#3363,.F.);
#3470 = ORIENTED_EDGE('',*,*,#3440,.F.);
#3471 = PLANE('',#3472);
#3472 = AXIS2_PLACEMENT_3D('',#3473,#3474,#3475);
#3473 = CARTESIAN_POINT('',(-2.753311189981,-2.990000048179,
    3.00000004834));
#3474 = DIRECTION('',(-1.836970198721E-16,-1.,0.));
#3475 = DIRECTION('',(0.,-0.,-1.));
#3476 = ADVANCED_FACE('',(#3477),#3493,.F.);
#3477 = FACE_BOUND('',#3478,.T.);
#3478 = EDGE_LOOP('',(#3479,#3480,#3486,#3487));
#3479 = ORIENTED_EDGE('',*,*,#2189,.T.);
#3480 = ORIENTED_EDGE('',*,*,#3481,.F.);
#3481 = EDGE_CURVE('',#3381,#2192,#3482,.T.);
#3482 = LINE('',#3483,#3484);
#3483 = CARTESIAN_POINT('',(-2.753311189981,-2.990000048179,
    3.00000004834));
#3484 = VECTOR('',#3485,1.);
#3485 = DIRECTION('',(1.,-1.836970198721E-16,0.));
#3486 = ORIENTED_EDGE('',*,*,#3463,.F.);
#3487 = ORIENTED_EDGE('',*,*,#3488,.T.);
#3488 = EDGE_CURVE('',#3441,#2190,#3489,.T.);
#3489 = LINE('',#3490,#3491);
#3490 = CARTESIAN_POINT('',(-2.753311189981,-2.990000048179,
    2.600000041894));
#3491 = VECTOR('',#3492,1.);
#3492 = DIRECTION('',(1.,-1.836970198721E-16,0.));
#3493 = PLANE('',#3494);
#3494 = AXIS2_PLACEMENT_3D('',#3495,#3496,#3497);
#3495 = CARTESIAN_POINT('',(-2.753311189981,-2.990000048179,
    3.00000004834));
#3496 = DIRECTION('',(1.836970198721E-16,1.,0.));
#3497 = DIRECTION('',(0.,-0.,1.));
#3498 = ADVANCED_FACE('',(#3499),#3510,.F.);
#3499 = FACE_BOUND('',#3500,.T.);
#3500 = EDGE_LOOP('',(#3501,#3502,#3508,#3509));
#3501 = ORIENTED_EDGE('',*,*,#2215,.T.);
#3502 = ORIENTED_EDGE('',*,*,#3503,.F.);
#3503 = EDGE_CURVE('',#3383,#2208,#3504,.T.);
#3504 = LINE('',#3505,#3506);
#3505 = CARTESIAN_POINT('',(-2.753311189981,-2.090000033677,
    3.00000004834));
#3506 = VECTOR('',#3507,1.);
#3507 = DIRECTION('',(1.,-1.836970198721E-16,0.));
#3508 = ORIENTED_EDGE('',*,*,#3380,.F.);
#3509 = ORIENTED_EDGE('',*,*,#3481,.T.);
#3510 = PLANE('',#3511);
#3511 = AXIS2_PLACEMENT_3D('',#3512,#3513,#3514);
#3512 = CARTESIAN_POINT('',(-2.753311189981,-2.090000033677,
    3.00000004834));
#3513 = DIRECTION('',(0.,-0.,-1.));
#3514 = DIRECTION('',(1.836970198721E-16,1.,0.));
#3515 = ADVANCED_FACE('',(#3516),#3527,.F.);
#3516 = FACE_BOUND('',#3517,.T.);
#3517 = EDGE_LOOP('',(#3518,#3519,#3525,#3526));
#3518 = ORIENTED_EDGE('',*,*,#2207,.T.);
#3519 = ORIENTED_EDGE('',*,*,#3520,.F.);
#3520 = EDGE_CURVE('',#3414,#2200,#3521,.T.);
#3521 = LINE('',#3522,#3523);
#3522 = CARTESIAN_POINT('',(-2.753311189981,-2.090000033677,
    2.600000041894));
#3523 = VECTOR('',#3524,1.);
#3524 = DIRECTION('',(1.,-1.836970198721E-16,0.));
#3525 = ORIENTED_EDGE('',*,*,#3413,.F.);
#3526 = ORIENTED_EDGE('',*,*,#3503,.T.);
#3527 = PLANE('',#3528);
#3528 = AXIS2_PLACEMENT_3D('',#3529,#3530,#3531);
#3529 = CARTESIAN_POINT('',(-2.753311189981,-2.090000033677,
    3.00000004834));
#3530 = DIRECTION('',(-1.836970198721E-16,-1.,0.));
#3531 = DIRECTION('',(0.,-0.,-1.));
#3532 = ADVANCED_FACE('',(#3533),#3539,.F.);
#3533 = FACE_BOUND('',#3534,.T.);
#3534 = EDGE_LOOP('',(#3535,#3536,#3537,#3538));
#3535 = ORIENTED_EDGE('',*,*,#2199,.T.);
#3536 = ORIENTED_EDGE('',*,*,#3488,.F.);
#3537 = ORIENTED_EDGE('',*,*,#3449,.F.);
#3538 = ORIENTED_EDGE('',*,*,#3520,.T.);
#3539 = PLANE('',#3540);
#3540 = AXIS2_PLACEMENT_3D('',#3541,#3542,#3543);
#3541 = CARTESIAN_POINT('',(-2.753311189981,-2.090000033677,
    2.600000041894));
#3542 = DIRECTION('',(0.,0.,1.));
#3543 = DIRECTION('',(-1.836970198721E-16,-1.,0.));
#3544 = ADVANCED_FACE('',(#3545),#3551,.T.);
#3545 = FACE_BOUND('',#3546,.T.);
#3546 = EDGE_LOOP('',(#3547,#3548,#3549,#3550));
#3547 = ORIENTED_EDGE('',*,*,#3169,.T.);
#3548 = ORIENTED_EDGE('',*,*,#3078,.T.);
#3549 = ORIENTED_EDGE('',*,*,#3116,.T.);
#3550 = ORIENTED_EDGE('',*,*,#3147,.T.);
#3551 = PLANE('',#3552);
#3552 = AXIS2_PLACEMENT_3D('',#3553,#3554,#3555);
#3553 = CARTESIAN_POINT('',(-6.156874336448,1.351435891179E-15,
    -2.596162739145));
#3554 = DIRECTION('',(-0.998629534755,1.834452694906E-16,
    -5.233595624292E-02));
#3555 = DIRECTION('',(5.233595624292E-02,-9.613959193982E-18,
    -0.998629534755));
#3556 = ADVANCED_FACE('',(#3557),#3591,.T.);
#3557 = FACE_BOUND('',#3558,.T.);
#3558 = EDGE_LOOP('',(#3559,#3569,#3577,#3585));
#3559 = ORIENTED_EDGE('',*,*,#3560,.T.);
#3560 = EDGE_CURVE('',#3561,#3563,#3565,.T.);
#3561 = VERTEX_POINT('',#3562);
#3562 = CARTESIAN_POINT('',(-4.34686946527,2.090000033677,0.502812683044
    ));
#3563 = VERTEX_POINT('',#3564);
#3564 = CARTESIAN_POINT('',(-4.34686946527,2.990000048179,0.502812683044
    ));
#3565 = LINE('',#3566,#3567);
#3566 = CARTESIAN_POINT('',(-4.34686946527,2.990000048179,0.502812683044
    ));
#3567 = VECTOR('',#3568,1.);
#3568 = DIRECTION('',(1.836970198721E-16,1.,0.));
#3569 = ORIENTED_EDGE('',*,*,#3570,.T.);
#3570 = EDGE_CURVE('',#3563,#3571,#3573,.T.);
#3571 = VERTEX_POINT('',#3572);
#3572 = CARTESIAN_POINT('',(-6.313882207707,2.990000048179,
    0.399725913392));
#3573 = LINE('',#3574,#3575);
#3574 = CARTESIAN_POINT('',(-4.34686946527,2.990000048179,0.502812683044
    ));
#3575 = VECTOR('',#3576,1.);
#3576 = DIRECTION('',(-0.998629534755,1.834452694906E-16,
    -5.233595624292E-02));
#3577 = ORIENTED_EDGE('',*,*,#3578,.F.);
#3578 = EDGE_CURVE('',#3579,#3571,#3581,.T.);
#3579 = VERTEX_POINT('',#3580);
#3580 = CARTESIAN_POINT('',(-6.313882207707,2.090000033677,
    0.399725913392));
#3581 = LINE('',#3582,#3583);
#3582 = CARTESIAN_POINT('',(-6.313882207707,2.990000048179,
    0.399725913392));
#3583 = VECTOR('',#3584,1.);
#3584 = DIRECTION('',(1.836970198721E-16,1.,0.));
#3585 = ORIENTED_EDGE('',*,*,#3586,.F.);
#3586 = EDGE_CURVE('',#3561,#3579,#3587,.T.);
#3587 = LINE('',#3588,#3589);
#3588 = CARTESIAN_POINT('',(-4.34686946527,2.090000033677,0.502812683044
    ));
#3589 = VECTOR('',#3590,1.);
#3590 = DIRECTION('',(-0.998629534755,1.834452694906E-16,
    -5.233595624292E-02));
#3591 = PLANE('',#3592);
#3592 = AXIS2_PLACEMENT_3D('',#3593,#3594,#3595);
#3593 = CARTESIAN_POINT('',(-4.34686946527,2.990000048179,0.502812683044
    ));
#3594 = DIRECTION('',(-5.233595624292E-02,9.613959193982E-18,
    0.998629534755));
#3595 = DIRECTION('',(-0.998629534755,1.834452694906E-16,
    -5.233595624292E-02));
#3596 = ADVANCED_FACE('',(#3597),#3622,.T.);
#3597 = FACE_BOUND('',#3598,.T.);
#3598 = EDGE_LOOP('',(#3599,#3607,#3615,#3621));
#3599 = ORIENTED_EDGE('',*,*,#3600,.T.);
#3600 = EDGE_CURVE('',#3563,#3601,#3603,.T.);
#3601 = VERTEX_POINT('',#3602);
#3602 = CARTESIAN_POINT('',(-4.325935082436,2.990000048179,
    0.103360862706));
#3603 = LINE('',#3604,#3605);
#3604 = CARTESIAN_POINT('',(-4.34686946527,2.990000048179,0.502812683044
    ));
#3605 = VECTOR('',#3606,1.);
#3606 = DIRECTION('',(5.233595624292E-02,-9.613959193982E-18,
    -0.998629534755));
#3607 = ORIENTED_EDGE('',*,*,#3608,.T.);
#3608 = EDGE_CURVE('',#3601,#3609,#3611,.T.);
#3609 = VERTEX_POINT('',#3610);
#3610 = CARTESIAN_POINT('',(-6.292947824872,2.990000048179,
    2.740930535021E-04));
#3611 = LINE('',#3612,#3613);
#3612 = CARTESIAN_POINT('',(-4.325935082436,2.990000048179,
    0.103360862706));
#3613 = VECTOR('',#3614,1.);
#3614 = DIRECTION('',(-0.998629534755,1.834452694906E-16,
    -5.233595624292E-02));
#3615 = ORIENTED_EDGE('',*,*,#3616,.F.);
#3616 = EDGE_CURVE('',#3571,#3609,#3617,.T.);
#3617 = LINE('',#3618,#3619);
#3618 = CARTESIAN_POINT('',(-6.313882207707,2.990000048179,
    0.399725913392));
#3619 = VECTOR('',#3620,1.);
#3620 = DIRECTION('',(5.233595624292E-02,-9.613959193982E-18,
    -0.998629534755));
#3621 = ORIENTED_EDGE('',*,*,#3570,.F.);
#3622 = PLANE('',#3623);
#3623 = AXIS2_PLACEMENT_3D('',#3624,#3625,#3626);
#3624 = CARTESIAN_POINT('',(-4.34686946527,2.990000048179,0.502812683044
    ));
#3625 = DIRECTION('',(1.836970198721E-16,1.,0.));
#3626 = DIRECTION('',(0.,-0.,1.));
#3627 = ADVANCED_FACE('',(#3628),#3653,.T.);
#3628 = FACE_BOUND('',#3629,.T.);
#3629 = EDGE_LOOP('',(#3630,#3638,#3646,#3652));
#3630 = ORIENTED_EDGE('',*,*,#3631,.T.);
#3631 = EDGE_CURVE('',#3601,#3632,#3634,.T.);
#3632 = VERTEX_POINT('',#3633);
#3633 = CARTESIAN_POINT('',(-4.325935082436,2.090000033677,
    0.103360862706));
#3634 = LINE('',#3635,#3636);
#3635 = CARTESIAN_POINT('',(-4.325935082436,2.990000048179,
    0.103360862706));
#3636 = VECTOR('',#3637,1.);
#3637 = DIRECTION('',(-1.836970198721E-16,-1.,0.));
#3638 = ORIENTED_EDGE('',*,*,#3639,.T.);
#3639 = EDGE_CURVE('',#3632,#3640,#3642,.T.);
#3640 = VERTEX_POINT('',#3641);
#3641 = CARTESIAN_POINT('',(-6.292947824872,2.090000033677,
    2.740930535021E-04));
#3642 = LINE('',#3643,#3644);
#3643 = CARTESIAN_POINT('',(-4.325935082436,2.090000033677,
    0.103360862706));
#3644 = VECTOR('',#3645,1.);
#3645 = DIRECTION('',(-0.998629534755,1.834452694906E-16,
    -5.233595624292E-02));
#3646 = ORIENTED_EDGE('',*,*,#3647,.F.);
#3647 = EDGE_CURVE('',#3609,#3640,#3648,.T.);
#3648 = LINE('',#3649,#3650);
#3649 = CARTESIAN_POINT('',(-6.292947824872,2.990000048179,
    2.740930535021E-04));
#3650 = VECTOR('',#3651,1.);
#3651 = DIRECTION('',(-1.836970198721E-16,-1.,0.));
#3652 = ORIENTED_EDGE('',*,*,#3608,.F.);
#3653 = PLANE('',#3654);
#3654 = AXIS2_PLACEMENT_3D('',#3655,#3656,#3657);
#3655 = CARTESIAN_POINT('',(-4.325935082436,2.990000048179,
    0.103360862706));
#3656 = DIRECTION('',(5.233595624292E-02,-9.613959193982E-18,
    -0.998629534755));
#3657 = DIRECTION('',(0.998629534755,-1.834452694906E-16,
    5.233595624292E-02));
#3658 = ADVANCED_FACE('',(#3659),#3675,.T.);
#3659 = FACE_BOUND('',#3660,.T.);
#3660 = EDGE_LOOP('',(#3661,#3667,#3668,#3674));
#3661 = ORIENTED_EDGE('',*,*,#3662,.T.);
#3662 = EDGE_CURVE('',#3632,#3561,#3663,.T.);
#3663 = LINE('',#3664,#3665);
#3664 = CARTESIAN_POINT('',(-4.34686946527,2.090000033677,0.502812683044
    ));
#3665 = VECTOR('',#3666,1.);
#3666 = DIRECTION('',(-5.233595624292E-02,9.613959193982E-18,
    0.998629534755));
#3667 = ORIENTED_EDGE('',*,*,#3586,.T.);
#3668 = ORIENTED_EDGE('',*,*,#3669,.F.);
#3669 = EDGE_CURVE('',#3640,#3579,#3670,.T.);
#3670 = LINE('',#3671,#3672);
#3671 = CARTESIAN_POINT('',(-6.313882207707,2.090000033677,
    0.399725913392));
#3672 = VECTOR('',#3673,1.);
#3673 = DIRECTION('',(-5.233595624292E-02,9.613959193982E-18,
    0.998629534755));
#3674 = ORIENTED_EDGE('',*,*,#3639,.F.);
#3675 = PLANE('',#3676);
#3676 = AXIS2_PLACEMENT_3D('',#3677,#3678,#3679);
#3677 = CARTESIAN_POINT('',(-4.34686946527,2.090000033677,0.502812683044
    ));
#3678 = DIRECTION('',(-1.836970198721E-16,-1.,0.));
#3679 = DIRECTION('',(0.,-0.,-1.));
#3680 = ADVANCED_FACE('',(#3681),#3708,.F.);
#3681 = FACE_BOUND('',#3682,.F.);
#3682 = EDGE_LOOP('',(#3683,#3692,#3693,#3702));
#3683 = ORIENTED_EDGE('',*,*,#3684,.T.);
#3684 = EDGE_CURVE('',#3685,#3561,#3687,.T.);
#3685 = VERTEX_POINT('',#3686);
#3686 = CARTESIAN_POINT('',(-4.080662461618,2.090000033677,
    0.699795503647));
#3687 = CIRCLE('',#3688,0.300000004834);
#3688 = AXIS2_PLACEMENT_3D('',#3689,#3690,#3691);
#3689 = CARTESIAN_POINT('',(-4.362570252396,2.090000033677,
    0.802401548298));
#3690 = DIRECTION('',(1.836970198721E-16,1.,-0.));
#3691 = DIRECTION('',(0.,0.,1.));
#3692 = ORIENTED_EDGE('',*,*,#3560,.T.);
#3693 = ORIENTED_EDGE('',*,*,#3694,.F.);
#3694 = EDGE_CURVE('',#3695,#3563,#3697,.T.);
#3695 = VERTEX_POINT('',#3696);
#3696 = CARTESIAN_POINT('',(-4.080662461618,2.990000048179,
    0.699795503647));
#3697 = CIRCLE('',#3698,0.300000004834);
#3698 = AXIS2_PLACEMENT_3D('',#3699,#3700,#3701);
#3699 = CARTESIAN_POINT('',(-4.362570252396,2.990000048179,
    0.802401548298));
#3700 = DIRECTION('',(1.836970198721E-16,1.,-0.));
#3701 = DIRECTION('',(0.,0.,1.));
#3702 = ORIENTED_EDGE('',*,*,#3703,.F.);
#3703 = EDGE_CURVE('',#3685,#3695,#3704,.T.);
#3704 = LINE('',#3705,#3706);
#3705 = CARTESIAN_POINT('',(-4.080662461618,2.990000048179,
    0.699795503647));
#3706 = VECTOR('',#3707,1.);
#3707 = DIRECTION('',(1.836970198721E-16,1.,0.));
#3708 = CYLINDRICAL_SURFACE('',#3709,0.300000004834);
#3709 = AXIS2_PLACEMENT_3D('',#3710,#3711,#3712);
#3710 = CARTESIAN_POINT('',(-4.362570252396,1.021827578194E-15,
    0.802401548298));
#3711 = DIRECTION('',(1.836970198721E-16,1.,0.));
#3712 = DIRECTION('',(0.,-0.,1.));
#3713 = ADVANCED_FACE('',(#3714),#3733,.T.);
#3714 = FACE_BOUND('',#3715,.T.);
#3715 = EDGE_LOOP('',(#3716,#3724,#3731,#3732));
#3716 = ORIENTED_EDGE('',*,*,#3717,.T.);
#3717 = EDGE_CURVE('',#3695,#3718,#3720,.T.);
#3718 = VERTEX_POINT('',#3719);
#3719 = CARTESIAN_POINT('',(-3.704785407247,2.990000048179,
    0.562987444112));
#3720 = LINE('',#3721,#3722);
#3721 = CARTESIAN_POINT('',(-4.080662461618,2.990000048179,
    0.699795503647));
#3722 = VECTOR('',#3723,1.);
#3723 = DIRECTION('',(0.939692620786,-1.726187340342E-16,-0.342020143326
    ));
#3724 = ORIENTED_EDGE('',*,*,#3725,.T.);
#3725 = EDGE_CURVE('',#3718,#3601,#3726,.T.);
#3726 = CIRCLE('',#3727,0.700000011279);
#3727 = AXIS2_PLACEMENT_3D('',#3728,#3729,#3730);
#3728 = CARTESIAN_POINT('',(-4.362570252396,2.990000048179,
    0.802401548298));
#3729 = DIRECTION('',(1.836970198721E-16,1.,-0.));
#3730 = DIRECTION('',(0.,0.,1.));
#3731 = ORIENTED_EDGE('',*,*,#3600,.F.);
#3732 = ORIENTED_EDGE('',*,*,#3694,.F.);
#3733 = PLANE('',#3734);
#3734 = AXIS2_PLACEMENT_3D('',#3735,#3736,#3737);
#3735 = CARTESIAN_POINT('',(-4.080662461618,2.990000048179,
    0.699795503647));
#3736 = DIRECTION('',(1.836970198721E-16,1.,0.));
#3737 = DIRECTION('',(0.,-0.,1.));
#3738 = ADVANCED_FACE('',(#3739),#3758,.T.);
#3739 = FACE_BOUND('',#3740,.T.);
#3740 = EDGE_LOOP('',(#3741,#3749,#3756,#3757));
#3741 = ORIENTED_EDGE('',*,*,#3742,.T.);
#3742 = EDGE_CURVE('',#3718,#3743,#3745,.T.);
#3743 = VERTEX_POINT('',#3744);
#3744 = CARTESIAN_POINT('',(-3.704785407247,2.090000033677,
    0.562987444112));
#3745 = LINE('',#3746,#3747);
#3746 = CARTESIAN_POINT('',(-3.704785407247,2.990000048179,
    0.562987444112));
#3747 = VECTOR('',#3748,1.);
#3748 = DIRECTION('',(-1.836970198721E-16,-1.,0.));
#3749 = ORIENTED_EDGE('',*,*,#3750,.T.);
#3750 = EDGE_CURVE('',#3743,#3632,#3751,.T.);
#3751 = CIRCLE('',#3752,0.700000011279);
#3752 = AXIS2_PLACEMENT_3D('',#3753,#3754,#3755);
#3753 = CARTESIAN_POINT('',(-4.362570252396,2.090000033677,
    0.802401548298));
#3754 = DIRECTION('',(1.836970198721E-16,1.,-0.));
#3755 = DIRECTION('',(0.,0.,1.));
#3756 = ORIENTED_EDGE('',*,*,#3631,.F.);
#3757 = ORIENTED_EDGE('',*,*,#3725,.F.);
#3758 = CYLINDRICAL_SURFACE('',#3759,0.700000011279);
#3759 = AXIS2_PLACEMENT_3D('',#3760,#3761,#3762);
#3760 = CARTESIAN_POINT('',(-4.362570252396,1.021827578194E-15,
    0.802401548298));
#3761 = DIRECTION('',(1.836970198721E-16,1.,0.));
#3762 = DIRECTION('',(0.,-0.,1.));
#3763 = ADVANCED_FACE('',(#3764),#3775,.T.);
#3764 = FACE_BOUND('',#3765,.T.);
#3765 = EDGE_LOOP('',(#3766,#3772,#3773,#3774));
#3766 = ORIENTED_EDGE('',*,*,#3767,.T.);
#3767 = EDGE_CURVE('',#3743,#3685,#3768,.T.);
#3768 = LINE('',#3769,#3770);
#3769 = CARTESIAN_POINT('',(-4.080662461618,2.090000033677,
    0.699795503647));
#3770 = VECTOR('',#3771,1.);
#3771 = DIRECTION('',(-0.939692620786,1.726187340342E-16,0.342020143326)
  );
#3772 = ORIENTED_EDGE('',*,*,#3684,.T.);
#3773 = ORIENTED_EDGE('',*,*,#3662,.F.);
#3774 = ORIENTED_EDGE('',*,*,#3750,.F.);
#3775 = PLANE('',#3776);
#3776 = AXIS2_PLACEMENT_3D('',#3777,#3778,#3779);
#3777 = CARTESIAN_POINT('',(-4.080662461618,2.090000033677,
    0.699795503647));
#3778 = DIRECTION('',(-1.836970198721E-16,-1.,0.));
#3779 = DIRECTION('',(-0.,0.,-1.));
#3780 = ADVANCED_FACE('',(#3781),#3806,.T.);
#3781 = FACE_BOUND('',#3782,.T.);
#3782 = EDGE_LOOP('',(#3783,#3793,#3799,#3800));
#3783 = ORIENTED_EDGE('',*,*,#3784,.T.);
#3784 = EDGE_CURVE('',#3785,#3787,#3789,.T.);
#3785 = VERTEX_POINT('',#3786);
#3786 = CARTESIAN_POINT('',(-3.41109603513,2.090000033677,2.539414141246
    ));
#3787 = VERTEX_POINT('',#3788);
#3788 = CARTESIAN_POINT('',(-3.41109603513,2.990000048179,2.539414141246
    ));
#3789 = LINE('',#3790,#3791);
#3790 = CARTESIAN_POINT('',(-3.41109603513,2.990000048179,2.539414141246
    ));
#3791 = VECTOR('',#3792,1.);
#3792 = DIRECTION('',(1.836970198721E-16,1.,0.));
#3793 = ORIENTED_EDGE('',*,*,#3794,.T.);
#3794 = EDGE_CURVE('',#3787,#3695,#3795,.T.);
#3795 = LINE('',#3796,#3797);
#3796 = CARTESIAN_POINT('',(-3.41109603513,2.990000048179,2.539414141246
    ));
#3797 = VECTOR('',#3798,1.);
#3798 = DIRECTION('',(-0.342020143326,6.282808106514E-17,-0.939692620786
    ));
#3799 = ORIENTED_EDGE('',*,*,#3703,.F.);
#3800 = ORIENTED_EDGE('',*,*,#3801,.F.);
#3801 = EDGE_CURVE('',#3785,#3685,#3802,.T.);
#3802 = LINE('',#3803,#3804);
#3803 = CARTESIAN_POINT('',(-3.41109603513,2.090000033677,2.539414141246
    ));
#3804 = VECTOR('',#3805,1.);
#3805 = DIRECTION('',(-0.342020143326,6.282808106514E-17,-0.939692620786
    ));
#3806 = PLANE('',#3807);
#3807 = AXIS2_PLACEMENT_3D('',#3808,#3809,#3810);
#3808 = CARTESIAN_POINT('',(-3.41109603513,2.990000048179,2.539414141246
    ));
#3809 = DIRECTION('',(-0.939692620786,1.726187340342E-16,0.342020143326)
  );
#3810 = DIRECTION('',(-0.342020143326,6.282808106514E-17,-0.939692620786
    ));
#3811 = ADVANCED_FACE('',(#3812),#3830,.T.);
#3812 = FACE_BOUND('',#3813,.T.);
#3813 = EDGE_LOOP('',(#3814,#3822,#3828,#3829));
#3814 = ORIENTED_EDGE('',*,*,#3815,.T.);
#3815 = EDGE_CURVE('',#3787,#3816,#3818,.T.);
#3816 = VERTEX_POINT('',#3817);
#3817 = CARTESIAN_POINT('',(-3.035218980759,2.990000048179,
    2.402606081711));
#3818 = LINE('',#3819,#3820);
#3819 = CARTESIAN_POINT('',(-3.41109603513,2.990000048179,2.539414141246
    ));
#3820 = VECTOR('',#3821,1.);
#3821 = DIRECTION('',(0.939692620786,-1.726187340342E-16,-0.342020143326
    ));
#3822 = ORIENTED_EDGE('',*,*,#3823,.T.);
#3823 = EDGE_CURVE('',#3816,#3718,#3824,.T.);
#3824 = LINE('',#3825,#3826);
#3825 = CARTESIAN_POINT('',(-3.035218980759,2.990000048179,
    2.402606081711));
#3826 = VECTOR('',#3827,1.);
#3827 = DIRECTION('',(-0.342020143326,6.282808106514E-17,-0.939692620786
    ));
#3828 = ORIENTED_EDGE('',*,*,#3717,.F.);
#3829 = ORIENTED_EDGE('',*,*,#3794,.F.);
#3830 = PLANE('',#3831);
#3831 = AXIS2_PLACEMENT_3D('',#3832,#3833,#3834);
#3832 = CARTESIAN_POINT('',(-3.41109603513,2.990000048179,2.539414141246
    ));
#3833 = DIRECTION('',(1.836970198721E-16,1.,0.));
#3834 = DIRECTION('',(0.,-0.,1.));
#3835 = ADVANCED_FACE('',(#3836),#3854,.T.);
#3836 = FACE_BOUND('',#3837,.T.);
#3837 = EDGE_LOOP('',(#3838,#3846,#3852,#3853));
#3838 = ORIENTED_EDGE('',*,*,#3839,.T.);
#3839 = EDGE_CURVE('',#3816,#3840,#3842,.T.);
#3840 = VERTEX_POINT('',#3841);
#3841 = CARTESIAN_POINT('',(-3.035218980759,2.090000033677,
    2.402606081711));
#3842 = LINE('',#3843,#3844);
#3843 = CARTESIAN_POINT('',(-3.035218980759,2.990000048179,
    2.402606081711));
#3844 = VECTOR('',#3845,1.);
#3845 = DIRECTION('',(-1.836970198721E-16,-1.,0.));
#3846 = ORIENTED_EDGE('',*,*,#3847,.T.);
#3847 = EDGE_CURVE('',#3840,#3743,#3848,.T.);
#3848 = LINE('',#3849,#3850);
#3849 = CARTESIAN_POINT('',(-3.035218980759,2.090000033677,
    2.402606081711));
#3850 = VECTOR('',#3851,1.);
#3851 = DIRECTION('',(-0.342020143326,6.282808106514E-17,-0.939692620786
    ));
#3852 = ORIENTED_EDGE('',*,*,#3742,.F.);
#3853 = ORIENTED_EDGE('',*,*,#3823,.F.);
#3854 = PLANE('',#3855);
#3855 = AXIS2_PLACEMENT_3D('',#3856,#3857,#3858);
#3856 = CARTESIAN_POINT('',(-3.035218980759,2.990000048179,
    2.402606081711));
#3857 = DIRECTION('',(0.939692620786,-1.726187340342E-16,-0.342020143326
    ));
#3858 = DIRECTION('',(0.342020143326,-6.282808106514E-17,0.939692620786)
  );
#3859 = ADVANCED_FACE('',(#3860),#3871,.T.);
#3860 = FACE_BOUND('',#3861,.T.);
#3861 = EDGE_LOOP('',(#3862,#3868,#3869,#3870));
#3862 = ORIENTED_EDGE('',*,*,#3863,.T.);
#3863 = EDGE_CURVE('',#3840,#3785,#3864,.T.);
#3864 = LINE('',#3865,#3866);
#3865 = CARTESIAN_POINT('',(-3.41109603513,2.090000033677,2.539414141246
    ));
#3866 = VECTOR('',#3867,1.);
#3867 = DIRECTION('',(-0.939692620786,1.726187340342E-16,0.342020143326)
  );
#3868 = ORIENTED_EDGE('',*,*,#3801,.T.);
#3869 = ORIENTED_EDGE('',*,*,#3767,.F.);
#3870 = ORIENTED_EDGE('',*,*,#3847,.F.);
#3871 = PLANE('',#3872);
#3872 = AXIS2_PLACEMENT_3D('',#3873,#3874,#3875);
#3873 = CARTESIAN_POINT('',(-3.41109603513,2.090000033677,2.539414141246
    ));
#3874 = DIRECTION('',(-1.836970198721E-16,-1.,0.));
#3875 = DIRECTION('',(0.,-0.,-1.));
#3876 = ADVANCED_FACE('',(#3877),#3904,.T.);
#3877 = FACE_BOUND('',#3878,.T.);
#3878 = EDGE_LOOP('',(#3879,#3889,#3896,#3897));
#3879 = ORIENTED_EDGE('',*,*,#3880,.T.);
#3880 = EDGE_CURVE('',#3881,#3883,#3885,.T.);
#3881 = VERTEX_POINT('',#3882);
#3882 = CARTESIAN_POINT('',(-2.753311189981,2.090000033677,3.00000004834
    ));
#3883 = VERTEX_POINT('',#3884);
#3884 = CARTESIAN_POINT('',(-2.753311189981,2.990000048179,3.00000004834
    ));
#3885 = LINE('',#3886,#3887);
#3886 = CARTESIAN_POINT('',(-2.753311189981,2.990000048179,3.00000004834
    ));
#3887 = VECTOR('',#3888,1.);
#3888 = DIRECTION('',(1.836970198721E-16,1.,-0.));
#3889 = ORIENTED_EDGE('',*,*,#3890,.T.);
#3890 = EDGE_CURVE('',#3883,#3787,#3891,.T.);
#3891 = CIRCLE('',#3892,0.700000011279);
#3892 = AXIS2_PLACEMENT_3D('',#3893,#3894,#3895);
#3893 = CARTESIAN_POINT('',(-2.753311189981,2.990000048179,2.30000003706
    ));
#3894 = DIRECTION('',(-1.836970198721E-16,-1.,0.));
#3895 = DIRECTION('',(0.,-0.,-1.));
#3896 = ORIENTED_EDGE('',*,*,#3784,.F.);
#3897 = ORIENTED_EDGE('',*,*,#3898,.F.);
#3898 = EDGE_CURVE('',#3881,#3785,#3899,.T.);
#3899 = CIRCLE('',#3900,0.700000011279);
#3900 = AXIS2_PLACEMENT_3D('',#3901,#3902,#3903);
#3901 = CARTESIAN_POINT('',(-2.753311189981,2.090000033677,2.30000003706
    ));
#3902 = DIRECTION('',(-1.836970198721E-16,-1.,0.));
#3903 = DIRECTION('',(0.,-0.,-1.));
#3904 = CYLINDRICAL_SURFACE('',#3905,0.700000011279);
#3905 = AXIS2_PLACEMENT_3D('',#3906,#3907,#3908);
#3906 = CARTESIAN_POINT('',(-2.753311189981,7.262114842266E-16,
    2.30000003706));
#3907 = DIRECTION('',(-1.836970198721E-16,-1.,0.));
#3908 = DIRECTION('',(0.,-0.,-1.));
#3909 = ADVANCED_FACE('',(#3910),#3929,.T.);
#3910 = FACE_BOUND('',#3911,.T.);
#3911 = EDGE_LOOP('',(#3912,#3920,#3927,#3928));
#3912 = ORIENTED_EDGE('',*,*,#3913,.T.);
#3913 = EDGE_CURVE('',#3883,#3914,#3916,.T.);
#3914 = VERTEX_POINT('',#3915);
#3915 = CARTESIAN_POINT('',(-2.753311189981,2.990000048179,
    2.600000041894));
#3916 = LINE('',#3917,#3918);
#3917 = CARTESIAN_POINT('',(-2.753311189981,2.990000048179,3.00000004834
    ));
#3918 = VECTOR('',#3919,1.);
#3919 = DIRECTION('',(0.,-0.,-1.));
#3920 = ORIENTED_EDGE('',*,*,#3921,.T.);
#3921 = EDGE_CURVE('',#3914,#3816,#3922,.T.);
#3922 = CIRCLE('',#3923,0.300000004834);
#3923 = AXIS2_PLACEMENT_3D('',#3924,#3925,#3926);
#3924 = CARTESIAN_POINT('',(-2.753311189981,2.990000048179,2.30000003706
    ));
#3925 = DIRECTION('',(-1.836970198721E-16,-1.,0.));
#3926 = DIRECTION('',(0.,-0.,-1.));
#3927 = ORIENTED_EDGE('',*,*,#3815,.F.);
#3928 = ORIENTED_EDGE('',*,*,#3890,.F.);
#3929 = PLANE('',#3930);
#3930 = AXIS2_PLACEMENT_3D('',#3931,#3932,#3933);
#3931 = CARTESIAN_POINT('',(-2.753311189981,2.990000048179,3.00000004834
    ));
#3932 = DIRECTION('',(1.836970198721E-16,1.,0.));
#3933 = DIRECTION('',(0.,-0.,1.));
#3934 = ADVANCED_FACE('',(#3935),#3954,.F.);
#3935 = FACE_BOUND('',#3936,.F.);
#3936 = EDGE_LOOP('',(#3937,#3938,#3939,#3948));
#3937 = ORIENTED_EDGE('',*,*,#3921,.T.);
#3938 = ORIENTED_EDGE('',*,*,#3839,.T.);
#3939 = ORIENTED_EDGE('',*,*,#3940,.F.);
#3940 = EDGE_CURVE('',#3941,#3840,#3943,.T.);
#3941 = VERTEX_POINT('',#3942);
#3942 = CARTESIAN_POINT('',(-2.753311189981,2.090000033677,
    2.600000041894));
#3943 = CIRCLE('',#3944,0.300000004834);
#3944 = AXIS2_PLACEMENT_3D('',#3945,#3946,#3947);
#3945 = CARTESIAN_POINT('',(-2.753311189981,2.090000033677,2.30000003706
    ));
#3946 = DIRECTION('',(-1.836970198721E-16,-1.,0.));
#3947 = DIRECTION('',(0.,-0.,-1.));
#3948 = ORIENTED_EDGE('',*,*,#3949,.F.);
#3949 = EDGE_CURVE('',#3914,#3941,#3950,.T.);
#3950 = LINE('',#3951,#3952);
#3951 = CARTESIAN_POINT('',(-2.753311189981,2.990000048179,
    2.600000041894));
#3952 = VECTOR('',#3953,1.);
#3953 = DIRECTION('',(-1.836970198721E-16,-1.,0.));
#3954 = CYLINDRICAL_SURFACE('',#3955,0.300000004834);
#3955 = AXIS2_PLACEMENT_3D('',#3956,#3957,#3958);
#3956 = CARTESIAN_POINT('',(-2.753311189981,7.262114842266E-16,
    2.30000003706));
#3957 = DIRECTION('',(-1.836970198721E-16,-1.,0.));
#3958 = DIRECTION('',(0.,-0.,-1.));
#3959 = ADVANCED_FACE('',(#3960),#3971,.T.);
#3960 = FACE_BOUND('',#3961,.T.);
#3961 = EDGE_LOOP('',(#3962,#3968,#3969,#3970));
#3962 = ORIENTED_EDGE('',*,*,#3963,.T.);
#3963 = EDGE_CURVE('',#3941,#3881,#3964,.T.);
#3964 = LINE('',#3965,#3966);
#3965 = CARTESIAN_POINT('',(-2.753311189981,2.090000033677,3.00000004834
    ));
#3966 = VECTOR('',#3967,1.);
#3967 = DIRECTION('',(0.,0.,1.));
#3968 = ORIENTED_EDGE('',*,*,#3898,.T.);
#3969 = ORIENTED_EDGE('',*,*,#3863,.F.);
#3970 = ORIENTED_EDGE('',*,*,#3940,.F.);
#3971 = PLANE('',#3972);
#3972 = AXIS2_PLACEMENT_3D('',#3973,#3974,#3975);
#3973 = CARTESIAN_POINT('',(-2.753311189981,2.090000033677,3.00000004834
    ));
#3974 = DIRECTION('',(-1.836970198721E-16,-1.,0.));
#3975 = DIRECTION('',(0.,-0.,-1.));
#3976 = ADVANCED_FACE('',(#3977),#3993,.F.);
#3977 = FACE_BOUND('',#3978,.T.);
#3978 = EDGE_LOOP('',(#3979,#3980,#3986,#3987));
#3979 = ORIENTED_EDGE('',*,*,#2105,.T.);
#3980 = ORIENTED_EDGE('',*,*,#3981,.F.);
#3981 = EDGE_CURVE('',#3881,#2108,#3982,.T.);
#3982 = LINE('',#3983,#3984);
#3983 = CARTESIAN_POINT('',(-2.753311189981,2.090000033677,3.00000004834
    ));
#3984 = VECTOR('',#3985,1.);
#3985 = DIRECTION('',(1.,-1.836970198721E-16,0.));
#3986 = ORIENTED_EDGE('',*,*,#3963,.F.);
#3987 = ORIENTED_EDGE('',*,*,#3988,.T.);
#3988 = EDGE_CURVE('',#3941,#2106,#3989,.T.);
#3989 = LINE('',#3990,#3991);
#3990 = CARTESIAN_POINT('',(-2.753311189981,2.090000033677,
    2.600000041894));
#3991 = VECTOR('',#3992,1.);
#3992 = DIRECTION('',(1.,-1.836970198721E-16,0.));
#3993 = PLANE('',#3994);
#3994 = AXIS2_PLACEMENT_3D('',#3995,#3996,#3997);
#3995 = CARTESIAN_POINT('',(-2.753311189981,2.090000033677,3.00000004834
    ));
#3996 = DIRECTION('',(1.836970198721E-16,1.,0.));
#3997 = DIRECTION('',(0.,-0.,1.));
#3998 = ADVANCED_FACE('',(#3999),#4010,.F.);
#3999 = FACE_BOUND('',#4000,.T.);
#4000 = EDGE_LOOP('',(#4001,#4002,#4008,#4009));
#4001 = ORIENTED_EDGE('',*,*,#2131,.T.);
#4002 = ORIENTED_EDGE('',*,*,#4003,.F.);
#4003 = EDGE_CURVE('',#3883,#2124,#4004,.T.);
#4004 = LINE('',#4005,#4006);
#4005 = CARTESIAN_POINT('',(-2.753311189981,2.990000048179,3.00000004834
    ));
#4006 = VECTOR('',#4007,1.);
#4007 = DIRECTION('',(1.,-1.836970198721E-16,0.));
#4008 = ORIENTED_EDGE('',*,*,#3880,.F.);
#4009 = ORIENTED_EDGE('',*,*,#3981,.T.);
#4010 = PLANE('',#4011);
#4011 = AXIS2_PLACEMENT_3D('',#4012,#4013,#4014);
#4012 = CARTESIAN_POINT('',(-2.753311189981,2.990000048179,3.00000004834
    ));
#4013 = DIRECTION('',(0.,-0.,-1.));
#4014 = DIRECTION('',(1.836970198721E-16,1.,0.));
#4015 = ADVANCED_FACE('',(#4016),#4027,.F.);
#4016 = FACE_BOUND('',#4017,.T.);
#4017 = EDGE_LOOP('',(#4018,#4019,#4025,#4026));
#4018 = ORIENTED_EDGE('',*,*,#2123,.T.);
#4019 = ORIENTED_EDGE('',*,*,#4020,.F.);
#4020 = EDGE_CURVE('',#3914,#2116,#4021,.T.);
#4021 = LINE('',#4022,#4023);
#4022 = CARTESIAN_POINT('',(-2.753311189981,2.990000048179,
    2.600000041894));
#4023 = VECTOR('',#4024,1.);
#4024 = DIRECTION('',(1.,-1.836970198721E-16,0.));
#4025 = ORIENTED_EDGE('',*,*,#3913,.F.);
#4026 = ORIENTED_EDGE('',*,*,#4003,.T.);
#4027 = PLANE('',#4028);
#4028 = AXIS2_PLACEMENT_3D('',#4029,#4030,#4031);
#4029 = CARTESIAN_POINT('',(-2.753311189981,2.990000048179,3.00000004834
    ));
#4030 = DIRECTION('',(-1.836970198721E-16,-1.,0.));
#4031 = DIRECTION('',(0.,-0.,-1.));
#4032 = ADVANCED_FACE('',(#4033),#4039,.F.);
#4033 = FACE_BOUND('',#4034,.T.);
#4034 = EDGE_LOOP('',(#4035,#4036,#4037,#4038));
#4035 = ORIENTED_EDGE('',*,*,#2115,.T.);
#4036 = ORIENTED_EDGE('',*,*,#3988,.F.);
#4037 = ORIENTED_EDGE('',*,*,#3949,.F.);
#4038 = ORIENTED_EDGE('',*,*,#4020,.T.);
#4039 = PLANE('',#4040);
#4040 = AXIS2_PLACEMENT_3D('',#4041,#4042,#4043);
#4041 = CARTESIAN_POINT('',(-2.753311189981,2.990000048179,
    2.600000041894));
#4042 = DIRECTION('',(0.,0.,1.));
#4043 = DIRECTION('',(-1.836970198721E-16,-1.,0.));
#4044 = ADVANCED_FACE('',(#4045),#4051,.T.);
#4045 = FACE_BOUND('',#4046,.T.);
#4046 = EDGE_LOOP('',(#4047,#4048,#4049,#4050));
#4047 = ORIENTED_EDGE('',*,*,#3669,.T.);
#4048 = ORIENTED_EDGE('',*,*,#3578,.T.);
#4049 = ORIENTED_EDGE('',*,*,#3616,.T.);
#4050 = ORIENTED_EDGE('',*,*,#3647,.T.);
#4051 = PLANE('',#4052);
#4052 = AXIS2_PLACEMENT_3D('',#4053,#4054,#4055);
#4053 = CARTESIAN_POINT('',(-6.156874336448,1.351435891179E-15,
    -2.596162739145));
#4054 = DIRECTION('',(-0.998629534755,1.834452694906E-16,
    -5.233595624292E-02));
#4055 = DIRECTION('',(5.233595624292E-02,-9.613959193982E-18,
    -0.998629534755));
#4056 = ADVANCED_FACE('',(#4057),#4069,.F.);
#4057 = FACE_BOUND('',#4058,.F.);
#4058 = EDGE_LOOP('',(#4059,#4060,#4061,#4068));
#4059 = ORIENTED_EDGE('',*,*,#2439,.F.);
#4060 = ORIENTED_EDGE('',*,*,#565,.F.);
#4061 = ORIENTED_EDGE('',*,*,#4062,.T.);
#4062 = EDGE_CURVE('',#566,#585,#4063,.T.);
#4063 = CIRCLE('',#4064,0.500000008057);
#4064 = AXIS2_PLACEMENT_3D('',#4065,#4066,#4067);
#4065 = CARTESIAN_POINT('',(-5.341491558206E-02,2.540000040928,
    4.490000072348));
#4066 = DIRECTION('',(0.,0.,1.));
#4067 = DIRECTION('',(-1.836970198721E-16,-1.,0.));
#4068 = ORIENTED_EDGE('',*,*,#584,.T.);
#4069 = CYLINDRICAL_SURFACE('',#4070,0.500000008057);
#4070 = AXIS2_PLACEMENT_3D('',#4071,#4072,#4073);
#4071 = CARTESIAN_POINT('',(-5.341491558206E-02,2.540000040928,
    4.490000072348));
#4072 = DIRECTION('',(0.,0.,1.));
#4073 = DIRECTION('',(-1.836970198721E-16,-1.,0.));
#4074 = ADVANCED_FACE('',(#4075),#4079,.T.);
#4075 = FACE_BOUND('',#4076,.T.);
#4076 = EDGE_LOOP('',(#4077,#4078));
#4077 = ORIENTED_EDGE('',*,*,#4062,.T.);
#4078 = ORIENTED_EDGE('',*,*,#592,.T.);
#4079 = PLANE('',#4080);
#4080 = AXIS2_PLACEMENT_3D('',#4081,#4082,#4083);
#4081 = CARTESIAN_POINT('',(-5.341491558206E-02,2.540000040928,
    4.490000072348));
#4082 = DIRECTION('',(0.,0.,1.));
#4083 = DIRECTION('',(-1.836970198721E-16,-1.,0.));
#4084 = ADVANCED_FACE('',(#4085),#4110,.F.);
#4085 = FACE_BOUND('',#4086,.T.);
#4086 = EDGE_LOOP('',(#4087,#4088,#4096,#4104));
#4087 = ORIENTED_EDGE('',*,*,#2223,.T.);
#4088 = ORIENTED_EDGE('',*,*,#4089,.F.);
#4089 = EDGE_CURVE('',#4090,#2226,#4092,.T.);
#4090 = VERTEX_POINT('',#4091);
#4091 = CARTESIAN_POINT('',(-2.603414956671,-0.450000007251,
    3.00000004834));
#4092 = LINE('',#4093,#4094);
#4093 = CARTESIAN_POINT('',(-2.603414956671,-0.450000007251,
    3.00000004834));
#4094 = VECTOR('',#4095,1.);
#4095 = DIRECTION('',(1.,-1.836970198721E-16,0.));
#4096 = ORIENTED_EDGE('',*,*,#4097,.F.);
#4097 = EDGE_CURVE('',#4098,#4090,#4100,.T.);
#4098 = VERTEX_POINT('',#4099);
#4099 = CARTESIAN_POINT('',(-2.603414956671,-0.450000007251,
    2.600000041894));
#4100 = LINE('',#4101,#4102);
#4101 = CARTESIAN_POINT('',(-2.603414956671,-0.450000007251,
    3.00000004834));
#4102 = VECTOR('',#4103,1.);
#4103 = DIRECTION('',(0.,0.,1.));
#4104 = ORIENTED_EDGE('',*,*,#4105,.T.);
#4105 = EDGE_CURVE('',#4098,#2224,#4106,.T.);
#4106 = LINE('',#4107,#4108);
#4107 = CARTESIAN_POINT('',(-2.603414956671,-0.450000007251,
    2.600000041894));
#4108 = VECTOR('',#4109,1.);
#4109 = DIRECTION('',(1.,-1.836970198721E-16,0.));
#4110 = PLANE('',#4111);
#4111 = AXIS2_PLACEMENT_3D('',#4112,#4113,#4114);
#4112 = CARTESIAN_POINT('',(-2.603414956671,-0.450000007251,
    3.00000004834));
#4113 = DIRECTION('',(1.836970198721E-16,1.,0.));
#4114 = DIRECTION('',(0.,-0.,1.));
#4115 = ADVANCED_FACE('',(#4116),#4134,.F.);
#4116 = FACE_BOUND('',#4117,.T.);
#4117 = EDGE_LOOP('',(#4118,#4119,#4127,#4133));
#4118 = ORIENTED_EDGE('',*,*,#2249,.T.);
#4119 = ORIENTED_EDGE('',*,*,#4120,.F.);
#4120 = EDGE_CURVE('',#4121,#2242,#4123,.T.);
#4121 = VERTEX_POINT('',#4122);
#4122 = CARTESIAN_POINT('',(-2.603414956671,0.450000007251,3.00000004834
    ));
#4123 = LINE('',#4124,#4125);
#4124 = CARTESIAN_POINT('',(-2.603414956671,0.450000007251,3.00000004834
    ));
#4125 = VECTOR('',#4126,1.);
#4126 = DIRECTION('',(1.,-1.836970198721E-16,0.));
#4127 = ORIENTED_EDGE('',*,*,#4128,.F.);
#4128 = EDGE_CURVE('',#4090,#4121,#4129,.T.);
#4129 = LINE('',#4130,#4131);
#4130 = CARTESIAN_POINT('',(-2.603414956671,0.450000007251,3.00000004834
    ));
#4131 = VECTOR('',#4132,1.);
#4132 = DIRECTION('',(1.836970198721E-16,1.,-4.818676322158E-16));
#4133 = ORIENTED_EDGE('',*,*,#4089,.T.);
#4134 = PLANE('',#4135);
#4135 = AXIS2_PLACEMENT_3D('',#4136,#4137,#4138);
#4136 = CARTESIAN_POINT('',(-2.603414956671,0.450000007251,3.00000004834
    ));
#4137 = DIRECTION('',(-8.851764801087E-32,-4.818676322158E-16,-1.));
#4138 = DIRECTION('',(1.836970198721E-16,1.,-4.818676322158E-16));
#4139 = ADVANCED_FACE('',(#4140),#4158,.F.);
#4140 = FACE_BOUND('',#4141,.T.);
#4141 = EDGE_LOOP('',(#4142,#4143,#4151,#4157));
#4142 = ORIENTED_EDGE('',*,*,#2241,.T.);
#4143 = ORIENTED_EDGE('',*,*,#4144,.F.);
#4144 = EDGE_CURVE('',#4145,#2234,#4147,.T.);
#4145 = VERTEX_POINT('',#4146);
#4146 = CARTESIAN_POINT('',(-2.603414956671,0.450000007251,
    2.600000041894));
#4147 = LINE('',#4148,#4149);
#4148 = CARTESIAN_POINT('',(-2.603414956671,0.450000007251,
    2.600000041894));
#4149 = VECTOR('',#4150,1.);
#4150 = DIRECTION('',(1.,-1.836970198721E-16,0.));
#4151 = ORIENTED_EDGE('',*,*,#4152,.F.);
#4152 = EDGE_CURVE('',#4121,#4145,#4153,.T.);
#4153 = LINE('',#4154,#4155);
#4154 = CARTESIAN_POINT('',(-2.603414956671,0.450000007251,3.00000004834
    ));
#4155 = VECTOR('',#4156,1.);
#4156 = DIRECTION('',(0.,-0.,-1.));
#4157 = ORIENTED_EDGE('',*,*,#4120,.T.);
#4158 = PLANE('',#4159);
#4159 = AXIS2_PLACEMENT_3D('',#4160,#4161,#4162);
#4160 = CARTESIAN_POINT('',(-2.603414956671,0.450000007251,3.00000004834
    ));
#4161 = DIRECTION('',(-1.836970198721E-16,-1.,0.));
#4162 = DIRECTION('',(0.,-0.,-1.));
#4163 = ADVANCED_FACE('',(#4164),#4175,.F.);
#4164 = FACE_BOUND('',#4165,.T.);
#4165 = EDGE_LOOP('',(#4166,#4167,#4168,#4174));
#4166 = ORIENTED_EDGE('',*,*,#2233,.T.);
#4167 = ORIENTED_EDGE('',*,*,#4105,.F.);
#4168 = ORIENTED_EDGE('',*,*,#4169,.F.);
#4169 = EDGE_CURVE('',#4145,#4098,#4170,.T.);
#4170 = LINE('',#4171,#4172);
#4171 = CARTESIAN_POINT('',(-2.603414956671,0.450000007251,
    2.600000041894));
#4172 = VECTOR('',#4173,1.);
#4173 = DIRECTION('',(-1.836970198721E-16,-1.,0.));
#4174 = ORIENTED_EDGE('',*,*,#4144,.T.);
#4175 = PLANE('',#4176);
#4176 = AXIS2_PLACEMENT_3D('',#4177,#4178,#4179);
#4177 = CARTESIAN_POINT('',(-2.603414956671,0.450000007251,
    2.600000041894));
#4178 = DIRECTION('',(0.,0.,1.));
#4179 = DIRECTION('',(-1.836970198721E-16,-1.,0.));
#4180 = ADVANCED_FACE('',(#4181),#4187,.T.);
#4181 = FACE_BOUND('',#4182,.T.);
#4182 = EDGE_LOOP('',(#4183,#4184,#4185,#4186));
#4183 = ORIENTED_EDGE('',*,*,#4097,.T.);
#4184 = ORIENTED_EDGE('',*,*,#4128,.T.);
#4185 = ORIENTED_EDGE('',*,*,#4152,.T.);
#4186 = ORIENTED_EDGE('',*,*,#4169,.T.);
#4187 = PLANE('',#4188);
#4188 = AXIS2_PLACEMENT_3D('',#4189,#4190,#4191);
#4189 = CARTESIAN_POINT('',(-2.603414956671,6.986759928774E-16,0.));
#4190 = DIRECTION('',(-1.,1.836970198721E-16,0.));
#4191 = DIRECTION('',(0.,0.,-1.));
#4192 = ADVANCED_FACE('',(#4193),#4218,.F.);
#4193 = FACE_BOUND('',#4194,.T.);
#4194 = EDGE_LOOP('',(#4195,#4196,#4204,#4212));
#4195 = ORIENTED_EDGE('',*,*,#1725,.T.);
#4196 = ORIENTED_EDGE('',*,*,#4197,.F.);
#4197 = EDGE_CURVE('',#4198,#1728,#4200,.T.);
#4198 = VERTEX_POINT('',#4199);
#4199 = CARTESIAN_POINT('',(7.1817549246,7.645246089668E-02,
    2.958856131647));
#4200 = LINE('',#4201,#4202);
#4201 = CARTESIAN_POINT('',(7.1817549246,7.645246089668E-02,
    2.958856131647));
#4202 = VECTOR('',#4203,1.);
#4203 = DIRECTION('',(-0.990268068742,1.819092931022E-16,-0.13917310096)
  );
#4204 = ORIENTED_EDGE('',*,*,#4205,.F.);
#4205 = EDGE_CURVE('',#4206,#4198,#4208,.T.);
#4206 = VERTEX_POINT('',#4207);
#4207 = CARTESIAN_POINT('',(7.186118746793,7.623007751839E-02,
    2.927805923343));
#4208 = LINE('',#4209,#4210);
#4209 = CARTESIAN_POINT('',(7.1817549246,7.645246089668E-02,
    2.958856131647));
#4210 = VECTOR('',#4211,1.);
#4211 = DIRECTION('',(-0.139169600782,7.092178509955E-03,0.990243163684)
  );
#4212 = ORIENTED_EDGE('',*,*,#4213,.T.);
#4213 = EDGE_CURVE('',#4206,#1726,#4214,.T.);
#4214 = LINE('',#4215,#4216);
#4215 = CARTESIAN_POINT('',(7.186118746793,7.623007751839E-02,
    2.927805923343));
#4216 = VECTOR('',#4217,1.);
#4217 = DIRECTION('',(-0.990268068742,1.819092931022E-16,-0.13917310096)
  );
#4218 = PLANE('',#4219);
#4219 = AXIS2_PLACEMENT_3D('',#4220,#4221,#4222);
#4220 = CARTESIAN_POINT('',(7.1817549246,7.645246089668E-02,
    2.958856131647));
#4221 = DIRECTION('',(-9.870404757931E-04,-0.999974850186,
    7.023157916225E-03));
#4222 = DIRECTION('',(2.127746763503E-18,-7.02316133738E-03,
    -0.999975337298));
#4223 = ADVANCED_FACE('',(#4224),#4242,.F.);
#4224 = FACE_BOUND('',#4225,.T.);
#4225 = EDGE_LOOP('',(#4226,#4227,#4235,#4241));
#4226 = ORIENTED_EDGE('',*,*,#1767,.T.);
#4227 = ORIENTED_EDGE('',*,*,#4228,.F.);
#4228 = EDGE_CURVE('',#4229,#1760,#4231,.T.);
#4229 = VERTEX_POINT('',#4230);
#4230 = CARTESIAN_POINT('',(7.181646808537,-3.308037630929E-02,
    2.959625417407));
#4231 = LINE('',#4232,#4233);
#4232 = CARTESIAN_POINT('',(7.181646808537,-3.308037630929E-02,
    2.959625417407));
#4233 = VECTOR('',#4234,1.);
#4234 = DIRECTION('',(-0.990268068742,1.819092931022E-16,-0.13917310096)
  );
#4235 = ORIENTED_EDGE('',*,*,#4236,.F.);
#4236 = EDGE_CURVE('',#4198,#4229,#4237,.T.);
#4237 = LINE('',#4238,#4239);
#4238 = CARTESIAN_POINT('',(7.181646808537,-3.308037630929E-02,
    2.959625417407));
#4239 = VECTOR('',#4240,1.);
#4240 = DIRECTION('',(-9.870404757908E-04,-0.999974850186,
    7.02315791623E-03));
#4241 = ORIENTED_EDGE('',*,*,#4197,.T.);
#4242 = PLANE('',#4243);
#4243 = AXIS2_PLACEMENT_3D('',#4244,#4245,#4246);
#4244 = CARTESIAN_POINT('',(7.181646808537,-3.308037630929E-02,
    2.959625417407));
#4245 = DIRECTION('',(0.139169600782,-7.09217850996E-03,-0.990243163684)
  );
#4246 = DIRECTION('',(0.990268068742,-2.712673835559E-15,0.13917310096)
  );
#4247 = ADVANCED_FACE('',(#4248),#4266,.F.);
#4248 = FACE_BOUND('',#4249,.T.);
#4249 = EDGE_LOOP('',(#4250,#4251,#4259,#4265));
#4250 = ORIENTED_EDGE('',*,*,#1759,.T.);
#4251 = ORIENTED_EDGE('',*,*,#4252,.F.);
#4252 = EDGE_CURVE('',#4253,#1752,#4255,.T.);
#4253 = VERTEX_POINT('',#4254);
#4254 = CARTESIAN_POINT('',(7.147734235173,-3.135216826186E-02,
    3.200925915129));
#4255 = LINE('',#4256,#4257);
#4256 = CARTESIAN_POINT('',(7.147734235173,-3.135216826186E-02,
    3.200925915129));
#4257 = VECTOR('',#4258,1.);
#4258 = DIRECTION('',(-0.990268068742,1.819092931022E-16,-0.13917310096)
  );
#4259 = ORIENTED_EDGE('',*,*,#4260,.F.);
#4260 = EDGE_CURVE('',#4229,#4253,#4261,.T.);
#4261 = LINE('',#4262,#4263);
#4262 = CARTESIAN_POINT('',(7.147734235173,-3.135216826186E-02,
    3.200925915129));
#4263 = VECTOR('',#4264,1.);
#4264 = DIRECTION('',(-0.139169600782,7.092178509962E-03,0.990243163684)
  );
#4265 = ORIENTED_EDGE('',*,*,#4228,.T.);
#4266 = PLANE('',#4267);
#4267 = AXIS2_PLACEMENT_3D('',#4268,#4269,#4270);
#4268 = CARTESIAN_POINT('',(7.147734235173,-3.135216826186E-02,
    3.200925915129));
#4269 = DIRECTION('',(-9.87040475794E-04,-0.999974850186,
    7.023157916231E-03));
#4270 = DIRECTION('',(3.109457949371E-18,-7.023161337386E-03,
    -0.999975337298));
#4271 = ADVANCED_FACE('',(#4272),#4290,.F.);
#4272 = FACE_BOUND('',#4273,.T.);
#4273 = EDGE_LOOP('',(#4274,#4275,#4283,#4289));
#4274 = ORIENTED_EDGE('',*,*,#1751,.T.);
#4275 = ORIENTED_EDGE('',*,*,#4276,.F.);
#4276 = EDGE_CURVE('',#4277,#1744,#4279,.T.);
#4277 = VERTEX_POINT('',#4278);
#4278 = CARTESIAN_POINT('',(7.147699191135,-6.685543064209E-02,
    3.201175266418));
#4279 = LINE('',#4280,#4281);
#4280 = CARTESIAN_POINT('',(7.147699191135,-6.685543064209E-02,
    3.201175266418));
#4281 = VECTOR('',#4282,1.);
#4282 = DIRECTION('',(-0.990268068742,1.819092931022E-16,-0.13917310096)
  );
#4283 = ORIENTED_EDGE('',*,*,#4284,.F.);
#4284 = EDGE_CURVE('',#4253,#4277,#4285,.T.);
#4285 = LINE('',#4286,#4287);
#4286 = CARTESIAN_POINT('',(7.147699191135,-6.685543064209E-02,
    3.201175266418));
#4287 = VECTOR('',#4288,1.);
#4288 = DIRECTION('',(-9.87040475819E-04,-0.999974850186,
    7.023157916226E-03));
#4289 = ORIENTED_EDGE('',*,*,#4252,.T.);
#4290 = PLANE('',#4291);
#4291 = AXIS2_PLACEMENT_3D('',#4292,#4293,#4294);
#4292 = CARTESIAN_POINT('',(7.147699191135,-6.685543064209E-02,
    3.201175266418));
#4293 = DIRECTION('',(0.139169600782,-7.09217850996E-03,-0.990243163684)
  );
#4294 = DIRECTION('',(0.990268068742,-2.713107516428E-15,0.13917310096)
  );
#4295 = ADVANCED_FACE('',(#4296),#4314,.F.);
#4296 = FACE_BOUND('',#4297,.T.);
#4297 = EDGE_LOOP('',(#4298,#4299,#4307,#4313));
#4298 = ORIENTED_EDGE('',*,*,#1743,.T.);
#4299 = ORIENTED_EDGE('',*,*,#4300,.F.);
#4300 = EDGE_CURVE('',#4301,#1736,#4303,.T.);
#4301 = VERTEX_POINT('',#4302);
#4302 = CARTESIAN_POINT('',(7.185975586691,-6.88060220678E-02,
    2.928824560392));
#4303 = LINE('',#4304,#4305);
#4304 = CARTESIAN_POINT('',(7.185975586691,-6.88060220678E-02,
    2.928824560392));
#4305 = VECTOR('',#4306,1.);
#4306 = DIRECTION('',(-0.990268068742,1.819092931022E-16,-0.13917310096)
  );
#4307 = ORIENTED_EDGE('',*,*,#4308,.F.);
#4308 = EDGE_CURVE('',#4277,#4301,#4309,.T.);
#4309 = LINE('',#4310,#4311);
#4310 = CARTESIAN_POINT('',(7.185975586691,-6.88060220678E-02,
    2.928824560392));
#4311 = VECTOR('',#4312,1.);
#4312 = DIRECTION('',(0.139169600782,-7.09217850996E-03,-0.990243163684)
  );
#4313 = ORIENTED_EDGE('',*,*,#4276,.T.);
#4314 = PLANE('',#4315);
#4315 = AXIS2_PLACEMENT_3D('',#4316,#4317,#4318);
#4316 = CARTESIAN_POINT('',(7.185975586691,-6.88060220678E-02,
    2.928824560392));
#4317 = DIRECTION('',(9.870404757938E-04,0.999974850186,
    -7.02315791623E-03));
#4318 = DIRECTION('',(-2.122664565819E-18,7.023161337385E-03,
    0.999975337298));
#4319 = ADVANCED_FACE('',(#4320),#4331,.F.);
#4320 = FACE_BOUND('',#4321,.T.);
#4321 = EDGE_LOOP('',(#4322,#4323,#4324,#4330));
#4322 = ORIENTED_EDGE('',*,*,#1735,.T.);
#4323 = ORIENTED_EDGE('',*,*,#4213,.F.);
#4324 = ORIENTED_EDGE('',*,*,#4325,.F.);
#4325 = EDGE_CURVE('',#4301,#4206,#4326,.T.);
#4326 = LINE('',#4327,#4328);
#4327 = CARTESIAN_POINT('',(7.186118746793,7.623007751839E-02,
    2.927805923343));
#4328 = VECTOR('',#4329,1.);
#4329 = DIRECTION('',(9.870404757977E-04,0.999974850186,
    -7.023157916232E-03));
#4330 = ORIENTED_EDGE('',*,*,#4300,.T.);
#4331 = PLANE('',#4332);
#4332 = AXIS2_PLACEMENT_3D('',#4333,#4334,#4335);
#4333 = CARTESIAN_POINT('',(7.186118746793,7.623007751839E-02,
    2.927805923343));
#4334 = DIRECTION('',(-0.139169600782,7.092178509963E-03,0.990243163684)
  );
#4335 = DIRECTION('',(-0.990268068742,2.712456995124E-15,-0.13917310096)
  );
#4336 = ADVANCED_FACE('',(#4337),#4345,.F.);
#4337 = FACE_BOUND('',#4338,.T.);
#4338 = EDGE_LOOP('',(#4339,#4340,#4341,#4342,#4343,#4344));
#4339 = ORIENTED_EDGE('',*,*,#4205,.T.);
#4340 = ORIENTED_EDGE('',*,*,#4236,.T.);
#4341 = ORIENTED_EDGE('',*,*,#4260,.T.);
#4342 = ORIENTED_EDGE('',*,*,#4284,.T.);
#4343 = ORIENTED_EDGE('',*,*,#4308,.T.);
#4344 = ORIENTED_EDGE('',*,*,#4325,.T.);
#4345 = PLANE('',#4346);
#4346 = AXIS2_PLACEMENT_3D('',#4347,#4348,#4349);
#4347 = CARTESIAN_POINT('',(7.328344258038,-4.734758543693E-14,
    1.915818826876));
#4348 = DIRECTION('',(-0.990268068742,3.539900261723E-15,-0.13917310096)
  );
#4349 = DIRECTION('',(0.13917310096,-2.556568389272E-17,-0.990268068742)
  );
#4350 = ADVANCED_FACE('',(#4351),#4377,.F.);
#4351 = FACE_BOUND('',#4352,.F.);
#4352 = EDGE_LOOP('',(#4353,#4361,#4370,#4376));
#4353 = ORIENTED_EDGE('',*,*,#4354,.F.);
#4354 = EDGE_CURVE('',#4355,#1576,#4357,.T.);
#4355 = VERTEX_POINT('',#4356);
#4356 = CARTESIAN_POINT('',(7.186903718838,0.21722596943,2.922220557019)
  );
#4357 = LINE('',#4358,#4359);
#4358 = CARTESIAN_POINT('',(7.186903718838,0.21722596943,2.922220557019)
  );
#4359 = VECTOR('',#4360,1.);
#4360 = DIRECTION('',(-0.990268068742,1.819092931022E-16,-0.13917310096)
  );
#4361 = ORIENTED_EDGE('',*,*,#4362,.T.);
#4362 = EDGE_CURVE('',#4355,#4363,#4365,.T.);
#4363 = VERTEX_POINT('',#4364);
#4364 = CARTESIAN_POINT('',(7.184748039816,0.293478333728,2.937559010259
    ));
#4365 = B_SPLINE_CURVE_WITH_KNOTS('',3,(#4366,#4367,#4368,#4369),
  .UNSPECIFIED.,.F.,.F.,(4,4),(0.,1.),.PIECEWISE_BEZIER_KNOTS.);
#4366 = CARTESIAN_POINT('',(7.186903718838,0.21722596943,2.922220557019)
  );
#4367 = CARTESIAN_POINT('',(7.186933835892,0.24773768403,2.92200626304)
  );
#4368 = CARTESIAN_POINT('',(7.186215276219,0.273155138796,2.927119080786
    ));
#4369 = CARTESIAN_POINT('',(7.184748039816,0.293478333728,2.937559010259
    ));
#4370 = ORIENTED_EDGE('',*,*,#4371,.T.);
#4371 = EDGE_CURVE('',#4363,#1566,#4372,.T.);
#4372 = LINE('',#4373,#4374);
#4373 = CARTESIAN_POINT('',(7.184748039816,0.293478333728,2.937559010259
    ));
#4374 = VECTOR('',#4375,1.);
#4375 = DIRECTION('',(-0.990268068742,1.819092931022E-16,-0.13917310096)
  );
#4376 = ORIENTED_EDGE('',*,*,#1575,.F.);
#4377 = B_SPLINE_SURFACE_WITH_KNOTS('',3,1,(
    (#4378,#4379)
    ,(#4380,#4381)
    ,(#4382,#4383)
    ,(#4384,#4385
    )),.UNSPECIFIED.,.F.,.F.,.F.,(4,4),(2,2),(0.,1.),(0.,1.),
  .PIECEWISE_BEZIER_KNOTS.);
#4378 = CARTESIAN_POINT('',(7.186903718838,0.21722596943,2.922220557019)
  );
#4379 = CARTESIAN_POINT('',(7.185913450753,0.21722596943,2.922081383916)
  );
#4380 = CARTESIAN_POINT('',(7.186933835892,0.24773768403,2.92200626304)
  );
#4381 = CARTESIAN_POINT('',(7.185943567808,0.24773768403,2.921867089936)
  );
#4382 = CARTESIAN_POINT('',(7.186215276219,0.273155138796,2.927119080786
    ));
#4383 = CARTESIAN_POINT('',(7.185225008134,0.273155138796,2.926979907682
    ));
#4384 = CARTESIAN_POINT('',(7.184748039816,0.293478333728,2.937559010259
    ));
#4385 = CARTESIAN_POINT('',(7.183757771732,0.293478333728,2.937419837156
    ));
#4386 = ADVANCED_FACE('',(#4387),#4405,.F.);
#4387 = FACE_BOUND('',#4388,.T.);
#4388 = EDGE_LOOP('',(#4389,#4390,#4398,#4404));
#4389 = ORIENTED_EDGE('',*,*,#1565,.T.);
#4390 = ORIENTED_EDGE('',*,*,#4391,.F.);
#4391 = EDGE_CURVE('',#4392,#1568,#4394,.T.);
#4392 = VERTEX_POINT('',#4393);
#4393 = CARTESIAN_POINT('',(7.180012412145,0.293719664569,2.971254752007
    ));
#4394 = LINE('',#4395,#4396);
#4395 = CARTESIAN_POINT('',(7.180012412145,0.293719664569,2.971254752007
    ));
#4396 = VECTOR('',#4397,1.);
#4397 = DIRECTION('',(-0.990268068742,1.819092931022E-16,-0.13917310096)
  );
#4398 = ORIENTED_EDGE('',*,*,#4399,.F.);
#4399 = EDGE_CURVE('',#4363,#4392,#4400,.T.);
#4400 = LINE('',#4401,#4402);
#4401 = CARTESIAN_POINT('',(7.180012412145,0.293719664569,2.971254752007
    ));
#4402 = VECTOR('',#4403,1.);
#4403 = DIRECTION('',(-0.139169600782,7.092178509967E-03,0.990243163684)
  );
#4404 = ORIENTED_EDGE('',*,*,#4371,.T.);
#4405 = PLANE('',#4406);
#4406 = AXIS2_PLACEMENT_3D('',#4407,#4408,#4409);
#4407 = CARTESIAN_POINT('',(7.180012412145,0.293719664569,2.971254752007
    ));
#4408 = DIRECTION('',(-9.870404757948E-04,-0.999974850186,
    7.023157916237E-03));
#4409 = DIRECTION('',(2.126052697608E-18,-7.023161337392E-03,
    -0.999975337298));
#4410 = ADVANCED_FACE('',(#4411),#4430,.F.);
#4411 = FACE_BOUND('',#4412,.F.);
#4412 = EDGE_LOOP('',(#4413,#4414,#4423,#4429));
#4413 = ORIENTED_EDGE('',*,*,#4391,.F.);
#4414 = ORIENTED_EDGE('',*,*,#4415,.T.);
#4415 = EDGE_CURVE('',#4392,#4416,#4418,.T.);
#4416 = VERTEX_POINT('',#4417);
#4417 = CARTESIAN_POINT('',(7.182505824998,0.222582502038,2.953513197688
    ));
#4418 = B_SPLINE_CURVE_WITH_KNOTS('',3,(#4419,#4420,#4421,#4422),
  .UNSPECIFIED.,.F.,.F.,(4,4),(12.,13.),.PIECEWISE_BEZIER_KNOTS.);
#4419 = CARTESIAN_POINT('',(7.180012412145,0.293719664569,2.971254752007
    ));
#4420 = CARTESIAN_POINT('',(7.181695043139,0.273526107033,2.959282210379
    ));
#4421 = CARTESIAN_POINT('',(7.182532680528,0.249789952615,2.95332211066)
  );
#4422 = CARTESIAN_POINT('',(7.182505824998,0.222582502038,2.953513197688
    ));
#4423 = ORIENTED_EDGE('',*,*,#4424,.T.);
#4424 = EDGE_CURVE('',#4416,#1674,#4425,.T.);
#4425 = LINE('',#4426,#4427);
#4426 = CARTESIAN_POINT('',(7.182505824998,0.222582502038,2.953513197688
    ));
#4427 = VECTOR('',#4428,1.);
#4428 = DIRECTION('',(-0.990268068742,1.819092931022E-16,-0.13917310096)
  );
#4429 = ORIENTED_EDGE('',*,*,#1682,.F.);
#4430 = B_SPLINE_SURFACE_WITH_KNOTS('',3,1,(
    (#4431,#4432)
    ,(#4433,#4434)
    ,(#4435,#4436)
    ,(#4437,#4438
    )),.UNSPECIFIED.,.F.,.F.,.F.,(4,4),(2,2),(12.,13.),(0.,1.),
  .PIECEWISE_BEZIER_KNOTS.);
#4431 = CARTESIAN_POINT('',(7.180012412145,0.293719664569,2.971254752007
    ));
#4432 = CARTESIAN_POINT('',(7.17902214406,0.293719664569,2.971115578904)
  );
#4433 = CARTESIAN_POINT('',(7.181695043139,0.273526107033,2.959282210379
    ));
#4434 = CARTESIAN_POINT('',(7.180704775054,0.273526107033,2.959143037276
    ));
#4435 = CARTESIAN_POINT('',(7.182532680528,0.249789952615,2.95332211066)
  );
#4436 = CARTESIAN_POINT('',(7.181542412444,0.249789952615,2.953182937557
    ));
#4437 = CARTESIAN_POINT('',(7.182505824998,0.222582502038,2.953513197688
    ));
#4438 = CARTESIAN_POINT('',(7.181515556913,0.222582502038,2.953374024585
    ));
#4439 = ADVANCED_FACE('',(#4440),#4459,.F.);
#4440 = FACE_BOUND('',#4441,.F.);
#4441 = EDGE_LOOP('',(#4442,#4443,#4452,#4458));
#4442 = ORIENTED_EDGE('',*,*,#4424,.F.);
#4443 = ORIENTED_EDGE('',*,*,#4444,.T.);
#4444 = EDGE_CURVE('',#4416,#4445,#4447,.T.);
#4445 = VERTEX_POINT('',#4446);
#4446 = CARTESIAN_POINT('',(7.178404929759,0.152132925112,2.982692583509
    ));
#4447 = B_SPLINE_CURVE_WITH_KNOTS('',3,(#4448,#4449,#4450,#4451),
  .UNSPECIFIED.,.F.,.F.,(4,4),(11.,12.),.PIECEWISE_BEZIER_KNOTS.);
#4448 = CARTESIAN_POINT('',(7.182505824998,0.222582502038,2.953513197688
    ));
#4449 = CARTESIAN_POINT('',(7.182477095826,0.193476857236,2.953717616369
    ));
#4450 = CARTESIAN_POINT('',(7.181103607843,0.169993997338,2.963490491176
    ));
#4451 = CARTESIAN_POINT('',(7.178404929759,0.152132925112,2.982692583509
    ));
#4452 = ORIENTED_EDGE('',*,*,#4453,.T.);
#4453 = EDGE_CURVE('',#4445,#1665,#4454,.T.);
#4454 = LINE('',#4455,#4456);
#4455 = CARTESIAN_POINT('',(7.178404929759,0.152132925112,2.982692583509
    ));
#4456 = VECTOR('',#4457,1.);
#4457 = DIRECTION('',(-0.990268068742,1.819092931022E-16,-0.13917310096)
  );
#4458 = ORIENTED_EDGE('',*,*,#1673,.F.);
#4459 = B_SPLINE_SURFACE_WITH_KNOTS('',3,1,(
    (#4460,#4461)
    ,(#4462,#4463)
    ,(#4464,#4465)
    ,(#4466,#4467
    )),.UNSPECIFIED.,.F.,.F.,.F.,(4,4),(2,2),(11.,12.),(0.,1.),
  .PIECEWISE_BEZIER_KNOTS.);
#4460 = CARTESIAN_POINT('',(7.182505824998,0.222582502038,2.953513197688
    ));
#4461 = CARTESIAN_POINT('',(7.181515556913,0.222582502038,2.953374024585
    ));
#4462 = CARTESIAN_POINT('',(7.182477095826,0.193476857236,2.953717616369
    ));
#4463 = CARTESIAN_POINT('',(7.181486827741,0.193476857236,2.953578443266
    ));
#4464 = CARTESIAN_POINT('',(7.181103607843,0.169993997338,2.963490491176
    ));
#4465 = CARTESIAN_POINT('',(7.180113339758,0.169993997338,2.963351318073
    ));
#4466 = CARTESIAN_POINT('',(7.178404929759,0.152132925112,2.982692583509
    ));
#4467 = CARTESIAN_POINT('',(7.177414661674,0.152132925112,2.982553410406
    ));
#4468 = ADVANCED_FACE('',(#4469),#4488,.F.);
#4469 = FACE_BOUND('',#4470,.F.);
#4470 = EDGE_LOOP('',(#4471,#4472,#4481,#4487));
#4471 = ORIENTED_EDGE('',*,*,#4453,.F.);
#4472 = ORIENTED_EDGE('',*,*,#4473,.T.);
#4473 = EDGE_CURVE('',#4445,#4474,#4476,.T.);
#4474 = VERTEX_POINT('',#4475);
#4475 = CARTESIAN_POINT('',(7.167458942574,0.125692842069,3.060577329305
    ));
#4476 = B_SPLINE_CURVE_WITH_KNOTS('',3,(#4477,#4478,#4479,#4480),
  .UNSPECIFIED.,.F.,.F.,(4,4),(10.,11.),.PIECEWISE_BEZIER_KNOTS.);
#4477 = CARTESIAN_POINT('',(7.178404929759,0.152132925112,2.982692583509
    ));
#4478 = CARTESIAN_POINT('',(7.175686682965,0.134272850121,3.002033914444
    ));
#4479 = CARTESIAN_POINT('',(7.17203802057,0.125459489107,3.027995496376)
  );
#4480 = CARTESIAN_POINT('',(7.167458942574,0.125692842069,3.060577329305
    ));
#4481 = ORIENTED_EDGE('',*,*,#4482,.T.);
#4482 = EDGE_CURVE('',#4474,#1656,#4483,.T.);
#4483 = LINE('',#4484,#4485);
#4484 = CARTESIAN_POINT('',(7.167458942574,0.125692842069,3.060577329305
    ));
#4485 = VECTOR('',#4486,1.);
#4486 = DIRECTION('',(-0.990268068742,1.819092931022E-16,-0.13917310096)
  );
#4487 = ORIENTED_EDGE('',*,*,#1664,.F.);
#4488 = B_SPLINE_SURFACE_WITH_KNOTS('',3,1,(
    (#4489,#4490)
    ,(#4491,#4492)
    ,(#4493,#4494)
    ,(#4495,#4496
    )),.UNSPECIFIED.,.F.,.F.,.F.,(4,4),(2,2),(10.,11.),(0.,1.),
  .PIECEWISE_BEZIER_KNOTS.);
#4489 = CARTESIAN_POINT('',(7.178404929759,0.152132925112,2.982692583509
    ));
#4490 = CARTESIAN_POINT('',(7.177414661674,0.152132925112,2.982553410406
    ));
#4491 = CARTESIAN_POINT('',(7.175686682965,0.134272850121,3.002033914444
    ));
#4492 = CARTESIAN_POINT('',(7.17469641488,0.134272850121,3.00189474134)
  );
#4493 = CARTESIAN_POINT('',(7.17203802057,0.125459489107,3.027995496376)
  );
#4494 = CARTESIAN_POINT('',(7.171047752485,0.125459489107,3.027856323272
    ));
#4495 = CARTESIAN_POINT('',(7.167458942574,0.125692842069,3.060577329305
    ));
#4496 = CARTESIAN_POINT('',(7.166468674489,0.125692842069,3.060438156202
    ));
#4497 = ADVANCED_FACE('',(#4498),#4517,.F.);
#4498 = FACE_BOUND('',#4499,.F.);
#4499 = EDGE_LOOP('',(#4500,#4501,#4510,#4516));
#4500 = ORIENTED_EDGE('',*,*,#4482,.F.);
#4501 = ORIENTED_EDGE('',*,*,#4502,.T.);
#4502 = EDGE_CURVE('',#4474,#4503,#4505,.T.);
#4503 = VERTEX_POINT('',#4504);
#4504 = CARTESIAN_POINT('',(7.155981062445,0.155173950512,3.142246690049
    ));
#4505 = B_SPLINE_CURVE_WITH_KNOTS('',3,(#4506,#4507,#4508,#4509),
  .UNSPECIFIED.,.F.,.F.,(4,4),(9.,10.),.PIECEWISE_BEZIER_KNOTS.);
#4506 = CARTESIAN_POINT('',(7.167458942574,0.125692842069,3.060577329305
    ));
#4507 = CARTESIAN_POINT('',(7.162645040065,0.125938161849,3.094830025462
    ));
#4508 = CARTESIAN_POINT('',(7.158819080023,0.135765197996,3.122053145709
    ));
#4509 = CARTESIAN_POINT('',(7.155981062445,0.155173950512,3.142246690049
    ));
#4510 = ORIENTED_EDGE('',*,*,#4511,.T.);
#4511 = EDGE_CURVE('',#4503,#1647,#4512,.T.);
#4512 = LINE('',#4513,#4514);
#4513 = CARTESIAN_POINT('',(7.155981062445,0.155173950512,3.142246690049
    ));
#4514 = VECTOR('',#4515,1.);
#4515 = DIRECTION('',(-0.990268068742,1.819092931022E-16,-0.13917310096)
  );
#4516 = ORIENTED_EDGE('',*,*,#1655,.F.);
#4517 = B_SPLINE_SURFACE_WITH_KNOTS('',3,1,(
    (#4518,#4519)
    ,(#4520,#4521)
    ,(#4522,#4523)
    ,(#4524,#4525
    )),.UNSPECIFIED.,.F.,.F.,.F.,(4,4),(2,2),(9.,10.),(0.,1.),
  .PIECEWISE_BEZIER_KNOTS.);
#4518 = CARTESIAN_POINT('',(7.167458942574,0.125692842069,3.060577329305
    ));
#4519 = CARTESIAN_POINT('',(7.166468674489,0.125692842069,3.060438156202
    ));
#4520 = CARTESIAN_POINT('',(7.162645040065,0.125938161849,3.094830025462
    ));
#4521 = CARTESIAN_POINT('',(7.161654771981,0.125938161849,3.094690852359
    ));
#4522 = CARTESIAN_POINT('',(7.158819080023,0.135765197996,3.122053145709
    ));
#4523 = CARTESIAN_POINT('',(7.157828811938,0.135765197996,3.121913972606
    ));
#4524 = CARTESIAN_POINT('',(7.155981062445,0.155173950512,3.142246690049
    ));
#4525 = CARTESIAN_POINT('',(7.154990794361,0.155173950512,3.142107516946
    ));
#4526 = ADVANCED_FACE('',(#4527),#4546,.F.);
#4527 = FACE_BOUND('',#4528,.F.);
#4528 = EDGE_LOOP('',(#4529,#4530,#4539,#4545));
#4529 = ORIENTED_EDGE('',*,*,#4511,.F.);
#4530 = ORIENTED_EDGE('',*,*,#4531,.T.);
#4531 = EDGE_CURVE('',#4503,#4532,#4534,.T.);
#4532 = VERTEX_POINT('',#4533);
#4533 = CARTESIAN_POINT('',(7.151808626657,0.230333870673,3.171935113325
    ));
#4534 = B_SPLINE_CURVE_WITH_KNOTS('',3,(#4535,#4536,#4537,#4538),
  .UNSPECIFIED.,.F.,.F.,(4,4),(8.,9.),.PIECEWISE_BEZIER_KNOTS.);
#4535 = CARTESIAN_POINT('',(7.155981062445,0.155173950512,3.142246690049
    ));
#4536 = CARTESIAN_POINT('',(7.153162682972,0.174652009281,3.162300502021
    ));
#4537 = CARTESIAN_POINT('',(7.151778370814,0.199681549094,3.172150394834
    ));
#4538 = CARTESIAN_POINT('',(7.151808626657,0.230333870673,3.171935113325
    ));
#4539 = ORIENTED_EDGE('',*,*,#4540,.T.);
#4540 = EDGE_CURVE('',#4532,#1638,#4541,.T.);
#4541 = LINE('',#4542,#4543);
#4542 = CARTESIAN_POINT('',(7.151808626657,0.230333870673,3.171935113325
    ));
#4543 = VECTOR('',#4544,1.);
#4544 = DIRECTION('',(-0.990268068742,1.819092931022E-16,-0.13917310096)
  );
#4545 = ORIENTED_EDGE('',*,*,#1646,.F.);
#4546 = B_SPLINE_SURFACE_WITH_KNOTS('',3,1,(
    (#4547,#4548)
    ,(#4549,#4550)
    ,(#4551,#4552)
    ,(#4553,#4554
    )),.UNSPECIFIED.,.F.,.F.,.F.,(4,4),(2,2),(8.,9.),(0.,1.),
  .PIECEWISE_BEZIER_KNOTS.);
#4547 = CARTESIAN_POINT('',(7.155981062445,0.155173950512,3.142246690049
    ));
#4548 = CARTESIAN_POINT('',(7.154990794361,0.155173950512,3.142107516946
    ));
#4549 = CARTESIAN_POINT('',(7.153162682972,0.174652009281,3.162300502021
    ));
#4550 = CARTESIAN_POINT('',(7.152172414887,0.174652009281,3.162161328918
    ));
#4551 = CARTESIAN_POINT('',(7.151778370814,0.199681549094,3.172150394834
    ));
#4552 = CARTESIAN_POINT('',(7.150788102729,0.199681549094,3.172011221731
    ));
#4553 = CARTESIAN_POINT('',(7.151808626657,0.230333870673,3.171935113325
    ));
#4554 = CARTESIAN_POINT('',(7.150818358572,0.230333870673,3.171795940222
    ));
#4555 = ADVANCED_FACE('',(#4556),#4575,.F.);
#4556 = FACE_BOUND('',#4557,.F.);
#4557 = EDGE_LOOP('',(#4558,#4559,#4568,#4574));
#4558 = ORIENTED_EDGE('',*,*,#4540,.F.);
#4559 = ORIENTED_EDGE('',*,*,#4560,.T.);
#4560 = EDGE_CURVE('',#4532,#4561,#4563,.T.);
#4561 = VERTEX_POINT('',#4562);
#4562 = CARTESIAN_POINT('',(7.154142578338,0.29503800908,3.155328184199)
  );
#4563 = B_SPLINE_CURVE_WITH_KNOTS('',3,(#4564,#4565,#4566,#4567),
  .UNSPECIFIED.,.F.,.F.,(4,4),(7.,8.),.PIECEWISE_BEZIER_KNOTS.);
#4564 = CARTESIAN_POINT('',(7.151808626657,0.230333870673,3.171935113325
    ));
#4565 = CARTESIAN_POINT('',(7.151831873693,0.253885539777,3.171769702073
    ));
#4566 = CARTESIAN_POINT('',(7.152596788649,0.27543081624,3.166327049355)
  );
#4567 = CARTESIAN_POINT('',(7.154142578338,0.29503800908,3.155328184199)
  );
#4568 = ORIENTED_EDGE('',*,*,#4569,.T.);
#4569 = EDGE_CURVE('',#4561,#1630,#4570,.T.);
#4570 = LINE('',#4571,#4572);
#4571 = CARTESIAN_POINT('',(7.154142578338,0.29503800908,3.155328184199)
  );
#4572 = VECTOR('',#4573,1.);
#4573 = DIRECTION('',(-0.990268068742,1.819092931022E-16,-0.13917310096)
  );
#4574 = ORIENTED_EDGE('',*,*,#1637,.F.);
#4575 = B_SPLINE_SURFACE_WITH_KNOTS('',3,1,(
    (#4576,#4577)
    ,(#4578,#4579)
    ,(#4580,#4581)
    ,(#4582,#4583
    )),.UNSPECIFIED.,.F.,.F.,.F.,(4,4),(2,2),(7.,8.),(0.,1.),
  .PIECEWISE_BEZIER_KNOTS.);
#4576 = CARTESIAN_POINT('',(7.151808626657,0.230333870673,3.171935113325
    ));
#4577 = CARTESIAN_POINT('',(7.150818358572,0.230333870673,3.171795940222
    ));
#4578 = CARTESIAN_POINT('',(7.151831873693,0.253885539777,3.171769702073
    ));
#4579 = CARTESIAN_POINT('',(7.150841605608,0.253885539777,3.17163052897)
  );
#4580 = CARTESIAN_POINT('',(7.152596788649,0.27543081624,3.166327049355)
  );
#4581 = CARTESIAN_POINT('',(7.151606520564,0.27543081624,3.166187876251)
  );
#4582 = CARTESIAN_POINT('',(7.154142578338,0.29503800908,3.155328184199)
  );
#4583 = CARTESIAN_POINT('',(7.153152310254,0.29503800908,3.155189011096)
  );
#4584 = ADVANCED_FACE('',(#4585),#4603,.F.);
#4585 = FACE_BOUND('',#4586,.T.);
#4586 = EDGE_LOOP('',(#4587,#4588,#4596,#4602));
#4587 = ORIENTED_EDGE('',*,*,#1629,.T.);
#4588 = ORIENTED_EDGE('',*,*,#4589,.F.);
#4589 = EDGE_CURVE('',#4590,#1621,#4592,.T.);
#4590 = VERTEX_POINT('',#4591);
#4591 = CARTESIAN_POINT('',(7.148976439061,0.295301279089,3.192087175195
    ));
#4592 = LINE('',#4593,#4594);
#4593 = CARTESIAN_POINT('',(7.148976439061,0.295301279089,3.192087175195
    ));
#4594 = VECTOR('',#4595,1.);
#4595 = DIRECTION('',(-0.990268068742,1.819092931022E-16,-0.13917310096)
  );
#4596 = ORIENTED_EDGE('',*,*,#4597,.F.);
#4597 = EDGE_CURVE('',#4561,#4590,#4598,.T.);
#4598 = LINE('',#4599,#4600);
#4599 = CARTESIAN_POINT('',(7.148976439061,0.295301279089,3.192087175195
    ));
#4600 = VECTOR('',#4601,1.);
#4601 = DIRECTION('',(-0.139169600782,7.092178509964E-03,0.990243163684)
  );
#4602 = ORIENTED_EDGE('',*,*,#4569,.T.);
#4603 = PLANE('',#4604);
#4604 = AXIS2_PLACEMENT_3D('',#4605,#4606,#4607);
#4605 = CARTESIAN_POINT('',(7.148976439061,0.295301279089,3.192087175195
    ));
#4606 = DIRECTION('',(-9.870404757943E-04,-0.999974850186,
    7.023157916234E-03));
#4607 = DIRECTION('',(2.124358631714E-18,-7.023161337389E-03,
    -0.999975337298));
#4608 = ADVANCED_FACE('',(#4609),#4628,.F.);
#4609 = FACE_BOUND('',#4610,.F.);
#4610 = EDGE_LOOP('',(#4611,#4612,#4621,#4627));
#4611 = ORIENTED_EDGE('',*,*,#4589,.F.);
#4612 = ORIENTED_EDGE('',*,*,#4613,.T.);
#4613 = EDGE_CURVE('',#4590,#4614,#4616,.T.);
#4614 = VERTEX_POINT('',#4615);
#4615 = CARTESIAN_POINT('',(7.147346613947,0.230209722776,3.203683983466
    ));
#4616 = B_SPLINE_CURVE_WITH_KNOTS('',3,(#4617,#4618,#4619,#4620),
  .UNSPECIFIED.,.F.,.F.,(4,4),(5.,6.),.PIECEWISE_BEZIER_KNOTS.);
#4617 = CARTESIAN_POINT('',(7.148976439061,0.295301279089,3.192087175195
    ));
#4618 = CARTESIAN_POINT('',(7.147922365294,0.278200081011,3.199587299759
    ));
#4619 = CARTESIAN_POINT('',(7.147372567353,0.256503227985,3.203499315383
    ));
#4620 = CARTESIAN_POINT('',(7.147346613947,0.230209722776,3.203683983466
    ));
#4621 = ORIENTED_EDGE('',*,*,#4622,.T.);
#4622 = EDGE_CURVE('',#4614,#1612,#4623,.T.);
#4623 = LINE('',#4624,#4625);
#4624 = CARTESIAN_POINT('',(7.147346613947,0.230209722776,3.203683983466
    ));
#4625 = VECTOR('',#4626,1.);
#4626 = DIRECTION('',(-0.990268068742,1.819092931022E-16,-0.13917310096)
  );
#4627 = ORIENTED_EDGE('',*,*,#1620,.F.);
#4628 = B_SPLINE_SURFACE_WITH_KNOTS('',3,1,(
    (#4629,#4630)
    ,(#4631,#4632)
    ,(#4633,#4634)
    ,(#4635,#4636
    )),.UNSPECIFIED.,.F.,.F.,.F.,(4,4),(2,2),(5.,6.),(0.,1.),
  .PIECEWISE_BEZIER_KNOTS.);
#4629 = CARTESIAN_POINT('',(7.148976439061,0.295301279089,3.192087175195
    ));
#4630 = CARTESIAN_POINT('',(7.147986170976,0.295301279089,3.191948002092
    ));
#4631 = CARTESIAN_POINT('',(7.147922365294,0.278200081011,3.199587299759
    ));
#4632 = CARTESIAN_POINT('',(7.14693209721,0.278200081011,3.199448126656)
  );
#4633 = CARTESIAN_POINT('',(7.147372567353,0.256503227985,3.203499315383
    ));
#4634 = CARTESIAN_POINT('',(7.146382299269,0.256503227985,3.20336014228)
  );
#4635 = CARTESIAN_POINT('',(7.147346613947,0.230209722776,3.203683983466
    ));
#4636 = CARTESIAN_POINT('',(7.146356345862,0.230209722776,3.203544810363
    ));
#4637 = ADVANCED_FACE('',(#4638),#4657,.F.);
#4638 = FACE_BOUND('',#4639,.F.);
#4639 = EDGE_LOOP('',(#4640,#4641,#4650,#4656));
#4640 = ORIENTED_EDGE('',*,*,#4622,.F.);
#4641 = ORIENTED_EDGE('',*,*,#4642,.T.);
#4642 = EDGE_CURVE('',#4614,#4643,#4645,.T.);
#4643 = VERTEX_POINT('',#4644);
#4644 = CARTESIAN_POINT('',(7.152882682877,0.128896404199,3.164292806218
    ));
#4645 = B_SPLINE_CURVE_WITH_KNOTS('',3,(#4646,#4647,#4648,#4649),
  .UNSPECIFIED.,.F.,.F.,(4,4),(4.,5.),.PIECEWISE_BEZIER_KNOTS.);
#4646 = CARTESIAN_POINT('',(7.147346613947,0.230209722776,3.203683983466
    ));
#4647 = CARTESIAN_POINT('',(7.147306295954,0.189363395167,3.20397086089)
  );
#4648 = CARTESIAN_POINT('',(7.149151652264,0.155592288975,3.190840468475
    ));
#4649 = CARTESIAN_POINT('',(7.152882682877,0.128896404199,3.164292806218
    ));
#4650 = ORIENTED_EDGE('',*,*,#4651,.T.);
#4651 = EDGE_CURVE('',#4643,#1603,#4652,.T.);
#4652 = LINE('',#4653,#4654);
#4653 = CARTESIAN_POINT('',(7.152882682877,0.128896404199,3.164292806218
    ));
#4654 = VECTOR('',#4655,1.);
#4655 = DIRECTION('',(-0.990268068742,1.819092931022E-16,-0.13917310096)
  );
#4656 = ORIENTED_EDGE('',*,*,#1611,.F.);
#4657 = B_SPLINE_SURFACE_WITH_KNOTS('',3,1,(
    (#4658,#4659)
    ,(#4660,#4661)
    ,(#4662,#4663)
    ,(#4664,#4665
    )),.UNSPECIFIED.,.F.,.F.,.F.,(4,4),(2,2),(4.,5.),(0.,1.),
  .PIECEWISE_BEZIER_KNOTS.);
#4658 = CARTESIAN_POINT('',(7.147346613947,0.230209722776,3.203683983466
    ));
#4659 = CARTESIAN_POINT('',(7.146356345862,0.230209722776,3.203544810363
    ));
#4660 = CARTESIAN_POINT('',(7.147306295954,0.189363395167,3.20397086089)
  );
#4661 = CARTESIAN_POINT('',(7.146316027869,0.189363395167,3.203831687787
    ));
#4662 = CARTESIAN_POINT('',(7.149151652264,0.155592288975,3.190840468475
    ));
#4663 = CARTESIAN_POINT('',(7.148161384179,0.155592288975,3.190701295372
    ));
#4664 = CARTESIAN_POINT('',(7.152882682877,0.128896404199,3.164292806218
    ));
#4665 = CARTESIAN_POINT('',(7.151892414792,0.128896404199,3.164153633114
    ));
#4666 = ADVANCED_FACE('',(#4667),#4686,.F.);
#4667 = FACE_BOUND('',#4668,.F.);
#4668 = EDGE_LOOP('',(#4669,#4670,#4679,#4685));
#4669 = ORIENTED_EDGE('',*,*,#4651,.F.);
#4670 = ORIENTED_EDGE('',*,*,#4671,.T.);
#4671 = EDGE_CURVE('',#4643,#4672,#4674,.T.);
#4672 = VERTEX_POINT('',#4673);
#4673 = CARTESIAN_POINT('',(7.167715694323,8.841703391799E-02,
    3.058750445683));
#4674 = B_SPLINE_CURVE_WITH_KNOTS('',3,(#4675,#4676,#4677,#4678),
  .UNSPECIFIED.,.F.,.F.,(4,4),(3.,4.),.PIECEWISE_BEZIER_KNOTS.);
#4675 = CARTESIAN_POINT('',(7.152882682877,0.128896404199,3.164292806218
    ));
#4676 = CARTESIAN_POINT('',(7.15661371349,0.102200519424,3.137745143962)
  );
#4677 = CARTESIAN_POINT('',(7.161551550867,8.873116290526E-02,
    3.102610605396));
#4678 = CARTESIAN_POINT('',(7.167715694323,8.841703391799E-02,
    3.058750445683));
#4679 = ORIENTED_EDGE('',*,*,#4680,.T.);
#4680 = EDGE_CURVE('',#4672,#1594,#4681,.T.);
#4681 = LINE('',#4682,#4683);
#4682 = CARTESIAN_POINT('',(7.167715694323,8.841703391799E-02,
    3.058750445683));
#4683 = VECTOR('',#4684,1.);
#4684 = DIRECTION('',(-0.990268068742,1.819092931022E-16,-0.13917310096)
  );
#4685 = ORIENTED_EDGE('',*,*,#1602,.F.);
#4686 = B_SPLINE_SURFACE_WITH_KNOTS('',3,1,(
    (#4687,#4688)
    ,(#4689,#4690)
    ,(#4691,#4692)
    ,(#4693,#4694
    )),.UNSPECIFIED.,.F.,.F.,.F.,(4,4),(2,2),(3.,4.),(0.,1.),
  .PIECEWISE_BEZIER_KNOTS.);
#4687 = CARTESIAN_POINT('',(7.152882682877,0.128896404199,3.164292806218
    ));
#4688 = CARTESIAN_POINT('',(7.151892414792,0.128896404199,3.164153633114
    ));
#4689 = CARTESIAN_POINT('',(7.15661371349,0.102200519424,3.137745143962)
  );
#4690 = CARTESIAN_POINT('',(7.155623445405,0.102200519424,3.137605970859
    ));
#4691 = CARTESIAN_POINT('',(7.161551550867,8.873116290526E-02,
    3.102610605396));
#4692 = CARTESIAN_POINT('',(7.160561282782,8.873116290526E-02,
    3.102471432292));
#4693 = CARTESIAN_POINT('',(7.167715694323,8.841703391799E-02,
    3.058750445683));
#4694 = CARTESIAN_POINT('',(7.166725426238,8.841703391799E-02,
    3.058611272579));
#4695 = ADVANCED_FACE('',(#4696),#4715,.F.);
#4696 = FACE_BOUND('',#4697,.F.);
#4697 = EDGE_LOOP('',(#4698,#4699,#4708,#4714));
#4698 = ORIENTED_EDGE('',*,*,#4680,.F.);
#4699 = ORIENTED_EDGE('',*,*,#4700,.T.);
#4700 = EDGE_CURVE('',#4672,#4701,#4703,.T.);
#4701 = VERTEX_POINT('',#4702);
#4702 = CARTESIAN_POINT('',(7.181585607714,0.123004340769,2.960060883889
    ));
#4703 = B_SPLINE_CURVE_WITH_KNOTS('',3,(#4704,#4705,#4706,#4707),
  .UNSPECIFIED.,.F.,.F.,(4,4),(2.,3.),.PIECEWISE_BEZIER_KNOTS.);
#4704 = CARTESIAN_POINT('',(7.167715694323,8.841703391799E-02,
    3.058750445683));
#4705 = CARTESIAN_POINT('',(7.173449326173,8.812484409808E-02,
    3.01795353522));
#4706 = CARTESIAN_POINT('',(7.178079130408,9.963017947306E-02,
    2.985010766343));
#4707 = CARTESIAN_POINT('',(7.181585607714,0.123004340769,2.960060883889
    ));
#4708 = ORIENTED_EDGE('',*,*,#4709,.T.);
#4709 = EDGE_CURVE('',#4701,#1585,#4710,.T.);
#4710 = LINE('',#4711,#4712);
#4711 = CARTESIAN_POINT('',(7.181585607714,0.123004340769,2.960060883889
    ));
#4712 = VECTOR('',#4713,1.);
#4713 = DIRECTION('',(-0.990268068742,1.819092931022E-16,-0.13917310096)
  );
#4714 = ORIENTED_EDGE('',*,*,#1593,.F.);
#4715 = B_SPLINE_SURFACE_WITH_KNOTS('',3,1,(
    (#4716,#4717)
    ,(#4718,#4719)
    ,(#4720,#4721)
    ,(#4722,#4723
    )),.UNSPECIFIED.,.F.,.F.,.F.,(4,4),(2,2),(2.,3.),(0.,1.),
  .PIECEWISE_BEZIER_KNOTS.);
#4716 = CARTESIAN_POINT('',(7.167715694323,8.841703391799E-02,
    3.058750445683));
#4717 = CARTESIAN_POINT('',(7.166725426238,8.841703391799E-02,
    3.058611272579));
#4718 = CARTESIAN_POINT('',(7.173449326173,8.812484409808E-02,
    3.01795353522));
#4719 = CARTESIAN_POINT('',(7.172459058088,8.812484409808E-02,
    3.017814362116));
#4720 = CARTESIAN_POINT('',(7.178079130408,9.963017947306E-02,
    2.985010766343));
#4721 = CARTESIAN_POINT('',(7.177088862324,9.963017947306E-02,
    2.984871593239));
#4722 = CARTESIAN_POINT('',(7.181585607714,0.123004340769,2.960060883889
    ));
#4723 = CARTESIAN_POINT('',(7.180595339629,0.123004340769,2.959921710786
    ));
#4724 = ADVANCED_FACE('',(#4725),#4737,.F.);
#4725 = FACE_BOUND('',#4726,.F.);
#4726 = EDGE_LOOP('',(#4727,#4728,#4735,#4736));
#4727 = ORIENTED_EDGE('',*,*,#4709,.F.);
#4728 = ORIENTED_EDGE('',*,*,#4729,.T.);
#4729 = EDGE_CURVE('',#4701,#4355,#4730,.T.);
#4730 = B_SPLINE_CURVE_WITH_KNOTS('',3,(#4731,#4732,#4733,#4734),
  .UNSPECIFIED.,.F.,.F.,(4,4),(1.,2.),.PIECEWISE_BEZIER_KNOTS.);
#4731 = CARTESIAN_POINT('',(7.181585607714,0.123004340769,2.960060883889
    ));
#4732 = CARTESIAN_POINT('',(7.18509208502,0.146378502064,2.935111001435)
  );
#4733 = CARTESIAN_POINT('',(7.186864788728,0.177785711618,2.922497559144
    ));
#4734 = CARTESIAN_POINT('',(7.186903718838,0.21722596943,2.922220557019)
  );
#4735 = ORIENTED_EDGE('',*,*,#4354,.T.);
#4736 = ORIENTED_EDGE('',*,*,#1584,.F.);
#4737 = B_SPLINE_SURFACE_WITH_KNOTS('',3,1,(
    (#4738,#4739)
    ,(#4740,#4741)
    ,(#4742,#4743)
    ,(#4744,#4745
    )),.UNSPECIFIED.,.F.,.F.,.F.,(4,4),(2,2),(1.,2.),(0.,1.),
  .PIECEWISE_BEZIER_KNOTS.);
#4738 = CARTESIAN_POINT('',(7.181585607714,0.123004340769,2.960060883889
    ));
#4739 = CARTESIAN_POINT('',(7.180595339629,0.123004340769,2.959921710786
    ));
#4740 = CARTESIAN_POINT('',(7.18509208502,0.146378502064,2.935111001435)
  );
#4741 = CARTESIAN_POINT('',(7.184101816935,0.146378502064,2.934971828332
    ));
#4742 = CARTESIAN_POINT('',(7.186864788728,0.177785711618,2.922497559144
    ));
#4743 = CARTESIAN_POINT('',(7.185874520643,0.177785711618,2.922358386041
    ));
#4744 = CARTESIAN_POINT('',(7.186903718838,0.21722596943,2.922220557019)
  );
#4745 = CARTESIAN_POINT('',(7.185913450753,0.21722596943,2.922081383916)
  );
#4746 = ADVANCED_FACE('',(#4747),#4763,.T.);
#4747 = FACE_BOUND('',#4748,.T.);
#4748 = EDGE_LOOP('',(#4749,#4750,#4751,#4752,#4753,#4754,#4755,#4756,
    #4757,#4758,#4759,#4760,#4761,#4762));
#4749 = ORIENTED_EDGE('',*,*,#4362,.T.);
#4750 = ORIENTED_EDGE('',*,*,#4399,.T.);
#4751 = ORIENTED_EDGE('',*,*,#4415,.T.);
#4752 = ORIENTED_EDGE('',*,*,#4444,.T.);
#4753 = ORIENTED_EDGE('',*,*,#4473,.T.);
#4754 = ORIENTED_EDGE('',*,*,#4502,.T.);
#4755 = ORIENTED_EDGE('',*,*,#4531,.T.);
#4756 = ORIENTED_EDGE('',*,*,#4560,.T.);
#4757 = ORIENTED_EDGE('',*,*,#4597,.T.);
#4758 = ORIENTED_EDGE('',*,*,#4613,.T.);
#4759 = ORIENTED_EDGE('',*,*,#4642,.T.);
#4760 = ORIENTED_EDGE('',*,*,#4671,.T.);
#4761 = ORIENTED_EDGE('',*,*,#4700,.T.);
#4762 = ORIENTED_EDGE('',*,*,#4729,.T.);
#4763 = PLANE('',#4764);
#4764 = AXIS2_PLACEMENT_3D('',#4765,#4766,#4767);
#4765 = CARTESIAN_POINT('',(7.186387386873,0.259172846455,2.925894449844
    ));
#4766 = DIRECTION('',(0.990268068742,1.13116916182E-13,0.13917310096));
#4767 = DIRECTION('',(-0.13917310096,2.556568389267E-17,0.990268068742)
  );
#4768 = ADVANCED_FACE('',(#4769),#4794,.F.);
#4769 = FACE_BOUND('',#4770,.T.);
#4770 = EDGE_LOOP('',(#4771,#4772,#4780,#4788));
#4771 = ORIENTED_EDGE('',*,*,#1467,.T.);
#4772 = ORIENTED_EDGE('',*,*,#4773,.F.);
#4773 = EDGE_CURVE('',#4774,#1470,#4776,.T.);
#4774 = VERTEX_POINT('',#4775);
#4775 = CARTESIAN_POINT('',(7.182169623952,0.496586116312,2.955905392429
    ));
#4776 = LINE('',#4777,#4778);
#4777 = CARTESIAN_POINT('',(7.182169623952,0.496586116312,2.955905392429
    ));
#4778 = VECTOR('',#4779,1.);
#4779 = DIRECTION('',(-0.990268068742,1.819092931022E-16,-0.13917310096)
  );
#4780 = ORIENTED_EDGE('',*,*,#4781,.F.);
#4781 = EDGE_CURVE('',#4782,#4774,#4784,.T.);
#4782 = VERTEX_POINT('',#4783);
#4783 = CARTESIAN_POINT('',(7.186533446145,0.496363732934,2.924855184124
    ));
#4784 = LINE('',#4785,#4786);
#4785 = CARTESIAN_POINT('',(7.182169623952,0.496586116312,2.955905392429
    ));
#4786 = VECTOR('',#4787,1.);
#4787 = DIRECTION('',(-0.139169600782,7.092178509955E-03,0.990243163684)
  );
#4788 = ORIENTED_EDGE('',*,*,#4789,.T.);
#4789 = EDGE_CURVE('',#4782,#1468,#4790,.T.);
#4790 = LINE('',#4791,#4792);
#4791 = CARTESIAN_POINT('',(7.186533446145,0.496363732934,2.924855184124
    ));
#4792 = VECTOR('',#4793,1.);
#4793 = DIRECTION('',(-0.990268068742,1.819092931022E-16,-0.13917310096)
  );
#4794 = PLANE('',#4795);
#4795 = AXIS2_PLACEMENT_3D('',#4796,#4797,#4798);
#4796 = CARTESIAN_POINT('',(7.182169623952,0.496586116312,2.955905392429
    ));
#4797 = DIRECTION('',(-9.870404757931E-04,-0.999974850186,
    7.023157916225E-03));
#4798 = DIRECTION('',(2.127746763503E-18,-7.02316133738E-03,
    -0.999975337298));
#4799 = ADVANCED_FACE('',(#4800),#4818,.F.);
#4800 = FACE_BOUND('',#4801,.T.);
#4801 = EDGE_LOOP('',(#4802,#4803,#4811,#4817));
#4802 = ORIENTED_EDGE('',*,*,#1557,.T.);
#4803 = ORIENTED_EDGE('',*,*,#4804,.F.);
#4804 = EDGE_CURVE('',#4805,#1550,#4807,.T.);
#4805 = VERTEX_POINT('',#4806);
#4806 = CARTESIAN_POINT('',(7.18205866273,0.384170836023,2.956694922551)
  );
#4807 = LINE('',#4808,#4809);
#4808 = CARTESIAN_POINT('',(7.18205866273,0.384170836023,2.956694922551)
  );
#4809 = VECTOR('',#4810,1.);
#4810 = DIRECTION('',(-0.990268068742,1.819092931022E-16,-0.13917310096)
  );
#4811 = ORIENTED_EDGE('',*,*,#4812,.F.);
#4812 = EDGE_CURVE('',#4774,#4805,#4813,.T.);
#4813 = LINE('',#4814,#4815);
#4814 = CARTESIAN_POINT('',(7.18205866273,0.384170836023,2.956694922551)
  );
#4815 = VECTOR('',#4816,1.);
#4816 = DIRECTION('',(-9.870404757967E-04,-0.999974850186,
    7.023157916232E-03));
#4817 = ORIENTED_EDGE('',*,*,#4773,.T.);
#4818 = PLANE('',#4819);
#4819 = AXIS2_PLACEMENT_3D('',#4820,#4821,#4822);
#4820 = CARTESIAN_POINT('',(7.18205866273,0.384170836023,2.956694922551)
  );
#4821 = DIRECTION('',(0.139169600782,-7.092178509963E-03,-0.990243163684
    ));
#4822 = DIRECTION('',(0.990268068742,-2.712890675993E-15,0.13917310096)
  );
#4823 = ADVANCED_FACE('',(#4824),#4842,.F.);
#4824 = FACE_BOUND('',#4825,.T.);
#4825 = EDGE_LOOP('',(#4826,#4827,#4835,#4841));
#4826 = ORIENTED_EDGE('',*,*,#1549,.T.);
#4827 = ORIENTED_EDGE('',*,*,#4828,.F.);
#4828 = EDGE_CURVE('',#4829,#1542,#4831,.T.);
#4829 = VERTEX_POINT('',#4830);
#4830 = CARTESIAN_POINT('',(7.169182451955,0.384827016574,3.04831392284)
  );
#4831 = LINE('',#4832,#4833);
#4832 = CARTESIAN_POINT('',(7.169182451955,0.384827016574,3.04831392284)
  );
#4833 = VECTOR('',#4834,1.);
#4834 = DIRECTION('',(-0.990268068742,1.819092931022E-16,-0.13917310096)
  );
#4835 = ORIENTED_EDGE('',*,*,#4836,.F.);
#4836 = EDGE_CURVE('',#4805,#4829,#4837,.T.);
#4837 = LINE('',#4838,#4839);
#4838 = CARTESIAN_POINT('',(7.169182451955,0.384827016574,3.04831392284)
  );
#4839 = VECTOR('',#4840,1.);
#4840 = DIRECTION('',(-0.139169600782,7.092178509962E-03,0.990243163684)
  );
#4841 = ORIENTED_EDGE('',*,*,#4804,.T.);
#4842 = PLANE('',#4843);
#4843 = AXIS2_PLACEMENT_3D('',#4844,#4845,#4846);
#4844 = CARTESIAN_POINT('',(7.169182451955,0.384827016574,3.04831392284)
  );
#4845 = DIRECTION('',(-9.87040475794E-04,-0.999974850186,
    7.023157916231E-03));
#4846 = DIRECTION('',(3.109457949371E-18,-7.023161337386E-03,
    -0.999975337298));
#4847 = ADVANCED_FACE('',(#4848),#4866,.F.);
#4848 = FACE_BOUND('',#4849,.T.);
#4849 = EDGE_LOOP('',(#4850,#4851,#4859,#4865));
#4850 = ORIENTED_EDGE('',*,*,#1541,.T.);
#4851 = ORIENTED_EDGE('',*,*,#4852,.F.);
#4852 = EDGE_CURVE('',#4853,#1534,#4855,.T.);
#4853 = VERTEX_POINT('',#4854);
#4854 = CARTESIAN_POINT('',(7.16927953435,0.483181598891,3.047623145703)
  );
#4855 = LINE('',#4856,#4857);
#4856 = CARTESIAN_POINT('',(7.16927953435,0.483181598891,3.047623145703)
  );
#4857 = VECTOR('',#4858,1.);
#4858 = DIRECTION('',(-0.990268068742,1.819092931022E-16,-0.13917310096)
  );
#4859 = ORIENTED_EDGE('',*,*,#4860,.F.);
#4860 = EDGE_CURVE('',#4829,#4853,#4861,.T.);
#4861 = LINE('',#4862,#4863);
#4862 = CARTESIAN_POINT('',(7.16927953435,0.483181598891,3.047623145703)
  );
#4863 = VECTOR('',#4864,1.);
#4864 = DIRECTION('',(9.870404757786E-04,0.999974850186,
    -7.02315791623E-03));
#4865 = ORIENTED_EDGE('',*,*,#4828,.T.);
#4866 = PLANE('',#4867);
#4867 = AXIS2_PLACEMENT_3D('',#4868,#4869,#4870);
#4868 = CARTESIAN_POINT('',(7.16927953435,0.483181598891,3.047623145703)
  );
#4869 = DIRECTION('',(-0.139169600782,7.092178509959E-03,0.990243163684)
  );
#4870 = DIRECTION('',(-0.990268068742,2.713758037731E-15,-0.13917310096)
  );
#4871 = ADVANCED_FACE('',(#4872),#4890,.F.);
#4872 = FACE_BOUND('',#4873,.T.);
#4873 = EDGE_LOOP('',(#4874,#4875,#4883,#4889));
#4874 = ORIENTED_EDGE('',*,*,#1533,.T.);
#4875 = ORIENTED_EDGE('',*,*,#4876,.F.);
#4876 = EDGE_CURVE('',#4877,#1526,#4879,.T.);
#4877 = VERTEX_POINT('',#4878);
#4878 = CARTESIAN_POINT('',(7.164896143448,0.483404979504,3.07881259261)
  );
#4879 = LINE('',#4880,#4881);
#4880 = CARTESIAN_POINT('',(7.164896143448,0.483404979504,3.07881259261)
  );
#4881 = VECTOR('',#4882,1.);
#4882 = DIRECTION('',(-0.990268068742,1.819092931022E-16,-0.13917310096)
  );
#4883 = ORIENTED_EDGE('',*,*,#4884,.F.);
#4884 = EDGE_CURVE('',#4853,#4877,#4885,.T.);
#4885 = LINE('',#4886,#4887);
#4886 = CARTESIAN_POINT('',(7.164896143448,0.483404979504,3.07881259261)
  );
#4887 = VECTOR('',#4888,1.);
#4888 = DIRECTION('',(-0.139169600782,7.092178509963E-03,0.990243163684)
  );
#4889 = ORIENTED_EDGE('',*,*,#4852,.T.);
#4890 = PLANE('',#4891);
#4891 = AXIS2_PLACEMENT_3D('',#4892,#4893,#4894);
#4892 = CARTESIAN_POINT('',(7.164896143448,0.483404979504,3.07881259261)
  );
#4893 = DIRECTION('',(-9.870404757942E-04,-0.999974850186,
    7.023157916232E-03));
#4894 = DIRECTION('',(3.110304982318E-18,-7.023161337387E-03,
    -0.999975337298));
#4895 = ADVANCED_FACE('',(#4896),#4914,.F.);
#4896 = FACE_BOUND('',#4897,.T.);
#4897 = EDGE_LOOP('',(#4898,#4899,#4907,#4913));
#4898 = ORIENTED_EDGE('',*,*,#1525,.T.);
#4899 = ORIENTED_EDGE('',*,*,#4900,.F.);
#4900 = EDGE_CURVE('',#4901,#1518,#4903,.T.);
#4901 = VERTEX_POINT('',#4902);
#4902 = CARTESIAN_POINT('',(7.164799061053,0.385050397187,3.079503369746
    ));
#4903 = LINE('',#4904,#4905);
#4904 = CARTESIAN_POINT('',(7.164799061053,0.385050397187,3.079503369746
    ));
#4905 = VECTOR('',#4906,1.);
#4906 = DIRECTION('',(-0.990268068742,1.819092931022E-16,-0.13917310096)
  );
#4907 = ORIENTED_EDGE('',*,*,#4908,.F.);
#4908 = EDGE_CURVE('',#4877,#4901,#4909,.T.);
#4909 = LINE('',#4910,#4911);
#4910 = CARTESIAN_POINT('',(7.164799061053,0.385050397187,3.079503369746
    ));
#4911 = VECTOR('',#4912,1.);
#4912 = DIRECTION('',(-9.870404757963E-04,-0.999974850186,
    7.02315791623E-03));
#4913 = ORIENTED_EDGE('',*,*,#4876,.T.);
#4914 = PLANE('',#4915);
#4915 = AXIS2_PLACEMENT_3D('',#4916,#4917,#4918);
#4916 = CARTESIAN_POINT('',(7.164799061053,0.385050397187,3.079503369746
    ));
#4917 = DIRECTION('',(0.139169600782,-7.092178509961E-03,-0.990243163684
    ));
#4918 = DIRECTION('',(0.990268068742,-2.712673835559E-15,0.13917310096)
  );
#4919 = ADVANCED_FACE('',(#4920),#4938,.F.);
#4920 = FACE_BOUND('',#4921,.T.);
#4921 = EDGE_LOOP('',(#4922,#4923,#4931,#4937));
#4922 = ORIENTED_EDGE('',*,*,#1517,.T.);
#4923 = ORIENTED_EDGE('',*,*,#4924,.F.);
#4924 = EDGE_CURVE('',#4925,#1510,#4927,.T.);
#4925 = VERTEX_POINT('',#4926);
#4926 = CARTESIAN_POINT('',(7.152549048978,0.385674666222,3.166666734764
    ));
#4927 = LINE('',#4928,#4929);
#4928 = CARTESIAN_POINT('',(7.152549048978,0.385674666222,3.166666734764
    ));
#4929 = VECTOR('',#4930,1.);
#4930 = DIRECTION('',(-0.990268068742,1.819092931022E-16,-0.13917310096)
  );
#4931 = ORIENTED_EDGE('',*,*,#4932,.F.);
#4932 = EDGE_CURVE('',#4901,#4925,#4933,.T.);
#4933 = LINE('',#4934,#4935);
#4934 = CARTESIAN_POINT('',(7.152549048978,0.385674666222,3.166666734764
    ));
#4935 = VECTOR('',#4936,1.);
#4936 = DIRECTION('',(-0.139169600782,7.092178509963E-03,0.990243163684)
  );
#4937 = ORIENTED_EDGE('',*,*,#4900,.T.);
#4938 = PLANE('',#4939);
#4939 = AXIS2_PLACEMENT_3D('',#4940,#4941,#4942);
#4940 = CARTESIAN_POINT('',(7.152549048978,0.385674666222,3.166666734764
    ));
#4941 = DIRECTION('',(-9.870404757942E-04,-0.999974850186,
    7.023157916232E-03));
#4942 = DIRECTION('',(3.110304982318E-18,-7.023161337387E-03,
    -0.999975337298));
#4943 = ADVANCED_FACE('',(#4944),#4962,.F.);
#4944 = FACE_BOUND('',#4945,.T.);
#4945 = EDGE_LOOP('',(#4946,#4947,#4955,#4961));
#4946 = ORIENTED_EDGE('',*,*,#1509,.T.);
#4947 = ORIENTED_EDGE('',*,*,#4948,.F.);
#4948 = EDGE_CURVE('',#4949,#1502,#4951,.T.);
#4949 = VERTEX_POINT('',#4950);
#4950 = CARTESIAN_POINT('',(7.152653834122,0.491832935914,3.16592114972)
  );
#4951 = LINE('',#4952,#4953);
#4952 = CARTESIAN_POINT('',(7.152653834122,0.491832935914,3.16592114972)
  );
#4953 = VECTOR('',#4954,1.);
#4954 = DIRECTION('',(-0.990268068742,1.819092931022E-16,-0.13917310096)
  );
#4955 = ORIENTED_EDGE('',*,*,#4956,.F.);
#4956 = EDGE_CURVE('',#4925,#4949,#4957,.T.);
#4957 = LINE('',#4958,#4959);
#4958 = CARTESIAN_POINT('',(7.152653834122,0.491832935914,3.16592114972)
  );
#4959 = VECTOR('',#4960,1.);
#4960 = DIRECTION('',(9.870404758003E-04,0.999974850186,
    -7.023157916229E-03));
#4961 = ORIENTED_EDGE('',*,*,#4924,.T.);
#4962 = PLANE('',#4963);
#4963 = AXIS2_PLACEMENT_3D('',#4964,#4965,#4966);
#4964 = CARTESIAN_POINT('',(7.152653834122,0.491832935914,3.16592114972)
  );
#4965 = DIRECTION('',(-0.139169600782,7.092178509961E-03,0.990243163684)
  );
#4966 = DIRECTION('',(-0.990268068742,2.712456995124E-15,-0.13917310096)
  );
#4967 = ADVANCED_FACE('',(#4968),#4986,.F.);
#4968 = FACE_BOUND('',#4969,.T.);
#4969 = EDGE_LOOP('',(#4970,#4971,#4979,#4985));
#4970 = ORIENTED_EDGE('',*,*,#1501,.T.);
#4971 = ORIENTED_EDGE('',*,*,#4972,.F.);
#4972 = EDGE_CURVE('',#4973,#1494,#4975,.T.);
#4973 = VERTEX_POINT('',#4974);
#4974 = CARTESIAN_POINT('',(7.148250874511,0.492057313762,3.197249835229
    ));
#4975 = LINE('',#4976,#4977);
#4976 = CARTESIAN_POINT('',(7.148250874511,0.492057313762,3.197249835229
    ));
#4977 = VECTOR('',#4978,1.);
#4978 = DIRECTION('',(-0.990268068742,1.819092931022E-16,-0.13917310096)
  );
#4979 = ORIENTED_EDGE('',*,*,#4980,.F.);
#4980 = EDGE_CURVE('',#4949,#4973,#4981,.T.);
#4981 = LINE('',#4982,#4983);
#4982 = CARTESIAN_POINT('',(7.148250874511,0.492057313762,3.197249835229
    ));
#4983 = VECTOR('',#4984,1.);
#4984 = DIRECTION('',(-0.139169600782,7.092178509957E-03,0.990243163684)
  );
#4985 = ORIENTED_EDGE('',*,*,#4948,.T.);
#4986 = PLANE('',#4987);
#4987 = AXIS2_PLACEMENT_3D('',#4988,#4989,#4990);
#4988 = CARTESIAN_POINT('',(7.148250874511,0.492057313762,3.197249835229
    ));
#4989 = DIRECTION('',(-9.870404757933E-04,-0.999974850186,
    7.023157916226E-03));
#4990 = DIRECTION('',(3.111152015265E-18,-7.023161337381E-03,
    -0.999975337298));
#4991 = ADVANCED_FACE('',(#4992),#5010,.F.);
#4992 = FACE_BOUND('',#4993,.T.);
#4993 = EDGE_LOOP('',(#4994,#4995,#5003,#5009));
#4994 = ORIENTED_EDGE('',*,*,#1493,.T.);
#4995 = ORIENTED_EDGE('',*,*,#4996,.F.);
#4996 = EDGE_CURVE('',#4997,#1486,#4999,.T.);
#4997 = VERTEX_POINT('',#4998);
#4998 = CARTESIAN_POINT('',(7.148111045328,0.35039578169,3.198244771562)
  );
#4999 = LINE('',#5000,#5001);
#5000 = CARTESIAN_POINT('',(7.148111045328,0.35039578169,3.198244771562)
  );
#5001 = VECTOR('',#5002,1.);
#5002 = DIRECTION('',(-0.990268068742,1.819092931022E-16,-0.13917310096)
  );
#5003 = ORIENTED_EDGE('',*,*,#5004,.F.);
#5004 = EDGE_CURVE('',#4973,#4997,#5005,.T.);
#5005 = LINE('',#5006,#5007);
#5006 = CARTESIAN_POINT('',(7.148111045328,0.35039578169,3.198244771562)
  );
#5007 = VECTOR('',#5008,1.);
#5008 = DIRECTION('',(-9.870404758051E-04,-0.999974850186,
    7.023157916229E-03));
#5009 = ORIENTED_EDGE('',*,*,#4972,.T.);
#5010 = PLANE('',#5011);
#5011 = AXIS2_PLACEMENT_3D('',#5012,#5013,#5014);
#5012 = CARTESIAN_POINT('',(7.148111045328,0.35039578169,3.198244771562)
  );
#5013 = DIRECTION('',(0.139169600782,-7.092178509961E-03,-0.990243163684
    ));
#5014 = DIRECTION('',(0.990268068742,-2.712456995124E-15,0.13917310096)
  );
#5015 = ADVANCED_FACE('',(#5016),#5034,.F.);
#5016 = FACE_BOUND('',#5017,.T.);
#5017 = EDGE_LOOP('',(#5018,#5019,#5027,#5033));
#5018 = ORIENTED_EDGE('',*,*,#1485,.T.);
#5019 = ORIENTED_EDGE('',*,*,#5020,.F.);
#5020 = EDGE_CURVE('',#5021,#1478,#5023,.T.);
#5021 = VERTEX_POINT('',#5022);
#5022 = CARTESIAN_POINT('',(7.186387440885,0.348445190265,2.925894065536
    ));
#5023 = LINE('',#5024,#5025);
#5024 = CARTESIAN_POINT('',(7.186387440885,0.348445190265,2.925894065536
    ));
#5025 = VECTOR('',#5026,1.);
#5026 = DIRECTION('',(-0.990268068742,1.819092931022E-16,-0.13917310096)
  );
#5027 = ORIENTED_EDGE('',*,*,#5028,.F.);
#5028 = EDGE_CURVE('',#4997,#5021,#5029,.T.);
#5029 = LINE('',#5030,#5031);
#5030 = CARTESIAN_POINT('',(7.186387440885,0.348445190265,2.925894065536
    ));
#5031 = VECTOR('',#5032,1.);
#5032 = DIRECTION('',(0.139169600782,-7.09217850996E-03,-0.990243163684)
  );
#5033 = ORIENTED_EDGE('',*,*,#4996,.T.);
#5034 = PLANE('',#5035);
#5035 = AXIS2_PLACEMENT_3D('',#5036,#5037,#5038);
#5036 = CARTESIAN_POINT('',(7.186387440885,0.348445190265,2.925894065536
    ));
#5037 = DIRECTION('',(9.870404757938E-04,0.999974850186,
    -7.02315791623E-03));
#5038 = DIRECTION('',(-2.122664565819E-18,7.023161337385E-03,
    0.999975337298));
#5039 = ADVANCED_FACE('',(#5040),#5051,.F.);
#5040 = FACE_BOUND('',#5041,.T.);
#5041 = EDGE_LOOP('',(#5042,#5043,#5044,#5050));
#5042 = ORIENTED_EDGE('',*,*,#1477,.T.);
#5043 = ORIENTED_EDGE('',*,*,#4789,.F.);
#5044 = ORIENTED_EDGE('',*,*,#5045,.F.);
#5045 = EDGE_CURVE('',#5021,#4782,#5046,.T.);
#5046 = LINE('',#5047,#5048);
#5047 = CARTESIAN_POINT('',(7.186533446145,0.496363732934,2.924855184124
    ));
#5048 = VECTOR('',#5049,1.);
#5049 = DIRECTION('',(9.870404758022E-04,0.999974850186,
    -7.023157916231E-03));
#5050 = ORIENTED_EDGE('',*,*,#5020,.T.);
#5051 = PLANE('',#5052);
#5052 = AXIS2_PLACEMENT_3D('',#5053,#5054,#5055);
#5053 = CARTESIAN_POINT('',(7.186533446145,0.496363732934,2.924855184124
    ));
#5054 = DIRECTION('',(-0.139169600782,7.092178509963E-03,0.990243163684)
  );
#5055 = DIRECTION('',(-0.990268068742,2.712456995124E-15,-0.13917310096)
  );
#5056 = ADVANCED_FACE('',(#5057),#5071,.F.);
#5057 = FACE_BOUND('',#5058,.T.);
#5058 = EDGE_LOOP('',(#5059,#5060,#5061,#5062,#5063,#5064,#5065,#5066,
    #5067,#5068,#5069,#5070));
#5059 = ORIENTED_EDGE('',*,*,#4781,.T.);
#5060 = ORIENTED_EDGE('',*,*,#4812,.T.);
#5061 = ORIENTED_EDGE('',*,*,#4836,.T.);
#5062 = ORIENTED_EDGE('',*,*,#4860,.T.);
#5063 = ORIENTED_EDGE('',*,*,#4884,.T.);
#5064 = ORIENTED_EDGE('',*,*,#4908,.T.);
#5065 = ORIENTED_EDGE('',*,*,#4932,.T.);
#5066 = ORIENTED_EDGE('',*,*,#4956,.T.);
#5067 = ORIENTED_EDGE('',*,*,#4980,.T.);
#5068 = ORIENTED_EDGE('',*,*,#5004,.T.);
#5069 = ORIENTED_EDGE('',*,*,#5028,.T.);
#5070 = ORIENTED_EDGE('',*,*,#5045,.T.);
#5071 = PLANE('',#5072);
#5072 = AXIS2_PLACEMENT_3D('',#5073,#5074,#5075);
#5073 = CARTESIAN_POINT('',(7.328344258038,-1.107048577317E-13,
    1.915818826876));
#5074 = DIRECTION('',(-0.990268068742,8.142772164791E-15,-0.13917310096)
  );
#5075 = DIRECTION('',(0.13917310096,-2.556568389272E-17,-0.990268068742)
  );
#5076 = ADVANCED_FACE('',(#5077,#5139),#5201,.T.);
#5077 = FACE_BOUND('',#5078,.T.);
#5078 = EDGE_LOOP('',(#5079,#5089,#5098,#5107,#5116,#5125,#5133));
#5079 = ORIENTED_EDGE('',*,*,#5080,.T.);
#5080 = EDGE_CURVE('',#5081,#5083,#5085,.T.);
#5081 = VERTEX_POINT('',#5082);
#5082 = CARTESIAN_POINT('',(7.186584728411,0.548318011943,2.924490291841
    ));
#5083 = VERTEX_POINT('',#5084);
#5084 = CARTESIAN_POINT('',(7.186659396501,0.623964567034,2.923959000777
    ));
#5085 = LINE('',#5086,#5087);
#5086 = CARTESIAN_POINT('',(7.186659396501,0.623964567034,2.923959000777
    ));
#5087 = VECTOR('',#5088,1.);
#5088 = DIRECTION('',(9.870404757951E-04,0.999974850186,
    -7.023157916233E-03));
#5089 = ORIENTED_EDGE('',*,*,#5090,.T.);
#5090 = EDGE_CURVE('',#5083,#5091,#5093,.T.);
#5091 = VERTEX_POINT('',#5092);
#5092 = CARTESIAN_POINT('',(7.181402979821,0.731028810492,2.961360348869
    ));
#5093 = B_SPLINE_CURVE_WITH_KNOTS('',3,(#5094,#5095,#5096,#5097),
  .UNSPECIFIED.,.F.,.F.,(4,4),(5.,6.),.PIECEWISE_BEZIER_KNOTS.);
#5094 = CARTESIAN_POINT('',(7.186659396501,0.623964567034,2.923959000777
    ));
#5095 = CARTESIAN_POINT('',(7.186702351471,0.667482427258,2.923653360286
    ));
#5096 = CARTESIAN_POINT('',(7.184956781743,0.703217044993,2.936073734273
    ));
#5097 = CARTESIAN_POINT('',(7.181402979821,0.731028810492,2.961360348869
    ));
#5098 = ORIENTED_EDGE('',*,*,#5099,.T.);
#5099 = EDGE_CURVE('',#5091,#5100,#5102,.T.);
#5100 = VERTEX_POINT('',#5101);
#5101 = CARTESIAN_POINT('',(7.167178333219,0.773234853738,3.062573968611
    ));
#5102 = B_SPLINE_CURVE_WITH_KNOTS('',3,(#5103,#5104,#5105,#5106),
  .UNSPECIFIED.,.F.,.F.,(4,4),(4.,5.),.PIECEWISE_BEZIER_KNOTS.);
#5103 = CARTESIAN_POINT('',(7.181402979821,0.731028810492,2.961360348869
    ));
#5104 = CARTESIAN_POINT('',(7.177849177899,0.758840575991,2.986646963466
    ));
#5105 = CARTESIAN_POINT('',(7.173107652163,0.772932691569,3.020384672125
    ));
#5106 = CARTESIAN_POINT('',(7.167178333219,0.773234853738,3.062573968611
    ));
#5107 = ORIENTED_EDGE('',*,*,#5108,.T.);
#5108 = EDGE_CURVE('',#5100,#5109,#5111,.T.);
#5109 = VERTEX_POINT('',#5110);
#5110 = CARTESIAN_POINT('',(7.153556706366,0.732447875727,3.15949687989)
  );
#5111 = B_SPLINE_CURVE_WITH_KNOTS('',3,(#5112,#5113,#5114,#5115),
  .UNSPECIFIED.,.F.,.F.,(4,4),(3.,4.),.PIECEWISE_BEZIER_KNOTS.);
#5112 = CARTESIAN_POINT('',(7.167178333219,0.773234853738,3.062573968611
    ));
#5113 = CARTESIAN_POINT('',(7.161503407498,0.773524051853,3.102953163266
    ));
#5114 = CARTESIAN_POINT('',(7.156969364985,0.759904625609,3.13521455208)
  );
#5115 = CARTESIAN_POINT('',(7.153556706366,0.732447875727,3.15949687989)
  );
#5116 = ORIENTED_EDGE('',*,*,#5117,.T.);
#5117 = EDGE_CURVE('',#5109,#5118,#5120,.T.);
#5118 = VERTEX_POINT('',#5119);
#5119 = CARTESIAN_POINT('',(7.14838577671,0.628727298055,3.196289956206)
  );
#5120 = B_SPLINE_CURVE_WITH_KNOTS('',3,(#5121,#5122,#5123,#5124),
  .UNSPECIFIED.,.F.,.F.,(4,4),(2.,3.),.PIECEWISE_BEZIER_KNOTS.);
#5121 = CARTESIAN_POINT('',(7.153556706366,0.732447875727,3.15949687989)
  );
#5122 = CARTESIAN_POINT('',(7.150144047748,0.704991125845,3.183779207699
    ));
#5123 = CARTESIAN_POINT('',(7.148426927432,0.670417267543,3.195997153603
    ));
#5124 = CARTESIAN_POINT('',(7.14838577671,0.628727298055,3.196289956206)
  );
#5125 = ORIENTED_EDGE('',*,*,#5126,.T.);
#5126 = EDGE_CURVE('',#5118,#5127,#5129,.T.);
#5127 = VERTEX_POINT('',#5128);
#5128 = CARTESIAN_POINT('',(7.148308332855,0.550268603368,3.196840997868
    ));
#5129 = LINE('',#5130,#5131);
#5130 = CARTESIAN_POINT('',(7.148308332855,0.550268603368,3.196840997868
    ));
#5131 = VECTOR('',#5132,1.);
#5132 = DIRECTION('',(-9.870404757971E-04,-0.999974850186,
    7.02315791623E-03));
#5133 = ORIENTED_EDGE('',*,*,#5134,.T.);
#5134 = EDGE_CURVE('',#5127,#5081,#5135,.T.);
#5135 = LINE('',#5136,#5137);
#5136 = CARTESIAN_POINT('',(7.186584728411,0.548318011943,2.924490291841
    ));
#5137 = VECTOR('',#5138,1.);
#5138 = DIRECTION('',(0.139169600782,-7.092178509961E-03,-0.990243163684
    ));
#5139 = FACE_BOUND('',#5140,.T.);
#5140 = EDGE_LOOP('',(#5141,#5151,#5159,#5168,#5177,#5186,#5195));
#5141 = ORIENTED_EDGE('',*,*,#5142,.F.);
#5142 = EDGE_CURVE('',#5143,#5145,#5147,.T.);
#5143 = VERTEX_POINT('',#5144);
#5144 = CARTESIAN_POINT('',(7.152746336504,0.585547487901,3.165262961069
    ));
#5145 = VERTEX_POINT('',#5146);
#5146 = CARTESIAN_POINT('',(7.182255950257,0.584043657702,2.955291148856
    ));
#5147 = LINE('',#5148,#5149);
#5148 = CARTESIAN_POINT('',(7.152746336504,0.585547487901,3.165262961069
    ));
#5149 = VECTOR('',#5150,1.);
#5150 = DIRECTION('',(0.139169600782,-7.09217850996E-03,-0.990243163684)
  );
#5151 = ORIENTED_EDGE('',*,*,#5152,.F.);
#5152 = EDGE_CURVE('',#5153,#5143,#5155,.T.);
#5153 = VERTEX_POINT('',#5154);
#5154 = CARTESIAN_POINT('',(7.152787348438,0.627096850408,3.164971145996
    ));
#5155 = LINE('',#5156,#5157);
#5156 = CARTESIAN_POINT('',(7.152787348438,0.627096850408,3.164971145996
    ));
#5157 = VECTOR('',#5158,1.);
#5158 = DIRECTION('',(-9.870404757806E-04,-0.999974850186,
    7.023157916232E-03));
#5159 = ORIENTED_EDGE('',*,*,#5160,.F.);
#5160 = EDGE_CURVE('',#5161,#5153,#5163,.T.);
#5161 = VERTEX_POINT('',#5162);
#5162 = CARTESIAN_POINT('',(7.156466336944,0.706285999245,3.138793782574
    ));
#5163 = B_SPLINE_CURVE_WITH_KNOTS('',3,(#5164,#5165,#5166,#5167),
  .UNSPECIFIED.,.F.,.F.,(4,4),(5.,6.),.PIECEWISE_BEZIER_KNOTS.);
#5164 = CARTESIAN_POINT('',(7.156466336944,0.706285999245,3.138793782574
    ));
#5165 = CARTESIAN_POINT('',(7.154039538967,0.686301861034,3.156061347423
    ));
#5166 = CARTESIAN_POINT('',(7.152819686105,0.659858276684,3.164741051539
    ));
#5167 = CARTESIAN_POINT('',(7.152787348438,0.627096850408,3.164971145996
    ));
#5168 = ORIENTED_EDGE('',*,*,#5169,.F.);
#5169 = EDGE_CURVE('',#5170,#5161,#5172,.T.);
#5170 = VERTEX_POINT('',#5171);
#5171 = CARTESIAN_POINT('',(7.167278465899,0.735896719978,3.061861487572
    ));
#5172 = B_SPLINE_CURVE_WITH_KNOTS('',3,(#5173,#5174,#5175,#5176),
  .UNSPECIFIED.,.F.,.F.,(4,4),(4.,5.),.PIECEWISE_BEZIER_KNOTS.);
#5173 = CARTESIAN_POINT('',(7.167278465899,0.735896719978,3.061861487572
    ));
#5174 = CARTESIAN_POINT('',(7.162503700809,0.736140045289,3.095835706525
    ));
#5175 = CARTESIAN_POINT('',(7.158893134921,0.726270137455,3.121526217727
    ));
#5176 = CARTESIAN_POINT('',(7.156466336944,0.706285999245,3.138793782574
    ));
#5177 = ORIENTED_EDGE('',*,*,#5178,.F.);
#5178 = EDGE_CURVE('',#5179,#5170,#5181,.T.);
#5179 = VERTEX_POINT('',#5180);
#5180 = CARTESIAN_POINT('',(7.178384054791,0.705942434569,2.982841116624
    ));
#5181 = B_SPLINE_CURVE_WITH_KNOTS('',3,(#5182,#5183,#5184,#5185),
  .UNSPECIFIED.,.F.,.F.,(4,4),(3.,4.),.PIECEWISE_BEZIER_KNOTS.);
#5182 = CARTESIAN_POINT('',(7.178384054791,0.705942434569,2.982841116624
    ));
#5183 = CARTESIAN_POINT('',(7.175761639987,0.72569173495,3.001500567515)
  );
#5184 = CARTESIAN_POINT('',(7.172053230989,0.735653394668,3.02788726862)
  );
#5185 = CARTESIAN_POINT('',(7.167278465899,0.735896719978,3.061861487572
    ));
#5186 = ORIENTED_EDGE('',*,*,#5187,.F.);
#5187 = EDGE_CURVE('',#5188,#5179,#5190,.T.);
#5188 = VERTEX_POINT('',#5189);
#5189 = CARTESIAN_POINT('',(7.182295366126,0.623976039943,2.955010690376
    ));
#5190 = B_SPLINE_CURVE_WITH_KNOTS('',3,(#5191,#5192,#5193,#5194),
  .UNSPECIFIED.,.F.,.F.,(4,4),(2.,3.),.PIECEWISE_BEZIER_KNOTS.);
#5191 = CARTESIAN_POINT('',(7.182295366126,0.623976039943,2.955010690376
    ));
#5192 = CARTESIAN_POINT('',(7.182329855011,0.658916874404,2.954765289207
    ));
#5193 = CARTESIAN_POINT('',(7.181026107697,0.686262440443,2.964041933368
    ));
#5194 = CARTESIAN_POINT('',(7.178384054791,0.705942434569,2.982841116624
    ));
#5195 = ORIENTED_EDGE('',*,*,#5196,.F.);
#5196 = EDGE_CURVE('',#5145,#5188,#5197,.T.);
#5197 = LINE('',#5198,#5199);
#5198 = CARTESIAN_POINT('',(7.182255950257,0.584043657702,2.955291148856
    ));
#5199 = VECTOR('',#5200,1.);
#5200 = DIRECTION('',(9.87040475767E-04,0.999974850186,
    -7.023157916226E-03));
#5201 = PLANE('',#5202);
#5202 = AXIS2_PLACEMENT_3D('',#5203,#5204,#5205);
#5203 = CARTESIAN_POINT('',(7.149706926077,0.685925044243,3.18688949));
#5204 = DIRECTION('',(0.990268068742,2.137418135504E-16,0.13917310096));
#5205 = DIRECTION('',(-0.13917310096,2.556568389275E-17,0.990268068742)
  );
#5206 = ADVANCED_FACE('',(#5207),#5223,.F.);
#5207 = FACE_BOUND('',#5208,.T.);
#5208 = EDGE_LOOP('',(#5209,#5210,#5216,#5217));
#5209 = ORIENTED_EDGE('',*,*,#1405,.T.);
#5210 = ORIENTED_EDGE('',*,*,#5211,.F.);
#5211 = EDGE_CURVE('',#5083,#1408,#5212,.T.);
#5212 = LINE('',#5213,#5214);
#5213 = CARTESIAN_POINT('',(7.186659396501,0.623964567034,2.923959000777
    ));
#5214 = VECTOR('',#5215,1.);
#5215 = DIRECTION('',(-0.990268068742,1.819092931022E-16,-0.13917310096)
  );
#5216 = ORIENTED_EDGE('',*,*,#5080,.F.);
#5217 = ORIENTED_EDGE('',*,*,#5218,.T.);
#5218 = EDGE_CURVE('',#5081,#1406,#5219,.T.);
#5219 = LINE('',#5220,#5221);
#5220 = CARTESIAN_POINT('',(7.186584728411,0.548318011943,2.924490291841
    ));
#5221 = VECTOR('',#5222,1.);
#5222 = DIRECTION('',(-0.990268068742,1.819092931022E-16,-0.13917310096)
  );
#5223 = PLANE('',#5224);
#5224 = AXIS2_PLACEMENT_3D('',#5225,#5226,#5227);
#5225 = CARTESIAN_POINT('',(7.186659396501,0.623964567034,2.923959000777
    ));
#5226 = DIRECTION('',(-0.139169600782,7.092178509964E-03,0.990243163684)
  );
#5227 = DIRECTION('',(-0.990268068742,2.712890675993E-15,-0.13917310096)
  );
#5228 = ADVANCED_FACE('',(#5229),#5240,.F.);
#5229 = FACE_BOUND('',#5230,.F.);
#5230 = EDGE_LOOP('',(#5231,#5232,#5233,#5239));
#5231 = ORIENTED_EDGE('',*,*,#5211,.F.);
#5232 = ORIENTED_EDGE('',*,*,#5090,.T.);
#5233 = ORIENTED_EDGE('',*,*,#5234,.T.);
#5234 = EDGE_CURVE('',#5091,#1450,#5235,.T.);
#5235 = LINE('',#5236,#5237);
#5236 = CARTESIAN_POINT('',(7.181402979821,0.731028810492,2.961360348869
    ));
#5237 = VECTOR('',#5238,1.);
#5238 = DIRECTION('',(-0.990268068742,1.819092931022E-16,-0.13917310096)
  );
#5239 = ORIENTED_EDGE('',*,*,#1458,.F.);
#5240 = B_SPLINE_SURFACE_WITH_KNOTS('',3,1,(
    (#5241,#5242)
    ,(#5243,#5244)
    ,(#5245,#5246)
    ,(#5247,#5248
    )),.UNSPECIFIED.,.F.,.F.,.F.,(4,4),(2,2),(5.,6.),(0.,1.),
  .PIECEWISE_BEZIER_KNOTS.);
#5241 = CARTESIAN_POINT('',(7.186659396501,0.623964567034,2.923959000777
    ));
#5242 = CARTESIAN_POINT('',(7.18566912858,0.623964567034,2.923819827697)
  );
#5243 = CARTESIAN_POINT('',(7.186702351471,0.667482427258,2.923653360286
    ));
#5244 = CARTESIAN_POINT('',(7.18571208355,0.667482427258,2.923514187206)
  );
#5245 = CARTESIAN_POINT('',(7.184956781743,0.703217044993,2.936073734273
    ));
#5246 = CARTESIAN_POINT('',(7.183966513822,0.703217044993,2.935934561193
    ));
#5247 = CARTESIAN_POINT('',(7.181402979821,0.731028810492,2.961360348869
    ));
#5248 = CARTESIAN_POINT('',(7.1804127119,0.731028810492,2.961221175788)
  );
#5249 = ADVANCED_FACE('',(#5250),#5261,.F.);
#5250 = FACE_BOUND('',#5251,.F.);
#5251 = EDGE_LOOP('',(#5252,#5253,#5254,#5260));
#5252 = ORIENTED_EDGE('',*,*,#5234,.F.);
#5253 = ORIENTED_EDGE('',*,*,#5099,.T.);
#5254 = ORIENTED_EDGE('',*,*,#5255,.T.);
#5255 = EDGE_CURVE('',#5100,#1441,#5256,.T.);
#5256 = LINE('',#5257,#5258);
#5257 = CARTESIAN_POINT('',(7.167178333219,0.773234853738,3.062573968611
    ));
#5258 = VECTOR('',#5259,1.);
#5259 = DIRECTION('',(-0.990268068742,1.819092931022E-16,-0.13917310096)
  );
#5260 = ORIENTED_EDGE('',*,*,#1449,.F.);
#5261 = B_SPLINE_SURFACE_WITH_KNOTS('',3,1,(
    (#5262,#5263)
    ,(#5264,#5265)
    ,(#5266,#5267)
    ,(#5268,#5269
    )),.UNSPECIFIED.,.F.,.F.,.F.,(4,4),(2,2),(4.,5.),(0.,1.),
  .PIECEWISE_BEZIER_KNOTS.);
#5262 = CARTESIAN_POINT('',(7.181402979821,0.731028810492,2.961360348869
    ));
#5263 = CARTESIAN_POINT('',(7.1804127119,0.731028810492,2.961221175788)
  );
#5264 = CARTESIAN_POINT('',(7.177849177899,0.758840575991,2.986646963466
    ));
#5265 = CARTESIAN_POINT('',(7.176858909978,0.758840575991,2.986507790386
    ));
#5266 = CARTESIAN_POINT('',(7.173107652163,0.772932691569,3.020384672125
    ));
#5267 = CARTESIAN_POINT('',(7.172117384242,0.772932691569,3.020245499045
    ));
#5268 = CARTESIAN_POINT('',(7.167178333219,0.773234853738,3.062573968611
    ));
#5269 = CARTESIAN_POINT('',(7.166188065299,0.773234853738,3.062434795531
    ));
#5270 = ADVANCED_FACE('',(#5271),#5282,.F.);
#5271 = FACE_BOUND('',#5272,.F.);
#5272 = EDGE_LOOP('',(#5273,#5274,#5275,#5281));
#5273 = ORIENTED_EDGE('',*,*,#5255,.F.);
#5274 = ORIENTED_EDGE('',*,*,#5108,.T.);
#5275 = ORIENTED_EDGE('',*,*,#5276,.T.);
#5276 = EDGE_CURVE('',#5109,#1432,#5277,.T.);
#5277 = LINE('',#5278,#5279);
#5278 = CARTESIAN_POINT('',(7.153556706366,0.732447875727,3.15949687989)
  );
#5279 = VECTOR('',#5280,1.);
#5280 = DIRECTION('',(-0.990268068742,1.819092931022E-16,-0.13917310096)
  );
#5281 = ORIENTED_EDGE('',*,*,#1440,.F.);
#5282 = B_SPLINE_SURFACE_WITH_KNOTS('',3,1,(
    (#5283,#5284)
    ,(#5285,#5286)
    ,(#5287,#5288)
    ,(#5289,#5290
    )),.UNSPECIFIED.,.F.,.F.,.F.,(4,4),(2,2),(3.,4.),(0.,1.),
  .PIECEWISE_BEZIER_KNOTS.);
#5283 = CARTESIAN_POINT('',(7.167178333219,0.773234853738,3.062573968611
    ));
#5284 = CARTESIAN_POINT('',(7.166188065299,0.773234853738,3.062434795531
    ));
#5285 = CARTESIAN_POINT('',(7.161503407498,0.773524051853,3.102953163266
    ));
#5286 = CARTESIAN_POINT('',(7.160513139577,0.773524051853,3.102813990186
    ));
#5287 = CARTESIAN_POINT('',(7.156969364985,0.759904625609,3.13521455208)
  );
#5288 = CARTESIAN_POINT('',(7.155979097064,0.759904625609,3.135075379));
#5289 = CARTESIAN_POINT('',(7.153556706366,0.732447875727,3.15949687989)
  );
#5290 = CARTESIAN_POINT('',(7.152566438446,0.732447875727,3.15935770681)
  );
#5291 = ADVANCED_FACE('',(#5292),#5303,.F.);
#5292 = FACE_BOUND('',#5293,.F.);
#5293 = EDGE_LOOP('',(#5294,#5295,#5296,#5302));
#5294 = ORIENTED_EDGE('',*,*,#5276,.F.);
#5295 = ORIENTED_EDGE('',*,*,#5117,.T.);
#5296 = ORIENTED_EDGE('',*,*,#5297,.T.);
#5297 = EDGE_CURVE('',#5118,#1424,#5298,.T.);
#5298 = LINE('',#5299,#5300);
#5299 = CARTESIAN_POINT('',(7.14838577671,0.628727298055,3.196289956206)
  );
#5300 = VECTOR('',#5301,1.);
#5301 = DIRECTION('',(-0.990268068742,1.819092931022E-16,-0.13917310096)
  );
#5302 = ORIENTED_EDGE('',*,*,#1431,.F.);
#5303 = B_SPLINE_SURFACE_WITH_KNOTS('',3,1,(
    (#5304,#5305)
    ,(#5306,#5307)
    ,(#5308,#5309)
    ,(#5310,#5311
    )),.UNSPECIFIED.,.F.,.F.,.F.,(4,4),(2,2),(2.,3.),(0.,1.),
  .PIECEWISE_BEZIER_KNOTS.);
#5304 = CARTESIAN_POINT('',(7.153556706366,0.732447875727,3.15949687989)
  );
#5305 = CARTESIAN_POINT('',(7.152566438446,0.732447875727,3.15935770681)
  );
#5306 = CARTESIAN_POINT('',(7.150144047748,0.704991125845,3.183779207699
    ));
#5307 = CARTESIAN_POINT('',(7.149153779827,0.704991125845,3.183640034619
    ));
#5308 = CARTESIAN_POINT('',(7.148426927432,0.670417267543,3.195997153603
    ));
#5309 = CARTESIAN_POINT('',(7.147436659511,0.670417267543,3.195857980523
    ));
#5310 = CARTESIAN_POINT('',(7.14838577671,0.628727298055,3.196289956206)
  );
#5311 = CARTESIAN_POINT('',(7.147395508789,0.628727298055,3.196150783126
    ));
#5312 = ADVANCED_FACE('',(#5313),#5324,.F.);
#5313 = FACE_BOUND('',#5314,.T.);
#5314 = EDGE_LOOP('',(#5315,#5316,#5322,#5323));
#5315 = ORIENTED_EDGE('',*,*,#1423,.T.);
#5316 = ORIENTED_EDGE('',*,*,#5317,.F.);
#5317 = EDGE_CURVE('',#5127,#1416,#5318,.T.);
#5318 = LINE('',#5319,#5320);
#5319 = CARTESIAN_POINT('',(7.148308332855,0.550268603368,3.196840997868
    ));
#5320 = VECTOR('',#5321,1.);
#5321 = DIRECTION('',(-0.990268068742,1.819092931022E-16,-0.13917310096)
  );
#5322 = ORIENTED_EDGE('',*,*,#5126,.F.);
#5323 = ORIENTED_EDGE('',*,*,#5297,.T.);
#5324 = PLANE('',#5325);
#5325 = AXIS2_PLACEMENT_3D('',#5326,#5327,#5328);
#5326 = CARTESIAN_POINT('',(7.148308332855,0.550268603368,3.196840997868
    ));
#5327 = DIRECTION('',(0.139169600782,-7.092178509961E-03,-0.990243163684
    ));
#5328 = DIRECTION('',(0.990268068742,-2.712456995124E-15,0.13917310096)
  );
#5329 = ADVANCED_FACE('',(#5330),#5336,.F.);
#5330 = FACE_BOUND('',#5331,.T.);
#5331 = EDGE_LOOP('',(#5332,#5333,#5334,#5335));
#5332 = ORIENTED_EDGE('',*,*,#1415,.T.);
#5333 = ORIENTED_EDGE('',*,*,#5218,.F.);
#5334 = ORIENTED_EDGE('',*,*,#5134,.F.);
#5335 = ORIENTED_EDGE('',*,*,#5317,.T.);
#5336 = PLANE('',#5337);
#5337 = AXIS2_PLACEMENT_3D('',#5338,#5339,#5340);
#5338 = CARTESIAN_POINT('',(7.186584728411,0.548318011943,2.924490291841
    ));
#5339 = DIRECTION('',(9.870404757939E-04,0.999974850186,
    -7.02315791623E-03));
#5340 = DIRECTION('',(-3.109457949371E-18,7.023161337385E-03,
    0.999975337298));
#5341 = ADVANCED_FACE('',(#5342),#5367,.T.);
#5342 = FACE_BOUND('',#5343,.T.);
#5343 = EDGE_LOOP('',(#5344,#5354,#5360,#5361));
#5344 = ORIENTED_EDGE('',*,*,#5345,.F.);
#5345 = EDGE_CURVE('',#5346,#5348,#5350,.T.);
#5346 = VERTEX_POINT('',#5347);
#5347 = CARTESIAN_POINT('',(7.151797080518,0.627096850408,3.164831972916
    ));
#5348 = VERTEX_POINT('',#5349);
#5349 = CARTESIAN_POINT('',(7.151756068584,0.585547487901,3.165123787989
    ));
#5350 = LINE('',#5351,#5352);
#5351 = CARTESIAN_POINT('',(7.151797080354,0.627096850408,3.164831972893
    ));
#5352 = VECTOR('',#5353,1.);
#5353 = DIRECTION('',(-9.870404757806E-04,-0.999974850186,
    7.023157916232E-03));
#5354 = ORIENTED_EDGE('',*,*,#5355,.F.);
#5355 = EDGE_CURVE('',#5153,#5346,#5356,.T.);
#5356 = LINE('',#5357,#5358);
#5357 = CARTESIAN_POINT('',(7.152787348438,0.627096850408,3.164971145996
    ));
#5358 = VECTOR('',#5359,1.);
#5359 = DIRECTION('',(-0.990268068742,1.819092931022E-16,-0.13917310096)
  );
#5360 = ORIENTED_EDGE('',*,*,#5152,.T.);
#5361 = ORIENTED_EDGE('',*,*,#5362,.T.);
#5362 = EDGE_CURVE('',#5143,#5348,#5363,.T.);
#5363 = LINE('',#5364,#5365);
#5364 = CARTESIAN_POINT('',(7.152746336504,0.585547487901,3.165262961069
    ));
#5365 = VECTOR('',#5366,1.);
#5366 = DIRECTION('',(-0.990268068742,1.819092931022E-16,-0.13917310096)
  );
#5367 = PLANE('',#5368);
#5368 = AXIS2_PLACEMENT_3D('',#5369,#5370,#5371);
#5369 = CARTESIAN_POINT('',(7.152787348438,0.627096850408,3.164971145996
    ));
#5370 = DIRECTION('',(0.139169600782,-7.09217850996E-03,-0.990243163684)
  );
#5371 = DIRECTION('',(0.990268068742,-2.713107516428E-15,0.13917310096)
  );
#5372 = ADVANCED_FACE('',(#5373),#5391,.T.);
#5373 = FACE_BOUND('',#5374,.T.);
#5374 = EDGE_LOOP('',(#5375,#5383,#5384,#5385));
#5375 = ORIENTED_EDGE('',*,*,#5376,.F.);
#5376 = EDGE_CURVE('',#5348,#5377,#5379,.T.);
#5377 = VERTEX_POINT('',#5378);
#5378 = CARTESIAN_POINT('',(7.181265682336,0.584043657702,2.955151975776
    ));
#5379 = LINE('',#5380,#5381);
#5380 = CARTESIAN_POINT('',(7.15175606842,0.585547487901,3.165123787966)
  );
#5381 = VECTOR('',#5382,1.);
#5382 = DIRECTION('',(0.139169600782,-7.09217850996E-03,-0.990243163684)
  );
#5383 = ORIENTED_EDGE('',*,*,#5362,.F.);
#5384 = ORIENTED_EDGE('',*,*,#5142,.T.);
#5385 = ORIENTED_EDGE('',*,*,#5386,.T.);
#5386 = EDGE_CURVE('',#5145,#5377,#5387,.T.);
#5387 = LINE('',#5388,#5389);
#5388 = CARTESIAN_POINT('',(7.182255950257,0.584043657702,2.955291148856
    ));
#5389 = VECTOR('',#5390,1.);
#5390 = DIRECTION('',(-0.990268068742,1.819092931022E-16,-0.13917310096)
  );
#5391 = PLANE('',#5392);
#5392 = AXIS2_PLACEMENT_3D('',#5393,#5394,#5395);
#5393 = CARTESIAN_POINT('',(7.152746336504,0.585547487901,3.165262961069
    ));
#5394 = DIRECTION('',(9.870404757938E-04,0.999974850186,
    -7.02315791623E-03));
#5395 = DIRECTION('',(-2.120970499925E-18,7.023161337385E-03,
    0.999975337298));
#5396 = ADVANCED_FACE('',(#5397),#5415,.T.);
#5397 = FACE_BOUND('',#5398,.T.);
#5398 = EDGE_LOOP('',(#5399,#5407,#5408,#5409));
#5399 = ORIENTED_EDGE('',*,*,#5400,.F.);
#5400 = EDGE_CURVE('',#5377,#5401,#5403,.T.);
#5401 = VERTEX_POINT('',#5402);
#5402 = CARTESIAN_POINT('',(7.181305098205,0.623976039943,2.954871517296
    ));
#5403 = LINE('',#5404,#5405);
#5404 = CARTESIAN_POINT('',(7.181265682172,0.584043657702,2.955151975753
    ));
#5405 = VECTOR('',#5406,1.);
#5406 = DIRECTION('',(9.87040475767E-04,0.999974850186,
    -7.023157916226E-03));
#5407 = ORIENTED_EDGE('',*,*,#5386,.F.);
#5408 = ORIENTED_EDGE('',*,*,#5196,.T.);
#5409 = ORIENTED_EDGE('',*,*,#5410,.T.);
#5410 = EDGE_CURVE('',#5188,#5401,#5411,.T.);
#5411 = LINE('',#5412,#5413);
#5412 = CARTESIAN_POINT('',(7.182295366126,0.623976039943,2.955010690376
    ));
#5413 = VECTOR('',#5414,1.);
#5414 = DIRECTION('',(-0.990268068742,1.819092931022E-16,-0.13917310096)
  );
#5415 = PLANE('',#5416);
#5416 = AXIS2_PLACEMENT_3D('',#5417,#5418,#5419);
#5417 = CARTESIAN_POINT('',(7.182255950257,0.584043657702,2.955291148856
    ));
#5418 = DIRECTION('',(-0.139169600782,7.092178509953E-03,0.990243163684)
  );
#5419 = DIRECTION('',(-0.990268068742,2.71224015469E-15,-0.13917310096)
  );
#5420 = ADVANCED_FACE('',(#5421),#5440,.T.);
#5421 = FACE_BOUND('',#5422,.T.);
#5422 = EDGE_LOOP('',(#5423,#5432,#5433,#5434));
#5423 = ORIENTED_EDGE('',*,*,#5424,.F.);
#5424 = EDGE_CURVE('',#5401,#5425,#5427,.T.);
#5425 = VERTEX_POINT('',#5426);
#5426 = CARTESIAN_POINT('',(7.17739378687,0.705942434569,2.982701943544)
  );
#5427 = B_SPLINE_CURVE_WITH_KNOTS('',3,(#5428,#5429,#5430,#5431),
  .UNSPECIFIED.,.F.,.F.,(4,4),(2.,3.),.PIECEWISE_BEZIER_KNOTS.);
#5428 = CARTESIAN_POINT('',(7.181305098205,0.623976039943,2.954871517296
    ));
#5429 = CARTESIAN_POINT('',(7.181339586926,0.658916874404,2.954626116103
    ));
#5430 = CARTESIAN_POINT('',(7.180035839613,0.686262440443,2.963902760265
    ));
#5431 = CARTESIAN_POINT('',(7.17739378687,0.705942434569,2.982701943544)
  );
#5432 = ORIENTED_EDGE('',*,*,#5410,.F.);
#5433 = ORIENTED_EDGE('',*,*,#5187,.T.);
#5434 = ORIENTED_EDGE('',*,*,#5435,.T.);
#5435 = EDGE_CURVE('',#5179,#5425,#5436,.T.);
#5436 = LINE('',#5437,#5438);
#5437 = CARTESIAN_POINT('',(7.178384054791,0.705942434569,2.982841116624
    ));
#5438 = VECTOR('',#5439,1.);
#5439 = DIRECTION('',(-0.990268068742,1.819092931022E-16,-0.13917310096)
  );
#5440 = B_SPLINE_SURFACE_WITH_KNOTS('',3,1,(
    (#5441,#5442)
    ,(#5443,#5444)
    ,(#5445,#5446)
    ,(#5447,#5448
    )),.UNSPECIFIED.,.F.,.F.,.F.,(4,4),(2,2),(2.,3.),(0.,1.),
  .PIECEWISE_BEZIER_KNOTS.);
#5441 = CARTESIAN_POINT('',(7.182295366126,0.623976039943,2.955010690376
    ));
#5442 = CARTESIAN_POINT('',(7.181305098205,0.623976039943,2.954871517296
    ));
#5443 = CARTESIAN_POINT('',(7.182329855011,0.658916874404,2.954765289207
    ));
#5444 = CARTESIAN_POINT('',(7.18133958709,0.658916874404,2.954626116126)
  );
#5445 = CARTESIAN_POINT('',(7.181026107697,0.686262440443,2.964041933368
    ));
#5446 = CARTESIAN_POINT('',(7.180035839777,0.686262440443,2.963902760288
    ));
#5447 = CARTESIAN_POINT('',(7.178384054791,0.705942434569,2.982841116624
    ));
#5448 = CARTESIAN_POINT('',(7.17739378687,0.705942434569,2.982701943544)
  );
#5449 = ADVANCED_FACE('',(#5450),#5469,.T.);
#5450 = FACE_BOUND('',#5451,.T.);
#5451 = EDGE_LOOP('',(#5452,#5461,#5462,#5463));
#5452 = ORIENTED_EDGE('',*,*,#5453,.F.);
#5453 = EDGE_CURVE('',#5425,#5454,#5456,.T.);
#5454 = VERTEX_POINT('',#5455);
#5455 = CARTESIAN_POINT('',(7.166288197978,0.735896719978,3.061722314492
    ));
#5456 = B_SPLINE_CURVE_WITH_KNOTS('',3,(#5457,#5458,#5459,#5460),
  .UNSPECIFIED.,.F.,.F.,(4,4),(3.,4.),.PIECEWISE_BEZIER_KNOTS.);
#5457 = CARTESIAN_POINT('',(7.17739378687,0.705942434569,2.982701943544)
  );
#5458 = CARTESIAN_POINT('',(7.174771371903,0.72569173495,3.001361394412)
  );
#5459 = CARTESIAN_POINT('',(7.171062962904,0.735653394668,3.027748095517
    ));
#5460 = CARTESIAN_POINT('',(7.166288197978,0.735896719978,3.061722314492
    ));
#5461 = ORIENTED_EDGE('',*,*,#5435,.F.);
#5462 = ORIENTED_EDGE('',*,*,#5178,.T.);
#5463 = ORIENTED_EDGE('',*,*,#5464,.T.);
#5464 = EDGE_CURVE('',#5170,#5454,#5465,.T.);
#5465 = LINE('',#5466,#5467);
#5466 = CARTESIAN_POINT('',(7.167278465899,0.735896719978,3.061861487572
    ));
#5467 = VECTOR('',#5468,1.);
#5468 = DIRECTION('',(-0.990268068742,1.819092931022E-16,-0.13917310096)
  );
#5469 = B_SPLINE_SURFACE_WITH_KNOTS('',3,1,(
    (#5470,#5471)
    ,(#5472,#5473)
    ,(#5474,#5475)
    ,(#5476,#5477
    )),.UNSPECIFIED.,.F.,.F.,.F.,(4,4),(2,2),(3.,4.),(0.,1.),
  .PIECEWISE_BEZIER_KNOTS.);
#5470 = CARTESIAN_POINT('',(7.178384054791,0.705942434569,2.982841116624
    ));
#5471 = CARTESIAN_POINT('',(7.17739378687,0.705942434569,2.982701943544)
  );
#5472 = CARTESIAN_POINT('',(7.175761639987,0.72569173495,3.001500567515)
  );
#5473 = CARTESIAN_POINT('',(7.174771372067,0.72569173495,3.001361394435)
  );
#5474 = CARTESIAN_POINT('',(7.172053230989,0.735653394668,3.02788726862)
  );
#5475 = CARTESIAN_POINT('',(7.171062963068,0.735653394668,3.02774809554)
  );
#5476 = CARTESIAN_POINT('',(7.167278465899,0.735896719978,3.061861487572
    ));
#5477 = CARTESIAN_POINT('',(7.166288197978,0.735896719978,3.061722314492
    ));
#5478 = ADVANCED_FACE('',(#5479),#5498,.T.);
#5479 = FACE_BOUND('',#5480,.T.);
#5480 = EDGE_LOOP('',(#5481,#5490,#5491,#5492));
#5481 = ORIENTED_EDGE('',*,*,#5482,.F.);
#5482 = EDGE_CURVE('',#5454,#5483,#5485,.T.);
#5483 = VERTEX_POINT('',#5484);
#5484 = CARTESIAN_POINT('',(7.155476068859,0.706285999245,3.138654609471
    ));
#5485 = B_SPLINE_CURVE_WITH_KNOTS('',3,(#5486,#5487,#5488,#5489),
  .UNSPECIFIED.,.F.,.F.,(4,4),(4.,5.),.PIECEWISE_BEZIER_KNOTS.);
#5486 = CARTESIAN_POINT('',(7.166288197978,0.735896719978,3.061722314492
    ));
#5487 = CARTESIAN_POINT('',(7.161513432725,0.736140045289,3.095696533421
    ));
#5488 = CARTESIAN_POINT('',(7.157902866836,0.726270137455,3.121387044623
    ));
#5489 = CARTESIAN_POINT('',(7.155476068859,0.706285999245,3.138654609471
    ));
#5490 = ORIENTED_EDGE('',*,*,#5464,.F.);
#5491 = ORIENTED_EDGE('',*,*,#5169,.T.);
#5492 = ORIENTED_EDGE('',*,*,#5493,.T.);
#5493 = EDGE_CURVE('',#5161,#5483,#5494,.T.);
#5494 = LINE('',#5495,#5496);
#5495 = CARTESIAN_POINT('',(7.156466336944,0.706285999245,3.138793782574
    ));
#5496 = VECTOR('',#5497,1.);
#5497 = DIRECTION('',(-0.990268068742,1.819092931022E-16,-0.13917310096)
  );
#5498 = B_SPLINE_SURFACE_WITH_KNOTS('',3,1,(
    (#5499,#5500)
    ,(#5501,#5502)
    ,(#5503,#5504)
    ,(#5505,#5506
    )),.UNSPECIFIED.,.F.,.F.,.F.,(4,4),(2,2),(4.,5.),(0.,1.),
  .PIECEWISE_BEZIER_KNOTS.);
#5499 = CARTESIAN_POINT('',(7.167278465899,0.735896719978,3.061861487572
    ));
#5500 = CARTESIAN_POINT('',(7.166288197814,0.735896719978,3.061722314469
    ));
#5501 = CARTESIAN_POINT('',(7.162503700809,0.736140045289,3.095835706525
    ));
#5502 = CARTESIAN_POINT('',(7.161513432725,0.736140045289,3.095696533421
    ));
#5503 = CARTESIAN_POINT('',(7.158893134921,0.726270137455,3.121526217727
    ));
#5504 = CARTESIAN_POINT('',(7.157902866836,0.726270137455,3.121387044623
    ));
#5505 = CARTESIAN_POINT('',(7.156466336944,0.706285999245,3.138793782574
    ));
#5506 = CARTESIAN_POINT('',(7.155476068859,0.706285999245,3.138654609471
    ));
#5507 = ADVANCED_FACE('',(#5508),#5520,.T.);
#5508 = FACE_BOUND('',#5509,.T.);
#5509 = EDGE_LOOP('',(#5510,#5517,#5518,#5519));
#5510 = ORIENTED_EDGE('',*,*,#5511,.F.);
#5511 = EDGE_CURVE('',#5483,#5346,#5512,.T.);
#5512 = B_SPLINE_CURVE_WITH_KNOTS('',3,(#5513,#5514,#5515,#5516),
  .UNSPECIFIED.,.F.,.F.,(4,4),(5.,6.),.PIECEWISE_BEZIER_KNOTS.);
#5513 = CARTESIAN_POINT('',(7.155476068859,0.706285999245,3.138654609471
    ));
#5514 = CARTESIAN_POINT('',(7.153049270882,0.686301861034,3.15592217432)
  );
#5515 = CARTESIAN_POINT('',(7.151829418021,0.659858276684,3.164601878436
    ));
#5516 = CARTESIAN_POINT('',(7.151797080518,0.627096850408,3.164831972916
    ));
#5517 = ORIENTED_EDGE('',*,*,#5493,.F.);
#5518 = ORIENTED_EDGE('',*,*,#5160,.T.);
#5519 = ORIENTED_EDGE('',*,*,#5355,.T.);
#5520 = B_SPLINE_SURFACE_WITH_KNOTS('',3,1,(
    (#5521,#5522)
    ,(#5523,#5524)
    ,(#5525,#5526)
    ,(#5527,#5528
    )),.UNSPECIFIED.,.F.,.F.,.F.,(4,4),(2,2),(5.,6.),(0.,1.),
  .PIECEWISE_BEZIER_KNOTS.);
#5521 = CARTESIAN_POINT('',(7.156466336944,0.706285999245,3.138793782574
    ));
#5522 = CARTESIAN_POINT('',(7.155476068859,0.706285999245,3.138654609471
    ));
#5523 = CARTESIAN_POINT('',(7.154039538967,0.686301861034,3.156061347423
    ));
#5524 = CARTESIAN_POINT('',(7.153049270882,0.686301861034,3.15592217432)
  );
#5525 = CARTESIAN_POINT('',(7.152819686105,0.659858276684,3.164741051539
    ));
#5526 = CARTESIAN_POINT('',(7.151829418021,0.659858276684,3.164601878436
    ));
#5527 = CARTESIAN_POINT('',(7.152787348438,0.627096850408,3.164971145996
    ));
#5528 = CARTESIAN_POINT('',(7.151797080354,0.627096850408,3.164831972893
    ));
#5529 = ADVANCED_FACE('',(#5530),#5539,.T.);
#5530 = FACE_BOUND('',#5531,.T.);
#5531 = EDGE_LOOP('',(#5532,#5533,#5534,#5535,#5536,#5537,#5538));
#5532 = ORIENTED_EDGE('',*,*,#5511,.T.);
#5533 = ORIENTED_EDGE('',*,*,#5345,.T.);
#5534 = ORIENTED_EDGE('',*,*,#5376,.T.);
#5535 = ORIENTED_EDGE('',*,*,#5400,.T.);
#5536 = ORIENTED_EDGE('',*,*,#5424,.T.);
#5537 = ORIENTED_EDGE('',*,*,#5453,.T.);
#5538 = ORIENTED_EDGE('',*,*,#5482,.T.);
#5539 = PLANE('',#5540);
#5540 = AXIS2_PLACEMENT_3D('',#5541,#5542,#5543);
#5541 = CARTESIAN_POINT('',(7.596585207684,5.100000082177,0.));
#5542 = DIRECTION('',(0.990268068742,-1.819092931022E-16,0.13917310096)
  );
#5543 = DIRECTION('',(-0.13917310096,2.556568389271E-17,0.990268068742)
  );
#5544 = ADVANCED_FACE('',(#5545,#5611),#5663,.F.);
#5545 = FACE_BOUND('',#5546,.T.);
#5546 = EDGE_LOOP('',(#5547,#5557,#5565,#5573,#5581,#5589,#5597,#5605));
#5547 = ORIENTED_EDGE('',*,*,#5548,.T.);
#5548 = EDGE_CURVE('',#5549,#5551,#5553,.T.);
#5549 = VERTEX_POINT('',#5550);
#5550 = CARTESIAN_POINT('',(7.187065074616,1.034958768769,2.921072450999
    ));
#5551 = VERTEX_POINT('',#5552);
#5552 = CARTESIAN_POINT('',(7.148685281798,0.932157160299,3.194158866771
    ));
#5553 = LINE('',#5554,#5555);
#5554 = CARTESIAN_POINT('',(7.148685281798,0.932157160299,3.194158866771
    ));
#5555 = VECTOR('',#5556,1.);
#5556 = DIRECTION('',(-0.130406767653,-0.349299057802,0.927892366155));
#5557 = ORIENTED_EDGE('',*,*,#5558,.T.);
#5558 = EDGE_CURVE('',#5551,#5559,#5561,.T.);
#5559 = VERTEX_POINT('',#5560);
#5560 = CARTESIAN_POINT('',(7.148647808965,0.894193275774,3.194425499833
    ));
#5561 = LINE('',#5562,#5563);
#5562 = CARTESIAN_POINT('',(7.148647808965,0.894193275774,3.194425499833
    ));
#5563 = VECTOR('',#5564,1.);
#5564 = DIRECTION('',(-9.870404757933E-04,-0.999974850186,
    7.023157916219E-03));
#5565 = ORIENTED_EDGE('',*,*,#5566,.T.);
#5566 = EDGE_CURVE('',#5559,#5567,#5569,.T.);
#5567 = VERTEX_POINT('',#5568);
#5568 = CARTESIAN_POINT('',(7.18682080726,0.787490484455,2.922810503551)
  );
#5569 = LINE('',#5570,#5571);
#5570 = CARTESIAN_POINT('',(7.18682080726,0.787490484455,2.922810503551)
  );
#5571 = VECTOR('',#5572,1.);
#5572 = DIRECTION('',(0.12970412172,-0.362554487498,-0.922892780557));
#5573 = ORIENTED_EDGE('',*,*,#5574,.T.);
#5574 = EDGE_CURVE('',#5567,#5575,#5577,.T.);
#5575 = VERTEX_POINT('',#5576);
#5576 = CARTESIAN_POINT('',(7.186859529187,0.826719831796,2.922534982721
    ));
#5577 = LINE('',#5578,#5579);
#5578 = CARTESIAN_POINT('',(7.186859529187,0.826719831796,2.922534982721
    ));
#5579 = VECTOR('',#5580,1.);
#5580 = DIRECTION('',(9.870404757558E-04,0.999974850186,
    -7.023157916234E-03));
#5581 = ORIENTED_EDGE('',*,*,#5582,.T.);
#5582 = EDGE_CURVE('',#5575,#5583,#5585,.T.);
#5583 = VERTEX_POINT('',#5584);
#5584 = CARTESIAN_POINT('',(7.176416361861,0.853687464645,2.996841979318
    ));
#5585 = LINE('',#5586,#5587);
#5586 = CARTESIAN_POINT('',(7.176416361861,0.853687464645,2.996841979318
    ));
#5587 = VECTOR('',#5588,1.);
#5588 = DIRECTION('',(-0.13097166448,0.33821116248,0.931911815934));
#5589 = ORIENTED_EDGE('',*,*,#5590,.T.);
#5590 = EDGE_CURVE('',#5583,#5591,#5593,.T.);
#5591 = VERTEX_POINT('',#5592);
#5592 = CARTESIAN_POINT('',(7.176529404908,0.968211849631,2.996037636248
    ));
#5593 = LINE('',#5594,#5595);
#5594 = CARTESIAN_POINT('',(7.176529404908,0.968211849631,2.996037636248
    ));
#5595 = VECTOR('',#5596,1.);
#5596 = DIRECTION('',(9.870404757935E-04,0.999974850186,
    -7.023157916232E-03));
#5597 = ORIENTED_EDGE('',*,*,#5598,.T.);
#5598 = EDGE_CURVE('',#5591,#5599,#5601,.T.);
#5599 = VERTEX_POINT('',#5600);
#5600 = CARTESIAN_POINT('',(7.187026352689,0.995729421425,2.92134797183)
  );
#5601 = LINE('',#5602,#5603);
#5602 = CARTESIAN_POINT('',(7.187026352689,0.995729421425,2.92134797183)
  );
#5603 = VECTOR('',#5604,1.);
#5604 = DIRECTION('',(0.13074335232,0.342741495825,-0.930287290499));
#5605 = ORIENTED_EDGE('',*,*,#5606,.T.);
#5606 = EDGE_CURVE('',#5599,#5549,#5607,.T.);
#5607 = LINE('',#5608,#5609);
#5608 = CARTESIAN_POINT('',(7.187065074616,1.034958768769,2.921072450999
    ));
#5609 = VECTOR('',#5610,1.);
#5610 = DIRECTION('',(9.870404757971E-04,0.999974850186,
    -7.023157916231E-03));
#5611 = FACE_BOUND('',#5612,.T.);
#5612 = EDGE_LOOP('',(#5613,#5623,#5631,#5640,#5648,#5657));
#5613 = ORIENTED_EDGE('',*,*,#5614,.F.);
#5614 = EDGE_CURVE('',#5615,#5617,#5619,.T.);
#5615 = VERTEX_POINT('',#5616);
#5616 = CARTESIAN_POINT('',(7.172102780149,0.865156411932,3.02753470803)
  );
#5617 = VERTEX_POINT('',#5618);
#5618 = CARTESIAN_POINT('',(7.172193894648,0.957464894121,3.026886394678
    ));
#5619 = LINE('',#5620,#5621);
#5620 = CARTESIAN_POINT('',(7.172102780149,0.865156411932,3.02753470803)
  );
#5621 = VECTOR('',#5622,1.);
#5622 = DIRECTION('',(9.870404757946E-04,0.999974850186,
    -7.023157916231E-03));
#5623 = ORIENTED_EDGE('',*,*,#5624,.F.);
#5624 = EDGE_CURVE('',#5625,#5615,#5627,.T.);
#5625 = VERTEX_POINT('',#5626);
#5626 = CARTESIAN_POINT('',(7.156234014988,0.907094705459,3.140446839185
    ));
#5627 = LINE('',#5628,#5629);
#5628 = CARTESIAN_POINT('',(7.156234014988,0.907094705459,3.140446839185
    ));
#5629 = VECTOR('',#5630,1.);
#5630 = DIRECTION('',(0.130618015204,-0.345199932453,-0.929395470582));
#5631 = ORIENTED_EDGE('',*,*,#5632,.F.);
#5632 = EDGE_CURVE('',#5633,#5625,#5635,.T.);
#5633 = VERTEX_POINT('',#5634);
#5634 = CARTESIAN_POINT('',(7.153557543027,0.911730749989,3.15949092674)
  );
#5635 = B_SPLINE_CURVE_WITH_KNOTS('',3,(#5636,#5637,#5638,#5639),
  .UNSPECIFIED.,.F.,.F.,(4,4),(3.,4.),.PIECEWISE_BEZIER_KNOTS.);
#5636 = CARTESIAN_POINT('',(7.153557543027,0.911730749989,3.15949092674)
  );
#5637 = CARTESIAN_POINT('',(7.154710778392,0.910336146823,3.151285230741
    ));
#5638 = CARTESIAN_POINT('',(7.155609481747,0.908813900732,3.1448906241)
  );
#5639 = CARTESIAN_POINT('',(7.156234014988,0.907094705459,3.140446839185
    ));
#5640 = ORIENTED_EDGE('',*,*,#5641,.F.);
#5641 = EDGE_CURVE('',#5642,#5633,#5644,.T.);
#5642 = VERTEX_POINT('',#5643);
#5643 = CARTESIAN_POINT('',(7.153558375757,0.912574391867,3.159485001561
    ));
#5644 = LINE('',#5645,#5646);
#5645 = CARTESIAN_POINT('',(7.153558375757,0.912574391867,3.159485001561
    ));
#5646 = VECTOR('',#5647,1.);
#5647 = DIRECTION('',(-9.870404753146E-04,-0.999974850186,
    7.023157916344E-03));
#5648 = ORIENTED_EDGE('',*,*,#5649,.F.);
#5649 = EDGE_CURVE('',#5650,#5642,#5652,.T.);
#5650 = VERTEX_POINT('',#5651);
#5651 = CARTESIAN_POINT('',(7.156243521985,0.91672628357,3.14037919339)
  );
#5652 = B_SPLINE_CURVE_WITH_KNOTS('',3,(#5653,#5654,#5655,#5656),
  .UNSPECIFIED.,.F.,.F.,(4,4),(1.,2.),.PIECEWISE_BEZIER_KNOTS.);
#5653 = CARTESIAN_POINT('',(7.156243521985,0.91672628357,3.14037919339)
  );
#5654 = CARTESIAN_POINT('',(7.155713848343,0.915417442604,3.144148017184
    ));
#5655 = CARTESIAN_POINT('',(7.154831868538,0.914056248376,3.150423629585
    ));
#5656 = CARTESIAN_POINT('',(7.153558375757,0.912574391867,3.159485001561
    ));
#5657 = ORIENTED_EDGE('',*,*,#5658,.F.);
#5658 = EDGE_CURVE('',#5617,#5650,#5659,.T.);
#5659 = LINE('',#5660,#5661);
#5660 = CARTESIAN_POINT('',(7.172193894648,0.957464894121,3.026886394678
    ));
#5661 = VECTOR('',#5662,1.);
#5662 = DIRECTION('',(-0.131134896899,-0.334929697693,0.933073274946));
#5663 = PLANE('',#5664);
#5664 = AXIS2_PLACEMENT_3D('',#5665,#5666,#5667);
#5665 = CARTESIAN_POINT('',(7.328344258038,-4.470676292464E-14,
    1.915818826876));
#5666 = DIRECTION('',(-0.990268068742,3.348045920421E-15,-0.13917310096)
  );
#5667 = DIRECTION('',(0.13917310096,-2.556568389271E-17,-0.990268068742)
  );
#5668 = ADVANCED_FACE('',(#5669),#5685,.F.);
#5669 = FACE_BOUND('',#5670,.T.);
#5670 = EDGE_LOOP('',(#5671,#5672,#5678,#5679));
#5671 = ORIENTED_EDGE('',*,*,#1339,.T.);
#5672 = ORIENTED_EDGE('',*,*,#5673,.F.);
#5673 = EDGE_CURVE('',#5551,#1342,#5674,.T.);
#5674 = LINE('',#5675,#5676);
#5675 = CARTESIAN_POINT('',(7.148685281798,0.932157160299,3.194158866771
    ));
#5676 = VECTOR('',#5677,1.);
#5677 = DIRECTION('',(-0.990268068742,1.819092931022E-16,-0.13917310096)
  );
#5678 = ORIENTED_EDGE('',*,*,#5548,.F.);
#5679 = ORIENTED_EDGE('',*,*,#5680,.T.);
#5680 = EDGE_CURVE('',#5549,#1340,#5681,.T.);
#5681 = LINE('',#5682,#5683);
#5682 = CARTESIAN_POINT('',(7.187065074616,1.034958768769,2.921072450999
    ));
#5683 = VECTOR('',#5684,1.);
#5684 = DIRECTION('',(-0.990268068742,1.819092931022E-16,-0.13917310096)
  );
#5685 = PLANE('',#5686);
#5686 = AXIS2_PLACEMENT_3D('',#5687,#5688,#5689);
#5687 = CARTESIAN_POINT('',(7.148685281798,0.932157160299,3.194158866771
    ));
#5688 = DIRECTION('',(4.861303303668E-02,-0.937011295673,-0.345899703382
    ));
#5689 = DIRECTION('',(1.312838726619E-14,0.346309148991,-0.938120447131)
  );
#5690 = ADVANCED_FACE('',(#5691),#5702,.F.);
#5691 = FACE_BOUND('',#5692,.T.);
#5692 = EDGE_LOOP('',(#5693,#5694,#5700,#5701));
#5693 = ORIENTED_EDGE('',*,*,#1397,.T.);
#5694 = ORIENTED_EDGE('',*,*,#5695,.F.);
#5695 = EDGE_CURVE('',#5559,#1390,#5696,.T.);
#5696 = LINE('',#5697,#5698);
#5697 = CARTESIAN_POINT('',(7.148647808965,0.894193275774,3.194425499833
    ));
#5698 = VECTOR('',#5699,1.);
#5699 = DIRECTION('',(-0.990268068742,1.819092931022E-16,-0.13917310096)
  );
#5700 = ORIENTED_EDGE('',*,*,#5558,.F.);
#5701 = ORIENTED_EDGE('',*,*,#5673,.T.);
#5702 = PLANE('',#5703);
#5703 = AXIS2_PLACEMENT_3D('',#5704,#5705,#5706);
#5704 = CARTESIAN_POINT('',(7.148647808965,0.894193275774,3.194425499833
    ));
#5705 = DIRECTION('',(0.139169600782,-7.092178509949E-03,-0.990243163684
    ));
#5706 = DIRECTION('',(0.990268068742,-2.712673835559E-15,0.13917310096)
  );
#5707 = ADVANCED_FACE('',(#5708),#5719,.F.);
#5708 = FACE_BOUND('',#5709,.T.);
#5709 = EDGE_LOOP('',(#5710,#5711,#5717,#5718));
#5710 = ORIENTED_EDGE('',*,*,#1389,.T.);
#5711 = ORIENTED_EDGE('',*,*,#5712,.F.);
#5712 = EDGE_CURVE('',#5567,#1382,#5713,.T.);
#5713 = LINE('',#5714,#5715);
#5714 = CARTESIAN_POINT('',(7.18682080726,0.787490484455,2.922810503551)
  );
#5715 = VECTOR('',#5716,1.);
#5716 = DIRECTION('',(-0.990268068742,1.819092931022E-16,-0.13917310096)
  );
#5717 = ORIENTED_EDGE('',*,*,#5566,.F.);
#5718 = ORIENTED_EDGE('',*,*,#5695,.T.);
#5719 = PLANE('',#5720);
#5720 = AXIS2_PLACEMENT_3D('',#5721,#5722,#5723);
#5721 = CARTESIAN_POINT('',(7.18682080726,0.787490484455,2.922810503551)
  );
#5722 = DIRECTION('',(5.045783229207E-02,0.931962576285,-0.359026132148)
  );
#5723 = DIRECTION('',(3.330669073875E-15,0.359484045698,0.933151231521)
  );
#5724 = ADVANCED_FACE('',(#5725),#5736,.F.);
#5725 = FACE_BOUND('',#5726,.T.);
#5726 = EDGE_LOOP('',(#5727,#5728,#5734,#5735));
#5727 = ORIENTED_EDGE('',*,*,#1381,.T.);
#5728 = ORIENTED_EDGE('',*,*,#5729,.F.);
#5729 = EDGE_CURVE('',#5575,#1374,#5730,.T.);
#5730 = LINE('',#5731,#5732);
#5731 = CARTESIAN_POINT('',(7.186859529187,0.826719831796,2.922534982721
    ));
#5732 = VECTOR('',#5733,1.);
#5733 = DIRECTION('',(-0.990268068742,1.819092931022E-16,-0.13917310096)
  );
#5734 = ORIENTED_EDGE('',*,*,#5574,.F.);
#5735 = ORIENTED_EDGE('',*,*,#5712,.T.);
#5736 = PLANE('',#5737);
#5737 = AXIS2_PLACEMENT_3D('',#5738,#5739,#5740);
#5738 = CARTESIAN_POINT('',(7.186859529187,0.826719831796,2.922534982721
    ));
#5739 = DIRECTION('',(-0.139169600782,7.09217850996E-03,0.990243163684)
  );
#5740 = DIRECTION('',(-0.990268068742,2.712673835559E-15,-0.13917310096)
  );
#5741 = ADVANCED_FACE('',(#5742),#5753,.F.);
#5742 = FACE_BOUND('',#5743,.T.);
#5743 = EDGE_LOOP('',(#5744,#5745,#5751,#5752));
#5744 = ORIENTED_EDGE('',*,*,#1373,.T.);
#5745 = ORIENTED_EDGE('',*,*,#5746,.F.);
#5746 = EDGE_CURVE('',#5583,#1366,#5747,.T.);
#5747 = LINE('',#5748,#5749);
#5748 = CARTESIAN_POINT('',(7.176416361861,0.853687464645,2.996841979318
    ));
#5749 = VECTOR('',#5750,1.);
#5750 = DIRECTION('',(-0.990268068742,1.819092931022E-16,-0.13917310096)
  );
#5751 = ORIENTED_EDGE('',*,*,#5582,.F.);
#5752 = ORIENTED_EDGE('',*,*,#5729,.T.);
#5753 = PLANE('',#5754);
#5754 = AXIS2_PLACEMENT_3D('',#5755,#5756,#5757);
#5755 = CARTESIAN_POINT('',(7.176416361861,0.853687464645,2.996841979318
    ));
#5756 = DIRECTION('',(-4.70698962616E-02,-0.941070246886,0.334919714696)
  );
#5757 = DIRECTION('',(-1.888940392991E-14,-0.335291352249,
    -0.942114488322));
#5758 = ADVANCED_FACE('',(#5759),#5770,.F.);
#5759 = FACE_BOUND('',#5760,.T.);
#5760 = EDGE_LOOP('',(#5761,#5762,#5768,#5769));
#5761 = ORIENTED_EDGE('',*,*,#1365,.T.);
#5762 = ORIENTED_EDGE('',*,*,#5763,.F.);
#5763 = EDGE_CURVE('',#5591,#1358,#5764,.T.);
#5764 = LINE('',#5765,#5766);
#5765 = CARTESIAN_POINT('',(7.176529404908,0.968211849631,2.996037636248
    ));
#5766 = VECTOR('',#5767,1.);
#5767 = DIRECTION('',(-0.990268068742,1.819092931022E-16,-0.13917310096)
  );
#5768 = ORIENTED_EDGE('',*,*,#5590,.F.);
#5769 = ORIENTED_EDGE('',*,*,#5746,.T.);
#5770 = PLANE('',#5771);
#5771 = AXIS2_PLACEMENT_3D('',#5772,#5773,#5774);
#5772 = CARTESIAN_POINT('',(7.176529404908,0.968211849631,2.996037636248
    ));
#5773 = DIRECTION('',(-0.139169600782,7.092178509962E-03,0.990243163684)
  );
#5774 = DIRECTION('',(-0.990268068742,2.712673835559E-15,-0.13917310096)
  );
#5775 = ADVANCED_FACE('',(#5776),#5787,.F.);
#5776 = FACE_BOUND('',#5777,.T.);
#5777 = EDGE_LOOP('',(#5778,#5779,#5785,#5786));
#5778 = ORIENTED_EDGE('',*,*,#1357,.T.);
#5779 = ORIENTED_EDGE('',*,*,#5780,.F.);
#5780 = EDGE_CURVE('',#5599,#1350,#5781,.T.);
#5781 = LINE('',#5782,#5783);
#5782 = CARTESIAN_POINT('',(7.187026352689,0.995729421425,2.92134797183)
  );
#5783 = VECTOR('',#5784,1.);
#5784 = DIRECTION('',(-0.990268068742,1.819092931022E-16,-0.13917310096)
  );
#5785 = ORIENTED_EDGE('',*,*,#5598,.F.);
#5786 = ORIENTED_EDGE('',*,*,#5763,.T.);
#5787 = PLANE('',#5788);
#5788 = AXIS2_PLACEMENT_3D('',#5789,#5790,#5791);
#5789 = CARTESIAN_POINT('',(7.187026352689,0.995729421425,2.92134797183)
  );
#5790 = DIRECTION('',(-4.770039680161E-02,0.93942975631,0.339405959148)
  );
#5791 = DIRECTION('',(-3.579775365026E-14,-0.339792749245,0.940500338947
    ));
#5792 = ADVANCED_FACE('',(#5793),#5799,.F.);
#5793 = FACE_BOUND('',#5794,.T.);
#5794 = EDGE_LOOP('',(#5795,#5796,#5797,#5798));
#5795 = ORIENTED_EDGE('',*,*,#1349,.T.);
#5796 = ORIENTED_EDGE('',*,*,#5680,.F.);
#5797 = ORIENTED_EDGE('',*,*,#5606,.F.);
#5798 = ORIENTED_EDGE('',*,*,#5780,.T.);
#5799 = PLANE('',#5800);
#5800 = AXIS2_PLACEMENT_3D('',#5801,#5802,#5803);
#5801 = CARTESIAN_POINT('',(7.187065074616,1.034958768769,2.921072450999
    ));
#5802 = DIRECTION('',(-0.139169600782,7.092178509962E-03,0.990243163684)
  );
#5803 = DIRECTION('',(-0.990268068742,2.712890675993E-15,-0.13917310096)
  );
#5804 = ADVANCED_FACE('',(#5805),#5830,.T.);
#5805 = FACE_BOUND('',#5806,.T.);
#5806 = EDGE_LOOP('',(#5807,#5817,#5823,#5824));
#5807 = ORIENTED_EDGE('',*,*,#5808,.F.);
#5808 = EDGE_CURVE('',#5809,#5811,#5813,.T.);
#5809 = VERTEX_POINT('',#5810);
#5810 = CARTESIAN_POINT('',(7.171112512231,0.865156411923,3.027395534927
    ));
#5811 = VERTEX_POINT('',#5812);
#5812 = CARTESIAN_POINT('',(7.171203626564,0.957464894121,3.026747221574
    ));
#5813 = LINE('',#5814,#5815);
#5814 = CARTESIAN_POINT('',(7.171112512064,0.865156411932,3.027395534927
    ));
#5815 = VECTOR('',#5816,1.);
#5816 = DIRECTION('',(9.870404757946E-04,0.999974850186,
    -7.023157916231E-03));
#5817 = ORIENTED_EDGE('',*,*,#5818,.F.);
#5818 = EDGE_CURVE('',#5615,#5809,#5819,.T.);
#5819 = LINE('',#5820,#5821);
#5820 = CARTESIAN_POINT('',(7.172102780149,0.865156411932,3.02753470803)
  );
#5821 = VECTOR('',#5822,1.);
#5822 = DIRECTION('',(-0.990268068742,1.819092931022E-16,-0.13917310096)
  );
#5823 = ORIENTED_EDGE('',*,*,#5614,.T.);
#5824 = ORIENTED_EDGE('',*,*,#5825,.T.);
#5825 = EDGE_CURVE('',#5617,#5811,#5826,.T.);
#5826 = LINE('',#5827,#5828);
#5827 = CARTESIAN_POINT('',(7.172193894648,0.957464894121,3.026886394678
    ));
#5828 = VECTOR('',#5829,1.);
#5829 = DIRECTION('',(-0.990268068742,1.819092931022E-16,-0.13917310096)
  );
#5830 = PLANE('',#5831);
#5831 = AXIS2_PLACEMENT_3D('',#5832,#5833,#5834);
#5832 = CARTESIAN_POINT('',(7.172102780149,0.865156411932,3.02753470803)
  );
#5833 = DIRECTION('',(-0.139169600782,7.092178509961E-03,0.990243163684)
  );
#5834 = DIRECTION('',(-0.990268068742,2.712023314255E-15,-0.13917310096)
  );
#5835 = ADVANCED_FACE('',(#5836),#5854,.T.);
#5836 = FACE_BOUND('',#5837,.T.);
#5837 = EDGE_LOOP('',(#5838,#5846,#5847,#5848));
#5838 = ORIENTED_EDGE('',*,*,#5839,.F.);
#5839 = EDGE_CURVE('',#5811,#5840,#5842,.T.);
#5840 = VERTEX_POINT('',#5841);
#5841 = CARTESIAN_POINT('',(7.1552532539,0.91672628357,3.140240020287));
#5842 = LINE('',#5843,#5844);
#5843 = CARTESIAN_POINT('',(7.171203626564,0.957464894121,3.026747221574
    ));
#5844 = VECTOR('',#5845,1.);
#5845 = DIRECTION('',(-0.131134896899,-0.334929697693,0.933073274946));
#5846 = ORIENTED_EDGE('',*,*,#5825,.F.);
#5847 = ORIENTED_EDGE('',*,*,#5658,.T.);
#5848 = ORIENTED_EDGE('',*,*,#5849,.T.);
#5849 = EDGE_CURVE('',#5650,#5840,#5850,.T.);
#5850 = LINE('',#5851,#5852);
#5851 = CARTESIAN_POINT('',(7.156243521985,0.91672628357,3.14037919339)
  );
#5852 = VECTOR('',#5853,1.);
#5853 = DIRECTION('',(-0.990268068742,1.819092931022E-16,-0.13917310096)
  );
#5854 = PLANE('',#5855);
#5855 = AXIS2_PLACEMENT_3D('',#5856,#5857,#5858);
#5856 = CARTESIAN_POINT('',(7.172193894648,0.957464894121,3.026886394678
    ));
#5857 = DIRECTION('',(4.661320463153E-02,-0.942243120221,-0.331670184898
    ));
#5858 = DIRECTION('',(3.951700078275E-14,0.332031098117,-0.943268439991)
  );
#5859 = ADVANCED_FACE('',(#5860),#5879,.T.);
#5860 = FACE_BOUND('',#5861,.T.);
#5861 = EDGE_LOOP('',(#5862,#5871,#5872,#5873));
#5862 = ORIENTED_EDGE('',*,*,#5863,.F.);
#5863 = EDGE_CURVE('',#5840,#5864,#5866,.T.);
#5864 = VERTEX_POINT('',#5865);
#5865 = CARTESIAN_POINT('',(7.152568107672,0.912574391867,3.159345828458
    ));
#5866 = B_SPLINE_CURVE_WITH_KNOTS('',3,(#5867,#5868,#5869,#5870),
  .UNSPECIFIED.,.F.,.F.,(4,4),(1.,2.),.PIECEWISE_BEZIER_KNOTS.);
#5867 = CARTESIAN_POINT('',(7.1552532539,0.91672628357,3.140240020287));
#5868 = CARTESIAN_POINT('',(7.154723580258,0.915417442604,3.144008844081
    ));
#5869 = CARTESIAN_POINT('',(7.153841600453,0.914056248376,3.150284456482
    ));
#5870 = CARTESIAN_POINT('',(7.152568107672,0.912574391867,3.159345828458
    ));
#5871 = ORIENTED_EDGE('',*,*,#5849,.F.);
#5872 = ORIENTED_EDGE('',*,*,#5649,.T.);
#5873 = ORIENTED_EDGE('',*,*,#5874,.T.);
#5874 = EDGE_CURVE('',#5642,#5864,#5875,.T.);
#5875 = LINE('',#5876,#5877);
#5876 = CARTESIAN_POINT('',(7.153558375757,0.912574391867,3.159485001561
    ));
#5877 = VECTOR('',#5878,1.);
#5878 = DIRECTION('',(-0.990268068742,1.819092931022E-16,-0.13917310096)
  );
#5879 = B_SPLINE_SURFACE_WITH_KNOTS('',3,1,(
    (#5880,#5881)
    ,(#5882,#5883)
    ,(#5884,#5885)
    ,(#5886,#5887
    )),.UNSPECIFIED.,.F.,.F.,.F.,(4,4),(2,2),(1.,2.),(0.,1.),
  .PIECEWISE_BEZIER_KNOTS.);
#5880 = CARTESIAN_POINT('',(7.156243521985,0.91672628357,3.14037919339)
  );
#5881 = CARTESIAN_POINT('',(7.1552532539,0.91672628357,3.140240020287));
#5882 = CARTESIAN_POINT('',(7.155713848343,0.915417442604,3.144148017184
    ));
#5883 = CARTESIAN_POINT('',(7.154723580258,0.915417442604,3.144008844081
    ));
#5884 = CARTESIAN_POINT('',(7.154831868538,0.914056248376,3.150423629585
    ));
#5885 = CARTESIAN_POINT('',(7.153841600453,0.914056248376,3.150284456482
    ));
#5886 = CARTESIAN_POINT('',(7.153558375757,0.912574391867,3.159485001561
    ));
#5887 = CARTESIAN_POINT('',(7.152568107672,0.912574391867,3.159345828458
    ));
#5888 = ADVANCED_FACE('',(#5889),#5907,.T.);
#5889 = FACE_BOUND('',#5890,.T.);
#5890 = EDGE_LOOP('',(#5891,#5899,#5900,#5901));
#5891 = ORIENTED_EDGE('',*,*,#5892,.F.);
#5892 = EDGE_CURVE('',#5864,#5893,#5895,.T.);
#5893 = VERTEX_POINT('',#5894);
#5894 = CARTESIAN_POINT('',(7.152567274942,0.911730749989,3.159351753637
    ));
#5895 = LINE('',#5896,#5897);
#5896 = CARTESIAN_POINT('',(7.152568107672,0.912574391867,3.159345828458
    ));
#5897 = VECTOR('',#5898,1.);
#5898 = DIRECTION('',(-9.870404753146E-04,-0.999974850186,
    7.023157916344E-03));
#5899 = ORIENTED_EDGE('',*,*,#5874,.F.);
#5900 = ORIENTED_EDGE('',*,*,#5641,.T.);
#5901 = ORIENTED_EDGE('',*,*,#5902,.T.);
#5902 = EDGE_CURVE('',#5633,#5893,#5903,.T.);
#5903 = LINE('',#5904,#5905);
#5904 = CARTESIAN_POINT('',(7.153557543027,0.911730749989,3.15949092674)
  );
#5905 = VECTOR('',#5906,1.);
#5906 = DIRECTION('',(-0.990268068742,1.819092931022E-16,-0.13917310096)
  );
#5907 = PLANE('',#5908);
#5908 = AXIS2_PLACEMENT_3D('',#5909,#5910,#5911);
#5909 = CARTESIAN_POINT('',(7.153558375757,0.912574391867,3.159485001561
    ));
#5910 = DIRECTION('',(0.139169600782,-7.092178510006E-03,-0.990243163684
    ));
#5911 = DIRECTION('',(0.990268068742,-2.712890675993E-15,0.13917310096)
  );
#5912 = ADVANCED_FACE('',(#5913),#5932,.T.);
#5913 = FACE_BOUND('',#5914,.T.);
#5914 = EDGE_LOOP('',(#5915,#5924,#5925,#5926));
#5915 = ORIENTED_EDGE('',*,*,#5916,.F.);
#5916 = EDGE_CURVE('',#5893,#5917,#5919,.T.);
#5917 = VERTEX_POINT('',#5918);
#5918 = CARTESIAN_POINT('',(7.155243746903,0.907094705459,3.140307666082
    ));
#5919 = B_SPLINE_CURVE_WITH_KNOTS('',3,(#5920,#5921,#5922,#5923),
  .UNSPECIFIED.,.F.,.F.,(4,4),(3.,4.),.PIECEWISE_BEZIER_KNOTS.);
#5920 = CARTESIAN_POINT('',(7.152567274942,0.911730749989,3.159351753637
    ));
#5921 = CARTESIAN_POINT('',(7.153720510307,0.910336146823,3.151146057637
    ));
#5922 = CARTESIAN_POINT('',(7.154619213662,0.908813900732,3.144751450997
    ));
#5923 = CARTESIAN_POINT('',(7.155243746903,0.907094705459,3.140307666082
    ));
#5924 = ORIENTED_EDGE('',*,*,#5902,.F.);
#5925 = ORIENTED_EDGE('',*,*,#5632,.T.);
#5926 = ORIENTED_EDGE('',*,*,#5927,.T.);
#5927 = EDGE_CURVE('',#5625,#5917,#5928,.T.);
#5928 = LINE('',#5929,#5930);
#5929 = CARTESIAN_POINT('',(7.156234014988,0.907094705459,3.140446839185
    ));
#5930 = VECTOR('',#5931,1.);
#5931 = DIRECTION('',(-0.990268068742,1.819092931022E-16,-0.13917310096)
  );
#5932 = B_SPLINE_SURFACE_WITH_KNOTS('',3,1,(
    (#5933,#5934)
    ,(#5935,#5936)
    ,(#5937,#5938)
    ,(#5939,#5940
    )),.UNSPECIFIED.,.F.,.F.,.F.,(4,4),(2,2),(3.,4.),(0.,1.),
  .PIECEWISE_BEZIER_KNOTS.);
#5933 = CARTESIAN_POINT('',(7.153557543027,0.911730749989,3.15949092674)
  );
#5934 = CARTESIAN_POINT('',(7.152567274942,0.911730749989,3.159351753637
    ));
#5935 = CARTESIAN_POINT('',(7.154710778392,0.910336146823,3.151285230741
    ));
#5936 = CARTESIAN_POINT('',(7.153720510307,0.910336146823,3.151146057637
    ));
#5937 = CARTESIAN_POINT('',(7.155609481747,0.908813900732,3.1448906241)
  );
#5938 = CARTESIAN_POINT('',(7.154619213662,0.908813900732,3.144751450997
    ));
#5939 = CARTESIAN_POINT('',(7.156234014988,0.907094705459,3.140446839185
    ));
#5940 = CARTESIAN_POINT('',(7.155243746903,0.907094705459,3.140307666082
    ));
#5941 = ADVANCED_FACE('',(#5942),#5953,.T.);
#5942 = FACE_BOUND('',#5943,.T.);
#5943 = EDGE_LOOP('',(#5944,#5950,#5951,#5952));
#5944 = ORIENTED_EDGE('',*,*,#5945,.F.);
#5945 = EDGE_CURVE('',#5917,#5809,#5946,.T.);
#5946 = LINE('',#5947,#5948);
#5947 = CARTESIAN_POINT('',(7.155243746903,0.907094705459,3.140307666082
    ));
#5948 = VECTOR('',#5949,1.);
#5949 = DIRECTION('',(0.130618015204,-0.345199932453,-0.929395470582));
#5950 = ORIENTED_EDGE('',*,*,#5927,.F.);
#5951 = ORIENTED_EDGE('',*,*,#5624,.T.);
#5952 = ORIENTED_EDGE('',*,*,#5818,.T.);
#5953 = PLANE('',#5954);
#5954 = AXIS2_PLACEMENT_3D('',#5955,#5956,#5957);
#5955 = CARTESIAN_POINT('',(7.156234014988,0.907094705459,3.140446839185
    ));
#5956 = DIRECTION('',(4.804254505064E-02,0.938529171968,-0.34184047044)
  );
#5957 = DIRECTION('',(-1.423861029082E-14,0.342235653284,0.939614153587)
  );
#5958 = ADVANCED_FACE('',(#5959),#5967,.T.);
#5959 = FACE_BOUND('',#5960,.T.);
#5960 = EDGE_LOOP('',(#5961,#5962,#5963,#5964,#5965,#5966));
#5961 = ORIENTED_EDGE('',*,*,#5945,.T.);
#5962 = ORIENTED_EDGE('',*,*,#5808,.T.);
#5963 = ORIENTED_EDGE('',*,*,#5839,.T.);
#5964 = ORIENTED_EDGE('',*,*,#5863,.T.);
#5965 = ORIENTED_EDGE('',*,*,#5892,.T.);
#5966 = ORIENTED_EDGE('',*,*,#5916,.T.);
#5967 = PLANE('',#5968);
#5968 = AXIS2_PLACEMENT_3D('',#5969,#5970,#5971);
#5969 = CARTESIAN_POINT('',(7.596585207684,5.100000082177,0.));
#5970 = DIRECTION('',(0.990268068742,-1.819092931022E-16,0.13917310096)
  );
#5971 = DIRECTION('',(-0.13917310096,2.556568389271E-17,0.990268068742)
  );
#5972 = ADVANCED_FACE('',(#5973),#5998,.F.);
#5973 = FACE_BOUND('',#5974,.T.);
#5974 = EDGE_LOOP('',(#5975,#5976,#5984,#5992));
#5975 = ORIENTED_EDGE('',*,*,#1775,.T.);
#5976 = ORIENTED_EDGE('',*,*,#5977,.F.);
#5977 = EDGE_CURVE('',#5978,#1778,#5980,.T.);
#5978 = VERTEX_POINT('',#5979);
#5979 = CARTESIAN_POINT('',(7.24247947498,7.624048414723E-02,
    2.526778504463));
#5980 = LINE('',#5981,#5982);
#5981 = CARTESIAN_POINT('',(7.24247947498,7.624048414723E-02,
    2.526778504463));
#5982 = VECTOR('',#5983,1.);
#5983 = DIRECTION('',(-0.990268068742,1.819092931022E-16,-0.13917310096)
  );
#5984 = ORIENTED_EDGE('',*,*,#5985,.F.);
#5985 = EDGE_CURVE('',#5986,#5978,#5988,.T.);
#5986 = VERTEX_POINT('',#5987);
#5987 = CARTESIAN_POINT('',(7.246843297173,7.601810076894E-02,
    2.495728296158));
#5988 = LINE('',#5989,#5990);
#5989 = CARTESIAN_POINT('',(7.24247947498,7.624048414723E-02,
    2.526778504463));
#5990 = VECTOR('',#5991,1.);
#5991 = DIRECTION('',(-0.139169600782,7.092178509961E-03,0.990243163684)
  );
#5992 = ORIENTED_EDGE('',*,*,#5993,.T.);
#5993 = EDGE_CURVE('',#5986,#1776,#5994,.T.);
#5994 = LINE('',#5995,#5996);
#5995 = CARTESIAN_POINT('',(7.246843297173,7.601810076894E-02,
    2.495728296158));
#5996 = VECTOR('',#5997,1.);
#5997 = DIRECTION('',(-0.990268068742,1.819092931022E-16,-0.13917310096)
  );
#5998 = PLANE('',#5999);
#5999 = AXIS2_PLACEMENT_3D('',#6000,#6001,#6002);
#6000 = CARTESIAN_POINT('',(7.24247947498,7.624048414723E-02,
    2.526778504463));
#6001 = DIRECTION('',(-9.870404757939E-04,-0.999974850186,
    7.02315791623E-03));
#6002 = DIRECTION('',(3.109457949371E-18,-7.023161337385E-03,
    -0.999975337298));
#6003 = ADVANCED_FACE('',(#6004),#6022,.F.);
#6004 = FACE_BOUND('',#6005,.T.);
#6005 = EDGE_LOOP('',(#6006,#6007,#6015,#6021));
#6006 = ORIENTED_EDGE('',*,*,#1865,.T.);
#6007 = ORIENTED_EDGE('',*,*,#6008,.F.);
#6008 = EDGE_CURVE('',#6009,#1858,#6011,.T.);
#6009 = VERTEX_POINT('',#6010);
#6010 = CARTESIAN_POINT('',(7.242368513758,-3.617479614262E-02,
    2.527568034585));
#6011 = LINE('',#6012,#6013);
#6012 = CARTESIAN_POINT('',(7.242368513758,-3.617479614262E-02,
    2.527568034585));
#6013 = VECTOR('',#6014,1.);
#6014 = DIRECTION('',(-0.990268068742,1.819092931022E-16,-0.13917310096)
  );
#6015 = ORIENTED_EDGE('',*,*,#6016,.F.);
#6016 = EDGE_CURVE('',#5978,#6009,#6017,.T.);
#6017 = LINE('',#6018,#6019);
#6018 = CARTESIAN_POINT('',(7.242368513758,-3.617479614262E-02,
    2.527568034585));
#6019 = VECTOR('',#6020,1.);
#6020 = DIRECTION('',(-9.870404757886E-04,-0.999974850186,
    7.023157916232E-03));
#6021 = ORIENTED_EDGE('',*,*,#5977,.T.);
#6022 = PLANE('',#6023);
#6023 = AXIS2_PLACEMENT_3D('',#6024,#6025,#6026);
#6024 = CARTESIAN_POINT('',(7.242368513758,-3.617479614262E-02,
    2.527568034585));
#6025 = DIRECTION('',(0.139169600782,-7.092178509961E-03,-0.990243163684
    ));
#6026 = DIRECTION('',(0.990268068742,-2.712673835559E-15,0.13917310096)
  );
#6027 = ADVANCED_FACE('',(#6028),#6046,.F.);
#6028 = FACE_BOUND('',#6029,.T.);
#6029 = EDGE_LOOP('',(#6030,#6031,#6039,#6045));
#6030 = ORIENTED_EDGE('',*,*,#1857,.T.);
#6031 = ORIENTED_EDGE('',*,*,#6032,.F.);
#6032 = EDGE_CURVE('',#6033,#1850,#6035,.T.);
#6033 = VERTEX_POINT('',#6034);
#6034 = CARTESIAN_POINT('',(7.229492302983,-3.551861559143E-02,
    2.619187034874));
#6035 = LINE('',#6036,#6037);
#6036 = CARTESIAN_POINT('',(7.229492302983,-3.551861559143E-02,
    2.619187034874));
#6037 = VECTOR('',#6038,1.);
#6038 = DIRECTION('',(-0.990268068742,1.819092931022E-16,-0.13917310096)
  );
#6039 = ORIENTED_EDGE('',*,*,#6040,.F.);
#6040 = EDGE_CURVE('',#6009,#6033,#6041,.T.);
#6041 = LINE('',#6042,#6043);
#6042 = CARTESIAN_POINT('',(7.229492302983,-3.551861559143E-02,
    2.619187034874));
#6043 = VECTOR('',#6044,1.);
#6044 = DIRECTION('',(-0.139169600782,7.09217850996E-03,0.990243163684)
  );
#6045 = ORIENTED_EDGE('',*,*,#6008,.T.);
#6046 = PLANE('',#6047);
#6047 = AXIS2_PLACEMENT_3D('',#6048,#6049,#6050);
#6048 = CARTESIAN_POINT('',(7.229492302983,-3.551861559143E-02,
    2.619187034874));
#6049 = DIRECTION('',(-9.870404757938E-04,-0.999974850186,
    7.02315791623E-03));
#6050 = DIRECTION('',(2.122664565819E-18,-7.023161337385E-03,
    -0.999975337298));
#6051 = ADVANCED_FACE('',(#6052),#6070,.F.);
#6052 = FACE_BOUND('',#6053,.T.);
#6053 = EDGE_LOOP('',(#6054,#6055,#6063,#6069));
#6054 = ORIENTED_EDGE('',*,*,#1849,.T.);
#6055 = ORIENTED_EDGE('',*,*,#6056,.F.);
#6056 = EDGE_CURVE('',#6057,#1842,#6059,.T.);
#6057 = VERTEX_POINT('',#6058);
#6058 = CARTESIAN_POINT('',(7.229589385378,6.283596672607E-02,
    2.618496257738));
#6059 = LINE('',#6060,#6061);
#6060 = CARTESIAN_POINT('',(7.229589385378,6.283596672607E-02,
    2.618496257738));
#6061 = VECTOR('',#6062,1.);
#6062 = DIRECTION('',(-0.990268068742,1.819092931022E-16,-0.13917310096)
  );
#6063 = ORIENTED_EDGE('',*,*,#6064,.F.);
#6064 = EDGE_CURVE('',#6033,#6057,#6065,.T.);
#6065 = LINE('',#6066,#6067);
#6066 = CARTESIAN_POINT('',(7.229589385378,6.283596672607E-02,
    2.618496257738));
#6067 = VECTOR('',#6068,1.);
#6068 = DIRECTION('',(9.87040475787E-04,0.999974850186,
    -7.02315791623E-03));
#6069 = ORIENTED_EDGE('',*,*,#6032,.T.);
#6070 = PLANE('',#6071);
#6071 = AXIS2_PLACEMENT_3D('',#6072,#6073,#6074);
#6072 = CARTESIAN_POINT('',(7.229589385378,6.283596672607E-02,
    2.618496257738));
#6073 = DIRECTION('',(-0.139169600782,7.09217850996E-03,0.990243163684)
  );
#6074 = DIRECTION('',(-0.990268068742,2.712673835559E-15,-0.13917310096)
  );
#6075 = ADVANCED_FACE('',(#6076),#6094,.F.);
#6076 = FACE_BOUND('',#6077,.T.);
#6077 = EDGE_LOOP('',(#6078,#6079,#6087,#6093));
#6078 = ORIENTED_EDGE('',*,*,#1841,.T.);
#6079 = ORIENTED_EDGE('',*,*,#6080,.F.);
#6080 = EDGE_CURVE('',#6081,#1834,#6083,.T.);
#6081 = VERTEX_POINT('',#6082);
#6082 = CARTESIAN_POINT('',(7.225205994476,6.305934733924E-02,
    2.649685704644));
#6083 = LINE('',#6084,#6085);
#6084 = CARTESIAN_POINT('',(7.225205994476,6.305934733924E-02,
    2.649685704644));
#6085 = VECTOR('',#6086,1.);
#6086 = DIRECTION('',(-0.990268068742,1.819092931022E-16,-0.13917310096)
  );
#6087 = ORIENTED_EDGE('',*,*,#6088,.F.);
#6088 = EDGE_CURVE('',#6057,#6081,#6089,.T.);
#6089 = LINE('',#6090,#6091);
#6090 = CARTESIAN_POINT('',(7.225205994476,6.305934733924E-02,
    2.649685704644));
#6091 = VECTOR('',#6092,1.);
#6092 = DIRECTION('',(-0.139169600782,7.09217850997E-03,0.990243163684)
  );
#6093 = ORIENTED_EDGE('',*,*,#6056,.T.);
#6094 = PLANE('',#6095);
#6095 = AXIS2_PLACEMENT_3D('',#6096,#6097,#6098);
#6096 = CARTESIAN_POINT('',(7.225205994476,6.305934733924E-02,
    2.649685704644));
#6097 = DIRECTION('',(-9.870404757951E-04,-0.999974850186,
    7.023157916239E-03));
#6098 = DIRECTION('',(3.11284608116E-18,-7.023161337394E-03,
    -0.999975337298));
#6099 = ADVANCED_FACE('',(#6100),#6118,.F.);
#6100 = FACE_BOUND('',#6101,.T.);
#6101 = EDGE_LOOP('',(#6102,#6103,#6111,#6117));
#6102 = ORIENTED_EDGE('',*,*,#1833,.T.);
#6103 = ORIENTED_EDGE('',*,*,#6104,.F.);
#6104 = EDGE_CURVE('',#6105,#1826,#6107,.T.);
#6105 = VERTEX_POINT('',#6106);
#6106 = CARTESIAN_POINT('',(7.225108912081,-3.529523497826E-02,
    2.65037648178));
#6107 = LINE('',#6108,#6109);
#6108 = CARTESIAN_POINT('',(7.225108912081,-3.529523497826E-02,
    2.65037648178));
#6109 = VECTOR('',#6110,1.);
#6110 = DIRECTION('',(-0.990268068742,1.819092931022E-16,-0.13917310096)
  );
#6111 = ORIENTED_EDGE('',*,*,#6112,.F.);
#6112 = EDGE_CURVE('',#6081,#6105,#6113,.T.);
#6113 = LINE('',#6114,#6115);
#6114 = CARTESIAN_POINT('',(7.225108912081,-3.529523497826E-02,
    2.65037648178));
#6115 = VECTOR('',#6116,1.);
#6116 = DIRECTION('',(-9.870404758046E-04,-0.999974850186,
    7.023157916226E-03));
#6117 = ORIENTED_EDGE('',*,*,#6080,.T.);
#6118 = PLANE('',#6119);
#6119 = AXIS2_PLACEMENT_3D('',#6120,#6121,#6122);
#6120 = CARTESIAN_POINT('',(7.225108912081,-3.529523497826E-02,
    2.65037648178));
#6121 = DIRECTION('',(0.139169600782,-7.092178509958E-03,-0.990243163684
    ));
#6122 = DIRECTION('',(0.990268068742,-2.712673835559E-15,0.13917310096)
  );
#6123 = ADVANCED_FACE('',(#6124),#6142,.F.);
#6124 = FACE_BOUND('',#6125,.T.);
#6125 = EDGE_LOOP('',(#6126,#6127,#6135,#6141));
#6126 = ORIENTED_EDGE('',*,*,#1825,.T.);
#6127 = ORIENTED_EDGE('',*,*,#6128,.F.);
#6128 = EDGE_CURVE('',#6129,#1818,#6131,.T.);
#6129 = VERTEX_POINT('',#6130);
#6130 = CARTESIAN_POINT('',(7.212858900006,-3.467096594324E-02,
    2.737539846798));
#6131 = LINE('',#6132,#6133);
#6132 = CARTESIAN_POINT('',(7.212858900006,-3.467096594324E-02,
    2.737539846798));
#6133 = VECTOR('',#6134,1.);
#6134 = DIRECTION('',(-0.990268068742,1.819092931022E-16,-0.13917310096)
  );
#6135 = ORIENTED_EDGE('',*,*,#6136,.F.);
#6136 = EDGE_CURVE('',#6105,#6129,#6137,.T.);
#6137 = LINE('',#6138,#6139);
#6138 = CARTESIAN_POINT('',(7.212858900006,-3.467096594324E-02,
    2.737539846798));
#6139 = VECTOR('',#6140,1.);
#6140 = DIRECTION('',(-0.139169600782,7.092178509963E-03,0.990243163684)
  );
#6141 = ORIENTED_EDGE('',*,*,#6104,.T.);
#6142 = PLANE('',#6143);
#6143 = AXIS2_PLACEMENT_3D('',#6144,#6145,#6146);
#6144 = CARTESIAN_POINT('',(7.212858900006,-3.467096594324E-02,
    2.737539846798));
#6145 = DIRECTION('',(-9.870404757941E-04,-0.999974850186,
    7.023157916232E-03));
#6146 = DIRECTION('',(2.125205664661E-18,-7.023161337387E-03,
    -0.999975337298));
#6147 = ADVANCED_FACE('',(#6148),#6166,.F.);
#6148 = FACE_BOUND('',#6149,.T.);
#6149 = EDGE_LOOP('',(#6150,#6151,#6159,#6165));
#6150 = ORIENTED_EDGE('',*,*,#1817,.T.);
#6151 = ORIENTED_EDGE('',*,*,#6152,.F.);
#6152 = EDGE_CURVE('',#6153,#1810,#6155,.T.);
#6153 = VERTEX_POINT('',#6154);
#6154 = CARTESIAN_POINT('',(7.21296368515,7.148730374851E-02,
    2.736794261755));
#6155 = LINE('',#6156,#6157);
#6156 = CARTESIAN_POINT('',(7.21296368515,7.148730374851E-02,
    2.736794261755));
#6157 = VECTOR('',#6158,1.);
#6158 = DIRECTION('',(-0.990268068742,1.819092931022E-16,-0.13917310096)
  );
#6159 = ORIENTED_EDGE('',*,*,#6160,.F.);
#6160 = EDGE_CURVE('',#6129,#6153,#6161,.T.);
#6161 = LINE('',#6162,#6163);
#6162 = CARTESIAN_POINT('',(7.21296368515,7.148730374851E-02,
    2.736794261755));
#6163 = VECTOR('',#6164,1.);
#6164 = DIRECTION('',(9.870404758004E-04,0.999974850186,
    -7.02315791623E-03));
#6165 = ORIENTED_EDGE('',*,*,#6128,.T.);
#6166 = PLANE('',#6167);
#6167 = AXIS2_PLACEMENT_3D('',#6168,#6169,#6170);
#6168 = CARTESIAN_POINT('',(7.21296368515,7.148730374851E-02,
    2.736794261755));
#6169 = DIRECTION('',(-0.139169600782,7.092178509961E-03,0.990243163684)
  );
#6170 = DIRECTION('',(-0.990268068742,2.71224015469E-15,-0.13917310096)
  );
#6171 = ADVANCED_FACE('',(#6172),#6190,.F.);
#6172 = FACE_BOUND('',#6173,.T.);
#6173 = EDGE_LOOP('',(#6174,#6175,#6183,#6189));
#6174 = ORIENTED_EDGE('',*,*,#1809,.T.);
#6175 = ORIENTED_EDGE('',*,*,#6176,.F.);
#6176 = EDGE_CURVE('',#6177,#1802,#6179,.T.);
#6177 = VERTEX_POINT('',#6178);
#6178 = CARTESIAN_POINT('',(7.208560725538,7.171168159656E-02,
    2.768122947263));
#6179 = LINE('',#6180,#6181);
#6180 = CARTESIAN_POINT('',(7.208560725538,7.171168159656E-02,
    2.768122947263));
#6181 = VECTOR('',#6182,1.);
#6182 = DIRECTION('',(-0.990268068742,1.819092931022E-16,-0.13917310096)
  );
#6183 = ORIENTED_EDGE('',*,*,#6184,.F.);
#6184 = EDGE_CURVE('',#6153,#6177,#6185,.T.);
#6185 = LINE('',#6186,#6187);
#6186 = CARTESIAN_POINT('',(7.208560725538,7.171168159656E-02,
    2.768122947263));
#6187 = VECTOR('',#6188,1.);
#6188 = DIRECTION('',(-0.139169600782,7.092178509957E-03,0.990243163684)
  );
#6189 = ORIENTED_EDGE('',*,*,#6152,.T.);
#6190 = PLANE('',#6191);
#6191 = AXIS2_PLACEMENT_3D('',#6192,#6193,#6194);
#6192 = CARTESIAN_POINT('',(7.208560725538,7.171168159656E-02,
    2.768122947263));
#6193 = DIRECTION('',(-9.870404757934E-04,-0.999974850186,
    7.023157916227E-03));
#6194 = DIRECTION('',(2.122664565819E-18,-7.023161337382E-03,
    -0.999975337298));
#6195 = ADVANCED_FACE('',(#6196),#6214,.F.);
#6196 = FACE_BOUND('',#6197,.T.);
#6197 = EDGE_LOOP('',(#6198,#6199,#6207,#6213));
#6198 = ORIENTED_EDGE('',*,*,#1801,.T.);
#6199 = ORIENTED_EDGE('',*,*,#6200,.F.);
#6200 = EDGE_CURVE('',#6201,#1794,#6203,.T.);
#6201 = VERTEX_POINT('',#6202);
#6202 = CARTESIAN_POINT('',(7.208420896356,-6.994985047542E-02,
    2.769117883596));
#6203 = LINE('',#6204,#6205);
#6204 = CARTESIAN_POINT('',(7.208420896356,-6.994985047542E-02,
    2.769117883596));
#6205 = VECTOR('',#6206,1.);
#6206 = DIRECTION('',(-0.990268068742,1.819092931022E-16,-0.13917310096)
  );
#6207 = ORIENTED_EDGE('',*,*,#6208,.F.);
#6208 = EDGE_CURVE('',#6177,#6201,#6209,.T.);
#6209 = LINE('',#6210,#6211);
#6210 = CARTESIAN_POINT('',(7.208420896356,-6.994985047542E-02,
    2.769117883596));
#6211 = VECTOR('',#6212,1.);
#6212 = DIRECTION('',(-9.870404758051E-04,-0.999974850186,
    7.023157916232E-03));
#6213 = ORIENTED_EDGE('',*,*,#6176,.T.);
#6214 = PLANE('',#6215);
#6215 = AXIS2_PLACEMENT_3D('',#6216,#6217,#6218);
#6216 = CARTESIAN_POINT('',(7.208420896356,-6.994985047542E-02,
    2.769117883596));
#6217 = DIRECTION('',(0.139169600782,-7.092178509964E-03,-0.990243163684
    ));
#6218 = DIRECTION('',(0.990268068742,-2.712890675993E-15,0.13917310096)
  );
#6219 = ADVANCED_FACE('',(#6220),#6238,.F.);
#6220 = FACE_BOUND('',#6221,.T.);
#6221 = EDGE_LOOP('',(#6222,#6223,#6231,#6237));
#6222 = ORIENTED_EDGE('',*,*,#1793,.T.);
#6223 = ORIENTED_EDGE('',*,*,#6224,.F.);
#6224 = EDGE_CURVE('',#6225,#1786,#6227,.T.);
#6225 = VERTEX_POINT('',#6226);
#6226 = CARTESIAN_POINT('',(7.246697291912,-7.190044190113E-02,
    2.49676717757));
#6227 = LINE('',#6228,#6229);
#6228 = CARTESIAN_POINT('',(7.246697291912,-7.190044190113E-02,
    2.49676717757));
#6229 = VECTOR('',#6230,1.);
#6230 = DIRECTION('',(-0.990268068742,1.819092931022E-16,-0.13917310096)
  );
#6231 = ORIENTED_EDGE('',*,*,#6232,.F.);
#6232 = EDGE_CURVE('',#6201,#6225,#6233,.T.);
#6233 = LINE('',#6234,#6235);
#6234 = CARTESIAN_POINT('',(7.246697291912,-7.190044190113E-02,
    2.49676717757));
#6235 = VECTOR('',#6236,1.);
#6236 = DIRECTION('',(0.139169600782,-7.09217850996E-03,-0.990243163684)
  );
#6237 = ORIENTED_EDGE('',*,*,#6200,.T.);
#6238 = PLANE('',#6239);
#6239 = AXIS2_PLACEMENT_3D('',#6240,#6241,#6242);
#6240 = CARTESIAN_POINT('',(7.246697291912,-7.190044190113E-02,
    2.49676717757));
#6241 = DIRECTION('',(9.870404757938E-04,0.999974850186,
    -7.02315791623E-03));
#6242 = DIRECTION('',(-2.120970499925E-18,7.023161337385E-03,
    0.999975337298));
#6243 = ADVANCED_FACE('',(#6244),#6255,.F.);
#6244 = FACE_BOUND('',#6245,.T.);
#6245 = EDGE_LOOP('',(#6246,#6247,#6248,#6254));
#6246 = ORIENTED_EDGE('',*,*,#1785,.T.);
#6247 = ORIENTED_EDGE('',*,*,#5993,.F.);
#6248 = ORIENTED_EDGE('',*,*,#6249,.F.);
#6249 = EDGE_CURVE('',#6225,#5986,#6250,.T.);
#6250 = LINE('',#6251,#6252);
#6251 = CARTESIAN_POINT('',(7.246843297173,7.601810076894E-02,
    2.495728296158));
#6252 = VECTOR('',#6253,1.);
#6253 = DIRECTION('',(9.870404757959E-04,0.999974850186,
    -7.02315791623E-03));
#6254 = ORIENTED_EDGE('',*,*,#6224,.T.);
#6255 = PLANE('',#6256);
#6256 = AXIS2_PLACEMENT_3D('',#6257,#6258,#6259);
#6257 = CARTESIAN_POINT('',(7.246843297173,7.601810076894E-02,
    2.495728296158));
#6258 = DIRECTION('',(-0.139169600782,7.092178509961E-03,0.990243163684)
  );
#6259 = DIRECTION('',(-0.990268068742,2.712456995124E-15,-0.13917310096)
  );
#6260 = ADVANCED_FACE('',(#6261),#6275,.F.);
#6261 = FACE_BOUND('',#6262,.T.);
#6262 = EDGE_LOOP('',(#6263,#6264,#6265,#6266,#6267,#6268,#6269,#6270,
    #6271,#6272,#6273,#6274));
#6263 = ORIENTED_EDGE('',*,*,#5985,.T.);
#6264 = ORIENTED_EDGE('',*,*,#6016,.T.);
#6265 = ORIENTED_EDGE('',*,*,#6040,.T.);
#6266 = ORIENTED_EDGE('',*,*,#6064,.T.);
#6267 = ORIENTED_EDGE('',*,*,#6088,.T.);
#6268 = ORIENTED_EDGE('',*,*,#6112,.T.);
#6269 = ORIENTED_EDGE('',*,*,#6136,.T.);
#6270 = ORIENTED_EDGE('',*,*,#6160,.T.);
#6271 = ORIENTED_EDGE('',*,*,#6184,.T.);
#6272 = ORIENTED_EDGE('',*,*,#6208,.T.);
#6273 = ORIENTED_EDGE('',*,*,#6232,.T.);
#6274 = ORIENTED_EDGE('',*,*,#6249,.T.);
#6275 = PLANE('',#6276);
#6276 = AXIS2_PLACEMENT_3D('',#6277,#6278,#6279);
#6277 = CARTESIAN_POINT('',(7.328344258038,-2.871678062872E-14,
    1.915818826876));
#6278 = DIRECTION('',(-0.990268068742,2.186382269593E-15,-0.13917310096)
  );
#6279 = DIRECTION('',(0.13917310096,-2.556568389271E-17,-0.990268068742)
  );
#6280 = ADVANCED_FACE('',(#6281,#6403),#6475,.T.);
#6281 = FACE_BOUND('',#6282,.T.);
#6282 = EDGE_LOOP('',(#6283,#6294,#6302,#6311,#6320,#6328,#6337,#6346,
    #6355,#6364,#6372,#6380,#6388,#6396));
#6283 = ORIENTED_EDGE('',*,*,#6284,.T.);
#6284 = EDGE_CURVE('',#6285,#6287,#6289,.T.);
#6285 = VERTEX_POINT('',#6286);
#6286 = CARTESIAN_POINT('',(7.218997859069,0.197240296138,2.693858883352
    ));
#6287 = VERTEX_POINT('',#6288);
#6288 = CARTESIAN_POINT('',(7.221475034131,0.129478698356,2.67623286692)
  );
#6289 = B_SPLINE_CURVE_WITH_KNOTS('',3,(#6290,#6291,#6292,#6293),
  .UNSPECIFIED.,.F.,.F.,(4,4),(0.,1.),.PIECEWISE_BEZIER_KNOTS.);
#6290 = CARTESIAN_POINT('',(7.218997859069,0.197240296138,2.693858883352
    ));
#6291 = CARTESIAN_POINT('',(7.218972599604,0.171649825828,2.694038613787
    ));
#6292 = CARTESIAN_POINT('',(7.21979177859,0.149039524482,2.688209852431)
  );
#6293 = CARTESIAN_POINT('',(7.221475034131,0.129478698356,2.67623286692)
  );
#6294 = ORIENTED_EDGE('',*,*,#6295,.T.);
#6295 = EDGE_CURVE('',#6287,#6296,#6298,.T.);
#6296 = VERTEX_POINT('',#6297);
#6297 = CARTESIAN_POINT('',(7.226132386964,0.129241356454,2.643094079581
    ));
#6298 = LINE('',#6299,#6300);
#6299 = CARTESIAN_POINT('',(7.226132386964,0.129241356454,2.643094079581
    ));
#6300 = VECTOR('',#6301,1.);
#6301 = DIRECTION('',(0.139169600782,-7.092178509956E-03,-0.990243163684
    ));
#6302 = ORIENTED_EDGE('',*,*,#6303,.T.);
#6303 = EDGE_CURVE('',#6296,#6304,#6306,.T.);
#6304 = VERTEX_POINT('',#6305);
#6305 = CARTESIAN_POINT('',(7.222888840106,0.193807885863,2.666173114689
    ));
#6306 = B_SPLINE_CURVE_WITH_KNOTS('',3,(#6307,#6308,#6309,#6310),
  .UNSPECIFIED.,.F.,.F.,(4,4),(12.,13.),.PIECEWISE_BEZIER_KNOTS.);
#6307 = CARTESIAN_POINT('',(7.226132386964,0.129241356454,2.643094079581
    ));
#6308 = CARTESIAN_POINT('',(7.223959844295,0.148756809963,2.658552523914
    ));
#6309 = CARTESIAN_POINT('',(7.222865593071,0.170256216759,2.66633852594)
  );
#6310 = CARTESIAN_POINT('',(7.222888840106,0.193807885863,2.666173114689
    ));
#6311 = ORIENTED_EDGE('',*,*,#6312,.T.);
#6312 = EDGE_CURVE('',#6304,#6313,#6315,.T.);
#6313 = VERTEX_POINT('',#6314);
#6314 = CARTESIAN_POINT('',(7.229620615796,0.233258606796,2.618274041765
    ));
#6315 = B_SPLINE_CURVE_WITH_KNOTS('',3,(#6316,#6317,#6318,#6319),
  .UNSPECIFIED.,.F.,.F.,(4,4),(11.,12.),.PIECEWISE_BEZIER_KNOTS.);
#6316 = CARTESIAN_POINT('',(7.222888840106,0.193807885863,2.666173114689
    ));
#6317 = CARTESIAN_POINT('',(7.222915001695,0.220312301541,2.66598696531)
  );
#6318 = CARTESIAN_POINT('',(7.225158950057,0.233485976349,2.65002044308)
  );
#6319 = CARTESIAN_POINT('',(7.229620615796,0.233258606796,2.618274041765
    ));
#6320 = ORIENTED_EDGE('',*,*,#6321,.T.);
#6321 = EDGE_CURVE('',#6313,#6322,#6324,.T.);
#6322 = VERTEX_POINT('',#6323);
#6323 = CARTESIAN_POINT('',(7.230698142597,0.174989477567,2.610607040195
    ));
#6324 = LINE('',#6325,#6326);
#6325 = CARTESIAN_POINT('',(7.230698142597,0.174989477567,2.610607040195
    ));
#6326 = VECTOR('',#6327,1.);
#6327 = DIRECTION('',(1.833113098149E-02,-0.991287678229,-0.130432774363
    ));
#6328 = ORIENTED_EDGE('',*,*,#6329,.T.);
#6329 = EDGE_CURVE('',#6322,#6330,#6332,.T.);
#6330 = VERTEX_POINT('',#6331);
#6331 = CARTESIAN_POINT('',(7.239557145713,0.109363403359,2.547571957653
    ));
#6332 = B_SPLINE_CURVE_WITH_KNOTS('',3,(#6333,#6334,#6335,#6336),
  .UNSPECIFIED.,.F.,.F.,(4,4),(9.,10.),.PIECEWISE_BEZIER_KNOTS.);
#6333 = CARTESIAN_POINT('',(7.230698142597,0.174989477567,2.610607040195
    ));
#6334 = CARTESIAN_POINT('',(7.231496711525,0.131499039733,2.604924927024
    ));
#6335 = CARTESIAN_POINT('',(7.234449712563,0.109623681663,2.583913232843
    ));
#6336 = CARTESIAN_POINT('',(7.239557145713,0.109363403359,2.547571957653
    ));
#6337 = ORIENTED_EDGE('',*,*,#6338,.T.);
#6338 = EDGE_CURVE('',#6330,#6339,#6341,.T.);
#6339 = VERTEX_POINT('',#6340);
#6340 = CARTESIAN_POINT('',(7.245385706993,0.125940062167,2.506099589197
    ));
#6341 = B_SPLINE_CURVE_WITH_KNOTS('',3,(#6342,#6343,#6344,#6345),
  .UNSPECIFIED.,.F.,.F.,(4,4),(8.,9.),.PIECEWISE_BEZIER_KNOTS.);
#6342 = CARTESIAN_POINT('',(7.239557145713,0.109363403359,2.547571957653
    ));
#6343 = CARTESIAN_POINT('',(7.242003234386,0.109238748999,2.530167132369
    ));
#6344 = CARTESIAN_POINT('',(7.243946088146,0.114764301935,2.51634300955)
  );
#6345 = CARTESIAN_POINT('',(7.245385706993,0.125940062167,2.506099589197
    ));
#6346 = ORIENTED_EDGE('',*,*,#6347,.T.);
#6347 = EDGE_CURVE('',#6339,#6348,#6350,.T.);
#6348 = VERTEX_POINT('',#6349);
#6349 = CARTESIAN_POINT('',(7.247583093636,0.171246420781,2.490464370804
    ));
#6350 = B_SPLINE_CURVE_WITH_KNOTS('',3,(#6351,#6352,#6353,#6354),
  .UNSPECIFIED.,.F.,.F.,(4,4),(7.,8.),.PIECEWISE_BEZIER_KNOTS.);
#6351 = CARTESIAN_POINT('',(7.245385706993,0.125940062167,2.506099589197
    ));
#6352 = CARTESIAN_POINT('',(7.246825325839,0.137115822398,2.495856168843
    ));
#6353 = CARTESIAN_POINT('',(7.247564287826,0.152194175029,2.4905981811)
  );
#6354 = CARTESIAN_POINT('',(7.247583093636,0.171246420781,2.490464370804
    ));
#6355 = ORIENTED_EDGE('',*,*,#6356,.T.);
#6356 = EDGE_CURVE('',#6348,#6357,#6359,.T.);
#6357 = VERTEX_POINT('',#6358);
#6358 = CARTESIAN_POINT('',(7.242769886379,0.231674519588,2.524712119987
    ));
#6359 = B_SPLINE_CURVE_WITH_KNOTS('',3,(#6360,#6361,#6362,#6363),
  .UNSPECIFIED.,.F.,.F.,(4,4),(6.,7.),.PIECEWISE_BEZIER_KNOTS.);
#6360 = CARTESIAN_POINT('',(7.247583093636,0.171246420781,2.490464370804
    ));
#6361 = CARTESIAN_POINT('',(7.247609255225,0.197750836459,2.490278221426
    ));
#6362 = CARTESIAN_POINT('',(7.246004899069,0.217940405055,2.501693808643
    ));
#6363 = CARTESIAN_POINT('',(7.242769886379,0.231674519588,2.524712119987
    ));
#6364 = ORIENTED_EDGE('',*,*,#6365,.T.);
#6365 = EDGE_CURVE('',#6357,#6366,#6368,.T.);
#6366 = VERTEX_POINT('',#6367);
#6367 = CARTESIAN_POINT('',(7.242770788503,0.232588464956,2.524705701043
    ));
#6368 = LINE('',#6369,#6370);
#6369 = CARTESIAN_POINT('',(7.242770788503,0.232588464956,2.524705701043
    ));
#6370 = VECTOR('',#6371,1.);
#6371 = DIRECTION('',(9.870404747796E-04,0.999974850186,
    -7.023157916199E-03));
#6372 = ORIENTED_EDGE('',*,*,#6373,.T.);
#6373 = EDGE_CURVE('',#6366,#6374,#6376,.T.);
#6374 = VERTEX_POINT('',#6375);
#6375 = CARTESIAN_POINT('',(7.24699762973,0.232373062222,2.494630162955)
  );
#6376 = LINE('',#6377,#6378);
#6377 = CARTESIAN_POINT('',(7.24699762973,0.232373062222,2.494630162955)
  );
#6378 = VECTOR('',#6379,1.);
#6379 = DIRECTION('',(0.139169600782,-7.092178509951E-03,-0.990243163684
    ));
#6380 = ORIENTED_EDGE('',*,*,#6381,.T.);
#6381 = EDGE_CURVE('',#6374,#6382,#6384,.T.);
#6382 = VERTEX_POINT('',#6383);
#6383 = CARTESIAN_POINT('',(7.247031632857,0.266821772255,2.49438821814)
  );
#6384 = LINE('',#6385,#6386);
#6385 = CARTESIAN_POINT('',(7.247031632857,0.266821772255,2.49438821814)
  );
#6386 = VECTOR('',#6387,1.);
#6387 = DIRECTION('',(9.870404757733E-04,0.999974850186,
    -7.023157916231E-03));
#6388 = ORIENTED_EDGE('',*,*,#6389,.T.);
#6389 = EDGE_CURVE('',#6382,#6390,#6392,.T.);
#6390 = VERTEX_POINT('',#6391);
#6391 = CARTESIAN_POINT('',(7.22943936312,0.267718286412,2.619563721573)
  );
#6392 = LINE('',#6393,#6394);
#6393 = CARTESIAN_POINT('',(7.22943936312,0.267718286412,2.619563721573)
  );
#6394 = VECTOR('',#6395,1.);
#6395 = DIRECTION('',(-0.139169600782,7.09217850996E-03,0.990243163684)
  );
#6396 = ORIENTED_EDGE('',*,*,#6397,.T.);
#6397 = EDGE_CURVE('',#6390,#6285,#6398,.T.);
#6398 = B_SPLINE_CURVE_WITH_KNOTS('',3,(#6399,#6400,#6401,#6402),
  .UNSPECIFIED.,.F.,.F.,(4,4),(1.,2.),.PIECEWISE_BEZIER_KNOTS.);
#6399 = CARTESIAN_POINT('',(7.22943936312,0.267718286412,2.619563721573)
  );
#6400 = CARTESIAN_POINT('',(7.222512039997,0.26807130756,2.668854186775)
  );
#6401 = CARTESIAN_POINT('',(7.219044561322,0.244554544815,2.693526579555
    ));
#6402 = CARTESIAN_POINT('',(7.218997859069,0.197240296138,2.693858883352
    ));
#6403 = FACE_BOUND('',#6404,.T.);
#6404 = EDGE_LOOP('',(#6405,#6416,#6425,#6433,#6441,#6450,#6459,#6468));
#6405 = ORIENTED_EDGE('',*,*,#6406,.F.);
#6406 = EDGE_CURVE('',#6407,#6409,#6411,.T.);
#6407 = VERTEX_POINT('',#6408);
#6408 = CARTESIAN_POINT('',(7.235745620087,0.153640146775,2.574692371686
    ));
#6409 = VERTEX_POINT('',#6410);
#6410 = CARTESIAN_POINT('',(7.23920026041,0.144324182519,2.550111328527)
  );
#6411 = B_SPLINE_CURVE_WITH_KNOTS('',3,(#6412,#6413,#6414,#6415),
  .UNSPECIFIED.,.F.,.F.,(4,4),(1.,2.),.PIECEWISE_BEZIER_KNOTS.);
#6412 = CARTESIAN_POINT('',(7.235745620087,0.153640146775,2.574692371686
    ));
#6413 = CARTESIAN_POINT('',(7.236561537985,0.147552162781,2.568886814176
    ));
#6414 = CARTESIAN_POINT('',(7.237713038497,0.14439997237,2.5606934623));
#6415 = CARTESIAN_POINT('',(7.23920026041,0.144324182519,2.550111328527)
  );
#6416 = ORIENTED_EDGE('',*,*,#6417,.F.);
#6417 = EDGE_CURVE('',#6418,#6407,#6420,.T.);
#6418 = VERTEX_POINT('',#6419);
#6419 = CARTESIAN_POINT('',(7.2340956039,0.187049763169,2.586432846906)
  );
#6420 = B_SPLINE_CURVE_WITH_KNOTS('',3,(#6421,#6422,#6423,#6424),
  .UNSPECIFIED.,.F.,.F.,(4,4),(0.,1.),.PIECEWISE_BEZIER_KNOTS.);
#6421 = CARTESIAN_POINT('',(7.2340956039,0.187049763169,2.586432846906)
  );
#6422 = CARTESIAN_POINT('',(7.234392811993,0.170934308233,2.584318101437
    ));
#6423 = CARTESIAN_POINT('',(7.234929771582,0.159798434257,2.580497435433
    ));
#6424 = CARTESIAN_POINT('',(7.235745620087,0.153640146775,2.574692371686
    ));
#6425 = ORIENTED_EDGE('',*,*,#6426,.F.);
#6426 = EDGE_CURVE('',#6427,#6418,#6429,.T.);
#6427 = VERTEX_POINT('',#6428);
#6428 = CARTESIAN_POINT('',(7.233279964451,0.233072123873,2.592236423142
    ));
#6429 = LINE('',#6430,#6431);
#6430 = CARTESIAN_POINT('',(7.233279964451,0.233072123873,2.592236423142
    ));
#6431 = VECTOR('',#6432,1.);
#6432 = DIRECTION('',(1.758070480086E-02,-0.991989216912,-0.125093214638
    ));
#6433 = ORIENTED_EDGE('',*,*,#6434,.F.);
#6434 = EDGE_CURVE('',#6435,#6427,#6437,.T.);
#6435 = VERTEX_POINT('',#6436);
#6436 = CARTESIAN_POINT('',(7.235902171509,0.232938494399,2.573578450438
    ));
#6437 = LINE('',#6438,#6439);
#6438 = CARTESIAN_POINT('',(7.235902171509,0.232938494399,2.573578450438
    ));
#6439 = VECTOR('',#6440,1.);
#6440 = DIRECTION('',(-0.139169600782,7.092178509973E-03,0.990243163684)
  );
#6441 = ORIENTED_EDGE('',*,*,#6442,.F.);
#6442 = EDGE_CURVE('',#6443,#6435,#6445,.T.);
#6443 = VERTEX_POINT('',#6444);
#6444 = CARTESIAN_POINT('',(7.241464680915,0.217890549587,2.533999139428
    ));
#6445 = B_SPLINE_CURVE_WITH_KNOTS('',3,(#6446,#6447,#6448,#6449),
  .UNSPECIFIED.,.F.,.F.,(4,4),(5.,6.),.PIECEWISE_BEZIER_KNOTS.);
#6446 = CARTESIAN_POINT('',(7.241464680915,0.217890549587,2.533999139428
    ));
#6447 = CARTESIAN_POINT('',(7.24000674289,0.227807830784,2.544372907507)
  );
#6448 = CARTESIAN_POINT('',(7.238152573088,0.232823812388,2.557566011177
    ));
#6449 = CARTESIAN_POINT('',(7.235902171509,0.232938494399,2.573578450438
    ));
#6450 = ORIENTED_EDGE('',*,*,#6451,.F.);
#6451 = EDGE_CURVE('',#6452,#6443,#6454,.T.);
#6452 = VERTEX_POINT('',#6453);
#6453 = CARTESIAN_POINT('',(7.243658596105,0.180375408205,2.518388621712
    ));
#6454 = B_SPLINE_CURVE_WITH_KNOTS('',3,(#6455,#6456,#6457,#6458),
  .UNSPECIFIED.,.F.,.F.,(4,4),(4.,5.),.PIECEWISE_BEZIER_KNOTS.);
#6455 = CARTESIAN_POINT('',(7.243658596105,0.180375408205,2.518388621712
    ));
#6456 = CARTESIAN_POINT('',(7.243673515844,0.195490658525,2.518282462253
    ));
#6457 = CARTESIAN_POINT('',(7.242942257044,0.208042574645,2.523485638981
    ));
#6458 = CARTESIAN_POINT('',(7.241464680915,0.217890549587,2.533999139428
    ));
#6459 = ORIENTED_EDGE('',*,*,#6460,.F.);
#6460 = EDGE_CURVE('',#6461,#6452,#6463,.T.);
#6461 = VERTEX_POINT('',#6462);
#6462 = CARTESIAN_POINT('',(7.242399814007,0.154144728794,2.527345321738
    ));
#6463 = B_SPLINE_CURVE_WITH_KNOTS('',3,(#6464,#6465,#6466,#6467),
  .UNSPECIFIED.,.F.,.F.,(4,4),(3.,4.),.PIECEWISE_BEZIER_KNOTS.);
#6464 = CARTESIAN_POINT('',(7.242399814007,0.154144728794,2.527345321738
    ));
#6465 = CARTESIAN_POINT('',(7.24322822285,0.160711372976,2.521450886541)
  );
#6466 = CARTESIAN_POINT('',(7.243647840014,0.169478367275,2.518465155277
    ));
#6467 = CARTESIAN_POINT('',(7.243658596105,0.180375408205,2.518388621712
    ));
#6468 = ORIENTED_EDGE('',*,*,#6469,.F.);
#6469 = EDGE_CURVE('',#6409,#6461,#6470,.T.);
#6470 = B_SPLINE_CURVE_WITH_KNOTS('',3,(#6471,#6472,#6473,#6474),
  .UNSPECIFIED.,.F.,.F.,(4,4),(2.,3.),.PIECEWISE_BEZIER_KNOTS.);
#6471 = CARTESIAN_POINT('',(7.23920026041,0.144324182519,2.550111328527)
  );
#6472 = CARTESIAN_POINT('',(7.240511363939,0.144257367782,2.540782342177
    ));
#6473 = CARTESIAN_POINT('',(7.24157133577,0.147507781122,2.533240250702)
  );
#6474 = CARTESIAN_POINT('',(7.242399814007,0.154144728794,2.527345321738
    ));
#6475 = PLANE('',#6476);
#6476 = AXIS2_PLACEMENT_3D('',#6477,#6478,#6479);
#6477 = CARTESIAN_POINT('',(7.219595753473,0.161098380678,2.689604643616
    ));
#6478 = DIRECTION('',(0.990268068742,1.538208308655E-14,0.13917310096));
#6479 = DIRECTION('',(-0.13917310096,2.55656838927E-17,0.990268068742));
#6480 = ADVANCED_FACE('',(#6481),#6497,.F.);
#6481 = FACE_BOUND('',#6482,.F.);
#6482 = EDGE_LOOP('',(#6483,#6489,#6490,#6496));
#6483 = ORIENTED_EDGE('',*,*,#6484,.F.);
#6484 = EDGE_CURVE('',#6285,#1228,#6485,.T.);
#6485 = LINE('',#6486,#6487);
#6486 = CARTESIAN_POINT('',(7.218997859069,0.197240296138,2.693858883352
    ));
#6487 = VECTOR('',#6488,1.);
#6488 = DIRECTION('',(-0.990268068742,1.819092931022E-16,-0.13917310096)
  );
#6489 = ORIENTED_EDGE('',*,*,#6284,.T.);
#6490 = ORIENTED_EDGE('',*,*,#6491,.T.);
#6491 = EDGE_CURVE('',#6287,#1218,#6492,.T.);
#6492 = LINE('',#6493,#6494);
#6493 = CARTESIAN_POINT('',(7.221475034131,0.129478698356,2.67623286692)
  );
#6494 = VECTOR('',#6495,1.);
#6495 = DIRECTION('',(-0.990268068742,1.819092931022E-16,-0.13917310096)
  );
#6496 = ORIENTED_EDGE('',*,*,#1227,.F.);
#6497 = B_SPLINE_SURFACE_WITH_KNOTS('',3,1,(
    (#6498,#6499)
    ,(#6500,#6501)
    ,(#6502,#6503)
    ,(#6504,#6505
    )),.UNSPECIFIED.,.F.,.F.,.F.,(4,4),(2,2),(0.,1.),(0.,1.),
  .PIECEWISE_BEZIER_KNOTS.);
#6498 = CARTESIAN_POINT('',(7.218997859069,0.197240296138,2.693858883352
    ));
#6499 = CARTESIAN_POINT('',(7.218007590984,0.197240296138,2.693719710249
    ));
#6500 = CARTESIAN_POINT('',(7.218972599604,0.171649825828,2.694038613787
    ));
#6501 = CARTESIAN_POINT('',(7.217982331519,0.171649825828,2.693899440683
    ));
#6502 = CARTESIAN_POINT('',(7.21979177859,0.149039524482,2.688209852431)
  );
#6503 = CARTESIAN_POINT('',(7.218801510505,0.149039524482,2.688070679328
    ));
#6504 = CARTESIAN_POINT('',(7.221475034131,0.129478698356,2.67623286692)
  );
#6505 = CARTESIAN_POINT('',(7.220484766046,0.129478698356,2.676093693817
    ));
#6506 = ADVANCED_FACE('',(#6507),#6518,.F.);
#6507 = FACE_BOUND('',#6508,.T.);
#6508 = EDGE_LOOP('',(#6509,#6510,#6516,#6517));
#6509 = ORIENTED_EDGE('',*,*,#1217,.T.);
#6510 = ORIENTED_EDGE('',*,*,#6511,.F.);
#6511 = EDGE_CURVE('',#6296,#1220,#6512,.T.);
#6512 = LINE('',#6513,#6514);
#6513 = CARTESIAN_POINT('',(7.226132386964,0.129241356454,2.643094079581
    ));
#6514 = VECTOR('',#6515,1.);
#6515 = DIRECTION('',(-0.990268068742,1.819092931022E-16,-0.13917310096)
  );
#6516 = ORIENTED_EDGE('',*,*,#6295,.F.);
#6517 = ORIENTED_EDGE('',*,*,#6491,.T.);
#6518 = PLANE('',#6519);
#6519 = AXIS2_PLACEMENT_3D('',#6520,#6521,#6522);
#6520 = CARTESIAN_POINT('',(7.226132386964,0.129241356454,2.643094079581
    ));
#6521 = DIRECTION('',(9.870404757933E-04,0.999974850186,
    -7.023157916226E-03));
#6522 = DIRECTION('',(-2.125205664661E-18,7.023161337381E-03,
    0.999975337298));
#6523 = ADVANCED_FACE('',(#6524),#6535,.F.);
#6524 = FACE_BOUND('',#6525,.F.);
#6525 = EDGE_LOOP('',(#6526,#6527,#6528,#6534));
#6526 = ORIENTED_EDGE('',*,*,#6511,.F.);
#6527 = ORIENTED_EDGE('',*,*,#6303,.T.);
#6528 = ORIENTED_EDGE('',*,*,#6529,.T.);
#6529 = EDGE_CURVE('',#6304,#1322,#6530,.T.);
#6530 = LINE('',#6531,#6532);
#6531 = CARTESIAN_POINT('',(7.222888840106,0.193807885863,2.666173114689
    ));
#6532 = VECTOR('',#6533,1.);
#6533 = DIRECTION('',(-0.990268068742,1.819092931022E-16,-0.13917310096)
  );
#6534 = ORIENTED_EDGE('',*,*,#1330,.F.);
#6535 = B_SPLINE_SURFACE_WITH_KNOTS('',3,1,(
    (#6536,#6537)
    ,(#6538,#6539)
    ,(#6540,#6541)
    ,(#6542,#6543
    )),.UNSPECIFIED.,.F.,.F.,.F.,(4,4),(2,2),(12.,13.),(0.,1.),
  .PIECEWISE_BEZIER_KNOTS.);
#6536 = CARTESIAN_POINT('',(7.226132386964,0.129241356454,2.643094079581
    ));
#6537 = CARTESIAN_POINT('',(7.22514211888,0.129241356454,2.642954906477)
  );
#6538 = CARTESIAN_POINT('',(7.223959844295,0.148756809963,2.658552523914
    ));
#6539 = CARTESIAN_POINT('',(7.22296957621,0.148756809963,2.658413350811)
  );
#6540 = CARTESIAN_POINT('',(7.222865593071,0.170256216759,2.66633852594)
  );
#6541 = CARTESIAN_POINT('',(7.221875324986,0.170256216759,2.666199352837
    ));
#6542 = CARTESIAN_POINT('',(7.222888840106,0.193807885863,2.666173114689
    ));
#6543 = CARTESIAN_POINT('',(7.221898572022,0.193807885863,2.666033941586
    ));
#6544 = ADVANCED_FACE('',(#6545),#6556,.F.);
#6545 = FACE_BOUND('',#6546,.F.);
#6546 = EDGE_LOOP('',(#6547,#6548,#6549,#6555));
#6547 = ORIENTED_EDGE('',*,*,#6529,.F.);
#6548 = ORIENTED_EDGE('',*,*,#6312,.T.);
#6549 = ORIENTED_EDGE('',*,*,#6550,.T.);
#6550 = EDGE_CURVE('',#6313,#1314,#6551,.T.);
#6551 = LINE('',#6552,#6553);
#6552 = CARTESIAN_POINT('',(7.229620615796,0.233258606796,2.618274041765
    ));
#6553 = VECTOR('',#6554,1.);
#6554 = DIRECTION('',(-0.990268068742,1.819092931022E-16,-0.13917310096)
  );
#6555 = ORIENTED_EDGE('',*,*,#1321,.F.);
#6556 = B_SPLINE_SURFACE_WITH_KNOTS('',3,1,(
    (#6557,#6558)
    ,(#6559,#6560)
    ,(#6561,#6562)
    ,(#6563,#6564
    )),.UNSPECIFIED.,.F.,.F.,.F.,(4,4),(2,2),(11.,12.),(0.,1.),
  .PIECEWISE_BEZIER_KNOTS.);
#6557 = CARTESIAN_POINT('',(7.222888840106,0.193807885863,2.666173114689
    ));
#6558 = CARTESIAN_POINT('',(7.221898572022,0.193807885863,2.666033941586
    ));
#6559 = CARTESIAN_POINT('',(7.222915001695,0.220312301541,2.66598696531)
  );
#6560 = CARTESIAN_POINT('',(7.221924733611,0.220312301541,2.665847792207
    ));
#6561 = CARTESIAN_POINT('',(7.225158950057,0.233485976349,2.65002044308)
  );
#6562 = CARTESIAN_POINT('',(7.224168681972,0.233485976349,2.649881269977
    ));
#6563 = CARTESIAN_POINT('',(7.229620615796,0.233258606796,2.618274041765
    ));
#6564 = CARTESIAN_POINT('',(7.228630347712,0.233258606796,2.618134868662
    ));
#6565 = ADVANCED_FACE('',(#6566),#6577,.F.);
#6566 = FACE_BOUND('',#6567,.T.);
#6567 = EDGE_LOOP('',(#6568,#6569,#6575,#6576));
#6568 = ORIENTED_EDGE('',*,*,#1313,.T.);
#6569 = ORIENTED_EDGE('',*,*,#6570,.F.);
#6570 = EDGE_CURVE('',#6322,#1305,#6571,.T.);
#6571 = LINE('',#6572,#6573);
#6572 = CARTESIAN_POINT('',(7.230698142597,0.174989477567,2.610607040195
    ));
#6573 = VECTOR('',#6574,1.);
#6574 = DIRECTION('',(-0.990268068742,1.819092931022E-16,-0.13917310096)
  );
#6575 = ORIENTED_EDGE('',*,*,#6321,.F.);
#6576 = ORIENTED_EDGE('',*,*,#6550,.T.);
#6577 = PLANE('',#6578);
#6578 = AXIS2_PLACEMENT_3D('',#6579,#6580,#6581);
#6579 = CARTESIAN_POINT('',(7.230698142597,0.174989477567,2.610607040195
    ));
#6580 = DIRECTION('',(0.137960580123,0.131714611912,-0.981640534687));
#6581 = DIRECTION('',(0.990268068742,-6.69603261727E-14,0.13917310096));
#6582 = ADVANCED_FACE('',(#6583),#6594,.F.);
#6583 = FACE_BOUND('',#6584,.F.);
#6584 = EDGE_LOOP('',(#6585,#6586,#6587,#6593));
#6585 = ORIENTED_EDGE('',*,*,#6570,.F.);
#6586 = ORIENTED_EDGE('',*,*,#6329,.T.);
#6587 = ORIENTED_EDGE('',*,*,#6588,.T.);
#6588 = EDGE_CURVE('',#6330,#1296,#6589,.T.);
#6589 = LINE('',#6590,#6591);
#6590 = CARTESIAN_POINT('',(7.239557145713,0.109363403359,2.547571957653
    ));
#6591 = VECTOR('',#6592,1.);
#6592 = DIRECTION('',(-0.990268068742,1.819092931022E-16,-0.13917310096)
  );
#6593 = ORIENTED_EDGE('',*,*,#1304,.F.);
#6594 = B_SPLINE_SURFACE_WITH_KNOTS('',3,1,(
    (#6595,#6596)
    ,(#6597,#6598)
    ,(#6599,#6600)
    ,(#6601,#6602
    )),.UNSPECIFIED.,.F.,.F.,.F.,(4,4),(2,2),(9.,10.),(0.,1.),
  .PIECEWISE_BEZIER_KNOTS.);
#6595 = CARTESIAN_POINT('',(7.230698142597,0.174989477567,2.610607040195
    ));
#6596 = CARTESIAN_POINT('',(7.229707874512,0.174989477567,2.610467867092
    ));
#6597 = CARTESIAN_POINT('',(7.231496711525,0.131499039733,2.604924927024
    ));
#6598 = CARTESIAN_POINT('',(7.23050644344,0.131499039733,2.604785753921)
  );
#6599 = CARTESIAN_POINT('',(7.234449712563,0.109623681663,2.583913232843
    ));
#6600 = CARTESIAN_POINT('',(7.233459444479,0.109623681663,2.58377405974)
  );
#6601 = CARTESIAN_POINT('',(7.239557145713,0.109363403359,2.547571957653
    ));
#6602 = CARTESIAN_POINT('',(7.238566877628,0.109363403359,2.54743278455)
  );
#6603 = ADVANCED_FACE('',(#6604),#6615,.F.);
#6604 = FACE_BOUND('',#6605,.F.);
#6605 = EDGE_LOOP('',(#6606,#6607,#6608,#6614));
#6606 = ORIENTED_EDGE('',*,*,#6588,.F.);
#6607 = ORIENTED_EDGE('',*,*,#6338,.T.);
#6608 = ORIENTED_EDGE('',*,*,#6609,.T.);
#6609 = EDGE_CURVE('',#6339,#1287,#6610,.T.);
#6610 = LINE('',#6611,#6612);
#6611 = CARTESIAN_POINT('',(7.245385706993,0.125940062167,2.506099589197
    ));
#6612 = VECTOR('',#6613,1.);
#6613 = DIRECTION('',(-0.990268068742,1.819092931022E-16,-0.13917310096)
  );
#6614 = ORIENTED_EDGE('',*,*,#1295,.F.);
#6615 = B_SPLINE_SURFACE_WITH_KNOTS('',3,1,(
    (#6616,#6617)
    ,(#6618,#6619)
    ,(#6620,#6621)
    ,(#6622,#6623
    )),.UNSPECIFIED.,.F.,.F.,.F.,(4,4),(2,2),(8.,9.),(0.,1.),
  .PIECEWISE_BEZIER_KNOTS.);
#6616 = CARTESIAN_POINT('',(7.239557145713,0.109363403359,2.547571957653
    ));
#6617 = CARTESIAN_POINT('',(7.238566877628,0.109363403359,2.54743278455)
  );
#6618 = CARTESIAN_POINT('',(7.242003234386,0.109238748999,2.530167132369
    ));
#6619 = CARTESIAN_POINT('',(7.241012966301,0.109238748999,2.530027959266
    ));
#6620 = CARTESIAN_POINT('',(7.243946088146,0.114764301935,2.51634300955)
  );
#6621 = CARTESIAN_POINT('',(7.242955820061,0.114764301935,2.516203836447
    ));
#6622 = CARTESIAN_POINT('',(7.245385706993,0.125940062167,2.506099589197
    ));
#6623 = CARTESIAN_POINT('',(7.244395438908,0.125940062167,2.505960416093
    ));
#6624 = ADVANCED_FACE('',(#6625),#6636,.F.);
#6625 = FACE_BOUND('',#6626,.F.);
#6626 = EDGE_LOOP('',(#6627,#6628,#6629,#6635));
#6627 = ORIENTED_EDGE('',*,*,#6609,.F.);
#6628 = ORIENTED_EDGE('',*,*,#6347,.T.);
#6629 = ORIENTED_EDGE('',*,*,#6630,.T.);
#6630 = EDGE_CURVE('',#6348,#1278,#6631,.T.);
#6631 = LINE('',#6632,#6633);
#6632 = CARTESIAN_POINT('',(7.247583093636,0.171246420781,2.490464370804
    ));
#6633 = VECTOR('',#6634,1.);
#6634 = DIRECTION('',(-0.990268068742,1.819092931022E-16,-0.13917310096)
  );
#6635 = ORIENTED_EDGE('',*,*,#1286,.F.);
#6636 = B_SPLINE_SURFACE_WITH_KNOTS('',3,1,(
    (#6637,#6638)
    ,(#6639,#6640)
    ,(#6641,#6642)
    ,(#6643,#6644
    )),.UNSPECIFIED.,.F.,.F.,.F.,(4,4),(2,2),(7.,8.),(0.,1.),
  .PIECEWISE_BEZIER_KNOTS.);
#6637 = CARTESIAN_POINT('',(7.245385706993,0.125940062167,2.506099589197
    ));
#6638 = CARTESIAN_POINT('',(7.244395438908,0.125940062167,2.505960416093
    ));
#6639 = CARTESIAN_POINT('',(7.246825325839,0.137115822398,2.495856168843
    ));
#6640 = CARTESIAN_POINT('',(7.245835057755,0.137115822398,2.49571699574)
  );
#6641 = CARTESIAN_POINT('',(7.247564287826,0.152194175029,2.4905981811)
  );
#6642 = CARTESIAN_POINT('',(7.246574019741,0.152194175029,2.490459007997
    ));
#6643 = CARTESIAN_POINT('',(7.247583093636,0.171246420781,2.490464370804
    ));
#6644 = CARTESIAN_POINT('',(7.246592825552,0.171246420781,2.490325197701
    ));
#6645 = ADVANCED_FACE('',(#6646),#6657,.F.);
#6646 = FACE_BOUND('',#6647,.F.);
#6647 = EDGE_LOOP('',(#6648,#6649,#6650,#6656));
#6648 = ORIENTED_EDGE('',*,*,#6630,.F.);
#6649 = ORIENTED_EDGE('',*,*,#6356,.T.);
#6650 = ORIENTED_EDGE('',*,*,#6651,.T.);
#6651 = EDGE_CURVE('',#6357,#1270,#6652,.T.);
#6652 = LINE('',#6653,#6654);
#6653 = CARTESIAN_POINT('',(7.242769886379,0.231674519588,2.524712119987
    ));
#6654 = VECTOR('',#6655,1.);
#6655 = DIRECTION('',(-0.990268068742,1.819092931022E-16,-0.13917310096)
  );
#6656 = ORIENTED_EDGE('',*,*,#1277,.F.);
#6657 = B_SPLINE_SURFACE_WITH_KNOTS('',3,1,(
    (#6658,#6659)
    ,(#6660,#6661)
    ,(#6662,#6663)
    ,(#6664,#6665
    )),.UNSPECIFIED.,.F.,.F.,.F.,(4,4),(2,2),(6.,7.),(0.,1.),
  .PIECEWISE_BEZIER_KNOTS.);
#6658 = CARTESIAN_POINT('',(7.247583093636,0.171246420781,2.490464370804
    ));
#6659 = CARTESIAN_POINT('',(7.246592825552,0.171246420781,2.490325197701
    ));
#6660 = CARTESIAN_POINT('',(7.247609255225,0.197750836459,2.490278221426
    ));
#6661 = CARTESIAN_POINT('',(7.246618987141,0.197750836459,2.490139048322
    ));
#6662 = CARTESIAN_POINT('',(7.246004899069,0.217940405055,2.501693808643
    ));
#6663 = CARTESIAN_POINT('',(7.245014630984,0.217940405055,2.50155463554)
  );
#6664 = CARTESIAN_POINT('',(7.242769886379,0.231674519588,2.524712119987
    ));
#6665 = CARTESIAN_POINT('',(7.241779618295,0.231674519588,2.524572946884
    ));
#6666 = ADVANCED_FACE('',(#6667),#6678,.F.);
#6667 = FACE_BOUND('',#6668,.T.);
#6668 = EDGE_LOOP('',(#6669,#6670,#6676,#6677));
#6669 = ORIENTED_EDGE('',*,*,#1269,.T.);
#6670 = ORIENTED_EDGE('',*,*,#6671,.F.);
#6671 = EDGE_CURVE('',#6366,#1262,#6672,.T.);
#6672 = LINE('',#6673,#6674);
#6673 = CARTESIAN_POINT('',(7.242770788503,0.232588464956,2.524705701043
    ));
#6674 = VECTOR('',#6675,1.);
#6675 = DIRECTION('',(-0.990268068742,1.819092931022E-16,-0.13917310096)
  );
#6676 = ORIENTED_EDGE('',*,*,#6365,.F.);
#6677 = ORIENTED_EDGE('',*,*,#6651,.T.);
#6678 = PLANE('',#6679);
#6679 = AXIS2_PLACEMENT_3D('',#6680,#6681,#6682);
#6680 = CARTESIAN_POINT('',(7.242770788503,0.232588464956,2.524705701043
    ));
#6681 = DIRECTION('',(-0.139169600782,7.092178509789E-03,0.990243163684)
  );
#6682 = DIRECTION('',(-0.990268068742,2.712673835559E-15,-0.13917310096)
  );
#6683 = ADVANCED_FACE('',(#6684),#6695,.F.);
#6684 = FACE_BOUND('',#6685,.T.);
#6685 = EDGE_LOOP('',(#6686,#6687,#6693,#6694));
#6686 = ORIENTED_EDGE('',*,*,#1261,.T.);
#6687 = ORIENTED_EDGE('',*,*,#6688,.F.);
#6688 = EDGE_CURVE('',#6374,#1254,#6689,.T.);
#6689 = LINE('',#6690,#6691);
#6690 = CARTESIAN_POINT('',(7.24699762973,0.232373062222,2.494630162955)
  );
#6691 = VECTOR('',#6692,1.);
#6692 = DIRECTION('',(-0.990268068742,1.819092931022E-16,-0.13917310096)
  );
#6693 = ORIENTED_EDGE('',*,*,#6373,.F.);
#6694 = ORIENTED_EDGE('',*,*,#6671,.T.);
#6695 = PLANE('',#6696);
#6696 = AXIS2_PLACEMENT_3D('',#6697,#6698,#6699);
#6697 = CARTESIAN_POINT('',(7.24699762973,0.232373062222,2.494630162955)
  );
#6698 = DIRECTION('',(9.870404757925E-04,0.999974850186,
    -7.02315791622E-03));
#6699 = DIRECTION('',(-3.114540147054E-18,7.023161337375E-03,
    0.999975337298));
#6700 = ADVANCED_FACE('',(#6701),#6712,.F.);
#6701 = FACE_BOUND('',#6702,.T.);
#6702 = EDGE_LOOP('',(#6703,#6704,#6710,#6711));
#6703 = ORIENTED_EDGE('',*,*,#1253,.T.);
#6704 = ORIENTED_EDGE('',*,*,#6705,.F.);
#6705 = EDGE_CURVE('',#6382,#1246,#6706,.T.);
#6706 = LINE('',#6707,#6708);
#6707 = CARTESIAN_POINT('',(7.247031632857,0.266821772255,2.49438821814)
  );
#6708 = VECTOR('',#6709,1.);
#6709 = DIRECTION('',(-0.990268068742,1.819092931022E-16,-0.13917310096)
  );
#6710 = ORIENTED_EDGE('',*,*,#6381,.F.);
#6711 = ORIENTED_EDGE('',*,*,#6688,.T.);
#6712 = PLANE('',#6713);
#6713 = AXIS2_PLACEMENT_3D('',#6714,#6715,#6716);
#6714 = CARTESIAN_POINT('',(7.247031632857,0.266821772255,2.49438821814)
  );
#6715 = DIRECTION('',(-0.139169600782,7.092178509959E-03,0.990243163684)
  );
#6716 = DIRECTION('',(-0.990268068742,2.713541197297E-15,-0.13917310096)
  );
#6717 = ADVANCED_FACE('',(#6718),#6729,.F.);
#6718 = FACE_BOUND('',#6719,.T.);
#6719 = EDGE_LOOP('',(#6720,#6721,#6727,#6728));
#6720 = ORIENTED_EDGE('',*,*,#1245,.T.);
#6721 = ORIENTED_EDGE('',*,*,#6722,.F.);
#6722 = EDGE_CURVE('',#6390,#1237,#6723,.T.);
#6723 = LINE('',#6724,#6725);
#6724 = CARTESIAN_POINT('',(7.22943936312,0.267718286412,2.619563721573)
  );
#6725 = VECTOR('',#6726,1.);
#6726 = DIRECTION('',(-0.990268068742,1.819092931022E-16,-0.13917310096)
  );
#6727 = ORIENTED_EDGE('',*,*,#6389,.F.);
#6728 = ORIENTED_EDGE('',*,*,#6705,.T.);
#6729 = PLANE('',#6730);
#6730 = AXIS2_PLACEMENT_3D('',#6731,#6732,#6733);
#6731 = CARTESIAN_POINT('',(7.22943936312,0.267718286412,2.619563721573)
  );
#6732 = DIRECTION('',(-9.870404757938E-04,-0.999974850186,
    7.02315791623E-03));
#6733 = DIRECTION('',(2.120970499925E-18,-7.023161337385E-03,
    -0.999975337298));
#6734 = ADVANCED_FACE('',(#6735),#6741,.F.);
#6735 = FACE_BOUND('',#6736,.F.);
#6736 = EDGE_LOOP('',(#6737,#6738,#6739,#6740));
#6737 = ORIENTED_EDGE('',*,*,#6722,.F.);
#6738 = ORIENTED_EDGE('',*,*,#6397,.T.);
#6739 = ORIENTED_EDGE('',*,*,#6484,.T.);
#6740 = ORIENTED_EDGE('',*,*,#1236,.F.);
#6741 = B_SPLINE_SURFACE_WITH_KNOTS('',3,1,(
    (#6742,#6743)
    ,(#6744,#6745)
    ,(#6746,#6747)
    ,(#6748,#6749
    )),.UNSPECIFIED.,.F.,.F.,.F.,(4,4),(2,2),(1.,2.),(0.,1.),
  .PIECEWISE_BEZIER_KNOTS.);
#6742 = CARTESIAN_POINT('',(7.22943936312,0.267718286412,2.619563721573)
  );
#6743 = CARTESIAN_POINT('',(7.228449095035,0.267718286412,2.61942454847)
  );
#6744 = CARTESIAN_POINT('',(7.222512039997,0.26807130756,2.668854186775)
  );
#6745 = CARTESIAN_POINT('',(7.221521771913,0.26807130756,2.668715013672)
  );
#6746 = CARTESIAN_POINT('',(7.219044561322,0.244554544815,2.693526579555
    ));
#6747 = CARTESIAN_POINT('',(7.218054293237,0.244554544815,2.693387406452
    ));
#6748 = CARTESIAN_POINT('',(7.218997859069,0.197240296138,2.693858883352
    ));
#6749 = CARTESIAN_POINT('',(7.218007590984,0.197240296138,2.693719710249
    ));
#6750 = ADVANCED_FACE('',(#6751),#6777,.T.);
#6751 = FACE_BOUND('',#6752,.T.);
#6752 = EDGE_LOOP('',(#6753,#6764,#6770,#6771));
#6753 = ORIENTED_EDGE('',*,*,#6754,.F.);
#6754 = EDGE_CURVE('',#6755,#6757,#6759,.T.);
#6755 = VERTEX_POINT('',#6756);
#6756 = CARTESIAN_POINT('',(7.233105335979,0.187049763169,2.586293673826
    ));
#6757 = VERTEX_POINT('',#6758);
#6758 = CARTESIAN_POINT('',(7.234755352002,0.153640146775,2.574553198583
    ));
#6759 = B_SPLINE_CURVE_WITH_KNOTS('',3,(#6760,#6761,#6762,#6763),
  .UNSPECIFIED.,.F.,.F.,(4,4),(0.,1.),.PIECEWISE_BEZIER_KNOTS.);
#6760 = CARTESIAN_POINT('',(7.233105335979,0.187049763169,2.586293673826
    ));
#6761 = CARTESIAN_POINT('',(7.233402543909,0.170934308233,2.584178928334
    ));
#6762 = CARTESIAN_POINT('',(7.233939503498,0.159798434257,2.58035826233)
  );
#6763 = CARTESIAN_POINT('',(7.234755352002,0.153640146775,2.574553198583
    ));
#6764 = ORIENTED_EDGE('',*,*,#6765,.F.);
#6765 = EDGE_CURVE('',#6418,#6755,#6766,.T.);
#6766 = LINE('',#6767,#6768);
#6767 = CARTESIAN_POINT('',(7.2340956039,0.187049763169,2.586432846906)
  );
#6768 = VECTOR('',#6769,1.);
#6769 = DIRECTION('',(-0.990268068742,1.819092931022E-16,-0.13917310096)
  );
#6770 = ORIENTED_EDGE('',*,*,#6417,.T.);
#6771 = ORIENTED_EDGE('',*,*,#6772,.T.);
#6772 = EDGE_CURVE('',#6407,#6757,#6773,.T.);
#6773 = LINE('',#6774,#6775);
#6774 = CARTESIAN_POINT('',(7.235745620087,0.153640146775,2.574692371686
    ));
#6775 = VECTOR('',#6776,1.);
#6776 = DIRECTION('',(-0.990268068742,1.819092931022E-16,-0.13917310096)
  );
#6777 = B_SPLINE_SURFACE_WITH_KNOTS('',3,1,(
    (#6778,#6779)
    ,(#6780,#6781)
    ,(#6782,#6783)
    ,(#6784,#6785
    )),.UNSPECIFIED.,.F.,.F.,.F.,(4,4),(2,2),(0.,1.),(0.,1.),
  .PIECEWISE_BEZIER_KNOTS.);
#6778 = CARTESIAN_POINT('',(7.2340956039,0.187049763169,2.586432846906)
  );
#6779 = CARTESIAN_POINT('',(7.233105335815,0.187049763169,2.586293673802
    ));
#6780 = CARTESIAN_POINT('',(7.234392811993,0.170934308233,2.584318101437
    ));
#6781 = CARTESIAN_POINT('',(7.233402543909,0.170934308233,2.584178928334
    ));
#6782 = CARTESIAN_POINT('',(7.234929771582,0.159798434257,2.580497435433
    ));
#6783 = CARTESIAN_POINT('',(7.233939503498,0.159798434257,2.58035826233)
  );
#6784 = CARTESIAN_POINT('',(7.235745620087,0.153640146775,2.574692371686
    ));
#6785 = CARTESIAN_POINT('',(7.234755352002,0.153640146775,2.574553198583
    ));
#6786 = ADVANCED_FACE('',(#6787),#6806,.T.);
#6787 = FACE_BOUND('',#6788,.T.);
#6788 = EDGE_LOOP('',(#6789,#6798,#6799,#6800));
#6789 = ORIENTED_EDGE('',*,*,#6790,.F.);
#6790 = EDGE_CURVE('',#6757,#6791,#6793,.T.);
#6791 = VERTEX_POINT('',#6792);
#6792 = CARTESIAN_POINT('',(7.238209992326,0.144324182519,2.549972155424
    ));
#6793 = B_SPLINE_CURVE_WITH_KNOTS('',3,(#6794,#6795,#6796,#6797),
  .UNSPECIFIED.,.F.,.F.,(4,4),(1.,2.),.PIECEWISE_BEZIER_KNOTS.);
#6794 = CARTESIAN_POINT('',(7.234755352002,0.153640146775,2.574553198583
    ));
#6795 = CARTESIAN_POINT('',(7.235571269901,0.147552162781,2.568747641073
    ));
#6796 = CARTESIAN_POINT('',(7.236722770412,0.14439997237,2.560554289197)
  );
#6797 = CARTESIAN_POINT('',(7.238209992326,0.144324182519,2.549972155424
    ));
#6798 = ORIENTED_EDGE('',*,*,#6772,.F.);
#6799 = ORIENTED_EDGE('',*,*,#6406,.T.);
#6800 = ORIENTED_EDGE('',*,*,#6801,.T.);
#6801 = EDGE_CURVE('',#6409,#6791,#6802,.T.);
#6802 = LINE('',#6803,#6804);
#6803 = CARTESIAN_POINT('',(7.23920026041,0.144324182519,2.550111328527)
  );
#6804 = VECTOR('',#6805,1.);
#6805 = DIRECTION('',(-0.990268068742,1.819092931022E-16,-0.13917310096)
  );
#6806 = B_SPLINE_SURFACE_WITH_KNOTS('',3,1,(
    (#6807,#6808)
    ,(#6809,#6810)
    ,(#6811,#6812)
    ,(#6813,#6814
    )),.UNSPECIFIED.,.F.,.F.,.F.,(4,4),(2,2),(1.,2.),(0.,1.),
  .PIECEWISE_BEZIER_KNOTS.);
#6807 = CARTESIAN_POINT('',(7.235745620087,0.153640146775,2.574692371686
    ));
#6808 = CARTESIAN_POINT('',(7.234755352002,0.153640146775,2.574553198583
    ));
#6809 = CARTESIAN_POINT('',(7.236561537985,0.147552162781,2.568886814176
    ));
#6810 = CARTESIAN_POINT('',(7.235571269901,0.147552162781,2.568747641073
    ));
#6811 = CARTESIAN_POINT('',(7.237713038497,0.14439997237,2.5606934623));
#6812 = CARTESIAN_POINT('',(7.236722770412,0.14439997237,2.560554289197)
  );
#6813 = CARTESIAN_POINT('',(7.23920026041,0.144324182519,2.550111328527)
  );
#6814 = CARTESIAN_POINT('',(7.238209992326,0.144324182519,2.549972155424
    ));
#6815 = ADVANCED_FACE('',(#6816),#6835,.T.);
#6816 = FACE_BOUND('',#6817,.T.);
#6817 = EDGE_LOOP('',(#6818,#6827,#6828,#6829));
#6818 = ORIENTED_EDGE('',*,*,#6819,.F.);
#6819 = EDGE_CURVE('',#6791,#6820,#6822,.T.);
#6820 = VERTEX_POINT('',#6821);
#6821 = CARTESIAN_POINT('',(7.241409545923,0.154144728794,2.527206148635
    ));
#6822 = B_SPLINE_CURVE_WITH_KNOTS('',3,(#6823,#6824,#6825,#6826),
  .UNSPECIFIED.,.F.,.F.,(4,4),(2.,3.),.PIECEWISE_BEZIER_KNOTS.);
#6823 = CARTESIAN_POINT('',(7.238209992326,0.144324182519,2.549972155424
    ));
#6824 = CARTESIAN_POINT('',(7.239521095854,0.144257367782,2.540643169073
    ));
#6825 = CARTESIAN_POINT('',(7.240581067686,0.147507781122,2.533101077599
    ));
#6826 = CARTESIAN_POINT('',(7.241409545923,0.154144728794,2.527206148635
    ));
#6827 = ORIENTED_EDGE('',*,*,#6801,.F.);
#6828 = ORIENTED_EDGE('',*,*,#6469,.T.);
#6829 = ORIENTED_EDGE('',*,*,#6830,.T.);
#6830 = EDGE_CURVE('',#6461,#6820,#6831,.T.);
#6831 = LINE('',#6832,#6833);
#6832 = CARTESIAN_POINT('',(7.242399814007,0.154144728794,2.527345321738
    ));
#6833 = VECTOR('',#6834,1.);
#6834 = DIRECTION('',(-0.990268068742,1.819092931022E-16,-0.13917310096)
  );
#6835 = B_SPLINE_SURFACE_WITH_KNOTS('',3,1,(
    (#6836,#6837)
    ,(#6838,#6839)
    ,(#6840,#6841)
    ,(#6842,#6843
    )),.UNSPECIFIED.,.F.,.F.,.F.,(4,4),(2,2),(2.,3.),(0.,1.),
  .PIECEWISE_BEZIER_KNOTS.);
#6836 = CARTESIAN_POINT('',(7.23920026041,0.144324182519,2.550111328527)
  );
#6837 = CARTESIAN_POINT('',(7.238209992326,0.144324182519,2.549972155424
    ));
#6838 = CARTESIAN_POINT('',(7.240511363939,0.144257367782,2.540782342177
    ));
#6839 = CARTESIAN_POINT('',(7.239521095854,0.144257367782,2.540643169073
    ));
#6840 = CARTESIAN_POINT('',(7.24157133577,0.147507781122,2.533240250702)
  );
#6841 = CARTESIAN_POINT('',(7.240581067686,0.147507781122,2.533101077599
    ));
#6842 = CARTESIAN_POINT('',(7.242399814007,0.154144728794,2.527345321738
    ));
#6843 = CARTESIAN_POINT('',(7.241409545923,0.154144728794,2.527206148635
    ));
#6844 = ADVANCED_FACE('',(#6845),#6864,.T.);
#6845 = FACE_BOUND('',#6846,.T.);
#6846 = EDGE_LOOP('',(#6847,#6856,#6857,#6858));
#6847 = ORIENTED_EDGE('',*,*,#6848,.F.);
#6848 = EDGE_CURVE('',#6820,#6849,#6851,.T.);
#6849 = VERTEX_POINT('',#6850);
#6850 = CARTESIAN_POINT('',(7.242668328021,0.180375408205,2.518249448609
    ));
#6851 = B_SPLINE_CURVE_WITH_KNOTS('',3,(#6852,#6853,#6854,#6855),
  .UNSPECIFIED.,.F.,.F.,(4,4),(3.,4.),.PIECEWISE_BEZIER_KNOTS.);
#6852 = CARTESIAN_POINT('',(7.241409545923,0.154144728794,2.527206148635
    ));
#6853 = CARTESIAN_POINT('',(7.242237954765,0.160711372976,2.521311713437
    ));
#6854 = CARTESIAN_POINT('',(7.24265757193,0.169478367275,2.518325982173)
  );
#6855 = CARTESIAN_POINT('',(7.242668328021,0.180375408205,2.518249448609
    ));
#6856 = ORIENTED_EDGE('',*,*,#6830,.F.);
#6857 = ORIENTED_EDGE('',*,*,#6460,.T.);
#6858 = ORIENTED_EDGE('',*,*,#6859,.T.);
#6859 = EDGE_CURVE('',#6452,#6849,#6860,.T.);
#6860 = LINE('',#6861,#6862);
#6861 = CARTESIAN_POINT('',(7.243658596105,0.180375408205,2.518388621712
    ));
#6862 = VECTOR('',#6863,1.);
#6863 = DIRECTION('',(-0.990268068742,1.819092931022E-16,-0.13917310096)
  );
#6864 = B_SPLINE_SURFACE_WITH_KNOTS('',3,1,(
    (#6865,#6866)
    ,(#6867,#6868)
    ,(#6869,#6870)
    ,(#6871,#6872
    )),.UNSPECIFIED.,.F.,.F.,.F.,(4,4),(2,2),(3.,4.),(0.,1.),
  .PIECEWISE_BEZIER_KNOTS.);
#6865 = CARTESIAN_POINT('',(7.242399814007,0.154144728794,2.527345321738
    ));
#6866 = CARTESIAN_POINT('',(7.241409545923,0.154144728794,2.527206148635
    ));
#6867 = CARTESIAN_POINT('',(7.24322822285,0.160711372976,2.521450886541)
  );
#6868 = CARTESIAN_POINT('',(7.242237954765,0.160711372976,2.521311713437
    ));
#6869 = CARTESIAN_POINT('',(7.243647840014,0.169478367275,2.518465155277
    ));
#6870 = CARTESIAN_POINT('',(7.24265757193,0.169478367275,2.518325982173)
  );
#6871 = CARTESIAN_POINT('',(7.243658596105,0.180375408205,2.518388621712
    ));
#6872 = CARTESIAN_POINT('',(7.242668328021,0.180375408205,2.518249448609
    ));
#6873 = ADVANCED_FACE('',(#6874),#6893,.T.);
#6874 = FACE_BOUND('',#6875,.T.);
#6875 = EDGE_LOOP('',(#6876,#6885,#6886,#6887));
#6876 = ORIENTED_EDGE('',*,*,#6877,.F.);
#6877 = EDGE_CURVE('',#6849,#6878,#6880,.T.);
#6878 = VERTEX_POINT('',#6879);
#6879 = CARTESIAN_POINT('',(7.240474412831,0.217890549587,2.533859966325
    ));
#6880 = B_SPLINE_CURVE_WITH_KNOTS('',3,(#6881,#6882,#6883,#6884),
  .UNSPECIFIED.,.F.,.F.,(4,4),(4.,5.),.PIECEWISE_BEZIER_KNOTS.);
#6881 = CARTESIAN_POINT('',(7.242668328021,0.180375408205,2.518249448609
    ));
#6882 = CARTESIAN_POINT('',(7.24268324776,0.195490658525,2.518143289149)
  );
#6883 = CARTESIAN_POINT('',(7.241951988959,0.208042574645,2.523346465878
    ));
#6884 = CARTESIAN_POINT('',(7.240474412831,0.217890549587,2.533859966325
    ));
#6885 = ORIENTED_EDGE('',*,*,#6859,.F.);
#6886 = ORIENTED_EDGE('',*,*,#6451,.T.);
#6887 = ORIENTED_EDGE('',*,*,#6888,.T.);
#6888 = EDGE_CURVE('',#6443,#6878,#6889,.T.);
#6889 = LINE('',#6890,#6891);
#6890 = CARTESIAN_POINT('',(7.241464680915,0.217890549587,2.533999139428
    ));
#6891 = VECTOR('',#6892,1.);
#6892 = DIRECTION('',(-0.990268068742,1.819092931022E-16,-0.13917310096)
  );
#6893 = B_SPLINE_SURFACE_WITH_KNOTS('',3,1,(
    (#6894,#6895)
    ,(#6896,#6897)
    ,(#6898,#6899)
    ,(#6900,#6901
    )),.UNSPECIFIED.,.F.,.F.,.F.,(4,4),(2,2),(4.,5.),(0.,1.),
  .PIECEWISE_BEZIER_KNOTS.);
#6894 = CARTESIAN_POINT('',(7.243658596105,0.180375408205,2.518388621712
    ));
#6895 = CARTESIAN_POINT('',(7.242668328021,0.180375408205,2.518249448609
    ));
#6896 = CARTESIAN_POINT('',(7.243673515844,0.195490658525,2.518282462253
    ));
#6897 = CARTESIAN_POINT('',(7.24268324776,0.195490658525,2.518143289149)
  );
#6898 = CARTESIAN_POINT('',(7.242942257044,0.208042574645,2.523485638981
    ));
#6899 = CARTESIAN_POINT('',(7.241951988959,0.208042574645,2.523346465878
    ));
#6900 = CARTESIAN_POINT('',(7.241464680915,0.217890549587,2.533999139428
    ));
#6901 = CARTESIAN_POINT('',(7.240474412831,0.217890549587,2.533859966325
    ));
#6902 = ADVANCED_FACE('',(#6903),#6922,.T.);
#6903 = FACE_BOUND('',#6904,.T.);
#6904 = EDGE_LOOP('',(#6905,#6914,#6915,#6916));
#6905 = ORIENTED_EDGE('',*,*,#6906,.F.);
#6906 = EDGE_CURVE('',#6878,#6907,#6909,.T.);
#6907 = VERTEX_POINT('',#6908);
#6908 = CARTESIAN_POINT('',(7.234911903424,0.232938494399,2.573439277334
    ));
#6909 = B_SPLINE_CURVE_WITH_KNOTS('',3,(#6910,#6911,#6912,#6913),
  .UNSPECIFIED.,.F.,.F.,(4,4),(5.,6.),.PIECEWISE_BEZIER_KNOTS.);
#6910 = CARTESIAN_POINT('',(7.240474412831,0.217890549587,2.533859966325
    ));
#6911 = CARTESIAN_POINT('',(7.239016474806,0.227807830784,2.544233734404
    ));
#6912 = CARTESIAN_POINT('',(7.237162305004,0.232823812388,2.557426838074
    ));
#6913 = CARTESIAN_POINT('',(7.234911903424,0.232938494399,2.573439277334
    ));
#6914 = ORIENTED_EDGE('',*,*,#6888,.F.);
#6915 = ORIENTED_EDGE('',*,*,#6442,.T.);
#6916 = ORIENTED_EDGE('',*,*,#6917,.T.);
#6917 = EDGE_CURVE('',#6435,#6907,#6918,.T.);
#6918 = LINE('',#6919,#6920);
#6919 = CARTESIAN_POINT('',(7.235902171509,0.232938494399,2.573578450438
    ));
#6920 = VECTOR('',#6921,1.);
#6921 = DIRECTION('',(-0.990268068742,1.819092931022E-16,-0.13917310096)
  );
#6922 = B_SPLINE_SURFACE_WITH_KNOTS('',3,1,(
    (#6923,#6924)
    ,(#6925,#6926)
    ,(#6927,#6928)
    ,(#6929,#6930
    )),.UNSPECIFIED.,.F.,.F.,.F.,(4,4),(2,2),(5.,6.),(0.,1.),
  .PIECEWISE_BEZIER_KNOTS.);
#6923 = CARTESIAN_POINT('',(7.241464680915,0.217890549587,2.533999139428
    ));
#6924 = CARTESIAN_POINT('',(7.240474412831,0.217890549587,2.533859966325
    ));
#6925 = CARTESIAN_POINT('',(7.24000674289,0.227807830784,2.544372907507)
  );
#6926 = CARTESIAN_POINT('',(7.239016474806,0.227807830784,2.544233734404
    ));
#6927 = CARTESIAN_POINT('',(7.238152573088,0.232823812388,2.557566011177
    ));
#6928 = CARTESIAN_POINT('',(7.237162305004,0.232823812388,2.557426838074
    ));
#6929 = CARTESIAN_POINT('',(7.235902171509,0.232938494399,2.573578450438
    ));
#6930 = CARTESIAN_POINT('',(7.234911903424,0.232938494399,2.573439277334
    ));
#6931 = ADVANCED_FACE('',(#6932),#6950,.T.);
#6932 = FACE_BOUND('',#6933,.T.);
#6933 = EDGE_LOOP('',(#6934,#6942,#6943,#6944));
#6934 = ORIENTED_EDGE('',*,*,#6935,.F.);
#6935 = EDGE_CURVE('',#6907,#6936,#6938,.T.);
#6936 = VERTEX_POINT('',#6937);
#6937 = CARTESIAN_POINT('',(7.232289696367,0.233072123873,2.592097250039
    ));
#6938 = LINE('',#6939,#6940);
#6939 = CARTESIAN_POINT('',(7.234911903424,0.232938494399,2.573439277334
    ));
#6940 = VECTOR('',#6941,1.);
#6941 = DIRECTION('',(-0.139169600782,7.092178509973E-03,0.990243163684)
  );
#6942 = ORIENTED_EDGE('',*,*,#6917,.F.);
#6943 = ORIENTED_EDGE('',*,*,#6434,.T.);
#6944 = ORIENTED_EDGE('',*,*,#6945,.T.);
#6945 = EDGE_CURVE('',#6427,#6936,#6946,.T.);
#6946 = LINE('',#6947,#6948);
#6947 = CARTESIAN_POINT('',(7.233279964451,0.233072123873,2.592236423142
    ));
#6948 = VECTOR('',#6949,1.);
#6949 = DIRECTION('',(-0.990268068742,1.819092931022E-16,-0.13917310096)
  );
#6950 = PLANE('',#6951);
#6951 = AXIS2_PLACEMENT_3D('',#6952,#6953,#6954);
#6952 = CARTESIAN_POINT('',(7.235902171509,0.232938494399,2.573578450438
    ));
#6953 = DIRECTION('',(-9.870404757955E-04,-0.999974850186,
    7.023157916242E-03));
#6954 = DIRECTION('',(3.114540147054E-18,-7.023161337397E-03,
    -0.999975337298));
#6955 = ADVANCED_FACE('',(#6956),#6967,.T.);
#6956 = FACE_BOUND('',#6957,.T.);
#6957 = EDGE_LOOP('',(#6958,#6964,#6965,#6966));
#6958 = ORIENTED_EDGE('',*,*,#6959,.F.);
#6959 = EDGE_CURVE('',#6936,#6755,#6960,.T.);
#6960 = LINE('',#6961,#6962);
#6961 = CARTESIAN_POINT('',(7.232289696367,0.233072123873,2.592097250039
    ));
#6962 = VECTOR('',#6963,1.);
#6963 = DIRECTION('',(1.758070480086E-02,-0.991989216912,-0.125093214638
    ));
#6964 = ORIENTED_EDGE('',*,*,#6945,.F.);
#6965 = ORIENTED_EDGE('',*,*,#6426,.T.);
#6966 = ORIENTED_EDGE('',*,*,#6765,.T.);
#6967 = PLANE('',#6968);
#6968 = AXIS2_PLACEMENT_3D('',#6969,#6970,#6971);
#6969 = CARTESIAN_POINT('',(7.233279964451,0.233072123873,2.592236423142
    ));
#6970 = DIRECTION('',(0.138058215437,0.126322577277,-0.982335246044));
#6971 = DIRECTION('',(0.990268068742,-6.548234177117E-14,0.13917310096)
  );
#6972 = ADVANCED_FACE('',(#6973),#6983,.T.);
#6973 = FACE_BOUND('',#6974,.T.);
#6974 = EDGE_LOOP('',(#6975,#6976,#6977,#6978,#6979,#6980,#6981,#6982));
#6975 = ORIENTED_EDGE('',*,*,#6754,.T.);
#6976 = ORIENTED_EDGE('',*,*,#6790,.T.);
#6977 = ORIENTED_EDGE('',*,*,#6819,.T.);
#6978 = ORIENTED_EDGE('',*,*,#6848,.T.);
#6979 = ORIENTED_EDGE('',*,*,#6877,.T.);
#6980 = ORIENTED_EDGE('',*,*,#6906,.T.);
#6981 = ORIENTED_EDGE('',*,*,#6935,.T.);
#6982 = ORIENTED_EDGE('',*,*,#6959,.T.);
#6983 = PLANE('',#6984);
#6984 = AXIS2_PLACEMENT_3D('',#6985,#6986,#6987);
#6985 = CARTESIAN_POINT('',(7.596585207684,5.100000082177,0.));
#6986 = DIRECTION('',(0.990268068742,-1.819092931022E-16,0.13917310096)
  );
#6987 = DIRECTION('',(-0.13917310096,2.556568389271E-17,0.990268068742)
  );
#6988 = ADVANCED_FACE('',(#6989),#7015,.F.);
#6989 = FACE_BOUND('',#6990,.F.);
#6990 = EDGE_LOOP('',(#6991,#6999,#7008,#7014));
#6991 = ORIENTED_EDGE('',*,*,#6992,.F.);
#6992 = EDGE_CURVE('',#6993,#1039,#6995,.T.);
#6993 = VERTEX_POINT('',#6994);
#6994 = CARTESIAN_POINT('',(7.243865667768,0.370334440577,2.516915230271
    ));
#6995 = LINE('',#6996,#6997);
#6996 = CARTESIAN_POINT('',(7.243865667768,0.370334440577,2.516915230271
    ));
#6997 = VECTOR('',#6998,1.);
#6998 = DIRECTION('',(-0.990268068742,1.819092931022E-16,-0.13917310096)
  );
#6999 = ORIENTED_EDGE('',*,*,#7000,.T.);
#7000 = EDGE_CURVE('',#6993,#7001,#7003,.T.);
#7001 = VERTEX_POINT('',#7002);
#7002 = CARTESIAN_POINT('',(7.241167960328,0.313804454457,2.536110416109
    ));
#7003 = B_SPLINE_CURVE_WITH_KNOTS('',3,(#7004,#7005,#7006,#7007),
  .UNSPECIFIED.,.F.,.F.,(4,4),(0.,1.),.PIECEWISE_BEZIER_KNOTS.);
#7004 = CARTESIAN_POINT('',(7.243865667768,0.370334440577,2.516915230271
    ));
#7005 = CARTESIAN_POINT('',(7.243845682257,0.350087035497,2.517057434571
    ));
#7006 = CARTESIAN_POINT('',(7.242946492707,0.331290575783,2.523455500674
    ));
#7007 = CARTESIAN_POINT('',(7.241167960328,0.313804454457,2.536110416109
    ));
#7008 = ORIENTED_EDGE('',*,*,#7009,.T.);
#7009 = EDGE_CURVE('',#7001,#1029,#7010,.T.);
#7010 = LINE('',#7011,#7012);
#7011 = CARTESIAN_POINT('',(7.241167960328,0.313804454457,2.536110416109
    ));
#7012 = VECTOR('',#7013,1.);
#7013 = DIRECTION('',(-0.990268068742,1.819092931022E-16,-0.13917310096)
  );
#7014 = ORIENTED_EDGE('',*,*,#1038,.F.);
#7015 = B_SPLINE_SURFACE_WITH_KNOTS('',3,1,(
    (#7016,#7017)
    ,(#7018,#7019)
    ,(#7020,#7021)
    ,(#7022,#7023
    )),.UNSPECIFIED.,.F.,.F.,.F.,(4,4),(2,2),(0.,1.),(0.,1.),
  .PIECEWISE_BEZIER_KNOTS.);
#7016 = CARTESIAN_POINT('',(7.243865667768,0.370334440577,2.516915230271
    ));
#7017 = CARTESIAN_POINT('',(7.242875399684,0.370334440577,2.516776057168
    ));
#7018 = CARTESIAN_POINT('',(7.243845682257,0.350087035497,2.517057434571
    ));
#7019 = CARTESIAN_POINT('',(7.242855414173,0.350087035497,2.516918261467
    ));
#7020 = CARTESIAN_POINT('',(7.242946492707,0.331290575783,2.523455500674
    ));
#7021 = CARTESIAN_POINT('',(7.241956224622,0.331290575783,2.523316327571
    ));
#7022 = CARTESIAN_POINT('',(7.241167960328,0.313804454457,2.536110416109
    ));
#7023 = CARTESIAN_POINT('',(7.240177692244,0.313804454457,2.535971243005
    ));
#7024 = ADVANCED_FACE('',(#7025),#7043,.F.);
#7025 = FACE_BOUND('',#7026,.T.);
#7026 = EDGE_LOOP('',(#7027,#7028,#7036,#7042));
#7027 = ORIENTED_EDGE('',*,*,#1028,.T.);
#7028 = ORIENTED_EDGE('',*,*,#7029,.F.);
#7029 = EDGE_CURVE('',#7030,#1031,#7032,.T.);
#7030 = VERTEX_POINT('',#7031);
#7031 = CARTESIAN_POINT('',(7.246118843803,0.313552154033,2.500883049737
    ));
#7032 = LINE('',#7033,#7034);
#7033 = CARTESIAN_POINT('',(7.246118843803,0.313552154033,2.500883049737
    ));
#7034 = VECTOR('',#7035,1.);
#7035 = DIRECTION('',(-0.990268068742,1.819092931022E-16,-0.13917310096)
  );
#7036 = ORIENTED_EDGE('',*,*,#7037,.F.);
#7037 = EDGE_CURVE('',#7001,#7030,#7038,.T.);
#7038 = LINE('',#7039,#7040);
#7039 = CARTESIAN_POINT('',(7.246118843803,0.313552154033,2.500883049737
    ));
#7040 = VECTOR('',#7041,1.);
#7041 = DIRECTION('',(0.139169600782,-7.092178509959E-03,-0.990243163684
    ));
#7042 = ORIENTED_EDGE('',*,*,#7009,.T.);
#7043 = PLANE('',#7044);
#7044 = AXIS2_PLACEMENT_3D('',#7045,#7046,#7047);
#7045 = CARTESIAN_POINT('',(7.246118843803,0.313552154033,2.500883049737
    ));
#7046 = DIRECTION('',(9.870404757936E-04,0.999974850186,
    -7.023157916228E-03));
#7047 = DIRECTION('',(-3.111152015265E-18,7.023161337383E-03,
    0.999975337298));
#7048 = ADVANCED_FACE('',(#7049),#7068,.F.);
#7049 = FACE_BOUND('',#7050,.F.);
#7050 = EDGE_LOOP('',(#7051,#7052,#7061,#7067));
#7051 = ORIENTED_EDGE('',*,*,#7029,.F.);
#7052 = ORIENTED_EDGE('',*,*,#7053,.T.);
#7053 = EDGE_CURVE('',#7030,#7054,#7056,.T.);
#7054 = VERTEX_POINT('',#7055);
#7055 = CARTESIAN_POINT('',(7.247776078727,0.366760426088,2.489091210535
    ));
#7056 = B_SPLINE_CURVE_WITH_KNOTS('',3,(#7057,#7058,#7059,#7060),
  .UNSPECIFIED.,.F.,.F.,(4,4),(19.,20.),.PIECEWISE_BEZIER_KNOTS.);
#7057 = CARTESIAN_POINT('',(7.246118843803,0.313552154033,2.500883049737
    ));
#7058 = CARTESIAN_POINT('',(7.247190543243,0.328683857159,2.49325751199)
  );
#7059 = CARTESIAN_POINT('',(7.247755954427,0.346372414028,2.489234402365
    ));
#7060 = CARTESIAN_POINT('',(7.247776078727,0.366760426088,2.489091210535
    ));
#7061 = ORIENTED_EDGE('',*,*,#7062,.T.);
#7062 = EDGE_CURVE('',#7054,#1200,#7063,.T.);
#7063 = LINE('',#7064,#7065);
#7064 = CARTESIAN_POINT('',(7.247776078727,0.366760426088,2.489091210535
    ));
#7065 = VECTOR('',#7066,1.);
#7066 = DIRECTION('',(-0.990268068742,1.819092931022E-16,-0.13917310096)
  );
#7067 = ORIENTED_EDGE('',*,*,#1208,.F.);
#7068 = B_SPLINE_SURFACE_WITH_KNOTS('',3,1,(
    (#7069,#7070)
    ,(#7071,#7072)
    ,(#7073,#7074)
    ,(#7075,#7076
    )),.UNSPECIFIED.,.F.,.F.,.F.,(4,4),(2,2),(19.,20.),(0.,1.),
  .PIECEWISE_BEZIER_KNOTS.);
#7069 = CARTESIAN_POINT('',(7.246118843803,0.313552154033,2.500883049737
    ));
#7070 = CARTESIAN_POINT('',(7.245128575718,0.313552154033,2.500743876634
    ));
#7071 = CARTESIAN_POINT('',(7.247190543243,0.328683857159,2.49325751199)
  );
#7072 = CARTESIAN_POINT('',(7.246200275158,0.328683857159,2.493118338886
    ));
#7073 = CARTESIAN_POINT('',(7.247755954427,0.346372414028,2.489234402365
    ));
#7074 = CARTESIAN_POINT('',(7.246765686343,0.346372414028,2.489095229261
    ));
#7075 = CARTESIAN_POINT('',(7.247776078727,0.366760426088,2.489091210535
    ));
#7076 = CARTESIAN_POINT('',(7.246785810642,0.366760426088,2.488952037432
    ));
#7077 = ADVANCED_FACE('',(#7078),#7097,.F.);
#7078 = FACE_BOUND('',#7079,.F.);
#7079 = EDGE_LOOP('',(#7080,#7081,#7090,#7096));
#7080 = ORIENTED_EDGE('',*,*,#7062,.F.);
#7081 = ORIENTED_EDGE('',*,*,#7082,.T.);
#7082 = EDGE_CURVE('',#7054,#7083,#7085,.T.);
#7083 = VERTEX_POINT('',#7084);
#7084 = CARTESIAN_POINT('',(7.245660438811,0.424098159907,2.504144770733
    ));
#7085 = B_SPLINE_CURVE_WITH_KNOTS('',3,(#7086,#7087,#7088,#7089),
  .UNSPECIFIED.,.F.,.F.,(4,4),(18.,19.),.PIECEWISE_BEZIER_KNOTS.);
#7086 = CARTESIAN_POINT('',(7.247776078727,0.366760426088,2.489091210535
    ));
#7087 = CARTESIAN_POINT('',(7.247799186974,0.390171488212,2.488926786814
    ));
#7088 = CARTESIAN_POINT('',(7.247094019931,0.409330935145,2.493944311036
    ));
#7089 = CARTESIAN_POINT('',(7.245660438811,0.424098159907,2.504144770733
    ));
#7090 = ORIENTED_EDGE('',*,*,#7091,.T.);
#7091 = EDGE_CURVE('',#7083,#1191,#7092,.T.);
#7092 = LINE('',#7093,#7094);
#7093 = CARTESIAN_POINT('',(7.245660438811,0.424098159907,2.504144770733
    ));
#7094 = VECTOR('',#7095,1.);
#7095 = DIRECTION('',(-0.990268068742,1.819092931022E-16,-0.13917310096)
  );
#7096 = ORIENTED_EDGE('',*,*,#1199,.F.);
#7097 = B_SPLINE_SURFACE_WITH_KNOTS('',3,1,(
    (#7098,#7099)
    ,(#7100,#7101)
    ,(#7102,#7103)
    ,(#7104,#7105
    )),.UNSPECIFIED.,.F.,.F.,.F.,(4,4),(2,2),(18.,19.),(0.,1.),
  .PIECEWISE_BEZIER_KNOTS.);
#7098 = CARTESIAN_POINT('',(7.247776078727,0.366760426088,2.489091210535
    ));
#7099 = CARTESIAN_POINT('',(7.246785810642,0.366760426088,2.488952037432
    ));
#7100 = CARTESIAN_POINT('',(7.247799186974,0.390171488212,2.488926786814
    ));
#7101 = CARTESIAN_POINT('',(7.246808918889,0.390171488212,2.48878761371)
  );
#7102 = CARTESIAN_POINT('',(7.247094019931,0.409330935145,2.493944311036
    ));
#7103 = CARTESIAN_POINT('',(7.246103751847,0.409330935145,2.493805137933
    ));
#7104 = CARTESIAN_POINT('',(7.245660438811,0.424098159907,2.504144770733
    ));
#7105 = CARTESIAN_POINT('',(7.244670170727,0.424098159907,2.50400559763)
  );
#7106 = ADVANCED_FACE('',(#7107),#7126,.F.);
#7107 = FACE_BOUND('',#7108,.F.);
#7108 = EDGE_LOOP('',(#7109,#7110,#7119,#7125));
#7109 = ORIENTED_EDGE('',*,*,#7091,.F.);
#7110 = ORIENTED_EDGE('',*,*,#7111,.T.);
#7111 = EDGE_CURVE('',#7083,#7112,#7114,.T.);
#7112 = VERTEX_POINT('',#7113);
#7113 = CARTESIAN_POINT('',(7.23977254773,0.446544924147,2.546039292664)
  );
#7114 = B_SPLINE_CURVE_WITH_KNOTS('',3,(#7115,#7116,#7117,#7118),
  .UNSPECIFIED.,.F.,.F.,(4,4),(17.,18.),.PIECEWISE_BEZIER_KNOTS.);
#7115 = CARTESIAN_POINT('',(7.245660438811,0.424098159907,2.504144770733
    ));
#7116 = CARTESIAN_POINT('',(7.244246495794,0.438934690924,2.514205498064
    ));
#7117 = CARTESIAN_POINT('',(7.242277342531,0.446417278083,2.528216751574
    ));
#7118 = CARTESIAN_POINT('',(7.23977254773,0.446544924147,2.546039292664)
  );
#7119 = ORIENTED_EDGE('',*,*,#7120,.T.);
#7120 = EDGE_CURVE('',#7112,#1182,#7121,.T.);
#7121 = LINE('',#7122,#7123);
#7122 = CARTESIAN_POINT('',(7.23977254773,0.446544924147,2.546039292664)
  );
#7123 = VECTOR('',#7124,1.);
#7124 = DIRECTION('',(-0.990268068742,1.819092931022E-16,-0.13917310096)
  );
#7125 = ORIENTED_EDGE('',*,*,#1190,.F.);
#7126 = B_SPLINE_SURFACE_WITH_KNOTS('',3,1,(
    (#7127,#7128)
    ,(#7129,#7130)
    ,(#7131,#7132)
    ,(#7133,#7134
    )),.UNSPECIFIED.,.F.,.F.,.F.,(4,4),(2,2),(17.,18.),(0.,1.),
  .PIECEWISE_BEZIER_KNOTS.);
#7127 = CARTESIAN_POINT('',(7.245660438811,0.424098159907,2.504144770733
    ));
#7128 = CARTESIAN_POINT('',(7.244670170727,0.424098159907,2.50400559763)
  );
#7129 = CARTESIAN_POINT('',(7.244246495794,0.438934690924,2.514205498064
    ));
#7130 = CARTESIAN_POINT('',(7.24325622771,0.438934690924,2.514066324961)
  );
#7131 = CARTESIAN_POINT('',(7.242277342531,0.446417278083,2.528216751574
    ));
#7132 = CARTESIAN_POINT('',(7.241287074446,0.446417278083,2.528077578471
    ));
#7133 = CARTESIAN_POINT('',(7.23977254773,0.446544924147,2.546039292664)
  );
#7134 = CARTESIAN_POINT('',(7.238782279645,0.446544924147,2.545900119561
    ));
#7135 = ADVANCED_FACE('',(#7136),#7155,.F.);
#7136 = FACE_BOUND('',#7137,.F.);
#7137 = EDGE_LOOP('',(#7138,#7139,#7148,#7154));
#7138 = ORIENTED_EDGE('',*,*,#7120,.F.);
#7139 = ORIENTED_EDGE('',*,*,#7140,.T.);
#7140 = EDGE_CURVE('',#7112,#7141,#7143,.T.);
#7141 = VERTEX_POINT('',#7142);
#7142 = CARTESIAN_POINT('',(7.235240795223,0.435245513067,2.578284387236
    ));
#7143 = B_SPLINE_CURVE_WITH_KNOTS('',3,(#7144,#7145,#7146,#7147),
  .UNSPECIFIED.,.F.,.F.,(4,4),(16.,17.),.PIECEWISE_BEZIER_KNOTS.);
#7144 = CARTESIAN_POINT('',(7.23977254773,0.446544924147,2.546039292664)
  );
#7145 = CARTESIAN_POINT('',(7.237972226466,0.446636669756,2.558849244072
    ));
#7146 = CARTESIAN_POINT('',(7.236461619166,0.4428467649,2.569597773518)
  );
#7147 = CARTESIAN_POINT('',(7.235240795223,0.435245513067,2.578284387236
    ));
#7148 = ORIENTED_EDGE('',*,*,#7149,.T.);
#7149 = EDGE_CURVE('',#7141,#1173,#7150,.T.);
#7150 = LINE('',#7151,#7152);
#7151 = CARTESIAN_POINT('',(7.235240795223,0.435245513067,2.578284387236
    ));
#7152 = VECTOR('',#7153,1.);
#7153 = DIRECTION('',(-0.990268068742,1.819092931022E-16,-0.13917310096)
  );
#7154 = ORIENTED_EDGE('',*,*,#1181,.F.);
#7155 = B_SPLINE_SURFACE_WITH_KNOTS('',3,1,(
    (#7156,#7157)
    ,(#7158,#7159)
    ,(#7160,#7161)
    ,(#7162,#7163
    )),.UNSPECIFIED.,.F.,.F.,.F.,(4,4),(2,2),(16.,17.),(0.,1.),
  .PIECEWISE_BEZIER_KNOTS.);
#7156 = CARTESIAN_POINT('',(7.23977254773,0.446544924147,2.546039292664)
  );
#7157 = CARTESIAN_POINT('',(7.238782279645,0.446544924147,2.545900119561
    ));
#7158 = CARTESIAN_POINT('',(7.237972226466,0.446636669756,2.558849244072
    ));
#7159 = CARTESIAN_POINT('',(7.236981958381,0.446636669756,2.558710070969
    ));
#7160 = CARTESIAN_POINT('',(7.236461619166,0.4428467649,2.569597773518)
  );
#7161 = CARTESIAN_POINT('',(7.235471351081,0.4428467649,2.569458600415)
  );
#7162 = CARTESIAN_POINT('',(7.235240795223,0.435245513067,2.578284387236
    ));
#7163 = CARTESIAN_POINT('',(7.234250527139,0.435245513067,2.578145214132
    ));
#7164 = ADVANCED_FACE('',(#7165),#7184,.F.);
#7165 = FACE_BOUND('',#7166,.F.);
#7166 = EDGE_LOOP('',(#7167,#7168,#7177,#7183));
#7167 = ORIENTED_EDGE('',*,*,#7149,.F.);
#7168 = ORIENTED_EDGE('',*,*,#7169,.T.);
#7169 = EDGE_CURVE('',#7141,#7170,#7172,.T.);
#7170 = VERTEX_POINT('',#7171);
#7171 = CARTESIAN_POINT('',(7.231655001731,0.390994206988,2.60379863368)
  );
#7172 = B_SPLINE_CURVE_WITH_KNOTS('',3,(#7173,#7174,#7175,#7176),
  .UNSPECIFIED.,.F.,.F.,(4,4),(15.,16.),.PIECEWISE_BEZIER_KNOTS.);
#7173 = CARTESIAN_POINT('',(7.235240795223,0.435245513067,2.578284387236
    ));
#7174 = CARTESIAN_POINT('',(7.234019901887,0.427573957746,2.586971494718
    ));
#7175 = CARTESIAN_POINT('',(7.232811637846,0.412871056202,2.59556874009)
  );
#7176 = CARTESIAN_POINT('',(7.231655001731,0.390994206988,2.60379863368)
  );
#7177 = ORIENTED_EDGE('',*,*,#7178,.T.);
#7178 = EDGE_CURVE('',#7170,#1164,#7179,.T.);
#7179 = LINE('',#7180,#7181);
#7180 = CARTESIAN_POINT('',(7.231655001731,0.390994206988,2.60379863368)
  );
#7181 = VECTOR('',#7182,1.);
#7182 = DIRECTION('',(-0.990268068742,1.819092931022E-16,-0.13917310096)
  );
#7183 = ORIENTED_EDGE('',*,*,#1172,.F.);
#7184 = B_SPLINE_SURFACE_WITH_KNOTS('',3,1,(
    (#7185,#7186)
    ,(#7187,#7188)
    ,(#7189,#7190)
    ,(#7191,#7192
    )),.UNSPECIFIED.,.F.,.F.,.F.,(4,4),(2,2),(15.,16.),(0.,1.),
  .PIECEWISE_BEZIER_KNOTS.);
#7185 = CARTESIAN_POINT('',(7.235240795223,0.435245513067,2.578284387236
    ));
#7186 = CARTESIAN_POINT('',(7.234250527139,0.435245513067,2.578145214132
    ));
#7187 = CARTESIAN_POINT('',(7.234019901887,0.427573957746,2.586971494718
    ));
#7188 = CARTESIAN_POINT('',(7.233029633802,0.427573957746,2.586832321614
    ));
#7189 = CARTESIAN_POINT('',(7.232811637846,0.412871056202,2.59556874009)
  );
#7190 = CARTESIAN_POINT('',(7.231821369761,0.412871056202,2.595429566987
    ));
#7191 = CARTESIAN_POINT('',(7.231655001731,0.390994206988,2.60379863368)
  );
#7192 = CARTESIAN_POINT('',(7.230664733647,0.390994206988,2.603659460577
    ));
#7193 = ADVANCED_FACE('',(#7194),#7213,.F.);
#7194 = FACE_BOUND('',#7195,.F.);
#7195 = EDGE_LOOP('',(#7196,#7197,#7206,#7212));
#7196 = ORIENTED_EDGE('',*,*,#7178,.F.);
#7197 = ORIENTED_EDGE('',*,*,#7198,.T.);
#7198 = EDGE_CURVE('',#7170,#7199,#7201,.T.);
#7199 = VERTEX_POINT('',#7200);
#7200 = CARTESIAN_POINT('',(7.229273724997,0.357649413999,2.620742298059
    ));
#7201 = B_SPLINE_CURVE_WITH_KNOTS('',3,(#7202,#7203,#7204,#7205),
  .UNSPECIFIED.,.F.,.F.,(4,4),(14.,15.),.PIECEWISE_BEZIER_KNOTS.);
#7202 = CARTESIAN_POINT('',(7.231655001731,0.390994206988,2.60379863368)
  );
#7203 = CARTESIAN_POINT('',(7.230698632724,0.373747415756,2.610603552761
    ));
#7204 = CARTESIAN_POINT('',(7.229904920075,0.362679353754,2.616251111711
    ));
#7205 = CARTESIAN_POINT('',(7.229273724997,0.357649413999,2.620742298059
    ));
#7206 = ORIENTED_EDGE('',*,*,#7207,.T.);
#7207 = EDGE_CURVE('',#7199,#1155,#7208,.T.);
#7208 = LINE('',#7209,#7210);
#7209 = CARTESIAN_POINT('',(7.229273724997,0.357649413999,2.620742298059
    ));
#7210 = VECTOR('',#7211,1.);
#7211 = DIRECTION('',(-0.990268068742,1.819092931022E-16,-0.13917310096)
  );
#7212 = ORIENTED_EDGE('',*,*,#1163,.F.);
#7213 = B_SPLINE_SURFACE_WITH_KNOTS('',3,1,(
    (#7214,#7215)
    ,(#7216,#7217)
    ,(#7218,#7219)
    ,(#7220,#7221
    )),.UNSPECIFIED.,.F.,.F.,.F.,(4,4),(2,2),(14.,15.),(0.,1.),
  .PIECEWISE_BEZIER_KNOTS.);
#7214 = CARTESIAN_POINT('',(7.231655001731,0.390994206988,2.60379863368)
  );
#7215 = CARTESIAN_POINT('',(7.230664733647,0.390994206988,2.603659460577
    ));
#7216 = CARTESIAN_POINT('',(7.230698632724,0.373747415756,2.610603552761
    ));
#7217 = CARTESIAN_POINT('',(7.229708364639,0.373747415756,2.610464379658
    ));
#7218 = CARTESIAN_POINT('',(7.229904920075,0.362679353754,2.616251111711
    ));
#7219 = CARTESIAN_POINT('',(7.22891465199,0.362679353754,2.616111938608)
  );
#7220 = CARTESIAN_POINT('',(7.229273724997,0.357649413999,2.620742298059
    ));
#7221 = CARTESIAN_POINT('',(7.228283456912,0.357649413999,2.620603124956
    ));
#7222 = ADVANCED_FACE('',(#7223),#7242,.F.);
#7223 = FACE_BOUND('',#7224,.F.);
#7224 = EDGE_LOOP('',(#7225,#7226,#7235,#7241));
#7225 = ORIENTED_EDGE('',*,*,#7207,.F.);
#7226 = ORIENTED_EDGE('',*,*,#7227,.T.);
#7227 = EDGE_CURVE('',#7199,#7228,#7230,.T.);
#7228 = VERTEX_POINT('',#7229);
#7229 = CARTESIAN_POINT('',(7.226722367604,0.350256581118,2.638896149201
    ));
#7230 = B_SPLINE_CURVE_WITH_KNOTS('',3,(#7231,#7232,#7233,#7234),
  .UNSPECIFIED.,.F.,.F.,(4,4),(13.,14.),.PIECEWISE_BEZIER_KNOTS.);
#7231 = CARTESIAN_POINT('',(7.229273724997,0.357649413999,2.620742298059
    ));
#7232 = CARTESIAN_POINT('',(7.228662168022,0.3526887805,2.625093752038)
  );
#7233 = CARTESIAN_POINT('',(7.22781821533,0.350200735965,2.631098787473)
  );
#7234 = CARTESIAN_POINT('',(7.226722367604,0.350256581118,2.638896149201
    ));
#7235 = ORIENTED_EDGE('',*,*,#7236,.T.);
#7236 = EDGE_CURVE('',#7228,#1146,#7237,.T.);
#7237 = LINE('',#7238,#7239);
#7238 = CARTESIAN_POINT('',(7.226722367604,0.350256581118,2.638896149201
    ));
#7239 = VECTOR('',#7240,1.);
#7240 = DIRECTION('',(-0.990268068742,1.819092931022E-16,-0.13917310096)
  );
#7241 = ORIENTED_EDGE('',*,*,#1154,.F.);
#7242 = B_SPLINE_SURFACE_WITH_KNOTS('',3,1,(
    (#7243,#7244)
    ,(#7245,#7246)
    ,(#7247,#7248)
    ,(#7249,#7250
    )),.UNSPECIFIED.,.F.,.F.,.F.,(4,4),(2,2),(13.,14.),(0.,1.),
  .PIECEWISE_BEZIER_KNOTS.);
#7243 = CARTESIAN_POINT('',(7.229273724997,0.357649413999,2.620742298059
    ));
#7244 = CARTESIAN_POINT('',(7.228283456912,0.357649413999,2.620603124956
    ));
#7245 = CARTESIAN_POINT('',(7.228662168022,0.3526887805,2.625093752038)
  );
#7246 = CARTESIAN_POINT('',(7.227671899938,0.3526887805,2.624954578935)
  );
#7247 = CARTESIAN_POINT('',(7.22781821533,0.350200735965,2.631098787473)
  );
#7248 = CARTESIAN_POINT('',(7.226827947245,0.350200735965,2.63095961437)
  );
#7249 = CARTESIAN_POINT('',(7.226722367604,0.350256581118,2.638896149201
    ));
#7250 = CARTESIAN_POINT('',(7.225732099519,0.350256581118,2.638756976097
    ));
#7251 = ADVANCED_FACE('',(#7252),#7271,.F.);
#7252 = FACE_BOUND('',#7253,.F.);
#7253 = EDGE_LOOP('',(#7254,#7255,#7264,#7270));
#7254 = ORIENTED_EDGE('',*,*,#7236,.F.);
#7255 = ORIENTED_EDGE('',*,*,#7256,.T.);
#7256 = EDGE_CURVE('',#7228,#7257,#7259,.T.);
#7257 = VERTEX_POINT('',#7258);
#7258 = CARTESIAN_POINT('',(7.224071362854,0.360867425052,2.657759028133
    ));
#7259 = B_SPLINE_CURVE_WITH_KNOTS('',3,(#7260,#7261,#7262,#7263),
  .UNSPECIFIED.,.F.,.F.,(4,4),(12.,13.),.PIECEWISE_BEZIER_KNOTS.);
#7260 = CARTESIAN_POINT('',(7.226722367604,0.350256581118,2.638896149201
    ));
#7261 = CARTESIAN_POINT('',(7.225626519879,0.350312426271,2.646693510926
    ));
#7262 = CARTESIAN_POINT('',(7.224729828954,0.35387347357,2.653073798384)
  );
#7263 = CARTESIAN_POINT('',(7.224071362854,0.360867425052,2.657759028133
    ));
#7264 = ORIENTED_EDGE('',*,*,#7265,.T.);
#7265 = EDGE_CURVE('',#7257,#1137,#7266,.T.);
#7266 = LINE('',#7267,#7268);
#7267 = CARTESIAN_POINT('',(7.224071362854,0.360867425052,2.657759028133
    ));
#7268 = VECTOR('',#7269,1.);
#7269 = DIRECTION('',(-0.990268068742,1.819092931022E-16,-0.13917310096)
  );
#7270 = ORIENTED_EDGE('',*,*,#1145,.F.);
#7271 = B_SPLINE_SURFACE_WITH_KNOTS('',3,1,(
    (#7272,#7273)
    ,(#7274,#7275)
    ,(#7276,#7277)
    ,(#7278,#7279
    )),.UNSPECIFIED.,.F.,.F.,.F.,(4,4),(2,2),(12.,13.),(0.,1.),
  .PIECEWISE_BEZIER_KNOTS.);
#7272 = CARTESIAN_POINT('',(7.226722367604,0.350256581118,2.638896149201
    ));
#7273 = CARTESIAN_POINT('',(7.225732099519,0.350256581118,2.638756976097
    ));
#7274 = CARTESIAN_POINT('',(7.225626519879,0.350312426271,2.646693510926
    ));
#7275 = CARTESIAN_POINT('',(7.224636251794,0.350312426271,2.646554337823
    ));
#7276 = CARTESIAN_POINT('',(7.224729828954,0.35387347357,2.653073798384)
  );
#7277 = CARTESIAN_POINT('',(7.223739560869,0.35387347357,2.65293462528)
  );
#7278 = CARTESIAN_POINT('',(7.224071362854,0.360867425052,2.657759028133
    ));
#7279 = CARTESIAN_POINT('',(7.223081094769,0.360867425052,2.657619855029
    ));
#7280 = ADVANCED_FACE('',(#7281),#7300,.F.);
#7281 = FACE_BOUND('',#7282,.F.);
#7282 = EDGE_LOOP('',(#7283,#7284,#7293,#7299));
#7283 = ORIENTED_EDGE('',*,*,#7265,.F.);
#7284 = ORIENTED_EDGE('',*,*,#7285,.T.);
#7285 = EDGE_CURVE('',#7257,#7286,#7288,.T.);
#7286 = VERTEX_POINT('',#7287);
#7287 = CARTESIAN_POINT('',(7.223080576102,0.388056428352,2.664808842189
    ));
#7288 = B_SPLINE_CURVE_WITH_KNOTS('',3,(#7289,#7290,#7291,#7292),
  .UNSPECIFIED.,.F.,.F.,(4,4),(11.,12.),.PIECEWISE_BEZIER_KNOTS.);
#7289 = CARTESIAN_POINT('',(7.224071362854,0.360867425052,2.657759028133
    ));
#7290 = CARTESIAN_POINT('',(7.223393328045,0.367862373768,2.662583496484
    ));
#7291 = CARTESIAN_POINT('',(7.223069611829,0.376948476954,2.664886857047
    ));
#7292 = CARTESIAN_POINT('',(7.223080576102,0.388056428352,2.664808842189
    ));
#7293 = ORIENTED_EDGE('',*,*,#7294,.T.);
#7294 = EDGE_CURVE('',#7286,#1128,#7295,.T.);
#7295 = LINE('',#7296,#7297);
#7296 = CARTESIAN_POINT('',(7.223080576102,0.388056428352,2.664808842189
    ));
#7297 = VECTOR('',#7298,1.);
#7298 = DIRECTION('',(-0.990268068742,1.819092931022E-16,-0.13917310096)
  );
#7299 = ORIENTED_EDGE('',*,*,#1136,.F.);
#7300 = B_SPLINE_SURFACE_WITH_KNOTS('',3,1,(
    (#7301,#7302)
    ,(#7303,#7304)
    ,(#7305,#7306)
    ,(#7307,#7308
    )),.UNSPECIFIED.,.F.,.F.,.F.,(4,4),(2,2),(11.,12.),(0.,1.),
  .PIECEWISE_BEZIER_KNOTS.);
#7301 = CARTESIAN_POINT('',(7.224071362854,0.360867425052,2.657759028133
    ));
#7302 = CARTESIAN_POINT('',(7.223081094769,0.360867425052,2.657619855029
    ));
#7303 = CARTESIAN_POINT('',(7.223393328045,0.367862373768,2.662583496484
    ));
#7304 = CARTESIAN_POINT('',(7.22240305996,0.367862373768,2.662444323381)
  );
#7305 = CARTESIAN_POINT('',(7.223069611829,0.376948476954,2.664886857047
    ));
#7306 = CARTESIAN_POINT('',(7.222079343744,0.376948476954,2.664747683944
    ));
#7307 = CARTESIAN_POINT('',(7.223080576102,0.388056428352,2.664808842189
    ));
#7308 = CARTESIAN_POINT('',(7.222090308017,0.388056428352,2.664669669085
    ));
#7309 = ADVANCED_FACE('',(#7310),#7329,.F.);
#7310 = FACE_BOUND('',#7311,.F.);
#7311 = EDGE_LOOP('',(#7312,#7313,#7322,#7328));
#7312 = ORIENTED_EDGE('',*,*,#7294,.F.);
#7313 = ORIENTED_EDGE('',*,*,#7314,.T.);
#7314 = EDGE_CURVE('',#7286,#7315,#7317,.T.);
#7315 = VERTEX_POINT('',#7316);
#7316 = CARTESIAN_POINT('',(7.225106285586,0.437871185432,2.650395170259
    ));
#7317 = B_SPLINE_CURVE_WITH_KNOTS('',3,(#7318,#7319,#7320,#7321),
  .UNSPECIFIED.,.F.,.F.,(4,4),(10.,11.),.PIECEWISE_BEZIER_KNOTS.);
#7318 = CARTESIAN_POINT('',(7.223080576102,0.388056428352,2.664808842189
    ));
#7319 = CARTESIAN_POINT('',(7.223098965548,0.406686853166,2.664677994482
    ));
#7320 = CARTESIAN_POINT('',(7.223780678683,0.423244570787,2.659827353482
    ));
#7321 = CARTESIAN_POINT('',(7.225106285586,0.437871185432,2.650395170259
    ));
#7322 = ORIENTED_EDGE('',*,*,#7323,.T.);
#7323 = EDGE_CURVE('',#7315,#1120,#7324,.T.);
#7324 = LINE('',#7325,#7326);
#7325 = CARTESIAN_POINT('',(7.225106285586,0.437871185432,2.650395170259
    ));
#7326 = VECTOR('',#7327,1.);
#7327 = DIRECTION('',(-0.990268068742,1.819092931022E-16,-0.13917310096)
  );
#7328 = ORIENTED_EDGE('',*,*,#1127,.F.);
#7329 = B_SPLINE_SURFACE_WITH_KNOTS('',3,1,(
    (#7330,#7331)
    ,(#7332,#7333)
    ,(#7334,#7335)
    ,(#7336,#7337
    )),.UNSPECIFIED.,.F.,.F.,.F.,(4,4),(2,2),(10.,11.),(0.,1.),
  .PIECEWISE_BEZIER_KNOTS.);
#7330 = CARTESIAN_POINT('',(7.223080576102,0.388056428352,2.664808842189
    ));
#7331 = CARTESIAN_POINT('',(7.222090308017,0.388056428352,2.664669669085
    ));
#7332 = CARTESIAN_POINT('',(7.223098965548,0.406686853166,2.664677994482
    ));
#7333 = CARTESIAN_POINT('',(7.222108697463,0.406686853166,2.664538821379
    ));
#7334 = CARTESIAN_POINT('',(7.223780678683,0.423244570787,2.659827353482
    ));
#7335 = CARTESIAN_POINT('',(7.222790410598,0.423244570787,2.659688180379
    ));
#7336 = CARTESIAN_POINT('',(7.225106285586,0.437871185432,2.650395170259
    ));
#7337 = CARTESIAN_POINT('',(7.224116017502,0.437871185432,2.650255997156
    ));
#7338 = ADVANCED_FACE('',(#7339),#7357,.F.);
#7339 = FACE_BOUND('',#7340,.T.);
#7340 = EDGE_LOOP('',(#7341,#7342,#7350,#7356));
#7341 = ORIENTED_EDGE('',*,*,#1119,.T.);
#7342 = ORIENTED_EDGE('',*,*,#7343,.F.);
#7343 = EDGE_CURVE('',#7344,#1111,#7346,.T.);
#7344 = VERTEX_POINT('',#7345);
#7345 = CARTESIAN_POINT('',(7.220448932753,0.438108527333,2.683533957597
    ));
#7346 = LINE('',#7347,#7348);
#7347 = CARTESIAN_POINT('',(7.220448932753,0.438108527333,2.683533957597
    ));
#7348 = VECTOR('',#7349,1.);
#7349 = DIRECTION('',(-0.990268068742,1.819092931022E-16,-0.13917310096)
  );
#7350 = ORIENTED_EDGE('',*,*,#7351,.F.);
#7351 = EDGE_CURVE('',#7315,#7344,#7352,.T.);
#7352 = LINE('',#7353,#7354);
#7353 = CARTESIAN_POINT('',(7.220448932753,0.438108527333,2.683533957597
    ));
#7354 = VECTOR('',#7355,1.);
#7355 = DIRECTION('',(-0.139169600782,7.092178509968E-03,0.990243163684)
  );
#7356 = ORIENTED_EDGE('',*,*,#7323,.T.);
#7357 = PLANE('',#7358);
#7358 = AXIS2_PLACEMENT_3D('',#7359,#7360,#7361);
#7359 = CARTESIAN_POINT('',(7.220448932753,0.438108527333,2.683533957597
    ));
#7360 = DIRECTION('',(-9.870404757948E-04,-0.999974850186,
    7.023157916237E-03));
#7361 = DIRECTION('',(2.125205664661E-18,-7.023161337392E-03,
    -0.999975337298));
#7362 = ADVANCED_FACE('',(#7363),#7382,.F.);
#7363 = FACE_BOUND('',#7364,.F.);
#7364 = EDGE_LOOP('',(#7365,#7366,#7375,#7381));
#7365 = ORIENTED_EDGE('',*,*,#7343,.F.);
#7366 = ORIENTED_EDGE('',*,*,#7367,.T.);
#7367 = EDGE_CURVE('',#7344,#7368,#7370,.T.);
#7368 = VERTEX_POINT('',#7369);
#7369 = CARTESIAN_POINT('',(7.219189733853,0.391629445607,2.692493623322
    ));
#7370 = B_SPLINE_CURVE_WITH_KNOTS('',3,(#7371,#7372,#7373,#7374),
  .UNSPECIFIED.,.F.,.F.,(4,4),(8.,9.),.PIECEWISE_BEZIER_KNOTS.);
#7371 = CARTESIAN_POINT('',(7.220448932753,0.438108527333,2.683533957597
    ));
#7372 = CARTESIAN_POINT('',(7.219612890555,0.423808499266,2.689482706939
    ));
#7373 = CARTESIAN_POINT('',(7.219206249657,0.408361676193,2.692376107269
    ));
#7374 = CARTESIAN_POINT('',(7.219189733853,0.391629445607,2.692493623322
    ));
#7375 = ORIENTED_EDGE('',*,*,#7376,.T.);
#7376 = EDGE_CURVE('',#7368,#1102,#7377,.T.);
#7377 = LINE('',#7378,#7379);
#7378 = CARTESIAN_POINT('',(7.219189733853,0.391629445607,2.692493623322
    ));
#7379 = VECTOR('',#7380,1.);
#7380 = DIRECTION('',(-0.990268068742,1.819092931022E-16,-0.13917310096)
  );
#7381 = ORIENTED_EDGE('',*,*,#1110,.F.);
#7382 = B_SPLINE_SURFACE_WITH_KNOTS('',3,1,(
    (#7383,#7384)
    ,(#7385,#7386)
    ,(#7387,#7388)
    ,(#7389,#7390
    )),.UNSPECIFIED.,.F.,.F.,.F.,(4,4),(2,2),(8.,9.),(0.,1.),
  .PIECEWISE_BEZIER_KNOTS.);
#7383 = CARTESIAN_POINT('',(7.220448932753,0.438108527333,2.683533957597
    ));
#7384 = CARTESIAN_POINT('',(7.219458664668,0.438108527333,2.683394784494
    ));
#7385 = CARTESIAN_POINT('',(7.219612890555,0.423808499266,2.689482706939
    ));
#7386 = CARTESIAN_POINT('',(7.21862262247,0.423808499266,2.689343533836)
  );
#7387 = CARTESIAN_POINT('',(7.219206249657,0.408361676193,2.692376107269
    ));
#7388 = CARTESIAN_POINT('',(7.218215981573,0.408361676193,2.692236934166
    ));
#7389 = CARTESIAN_POINT('',(7.219189733853,0.391629445607,2.692493623322
    ));
#7390 = CARTESIAN_POINT('',(7.218199465768,0.391629445607,2.692354450219
    ));
#7391 = ADVANCED_FACE('',(#7392),#7411,.F.);
#7392 = FACE_BOUND('',#7393,.F.);
#7393 = EDGE_LOOP('',(#7394,#7395,#7404,#7410));
#7394 = ORIENTED_EDGE('',*,*,#7376,.F.);
#7395 = ORIENTED_EDGE('',*,*,#7396,.T.);
#7396 = EDGE_CURVE('',#7368,#7397,#7399,.T.);
#7397 = VERTEX_POINT('',#7398);
#7398 = CARTESIAN_POINT('',(7.221308149534,0.337103851382,2.677420312526
    ));
#7399 = B_SPLINE_CURVE_WITH_KNOTS('',3,(#7400,#7401,#7402,#7403),
  .UNSPECIFIED.,.F.,.F.,(4,4),(7.,8.),.PIECEWISE_BEZIER_KNOTS.);
#7400 = CARTESIAN_POINT('',(7.219189733853,0.391629445607,2.692493623322
    ));
#7401 = CARTESIAN_POINT('',(7.219168499248,0.370116577709,2.692644715391
    ));
#7402 = CARTESIAN_POINT('',(7.219874637808,0.351941379634,2.687620278459
    ));
#7403 = CARTESIAN_POINT('',(7.221308149534,0.337103851382,2.677420312526
    ));
#7404 = ORIENTED_EDGE('',*,*,#7405,.T.);
#7405 = EDGE_CURVE('',#7397,#1093,#7406,.T.);
#7406 = LINE('',#7407,#7408);
#7407 = CARTESIAN_POINT('',(7.221308149534,0.337103851382,2.677420312526
    ));
#7408 = VECTOR('',#7409,1.);
#7409 = DIRECTION('',(-0.990268068742,1.819092931022E-16,-0.13917310096)
  );
#7410 = ORIENTED_EDGE('',*,*,#1101,.F.);
#7411 = B_SPLINE_SURFACE_WITH_KNOTS('',3,1,(
    (#7412,#7413)
    ,(#7414,#7415)
    ,(#7416,#7417)
    ,(#7418,#7419
    )),.UNSPECIFIED.,.F.,.F.,.F.,(4,4),(2,2),(7.,8.),(0.,1.),
  .PIECEWISE_BEZIER_KNOTS.);
#7412 = CARTESIAN_POINT('',(7.219189733853,0.391629445607,2.692493623322
    ));
#7413 = CARTESIAN_POINT('',(7.218199465768,0.391629445607,2.692354450219
    ));
#7414 = CARTESIAN_POINT('',(7.219168499248,0.370116577709,2.692644715391
    ));
#7415 = CARTESIAN_POINT('',(7.218178231163,0.370116577709,2.692505542288
    ));
#7416 = CARTESIAN_POINT('',(7.219874637808,0.351941379634,2.687620278459
    ));
#7417 = CARTESIAN_POINT('',(7.218884369723,0.351941379634,2.687481105356
    ));
#7418 = CARTESIAN_POINT('',(7.221308149534,0.337103851382,2.677420312526
    ));
#7419 = CARTESIAN_POINT('',(7.22031788145,0.337103851382,2.677281139422)
  );
#7420 = ADVANCED_FACE('',(#7421),#7440,.F.);
#7421 = FACE_BOUND('',#7422,.F.);
#7422 = EDGE_LOOP('',(#7423,#7424,#7433,#7439));
#7423 = ORIENTED_EDGE('',*,*,#7405,.F.);
#7424 = ORIENTED_EDGE('',*,*,#7425,.T.);
#7425 = EDGE_CURVE('',#7397,#7426,#7428,.T.);
#7426 = VERTEX_POINT('',#7427);
#7427 = CARTESIAN_POINT('',(7.227117835172,0.314731379571,2.63608225124)
  );
#7428 = B_SPLINE_CURVE_WITH_KNOTS('',3,(#7429,#7430,#7431,#7432),
  .UNSPECIFIED.,.F.,.F.,(4,4),(6.,7.),.PIECEWISE_BEZIER_KNOTS.);
#7429 = CARTESIAN_POINT('',(7.221308149534,0.337103851382,2.677420312526
    ));
#7430 = CARTESIAN_POINT('',(7.222761299364,0.322335629384,2.667080614227
    ));
#7431 = CARTESIAN_POINT('',(7.224691315209,0.314855036696,2.653347837919
    ));
#7432 = CARTESIAN_POINT('',(7.227117835172,0.314731379571,2.63608225124)
  );
#7433 = ORIENTED_EDGE('',*,*,#7434,.T.);
#7434 = EDGE_CURVE('',#7426,#1084,#7435,.T.);
#7435 = LINE('',#7436,#7437);
#7436 = CARTESIAN_POINT('',(7.227117835172,0.314731379571,2.63608225124)
  );
#7437 = VECTOR('',#7438,1.);
#7438 = DIRECTION('',(-0.990268068742,1.819092931022E-16,-0.13917310096)
  );
#7439 = ORIENTED_EDGE('',*,*,#1092,.F.);
#7440 = B_SPLINE_SURFACE_WITH_KNOTS('',3,1,(
    (#7441,#7442)
    ,(#7443,#7444)
    ,(#7445,#7446)
    ,(#7447,#7448
    )),.UNSPECIFIED.,.F.,.F.,.F.,(4,4),(2,2),(6.,7.),(0.,1.),
  .PIECEWISE_BEZIER_KNOTS.);
#7441 = CARTESIAN_POINT('',(7.221308149534,0.337103851382,2.677420312526
    ));
#7442 = CARTESIAN_POINT('',(7.22031788145,0.337103851382,2.677281139422)
  );
#7443 = CARTESIAN_POINT('',(7.222761299364,0.322335629384,2.667080614227
    ));
#7444 = CARTESIAN_POINT('',(7.221771031279,0.322335629384,2.666941441124
    ));
#7445 = CARTESIAN_POINT('',(7.224691315209,0.314855036696,2.653347837919
    ));
#7446 = CARTESIAN_POINT('',(7.223701047124,0.314855036696,2.653208664816
    ));
#7447 = CARTESIAN_POINT('',(7.227117835172,0.314731379571,2.63608225124)
  );
#7448 = CARTESIAN_POINT('',(7.226127567088,0.314731379571,2.635943078137
    ));
#7449 = ADVANCED_FACE('',(#7450),#7469,.F.);
#7450 = FACE_BOUND('',#7451,.F.);
#7451 = EDGE_LOOP('',(#7452,#7453,#7462,#7468));
#7452 = ORIENTED_EDGE('',*,*,#7434,.F.);
#7453 = ORIENTED_EDGE('',*,*,#7454,.T.);
#7454 = EDGE_CURVE('',#7426,#7455,#7457,.T.);
#7455 = VERTEX_POINT('',#7456);
#7456 = CARTESIAN_POINT('',(7.231452165731,0.324283175753,2.605241886814
    ));
#7457 = B_SPLINE_CURVE_WITH_KNOTS('',3,(#7458,#7459,#7460,#7461),
  .UNSPECIFIED.,.F.,.F.,(4,4),(5.,6.),.PIECEWISE_BEZIER_KNOTS.);
#7458 = CARTESIAN_POINT('',(7.227117835172,0.314731379571,2.63608225124)
  );
#7459 = CARTESIAN_POINT('',(7.22880074418,0.314645617371,2.624107731444)
  );
#7460 = CARTESIAN_POINT('',(7.230252020804,0.317805782524,2.61378136169)
  );
#7461 = CARTESIAN_POINT('',(7.231452165731,0.324283175753,2.605241886814
    ));
#7462 = ORIENTED_EDGE('',*,*,#7463,.T.);
#7463 = EDGE_CURVE('',#7455,#1075,#7464,.T.);
#7464 = LINE('',#7465,#7466);
#7465 = CARTESIAN_POINT('',(7.231452165731,0.324283175753,2.605241886814
    ));
#7466 = VECTOR('',#7467,1.);
#7467 = DIRECTION('',(-0.990268068742,1.819092931022E-16,-0.13917310096)
  );
#7468 = ORIENTED_EDGE('',*,*,#1083,.F.);
#7469 = B_SPLINE_SURFACE_WITH_KNOTS('',3,1,(
    (#7470,#7471)
    ,(#7472,#7473)
    ,(#7474,#7475)
    ,(#7476,#7477
    )),.UNSPECIFIED.,.F.,.F.,.F.,(4,4),(2,2),(5.,6.),(0.,1.),
  .PIECEWISE_BEZIER_KNOTS.);
#7470 = CARTESIAN_POINT('',(7.227117835172,0.314731379571,2.63608225124)
  );
#7471 = CARTESIAN_POINT('',(7.226127567088,0.314731379571,2.635943078137
    ));
#7472 = CARTESIAN_POINT('',(7.22880074418,0.314645617371,2.624107731444)
  );
#7473 = CARTESIAN_POINT('',(7.227810476095,0.314645617371,2.623968558341
    ));
#7474 = CARTESIAN_POINT('',(7.230252020804,0.317805782524,2.61378136169)
  );
#7475 = CARTESIAN_POINT('',(7.229261752719,0.317805782524,2.613642188587
    ));
#7476 = CARTESIAN_POINT('',(7.231452165731,0.324283175753,2.605241886814
    ));
#7477 = CARTESIAN_POINT('',(7.230461897646,0.324283175753,2.605102713711
    ));
#7478 = ADVANCED_FACE('',(#7479),#7498,.F.);
#7479 = FACE_BOUND('',#7480,.F.);
#7480 = EDGE_LOOP('',(#7481,#7482,#7491,#7497));
#7481 = ORIENTED_EDGE('',*,*,#7463,.F.);
#7482 = ORIENTED_EDGE('',*,*,#7483,.T.);
#7483 = EDGE_CURVE('',#7455,#7484,#7486,.T.);
#7484 = VERTEX_POINT('',#7485);
#7485 = CARTESIAN_POINT('',(7.235114221631,0.366491691687,2.579185005143
    ));
#7486 = B_SPLINE_CURVE_WITH_KNOTS('',3,(#7487,#7488,#7489,#7490),
  .UNSPECIFIED.,.F.,.F.,(4,4),(4.,5.),.PIECEWISE_BEZIER_KNOTS.);
#7487 = CARTESIAN_POINT('',(7.231452165731,0.324283175753,2.605241886814
    ));
#7488 = CARTESIAN_POINT('',(7.232652241264,0.330690265493,2.596702905703
    ));
#7489 = CARTESIAN_POINT('',(7.233879518861,0.344829741882,2.587970371846
    ));
#7490 = CARTESIAN_POINT('',(7.235114221631,0.366491691687,2.579185005143
    ));
#7491 = ORIENTED_EDGE('',*,*,#7492,.T.);
#7492 = EDGE_CURVE('',#7484,#1066,#7493,.T.);
#7493 = LINE('',#7494,#7495);
#7494 = CARTESIAN_POINT('',(7.235114221631,0.366491691687,2.579185005143
    ));
#7495 = VECTOR('',#7496,1.);
#7496 = DIRECTION('',(-0.990268068742,1.819092931022E-16,-0.13917310096)
  );
#7497 = ORIENTED_EDGE('',*,*,#1074,.F.);
#7498 = B_SPLINE_SURFACE_WITH_KNOTS('',3,1,(
    (#7499,#7500)
    ,(#7501,#7502)
    ,(#7503,#7504)
    ,(#7505,#7506
    )),.UNSPECIFIED.,.F.,.F.,.F.,(4,4),(2,2),(4.,5.),(0.,1.),
  .PIECEWISE_BEZIER_KNOTS.);
#7499 = CARTESIAN_POINT('',(7.231452165731,0.324283175753,2.605241886814
    ));
#7500 = CARTESIAN_POINT('',(7.230461897646,0.324283175753,2.605102713711
    ));
#7501 = CARTESIAN_POINT('',(7.232652241264,0.330690265493,2.596702905703
    ));
#7502 = CARTESIAN_POINT('',(7.231661973179,0.330690265493,2.5965637326)
  );
#7503 = CARTESIAN_POINT('',(7.233879518861,0.344829741882,2.587970371846
    ));
#7504 = CARTESIAN_POINT('',(7.232889250777,0.344829741882,2.587831198743
    ));
#7505 = CARTESIAN_POINT('',(7.235114221631,0.366491691687,2.579185005143
    ));
#7506 = CARTESIAN_POINT('',(7.234123953546,0.366491691687,2.57904583204)
  );
#7507 = ADVANCED_FACE('',(#7508),#7527,.F.);
#7508 = FACE_BOUND('',#7509,.F.);
#7509 = EDGE_LOOP('',(#7510,#7511,#7520,#7526));
#7510 = ORIENTED_EDGE('',*,*,#7492,.F.);
#7511 = ORIENTED_EDGE('',*,*,#7512,.T.);
#7512 = EDGE_CURVE('',#7484,#7513,#7515,.T.);
#7513 = VERTEX_POINT('',#7514);
#7514 = CARTESIAN_POINT('',(7.237595909496,0.402432727626,2.561526878451
    ));
#7515 = B_SPLINE_CURVE_WITH_KNOTS('',3,(#7516,#7517,#7518,#7519),
  .UNSPECIFIED.,.F.,.F.,(4,4),(3.,4.),.PIECEWISE_BEZIER_KNOTS.);
#7516 = CARTESIAN_POINT('',(7.235114221631,0.366491691687,2.579185005143
    ));
#7517 = CARTESIAN_POINT('',(7.236071423368,0.384582124798,2.572374160883
    ));
#7518 = CARTESIAN_POINT('',(7.23690517556,0.396562137698,2.566441705784)
  );
#7519 = CARTESIAN_POINT('',(7.237595909496,0.402432727626,2.561526878451
    ));
#7520 = ORIENTED_EDGE('',*,*,#7521,.T.);
#7521 = EDGE_CURVE('',#7513,#1057,#7522,.T.);
#7522 = LINE('',#7523,#7524);
#7523 = CARTESIAN_POINT('',(7.237595909496,0.402432727626,2.561526878451
    ));
#7524 = VECTOR('',#7525,1.);
#7525 = DIRECTION('',(-0.990268068742,1.819092931022E-16,-0.13917310096)
  );
#7526 = ORIENTED_EDGE('',*,*,#1065,.F.);
#7527 = B_SPLINE_SURFACE_WITH_KNOTS('',3,1,(
    (#7528,#7529)
    ,(#7530,#7531)
    ,(#7532,#7533)
    ,(#7534,#7535
    )),.UNSPECIFIED.,.F.,.F.,.F.,(4,4),(2,2),(3.,4.),(0.,1.),
  .PIECEWISE_BEZIER_KNOTS.);
#7528 = CARTESIAN_POINT('',(7.235114221631,0.366491691687,2.579185005143
    ));
#7529 = CARTESIAN_POINT('',(7.234123953546,0.366491691687,2.57904583204)
  );
#7530 = CARTESIAN_POINT('',(7.236071423368,0.384582124798,2.572374160883
    ));
#7531 = CARTESIAN_POINT('',(7.235081155284,0.384582124798,2.572234987779
    ));
#7532 = CARTESIAN_POINT('',(7.23690517556,0.396562137698,2.566441705784)
  );
#7533 = CARTESIAN_POINT('',(7.235914907475,0.396562137698,2.566302532681
    ));
#7534 = CARTESIAN_POINT('',(7.237595909496,0.402432727626,2.561526878451
    ));
#7535 = CARTESIAN_POINT('',(7.236605641411,0.402432727626,2.561387705347
    ));
#7536 = ADVANCED_FACE('',(#7537),#7556,.F.);
#7537 = FACE_BOUND('',#7538,.F.);
#7538 = EDGE_LOOP('',(#7539,#7540,#7549,#7555));
#7539 = ORIENTED_EDGE('',*,*,#7521,.F.);
#7540 = ORIENTED_EDGE('',*,*,#7541,.T.);
#7541 = EDGE_CURVE('',#7513,#7542,#7544,.T.);
#7542 = VERTEX_POINT('',#7543);
#7543 = CARTESIAN_POINT('',(7.240207291505,0.41115833511,2.542945929969)
  );
#7544 = B_SPLINE_CURVE_WITH_KNOTS('',3,(#7545,#7546,#7547,#7548),
  .UNSPECIFIED.,.F.,.F.,(4,4),(2.,3.),.PIECEWISE_BEZIER_KNOTS.);
#7545 = CARTESIAN_POINT('',(7.237595909496,0.402432727626,2.561526878451
    ));
#7546 = CARTESIAN_POINT('',(7.238286643431,0.408303317554,2.556612051117
    ));
#7547 = CARTESIAN_POINT('',(7.239150581198,0.411212185793,2.550464814492
    ));
#7548 = CARTESIAN_POINT('',(7.240207291505,0.41115833511,2.542945929969)
  );
#7549 = ORIENTED_EDGE('',*,*,#7550,.T.);
#7550 = EDGE_CURVE('',#7542,#1048,#7551,.T.);
#7551 = LINE('',#7552,#7553);
#7552 = CARTESIAN_POINT('',(7.240207291505,0.41115833511,2.542945929969)
  );
#7553 = VECTOR('',#7554,1.);
#7554 = DIRECTION('',(-0.990268068742,1.819092931022E-16,-0.13917310096)
  );
#7555 = ORIENTED_EDGE('',*,*,#1056,.F.);
#7556 = B_SPLINE_SURFACE_WITH_KNOTS('',3,1,(
    (#7557,#7558)
    ,(#7559,#7560)
    ,(#7561,#7562)
    ,(#7563,#7564
    )),.UNSPECIFIED.,.F.,.F.,.F.,(4,4),(2,2),(2.,3.),(0.,1.),
  .PIECEWISE_BEZIER_KNOTS.);
#7557 = CARTESIAN_POINT('',(7.237595909496,0.402432727626,2.561526878451
    ));
#7558 = CARTESIAN_POINT('',(7.236605641411,0.402432727626,2.561387705347
    ));
#7559 = CARTESIAN_POINT('',(7.238286643431,0.408303317554,2.556612051117
    ));
#7560 = CARTESIAN_POINT('',(7.237296375347,0.408303317554,2.556472878014
    ));
#7561 = CARTESIAN_POINT('',(7.239150581198,0.411212185793,2.550464814492
    ));
#7562 = CARTESIAN_POINT('',(7.238160313113,0.411212185793,2.550325641389
    ));
#7563 = CARTESIAN_POINT('',(7.240207291505,0.41115833511,2.542945929969)
  );
#7564 = CARTESIAN_POINT('',(7.23921702342,0.41115833511,2.542806756866)
  );
#7565 = ADVANCED_FACE('',(#7566),#7578,.F.);
#7566 = FACE_BOUND('',#7567,.F.);
#7567 = EDGE_LOOP('',(#7568,#7569,#7576,#7577));
#7568 = ORIENTED_EDGE('',*,*,#7550,.F.);
#7569 = ORIENTED_EDGE('',*,*,#7570,.T.);
#7570 = EDGE_CURVE('',#7542,#6993,#7571,.T.);
#7571 = B_SPLINE_CURVE_WITH_KNOTS('',3,(#7572,#7573,#7574,#7575),
  .UNSPECIFIED.,.F.,.F.,(4,4),(1.,2.),.PIECEWISE_BEZIER_KNOTS.);
#7572 = CARTESIAN_POINT('',(7.240207291505,0.41115833511,2.542945929969)
  );
#7573 = CARTESIAN_POINT('',(7.242672948887,0.411032683515,2.525401866084
    ));
#7574 = CARTESIAN_POINT('',(7.24389238451,0.397401284174,2.516725130773)
  );
#7575 = CARTESIAN_POINT('',(7.243865667768,0.370334440577,2.516915230271
    ));
#7576 = ORIENTED_EDGE('',*,*,#6992,.T.);
#7577 = ORIENTED_EDGE('',*,*,#1047,.F.);
#7578 = B_SPLINE_SURFACE_WITH_KNOTS('',3,1,(
    (#7579,#7580)
    ,(#7581,#7582)
    ,(#7583,#7584)
    ,(#7585,#7586
    )),.UNSPECIFIED.,.F.,.F.,.F.,(4,4),(2,2),(1.,2.),(0.,1.),
  .PIECEWISE_BEZIER_KNOTS.);
#7579 = CARTESIAN_POINT('',(7.240207291505,0.41115833511,2.542945929969)
  );
#7580 = CARTESIAN_POINT('',(7.23921702342,0.41115833511,2.542806756866)
  );
#7581 = CARTESIAN_POINT('',(7.242672948887,0.411032683515,2.525401866084
    ));
#7582 = CARTESIAN_POINT('',(7.241682680803,0.411032683515,2.52526269298)
  );
#7583 = CARTESIAN_POINT('',(7.24389238451,0.397401284174,2.516725130773)
  );
#7584 = CARTESIAN_POINT('',(7.242902116426,0.397401284174,2.51658595767)
  );
#7585 = CARTESIAN_POINT('',(7.243865667768,0.370334440577,2.516915230271
    ));
#7586 = CARTESIAN_POINT('',(7.242875399684,0.370334440577,2.516776057168
    ));
#7587 = ADVANCED_FACE('',(#7588),#7611,.F.);
#7588 = FACE_BOUND('',#7589,.T.);
#7589 = EDGE_LOOP('',(#7590,#7591,#7592,#7593,#7594,#7595,#7596,#7597,
    #7598,#7599,#7600,#7601,#7602,#7603,#7604,#7605,#7606,#7607,#7608,
    #7609,#7610));
#7590 = ORIENTED_EDGE('',*,*,#7000,.T.);
#7591 = ORIENTED_EDGE('',*,*,#7037,.T.);
#7592 = ORIENTED_EDGE('',*,*,#7053,.T.);
#7593 = ORIENTED_EDGE('',*,*,#7082,.T.);
#7594 = ORIENTED_EDGE('',*,*,#7111,.T.);
#7595 = ORIENTED_EDGE('',*,*,#7140,.T.);
#7596 = ORIENTED_EDGE('',*,*,#7169,.T.);
#7597 = ORIENTED_EDGE('',*,*,#7198,.T.);
#7598 = ORIENTED_EDGE('',*,*,#7227,.T.);
#7599 = ORIENTED_EDGE('',*,*,#7256,.T.);
#7600 = ORIENTED_EDGE('',*,*,#7285,.T.);
#7601 = ORIENTED_EDGE('',*,*,#7314,.T.);
#7602 = ORIENTED_EDGE('',*,*,#7351,.T.);
#7603 = ORIENTED_EDGE('',*,*,#7367,.T.);
#7604 = ORIENTED_EDGE('',*,*,#7396,.T.);
#7605 = ORIENTED_EDGE('',*,*,#7425,.T.);
#7606 = ORIENTED_EDGE('',*,*,#7454,.T.);
#7607 = ORIENTED_EDGE('',*,*,#7483,.T.);
#7608 = ORIENTED_EDGE('',*,*,#7512,.T.);
#7609 = ORIENTED_EDGE('',*,*,#7541,.T.);
#7610 = ORIENTED_EDGE('',*,*,#7570,.T.);
#7611 = PLANE('',#7612);
#7612 = AXIS2_PLACEMENT_3D('',#7613,#7614,#7615);
#7613 = CARTESIAN_POINT('',(7.243176269124,0.341033966109,2.521820556514
    ));
#7614 = DIRECTION('',(-0.990268068741,-2.540622356782E-13,
    -0.139173100961));
#7615 = DIRECTION('',(0.139173100961,-2.556568389282E-17,-0.990268068741
    ));
#7616 = ADVANCED_FACE('',(#7617),#7642,.F.);
#7617 = FACE_BOUND('',#7618,.T.);
#7618 = EDGE_LOOP('',(#7619,#7620,#7628,#7636));
#7619 = ORIENTED_EDGE('',*,*,#901,.T.);
#7620 = ORIENTED_EDGE('',*,*,#7621,.F.);
#7621 = EDGE_CURVE('',#7622,#904,#7624,.T.);
#7622 = VERTEX_POINT('',#7623);
#7623 = CARTESIAN_POINT('',(7.22003972864,0.618326288897,2.686445596152)
  );
#7624 = LINE('',#7625,#7626);
#7625 = CARTESIAN_POINT('',(7.22003972864,0.618326288897,2.686445596152)
  );
#7626 = VECTOR('',#7627,1.);
#7627 = DIRECTION('',(-0.990268068742,1.819092931022E-16,-0.13917310096)
  );
#7628 = ORIENTED_EDGE('',*,*,#7629,.F.);
#7629 = EDGE_CURVE('',#7630,#7622,#7632,.T.);
#7630 = VERTEX_POINT('',#7631);
#7631 = CARTESIAN_POINT('',(7.220074980861,0.654040461746,2.686194763568
    ));
#7632 = LINE('',#7633,#7634);
#7633 = CARTESIAN_POINT('',(7.22003972864,0.618326288897,2.686445596152)
  );
#7634 = VECTOR('',#7635,1.);
#7635 = DIRECTION('',(-9.870404757812E-04,-0.999974850186,
    7.023157916234E-03));
#7636 = ORIENTED_EDGE('',*,*,#7637,.T.);
#7637 = EDGE_CURVE('',#7630,#902,#7638,.T.);
#7638 = LINE('',#7639,#7640);
#7639 = CARTESIAN_POINT('',(7.220074980861,0.654040461746,2.686194763568
    ));
#7640 = VECTOR('',#7641,1.);
#7641 = DIRECTION('',(-0.990268068742,1.819092931022E-16,-0.13917310096)
  );
#7642 = PLANE('',#7643);
#7643 = AXIS2_PLACEMENT_3D('',#7644,#7645,#7646);
#7644 = CARTESIAN_POINT('',(7.22003972864,0.618326288897,2.686445596152)
  );
#7645 = DIRECTION('',(0.139169600782,-7.092178509963E-03,-0.990243163684
    ));
#7646 = DIRECTION('',(0.990268068742,-2.712456995124E-15,0.13917310096)
  );
#7647 = ADVANCED_FACE('',(#7648),#7666,.F.);
#7648 = FACE_BOUND('',#7649,.T.);
#7649 = EDGE_LOOP('',(#7650,#7651,#7659,#7665));
#7650 = ORIENTED_EDGE('',*,*,#1020,.T.);
#7651 = ORIENTED_EDGE('',*,*,#7652,.F.);
#7652 = EDGE_CURVE('',#7653,#1012,#7655,.T.);
#7653 = VERTEX_POINT('',#7654);
#7654 = CARTESIAN_POINT('',(7.240573063188,0.563635635038,2.540343329212
    ));
#7655 = LINE('',#7656,#7657);
#7656 = CARTESIAN_POINT('',(7.240573063188,0.563635635038,2.540343329212
    ));
#7657 = VECTOR('',#7658,1.);
#7658 = DIRECTION('',(-0.990268068742,1.819092931022E-16,-0.13917310096)
  );
#7659 = ORIENTED_EDGE('',*,*,#7660,.F.);
#7660 = EDGE_CURVE('',#7622,#7653,#7661,.T.);
#7661 = LINE('',#7662,#7663);
#7662 = CARTESIAN_POINT('',(7.240573063188,0.563635635038,2.540343329212
    ));
#7663 = VECTOR('',#7664,1.);
#7664 = DIRECTION('',(0.130495883209,-0.347576530354,-0.92852645628));
#7665 = ORIENTED_EDGE('',*,*,#7621,.T.);
#7666 = PLANE('',#7667);
#7667 = AXIS2_PLACEMENT_3D('',#7668,#7669,#7670);
#7668 = CARTESIAN_POINT('',(7.240573063188,0.563635635038,2.540343329212
    ));
#7669 = DIRECTION('',(4.837330355035E-02,0.937651617365,-0.344193939454)
  );
#7670 = DIRECTION('',(-2.409183963437E-14,0.344597350436,0.938750587788)
  );
#7671 = ADVANCED_FACE('',(#7672),#7691,.F.);
#7672 = FACE_BOUND('',#7673,.F.);
#7673 = EDGE_LOOP('',(#7674,#7675,#7684,#7690));
#7674 = ORIENTED_EDGE('',*,*,#7652,.F.);
#7675 = ORIENTED_EDGE('',*,*,#7676,.T.);
#7676 = EDGE_CURVE('',#7653,#7677,#7679,.T.);
#7677 = VERTEX_POINT('',#7678);
#7678 = CARTESIAN_POINT('',(7.2427801637,0.559304738104,2.524638993052)
  );
#7679 = B_SPLINE_CURVE_WITH_KNOTS('',3,(#7680,#7681,#7682,#7683),
  .UNSPECIFIED.,.F.,.F.,(4,4),(12.,13.),.PIECEWISE_BEZIER_KNOTS.);
#7680 = CARTESIAN_POINT('',(7.240573063188,0.563635635038,2.540343329212
    ));
#7681 = CARTESIAN_POINT('',(7.241529848123,0.561477665833,2.533535450649
    ));
#7682 = CARTESIAN_POINT('',(7.242272071197,0.560033701108,2.528254259063
    ));
#7683 = CARTESIAN_POINT('',(7.2427801637,0.559304738104,2.524638993052)
  );
#7684 = ORIENTED_EDGE('',*,*,#7685,.T.);
#7685 = EDGE_CURVE('',#7677,#1004,#7686,.T.);
#7686 = LINE('',#7687,#7688);
#7687 = CARTESIAN_POINT('',(7.2427801637,0.559304738104,2.524638993052)
  );
#7688 = VECTOR('',#7689,1.);
#7689 = DIRECTION('',(-0.990268068742,1.819092931022E-16,-0.13917310096)
  );
#7690 = ORIENTED_EDGE('',*,*,#1011,.F.);
#7691 = B_SPLINE_SURFACE_WITH_KNOTS('',3,1,(
    (#7692,#7693)
    ,(#7694,#7695)
    ,(#7696,#7697)
    ,(#7698,#7699
    )),.UNSPECIFIED.,.F.,.F.,.F.,(4,4),(2,2),(12.,13.),(0.,1.),
  .PIECEWISE_BEZIER_KNOTS.);
#7692 = CARTESIAN_POINT('',(7.240573063188,0.563635635038,2.540343329212
    ));
#7693 = CARTESIAN_POINT('',(7.239582795267,0.563635635038,2.540204156132
    ));
#7694 = CARTESIAN_POINT('',(7.241529848123,0.561477665833,2.533535450649
    ));
#7695 = CARTESIAN_POINT('',(7.240539580203,0.561477665833,2.533396277569
    ));
#7696 = CARTESIAN_POINT('',(7.242272071197,0.560033701108,2.528254259063
    ));
#7697 = CARTESIAN_POINT('',(7.241281803276,0.560033701108,2.528115085982
    ));
#7698 = CARTESIAN_POINT('',(7.2427801637,0.559304738104,2.524638993052)
  );
#7699 = CARTESIAN_POINT('',(7.241789895779,0.559304738104,2.524499819971
    ));
#7700 = ADVANCED_FACE('',(#7701),#7719,.F.);
#7701 = FACE_BOUND('',#7702,.T.);
#7702 = EDGE_LOOP('',(#7703,#7704,#7712,#7718));
#7703 = ORIENTED_EDGE('',*,*,#1003,.T.);
#7704 = ORIENTED_EDGE('',*,*,#7705,.F.);
#7705 = EDGE_CURVE('',#7706,#996,#7708,.T.);
#7706 = VERTEX_POINT('',#7707);
#7707 = CARTESIAN_POINT('',(7.242779261576,0.558390792736,2.524645411996
    ));
#7708 = LINE('',#7709,#7710);
#7709 = CARTESIAN_POINT('',(7.242779261576,0.558390792736,2.524645411996
    ));
#7710 = VECTOR('',#7711,1.);
#7711 = DIRECTION('',(-0.990268068742,1.819092931022E-16,-0.13917310096)
  );
#7712 = ORIENTED_EDGE('',*,*,#7713,.F.);
#7713 = EDGE_CURVE('',#7677,#7706,#7714,.T.);
#7714 = LINE('',#7715,#7716);
#7715 = CARTESIAN_POINT('',(7.242779261576,0.558390792736,2.524645411996
    ));
#7716 = VECTOR('',#7717,1.);
#7717 = DIRECTION('',(-9.870404757915E-04,-0.999974850186,
    7.023157915807E-03));
#7718 = ORIENTED_EDGE('',*,*,#7685,.T.);
#7719 = PLANE('',#7720);
#7720 = AXIS2_PLACEMENT_3D('',#7721,#7722,#7723);
#7721 = CARTESIAN_POINT('',(7.242779261576,0.558390792736,2.524645411996
    ));
#7722 = DIRECTION('',(0.139169600782,-7.092178509542E-03,-0.990243163684
    ));
#7723 = DIRECTION('',(0.990268068742,-2.713107516428E-15,0.13917310096)
  );
#7724 = ADVANCED_FACE('',(#7725),#7743,.F.);
#7725 = FACE_BOUND('',#7726,.T.);
#7726 = EDGE_LOOP('',(#7727,#7728,#7736,#7742));
#7727 = ORIENTED_EDGE('',*,*,#995,.T.);
#7728 = ORIENTED_EDGE('',*,*,#7729,.F.);
#7729 = EDGE_CURVE('',#7730,#988,#7732,.T.);
#7730 = VERTEX_POINT('',#7731);
#7731 = CARTESIAN_POINT('',(7.240524696349,0.554287265355,2.540687477152
    ));
#7732 = LINE('',#7733,#7734);
#7733 = CARTESIAN_POINT('',(7.240524696349,0.554287265355,2.540687477152
    ));
#7734 = VECTOR('',#7735,1.);
#7735 = DIRECTION('',(-0.990268068742,1.819092931022E-16,-0.13917310096)
  );
#7736 = ORIENTED_EDGE('',*,*,#7737,.F.);
#7737 = EDGE_CURVE('',#7706,#7730,#7738,.T.);
#7738 = LINE('',#7739,#7740);
#7739 = CARTESIAN_POINT('',(7.240524696349,0.554287265355,2.540687477152
    ));
#7740 = VECTOR('',#7741,1.);
#7741 = DIRECTION('',(-0.134912060138,-0.245553034399,0.959949187888));
#7742 = ORIENTED_EDGE('',*,*,#7705,.T.);
#7743 = PLANE('',#7744);
#7744 = AXIS2_PLACEMENT_3D('',#7745,#7746,#7747);
#7745 = CARTESIAN_POINT('',(7.240524696349,0.554287265355,2.540687477152
    ));
#7746 = DIRECTION('',(3.417437724746E-02,-0.969383158146,-0.243163329148
    ));
#7747 = DIRECTION('',(-6.343883751647E-15,0.243305447418,-0.969949719963
    ));
#7748 = ADVANCED_FACE('',(#7749),#7767,.F.);
#7749 = FACE_BOUND('',#7750,.T.);
#7750 = EDGE_LOOP('',(#7751,#7752,#7760,#7766));
#7751 = ORIENTED_EDGE('',*,*,#987,.T.);
#7752 = ORIENTED_EDGE('',*,*,#7753,.F.);
#7753 = EDGE_CURVE('',#7754,#980,#7756,.T.);
#7754 = VERTEX_POINT('',#7755);
#7755 = CARTESIAN_POINT('',(7.219926893776,0.50401281438,2.687248457927)
  );
#7756 = LINE('',#7757,#7758);
#7757 = CARTESIAN_POINT('',(7.219926893776,0.50401281438,2.687248457927)
  );
#7758 = VECTOR('',#7759,1.);
#7759 = DIRECTION('',(-0.990268068742,1.819092931022E-16,-0.13917310096)
  );
#7760 = ORIENTED_EDGE('',*,*,#7761,.F.);
#7761 = EDGE_CURVE('',#7730,#7754,#7762,.T.);
#7762 = LINE('',#7763,#7764);
#7763 = CARTESIAN_POINT('',(7.219926893776,0.50401281438,2.687248457927)
  );
#7764 = VECTOR('',#7765,1.);
#7765 = DIRECTION('',(-0.131777775639,-0.321638936845,0.937647594863));
#7766 = ORIENTED_EDGE('',*,*,#7729,.T.);
#7767 = PLANE('',#7768);
#7768 = AXIS2_PLACEMENT_3D('',#7769,#7770,#7771);
#7769 = CARTESIAN_POINT('',(7.219926893776,0.50401281438,2.687248457927)
  );
#7770 = DIRECTION('',(4.476348823022E-02,-0.946862394599,-0.318508768822
    ));
#7771 = DIRECTION('',(-2.167883927928E-14,0.318828358329,-0.947812469809
    ));
#7772 = ADVANCED_FACE('',(#7773),#7791,.F.);
#7773 = FACE_BOUND('',#7774,.T.);
#7774 = EDGE_LOOP('',(#7775,#7776,#7784,#7790));
#7775 = ORIENTED_EDGE('',*,*,#979,.T.);
#7776 = ORIENTED_EDGE('',*,*,#7777,.F.);
#7777 = EDGE_CURVE('',#7778,#972,#7780,.T.);
#7778 = VERTEX_POINT('',#7779);
#7779 = CARTESIAN_POINT('',(7.21988886579,0.465486501936,2.687519041109)
  );
#7780 = LINE('',#7781,#7782);
#7781 = CARTESIAN_POINT('',(7.21988886579,0.465486501936,2.687519041109)
  );
#7782 = VECTOR('',#7783,1.);
#7783 = DIRECTION('',(-0.990268068742,1.819092931022E-16,-0.13917310096)
  );
#7784 = ORIENTED_EDGE('',*,*,#7785,.F.);
#7785 = EDGE_CURVE('',#7754,#7778,#7786,.T.);
#7786 = LINE('',#7787,#7788);
#7787 = CARTESIAN_POINT('',(7.21988886579,0.465486501936,2.687519041109)
  );
#7788 = VECTOR('',#7789,1.);
#7789 = DIRECTION('',(-9.870404758073E-04,-0.999974850186,
    7.023157916226E-03));
#7790 = ORIENTED_EDGE('',*,*,#7753,.T.);
#7791 = PLANE('',#7792);
#7792 = AXIS2_PLACEMENT_3D('',#7793,#7794,#7795);
#7793 = CARTESIAN_POINT('',(7.21988886579,0.465486501936,2.687519041109)
  );
#7794 = DIRECTION('',(0.139169600782,-7.092178509958E-03,-0.990243163684
    ));
#7795 = DIRECTION('',(0.990268068742,-2.712673835559E-15,0.13917310096)
  );
#7796 = ADVANCED_FACE('',(#7797),#7815,.F.);
#7797 = FACE_BOUND('',#7798,.T.);
#7798 = EDGE_LOOP('',(#7799,#7800,#7808,#7814));
#7799 = ORIENTED_EDGE('',*,*,#971,.T.);
#7800 = ORIENTED_EDGE('',*,*,#7801,.F.);
#7801 = EDGE_CURVE('',#7802,#964,#7804,.T.);
#7802 = VERTEX_POINT('',#7803);
#7803 = CARTESIAN_POINT('',(7.247243702644,0.541148981402,2.492879263191
    ));
#7804 = LINE('',#7805,#7806);
#7805 = CARTESIAN_POINT('',(7.247243702644,0.541148981402,2.492879263191
    ));
#7806 = VECTOR('',#7807,1.);
#7807 = DIRECTION('',(-0.990268068742,1.819092931022E-16,-0.13917310096)
  );
#7808 = ORIENTED_EDGE('',*,*,#7809,.F.);
#7809 = EDGE_CURVE('',#7778,#7802,#7810,.T.);
#7810 = LINE('',#7811,#7812);
#7811 = CARTESIAN_POINT('',(7.247243702644,0.541148981402,2.492879263191
    ));
#7812 = VECTOR('',#7813,1.);
#7813 = DIRECTION('',(0.129882134825,0.359249240323,-0.924159409615));
#7814 = ORIENTED_EDGE('',*,*,#7777,.T.);
#7815 = PLANE('',#7816);
#7816 = AXIS2_PLACEMENT_3D('',#7817,#7818,#7819);
#7817 = CARTESIAN_POINT('',(7.247243702644,0.541148981402,2.492879263191
    ));
#7818 = DIRECTION('',(-4.999783079335E-02,0.933241653232,0.355753051412)
  );
#7819 = DIRECTION('',(-6.133982211054E-15,-0.356198539534,0.934410295552
    ));
#7820 = ADVANCED_FACE('',(#7821),#7839,.F.);
#7821 = FACE_BOUND('',#7822,.T.);
#7822 = EDGE_LOOP('',(#7823,#7824,#7832,#7838));
#7823 = ORIENTED_EDGE('',*,*,#963,.T.);
#7824 = ORIENTED_EDGE('',*,*,#7825,.F.);
#7825 = EDGE_CURVE('',#7826,#955,#7828,.T.);
#7826 = VERTEX_POINT('',#7827);
#7827 = CARTESIAN_POINT('',(7.252199235089,0.525780433421,2.457618817676
    ));
#7828 = LINE('',#7829,#7830);
#7829 = CARTESIAN_POINT('',(7.252199235089,0.525780433421,2.457618817676
    ));
#7830 = VECTOR('',#7831,1.);
#7831 = DIRECTION('',(-0.990268068742,1.819092931022E-16,-0.13917310096)
  );
#7832 = ORIENTED_EDGE('',*,*,#7833,.F.);
#7833 = EDGE_CURVE('',#7802,#7826,#7834,.T.);
#7834 = LINE('',#7835,#7836);
#7835 = CARTESIAN_POINT('',(7.252199235089,0.525780433421,2.457618817676
    ));
#7836 = VECTOR('',#7837,1.);
#7837 = DIRECTION('',(0.127778972314,-0.396279771914,-0.909194630762));
#7838 = ORIENTED_EDGE('',*,*,#7801,.T.);
#7839 = PLANE('',#7840);
#7840 = AXIS2_PLACEMENT_3D('',#7841,#7842,#7843);
#7841 = CARTESIAN_POINT('',(7.252199235089,0.525780433421,2.457618817676
    ));
#7842 = DIRECTION('',(5.515148470504E-02,0.918129806929,-0.392423204415)
  );
#7843 = DIRECTION('',(-1.139366379022E-14,0.393021383502,0.919529331838)
  );
#7844 = ADVANCED_FACE('',(#7845),#7864,.F.);
#7845 = FACE_BOUND('',#7846,.F.);
#7846 = EDGE_LOOP('',(#7847,#7848,#7857,#7863));
#7847 = ORIENTED_EDGE('',*,*,#7825,.F.);
#7848 = ORIENTED_EDGE('',*,*,#7849,.T.);
#7849 = EDGE_CURVE('',#7826,#7850,#7852,.T.);
#7850 = VERTEX_POINT('',#7851);
#7851 = CARTESIAN_POINT('',(7.256019434982,0.490291626239,2.430436683024
    ));
#7852 = B_SPLINE_CURVE_WITH_KNOTS('',3,(#7853,#7854,#7855,#7856),
  .UNSPECIFIED.,.F.,.F.,(4,4),(5.,6.),.PIECEWISE_BEZIER_KNOTS.);
#7853 = CARTESIAN_POINT('',(7.252199235089,0.525780433421,2.457618817676
    ));
#7854 = CARTESIAN_POINT('',(7.254774601979,0.517845111043,2.439294130085
    ));
#7855 = CARTESIAN_POINT('',(7.256034979268,0.506039607969,2.43032607968)
  );
#7856 = CARTESIAN_POINT('',(7.256019434982,0.490291626239,2.430436683024
    ));
#7857 = ORIENTED_EDGE('',*,*,#7858,.T.);
#7858 = EDGE_CURVE('',#7850,#946,#7859,.T.);
#7859 = LINE('',#7860,#7861);
#7860 = CARTESIAN_POINT('',(7.256019434982,0.490291626239,2.430436683024
    ));
#7861 = VECTOR('',#7862,1.);
#7862 = DIRECTION('',(-0.990268068742,1.819092931022E-16,-0.13917310096)
  );
#7863 = ORIENTED_EDGE('',*,*,#954,.F.);
#7864 = B_SPLINE_SURFACE_WITH_KNOTS('',3,1,(
    (#7865,#7866)
    ,(#7867,#7868)
    ,(#7869,#7870)
    ,(#7871,#7872
    )),.UNSPECIFIED.,.F.,.F.,.F.,(4,4),(2,2),(5.,6.),(0.,1.),
  .PIECEWISE_BEZIER_KNOTS.);
#7865 = CARTESIAN_POINT('',(7.252199235089,0.525780433421,2.457618817676
    ));
#7866 = CARTESIAN_POINT('',(7.251208967169,0.525780433421,2.457479644596
    ));
#7867 = CARTESIAN_POINT('',(7.254774601979,0.517845111043,2.439294130085
    ));
#7868 = CARTESIAN_POINT('',(7.253784334058,0.517845111043,2.439154957005
    ));
#7869 = CARTESIAN_POINT('',(7.256034979268,0.506039607969,2.43032607968)
  );
#7870 = CARTESIAN_POINT('',(7.255044711348,0.506039607969,2.4301869066)
  );
#7871 = CARTESIAN_POINT('',(7.256019434982,0.490291626239,2.430436683024
    ));
#7872 = CARTESIAN_POINT('',(7.255029167061,0.490291626239,2.430297509944
    ));
#7873 = ADVANCED_FACE('',(#7874),#7893,.F.);
#7874 = FACE_BOUND('',#7875,.F.);
#7875 = EDGE_LOOP('',(#7876,#7877,#7886,#7892));
#7876 = ORIENTED_EDGE('',*,*,#7858,.F.);
#7877 = ORIENTED_EDGE('',*,*,#7878,.T.);
#7878 = EDGE_CURVE('',#7850,#7879,#7881,.T.);
#7879 = VERTEX_POINT('',#7880);
#7880 = CARTESIAN_POINT('',(7.25545221955,0.470775178635,2.434472630539)
  );
#7881 = B_SPLINE_CURVE_WITH_KNOTS('',3,(#7882,#7883,#7884,#7885),
  .UNSPECIFIED.,.F.,.F.,(4,4),(4.,5.),.PIECEWISE_BEZIER_KNOTS.);
#7882 = CARTESIAN_POINT('',(7.256019434982,0.490291626239,2.430436683024
    ));
#7883 = CARTESIAN_POINT('',(7.25601318951,0.483964312152,2.430481121868)
  );
#7884 = CARTESIAN_POINT('',(7.255830686865,0.477505366199,2.431779695662
    ));
#7885 = CARTESIAN_POINT('',(7.25545221955,0.470775178635,2.434472630539)
  );
#7886 = ORIENTED_EDGE('',*,*,#7887,.T.);
#7887 = EDGE_CURVE('',#7879,#938,#7888,.T.);
#7888 = LINE('',#7889,#7890);
#7889 = CARTESIAN_POINT('',(7.25545221955,0.470775178635,2.434472630539)
  );
#7890 = VECTOR('',#7891,1.);
#7891 = DIRECTION('',(-0.990268068742,1.819092931022E-16,-0.13917310096)
  );
#7892 = ORIENTED_EDGE('',*,*,#945,.F.);
#7893 = B_SPLINE_SURFACE_WITH_KNOTS('',3,1,(
    (#7894,#7895)
    ,(#7896,#7897)
    ,(#7898,#7899)
    ,(#7900,#7901
    )),.UNSPECIFIED.,.F.,.F.,.F.,(4,4),(2,2),(4.,5.),(0.,1.),
  .PIECEWISE_BEZIER_KNOTS.);
#7894 = CARTESIAN_POINT('',(7.256019434982,0.490291626239,2.430436683024
    ));
#7895 = CARTESIAN_POINT('',(7.255029167061,0.490291626239,2.430297509944
    ));
#7896 = CARTESIAN_POINT('',(7.25601318951,0.483964312152,2.430481121868)
  );
#7897 = CARTESIAN_POINT('',(7.255022921589,0.483964312152,2.430341948788
    ));
#7898 = CARTESIAN_POINT('',(7.255830686865,0.477505366199,2.431779695662
    ));
#7899 = CARTESIAN_POINT('',(7.254840418944,0.477505366199,2.431640522582
    ));
#7900 = CARTESIAN_POINT('',(7.25545221955,0.470775178635,2.434472630539)
  );
#7901 = CARTESIAN_POINT('',(7.254461951629,0.470775178635,2.434333457459
    ));
#7902 = ADVANCED_FACE('',(#7903),#7921,.F.);
#7903 = FACE_BOUND('',#7904,.T.);
#7904 = EDGE_LOOP('',(#7905,#7906,#7914,#7920));
#7905 = ORIENTED_EDGE('',*,*,#937,.T.);
#7906 = ORIENTED_EDGE('',*,*,#7907,.F.);
#7907 = EDGE_CURVE('',#7908,#929,#7910,.T.);
#7908 = VERTEX_POINT('',#7909);
#7909 = CARTESIAN_POINT('',(7.259718198196,0.470557781431,2.404118615245
    ));
#7910 = LINE('',#7911,#7912);
#7911 = CARTESIAN_POINT('',(7.259718198196,0.470557781431,2.404118615245
    ));
#7912 = VECTOR('',#7913,1.);
#7913 = DIRECTION('',(-0.990268068742,1.819092931022E-16,-0.13917310096)
  );
#7914 = ORIENTED_EDGE('',*,*,#7915,.F.);
#7915 = EDGE_CURVE('',#7879,#7908,#7916,.T.);
#7916 = LINE('',#7917,#7918);
#7917 = CARTESIAN_POINT('',(7.259718198196,0.470557781431,2.404118615245
    ));
#7918 = VECTOR('',#7919,1.);
#7919 = DIRECTION('',(0.139169600782,-7.092178509957E-03,-0.990243163684
    ));
#7920 = ORIENTED_EDGE('',*,*,#7887,.T.);
#7921 = PLANE('',#7922);
#7922 = AXIS2_PLACEMENT_3D('',#7923,#7924,#7925);
#7923 = CARTESIAN_POINT('',(7.259718198196,0.470557781431,2.404118615245
    ));
#7924 = DIRECTION('',(9.870404757934E-04,0.999974850186,
    -7.023157916227E-03));
#7925 = DIRECTION('',(-2.122664565819E-18,7.023161337382E-03,
    0.999975337298));
#7926 = ADVANCED_FACE('',(#7927),#7946,.F.);
#7927 = FACE_BOUND('',#7928,.F.);
#7928 = EDGE_LOOP('',(#7929,#7930,#7939,#7945));
#7929 = ORIENTED_EDGE('',*,*,#7907,.F.);
#7930 = ORIENTED_EDGE('',*,*,#7931,.T.);
#7931 = EDGE_CURVE('',#7908,#7932,#7934,.T.);
#7932 = VERTEX_POINT('',#7933);
#7933 = CARTESIAN_POINT('',(7.26013150093,0.49275373953,2.401177813482)
  );
#7934 = B_SPLINE_CURVE_WITH_KNOTS('',3,(#7935,#7936,#7937,#7938),
  .UNSPECIFIED.,.F.,.F.,(4,4),(2.,3.),.PIECEWISE_BEZIER_KNOTS.);
#7935 = CARTESIAN_POINT('',(7.259718198196,0.470557781431,2.404118615245
    ));
#7936 = CARTESIAN_POINT('',(7.259978628707,0.476661220995,2.402265555867
    ));
#7937 = CARTESIAN_POINT('',(7.260122965451,0.484106410276,2.401238546568
    ));
#7938 = CARTESIAN_POINT('',(7.26013150093,0.49275373953,2.401177813482)
  );
#7939 = ORIENTED_EDGE('',*,*,#7940,.T.);
#7940 = EDGE_CURVE('',#7932,#920,#7941,.T.);
#7941 = LINE('',#7942,#7943);
#7942 = CARTESIAN_POINT('',(7.26013150093,0.49275373953,2.401177813482)
  );
#7943 = VECTOR('',#7944,1.);
#7944 = DIRECTION('',(-0.990268068742,1.819092931022E-16,-0.13917310096)
  );
#7945 = ORIENTED_EDGE('',*,*,#928,.F.);
#7946 = B_SPLINE_SURFACE_WITH_KNOTS('',3,1,(
    (#7947,#7948)
    ,(#7949,#7950)
    ,(#7951,#7952)
    ,(#7953,#7954
    )),.UNSPECIFIED.,.F.,.F.,.F.,(4,4),(2,2),(2.,3.),(0.,1.),
  .PIECEWISE_BEZIER_KNOTS.);
#7947 = CARTESIAN_POINT('',(7.259718198196,0.470557781431,2.404118615245
    ));
#7948 = CARTESIAN_POINT('',(7.258727930275,0.470557781431,2.403979442165
    ));
#7949 = CARTESIAN_POINT('',(7.259978628707,0.476661220995,2.402265555867
    ));
#7950 = CARTESIAN_POINT('',(7.258988360787,0.476661220995,2.402126382787
    ));
#7951 = CARTESIAN_POINT('',(7.260122965451,0.484106410276,2.401238546568
    ));
#7952 = CARTESIAN_POINT('',(7.259132697531,0.484106410276,2.401099373488
    ));
#7953 = CARTESIAN_POINT('',(7.26013150093,0.49275373953,2.401177813482)
  );
#7954 = CARTESIAN_POINT('',(7.259141233009,0.49275373953,2.401038640401)
  );
#7955 = ADVANCED_FACE('',(#7956),#7975,.F.);
#7956 = FACE_BOUND('',#7957,.F.);
#7957 = EDGE_LOOP('',(#7958,#7959,#7968,#7974));
#7958 = ORIENTED_EDGE('',*,*,#7940,.F.);
#7959 = ORIENTED_EDGE('',*,*,#7960,.T.);
#7960 = EDGE_CURVE('',#7932,#7961,#7963,.T.);
#7961 = VERTEX_POINT('',#7962);
#7962 = CARTESIAN_POINT('',(7.251453473788,0.563292082913,2.46292518506)
  );
#7963 = B_SPLINE_CURVE_WITH_KNOTS('',3,(#7964,#7965,#7966,#7967),
  .UNSPECIFIED.,.F.,.F.,(4,4),(1.,2.),.PIECEWISE_BEZIER_KNOTS.);
#7964 = CARTESIAN_POINT('',(7.26013150093,0.49275373953,2.401177813482)
  );
#7965 = CARTESIAN_POINT('',(7.260161271014,0.52291393668,2.400965988327)
  );
#7966 = CARTESIAN_POINT('',(7.257268572169,0.546403283312,2.421548610108
    ));
#7967 = CARTESIAN_POINT('',(7.251453473788,0.563292082913,2.46292518506)
  );
#7968 = ORIENTED_EDGE('',*,*,#7969,.T.);
#7969 = EDGE_CURVE('',#7961,#912,#7970,.T.);
#7970 = LINE('',#7971,#7972);
#7971 = CARTESIAN_POINT('',(7.251453473788,0.563292082913,2.46292518506)
  );
#7972 = VECTOR('',#7973,1.);
#7973 = DIRECTION('',(-0.990268068742,1.819092931022E-16,-0.13917310096)
  );
#7974 = ORIENTED_EDGE('',*,*,#919,.F.);
#7975 = B_SPLINE_SURFACE_WITH_KNOTS('',3,1,(
    (#7976,#7977)
    ,(#7978,#7979)
    ,(#7980,#7981)
    ,(#7982,#7983
    )),.UNSPECIFIED.,.F.,.F.,.F.,(4,4),(2,2),(1.,2.),(0.,1.),
  .PIECEWISE_BEZIER_KNOTS.);
#7976 = CARTESIAN_POINT('',(7.26013150093,0.49275373953,2.401177813482)
  );
#7977 = CARTESIAN_POINT('',(7.259141233009,0.49275373953,2.401038640401)
  );
#7978 = CARTESIAN_POINT('',(7.260161271014,0.52291393668,2.400965988327)
  );
#7979 = CARTESIAN_POINT('',(7.259171003093,0.52291393668,2.400826815247)
  );
#7980 = CARTESIAN_POINT('',(7.257268572169,0.546403283312,2.421548610108
    ));
#7981 = CARTESIAN_POINT('',(7.256278304248,0.546403283312,2.421409437028
    ));
#7982 = CARTESIAN_POINT('',(7.251453473788,0.563292082913,2.46292518506)
  );
#7983 = CARTESIAN_POINT('',(7.250463205867,0.563292082913,2.46278601198)
  );
#7984 = ADVANCED_FACE('',(#7985),#7996,.F.);
#7985 = FACE_BOUND('',#7986,.T.);
#7986 = EDGE_LOOP('',(#7987,#7988,#7989,#7995));
#7987 = ORIENTED_EDGE('',*,*,#911,.T.);
#7988 = ORIENTED_EDGE('',*,*,#7637,.F.);
#7989 = ORIENTED_EDGE('',*,*,#7990,.F.);
#7990 = EDGE_CURVE('',#7961,#7630,#7991,.T.);
#7991 = LINE('',#7992,#7993);
#7992 = CARTESIAN_POINT('',(7.220074980861,0.654040461746,2.686194763568
    ));
#7993 = VECTOR('',#7994,1.);
#7994 = DIRECTION('',(-0.129107538129,0.373386312958,0.918647867735));
#7995 = ORIENTED_EDGE('',*,*,#7969,.T.);
#7996 = PLANE('',#7997);
#7997 = AXIS2_PLACEMENT_3D('',#7998,#7999,#8000);
#7998 = CARTESIAN_POINT('',(7.220074980861,0.654040461746,2.686194763568
    ));
#7999 = DIRECTION('',(-5.196533103039E-02,-0.927675946274,0.369752543027
    ));
#8000 = DIRECTION('',(1.951910855169E-14,-0.370252795491,-0.928931034809
    ));
#8001 = ADVANCED_FACE('',(#8002),#8019,.T.);
#8002 = FACE_BOUND('',#8003,.T.);
#8003 = EDGE_LOOP('',(#8004,#8005,#8006,#8007,#8008,#8009,#8010,#8011,
    #8012,#8013,#8014,#8015,#8016,#8017,#8018));
#8004 = ORIENTED_EDGE('',*,*,#7629,.T.);
#8005 = ORIENTED_EDGE('',*,*,#7660,.T.);
#8006 = ORIENTED_EDGE('',*,*,#7676,.T.);
#8007 = ORIENTED_EDGE('',*,*,#7713,.T.);
#8008 = ORIENTED_EDGE('',*,*,#7737,.T.);
#8009 = ORIENTED_EDGE('',*,*,#7761,.T.);
#8010 = ORIENTED_EDGE('',*,*,#7785,.T.);
#8011 = ORIENTED_EDGE('',*,*,#7809,.T.);
#8012 = ORIENTED_EDGE('',*,*,#7833,.T.);
#8013 = ORIENTED_EDGE('',*,*,#7849,.T.);
#8014 = ORIENTED_EDGE('',*,*,#7878,.T.);
#8015 = ORIENTED_EDGE('',*,*,#7915,.T.);
#8016 = ORIENTED_EDGE('',*,*,#7931,.T.);
#8017 = ORIENTED_EDGE('',*,*,#7960,.T.);
#8018 = ORIENTED_EDGE('',*,*,#7990,.T.);
#8019 = PLANE('',#8020);
#8020 = AXIS2_PLACEMENT_3D('',#8021,#8022,#8023);
#8021 = CARTESIAN_POINT('',(7.257984313033,0.532999685302,2.416455849231
    ));
#8022 = DIRECTION('',(0.990268068742,7.683994932449E-14,0.13917310096));
#8023 = DIRECTION('',(-0.13917310096,2.55656838927E-17,0.990268068742));
#8024 = ADVANCED_FACE('',(#8025),#8050,.F.);
#8025 = FACE_BOUND('',#8026,.T.);
#8026 = EDGE_LOOP('',(#8027,#8028,#8036,#8044));
#8027 = ORIENTED_EDGE('',*,*,#1873,.T.);
#8028 = ORIENTED_EDGE('',*,*,#8029,.F.);
#8029 = EDGE_CURVE('',#8030,#1876,#8032,.T.);
#8030 = VERTEX_POINT('',#8031);
#8031 = CARTESIAN_POINT('',(7.243231291043,0.837908493314,2.521429055217
    ));
#8032 = LINE('',#8033,#8034);
#8033 = CARTESIAN_POINT('',(7.243231291043,0.837908493314,2.521429055217
    ));
#8034 = VECTOR('',#8035,1.);
#8035 = DIRECTION('',(-0.990268068742,1.819092931022E-16,-0.13917310096)
  );
#8036 = ORIENTED_EDGE('',*,*,#8037,.F.);
#8037 = EDGE_CURVE('',#8038,#8030,#8040,.T.);
#8038 = VERTEX_POINT('',#8039);
#8039 = CARTESIAN_POINT('',(7.247595113235,0.837686109936,2.490378846913
    ));
#8040 = LINE('',#8041,#8042);
#8041 = CARTESIAN_POINT('',(7.243231291043,0.837908493314,2.521429055217
    ));
#8042 = VECTOR('',#8043,1.);
#8043 = DIRECTION('',(-0.139169600782,7.092178509954E-03,0.990243163684)
  );
#8044 = ORIENTED_EDGE('',*,*,#8045,.T.);
#8045 = EDGE_CURVE('',#8038,#1874,#8046,.T.);
#8046 = LINE('',#8047,#8048);
#8047 = CARTESIAN_POINT('',(7.247595113235,0.837686109936,2.490378846913
    ));
#8048 = VECTOR('',#8049,1.);
#8049 = DIRECTION('',(-0.990268068742,1.819092931022E-16,-0.13917310096)
  );
#8050 = PLANE('',#8051);
#8051 = AXIS2_PLACEMENT_3D('',#8052,#8053,#8054);
#8052 = CARTESIAN_POINT('',(7.243231291043,0.837908493314,2.521429055217
    ));
#8053 = DIRECTION('',(-9.870404757929E-04,-0.999974850186,
    7.023157916223E-03));
#8054 = DIRECTION('',(3.111999048212E-18,-7.023161337378E-03,
    -0.999975337298));
#8055 = ADVANCED_FACE('',(#8056),#8074,.F.);
#8056 = FACE_BOUND('',#8057,.T.);
#8057 = EDGE_LOOP('',(#8058,#8059,#8067,#8073));
#8058 = ORIENTED_EDGE('',*,*,#1963,.T.);
#8059 = ORIENTED_EDGE('',*,*,#8060,.F.);
#8060 = EDGE_CURVE('',#8061,#1956,#8063,.T.);
#8061 = VERTEX_POINT('',#8062);
#8062 = CARTESIAN_POINT('',(7.24312032982,0.725493213026,2.522218585339)
  );
#8063 = LINE('',#8064,#8065);
#8064 = CARTESIAN_POINT('',(7.24312032982,0.725493213026,2.522218585339)
  );
#8065 = VECTOR('',#8066,1.);
#8066 = DIRECTION('',(-0.990268068742,1.819092931022E-16,-0.13917310096)
  );
#8067 = ORIENTED_EDGE('',*,*,#8068,.F.);
#8068 = EDGE_CURVE('',#8030,#8061,#8069,.T.);
#8069 = LINE('',#8070,#8071);
#8070 = CARTESIAN_POINT('',(7.24312032982,0.725493213026,2.522218585339)
  );
#8071 = VECTOR('',#8072,1.);
#8072 = DIRECTION('',(-9.870404757967E-04,-0.999974850186,
    7.023157916232E-03));
#8073 = ORIENTED_EDGE('',*,*,#8029,.T.);
#8074 = PLANE('',#8075);
#8075 = AXIS2_PLACEMENT_3D('',#8076,#8077,#8078);
#8076 = CARTESIAN_POINT('',(7.24312032982,0.725493213026,2.522218585339)
  );
#8077 = DIRECTION('',(0.139169600782,-7.092178509963E-03,-0.990243163684
    ));
#8078 = DIRECTION('',(0.990268068742,-2.712890675993E-15,0.13917310096)
  );
#8079 = ADVANCED_FACE('',(#8080),#8098,.F.);
#8080 = FACE_BOUND('',#8081,.T.);
#8081 = EDGE_LOOP('',(#8082,#8083,#8091,#8097));
#8082 = ORIENTED_EDGE('',*,*,#1955,.T.);
#8083 = ORIENTED_EDGE('',*,*,#8084,.F.);
#8084 = EDGE_CURVE('',#8085,#1948,#8087,.T.);
#8085 = VERTEX_POINT('',#8086);
#8086 = CARTESIAN_POINT('',(7.230244119045,0.726149393577,2.613837585628
    ));
#8087 = LINE('',#8088,#8089);
#8088 = CARTESIAN_POINT('',(7.230244119045,0.726149393577,2.613837585628
    ));
#8089 = VECTOR('',#8090,1.);
#8090 = DIRECTION('',(-0.990268068742,1.819092931022E-16,-0.13917310096)
  );
#8091 = ORIENTED_EDGE('',*,*,#8092,.F.);
#8092 = EDGE_CURVE('',#8061,#8085,#8093,.T.);
#8093 = LINE('',#8094,#8095);
#8094 = CARTESIAN_POINT('',(7.230244119045,0.726149393577,2.613837585628
    ));
#8095 = VECTOR('',#8096,1.);
#8096 = DIRECTION('',(-0.139169600782,7.092178509958E-03,0.990243163684)
  );
#8097 = ORIENTED_EDGE('',*,*,#8060,.T.);
#8098 = PLANE('',#8099);
#8099 = AXIS2_PLACEMENT_3D('',#8100,#8101,#8102);
#8100 = CARTESIAN_POINT('',(7.230244119045,0.726149393577,2.613837585628
    ));
#8101 = DIRECTION('',(-9.870404757935E-04,-0.999974850186,
    7.023157916227E-03));
#8102 = DIRECTION('',(3.111152015265E-18,-7.023161337382E-03,
    -0.999975337298));
#8103 = ADVANCED_FACE('',(#8104),#8122,.F.);
#8104 = FACE_BOUND('',#8105,.T.);
#8105 = EDGE_LOOP('',(#8106,#8107,#8115,#8121));
#8106 = ORIENTED_EDGE('',*,*,#1947,.T.);
#8107 = ORIENTED_EDGE('',*,*,#8108,.F.);
#8108 = EDGE_CURVE('',#8109,#1940,#8111,.T.);
#8109 = VERTEX_POINT('',#8110);
#8110 = CARTESIAN_POINT('',(7.23034120144,0.824503975892,2.613146808492)
  );
#8111 = LINE('',#8112,#8113);
#8112 = CARTESIAN_POINT('',(7.23034120144,0.824503975892,2.613146808492)
  );
#8113 = VECTOR('',#8114,1.);
#8114 = DIRECTION('',(-0.990268068742,1.819092931022E-16,-0.13917310096)
  );
#8115 = ORIENTED_EDGE('',*,*,#8116,.F.);
#8116 = EDGE_CURVE('',#8085,#8109,#8117,.T.);
#8117 = LINE('',#8118,#8119);
#8118 = CARTESIAN_POINT('',(7.23034120144,0.824503975892,2.613146808492)
  );
#8119 = VECTOR('',#8120,1.);
#8120 = DIRECTION('',(9.870404758057E-04,0.999974850186,
    -7.023157916227E-03));
#8121 = ORIENTED_EDGE('',*,*,#8084,.T.);
#8122 = PLANE('',#8123);
#8123 = AXIS2_PLACEMENT_3D('',#8124,#8125,#8126);
#8124 = CARTESIAN_POINT('',(7.23034120144,0.824503975892,2.613146808492)
  );
#8125 = DIRECTION('',(-0.139169600782,7.092178509959E-03,0.990243163684)
  );
#8126 = DIRECTION('',(-0.990268068742,2.713107516428E-15,-0.13917310096)
  );
#8127 = ADVANCED_FACE('',(#8128),#8146,.F.);
#8128 = FACE_BOUND('',#8129,.T.);
#8129 = EDGE_LOOP('',(#8130,#8131,#8139,#8145));
#8130 = ORIENTED_EDGE('',*,*,#1939,.T.);
#8131 = ORIENTED_EDGE('',*,*,#8132,.F.);
#8132 = EDGE_CURVE('',#8133,#1932,#8135,.T.);
#8133 = VERTEX_POINT('',#8134);
#8134 = CARTESIAN_POINT('',(7.225957810538,0.824727356505,2.644336255398
    ));
#8135 = LINE('',#8136,#8137);
#8136 = CARTESIAN_POINT('',(7.225957810538,0.824727356505,2.644336255398
    ));
#8137 = VECTOR('',#8138,1.);
#8138 = DIRECTION('',(-0.990268068742,1.819092931022E-16,-0.13917310096)
  );
#8139 = ORIENTED_EDGE('',*,*,#8140,.F.);
#8140 = EDGE_CURVE('',#8109,#8133,#8141,.T.);
#8141 = LINE('',#8142,#8143);
#8142 = CARTESIAN_POINT('',(7.225957810538,0.824727356505,2.644336255398
    ));
#8143 = VECTOR('',#8144,1.);
#8144 = DIRECTION('',(-0.139169600782,7.092178509963E-03,0.990243163684)
  );
#8145 = ORIENTED_EDGE('',*,*,#8108,.T.);
#8146 = PLANE('',#8147);
#8147 = AXIS2_PLACEMENT_3D('',#8148,#8149,#8150);
#8148 = CARTESIAN_POINT('',(7.225957810538,0.824727356505,2.644336255398
    ));
#8149 = DIRECTION('',(-9.870404757942E-04,-0.999974850186,
    7.023157916232E-03));
#8150 = DIRECTION('',(3.111999048212E-18,-7.023161337387E-03,
    -0.999975337298));
#8151 = ADVANCED_FACE('',(#8152),#8170,.F.);
#8152 = FACE_BOUND('',#8153,.T.);
#8153 = EDGE_LOOP('',(#8154,#8155,#8163,#8169));
#8154 = ORIENTED_EDGE('',*,*,#1931,.T.);
#8155 = ORIENTED_EDGE('',*,*,#8156,.F.);
#8156 = EDGE_CURVE('',#8157,#1924,#8159,.T.);
#8157 = VERTEX_POINT('',#8158);
#8158 = CARTESIAN_POINT('',(7.225860728143,0.72637277419,2.645027032535)
  );
#8159 = LINE('',#8160,#8161);
#8160 = CARTESIAN_POINT('',(7.225860728143,0.72637277419,2.645027032535)
  );
#8161 = VECTOR('',#8162,1.);
#8162 = DIRECTION('',(-0.990268068742,1.819092931022E-16,-0.13917310096)
  );
#8163 = ORIENTED_EDGE('',*,*,#8164,.F.);
#8164 = EDGE_CURVE('',#8133,#8157,#8165,.T.);
#8165 = LINE('',#8166,#8167);
#8166 = CARTESIAN_POINT('',(7.225860728143,0.72637277419,2.645027032535)
  );
#8167 = VECTOR('',#8168,1.);
#8168 = DIRECTION('',(-9.87040475788E-04,-0.999974850186,
    7.023157916227E-03));
#8169 = ORIENTED_EDGE('',*,*,#8132,.T.);
#8170 = PLANE('',#8171);
#8171 = AXIS2_PLACEMENT_3D('',#8172,#8173,#8174);
#8172 = CARTESIAN_POINT('',(7.225860728143,0.72637277419,2.645027032535)
  );
#8173 = DIRECTION('',(0.139169600782,-7.092178509957E-03,-0.990243163684
    ));
#8174 = DIRECTION('',(0.990268068742,-2.712890675993E-15,0.13917310096)
  );
#8175 = ADVANCED_FACE('',(#8176),#8194,.F.);
#8176 = FACE_BOUND('',#8177,.T.);
#8177 = EDGE_LOOP('',(#8178,#8179,#8187,#8193));
#8178 = ORIENTED_EDGE('',*,*,#1923,.T.);
#8179 = ORIENTED_EDGE('',*,*,#8180,.F.);
#8180 = EDGE_CURVE('',#8181,#1916,#8183,.T.);
#8181 = VERTEX_POINT('',#8182);
#8182 = CARTESIAN_POINT('',(7.213610716068,0.726997043225,2.732190397552
    ));
#8183 = LINE('',#8184,#8185);
#8184 = CARTESIAN_POINT('',(7.213610716068,0.726997043225,2.732190397552
    ));
#8185 = VECTOR('',#8186,1.);
#8186 = DIRECTION('',(-0.990268068742,1.819092931022E-16,-0.13917310096)
  );
#8187 = ORIENTED_EDGE('',*,*,#8188,.F.);
#8188 = EDGE_CURVE('',#8157,#8181,#8189,.T.);
#8189 = LINE('',#8190,#8191);
#8190 = CARTESIAN_POINT('',(7.213610716068,0.726997043225,2.732190397552
    ));
#8191 = VECTOR('',#8192,1.);
#8192 = DIRECTION('',(-0.139169600782,7.092178509963E-03,0.990243163684)
  );
#8193 = ORIENTED_EDGE('',*,*,#8156,.T.);
#8194 = PLANE('',#8195);
#8195 = AXIS2_PLACEMENT_3D('',#8196,#8197,#8198);
#8196 = CARTESIAN_POINT('',(7.213610716068,0.726997043225,2.732190397552
    ));
#8197 = DIRECTION('',(-9.870404757941E-04,-0.999974850186,
    7.023157916232E-03));
#8198 = DIRECTION('',(2.125205664661E-18,-7.023161337387E-03,
    -0.999975337298));
#8199 = ADVANCED_FACE('',(#8200),#8218,.F.);
#8200 = FACE_BOUND('',#8201,.T.);
#8201 = EDGE_LOOP('',(#8202,#8203,#8211,#8217));
#8202 = ORIENTED_EDGE('',*,*,#1915,.T.);
#8203 = ORIENTED_EDGE('',*,*,#8204,.F.);
#8204 = EDGE_CURVE('',#8205,#1908,#8207,.T.);
#8205 = VERTEX_POINT('',#8206);
#8206 = CARTESIAN_POINT('',(7.213715501212,0.833155312916,2.731444812509
    ));
#8207 = LINE('',#8208,#8209);
#8208 = CARTESIAN_POINT('',(7.213715501212,0.833155312916,2.731444812509
    ));
#8209 = VECTOR('',#8210,1.);
#8210 = DIRECTION('',(-0.990268068742,1.819092931022E-16,-0.13917310096)
  );
#8211 = ORIENTED_EDGE('',*,*,#8212,.F.);
#8212 = EDGE_CURVE('',#8181,#8205,#8213,.T.);
#8213 = LINE('',#8214,#8215);
#8214 = CARTESIAN_POINT('',(7.213715501212,0.833155312916,2.731444812509
    ));
#8215 = VECTOR('',#8216,1.);
#8216 = DIRECTION('',(9.870404757928E-04,0.999974850186,
    -7.023157916227E-03));
#8217 = ORIENTED_EDGE('',*,*,#8180,.T.);
#8218 = PLANE('',#8219);
#8219 = AXIS2_PLACEMENT_3D('',#8220,#8221,#8222);
#8220 = CARTESIAN_POINT('',(7.213715501212,0.833155312916,2.731444812509
    ));
#8221 = DIRECTION('',(-0.139169600782,7.092178509957E-03,0.990243163684)
  );
#8222 = DIRECTION('',(-0.990268068742,2.712673835559E-15,-0.13917310096)
  );
#8223 = ADVANCED_FACE('',(#8224),#8242,.F.);
#8224 = FACE_BOUND('',#8225,.T.);
#8225 = EDGE_LOOP('',(#8226,#8227,#8235,#8241));
#8226 = ORIENTED_EDGE('',*,*,#1907,.T.);
#8227 = ORIENTED_EDGE('',*,*,#8228,.F.);
#8228 = EDGE_CURVE('',#8229,#1900,#8231,.T.);
#8229 = VERTEX_POINT('',#8230);
#8230 = CARTESIAN_POINT('',(7.209312541601,0.833379690764,2.762773498018
    ));
#8231 = LINE('',#8232,#8233);
#8232 = CARTESIAN_POINT('',(7.209312541601,0.833379690764,2.762773498018
    ));
#8233 = VECTOR('',#8234,1.);
#8234 = DIRECTION('',(-0.990268068742,1.819092931022E-16,-0.13917310096)
  );
#8235 = ORIENTED_EDGE('',*,*,#8236,.F.);
#8236 = EDGE_CURVE('',#8205,#8229,#8237,.T.);
#8237 = LINE('',#8238,#8239);
#8238 = CARTESIAN_POINT('',(7.209312541601,0.833379690764,2.762773498018
    ));
#8239 = VECTOR('',#8240,1.);
#8240 = DIRECTION('',(-0.139169600782,7.092178509957E-03,0.990243163684)
  );
#8241 = ORIENTED_EDGE('',*,*,#8204,.T.);
#8242 = PLANE('',#8243);
#8243 = AXIS2_PLACEMENT_3D('',#8244,#8245,#8246);
#8244 = CARTESIAN_POINT('',(7.209312541601,0.833379690764,2.762773498018
    ));
#8245 = DIRECTION('',(-9.870404757934E-04,-0.999974850186,
    7.023157916227E-03));
#8246 = DIRECTION('',(2.122664565819E-18,-7.023161337382E-03,
    -0.999975337298));
#8247 = ADVANCED_FACE('',(#8248),#8266,.F.);
#8248 = FACE_BOUND('',#8249,.T.);
#8249 = EDGE_LOOP('',(#8250,#8251,#8259,#8265));
#8250 = ORIENTED_EDGE('',*,*,#1899,.T.);
#8251 = ORIENTED_EDGE('',*,*,#8252,.F.);
#8252 = EDGE_CURVE('',#8253,#1892,#8255,.T.);
#8253 = VERTEX_POINT('',#8254);
#8254 = CARTESIAN_POINT('',(7.209172712418,0.691718158692,2.76376843435)
  );
#8255 = LINE('',#8256,#8257);
#8256 = CARTESIAN_POINT('',(7.209172712418,0.691718158692,2.76376843435)
  );
#8257 = VECTOR('',#8258,1.);
#8258 = DIRECTION('',(-0.990268068742,1.819092931022E-16,-0.13917310096)
  );
#8259 = ORIENTED_EDGE('',*,*,#8260,.F.);
#8260 = EDGE_CURVE('',#8229,#8253,#8261,.T.);
#8261 = LINE('',#8262,#8263);
#8262 = CARTESIAN_POINT('',(7.209172712418,0.691718158692,2.76376843435)
  );
#8263 = VECTOR('',#8264,1.);
#8264 = DIRECTION('',(-9.870404757929E-04,-0.999974850186,
    7.023157916233E-03));
#8265 = ORIENTED_EDGE('',*,*,#8228,.T.);
#8266 = PLANE('',#8267);
#8267 = AXIS2_PLACEMENT_3D('',#8268,#8269,#8270);
#8268 = CARTESIAN_POINT('',(7.209172712418,0.691718158692,2.76376843435)
  );
#8269 = DIRECTION('',(0.139169600782,-7.092178509963E-03,-0.990243163684
    ));
#8270 = DIRECTION('',(0.990268068742,-2.712456995124E-15,0.13917310096)
  );
#8271 = ADVANCED_FACE('',(#8272),#8290,.F.);
#8272 = FACE_BOUND('',#8273,.T.);
#8273 = EDGE_LOOP('',(#8274,#8275,#8283,#8289));
#8274 = ORIENTED_EDGE('',*,*,#1891,.T.);
#8275 = ORIENTED_EDGE('',*,*,#8276,.F.);
#8276 = EDGE_CURVE('',#8277,#1884,#8279,.T.);
#8277 = VERTEX_POINT('',#8278);
#8278 = CARTESIAN_POINT('',(7.247449107975,0.689767567266,2.491417728324
    ));
#8279 = LINE('',#8280,#8281);
#8280 = CARTESIAN_POINT('',(7.247449107975,0.689767567266,2.491417728324
    ));
#8281 = VECTOR('',#8282,1.);
#8282 = DIRECTION('',(-0.990268068742,1.819092931022E-16,-0.13917310096)
  );
#8283 = ORIENTED_EDGE('',*,*,#8284,.F.);
#8284 = EDGE_CURVE('',#8253,#8277,#8285,.T.);
#8285 = LINE('',#8286,#8287);
#8286 = CARTESIAN_POINT('',(7.247449107975,0.689767567266,2.491417728324
    ));
#8287 = VECTOR('',#8288,1.);
#8288 = DIRECTION('',(0.139169600782,-7.092178509961E-03,-0.990243163684
    ));
#8289 = ORIENTED_EDGE('',*,*,#8252,.T.);
#8290 = PLANE('',#8291);
#8291 = AXIS2_PLACEMENT_3D('',#8292,#8293,#8294);
#8292 = CARTESIAN_POINT('',(7.247449107975,0.689767567266,2.491417728324
    ));
#8293 = DIRECTION('',(9.870404757939E-04,0.999974850186,
    -7.02315791623E-03));
#8294 = DIRECTION('',(-3.111152015265E-18,7.023161337385E-03,
    0.999975337298));
#8295 = ADVANCED_FACE('',(#8296),#8307,.F.);
#8296 = FACE_BOUND('',#8297,.T.);
#8297 = EDGE_LOOP('',(#8298,#8299,#8300,#8306));
#8298 = ORIENTED_EDGE('',*,*,#1883,.T.);
#8299 = ORIENTED_EDGE('',*,*,#8045,.F.);
#8300 = ORIENTED_EDGE('',*,*,#8301,.F.);
#8301 = EDGE_CURVE('',#8277,#8038,#8302,.T.);
#8302 = LINE('',#8303,#8304);
#8303 = CARTESIAN_POINT('',(7.247595113235,0.837686109936,2.490378846913
    ));
#8304 = VECTOR('',#8305,1.);
#8305 = DIRECTION('',(9.870404757959E-04,0.999974850186,
    -7.02315791623E-03));
#8306 = ORIENTED_EDGE('',*,*,#8276,.T.);
#8307 = PLANE('',#8308);
#8308 = AXIS2_PLACEMENT_3D('',#8309,#8310,#8311);
#8309 = CARTESIAN_POINT('',(7.247595113235,0.837686109936,2.490378846913
    ));
#8310 = DIRECTION('',(-0.139169600782,7.092178509961E-03,0.990243163684)
  );
#8311 = DIRECTION('',(-0.990268068742,2.712456995124E-15,-0.13917310096)
  );
#8312 = ADVANCED_FACE('',(#8313),#8327,.F.);
#8313 = FACE_BOUND('',#8314,.T.);
#8314 = EDGE_LOOP('',(#8315,#8316,#8317,#8318,#8319,#8320,#8321,#8322,
    #8323,#8324,#8325,#8326));
#8315 = ORIENTED_EDGE('',*,*,#8037,.T.);
#8316 = ORIENTED_EDGE('',*,*,#8068,.T.);
#8317 = ORIENTED_EDGE('',*,*,#8092,.T.);
#8318 = ORIENTED_EDGE('',*,*,#8116,.T.);
#8319 = ORIENTED_EDGE('',*,*,#8140,.T.);
#8320 = ORIENTED_EDGE('',*,*,#8164,.T.);
#8321 = ORIENTED_EDGE('',*,*,#8188,.T.);
#8322 = ORIENTED_EDGE('',*,*,#8212,.T.);
#8323 = ORIENTED_EDGE('',*,*,#8236,.T.);
#8324 = ORIENTED_EDGE('',*,*,#8260,.T.);
#8325 = ORIENTED_EDGE('',*,*,#8284,.T.);
#8326 = ORIENTED_EDGE('',*,*,#8301,.T.);
#8327 = PLANE('',#8328);
#8328 = AXIS2_PLACEMENT_3D('',#8329,#8330,#8331);
#8329 = CARTESIAN_POINT('',(7.328344258038,-2.871678062872E-14,
    1.915818826876));
#8330 = DIRECTION('',(-0.990268068742,2.186382269593E-15,-0.13917310096)
  );
#8331 = DIRECTION('',(0.13917310096,-2.556568389271E-17,-0.990268068742)
  );
#8332 = ADVANCED_FACE('',(#8333,#8395),#8457,.T.);
#8333 = FACE_BOUND('',#8334,.T.);
#8334 = EDGE_LOOP('',(#8335,#8345,#8354,#8363,#8372,#8381,#8389));
#8335 = ORIENTED_EDGE('',*,*,#8336,.T.);
#8336 = EDGE_CURVE('',#8337,#8339,#8341,.T.);
#8337 = VERTEX_POINT('',#8338);
#8338 = CARTESIAN_POINT('',(7.247646395501,0.889640388945,2.49001395463)
  );
#8339 = VERTEX_POINT('',#8340);
#8340 = CARTESIAN_POINT('',(7.247721063591,0.965286944037,2.489482663566
    ));
#8341 = LINE('',#8342,#8343);
#8342 = CARTESIAN_POINT('',(7.247721063591,0.965286944037,2.489482663566
    ));
#8343 = VECTOR('',#8344,1.);
#8344 = DIRECTION('',(9.870404757951E-04,0.999974850186,
    -7.023157916228E-03));
#8345 = ORIENTED_EDGE('',*,*,#8346,.T.);
#8346 = EDGE_CURVE('',#8339,#8347,#8349,.T.);
#8347 = VERTEX_POINT('',#8348);
#8348 = CARTESIAN_POINT('',(7.242464646911,1.072351187493,2.526884011657
    ));
#8349 = B_SPLINE_CURVE_WITH_KNOTS('',3,(#8350,#8351,#8352,#8353),
  .UNSPECIFIED.,.F.,.F.,(4,4),(5.,6.),.PIECEWISE_BEZIER_KNOTS.);
#8350 = CARTESIAN_POINT('',(7.247721063591,0.965286944037,2.489482663566
    ));
#8351 = CARTESIAN_POINT('',(7.247764018561,1.00880480426,2.489177023074)
  );
#8352 = CARTESIAN_POINT('',(7.246018448834,1.044539421995,2.50159739706)
  );
#8353 = CARTESIAN_POINT('',(7.242464646911,1.072351187493,2.526884011657
    ));
#8354 = ORIENTED_EDGE('',*,*,#8355,.T.);
#8355 = EDGE_CURVE('',#8347,#8356,#8358,.T.);
#8356 = VERTEX_POINT('',#8357);
#8357 = CARTESIAN_POINT('',(7.22824000031,1.114557230741,2.628097631398)
  );
#8358 = B_SPLINE_CURVE_WITH_KNOTS('',3,(#8359,#8360,#8361,#8362),
  .UNSPECIFIED.,.F.,.F.,(4,4),(4.,5.),.PIECEWISE_BEZIER_KNOTS.);
#8359 = CARTESIAN_POINT('',(7.242464646911,1.072351187493,2.526884011657
    ));
#8360 = CARTESIAN_POINT('',(7.238910844989,1.100162952992,2.552170626255
    ));
#8361 = CARTESIAN_POINT('',(7.234169319253,1.114255068572,2.585908334912
    ));
#8362 = CARTESIAN_POINT('',(7.22824000031,1.114557230741,2.628097631398)
  );
#8363 = ORIENTED_EDGE('',*,*,#8364,.T.);
#8364 = EDGE_CURVE('',#8356,#8365,#8367,.T.);
#8365 = VERTEX_POINT('',#8366);
#8366 = CARTESIAN_POINT('',(7.214618373457,1.073770252727,2.725020542678
    ));
#8367 = B_SPLINE_CURVE_WITH_KNOTS('',3,(#8368,#8369,#8370,#8371),
  .UNSPECIFIED.,.F.,.F.,(4,4),(3.,4.),.PIECEWISE_BEZIER_KNOTS.);
#8368 = CARTESIAN_POINT('',(7.22824000031,1.114557230741,2.628097631398)
  );
#8369 = CARTESIAN_POINT('',(7.222565074588,1.114846428856,2.668476826055
    ));
#8370 = CARTESIAN_POINT('',(7.218031032075,1.101227002609,2.700738214869
    ));
#8371 = CARTESIAN_POINT('',(7.214618373457,1.073770252727,2.725020542678
    ));
#8372 = ORIENTED_EDGE('',*,*,#8373,.T.);
#8373 = EDGE_CURVE('',#8365,#8374,#8376,.T.);
#8374 = VERTEX_POINT('',#8375);
#8375 = CARTESIAN_POINT('',(7.2094474438,0.970049675056,2.761813618995)
  );
#8376 = B_SPLINE_CURVE_WITH_KNOTS('',3,(#8377,#8378,#8379,#8380),
  .UNSPECIFIED.,.F.,.F.,(4,4),(2.,3.),.PIECEWISE_BEZIER_KNOTS.);
#8377 = CARTESIAN_POINT('',(7.214618373457,1.073770252727,2.725020542678
    ));
#8378 = CARTESIAN_POINT('',(7.211205714838,1.046313502847,2.749302870486
    ));
#8379 = CARTESIAN_POINT('',(7.209488594522,1.011739644543,2.761520816392
    ));
#8380 = CARTESIAN_POINT('',(7.2094474438,0.970049675056,2.761813618995)
  );
#8381 = ORIENTED_EDGE('',*,*,#8382,.T.);
#8382 = EDGE_CURVE('',#8374,#8383,#8385,.T.);
#8383 = VERTEX_POINT('',#8384);
#8384 = CARTESIAN_POINT('',(7.209369999945,0.891590980371,2.762364660656
    ));
#8385 = LINE('',#8386,#8387);
#8386 = CARTESIAN_POINT('',(7.209369999945,0.891590980371,2.762364660656
    ));
#8387 = VECTOR('',#8388,1.);
#8388 = DIRECTION('',(-9.870404757986E-04,-0.999974850186,
    7.023157916233E-03));
#8389 = ORIENTED_EDGE('',*,*,#8390,.T.);
#8390 = EDGE_CURVE('',#8383,#8337,#8391,.T.);
#8391 = LINE('',#8392,#8393);
#8392 = CARTESIAN_POINT('',(7.247646395501,0.889640388945,2.49001395463)
  );
#8393 = VECTOR('',#8394,1.);
#8394 = DIRECTION('',(0.139169600782,-7.092178509961E-03,-0.990243163684
    ));
#8395 = FACE_BOUND('',#8396,.T.);
#8396 = EDGE_LOOP('',(#8397,#8407,#8415,#8424,#8433,#8442,#8451));
#8397 = ORIENTED_EDGE('',*,*,#8398,.F.);
#8398 = EDGE_CURVE('',#8399,#8401,#8403,.T.);
#8399 = VERTEX_POINT('',#8400);
#8400 = CARTESIAN_POINT('',(7.213808003595,0.926869864902,2.730786623858
    ));
#8401 = VERTEX_POINT('',#8402);
#8402 = CARTESIAN_POINT('',(7.243317617347,0.925366034703,2.520814811645
    ));
#8403 = LINE('',#8404,#8405);
#8404 = CARTESIAN_POINT('',(7.213808003595,0.926869864902,2.730786623858
    ));
#8405 = VECTOR('',#8406,1.);
#8406 = DIRECTION('',(0.139169600782,-7.09217850996E-03,-0.990243163684)
  );
#8407 = ORIENTED_EDGE('',*,*,#8408,.F.);
#8408 = EDGE_CURVE('',#8409,#8399,#8411,.T.);
#8409 = VERTEX_POINT('',#8410);
#8410 = CARTESIAN_POINT('',(7.213849015529,0.96841922741,2.730494808785)
  );
#8411 = LINE('',#8412,#8413);
#8412 = CARTESIAN_POINT('',(7.213849015529,0.96841922741,2.730494808785)
  );
#8413 = VECTOR('',#8414,1.);
#8414 = DIRECTION('',(-9.870404758196E-04,-0.999974850186,
    7.023157916228E-03));
#8415 = ORIENTED_EDGE('',*,*,#8416,.F.);
#8416 = EDGE_CURVE('',#8417,#8409,#8419,.T.);
#8417 = VERTEX_POINT('',#8418);
#8418 = CARTESIAN_POINT('',(7.217528004034,1.047608376246,2.704317445362
    ));
#8419 = B_SPLINE_CURVE_WITH_KNOTS('',3,(#8420,#8421,#8422,#8423),
  .UNSPECIFIED.,.F.,.F.,(4,4),(5.,6.),.PIECEWISE_BEZIER_KNOTS.);
#8420 = CARTESIAN_POINT('',(7.217528004034,1.047608376246,2.704317445362
    ));
#8421 = CARTESIAN_POINT('',(7.215101206057,1.027624238036,2.72158501021)
  );
#8422 = CARTESIAN_POINT('',(7.213881353196,1.001180653686,2.730264714327
    ));
#8423 = CARTESIAN_POINT('',(7.213849015529,0.96841922741,2.730494808785)
  );
#8424 = ORIENTED_EDGE('',*,*,#8425,.F.);
#8425 = EDGE_CURVE('',#8426,#8417,#8428,.T.);
#8426 = VERTEX_POINT('',#8427);
#8427 = CARTESIAN_POINT('',(7.228340132989,1.077219096977,2.627385150361
    ));
#8428 = B_SPLINE_CURVE_WITH_KNOTS('',3,(#8429,#8430,#8431,#8432),
  .UNSPECIFIED.,.F.,.F.,(4,4),(4.,5.),.PIECEWISE_BEZIER_KNOTS.);
#8429 = CARTESIAN_POINT('',(7.228340132989,1.077219096977,2.627385150361
    ));
#8430 = CARTESIAN_POINT('',(7.223565367899,1.077462422288,2.661359369313
    ));
#8431 = CARTESIAN_POINT('',(7.219954802011,1.067592514456,2.687049880513
    ));
#8432 = CARTESIAN_POINT('',(7.217528004034,1.047608376246,2.704317445362
    ));
#8433 = ORIENTED_EDGE('',*,*,#8434,.F.);
#8434 = EDGE_CURVE('',#8435,#8426,#8437,.T.);
#8435 = VERTEX_POINT('',#8436);
#8436 = CARTESIAN_POINT('',(7.239445721881,1.04726481157,2.548364779413)
  );
#8437 = B_SPLINE_CURVE_WITH_KNOTS('',3,(#8438,#8439,#8440,#8441),
  .UNSPECIFIED.,.F.,.F.,(4,4),(3.,4.),.PIECEWISE_BEZIER_KNOTS.);
#8438 = CARTESIAN_POINT('',(7.239445721881,1.04726481157,2.548364779413)
  );
#8439 = CARTESIAN_POINT('',(7.236823307078,1.06701411195,2.567024230304)
  );
#8440 = CARTESIAN_POINT('',(7.233114898079,1.076975771666,2.593410931408
    ));
#8441 = CARTESIAN_POINT('',(7.228340132989,1.077219096977,2.627385150361
    ));
#8442 = ORIENTED_EDGE('',*,*,#8443,.F.);
#8443 = EDGE_CURVE('',#8444,#8435,#8446,.T.);
#8444 = VERTEX_POINT('',#8445);
#8445 = CARTESIAN_POINT('',(7.243357033216,0.965298416944,2.520534353165
    ));
#8446 = B_SPLINE_CURVE_WITH_KNOTS('',3,(#8447,#8448,#8449,#8450),
  .UNSPECIFIED.,.F.,.F.,(4,4),(2.,3.),.PIECEWISE_BEZIER_KNOTS.);
#8447 = CARTESIAN_POINT('',(7.243357033216,0.965298416944,2.520534353165
    ));
#8448 = CARTESIAN_POINT('',(7.243391522101,1.000239251405,2.520288951995
    ));
#8449 = CARTESIAN_POINT('',(7.242087774788,1.027584817444,2.529565596155
    ));
#8450 = CARTESIAN_POINT('',(7.239445721881,1.04726481157,2.548364779413)
  );
#8451 = ORIENTED_EDGE('',*,*,#8452,.F.);
#8452 = EDGE_CURVE('',#8401,#8444,#8453,.T.);
#8453 = LINE('',#8454,#8455);
#8454 = CARTESIAN_POINT('',(7.243317617347,0.925366034703,2.520814811645
    ));
#8455 = VECTOR('',#8456,1.);
#8456 = DIRECTION('',(9.870404757668E-04,0.999974850186,
    -7.023157916235E-03));
#8457 = PLANE('',#8458);
#8458 = AXIS2_PLACEMENT_3D('',#8459,#8460,#8461);
#8459 = CARTESIAN_POINT('',(7.210768593167,1.027247421244,2.752413152788
    ));
#8460 = DIRECTION('',(0.990268068742,-4.730324468227E-14,0.13917310096)
  );
#8461 = DIRECTION('',(-0.13917310096,2.556568389266E-17,0.990268068742)
  );
#8462 = ADVANCED_FACE('',(#8463),#8479,.F.);
#8463 = FACE_BOUND('',#8464,.T.);
#8464 = EDGE_LOOP('',(#8465,#8466,#8472,#8473));
#8465 = ORIENTED_EDGE('',*,*,#1971,.T.);
#8466 = ORIENTED_EDGE('',*,*,#8467,.F.);
#8467 = EDGE_CURVE('',#8339,#1974,#8468,.T.);
#8468 = LINE('',#8469,#8470);
#8469 = CARTESIAN_POINT('',(7.247721063591,0.965286944037,2.489482663566
    ));
#8470 = VECTOR('',#8471,1.);
#8471 = DIRECTION('',(-0.990268068742,1.819092931022E-16,-0.13917310096)
  );
#8472 = ORIENTED_EDGE('',*,*,#8336,.F.);
#8473 = ORIENTED_EDGE('',*,*,#8474,.T.);
#8474 = EDGE_CURVE('',#8337,#1972,#8475,.T.);
#8475 = LINE('',#8476,#8477);
#8476 = CARTESIAN_POINT('',(7.247646395501,0.889640388945,2.49001395463)
  );
#8477 = VECTOR('',#8478,1.);
#8478 = DIRECTION('',(-0.990268068742,1.819092931022E-16,-0.13917310096)
  );
#8479 = PLANE('',#8480);
#8480 = AXIS2_PLACEMENT_3D('',#8481,#8482,#8483);
#8481 = CARTESIAN_POINT('',(7.247721063591,0.965286944037,2.489482663566
    ));
#8482 = DIRECTION('',(-0.139169600782,7.092178509959E-03,0.990243163684)
  );
#8483 = DIRECTION('',(-0.990268068742,2.713107516428E-15,-0.13917310096)
  );
#8484 = ADVANCED_FACE('',(#8485),#8496,.F.);
#8485 = FACE_BOUND('',#8486,.F.);
#8486 = EDGE_LOOP('',(#8487,#8488,#8489,#8495));
#8487 = ORIENTED_EDGE('',*,*,#8467,.F.);
#8488 = ORIENTED_EDGE('',*,*,#8346,.T.);
#8489 = ORIENTED_EDGE('',*,*,#8490,.T.);
#8490 = EDGE_CURVE('',#8347,#2016,#8491,.T.);
#8491 = LINE('',#8492,#8493);
#8492 = CARTESIAN_POINT('',(7.242464646911,1.072351187493,2.526884011657
    ));
#8493 = VECTOR('',#8494,1.);
#8494 = DIRECTION('',(-0.990268068742,1.819092931022E-16,-0.13917310096)
  );
#8495 = ORIENTED_EDGE('',*,*,#2024,.F.);
#8496 = B_SPLINE_SURFACE_WITH_KNOTS('',3,1,(
    (#8497,#8498)
    ,(#8499,#8500)
    ,(#8501,#8502)
    ,(#8503,#8504
    )),.UNSPECIFIED.,.F.,.F.,.F.,(4,4),(2,2),(5.,6.),(0.,1.),
  .PIECEWISE_BEZIER_KNOTS.);
#8497 = CARTESIAN_POINT('',(7.247721063591,0.965286944037,2.489482663566
    ));
#8498 = CARTESIAN_POINT('',(7.24673079567,0.965286944037,2.489343490485)
  );
#8499 = CARTESIAN_POINT('',(7.247764018561,1.00880480426,2.489177023074)
  );
#8500 = CARTESIAN_POINT('',(7.24677375064,1.00880480426,2.489037849994)
  );
#8501 = CARTESIAN_POINT('',(7.246018448834,1.044539421995,2.50159739706)
  );
#8502 = CARTESIAN_POINT('',(7.245028180913,1.044539421995,2.501458223979
    ));
#8503 = CARTESIAN_POINT('',(7.242464646911,1.072351187493,2.526884011657
    ));
#8504 = CARTESIAN_POINT('',(7.241474378991,1.072351187493,2.526744838577
    ));
#8505 = ADVANCED_FACE('',(#8506),#8517,.F.);
#8506 = FACE_BOUND('',#8507,.F.);
#8507 = EDGE_LOOP('',(#8508,#8509,#8510,#8516));
#8508 = ORIENTED_EDGE('',*,*,#8490,.F.);
#8509 = ORIENTED_EDGE('',*,*,#8355,.T.);
#8510 = ORIENTED_EDGE('',*,*,#8511,.T.);
#8511 = EDGE_CURVE('',#8356,#2007,#8512,.T.);
#8512 = LINE('',#8513,#8514);
#8513 = CARTESIAN_POINT('',(7.22824000031,1.114557230741,2.628097631398)
  );
#8514 = VECTOR('',#8515,1.);
#8515 = DIRECTION('',(-0.990268068742,1.819092931022E-16,-0.13917310096)
  );
#8516 = ORIENTED_EDGE('',*,*,#2015,.F.);
#8517 = B_SPLINE_SURFACE_WITH_KNOTS('',3,1,(
    (#8518,#8519)
    ,(#8520,#8521)
    ,(#8522,#8523)
    ,(#8524,#8525
    )),.UNSPECIFIED.,.F.,.F.,.F.,(4,4),(2,2),(4.,5.),(0.,1.),
  .PIECEWISE_BEZIER_KNOTS.);
#8518 = CARTESIAN_POINT('',(7.242464646911,1.072351187493,2.526884011657
    ));
#8519 = CARTESIAN_POINT('',(7.241474378991,1.072351187493,2.526744838577
    ));
#8520 = CARTESIAN_POINT('',(7.238910844989,1.100162952992,2.552170626255
    ));
#8521 = CARTESIAN_POINT('',(7.237920577068,1.100162952992,2.552031453174
    ));
#8522 = CARTESIAN_POINT('',(7.234169319253,1.114255068572,2.585908334912
    ));
#8523 = CARTESIAN_POINT('',(7.233179051333,1.114255068572,2.585769161832
    ));
#8524 = CARTESIAN_POINT('',(7.22824000031,1.114557230741,2.628097631398)
  );
#8525 = CARTESIAN_POINT('',(7.227249732389,1.114557230741,2.627958458318
    ));
#8526 = ADVANCED_FACE('',(#8527),#8538,.F.);
#8527 = FACE_BOUND('',#8528,.F.);
#8528 = EDGE_LOOP('',(#8529,#8530,#8531,#8537));
#8529 = ORIENTED_EDGE('',*,*,#8511,.F.);
#8530 = ORIENTED_EDGE('',*,*,#8364,.T.);
#8531 = ORIENTED_EDGE('',*,*,#8532,.T.);
#8532 = EDGE_CURVE('',#8365,#1998,#8533,.T.);
#8533 = LINE('',#8534,#8535);
#8534 = CARTESIAN_POINT('',(7.214618373457,1.073770252727,2.725020542678
    ));
#8535 = VECTOR('',#8536,1.);
#8536 = DIRECTION('',(-0.990268068742,1.819092931022E-16,-0.13917310096)
  );
#8537 = ORIENTED_EDGE('',*,*,#2006,.F.);
#8538 = B_SPLINE_SURFACE_WITH_KNOTS('',3,1,(
    (#8539,#8540)
    ,(#8541,#8542)
    ,(#8543,#8544)
    ,(#8545,#8546
    )),.UNSPECIFIED.,.F.,.F.,.F.,(4,4),(2,2),(3.,4.),(0.,1.),
  .PIECEWISE_BEZIER_KNOTS.);
#8539 = CARTESIAN_POINT('',(7.22824000031,1.114557230741,2.628097631398)
  );
#8540 = CARTESIAN_POINT('',(7.227249732389,1.114557230741,2.627958458318
    ));
#8541 = CARTESIAN_POINT('',(7.222565074588,1.114846428856,2.668476826055
    ));
#8542 = CARTESIAN_POINT('',(7.221574806667,1.114846428856,2.668337652974
    ));
#8543 = CARTESIAN_POINT('',(7.218031032075,1.101227002609,2.700738214869
    ));
#8544 = CARTESIAN_POINT('',(7.217040764155,1.101227002609,2.700599041789
    ));
#8545 = CARTESIAN_POINT('',(7.214618373457,1.073770252727,2.725020542678
    ));
#8546 = CARTESIAN_POINT('',(7.213628105536,1.073770252727,2.724881369598
    ));
#8547 = ADVANCED_FACE('',(#8548),#8559,.F.);
#8548 = FACE_BOUND('',#8549,.F.);
#8549 = EDGE_LOOP('',(#8550,#8551,#8552,#8558));
#8550 = ORIENTED_EDGE('',*,*,#8532,.F.);
#8551 = ORIENTED_EDGE('',*,*,#8373,.T.);
#8552 = ORIENTED_EDGE('',*,*,#8553,.T.);
#8553 = EDGE_CURVE('',#8374,#1990,#8554,.T.);
#8554 = LINE('',#8555,#8556);
#8555 = CARTESIAN_POINT('',(7.2094474438,0.970049675056,2.761813618995)
  );
#8556 = VECTOR('',#8557,1.);
#8557 = DIRECTION('',(-0.990268068742,1.819092931022E-16,-0.13917310096)
  );
#8558 = ORIENTED_EDGE('',*,*,#1997,.F.);
#8559 = B_SPLINE_SURFACE_WITH_KNOTS('',3,1,(
    (#8560,#8561)
    ,(#8562,#8563)
    ,(#8564,#8565)
    ,(#8566,#8567
    )),.UNSPECIFIED.,.F.,.F.,.F.,(4,4),(2,2),(2.,3.),(0.,1.),
  .PIECEWISE_BEZIER_KNOTS.);
#8560 = CARTESIAN_POINT('',(7.214618373457,1.073770252727,2.725020542678
    ));
#8561 = CARTESIAN_POINT('',(7.213628105536,1.073770252727,2.724881369598
    ));
#8562 = CARTESIAN_POINT('',(7.211205714838,1.046313502847,2.749302870486
    ));
#8563 = CARTESIAN_POINT('',(7.210215446917,1.046313502847,2.749163697405
    ));
#8564 = CARTESIAN_POINT('',(7.209488594522,1.011739644543,2.761520816392
    ));
#8565 = CARTESIAN_POINT('',(7.208498326601,1.011739644543,2.761381643311
    ));
#8566 = CARTESIAN_POINT('',(7.2094474438,0.970049675056,2.761813618995)
  );
#8567 = CARTESIAN_POINT('',(7.208457175879,0.970049675056,2.761674445915
    ));
#8568 = ADVANCED_FACE('',(#8569),#8580,.F.);
#8569 = FACE_BOUND('',#8570,.T.);
#8570 = EDGE_LOOP('',(#8571,#8572,#8578,#8579));
#8571 = ORIENTED_EDGE('',*,*,#1989,.T.);
#8572 = ORIENTED_EDGE('',*,*,#8573,.F.);
#8573 = EDGE_CURVE('',#8383,#1982,#8574,.T.);
#8574 = LINE('',#8575,#8576);
#8575 = CARTESIAN_POINT('',(7.209369999945,0.891590980371,2.762364660656
    ));
#8576 = VECTOR('',#8577,1.);
#8577 = DIRECTION('',(-0.990268068742,1.819092931022E-16,-0.13917310096)
  );
#8578 = ORIENTED_EDGE('',*,*,#8382,.F.);
#8579 = ORIENTED_EDGE('',*,*,#8553,.T.);
#8580 = PLANE('',#8581);
#8581 = AXIS2_PLACEMENT_3D('',#8582,#8583,#8584);
#8582 = CARTESIAN_POINT('',(7.209369999945,0.891590980371,2.762364660656
    ));
#8583 = DIRECTION('',(0.139169600782,-7.092178509964E-03,-0.990243163684
    ));
#8584 = DIRECTION('',(0.990268068742,-2.712456995124E-15,0.13917310096)
  );
#8585 = ADVANCED_FACE('',(#8586),#8592,.F.);
#8586 = FACE_BOUND('',#8587,.T.);
#8587 = EDGE_LOOP('',(#8588,#8589,#8590,#8591));
#8588 = ORIENTED_EDGE('',*,*,#1981,.T.);
#8589 = ORIENTED_EDGE('',*,*,#8474,.F.);
#8590 = ORIENTED_EDGE('',*,*,#8390,.F.);
#8591 = ORIENTED_EDGE('',*,*,#8573,.T.);
#8592 = PLANE('',#8593);
#8593 = AXIS2_PLACEMENT_3D('',#8594,#8595,#8596);
#8594 = CARTESIAN_POINT('',(7.247646395501,0.889640388945,2.49001395463)
  );
#8595 = DIRECTION('',(9.870404757939E-04,0.999974850186,
    -7.02315791623E-03));
#8596 = DIRECTION('',(-3.111152015265E-18,7.023161337385E-03,
    0.999975337298));
#8597 = ADVANCED_FACE('',(#8598),#8623,.T.);
#8598 = FACE_BOUND('',#8599,.T.);
#8599 = EDGE_LOOP('',(#8600,#8610,#8616,#8617));
#8600 = ORIENTED_EDGE('',*,*,#8601,.F.);
#8601 = EDGE_CURVE('',#8602,#8604,#8606,.T.);
#8602 = VERTEX_POINT('',#8603);
#8603 = CARTESIAN_POINT('',(7.212858747608,0.96841922741,2.730355635704)
  );
#8604 = VERTEX_POINT('',#8605);
#8605 = CARTESIAN_POINT('',(7.212817735674,0.926869864902,2.730647450778
    ));
#8606 = LINE('',#8607,#8608);
#8607 = CARTESIAN_POINT('',(7.212858747444,0.96841922741,2.730355635681)
  );
#8608 = VECTOR('',#8609,1.);
#8609 = DIRECTION('',(-9.870404758196E-04,-0.999974850186,
    7.023157916228E-03));
#8610 = ORIENTED_EDGE('',*,*,#8611,.F.);
#8611 = EDGE_CURVE('',#8409,#8602,#8612,.T.);
#8612 = LINE('',#8613,#8614);
#8613 = CARTESIAN_POINT('',(7.213849015529,0.96841922741,2.730494808785)
  );
#8614 = VECTOR('',#8615,1.);
#8615 = DIRECTION('',(-0.990268068742,1.819092931022E-16,-0.13917310096)
  );
#8616 = ORIENTED_EDGE('',*,*,#8408,.T.);
#8617 = ORIENTED_EDGE('',*,*,#8618,.T.);
#8618 = EDGE_CURVE('',#8399,#8604,#8619,.T.);
#8619 = LINE('',#8620,#8621);
#8620 = CARTESIAN_POINT('',(7.213808003595,0.926869864902,2.730786623858
    ));
#8621 = VECTOR('',#8622,1.);
#8622 = DIRECTION('',(-0.990268068742,1.819092931022E-16,-0.13917310096)
  );
#8623 = PLANE('',#8624);
#8624 = AXIS2_PLACEMENT_3D('',#8625,#8626,#8627);
#8625 = CARTESIAN_POINT('',(7.213849015529,0.96841922741,2.730494808785)
  );
#8626 = DIRECTION('',(0.139169600782,-7.092178509962E-03,-0.990243163684
    ));
#8627 = DIRECTION('',(0.990268068742,-2.712673835559E-15,0.13917310096)
  );
#8628 = ADVANCED_FACE('',(#8629),#8647,.T.);
#8629 = FACE_BOUND('',#8630,.T.);
#8630 = EDGE_LOOP('',(#8631,#8639,#8640,#8641));
#8631 = ORIENTED_EDGE('',*,*,#8632,.F.);
#8632 = EDGE_CURVE('',#8604,#8633,#8635,.T.);
#8633 = VERTEX_POINT('',#8634);
#8634 = CARTESIAN_POINT('',(7.242327349426,0.925366034703,2.520675638565
    ));
#8635 = LINE('',#8636,#8637);
#8636 = CARTESIAN_POINT('',(7.21281773551,0.926869864902,2.730647450755)
  );
#8637 = VECTOR('',#8638,1.);
#8638 = DIRECTION('',(0.139169600782,-7.09217850996E-03,-0.990243163684)
  );
#8639 = ORIENTED_EDGE('',*,*,#8618,.F.);
#8640 = ORIENTED_EDGE('',*,*,#8398,.T.);
#8641 = ORIENTED_EDGE('',*,*,#8642,.T.);
#8642 = EDGE_CURVE('',#8401,#8633,#8643,.T.);
#8643 = LINE('',#8644,#8645);
#8644 = CARTESIAN_POINT('',(7.243317617347,0.925366034703,2.520814811645
    ));
#8645 = VECTOR('',#8646,1.);
#8646 = DIRECTION('',(-0.990268068742,1.819092931022E-16,-0.13917310096)
  );
#8647 = PLANE('',#8648);
#8648 = AXIS2_PLACEMENT_3D('',#8649,#8650,#8651);
#8649 = CARTESIAN_POINT('',(7.213808003595,0.926869864902,2.730786623858
    ));
#8650 = DIRECTION('',(9.870404757938E-04,0.999974850186,
    -7.02315791623E-03));
#8651 = DIRECTION('',(-2.120970499925E-18,7.023161337385E-03,
    0.999975337298));
#8652 = ADVANCED_FACE('',(#8653),#8671,.T.);
#8653 = FACE_BOUND('',#8654,.T.);
#8654 = EDGE_LOOP('',(#8655,#8663,#8664,#8665));
#8655 = ORIENTED_EDGE('',*,*,#8656,.F.);
#8656 = EDGE_CURVE('',#8633,#8657,#8659,.T.);
#8657 = VERTEX_POINT('',#8658);
#8658 = CARTESIAN_POINT('',(7.242366765295,0.965298416944,2.520395180085
    ));
#8659 = LINE('',#8660,#8661);
#8660 = CARTESIAN_POINT('',(7.242327349262,0.925366034703,2.520675638542
    ));
#8661 = VECTOR('',#8662,1.);
#8662 = DIRECTION('',(9.870404757668E-04,0.999974850186,
    -7.023157916235E-03));
#8663 = ORIENTED_EDGE('',*,*,#8642,.F.);
#8664 = ORIENTED_EDGE('',*,*,#8452,.T.);
#8665 = ORIENTED_EDGE('',*,*,#8666,.T.);
#8666 = EDGE_CURVE('',#8444,#8657,#8667,.T.);
#8667 = LINE('',#8668,#8669);
#8668 = CARTESIAN_POINT('',(7.243357033216,0.965298416944,2.520534353165
    ));
#8669 = VECTOR('',#8670,1.);
#8670 = DIRECTION('',(-0.990268068742,1.819092931022E-16,-0.13917310096)
  );
#8671 = PLANE('',#8672);
#8672 = AXIS2_PLACEMENT_3D('',#8673,#8674,#8675);
#8673 = CARTESIAN_POINT('',(7.243317617347,0.925366034703,2.520814811645
    ));
#8674 = DIRECTION('',(-0.139169600782,7.092178509962E-03,0.990243163684)
  );
#8675 = DIRECTION('',(-0.990268068742,2.713107516428E-15,-0.13917310096)
  );
#8676 = ADVANCED_FACE('',(#8677),#8696,.T.);
#8677 = FACE_BOUND('',#8678,.T.);
#8678 = EDGE_LOOP('',(#8679,#8688,#8689,#8690));
#8679 = ORIENTED_EDGE('',*,*,#8680,.F.);
#8680 = EDGE_CURVE('',#8657,#8681,#8683,.T.);
#8681 = VERTEX_POINT('',#8682);
#8682 = CARTESIAN_POINT('',(7.23845545396,1.04726481157,2.548225606333)
  );
#8683 = B_SPLINE_CURVE_WITH_KNOTS('',3,(#8684,#8685,#8686,#8687),
  .UNSPECIFIED.,.F.,.F.,(4,4),(2.,3.),.PIECEWISE_BEZIER_KNOTS.);
#8684 = CARTESIAN_POINT('',(7.242366765295,0.965298416944,2.520395180085
    ));
#8685 = CARTESIAN_POINT('',(7.242401254016,1.000239251405,2.520149778892
    ));
#8686 = CARTESIAN_POINT('',(7.241097506703,1.027584817444,2.529426423052
    ));
#8687 = CARTESIAN_POINT('',(7.23845545396,1.04726481157,2.548225606333)
  );
#8688 = ORIENTED_EDGE('',*,*,#8666,.F.);
#8689 = ORIENTED_EDGE('',*,*,#8443,.T.);
#8690 = ORIENTED_EDGE('',*,*,#8691,.T.);
#8691 = EDGE_CURVE('',#8435,#8681,#8692,.T.);
#8692 = LINE('',#8693,#8694);
#8693 = CARTESIAN_POINT('',(7.239445721881,1.04726481157,2.548364779413)
  );
#8694 = VECTOR('',#8695,1.);
#8695 = DIRECTION('',(-0.990268068742,1.819092931022E-16,-0.13917310096)
  );
#8696 = B_SPLINE_SURFACE_WITH_KNOTS('',3,1,(
    (#8697,#8698)
    ,(#8699,#8700)
    ,(#8701,#8702)
    ,(#8703,#8704
    )),.UNSPECIFIED.,.F.,.F.,.F.,(4,4),(2,2),(2.,3.),(0.,1.),
  .PIECEWISE_BEZIER_KNOTS.);
#8697 = CARTESIAN_POINT('',(7.243357033216,0.965298416944,2.520534353165
    ));
#8698 = CARTESIAN_POINT('',(7.242366765295,0.965298416944,2.520395180085
    ));
#8699 = CARTESIAN_POINT('',(7.243391522101,1.000239251405,2.520288951995
    ));
#8700 = CARTESIAN_POINT('',(7.24240125418,1.000239251405,2.520149778915)
  );
#8701 = CARTESIAN_POINT('',(7.242087774788,1.027584817444,2.529565596155
    ));
#8702 = CARTESIAN_POINT('',(7.241097506867,1.027584817444,2.529426423075
    ));
#8703 = CARTESIAN_POINT('',(7.239445721881,1.04726481157,2.548364779413)
  );
#8704 = CARTESIAN_POINT('',(7.23845545396,1.04726481157,2.548225606333)
  );
#8705 = ADVANCED_FACE('',(#8706),#8725,.T.);
#8706 = FACE_BOUND('',#8707,.T.);
#8707 = EDGE_LOOP('',(#8708,#8717,#8718,#8719));
#8708 = ORIENTED_EDGE('',*,*,#8709,.F.);
#8709 = EDGE_CURVE('',#8681,#8710,#8712,.T.);
#8710 = VERTEX_POINT('',#8711);
#8711 = CARTESIAN_POINT('',(7.227349865069,1.077219096977,2.627245977281
    ));
#8712 = B_SPLINE_CURVE_WITH_KNOTS('',3,(#8713,#8714,#8715,#8716),
  .UNSPECIFIED.,.F.,.F.,(4,4),(3.,4.),.PIECEWISE_BEZIER_KNOTS.);
#8713 = CARTESIAN_POINT('',(7.23845545396,1.04726481157,2.548225606333)
  );
#8714 = CARTESIAN_POINT('',(7.235833038993,1.06701411195,2.566885057201)
  );
#8715 = CARTESIAN_POINT('',(7.232124629995,1.076975771666,2.593271758305
    ));
#8716 = CARTESIAN_POINT('',(7.227349865069,1.077219096977,2.627245977281
    ));
#8717 = ORIENTED_EDGE('',*,*,#8691,.F.);
#8718 = ORIENTED_EDGE('',*,*,#8434,.T.);
#8719 = ORIENTED_EDGE('',*,*,#8720,.T.);
#8720 = EDGE_CURVE('',#8426,#8710,#8721,.T.);
#8721 = LINE('',#8722,#8723);
#8722 = CARTESIAN_POINT('',(7.228340132989,1.077219096977,2.627385150361
    ));
#8723 = VECTOR('',#8724,1.);
#8724 = DIRECTION('',(-0.990268068742,1.819092931022E-16,-0.13917310096)
  );
#8725 = B_SPLINE_SURFACE_WITH_KNOTS('',3,1,(
    (#8726,#8727)
    ,(#8728,#8729)
    ,(#8730,#8731)
    ,(#8732,#8733
    )),.UNSPECIFIED.,.F.,.F.,.F.,(4,4),(2,2),(3.,4.),(0.,1.),
  .PIECEWISE_BEZIER_KNOTS.);
#8726 = CARTESIAN_POINT('',(7.239445721881,1.04726481157,2.548364779413)
  );
#8727 = CARTESIAN_POINT('',(7.23845545396,1.04726481157,2.548225606333)
  );
#8728 = CARTESIAN_POINT('',(7.236823307078,1.06701411195,2.567024230304)
  );
#8729 = CARTESIAN_POINT('',(7.235833039157,1.06701411195,2.566885057224)
  );
#8730 = CARTESIAN_POINT('',(7.233114898079,1.076975771666,2.593410931408
    ));
#8731 = CARTESIAN_POINT('',(7.232124630159,1.076975771666,2.593271758328
    ));
#8732 = CARTESIAN_POINT('',(7.228340132989,1.077219096977,2.627385150361
    ));
#8733 = CARTESIAN_POINT('',(7.227349865069,1.077219096977,2.627245977281
    ));
#8734 = ADVANCED_FACE('',(#8735),#8754,.T.);
#8735 = FACE_BOUND('',#8736,.T.);
#8736 = EDGE_LOOP('',(#8737,#8746,#8747,#8748));
#8737 = ORIENTED_EDGE('',*,*,#8738,.F.);
#8738 = EDGE_CURVE('',#8710,#8739,#8741,.T.);
#8739 = VERTEX_POINT('',#8740);
#8740 = CARTESIAN_POINT('',(7.21653773595,1.047608376246,2.704178272259)
  );
#8741 = B_SPLINE_CURVE_WITH_KNOTS('',3,(#8742,#8743,#8744,#8745),
  .UNSPECIFIED.,.F.,.F.,(4,4),(4.,5.),.PIECEWISE_BEZIER_KNOTS.);
#8742 = CARTESIAN_POINT('',(7.227349865069,1.077219096977,2.627245977281
    ));
#8743 = CARTESIAN_POINT('',(7.222575099815,1.077462422288,2.66122019621)
  );
#8744 = CARTESIAN_POINT('',(7.218964533927,1.067592514456,2.68691070741)
  );
#8745 = CARTESIAN_POINT('',(7.21653773595,1.047608376246,2.704178272259)
  );
#8746 = ORIENTED_EDGE('',*,*,#8720,.F.);
#8747 = ORIENTED_EDGE('',*,*,#8425,.T.);
#8748 = ORIENTED_EDGE('',*,*,#8749,.T.);
#8749 = EDGE_CURVE('',#8417,#8739,#8750,.T.);
#8750 = LINE('',#8751,#8752);
#8751 = CARTESIAN_POINT('',(7.217528004034,1.047608376246,2.704317445362
    ));
#8752 = VECTOR('',#8753,1.);
#8753 = DIRECTION('',(-0.990268068742,1.819092931022E-16,-0.13917310096)
  );
#8754 = B_SPLINE_SURFACE_WITH_KNOTS('',3,1,(
    (#8755,#8756)
    ,(#8757,#8758)
    ,(#8759,#8760)
    ,(#8761,#8762
    )),.UNSPECIFIED.,.F.,.F.,.F.,(4,4),(2,2),(4.,5.),(0.,1.),
  .PIECEWISE_BEZIER_KNOTS.);
#8755 = CARTESIAN_POINT('',(7.228340132989,1.077219096977,2.627385150361
    ));
#8756 = CARTESIAN_POINT('',(7.227349864905,1.077219096977,2.627245977258
    ));
#8757 = CARTESIAN_POINT('',(7.223565367899,1.077462422288,2.661359369313
    ));
#8758 = CARTESIAN_POINT('',(7.222575099815,1.077462422288,2.66122019621)
  );
#8759 = CARTESIAN_POINT('',(7.219954802011,1.067592514456,2.687049880513
    ));
#8760 = CARTESIAN_POINT('',(7.218964533927,1.067592514456,2.68691070741)
  );
#8761 = CARTESIAN_POINT('',(7.217528004034,1.047608376246,2.704317445362
    ));
#8762 = CARTESIAN_POINT('',(7.21653773595,1.047608376246,2.704178272259)
  );
#8763 = ADVANCED_FACE('',(#8764),#8776,.T.);
#8764 = FACE_BOUND('',#8765,.T.);
#8765 = EDGE_LOOP('',(#8766,#8773,#8774,#8775));
#8766 = ORIENTED_EDGE('',*,*,#8767,.F.);
#8767 = EDGE_CURVE('',#8739,#8602,#8768,.T.);
#8768 = B_SPLINE_CURVE_WITH_KNOTS('',3,(#8769,#8770,#8771,#8772),
  .UNSPECIFIED.,.F.,.F.,(4,4),(5.,6.),.PIECEWISE_BEZIER_KNOTS.);
#8769 = CARTESIAN_POINT('',(7.21653773595,1.047608376246,2.704178272259)
  );
#8770 = CARTESIAN_POINT('',(7.214110937973,1.027624238036,2.721445837106
    ));
#8771 = CARTESIAN_POINT('',(7.212891085111,1.001180653686,2.730125541224
    ));
#8772 = CARTESIAN_POINT('',(7.212858747608,0.96841922741,2.730355635704)
  );
#8773 = ORIENTED_EDGE('',*,*,#8749,.F.);
#8774 = ORIENTED_EDGE('',*,*,#8416,.T.);
#8775 = ORIENTED_EDGE('',*,*,#8611,.T.);
#8776 = B_SPLINE_SURFACE_WITH_KNOTS('',3,1,(
    (#8777,#8778)
    ,(#8779,#8780)
    ,(#8781,#8782)
    ,(#8783,#8784
    )),.UNSPECIFIED.,.F.,.F.,.F.,(4,4),(2,2),(5.,6.),(0.,1.),
  .PIECEWISE_BEZIER_KNOTS.);
#8777 = CARTESIAN_POINT('',(7.217528004034,1.047608376246,2.704317445362
    ));
#8778 = CARTESIAN_POINT('',(7.21653773595,1.047608376246,2.704178272259)
  );
#8779 = CARTESIAN_POINT('',(7.215101206057,1.027624238036,2.72158501021)
  );
#8780 = CARTESIAN_POINT('',(7.214110937973,1.027624238036,2.721445837106
    ));
#8781 = CARTESIAN_POINT('',(7.213881353196,1.001180653686,2.730264714327
    ));
#8782 = CARTESIAN_POINT('',(7.212891085111,1.001180653686,2.730125541224
    ));
#8783 = CARTESIAN_POINT('',(7.213849015529,0.96841922741,2.730494808785)
  );
#8784 = CARTESIAN_POINT('',(7.212858747444,0.96841922741,2.730355635681)
  );
#8785 = ADVANCED_FACE('',(#8786),#8795,.T.);
#8786 = FACE_BOUND('',#8787,.T.);
#8787 = EDGE_LOOP('',(#8788,#8789,#8790,#8791,#8792,#8793,#8794));
#8788 = ORIENTED_EDGE('',*,*,#8767,.T.);
#8789 = ORIENTED_EDGE('',*,*,#8601,.T.);
#8790 = ORIENTED_EDGE('',*,*,#8632,.T.);
#8791 = ORIENTED_EDGE('',*,*,#8656,.T.);
#8792 = ORIENTED_EDGE('',*,*,#8680,.T.);
#8793 = ORIENTED_EDGE('',*,*,#8709,.T.);
#8794 = ORIENTED_EDGE('',*,*,#8738,.T.);
#8795 = PLANE('',#8796);
#8796 = AXIS2_PLACEMENT_3D('',#8797,#8798,#8799);
#8797 = CARTESIAN_POINT('',(7.596585207684,5.100000082177,0.));
#8798 = DIRECTION('',(0.990268068742,-1.819092931022E-16,0.13917310096)
  );
#8799 = DIRECTION('',(-0.13917310096,2.556568389271E-17,0.990268068742)
  );
#8800 = ADVANCED_FACE('',(#8801,#8867),#8919,.F.);
#8801 = FACE_BOUND('',#8802,.T.);
#8802 = EDGE_LOOP('',(#8803,#8813,#8821,#8829,#8837,#8845,#8853,#8861));
#8803 = ORIENTED_EDGE('',*,*,#8804,.T.);
#8804 = EDGE_CURVE('',#8805,#8807,#8809,.T.);
#8805 = VERTEX_POINT('',#8806);
#8806 = CARTESIAN_POINT('',(7.248126741706,1.376281145769,2.486596113788
    ));
#8807 = VERTEX_POINT('',#8808);
#8808 = CARTESIAN_POINT('',(7.209746948888,1.273479537302,2.759682529559
    ));
#8809 = LINE('',#8810,#8811);
#8810 = CARTESIAN_POINT('',(7.209746948888,1.273479537302,2.759682529559
    ));
#8811 = VECTOR('',#8812,1.);
#8812 = DIRECTION('',(-0.130406767654,-0.349299057796,0.927892366157));
#8813 = ORIENTED_EDGE('',*,*,#8814,.T.);
#8814 = EDGE_CURVE('',#8807,#8815,#8817,.T.);
#8815 = VERTEX_POINT('',#8816);
#8816 = CARTESIAN_POINT('',(7.209709476055,1.235515652774,2.759949162621
    ));
#8817 = LINE('',#8818,#8819);
#8818 = CARTESIAN_POINT('',(7.209709476055,1.235515652774,2.759949162621
    ));
#8819 = VECTOR('',#8820,1.);
#8820 = DIRECTION('',(-9.870404757902E-04,-0.999974850186,
    7.023157916237E-03));
#8821 = ORIENTED_EDGE('',*,*,#8822,.T.);
#8822 = EDGE_CURVE('',#8815,#8823,#8825,.T.);
#8823 = VERTEX_POINT('',#8824);
#8824 = CARTESIAN_POINT('',(7.24788247435,1.128812861453,2.48833416634)
  );
#8825 = LINE('',#8826,#8827);
#8826 = CARTESIAN_POINT('',(7.24788247435,1.128812861453,2.48833416634)
  );
#8827 = VECTOR('',#8828,1.);
#8828 = DIRECTION('',(0.12970412172,-0.362554487504,-0.922892780555));
#8829 = ORIENTED_EDGE('',*,*,#8830,.T.);
#8830 = EDGE_CURVE('',#8823,#8831,#8833,.T.);
#8831 = VERTEX_POINT('',#8832);
#8832 = CARTESIAN_POINT('',(7.247921196277,1.168042208797,2.488058645509
    ));
#8833 = LINE('',#8834,#8835);
#8834 = CARTESIAN_POINT('',(7.247921196277,1.168042208797,2.488058645509
    ));
#8835 = VECTOR('',#8836,1.);
#8836 = DIRECTION('',(9.870404757971E-04,0.999974850186,
    -7.02315791623E-03));
#8837 = ORIENTED_EDGE('',*,*,#8838,.T.);
#8838 = EDGE_CURVE('',#8831,#8839,#8841,.T.);
#8839 = VERTEX_POINT('',#8840);
#8840 = CARTESIAN_POINT('',(7.237478028952,1.195009841646,2.562365642105
    ));
#8841 = LINE('',#8842,#8843);
#8842 = CARTESIAN_POINT('',(7.237478028952,1.195009841646,2.562365642105
    ));
#8843 = VECTOR('',#8844,1.);
#8844 = DIRECTION('',(-0.13097166448,0.338211162487,0.931911815931));
#8845 = ORIENTED_EDGE('',*,*,#8846,.T.);
#8846 = EDGE_CURVE('',#8839,#8847,#8849,.T.);
#8847 = VERTEX_POINT('',#8848);
#8848 = CARTESIAN_POINT('',(7.237591071998,1.309534226632,2.561561299035
    ));
#8849 = LINE('',#8850,#8851);
#8850 = CARTESIAN_POINT('',(7.237591071998,1.309534226632,2.561561299035
    ));
#8851 = VECTOR('',#8852,1.);
#8852 = DIRECTION('',(9.870404757934E-04,0.999974850186,
    -7.023157916228E-03));
#8853 = ORIENTED_EDGE('',*,*,#8854,.T.);
#8854 = EDGE_CURVE('',#8847,#8855,#8857,.T.);
#8855 = VERTEX_POINT('',#8856);
#8856 = CARTESIAN_POINT('',(7.248088019779,1.337051798428,2.486871634619
    ));
#8857 = LINE('',#8858,#8859);
#8858 = CARTESIAN_POINT('',(7.248088019779,1.337051798428,2.486871634619
    ));
#8859 = VECTOR('',#8860,1.);
#8860 = DIRECTION('',(0.130743352318,0.342741495853,-0.930287290489));
#8861 = ORIENTED_EDGE('',*,*,#8862,.T.);
#8862 = EDGE_CURVE('',#8855,#8805,#8863,.T.);
#8863 = LINE('',#8864,#8865);
#8864 = CARTESIAN_POINT('',(7.248126741706,1.376281145769,2.486596113788
    ));
#8865 = VECTOR('',#8866,1.);
#8866 = DIRECTION('',(9.870404757558E-04,0.999974850186,
    -7.023157916234E-03));
#8867 = FACE_BOUND('',#8868,.T.);
#8868 = EDGE_LOOP('',(#8869,#8879,#8887,#8896,#8904,#8913));
#8869 = ORIENTED_EDGE('',*,*,#8870,.F.);
#8870 = EDGE_CURVE('',#8871,#8873,#8875,.T.);
#8871 = VERTEX_POINT('',#8872);
#8872 = CARTESIAN_POINT('',(7.233164447239,1.206478788934,2.593058370817
    ));
#8873 = VERTEX_POINT('',#8874);
#8874 = CARTESIAN_POINT('',(7.233255561739,1.298787271123,2.592410057464
    ));
#8875 = LINE('',#8876,#8877);
#8876 = CARTESIAN_POINT('',(7.233164447239,1.206478788934,2.593058370817
    ));
#8877 = VECTOR('',#8878,1.);
#8878 = DIRECTION('',(9.870404757945E-04,0.999974850186,
    -7.023157916235E-03));
#8879 = ORIENTED_EDGE('',*,*,#8880,.F.);
#8880 = EDGE_CURVE('',#8881,#8871,#8883,.T.);
#8881 = VERTEX_POINT('',#8882);
#8882 = CARTESIAN_POINT('',(7.217295682078,1.248417082459,2.705970501974
    ));
#8883 = LINE('',#8884,#8885);
#8884 = CARTESIAN_POINT('',(7.217295682078,1.248417082459,2.705970501974
    ));
#8885 = VECTOR('',#8886,1.);
#8886 = DIRECTION('',(0.130618015205,-0.345199932434,-0.929395470589));
#8887 = ORIENTED_EDGE('',*,*,#8888,.F.);
#8888 = EDGE_CURVE('',#8889,#8881,#8891,.T.);
#8889 = VERTEX_POINT('',#8890);
#8890 = CARTESIAN_POINT('',(7.214619210117,1.25305312699,2.725014589527)
  );
#8891 = B_SPLINE_CURVE_WITH_KNOTS('',3,(#8892,#8893,#8894,#8895),
  .UNSPECIFIED.,.F.,.F.,(4,4),(3.,4.),.PIECEWISE_BEZIER_KNOTS.);
#8892 = CARTESIAN_POINT('',(7.214619210117,1.25305312699,2.725014589527)
  );
#8893 = CARTESIAN_POINT('',(7.215772445482,1.251658523824,2.716808893527
    ));
#8894 = CARTESIAN_POINT('',(7.216671148837,1.250136277734,2.710414286887
    ));
#8895 = CARTESIAN_POINT('',(7.217295682078,1.248417082459,2.705970501974
    ));
#8896 = ORIENTED_EDGE('',*,*,#8897,.F.);
#8897 = EDGE_CURVE('',#8898,#8889,#8900,.T.);
#8898 = VERTEX_POINT('',#8899);
#8899 = CARTESIAN_POINT('',(7.214620042847,1.253896768869,2.725008664348
    ));
#8900 = LINE('',#8901,#8902);
#8901 = CARTESIAN_POINT('',(7.214620042847,1.253896768869,2.725008664348
    ));
#8902 = VECTOR('',#8903,1.);
#8903 = DIRECTION('',(-9.870404772319E-04,-0.999974850186,
    7.023157916147E-03));
#8904 = ORIENTED_EDGE('',*,*,#8905,.F.);
#8905 = EDGE_CURVE('',#8906,#8898,#8908,.T.);
#8906 = VERTEX_POINT('',#8907);
#8907 = CARTESIAN_POINT('',(7.217305189075,1.258048660571,2.705902856178
    ));
#8908 = B_SPLINE_CURVE_WITH_KNOTS('',3,(#8909,#8910,#8911,#8912),
  .UNSPECIFIED.,.F.,.F.,(4,4),(1.,2.),.PIECEWISE_BEZIER_KNOTS.);
#8909 = CARTESIAN_POINT('',(7.217305189075,1.258048660571,2.705902856178
    ));
#8910 = CARTESIAN_POINT('',(7.216775515433,1.256739819607,2.709671679973
    ));
#8911 = CARTESIAN_POINT('',(7.215893535628,1.255378625377,2.715947292373
    ));
#8912 = CARTESIAN_POINT('',(7.214620042847,1.253896768869,2.725008664348
    ));
#8913 = ORIENTED_EDGE('',*,*,#8914,.F.);
#8914 = EDGE_CURVE('',#8873,#8906,#8915,.T.);
#8915 = LINE('',#8916,#8917);
#8916 = CARTESIAN_POINT('',(7.233255561739,1.298787271123,2.592410057464
    ));
#8917 = VECTOR('',#8918,1.);
#8918 = DIRECTION('',(-0.131134896899,-0.334929697702,0.933073274943));
#8919 = PLANE('',#8920);
#8920 = AXIS2_PLACEMENT_3D('',#8921,#8922,#8923);
#8921 = CARTESIAN_POINT('',(7.328344258038,5.265253827381E-13,
    1.915818826876));
#8922 = DIRECTION('',(-0.990268068742,-3.815166355519E-14,-0.13917310096
    ));
#8923 = DIRECTION('',(0.13917310096,-2.556568389272E-17,-0.990268068742)
  );
#8924 = ADVANCED_FACE('',(#8925),#8941,.F.);
#8925 = FACE_BOUND('',#8926,.T.);
#8926 = EDGE_LOOP('',(#8927,#8928,#8934,#8935));
#8927 = ORIENTED_EDGE('',*,*,#2033,.T.);
#8928 = ORIENTED_EDGE('',*,*,#8929,.F.);
#8929 = EDGE_CURVE('',#8807,#2036,#8930,.T.);
#8930 = LINE('',#8931,#8932);
#8931 = CARTESIAN_POINT('',(7.209746948888,1.273479537302,2.759682529559
    ));
#8932 = VECTOR('',#8933,1.);
#8933 = DIRECTION('',(-0.990268068742,1.819092931022E-16,-0.13917310096)
  );
#8934 = ORIENTED_EDGE('',*,*,#8804,.F.);
#8935 = ORIENTED_EDGE('',*,*,#8936,.T.);
#8936 = EDGE_CURVE('',#8805,#2034,#8937,.T.);
#8937 = LINE('',#8938,#8939);
#8938 = CARTESIAN_POINT('',(7.248126741706,1.376281145769,2.486596113788
    ));
#8939 = VECTOR('',#8940,1.);
#8940 = DIRECTION('',(-0.990268068742,1.819092931022E-16,-0.13917310096)
  );
#8941 = PLANE('',#8942);
#8942 = AXIS2_PLACEMENT_3D('',#8943,#8944,#8945);
#8943 = CARTESIAN_POINT('',(7.209746948888,1.273479537302,2.759682529559
    ));
#8944 = DIRECTION('',(4.86130330359E-02,-0.937011295675,-0.345899703377)
  );
#8945 = DIRECTION('',(-3.211320098728E-14,0.346309148986,-0.938120447133
    ));
#8946 = ADVANCED_FACE('',(#8947),#8958,.F.);
#8947 = FACE_BOUND('',#8948,.T.);
#8948 = EDGE_LOOP('',(#8949,#8950,#8956,#8957));
#8949 = ORIENTED_EDGE('',*,*,#2091,.T.);
#8950 = ORIENTED_EDGE('',*,*,#8951,.F.);
#8951 = EDGE_CURVE('',#8815,#2084,#8952,.T.);
#8952 = LINE('',#8953,#8954);
#8953 = CARTESIAN_POINT('',(7.209709476055,1.235515652774,2.759949162621
    ));
#8954 = VECTOR('',#8955,1.);
#8955 = DIRECTION('',(-0.990268068742,1.819092931022E-16,-0.13917310096)
  );
#8956 = ORIENTED_EDGE('',*,*,#8814,.F.);
#8957 = ORIENTED_EDGE('',*,*,#8929,.T.);
#8958 = PLANE('',#8959);
#8959 = AXIS2_PLACEMENT_3D('',#8960,#8961,#8962);
#8960 = CARTESIAN_POINT('',(7.209709476055,1.235515652774,2.759949162621
    ));
#8961 = DIRECTION('',(0.139169600782,-7.092178509967E-03,-0.990243163684
    ));
#8962 = DIRECTION('',(0.990268068742,-2.712456995124E-15,0.13917310096)
  );
#8963 = ADVANCED_FACE('',(#8964),#8975,.F.);
#8964 = FACE_BOUND('',#8965,.T.);
#8965 = EDGE_LOOP('',(#8966,#8967,#8973,#8974));
#8966 = ORIENTED_EDGE('',*,*,#2083,.T.);
#8967 = ORIENTED_EDGE('',*,*,#8968,.F.);
#8968 = EDGE_CURVE('',#8823,#2076,#8969,.T.);
#8969 = LINE('',#8970,#8971);
#8970 = CARTESIAN_POINT('',(7.24788247435,1.128812861453,2.48833416634)
  );
#8971 = VECTOR('',#8972,1.);
#8972 = DIRECTION('',(-0.990268068742,1.819092931022E-16,-0.13917310096)
  );
#8973 = ORIENTED_EDGE('',*,*,#8822,.F.);
#8974 = ORIENTED_EDGE('',*,*,#8951,.T.);
#8975 = PLANE('',#8976);
#8976 = AXIS2_PLACEMENT_3D('',#8977,#8978,#8979);
#8977 = CARTESIAN_POINT('',(7.24788247435,1.128812861453,2.48833416634)
  );
#8978 = DIRECTION('',(5.045783229287E-02,0.931962576282,-0.359026132154)
  );
#8979 = DIRECTION('',(3.760880495918E-15,0.359484045704,0.933151231518)
  );
#8980 = ADVANCED_FACE('',(#8981),#8992,.F.);
#8981 = FACE_BOUND('',#8982,.T.);
#8982 = EDGE_LOOP('',(#8983,#8984,#8990,#8991));
#8983 = ORIENTED_EDGE('',*,*,#2075,.T.);
#8984 = ORIENTED_EDGE('',*,*,#8985,.F.);
#8985 = EDGE_CURVE('',#8831,#2068,#8986,.T.);
#8986 = LINE('',#8987,#8988);
#8987 = CARTESIAN_POINT('',(7.247921196277,1.168042208797,2.488058645509
    ));
#8988 = VECTOR('',#8989,1.);
#8989 = DIRECTION('',(-0.990268068742,1.819092931022E-16,-0.13917310096)
  );
#8990 = ORIENTED_EDGE('',*,*,#8830,.F.);
#8991 = ORIENTED_EDGE('',*,*,#8968,.T.);
#8992 = PLANE('',#8993);
#8993 = AXIS2_PLACEMENT_3D('',#8994,#8995,#8996);
#8994 = CARTESIAN_POINT('',(7.247921196277,1.168042208797,2.488058645509
    ));
#8995 = DIRECTION('',(-0.139169600782,7.092178509961E-03,0.990243163684)
  );
#8996 = DIRECTION('',(-0.990268068742,2.712456995124E-15,-0.13917310096)
  );
#8997 = ADVANCED_FACE('',(#8998),#9009,.F.);
#8998 = FACE_BOUND('',#8999,.T.);
#8999 = EDGE_LOOP('',(#9000,#9001,#9007,#9008));
#9000 = ORIENTED_EDGE('',*,*,#2067,.T.);
#9001 = ORIENTED_EDGE('',*,*,#9002,.F.);
#9002 = EDGE_CURVE('',#8839,#2060,#9003,.T.);
#9003 = LINE('',#9004,#9005);
#9004 = CARTESIAN_POINT('',(7.237478028952,1.195009841646,2.562365642105
    ));
#9005 = VECTOR('',#9006,1.);
#9006 = DIRECTION('',(-0.990268068742,1.819092931022E-16,-0.13917310096)
  );
#9007 = ORIENTED_EDGE('',*,*,#8838,.F.);
#9008 = ORIENTED_EDGE('',*,*,#8985,.T.);
#9009 = PLANE('',#9010);
#9010 = AXIS2_PLACEMENT_3D('',#9011,#9012,#9013);
#9011 = CARTESIAN_POINT('',(7.237478028952,1.195009841646,2.562365642105
    ));
#9012 = DIRECTION('',(-4.706989626263E-02,-0.941070246883,0.334919714703
    ));
#9013 = DIRECTION('',(-1.928492088243E-14,-0.335291352256,-0.94211448832
    ));
#9014 = ADVANCED_FACE('',(#9015),#9026,.F.);
#9015 = FACE_BOUND('',#9016,.T.);
#9016 = EDGE_LOOP('',(#9017,#9018,#9024,#9025));
#9017 = ORIENTED_EDGE('',*,*,#2059,.T.);
#9018 = ORIENTED_EDGE('',*,*,#9019,.F.);
#9019 = EDGE_CURVE('',#8847,#2052,#9020,.T.);
#9020 = LINE('',#9021,#9022);
#9021 = CARTESIAN_POINT('',(7.237591071998,1.309534226632,2.561561299035
    ));
#9022 = VECTOR('',#9023,1.);
#9023 = DIRECTION('',(-0.990268068742,1.819092931022E-16,-0.13917310096)
  );
#9024 = ORIENTED_EDGE('',*,*,#8846,.F.);
#9025 = ORIENTED_EDGE('',*,*,#9002,.T.);
#9026 = PLANE('',#9027);
#9027 = AXIS2_PLACEMENT_3D('',#9028,#9029,#9030);
#9028 = CARTESIAN_POINT('',(7.237591071998,1.309534226632,2.561561299035
    ));
#9029 = DIRECTION('',(-0.139169600782,7.092178509958E-03,0.990243163684)
  );
#9030 = DIRECTION('',(-0.990268068742,2.712890675993E-15,-0.13917310096)
  );
#9031 = ADVANCED_FACE('',(#9032),#9043,.F.);
#9032 = FACE_BOUND('',#9033,.T.);
#9033 = EDGE_LOOP('',(#9034,#9035,#9041,#9042));
#9034 = ORIENTED_EDGE('',*,*,#2051,.T.);
#9035 = ORIENTED_EDGE('',*,*,#9036,.F.);
#9036 = EDGE_CURVE('',#8855,#2044,#9037,.T.);
#9037 = LINE('',#9038,#9039);
#9038 = CARTESIAN_POINT('',(7.248088019779,1.337051798428,2.486871634619
    ));
#9039 = VECTOR('',#9040,1.);
#9040 = DIRECTION('',(-0.990268068742,1.819092931022E-16,-0.13917310096)
  );
#9041 = ORIENTED_EDGE('',*,*,#8854,.F.);
#9042 = ORIENTED_EDGE('',*,*,#9019,.T.);
#9043 = PLANE('',#9044);
#9044 = AXIS2_PLACEMENT_3D('',#9045,#9046,#9047);
#9045 = CARTESIAN_POINT('',(7.248088019779,1.337051798428,2.486871634619
    ));
#9046 = DIRECTION('',(-4.770039680557E-02,0.939429756299,0.339405959176)
  );
#9047 = DIRECTION('',(-1.79734699346E-14,-0.339792749274,0.940500338937)
  );
#9048 = ADVANCED_FACE('',(#9049),#9055,.F.);
#9049 = FACE_BOUND('',#9050,.T.);
#9050 = EDGE_LOOP('',(#9051,#9052,#9053,#9054));
#9051 = ORIENTED_EDGE('',*,*,#2043,.T.);
#9052 = ORIENTED_EDGE('',*,*,#8936,.F.);
#9053 = ORIENTED_EDGE('',*,*,#8862,.F.);
#9054 = ORIENTED_EDGE('',*,*,#9036,.T.);
#9055 = PLANE('',#9056);
#9056 = AXIS2_PLACEMENT_3D('',#9057,#9058,#9059);
#9057 = CARTESIAN_POINT('',(7.248126741706,1.376281145769,2.486596113788
    ));
#9058 = DIRECTION('',(-0.139169600782,7.09217850996E-03,0.990243163684)
  );
#9059 = DIRECTION('',(-0.990268068742,2.712673835559E-15,-0.13917310096)
  );
#9060 = ADVANCED_FACE('',(#9061),#9086,.T.);
#9061 = FACE_BOUND('',#9062,.T.);
#9062 = EDGE_LOOP('',(#9063,#9073,#9079,#9080));
#9063 = ORIENTED_EDGE('',*,*,#9064,.F.);
#9064 = EDGE_CURVE('',#9065,#9067,#9069,.T.);
#9065 = VERTEX_POINT('',#9066);
#9066 = CARTESIAN_POINT('',(7.232174179322,1.206478788926,2.592919197713
    ));
#9067 = VERTEX_POINT('',#9068);
#9068 = CARTESIAN_POINT('',(7.232265293654,1.298787271123,2.592270884361
    ));
#9069 = LINE('',#9070,#9071);
#9070 = CARTESIAN_POINT('',(7.232174179154,1.206478788934,2.592919197713
    ));
#9071 = VECTOR('',#9072,1.);
#9072 = DIRECTION('',(9.870404757945E-04,0.999974850186,
    -7.023157916235E-03));
#9073 = ORIENTED_EDGE('',*,*,#9074,.F.);
#9074 = EDGE_CURVE('',#8871,#9065,#9075,.T.);
#9075 = LINE('',#9076,#9077);
#9076 = CARTESIAN_POINT('',(7.233164447239,1.206478788934,2.593058370817
    ));
#9077 = VECTOR('',#9078,1.);
#9078 = DIRECTION('',(-0.990268068742,1.819092931022E-16,-0.13917310096)
  );
#9079 = ORIENTED_EDGE('',*,*,#8870,.T.);
#9080 = ORIENTED_EDGE('',*,*,#9081,.T.);
#9081 = EDGE_CURVE('',#8873,#9067,#9082,.T.);
#9082 = LINE('',#9083,#9084);
#9083 = CARTESIAN_POINT('',(7.233255561739,1.298787271123,2.592410057464
    ));
#9084 = VECTOR('',#9085,1.);
#9085 = DIRECTION('',(-0.990268068742,1.819092931022E-16,-0.13917310096)
  );
#9086 = PLANE('',#9087);
#9087 = AXIS2_PLACEMENT_3D('',#9088,#9089,#9090);
#9088 = CARTESIAN_POINT('',(7.233164447239,1.206478788934,2.593058370817
    ));
#9089 = DIRECTION('',(-0.139169600782,7.092178509965E-03,0.990243163684)
  );
#9090 = DIRECTION('',(-0.990268068742,2.712890675993E-15,-0.13917310096)
  );
#9091 = ADVANCED_FACE('',(#9092),#9110,.T.);
#9092 = FACE_BOUND('',#9093,.T.);
#9093 = EDGE_LOOP('',(#9094,#9102,#9103,#9104));
#9094 = ORIENTED_EDGE('',*,*,#9095,.F.);
#9095 = EDGE_CURVE('',#9067,#9096,#9098,.T.);
#9096 = VERTEX_POINT('',#9097);
#9097 = CARTESIAN_POINT('',(7.21631492099,1.258048660571,2.705763683075)
  );
#9098 = LINE('',#9099,#9100);
#9099 = CARTESIAN_POINT('',(7.232265293654,1.298787271123,2.592270884361
    ));
#9100 = VECTOR('',#9101,1.);
#9101 = DIRECTION('',(-0.131134896899,-0.334929697702,0.933073274943));
#9102 = ORIENTED_EDGE('',*,*,#9081,.F.);
#9103 = ORIENTED_EDGE('',*,*,#8914,.T.);
#9104 = ORIENTED_EDGE('',*,*,#9105,.T.);
#9105 = EDGE_CURVE('',#8906,#9096,#9106,.T.);
#9106 = LINE('',#9107,#9108);
#9107 = CARTESIAN_POINT('',(7.217305189075,1.258048660571,2.705902856178
    ));
#9108 = VECTOR('',#9109,1.);
#9109 = DIRECTION('',(-0.990268068742,1.819092931022E-16,-0.13917310096)
  );
#9110 = PLANE('',#9111);
#9111 = AXIS2_PLACEMENT_3D('',#9112,#9113,#9114);
#9112 = CARTESIAN_POINT('',(7.233255561739,1.298787271123,2.592410057464
    ));
#9113 = DIRECTION('',(4.661320463273E-02,-0.942243120218,-0.331670184907
    ));
#9114 = DIRECTION('',(-4.891920202255E-15,0.332031098126,-0.943268439988
    ));
#9115 = ADVANCED_FACE('',(#9116),#9135,.T.);
#9116 = FACE_BOUND('',#9117,.T.);
#9117 = EDGE_LOOP('',(#9118,#9127,#9128,#9129));
#9118 = ORIENTED_EDGE('',*,*,#9119,.F.);
#9119 = EDGE_CURVE('',#9096,#9120,#9122,.T.);
#9120 = VERTEX_POINT('',#9121);
#9121 = CARTESIAN_POINT('',(7.213629774762,1.253896768869,2.724869491245
    ));
#9122 = B_SPLINE_CURVE_WITH_KNOTS('',3,(#9123,#9124,#9125,#9126),
  .UNSPECIFIED.,.F.,.F.,(4,4),(1.,2.),.PIECEWISE_BEZIER_KNOTS.);
#9123 = CARTESIAN_POINT('',(7.21631492099,1.258048660571,2.705763683075)
  );
#9124 = CARTESIAN_POINT('',(7.215785247348,1.256739819607,2.709532506869
    ));
#9125 = CARTESIAN_POINT('',(7.214903267543,1.255378625377,2.71580811927)
  );
#9126 = CARTESIAN_POINT('',(7.213629774762,1.253896768869,2.724869491245
    ));
#9127 = ORIENTED_EDGE('',*,*,#9105,.F.);
#9128 = ORIENTED_EDGE('',*,*,#8905,.T.);
#9129 = ORIENTED_EDGE('',*,*,#9130,.T.);
#9130 = EDGE_CURVE('',#8898,#9120,#9131,.T.);
#9131 = LINE('',#9132,#9133);
#9132 = CARTESIAN_POINT('',(7.214620042847,1.253896768869,2.725008664348
    ));
#9133 = VECTOR('',#9134,1.);
#9134 = DIRECTION('',(-0.990268068742,1.819092931022E-16,-0.13917310096)
  );
#9135 = B_SPLINE_SURFACE_WITH_KNOTS('',3,1,(
    (#9136,#9137)
    ,(#9138,#9139)
    ,(#9140,#9141)
    ,(#9142,#9143
    )),.UNSPECIFIED.,.F.,.F.,.F.,(4,4),(2,2),(1.,2.),(0.,1.),
  .PIECEWISE_BEZIER_KNOTS.);
#9136 = CARTESIAN_POINT('',(7.217305189075,1.258048660571,2.705902856178
    ));
#9137 = CARTESIAN_POINT('',(7.21631492099,1.258048660571,2.705763683075)
  );
#9138 = CARTESIAN_POINT('',(7.216775515433,1.256739819607,2.709671679973
    ));
#9139 = CARTESIAN_POINT('',(7.215785247348,1.256739819607,2.709532506869
    ));
#9140 = CARTESIAN_POINT('',(7.215893535628,1.255378625377,2.715947292373
    ));
#9141 = CARTESIAN_POINT('',(7.214903267543,1.255378625377,2.71580811927)
  );
#9142 = CARTESIAN_POINT('',(7.214620042847,1.253896768869,2.725008664348
    ));
#9143 = CARTESIAN_POINT('',(7.213629774762,1.253896768869,2.724869491245
    ));
#9144 = ADVANCED_FACE('',(#9145),#9163,.T.);
#9145 = FACE_BOUND('',#9146,.T.);
#9146 = EDGE_LOOP('',(#9147,#9155,#9156,#9157));
#9147 = ORIENTED_EDGE('',*,*,#9148,.F.);
#9148 = EDGE_CURVE('',#9120,#9149,#9151,.T.);
#9149 = VERTEX_POINT('',#9150);
#9150 = CARTESIAN_POINT('',(7.213628942033,1.25305312699,2.724875416424)
  );
#9151 = LINE('',#9152,#9153);
#9152 = CARTESIAN_POINT('',(7.213629774762,1.253896768869,2.724869491245
    ));
#9153 = VECTOR('',#9154,1.);
#9154 = DIRECTION('',(-9.870404772319E-04,-0.999974850186,
    7.023157916147E-03));
#9155 = ORIENTED_EDGE('',*,*,#9130,.F.);
#9156 = ORIENTED_EDGE('',*,*,#8897,.T.);
#9157 = ORIENTED_EDGE('',*,*,#9158,.T.);
#9158 = EDGE_CURVE('',#8889,#9149,#9159,.T.);
#9159 = LINE('',#9160,#9161);
#9160 = CARTESIAN_POINT('',(7.214619210117,1.25305312699,2.725014589527)
  );
#9161 = VECTOR('',#9162,1.);
#9162 = DIRECTION('',(-0.990268068742,1.819092931022E-16,-0.13917310096)
  );
#9163 = PLANE('',#9164);
#9164 = AXIS2_PLACEMENT_3D('',#9165,#9166,#9167);
#9165 = CARTESIAN_POINT('',(7.214620042847,1.253896768869,2.725008664348
    ));
#9166 = DIRECTION('',(0.139169600782,-7.092178510078E-03,-0.990243163684
    ));
#9167 = DIRECTION('',(0.990268068742,-2.712456995124E-15,0.13917310096)
  );
#9168 = ADVANCED_FACE('',(#9169),#9188,.T.);
#9169 = FACE_BOUND('',#9170,.T.);
#9170 = EDGE_LOOP('',(#9171,#9180,#9181,#9182));
#9171 = ORIENTED_EDGE('',*,*,#9172,.F.);
#9172 = EDGE_CURVE('',#9149,#9173,#9175,.T.);
#9173 = VERTEX_POINT('',#9174);
#9174 = CARTESIAN_POINT('',(7.216305413994,1.248417082459,2.705831328871
    ));
#9175 = B_SPLINE_CURVE_WITH_KNOTS('',3,(#9176,#9177,#9178,#9179),
  .UNSPECIFIED.,.F.,.F.,(4,4),(3.,4.),.PIECEWISE_BEZIER_KNOTS.);
#9176 = CARTESIAN_POINT('',(7.213628942033,1.25305312699,2.724875416424)
  );
#9177 = CARTESIAN_POINT('',(7.214782177398,1.251658523824,2.716669720424
    ));
#9178 = CARTESIAN_POINT('',(7.215680880753,1.250136277734,2.710275113783
    ));
#9179 = CARTESIAN_POINT('',(7.216305413994,1.248417082459,2.705831328871
    ));
#9180 = ORIENTED_EDGE('',*,*,#9158,.F.);
#9181 = ORIENTED_EDGE('',*,*,#8888,.T.);
#9182 = ORIENTED_EDGE('',*,*,#9183,.T.);
#9183 = EDGE_CURVE('',#8881,#9173,#9184,.T.);
#9184 = LINE('',#9185,#9186);
#9185 = CARTESIAN_POINT('',(7.217295682078,1.248417082459,2.705970501974
    ));
#9186 = VECTOR('',#9187,1.);
#9187 = DIRECTION('',(-0.990268068742,1.819092931022E-16,-0.13917310096)
  );
#9188 = B_SPLINE_SURFACE_WITH_KNOTS('',3,1,(
    (#9189,#9190)
    ,(#9191,#9192)
    ,(#9193,#9194)
    ,(#9195,#9196
    )),.UNSPECIFIED.,.F.,.F.,.F.,(4,4),(2,2),(3.,4.),(0.,1.),
  .PIECEWISE_BEZIER_KNOTS.);
#9189 = CARTESIAN_POINT('',(7.214619210117,1.25305312699,2.725014589527)
  );
#9190 = CARTESIAN_POINT('',(7.213628942033,1.25305312699,2.724875416424)
  );
#9191 = CARTESIAN_POINT('',(7.215772445482,1.251658523824,2.716808893527
    ));
#9192 = CARTESIAN_POINT('',(7.214782177398,1.251658523824,2.716669720424
    ));
#9193 = CARTESIAN_POINT('',(7.216671148837,1.250136277734,2.710414286887
    ));
#9194 = CARTESIAN_POINT('',(7.215680880753,1.250136277734,2.710275113783
    ));
#9195 = CARTESIAN_POINT('',(7.217295682078,1.248417082459,2.705970501974
    ));
#9196 = CARTESIAN_POINT('',(7.216305413994,1.248417082459,2.705831328871
    ));
#9197 = ADVANCED_FACE('',(#9198),#9209,.T.);
#9198 = FACE_BOUND('',#9199,.T.);
#9199 = EDGE_LOOP('',(#9200,#9206,#9207,#9208));
#9200 = ORIENTED_EDGE('',*,*,#9201,.F.);
#9201 = EDGE_CURVE('',#9173,#9065,#9202,.T.);
#9202 = LINE('',#9203,#9204);
#9203 = CARTESIAN_POINT('',(7.216305413994,1.248417082459,2.705831328871
    ));
#9204 = VECTOR('',#9205,1.);
#9205 = DIRECTION('',(0.130618015205,-0.345199932434,-0.929395470589));
#9206 = ORIENTED_EDGE('',*,*,#9183,.F.);
#9207 = ORIENTED_EDGE('',*,*,#8880,.T.);
#9208 = ORIENTED_EDGE('',*,*,#9074,.T.);
#9209 = PLANE('',#9210);
#9210 = AXIS2_PLACEMENT_3D('',#9211,#9212,#9213);
#9211 = CARTESIAN_POINT('',(7.217295682078,1.248417082459,2.705970501974
    ));
#9212 = DIRECTION('',(4.804254504808E-02,0.938529171975,-0.341840470421)
  );
#9213 = DIRECTION('',(-1.535403748587E-14,0.342235653265,0.939614153594)
  );
#9214 = ADVANCED_FACE('',(#9215),#9223,.T.);
#9215 = FACE_BOUND('',#9216,.T.);
#9216 = EDGE_LOOP('',(#9217,#9218,#9219,#9220,#9221,#9222));
#9217 = ORIENTED_EDGE('',*,*,#9201,.T.);
#9218 = ORIENTED_EDGE('',*,*,#9064,.T.);
#9219 = ORIENTED_EDGE('',*,*,#9095,.T.);
#9220 = ORIENTED_EDGE('',*,*,#9119,.T.);
#9221 = ORIENTED_EDGE('',*,*,#9148,.T.);
#9222 = ORIENTED_EDGE('',*,*,#9172,.T.);
#9223 = PLANE('',#9224);
#9224 = AXIS2_PLACEMENT_3D('',#9225,#9226,#9227);
#9225 = CARTESIAN_POINT('',(7.596585207684,5.100000082177,0.));
#9226 = DIRECTION('',(0.990268068742,-1.819092931022E-16,0.13917310096)
  );
#9227 = DIRECTION('',(-0.13917310096,2.556568389271E-17,0.990268068742)
  );
#9228 = ADVANCED_FACE('',(#9229,#9523),#9548,.F.);
#9229 = FACE_BOUND('',#9230,.T.);
#9230 = EDGE_LOOP('',(#9231,#9242,#9251,#9260,#9269,#9278,#9287,#9296,
    #9305,#9314,#9323,#9332,#9341,#9350,#9358,#9366,#9374,#9383,#9392,
    #9401,#9410,#9419,#9428,#9437,#9446,#9455,#9464,#9472,#9481,#9490,
    #9499,#9507,#9516));
#9231 = ORIENTED_EDGE('',*,*,#9232,.T.);
#9232 = EDGE_CURVE('',#9233,#9235,#9237,.T.);
#9233 = VERTEX_POINT('',#9234);
#9234 = CARTESIAN_POINT('',(7.208507936066,-0.295207601229,
    2.768498563877));
#9235 = VERTEX_POINT('',#9236);
#9236 = CARTESIAN_POINT('',(7.172666358512,-0.486976930736,
    3.023524639605));
#9237 = B_SPLINE_CURVE_WITH_KNOTS('',3,(#9238,#9239,#9240,#9241),
  .UNSPECIFIED.,.F.,.F.,(4,4),(35.,36.),.PIECEWISE_BEZIER_KNOTS.);
#9238 = CARTESIAN_POINT('',(7.208507936066,-0.295207601229,
    2.768498563877));
#9239 = CARTESIAN_POINT('',(7.192177540886,-0.296330877225,
    2.884695363296));
#9240 = CARTESIAN_POINT('',(7.177674916024,-0.375767932124,
    2.987886901131));
#9241 = CARTESIAN_POINT('',(7.172666358512,-0.486976930736,
    3.023524639605));
#9242 = ORIENTED_EDGE('',*,*,#9243,.T.);
#9243 = EDGE_CURVE('',#9235,#9244,#9246,.T.);
#9244 = VERTEX_POINT('',#9245);
#9245 = CARTESIAN_POINT('',(7.15106297222,-0.591473792993,3.177240720332
    ));
#9246 = B_SPLINE_CURVE_WITH_KNOTS('',3,(#9247,#9248,#9249,#9250),
  .UNSPECIFIED.,.F.,.F.,(4,4),(0.,1.),.PIECEWISE_BEZIER_KNOTS.);
#9247 = CARTESIAN_POINT('',(7.172666358512,-0.486976930736,
    3.023524639605));
#9248 = CARTESIAN_POINT('',(7.164480889456,-0.508070417734,
    3.081767278292));
#9249 = CARTESIAN_POINT('',(7.157096403649,-0.544848895041,
    3.134310625016));
#9250 = CARTESIAN_POINT('',(7.15106297222,-0.591473792993,3.177240720332
    ));
#9251 = ORIENTED_EDGE('',*,*,#9252,.T.);
#9252 = EDGE_CURVE('',#9244,#9253,#9255,.T.);
#9253 = VERTEX_POINT('',#9254);
#9254 = CARTESIAN_POINT('',(7.136649129348,-0.856689127393,
    3.279800541488));
#9255 = B_SPLINE_CURVE_WITH_KNOTS('',3,(#9256,#9257,#9258,#9259),
  .UNSPECIFIED.,.F.,.F.,(4,4),(1.,2.),.PIECEWISE_BEZIER_KNOTS.);
#9256 = CARTESIAN_POINT('',(7.15106297222,-0.591473792993,3.177240720332
    ));
#9257 = CARTESIAN_POINT('',(7.142008965213,-0.665321911536,
    3.241663327658));
#9258 = CARTESIAN_POINT('',(7.136745635494,-0.758918345568,
    3.279113864578));
#9259 = CARTESIAN_POINT('',(7.136649129348,-0.856689127393,
    3.279800541488));
#9260 = ORIENTED_EDGE('',*,*,#9261,.T.);
#9261 = EDGE_CURVE('',#9253,#9262,#9264,.T.);
#9262 = VERTEX_POINT('',#9263);
#9263 = CARTESIAN_POINT('',(7.147031023911,-1.091879875502,
    3.205929523253));
#9264 = B_SPLINE_CURVE_WITH_KNOTS('',3,(#9265,#9266,#9267,#9268),
  .UNSPECIFIED.,.F.,.F.,(4,4),(2.,3.),.PIECEWISE_BEZIER_KNOTS.);
#9265 = CARTESIAN_POINT('',(7.136649129348,-0.856689127393,
    3.279800541488));
#9266 = CARTESIAN_POINT('',(7.136564203946,-0.942727407939,
    3.280404817116));
#9267 = CARTESIAN_POINT('',(7.140295046443,-1.023093615569,
    3.253858493374));
#9268 = CARTESIAN_POINT('',(7.147031023911,-1.091879875502,
    3.205929523253));
#9269 = ORIENTED_EDGE('',*,*,#9270,.T.);
#9270 = EDGE_CURVE('',#9262,#9271,#9273,.T.);
#9271 = VERTEX_POINT('',#9272);
#9272 = CARTESIAN_POINT('',(7.158920314112,-1.178528370306,
    3.121332827734));
#9273 = B_SPLINE_CURVE_WITH_KNOTS('',3,(#9274,#9275,#9276,#9277),
  .UNSPECIFIED.,.F.,.F.,(4,4),(3.,4.),.PIECEWISE_BEZIER_KNOTS.);
#9274 = CARTESIAN_POINT('',(7.147031023911,-1.091879875502,
    3.205929523253));
#9275 = CARTESIAN_POINT('',(7.150263907678,-1.125288378348,
    3.182926359976));
#9276 = CARTESIAN_POINT('',(7.154319004832,-1.152872217382,3.15407284447
    ));
#9277 = CARTESIAN_POINT('',(7.158920314112,-1.178528370306,
    3.121332827734));
#9278 = ORIENTED_EDGE('',*,*,#9279,.T.);
#9279 = EDGE_CURVE('',#9271,#9280,#9282,.T.);
#9280 = VERTEX_POINT('',#9281);
#9281 = CARTESIAN_POINT('',(7.158331639303,-1.223475178043,
    3.125521466646));
#9282 = B_SPLINE_CURVE_WITH_KNOTS('',3,(#9283,#9284,#9285,#9286),
  .UNSPECIFIED.,.F.,.F.,(4,4),(4.,5.),.PIECEWISE_BEZIER_KNOTS.);
#9283 = CARTESIAN_POINT('',(7.158920314112,-1.178528370306,
    3.121332827734));
#9284 = CARTESIAN_POINT('',(7.158632730847,-1.194157811921,
    3.123379088988));
#9285 = CARTESIAN_POINT('',(7.158347080272,-1.207831867869,
    3.125411598445));
#9286 = CARTESIAN_POINT('',(7.158331639303,-1.223475178043,
    3.125521466646));
#9287 = ORIENTED_EDGE('',*,*,#9288,.T.);
#9288 = EDGE_CURVE('',#9280,#9289,#9291,.T.);
#9289 = VERTEX_POINT('',#9290);
#9290 = CARTESIAN_POINT('',(7.17117245606,-1.449013664533,3.034154307881
    ));
#9291 = B_SPLINE_CURVE_WITH_KNOTS('',3,(#9292,#9293,#9294,#9295),
  .UNSPECIFIED.,.F.,.F.,(4,4),(5.,6.),.PIECEWISE_BEZIER_KNOTS.);
#9292 = CARTESIAN_POINT('',(7.158331639303,-1.223475178043,
    3.125521466646));
#9293 = CARTESIAN_POINT('',(7.158248644014,-1.307558054142,
    3.126112008815));
#9294 = CARTESIAN_POINT('',(7.162795909848,-1.387965848617,
    3.093756531177));
#9295 = CARTESIAN_POINT('',(7.17117245606,-1.449013664533,3.034154307881
    ));
#9296 = ORIENTED_EDGE('',*,*,#9297,.T.);
#9297 = EDGE_CURVE('',#9289,#9298,#9300,.T.);
#9298 = VERTEX_POINT('',#9299);
#9299 = CARTESIAN_POINT('',(7.202105839987,-1.542499261111,2.81405184448
    ));
#9300 = B_SPLINE_CURVE_WITH_KNOTS('',3,(#9301,#9302,#9303,#9304),
  .UNSPECIFIED.,.F.,.F.,(4,4),(6.,7.),.PIECEWISE_BEZIER_KNOTS.);
#9301 = CARTESIAN_POINT('',(7.17117245606,-1.449013664533,3.034154307881
    ));
#9302 = CARTESIAN_POINT('',(7.179278787461,-1.508092239945,
    2.976474762876));
#9303 = CARTESIAN_POINT('',(7.190403767978,-1.541902915478,2.89731641334
    ));
#9304 = CARTESIAN_POINT('',(7.202105839987,-1.542499261111,2.81405184448
    ));
#9305 = ORIENTED_EDGE('',*,*,#9306,.T.);
#9306 = EDGE_CURVE('',#9298,#9307,#9309,.T.);
#9307 = VERTEX_POINT('',#9308);
#9308 = CARTESIAN_POINT('',(7.231850296017,-1.461883474894,
    2.602409042632));
#9309 = B_SPLINE_CURVE_WITH_KNOTS('',3,(#9310,#9311,#9312,#9313),
  .UNSPECIFIED.,.F.,.F.,(4,4),(7.,8.),.PIECEWISE_BEZIER_KNOTS.);
#9310 = CARTESIAN_POINT('',(7.202105839987,-1.542499261111,2.81405184448
    ));
#9311 = CARTESIAN_POINT('',(7.212991490299,-1.543054001332,
    2.736596417841));
#9312 = CARTESIAN_POINT('',(7.223633955349,-1.514263638714,
    2.660871344249));
#9313 = CARTESIAN_POINT('',(7.231850296017,-1.461883474894,
    2.602409042632));
#9314 = ORIENTED_EDGE('',*,*,#9315,.T.);
#9315 = EDGE_CURVE('',#9307,#9316,#9318,.T.);
#9316 = VERTEX_POINT('',#9317);
#9317 = CARTESIAN_POINT('',(7.245067484149,-1.306115912135,
    2.508363862385));
#9318 = B_SPLINE_CURVE_WITH_KNOTS('',3,(#9319,#9320,#9321,#9322),
  .UNSPECIFIED.,.F.,.F.,(4,4),(8.,9.),.PIECEWISE_BEZIER_KNOTS.);
#9319 = CARTESIAN_POINT('',(7.231850296017,-1.461883474894,
    2.602409042632));
#9320 = CARTESIAN_POINT('',(7.238424153057,-1.419197178966,
    2.555633619288));
#9321 = CARTESIAN_POINT('',(7.242830522363,-1.366622837739,
    2.524280672545));
#9322 = CARTESIAN_POINT('',(7.245067484149,-1.306115912135,
    2.508363862385));
#9323 = ORIENTED_EDGE('',*,*,#9324,.T.);
#9324 = EDGE_CURVE('',#9316,#9325,#9327,.T.);
#9325 = VERTEX_POINT('',#9326);
#9326 = CARTESIAN_POINT('',(7.263756449299,-1.12129446629,2.375384965613
    ));
#9327 = B_SPLINE_CURVE_WITH_KNOTS('',3,(#9328,#9329,#9330,#9331),
  .UNSPECIFIED.,.F.,.F.,(4,4),(9.,10.),.PIECEWISE_BEZIER_KNOTS.);
#9328 = CARTESIAN_POINT('',(7.245067484149,-1.306115912135,
    2.508363862385));
#9329 = CARTESIAN_POINT('',(7.255978226063,-1.281250245353,
    2.430729899723));
#9330 = CARTESIAN_POINT('',(7.263671523861,-1.207332784133,
    2.375989241504));
#9331 = CARTESIAN_POINT('',(7.263756449299,-1.12129446629,2.375384965613
    ));
#9332 = ORIENTED_EDGE('',*,*,#9333,.T.);
#9333 = EDGE_CURVE('',#9325,#9334,#9336,.T.);
#9334 = VERTEX_POINT('',#9335);
#9335 = CARTESIAN_POINT('',(7.236735335811,-0.924366052084,
    2.567650178387));
#9336 = B_SPLINE_CURVE_WITH_KNOTS('',3,(#9337,#9338,#9339,#9340),
  .UNSPECIFIED.,.F.,.F.,(4,4),(10.,11.),.PIECEWISE_BEZIER_KNOTS.);
#9337 = CARTESIAN_POINT('',(7.263756449299,-1.12129446629,2.375384965613
    ));
#9338 = CARTESIAN_POINT('',(7.26386260606,-1.013746606283,2.374629621012
    ));
#9339 = CARTESIAN_POINT('',(7.25170310499,-0.925128819889,2.46114896676)
  );
#9340 = CARTESIAN_POINT('',(7.236735335811,-0.924366052084,
    2.567650178387));
#9341 = ORIENTED_EDGE('',*,*,#9342,.T.);
#9342 = EDGE_CURVE('',#9334,#9343,#9345,.T.);
#9343 = VERTEX_POINT('',#9344);
#9344 = CARTESIAN_POINT('',(7.234013923233,-0.924227367029,
    2.587014035048));
#9345 = B_SPLINE_CURVE_WITH_KNOTS('',3,(#9346,#9347,#9348,#9349),
  .UNSPECIFIED.,.F.,.F.,(4,4),(11.,12.),.PIECEWISE_BEZIER_KNOTS.);
#9346 = CARTESIAN_POINT('',(7.236735335811,-0.924366052084,
    2.567650178387));
#9347 = CARTESIAN_POINT('',(7.235918914114,-0.924324446674,
    2.573459320612));
#9348 = CARTESIAN_POINT('',(7.235102492417,-0.924282841263,
    2.579268462837));
#9349 = CARTESIAN_POINT('',(7.234013923233,-0.924227367029,
    2.587014035048));
#9350 = ORIENTED_EDGE('',*,*,#9351,.T.);
#9351 = EDGE_CURVE('',#9343,#9352,#9354,.T.);
#9352 = VERTEX_POINT('',#9353);
#9353 = CARTESIAN_POINT('',(7.214145688404,-0.649442908561,
    2.728383871592));
#9354 = LINE('',#9355,#9356);
#9355 = CARTESIAN_POINT('',(7.234013923233,-0.924227367029,
    2.587014035048));
#9356 = VECTOR('',#9357,1.);
#9357 = DIRECTION('',(-6.416233382336E-02,0.887386942263,0.456538727405)
  );
#9358 = ORIENTED_EDGE('',*,*,#9359,.T.);
#9359 = EDGE_CURVE('',#9352,#9360,#9362,.T.);
#9360 = VERTEX_POINT('',#9361);
#9361 = CARTESIAN_POINT('',(7.199662364845,-0.709325732503,
    2.831438073522));
#9362 = LINE('',#9363,#9364);
#9363 = CARTESIAN_POINT('',(7.214145688404,-0.649442908561,
    2.728383871592));
#9364 = VECTOR('',#9365,1.);
#9365 = DIRECTION('',(-0.120627835817,-0.498748469261,0.858311650647));
#9366 = ORIENTED_EDGE('',*,*,#9367,.T.);
#9367 = EDGE_CURVE('',#9360,#9368,#9370,.T.);
#9368 = VERTEX_POINT('',#9369);
#9369 = CARTESIAN_POINT('',(7.218453616426,-0.972322215723,
    2.697731370973));
#9370 = LINE('',#9371,#9372);
#9371 = CARTESIAN_POINT('',(7.199662364845,-0.709325732503,
    2.831438073522));
#9372 = VECTOR('',#9373,1.);
#9373 = DIRECTION('',(6.356317713143E-02,-0.88961035806,-0.452275506019)
  );
#9374 = ORIENTED_EDGE('',*,*,#9375,.T.);
#9375 = EDGE_CURVE('',#9368,#9376,#9378,.T.);
#9376 = VERTEX_POINT('',#9377);
#9377 = CARTESIAN_POINT('',(7.20905605548,-1.118506859325,2.764598491594
    ));
#9378 = B_SPLINE_CURVE_WITH_KNOTS('',3,(#9379,#9380,#9381,#9382),
  .UNSPECIFIED.,.F.,.F.,(4,4),(15.,16.),.PIECEWISE_BEZIER_KNOTS.);
#9379 = CARTESIAN_POINT('',(7.218453616426,-0.972322215723,
    2.697731370973));
#9380 = CARTESIAN_POINT('',(7.212703906777,-1.007228443593,
    2.738642680927));
#9381 = CARTESIAN_POINT('',(7.209113959168,-1.05984439023,2.764186485447
    ));
#9382 = CARTESIAN_POINT('',(7.20905605548,-1.118506859325,2.764598491594
    ));
#9383 = ORIENTED_EDGE('',*,*,#9384,.T.);
#9384 = EDGE_CURVE('',#9376,#9385,#9387,.T.);
#9385 = VERTEX_POINT('',#9386);
#9386 = CARTESIAN_POINT('',(7.226835947986,-1.303231243116,
    2.638087982794));
#9387 = B_SPLINE_CURVE_WITH_KNOTS('',3,(#9388,#9389,#9390,#9391),
  .UNSPECIFIED.,.F.,.F.,(4,4),(16.,17.),.PIECEWISE_BEZIER_KNOTS.);
#9388 = CARTESIAN_POINT('',(7.20905605548,-1.118506859325,2.764598491594
    ));
#9389 = CARTESIAN_POINT('',(7.208973060172,-1.202589754073,
    2.765189033893));
#9390 = CARTESIAN_POINT('',(7.216521598788,-1.275328428295,
    2.711478390778));
#9391 = CARTESIAN_POINT('',(7.226835947986,-1.303231243116,
    2.638087982794));
#9392 = ORIENTED_EDGE('',*,*,#9393,.T.);
#9393 = EDGE_CURVE('',#9385,#9394,#9396,.T.);
#9394 = VERTEX_POINT('',#9395);
#9395 = CARTESIAN_POINT('',(7.201683142817,-1.419280278691,
    2.817059491126));
#9396 = B_SPLINE_CURVE_WITH_KNOTS('',3,(#9397,#9398,#9399,#9400),
  .UNSPECIFIED.,.F.,.F.,(4,4),(17.,18.),.PIECEWISE_BEZIER_KNOTS.);
#9397 = CARTESIAN_POINT('',(7.226835947986,-1.303231243116,
    2.638087982794));
#9398 = CARTESIAN_POINT('',(7.222414132521,-1.371448894252,
    2.669550834671));
#9399 = CARTESIAN_POINT('',(7.212840935425,-1.419848887471,
    2.737667671434));
#9400 = CARTESIAN_POINT('',(7.201683142817,-1.419280278691,
    2.817059491126));
#9401 = ORIENTED_EDGE('',*,*,#9402,.T.);
#9402 = EDGE_CURVE('',#9394,#9403,#9405,.T.);
#9403 = VERTEX_POINT('',#9404);
#9404 = CARTESIAN_POINT('',(7.174662029329,-1.222351864486,
    3.009324703899));
#9405 = B_SPLINE_CURVE_WITH_KNOTS('',3,(#9406,#9407,#9408,#9409),
  .UNSPECIFIED.,.F.,.F.,(4,4),(18.,19.),.PIECEWISE_BEZIER_KNOTS.);
#9406 = CARTESIAN_POINT('',(7.201683142817,-1.419280278691,
    2.817059491126));
#9407 = CARTESIAN_POINT('',(7.186715373638,-1.418517510886,
    2.923560702753));
#9408 = CARTESIAN_POINT('',(7.174555872568,-1.329899724493,
    3.010080048501));
#9409 = CARTESIAN_POINT('',(7.174662029329,-1.222351864486,
    3.009324703899));
#9410 = ORIENTED_EDGE('',*,*,#9411,.T.);
#9411 = EDGE_CURVE('',#9403,#9412,#9414,.T.);
#9412 = VERTEX_POINT('',#9413);
#9413 = CARTESIAN_POINT('',(7.178846444696,-1.118922878253,
    2.979551041489));
#9414 = B_SPLINE_CURVE_WITH_KNOTS('',3,(#9415,#9416,#9417,#9418),
  .UNSPECIFIED.,.F.,.F.,(4,4),(19.,20.),.PIECEWISE_BEZIER_KNOTS.);
#9415 = CARTESIAN_POINT('',(7.174662029329,-1.222351864486,
    3.009324703899));
#9416 = CARTESIAN_POINT('',(7.174698701657,-1.185198974851,
    3.009063766726));
#9417 = CARTESIAN_POINT('',(7.17636822257,-1.148129296303,2.997184508171
    ));
#9418 = CARTESIAN_POINT('',(7.178846444696,-1.118922878253,
    2.979551041489));
#9419 = ORIENTED_EDGE('',*,*,#9420,.T.);
#9420 = EDGE_CURVE('',#9412,#9421,#9423,.T.);
#9421 = VERTEX_POINT('',#9422);
#9422 = CARTESIAN_POINT('',(7.152979534909,-0.855565851926,
    3.163603668202));
#9423 = B_SPLINE_CURVE_WITH_KNOTS('',3,(#9424,#9425,#9426,#9427),
  .UNSPECIFIED.,.F.,.F.,(4,4),(20.,21.),.PIECEWISE_BEZIER_KNOTS.);
#9424 = CARTESIAN_POINT('',(7.178846444696,-1.118922878253,
    2.979551041489));
#9425 = CARTESIAN_POINT('',(7.163643221085,-1.080993390346,
    3.087727598458));
#9426 = CARTESIAN_POINT('',(7.15285793718,-0.978757022107,3.164468881004
    ));
#9427 = CARTESIAN_POINT('',(7.152979534909,-0.855565851926,
    3.163603668202));
#9428 = ORIENTED_EDGE('',*,*,#9429,.T.);
#9429 = EDGE_CURVE('',#9421,#9430,#9432,.T.);
#9430 = VERTEX_POINT('',#9431);
#9431 = CARTESIAN_POINT('',(7.187267409343,-0.583541226009,
    2.919632764611));
#9432 = B_SPLINE_CURVE_WITH_KNOTS('',3,(#9433,#9434,#9435,#9436),
  .UNSPECIFIED.,.F.,.F.,(4,4),(21.,22.),.PIECEWISE_BEZIER_KNOTS.);
#9433 = CARTESIAN_POINT('',(7.152979534909,-0.855565851926,
    3.163603668202));
#9434 = CARTESIAN_POINT('',(7.153118503774,-0.714775911178,
    3.162614853347));
#9435 = CARTESIAN_POINT('',(7.168202080328,-0.598213740794,
    3.055289629427));
#9436 = CARTESIAN_POINT('',(7.187267409343,-0.583541226009,
    2.919632764611));
#9437 = ORIENTED_EDGE('',*,*,#9438,.T.);
#9438 = EDGE_CURVE('',#9430,#9439,#9441,.T.);
#9439 = VERTEX_POINT('',#9440);
#9440 = CARTESIAN_POINT('',(7.187282850311,-0.567897915835,2.91952289641
    ));
#9441 = B_SPLINE_CURVE_WITH_KNOTS('',3,(#9442,#9443,#9444,#9445),
  .UNSPECIFIED.,.F.,.F.,(4,4),(22.,23.),.PIECEWISE_BEZIER_KNOTS.);
#9442 = CARTESIAN_POINT('',(7.187267409343,-0.583541226009,
    2.919632764611));
#9443 = CARTESIAN_POINT('',(7.187273199697,-0.577674994018,
    2.919591564101));
#9444 = CARTESIAN_POINT('',(7.187277059957,-0.573764147826,2.91956409692
    ));
#9445 = CARTESIAN_POINT('',(7.187282850311,-0.567897915835,2.91952289641
    ));
#9446 = ORIENTED_EDGE('',*,*,#9447,.T.);
#9447 = EDGE_CURVE('',#9439,#9448,#9450,.T.);
#9448 = VERTEX_POINT('',#9449);
#9449 = CARTESIAN_POINT('',(7.208660415917,-0.416457254433,
    2.767413613365));
#9450 = B_SPLINE_CURVE_WITH_KNOTS('',3,(#9451,#9452,#9453,#9454),
  .UNSPECIFIED.,.F.,.F.,(4,4),(23.,24.),.PIECEWISE_BEZIER_KNOTS.);
#9451 = CARTESIAN_POINT('',(7.187282850311,-0.567897915835,2.91952289641
    ));
#9452 = CARTESIAN_POINT('',(7.187365845582,-0.483815058384,
    2.918932354372));
#9453 = CARTESIAN_POINT('',(7.196958343908,-0.415860908801,
    2.850678182227));
#9454 = CARTESIAN_POINT('',(7.208660415917,-0.416457254433,
    2.767413613365));
#9455 = ORIENTED_EDGE('',*,*,#9456,.T.);
#9456 = EDGE_CURVE('',#9448,#9457,#9459,.T.);
#9457 = VERTEX_POINT('',#9458);
#9458 = CARTESIAN_POINT('',(7.229748463083,-0.558328938507,2.61736436105
    ));
#9459 = B_SPLINE_CURVE_WITH_KNOTS('',3,(#9460,#9461,#9462,#9463),
  .UNSPECIFIED.,.F.,.F.,(4,4),(24.,25.),.PIECEWISE_BEZIER_KNOTS.);
#9460 = CARTESIAN_POINT('',(7.208660415917,-0.416457254433,
    2.767413613365));
#9461 = CARTESIAN_POINT('',(7.219818208525,-0.417025863214,
    2.688021793673));
#9462 = CARTESIAN_POINT('',(7.22901117647,-0.478115247244,2.622610427894
    ));
#9463 = CARTESIAN_POINT('',(7.229748463083,-0.558328938507,2.61736436105
    ));
#9464 = ORIENTED_EDGE('',*,*,#9465,.T.);
#9465 = EDGE_CURVE('',#9457,#9466,#9468,.T.);
#9466 = VERTEX_POINT('',#9467);
#9467 = CARTESIAN_POINT('',(7.229661607552,-0.646322642149,
    2.617982370269));
#9468 = LINE('',#9469,#9470);
#9469 = CARTESIAN_POINT('',(7.229748463083,-0.558328938507,2.61736436105
    ));
#9470 = VECTOR('',#9471,1.);
#9471 = DIRECTION('',(-9.870404758005E-04,-0.999974850186,
    7.02315791623E-03));
#9472 = ORIENTED_EDGE('',*,*,#9473,.T.);
#9473 = EDGE_CURVE('',#9466,#9474,#9476,.T.);
#9474 = VERTEX_POINT('',#9475);
#9475 = CARTESIAN_POINT('',(7.229377889739,-0.658041237837,
    2.620001127408));
#9476 = B_SPLINE_CURVE_WITH_KNOTS('',3,(#9477,#9478,#9479,#9480),
  .UNSPECIFIED.,.F.,.F.,(4,4),(26.,27.),.PIECEWISE_BEZIER_KNOTS.);
#9477 = CARTESIAN_POINT('',(7.229661607552,-0.646322642149,
    2.617982370269));
#9478 = CARTESIAN_POINT('',(7.229657747291,-0.650233488341,2.61800983745
    ));
#9479 = CARTESIAN_POINT('',(7.229381749926,-0.654130466239,2.61997366075
    ));
#9480 = CARTESIAN_POINT('',(7.229377889739,-0.658041237837,
    2.620001127408));
#9481 = ORIENTED_EDGE('',*,*,#9482,.T.);
#9482 = EDGE_CURVE('',#9474,#9483,#9485,.T.);
#9483 = VERTEX_POINT('',#9484);
#9484 = CARTESIAN_POINT('',(7.237754430797,-0.719089016191,
    2.560398940785));
#9485 = B_SPLINE_CURVE_WITH_KNOTS('',3,(#9486,#9487,#9488,#9489),
  .UNSPECIFIED.,.F.,.F.,(4,4),(27.,28.),.PIECEWISE_BEZIER_KNOTS.);
#9486 = CARTESIAN_POINT('',(7.229377889739,-0.658041237837,
    2.620001127408));
#9487 = CARTESIAN_POINT('',(7.229345077634,-0.691283318576,
    2.620234597662));
#9488 = CARTESIAN_POINT('',(7.233128037719,-0.71885325202,2.593317438013
    ));
#9489 = CARTESIAN_POINT('',(7.237754430797,-0.719089016191,
    2.560398940785));
#9490 = ORIENTED_EDGE('',*,*,#9491,.T.);
#9491 = EDGE_CURVE('',#9483,#9492,#9494,.T.);
#9492 = VERTEX_POINT('',#9493);
#9493 = CARTESIAN_POINT('',(7.24624677923,-0.662811856356,2.499972741869
    ));
#9494 = B_SPLINE_CURVE_WITH_KNOTS('',3,(#9495,#9496,#9497,#9498),
  .UNSPECIFIED.,.F.,.F.,(4,4),(28.,29.),.PIECEWISE_BEZIER_KNOTS.);
#9495 = CARTESIAN_POINT('',(7.237754430797,-0.719089016191,
    2.560398940785));
#9496 = CARTESIAN_POINT('',(7.242108686769,-0.719310912068,
    2.529416799677));
#9497 = CARTESIAN_POINT('',(7.245943760114,-0.694084683003,
    2.502128834913));
#9498 = CARTESIAN_POINT('',(7.24624677923,-0.662811856356,2.499972741869
    ));
#9499 = ORIENTED_EDGE('',*,*,#9500,.T.);
#9500 = EDGE_CURVE('',#9492,#9501,#9503,.T.);
#9501 = VERTEX_POINT('',#9502);
#9502 = CARTESIAN_POINT('',(7.246360656438,-0.547442378558,
    2.499162463429));
#9503 = LINE('',#9504,#9505);
#9504 = CARTESIAN_POINT('',(7.24624677923,-0.662811856356,2.499972741869
    ));
#9505 = VECTOR('',#9506,1.);
#9506 = DIRECTION('',(9.870404758032E-04,0.999974850186,
    -7.023157916233E-03));
#9507 = ORIENTED_EDGE('',*,*,#9508,.T.);
#9508 = EDGE_CURVE('',#9501,#9509,#9511,.T.);
#9509 = VERTEX_POINT('',#9510);
#9510 = CARTESIAN_POINT('',(7.234289940994,-0.368875502725,
    2.585050066631));
#9511 = B_SPLINE_CURVE_WITH_KNOTS('',3,(#9512,#9513,#9514,#9515),
  .UNSPECIFIED.,.F.,.F.,(4,4),(33.,34.),.PIECEWISE_BEZIER_KNOTS.);
#9512 = CARTESIAN_POINT('',(7.246360656438,-0.547442378558,
    2.499162463429));
#9513 = CARTESIAN_POINT('',(7.245611789044,-0.478961225871,
    2.504490931817));
#9514 = CARTESIAN_POINT('',(7.241319286638,-0.416166014177,
    2.535033673466));
#9515 = CARTESIAN_POINT('',(7.234289940994,-0.368875502725,
    2.585050066631));
#9516 = ORIENTED_EDGE('',*,*,#9517,.T.);
#9517 = EDGE_CURVE('',#9509,#9233,#9518,.T.);
#9518 = B_SPLINE_CURVE_WITH_KNOTS('',3,(#9519,#9520,#9521,#9522),
  .UNSPECIFIED.,.F.,.F.,(4,4),(34.,35.),.PIECEWISE_BEZIER_KNOTS.);
#9519 = CARTESIAN_POINT('',(7.234289940994,-0.368875502725,
    2.585050066631));
#9520 = CARTESIAN_POINT('',(7.227260595423,-0.321584916679,
    2.635066459272));
#9521 = CARTESIAN_POINT('',(7.218032880089,-0.295692998923,2.70072506557
    ));
#9522 = CARTESIAN_POINT('',(7.208507936066,-0.295207601229,
    2.768498563877));
#9523 = FACE_BOUND('',#9524,.T.);
#9524 = EDGE_LOOP('',(#9525,#9539));
#9525 = ORIENTED_EDGE('',*,*,#9526,.F.);
#9526 = EDGE_CURVE('',#9527,#9529,#9531,.T.);
#9527 = VERTEX_POINT('',#9528);
#9528 = CARTESIAN_POINT('',(7.247426064463,-1.122417780111,
    2.491581691426));
#9529 = VERTEX_POINT('',#9530);
#9530 = CARTESIAN_POINT('',(7.22619903805,-1.121336036255,2.642619832463
    ));
#9531 = B_SPLINE_CURVE_WITH_KNOTS('',3,(#9532,#9533,#9534,#9535,#9536,
    #9537,#9538),.UNSPECIFIED.,.F.,.F.,(4,3,4),(0.,1.,2.),
  .PIECEWISE_BEZIER_KNOTS.);
#9532 = CARTESIAN_POINT('',(7.247426064463,-1.122417780111,
    2.491581691426));
#9533 = CARTESIAN_POINT('',(7.247468527146,-1.079398658486,
    2.491279553743));
#9534 = CARTESIAN_POINT('',(7.242602788305,-1.045906944224,
    2.525901084569));
#9535 = CARTESIAN_POINT('',(7.236887826043,-1.045615705819,
    2.566565154007));
#9536 = CARTESIAN_POINT('',(7.230900716296,-1.045310598591,
    2.609165653431));
#9537 = CARTESIAN_POINT('',(7.226239570639,-1.080272300429,
    2.642331428109));
#9538 = CARTESIAN_POINT('',(7.22619903805,-1.121336036255,2.642619832463
    ));
#9539 = ORIENTED_EDGE('',*,*,#9540,.F.);
#9540 = EDGE_CURVE('',#9529,#9527,#9541,.T.);
#9541 = B_SPLINE_CURVE_WITH_KNOTS('',3,(#9542,#9543,#9544,#9545,#9546,
    #9547),.UNSPECIFIED.,.F.,.F.,(4,2,4),(2.,3.,4.),.UNSPECIFIED.);
#9542 = CARTESIAN_POINT('',(7.22619903805,-1.121336036255,2.642619832463
    ));
#9543 = CARTESIAN_POINT('',(7.226158505461,-1.162399772081,
    2.642908236818));
#9544 = CARTESIAN_POINT('',(7.230750166722,-1.19783300332,2.610236869306
    ));
#9545 = CARTESIAN_POINT('',(7.242724386218,-1.198443217775,
    2.525035870458));
#9546 = CARTESIAN_POINT('',(7.247385531875,-1.163481515936,
    2.491870095781));
#9547 = CARTESIAN_POINT('',(7.247426064463,-1.122417780111,
    2.491581691426));
#9548 = PLANE('',#9549);
#9549 = AXIS2_PLACEMENT_3D('',#9550,#9551,#9552);
#9550 = CARTESIAN_POINT('',(7.186341458164,-0.349810120001,
    2.926221249595));
#9551 = DIRECTION('',(-0.990268068742,5.797413164423E-15,-0.13917310096)
  );
#9552 = DIRECTION('',(0.13917310096,-2.556568389271E-17,-0.990268068742)
  );
#9553 = ADVANCED_FACE('',(#9554),#9570,.F.);
#9554 = FACE_BOUND('',#9555,.F.);
#9555 = EDGE_LOOP('',(#9556,#9562,#9563,#9569));
#9556 = ORIENTED_EDGE('',*,*,#9557,.F.);
#9557 = EDGE_CURVE('',#9233,#619,#9558,.T.);
#9558 = LINE('',#9559,#9560);
#9559 = CARTESIAN_POINT('',(7.208507936066,-0.295207601229,
    2.768498563877));
#9560 = VECTOR('',#9561,1.);
#9561 = DIRECTION('',(-0.990268068742,1.819092931022E-16,-0.13917310096)
  );
#9562 = ORIENTED_EDGE('',*,*,#9232,.T.);
#9563 = ORIENTED_EDGE('',*,*,#9564,.T.);
#9564 = EDGE_CURVE('',#9235,#608,#9565,.T.);
#9565 = LINE('',#9566,#9567);
#9566 = CARTESIAN_POINT('',(7.172666358512,-0.486976930736,
    3.023524639605));
#9567 = VECTOR('',#9568,1.);
#9568 = DIRECTION('',(-0.990268068742,1.819092931022E-16,-0.13917310096)
  );
#9569 = ORIENTED_EDGE('',*,*,#618,.F.);
#9570 = B_SPLINE_SURFACE_WITH_KNOTS('',3,1,(
    (#9571,#9572)
    ,(#9573,#9574)
    ,(#9575,#9576)
    ,(#9577,#9578
    )),.UNSPECIFIED.,.F.,.F.,.F.,(4,4),(2,2),(35.,36.),(0.,1.),
  .PIECEWISE_BEZIER_KNOTS.);
#9571 = CARTESIAN_POINT('',(7.208507936066,-0.295207601229,
    2.768498563877));
#9572 = CARTESIAN_POINT('',(7.207517667981,-0.295207601229,
    2.768359390774));
#9573 = CARTESIAN_POINT('',(7.192177540886,-0.296330877225,
    2.884695363296));
#9574 = CARTESIAN_POINT('',(7.191187272801,-0.296330877225,
    2.884556190192));
#9575 = CARTESIAN_POINT('',(7.177674916024,-0.375767932124,
    2.987886901131));
#9576 = CARTESIAN_POINT('',(7.17668464794,-0.375767932124,2.987747728028
    ));
#9577 = CARTESIAN_POINT('',(7.172666358512,-0.486976930736,
    3.023524639605));
#9578 = CARTESIAN_POINT('',(7.171676090428,-0.486976930736,
    3.023385466501));
#9579 = ADVANCED_FACE('',(#9580),#9591,.F.);
#9580 = FACE_BOUND('',#9581,.F.);
#9581 = EDGE_LOOP('',(#9582,#9583,#9584,#9590));
#9582 = ORIENTED_EDGE('',*,*,#9564,.F.);
#9583 = ORIENTED_EDGE('',*,*,#9243,.T.);
#9584 = ORIENTED_EDGE('',*,*,#9585,.T.);
#9585 = EDGE_CURVE('',#9244,#610,#9586,.T.);
#9586 = LINE('',#9587,#9588);
#9587 = CARTESIAN_POINT('',(7.15106297222,-0.591473792993,3.177240720332
    ));
#9588 = VECTOR('',#9589,1.);
#9589 = DIRECTION('',(-0.990268068742,1.819092931022E-16,-0.13917310096)
  );
#9590 = ORIENTED_EDGE('',*,*,#607,.F.);
#9591 = B_SPLINE_SURFACE_WITH_KNOTS('',3,1,(
    (#9592,#9593)
    ,(#9594,#9595)
    ,(#9596,#9597)
    ,(#9598,#9599
    )),.UNSPECIFIED.,.F.,.F.,.F.,(4,4),(2,2),(0.,1.),(0.,1.),
  .PIECEWISE_BEZIER_KNOTS.);
#9592 = CARTESIAN_POINT('',(7.172666358512,-0.486976930736,
    3.023524639605));
#9593 = CARTESIAN_POINT('',(7.171676090428,-0.486976930736,
    3.023385466501));
#9594 = CARTESIAN_POINT('',(7.164480889456,-0.508070417734,
    3.081767278292));
#9595 = CARTESIAN_POINT('',(7.163490621371,-0.508070417734,
    3.081628105189));
#9596 = CARTESIAN_POINT('',(7.157096403649,-0.544848895041,
    3.134310625016));
#9597 = CARTESIAN_POINT('',(7.156106135565,-0.544848895041,
    3.134171451912));
#9598 = CARTESIAN_POINT('',(7.15106297222,-0.591473792993,3.177240720332
    ));
#9599 = CARTESIAN_POINT('',(7.150072704135,-0.591473792993,
    3.177101547229));
#9600 = ADVANCED_FACE('',(#9601),#9612,.F.);
#9601 = FACE_BOUND('',#9602,.F.);
#9602 = EDGE_LOOP('',(#9603,#9604,#9605,#9611));
#9603 = ORIENTED_EDGE('',*,*,#9585,.F.);
#9604 = ORIENTED_EDGE('',*,*,#9252,.T.);
#9605 = ORIENTED_EDGE('',*,*,#9606,.T.);
#9606 = EDGE_CURVE('',#9253,#884,#9607,.T.);
#9607 = LINE('',#9608,#9609);
#9608 = CARTESIAN_POINT('',(7.136649129348,-0.856689127393,
    3.279800541488));
#9609 = VECTOR('',#9610,1.);
#9610 = DIRECTION('',(-0.990268068742,1.819092931022E-16,-0.13917310096)
  );
#9611 = ORIENTED_EDGE('',*,*,#892,.F.);
#9612 = B_SPLINE_SURFACE_WITH_KNOTS('',3,1,(
    (#9613,#9614)
    ,(#9615,#9616)
    ,(#9617,#9618)
    ,(#9619,#9620
    )),.UNSPECIFIED.,.F.,.F.,.F.,(4,4),(2,2),(1.,2.),(0.,1.),
  .PIECEWISE_BEZIER_KNOTS.);
#9613 = CARTESIAN_POINT('',(7.15106297222,-0.591473792993,3.177240720332
    ));
#9614 = CARTESIAN_POINT('',(7.150072704135,-0.591473792993,
    3.177101547229));
#9615 = CARTESIAN_POINT('',(7.142008965213,-0.665321911536,
    3.241663327658));
#9616 = CARTESIAN_POINT('',(7.141018697128,-0.665321911536,
    3.241524154555));
#9617 = CARTESIAN_POINT('',(7.136745635494,-0.758918345568,
    3.279113864578));
#9618 = CARTESIAN_POINT('',(7.135755367409,-0.758918345568,
    3.278974691475));
#9619 = CARTESIAN_POINT('',(7.136649129348,-0.856689127393,
    3.279800541488));
#9620 = CARTESIAN_POINT('',(7.135658861263,-0.856689127393,
    3.279661368385));
#9621 = ADVANCED_FACE('',(#9622),#9633,.F.);
#9622 = FACE_BOUND('',#9623,.F.);
#9623 = EDGE_LOOP('',(#9624,#9625,#9626,#9632));
#9624 = ORIENTED_EDGE('',*,*,#9606,.F.);
#9625 = ORIENTED_EDGE('',*,*,#9261,.T.);
#9626 = ORIENTED_EDGE('',*,*,#9627,.T.);
#9627 = EDGE_CURVE('',#9262,#875,#9628,.T.);
#9628 = LINE('',#9629,#9630);
#9629 = CARTESIAN_POINT('',(7.147031023911,-1.091879875502,
    3.205929523253));
#9630 = VECTOR('',#9631,1.);
#9631 = DIRECTION('',(-0.990268068742,1.819092931022E-16,-0.13917310096)
  );
#9632 = ORIENTED_EDGE('',*,*,#883,.F.);
#9633 = B_SPLINE_SURFACE_WITH_KNOTS('',3,1,(
    (#9634,#9635)
    ,(#9636,#9637)
    ,(#9638,#9639)
    ,(#9640,#9641
    )),.UNSPECIFIED.,.F.,.F.,.F.,(4,4),(2,2),(2.,3.),(0.,1.),
  .PIECEWISE_BEZIER_KNOTS.);
#9634 = CARTESIAN_POINT('',(7.136649129348,-0.856689127393,
    3.279800541488));
#9635 = CARTESIAN_POINT('',(7.135658861263,-0.856689127393,
    3.279661368385));
#9636 = CARTESIAN_POINT('',(7.136564203946,-0.942727407939,
    3.280404817116));
#9637 = CARTESIAN_POINT('',(7.135573935862,-0.942727407939,
    3.280265644013));
#9638 = CARTESIAN_POINT('',(7.140295046443,-1.023093615569,
    3.253858493374));
#9639 = CARTESIAN_POINT('',(7.139304778359,-1.023093615569,
    3.253719320271));
#9640 = CARTESIAN_POINT('',(7.147031023911,-1.091879875502,
    3.205929523253));
#9641 = CARTESIAN_POINT('',(7.146040755826,-1.091879875502,3.20579035015
    ));
#9642 = ADVANCED_FACE('',(#9643),#9654,.F.);
#9643 = FACE_BOUND('',#9644,.F.);
#9644 = EDGE_LOOP('',(#9645,#9646,#9647,#9653));
#9645 = ORIENTED_EDGE('',*,*,#9627,.F.);
#9646 = ORIENTED_EDGE('',*,*,#9270,.T.);
#9647 = ORIENTED_EDGE('',*,*,#9648,.T.);
#9648 = EDGE_CURVE('',#9271,#866,#9649,.T.);
#9649 = LINE('',#9650,#9651);
#9650 = CARTESIAN_POINT('',(7.158920314112,-1.178528370306,
    3.121332827734));
#9651 = VECTOR('',#9652,1.);
#9652 = DIRECTION('',(-0.990268068742,1.819092931022E-16,-0.13917310096)
  );
#9653 = ORIENTED_EDGE('',*,*,#874,.F.);
#9654 = B_SPLINE_SURFACE_WITH_KNOTS('',3,1,(
    (#9655,#9656)
    ,(#9657,#9658)
    ,(#9659,#9660)
    ,(#9661,#9662
    )),.UNSPECIFIED.,.F.,.F.,.F.,(4,4),(2,2),(3.,4.),(0.,1.),
  .PIECEWISE_BEZIER_KNOTS.);
#9655 = CARTESIAN_POINT('',(7.147031023911,-1.091879875502,
    3.205929523253));
#9656 = CARTESIAN_POINT('',(7.146040755826,-1.091879875502,3.20579035015
    ));
#9657 = CARTESIAN_POINT('',(7.150263907678,-1.125288378348,
    3.182926359976));
#9658 = CARTESIAN_POINT('',(7.149273639594,-1.125288378348,
    3.182787186873));
#9659 = CARTESIAN_POINT('',(7.154319004832,-1.152872217382,3.15407284447
    ));
#9660 = CARTESIAN_POINT('',(7.153328736747,-1.152872217382,
    3.153933671367));
#9661 = CARTESIAN_POINT('',(7.158920314112,-1.178528370306,
    3.121332827734));
#9662 = CARTESIAN_POINT('',(7.157930046027,-1.178528370306,
    3.121193654631));
#9663 = ADVANCED_FACE('',(#9664),#9675,.F.);
#9664 = FACE_BOUND('',#9665,.F.);
#9665 = EDGE_LOOP('',(#9666,#9667,#9668,#9674));
#9666 = ORIENTED_EDGE('',*,*,#9648,.F.);
#9667 = ORIENTED_EDGE('',*,*,#9279,.T.);
#9668 = ORIENTED_EDGE('',*,*,#9669,.T.);
#9669 = EDGE_CURVE('',#9280,#857,#9670,.T.);
#9670 = LINE('',#9671,#9672);
#9671 = CARTESIAN_POINT('',(7.158331639303,-1.223475178043,
    3.125521466646));
#9672 = VECTOR('',#9673,1.);
#9673 = DIRECTION('',(-0.990268068742,1.819092931022E-16,-0.13917310096)
  );
#9674 = ORIENTED_EDGE('',*,*,#865,.F.);
#9675 = B_SPLINE_SURFACE_WITH_KNOTS('',3,1,(
    (#9676,#9677)
    ,(#9678,#9679)
    ,(#9680,#9681)
    ,(#9682,#9683
    )),.UNSPECIFIED.,.F.,.F.,.F.,(4,4),(2,2),(4.,5.),(0.,1.),
  .PIECEWISE_BEZIER_KNOTS.);
#9676 = CARTESIAN_POINT('',(7.158920314112,-1.178528370306,
    3.121332827734));
#9677 = CARTESIAN_POINT('',(7.157930046027,-1.178528370306,
    3.121193654631));
#9678 = CARTESIAN_POINT('',(7.158632730847,-1.194157811921,
    3.123379088988));
#9679 = CARTESIAN_POINT('',(7.157642462763,-1.194157811921,
    3.123239915884));
#9680 = CARTESIAN_POINT('',(7.158347080272,-1.207831867869,
    3.125411598445));
#9681 = CARTESIAN_POINT('',(7.157356812187,-1.207831867869,
    3.125272425342));
#9682 = CARTESIAN_POINT('',(7.158331639303,-1.223475178043,
    3.125521466646));
#9683 = CARTESIAN_POINT('',(7.157341371218,-1.223475178043,
    3.125382293543));
#9684 = ADVANCED_FACE('',(#9685),#9696,.F.);
#9685 = FACE_BOUND('',#9686,.F.);
#9686 = EDGE_LOOP('',(#9687,#9688,#9689,#9695));
#9687 = ORIENTED_EDGE('',*,*,#9669,.F.);
#9688 = ORIENTED_EDGE('',*,*,#9288,.T.);
#9689 = ORIENTED_EDGE('',*,*,#9690,.T.);
#9690 = EDGE_CURVE('',#9289,#848,#9691,.T.);
#9691 = LINE('',#9692,#9693);
#9692 = CARTESIAN_POINT('',(7.17117245606,-1.449013664533,3.034154307881
    ));
#9693 = VECTOR('',#9694,1.);
#9694 = DIRECTION('',(-0.990268068742,1.819092931022E-16,-0.13917310096)
  );
#9695 = ORIENTED_EDGE('',*,*,#856,.F.);
#9696 = B_SPLINE_SURFACE_WITH_KNOTS('',3,1,(
    (#9697,#9698)
    ,(#9699,#9700)
    ,(#9701,#9702)
    ,(#9703,#9704
    )),.UNSPECIFIED.,.F.,.F.,.F.,(4,4),(2,2),(5.,6.),(0.,1.),
  .PIECEWISE_BEZIER_KNOTS.);
#9697 = CARTESIAN_POINT('',(7.158331639303,-1.223475178043,
    3.125521466646));
#9698 = CARTESIAN_POINT('',(7.157341371218,-1.223475178043,
    3.125382293543));
#9699 = CARTESIAN_POINT('',(7.158248644014,-1.307558054142,
    3.126112008815));
#9700 = CARTESIAN_POINT('',(7.157258375929,-1.307558054142,
    3.125972835712));
#9701 = CARTESIAN_POINT('',(7.162795909848,-1.387965848617,
    3.093756531177));
#9702 = CARTESIAN_POINT('',(7.161805641763,-1.387965848617,
    3.093617358073));
#9703 = CARTESIAN_POINT('',(7.17117245606,-1.449013664533,3.034154307881
    ));
#9704 = CARTESIAN_POINT('',(7.170182187976,-1.449013664533,
    3.034015134778));
#9705 = ADVANCED_FACE('',(#9706),#9717,.F.);
#9706 = FACE_BOUND('',#9707,.F.);
#9707 = EDGE_LOOP('',(#9708,#9709,#9710,#9716));
#9708 = ORIENTED_EDGE('',*,*,#9690,.F.);
#9709 = ORIENTED_EDGE('',*,*,#9297,.T.);
#9710 = ORIENTED_EDGE('',*,*,#9711,.T.);
#9711 = EDGE_CURVE('',#9298,#839,#9712,.T.);
#9712 = LINE('',#9713,#9714);
#9713 = CARTESIAN_POINT('',(7.202105839987,-1.542499261111,2.81405184448
    ));
#9714 = VECTOR('',#9715,1.);
#9715 = DIRECTION('',(-0.990268068742,1.819092931022E-16,-0.13917310096)
  );
#9716 = ORIENTED_EDGE('',*,*,#847,.F.);
#9717 = B_SPLINE_SURFACE_WITH_KNOTS('',3,1,(
    (#9718,#9719)
    ,(#9720,#9721)
    ,(#9722,#9723)
    ,(#9724,#9725
    )),.UNSPECIFIED.,.F.,.F.,.F.,(4,4),(2,2),(6.,7.),(0.,1.),
  .PIECEWISE_BEZIER_KNOTS.);
#9718 = CARTESIAN_POINT('',(7.17117245606,-1.449013664533,3.034154307881
    ));
#9719 = CARTESIAN_POINT('',(7.170182187976,-1.449013664533,
    3.034015134778));
#9720 = CARTESIAN_POINT('',(7.179278787461,-1.508092239945,
    2.976474762876));
#9721 = CARTESIAN_POINT('',(7.178288519376,-1.508092239945,
    2.976335589772));
#9722 = CARTESIAN_POINT('',(7.190403767978,-1.541902915478,2.89731641334
    ));
#9723 = CARTESIAN_POINT('',(7.189413499893,-1.541902915478,
    2.897177240237));
#9724 = CARTESIAN_POINT('',(7.202105839987,-1.542499261111,2.81405184448
    ));
#9725 = CARTESIAN_POINT('',(7.201115571902,-1.542499261111,
    2.813912671377));
#9726 = ADVANCED_FACE('',(#9727),#9738,.F.);
#9727 = FACE_BOUND('',#9728,.F.);
#9728 = EDGE_LOOP('',(#9729,#9730,#9731,#9737));
#9729 = ORIENTED_EDGE('',*,*,#9711,.F.);
#9730 = ORIENTED_EDGE('',*,*,#9306,.T.);
#9731 = ORIENTED_EDGE('',*,*,#9732,.T.);
#9732 = EDGE_CURVE('',#9307,#830,#9733,.T.);
#9733 = LINE('',#9734,#9735);
#9734 = CARTESIAN_POINT('',(7.231850296017,-1.461883474894,
    2.602409042632));
#9735 = VECTOR('',#9736,1.);
#9736 = DIRECTION('',(-0.990268068742,1.819092931022E-16,-0.13917310096)
  );
#9737 = ORIENTED_EDGE('',*,*,#838,.F.);
#9738 = B_SPLINE_SURFACE_WITH_KNOTS('',3,1,(
    (#9739,#9740)
    ,(#9741,#9742)
    ,(#9743,#9744)
    ,(#9745,#9746
    )),.UNSPECIFIED.,.F.,.F.,.F.,(4,4),(2,2),(7.,8.),(0.,1.),
  .PIECEWISE_BEZIER_KNOTS.);
#9739 = CARTESIAN_POINT('',(7.202105839987,-1.542499261111,2.81405184448
    ));
#9740 = CARTESIAN_POINT('',(7.201115571902,-1.542499261111,
    2.813912671377));
#9741 = CARTESIAN_POINT('',(7.212991490299,-1.543054001332,
    2.736596417841));
#9742 = CARTESIAN_POINT('',(7.212001222214,-1.543054001332,
    2.736457244737));
#9743 = CARTESIAN_POINT('',(7.223633955349,-1.514263638714,
    2.660871344249));
#9744 = CARTESIAN_POINT('',(7.222643687265,-1.514263638714,
    2.660732171146));
#9745 = CARTESIAN_POINT('',(7.231850296017,-1.461883474894,
    2.602409042632));
#9746 = CARTESIAN_POINT('',(7.230860027932,-1.461883474894,
    2.602269869529));
#9747 = ADVANCED_FACE('',(#9748),#9759,.F.);
#9748 = FACE_BOUND('',#9749,.F.);
#9749 = EDGE_LOOP('',(#9750,#9751,#9752,#9758));
#9750 = ORIENTED_EDGE('',*,*,#9732,.F.);
#9751 = ORIENTED_EDGE('',*,*,#9315,.T.);
#9752 = ORIENTED_EDGE('',*,*,#9753,.T.);
#9753 = EDGE_CURVE('',#9316,#821,#9754,.T.);
#9754 = LINE('',#9755,#9756);
#9755 = CARTESIAN_POINT('',(7.245067484149,-1.306115912135,
    2.508363862385));
#9756 = VECTOR('',#9757,1.);
#9757 = DIRECTION('',(-0.990268068742,1.819092931022E-16,-0.13917310096)
  );
#9758 = ORIENTED_EDGE('',*,*,#829,.F.);
#9759 = B_SPLINE_SURFACE_WITH_KNOTS('',3,1,(
    (#9760,#9761)
    ,(#9762,#9763)
    ,(#9764,#9765)
    ,(#9766,#9767
    )),.UNSPECIFIED.,.F.,.F.,.F.,(4,4),(2,2),(8.,9.),(0.,1.),
  .PIECEWISE_BEZIER_KNOTS.);
#9760 = CARTESIAN_POINT('',(7.231850296017,-1.461883474894,
    2.602409042632));
#9761 = CARTESIAN_POINT('',(7.230860027932,-1.461883474894,
    2.602269869529));
#9762 = CARTESIAN_POINT('',(7.238424153057,-1.419197178966,
    2.555633619288));
#9763 = CARTESIAN_POINT('',(7.237433884973,-1.419197178966,
    2.555494446185));
#9764 = CARTESIAN_POINT('',(7.242830522363,-1.366622837739,
    2.524280672545));
#9765 = CARTESIAN_POINT('',(7.241840254278,-1.366622837739,
    2.524141499441));
#9766 = CARTESIAN_POINT('',(7.245067484149,-1.306115912135,
    2.508363862385));
#9767 = CARTESIAN_POINT('',(7.244077216064,-1.306115912135,
    2.508224689281));
#9768 = ADVANCED_FACE('',(#9769),#9780,.F.);
#9769 = FACE_BOUND('',#9770,.F.);
#9770 = EDGE_LOOP('',(#9771,#9772,#9773,#9779));
#9771 = ORIENTED_EDGE('',*,*,#9753,.F.);
#9772 = ORIENTED_EDGE('',*,*,#9324,.T.);
#9773 = ORIENTED_EDGE('',*,*,#9774,.T.);
#9774 = EDGE_CURVE('',#9325,#812,#9775,.T.);
#9775 = LINE('',#9776,#9777);
#9776 = CARTESIAN_POINT('',(7.263756449299,-1.12129446629,2.375384965613
    ));
#9777 = VECTOR('',#9778,1.);
#9778 = DIRECTION('',(-0.990268068742,1.819092931022E-16,-0.13917310096)
  );
#9779 = ORIENTED_EDGE('',*,*,#820,.F.);
#9780 = B_SPLINE_SURFACE_WITH_KNOTS('',3,1,(
    (#9781,#9782)
    ,(#9783,#9784)
    ,(#9785,#9786)
    ,(#9787,#9788
    )),.UNSPECIFIED.,.F.,.F.,.F.,(4,4),(2,2),(9.,10.),(0.,1.),
  .PIECEWISE_BEZIER_KNOTS.);
#9781 = CARTESIAN_POINT('',(7.245067484149,-1.306115912135,
    2.508363862385));
#9782 = CARTESIAN_POINT('',(7.244077216064,-1.306115912135,
    2.508224689281));
#9783 = CARTESIAN_POINT('',(7.255978226063,-1.281250245353,
    2.430729899723));
#9784 = CARTESIAN_POINT('',(7.254987957978,-1.281250245353,
    2.430590726619));
#9785 = CARTESIAN_POINT('',(7.263671523861,-1.207332784133,
    2.375989241504));
#9786 = CARTESIAN_POINT('',(7.262681255776,-1.207332784133,2.3758500684)
  );
#9787 = CARTESIAN_POINT('',(7.263756449299,-1.12129446629,2.375384965613
    ));
#9788 = CARTESIAN_POINT('',(7.262766181214,-1.12129446629,2.37524579251)
  );
#9789 = ADVANCED_FACE('',(#9790),#9801,.F.);
#9790 = FACE_BOUND('',#9791,.F.);
#9791 = EDGE_LOOP('',(#9792,#9793,#9794,#9800));
#9792 = ORIENTED_EDGE('',*,*,#9774,.F.);
#9793 = ORIENTED_EDGE('',*,*,#9333,.T.);
#9794 = ORIENTED_EDGE('',*,*,#9795,.T.);
#9795 = EDGE_CURVE('',#9334,#803,#9796,.T.);
#9796 = LINE('',#9797,#9798);
#9797 = CARTESIAN_POINT('',(7.236735335811,-0.924366052084,
    2.567650178387));
#9798 = VECTOR('',#9799,1.);
#9799 = DIRECTION('',(-0.990268068742,1.819092931022E-16,-0.13917310096)
  );
#9800 = ORIENTED_EDGE('',*,*,#811,.F.);
#9801 = B_SPLINE_SURFACE_WITH_KNOTS('',3,1,(
    (#9802,#9803)
    ,(#9804,#9805)
    ,(#9806,#9807)
    ,(#9808,#9809
    )),.UNSPECIFIED.,.F.,.F.,.F.,(4,4),(2,2),(10.,11.),(0.,1.),
  .PIECEWISE_BEZIER_KNOTS.);
#9802 = CARTESIAN_POINT('',(7.263756449299,-1.12129446629,2.375384965613
    ));
#9803 = CARTESIAN_POINT('',(7.262766181214,-1.12129446629,2.37524579251)
  );
#9804 = CARTESIAN_POINT('',(7.26386260606,-1.013746606283,2.374629621012
    ));
#9805 = CARTESIAN_POINT('',(7.262872337975,-1.013746606283,
    2.374490447909));
#9806 = CARTESIAN_POINT('',(7.25170310499,-0.925128819889,2.46114896676)
  );
#9807 = CARTESIAN_POINT('',(7.250712836906,-0.925128819889,
    2.461009793656));
#9808 = CARTESIAN_POINT('',(7.236735335811,-0.924366052084,
    2.567650178387));
#9809 = CARTESIAN_POINT('',(7.235745067727,-0.924366052084,
    2.567511005284));
#9810 = ADVANCED_FACE('',(#9811),#9822,.F.);
#9811 = FACE_BOUND('',#9812,.T.);
#9812 = EDGE_LOOP('',(#9813,#9814,#9820,#9821));
#9813 = ORIENTED_EDGE('',*,*,#802,.T.);
#9814 = ORIENTED_EDGE('',*,*,#9815,.F.);
#9815 = EDGE_CURVE('',#9343,#795,#9816,.T.);
#9816 = LINE('',#9817,#9818);
#9817 = CARTESIAN_POINT('',(7.234013923233,-0.924227367029,
    2.587014035048));
#9818 = VECTOR('',#9819,1.);
#9819 = DIRECTION('',(-0.990268068742,1.819092931022E-16,-0.13917310096)
  );
#9820 = ORIENTED_EDGE('',*,*,#9342,.F.);
#9821 = ORIENTED_EDGE('',*,*,#9795,.T.);
#9822 = PLANE('',#9823);
#9823 = AXIS2_PLACEMENT_3D('',#9824,#9825,#9826);
#9824 = CARTESIAN_POINT('',(7.236735335811,-0.924366052084,
    2.567650178387));
#9825 = DIRECTION('',(-9.870404757933E-04,-0.999974850186,
    7.023157916226E-03));
#9826 = DIRECTION('',(2.125205664661E-18,-7.023161337381E-03,
    -0.999975337298));
#9827 = ADVANCED_FACE('',(#9828),#9839,.F.);
#9828 = FACE_BOUND('',#9829,.T.);
#9829 = EDGE_LOOP('',(#9830,#9831,#9837,#9838));
#9830 = ORIENTED_EDGE('',*,*,#794,.T.);
#9831 = ORIENTED_EDGE('',*,*,#9832,.F.);
#9832 = EDGE_CURVE('',#9352,#787,#9833,.T.);
#9833 = LINE('',#9834,#9835);
#9834 = CARTESIAN_POINT('',(7.214145688404,-0.649442908561,
    2.728383871592));
#9835 = VECTOR('',#9836,1.);
#9836 = DIRECTION('',(-0.990268068742,1.819092931022E-16,-0.13917310096)
  );
#9837 = ORIENTED_EDGE('',*,*,#9351,.F.);
#9838 = ORIENTED_EDGE('',*,*,#9815,.T.);
#9839 = PLANE('',#9840);
#9840 = AXIS2_PLACEMENT_3D('',#9841,#9842,#9843);
#9841 = CARTESIAN_POINT('',(7.234013923233,-0.924227367029,
    2.587014035048));
#9842 = DIRECTION('',(-0.123500392506,-0.461025394856,0.878750953541));
#9843 = DIRECTION('',(3.448630270242E-15,-0.885530108597,-0.464581991437
    ));
#9844 = ADVANCED_FACE('',(#9845),#9856,.F.);
#9845 = FACE_BOUND('',#9846,.T.);
#9846 = EDGE_LOOP('',(#9847,#9848,#9854,#9855));
#9847 = ORIENTED_EDGE('',*,*,#786,.T.);
#9848 = ORIENTED_EDGE('',*,*,#9849,.F.);
#9849 = EDGE_CURVE('',#9360,#779,#9850,.T.);
#9850 = LINE('',#9851,#9852);
#9851 = CARTESIAN_POINT('',(7.199662364845,-0.709325732503,
    2.831438073522));
#9852 = VECTOR('',#9853,1.);
#9853 = DIRECTION('',(-0.990268068742,1.819092931022E-16,-0.13917310096)
  );
#9854 = ORIENTED_EDGE('',*,*,#9359,.F.);
#9855 = ORIENTED_EDGE('',*,*,#9832,.T.);
#9856 = PLANE('',#9857);
#9857 = AXIS2_PLACEMENT_3D('',#9858,#9859,#9860);
#9858 = CARTESIAN_POINT('',(7.214145688404,-0.649442908561,
    2.728383871592));
#9859 = DIRECTION('',(6.941237106614E-02,-0.866746770637,-0.493894683443
    ));
#9860 = DIRECTION('',(7.712580574193E-15,0.495088811602,-0.868842372716)
  );
#9861 = ADVANCED_FACE('',(#9862),#9873,.F.);
#9862 = FACE_BOUND('',#9863,.T.);
#9863 = EDGE_LOOP('',(#9864,#9865,#9871,#9872));
#9864 = ORIENTED_EDGE('',*,*,#778,.T.);
#9865 = ORIENTED_EDGE('',*,*,#9866,.F.);
#9866 = EDGE_CURVE('',#9368,#770,#9867,.T.);
#9867 = LINE('',#9868,#9869);
#9868 = CARTESIAN_POINT('',(7.218453616426,-0.972322215723,
    2.697731370973));
#9869 = VECTOR('',#9870,1.);
#9870 = DIRECTION('',(-0.990268068742,1.819092931022E-16,-0.13917310096)
  );
#9871 = ORIENTED_EDGE('',*,*,#9367,.F.);
#9872 = ORIENTED_EDGE('',*,*,#9849,.T.);
#9873 = PLANE('',#9874);
#9874 = AXIS2_PLACEMENT_3D('',#9875,#9876,#9877);
#9875 = CARTESIAN_POINT('',(7.199662364845,-0.709325732503,
    2.831438073522));
#9876 = DIRECTION('',(0.123809832177,0.456720276353,-0.880952731209));
#9877 = DIRECTION('',(2.044892033481E-14,0.887783368736,0.460261545423)
  );
#9878 = ADVANCED_FACE('',(#9879),#9890,.F.);
#9879 = FACE_BOUND('',#9880,.F.);
#9880 = EDGE_LOOP('',(#9881,#9882,#9883,#9889));
#9881 = ORIENTED_EDGE('',*,*,#9866,.F.);
#9882 = ORIENTED_EDGE('',*,*,#9375,.T.);
#9883 = ORIENTED_EDGE('',*,*,#9884,.T.);
#9884 = EDGE_CURVE('',#9376,#761,#9885,.T.);
#9885 = LINE('',#9886,#9887);
#9886 = CARTESIAN_POINT('',(7.20905605548,-1.118506859325,2.764598491594
    ));
#9887 = VECTOR('',#9888,1.);
#9888 = DIRECTION('',(-0.990268068742,1.819092931022E-16,-0.13917310096)
  );
#9889 = ORIENTED_EDGE('',*,*,#769,.F.);
#9890 = B_SPLINE_SURFACE_WITH_KNOTS('',3,1,(
    (#9891,#9892)
    ,(#9893,#9894)
    ,(#9895,#9896)
    ,(#9897,#9898
    )),.UNSPECIFIED.,.F.,.F.,.F.,(4,4),(2,2),(15.,16.),(0.,1.),
  .PIECEWISE_BEZIER_KNOTS.);
#9891 = CARTESIAN_POINT('',(7.218453616426,-0.972322215723,
    2.697731370973));
#9892 = CARTESIAN_POINT('',(7.217463348342,-0.972322215723,
    2.697592197869));
#9893 = CARTESIAN_POINT('',(7.212703906777,-1.007228443593,
    2.738642680927));
#9894 = CARTESIAN_POINT('',(7.211713638692,-1.007228443593,
    2.738503507824));
#9895 = CARTESIAN_POINT('',(7.209113959168,-1.05984439023,2.764186485447
    ));
#9896 = CARTESIAN_POINT('',(7.208123691083,-1.05984439023,2.764047312344
    ));
#9897 = CARTESIAN_POINT('',(7.20905605548,-1.118506859325,2.764598491594
    ));
#9898 = CARTESIAN_POINT('',(7.208065787395,-1.118506859325,2.76445931849
    ));
#9899 = ADVANCED_FACE('',(#9900),#9911,.F.);
#9900 = FACE_BOUND('',#9901,.F.);
#9901 = EDGE_LOOP('',(#9902,#9903,#9904,#9910));
#9902 = ORIENTED_EDGE('',*,*,#9884,.F.);
#9903 = ORIENTED_EDGE('',*,*,#9384,.T.);
#9904 = ORIENTED_EDGE('',*,*,#9905,.T.);
#9905 = EDGE_CURVE('',#9385,#752,#9906,.T.);
#9906 = LINE('',#9907,#9908);
#9907 = CARTESIAN_POINT('',(7.226835947986,-1.303231243116,
    2.638087982794));
#9908 = VECTOR('',#9909,1.);
#9909 = DIRECTION('',(-0.990268068742,1.819092931022E-16,-0.13917310096)
  );
#9910 = ORIENTED_EDGE('',*,*,#760,.F.);
#9911 = B_SPLINE_SURFACE_WITH_KNOTS('',3,1,(
    (#9912,#9913)
    ,(#9914,#9915)
    ,(#9916,#9917)
    ,(#9918,#9919
    )),.UNSPECIFIED.,.F.,.F.,.F.,(4,4),(2,2),(16.,17.),(0.,1.),
  .PIECEWISE_BEZIER_KNOTS.);
#9912 = CARTESIAN_POINT('',(7.20905605548,-1.118506859325,2.764598491594
    ));
#9913 = CARTESIAN_POINT('',(7.208065787395,-1.118506859325,2.76445931849
    ));
#9914 = CARTESIAN_POINT('',(7.208973060172,-1.202589754073,
    2.765189033893));
#9915 = CARTESIAN_POINT('',(7.207982792088,-1.202589754073,2.76504986079
    ));
#9916 = CARTESIAN_POINT('',(7.216521598788,-1.275328428295,
    2.711478390778));
#9917 = CARTESIAN_POINT('',(7.215531330704,-1.275328428295,
    2.711339217674));
#9918 = CARTESIAN_POINT('',(7.226835947986,-1.303231243116,
    2.638087982794));
#9919 = CARTESIAN_POINT('',(7.225845679901,-1.303231243116,2.63794880969
    ));
#9920 = ADVANCED_FACE('',(#9921),#9932,.F.);
#9921 = FACE_BOUND('',#9922,.F.);
#9922 = EDGE_LOOP('',(#9923,#9924,#9925,#9931));
#9923 = ORIENTED_EDGE('',*,*,#9905,.F.);
#9924 = ORIENTED_EDGE('',*,*,#9393,.T.);
#9925 = ORIENTED_EDGE('',*,*,#9926,.T.);
#9926 = EDGE_CURVE('',#9394,#743,#9927,.T.);
#9927 = LINE('',#9928,#9929);
#9928 = CARTESIAN_POINT('',(7.201683142817,-1.419280278691,
    2.817059491126));
#9929 = VECTOR('',#9930,1.);
#9930 = DIRECTION('',(-0.990268068742,1.819092931022E-16,-0.13917310096)
  );
#9931 = ORIENTED_EDGE('',*,*,#751,.F.);
#9932 = B_SPLINE_SURFACE_WITH_KNOTS('',3,1,(
    (#9933,#9934)
    ,(#9935,#9936)
    ,(#9937,#9938)
    ,(#9939,#9940
    )),.UNSPECIFIED.,.F.,.F.,.F.,(4,4),(2,2),(17.,18.),(0.,1.),
  .PIECEWISE_BEZIER_KNOTS.);
#9933 = CARTESIAN_POINT('',(7.226835947986,-1.303231243116,
    2.638087982794));
#9934 = CARTESIAN_POINT('',(7.225845679901,-1.303231243116,2.63794880969
    ));
#9935 = CARTESIAN_POINT('',(7.222414132521,-1.371448894252,
    2.669550834671));
#9936 = CARTESIAN_POINT('',(7.221423864436,-1.371448894252,
    2.669411661568));
#9937 = CARTESIAN_POINT('',(7.212840935425,-1.419848887471,
    2.737667671434));
#9938 = CARTESIAN_POINT('',(7.21185066734,-1.419848887471,2.737528498331
    ));
#9939 = CARTESIAN_POINT('',(7.201683142817,-1.419280278691,
    2.817059491126));
#9940 = CARTESIAN_POINT('',(7.200692874732,-1.419280278691,
    2.816920318022));
#9941 = ADVANCED_FACE('',(#9942),#9953,.F.);
#9942 = FACE_BOUND('',#9943,.F.);
#9943 = EDGE_LOOP('',(#9944,#9945,#9946,#9952));
#9944 = ORIENTED_EDGE('',*,*,#9926,.F.);
#9945 = ORIENTED_EDGE('',*,*,#9402,.T.);
#9946 = ORIENTED_EDGE('',*,*,#9947,.T.);
#9947 = EDGE_CURVE('',#9403,#734,#9948,.T.);
#9948 = LINE('',#9949,#9950);
#9949 = CARTESIAN_POINT('',(7.174662029329,-1.222351864486,
    3.009324703899));
#9950 = VECTOR('',#9951,1.);
#9951 = DIRECTION('',(-0.990268068742,1.819092931022E-16,-0.13917310096)
  );
#9952 = ORIENTED_EDGE('',*,*,#742,.F.);
#9953 = B_SPLINE_SURFACE_WITH_KNOTS('',3,1,(
    (#9954,#9955)
    ,(#9956,#9957)
    ,(#9958,#9959)
    ,(#9960,#9961
    )),.UNSPECIFIED.,.F.,.F.,.F.,(4,4),(2,2),(18.,19.),(0.,1.),
  .PIECEWISE_BEZIER_KNOTS.);
#9954 = CARTESIAN_POINT('',(7.201683142817,-1.419280278691,
    2.817059491126));
#9955 = CARTESIAN_POINT('',(7.200692874732,-1.419280278691,
    2.816920318022));
#9956 = CARTESIAN_POINT('',(7.186715373638,-1.418517510886,
    2.923560702753));
#9957 = CARTESIAN_POINT('',(7.185725105553,-1.418517510886,2.92342152965
    ));
#9958 = CARTESIAN_POINT('',(7.174555872568,-1.329899724493,
    3.010080048501));
#9959 = CARTESIAN_POINT('',(7.173565604484,-1.329899724493,
    3.009940875397));
#9960 = CARTESIAN_POINT('',(7.174662029329,-1.222351864486,
    3.009324703899));
#9961 = CARTESIAN_POINT('',(7.173671761244,-1.222351864486,
    3.009185530796));
#9962 = ADVANCED_FACE('',(#9963),#9974,.F.);
#9963 = FACE_BOUND('',#9964,.F.);
#9964 = EDGE_LOOP('',(#9965,#9966,#9967,#9973));
#9965 = ORIENTED_EDGE('',*,*,#9947,.F.);
#9966 = ORIENTED_EDGE('',*,*,#9411,.T.);
#9967 = ORIENTED_EDGE('',*,*,#9968,.T.);
#9968 = EDGE_CURVE('',#9412,#725,#9969,.T.);
#9969 = LINE('',#9970,#9971);
#9970 = CARTESIAN_POINT('',(7.178846444696,-1.118922878253,
    2.979551041489));
#9971 = VECTOR('',#9972,1.);
#9972 = DIRECTION('',(-0.990268068742,1.819092931022E-16,-0.13917310096)
  );
#9973 = ORIENTED_EDGE('',*,*,#733,.F.);
#9974 = B_SPLINE_SURFACE_WITH_KNOTS('',3,1,(
    (#9975,#9976)
    ,(#9977,#9978)
    ,(#9979,#9980)
    ,(#9981,#9982
    )),.UNSPECIFIED.,.F.,.F.,.F.,(4,4),(2,2),(19.,20.),(0.,1.),
  .PIECEWISE_BEZIER_KNOTS.);
#9975 = CARTESIAN_POINT('',(7.174662029329,-1.222351864486,
    3.009324703899));
#9976 = CARTESIAN_POINT('',(7.173671761244,-1.222351864486,
    3.009185530796));
#9977 = CARTESIAN_POINT('',(7.174698701657,-1.185198974851,
    3.009063766726));
#9978 = CARTESIAN_POINT('',(7.173708433573,-1.185198974851,
    3.008924593623));
#9979 = CARTESIAN_POINT('',(7.17636822257,-1.148129296303,2.997184508171
    ));
#9980 = CARTESIAN_POINT('',(7.175377954486,-1.148129296303,
    2.997045335068));
#9981 = CARTESIAN_POINT('',(7.178846444696,-1.118922878253,
    2.979551041489));
#9982 = CARTESIAN_POINT('',(7.177856176612,-1.118922878253,
    2.979411868386));
#9983 = ADVANCED_FACE('',(#9984),#9995,.F.);
#9984 = FACE_BOUND('',#9985,.F.);
#9985 = EDGE_LOOP('',(#9986,#9987,#9988,#9994));
#9986 = ORIENTED_EDGE('',*,*,#9968,.F.);
#9987 = ORIENTED_EDGE('',*,*,#9420,.T.);
#9988 = ORIENTED_EDGE('',*,*,#9989,.T.);
#9989 = EDGE_CURVE('',#9421,#716,#9990,.T.);
#9990 = LINE('',#9991,#9992);
#9991 = CARTESIAN_POINT('',(7.152979534909,-0.855565851926,
    3.163603668202));
#9992 = VECTOR('',#9993,1.);
#9993 = DIRECTION('',(-0.990268068742,1.819092931022E-16,-0.13917310096)
  );
#9994 = ORIENTED_EDGE('',*,*,#724,.F.);
#9995 = B_SPLINE_SURFACE_WITH_KNOTS('',3,1,(
    (#9996,#9997)
    ,(#9998,#9999)
    ,(#10000,#10001)
    ,(#10002,#10003
    )),.UNSPECIFIED.,.F.,.F.,.F.,(4,4),(2,2),(20.,21.),(0.,1.),
  .PIECEWISE_BEZIER_KNOTS.);
#9996 = CARTESIAN_POINT('',(7.178846444696,-1.118922878253,
    2.979551041489));
#9997 = CARTESIAN_POINT('',(7.177856176612,-1.118922878253,
    2.979411868386));
#9998 = CARTESIAN_POINT('',(7.163643221085,-1.080993390346,
    3.087727598458));
#9999 = CARTESIAN_POINT('',(7.162652953,-1.080993390346,3.087588425355)
  );
#10000 = CARTESIAN_POINT('',(7.15285793718,-0.978757022107,
    3.164468881004));
#10001 = CARTESIAN_POINT('',(7.151867669095,-0.978757022107,
    3.164329707901));
#10002 = CARTESIAN_POINT('',(7.152979534909,-0.855565851926,
    3.163603668202));
#10003 = CARTESIAN_POINT('',(7.151989266824,-0.855565851926,
    3.163464495099));
#10004 = ADVANCED_FACE('',(#10005),#10016,.F.);
#10005 = FACE_BOUND('',#10006,.F.);
#10006 = EDGE_LOOP('',(#10007,#10008,#10009,#10015));
#10007 = ORIENTED_EDGE('',*,*,#9989,.F.);
#10008 = ORIENTED_EDGE('',*,*,#9429,.T.);
#10009 = ORIENTED_EDGE('',*,*,#10010,.T.);
#10010 = EDGE_CURVE('',#9430,#707,#10011,.T.);
#10011 = LINE('',#10012,#10013);
#10012 = CARTESIAN_POINT('',(7.187267409343,-0.583541226009,
    2.919632764611));
#10013 = VECTOR('',#10014,1.);
#10014 = DIRECTION('',(-0.990268068742,1.819092931022E-16,-0.13917310096
    ));
#10015 = ORIENTED_EDGE('',*,*,#715,.F.);
#10016 = B_SPLINE_SURFACE_WITH_KNOTS('',3,1,(
    (#10017,#10018)
    ,(#10019,#10020)
    ,(#10021,#10022)
    ,(#10023,#10024
    )),.UNSPECIFIED.,.F.,.F.,.F.,(4,4),(2,2),(21.,22.),(0.,1.),
  .PIECEWISE_BEZIER_KNOTS.);
#10017 = CARTESIAN_POINT('',(7.152979534909,-0.855565851926,
    3.163603668202));
#10018 = CARTESIAN_POINT('',(7.151989266824,-0.855565851926,
    3.163464495099));
#10019 = CARTESIAN_POINT('',(7.153118503774,-0.714775911178,
    3.162614853347));
#10020 = CARTESIAN_POINT('',(7.152128235689,-0.714775911178,
    3.162475680244));
#10021 = CARTESIAN_POINT('',(7.168202080328,-0.598213740794,
    3.055289629427));
#10022 = CARTESIAN_POINT('',(7.167211812244,-0.598213740794,
    3.055150456324));
#10023 = CARTESIAN_POINT('',(7.187267409343,-0.583541226009,
    2.919632764611));
#10024 = CARTESIAN_POINT('',(7.186277141258,-0.583541226009,
    2.919493591508));
#10025 = ADVANCED_FACE('',(#10026),#10037,.F.);
#10026 = FACE_BOUND('',#10027,.T.);
#10027 = EDGE_LOOP('',(#10028,#10029,#10035,#10036));
#10028 = ORIENTED_EDGE('',*,*,#706,.T.);
#10029 = ORIENTED_EDGE('',*,*,#10030,.F.);
#10030 = EDGE_CURVE('',#9439,#698,#10031,.T.);
#10031 = LINE('',#10032,#10033);
#10032 = CARTESIAN_POINT('',(7.187282850311,-0.567897915835,
    2.91952289641));
#10033 = VECTOR('',#10034,1.);
#10034 = DIRECTION('',(-0.990268068742,1.819092931022E-16,-0.13917310096
    ));
#10035 = ORIENTED_EDGE('',*,*,#9438,.F.);
#10036 = ORIENTED_EDGE('',*,*,#10010,.T.);
#10037 = PLANE('',#10038);
#10038 = AXIS2_PLACEMENT_3D('',#10039,#10040,#10041);
#10039 = CARTESIAN_POINT('',(7.187267409343,-0.583541226009,
    2.919632764611));
#10040 = DIRECTION('',(-0.139169600782,7.092178509938E-03,0.990243163684
    ));
#10041 = DIRECTION('',(-0.990268068742,2.712673835559E-15,-0.13917310096
    ));
#10042 = ADVANCED_FACE('',(#10043),#10054,.F.);
#10043 = FACE_BOUND('',#10044,.F.);
#10044 = EDGE_LOOP('',(#10045,#10046,#10047,#10053));
#10045 = ORIENTED_EDGE('',*,*,#10030,.F.);
#10046 = ORIENTED_EDGE('',*,*,#9447,.T.);
#10047 = ORIENTED_EDGE('',*,*,#10048,.T.);
#10048 = EDGE_CURVE('',#9448,#689,#10049,.T.);
#10049 = LINE('',#10050,#10051);
#10050 = CARTESIAN_POINT('',(7.208660415917,-0.416457254433,
    2.767413613365));
#10051 = VECTOR('',#10052,1.);
#10052 = DIRECTION('',(-0.990268068742,1.819092931022E-16,-0.13917310096
    ));
#10053 = ORIENTED_EDGE('',*,*,#697,.F.);
#10054 = B_SPLINE_SURFACE_WITH_KNOTS('',3,1,(
    (#10055,#10056)
    ,(#10057,#10058)
    ,(#10059,#10060)
    ,(#10061,#10062
    )),.UNSPECIFIED.,.F.,.F.,.F.,(4,4),(2,2),(23.,24.),(0.,1.),
  .PIECEWISE_BEZIER_KNOTS.);
#10055 = CARTESIAN_POINT('',(7.187282850311,-0.567897915835,
    2.91952289641));
#10056 = CARTESIAN_POINT('',(7.186292582227,-0.567897915835,
    2.919383723307));
#10057 = CARTESIAN_POINT('',(7.187365845582,-0.483815058384,
    2.918932354372));
#10058 = CARTESIAN_POINT('',(7.186375577498,-0.483815058384,
    2.918793181269));
#10059 = CARTESIAN_POINT('',(7.196958343908,-0.415860908801,
    2.850678182227));
#10060 = CARTESIAN_POINT('',(7.195968075823,-0.415860908801,
    2.850539009124));
#10061 = CARTESIAN_POINT('',(7.208660415917,-0.416457254433,
    2.767413613365));
#10062 = CARTESIAN_POINT('',(7.207670147832,-0.416457254433,
    2.767274440262));
#10063 = ADVANCED_FACE('',(#10064),#10075,.F.);
#10064 = FACE_BOUND('',#10065,.F.);
#10065 = EDGE_LOOP('',(#10066,#10067,#10068,#10074));
#10066 = ORIENTED_EDGE('',*,*,#10048,.F.);
#10067 = ORIENTED_EDGE('',*,*,#9456,.T.);
#10068 = ORIENTED_EDGE('',*,*,#10069,.T.);
#10069 = EDGE_CURVE('',#9457,#681,#10070,.T.);
#10070 = LINE('',#10071,#10072);
#10071 = CARTESIAN_POINT('',(7.229748463083,-0.558328938507,
    2.61736436105));
#10072 = VECTOR('',#10073,1.);
#10073 = DIRECTION('',(-0.990268068742,1.819092931022E-16,-0.13917310096
    ));
#10074 = ORIENTED_EDGE('',*,*,#688,.F.);
#10075 = B_SPLINE_SURFACE_WITH_KNOTS('',3,1,(
    (#10076,#10077)
    ,(#10078,#10079)
    ,(#10080,#10081)
    ,(#10082,#10083
    )),.UNSPECIFIED.,.F.,.F.,.F.,(4,4),(2,2),(24.,25.),(0.,1.),
  .PIECEWISE_BEZIER_KNOTS.);
#10076 = CARTESIAN_POINT('',(7.208660415917,-0.416457254433,
    2.767413613365));
#10077 = CARTESIAN_POINT('',(7.207670147832,-0.416457254433,
    2.767274440262));
#10078 = CARTESIAN_POINT('',(7.219818208525,-0.417025863214,
    2.688021793673));
#10079 = CARTESIAN_POINT('',(7.21882794044,-0.417025863214,2.68788262057
    ));
#10080 = CARTESIAN_POINT('',(7.22901117647,-0.478115247244,
    2.622610427894));
#10081 = CARTESIAN_POINT('',(7.228020908386,-0.478115247244,
    2.622471254791));
#10082 = CARTESIAN_POINT('',(7.229748463083,-0.558328938507,
    2.61736436105));
#10083 = CARTESIAN_POINT('',(7.228758194999,-0.558328938507,
    2.617225187947));
#10084 = ADVANCED_FACE('',(#10085),#10096,.F.);
#10085 = FACE_BOUND('',#10086,.T.);
#10086 = EDGE_LOOP('',(#10087,#10088,#10094,#10095));
#10087 = ORIENTED_EDGE('',*,*,#680,.T.);
#10088 = ORIENTED_EDGE('',*,*,#10089,.F.);
#10089 = EDGE_CURVE('',#9466,#672,#10090,.T.);
#10090 = LINE('',#10091,#10092);
#10091 = CARTESIAN_POINT('',(7.229661607552,-0.646322642149,
    2.617982370269));
#10092 = VECTOR('',#10093,1.);
#10093 = DIRECTION('',(-0.990268068742,1.819092931022E-16,-0.13917310096
    ));
#10094 = ORIENTED_EDGE('',*,*,#9465,.F.);
#10095 = ORIENTED_EDGE('',*,*,#10069,.T.);
#10096 = PLANE('',#10097);
#10097 = AXIS2_PLACEMENT_3D('',#10098,#10099,#10100);
#10098 = CARTESIAN_POINT('',(7.229748463083,-0.558328938507,
    2.61736436105));
#10099 = DIRECTION('',(0.139169600782,-7.092178509962E-03,
    -0.990243163684));
#10100 = DIRECTION('',(0.990268068742,-2.712673835559E-15,0.13917310096)
  );
#10101 = ADVANCED_FACE('',(#10102),#10113,.F.);
#10102 = FACE_BOUND('',#10103,.F.);
#10103 = EDGE_LOOP('',(#10104,#10105,#10106,#10112));
#10104 = ORIENTED_EDGE('',*,*,#10089,.F.);
#10105 = ORIENTED_EDGE('',*,*,#9473,.T.);
#10106 = ORIENTED_EDGE('',*,*,#10107,.T.);
#10107 = EDGE_CURVE('',#9474,#663,#10108,.T.);
#10108 = LINE('',#10109,#10110);
#10109 = CARTESIAN_POINT('',(7.229377889739,-0.658041237837,
    2.620001127408));
#10110 = VECTOR('',#10111,1.);
#10111 = DIRECTION('',(-0.990268068742,1.819092931022E-16,-0.13917310096
    ));
#10112 = ORIENTED_EDGE('',*,*,#671,.F.);
#10113 = B_SPLINE_SURFACE_WITH_KNOTS('',3,1,(
    (#10114,#10115)
    ,(#10116,#10117)
    ,(#10118,#10119)
    ,(#10120,#10121
    )),.UNSPECIFIED.,.F.,.F.,.F.,(4,4),(2,2),(26.,27.),(0.,1.),
  .PIECEWISE_BEZIER_KNOTS.);
#10114 = CARTESIAN_POINT('',(7.229661607552,-0.646322642149,
    2.617982370269));
#10115 = CARTESIAN_POINT('',(7.228671339467,-0.646322642149,
    2.617843197166));
#10116 = CARTESIAN_POINT('',(7.229657747291,-0.650233488341,
    2.61800983745));
#10117 = CARTESIAN_POINT('',(7.228667479207,-0.650233488341,
    2.617870664347));
#10118 = CARTESIAN_POINT('',(7.229381749926,-0.654130466239,
    2.61997366075));
#10119 = CARTESIAN_POINT('',(7.228391481841,-0.654130466239,
    2.619834487647));
#10120 = CARTESIAN_POINT('',(7.229377889739,-0.658041237837,
    2.620001127408));
#10121 = CARTESIAN_POINT('',(7.228387621654,-0.658041237837,
    2.619861954304));
#10122 = ADVANCED_FACE('',(#10123),#10134,.F.);
#10123 = FACE_BOUND('',#10124,.F.);
#10124 = EDGE_LOOP('',(#10125,#10126,#10127,#10133));
#10125 = ORIENTED_EDGE('',*,*,#10107,.F.);
#10126 = ORIENTED_EDGE('',*,*,#9482,.T.);
#10127 = ORIENTED_EDGE('',*,*,#10128,.T.);
#10128 = EDGE_CURVE('',#9483,#654,#10129,.T.);
#10129 = LINE('',#10130,#10131);
#10130 = CARTESIAN_POINT('',(7.237754430797,-0.719089016191,
    2.560398940785));
#10131 = VECTOR('',#10132,1.);
#10132 = DIRECTION('',(-0.990268068742,1.819092931022E-16,-0.13917310096
    ));
#10133 = ORIENTED_EDGE('',*,*,#662,.F.);
#10134 = B_SPLINE_SURFACE_WITH_KNOTS('',3,1,(
    (#10135,#10136)
    ,(#10137,#10138)
    ,(#10139,#10140)
    ,(#10141,#10142
    )),.UNSPECIFIED.,.F.,.F.,.F.,(4,4),(2,2),(27.,28.),(0.,1.),
  .PIECEWISE_BEZIER_KNOTS.);
#10135 = CARTESIAN_POINT('',(7.229377889739,-0.658041237837,
    2.620001127408));
#10136 = CARTESIAN_POINT('',(7.228387621654,-0.658041237837,
    2.619861954304));
#10137 = CARTESIAN_POINT('',(7.229345077634,-0.691283318576,
    2.620234597662));
#10138 = CARTESIAN_POINT('',(7.22835480955,-0.691283318576,
    2.620095424559));
#10139 = CARTESIAN_POINT('',(7.233128037719,-0.71885325202,
    2.593317438013));
#10140 = CARTESIAN_POINT('',(7.232137769634,-0.71885325202,
    2.593178264909));
#10141 = CARTESIAN_POINT('',(7.237754430797,-0.719089016191,
    2.560398940785));
#10142 = CARTESIAN_POINT('',(7.236764162712,-0.719089016191,
    2.560259767682));
#10143 = ADVANCED_FACE('',(#10144),#10155,.F.);
#10144 = FACE_BOUND('',#10145,.F.);
#10145 = EDGE_LOOP('',(#10146,#10147,#10148,#10154));
#10146 = ORIENTED_EDGE('',*,*,#10128,.F.);
#10147 = ORIENTED_EDGE('',*,*,#9491,.T.);
#10148 = ORIENTED_EDGE('',*,*,#10149,.T.);
#10149 = EDGE_CURVE('',#9492,#646,#10150,.T.);
#10150 = LINE('',#10151,#10152);
#10151 = CARTESIAN_POINT('',(7.24624677923,-0.662811856356,
    2.499972741869));
#10152 = VECTOR('',#10153,1.);
#10153 = DIRECTION('',(-0.990268068742,1.819092931022E-16,-0.13917310096
    ));
#10154 = ORIENTED_EDGE('',*,*,#653,.F.);
#10155 = B_SPLINE_SURFACE_WITH_KNOTS('',3,1,(
    (#10156,#10157)
    ,(#10158,#10159)
    ,(#10160,#10161)
    ,(#10162,#10163
    )),.UNSPECIFIED.,.F.,.F.,.F.,(4,4),(2,2),(28.,29.),(0.,1.),
  .PIECEWISE_BEZIER_KNOTS.);
#10156 = CARTESIAN_POINT('',(7.237754430797,-0.719089016191,
    2.560398940785));
#10157 = CARTESIAN_POINT('',(7.236764162712,-0.719089016191,
    2.560259767682));
#10158 = CARTESIAN_POINT('',(7.242108686769,-0.719310912068,
    2.529416799677));
#10159 = CARTESIAN_POINT('',(7.241118418684,-0.719310912068,
    2.529277626573));
#10160 = CARTESIAN_POINT('',(7.245943760114,-0.694084683003,
    2.502128834913));
#10161 = CARTESIAN_POINT('',(7.244953492029,-0.694084683003,
    2.50198966181));
#10162 = CARTESIAN_POINT('',(7.24624677923,-0.662811856356,
    2.499972741869));
#10163 = CARTESIAN_POINT('',(7.245256511145,-0.662811856356,
    2.499833568766));
#10164 = ADVANCED_FACE('',(#10165),#10176,.F.);
#10165 = FACE_BOUND('',#10166,.T.);
#10166 = EDGE_LOOP('',(#10167,#10168,#10174,#10175));
#10167 = ORIENTED_EDGE('',*,*,#645,.T.);
#10168 = ORIENTED_EDGE('',*,*,#10169,.F.);
#10169 = EDGE_CURVE('',#9501,#637,#10170,.T.);
#10170 = LINE('',#10171,#10172);
#10171 = CARTESIAN_POINT('',(7.246360656438,-0.547442378558,
    2.499162463429));
#10172 = VECTOR('',#10173,1.);
#10173 = DIRECTION('',(-0.990268068742,1.819092931022E-16,-0.13917310096
    ));
#10174 = ORIENTED_EDGE('',*,*,#9500,.F.);
#10175 = ORIENTED_EDGE('',*,*,#10149,.T.);
#10176 = PLANE('',#10177);
#10177 = AXIS2_PLACEMENT_3D('',#10178,#10179,#10180);
#10178 = CARTESIAN_POINT('',(7.246354866084,-0.553308610549,
    2.499203663939));
#10179 = DIRECTION('',(-0.139169600782,7.092178510012E-03,0.990243163684
    ));
#10180 = DIRECTION('',(-0.990268068742,2.712456995124E-15,-0.13917310096
    ));
#10181 = ADVANCED_FACE('',(#10182),#10193,.F.);
#10182 = FACE_BOUND('',#10183,.F.);
#10183 = EDGE_LOOP('',(#10184,#10185,#10186,#10192));
#10184 = ORIENTED_EDGE('',*,*,#10169,.F.);
#10185 = ORIENTED_EDGE('',*,*,#9508,.T.);
#10186 = ORIENTED_EDGE('',*,*,#10187,.T.);
#10187 = EDGE_CURVE('',#9509,#628,#10188,.T.);
#10188 = LINE('',#10189,#10190);
#10189 = CARTESIAN_POINT('',(7.234289940994,-0.368875502725,
    2.585050066631));
#10190 = VECTOR('',#10191,1.);
#10191 = DIRECTION('',(-0.990268068742,1.819092931022E-16,-0.13917310096
    ));
#10192 = ORIENTED_EDGE('',*,*,#636,.F.);
#10193 = B_SPLINE_SURFACE_WITH_KNOTS('',3,1,(
    (#10194,#10195)
    ,(#10196,#10197)
    ,(#10198,#10199)
    ,(#10200,#10201
    )),.UNSPECIFIED.,.F.,.F.,.F.,(4,4),(2,2),(33.,34.),(0.,1.),
  .PIECEWISE_BEZIER_KNOTS.);
#10194 = CARTESIAN_POINT('',(7.246360656438,-0.547442378558,
    2.499162463429));
#10195 = CARTESIAN_POINT('',(7.245370388354,-0.547442378558,
    2.499023290326));
#10196 = CARTESIAN_POINT('',(7.245611789044,-0.478961225871,
    2.504490931817));
#10197 = CARTESIAN_POINT('',(7.244621520959,-0.478961225871,
    2.504351758714));
#10198 = CARTESIAN_POINT('',(7.241319286638,-0.416166014177,
    2.535033673466));
#10199 = CARTESIAN_POINT('',(7.240329018553,-0.416166014177,
    2.534894500363));
#10200 = CARTESIAN_POINT('',(7.234289940994,-0.368875502725,
    2.585050066631));
#10201 = CARTESIAN_POINT('',(7.233299672909,-0.368875502725,
    2.584910893528));
#10202 = ADVANCED_FACE('',(#10203),#10209,.F.);
#10203 = FACE_BOUND('',#10204,.F.);
#10204 = EDGE_LOOP('',(#10205,#10206,#10207,#10208));
#10205 = ORIENTED_EDGE('',*,*,#10187,.F.);
#10206 = ORIENTED_EDGE('',*,*,#9517,.T.);
#10207 = ORIENTED_EDGE('',*,*,#9557,.T.);
#10208 = ORIENTED_EDGE('',*,*,#627,.F.);
#10209 = B_SPLINE_SURFACE_WITH_KNOTS('',3,1,(
    (#10210,#10211)
    ,(#10212,#10213)
    ,(#10214,#10215)
    ,(#10216,#10217
    )),.UNSPECIFIED.,.F.,.F.,.F.,(4,4),(2,2),(34.,35.),(0.,1.),
  .PIECEWISE_BEZIER_KNOTS.);
#10210 = CARTESIAN_POINT('',(7.234289940994,-0.368875502725,
    2.585050066631));
#10211 = CARTESIAN_POINT('',(7.233299672909,-0.368875502725,
    2.584910893528));
#10212 = CARTESIAN_POINT('',(7.227260595423,-0.321584916679,
    2.635066459272));
#10213 = CARTESIAN_POINT('',(7.226270327339,-0.321584916679,
    2.634927286169));
#10214 = CARTESIAN_POINT('',(7.218032880089,-0.295692998923,
    2.70072506557));
#10215 = CARTESIAN_POINT('',(7.217042612004,-0.295692998923,
    2.700585892466));
#10216 = CARTESIAN_POINT('',(7.208507936066,-0.295207601229,
    2.768498563877));
#10217 = CARTESIAN_POINT('',(7.207517667981,-0.295207601229,
    2.768359390774));
#10218 = ADVANCED_FACE('',(#10219),#10248,.T.);
#10219 = FACE_BOUND('',#10220,.T.);
#10220 = EDGE_LOOP('',(#10221,#10235,#10241,#10242));
#10221 = ORIENTED_EDGE('',*,*,#10222,.F.);
#10222 = EDGE_CURVE('',#10223,#10225,#10227,.T.);
#10223 = VERTEX_POINT('',#10224);
#10224 = CARTESIAN_POINT('',(7.246435796543,-1.122417780111,
    2.491442518346));
#10225 = VERTEX_POINT('',#10226);
#10226 = CARTESIAN_POINT('',(7.225208769965,-1.121336036255,
    2.64248065936));
#10227 = B_SPLINE_CURVE_WITH_KNOTS('',3,(#10228,#10229,#10230,#10231,
    #10232,#10233,#10234),.UNSPECIFIED.,.F.,.F.,(4,3,4),(0.,1.,2.),
  .PIECEWISE_BEZIER_KNOTS.);
#10228 = CARTESIAN_POINT('',(7.246435796543,-1.122417780111,
    2.491442518346));
#10229 = CARTESIAN_POINT('',(7.246478259061,-1.079398658486,
    2.49114038064));
#10230 = CARTESIAN_POINT('',(7.24161252022,-1.045906944224,
    2.525761911466));
#10231 = CARTESIAN_POINT('',(7.235897557959,-1.045615705819,
    2.566425980904));
#10232 = CARTESIAN_POINT('',(7.229910448211,-1.045310598591,
    2.609026480328));
#10233 = CARTESIAN_POINT('',(7.225249302554,-1.080272300429,
    2.642192255006));
#10234 = CARTESIAN_POINT('',(7.225208769965,-1.121336036255,
    2.64248065936));
#10235 = ORIENTED_EDGE('',*,*,#10236,.F.);
#10236 = EDGE_CURVE('',#9527,#10223,#10237,.T.);
#10237 = LINE('',#10238,#10239);
#10238 = CARTESIAN_POINT('',(7.247426064463,-1.122417780111,
    2.491581691426));
#10239 = VECTOR('',#10240,1.);
#10240 = DIRECTION('',(-0.990268068742,1.819092931022E-16,-0.13917310096
    ));
#10241 = ORIENTED_EDGE('',*,*,#9526,.T.);
#10242 = ORIENTED_EDGE('',*,*,#10243,.T.);
#10243 = EDGE_CURVE('',#9529,#10225,#10244,.T.);
#10244 = LINE('',#10245,#10246);
#10245 = CARTESIAN_POINT('',(7.22619903805,-1.121336036255,
    2.642619832463));
#10246 = VECTOR('',#10247,1.);
#10247 = DIRECTION('',(-0.990268068742,1.819092931022E-16,-0.13917310096
    ));
#10248 = B_SPLINE_SURFACE_WITH_KNOTS('',3,1,(
    (#10249,#10250)
    ,(#10251,#10252)
    ,(#10253,#10254)
    ,(#10255,#10256)
    ,(#10257,#10258)
    ,(#10259,#10260)
    ,(#10261,#10262
  )),.UNSPECIFIED.,.F.,.F.,.F.,(4,3,4),(2,2),(0.,1.,2.),(0.,1.),
  .PIECEWISE_BEZIER_KNOTS.);
#10249 = CARTESIAN_POINT('',(7.247426064463,-1.122417780111,
    2.491581691426));
#10250 = CARTESIAN_POINT('',(7.246435796379,-1.122417780111,
    2.491442518323));
#10251 = CARTESIAN_POINT('',(7.247468527146,-1.079398658486,
    2.491279553743));
#10252 = CARTESIAN_POINT('',(7.246478259061,-1.079398658486,
    2.49114038064));
#10253 = CARTESIAN_POINT('',(7.242602788305,-1.045906944224,
    2.525901084569));
#10254 = CARTESIAN_POINT('',(7.24161252022,-1.045906944224,
    2.525761911466));
#10255 = CARTESIAN_POINT('',(7.236887826043,-1.045615705819,
    2.566565154007));
#10256 = CARTESIAN_POINT('',(7.235897557959,-1.045615705819,
    2.566425980904));
#10257 = CARTESIAN_POINT('',(7.230900716296,-1.045310598591,
    2.609165653431));
#10258 = CARTESIAN_POINT('',(7.229910448211,-1.045310598591,
    2.609026480328));
#10259 = CARTESIAN_POINT('',(7.226239570639,-1.080272300429,
    2.642331428109));
#10260 = CARTESIAN_POINT('',(7.225249302554,-1.080272300429,
    2.642192255006));
#10261 = CARTESIAN_POINT('',(7.22619903805,-1.121336036255,
    2.642619832463));
#10262 = CARTESIAN_POINT('',(7.225208769965,-1.121336036255,
    2.64248065936));
#10263 = ADVANCED_FACE('',(#10264),#10278,.T.);
#10264 = FACE_BOUND('',#10265,.T.);
#10265 = EDGE_LOOP('',(#10266,#10275,#10276,#10277));
#10266 = ORIENTED_EDGE('',*,*,#10267,.F.);
#10267 = EDGE_CURVE('',#10225,#10223,#10268,.T.);
#10268 = B_SPLINE_CURVE_WITH_KNOTS('',3,(#10269,#10270,#10271,#10272,
    #10273,#10274),.UNSPECIFIED.,.F.,.F.,(4,2,4),(2.,3.,4.),
  .UNSPECIFIED.);
#10269 = CARTESIAN_POINT('',(7.225208769965,-1.121336036255,
    2.64248065936));
#10270 = CARTESIAN_POINT('',(7.225168237377,-1.162399772081,
    2.642769063715));
#10271 = CARTESIAN_POINT('',(7.229759898638,-1.19783300332,
    2.610097696203));
#10272 = CARTESIAN_POINT('',(7.241734118133,-1.198443217775,
    2.524896697355));
#10273 = CARTESIAN_POINT('',(7.24639526379,-1.163481515936,
    2.491730922677));
#10274 = CARTESIAN_POINT('',(7.246435796543,-1.122417780111,
    2.491442518346));
#10275 = ORIENTED_EDGE('',*,*,#10243,.F.);
#10276 = ORIENTED_EDGE('',*,*,#9540,.T.);
#10277 = ORIENTED_EDGE('',*,*,#10236,.T.);
#10278 = B_SPLINE_SURFACE_WITH_KNOTS('',3,1,(
    (#10279,#10280)
    ,(#10281,#10282)
    ,(#10283,#10284)
    ,(#10285,#10286)
    ,(#10287,#10288)
    ,(#10289,#10290
  )),.UNSPECIFIED.,.F.,.F.,.F.,(4,2,4),(2,2),(2.,3.,4.),(0.,1.),
  .UNSPECIFIED.);
#10279 = CARTESIAN_POINT('',(7.22619903805,-1.121336036255,
    2.642619832463));
#10280 = CARTESIAN_POINT('',(7.225208769965,-1.121336036255,
    2.64248065936));
#10281 = CARTESIAN_POINT('',(7.226158505461,-1.162399772081,
    2.642908236818));
#10282 = CARTESIAN_POINT('',(7.225168237377,-1.162399772081,
    2.642769063715));
#10283 = CARTESIAN_POINT('',(7.230750166722,-1.19783300332,
    2.610236869306));
#10284 = CARTESIAN_POINT('',(7.229759898638,-1.19783300332,
    2.610097696203));
#10285 = CARTESIAN_POINT('',(7.242724386218,-1.198443217775,
    2.525035870458));
#10286 = CARTESIAN_POINT('',(7.241734118133,-1.198443217775,
    2.524896697355));
#10287 = CARTESIAN_POINT('',(7.247385531875,-1.163481515936,
    2.491870095781));
#10288 = CARTESIAN_POINT('',(7.24639526379,-1.163481515936,
    2.491730922677));
#10289 = CARTESIAN_POINT('',(7.247426064463,-1.122417780111,
    2.491581691426));
#10290 = CARTESIAN_POINT('',(7.246435796379,-1.122417780111,
    2.491442518323));
#10291 = ADVANCED_FACE('',(#10292),#10296,.T.);
#10292 = FACE_BOUND('',#10293,.T.);
#10293 = EDGE_LOOP('',(#10294,#10295));
#10294 = ORIENTED_EDGE('',*,*,#10222,.T.);
#10295 = ORIENTED_EDGE('',*,*,#10267,.T.);
#10296 = PLANE('',#10297);
#10297 = AXIS2_PLACEMENT_3D('',#10298,#10299,#10300);
#10298 = CARTESIAN_POINT('',(7.596585207684,5.100000082177,0.));
#10299 = DIRECTION('',(0.990268068742,-1.819092931022E-16,0.13917310096)
  );
#10300 = DIRECTION('',(-0.13917310096,2.556568389271E-17,0.990268068742)
  );
#10301 = ( GEOMETRIC_REPRESENTATION_CONTEXT(3) 
GLOBAL_UNCERTAINTY_ASSIGNED_CONTEXT((#10305)) 
GLOBAL_UNIT_ASSIGNED_CONTEXT((#10302,#10303,#10304)) 
REPRESENTATION_CONTEXT('Context #1',
  '3D Context with UNIT and UNCERTAINTY') );
#10302 = ( LENGTH_UNIT() NAMED_UNIT(*) SI_UNIT(.MILLI.,.METRE.) );
#10303 = ( NAMED_UNIT(*) PLANE_ANGLE_UNIT() SI_UNIT($,.RADIAN.) );
#10304 = ( NAMED_UNIT(*) SI_UNIT($,.STERADIAN.) SOLID_ANGLE_UNIT() );
#10305 = UNCERTAINTY_MEASURE_WITH_UNIT(LENGTH_MEASURE(1.E-07),#10302,
  'distance_accuracy_value','confusion accuracy');
#10306 = CONTEXT_DEPENDENT_SHAPE_REPRESENTATION(#10307,#10309);
#10307 = ( REPRESENTATION_RELATIONSHIP('','',#558,#32) 
REPRESENTATION_RELATIONSHIP_WITH_TRANSFORMATION(#10308) 
SHAPE_REPRESENTATION_RELATIONSHIP() );
#10308 = ITEM_DEFINED_TRANSFORMATION('','',#11,#37);
#10309 = PRODUCT_DEFINITION_SHAPE('Placement','Placement of an item',
  #10310);
#10310 = NEXT_ASSEMBLY_USAGE_OCCURRENCE('2',
'TO-263-2_L10.0-W9.1-P5.08-LS15.2-TL~TO-263-2_L10.2-W8.7-H4.5_
LS15.2-P2.54~4IvU001','',#27,#553,$);
#10311 = PRODUCT_RELATED_PRODUCT_CATEGORY('part',$,(#555));
#10312 = MECHANICAL_DESIGN_GEOMETRIC_PRESENTATION_REPRESENTATION('',(
    #10313,#10324,#10332,#10339,#10346,#10353,#10360,#10367,#10374,
    #10381,#10388,#10395,#10402,#10409,#10416,#10423,#10430,#10437,
    #10444,#10451,#10458,#10465,#10472,#10480,#10487,#10494,#10501,
    #10508,#10515,#10522,#10529,#10536,#10543,#10550,#10557,#10564,
    #10571,#10578,#10585,#10592,#10599,#10606,#10613,#10620,#10627,
    #10634,#10641,#10648,#10655,#10662,#10669,#10676,#10683,#10690,
    #10697,#10704,#10711,#10718,#10725,#10732,#10739,#10746,#10753,
    #10760,#10767,#10774,#10781,#10788,#10795,#10802,#10809,#10816,
    #10823,#10830,#10837,#10844,#10851,#10858,#10865,#10872,#10880,
    #10887,#10894,#10901,#10908,#10915,#10922,#10929,#10936,#10943,
    #10950,#10957,#10964,#10971,#10978,#10985,#10992,#10999,#11006,
    #11013,#11020,#11027,#11034,#11041,#11048,#11055,#11062,#11069,
    #11076,#11083,#11090,#11097,#11104,#11111,#11118,#11125,#11132,
    #11139,#11146,#11153,#11160,#11167,#11174,#11181,#11188,#11195,
    #11202,#11209,#11216,#11223,#11230,#11237,#11244,#11251,#11258,
    #11265,#11272,#11279,#11286,#11293,#11300,#11307,#11314,#11321,
    #11328,#11335,#11342,#11349,#11356,#11363,#11370,#11377,#11384,
    #11391,#11398,#11405,#11412,#11419,#11426,#11433,#11440,#11447,
    #11454,#11461,#11468,#11475,#11482,#11489,#11496,#11503,#11510,
    #11517,#11524,#11531,#11538,#11545,#11552,#11559,#11566,#11573,
    #11580,#11587,#11594,#11601,#11608,#11615,#11622,#11629,#11636,
    #11643,#11650,#11657,#11664,#11671,#11678,#11685,#11692,#11699,
    #11706,#11713,#11720,#11727,#11734,#11741,#11748,#11755,#11762,
    #11769,#11776,#11783,#11790,#11797,#11804,#11811,#11818,#11825,
    #11832,#11839,#11846,#11853,#11860,#11867,#11874,#11881,#11888,
    #11895,#11902,#11909,#11916,#11923,#11930,#11937,#11944,#11951,
    #11958,#11965,#11972,#11979,#11986,#11993,#12000,#12007,#12014,
    #12021,#12028,#12035,#12042,#12049,#12056,#12063,#12070,#12077,
    #12084,#12091,#12098,#12105,#12112,#12119,#12126,#12133,#12140,
    #12147,#12154,#12161,#12168,#12175,#12182,#12189,#12196,#12203,
    #12210,#12217,#12224,#12231,#12238,#12245,#12252,#12259,#12266,
    #12273,#12280,#12287,#12294,#12301,#12308,#12315,#12322,#12329,
    #12336,#12343,#12350,#12357,#12364,#12371,#12378,#12385,#12392,
    #12399,#12406,#12413,#12420,#12427,#12434),#10301);
#10313 = STYLED_ITEM('color',(#10314),#559);
#10314 = PRESENTATION_STYLE_ASSIGNMENT((#10315,#10321));
#10315 = SURFACE_STYLE_USAGE(.BOTH.,#10316);
#10316 = SURFACE_SIDE_STYLE('',(#10317));
#10317 = SURFACE_STYLE_FILL_AREA(#10318);
#10318 = FILL_AREA_STYLE('',(#10319));
#10319 = FILL_AREA_STYLE_COLOUR('',#10320);
#10320 = COLOUR_RGB('',0.643137266454,0.615686309239,0.600000020288);
#10321 = CURVE_STYLE('',#10322,POSITIVE_LENGTH_MEASURE(0.1),#10323);
#10322 = DRAUGHTING_PRE_DEFINED_CURVE_FONT('continuous');
#10323 = COLOUR_RGB('',9.803921802644E-02,9.803921802644E-02,
  9.803921802644E-02);
#10324 = OVER_RIDING_STYLED_ITEM('overriding color',(#10325),#603,#10313
  );
#10325 = PRESENTATION_STYLE_ASSIGNMENT((#10326));
#10326 = SURFACE_STYLE_USAGE(.BOTH.,#10327);
#10327 = SURFACE_SIDE_STYLE('',(#10328));
#10328 = SURFACE_STYLE_FILL_AREA(#10329);
#10329 = FILL_AREA_STYLE('',(#10330));
#10330 = FILL_AREA_STYLE_COLOUR('',#10331);
#10331 = COLOUR_RGB('',0.25098037884,0.25098037884,0.25098037884);
#10332 = OVER_RIDING_STYLED_ITEM('overriding color',(#10333),#2101,
  #10313);
#10333 = PRESENTATION_STYLE_ASSIGNMENT((#10334));
#10334 = SURFACE_STYLE_USAGE(.BOTH.,#10335);
#10335 = SURFACE_SIDE_STYLE('',(#10336));
#10336 = SURFACE_STYLE_FILL_AREA(#10337);
#10337 = FILL_AREA_STYLE('',(#10338));
#10338 = FILL_AREA_STYLE_COLOUR('',#10331);
#10339 = OVER_RIDING_STYLED_ITEM('overriding color',(#10340),#2259,
  #10313);
#10340 = PRESENTATION_STYLE_ASSIGNMENT((#10341));
#10341 = SURFACE_STYLE_USAGE(.BOTH.,#10342);
#10342 = SURFACE_SIDE_STYLE('',(#10343));
#10343 = SURFACE_STYLE_FILL_AREA(#10344);
#10344 = FILL_AREA_STYLE('',(#10345));
#10345 = FILL_AREA_STYLE_COLOUR('',#10331);
#10346 = OVER_RIDING_STYLED_ITEM('overriding color',(#10347),#2292,
  #10313);
#10347 = PRESENTATION_STYLE_ASSIGNMENT((#10348));
#10348 = SURFACE_STYLE_USAGE(.BOTH.,#10349);
#10349 = SURFACE_SIDE_STYLE('',(#10350));
#10350 = SURFACE_STYLE_FILL_AREA(#10351);
#10351 = FILL_AREA_STYLE('',(#10352));
#10352 = FILL_AREA_STYLE_COLOUR('',#10331);
#10353 = OVER_RIDING_STYLED_ITEM('overriding color',(#10354),#2325,
  #10313);
#10354 = PRESENTATION_STYLE_ASSIGNMENT((#10355));
#10355 = SURFACE_STYLE_USAGE(.BOTH.,#10356);
#10356 = SURFACE_SIDE_STYLE('',(#10357));
#10357 = SURFACE_STYLE_FILL_AREA(#10358);
#10358 = FILL_AREA_STYLE('',(#10359));
#10359 = FILL_AREA_STYLE_COLOUR('',#10331);
#10360 = OVER_RIDING_STYLED_ITEM('overriding color',(#10361),#2380,
  #10313);
#10361 = PRESENTATION_STYLE_ASSIGNMENT((#10362));
#10362 = SURFACE_STYLE_USAGE(.BOTH.,#10363);
#10363 = SURFACE_SIDE_STYLE('',(#10364));
#10364 = SURFACE_STYLE_FILL_AREA(#10365);
#10365 = FILL_AREA_STYLE('',(#10366));
#10366 = FILL_AREA_STYLE_COLOUR('',#10331);
#10367 = OVER_RIDING_STYLED_ITEM('overriding color',(#10368),#2435,
  #10313);
#10368 = PRESENTATION_STYLE_ASSIGNMENT((#10369));
#10369 = SURFACE_STYLE_USAGE(.BOTH.,#10370);
#10370 = SURFACE_SIDE_STYLE('',(#10371));
#10371 = SURFACE_STYLE_FILL_AREA(#10372);
#10372 = FILL_AREA_STYLE('',(#10373));
#10373 = FILL_AREA_STYLE_COLOUR('',#10331);
#10374 = OVER_RIDING_STYLED_ITEM('overriding color',(#10375),#2485,
  #10313);
#10375 = PRESENTATION_STYLE_ASSIGNMENT((#10376));
#10376 = SURFACE_STYLE_USAGE(.BOTH.,#10377);
#10377 = SURFACE_SIDE_STYLE('',(#10378));
#10378 = SURFACE_STYLE_FILL_AREA(#10379);
#10379 = FILL_AREA_STYLE('',(#10380));
#10380 = FILL_AREA_STYLE_COLOUR('',#10331);
#10381 = OVER_RIDING_STYLED_ITEM('overriding color',(#10382),#2589,
  #10313);
#10382 = PRESENTATION_STYLE_ASSIGNMENT((#10383));
#10383 = SURFACE_STYLE_USAGE(.BOTH.,#10384);
#10384 = SURFACE_SIDE_STYLE('',(#10385));
#10385 = SURFACE_STYLE_FILL_AREA(#10386);
#10386 = FILL_AREA_STYLE('',(#10387));
#10387 = FILL_AREA_STYLE_COLOUR('',#10331);
#10388 = OVER_RIDING_STYLED_ITEM('overriding color',(#10389),#2611,
  #10313);
#10389 = PRESENTATION_STYLE_ASSIGNMENT((#10390));
#10390 = SURFACE_STYLE_USAGE(.BOTH.,#10391);
#10391 = SURFACE_SIDE_STYLE('',(#10392));
#10392 = SURFACE_STYLE_FILL_AREA(#10393);
#10393 = FILL_AREA_STYLE('',(#10394));
#10394 = FILL_AREA_STYLE_COLOUR('',#10331);
#10395 = OVER_RIDING_STYLED_ITEM('overriding color',(#10396),#2635,
  #10313);
#10396 = PRESENTATION_STYLE_ASSIGNMENT((#10397));
#10397 = SURFACE_STYLE_USAGE(.BOTH.,#10398);
#10398 = SURFACE_SIDE_STYLE('',(#10399));
#10399 = SURFACE_STYLE_FILL_AREA(#10400);
#10400 = FILL_AREA_STYLE('',(#10401));
#10401 = FILL_AREA_STYLE_COLOUR('',#10331);
#10402 = OVER_RIDING_STYLED_ITEM('overriding color',(#10403),#2654,
  #10313);
#10403 = PRESENTATION_STYLE_ASSIGNMENT((#10404));
#10404 = SURFACE_STYLE_USAGE(.BOTH.,#10405);
#10405 = SURFACE_SIDE_STYLE('',(#10406));
#10406 = SURFACE_STYLE_FILL_AREA(#10407);
#10407 = FILL_AREA_STYLE('',(#10408));
#10408 = FILL_AREA_STYLE_COLOUR('',#10331);
#10409 = OVER_RIDING_STYLED_ITEM('overriding color',(#10410),#2671,
  #10313);
#10410 = PRESENTATION_STYLE_ASSIGNMENT((#10411));
#10411 = SURFACE_STYLE_USAGE(.BOTH.,#10412);
#10412 = SURFACE_SIDE_STYLE('',(#10413));
#10413 = SURFACE_STYLE_FILL_AREA(#10414);
#10414 = FILL_AREA_STYLE('',(#10415));
#10415 = FILL_AREA_STYLE_COLOUR('',#10331);
#10416 = OVER_RIDING_STYLED_ITEM('overriding color',(#10417),#2688,
  #10313);
#10417 = PRESENTATION_STYLE_ASSIGNMENT((#10418));
#10418 = SURFACE_STYLE_USAGE(.BOTH.,#10419);
#10419 = SURFACE_SIDE_STYLE('',(#10420));
#10420 = SURFACE_STYLE_FILL_AREA(#10421);
#10421 = FILL_AREA_STYLE('',(#10422));
#10422 = FILL_AREA_STYLE_COLOUR('',#10331);
#10423 = OVER_RIDING_STYLED_ITEM('overriding color',(#10424),#2707,
  #10313);
#10424 = PRESENTATION_STYLE_ASSIGNMENT((#10425));
#10425 = SURFACE_STYLE_USAGE(.BOTH.,#10426);
#10426 = SURFACE_SIDE_STYLE('',(#10427));
#10427 = SURFACE_STYLE_FILL_AREA(#10428);
#10428 = FILL_AREA_STYLE('',(#10429));
#10429 = FILL_AREA_STYLE_COLOUR('',#10331);
#10430 = OVER_RIDING_STYLED_ITEM('overriding color',(#10431),#2725,
  #10313);
#10431 = PRESENTATION_STYLE_ASSIGNMENT((#10432));
#10432 = SURFACE_STYLE_USAGE(.BOTH.,#10433);
#10433 = SURFACE_SIDE_STYLE('',(#10434));
#10434 = SURFACE_STYLE_FILL_AREA(#10435);
#10435 = FILL_AREA_STYLE('',(#10436));
#10436 = FILL_AREA_STYLE_COLOUR('',#10331);
#10437 = OVER_RIDING_STYLED_ITEM('overriding color',(#10438),#2743,
  #10313);
#10438 = PRESENTATION_STYLE_ASSIGNMENT((#10439));
#10439 = SURFACE_STYLE_USAGE(.BOTH.,#10440);
#10440 = SURFACE_SIDE_STYLE('',(#10441));
#10441 = SURFACE_STYLE_FILL_AREA(#10442);
#10442 = FILL_AREA_STYLE('',(#10443));
#10443 = FILL_AREA_STYLE_COLOUR('',#10331);
#10444 = OVER_RIDING_STYLED_ITEM('overriding color',(#10445),#2761,
  #10313);
#10445 = PRESENTATION_STYLE_ASSIGNMENT((#10446));
#10446 = SURFACE_STYLE_USAGE(.BOTH.,#10447);
#10447 = SURFACE_SIDE_STYLE('',(#10448));
#10448 = SURFACE_STYLE_FILL_AREA(#10449);
#10449 = FILL_AREA_STYLE('',(#10450));
#10450 = FILL_AREA_STYLE_COLOUR('',#10331);
#10451 = OVER_RIDING_STYLED_ITEM('overriding color',(#10452),#2779,
  #10313);
#10452 = PRESENTATION_STYLE_ASSIGNMENT((#10453));
#10453 = SURFACE_STYLE_USAGE(.BOTH.,#10454);
#10454 = SURFACE_SIDE_STYLE('',(#10455));
#10455 = SURFACE_STYLE_FILL_AREA(#10456);
#10456 = FILL_AREA_STYLE('',(#10457));
#10457 = FILL_AREA_STYLE_COLOUR('',#10331);
#10458 = OVER_RIDING_STYLED_ITEM('overriding color',(#10459),#2796,
  #10313);
#10459 = PRESENTATION_STYLE_ASSIGNMENT((#10460));
#10460 = SURFACE_STYLE_USAGE(.BOTH.,#10461);
#10461 = SURFACE_SIDE_STYLE('',(#10462));
#10462 = SURFACE_STYLE_FILL_AREA(#10463);
#10463 = FILL_AREA_STYLE('',(#10464));
#10464 = FILL_AREA_STYLE_COLOUR('',#10331);
#10465 = OVER_RIDING_STYLED_ITEM('overriding color',(#10466),#2813,
  #10313);
#10466 = PRESENTATION_STYLE_ASSIGNMENT((#10467));
#10467 = SURFACE_STYLE_USAGE(.BOTH.,#10468);
#10468 = SURFACE_SIDE_STYLE('',(#10469));
#10469 = SURFACE_STYLE_FILL_AREA(#10470);
#10470 = FILL_AREA_STYLE('',(#10471));
#10471 = FILL_AREA_STYLE_COLOUR('',#10331);
#10472 = OVER_RIDING_STYLED_ITEM('overriding color',(#10473),#2825,
  #10313);
#10473 = PRESENTATION_STYLE_ASSIGNMENT((#10474));
#10474 = SURFACE_STYLE_USAGE(.BOTH.,#10475);
#10475 = SURFACE_SIDE_STYLE('',(#10476));
#10476 = SURFACE_STYLE_FILL_AREA(#10477);
#10477 = FILL_AREA_STYLE('',(#10478));
#10478 = FILL_AREA_STYLE_COLOUR('',#10479);
#10479 = COLOUR_RGB('',0.768627468855,0.768627468855,0.768627468855);
#10480 = OVER_RIDING_STYLED_ITEM('overriding color',(#10481),#2849,
  #10313);
#10481 = PRESENTATION_STYLE_ASSIGNMENT((#10482));
#10482 = SURFACE_STYLE_USAGE(.BOTH.,#10483);
#10483 = SURFACE_SIDE_STYLE('',(#10484));
#10484 = SURFACE_STYLE_FILL_AREA(#10485);
#10485 = FILL_AREA_STYLE('',(#10486));
#10486 = FILL_AREA_STYLE_COLOUR('',#10479);
#10487 = OVER_RIDING_STYLED_ITEM('overriding color',(#10488),#2873,
  #10313);
#10488 = PRESENTATION_STYLE_ASSIGNMENT((#10489));
#10489 = SURFACE_STYLE_USAGE(.BOTH.,#10490);
#10490 = SURFACE_SIDE_STYLE('',(#10491));
#10491 = SURFACE_STYLE_FILL_AREA(#10492);
#10492 = FILL_AREA_STYLE('',(#10493));
#10493 = FILL_AREA_STYLE_COLOUR('',#10479);
#10494 = OVER_RIDING_STYLED_ITEM('overriding color',(#10495),#2942,
  #10313);
#10495 = PRESENTATION_STYLE_ASSIGNMENT((#10496));
#10496 = SURFACE_STYLE_USAGE(.BOTH.,#10497);
#10497 = SURFACE_SIDE_STYLE('',(#10498));
#10498 = SURFACE_STYLE_FILL_AREA(#10499);
#10499 = FILL_AREA_STYLE('',(#10500));
#10500 = FILL_AREA_STYLE_COLOUR('',#10479);
#10501 = OVER_RIDING_STYLED_ITEM('overriding color',(#10502),#2964,
  #10313);
#10502 = PRESENTATION_STYLE_ASSIGNMENT((#10503));
#10503 = SURFACE_STYLE_USAGE(.BOTH.,#10504);
#10504 = SURFACE_SIDE_STYLE('',(#10505));
#10505 = SURFACE_STYLE_FILL_AREA(#10506);
#10506 = FILL_AREA_STYLE('',(#10507));
#10507 = FILL_AREA_STYLE_COLOUR('',#10479);
#10508 = OVER_RIDING_STYLED_ITEM('overriding color',(#10509),#2981,
  #10313);
#10509 = PRESENTATION_STYLE_ASSIGNMENT((#10510));
#10510 = SURFACE_STYLE_USAGE(.BOTH.,#10511);
#10511 = SURFACE_SIDE_STYLE('',(#10512));
#10512 = SURFACE_STYLE_FILL_AREA(#10513);
#10513 = FILL_AREA_STYLE('',(#10514));
#10514 = FILL_AREA_STYLE_COLOUR('',#10479);
#10515 = OVER_RIDING_STYLED_ITEM('overriding color',(#10516),#2998,
  #10313);
#10516 = PRESENTATION_STYLE_ASSIGNMENT((#10517));
#10517 = SURFACE_STYLE_USAGE(.BOTH.,#10518);
#10518 = SURFACE_SIDE_STYLE('',(#10519));
#10519 = SURFACE_STYLE_FILL_AREA(#10520);
#10520 = FILL_AREA_STYLE('',(#10521));
#10521 = FILL_AREA_STYLE_COLOUR('',#10479);
#10522 = OVER_RIDING_STYLED_ITEM('overriding color',(#10523),#3015,
  #10313);
#10523 = PRESENTATION_STYLE_ASSIGNMENT((#10524));
#10524 = SURFACE_STYLE_USAGE(.BOTH.,#10525);
#10525 = SURFACE_SIDE_STYLE('',(#10526));
#10526 = SURFACE_STYLE_FILL_AREA(#10527);
#10527 = FILL_AREA_STYLE('',(#10528));
#10528 = FILL_AREA_STYLE_COLOUR('',#10479);
#10529 = OVER_RIDING_STYLED_ITEM('overriding color',(#10530),#3027,
  #10313);
#10530 = PRESENTATION_STYLE_ASSIGNMENT((#10531));
#10531 = SURFACE_STYLE_USAGE(.BOTH.,#10532);
#10532 = SURFACE_SIDE_STYLE('',(#10533));
#10533 = SURFACE_STYLE_FILL_AREA(#10534);
#10534 = FILL_AREA_STYLE('',(#10535));
#10535 = FILL_AREA_STYLE_COLOUR('',#10479);
#10536 = OVER_RIDING_STYLED_ITEM('overriding color',(#10537),#3044,
  #10313);
#10537 = PRESENTATION_STYLE_ASSIGNMENT((#10538));
#10538 = SURFACE_STYLE_USAGE(.BOTH.,#10539);
#10539 = SURFACE_SIDE_STYLE('',(#10540));
#10540 = SURFACE_STYLE_FILL_AREA(#10541);
#10541 = FILL_AREA_STYLE('',(#10542));
#10542 = FILL_AREA_STYLE_COLOUR('',#10479);
#10543 = OVER_RIDING_STYLED_ITEM('overriding color',(#10544),#3056,
  #10313);
#10544 = PRESENTATION_STYLE_ASSIGNMENT((#10545));
#10545 = SURFACE_STYLE_USAGE(.BOTH.,#10546);
#10546 = SURFACE_SIDE_STYLE('',(#10547));
#10547 = SURFACE_STYLE_FILL_AREA(#10548);
#10548 = FILL_AREA_STYLE('',(#10549));
#10549 = FILL_AREA_STYLE_COLOUR('',#10479);
#10550 = OVER_RIDING_STYLED_ITEM('overriding color',(#10551),#3096,
  #10313);
#10551 = PRESENTATION_STYLE_ASSIGNMENT((#10552));
#10552 = SURFACE_STYLE_USAGE(.BOTH.,#10553);
#10553 = SURFACE_SIDE_STYLE('',(#10554));
#10554 = SURFACE_STYLE_FILL_AREA(#10555);
#10555 = FILL_AREA_STYLE('',(#10556));
#10556 = FILL_AREA_STYLE_COLOUR('',#10479);
#10557 = OVER_RIDING_STYLED_ITEM('overriding color',(#10558),#3127,
  #10313);
#10558 = PRESENTATION_STYLE_ASSIGNMENT((#10559));
#10559 = SURFACE_STYLE_USAGE(.BOTH.,#10560);
#10560 = SURFACE_SIDE_STYLE('',(#10561));
#10561 = SURFACE_STYLE_FILL_AREA(#10562);
#10562 = FILL_AREA_STYLE('',(#10563));
#10563 = FILL_AREA_STYLE_COLOUR('',#10479);
#10564 = OVER_RIDING_STYLED_ITEM('overriding color',(#10565),#3158,
  #10313);
#10565 = PRESENTATION_STYLE_ASSIGNMENT((#10566));
#10566 = SURFACE_STYLE_USAGE(.BOTH.,#10567);
#10567 = SURFACE_SIDE_STYLE('',(#10568));
#10568 = SURFACE_STYLE_FILL_AREA(#10569);
#10569 = FILL_AREA_STYLE('',(#10570));
#10570 = FILL_AREA_STYLE_COLOUR('',#10479);
#10571 = OVER_RIDING_STYLED_ITEM('overriding color',(#10572),#3180,
  #10313);
#10572 = PRESENTATION_STYLE_ASSIGNMENT((#10573));
#10573 = SURFACE_STYLE_USAGE(.BOTH.,#10574);
#10574 = SURFACE_SIDE_STYLE('',(#10575));
#10575 = SURFACE_STYLE_FILL_AREA(#10576);
#10576 = FILL_AREA_STYLE('',(#10577));
#10577 = FILL_AREA_STYLE_COLOUR('',#10479);
#10578 = OVER_RIDING_STYLED_ITEM('overriding color',(#10579),#3213,
  #10313);
#10579 = PRESENTATION_STYLE_ASSIGNMENT((#10580));
#10580 = SURFACE_STYLE_USAGE(.BOTH.,#10581);
#10581 = SURFACE_SIDE_STYLE('',(#10582));
#10582 = SURFACE_STYLE_FILL_AREA(#10583);
#10583 = FILL_AREA_STYLE('',(#10584));
#10584 = FILL_AREA_STYLE_COLOUR('',#10479);
#10585 = OVER_RIDING_STYLED_ITEM('overriding color',(#10586),#3238,
  #10313);
#10586 = PRESENTATION_STYLE_ASSIGNMENT((#10587));
#10587 = SURFACE_STYLE_USAGE(.BOTH.,#10588);
#10588 = SURFACE_SIDE_STYLE('',(#10589));
#10589 = SURFACE_STYLE_FILL_AREA(#10590);
#10590 = FILL_AREA_STYLE('',(#10591));
#10591 = FILL_AREA_STYLE_COLOUR('',#10479);
#10592 = OVER_RIDING_STYLED_ITEM('overriding color',(#10593),#3263,
  #10313);
#10593 = PRESENTATION_STYLE_ASSIGNMENT((#10594));
#10594 = SURFACE_STYLE_USAGE(.BOTH.,#10595);
#10595 = SURFACE_SIDE_STYLE('',(#10596));
#10596 = SURFACE_STYLE_FILL_AREA(#10597);
#10597 = FILL_AREA_STYLE('',(#10598));
#10598 = FILL_AREA_STYLE_COLOUR('',#10479);
#10599 = OVER_RIDING_STYLED_ITEM('overriding color',(#10600),#3280,
  #10313);
#10600 = PRESENTATION_STYLE_ASSIGNMENT((#10601));
#10601 = SURFACE_STYLE_USAGE(.BOTH.,#10602);
#10602 = SURFACE_SIDE_STYLE('',(#10603));
#10603 = SURFACE_STYLE_FILL_AREA(#10604);
#10604 = FILL_AREA_STYLE('',(#10605));
#10605 = FILL_AREA_STYLE_COLOUR('',#10479);
#10606 = OVER_RIDING_STYLED_ITEM('overriding color',(#10607),#3311,
  #10313);
#10607 = PRESENTATION_STYLE_ASSIGNMENT((#10608));
#10608 = SURFACE_STYLE_USAGE(.BOTH.,#10609);
#10609 = SURFACE_SIDE_STYLE('',(#10610));
#10610 = SURFACE_STYLE_FILL_AREA(#10611);
#10611 = FILL_AREA_STYLE('',(#10612));
#10612 = FILL_AREA_STYLE_COLOUR('',#10479);
#10613 = OVER_RIDING_STYLED_ITEM('overriding color',(#10614),#3335,
  #10313);
#10614 = PRESENTATION_STYLE_ASSIGNMENT((#10615));
#10615 = SURFACE_STYLE_USAGE(.BOTH.,#10616);
#10616 = SURFACE_SIDE_STYLE('',(#10617));
#10617 = SURFACE_STYLE_FILL_AREA(#10618);
#10618 = FILL_AREA_STYLE('',(#10619));
#10619 = FILL_AREA_STYLE_COLOUR('',#10479);
#10620 = OVER_RIDING_STYLED_ITEM('overriding color',(#10621),#3359,
  #10313);
#10621 = PRESENTATION_STYLE_ASSIGNMENT((#10622));
#10622 = SURFACE_STYLE_USAGE(.BOTH.,#10623);
#10623 = SURFACE_SIDE_STYLE('',(#10624));
#10624 = SURFACE_STYLE_FILL_AREA(#10625);
#10625 = FILL_AREA_STYLE('',(#10626));
#10626 = FILL_AREA_STYLE_COLOUR('',#10479);
#10627 = OVER_RIDING_STYLED_ITEM('overriding color',(#10628),#3376,
  #10313);
#10628 = PRESENTATION_STYLE_ASSIGNMENT((#10629));
#10629 = SURFACE_STYLE_USAGE(.BOTH.,#10630);
#10630 = SURFACE_SIDE_STYLE('',(#10631));
#10631 = SURFACE_STYLE_FILL_AREA(#10632);
#10632 = FILL_AREA_STYLE('',(#10633));
#10633 = FILL_AREA_STYLE_COLOUR('',#10479);
#10634 = OVER_RIDING_STYLED_ITEM('overriding color',(#10635),#3409,
  #10313);
#10635 = PRESENTATION_STYLE_ASSIGNMENT((#10636));
#10636 = SURFACE_STYLE_USAGE(.BOTH.,#10637);
#10637 = SURFACE_SIDE_STYLE('',(#10638));
#10638 = SURFACE_STYLE_FILL_AREA(#10639);
#10639 = FILL_AREA_STYLE('',(#10640));
#10640 = FILL_AREA_STYLE_COLOUR('',#10479);
#10641 = OVER_RIDING_STYLED_ITEM('overriding color',(#10642),#3434,
  #10313);
#10642 = PRESENTATION_STYLE_ASSIGNMENT((#10643));
#10643 = SURFACE_STYLE_USAGE(.BOTH.,#10644);
#10644 = SURFACE_SIDE_STYLE('',(#10645));
#10645 = SURFACE_STYLE_FILL_AREA(#10646);
#10646 = FILL_AREA_STYLE('',(#10647));
#10647 = FILL_AREA_STYLE_COLOUR('',#10479);
#10648 = OVER_RIDING_STYLED_ITEM('overriding color',(#10649),#3459,
  #10313);
#10649 = PRESENTATION_STYLE_ASSIGNMENT((#10650));
#10650 = SURFACE_STYLE_USAGE(.BOTH.,#10651);
#10651 = SURFACE_SIDE_STYLE('',(#10652));
#10652 = SURFACE_STYLE_FILL_AREA(#10653);
#10653 = FILL_AREA_STYLE('',(#10654));
#10654 = FILL_AREA_STYLE_COLOUR('',#10479);
#10655 = OVER_RIDING_STYLED_ITEM('overriding color',(#10656),#3476,
  #10313);
#10656 = PRESENTATION_STYLE_ASSIGNMENT((#10657));
#10657 = SURFACE_STYLE_USAGE(.BOTH.,#10658);
#10658 = SURFACE_SIDE_STYLE('',(#10659));
#10659 = SURFACE_STYLE_FILL_AREA(#10660);
#10660 = FILL_AREA_STYLE('',(#10661));
#10661 = FILL_AREA_STYLE_COLOUR('',#10479);
#10662 = OVER_RIDING_STYLED_ITEM('overriding color',(#10663),#3498,
  #10313);
#10663 = PRESENTATION_STYLE_ASSIGNMENT((#10664));
#10664 = SURFACE_STYLE_USAGE(.BOTH.,#10665);
#10665 = SURFACE_SIDE_STYLE('',(#10666));
#10666 = SURFACE_STYLE_FILL_AREA(#10667);
#10667 = FILL_AREA_STYLE('',(#10668));
#10668 = FILL_AREA_STYLE_COLOUR('',#10479);
#10669 = OVER_RIDING_STYLED_ITEM('overriding color',(#10670),#3515,
  #10313);
#10670 = PRESENTATION_STYLE_ASSIGNMENT((#10671));
#10671 = SURFACE_STYLE_USAGE(.BOTH.,#10672);
#10672 = SURFACE_SIDE_STYLE('',(#10673));
#10673 = SURFACE_STYLE_FILL_AREA(#10674);
#10674 = FILL_AREA_STYLE('',(#10675));
#10675 = FILL_AREA_STYLE_COLOUR('',#10479);
#10676 = OVER_RIDING_STYLED_ITEM('overriding color',(#10677),#3532,
  #10313);
#10677 = PRESENTATION_STYLE_ASSIGNMENT((#10678));
#10678 = SURFACE_STYLE_USAGE(.BOTH.,#10679);
#10679 = SURFACE_SIDE_STYLE('',(#10680));
#10680 = SURFACE_STYLE_FILL_AREA(#10681);
#10681 = FILL_AREA_STYLE('',(#10682));
#10682 = FILL_AREA_STYLE_COLOUR('',#10479);
#10683 = OVER_RIDING_STYLED_ITEM('overriding color',(#10684),#3544,
  #10313);
#10684 = PRESENTATION_STYLE_ASSIGNMENT((#10685));
#10685 = SURFACE_STYLE_USAGE(.BOTH.,#10686);
#10686 = SURFACE_SIDE_STYLE('',(#10687));
#10687 = SURFACE_STYLE_FILL_AREA(#10688);
#10688 = FILL_AREA_STYLE('',(#10689));
#10689 = FILL_AREA_STYLE_COLOUR('',#10479);
#10690 = OVER_RIDING_STYLED_ITEM('overriding color',(#10691),#3556,
  #10313);
#10691 = PRESENTATION_STYLE_ASSIGNMENT((#10692));
#10692 = SURFACE_STYLE_USAGE(.BOTH.,#10693);
#10693 = SURFACE_SIDE_STYLE('',(#10694));
#10694 = SURFACE_STYLE_FILL_AREA(#10695);
#10695 = FILL_AREA_STYLE('',(#10696));
#10696 = FILL_AREA_STYLE_COLOUR('',#10479);
#10697 = OVER_RIDING_STYLED_ITEM('overriding color',(#10698),#3596,
  #10313);
#10698 = PRESENTATION_STYLE_ASSIGNMENT((#10699));
#10699 = SURFACE_STYLE_USAGE(.BOTH.,#10700);
#10700 = SURFACE_SIDE_STYLE('',(#10701));
#10701 = SURFACE_STYLE_FILL_AREA(#10702);
#10702 = FILL_AREA_STYLE('',(#10703));
#10703 = FILL_AREA_STYLE_COLOUR('',#10479);
#10704 = OVER_RIDING_STYLED_ITEM('overriding color',(#10705),#3627,
  #10313);
#10705 = PRESENTATION_STYLE_ASSIGNMENT((#10706));
#10706 = SURFACE_STYLE_USAGE(.BOTH.,#10707);
#10707 = SURFACE_SIDE_STYLE('',(#10708));
#10708 = SURFACE_STYLE_FILL_AREA(#10709);
#10709 = FILL_AREA_STYLE('',(#10710));
#10710 = FILL_AREA_STYLE_COLOUR('',#10479);
#10711 = OVER_RIDING_STYLED_ITEM('overriding color',(#10712),#3658,
  #10313);
#10712 = PRESENTATION_STYLE_ASSIGNMENT((#10713));
#10713 = SURFACE_STYLE_USAGE(.BOTH.,#10714);
#10714 = SURFACE_SIDE_STYLE('',(#10715));
#10715 = SURFACE_STYLE_FILL_AREA(#10716);
#10716 = FILL_AREA_STYLE('',(#10717));
#10717 = FILL_AREA_STYLE_COLOUR('',#10479);
#10718 = OVER_RIDING_STYLED_ITEM('overriding color',(#10719),#3680,
  #10313);
#10719 = PRESENTATION_STYLE_ASSIGNMENT((#10720));
#10720 = SURFACE_STYLE_USAGE(.BOTH.,#10721);
#10721 = SURFACE_SIDE_STYLE('',(#10722));
#10722 = SURFACE_STYLE_FILL_AREA(#10723);
#10723 = FILL_AREA_STYLE('',(#10724));
#10724 = FILL_AREA_STYLE_COLOUR('',#10479);
#10725 = OVER_RIDING_STYLED_ITEM('overriding color',(#10726),#3713,
  #10313);
#10726 = PRESENTATION_STYLE_ASSIGNMENT((#10727));
#10727 = SURFACE_STYLE_USAGE(.BOTH.,#10728);
#10728 = SURFACE_SIDE_STYLE('',(#10729));
#10729 = SURFACE_STYLE_FILL_AREA(#10730);
#10730 = FILL_AREA_STYLE('',(#10731));
#10731 = FILL_AREA_STYLE_COLOUR('',#10479);
#10732 = OVER_RIDING_STYLED_ITEM('overriding color',(#10733),#3738,
  #10313);
#10733 = PRESENTATION_STYLE_ASSIGNMENT((#10734));
#10734 = SURFACE_STYLE_USAGE(.BOTH.,#10735);
#10735 = SURFACE_SIDE_STYLE('',(#10736));
#10736 = SURFACE_STYLE_FILL_AREA(#10737);
#10737 = FILL_AREA_STYLE('',(#10738));
#10738 = FILL_AREA_STYLE_COLOUR('',#10479);
#10739 = OVER_RIDING_STYLED_ITEM('overriding color',(#10740),#3763,
  #10313);
#10740 = PRESENTATION_STYLE_ASSIGNMENT((#10741));
#10741 = SURFACE_STYLE_USAGE(.BOTH.,#10742);
#10742 = SURFACE_SIDE_STYLE('',(#10743));
#10743 = SURFACE_STYLE_FILL_AREA(#10744);
#10744 = FILL_AREA_STYLE('',(#10745));
#10745 = FILL_AREA_STYLE_COLOUR('',#10479);
#10746 = OVER_RIDING_STYLED_ITEM('overriding color',(#10747),#3780,
  #10313);
#10747 = PRESENTATION_STYLE_ASSIGNMENT((#10748));
#10748 = SURFACE_STYLE_USAGE(.BOTH.,#10749);
#10749 = SURFACE_SIDE_STYLE('',(#10750));
#10750 = SURFACE_STYLE_FILL_AREA(#10751);
#10751 = FILL_AREA_STYLE('',(#10752));
#10752 = FILL_AREA_STYLE_COLOUR('',#10479);
#10753 = OVER_RIDING_STYLED_ITEM('overriding color',(#10754),#3811,
  #10313);
#10754 = PRESENTATION_STYLE_ASSIGNMENT((#10755));
#10755 = SURFACE_STYLE_USAGE(.BOTH.,#10756);
#10756 = SURFACE_SIDE_STYLE('',(#10757));
#10757 = SURFACE_STYLE_FILL_AREA(#10758);
#10758 = FILL_AREA_STYLE('',(#10759));
#10759 = FILL_AREA_STYLE_COLOUR('',#10479);
#10760 = OVER_RIDING_STYLED_ITEM('overriding color',(#10761),#3835,
  #10313);
#10761 = PRESENTATION_STYLE_ASSIGNMENT((#10762));
#10762 = SURFACE_STYLE_USAGE(.BOTH.,#10763);
#10763 = SURFACE_SIDE_STYLE('',(#10764));
#10764 = SURFACE_STYLE_FILL_AREA(#10765);
#10765 = FILL_AREA_STYLE('',(#10766));
#10766 = FILL_AREA_STYLE_COLOUR('',#10479);
#10767 = OVER_RIDING_STYLED_ITEM('overriding color',(#10768),#3859,
  #10313);
#10768 = PRESENTATION_STYLE_ASSIGNMENT((#10769));
#10769 = SURFACE_STYLE_USAGE(.BOTH.,#10770);
#10770 = SURFACE_SIDE_STYLE('',(#10771));
#10771 = SURFACE_STYLE_FILL_AREA(#10772);
#10772 = FILL_AREA_STYLE('',(#10773));
#10773 = FILL_AREA_STYLE_COLOUR('',#10479);
#10774 = OVER_RIDING_STYLED_ITEM('overriding color',(#10775),#3876,
  #10313);
#10775 = PRESENTATION_STYLE_ASSIGNMENT((#10776));
#10776 = SURFACE_STYLE_USAGE(.BOTH.,#10777);
#10777 = SURFACE_SIDE_STYLE('',(#10778));
#10778 = SURFACE_STYLE_FILL_AREA(#10779);
#10779 = FILL_AREA_STYLE('',(#10780));
#10780 = FILL_AREA_STYLE_COLOUR('',#10479);
#10781 = OVER_RIDING_STYLED_ITEM('overriding color',(#10782),#3909,
  #10313);
#10782 = PRESENTATION_STYLE_ASSIGNMENT((#10783));
#10783 = SURFACE_STYLE_USAGE(.BOTH.,#10784);
#10784 = SURFACE_SIDE_STYLE('',(#10785));
#10785 = SURFACE_STYLE_FILL_AREA(#10786);
#10786 = FILL_AREA_STYLE('',(#10787));
#10787 = FILL_AREA_STYLE_COLOUR('',#10479);
#10788 = OVER_RIDING_STYLED_ITEM('overriding color',(#10789),#3934,
  #10313);
#10789 = PRESENTATION_STYLE_ASSIGNMENT((#10790));
#10790 = SURFACE_STYLE_USAGE(.BOTH.,#10791);
#10791 = SURFACE_SIDE_STYLE('',(#10792));
#10792 = SURFACE_STYLE_FILL_AREA(#10793);
#10793 = FILL_AREA_STYLE('',(#10794));
#10794 = FILL_AREA_STYLE_COLOUR('',#10479);
#10795 = OVER_RIDING_STYLED_ITEM('overriding color',(#10796),#3959,
  #10313);
#10796 = PRESENTATION_STYLE_ASSIGNMENT((#10797));
#10797 = SURFACE_STYLE_USAGE(.BOTH.,#10798);
#10798 = SURFACE_SIDE_STYLE('',(#10799));
#10799 = SURFACE_STYLE_FILL_AREA(#10800);
#10800 = FILL_AREA_STYLE('',(#10801));
#10801 = FILL_AREA_STYLE_COLOUR('',#10479);
#10802 = OVER_RIDING_STYLED_ITEM('overriding color',(#10803),#3976,
  #10313);
#10803 = PRESENTATION_STYLE_ASSIGNMENT((#10804));
#10804 = SURFACE_STYLE_USAGE(.BOTH.,#10805);
#10805 = SURFACE_SIDE_STYLE('',(#10806));
#10806 = SURFACE_STYLE_FILL_AREA(#10807);
#10807 = FILL_AREA_STYLE('',(#10808));
#10808 = FILL_AREA_STYLE_COLOUR('',#10479);
#10809 = OVER_RIDING_STYLED_ITEM('overriding color',(#10810),#3998,
  #10313);
#10810 = PRESENTATION_STYLE_ASSIGNMENT((#10811));
#10811 = SURFACE_STYLE_USAGE(.BOTH.,#10812);
#10812 = SURFACE_SIDE_STYLE('',(#10813));
#10813 = SURFACE_STYLE_FILL_AREA(#10814);
#10814 = FILL_AREA_STYLE('',(#10815));
#10815 = FILL_AREA_STYLE_COLOUR('',#10479);
#10816 = OVER_RIDING_STYLED_ITEM('overriding color',(#10817),#4015,
  #10313);
#10817 = PRESENTATION_STYLE_ASSIGNMENT((#10818));
#10818 = SURFACE_STYLE_USAGE(.BOTH.,#10819);
#10819 = SURFACE_SIDE_STYLE('',(#10820));
#10820 = SURFACE_STYLE_FILL_AREA(#10821);
#10821 = FILL_AREA_STYLE('',(#10822));
#10822 = FILL_AREA_STYLE_COLOUR('',#10479);
#10823 = OVER_RIDING_STYLED_ITEM('overriding color',(#10824),#4032,
  #10313);
#10824 = PRESENTATION_STYLE_ASSIGNMENT((#10825));
#10825 = SURFACE_STYLE_USAGE(.BOTH.,#10826);
#10826 = SURFACE_SIDE_STYLE('',(#10827));
#10827 = SURFACE_STYLE_FILL_AREA(#10828);
#10828 = FILL_AREA_STYLE('',(#10829));
#10829 = FILL_AREA_STYLE_COLOUR('',#10479);
#10830 = OVER_RIDING_STYLED_ITEM('overriding color',(#10831),#4044,
  #10313);
#10831 = PRESENTATION_STYLE_ASSIGNMENT((#10832));
#10832 = SURFACE_STYLE_USAGE(.BOTH.,#10833);
#10833 = SURFACE_SIDE_STYLE('',(#10834));
#10834 = SURFACE_STYLE_FILL_AREA(#10835);
#10835 = FILL_AREA_STYLE('',(#10836));
#10836 = FILL_AREA_STYLE_COLOUR('',#10479);
#10837 = OVER_RIDING_STYLED_ITEM('overriding color',(#10838),#4084,
  #10313);
#10838 = PRESENTATION_STYLE_ASSIGNMENT((#10839));
#10839 = SURFACE_STYLE_USAGE(.BOTH.,#10840);
#10840 = SURFACE_SIDE_STYLE('',(#10841));
#10841 = SURFACE_STYLE_FILL_AREA(#10842);
#10842 = FILL_AREA_STYLE('',(#10843));
#10843 = FILL_AREA_STYLE_COLOUR('',#10479);
#10844 = OVER_RIDING_STYLED_ITEM('overriding color',(#10845),#4115,
  #10313);
#10845 = PRESENTATION_STYLE_ASSIGNMENT((#10846));
#10846 = SURFACE_STYLE_USAGE(.BOTH.,#10847);
#10847 = SURFACE_SIDE_STYLE('',(#10848));
#10848 = SURFACE_STYLE_FILL_AREA(#10849);
#10849 = FILL_AREA_STYLE('',(#10850));
#10850 = FILL_AREA_STYLE_COLOUR('',#10479);
#10851 = OVER_RIDING_STYLED_ITEM('overriding color',(#10852),#4139,
  #10313);
#10852 = PRESENTATION_STYLE_ASSIGNMENT((#10853));
#10853 = SURFACE_STYLE_USAGE(.BOTH.,#10854);
#10854 = SURFACE_SIDE_STYLE('',(#10855));
#10855 = SURFACE_STYLE_FILL_AREA(#10856);
#10856 = FILL_AREA_STYLE('',(#10857));
#10857 = FILL_AREA_STYLE_COLOUR('',#10479);
#10858 = OVER_RIDING_STYLED_ITEM('overriding color',(#10859),#4163,
  #10313);
#10859 = PRESENTATION_STYLE_ASSIGNMENT((#10860));
#10860 = SURFACE_STYLE_USAGE(.BOTH.,#10861);
#10861 = SURFACE_SIDE_STYLE('',(#10862));
#10862 = SURFACE_STYLE_FILL_AREA(#10863);
#10863 = FILL_AREA_STYLE('',(#10864));
#10864 = FILL_AREA_STYLE_COLOUR('',#10479);
#10865 = OVER_RIDING_STYLED_ITEM('overriding color',(#10866),#4180,
  #10313);
#10866 = PRESENTATION_STYLE_ASSIGNMENT((#10867));
#10867 = SURFACE_STYLE_USAGE(.BOTH.,#10868);
#10868 = SURFACE_SIDE_STYLE('',(#10869));
#10869 = SURFACE_STYLE_FILL_AREA(#10870);
#10870 = FILL_AREA_STYLE('',(#10871));
#10871 = FILL_AREA_STYLE_COLOUR('',#10479);
#10872 = OVER_RIDING_STYLED_ITEM('overriding color',(#10873),#4192,
  #10313);
#10873 = PRESENTATION_STYLE_ASSIGNMENT((#10874));
#10874 = SURFACE_STYLE_USAGE(.BOTH.,#10875);
#10875 = SURFACE_SIDE_STYLE('',(#10876));
#10876 = SURFACE_STYLE_FILL_AREA(#10877);
#10877 = FILL_AREA_STYLE('',(#10878));
#10878 = FILL_AREA_STYLE_COLOUR('',#10879);
#10879 = DRAUGHTING_PRE_DEFINED_COLOUR('white');
#10880 = OVER_RIDING_STYLED_ITEM('overriding color',(#10881),#4223,
  #10313);
#10881 = PRESENTATION_STYLE_ASSIGNMENT((#10882));
#10882 = SURFACE_STYLE_USAGE(.BOTH.,#10883);
#10883 = SURFACE_SIDE_STYLE('',(#10884));
#10884 = SURFACE_STYLE_FILL_AREA(#10885);
#10885 = FILL_AREA_STYLE('',(#10886));
#10886 = FILL_AREA_STYLE_COLOUR('',#10879);
#10887 = OVER_RIDING_STYLED_ITEM('overriding color',(#10888),#4247,
  #10313);
#10888 = PRESENTATION_STYLE_ASSIGNMENT((#10889));
#10889 = SURFACE_STYLE_USAGE(.BOTH.,#10890);
#10890 = SURFACE_SIDE_STYLE('',(#10891));
#10891 = SURFACE_STYLE_FILL_AREA(#10892);
#10892 = FILL_AREA_STYLE('',(#10893));
#10893 = FILL_AREA_STYLE_COLOUR('',#10879);
#10894 = OVER_RIDING_STYLED_ITEM('overriding color',(#10895),#4271,
  #10313);
#10895 = PRESENTATION_STYLE_ASSIGNMENT((#10896));
#10896 = SURFACE_STYLE_USAGE(.BOTH.,#10897);
#10897 = SURFACE_SIDE_STYLE('',(#10898));
#10898 = SURFACE_STYLE_FILL_AREA(#10899);
#10899 = FILL_AREA_STYLE('',(#10900));
#10900 = FILL_AREA_STYLE_COLOUR('',#10879);
#10901 = OVER_RIDING_STYLED_ITEM('overriding color',(#10902),#4295,
  #10313);
#10902 = PRESENTATION_STYLE_ASSIGNMENT((#10903));
#10903 = SURFACE_STYLE_USAGE(.BOTH.,#10904);
#10904 = SURFACE_SIDE_STYLE('',(#10905));
#10905 = SURFACE_STYLE_FILL_AREA(#10906);
#10906 = FILL_AREA_STYLE('',(#10907));
#10907 = FILL_AREA_STYLE_COLOUR('',#10879);
#10908 = OVER_RIDING_STYLED_ITEM('overriding color',(#10909),#4319,
  #10313);
#10909 = PRESENTATION_STYLE_ASSIGNMENT((#10910));
#10910 = SURFACE_STYLE_USAGE(.BOTH.,#10911);
#10911 = SURFACE_SIDE_STYLE('',(#10912));
#10912 = SURFACE_STYLE_FILL_AREA(#10913);
#10913 = FILL_AREA_STYLE('',(#10914));
#10914 = FILL_AREA_STYLE_COLOUR('',#10879);
#10915 = OVER_RIDING_STYLED_ITEM('overriding color',(#10916),#4336,
  #10313);
#10916 = PRESENTATION_STYLE_ASSIGNMENT((#10917));
#10917 = SURFACE_STYLE_USAGE(.BOTH.,#10918);
#10918 = SURFACE_SIDE_STYLE('',(#10919));
#10919 = SURFACE_STYLE_FILL_AREA(#10920);
#10920 = FILL_AREA_STYLE('',(#10921));
#10921 = FILL_AREA_STYLE_COLOUR('',#10879);
#10922 = OVER_RIDING_STYLED_ITEM('overriding color',(#10923),#4350,
  #10313);
#10923 = PRESENTATION_STYLE_ASSIGNMENT((#10924));
#10924 = SURFACE_STYLE_USAGE(.BOTH.,#10925);
#10925 = SURFACE_SIDE_STYLE('',(#10926));
#10926 = SURFACE_STYLE_FILL_AREA(#10927);
#10927 = FILL_AREA_STYLE('',(#10928));
#10928 = FILL_AREA_STYLE_COLOUR('',#10879);
#10929 = OVER_RIDING_STYLED_ITEM('overriding color',(#10930),#4386,
  #10313);
#10930 = PRESENTATION_STYLE_ASSIGNMENT((#10931));
#10931 = SURFACE_STYLE_USAGE(.BOTH.,#10932);
#10932 = SURFACE_SIDE_STYLE('',(#10933));
#10933 = SURFACE_STYLE_FILL_AREA(#10934);
#10934 = FILL_AREA_STYLE('',(#10935));
#10935 = FILL_AREA_STYLE_COLOUR('',#10879);
#10936 = OVER_RIDING_STYLED_ITEM('overriding color',(#10937),#4410,
  #10313);
#10937 = PRESENTATION_STYLE_ASSIGNMENT((#10938));
#10938 = SURFACE_STYLE_USAGE(.BOTH.,#10939);
#10939 = SURFACE_SIDE_STYLE('',(#10940));
#10940 = SURFACE_STYLE_FILL_AREA(#10941);
#10941 = FILL_AREA_STYLE('',(#10942));
#10942 = FILL_AREA_STYLE_COLOUR('',#10879);
#10943 = OVER_RIDING_STYLED_ITEM('overriding color',(#10944),#4439,
  #10313);
#10944 = PRESENTATION_STYLE_ASSIGNMENT((#10945));
#10945 = SURFACE_STYLE_USAGE(.BOTH.,#10946);
#10946 = SURFACE_SIDE_STYLE('',(#10947));
#10947 = SURFACE_STYLE_FILL_AREA(#10948);
#10948 = FILL_AREA_STYLE('',(#10949));
#10949 = FILL_AREA_STYLE_COLOUR('',#10879);
#10950 = OVER_RIDING_STYLED_ITEM('overriding color',(#10951),#4468,
  #10313);
#10951 = PRESENTATION_STYLE_ASSIGNMENT((#10952));
#10952 = SURFACE_STYLE_USAGE(.BOTH.,#10953);
#10953 = SURFACE_SIDE_STYLE('',(#10954));
#10954 = SURFACE_STYLE_FILL_AREA(#10955);
#10955 = FILL_AREA_STYLE('',(#10956));
#10956 = FILL_AREA_STYLE_COLOUR('',#10879);
#10957 = OVER_RIDING_STYLED_ITEM('overriding color',(#10958),#4497,
  #10313);
#10958 = PRESENTATION_STYLE_ASSIGNMENT((#10959));
#10959 = SURFACE_STYLE_USAGE(.BOTH.,#10960);
#10960 = SURFACE_SIDE_STYLE('',(#10961));
#10961 = SURFACE_STYLE_FILL_AREA(#10962);
#10962 = FILL_AREA_STYLE('',(#10963));
#10963 = FILL_AREA_STYLE_COLOUR('',#10879);
#10964 = OVER_RIDING_STYLED_ITEM('overriding color',(#10965),#4526,
  #10313);
#10965 = PRESENTATION_STYLE_ASSIGNMENT((#10966));
#10966 = SURFACE_STYLE_USAGE(.BOTH.,#10967);
#10967 = SURFACE_SIDE_STYLE('',(#10968));
#10968 = SURFACE_STYLE_FILL_AREA(#10969);
#10969 = FILL_AREA_STYLE('',(#10970));
#10970 = FILL_AREA_STYLE_COLOUR('',#10879);
#10971 = OVER_RIDING_STYLED_ITEM('overriding color',(#10972),#4555,
  #10313);
#10972 = PRESENTATION_STYLE_ASSIGNMENT((#10973));
#10973 = SURFACE_STYLE_USAGE(.BOTH.,#10974);
#10974 = SURFACE_SIDE_STYLE('',(#10975));
#10975 = SURFACE_STYLE_FILL_AREA(#10976);
#10976 = FILL_AREA_STYLE('',(#10977));
#10977 = FILL_AREA_STYLE_COLOUR('',#10879);
#10978 = OVER_RIDING_STYLED_ITEM('overriding color',(#10979),#4584,
  #10313);
#10979 = PRESENTATION_STYLE_ASSIGNMENT((#10980));
#10980 = SURFACE_STYLE_USAGE(.BOTH.,#10981);
#10981 = SURFACE_SIDE_STYLE('',(#10982));
#10982 = SURFACE_STYLE_FILL_AREA(#10983);
#10983 = FILL_AREA_STYLE('',(#10984));
#10984 = FILL_AREA_STYLE_COLOUR('',#10879);
#10985 = OVER_RIDING_STYLED_ITEM('overriding color',(#10986),#4608,
  #10313);
#10986 = PRESENTATION_STYLE_ASSIGNMENT((#10987));
#10987 = SURFACE_STYLE_USAGE(.BOTH.,#10988);
#10988 = SURFACE_SIDE_STYLE('',(#10989));
#10989 = SURFACE_STYLE_FILL_AREA(#10990);
#10990 = FILL_AREA_STYLE('',(#10991));
#10991 = FILL_AREA_STYLE_COLOUR('',#10879);
#10992 = OVER_RIDING_STYLED_ITEM('overriding color',(#10993),#4637,
  #10313);
#10993 = PRESENTATION_STYLE_ASSIGNMENT((#10994));
#10994 = SURFACE_STYLE_USAGE(.BOTH.,#10995);
#10995 = SURFACE_SIDE_STYLE('',(#10996));
#10996 = SURFACE_STYLE_FILL_AREA(#10997);
#10997 = FILL_AREA_STYLE('',(#10998));
#10998 = FILL_AREA_STYLE_COLOUR('',#10879);
#10999 = OVER_RIDING_STYLED_ITEM('overriding color',(#11000),#4666,
  #10313);
#11000 = PRESENTATION_STYLE_ASSIGNMENT((#11001));
#11001 = SURFACE_STYLE_USAGE(.BOTH.,#11002);
#11002 = SURFACE_SIDE_STYLE('',(#11003));
#11003 = SURFACE_STYLE_FILL_AREA(#11004);
#11004 = FILL_AREA_STYLE('',(#11005));
#11005 = FILL_AREA_STYLE_COLOUR('',#10879);
#11006 = OVER_RIDING_STYLED_ITEM('overriding color',(#11007),#4695,
  #10313);
#11007 = PRESENTATION_STYLE_ASSIGNMENT((#11008));
#11008 = SURFACE_STYLE_USAGE(.BOTH.,#11009);
#11009 = SURFACE_SIDE_STYLE('',(#11010));
#11010 = SURFACE_STYLE_FILL_AREA(#11011);
#11011 = FILL_AREA_STYLE('',(#11012));
#11012 = FILL_AREA_STYLE_COLOUR('',#10879);
#11013 = OVER_RIDING_STYLED_ITEM('overriding color',(#11014),#4724,
  #10313);
#11014 = PRESENTATION_STYLE_ASSIGNMENT((#11015));
#11015 = SURFACE_STYLE_USAGE(.BOTH.,#11016);
#11016 = SURFACE_SIDE_STYLE('',(#11017));
#11017 = SURFACE_STYLE_FILL_AREA(#11018);
#11018 = FILL_AREA_STYLE('',(#11019));
#11019 = FILL_AREA_STYLE_COLOUR('',#10879);
#11020 = OVER_RIDING_STYLED_ITEM('overriding color',(#11021),#4746,
  #10313);
#11021 = PRESENTATION_STYLE_ASSIGNMENT((#11022));
#11022 = SURFACE_STYLE_USAGE(.BOTH.,#11023);
#11023 = SURFACE_SIDE_STYLE('',(#11024));
#11024 = SURFACE_STYLE_FILL_AREA(#11025);
#11025 = FILL_AREA_STYLE('',(#11026));
#11026 = FILL_AREA_STYLE_COLOUR('',#10879);
#11027 = OVER_RIDING_STYLED_ITEM('overriding color',(#11028),#4768,
  #10313);
#11028 = PRESENTATION_STYLE_ASSIGNMENT((#11029));
#11029 = SURFACE_STYLE_USAGE(.BOTH.,#11030);
#11030 = SURFACE_SIDE_STYLE('',(#11031));
#11031 = SURFACE_STYLE_FILL_AREA(#11032);
#11032 = FILL_AREA_STYLE('',(#11033));
#11033 = FILL_AREA_STYLE_COLOUR('',#10879);
#11034 = OVER_RIDING_STYLED_ITEM('overriding color',(#11035),#4799,
  #10313);
#11035 = PRESENTATION_STYLE_ASSIGNMENT((#11036));
#11036 = SURFACE_STYLE_USAGE(.BOTH.,#11037);
#11037 = SURFACE_SIDE_STYLE('',(#11038));
#11038 = SURFACE_STYLE_FILL_AREA(#11039);
#11039 = FILL_AREA_STYLE('',(#11040));
#11040 = FILL_AREA_STYLE_COLOUR('',#10879);
#11041 = OVER_RIDING_STYLED_ITEM('overriding color',(#11042),#4823,
  #10313);
#11042 = PRESENTATION_STYLE_ASSIGNMENT((#11043));
#11043 = SURFACE_STYLE_USAGE(.BOTH.,#11044);
#11044 = SURFACE_SIDE_STYLE('',(#11045));
#11045 = SURFACE_STYLE_FILL_AREA(#11046);
#11046 = FILL_AREA_STYLE('',(#11047));
#11047 = FILL_AREA_STYLE_COLOUR('',#10879);
#11048 = OVER_RIDING_STYLED_ITEM('overriding color',(#11049),#4847,
  #10313);
#11049 = PRESENTATION_STYLE_ASSIGNMENT((#11050));
#11050 = SURFACE_STYLE_USAGE(.BOTH.,#11051);
#11051 = SURFACE_SIDE_STYLE('',(#11052));
#11052 = SURFACE_STYLE_FILL_AREA(#11053);
#11053 = FILL_AREA_STYLE('',(#11054));
#11054 = FILL_AREA_STYLE_COLOUR('',#10879);
#11055 = OVER_RIDING_STYLED_ITEM('overriding color',(#11056),#4871,
  #10313);
#11056 = PRESENTATION_STYLE_ASSIGNMENT((#11057));
#11057 = SURFACE_STYLE_USAGE(.BOTH.,#11058);
#11058 = SURFACE_SIDE_STYLE('',(#11059));
#11059 = SURFACE_STYLE_FILL_AREA(#11060);
#11060 = FILL_AREA_STYLE('',(#11061));
#11061 = FILL_AREA_STYLE_COLOUR('',#10879);
#11062 = OVER_RIDING_STYLED_ITEM('overriding color',(#11063),#4895,
  #10313);
#11063 = PRESENTATION_STYLE_ASSIGNMENT((#11064));
#11064 = SURFACE_STYLE_USAGE(.BOTH.,#11065);
#11065 = SURFACE_SIDE_STYLE('',(#11066));
#11066 = SURFACE_STYLE_FILL_AREA(#11067);
#11067 = FILL_AREA_STYLE('',(#11068));
#11068 = FILL_AREA_STYLE_COLOUR('',#10879);
#11069 = OVER_RIDING_STYLED_ITEM('overriding color',(#11070),#4919,
  #10313);
#11070 = PRESENTATION_STYLE_ASSIGNMENT((#11071));
#11071 = SURFACE_STYLE_USAGE(.BOTH.,#11072);
#11072 = SURFACE_SIDE_STYLE('',(#11073));
#11073 = SURFACE_STYLE_FILL_AREA(#11074);
#11074 = FILL_AREA_STYLE('',(#11075));
#11075 = FILL_AREA_STYLE_COLOUR('',#10879);
#11076 = OVER_RIDING_STYLED_ITEM('overriding color',(#11077),#4943,
  #10313);
#11077 = PRESENTATION_STYLE_ASSIGNMENT((#11078));
#11078 = SURFACE_STYLE_USAGE(.BOTH.,#11079);
#11079 = SURFACE_SIDE_STYLE('',(#11080));
#11080 = SURFACE_STYLE_FILL_AREA(#11081);
#11081 = FILL_AREA_STYLE('',(#11082));
#11082 = FILL_AREA_STYLE_COLOUR('',#10879);
#11083 = OVER_RIDING_STYLED_ITEM('overriding color',(#11084),#4967,
  #10313);
#11084 = PRESENTATION_STYLE_ASSIGNMENT((#11085));
#11085 = SURFACE_STYLE_USAGE(.BOTH.,#11086);
#11086 = SURFACE_SIDE_STYLE('',(#11087));
#11087 = SURFACE_STYLE_FILL_AREA(#11088);
#11088 = FILL_AREA_STYLE('',(#11089));
#11089 = FILL_AREA_STYLE_COLOUR('',#10879);
#11090 = OVER_RIDING_STYLED_ITEM('overriding color',(#11091),#4991,
  #10313);
#11091 = PRESENTATION_STYLE_ASSIGNMENT((#11092));
#11092 = SURFACE_STYLE_USAGE(.BOTH.,#11093);
#11093 = SURFACE_SIDE_STYLE('',(#11094));
#11094 = SURFACE_STYLE_FILL_AREA(#11095);
#11095 = FILL_AREA_STYLE('',(#11096));
#11096 = FILL_AREA_STYLE_COLOUR('',#10879);
#11097 = OVER_RIDING_STYLED_ITEM('overriding color',(#11098),#5015,
  #10313);
#11098 = PRESENTATION_STYLE_ASSIGNMENT((#11099));
#11099 = SURFACE_STYLE_USAGE(.BOTH.,#11100);
#11100 = SURFACE_SIDE_STYLE('',(#11101));
#11101 = SURFACE_STYLE_FILL_AREA(#11102);
#11102 = FILL_AREA_STYLE('',(#11103));
#11103 = FILL_AREA_STYLE_COLOUR('',#10879);
#11104 = OVER_RIDING_STYLED_ITEM('overriding color',(#11105),#5039,
  #10313);
#11105 = PRESENTATION_STYLE_ASSIGNMENT((#11106));
#11106 = SURFACE_STYLE_USAGE(.BOTH.,#11107);
#11107 = SURFACE_SIDE_STYLE('',(#11108));
#11108 = SURFACE_STYLE_FILL_AREA(#11109);
#11109 = FILL_AREA_STYLE('',(#11110));
#11110 = FILL_AREA_STYLE_COLOUR('',#10879);
#11111 = OVER_RIDING_STYLED_ITEM('overriding color',(#11112),#5056,
  #10313);
#11112 = PRESENTATION_STYLE_ASSIGNMENT((#11113));
#11113 = SURFACE_STYLE_USAGE(.BOTH.,#11114);
#11114 = SURFACE_SIDE_STYLE('',(#11115));
#11115 = SURFACE_STYLE_FILL_AREA(#11116);
#11116 = FILL_AREA_STYLE('',(#11117));
#11117 = FILL_AREA_STYLE_COLOUR('',#10879);
#11118 = OVER_RIDING_STYLED_ITEM('overriding color',(#11119),#5076,
  #10313);
#11119 = PRESENTATION_STYLE_ASSIGNMENT((#11120));
#11120 = SURFACE_STYLE_USAGE(.BOTH.,#11121);
#11121 = SURFACE_SIDE_STYLE('',(#11122));
#11122 = SURFACE_STYLE_FILL_AREA(#11123);
#11123 = FILL_AREA_STYLE('',(#11124));
#11124 = FILL_AREA_STYLE_COLOUR('',#10879);
#11125 = OVER_RIDING_STYLED_ITEM('overriding color',(#11126),#5206,
  #10313);
#11126 = PRESENTATION_STYLE_ASSIGNMENT((#11127));
#11127 = SURFACE_STYLE_USAGE(.BOTH.,#11128);
#11128 = SURFACE_SIDE_STYLE('',(#11129));
#11129 = SURFACE_STYLE_FILL_AREA(#11130);
#11130 = FILL_AREA_STYLE('',(#11131));
#11131 = FILL_AREA_STYLE_COLOUR('',#10879);
#11132 = OVER_RIDING_STYLED_ITEM('overriding color',(#11133),#5228,
  #10313);
#11133 = PRESENTATION_STYLE_ASSIGNMENT((#11134));
#11134 = SURFACE_STYLE_USAGE(.BOTH.,#11135);
#11135 = SURFACE_SIDE_STYLE('',(#11136));
#11136 = SURFACE_STYLE_FILL_AREA(#11137);
#11137 = FILL_AREA_STYLE('',(#11138));
#11138 = FILL_AREA_STYLE_COLOUR('',#10879);
#11139 = OVER_RIDING_STYLED_ITEM('overriding color',(#11140),#5249,
  #10313);
#11140 = PRESENTATION_STYLE_ASSIGNMENT((#11141));
#11141 = SURFACE_STYLE_USAGE(.BOTH.,#11142);
#11142 = SURFACE_SIDE_STYLE('',(#11143));
#11143 = SURFACE_STYLE_FILL_AREA(#11144);
#11144 = FILL_AREA_STYLE('',(#11145));
#11145 = FILL_AREA_STYLE_COLOUR('',#10879);
#11146 = OVER_RIDING_STYLED_ITEM('overriding color',(#11147),#5270,
  #10313);
#11147 = PRESENTATION_STYLE_ASSIGNMENT((#11148));
#11148 = SURFACE_STYLE_USAGE(.BOTH.,#11149);
#11149 = SURFACE_SIDE_STYLE('',(#11150));
#11150 = SURFACE_STYLE_FILL_AREA(#11151);
#11151 = FILL_AREA_STYLE('',(#11152));
#11152 = FILL_AREA_STYLE_COLOUR('',#10879);
#11153 = OVER_RIDING_STYLED_ITEM('overriding color',(#11154),#5291,
  #10313);
#11154 = PRESENTATION_STYLE_ASSIGNMENT((#11155));
#11155 = SURFACE_STYLE_USAGE(.BOTH.,#11156);
#11156 = SURFACE_SIDE_STYLE('',(#11157));
#11157 = SURFACE_STYLE_FILL_AREA(#11158);
#11158 = FILL_AREA_STYLE('',(#11159));
#11159 = FILL_AREA_STYLE_COLOUR('',#10879);
#11160 = OVER_RIDING_STYLED_ITEM('overriding color',(#11161),#5312,
  #10313);
#11161 = PRESENTATION_STYLE_ASSIGNMENT((#11162));
#11162 = SURFACE_STYLE_USAGE(.BOTH.,#11163);
#11163 = SURFACE_SIDE_STYLE('',(#11164));
#11164 = SURFACE_STYLE_FILL_AREA(#11165);
#11165 = FILL_AREA_STYLE('',(#11166));
#11166 = FILL_AREA_STYLE_COLOUR('',#10879);
#11167 = OVER_RIDING_STYLED_ITEM('overriding color',(#11168),#5329,
  #10313);
#11168 = PRESENTATION_STYLE_ASSIGNMENT((#11169));
#11169 = SURFACE_STYLE_USAGE(.BOTH.,#11170);
#11170 = SURFACE_SIDE_STYLE('',(#11171));
#11171 = SURFACE_STYLE_FILL_AREA(#11172);
#11172 = FILL_AREA_STYLE('',(#11173));
#11173 = FILL_AREA_STYLE_COLOUR('',#10879);
#11174 = OVER_RIDING_STYLED_ITEM('overriding color',(#11175),#5341,
  #10313);
#11175 = PRESENTATION_STYLE_ASSIGNMENT((#11176));
#11176 = SURFACE_STYLE_USAGE(.BOTH.,#11177);
#11177 = SURFACE_SIDE_STYLE('',(#11178));
#11178 = SURFACE_STYLE_FILL_AREA(#11179);
#11179 = FILL_AREA_STYLE('',(#11180));
#11180 = FILL_AREA_STYLE_COLOUR('',#10879);
#11181 = OVER_RIDING_STYLED_ITEM('overriding color',(#11182),#5372,
  #10313);
#11182 = PRESENTATION_STYLE_ASSIGNMENT((#11183));
#11183 = SURFACE_STYLE_USAGE(.BOTH.,#11184);
#11184 = SURFACE_SIDE_STYLE('',(#11185));
#11185 = SURFACE_STYLE_FILL_AREA(#11186);
#11186 = FILL_AREA_STYLE('',(#11187));
#11187 = FILL_AREA_STYLE_COLOUR('',#10879);
#11188 = OVER_RIDING_STYLED_ITEM('overriding color',(#11189),#5396,
  #10313);
#11189 = PRESENTATION_STYLE_ASSIGNMENT((#11190));
#11190 = SURFACE_STYLE_USAGE(.BOTH.,#11191);
#11191 = SURFACE_SIDE_STYLE('',(#11192));
#11192 = SURFACE_STYLE_FILL_AREA(#11193);
#11193 = FILL_AREA_STYLE('',(#11194));
#11194 = FILL_AREA_STYLE_COLOUR('',#10879);
#11195 = OVER_RIDING_STYLED_ITEM('overriding color',(#11196),#5420,
  #10313);
#11196 = PRESENTATION_STYLE_ASSIGNMENT((#11197));
#11197 = SURFACE_STYLE_USAGE(.BOTH.,#11198);
#11198 = SURFACE_SIDE_STYLE('',(#11199));
#11199 = SURFACE_STYLE_FILL_AREA(#11200);
#11200 = FILL_AREA_STYLE('',(#11201));
#11201 = FILL_AREA_STYLE_COLOUR('',#10879);
#11202 = OVER_RIDING_STYLED_ITEM('overriding color',(#11203),#5449,
  #10313);
#11203 = PRESENTATION_STYLE_ASSIGNMENT((#11204));
#11204 = SURFACE_STYLE_USAGE(.BOTH.,#11205);
#11205 = SURFACE_SIDE_STYLE('',(#11206));
#11206 = SURFACE_STYLE_FILL_AREA(#11207);
#11207 = FILL_AREA_STYLE('',(#11208));
#11208 = FILL_AREA_STYLE_COLOUR('',#10879);
#11209 = OVER_RIDING_STYLED_ITEM('overriding color',(#11210),#5478,
  #10313);
#11210 = PRESENTATION_STYLE_ASSIGNMENT((#11211));
#11211 = SURFACE_STYLE_USAGE(.BOTH.,#11212);
#11212 = SURFACE_SIDE_STYLE('',(#11213));
#11213 = SURFACE_STYLE_FILL_AREA(#11214);
#11214 = FILL_AREA_STYLE('',(#11215));
#11215 = FILL_AREA_STYLE_COLOUR('',#10879);
#11216 = OVER_RIDING_STYLED_ITEM('overriding color',(#11217),#5507,
  #10313);
#11217 = PRESENTATION_STYLE_ASSIGNMENT((#11218));
#11218 = SURFACE_STYLE_USAGE(.BOTH.,#11219);
#11219 = SURFACE_SIDE_STYLE('',(#11220));
#11220 = SURFACE_STYLE_FILL_AREA(#11221);
#11221 = FILL_AREA_STYLE('',(#11222));
#11222 = FILL_AREA_STYLE_COLOUR('',#10879);
#11223 = OVER_RIDING_STYLED_ITEM('overriding color',(#11224),#5529,
  #10313);
#11224 = PRESENTATION_STYLE_ASSIGNMENT((#11225));
#11225 = SURFACE_STYLE_USAGE(.BOTH.,#11226);
#11226 = SURFACE_SIDE_STYLE('',(#11227));
#11227 = SURFACE_STYLE_FILL_AREA(#11228);
#11228 = FILL_AREA_STYLE('',(#11229));
#11229 = FILL_AREA_STYLE_COLOUR('',#10331);
#11230 = OVER_RIDING_STYLED_ITEM('overriding color',(#11231),#5544,
  #10313);
#11231 = PRESENTATION_STYLE_ASSIGNMENT((#11232));
#11232 = SURFACE_STYLE_USAGE(.BOTH.,#11233);
#11233 = SURFACE_SIDE_STYLE('',(#11234));
#11234 = SURFACE_STYLE_FILL_AREA(#11235);
#11235 = FILL_AREA_STYLE('',(#11236));
#11236 = FILL_AREA_STYLE_COLOUR('',#10879);
#11237 = OVER_RIDING_STYLED_ITEM('overriding color',(#11238),#5668,
  #10313);
#11238 = PRESENTATION_STYLE_ASSIGNMENT((#11239));
#11239 = SURFACE_STYLE_USAGE(.BOTH.,#11240);
#11240 = SURFACE_SIDE_STYLE('',(#11241));
#11241 = SURFACE_STYLE_FILL_AREA(#11242);
#11242 = FILL_AREA_STYLE('',(#11243));
#11243 = FILL_AREA_STYLE_COLOUR('',#10879);
#11244 = OVER_RIDING_STYLED_ITEM('overriding color',(#11245),#5690,
  #10313);
#11245 = PRESENTATION_STYLE_ASSIGNMENT((#11246));
#11246 = SURFACE_STYLE_USAGE(.BOTH.,#11247);
#11247 = SURFACE_SIDE_STYLE('',(#11248));
#11248 = SURFACE_STYLE_FILL_AREA(#11249);
#11249 = FILL_AREA_STYLE('',(#11250));
#11250 = FILL_AREA_STYLE_COLOUR('',#10879);
#11251 = OVER_RIDING_STYLED_ITEM('overriding color',(#11252),#5707,
  #10313);
#11252 = PRESENTATION_STYLE_ASSIGNMENT((#11253));
#11253 = SURFACE_STYLE_USAGE(.BOTH.,#11254);
#11254 = SURFACE_SIDE_STYLE('',(#11255));
#11255 = SURFACE_STYLE_FILL_AREA(#11256);
#11256 = FILL_AREA_STYLE('',(#11257));
#11257 = FILL_AREA_STYLE_COLOUR('',#10879);
#11258 = OVER_RIDING_STYLED_ITEM('overriding color',(#11259),#5724,
  #10313);
#11259 = PRESENTATION_STYLE_ASSIGNMENT((#11260));
#11260 = SURFACE_STYLE_USAGE(.BOTH.,#11261);
#11261 = SURFACE_SIDE_STYLE('',(#11262));
#11262 = SURFACE_STYLE_FILL_AREA(#11263);
#11263 = FILL_AREA_STYLE('',(#11264));
#11264 = FILL_AREA_STYLE_COLOUR('',#10879);
#11265 = OVER_RIDING_STYLED_ITEM('overriding color',(#11266),#5741,
  #10313);
#11266 = PRESENTATION_STYLE_ASSIGNMENT((#11267));
#11267 = SURFACE_STYLE_USAGE(.BOTH.,#11268);
#11268 = SURFACE_SIDE_STYLE('',(#11269));
#11269 = SURFACE_STYLE_FILL_AREA(#11270);
#11270 = FILL_AREA_STYLE('',(#11271));
#11271 = FILL_AREA_STYLE_COLOUR('',#10879);
#11272 = OVER_RIDING_STYLED_ITEM('overriding color',(#11273),#5758,
  #10313);
#11273 = PRESENTATION_STYLE_ASSIGNMENT((#11274));
#11274 = SURFACE_STYLE_USAGE(.BOTH.,#11275);
#11275 = SURFACE_SIDE_STYLE('',(#11276));
#11276 = SURFACE_STYLE_FILL_AREA(#11277);
#11277 = FILL_AREA_STYLE('',(#11278));
#11278 = FILL_AREA_STYLE_COLOUR('',#10879);
#11279 = OVER_RIDING_STYLED_ITEM('overriding color',(#11280),#5775,
  #10313);
#11280 = PRESENTATION_STYLE_ASSIGNMENT((#11281));
#11281 = SURFACE_STYLE_USAGE(.BOTH.,#11282);
#11282 = SURFACE_SIDE_STYLE('',(#11283));
#11283 = SURFACE_STYLE_FILL_AREA(#11284);
#11284 = FILL_AREA_STYLE('',(#11285));
#11285 = FILL_AREA_STYLE_COLOUR('',#10879);
#11286 = OVER_RIDING_STYLED_ITEM('overriding color',(#11287),#5792,
  #10313);
#11287 = PRESENTATION_STYLE_ASSIGNMENT((#11288));
#11288 = SURFACE_STYLE_USAGE(.BOTH.,#11289);
#11289 = SURFACE_SIDE_STYLE('',(#11290));
#11290 = SURFACE_STYLE_FILL_AREA(#11291);
#11291 = FILL_AREA_STYLE('',(#11292));
#11292 = FILL_AREA_STYLE_COLOUR('',#10879);
#11293 = OVER_RIDING_STYLED_ITEM('overriding color',(#11294),#5804,
  #10313);
#11294 = PRESENTATION_STYLE_ASSIGNMENT((#11295));
#11295 = SURFACE_STYLE_USAGE(.BOTH.,#11296);
#11296 = SURFACE_SIDE_STYLE('',(#11297));
#11297 = SURFACE_STYLE_FILL_AREA(#11298);
#11298 = FILL_AREA_STYLE('',(#11299));
#11299 = FILL_AREA_STYLE_COLOUR('',#10879);
#11300 = OVER_RIDING_STYLED_ITEM('overriding color',(#11301),#5835,
  #10313);
#11301 = PRESENTATION_STYLE_ASSIGNMENT((#11302));
#11302 = SURFACE_STYLE_USAGE(.BOTH.,#11303);
#11303 = SURFACE_SIDE_STYLE('',(#11304));
#11304 = SURFACE_STYLE_FILL_AREA(#11305);
#11305 = FILL_AREA_STYLE('',(#11306));
#11306 = FILL_AREA_STYLE_COLOUR('',#10879);
#11307 = OVER_RIDING_STYLED_ITEM('overriding color',(#11308),#5859,
  #10313);
#11308 = PRESENTATION_STYLE_ASSIGNMENT((#11309));
#11309 = SURFACE_STYLE_USAGE(.BOTH.,#11310);
#11310 = SURFACE_SIDE_STYLE('',(#11311));
#11311 = SURFACE_STYLE_FILL_AREA(#11312);
#11312 = FILL_AREA_STYLE('',(#11313));
#11313 = FILL_AREA_STYLE_COLOUR('',#10879);
#11314 = OVER_RIDING_STYLED_ITEM('overriding color',(#11315),#5888,
  #10313);
#11315 = PRESENTATION_STYLE_ASSIGNMENT((#11316));
#11316 = SURFACE_STYLE_USAGE(.BOTH.,#11317);
#11317 = SURFACE_SIDE_STYLE('',(#11318));
#11318 = SURFACE_STYLE_FILL_AREA(#11319);
#11319 = FILL_AREA_STYLE('',(#11320));
#11320 = FILL_AREA_STYLE_COLOUR('',#10879);
#11321 = OVER_RIDING_STYLED_ITEM('overriding color',(#11322),#5912,
  #10313);
#11322 = PRESENTATION_STYLE_ASSIGNMENT((#11323));
#11323 = SURFACE_STYLE_USAGE(.BOTH.,#11324);
#11324 = SURFACE_SIDE_STYLE('',(#11325));
#11325 = SURFACE_STYLE_FILL_AREA(#11326);
#11326 = FILL_AREA_STYLE('',(#11327));
#11327 = FILL_AREA_STYLE_COLOUR('',#10879);
#11328 = OVER_RIDING_STYLED_ITEM('overriding color',(#11329),#5941,
  #10313);
#11329 = PRESENTATION_STYLE_ASSIGNMENT((#11330));
#11330 = SURFACE_STYLE_USAGE(.BOTH.,#11331);
#11331 = SURFACE_SIDE_STYLE('',(#11332));
#11332 = SURFACE_STYLE_FILL_AREA(#11333);
#11333 = FILL_AREA_STYLE('',(#11334));
#11334 = FILL_AREA_STYLE_COLOUR('',#10879);
#11335 = OVER_RIDING_STYLED_ITEM('overriding color',(#11336),#5958,
  #10313);
#11336 = PRESENTATION_STYLE_ASSIGNMENT((#11337));
#11337 = SURFACE_STYLE_USAGE(.BOTH.,#11338);
#11338 = SURFACE_SIDE_STYLE('',(#11339));
#11339 = SURFACE_STYLE_FILL_AREA(#11340);
#11340 = FILL_AREA_STYLE('',(#11341));
#11341 = FILL_AREA_STYLE_COLOUR('',#10331);
#11342 = OVER_RIDING_STYLED_ITEM('overriding color',(#11343),#5972,
  #10313);
#11343 = PRESENTATION_STYLE_ASSIGNMENT((#11344));
#11344 = SURFACE_STYLE_USAGE(.BOTH.,#11345);
#11345 = SURFACE_SIDE_STYLE('',(#11346));
#11346 = SURFACE_STYLE_FILL_AREA(#11347);
#11347 = FILL_AREA_STYLE('',(#11348));
#11348 = FILL_AREA_STYLE_COLOUR('',#10879);
#11349 = OVER_RIDING_STYLED_ITEM('overriding color',(#11350),#6003,
  #10313);
#11350 = PRESENTATION_STYLE_ASSIGNMENT((#11351));
#11351 = SURFACE_STYLE_USAGE(.BOTH.,#11352);
#11352 = SURFACE_SIDE_STYLE('',(#11353));
#11353 = SURFACE_STYLE_FILL_AREA(#11354);
#11354 = FILL_AREA_STYLE('',(#11355));
#11355 = FILL_AREA_STYLE_COLOUR('',#10879);
#11356 = OVER_RIDING_STYLED_ITEM('overriding color',(#11357),#6027,
  #10313);
#11357 = PRESENTATION_STYLE_ASSIGNMENT((#11358));
#11358 = SURFACE_STYLE_USAGE(.BOTH.,#11359);
#11359 = SURFACE_SIDE_STYLE('',(#11360));
#11360 = SURFACE_STYLE_FILL_AREA(#11361);
#11361 = FILL_AREA_STYLE('',(#11362));
#11362 = FILL_AREA_STYLE_COLOUR('',#10879);
#11363 = OVER_RIDING_STYLED_ITEM('overriding color',(#11364),#6051,
  #10313);
#11364 = PRESENTATION_STYLE_ASSIGNMENT((#11365));
#11365 = SURFACE_STYLE_USAGE(.BOTH.,#11366);
#11366 = SURFACE_SIDE_STYLE('',(#11367));
#11367 = SURFACE_STYLE_FILL_AREA(#11368);
#11368 = FILL_AREA_STYLE('',(#11369));
#11369 = FILL_AREA_STYLE_COLOUR('',#10879);
#11370 = OVER_RIDING_STYLED_ITEM('overriding color',(#11371),#6075,
  #10313);
#11371 = PRESENTATION_STYLE_ASSIGNMENT((#11372));
#11372 = SURFACE_STYLE_USAGE(.BOTH.,#11373);
#11373 = SURFACE_SIDE_STYLE('',(#11374));
#11374 = SURFACE_STYLE_FILL_AREA(#11375);
#11375 = FILL_AREA_STYLE('',(#11376));
#11376 = FILL_AREA_STYLE_COLOUR('',#10879);
#11377 = OVER_RIDING_STYLED_ITEM('overriding color',(#11378),#6099,
  #10313);
#11378 = PRESENTATION_STYLE_ASSIGNMENT((#11379));
#11379 = SURFACE_STYLE_USAGE(.BOTH.,#11380);
#11380 = SURFACE_SIDE_STYLE('',(#11381));
#11381 = SURFACE_STYLE_FILL_AREA(#11382);
#11382 = FILL_AREA_STYLE('',(#11383));
#11383 = FILL_AREA_STYLE_COLOUR('',#10879);
#11384 = OVER_RIDING_STYLED_ITEM('overriding color',(#11385),#6123,
  #10313);
#11385 = PRESENTATION_STYLE_ASSIGNMENT((#11386));
#11386 = SURFACE_STYLE_USAGE(.BOTH.,#11387);
#11387 = SURFACE_SIDE_STYLE('',(#11388));
#11388 = SURFACE_STYLE_FILL_AREA(#11389);
#11389 = FILL_AREA_STYLE('',(#11390));
#11390 = FILL_AREA_STYLE_COLOUR('',#10879);
#11391 = OVER_RIDING_STYLED_ITEM('overriding color',(#11392),#6147,
  #10313);
#11392 = PRESENTATION_STYLE_ASSIGNMENT((#11393));
#11393 = SURFACE_STYLE_USAGE(.BOTH.,#11394);
#11394 = SURFACE_SIDE_STYLE('',(#11395));
#11395 = SURFACE_STYLE_FILL_AREA(#11396);
#11396 = FILL_AREA_STYLE('',(#11397));
#11397 = FILL_AREA_STYLE_COLOUR('',#10879);
#11398 = OVER_RIDING_STYLED_ITEM('overriding color',(#11399),#6171,
  #10313);
#11399 = PRESENTATION_STYLE_ASSIGNMENT((#11400));
#11400 = SURFACE_STYLE_USAGE(.BOTH.,#11401);
#11401 = SURFACE_SIDE_STYLE('',(#11402));
#11402 = SURFACE_STYLE_FILL_AREA(#11403);
#11403 = FILL_AREA_STYLE('',(#11404));
#11404 = FILL_AREA_STYLE_COLOUR('',#10879);
#11405 = OVER_RIDING_STYLED_ITEM('overriding color',(#11406),#6195,
  #10313);
#11406 = PRESENTATION_STYLE_ASSIGNMENT((#11407));
#11407 = SURFACE_STYLE_USAGE(.BOTH.,#11408);
#11408 = SURFACE_SIDE_STYLE('',(#11409));
#11409 = SURFACE_STYLE_FILL_AREA(#11410);
#11410 = FILL_AREA_STYLE('',(#11411));
#11411 = FILL_AREA_STYLE_COLOUR('',#10879);
#11412 = OVER_RIDING_STYLED_ITEM('overriding color',(#11413),#6219,
  #10313);
#11413 = PRESENTATION_STYLE_ASSIGNMENT((#11414));
#11414 = SURFACE_STYLE_USAGE(.BOTH.,#11415);
#11415 = SURFACE_SIDE_STYLE('',(#11416));
#11416 = SURFACE_STYLE_FILL_AREA(#11417);
#11417 = FILL_AREA_STYLE('',(#11418));
#11418 = FILL_AREA_STYLE_COLOUR('',#10879);
#11419 = OVER_RIDING_STYLED_ITEM('overriding color',(#11420),#6243,
  #10313);
#11420 = PRESENTATION_STYLE_ASSIGNMENT((#11421));
#11421 = SURFACE_STYLE_USAGE(.BOTH.,#11422);
#11422 = SURFACE_SIDE_STYLE('',(#11423));
#11423 = SURFACE_STYLE_FILL_AREA(#11424);
#11424 = FILL_AREA_STYLE('',(#11425));
#11425 = FILL_AREA_STYLE_COLOUR('',#10879);
#11426 = OVER_RIDING_STYLED_ITEM('overriding color',(#11427),#6260,
  #10313);
#11427 = PRESENTATION_STYLE_ASSIGNMENT((#11428));
#11428 = SURFACE_STYLE_USAGE(.BOTH.,#11429);
#11429 = SURFACE_SIDE_STYLE('',(#11430));
#11430 = SURFACE_STYLE_FILL_AREA(#11431);
#11431 = FILL_AREA_STYLE('',(#11432));
#11432 = FILL_AREA_STYLE_COLOUR('',#10879);
#11433 = OVER_RIDING_STYLED_ITEM('overriding color',(#11434),#6280,
  #10313);
#11434 = PRESENTATION_STYLE_ASSIGNMENT((#11435));
#11435 = SURFACE_STYLE_USAGE(.BOTH.,#11436);
#11436 = SURFACE_SIDE_STYLE('',(#11437));
#11437 = SURFACE_STYLE_FILL_AREA(#11438);
#11438 = FILL_AREA_STYLE('',(#11439));
#11439 = FILL_AREA_STYLE_COLOUR('',#10879);
#11440 = OVER_RIDING_STYLED_ITEM('overriding color',(#11441),#6480,
  #10313);
#11441 = PRESENTATION_STYLE_ASSIGNMENT((#11442));
#11442 = SURFACE_STYLE_USAGE(.BOTH.,#11443);
#11443 = SURFACE_SIDE_STYLE('',(#11444));
#11444 = SURFACE_STYLE_FILL_AREA(#11445);
#11445 = FILL_AREA_STYLE('',(#11446));
#11446 = FILL_AREA_STYLE_COLOUR('',#10879);
#11447 = OVER_RIDING_STYLED_ITEM('overriding color',(#11448),#6506,
  #10313);
#11448 = PRESENTATION_STYLE_ASSIGNMENT((#11449));
#11449 = SURFACE_STYLE_USAGE(.BOTH.,#11450);
#11450 = SURFACE_SIDE_STYLE('',(#11451));
#11451 = SURFACE_STYLE_FILL_AREA(#11452);
#11452 = FILL_AREA_STYLE('',(#11453));
#11453 = FILL_AREA_STYLE_COLOUR('',#10879);
#11454 = OVER_RIDING_STYLED_ITEM('overriding color',(#11455),#6523,
  #10313);
#11455 = PRESENTATION_STYLE_ASSIGNMENT((#11456));
#11456 = SURFACE_STYLE_USAGE(.BOTH.,#11457);
#11457 = SURFACE_SIDE_STYLE('',(#11458));
#11458 = SURFACE_STYLE_FILL_AREA(#11459);
#11459 = FILL_AREA_STYLE('',(#11460));
#11460 = FILL_AREA_STYLE_COLOUR('',#10879);
#11461 = OVER_RIDING_STYLED_ITEM('overriding color',(#11462),#6544,
  #10313);
#11462 = PRESENTATION_STYLE_ASSIGNMENT((#11463));
#11463 = SURFACE_STYLE_USAGE(.BOTH.,#11464);
#11464 = SURFACE_SIDE_STYLE('',(#11465));
#11465 = SURFACE_STYLE_FILL_AREA(#11466);
#11466 = FILL_AREA_STYLE('',(#11467));
#11467 = FILL_AREA_STYLE_COLOUR('',#10879);
#11468 = OVER_RIDING_STYLED_ITEM('overriding color',(#11469),#6565,
  #10313);
#11469 = PRESENTATION_STYLE_ASSIGNMENT((#11470));
#11470 = SURFACE_STYLE_USAGE(.BOTH.,#11471);
#11471 = SURFACE_SIDE_STYLE('',(#11472));
#11472 = SURFACE_STYLE_FILL_AREA(#11473);
#11473 = FILL_AREA_STYLE('',(#11474));
#11474 = FILL_AREA_STYLE_COLOUR('',#10879);
#11475 = OVER_RIDING_STYLED_ITEM('overriding color',(#11476),#6582,
  #10313);
#11476 = PRESENTATION_STYLE_ASSIGNMENT((#11477));
#11477 = SURFACE_STYLE_USAGE(.BOTH.,#11478);
#11478 = SURFACE_SIDE_STYLE('',(#11479));
#11479 = SURFACE_STYLE_FILL_AREA(#11480);
#11480 = FILL_AREA_STYLE('',(#11481));
#11481 = FILL_AREA_STYLE_COLOUR('',#10879);
#11482 = OVER_RIDING_STYLED_ITEM('overriding color',(#11483),#6603,
  #10313);
#11483 = PRESENTATION_STYLE_ASSIGNMENT((#11484));
#11484 = SURFACE_STYLE_USAGE(.BOTH.,#11485);
#11485 = SURFACE_SIDE_STYLE('',(#11486));
#11486 = SURFACE_STYLE_FILL_AREA(#11487);
#11487 = FILL_AREA_STYLE('',(#11488));
#11488 = FILL_AREA_STYLE_COLOUR('',#10879);
#11489 = OVER_RIDING_STYLED_ITEM('overriding color',(#11490),#6624,
  #10313);
#11490 = PRESENTATION_STYLE_ASSIGNMENT((#11491));
#11491 = SURFACE_STYLE_USAGE(.BOTH.,#11492);
#11492 = SURFACE_SIDE_STYLE('',(#11493));
#11493 = SURFACE_STYLE_FILL_AREA(#11494);
#11494 = FILL_AREA_STYLE('',(#11495));
#11495 = FILL_AREA_STYLE_COLOUR('',#10879);
#11496 = OVER_RIDING_STYLED_ITEM('overriding color',(#11497),#6645,
  #10313);
#11497 = PRESENTATION_STYLE_ASSIGNMENT((#11498));
#11498 = SURFACE_STYLE_USAGE(.BOTH.,#11499);
#11499 = SURFACE_SIDE_STYLE('',(#11500));
#11500 = SURFACE_STYLE_FILL_AREA(#11501);
#11501 = FILL_AREA_STYLE('',(#11502));
#11502 = FILL_AREA_STYLE_COLOUR('',#10879);
#11503 = OVER_RIDING_STYLED_ITEM('overriding color',(#11504),#6666,
  #10313);
#11504 = PRESENTATION_STYLE_ASSIGNMENT((#11505));
#11505 = SURFACE_STYLE_USAGE(.BOTH.,#11506);
#11506 = SURFACE_SIDE_STYLE('',(#11507));
#11507 = SURFACE_STYLE_FILL_AREA(#11508);
#11508 = FILL_AREA_STYLE('',(#11509));
#11509 = FILL_AREA_STYLE_COLOUR('',#10879);
#11510 = OVER_RIDING_STYLED_ITEM('overriding color',(#11511),#6683,
  #10313);
#11511 = PRESENTATION_STYLE_ASSIGNMENT((#11512));
#11512 = SURFACE_STYLE_USAGE(.BOTH.,#11513);
#11513 = SURFACE_SIDE_STYLE('',(#11514));
#11514 = SURFACE_STYLE_FILL_AREA(#11515);
#11515 = FILL_AREA_STYLE('',(#11516));
#11516 = FILL_AREA_STYLE_COLOUR('',#10879);
#11517 = OVER_RIDING_STYLED_ITEM('overriding color',(#11518),#6700,
  #10313);
#11518 = PRESENTATION_STYLE_ASSIGNMENT((#11519));
#11519 = SURFACE_STYLE_USAGE(.BOTH.,#11520);
#11520 = SURFACE_SIDE_STYLE('',(#11521));
#11521 = SURFACE_STYLE_FILL_AREA(#11522);
#11522 = FILL_AREA_STYLE('',(#11523));
#11523 = FILL_AREA_STYLE_COLOUR('',#10879);
#11524 = OVER_RIDING_STYLED_ITEM('overriding color',(#11525),#6717,
  #10313);
#11525 = PRESENTATION_STYLE_ASSIGNMENT((#11526));
#11526 = SURFACE_STYLE_USAGE(.BOTH.,#11527);
#11527 = SURFACE_SIDE_STYLE('',(#11528));
#11528 = SURFACE_STYLE_FILL_AREA(#11529);
#11529 = FILL_AREA_STYLE('',(#11530));
#11530 = FILL_AREA_STYLE_COLOUR('',#10879);
#11531 = OVER_RIDING_STYLED_ITEM('overriding color',(#11532),#6734,
  #10313);
#11532 = PRESENTATION_STYLE_ASSIGNMENT((#11533));
#11533 = SURFACE_STYLE_USAGE(.BOTH.,#11534);
#11534 = SURFACE_SIDE_STYLE('',(#11535));
#11535 = SURFACE_STYLE_FILL_AREA(#11536);
#11536 = FILL_AREA_STYLE('',(#11537));
#11537 = FILL_AREA_STYLE_COLOUR('',#10879);
#11538 = OVER_RIDING_STYLED_ITEM('overriding color',(#11539),#6750,
  #10313);
#11539 = PRESENTATION_STYLE_ASSIGNMENT((#11540));
#11540 = SURFACE_STYLE_USAGE(.BOTH.,#11541);
#11541 = SURFACE_SIDE_STYLE('',(#11542));
#11542 = SURFACE_STYLE_FILL_AREA(#11543);
#11543 = FILL_AREA_STYLE('',(#11544));
#11544 = FILL_AREA_STYLE_COLOUR('',#10879);
#11545 = OVER_RIDING_STYLED_ITEM('overriding color',(#11546),#6786,
  #10313);
#11546 = PRESENTATION_STYLE_ASSIGNMENT((#11547));
#11547 = SURFACE_STYLE_USAGE(.BOTH.,#11548);
#11548 = SURFACE_SIDE_STYLE('',(#11549));
#11549 = SURFACE_STYLE_FILL_AREA(#11550);
#11550 = FILL_AREA_STYLE('',(#11551));
#11551 = FILL_AREA_STYLE_COLOUR('',#10879);
#11552 = OVER_RIDING_STYLED_ITEM('overriding color',(#11553),#6815,
  #10313);
#11553 = PRESENTATION_STYLE_ASSIGNMENT((#11554));
#11554 = SURFACE_STYLE_USAGE(.BOTH.,#11555);
#11555 = SURFACE_SIDE_STYLE('',(#11556));
#11556 = SURFACE_STYLE_FILL_AREA(#11557);
#11557 = FILL_AREA_STYLE('',(#11558));
#11558 = FILL_AREA_STYLE_COLOUR('',#10879);
#11559 = OVER_RIDING_STYLED_ITEM('overriding color',(#11560),#6844,
  #10313);
#11560 = PRESENTATION_STYLE_ASSIGNMENT((#11561));
#11561 = SURFACE_STYLE_USAGE(.BOTH.,#11562);
#11562 = SURFACE_SIDE_STYLE('',(#11563));
#11563 = SURFACE_STYLE_FILL_AREA(#11564);
#11564 = FILL_AREA_STYLE('',(#11565));
#11565 = FILL_AREA_STYLE_COLOUR('',#10879);
#11566 = OVER_RIDING_STYLED_ITEM('overriding color',(#11567),#6873,
  #10313);
#11567 = PRESENTATION_STYLE_ASSIGNMENT((#11568));
#11568 = SURFACE_STYLE_USAGE(.BOTH.,#11569);
#11569 = SURFACE_SIDE_STYLE('',(#11570));
#11570 = SURFACE_STYLE_FILL_AREA(#11571);
#11571 = FILL_AREA_STYLE('',(#11572));
#11572 = FILL_AREA_STYLE_COLOUR('',#10879);
#11573 = OVER_RIDING_STYLED_ITEM('overriding color',(#11574),#6902,
  #10313);
#11574 = PRESENTATION_STYLE_ASSIGNMENT((#11575));
#11575 = SURFACE_STYLE_USAGE(.BOTH.,#11576);
#11576 = SURFACE_SIDE_STYLE('',(#11577));
#11577 = SURFACE_STYLE_FILL_AREA(#11578);
#11578 = FILL_AREA_STYLE('',(#11579));
#11579 = FILL_AREA_STYLE_COLOUR('',#10879);
#11580 = OVER_RIDING_STYLED_ITEM('overriding color',(#11581),#6931,
  #10313);
#11581 = PRESENTATION_STYLE_ASSIGNMENT((#11582));
#11582 = SURFACE_STYLE_USAGE(.BOTH.,#11583);
#11583 = SURFACE_SIDE_STYLE('',(#11584));
#11584 = SURFACE_STYLE_FILL_AREA(#11585);
#11585 = FILL_AREA_STYLE('',(#11586));
#11586 = FILL_AREA_STYLE_COLOUR('',#10879);
#11587 = OVER_RIDING_STYLED_ITEM('overriding color',(#11588),#6955,
  #10313);
#11588 = PRESENTATION_STYLE_ASSIGNMENT((#11589));
#11589 = SURFACE_STYLE_USAGE(.BOTH.,#11590);
#11590 = SURFACE_SIDE_STYLE('',(#11591));
#11591 = SURFACE_STYLE_FILL_AREA(#11592);
#11592 = FILL_AREA_STYLE('',(#11593));
#11593 = FILL_AREA_STYLE_COLOUR('',#10879);
#11594 = OVER_RIDING_STYLED_ITEM('overriding color',(#11595),#6972,
  #10313);
#11595 = PRESENTATION_STYLE_ASSIGNMENT((#11596));
#11596 = SURFACE_STYLE_USAGE(.BOTH.,#11597);
#11597 = SURFACE_SIDE_STYLE('',(#11598));
#11598 = SURFACE_STYLE_FILL_AREA(#11599);
#11599 = FILL_AREA_STYLE('',(#11600));
#11600 = FILL_AREA_STYLE_COLOUR('',#10331);
#11601 = OVER_RIDING_STYLED_ITEM('overriding color',(#11602),#6988,
  #10313);
#11602 = PRESENTATION_STYLE_ASSIGNMENT((#11603));
#11603 = SURFACE_STYLE_USAGE(.BOTH.,#11604);
#11604 = SURFACE_SIDE_STYLE('',(#11605));
#11605 = SURFACE_STYLE_FILL_AREA(#11606);
#11606 = FILL_AREA_STYLE('',(#11607));
#11607 = FILL_AREA_STYLE_COLOUR('',#10879);
#11608 = OVER_RIDING_STYLED_ITEM('overriding color',(#11609),#7024,
  #10313);
#11609 = PRESENTATION_STYLE_ASSIGNMENT((#11610));
#11610 = SURFACE_STYLE_USAGE(.BOTH.,#11611);
#11611 = SURFACE_SIDE_STYLE('',(#11612));
#11612 = SURFACE_STYLE_FILL_AREA(#11613);
#11613 = FILL_AREA_STYLE('',(#11614));
#11614 = FILL_AREA_STYLE_COLOUR('',#10879);
#11615 = OVER_RIDING_STYLED_ITEM('overriding color',(#11616),#7048,
  #10313);
#11616 = PRESENTATION_STYLE_ASSIGNMENT((#11617));
#11617 = SURFACE_STYLE_USAGE(.BOTH.,#11618);
#11618 = SURFACE_SIDE_STYLE('',(#11619));
#11619 = SURFACE_STYLE_FILL_AREA(#11620);
#11620 = FILL_AREA_STYLE('',(#11621));
#11621 = FILL_AREA_STYLE_COLOUR('',#10879);
#11622 = OVER_RIDING_STYLED_ITEM('overriding color',(#11623),#7077,
  #10313);
#11623 = PRESENTATION_STYLE_ASSIGNMENT((#11624));
#11624 = SURFACE_STYLE_USAGE(.BOTH.,#11625);
#11625 = SURFACE_SIDE_STYLE('',(#11626));
#11626 = SURFACE_STYLE_FILL_AREA(#11627);
#11627 = FILL_AREA_STYLE('',(#11628));
#11628 = FILL_AREA_STYLE_COLOUR('',#10879);
#11629 = OVER_RIDING_STYLED_ITEM('overriding color',(#11630),#7106,
  #10313);
#11630 = PRESENTATION_STYLE_ASSIGNMENT((#11631));
#11631 = SURFACE_STYLE_USAGE(.BOTH.,#11632);
#11632 = SURFACE_SIDE_STYLE('',(#11633));
#11633 = SURFACE_STYLE_FILL_AREA(#11634);
#11634 = FILL_AREA_STYLE('',(#11635));
#11635 = FILL_AREA_STYLE_COLOUR('',#10879);
#11636 = OVER_RIDING_STYLED_ITEM('overriding color',(#11637),#7135,
  #10313);
#11637 = PRESENTATION_STYLE_ASSIGNMENT((#11638));
#11638 = SURFACE_STYLE_USAGE(.BOTH.,#11639);
#11639 = SURFACE_SIDE_STYLE('',(#11640));
#11640 = SURFACE_STYLE_FILL_AREA(#11641);
#11641 = FILL_AREA_STYLE('',(#11642));
#11642 = FILL_AREA_STYLE_COLOUR('',#10879);
#11643 = OVER_RIDING_STYLED_ITEM('overriding color',(#11644),#7164,
  #10313);
#11644 = PRESENTATION_STYLE_ASSIGNMENT((#11645));
#11645 = SURFACE_STYLE_USAGE(.BOTH.,#11646);
#11646 = SURFACE_SIDE_STYLE('',(#11647));
#11647 = SURFACE_STYLE_FILL_AREA(#11648);
#11648 = FILL_AREA_STYLE('',(#11649));
#11649 = FILL_AREA_STYLE_COLOUR('',#10879);
#11650 = OVER_RIDING_STYLED_ITEM('overriding color',(#11651),#7193,
  #10313);
#11651 = PRESENTATION_STYLE_ASSIGNMENT((#11652));
#11652 = SURFACE_STYLE_USAGE(.BOTH.,#11653);
#11653 = SURFACE_SIDE_STYLE('',(#11654));
#11654 = SURFACE_STYLE_FILL_AREA(#11655);
#11655 = FILL_AREA_STYLE('',(#11656));
#11656 = FILL_AREA_STYLE_COLOUR('',#10879);
#11657 = OVER_RIDING_STYLED_ITEM('overriding color',(#11658),#7222,
  #10313);
#11658 = PRESENTATION_STYLE_ASSIGNMENT((#11659));
#11659 = SURFACE_STYLE_USAGE(.BOTH.,#11660);
#11660 = SURFACE_SIDE_STYLE('',(#11661));
#11661 = SURFACE_STYLE_FILL_AREA(#11662);
#11662 = FILL_AREA_STYLE('',(#11663));
#11663 = FILL_AREA_STYLE_COLOUR('',#10879);
#11664 = OVER_RIDING_STYLED_ITEM('overriding color',(#11665),#7251,
  #10313);
#11665 = PRESENTATION_STYLE_ASSIGNMENT((#11666));
#11666 = SURFACE_STYLE_USAGE(.BOTH.,#11667);
#11667 = SURFACE_SIDE_STYLE('',(#11668));
#11668 = SURFACE_STYLE_FILL_AREA(#11669);
#11669 = FILL_AREA_STYLE('',(#11670));
#11670 = FILL_AREA_STYLE_COLOUR('',#10879);
#11671 = OVER_RIDING_STYLED_ITEM('overriding color',(#11672),#7280,
  #10313);
#11672 = PRESENTATION_STYLE_ASSIGNMENT((#11673));
#11673 = SURFACE_STYLE_USAGE(.BOTH.,#11674);
#11674 = SURFACE_SIDE_STYLE('',(#11675));
#11675 = SURFACE_STYLE_FILL_AREA(#11676);
#11676 = FILL_AREA_STYLE('',(#11677));
#11677 = FILL_AREA_STYLE_COLOUR('',#10879);
#11678 = OVER_RIDING_STYLED_ITEM('overriding color',(#11679),#7309,
  #10313);
#11679 = PRESENTATION_STYLE_ASSIGNMENT((#11680));
#11680 = SURFACE_STYLE_USAGE(.BOTH.,#11681);
#11681 = SURFACE_SIDE_STYLE('',(#11682));
#11682 = SURFACE_STYLE_FILL_AREA(#11683);
#11683 = FILL_AREA_STYLE('',(#11684));
#11684 = FILL_AREA_STYLE_COLOUR('',#10879);
#11685 = OVER_RIDING_STYLED_ITEM('overriding color',(#11686),#7338,
  #10313);
#11686 = PRESENTATION_STYLE_ASSIGNMENT((#11687));
#11687 = SURFACE_STYLE_USAGE(.BOTH.,#11688);
#11688 = SURFACE_SIDE_STYLE('',(#11689));
#11689 = SURFACE_STYLE_FILL_AREA(#11690);
#11690 = FILL_AREA_STYLE('',(#11691));
#11691 = FILL_AREA_STYLE_COLOUR('',#10879);
#11692 = OVER_RIDING_STYLED_ITEM('overriding color',(#11693),#7362,
  #10313);
#11693 = PRESENTATION_STYLE_ASSIGNMENT((#11694));
#11694 = SURFACE_STYLE_USAGE(.BOTH.,#11695);
#11695 = SURFACE_SIDE_STYLE('',(#11696));
#11696 = SURFACE_STYLE_FILL_AREA(#11697);
#11697 = FILL_AREA_STYLE('',(#11698));
#11698 = FILL_AREA_STYLE_COLOUR('',#10879);
#11699 = OVER_RIDING_STYLED_ITEM('overriding color',(#11700),#7391,
  #10313);
#11700 = PRESENTATION_STYLE_ASSIGNMENT((#11701));
#11701 = SURFACE_STYLE_USAGE(.BOTH.,#11702);
#11702 = SURFACE_SIDE_STYLE('',(#11703));
#11703 = SURFACE_STYLE_FILL_AREA(#11704);
#11704 = FILL_AREA_STYLE('',(#11705));
#11705 = FILL_AREA_STYLE_COLOUR('',#10879);
#11706 = OVER_RIDING_STYLED_ITEM('overriding color',(#11707),#7420,
  #10313);
#11707 = PRESENTATION_STYLE_ASSIGNMENT((#11708));
#11708 = SURFACE_STYLE_USAGE(.BOTH.,#11709);
#11709 = SURFACE_SIDE_STYLE('',(#11710));
#11710 = SURFACE_STYLE_FILL_AREA(#11711);
#11711 = FILL_AREA_STYLE('',(#11712));
#11712 = FILL_AREA_STYLE_COLOUR('',#10879);
#11713 = OVER_RIDING_STYLED_ITEM('overriding color',(#11714),#7449,
  #10313);
#11714 = PRESENTATION_STYLE_ASSIGNMENT((#11715));
#11715 = SURFACE_STYLE_USAGE(.BOTH.,#11716);
#11716 = SURFACE_SIDE_STYLE('',(#11717));
#11717 = SURFACE_STYLE_FILL_AREA(#11718);
#11718 = FILL_AREA_STYLE('',(#11719));
#11719 = FILL_AREA_STYLE_COLOUR('',#10879);
#11720 = OVER_RIDING_STYLED_ITEM('overriding color',(#11721),#7478,
  #10313);
#11721 = PRESENTATION_STYLE_ASSIGNMENT((#11722));
#11722 = SURFACE_STYLE_USAGE(.BOTH.,#11723);
#11723 = SURFACE_SIDE_STYLE('',(#11724));
#11724 = SURFACE_STYLE_FILL_AREA(#11725);
#11725 = FILL_AREA_STYLE('',(#11726));
#11726 = FILL_AREA_STYLE_COLOUR('',#10879);
#11727 = OVER_RIDING_STYLED_ITEM('overriding color',(#11728),#7507,
  #10313);
#11728 = PRESENTATION_STYLE_ASSIGNMENT((#11729));
#11729 = SURFACE_STYLE_USAGE(.BOTH.,#11730);
#11730 = SURFACE_SIDE_STYLE('',(#11731));
#11731 = SURFACE_STYLE_FILL_AREA(#11732);
#11732 = FILL_AREA_STYLE('',(#11733));
#11733 = FILL_AREA_STYLE_COLOUR('',#10879);
#11734 = OVER_RIDING_STYLED_ITEM('overriding color',(#11735),#7536,
  #10313);
#11735 = PRESENTATION_STYLE_ASSIGNMENT((#11736));
#11736 = SURFACE_STYLE_USAGE(.BOTH.,#11737);
#11737 = SURFACE_SIDE_STYLE('',(#11738));
#11738 = SURFACE_STYLE_FILL_AREA(#11739);
#11739 = FILL_AREA_STYLE('',(#11740));
#11740 = FILL_AREA_STYLE_COLOUR('',#10879);
#11741 = OVER_RIDING_STYLED_ITEM('overriding color',(#11742),#7565,
  #10313);
#11742 = PRESENTATION_STYLE_ASSIGNMENT((#11743));
#11743 = SURFACE_STYLE_USAGE(.BOTH.,#11744);
#11744 = SURFACE_SIDE_STYLE('',(#11745));
#11745 = SURFACE_STYLE_FILL_AREA(#11746);
#11746 = FILL_AREA_STYLE('',(#11747));
#11747 = FILL_AREA_STYLE_COLOUR('',#10879);
#11748 = OVER_RIDING_STYLED_ITEM('overriding color',(#11749),#7587,
  #10313);
#11749 = PRESENTATION_STYLE_ASSIGNMENT((#11750));
#11750 = SURFACE_STYLE_USAGE(.BOTH.,#11751);
#11751 = SURFACE_SIDE_STYLE('',(#11752));
#11752 = SURFACE_STYLE_FILL_AREA(#11753);
#11753 = FILL_AREA_STYLE('',(#11754));
#11754 = FILL_AREA_STYLE_COLOUR('',#10879);
#11755 = OVER_RIDING_STYLED_ITEM('overriding color',(#11756),#7616,
  #10313);
#11756 = PRESENTATION_STYLE_ASSIGNMENT((#11757));
#11757 = SURFACE_STYLE_USAGE(.BOTH.,#11758);
#11758 = SURFACE_SIDE_STYLE('',(#11759));
#11759 = SURFACE_STYLE_FILL_AREA(#11760);
#11760 = FILL_AREA_STYLE('',(#11761));
#11761 = FILL_AREA_STYLE_COLOUR('',#10879);
#11762 = OVER_RIDING_STYLED_ITEM('overriding color',(#11763),#7647,
  #10313);
#11763 = PRESENTATION_STYLE_ASSIGNMENT((#11764));
#11764 = SURFACE_STYLE_USAGE(.BOTH.,#11765);
#11765 = SURFACE_SIDE_STYLE('',(#11766));
#11766 = SURFACE_STYLE_FILL_AREA(#11767);
#11767 = FILL_AREA_STYLE('',(#11768));
#11768 = FILL_AREA_STYLE_COLOUR('',#10879);
#11769 = OVER_RIDING_STYLED_ITEM('overriding color',(#11770),#7671,
  #10313);
#11770 = PRESENTATION_STYLE_ASSIGNMENT((#11771));
#11771 = SURFACE_STYLE_USAGE(.BOTH.,#11772);
#11772 = SURFACE_SIDE_STYLE('',(#11773));
#11773 = SURFACE_STYLE_FILL_AREA(#11774);
#11774 = FILL_AREA_STYLE('',(#11775));
#11775 = FILL_AREA_STYLE_COLOUR('',#10879);
#11776 = OVER_RIDING_STYLED_ITEM('overriding color',(#11777),#7700,
  #10313);
#11777 = PRESENTATION_STYLE_ASSIGNMENT((#11778));
#11778 = SURFACE_STYLE_USAGE(.BOTH.,#11779);
#11779 = SURFACE_SIDE_STYLE('',(#11780));
#11780 = SURFACE_STYLE_FILL_AREA(#11781);
#11781 = FILL_AREA_STYLE('',(#11782));
#11782 = FILL_AREA_STYLE_COLOUR('',#10879);
#11783 = OVER_RIDING_STYLED_ITEM('overriding color',(#11784),#7724,
  #10313);
#11784 = PRESENTATION_STYLE_ASSIGNMENT((#11785));
#11785 = SURFACE_STYLE_USAGE(.BOTH.,#11786);
#11786 = SURFACE_SIDE_STYLE('',(#11787));
#11787 = SURFACE_STYLE_FILL_AREA(#11788);
#11788 = FILL_AREA_STYLE('',(#11789));
#11789 = FILL_AREA_STYLE_COLOUR('',#10879);
#11790 = OVER_RIDING_STYLED_ITEM('overriding color',(#11791),#7748,
  #10313);
#11791 = PRESENTATION_STYLE_ASSIGNMENT((#11792));
#11792 = SURFACE_STYLE_USAGE(.BOTH.,#11793);
#11793 = SURFACE_SIDE_STYLE('',(#11794));
#11794 = SURFACE_STYLE_FILL_AREA(#11795);
#11795 = FILL_AREA_STYLE('',(#11796));
#11796 = FILL_AREA_STYLE_COLOUR('',#10879);
#11797 = OVER_RIDING_STYLED_ITEM('overriding color',(#11798),#7772,
  #10313);
#11798 = PRESENTATION_STYLE_ASSIGNMENT((#11799));
#11799 = SURFACE_STYLE_USAGE(.BOTH.,#11800);
#11800 = SURFACE_SIDE_STYLE('',(#11801));
#11801 = SURFACE_STYLE_FILL_AREA(#11802);
#11802 = FILL_AREA_STYLE('',(#11803));
#11803 = FILL_AREA_STYLE_COLOUR('',#10879);
#11804 = OVER_RIDING_STYLED_ITEM('overriding color',(#11805),#7796,
  #10313);
#11805 = PRESENTATION_STYLE_ASSIGNMENT((#11806));
#11806 = SURFACE_STYLE_USAGE(.BOTH.,#11807);
#11807 = SURFACE_SIDE_STYLE('',(#11808));
#11808 = SURFACE_STYLE_FILL_AREA(#11809);
#11809 = FILL_AREA_STYLE('',(#11810));
#11810 = FILL_AREA_STYLE_COLOUR('',#10879);
#11811 = OVER_RIDING_STYLED_ITEM('overriding color',(#11812),#7820,
  #10313);
#11812 = PRESENTATION_STYLE_ASSIGNMENT((#11813));
#11813 = SURFACE_STYLE_USAGE(.BOTH.,#11814);
#11814 = SURFACE_SIDE_STYLE('',(#11815));
#11815 = SURFACE_STYLE_FILL_AREA(#11816);
#11816 = FILL_AREA_STYLE('',(#11817));
#11817 = FILL_AREA_STYLE_COLOUR('',#10879);
#11818 = OVER_RIDING_STYLED_ITEM('overriding color',(#11819),#7844,
  #10313);
#11819 = PRESENTATION_STYLE_ASSIGNMENT((#11820));
#11820 = SURFACE_STYLE_USAGE(.BOTH.,#11821);
#11821 = SURFACE_SIDE_STYLE('',(#11822));
#11822 = SURFACE_STYLE_FILL_AREA(#11823);
#11823 = FILL_AREA_STYLE('',(#11824));
#11824 = FILL_AREA_STYLE_COLOUR('',#10879);
#11825 = OVER_RIDING_STYLED_ITEM('overriding color',(#11826),#7873,
  #10313);
#11826 = PRESENTATION_STYLE_ASSIGNMENT((#11827));
#11827 = SURFACE_STYLE_USAGE(.BOTH.,#11828);
#11828 = SURFACE_SIDE_STYLE('',(#11829));
#11829 = SURFACE_STYLE_FILL_AREA(#11830);
#11830 = FILL_AREA_STYLE('',(#11831));
#11831 = FILL_AREA_STYLE_COLOUR('',#10879);
#11832 = OVER_RIDING_STYLED_ITEM('overriding color',(#11833),#7902,
  #10313);
#11833 = PRESENTATION_STYLE_ASSIGNMENT((#11834));
#11834 = SURFACE_STYLE_USAGE(.BOTH.,#11835);
#11835 = SURFACE_SIDE_STYLE('',(#11836));
#11836 = SURFACE_STYLE_FILL_AREA(#11837);
#11837 = FILL_AREA_STYLE('',(#11838));
#11838 = FILL_AREA_STYLE_COLOUR('',#10879);
#11839 = OVER_RIDING_STYLED_ITEM('overriding color',(#11840),#7926,
  #10313);
#11840 = PRESENTATION_STYLE_ASSIGNMENT((#11841));
#11841 = SURFACE_STYLE_USAGE(.BOTH.,#11842);
#11842 = SURFACE_SIDE_STYLE('',(#11843));
#11843 = SURFACE_STYLE_FILL_AREA(#11844);
#11844 = FILL_AREA_STYLE('',(#11845));
#11845 = FILL_AREA_STYLE_COLOUR('',#10879);
#11846 = OVER_RIDING_STYLED_ITEM('overriding color',(#11847),#7955,
  #10313);
#11847 = PRESENTATION_STYLE_ASSIGNMENT((#11848));
#11848 = SURFACE_STYLE_USAGE(.BOTH.,#11849);
#11849 = SURFACE_SIDE_STYLE('',(#11850));
#11850 = SURFACE_STYLE_FILL_AREA(#11851);
#11851 = FILL_AREA_STYLE('',(#11852));
#11852 = FILL_AREA_STYLE_COLOUR('',#10879);
#11853 = OVER_RIDING_STYLED_ITEM('overriding color',(#11854),#7984,
  #10313);
#11854 = PRESENTATION_STYLE_ASSIGNMENT((#11855));
#11855 = SURFACE_STYLE_USAGE(.BOTH.,#11856);
#11856 = SURFACE_SIDE_STYLE('',(#11857));
#11857 = SURFACE_STYLE_FILL_AREA(#11858);
#11858 = FILL_AREA_STYLE('',(#11859));
#11859 = FILL_AREA_STYLE_COLOUR('',#10879);
#11860 = OVER_RIDING_STYLED_ITEM('overriding color',(#11861),#8001,
  #10313);
#11861 = PRESENTATION_STYLE_ASSIGNMENT((#11862));
#11862 = SURFACE_STYLE_USAGE(.BOTH.,#11863);
#11863 = SURFACE_SIDE_STYLE('',(#11864));
#11864 = SURFACE_STYLE_FILL_AREA(#11865);
#11865 = FILL_AREA_STYLE('',(#11866));
#11866 = FILL_AREA_STYLE_COLOUR('',#10879);
#11867 = OVER_RIDING_STYLED_ITEM('overriding color',(#11868),#8024,
  #10313);
#11868 = PRESENTATION_STYLE_ASSIGNMENT((#11869));
#11869 = SURFACE_STYLE_USAGE(.BOTH.,#11870);
#11870 = SURFACE_SIDE_STYLE('',(#11871));
#11871 = SURFACE_STYLE_FILL_AREA(#11872);
#11872 = FILL_AREA_STYLE('',(#11873));
#11873 = FILL_AREA_STYLE_COLOUR('',#10879);
#11874 = OVER_RIDING_STYLED_ITEM('overriding color',(#11875),#8055,
  #10313);
#11875 = PRESENTATION_STYLE_ASSIGNMENT((#11876));
#11876 = SURFACE_STYLE_USAGE(.BOTH.,#11877);
#11877 = SURFACE_SIDE_STYLE('',(#11878));
#11878 = SURFACE_STYLE_FILL_AREA(#11879);
#11879 = FILL_AREA_STYLE('',(#11880));
#11880 = FILL_AREA_STYLE_COLOUR('',#10879);
#11881 = OVER_RIDING_STYLED_ITEM('overriding color',(#11882),#8079,
  #10313);
#11882 = PRESENTATION_STYLE_ASSIGNMENT((#11883));
#11883 = SURFACE_STYLE_USAGE(.BOTH.,#11884);
#11884 = SURFACE_SIDE_STYLE('',(#11885));
#11885 = SURFACE_STYLE_FILL_AREA(#11886);
#11886 = FILL_AREA_STYLE('',(#11887));
#11887 = FILL_AREA_STYLE_COLOUR('',#10879);
#11888 = OVER_RIDING_STYLED_ITEM('overriding color',(#11889),#8103,
  #10313);
#11889 = PRESENTATION_STYLE_ASSIGNMENT((#11890));
#11890 = SURFACE_STYLE_USAGE(.BOTH.,#11891);
#11891 = SURFACE_SIDE_STYLE('',(#11892));
#11892 = SURFACE_STYLE_FILL_AREA(#11893);
#11893 = FILL_AREA_STYLE('',(#11894));
#11894 = FILL_AREA_STYLE_COLOUR('',#10879);
#11895 = OVER_RIDING_STYLED_ITEM('overriding color',(#11896),#8127,
  #10313);
#11896 = PRESENTATION_STYLE_ASSIGNMENT((#11897));
#11897 = SURFACE_STYLE_USAGE(.BOTH.,#11898);
#11898 = SURFACE_SIDE_STYLE('',(#11899));
#11899 = SURFACE_STYLE_FILL_AREA(#11900);
#11900 = FILL_AREA_STYLE('',(#11901));
#11901 = FILL_AREA_STYLE_COLOUR('',#10879);
#11902 = OVER_RIDING_STYLED_ITEM('overriding color',(#11903),#8151,
  #10313);
#11903 = PRESENTATION_STYLE_ASSIGNMENT((#11904));
#11904 = SURFACE_STYLE_USAGE(.BOTH.,#11905);
#11905 = SURFACE_SIDE_STYLE('',(#11906));
#11906 = SURFACE_STYLE_FILL_AREA(#11907);
#11907 = FILL_AREA_STYLE('',(#11908));
#11908 = FILL_AREA_STYLE_COLOUR('',#10879);
#11909 = OVER_RIDING_STYLED_ITEM('overriding color',(#11910),#8175,
  #10313);
#11910 = PRESENTATION_STYLE_ASSIGNMENT((#11911));
#11911 = SURFACE_STYLE_USAGE(.BOTH.,#11912);
#11912 = SURFACE_SIDE_STYLE('',(#11913));
#11913 = SURFACE_STYLE_FILL_AREA(#11914);
#11914 = FILL_AREA_STYLE('',(#11915));
#11915 = FILL_AREA_STYLE_COLOUR('',#10879);
#11916 = OVER_RIDING_STYLED_ITEM('overriding color',(#11917),#8199,
  #10313);
#11917 = PRESENTATION_STYLE_ASSIGNMENT((#11918));
#11918 = SURFACE_STYLE_USAGE(.BOTH.,#11919);
#11919 = SURFACE_SIDE_STYLE('',(#11920));
#11920 = SURFACE_STYLE_FILL_AREA(#11921);
#11921 = FILL_AREA_STYLE('',(#11922));
#11922 = FILL_AREA_STYLE_COLOUR('',#10879);
#11923 = OVER_RIDING_STYLED_ITEM('overriding color',(#11924),#8223,
  #10313);
#11924 = PRESENTATION_STYLE_ASSIGNMENT((#11925));
#11925 = SURFACE_STYLE_USAGE(.BOTH.,#11926);
#11926 = SURFACE_SIDE_STYLE('',(#11927));
#11927 = SURFACE_STYLE_FILL_AREA(#11928);
#11928 = FILL_AREA_STYLE('',(#11929));
#11929 = FILL_AREA_STYLE_COLOUR('',#10879);
#11930 = OVER_RIDING_STYLED_ITEM('overriding color',(#11931),#8247,
  #10313);
#11931 = PRESENTATION_STYLE_ASSIGNMENT((#11932));
#11932 = SURFACE_STYLE_USAGE(.BOTH.,#11933);
#11933 = SURFACE_SIDE_STYLE('',(#11934));
#11934 = SURFACE_STYLE_FILL_AREA(#11935);
#11935 = FILL_AREA_STYLE('',(#11936));
#11936 = FILL_AREA_STYLE_COLOUR('',#10879);
#11937 = OVER_RIDING_STYLED_ITEM('overriding color',(#11938),#8271,
  #10313);
#11938 = PRESENTATION_STYLE_ASSIGNMENT((#11939));
#11939 = SURFACE_STYLE_USAGE(.BOTH.,#11940);
#11940 = SURFACE_SIDE_STYLE('',(#11941));
#11941 = SURFACE_STYLE_FILL_AREA(#11942);
#11942 = FILL_AREA_STYLE('',(#11943));
#11943 = FILL_AREA_STYLE_COLOUR('',#10879);
#11944 = OVER_RIDING_STYLED_ITEM('overriding color',(#11945),#8295,
  #10313);
#11945 = PRESENTATION_STYLE_ASSIGNMENT((#11946));
#11946 = SURFACE_STYLE_USAGE(.BOTH.,#11947);
#11947 = SURFACE_SIDE_STYLE('',(#11948));
#11948 = SURFACE_STYLE_FILL_AREA(#11949);
#11949 = FILL_AREA_STYLE('',(#11950));
#11950 = FILL_AREA_STYLE_COLOUR('',#10879);
#11951 = OVER_RIDING_STYLED_ITEM('overriding color',(#11952),#8312,
  #10313);
#11952 = PRESENTATION_STYLE_ASSIGNMENT((#11953));
#11953 = SURFACE_STYLE_USAGE(.BOTH.,#11954);
#11954 = SURFACE_SIDE_STYLE('',(#11955));
#11955 = SURFACE_STYLE_FILL_AREA(#11956);
#11956 = FILL_AREA_STYLE('',(#11957));
#11957 = FILL_AREA_STYLE_COLOUR('',#10879);
#11958 = OVER_RIDING_STYLED_ITEM('overriding color',(#11959),#8332,
  #10313);
#11959 = PRESENTATION_STYLE_ASSIGNMENT((#11960));
#11960 = SURFACE_STYLE_USAGE(.BOTH.,#11961);
#11961 = SURFACE_SIDE_STYLE('',(#11962));
#11962 = SURFACE_STYLE_FILL_AREA(#11963);
#11963 = FILL_AREA_STYLE('',(#11964));
#11964 = FILL_AREA_STYLE_COLOUR('',#10879);
#11965 = OVER_RIDING_STYLED_ITEM('overriding color',(#11966),#8462,
  #10313);
#11966 = PRESENTATION_STYLE_ASSIGNMENT((#11967));
#11967 = SURFACE_STYLE_USAGE(.BOTH.,#11968);
#11968 = SURFACE_SIDE_STYLE('',(#11969));
#11969 = SURFACE_STYLE_FILL_AREA(#11970);
#11970 = FILL_AREA_STYLE('',(#11971));
#11971 = FILL_AREA_STYLE_COLOUR('',#10879);
#11972 = OVER_RIDING_STYLED_ITEM('overriding color',(#11973),#8484,
  #10313);
#11973 = PRESENTATION_STYLE_ASSIGNMENT((#11974));
#11974 = SURFACE_STYLE_USAGE(.BOTH.,#11975);
#11975 = SURFACE_SIDE_STYLE('',(#11976));
#11976 = SURFACE_STYLE_FILL_AREA(#11977);
#11977 = FILL_AREA_STYLE('',(#11978));
#11978 = FILL_AREA_STYLE_COLOUR('',#10879);
#11979 = OVER_RIDING_STYLED_ITEM('overriding color',(#11980),#8505,
  #10313);
#11980 = PRESENTATION_STYLE_ASSIGNMENT((#11981));
#11981 = SURFACE_STYLE_USAGE(.BOTH.,#11982);
#11982 = SURFACE_SIDE_STYLE('',(#11983));
#11983 = SURFACE_STYLE_FILL_AREA(#11984);
#11984 = FILL_AREA_STYLE('',(#11985));
#11985 = FILL_AREA_STYLE_COLOUR('',#10879);
#11986 = OVER_RIDING_STYLED_ITEM('overriding color',(#11987),#8526,
  #10313);
#11987 = PRESENTATION_STYLE_ASSIGNMENT((#11988));
#11988 = SURFACE_STYLE_USAGE(.BOTH.,#11989);
#11989 = SURFACE_SIDE_STYLE('',(#11990));
#11990 = SURFACE_STYLE_FILL_AREA(#11991);
#11991 = FILL_AREA_STYLE('',(#11992));
#11992 = FILL_AREA_STYLE_COLOUR('',#10879);
#11993 = OVER_RIDING_STYLED_ITEM('overriding color',(#11994),#8547,
  #10313);
#11994 = PRESENTATION_STYLE_ASSIGNMENT((#11995));
#11995 = SURFACE_STYLE_USAGE(.BOTH.,#11996);
#11996 = SURFACE_SIDE_STYLE('',(#11997));
#11997 = SURFACE_STYLE_FILL_AREA(#11998);
#11998 = FILL_AREA_STYLE('',(#11999));
#11999 = FILL_AREA_STYLE_COLOUR('',#10879);
#12000 = OVER_RIDING_STYLED_ITEM('overriding color',(#12001),#8568,
  #10313);
#12001 = PRESENTATION_STYLE_ASSIGNMENT((#12002));
#12002 = SURFACE_STYLE_USAGE(.BOTH.,#12003);
#12003 = SURFACE_SIDE_STYLE('',(#12004));
#12004 = SURFACE_STYLE_FILL_AREA(#12005);
#12005 = FILL_AREA_STYLE('',(#12006));
#12006 = FILL_AREA_STYLE_COLOUR('',#10879);
#12007 = OVER_RIDING_STYLED_ITEM('overriding color',(#12008),#8585,
  #10313);
#12008 = PRESENTATION_STYLE_ASSIGNMENT((#12009));
#12009 = SURFACE_STYLE_USAGE(.BOTH.,#12010);
#12010 = SURFACE_SIDE_STYLE('',(#12011));
#12011 = SURFACE_STYLE_FILL_AREA(#12012);
#12012 = FILL_AREA_STYLE('',(#12013));
#12013 = FILL_AREA_STYLE_COLOUR('',#10879);
#12014 = OVER_RIDING_STYLED_ITEM('overriding color',(#12015),#8597,
  #10313);
#12015 = PRESENTATION_STYLE_ASSIGNMENT((#12016));
#12016 = SURFACE_STYLE_USAGE(.BOTH.,#12017);
#12017 = SURFACE_SIDE_STYLE('',(#12018));
#12018 = SURFACE_STYLE_FILL_AREA(#12019);
#12019 = FILL_AREA_STYLE('',(#12020));
#12020 = FILL_AREA_STYLE_COLOUR('',#10879);
#12021 = OVER_RIDING_STYLED_ITEM('overriding color',(#12022),#8628,
  #10313);
#12022 = PRESENTATION_STYLE_ASSIGNMENT((#12023));
#12023 = SURFACE_STYLE_USAGE(.BOTH.,#12024);
#12024 = SURFACE_SIDE_STYLE('',(#12025));
#12025 = SURFACE_STYLE_FILL_AREA(#12026);
#12026 = FILL_AREA_STYLE('',(#12027));
#12027 = FILL_AREA_STYLE_COLOUR('',#10879);
#12028 = OVER_RIDING_STYLED_ITEM('overriding color',(#12029),#8652,
  #10313);
#12029 = PRESENTATION_STYLE_ASSIGNMENT((#12030));
#12030 = SURFACE_STYLE_USAGE(.BOTH.,#12031);
#12031 = SURFACE_SIDE_STYLE('',(#12032));
#12032 = SURFACE_STYLE_FILL_AREA(#12033);
#12033 = FILL_AREA_STYLE('',(#12034));
#12034 = FILL_AREA_STYLE_COLOUR('',#10879);
#12035 = OVER_RIDING_STYLED_ITEM('overriding color',(#12036),#8676,
  #10313);
#12036 = PRESENTATION_STYLE_ASSIGNMENT((#12037));
#12037 = SURFACE_STYLE_USAGE(.BOTH.,#12038);
#12038 = SURFACE_SIDE_STYLE('',(#12039));
#12039 = SURFACE_STYLE_FILL_AREA(#12040);
#12040 = FILL_AREA_STYLE('',(#12041));
#12041 = FILL_AREA_STYLE_COLOUR('',#10879);
#12042 = OVER_RIDING_STYLED_ITEM('overriding color',(#12043),#8705,
  #10313);
#12043 = PRESENTATION_STYLE_ASSIGNMENT((#12044));
#12044 = SURFACE_STYLE_USAGE(.BOTH.,#12045);
#12045 = SURFACE_SIDE_STYLE('',(#12046));
#12046 = SURFACE_STYLE_FILL_AREA(#12047);
#12047 = FILL_AREA_STYLE('',(#12048));
#12048 = FILL_AREA_STYLE_COLOUR('',#10879);
#12049 = OVER_RIDING_STYLED_ITEM('overriding color',(#12050),#8734,
  #10313);
#12050 = PRESENTATION_STYLE_ASSIGNMENT((#12051));
#12051 = SURFACE_STYLE_USAGE(.BOTH.,#12052);
#12052 = SURFACE_SIDE_STYLE('',(#12053));
#12053 = SURFACE_STYLE_FILL_AREA(#12054);
#12054 = FILL_AREA_STYLE('',(#12055));
#12055 = FILL_AREA_STYLE_COLOUR('',#10879);
#12056 = OVER_RIDING_STYLED_ITEM('overriding color',(#12057),#8763,
  #10313);
#12057 = PRESENTATION_STYLE_ASSIGNMENT((#12058));
#12058 = SURFACE_STYLE_USAGE(.BOTH.,#12059);
#12059 = SURFACE_SIDE_STYLE('',(#12060));
#12060 = SURFACE_STYLE_FILL_AREA(#12061);
#12061 = FILL_AREA_STYLE('',(#12062));
#12062 = FILL_AREA_STYLE_COLOUR('',#10879);
#12063 = OVER_RIDING_STYLED_ITEM('overriding color',(#12064),#8785,
  #10313);
#12064 = PRESENTATION_STYLE_ASSIGNMENT((#12065));
#12065 = SURFACE_STYLE_USAGE(.BOTH.,#12066);
#12066 = SURFACE_SIDE_STYLE('',(#12067));
#12067 = SURFACE_STYLE_FILL_AREA(#12068);
#12068 = FILL_AREA_STYLE('',(#12069));
#12069 = FILL_AREA_STYLE_COLOUR('',#10331);
#12070 = OVER_RIDING_STYLED_ITEM('overriding color',(#12071),#8800,
  #10313);
#12071 = PRESENTATION_STYLE_ASSIGNMENT((#12072));
#12072 = SURFACE_STYLE_USAGE(.BOTH.,#12073);
#12073 = SURFACE_SIDE_STYLE('',(#12074));
#12074 = SURFACE_STYLE_FILL_AREA(#12075);
#12075 = FILL_AREA_STYLE('',(#12076));
#12076 = FILL_AREA_STYLE_COLOUR('',#10879);
#12077 = OVER_RIDING_STYLED_ITEM('overriding color',(#12078),#8924,
  #10313);
#12078 = PRESENTATION_STYLE_ASSIGNMENT((#12079));
#12079 = SURFACE_STYLE_USAGE(.BOTH.,#12080);
#12080 = SURFACE_SIDE_STYLE('',(#12081));
#12081 = SURFACE_STYLE_FILL_AREA(#12082);
#12082 = FILL_AREA_STYLE('',(#12083));
#12083 = FILL_AREA_STYLE_COLOUR('',#10879);
#12084 = OVER_RIDING_STYLED_ITEM('overriding color',(#12085),#8946,
  #10313);
#12085 = PRESENTATION_STYLE_ASSIGNMENT((#12086));
#12086 = SURFACE_STYLE_USAGE(.BOTH.,#12087);
#12087 = SURFACE_SIDE_STYLE('',(#12088));
#12088 = SURFACE_STYLE_FILL_AREA(#12089);
#12089 = FILL_AREA_STYLE('',(#12090));
#12090 = FILL_AREA_STYLE_COLOUR('',#10879);
#12091 = OVER_RIDING_STYLED_ITEM('overriding color',(#12092),#8963,
  #10313);
#12092 = PRESENTATION_STYLE_ASSIGNMENT((#12093));
#12093 = SURFACE_STYLE_USAGE(.BOTH.,#12094);
#12094 = SURFACE_SIDE_STYLE('',(#12095));
#12095 = SURFACE_STYLE_FILL_AREA(#12096);
#12096 = FILL_AREA_STYLE('',(#12097));
#12097 = FILL_AREA_STYLE_COLOUR('',#10879);
#12098 = OVER_RIDING_STYLED_ITEM('overriding color',(#12099),#8980,
  #10313);
#12099 = PRESENTATION_STYLE_ASSIGNMENT((#12100));
#12100 = SURFACE_STYLE_USAGE(.BOTH.,#12101);
#12101 = SURFACE_SIDE_STYLE('',(#12102));
#12102 = SURFACE_STYLE_FILL_AREA(#12103);
#12103 = FILL_AREA_STYLE('',(#12104));
#12104 = FILL_AREA_STYLE_COLOUR('',#10879);
#12105 = OVER_RIDING_STYLED_ITEM('overriding color',(#12106),#8997,
  #10313);
#12106 = PRESENTATION_STYLE_ASSIGNMENT((#12107));
#12107 = SURFACE_STYLE_USAGE(.BOTH.,#12108);
#12108 = SURFACE_SIDE_STYLE('',(#12109));
#12109 = SURFACE_STYLE_FILL_AREA(#12110);
#12110 = FILL_AREA_STYLE('',(#12111));
#12111 = FILL_AREA_STYLE_COLOUR('',#10879);
#12112 = OVER_RIDING_STYLED_ITEM('overriding color',(#12113),#9014,
  #10313);
#12113 = PRESENTATION_STYLE_ASSIGNMENT((#12114));
#12114 = SURFACE_STYLE_USAGE(.BOTH.,#12115);
#12115 = SURFACE_SIDE_STYLE('',(#12116));
#12116 = SURFACE_STYLE_FILL_AREA(#12117);
#12117 = FILL_AREA_STYLE('',(#12118));
#12118 = FILL_AREA_STYLE_COLOUR('',#10879);
#12119 = OVER_RIDING_STYLED_ITEM('overriding color',(#12120),#9031,
  #10313);
#12120 = PRESENTATION_STYLE_ASSIGNMENT((#12121));
#12121 = SURFACE_STYLE_USAGE(.BOTH.,#12122);
#12122 = SURFACE_SIDE_STYLE('',(#12123));
#12123 = SURFACE_STYLE_FILL_AREA(#12124);
#12124 = FILL_AREA_STYLE('',(#12125));
#12125 = FILL_AREA_STYLE_COLOUR('',#10879);
#12126 = OVER_RIDING_STYLED_ITEM('overriding color',(#12127),#9048,
  #10313);
#12127 = PRESENTATION_STYLE_ASSIGNMENT((#12128));
#12128 = SURFACE_STYLE_USAGE(.BOTH.,#12129);
#12129 = SURFACE_SIDE_STYLE('',(#12130));
#12130 = SURFACE_STYLE_FILL_AREA(#12131);
#12131 = FILL_AREA_STYLE('',(#12132));
#12132 = FILL_AREA_STYLE_COLOUR('',#10879);
#12133 = OVER_RIDING_STYLED_ITEM('overriding color',(#12134),#9060,
  #10313);
#12134 = PRESENTATION_STYLE_ASSIGNMENT((#12135));
#12135 = SURFACE_STYLE_USAGE(.BOTH.,#12136);
#12136 = SURFACE_SIDE_STYLE('',(#12137));
#12137 = SURFACE_STYLE_FILL_AREA(#12138);
#12138 = FILL_AREA_STYLE('',(#12139));
#12139 = FILL_AREA_STYLE_COLOUR('',#10879);
#12140 = OVER_RIDING_STYLED_ITEM('overriding color',(#12141),#9091,
  #10313);
#12141 = PRESENTATION_STYLE_ASSIGNMENT((#12142));
#12142 = SURFACE_STYLE_USAGE(.BOTH.,#12143);
#12143 = SURFACE_SIDE_STYLE('',(#12144));
#12144 = SURFACE_STYLE_FILL_AREA(#12145);
#12145 = FILL_AREA_STYLE('',(#12146));
#12146 = FILL_AREA_STYLE_COLOUR('',#10879);
#12147 = OVER_RIDING_STYLED_ITEM('overriding color',(#12148),#9115,
  #10313);
#12148 = PRESENTATION_STYLE_ASSIGNMENT((#12149));
#12149 = SURFACE_STYLE_USAGE(.BOTH.,#12150);
#12150 = SURFACE_SIDE_STYLE('',(#12151));
#12151 = SURFACE_STYLE_FILL_AREA(#12152);
#12152 = FILL_AREA_STYLE('',(#12153));
#12153 = FILL_AREA_STYLE_COLOUR('',#10879);
#12154 = OVER_RIDING_STYLED_ITEM('overriding color',(#12155),#9144,
  #10313);
#12155 = PRESENTATION_STYLE_ASSIGNMENT((#12156));
#12156 = SURFACE_STYLE_USAGE(.BOTH.,#12157);
#12157 = SURFACE_SIDE_STYLE('',(#12158));
#12158 = SURFACE_STYLE_FILL_AREA(#12159);
#12159 = FILL_AREA_STYLE('',(#12160));
#12160 = FILL_AREA_STYLE_COLOUR('',#10879);
#12161 = OVER_RIDING_STYLED_ITEM('overriding color',(#12162),#9168,
  #10313);
#12162 = PRESENTATION_STYLE_ASSIGNMENT((#12163));
#12163 = SURFACE_STYLE_USAGE(.BOTH.,#12164);
#12164 = SURFACE_SIDE_STYLE('',(#12165));
#12165 = SURFACE_STYLE_FILL_AREA(#12166);
#12166 = FILL_AREA_STYLE('',(#12167));
#12167 = FILL_AREA_STYLE_COLOUR('',#10879);
#12168 = OVER_RIDING_STYLED_ITEM('overriding color',(#12169),#9197,
  #10313);
#12169 = PRESENTATION_STYLE_ASSIGNMENT((#12170));
#12170 = SURFACE_STYLE_USAGE(.BOTH.,#12171);
#12171 = SURFACE_SIDE_STYLE('',(#12172));
#12172 = SURFACE_STYLE_FILL_AREA(#12173);
#12173 = FILL_AREA_STYLE('',(#12174));
#12174 = FILL_AREA_STYLE_COLOUR('',#10879);
#12175 = OVER_RIDING_STYLED_ITEM('overriding color',(#12176),#9214,
  #10313);
#12176 = PRESENTATION_STYLE_ASSIGNMENT((#12177));
#12177 = SURFACE_STYLE_USAGE(.BOTH.,#12178);
#12178 = SURFACE_SIDE_STYLE('',(#12179));
#12179 = SURFACE_STYLE_FILL_AREA(#12180);
#12180 = FILL_AREA_STYLE('',(#12181));
#12181 = FILL_AREA_STYLE_COLOUR('',#10331);
#12182 = OVER_RIDING_STYLED_ITEM('overriding color',(#12183),#9228,
  #10313);
#12183 = PRESENTATION_STYLE_ASSIGNMENT((#12184));
#12184 = SURFACE_STYLE_USAGE(.BOTH.,#12185);
#12185 = SURFACE_SIDE_STYLE('',(#12186));
#12186 = SURFACE_STYLE_FILL_AREA(#12187);
#12187 = FILL_AREA_STYLE('',(#12188));
#12188 = FILL_AREA_STYLE_COLOUR('',#10879);
#12189 = OVER_RIDING_STYLED_ITEM('overriding color',(#12190),#9553,
  #10313);
#12190 = PRESENTATION_STYLE_ASSIGNMENT((#12191));
#12191 = SURFACE_STYLE_USAGE(.BOTH.,#12192);
#12192 = SURFACE_SIDE_STYLE('',(#12193));
#12193 = SURFACE_STYLE_FILL_AREA(#12194);
#12194 = FILL_AREA_STYLE('',(#12195));
#12195 = FILL_AREA_STYLE_COLOUR('',#10879);
#12196 = OVER_RIDING_STYLED_ITEM('overriding color',(#12197),#9579,
  #10313);
#12197 = PRESENTATION_STYLE_ASSIGNMENT((#12198));
#12198 = SURFACE_STYLE_USAGE(.BOTH.,#12199);
#12199 = SURFACE_SIDE_STYLE('',(#12200));
#12200 = SURFACE_STYLE_FILL_AREA(#12201);
#12201 = FILL_AREA_STYLE('',(#12202));
#12202 = FILL_AREA_STYLE_COLOUR('',#10879);
#12203 = OVER_RIDING_STYLED_ITEM('overriding color',(#12204),#9600,
  #10313);
#12204 = PRESENTATION_STYLE_ASSIGNMENT((#12205));
#12205 = SURFACE_STYLE_USAGE(.BOTH.,#12206);
#12206 = SURFACE_SIDE_STYLE('',(#12207));
#12207 = SURFACE_STYLE_FILL_AREA(#12208);
#12208 = FILL_AREA_STYLE('',(#12209));
#12209 = FILL_AREA_STYLE_COLOUR('',#10879);
#12210 = OVER_RIDING_STYLED_ITEM('overriding color',(#12211),#9621,
  #10313);
#12211 = PRESENTATION_STYLE_ASSIGNMENT((#12212));
#12212 = SURFACE_STYLE_USAGE(.BOTH.,#12213);
#12213 = SURFACE_SIDE_STYLE('',(#12214));
#12214 = SURFACE_STYLE_FILL_AREA(#12215);
#12215 = FILL_AREA_STYLE('',(#12216));
#12216 = FILL_AREA_STYLE_COLOUR('',#10879);
#12217 = OVER_RIDING_STYLED_ITEM('overriding color',(#12218),#9642,
  #10313);
#12218 = PRESENTATION_STYLE_ASSIGNMENT((#12219));
#12219 = SURFACE_STYLE_USAGE(.BOTH.,#12220);
#12220 = SURFACE_SIDE_STYLE('',(#12221));
#12221 = SURFACE_STYLE_FILL_AREA(#12222);
#12222 = FILL_AREA_STYLE('',(#12223));
#12223 = FILL_AREA_STYLE_COLOUR('',#10879);
#12224 = OVER_RIDING_STYLED_ITEM('overriding color',(#12225),#9663,
  #10313);
#12225 = PRESENTATION_STYLE_ASSIGNMENT((#12226));
#12226 = SURFACE_STYLE_USAGE(.BOTH.,#12227);
#12227 = SURFACE_SIDE_STYLE('',(#12228));
#12228 = SURFACE_STYLE_FILL_AREA(#12229);
#12229 = FILL_AREA_STYLE('',(#12230));
#12230 = FILL_AREA_STYLE_COLOUR('',#10879);
#12231 = OVER_RIDING_STYLED_ITEM('overriding color',(#12232),#9684,
  #10313);
#12232 = PRESENTATION_STYLE_ASSIGNMENT((#12233));
#12233 = SURFACE_STYLE_USAGE(.BOTH.,#12234);
#12234 = SURFACE_SIDE_STYLE('',(#12235));
#12235 = SURFACE_STYLE_FILL_AREA(#12236);
#12236 = FILL_AREA_STYLE('',(#12237));
#12237 = FILL_AREA_STYLE_COLOUR('',#10879);
#12238 = OVER_RIDING_STYLED_ITEM('overriding color',(#12239),#9705,
  #10313);
#12239 = PRESENTATION_STYLE_ASSIGNMENT((#12240));
#12240 = SURFACE_STYLE_USAGE(.BOTH.,#12241);
#12241 = SURFACE_SIDE_STYLE('',(#12242));
#12242 = SURFACE_STYLE_FILL_AREA(#12243);
#12243 = FILL_AREA_STYLE('',(#12244));
#12244 = FILL_AREA_STYLE_COLOUR('',#10879);
#12245 = OVER_RIDING_STYLED_ITEM('overriding color',(#12246),#9726,
  #10313);
#12246 = PRESENTATION_STYLE_ASSIGNMENT((#12247));
#12247 = SURFACE_STYLE_USAGE(.BOTH.,#12248);
#12248 = SURFACE_SIDE_STYLE('',(#12249));
#12249 = SURFACE_STYLE_FILL_AREA(#12250);
#12250 = FILL_AREA_STYLE('',(#12251));
#12251 = FILL_AREA_STYLE_COLOUR('',#10879);
#12252 = OVER_RIDING_STYLED_ITEM('overriding color',(#12253),#9747,
  #10313);
#12253 = PRESENTATION_STYLE_ASSIGNMENT((#12254));
#12254 = SURFACE_STYLE_USAGE(.BOTH.,#12255);
#12255 = SURFACE_SIDE_STYLE('',(#12256));
#12256 = SURFACE_STYLE_FILL_AREA(#12257);
#12257 = FILL_AREA_STYLE('',(#12258));
#12258 = FILL_AREA_STYLE_COLOUR('',#10879);
#12259 = OVER_RIDING_STYLED_ITEM('overriding color',(#12260),#9768,
  #10313);
#12260 = PRESENTATION_STYLE_ASSIGNMENT((#12261));
#12261 = SURFACE_STYLE_USAGE(.BOTH.,#12262);
#12262 = SURFACE_SIDE_STYLE('',(#12263));
#12263 = SURFACE_STYLE_FILL_AREA(#12264);
#12264 = FILL_AREA_STYLE('',(#12265));
#12265 = FILL_AREA_STYLE_COLOUR('',#10879);
#12266 = OVER_RIDING_STYLED_ITEM('overriding color',(#12267),#9789,
  #10313);
#12267 = PRESENTATION_STYLE_ASSIGNMENT((#12268));
#12268 = SURFACE_STYLE_USAGE(.BOTH.,#12269);
#12269 = SURFACE_SIDE_STYLE('',(#12270));
#12270 = SURFACE_STYLE_FILL_AREA(#12271);
#12271 = FILL_AREA_STYLE('',(#12272));
#12272 = FILL_AREA_STYLE_COLOUR('',#10879);
#12273 = OVER_RIDING_STYLED_ITEM('overriding color',(#12274),#9810,
  #10313);
#12274 = PRESENTATION_STYLE_ASSIGNMENT((#12275));
#12275 = SURFACE_STYLE_USAGE(.BOTH.,#12276);
#12276 = SURFACE_SIDE_STYLE('',(#12277));
#12277 = SURFACE_STYLE_FILL_AREA(#12278);
#12278 = FILL_AREA_STYLE('',(#12279));
#12279 = FILL_AREA_STYLE_COLOUR('',#10879);
#12280 = OVER_RIDING_STYLED_ITEM('overriding color',(#12281),#9827,
  #10313);
#12281 = PRESENTATION_STYLE_ASSIGNMENT((#12282));
#12282 = SURFACE_STYLE_USAGE(.BOTH.,#12283);
#12283 = SURFACE_SIDE_STYLE('',(#12284));
#12284 = SURFACE_STYLE_FILL_AREA(#12285);
#12285 = FILL_AREA_STYLE('',(#12286));
#12286 = FILL_AREA_STYLE_COLOUR('',#10879);
#12287 = OVER_RIDING_STYLED_ITEM('overriding color',(#12288),#9844,
  #10313);
#12288 = PRESENTATION_STYLE_ASSIGNMENT((#12289));
#12289 = SURFACE_STYLE_USAGE(.BOTH.,#12290);
#12290 = SURFACE_SIDE_STYLE('',(#12291));
#12291 = SURFACE_STYLE_FILL_AREA(#12292);
#12292 = FILL_AREA_STYLE('',(#12293));
#12293 = FILL_AREA_STYLE_COLOUR('',#10879);
#12294 = OVER_RIDING_STYLED_ITEM('overriding color',(#12295),#9861,
  #10313);
#12295 = PRESENTATION_STYLE_ASSIGNMENT((#12296));
#12296 = SURFACE_STYLE_USAGE(.BOTH.,#12297);
#12297 = SURFACE_SIDE_STYLE('',(#12298));
#12298 = SURFACE_STYLE_FILL_AREA(#12299);
#12299 = FILL_AREA_STYLE('',(#12300));
#12300 = FILL_AREA_STYLE_COLOUR('',#10879);
#12301 = OVER_RIDING_STYLED_ITEM('overriding color',(#12302),#9878,
  #10313);
#12302 = PRESENTATION_STYLE_ASSIGNMENT((#12303));
#12303 = SURFACE_STYLE_USAGE(.BOTH.,#12304);
#12304 = SURFACE_SIDE_STYLE('',(#12305));
#12305 = SURFACE_STYLE_FILL_AREA(#12306);
#12306 = FILL_AREA_STYLE('',(#12307));
#12307 = FILL_AREA_STYLE_COLOUR('',#10879);
#12308 = OVER_RIDING_STYLED_ITEM('overriding color',(#12309),#9899,
  #10313);
#12309 = PRESENTATION_STYLE_ASSIGNMENT((#12310));
#12310 = SURFACE_STYLE_USAGE(.BOTH.,#12311);
#12311 = SURFACE_SIDE_STYLE('',(#12312));
#12312 = SURFACE_STYLE_FILL_AREA(#12313);
#12313 = FILL_AREA_STYLE('',(#12314));
#12314 = FILL_AREA_STYLE_COLOUR('',#10879);
#12315 = OVER_RIDING_STYLED_ITEM('overriding color',(#12316),#9920,
  #10313);
#12316 = PRESENTATION_STYLE_ASSIGNMENT((#12317));
#12317 = SURFACE_STYLE_USAGE(.BOTH.,#12318);
#12318 = SURFACE_SIDE_STYLE('',(#12319));
#12319 = SURFACE_STYLE_FILL_AREA(#12320);
#12320 = FILL_AREA_STYLE('',(#12321));
#12321 = FILL_AREA_STYLE_COLOUR('',#10879);
#12322 = OVER_RIDING_STYLED_ITEM('overriding color',(#12323),#9941,
  #10313);
#12323 = PRESENTATION_STYLE_ASSIGNMENT((#12324));
#12324 = SURFACE_STYLE_USAGE(.BOTH.,#12325);
#12325 = SURFACE_SIDE_STYLE('',(#12326));
#12326 = SURFACE_STYLE_FILL_AREA(#12327);
#12327 = FILL_AREA_STYLE('',(#12328));
#12328 = FILL_AREA_STYLE_COLOUR('',#10879);
#12329 = OVER_RIDING_STYLED_ITEM('overriding color',(#12330),#9962,
  #10313);
#12330 = PRESENTATION_STYLE_ASSIGNMENT((#12331));
#12331 = SURFACE_STYLE_USAGE(.BOTH.,#12332);
#12332 = SURFACE_SIDE_STYLE('',(#12333));
#12333 = SURFACE_STYLE_FILL_AREA(#12334);
#12334 = FILL_AREA_STYLE('',(#12335));
#12335 = FILL_AREA_STYLE_COLOUR('',#10879);
#12336 = OVER_RIDING_STYLED_ITEM('overriding color',(#12337),#9983,
  #10313);
#12337 = PRESENTATION_STYLE_ASSIGNMENT((#12338));
#12338 = SURFACE_STYLE_USAGE(.BOTH.,#12339);
#12339 = SURFACE_SIDE_STYLE('',(#12340));
#12340 = SURFACE_STYLE_FILL_AREA(#12341);
#12341 = FILL_AREA_STYLE('',(#12342));
#12342 = FILL_AREA_STYLE_COLOUR('',#10879);
#12343 = OVER_RIDING_STYLED_ITEM('overriding color',(#12344),#10004,
  #10313);
#12344 = PRESENTATION_STYLE_ASSIGNMENT((#12345));
#12345 = SURFACE_STYLE_USAGE(.BOTH.,#12346);
#12346 = SURFACE_SIDE_STYLE('',(#12347));
#12347 = SURFACE_STYLE_FILL_AREA(#12348);
#12348 = FILL_AREA_STYLE('',(#12349));
#12349 = FILL_AREA_STYLE_COLOUR('',#10879);
#12350 = OVER_RIDING_STYLED_ITEM('overriding color',(#12351),#10025,
  #10313);
#12351 = PRESENTATION_STYLE_ASSIGNMENT((#12352));
#12352 = SURFACE_STYLE_USAGE(.BOTH.,#12353);
#12353 = SURFACE_SIDE_STYLE('',(#12354));
#12354 = SURFACE_STYLE_FILL_AREA(#12355);
#12355 = FILL_AREA_STYLE('',(#12356));
#12356 = FILL_AREA_STYLE_COLOUR('',#10879);
#12357 = OVER_RIDING_STYLED_ITEM('overriding color',(#12358),#10042,
  #10313);
#12358 = PRESENTATION_STYLE_ASSIGNMENT((#12359));
#12359 = SURFACE_STYLE_USAGE(.BOTH.,#12360);
#12360 = SURFACE_SIDE_STYLE('',(#12361));
#12361 = SURFACE_STYLE_FILL_AREA(#12362);
#12362 = FILL_AREA_STYLE('',(#12363));
#12363 = FILL_AREA_STYLE_COLOUR('',#10879);
#12364 = OVER_RIDING_STYLED_ITEM('overriding color',(#12365),#10063,
  #10313);
#12365 = PRESENTATION_STYLE_ASSIGNMENT((#12366));
#12366 = SURFACE_STYLE_USAGE(.BOTH.,#12367);
#12367 = SURFACE_SIDE_STYLE('',(#12368));
#12368 = SURFACE_STYLE_FILL_AREA(#12369);
#12369 = FILL_AREA_STYLE('',(#12370));
#12370 = FILL_AREA_STYLE_COLOUR('',#10879);
#12371 = OVER_RIDING_STYLED_ITEM('overriding color',(#12372),#10084,
  #10313);
#12372 = PRESENTATION_STYLE_ASSIGNMENT((#12373));
#12373 = SURFACE_STYLE_USAGE(.BOTH.,#12374);
#12374 = SURFACE_SIDE_STYLE('',(#12375));
#12375 = SURFACE_STYLE_FILL_AREA(#12376);
#12376 = FILL_AREA_STYLE('',(#12377));
#12377 = FILL_AREA_STYLE_COLOUR('',#10879);
#12378 = OVER_RIDING_STYLED_ITEM('overriding color',(#12379),#10101,
  #10313);
#12379 = PRESENTATION_STYLE_ASSIGNMENT((#12380));
#12380 = SURFACE_STYLE_USAGE(.BOTH.,#12381);
#12381 = SURFACE_SIDE_STYLE('',(#12382));
#12382 = SURFACE_STYLE_FILL_AREA(#12383);
#12383 = FILL_AREA_STYLE('',(#12384));
#12384 = FILL_AREA_STYLE_COLOUR('',#10879);
#12385 = OVER_RIDING_STYLED_ITEM('overriding color',(#12386),#10122,
  #10313);
#12386 = PRESENTATION_STYLE_ASSIGNMENT((#12387));
#12387 = SURFACE_STYLE_USAGE(.BOTH.,#12388);
#12388 = SURFACE_SIDE_STYLE('',(#12389));
#12389 = SURFACE_STYLE_FILL_AREA(#12390);
#12390 = FILL_AREA_STYLE('',(#12391));
#12391 = FILL_AREA_STYLE_COLOUR('',#10879);
#12392 = OVER_RIDING_STYLED_ITEM('overriding color',(#12393),#10143,
  #10313);
#12393 = PRESENTATION_STYLE_ASSIGNMENT((#12394));
#12394 = SURFACE_STYLE_USAGE(.BOTH.,#12395);
#12395 = SURFACE_SIDE_STYLE('',(#12396));
#12396 = SURFACE_STYLE_FILL_AREA(#12397);
#12397 = FILL_AREA_STYLE('',(#12398));
#12398 = FILL_AREA_STYLE_COLOUR('',#10879);
#12399 = OVER_RIDING_STYLED_ITEM('overriding color',(#12400),#10164,
  #10313);
#12400 = PRESENTATION_STYLE_ASSIGNMENT((#12401));
#12401 = SURFACE_STYLE_USAGE(.BOTH.,#12402);
#12402 = SURFACE_SIDE_STYLE('',(#12403));
#12403 = SURFACE_STYLE_FILL_AREA(#12404);
#12404 = FILL_AREA_STYLE('',(#12405));
#12405 = FILL_AREA_STYLE_COLOUR('',#10879);
#12406 = OVER_RIDING_STYLED_ITEM('overriding color',(#12407),#10181,
  #10313);
#12407 = PRESENTATION_STYLE_ASSIGNMENT((#12408));
#12408 = SURFACE_STYLE_USAGE(.BOTH.,#12409);
#12409 = SURFACE_SIDE_STYLE('',(#12410));
#12410 = SURFACE_STYLE_FILL_AREA(#12411);
#12411 = FILL_AREA_STYLE('',(#12412));
#12412 = FILL_AREA_STYLE_COLOUR('',#10879);
#12413 = OVER_RIDING_STYLED_ITEM('overriding color',(#12414),#10202,
  #10313);
#12414 = PRESENTATION_STYLE_ASSIGNMENT((#12415));
#12415 = SURFACE_STYLE_USAGE(.BOTH.,#12416);
#12416 = SURFACE_SIDE_STYLE('',(#12417));
#12417 = SURFACE_STYLE_FILL_AREA(#12418);
#12418 = FILL_AREA_STYLE('',(#12419));
#12419 = FILL_AREA_STYLE_COLOUR('',#10879);
#12420 = OVER_RIDING_STYLED_ITEM('overriding color',(#12421),#10218,
  #10313);
#12421 = PRESENTATION_STYLE_ASSIGNMENT((#12422));
#12422 = SURFACE_STYLE_USAGE(.BOTH.,#12423);
#12423 = SURFACE_SIDE_STYLE('',(#12424));
#12424 = SURFACE_STYLE_FILL_AREA(#12425);
#12425 = FILL_AREA_STYLE('',(#12426));
#12426 = FILL_AREA_STYLE_COLOUR('',#10879);
#12427 = OVER_RIDING_STYLED_ITEM('overriding color',(#12428),#10263,
  #10313);
#12428 = PRESENTATION_STYLE_ASSIGNMENT((#12429));
#12429 = SURFACE_STYLE_USAGE(.BOTH.,#12430);
#12430 = SURFACE_SIDE_STYLE('',(#12431));
#12431 = SURFACE_STYLE_FILL_AREA(#12432);
#12432 = FILL_AREA_STYLE('',(#12433));
#12433 = FILL_AREA_STYLE_COLOUR('',#10879);
#12434 = OVER_RIDING_STYLED_ITEM('overriding color',(#12435),#10291,
  #10313);
#12435 = PRESENTATION_STYLE_ASSIGNMENT((#12436));
#12436 = SURFACE_STYLE_USAGE(.BOTH.,#12437);
#12437 = SURFACE_SIDE_STYLE('',(#12438));
#12438 = SURFACE_STYLE_FILL_AREA(#12439);
#12439 = FILL_AREA_STYLE('',(#12440));
#12440 = FILL_AREA_STYLE_COLOUR('',#10331);
#12441 = MECHANICAL_DESIGN_GEOMETRIC_PRESENTATION_REPRESENTATION('',(
    #12442),#540);
#12442 = STYLED_ITEM('color',(#12443),#60);
#12443 = PRESENTATION_STYLE_ASSIGNMENT((#12444,#12449));
#12444 = SURFACE_STYLE_USAGE(.BOTH.,#12445);
#12445 = SURFACE_SIDE_STYLE('',(#12446));
#12446 = SURFACE_STYLE_FILL_AREA(#12447);
#12447 = FILL_AREA_STYLE('',(#12448));
#12448 = FILL_AREA_STYLE_COLOUR('',#10479);
#12449 = CURVE_STYLE('',#12450,POSITIVE_LENGTH_MEASURE(0.1),#10323);
#12450 = DRAUGHTING_PRE_DEFINED_CURVE_FONT('continuous');
ENDSEC;
END-ISO-10303-21;
