ISO-10303-21;
HEADER;
FILE_DESCRIPTION(('FreeCAD Model'),'2;1');
FILE_NAME('Open CASCADE Shape Model','2026-09-11T23:22:53',('Author'),(
    ''),'Open CASCADE STEP processor 7.8','FreeCAD','Unknown');
FILE_SCHEMA(('AUTOMOTIVE_DESIGN { 1 0 10303 214 1 1 1 1 }'));
ENDSEC;
DATA;
#1 = APPLICATION_PROTOCOL_DEFINITION('international standard',
  'automotive_design',2000,#2);
#2 = APPLICATION_CONTEXT(
  'core data for automotive mechanical design processes');
#3 = SHAPE_DEFINITION_REPRESENTATION(#4,#10);
#4 = PRODUCT_DEFINITION_SHAPE('','',#5);
#5 = PRODUCT_DEFINITION('design','',#6,#9);
#6 = PRODUCT_DEFINITION_FORMATION('','',#7);
#7 = PRODUCT('EasyEDA PCB Model~5uC9','EasyEDA PCB Model~5uC9','',(#8));
#8 = PRODUCT_CONTEXT('',#2,'mechanical');
#9 = PRODUCT_DEFINITION_CONTEXT('part definition',#2,'design');
#10 = SHAPE_REPRESENTATION('',(#11,#15),#19);
#11 = AXIS2_PLACEMENT_3D('',#12,#13,#14);
#12 = CARTESIAN_POINT('',(0.,0.,0.));
#13 = DIRECTION('',(0.,0.,1.));
#14 = DIRECTION('',(1.,0.,-0.));
#15 = AXIS2_PLACEMENT_3D('',#16,#17,#18);
#16 = CARTESIAN_POINT('',(5.207010414021,-7.667015494031,1.600049345154)
  );
#17 = DIRECTION('',(0.,0.,1.));
#18 = DIRECTION('',(1.,0.,0.));
#19 = ( GEOMETRIC_REPRESENTATION_CONTEXT(3) 
GLOBAL_UNCERTAINTY_ASSIGNED_CONTEXT((#23)) GLOBAL_UNIT_ASSIGNED_CONTEXT(
(#20,#21,#22)) REPRESENTATION_CONTEXT('Context #1',
  '3D Context with UNIT and UNCERTAINTY') );
#20 = ( LENGTH_UNIT() NAMED_UNIT(*) SI_UNIT(.MILLI.,.METRE.) );
#21 = ( NAMED_UNIT(*) PLANE_ANGLE_UNIT() SI_UNIT($,.RADIAN.) );
#22 = ( NAMED_UNIT(*) SI_UNIT($,.STERADIAN.) SOLID_ANGLE_UNIT() );
#23 = UNCERTAINTY_MEASURE_WITH_UNIT(LENGTH_MEASURE(1.E-07),#20,
  'distance_accuracy_value','confusion accuracy');
#24 = PRODUCT_RELATED_PRODUCT_CATEGORY('part',$,(#7));
#25 = SHAPE_DEFINITION_REPRESENTATION(#26,#32);
#26 = PRODUCT_DEFINITION_SHAPE('','',#27);
#27 = PRODUCT_DEFINITION('design','',#28,#31);
#28 = PRODUCT_DEFINITION_FORMATION('','',#29);
#29 = PRODUCT(
  'H1~HDR-TH_8P-P2.54-V-M-R2-C4-S2.54~HDR-TH_8P-P2.54-M-LI-2X4P~qNwU',
  'H1~HDR-TH_8P-P2.54-V-M-R2-C4-S2.54~HDR-TH_8P-P2.54-M-LI-2X4P~qNwU',''
  ,(#30));
#30 = PRODUCT_CONTEXT('',#2,'mechanical');
#31 = PRODUCT_DEFINITION_CONTEXT('part definition',#2,'design');
#32 = SHAPE_REPRESENTATION('',(#11,#33),#37);
#33 = AXIS2_PLACEMENT_3D('',#34,#35,#36);
#34 = CARTESIAN_POINT('',(0.,0.,0.));
#35 = DIRECTION('',(0.,0.,1.));
#36 = DIRECTION('',(1.,0.,0.));
#37 = ( GEOMETRIC_REPRESENTATION_CONTEXT(3) 
GLOBAL_UNCERTAINTY_ASSIGNED_CONTEXT((#41)) GLOBAL_UNIT_ASSIGNED_CONTEXT(
(#38,#39,#40)) REPRESENTATION_CONTEXT('Context #1',
  '3D Context with UNIT and UNCERTAINTY') );
#38 = ( LENGTH_UNIT() NAMED_UNIT(*) SI_UNIT(.MILLI.,.METRE.) );
#39 = ( NAMED_UNIT(*) PLANE_ANGLE_UNIT() SI_UNIT($,.RADIAN.) );
#40 = ( NAMED_UNIT(*) SI_UNIT($,.STERADIAN.) SOLID_ANGLE_UNIT() );
#41 = UNCERTAINTY_MEASURE_WITH_UNIT(LENGTH_MEASURE(1.E-07),#38,
  'distance_accuracy_value','confusion accuracy');
#42 = CONTEXT_DEPENDENT_SHAPE_REPRESENTATION(#43,#45);
#43 = ( REPRESENTATION_RELATIONSHIP('','',#32,#10) 
REPRESENTATION_RELATIONSHIP_WITH_TRANSFORMATION(#44) 
SHAPE_REPRESENTATION_RELATIONSHIP() );
#44 = ITEM_DEFINED_TRANSFORMATION('','',#11,#15);
#45 = PRODUCT_DEFINITION_SHAPE('Placement','Placement of an item',#46);
#46 = NEXT_ASSEMBLY_USAGE_OCCURRENCE('2',
  'H1~HDR-TH_8P-P2.54-V-M-R2-C4-S2.54~HDR-TH_8P-P2.54-M-LI-2X4P~qNwU',''
  ,#5,#27,$);
#47 = PRODUCT_RELATED_PRODUCT_CATEGORY('part',$,(#29));
#48 = SHAPE_DEFINITION_REPRESENTATION(#49,#55);
#49 = PRODUCT_DEFINITION_SHAPE('','',#50);
#50 = PRODUCT_DEFINITION('design','',#51,#54);
#51 = PRODUCT_DEFINITION_FORMATION('','',#52);
#52 = PRODUCT(
  'HDR-TH_8P-P2.54-V-M-R2-C4-S2.54~HDR-TH_8P-P2.54-M-LI-2X4P~CQWv',
  'HDR-TH_8P-P2.54-V-M-R2-C4-S2.54~HDR-TH_8P-P2.54-M-LI-2X4P~CQWv','',(
    #53));
#53 = PRODUCT_CONTEXT('',#2,'mechanical');
#54 = PRODUCT_DEFINITION_CONTEXT('part definition',#2,'design');
#55 = ADVANCED_BREP_SHAPE_REPRESENTATION('',(#11,#56),#15118);
#56 = MANIFOLD_SOLID_BREP('',#57);
#57 = CLOSED_SHELL('',(#58,#1556,#2569,#3048,#3088,#3128,#3159,#3190,
    #3212,#3234,#3265,#3296,#3318,#3340,#3362,#3384,#3424,#3464,#3504,
    #3526,#3557,#3579,#3601,#3623,#3654,#3673,#3697,#3721,#3740,#3752,
    #3774,#3796,#3808,#3848,#3879,#3910,#3934,#3958,#3970,#3982,#4013,
    #4044,#4075,#4106,#4128,#4142,#4156,#4196,#4227,#4258,#4282,#4306,
    #4318,#4330,#4361,#4392,#4423,#4454,#4476,#4490,#4504,#4518,#4532,
    #4551,#4565,#4584,#4598,#4612,#4626,#4645,#4659,#4678,#4692,#4732,
    #4763,#4794,#4818,#4842,#4854,#4866,#4897,#4928,#4959,#4990,#5012,
    #5026,#5040,#5080,#5111,#5142,#5166,#5190,#5202,#5214,#5245,#5276,
    #5307,#5338,#5360,#5374,#5388,#5428,#5459,#5490,#5514,#5538,#5550,
    #5562,#5593,#5624,#5655,#5686,#5708,#5722,#5736,#5776,#5807,#5838,
    #5862,#5886,#5898,#5910,#5941,#5972,#6003,#6034,#6056,#6070,#6084,
    #6124,#6155,#6186,#6210,#6234,#6246,#6258,#6289,#6320,#6351,#6382,
    #6404,#6418,#6432,#6472,#6503,#6534,#6558,#6582,#6594,#6606,#6637,
    #6668,#6699,#6730,#6752,#6766,#6780,#6811,#6835,#6859,#6883,#6907,
    #6931,#6955,#6972,#7014,#7045,#7069,#7086,#7117,#7141,#7165,#7215,
    #7289,#7380,#7500,#7531,#7555,#7605,#7679,#7753,#7803,#7820,#7851,
    #7875,#7899,#7923,#7947,#7971,#7995,#8019,#8043,#8067,#8091,#8108,
    #8128,#8209,#8233,#8295,#8393,#8467,#8517,#8541,#8615,#8689,#8739,
    #8806,#8825,#8856,#8880,#8904,#8928,#8952,#8969,#8983,#8994,#9009,
    #9040,#9064,#9088,#9112,#9136,#9153,#9167,#9203,#9227,#9256,#9285,
    #9314,#9343,#9372,#9401,#9425,#9454,#9483,#9512,#9541,#9563,#9585,
    #9616,#9640,#9664,#9688,#9712,#9736,#9760,#9784,#9808,#9832,#9856,
    #9873,#9893,#10023,#10045,#10066,#10087,#10108,#10129,#10146,#10158,
    #10189,#10213,#10237,#10266,#10295,#10324,#10346,#10361,#10485,
    #10507,#10524,#10541,#10558,#10575,#10592,#10609,#10621,#10652,
    #10676,#10705,#10729,#10758,#10775,#10789,#10820,#10844,#10868,
    #10892,#10916,#10940,#10964,#10988,#11012,#11036,#11060,#11077,
    #11097,#11297,#11323,#11340,#11361,#11382,#11399,#11420,#11441,
    #11462,#11483,#11500,#11517,#11534,#11551,#11567,#11603,#11632,
    #11661,#11690,#11719,#11748,#11772,#11789,#11805,#11841,#11865,
    #11894,#11923,#11952,#11981,#12010,#12039,#12068,#12097,#12126,
    #12155,#12179,#12208,#12237,#12266,#12295,#12324,#12353,#12382,
    #12404,#12433,#12464,#12488,#12517,#12541,#12565,#12589,#12613,
    #12637,#12661,#12690,#12719,#12743,#12772,#12801,#12818,#12841,
    #12872,#12896,#12920,#12944,#12968,#12992,#13016,#13040,#13064,
    #13088,#13112,#13129,#13149,#13279,#13301,#13322,#13343,#13364,
    #13385,#13402,#13414,#13445,#13469,#13493,#13522,#13551,#13580,
    #13602,#13617,#13741,#13763,#13780,#13797,#13814,#13831,#13848,
    #13865,#13877,#13908,#13932,#13961,#13985,#14014,#14031,#14045,
    #14370,#14396,#14417,#14438,#14459,#14480,#14501,#14522,#14543,
    #14564,#14585,#14606,#14627,#14644,#14661,#14678,#14695,#14716,
    #14737,#14758,#14779,#14800,#14821,#14842,#14859,#14880,#14901,
    #14918,#14939,#14960,#14981,#14998,#15019,#15035,#15080,#15108));
#58 = ADVANCED_FACE('',(#59,#186,#308,#406,#532,#566,#616,#714,#776,#842
    ,#1031,#1129,#1191,#1257),#1551,.F.);
#59 = FACE_BOUND('',#60,.T.);
#60 = EDGE_LOOP('',(#61,#71,#79,#88,#97,#105,#114,#123,#131,#139,#147,
    #155,#163,#171,#180));
#61 = ORIENTED_EDGE('',*,*,#62,.F.);
#62 = EDGE_CURVE('',#63,#65,#67,.T.);
#63 = VERTEX_POINT('',#64);
#64 = CARTESIAN_POINT('',(5.079999999999,0.494766165957,1.423151653453)
  );
#65 = VERTEX_POINT('',#66);
#66 = CARTESIAN_POINT('',(5.08,0.468356314883,1.423151653453));
#67 = LINE('',#68,#69);
#68 = CARTESIAN_POINT('',(5.079999999999,0.468356314883,1.423151653453)
  );
#69 = VECTOR('',#70,1.);
#70 = DIRECTION('',(0.,-1.,0.));
#71 = ORIENTED_EDGE('',*,*,#72,.F.);
#72 = EDGE_CURVE('',#73,#63,#75,.T.);
#73 = VERTEX_POINT('',#74);
#74 = CARTESIAN_POINT('',(5.08,0.428845514062,1.25595858051));
#75 = LINE('',#76,#77);
#76 = CARTESIAN_POINT('',(5.079999999999,0.494766165957,1.423151653453)
  );
#77 = VECTOR('',#78,1.);
#78 = DIRECTION('',(0.,0.36679767895,0.930300737781));
#79 = ORIENTED_EDGE('',*,*,#80,.F.);
#80 = EDGE_CURVE('',#81,#73,#83,.T.);
#81 = VERTEX_POINT('',#82);
#82 = CARTESIAN_POINT('',(5.08,0.377013581934,1.209481401649));
#83 = B_SPLINE_CURVE_WITH_KNOTS('',3,(#84,#85,#86,#87),.UNSPECIFIED.,.F.
  ,.F.,(4,4),(1.,2.),.PIECEWISE_BEZIER_KNOTS.);
#84 = CARTESIAN_POINT('',(5.08,0.377013581934,1.209481401649));
#85 = CARTESIAN_POINT('',(5.08,0.399316389239,1.209481401649));
#86 = CARTESIAN_POINT('',(5.08,0.41657637065,1.224973794603));
#87 = CARTESIAN_POINT('',(5.08,0.428845514062,1.25595858051));
#88 = ORIENTED_EDGE('',*,*,#89,.F.);
#89 = EDGE_CURVE('',#90,#81,#92,.T.);
#90 = VERTEX_POINT('',#91);
#91 = CARTESIAN_POINT('',(5.08,0.360585406856,1.211560917482));
#92 = B_SPLINE_CURVE_WITH_KNOTS('',3,(#93,#94,#95,#96),.UNSPECIFIED.,.F.
  ,.F.,(4,4),(2.,3.),.PIECEWISE_BEZIER_KNOTS.);
#93 = CARTESIAN_POINT('',(5.08,0.360585406856,1.211560917482));
#94 = CARTESIAN_POINT('',(5.08,0.365108353792,1.210209232191));
#95 = CARTESIAN_POINT('',(5.08,0.370619070748,1.209481401649));
#96 = CARTESIAN_POINT('',(5.08,0.377013581934,1.209481401649));
#97 = ORIENTED_EDGE('',*,*,#98,.F.);
#98 = EDGE_CURVE('',#99,#90,#101,.T.);
#99 = VERTEX_POINT('',#100);
#100 = CARTESIAN_POINT('',(5.08,0.360585406856,1.234227640059));
#101 = LINE('',#102,#103);
#102 = CARTESIAN_POINT('',(5.079999999999,0.360585406856,1.211560917482)
  );
#103 = VECTOR('',#104,1.);
#104 = DIRECTION('',(0.,0.,-1.));
#105 = ORIENTED_EDGE('',*,*,#106,.F.);
#106 = EDGE_CURVE('',#107,#99,#109,.T.);
#107 = VERTEX_POINT('',#108);
#108 = CARTESIAN_POINT('',(5.08,0.375038041892,1.231316317892));
#109 = B_SPLINE_CURVE_WITH_KNOTS('',3,(#110,#111,#112,#113),
  .UNSPECIFIED.,.F.,.F.,(4,4),(4.,5.),.PIECEWISE_BEZIER_KNOTS.);
#110 = CARTESIAN_POINT('',(5.08,0.375038041892,1.231316317892));
#111 = CARTESIAN_POINT('',(5.08,0.37035913127,1.231316317892));
#112 = CARTESIAN_POINT('',(5.08,0.365576244854,1.232252100017));
#113 = CARTESIAN_POINT('',(5.08,0.360585406856,1.234227640059));
#114 = ORIENTED_EDGE('',*,*,#115,.F.);
#115 = EDGE_CURVE('',#116,#107,#118,.T.);
#116 = VERTEX_POINT('',#117);
#117 = CARTESIAN_POINT('',(5.08,0.401135965592,1.251799548844));
#118 = B_SPLINE_CURVE_WITH_KNOTS('',3,(#119,#120,#121,#122),
  .UNSPECIFIED.,.F.,.F.,(4,4),(5.,6.),.PIECEWISE_BEZIER_KNOTS.);
#119 = CARTESIAN_POINT('',(5.08,0.401135965592,1.251799548844));
#120 = CARTESIAN_POINT('',(5.08,0.395365309157,1.238074744349));
#121 = CARTESIAN_POINT('',(5.08,0.386683330556,1.231316317892));
#122 = CARTESIAN_POINT('',(5.08,0.375038041892,1.231316317892));
#123 = ORIENTED_EDGE('',*,*,#124,.F.);
#124 = EDGE_CURVE('',#125,#116,#127,.T.);
#125 = VERTEX_POINT('',#126);
#126 = CARTESIAN_POINT('',(5.08,0.412313363193,1.278209399919));
#127 = LINE('',#128,#129);
#128 = CARTESIAN_POINT('',(5.079999999999,0.401135965592,1.251799548844)
  );
#129 = VECTOR('',#130,1.);
#130 = DIRECTION('',(0.,-0.389758265065,-0.920917203017));
#131 = ORIENTED_EDGE('',*,*,#132,.F.);
#132 = EDGE_CURVE('',#133,#125,#135,.T.);
#133 = VERTEX_POINT('',#134);
#134 = CARTESIAN_POINT('',(5.08,0.355334629379,1.423151653453));
#135 = LINE('',#136,#137);
#136 = CARTESIAN_POINT('',(5.079999999999,0.412313363193,1.278209399919)
  );
#137 = VECTOR('',#138,1.);
#138 = DIRECTION('',(0.,0.365858921669,-0.930670322636));
#139 = ORIENTED_EDGE('',*,*,#140,.F.);
#140 = EDGE_CURVE('',#141,#133,#143,.T.);
#141 = VERTEX_POINT('',#142);
#142 = CARTESIAN_POINT('',(5.08,0.383823996286,1.423151653453));
#143 = LINE('',#144,#145);
#144 = CARTESIAN_POINT('',(5.079999999999,0.355334629379,1.423151653453)
  );
#145 = VECTOR('',#146,1.);
#146 = DIRECTION('',(0.,-1.,0.));
#147 = ORIENTED_EDGE('',*,*,#148,.F.);
#148 = EDGE_CURVE('',#149,#141,#151,.T.);
#149 = VERTEX_POINT('',#150);
#150 = CARTESIAN_POINT('',(5.08,0.421775160231,1.313977072239));
#151 = LINE('',#152,#153);
#152 = CARTESIAN_POINT('',(5.079999999999,0.383823996286,1.423151653453)
  );
#153 = VECTOR('',#154,1.);
#154 = DIRECTION('',(0.,-0.328346164812,0.94455746043));
#155 = ORIENTED_EDGE('',*,*,#156,.F.);
#156 = EDGE_CURVE('',#157,#149,#159,.T.);
#157 = VERTEX_POINT('',#158);
#158 = CARTESIAN_POINT('',(5.08,0.424894433981,1.302019856201));
#159 = LINE('',#160,#161);
#160 = CARTESIAN_POINT('',(5.079999999999,0.421775160231,1.313977072239)
  );
#161 = VECTOR('',#162,1.);
#162 = DIRECTION('',(0.,-0.252421897187,0.967617272386));
#163 = ORIENTED_EDGE('',*,*,#164,.F.);
#164 = EDGE_CURVE('',#165,#157,#167,.T.);
#165 = VERTEX_POINT('',#166);
#166 = CARTESIAN_POINT('',(5.08,0.425570276625,1.302019856201));
#167 = LINE('',#168,#169);
#168 = CARTESIAN_POINT('',(5.079999999999,0.424894433981,1.302019856201)
  );
#169 = VECTOR('',#170,1.);
#170 = DIRECTION('',(0.,-1.,0.));
#171 = ORIENTED_EDGE('',*,*,#172,.F.);
#172 = EDGE_CURVE('',#173,#165,#175,.T.);
#173 = VERTEX_POINT('',#174);
#174 = CARTESIAN_POINT('',(5.08,0.428689550375,1.313769120656));
#175 = B_SPLINE_CURVE_WITH_KNOTS('',3,(#176,#177,#178,#179),
  .UNSPECIFIED.,.F.,.F.,(4,4),(12.,13.),.PIECEWISE_BEZIER_KNOTS.);
#176 = CARTESIAN_POINT('',(5.08,0.428689550375,1.313769120656));
#177 = CARTESIAN_POINT('',(5.08,0.427129913501,1.308674306867));
#178 = CARTESIAN_POINT('',(5.08,0.426090155583,1.304723226785));
#179 = CARTESIAN_POINT('',(5.08,0.425570276625,1.302019856201));
#180 = ORIENTED_EDGE('',*,*,#181,.F.);
#181 = EDGE_CURVE('',#65,#173,#182,.T.);
#182 = LINE('',#183,#184);
#183 = CARTESIAN_POINT('',(5.079999999999,0.428689550375,1.313769120656)
  );
#184 = VECTOR('',#185,1.);
#185 = DIRECTION('',(0.,-0.340917796218,-0.9400931104));
#186 = FACE_BOUND('',#187,.T.);
#187 = EDGE_LOOP('',(#188,#199,#208,#216,#224,#232,#240,#249,#258,#267,
    #276,#284,#293,#302));
#188 = ORIENTED_EDGE('',*,*,#189,.F.);
#189 = EDGE_CURVE('',#190,#192,#194,.T.);
#190 = VERTEX_POINT('',#191);
#191 = CARTESIAN_POINT('',(5.08,0.156948818945,1.426478878785));
#192 = VERTEX_POINT('',#193);
#193 = CARTESIAN_POINT('',(5.08,0.10693646317,1.412962025874));
#194 = B_SPLINE_CURVE_WITH_KNOTS('',3,(#195,#196,#197,#198),
  .UNSPECIFIED.,.F.,.F.,(4,4),(0.,1.),.PIECEWISE_BEZIER_KNOTS.);
#195 = CARTESIAN_POINT('',(5.08,0.156948818945,1.426478878785));
#196 = CARTESIAN_POINT('',(5.08,0.138025224869,1.426478878785));
#197 = CARTESIAN_POINT('',(5.08,0.121337110311,1.422007919745));
#198 = CARTESIAN_POINT('',(5.08,0.10693646317,1.412962025874));
#199 = ORIENTED_EDGE('',*,*,#200,.F.);
#200 = EDGE_CURVE('',#201,#190,#203,.T.);
#201 = VERTEX_POINT('',#202);
#202 = CARTESIAN_POINT('',(5.08,0.209456593719,1.37137170922));
#203 = B_SPLINE_CURVE_WITH_KNOTS('',3,(#204,#205,#206,#207),
  .UNSPECIFIED.,.F.,.F.,(4,4),(1.,2.),.PIECEWISE_BEZIER_KNOTS.);
#204 = CARTESIAN_POINT('',(5.08,0.209456593719,1.37137170922));
#205 = CARTESIAN_POINT('',(5.08,0.209456593719,1.408179139458));
#206 = CARTESIAN_POINT('',(5.08,0.191936672829,1.426478878785));
#207 = CARTESIAN_POINT('',(5.08,0.156948818945,1.426478878785));
#208 = ORIENTED_EDGE('',*,*,#209,.F.);
#209 = EDGE_CURVE('',#210,#201,#212,.T.);
#210 = VERTEX_POINT('',#211);
#211 = CARTESIAN_POINT('',(5.08,0.209456593719,1.277897472544));
#212 = LINE('',#213,#214);
#213 = CARTESIAN_POINT('',(5.079999999999,0.209456593719,1.37137170922)
  );
#214 = VECTOR('',#215,1.);
#215 = DIRECTION('',(0.,-2.319788234798E-15,1.));
#216 = ORIENTED_EDGE('',*,*,#217,.F.);
#217 = EDGE_CURVE('',#218,#210,#220,.T.);
#218 = VERTEX_POINT('',#219);
#219 = CARTESIAN_POINT('',(5.08,0.183982524769,1.277897472544));
#220 = LINE('',#221,#222);
#221 = CARTESIAN_POINT('',(5.079999999999,0.209456593719,1.277897472544)
  );
#222 = VECTOR('',#223,1.);
#223 = DIRECTION('',(0.,1.,8.512202543064E-15));
#224 = ORIENTED_EDGE('',*,*,#225,.F.);
#225 = EDGE_CURVE('',#226,#218,#228,.T.);
#226 = VERTEX_POINT('',#227);
#227 = CARTESIAN_POINT('',(5.08,0.183982524769,1.300356243536));
#228 = LINE('',#229,#230);
#229 = CARTESIAN_POINT('',(5.079999999999,0.183982524769,1.277897472544)
  );
#230 = VECTOR('',#231,1.);
#231 = DIRECTION('',(0.,0.,-1.));
#232 = ORIENTED_EDGE('',*,*,#233,.F.);
#233 = EDGE_CURVE('',#234,#226,#236,.T.);
#234 = VERTEX_POINT('',#235);
#235 = CARTESIAN_POINT('',(5.08,0.183306682124,1.300356243536));
#236 = LINE('',#237,#238);
#237 = CARTESIAN_POINT('',(5.079999999999,0.183982524769,1.300356243536)
  );
#238 = VECTOR('',#239,1.);
#239 = DIRECTION('',(0.,1.,0.));
#240 = ORIENTED_EDGE('',*,*,#241,.F.);
#241 = EDGE_CURVE('',#242,#234,#244,.T.);
#242 = VERTEX_POINT('',#243);
#243 = CARTESIAN_POINT('',(5.08,0.138805043306,1.27446627142));
#244 = B_SPLINE_CURVE_WITH_KNOTS('',3,(#245,#246,#247,#248),
  .UNSPECIFIED.,.F.,.F.,(4,4),(6.,7.),.PIECEWISE_BEZIER_KNOTS.);
#245 = CARTESIAN_POINT('',(5.08,0.138805043306,1.27446627142));
#246 = CARTESIAN_POINT('',(5.08,0.158404480028,1.27446627142));
#247 = CARTESIAN_POINT('',(5.08,0.173273018232,1.283096262125));
#248 = CARTESIAN_POINT('',(5.08,0.183306682124,1.300356243536));
#249 = ORIENTED_EDGE('',*,*,#250,.F.);
#250 = EDGE_CURVE('',#251,#242,#253,.T.);
#251 = VERTEX_POINT('',#252);
#252 = CARTESIAN_POINT('',(5.08,0.105220862609,1.285903608499));
#253 = B_SPLINE_CURVE_WITH_KNOTS('',3,(#254,#255,#256,#257),
  .UNSPECIFIED.,.F.,.F.,(4,4),(7.,8.),.PIECEWISE_BEZIER_KNOTS.);
#254 = CARTESIAN_POINT('',(5.08,0.105220862609,1.285903608499));
#255 = CARTESIAN_POINT('',(5.08,0.113538925939,1.27831337571));
#256 = CARTESIAN_POINT('',(5.08,0.12471632354,1.27446627142));
#257 = CARTESIAN_POINT('',(5.08,0.138805043306,1.27446627142));
#258 = ORIENTED_EDGE('',*,*,#259,.F.);
#259 = EDGE_CURVE('',#260,#251,#262,.T.);
#260 = VERTEX_POINT('',#261);
#261 = CARTESIAN_POINT('',(5.08,9.2743767613E-02,1.316784418614));
#262 = B_SPLINE_CURVE_WITH_KNOTS('',3,(#263,#264,#265,#266),
  .UNSPECIFIED.,.F.,.F.,(4,4),(8.,9.),.PIECEWISE_BEZIER_KNOTS.);
#263 = CARTESIAN_POINT('',(5.08,9.2743767613E-02,1.316784418614));
#264 = CARTESIAN_POINT('',(5.08,9.2743767613E-02,1.30378744466));
#265 = CARTESIAN_POINT('',(5.08,9.6902799278E-02,1.293493841288));
#266 = CARTESIAN_POINT('',(5.08,0.105220862609,1.285903608499));
#267 = ORIENTED_EDGE('',*,*,#268,.F.);
#268 = EDGE_CURVE('',#269,#260,#271,.T.);
#269 = VERTEX_POINT('',#270);
#270 = CARTESIAN_POINT('',(5.08,0.140936547034,1.364197379598));
#271 = B_SPLINE_CURVE_WITH_KNOTS('',3,(#272,#273,#274,#275),
  .UNSPECIFIED.,.F.,.F.,(4,4),(9.,10.),.PIECEWISE_BEZIER_KNOTS.);
#272 = CARTESIAN_POINT('',(5.08,0.140936547034,1.364197379598));
#273 = CARTESIAN_POINT('',(5.08,0.10880802742,1.359726420558));
#274 = CARTESIAN_POINT('',(5.08,9.2743767613E-02,1.34392210023));
#275 = CARTESIAN_POINT('',(5.08,9.2743767613E-02,1.316784418614));
#276 = ORIENTED_EDGE('',*,*,#277,.F.);
#277 = EDGE_CURVE('',#278,#269,#280,.T.);
#278 = VERTEX_POINT('',#279);
#279 = CARTESIAN_POINT('',(5.08,0.183982524769,1.370227975513));
#280 = LINE('',#281,#282);
#281 = CARTESIAN_POINT('',(5.079999999999,0.140936547034,1.364197379598)
  );
#282 = VECTOR('',#283,1.);
#283 = DIRECTION('',(0.,-0.990328603988,-0.138741688482));
#284 = ORIENTED_EDGE('',*,*,#285,.F.);
#285 = EDGE_CURVE('',#286,#278,#288,.T.);
#286 = VERTEX_POINT('',#287);
#287 = CARTESIAN_POINT('',(5.08,0.154557375738,1.405787696251));
#288 = B_SPLINE_CURVE_WITH_KNOTS('',3,(#289,#290,#291,#292),
  .UNSPECIFIED.,.F.,.F.,(4,4),(11.,12.),.PIECEWISE_BEZIER_KNOTS.);
#289 = CARTESIAN_POINT('',(5.08,0.154557375738,1.405787696251));
#290 = CARTESIAN_POINT('',(5.08,0.17415681246,1.405787696251));
#291 = CARTESIAN_POINT('',(5.08,0.183982524769,1.393934456004));
#292 = CARTESIAN_POINT('',(5.08,0.183982524769,1.370227975513));
#293 = ORIENTED_EDGE('',*,*,#294,.F.);
#294 = EDGE_CURVE('',#295,#286,#297,.T.);
#295 = VERTEX_POINT('',#296);
#296 = CARTESIAN_POINT('',(5.08,0.10693646317,1.388215787464));
#297 = B_SPLINE_CURVE_WITH_KNOTS('',3,(#298,#299,#300,#301),
  .UNSPECIFIED.,.F.,.F.,(4,4),(12.,13.),.PIECEWISE_BEZIER_KNOTS.);
#298 = CARTESIAN_POINT('',(5.08,0.10693646317,1.388215787464));
#299 = CARTESIAN_POINT('',(5.08,0.121285122415,1.399861076128));
#300 = CARTESIAN_POINT('',(5.08,0.137141430639,1.405787696251));
#301 = CARTESIAN_POINT('',(5.08,0.154557375738,1.405787696251));
#302 = ORIENTED_EDGE('',*,*,#303,.F.);
#303 = EDGE_CURVE('',#192,#295,#304,.T.);
#304 = LINE('',#305,#306);
#305 = CARTESIAN_POINT('',(5.08,0.10693646317,1.388215787464));
#306 = VECTOR('',#307,1.);
#307 = DIRECTION('',(0.,8.762561441094E-15,-1.));
#308 = FACE_BOUND('',#309,.T.);
#309 = EDGE_LOOP('',(#310,#320,#328,#336,#344,#352,#360,#368,#376,#384,
    #392,#400));
#310 = ORIENTED_EDGE('',*,*,#311,.F.);
#311 = EDGE_CURVE('',#312,#314,#316,.T.);
#312 = VERTEX_POINT('',#313);
#313 = CARTESIAN_POINT('',(5.08,6.8361444475E-02,1.277897472544));
#314 = VERTEX_POINT('',#315);
#315 = CARTESIAN_POINT('',(5.08,6.8361444475E-02,1.301084074078));
#316 = LINE('',#317,#318);
#317 = CARTESIAN_POINT('',(5.08,6.8361444475E-02,1.301084074078));
#318 = VECTOR('',#319,1.);
#319 = DIRECTION('',(0.,0.,1.));
#320 = ORIENTED_EDGE('',*,*,#321,.F.);
#321 = EDGE_CURVE('',#322,#312,#324,.T.);
#322 = VERTEX_POINT('',#323);
#323 = CARTESIAN_POINT('',(5.08,-4.1021088321E-02,1.277897472544));
#324 = LINE('',#325,#326);
#325 = CARTESIAN_POINT('',(5.08,6.8361444475E-02,1.277897472544));
#326 = VECTOR('',#327,1.);
#327 = DIRECTION('',(0.,1.,3.964809169306E-15));
#328 = ORIENTED_EDGE('',*,*,#329,.F.);
#329 = EDGE_CURVE('',#330,#322,#332,.T.);
#330 = VERTEX_POINT('',#331);
#331 = CARTESIAN_POINT('',(5.08,-4.1021088321E-02,1.481274120975));
#332 = LINE('',#333,#334);
#333 = CARTESIAN_POINT('',(5.08,-4.1021088321E-02,1.277897472544));
#334 = VECTOR('',#335,1.);
#335 = DIRECTION('',(0.,3.19860371635E-15,-1.));
#336 = ORIENTED_EDGE('',*,*,#337,.F.);
#337 = EDGE_CURVE('',#338,#330,#340,.T.);
#338 = VERTEX_POINT('',#339);
#339 = CARTESIAN_POINT('',(5.08,6.3734521747E-02,1.481274120975));
#340 = LINE('',#341,#342);
#341 = CARTESIAN_POINT('',(5.08,-4.1021088321E-02,1.481274120975));
#342 = VECTOR('',#343,1.);
#343 = DIRECTION('',(0.,-1.,-2.069964886412E-15));
#344 = ORIENTED_EDGE('',*,*,#345,.F.);
#345 = EDGE_CURVE('',#346,#338,#348,.T.);
#346 = VERTEX_POINT('',#347);
#347 = CARTESIAN_POINT('',(5.08,6.3734521747E-02,1.457879567859));
#348 = LINE('',#349,#350);
#349 = CARTESIAN_POINT('',(5.08,6.3734521747E-02,1.481274120975));
#350 = VECTOR('',#351,1.);
#351 = DIRECTION('',(0.,0.,1.));
#352 = ORIENTED_EDGE('',*,*,#353,.F.);
#353 = EDGE_CURVE('',#354,#346,#356,.T.);
#354 = VERTEX_POINT('',#355);
#355 = CARTESIAN_POINT('',(5.08,-1.4767200934E-02,1.457879567859));
#356 = LINE('',#357,#358);
#357 = CARTESIAN_POINT('',(5.08,6.3734521747E-02,1.457879567859));
#358 = VECTOR('',#359,1.);
#359 = DIRECTION('',(0.,1.,5.524475822672E-15));
#360 = ORIENTED_EDGE('',*,*,#361,.F.);
#361 = EDGE_CURVE('',#362,#354,#364,.T.);
#362 = VERTEX_POINT('',#363);
#363 = CARTESIAN_POINT('',(5.08,-1.4767200934E-02,1.392790722296));
#364 = LINE('',#365,#366);
#365 = CARTESIAN_POINT('',(5.08,-1.4767200934E-02,1.457879567859));
#366 = VECTOR('',#367,1.);
#367 = DIRECTION('',(0.,-3.331453071941E-15,1.));
#368 = ORIENTED_EDGE('',*,*,#369,.F.);
#369 = EDGE_CURVE('',#370,#362,#372,.T.);
#370 = VERTEX_POINT('',#371);
#371 = CARTESIAN_POINT('',(5.08,5.7963865312E-02,1.392790722296));
#372 = LINE('',#373,#374);
#373 = CARTESIAN_POINT('',(5.08,-1.4767200934E-02,1.392790722296));
#374 = VECTOR('',#375,1.);
#375 = DIRECTION('',(0.,-1.,0.));
#376 = ORIENTED_EDGE('',*,*,#377,.F.);
#377 = EDGE_CURVE('',#378,#370,#380,.T.);
#378 = VERTEX_POINT('',#379);
#379 = CARTESIAN_POINT('',(5.08,5.7963865312E-02,1.369500144971));
#380 = LINE('',#381,#382);
#381 = CARTESIAN_POINT('',(5.08,5.7963865312E-02,1.392790722296));
#382 = VECTOR('',#383,1.);
#383 = DIRECTION('',(0.,-9.310221531588E-15,1.));
#384 = ORIENTED_EDGE('',*,*,#385,.F.);
#385 = EDGE_CURVE('',#386,#378,#388,.T.);
#386 = VERTEX_POINT('',#387);
#387 = CARTESIAN_POINT('',(5.08,-1.4767200934E-02,1.369500144971));
#388 = LINE('',#389,#390);
#389 = CARTESIAN_POINT('',(5.08,5.7963865312E-02,1.369500144971));
#390 = VECTOR('',#391,1.);
#391 = DIRECTION('',(0.,1.,2.981400461829E-15));
#392 = ORIENTED_EDGE('',*,*,#393,.F.);
#393 = EDGE_CURVE('',#394,#386,#396,.T.);
#394 = VERTEX_POINT('',#395);
#395 = CARTESIAN_POINT('',(5.08,-1.4767200934E-02,1.301084074078));
#396 = LINE('',#397,#398);
#397 = CARTESIAN_POINT('',(5.08,-1.4767200934E-02,1.369500144971));
#398 = VECTOR('',#399,1.);
#399 = DIRECTION('',(0.,-3.169437117124E-15,1.));
#400 = ORIENTED_EDGE('',*,*,#401,.F.);
#401 = EDGE_CURVE('',#314,#394,#402,.T.);
#402 = LINE('',#403,#404);
#403 = CARTESIAN_POINT('',(5.08,-1.4767200934E-02,1.301084074078));
#404 = VECTOR('',#405,1.);
#405 = DIRECTION('',(0.,-1.,-5.21698467305E-15));
#406 = FACE_BOUND('',#407,.T.);
#407 = EDGE_LOOP('',(#408,#419,#428,#437,#446,#455,#464,#472,#481,#490,
    #499,#508,#517,#526));
#408 = ORIENTED_EDGE('',*,*,#409,.F.);
#409 = EDGE_CURVE('',#410,#412,#414,.T.);
#410 = VERTEX_POINT('',#411);
#411 = CARTESIAN_POINT('',(5.08,0.170517659753,1.597103152853));
#412 = VERTEX_POINT('',#413);
#413 = CARTESIAN_POINT('',(5.08,0.226820550922,1.608956393099));
#414 = B_SPLINE_CURVE_WITH_KNOTS('',3,(#415,#416,#417,#418),
  .UNSPECIFIED.,.F.,.F.,(4,4),(0.,1.),.PIECEWISE_BEZIER_KNOTS.);
#415 = CARTESIAN_POINT('',(5.08,0.170517659753,1.597103152853));
#416 = CARTESIAN_POINT('',(5.08,0.193080406537,1.597103152853));
#417 = CARTESIAN_POINT('',(5.08,0.211848036927,1.601054232934));
#418 = CARTESIAN_POINT('',(5.08,0.226820550922,1.608956393099));
#419 = ORIENTED_EDGE('',*,*,#420,.F.);
#420 = EDGE_CURVE('',#421,#410,#423,.T.);
#421 = VERTEX_POINT('',#422);
#422 = CARTESIAN_POINT('',(5.08,0.100645927777,1.624864689219));
#423 = B_SPLINE_CURVE_WITH_KNOTS('',3,(#424,#425,#426,#427),
  .UNSPECIFIED.,.F.,.F.,(4,4),(1.,2.),.PIECEWISE_BEZIER_KNOTS.);
#424 = CARTESIAN_POINT('',(5.08,0.100645927777,1.624864689219));
#425 = CARTESIAN_POINT('',(5.08,0.118061872875,1.606356998309));
#426 = CARTESIAN_POINT('',(5.08,0.1413524502,1.597103152853));
#427 = CARTESIAN_POINT('',(5.08,0.170517659753,1.597103152853));
#428 = ORIENTED_EDGE('',*,*,#429,.F.);
#429 = EDGE_CURVE('',#430,#421,#432,.T.);
#430 = VERTEX_POINT('',#431);
#431 = CARTESIAN_POINT('',(5.08,7.4548004077E-02,1.698375573902));
#432 = B_SPLINE_CURVE_WITH_KNOTS('',3,(#433,#434,#435,#436),
  .UNSPECIFIED.,.F.,.F.,(4,4),(2.,3.),.PIECEWISE_BEZIER_KNOTS.);
#433 = CARTESIAN_POINT('',(5.08,7.4548004077E-02,1.698375573902));
#434 = CARTESIAN_POINT('',(5.08,7.4548004077E-02,1.667910666954));
#435 = CARTESIAN_POINT('',(5.08,8.3229982678E-02,1.643372380129));
#436 = CARTESIAN_POINT('',(5.08,0.100645927777,1.624864689219));
#437 = ORIENTED_EDGE('',*,*,#438,.F.);
#438 = EDGE_CURVE('',#439,#430,#441,.T.);
#439 = VERTEX_POINT('',#440);
#440 = CARTESIAN_POINT('',(5.08,0.103921165213,1.777397175542));
#441 = B_SPLINE_CURVE_WITH_KNOTS('',3,(#442,#443,#444,#445),
  .UNSPECIFIED.,.F.,.F.,(4,4),(3.,4.),.PIECEWISE_BEZIER_KNOTS.);
#442 = CARTESIAN_POINT('',(5.08,0.103921165213,1.777397175542));
#443 = CARTESIAN_POINT('',(5.08,8.432172849E-02,1.757433823549));
#444 = CARTESIAN_POINT('',(5.08,7.4548004077E-02,1.731127948266));
#445 = CARTESIAN_POINT('',(5.08,7.4548004077E-02,1.698375573902));
#446 = ORIENTED_EDGE('',*,*,#447,.F.);
#447 = EDGE_CURVE('',#448,#439,#450,.T.);
#448 = VERTEX_POINT('',#449);
#449 = CARTESIAN_POINT('',(5.08,0.1786277715,1.807342203532));
#450 = B_SPLINE_CURVE_WITH_KNOTS('',3,(#451,#452,#453,#454),
  .UNSPECIFIED.,.F.,.F.,(4,4),(4.,5.),.PIECEWISE_BEZIER_KNOTS.);
#451 = CARTESIAN_POINT('',(5.08,0.1786277715,1.807342203532));
#452 = CARTESIAN_POINT('',(5.08,0.148422804032,1.807342203532));
#453 = CARTESIAN_POINT('',(5.08,0.123520601936,1.797360527536));
#454 = CARTESIAN_POINT('',(5.08,0.103921165213,1.777397175542));
#455 = ORIENTED_EDGE('',*,*,#456,.F.);
#456 = EDGE_CURVE('',#457,#448,#459,.T.);
#457 = VERTEX_POINT('',#458);
#458 = CARTESIAN_POINT('',(5.08,0.226820550922,1.799024140201));
#459 = B_SPLINE_CURVE_WITH_KNOTS('',3,(#460,#461,#462,#463),
  .UNSPECIFIED.,.F.,.F.,(4,4),(5.,6.),.PIECEWISE_BEZIER_KNOTS.);
#460 = CARTESIAN_POINT('',(5.08,0.226820550922,1.799024140201));
#461 = CARTESIAN_POINT('',(5.08,0.214135504343,1.804534857159));
#462 = CARTESIAN_POINT('',(5.08,0.198071244535,1.807342203532));
#463 = CARTESIAN_POINT('',(5.08,0.1786277715,1.807342203532));
#464 = ORIENTED_EDGE('',*,*,#465,.F.);
#465 = EDGE_CURVE('',#466,#457,#468,.T.);
#466 = VERTEX_POINT('',#467);
#467 = CARTESIAN_POINT('',(5.08,0.226820550922,1.771574531212));
#468 = LINE('',#469,#470);
#469 = CARTESIAN_POINT('',(5.079999999999,0.226820550922,1.799024140201)
  );
#470 = VECTOR('',#471,1.);
#471 = DIRECTION('',(0.,0.,1.));
#472 = ORIENTED_EDGE('',*,*,#473,.F.);
#473 = EDGE_CURVE('',#474,#466,#476,.T.);
#474 = VERTEX_POINT('',#475);
#475 = CARTESIAN_POINT('',(5.08,0.17888771098,1.78363572304));
#476 = B_SPLINE_CURVE_WITH_KNOTS('',3,(#477,#478,#479,#480),
  .UNSPECIFIED.,.F.,.F.,(4,4),(7.,8.),.PIECEWISE_BEZIER_KNOTS.);
#477 = CARTESIAN_POINT('',(5.08,0.17888771098,1.78363572304));
#478 = CARTESIAN_POINT('',(5.08,0.196303656078,1.78363572304));
#479 = CARTESIAN_POINT('',(5.08,0.212263940094,1.779684642958));
#480 = CARTESIAN_POINT('',(5.08,0.226820550922,1.771574531212));
#481 = ORIENTED_EDGE('',*,*,#482,.F.);
#482 = EDGE_CURVE('',#483,#474,#485,.T.);
#483 = VERTEX_POINT('',#484);
#484 = CARTESIAN_POINT('',(5.08,0.12346861404,1.761072976256));
#485 = B_SPLINE_CURVE_WITH_KNOTS('',3,(#486,#487,#488,#489),
  .UNSPECIFIED.,.F.,.F.,(4,4),(8.,9.),.PIECEWISE_BEZIER_KNOTS.);
#486 = CARTESIAN_POINT('',(5.08,0.12346861404,1.761072976256));
#487 = CARTESIAN_POINT('',(5.08,0.137765285389,1.776149466042));
#488 = CARTESIAN_POINT('',(5.08,0.156220988404,1.78363572304));
#489 = CARTESIAN_POINT('',(5.08,0.17888771098,1.78363572304));
#490 = ORIENTED_EDGE('',*,*,#491,.F.);
#491 = EDGE_CURVE('',#492,#483,#494,.T.);
#492 = VERTEX_POINT('',#493);
#493 = CARTESIAN_POINT('',(5.08,0.10210158886,1.699935210777));
#494 = B_SPLINE_CURVE_WITH_KNOTS('',3,(#495,#496,#497,#498),
  .UNSPECIFIED.,.F.,.F.,(4,4),(9.,10.),.PIECEWISE_BEZIER_KNOTS.);
#495 = CARTESIAN_POINT('',(5.08,0.10210158886,1.699935210777));
#496 = CARTESIAN_POINT('',(5.08,0.10210158886,1.725513255518));
#497 = CARTESIAN_POINT('',(5.08,0.109223930586,1.745892510677));
#498 = CARTESIAN_POINT('',(5.08,0.12346861404,1.761072976256));
#499 = ORIENTED_EDGE('',*,*,#500,.F.);
#500 = EDGE_CURVE('',#501,#492,#503,.T.);
#501 = VERTEX_POINT('',#502);
#502 = CARTESIAN_POINT('',(5.08,0.122064940853,1.641916719046));
#503 = B_SPLINE_CURVE_WITH_KNOTS('',3,(#504,#505,#506,#507),
  .UNSPECIFIED.,.F.,.F.,(4,4),(10.,11.),.PIECEWISE_BEZIER_KNOTS.);
#504 = CARTESIAN_POINT('',(5.08,0.122064940853,1.641916719046));
#505 = CARTESIAN_POINT('',(5.08,0.108756039524,1.656265378292));
#506 = CARTESIAN_POINT('',(5.08,0.10210158886,1.675604875535));
#507 = CARTESIAN_POINT('',(5.08,0.10210158886,1.699935210777));
#508 = ORIENTED_EDGE('',*,*,#509,.F.);
#509 = EDGE_CURVE('',#510,#501,#512,.T.);
#510 = VERTEX_POINT('',#511);
#511 = CARTESIAN_POINT('',(5.08,0.174312776148,1.62049770597));
#512 = B_SPLINE_CURVE_WITH_KNOTS('',3,(#513,#514,#515,#516),
  .UNSPECIFIED.,.F.,.F.,(4,4),(11.,12.),.PIECEWISE_BEZIER_KNOTS.);
#513 = CARTESIAN_POINT('',(5.08,0.174312776148,1.62049770597));
#514 = CARTESIAN_POINT('',(5.08,0.15278978728,1.62049770597));
#515 = CARTESIAN_POINT('',(5.08,0.135373842181,1.627672035592));
#516 = CARTESIAN_POINT('',(5.08,0.122064940853,1.641916719046));
#517 = ORIENTED_EDGE('',*,*,#518,.F.);
#518 = EDGE_CURVE('',#519,#510,#521,.T.);
#519 = VERTEX_POINT('',#520);
#520 = CARTESIAN_POINT('',(5.08,0.226820550922,1.634118534674));
#521 = B_SPLINE_CURVE_WITH_KNOTS('',3,(#522,#523,#524,#525),
  .UNSPECIFIED.,.F.,.F.,(4,4),(12.,13.),.PIECEWISE_BEZIER_KNOTS.);
#522 = CARTESIAN_POINT('',(5.08,0.226820550922,1.634118534674));
#523 = CARTESIAN_POINT('',(5.08,0.211952012718,1.625072640802));
#524 = CARTESIAN_POINT('',(5.08,0.194432091828,1.62049770597));
#525 = CARTESIAN_POINT('',(5.08,0.174312776148,1.62049770597));
#526 = ORIENTED_EDGE('',*,*,#527,.F.);
#527 = EDGE_CURVE('',#412,#519,#528,.T.);
#528 = LINE('',#529,#530);
#529 = CARTESIAN_POINT('',(5.079999999999,0.226820550922,1.634118534674)
  );
#530 = VECTOR('',#531,1.);
#531 = DIRECTION('',(0.,-8.617725714964E-15,1.));
#532 = FACE_BOUND('',#533,.T.);
#533 = EDGE_LOOP('',(#534,#544,#552,#560));
#534 = ORIENTED_EDGE('',*,*,#535,.T.);
#535 = EDGE_CURVE('',#536,#538,#540,.T.);
#536 = VERTEX_POINT('',#537);
#537 = CARTESIAN_POINT('',(5.079999999999,-1.84,0.5));
#538 = VERTEX_POINT('',#539);
#539 = CARTESIAN_POINT('',(5.079999999999,1.839999999999,0.5));
#540 = LINE('',#541,#542);
#541 = CARTESIAN_POINT('',(5.08,2.039999999999,0.5));
#542 = VECTOR('',#543,1.);
#543 = DIRECTION('',(0.,1.,-1.328679132947E-16));
#544 = ORIENTED_EDGE('',*,*,#545,.T.);
#545 = EDGE_CURVE('',#538,#546,#548,.T.);
#546 = VERTEX_POINT('',#547);
#547 = CARTESIAN_POINT('',(5.079999999999,1.839999999999,2.54));
#548 = LINE('',#549,#550);
#549 = CARTESIAN_POINT('',(5.079999999999,1.839999999999,0.));
#550 = VECTOR('',#551,1.);
#551 = DIRECTION('',(0.,0.,1.));
#552 = ORIENTED_EDGE('',*,*,#553,.F.);
#553 = EDGE_CURVE('',#554,#546,#556,.T.);
#554 = VERTEX_POINT('',#555);
#555 = CARTESIAN_POINT('',(5.079999999999,-1.84,2.54));
#556 = LINE('',#557,#558);
#557 = CARTESIAN_POINT('',(5.079999999999,2.54,2.54));
#558 = VECTOR('',#559,1.);
#559 = DIRECTION('',(-3.41480999208E-16,1.,0.));
#560 = ORIENTED_EDGE('',*,*,#561,.F.);
#561 = EDGE_CURVE('',#536,#554,#562,.T.);
#562 = LINE('',#563,#564);
#563 = CARTESIAN_POINT('',(5.079999999999,-1.84,0.));
#564 = VECTOR('',#565,1.);
#565 = DIRECTION('',(0.,0.,1.));
#566 = FACE_BOUND('',#567,.T.);
#567 = EDGE_LOOP('',(#568,#578,#586,#594,#602,#610));
#568 = ORIENTED_EDGE('',*,*,#569,.F.);
#569 = EDGE_CURVE('',#570,#572,#574,.T.);
#570 = VERTEX_POINT('',#571);
#571 = CARTESIAN_POINT('',(5.08,6.6229940747E-02,1.600534353977));
#572 = VERTEX_POINT('',#573);
#573 = CARTESIAN_POINT('',(5.08,6.6229940747E-02,1.623720955511));
#574 = LINE('',#575,#576);
#575 = CARTESIAN_POINT('',(5.08,6.6229940747E-02,1.623720955511));
#576 = VECTOR('',#577,1.);
#577 = DIRECTION('',(0.,0.,1.));
#578 = ORIENTED_EDGE('',*,*,#579,.F.);
#579 = EDGE_CURVE('',#580,#570,#582,.T.);
#580 = VERTEX_POINT('',#581);
#581 = CARTESIAN_POINT('',(5.08,-4.1021088321E-02,1.600534353977));
#582 = LINE('',#583,#584);
#583 = CARTESIAN_POINT('',(5.08,6.6229940747E-02,1.600534353977));
#584 = VECTOR('',#585,1.);
#585 = DIRECTION('',(0.,1.,4.043605667568E-15));
#586 = ORIENTED_EDGE('',*,*,#587,.F.);
#587 = EDGE_CURVE('',#588,#580,#590,.T.);
#588 = VERTEX_POINT('',#589);
#589 = CARTESIAN_POINT('',(5.08,-4.1021088321E-02,1.803911002408));
#590 = LINE('',#591,#592);
#591 = CARTESIAN_POINT('',(5.08,-4.1021088321E-02,1.600534353977));
#592 = VECTOR('',#593,1.);
#593 = DIRECTION('',(0.,3.19860371635E-15,-1.));
#594 = ORIENTED_EDGE('',*,*,#595,.F.);
#595 = EDGE_CURVE('',#596,#588,#598,.T.);
#596 = VERTEX_POINT('',#597);
#597 = CARTESIAN_POINT('',(5.08,-1.4767200934E-02,1.803911002408));
#598 = LINE('',#599,#600);
#599 = CARTESIAN_POINT('',(5.08,-4.1021088321E-02,1.803911002408));
#600 = VECTOR('',#601,1.);
#601 = DIRECTION('',(0.,-1.,0.));
#602 = ORIENTED_EDGE('',*,*,#603,.F.);
#603 = EDGE_CURVE('',#604,#596,#606,.T.);
#604 = VERTEX_POINT('',#605);
#605 = CARTESIAN_POINT('',(5.08,-1.4767200934E-02,1.623720955511));
#606 = LINE('',#607,#608);
#607 = CARTESIAN_POINT('',(5.08,-1.4767200934E-02,1.803911002408));
#608 = VECTOR('',#609,1.);
#609 = DIRECTION('',(0.,-3.610195539053E-15,1.));
#610 = ORIENTED_EDGE('',*,*,#611,.F.);
#611 = EDGE_CURVE('',#572,#604,#612,.T.);
#612 = LINE('',#613,#614);
#613 = CARTESIAN_POINT('',(5.08,-1.4767200934E-02,1.623720955511));
#614 = VECTOR('',#615,1.);
#615 = DIRECTION('',(0.,-1.,-2.677136871685E-15));
#616 = FACE_BOUND('',#617,.T.);
#617 = EDGE_LOOP('',(#618,#628,#636,#644,#652,#660,#668,#676,#684,#692,
    #700,#708));
#618 = ORIENTED_EDGE('',*,*,#619,.F.);
#619 = EDGE_CURVE('',#620,#622,#624,.T.);
#620 = VERTEX_POINT('',#621);
#621 = CARTESIAN_POINT('',(5.079999999999,0.376909606142,1.600534353977)
  );
#622 = VERTEX_POINT('',#623);
#623 = CARTESIAN_POINT('',(5.08,0.376909606142,1.623720955511));
#624 = LINE('',#625,#626);
#625 = CARTESIAN_POINT('',(5.079999999999,0.376909606142,1.623720955511)
  );
#626 = VECTOR('',#627,1.);
#627 = DIRECTION('',(0.,0.,1.));
#628 = ORIENTED_EDGE('',*,*,#629,.F.);
#629 = EDGE_CURVE('',#630,#620,#632,.T.);
#630 = VERTEX_POINT('',#631);
#631 = CARTESIAN_POINT('',(5.08,0.267527073346,1.600534353977));
#632 = LINE('',#633,#634);
#633 = CARTESIAN_POINT('',(5.079999999999,0.376909606142,1.600534353977)
  );
#634 = VECTOR('',#635,1.);
#635 = DIRECTION('',(0.,1.,1.982404584666E-15));
#636 = ORIENTED_EDGE('',*,*,#637,.F.);
#637 = EDGE_CURVE('',#638,#630,#640,.T.);
#638 = VERTEX_POINT('',#639);
#639 = CARTESIAN_POINT('',(5.08,0.267527073346,1.803911002408));
#640 = LINE('',#641,#642);
#641 = CARTESIAN_POINT('',(5.079999999999,0.267527073346,1.600534353977)
  );
#642 = VECTOR('',#643,1.);
#643 = DIRECTION('',(0.,3.19860371635E-15,-1.));
#644 = ORIENTED_EDGE('',*,*,#645,.F.);
#645 = EDGE_CURVE('',#646,#638,#648,.T.);
#646 = VERTEX_POINT('',#647);
#647 = CARTESIAN_POINT('',(5.08,0.372282683415,1.803911002408));
#648 = LINE('',#649,#650);
#649 = CARTESIAN_POINT('',(5.079999999999,0.267527073346,1.803911002408)
  );
#650 = VECTOR('',#651,1.);
#651 = DIRECTION('',(0.,-1.,-4.139929772825E-15));
#652 = ORIENTED_EDGE('',*,*,#653,.F.);
#653 = EDGE_CURVE('',#654,#646,#656,.T.);
#654 = VERTEX_POINT('',#655);
#655 = CARTESIAN_POINT('',(5.08,0.372282683415,1.780516449291));
#656 = LINE('',#657,#658);
#657 = CARTESIAN_POINT('',(5.079999999999,0.372282683415,1.803911002408)
  );
#658 = VECTOR('',#659,1.);
#659 = DIRECTION('',(0.,0.,1.));
#660 = ORIENTED_EDGE('',*,*,#661,.F.);
#661 = EDGE_CURVE('',#662,#654,#664,.T.);
#662 = VERTEX_POINT('',#663);
#663 = CARTESIAN_POINT('',(5.08,0.293780960733,1.780516449291));
#664 = LINE('',#665,#666);
#665 = CARTESIAN_POINT('',(5.079999999999,0.372282683415,1.780516449291)
  );
#666 = VECTOR('',#667,1.);
#667 = DIRECTION('',(0.,1.,2.762237911336E-15));
#668 = ORIENTED_EDGE('',*,*,#669,.F.);
#669 = EDGE_CURVE('',#670,#662,#672,.T.);
#670 = VERTEX_POINT('',#671);
#671 = CARTESIAN_POINT('',(5.08,0.293780960733,1.715427603729));
#672 = LINE('',#673,#674);
#673 = CARTESIAN_POINT('',(5.079999999999,0.293780960733,1.780516449291)
  );
#674 = VECTOR('',#675,1.);
#675 = DIRECTION('',(0.,-3.331453071942E-15,1.));
#676 = ORIENTED_EDGE('',*,*,#677,.F.);
#677 = EDGE_CURVE('',#678,#670,#680,.T.);
#678 = VERTEX_POINT('',#679);
#679 = CARTESIAN_POINT('',(5.08,0.366512026979,1.715427603729));
#680 = LINE('',#681,#682);
#681 = CARTESIAN_POINT('',(5.079999999999,0.293780960733,1.715427603729)
  );
#682 = VECTOR('',#683,1.);
#683 = DIRECTION('',(0.,-1.,0.));
#684 = ORIENTED_EDGE('',*,*,#685,.F.);
#685 = EDGE_CURVE('',#686,#678,#688,.T.);
#686 = VERTEX_POINT('',#687);
#687 = CARTESIAN_POINT('',(5.08,0.366512026979,1.692137026404));
#688 = LINE('',#689,#690);
#689 = CARTESIAN_POINT('',(5.079999999999,0.366512026979,1.715427603729)
  );
#690 = VECTOR('',#691,1.);
#691 = DIRECTION('',(0.,0.,1.));
#692 = ORIENTED_EDGE('',*,*,#693,.F.);
#693 = EDGE_CURVE('',#694,#686,#696,.T.);
#694 = VERTEX_POINT('',#695);
#695 = CARTESIAN_POINT('',(5.08,0.293780960733,1.692137026404));
#696 = LINE('',#697,#698);
#697 = CARTESIAN_POINT('',(5.079999999999,0.366512026979,1.692137026404)
  );
#698 = VECTOR('',#699,1.);
#699 = DIRECTION('',(0.,1.,2.981400461857E-15));
#700 = ORIENTED_EDGE('',*,*,#701,.F.);
#701 = EDGE_CURVE('',#702,#694,#704,.T.);
#702 = VERTEX_POINT('',#703);
#703 = CARTESIAN_POINT('',(5.08,0.293780960733,1.623720955511));
#704 = LINE('',#705,#706);
#705 = CARTESIAN_POINT('',(5.079999999999,0.293780960733,1.692137026404)
  );
#706 = VECTOR('',#707,1.);
#707 = DIRECTION('',(0.,-6.338874234248E-15,1.));
#708 = ORIENTED_EDGE('',*,*,#709,.F.);
#709 = EDGE_CURVE('',#622,#702,#710,.T.);
#710 = LINE('',#711,#712);
#711 = CARTESIAN_POINT('',(5.079999999999,0.293780960733,1.623720955511)
  );
#712 = VECTOR('',#713,1.);
#713 = DIRECTION('',(0.,-1.,-2.608492336546E-15));
#714 = FACE_BOUND('',#715,.T.);
#715 = EDGE_LOOP('',(#716,#726,#734,#742,#751,#760,#769));
#716 = ORIENTED_EDGE('',*,*,#717,.F.);
#717 = EDGE_CURVE('',#718,#720,#722,.T.);
#718 = VERTEX_POINT('',#719);
#719 = CARTESIAN_POINT('',(5.079999999999,0.41532866115,1.600534353977)
  );
#720 = VERTEX_POINT('',#721);
#721 = CARTESIAN_POINT('',(5.08,0.471267637048,1.600534353977));
#722 = LINE('',#723,#724);
#723 = CARTESIAN_POINT('',(5.079999999999,0.471267637048,1.600534353977)
  );
#724 = VECTOR('',#725,1.);
#725 = DIRECTION('',(0.,1.,3.876374764046E-15));
#726 = ORIENTED_EDGE('',*,*,#727,.F.);
#727 = EDGE_CURVE('',#728,#718,#730,.T.);
#728 = VERTEX_POINT('',#729);
#729 = CARTESIAN_POINT('',(5.08,0.41532866115,1.803911002408));
#730 = LINE('',#731,#732);
#731 = CARTESIAN_POINT('',(5.079999999999,0.41532866115,1.600534353977)
  );
#732 = VECTOR('',#733,1.);
#733 = DIRECTION('',(0.,3.19860371635E-15,-1.));
#734 = ORIENTED_EDGE('',*,*,#735,.F.);
#735 = EDGE_CURVE('',#736,#728,#738,.T.);
#736 = VERTEX_POINT('',#737);
#737 = CARTESIAN_POINT('',(5.08,0.473347152881,1.803911002408));
#738 = LINE('',#739,#740);
#739 = CARTESIAN_POINT('',(5.079999999999,0.41532866115,1.803911002408)
  );
#740 = VECTOR('',#741,1.);
#741 = DIRECTION('',(0.,-1.,-3.737436600434E-15));
#742 = ORIENTED_EDGE('',*,*,#743,.F.);
#743 = EDGE_CURVE('',#744,#736,#746,.T.);
#744 = VERTEX_POINT('',#745);
#745 = CARTESIAN_POINT('',(5.08,0.550237250793,1.776981272376));
#746 = B_SPLINE_CURVE_WITH_KNOTS('',3,(#747,#748,#749,#750),
  .UNSPECIFIED.,.F.,.F.,(4,4),(2.,3.),.PIECEWISE_BEZIER_KNOTS.);
#747 = CARTESIAN_POINT('',(5.08,0.550237250793,1.776981272376));
#748 = CARTESIAN_POINT('',(5.08,0.529806007737,1.794969084328));
#749 = CARTESIAN_POINT('',(5.08,0.5041759751,1.803911002408));
#750 = CARTESIAN_POINT('',(5.08,0.473347152881,1.803911002408));
#751 = ORIENTED_EDGE('',*,*,#752,.F.);
#752 = EDGE_CURVE('',#753,#744,#755,.T.);
#753 = VERTEX_POINT('',#754);
#754 = CARTESIAN_POINT('',(5.08,0.580910109324,1.704822072984));
#755 = B_SPLINE_CURVE_WITH_KNOTS('',3,(#756,#757,#758,#759),
  .UNSPECIFIED.,.F.,.F.,(4,4),(3.,4.),.PIECEWISE_BEZIER_KNOTS.);
#756 = CARTESIAN_POINT('',(5.08,0.580910109324,1.704822072984));
#757 = CARTESIAN_POINT('',(5.08,0.580910109324,1.734975052556));
#758 = CARTESIAN_POINT('',(5.08,0.570668493848,1.758993460423));
#759 = CARTESIAN_POINT('',(5.08,0.550237250793,1.776981272376));
#760 = ORIENTED_EDGE('',*,*,#761,.F.);
#761 = EDGE_CURVE('',#762,#753,#764,.T.);
#762 = VERTEX_POINT('',#763);
#763 = CARTESIAN_POINT('',(5.08,0.550237250793,1.629023720883));
#764 = B_SPLINE_CURVE_WITH_KNOTS('',3,(#765,#766,#767,#768),
  .UNSPECIFIED.,.F.,.F.,(4,4),(4.,5.),.PIECEWISE_BEZIER_KNOTS.);
#765 = CARTESIAN_POINT('',(5.08,0.550237250793,1.629023720883));
#766 = CARTESIAN_POINT('',(5.08,0.570668493848,1.648051290752));
#767 = CARTESIAN_POINT('',(5.08,0.580910109324,1.673317408119));
#768 = CARTESIAN_POINT('',(5.08,0.580910109324,1.704822072984));
#769 = ORIENTED_EDGE('',*,*,#770,.F.);
#770 = EDGE_CURVE('',#720,#762,#771,.T.);
#771 = B_SPLINE_CURVE_WITH_KNOTS('',3,(#772,#773,#774,#775),
  .UNSPECIFIED.,.F.,.F.,(4,4),(5.,6.),.PIECEWISE_BEZIER_KNOTS.);
#772 = CARTESIAN_POINT('',(5.08,0.471267637048,1.600534353977));
#773 = CARTESIAN_POINT('',(5.08,0.503448144558,1.600534353977));
#774 = CARTESIAN_POINT('',(5.08,0.529806007737,1.609996151016));
#775 = CARTESIAN_POINT('',(5.08,0.550237250793,1.629023720883));
#776 = FACE_BOUND('',#777,.T.);
#777 = EDGE_LOOP('',(#778,#788,#796,#804,#812,#820,#828,#836));
#778 = ORIENTED_EDGE('',*,*,#779,.F.);
#779 = EDGE_CURVE('',#780,#782,#784,.T.);
#780 = VERTEX_POINT('',#781);
#781 = CARTESIAN_POINT('',(5.079999999999,0.775188875988,1.600534353977)
  );
#782 = VERTEX_POINT('',#783);
#783 = CARTESIAN_POINT('',(5.08,0.697726911222,1.803911002408));
#784 = LINE('',#785,#786);
#785 = CARTESIAN_POINT('',(5.079999999999,0.697726911222,1.803911002408)
  );
#786 = VECTOR('',#787,1.);
#787 = DIRECTION('',(0.,-0.355935724369,0.934510438742));
#788 = ORIENTED_EDGE('',*,*,#789,.F.);
#789 = EDGE_CURVE('',#790,#780,#792,.T.);
#790 = VERTEX_POINT('',#791);
#791 = CARTESIAN_POINT('',(5.08,0.746179630122,1.600534353977));
#792 = LINE('',#793,#794);
#793 = CARTESIAN_POINT('',(5.079999999999,0.775188875988,1.600534353977)
  );
#794 = VECTOR('',#795,1.);
#795 = DIRECTION('',(0.,1.,7.474873200869E-15));
#796 = ORIENTED_EDGE('',*,*,#797,.F.);
#797 = EDGE_CURVE('',#798,#790,#800,.T.);
#798 = VERTEX_POINT('',#799);
#799 = CARTESIAN_POINT('',(5.08,0.725436459692,1.6561614025));
#800 = LINE('',#801,#802);
#801 = CARTESIAN_POINT('',(5.079999999999,0.746179630122,1.600534353977)
  );
#802 = VECTOR('',#803,1.);
#803 = DIRECTION('',(0.,0.349395479469,-0.936975345954));
#804 = ORIENTED_EDGE('',*,*,#805,.F.);
#805 = EDGE_CURVE('',#806,#798,#808,.T.);
#806 = VERTEX_POINT('',#807);
#807 = CARTESIAN_POINT('',(5.08,0.640748177407,1.6561614025));
#808 = LINE('',#809,#810);
#809 = CARTESIAN_POINT('',(5.079999999999,0.725436459692,1.6561614025));
#810 = VECTOR('',#811,1.);
#811 = DIRECTION('',(0.,1.,5.12090760723E-15));
#812 = ORIENTED_EDGE('',*,*,#813,.F.);
#813 = EDGE_CURVE('',#814,#806,#816,.T.);
#814 = VERTEX_POINT('',#815);
#815 = CARTESIAN_POINT('',(5.08,0.621200728581,1.600534353977));
#816 = LINE('',#817,#818);
#817 = CARTESIAN_POINT('',(5.079999999999,0.640748177407,1.6561614025));
#818 = VECTOR('',#819,1.);
#819 = DIRECTION('',(0.,0.33152841835,0.943445233083));
#820 = ORIENTED_EDGE('',*,*,#821,.F.);
#821 = EDGE_CURVE('',#822,#814,#824,.T.);
#822 = VERTEX_POINT('',#823);
#823 = CARTESIAN_POINT('',(5.08,0.592191482717,1.600534353977));
#824 = LINE('',#825,#826);
#825 = CARTESIAN_POINT('',(5.079999999999,0.621200728581,1.600534353977)
  );
#826 = VECTOR('',#827,1.);
#827 = DIRECTION('',(0.,1.,0.));
#828 = ORIENTED_EDGE('',*,*,#829,.F.);
#829 = EDGE_CURVE('',#830,#822,#832,.T.);
#830 = VERTEX_POINT('',#831);
#831 = CARTESIAN_POINT('',(5.08,0.669653447481,1.803911002408));
#832 = LINE('',#833,#834);
#833 = CARTESIAN_POINT('',(5.079999999999,0.592191482717,1.600534353977)
  );
#834 = VECTOR('',#835,1.);
#835 = DIRECTION('',(0.,-0.355935724364,-0.934510438744));
#836 = ORIENTED_EDGE('',*,*,#837,.F.);
#837 = EDGE_CURVE('',#782,#830,#838,.T.);
#838 = LINE('',#839,#840);
#839 = CARTESIAN_POINT('',(5.079999999999,0.669653447481,1.803911002408)
  );
#840 = VECTOR('',#841,1.);
#841 = DIRECTION('',(0.,-1.,0.));
#842 = FACE_BOUND('',#843,.T.);
#843 = EDGE_LOOP('',(#844,#855,#864,#873,#882,#891,#900,#909,#918,#927,
    #935,#944,#953,#962,#971,#980,#989,#998,#1007,#1016,#1025));
#844 = ORIENTED_EDGE('',*,*,#845,.F.);
#845 = EDGE_CURVE('',#846,#848,#850,.T.);
#846 = VERTEX_POINT('',#847);
#847 = CARTESIAN_POINT('',(5.08,0.285878800569,1.295261429746));
#848 = VERTEX_POINT('',#849);
#849 = CARTESIAN_POINT('',(5.08,0.243976556541,1.309298161616));
#850 = B_SPLINE_CURVE_WITH_KNOTS('',3,(#851,#852,#853,#854),
  .UNSPECIFIED.,.F.,.F.,(4,4),(0.,1.),.PIECEWISE_BEZIER_KNOTS.);
#851 = CARTESIAN_POINT('',(5.08,0.285878800569,1.295261429746));
#852 = CARTESIAN_POINT('',(5.08,0.270906286573,1.295261429746));
#853 = CARTESIAN_POINT('',(5.08,0.256973530495,1.29994034037));
#854 = CARTESIAN_POINT('',(5.08,0.243976556541,1.309298161616));
#855 = ORIENTED_EDGE('',*,*,#856,.F.);
#856 = EDGE_CURVE('',#857,#846,#859,.T.);
#857 = VERTEX_POINT('',#858);
#858 = CARTESIAN_POINT('',(5.08,0.31592780435,1.314912854364));
#859 = B_SPLINE_CURVE_WITH_KNOTS('',3,(#860,#861,#862,#863),
  .UNSPECIFIED.,.F.,.F.,(4,4),(1.,2.),.PIECEWISE_BEZIER_KNOTS.);
#860 = CARTESIAN_POINT('',(5.08,0.31592780435,1.314912854364));
#861 = CARTESIAN_POINT('',(5.08,0.31592780435,1.301811904618));
#862 = CARTESIAN_POINT('',(5.08,0.305894140458,1.295261429746));
#863 = CARTESIAN_POINT('',(5.08,0.285878800569,1.295261429746));
#864 = ORIENTED_EDGE('',*,*,#865,.F.);
#865 = EDGE_CURVE('',#866,#857,#868,.T.);
#866 = VERTEX_POINT('',#867);
#867 = CARTESIAN_POINT('',(5.08,0.309377329477,1.328741634651));
#868 = B_SPLINE_CURVE_WITH_KNOTS('',3,(#869,#870,#871,#872),
  .UNSPECIFIED.,.F.,.F.,(4,4),(2.,3.),.PIECEWISE_BEZIER_KNOTS.);
#869 = CARTESIAN_POINT('',(5.08,0.309377329477,1.328741634651));
#870 = CARTESIAN_POINT('',(5.08,0.313744312726,1.325102481944));
#871 = CARTESIAN_POINT('',(5.08,0.31592780435,1.320527547113));
#872 = CARTESIAN_POINT('',(5.08,0.31592780435,1.314912854364));
#873 = ORIENTED_EDGE('',*,*,#874,.F.);
#874 = EDGE_CURVE('',#875,#866,#877,.T.);
#875 = VERTEX_POINT('',#876);
#876 = CARTESIAN_POINT('',(5.08,0.282707538924,1.341738608605));
#877 = B_SPLINE_CURVE_WITH_KNOTS('',3,(#878,#879,#880,#881),
  .UNSPECIFIED.,.F.,.F.,(4,4),(3.,4.),.PIECEWISE_BEZIER_KNOTS.);
#878 = CARTESIAN_POINT('',(5.08,0.282707538924,1.341738608605));
#879 = CARTESIAN_POINT('',(5.08,0.296120416045,1.336747770607));
#880 = CARTESIAN_POINT('',(5.08,0.305010346229,1.332380787358));
#881 = CARTESIAN_POINT('',(5.08,0.309377329477,1.328741634651));
#882 = ORIENTED_EDGE('',*,*,#883,.F.);
#883 = EDGE_CURVE('',#884,#875,#886,.T.);
#884 = VERTEX_POINT('',#885);
#885 = CARTESIAN_POINT('',(5.08,0.251358837747,1.360974130057));
#886 = B_SPLINE_CURVE_WITH_KNOTS('',3,(#887,#888,#889,#890),
  .UNSPECIFIED.,.F.,.F.,(4,4),(4.,5.),.PIECEWISE_BEZIER_KNOTS.);
#887 = CARTESIAN_POINT('',(5.08,0.251358837747,1.360974130057));
#888 = CARTESIAN_POINT('',(5.08,0.256141724162,1.354631606768));
#889 = CARTESIAN_POINT('',(5.08,0.266643279117,1.348185107686));
#890 = CARTESIAN_POINT('',(5.08,0.282707538924,1.341738608605));
#891 = ORIENTED_EDGE('',*,*,#892,.F.);
#892 = EDGE_CURVE('',#893,#884,#895,.T.);
#893 = VERTEX_POINT('',#894);
#894 = CARTESIAN_POINT('',(5.08,0.244132520228,1.383952780008));
#895 = B_SPLINE_CURVE_WITH_KNOTS('',3,(#896,#897,#898,#899),
  .UNSPECIFIED.,.F.,.F.,(4,4),(5.,6.),.PIECEWISE_BEZIER_KNOTS.);
#896 = CARTESIAN_POINT('',(5.08,0.244132520228,1.383952780008));
#897 = CARTESIAN_POINT('',(5.08,0.244132520228,1.375010861927));
#898 = CARTESIAN_POINT('',(5.08,0.246523963436,1.367316653347));
#899 = CARTESIAN_POINT('',(5.08,0.251358837747,1.360974130057));
#900 = ORIENTED_EDGE('',*,*,#901,.F.);
#901 = EDGE_CURVE('',#902,#893,#904,.T.);
#902 = VERTEX_POINT('',#903);
#903 = CARTESIAN_POINT('',(5.08,0.260456719515,1.414937565914));
#904 = B_SPLINE_CURVE_WITH_KNOTS('',3,(#905,#906,#907,#908),
  .UNSPECIFIED.,.F.,.F.,(4,4),(6.,7.),.PIECEWISE_BEZIER_KNOTS.);
#905 = CARTESIAN_POINT('',(5.08,0.260456719515,1.414937565914));
#906 = CARTESIAN_POINT('',(5.08,0.249591249289,1.407139381542));
#907 = CARTESIAN_POINT('',(5.08,0.244132520228,1.39684577817));
#908 = CARTESIAN_POINT('',(5.08,0.244132520228,1.383952780008));
#909 = ORIENTED_EDGE('',*,*,#910,.F.);
#910 = EDGE_CURVE('',#911,#902,#913,.T.);
#911 = VERTEX_POINT('',#912);
#912 = CARTESIAN_POINT('',(5.08,0.300695350876,1.426478878785));
#913 = B_SPLINE_CURVE_WITH_KNOTS('',3,(#914,#915,#916,#917),
  .UNSPECIFIED.,.F.,.F.,(4,4),(7.,8.),.PIECEWISE_BEZIER_KNOTS.);
#914 = CARTESIAN_POINT('',(5.08,0.300695350876,1.426478878785));
#915 = CARTESIAN_POINT('',(5.08,0.284787054756,1.426478878785));
#916 = CARTESIAN_POINT('',(5.08,0.271374177636,1.422631774495));
#917 = CARTESIAN_POINT('',(5.08,0.260456719515,1.414937565914));
#918 = ORIENTED_EDGE('',*,*,#919,.F.);
#919 = EDGE_CURVE('',#920,#911,#922,.T.);
#920 = VERTEX_POINT('',#921);
#921 = CARTESIAN_POINT('',(5.08,0.335111337906,1.420032379703));
#922 = B_SPLINE_CURVE_WITH_KNOTS('',3,(#923,#924,#925,#926),
  .UNSPECIFIED.,.F.,.F.,(4,4),(8.,9.),.PIECEWISE_BEZIER_KNOTS.);
#923 = CARTESIAN_POINT('',(5.08,0.335111337906,1.420032379703));
#924 = CARTESIAN_POINT('',(5.08,0.32450580716,1.424399362952));
#925 = CARTESIAN_POINT('',(5.08,0.31306847008,1.426478878785));
#926 = CARTESIAN_POINT('',(5.08,0.300695350876,1.426478878785));
#927 = ORIENTED_EDGE('',*,*,#928,.F.);
#928 = EDGE_CURVE('',#929,#920,#931,.T.);
#929 = VERTEX_POINT('',#930);
#930 = CARTESIAN_POINT('',(5.08,0.335111337906,1.395286141295));
#931 = LINE('',#932,#933);
#932 = CARTESIAN_POINT('',(5.079999999999,0.335111337906,1.420032379703)
  );
#933 = VECTOR('',#934,1.);
#934 = DIRECTION('',(0.,0.,1.));
#935 = ORIENTED_EDGE('',*,*,#936,.F.);
#936 = EDGE_CURVE('',#937,#929,#939,.T.);
#937 = VERTEX_POINT('',#938);
#938 = CARTESIAN_POINT('',(5.08,0.298199931877,1.405787696251));
#939 = B_SPLINE_CURVE_WITH_KNOTS('',3,(#940,#941,#942,#943),
  .UNSPECIFIED.,.F.,.F.,(4,4),(10.,11.),.PIECEWISE_BEZIER_KNOTS.);
#940 = CARTESIAN_POINT('',(5.08,0.298199931877,1.405787696251));
#941 = CARTESIAN_POINT('',(5.08,0.311976724268,1.405787696251));
#942 = CARTESIAN_POINT('',(5.08,0.324245867681,1.402252519335));
#943 = CARTESIAN_POINT('',(5.08,0.335111337906,1.395286141295));
#944 = ORIENTED_EDGE('',*,*,#945,.F.);
#945 = EDGE_CURVE('',#946,#937,#948,.T.);
#946 = VERTEX_POINT('',#947);
#947 = CARTESIAN_POINT('',(5.08,0.278132604092,1.400380955085));
#948 = B_SPLINE_CURVE_WITH_KNOTS('',3,(#949,#950,#951,#952),
  .UNSPECIFIED.,.F.,.F.,(4,4),(11.,12.),.PIECEWISE_BEZIER_KNOTS.);
#949 = CARTESIAN_POINT('',(5.08,0.278132604092,1.400380955085));
#950 = CARTESIAN_POINT('',(5.08,0.283279405777,1.404020107792));
#951 = CARTESIAN_POINT('',(5.08,0.289985844338,1.405787696251));
#952 = CARTESIAN_POINT('',(5.08,0.298199931877,1.405787696251));
#953 = ORIENTED_EDGE('',*,*,#954,.F.);
#954 = EDGE_CURVE('',#955,#946,#957,.T.);
#955 = VERTEX_POINT('',#956);
#956 = CARTESIAN_POINT('',(5.08,0.270386407615,1.386240247424));
#957 = B_SPLINE_CURVE_WITH_KNOTS('',3,(#958,#959,#960,#961),
  .UNSPECIFIED.,.F.,.F.,(4,4),(12.,13.),.PIECEWISE_BEZIER_KNOTS.);
#958 = CARTESIAN_POINT('',(5.08,0.270386407615,1.386240247424));
#959 = CARTESIAN_POINT('',(5.08,0.270386407615,1.392062891754));
#960 = CARTESIAN_POINT('',(5.08,0.272985802407,1.39684577817));
#961 = CARTESIAN_POINT('',(5.08,0.278132604092,1.400380955085));
#962 = ORIENTED_EDGE('',*,*,#963,.F.);
#963 = EDGE_CURVE('',#964,#955,#966,.T.);
#964 = VERTEX_POINT('',#965);
#965 = CARTESIAN_POINT('',(5.08,0.275949112467,1.372723394512));
#966 = B_SPLINE_CURVE_WITH_KNOTS('',3,(#967,#968,#969,#970),
  .UNSPECIFIED.,.F.,.F.,(4,4),(13.,14.),.PIECEWISE_BEZIER_KNOTS.);
#967 = CARTESIAN_POINT('',(5.08,0.275949112467,1.372723394512));
#968 = CARTESIAN_POINT('',(5.08,0.272257971865,1.375946644052));
#969 = CARTESIAN_POINT('',(5.08,0.270386407615,1.380417603092));
#970 = CARTESIAN_POINT('',(5.08,0.270386407615,1.386240247424));
#971 = ORIENTED_EDGE('',*,*,#972,.F.);
#972 = EDGE_CURVE('',#973,#964,#975,.T.);
#973 = VERTEX_POINT('',#974);
#974 = CARTESIAN_POINT('',(5.08,0.300695350876,1.360246299515));
#975 = B_SPLINE_CURVE_WITH_KNOTS('',3,(#976,#977,#978,#979),
  .UNSPECIFIED.,.F.,.F.,(4,4),(14.,15.),.PIECEWISE_BEZIER_KNOTS.);
#976 = CARTESIAN_POINT('',(5.08,0.300695350876,1.360246299515));
#977 = CARTESIAN_POINT('',(5.08,0.287906328505,1.365237137514));
#978 = CARTESIAN_POINT('',(5.08,0.279692240967,1.36939616918));
#979 = CARTESIAN_POINT('',(5.08,0.275949112467,1.372723394512));
#980 = ORIENTED_EDGE('',*,*,#981,.F.);
#981 = EDGE_CURVE('',#982,#973,#984,.T.);
#982 = VERTEX_POINT('',#983);
#983 = CARTESIAN_POINT('',(5.08,0.333551701032,1.341426681231));
#984 = B_SPLINE_CURVE_WITH_KNOTS('',3,(#985,#986,#987,#988),
  .UNSPECIFIED.,.F.,.F.,(4,4),(15.,16.),.PIECEWISE_BEZIER_KNOTS.);
#985 = CARTESIAN_POINT('',(5.08,0.333551701032,1.341426681231));
#986 = CARTESIAN_POINT('',(5.08,0.327833032492,1.347873180311));
#987 = CARTESIAN_POINT('',(5.08,0.316915574371,1.354215703601));
#988 = CARTESIAN_POINT('',(5.08,0.300695350876,1.360246299515));
#989 = ORIENTED_EDGE('',*,*,#990,.F.);
#990 = EDGE_CURVE('',#991,#982,#993,.T.);
#991 = VERTEX_POINT('',#992);
#992 = CARTESIAN_POINT('',(5.08,0.342077715945,1.317408273363));
#993 = B_SPLINE_CURVE_WITH_KNOTS('',3,(#994,#995,#996,#997),
  .UNSPECIFIED.,.F.,.F.,(4,4),(16.,17.),.PIECEWISE_BEZIER_KNOTS.);
#994 = CARTESIAN_POINT('',(5.08,0.342077715945,1.317408273363));
#995 = CARTESIAN_POINT('',(5.08,0.342077715945,1.326974046194));
#996 = CARTESIAN_POINT('',(5.08,0.339218381675,1.33498018215));
#997 = CARTESIAN_POINT('',(5.08,0.333551701032,1.341426681231));
#998 = ORIENTED_EDGE('',*,*,#999,.F.);
#999 = EDGE_CURVE('',#1000,#991,#1002,.T.);
#1000 = VERTEX_POINT('',#1001);
#1001 = CARTESIAN_POINT('',(5.08,0.325701528763,1.28600758429));
#1002 = B_SPLINE_CURVE_WITH_KNOTS('',3,(#1003,#1004,#1005,#1006),
  .UNSPECIFIED.,.F.,.F.,(4,4),(17.,18.),.PIECEWISE_BEZIER_KNOTS.);
#1003 = CARTESIAN_POINT('',(5.08,0.325701528763,1.28600758429));
#1004 = CARTESIAN_POINT('',(5.08,0.336618986885,1.293597817081));
#1005 = CARTESIAN_POINT('',(5.08,0.342077715945,1.304099372034));
#1006 = CARTESIAN_POINT('',(5.08,0.342077715945,1.317408273363));
#1007 = ORIENTED_EDGE('',*,*,#1008,.F.);
#1008 = EDGE_CURVE('',#1009,#1000,#1011,.T.);
#1009 = VERTEX_POINT('',#1010);
#1010 = CARTESIAN_POINT('',(5.08,0.28338338157,1.27446627142));
#1011 = B_SPLINE_CURVE_WITH_KNOTS('',3,(#1012,#1013,#1014,#1015),
  .UNSPECIFIED.,.F.,.F.,(4,4),(18.,19.),.PIECEWISE_BEZIER_KNOTS.);
#1012 = CARTESIAN_POINT('',(5.08,0.28338338157,1.27446627142));
#1013 = CARTESIAN_POINT('',(5.08,0.300695350876,1.27446627142));
#1014 = CARTESIAN_POINT('',(5.08,0.314836058538,1.27831337571));
#1015 = CARTESIAN_POINT('',(5.08,0.325701528763,1.28600758429));
#1016 = ORIENTED_EDGE('',*,*,#1017,.F.);
#1017 = EDGE_CURVE('',#1018,#1009,#1020,.T.);
#1018 = VERTEX_POINT('',#1019);
#1019 = CARTESIAN_POINT('',(5.08,0.243976556541,1.282992286334));
#1020 = B_SPLINE_CURVE_WITH_KNOTS('',3,(#1021,#1022,#1023,#1024),
  .UNSPECIFIED.,.F.,.F.,(4,4),(19.,20.),.PIECEWISE_BEZIER_KNOTS.);
#1021 = CARTESIAN_POINT('',(5.08,0.243976556541,1.282992286334));
#1022 = CARTESIAN_POINT('',(5.08,0.255205942037,1.277377593585));
#1023 = CARTESIAN_POINT('',(5.08,0.268306891783,1.27446627142));
#1024 = CARTESIAN_POINT('',(5.08,0.28338338157,1.27446627142));
#1025 = ORIENTED_EDGE('',*,*,#1026,.F.);
#1026 = EDGE_CURVE('',#848,#1018,#1027,.T.);
#1027 = LINE('',#1028,#1029);
#1028 = CARTESIAN_POINT('',(5.079999999999,0.243976556541,1.282992286334
    ));
#1029 = VECTOR('',#1030,1.);
#1030 = DIRECTION('',(0.,0.,-1.));
#1031 = FACE_BOUND('',#1032,.T.);
#1032 = EDGE_LOOP('',(#1033,#1043,#1051,#1059,#1067,#1075,#1083,#1091,
    #1099,#1107,#1115,#1123));
#1033 = ORIENTED_EDGE('',*,*,#1034,.F.);
#1034 = EDGE_CURVE('',#1035,#1037,#1039,.T.);
#1035 = VERTEX_POINT('',#1036);
#1036 = CARTESIAN_POINT('',(5.079999999999,0.631598307745,1.277897472544
    ));
#1037 = VERTEX_POINT('',#1038);
#1038 = CARTESIAN_POINT('',(5.08,0.631598307745,1.301084074078));
#1039 = LINE('',#1040,#1041);
#1040 = CARTESIAN_POINT('',(5.079999999999,0.631598307745,1.301084074078
    ));
#1041 = VECTOR('',#1042,1.);
#1042 = DIRECTION('',(0.,0.,1.));
#1043 = ORIENTED_EDGE('',*,*,#1044,.F.);
#1044 = EDGE_CURVE('',#1045,#1035,#1047,.T.);
#1045 = VERTEX_POINT('',#1046);
#1046 = CARTESIAN_POINT('',(5.08,0.522215774948,1.277897472544));
#1047 = LINE('',#1048,#1049);
#1048 = CARTESIAN_POINT('',(5.079999999999,0.631598307745,1.277897472544
    ));
#1049 = VECTOR('',#1050,1.);
#1050 = DIRECTION('',(0.,1.,3.964809169306E-15));
#1051 = ORIENTED_EDGE('',*,*,#1052,.F.);
#1052 = EDGE_CURVE('',#1053,#1045,#1055,.T.);
#1053 = VERTEX_POINT('',#1054);
#1054 = CARTESIAN_POINT('',(5.08,0.522215774948,1.481274120975));
#1055 = LINE('',#1056,#1057);
#1056 = CARTESIAN_POINT('',(5.079999999999,0.522215774948,1.277897472544
    ));
#1057 = VECTOR('',#1058,1.);
#1058 = DIRECTION('',(0.,3.19860371635E-15,-1.));
#1059 = ORIENTED_EDGE('',*,*,#1060,.F.);
#1060 = EDGE_CURVE('',#1061,#1053,#1063,.T.);
#1061 = VERTEX_POINT('',#1062);
#1062 = CARTESIAN_POINT('',(5.08,0.626971385017,1.481274120975));
#1063 = LINE('',#1064,#1065);
#1064 = CARTESIAN_POINT('',(5.079999999999,0.522215774948,1.481274120975
    ));
#1065 = VECTOR('',#1066,1.);
#1066 = DIRECTION('',(0.,-1.,-2.069964886412E-15));
#1067 = ORIENTED_EDGE('',*,*,#1068,.F.);
#1068 = EDGE_CURVE('',#1069,#1061,#1071,.T.);
#1069 = VERTEX_POINT('',#1070);
#1070 = CARTESIAN_POINT('',(5.08,0.626971385017,1.457879567859));
#1071 = LINE('',#1072,#1073);
#1072 = CARTESIAN_POINT('',(5.079999999999,0.626971385017,1.481274120975
    ));
#1073 = VECTOR('',#1074,1.);
#1074 = DIRECTION('',(0.,0.,1.));
#1075 = ORIENTED_EDGE('',*,*,#1076,.F.);
#1076 = EDGE_CURVE('',#1077,#1069,#1079,.T.);
#1077 = VERTEX_POINT('',#1078);
#1078 = CARTESIAN_POINT('',(5.08,0.548469662335,1.457879567859));
#1079 = LINE('',#1080,#1081);
#1080 = CARTESIAN_POINT('',(5.079999999999,0.626971385017,1.457879567859
    ));
#1081 = VECTOR('',#1082,1.);
#1082 = DIRECTION('',(0.,1.,2.76223791136E-15));
#1083 = ORIENTED_EDGE('',*,*,#1084,.F.);
#1084 = EDGE_CURVE('',#1085,#1077,#1087,.T.);
#1085 = VERTEX_POINT('',#1086);
#1086 = CARTESIAN_POINT('',(5.08,0.548469662335,1.392790722296));
#1087 = LINE('',#1088,#1089);
#1088 = CARTESIAN_POINT('',(5.079999999999,0.548469662335,1.457879567859
    ));
#1089 = VECTOR('',#1090,1.);
#1090 = DIRECTION('',(0.,-3.331453071941E-15,1.));
#1091 = ORIENTED_EDGE('',*,*,#1092,.F.);
#1092 = EDGE_CURVE('',#1093,#1085,#1095,.T.);
#1093 = VERTEX_POINT('',#1094);
#1094 = CARTESIAN_POINT('',(5.08,0.621200728581,1.392790722296));
#1095 = LINE('',#1096,#1097);
#1096 = CARTESIAN_POINT('',(5.079999999999,0.548469662335,1.392790722296
    ));
#1097 = VECTOR('',#1098,1.);
#1098 = DIRECTION('',(0.,-1.,-5.962800923771E-15));
#1099 = ORIENTED_EDGE('',*,*,#1100,.F.);
#1100 = EDGE_CURVE('',#1101,#1093,#1103,.T.);
#1101 = VERTEX_POINT('',#1102);
#1102 = CARTESIAN_POINT('',(5.08,0.621200728581,1.369500144971));
#1103 = LINE('',#1104,#1105);
#1104 = CARTESIAN_POINT('',(5.079999999999,0.621200728581,1.392790722296
    ));
#1105 = VECTOR('',#1106,1.);
#1106 = DIRECTION('',(0.,-9.310221531588E-15,1.));
#1107 = ORIENTED_EDGE('',*,*,#1108,.F.);
#1108 = EDGE_CURVE('',#1109,#1101,#1111,.T.);
#1109 = VERTEX_POINT('',#1110);
#1110 = CARTESIAN_POINT('',(5.08,0.548469662335,1.369500144971));
#1111 = LINE('',#1112,#1113);
#1112 = CARTESIAN_POINT('',(5.079999999999,0.621200728581,1.369500144971
    ));
#1113 = VECTOR('',#1114,1.);
#1114 = DIRECTION('',(0.,1.,2.981400461885E-15));
#1115 = ORIENTED_EDGE('',*,*,#1116,.F.);
#1116 = EDGE_CURVE('',#1117,#1109,#1119,.T.);
#1117 = VERTEX_POINT('',#1118);
#1118 = CARTESIAN_POINT('',(5.08,0.548469662335,1.301084074078));
#1119 = LINE('',#1120,#1121);
#1120 = CARTESIAN_POINT('',(5.079999999999,0.548469662335,1.369500144971
    ));
#1121 = VECTOR('',#1122,1.);
#1122 = DIRECTION('',(0.,-3.169437117124E-15,1.));
#1123 = ORIENTED_EDGE('',*,*,#1124,.F.);
#1124 = EDGE_CURVE('',#1037,#1117,#1125,.T.);
#1125 = LINE('',#1126,#1127);
#1126 = CARTESIAN_POINT('',(5.079999999999,0.548469662335,1.301084074078
    ));
#1127 = VECTOR('',#1128,1.);
#1128 = DIRECTION('',(0.,-1.,-5.216984673093E-15));
#1129 = FACE_BOUND('',#1130,.T.);
#1130 = EDGE_LOOP('',(#1131,#1141,#1149,#1157,#1166,#1175,#1184));
#1131 = ORIENTED_EDGE('',*,*,#1132,.F.);
#1132 = EDGE_CURVE('',#1133,#1135,#1137,.T.);
#1133 = VERTEX_POINT('',#1134);
#1134 = CARTESIAN_POINT('',(5.079999999999,0.670017362753,1.277897472544
    ));
#1135 = VERTEX_POINT('',#1136);
#1136 = CARTESIAN_POINT('',(5.08,0.725956338651,1.277897472544));
#1137 = LINE('',#1138,#1139);
#1138 = CARTESIAN_POINT('',(5.079999999999,0.725956338651,1.277897472544
    ));
#1139 = VECTOR('',#1140,1.);
#1140 = DIRECTION('',(0.,1.,3.876374764046E-15));
#1141 = ORIENTED_EDGE('',*,*,#1142,.F.);
#1142 = EDGE_CURVE('',#1143,#1133,#1145,.T.);
#1143 = VERTEX_POINT('',#1144);
#1144 = CARTESIAN_POINT('',(5.08,0.670017362753,1.481274120975));
#1145 = LINE('',#1146,#1147);
#1146 = CARTESIAN_POINT('',(5.079999999999,0.670017362753,1.277897472544
    ));
#1147 = VECTOR('',#1148,1.);
#1148 = DIRECTION('',(0.,3.19860371635E-15,-1.));
#1149 = ORIENTED_EDGE('',*,*,#1150,.F.);
#1150 = EDGE_CURVE('',#1151,#1143,#1153,.T.);
#1151 = VERTEX_POINT('',#1152);
#1152 = CARTESIAN_POINT('',(5.08,0.728035854483,1.481274120975));
#1153 = LINE('',#1154,#1155);
#1154 = CARTESIAN_POINT('',(5.079999999999,0.670017362753,1.481274120975
    ));
#1155 = VECTOR('',#1156,1.);
#1156 = DIRECTION('',(0.,-1.,-3.737436600523E-15));
#1157 = ORIENTED_EDGE('',*,*,#1158,.F.);
#1158 = EDGE_CURVE('',#1159,#1151,#1161,.T.);
#1159 = VERTEX_POINT('',#1160);
#1160 = CARTESIAN_POINT('',(5.08,0.804925952394,1.454344390943));
#1161 = B_SPLINE_CURVE_WITH_KNOTS('',3,(#1162,#1163,#1164,#1165),
  .UNSPECIFIED.,.F.,.F.,(4,4),(2.,3.),.PIECEWISE_BEZIER_KNOTS.);
#1162 = CARTESIAN_POINT('',(5.08,0.804925952394,1.454344390943));
#1163 = CARTESIAN_POINT('',(5.08,0.784494709339,1.472332202894));
#1164 = CARTESIAN_POINT('',(5.08,0.758864676701,1.481274120975));
#1165 = CARTESIAN_POINT('',(5.08,0.728035854483,1.481274120975));
#1166 = ORIENTED_EDGE('',*,*,#1167,.F.);
#1167 = EDGE_CURVE('',#1168,#1159,#1170,.T.);
#1168 = VERTEX_POINT('',#1169);
#1169 = CARTESIAN_POINT('',(5.08,0.835598810926,1.38218519155));
#1170 = B_SPLINE_CURVE_WITH_KNOTS('',3,(#1171,#1172,#1173,#1174),
  .UNSPECIFIED.,.F.,.F.,(4,4),(3.,4.),.PIECEWISE_BEZIER_KNOTS.);
#1171 = CARTESIAN_POINT('',(5.08,0.835598810926,1.38218519155));
#1172 = CARTESIAN_POINT('',(5.08,0.835598810926,1.412338171123));
#1173 = CARTESIAN_POINT('',(5.08,0.82535719545,1.43635657899));
#1174 = CARTESIAN_POINT('',(5.08,0.804925952394,1.454344390943));
#1175 = ORIENTED_EDGE('',*,*,#1176,.F.);
#1176 = EDGE_CURVE('',#1177,#1168,#1179,.T.);
#1177 = VERTEX_POINT('',#1178);
#1178 = CARTESIAN_POINT('',(5.08,0.804925952394,1.306386839451));
#1179 = B_SPLINE_CURVE_WITH_KNOTS('',3,(#1180,#1181,#1182,#1183),
  .UNSPECIFIED.,.F.,.F.,(4,4),(4.,5.),.PIECEWISE_BEZIER_KNOTS.);
#1180 = CARTESIAN_POINT('',(5.08,0.804925952394,1.306386839451));
#1181 = CARTESIAN_POINT('',(5.08,0.82535719545,1.32541440932));
#1182 = CARTESIAN_POINT('',(5.08,0.835598810926,1.350680526685));
#1183 = CARTESIAN_POINT('',(5.08,0.835598810926,1.38218519155));
#1184 = ORIENTED_EDGE('',*,*,#1185,.F.);
#1185 = EDGE_CURVE('',#1135,#1177,#1186,.T.);
#1186 = B_SPLINE_CURVE_WITH_KNOTS('',3,(#1187,#1188,#1189,#1190),
  .UNSPECIFIED.,.F.,.F.,(4,4),(5.,6.),.PIECEWISE_BEZIER_KNOTS.);
#1187 = CARTESIAN_POINT('',(5.08,0.725956338651,1.277897472544));
#1188 = CARTESIAN_POINT('',(5.08,0.75813684616,1.277897472544));
#1189 = CARTESIAN_POINT('',(5.08,0.784494709339,1.287359269581));
#1190 = CARTESIAN_POINT('',(5.08,0.804925952394,1.306386839451));
#1191 = FACE_BOUND('',#1192,.T.);
#1192 = EDGE_LOOP('',(#1193,#1203,#1211,#1219,#1227,#1235,#1243,#1251));
#1193 = ORIENTED_EDGE('',*,*,#1194,.F.);
#1194 = EDGE_CURVE('',#1195,#1197,#1199,.T.);
#1195 = VERTEX_POINT('',#1196);
#1196 = CARTESIAN_POINT('',(5.079999999999,1.029877577589,1.277897472544
    ));
#1197 = VERTEX_POINT('',#1198);
#1198 = CARTESIAN_POINT('',(5.08,0.952415612824,1.481274120975));
#1199 = LINE('',#1200,#1201);
#1200 = CARTESIAN_POINT('',(5.079999999999,0.952415612824,1.481274120975
    ));
#1201 = VECTOR('',#1202,1.);
#1202 = DIRECTION('',(0.,-0.355935724364,0.934510438744));
#1203 = ORIENTED_EDGE('',*,*,#1204,.F.);
#1204 = EDGE_CURVE('',#1205,#1195,#1207,.T.);
#1205 = VERTEX_POINT('',#1206);
#1206 = CARTESIAN_POINT('',(5.08,1.000868331725,1.277897472544));
#1207 = LINE('',#1208,#1209);
#1208 = CARTESIAN_POINT('',(5.079999999999,1.029877577589,1.277897472544
    ));
#1209 = VECTOR('',#1210,1.);
#1210 = DIRECTION('',(0.,1.,0.));
#1211 = ORIENTED_EDGE('',*,*,#1212,.F.);
#1212 = EDGE_CURVE('',#1213,#1205,#1215,.T.);
#1213 = VERTEX_POINT('',#1214);
#1214 = CARTESIAN_POINT('',(5.08,0.980125161293,1.333524521066));
#1215 = LINE('',#1216,#1217);
#1216 = CARTESIAN_POINT('',(5.079999999999,1.000868331725,1.277897472544
    ));
#1217 = VECTOR('',#1218,1.);
#1218 = DIRECTION('',(0.,0.349395479497,-0.936975345944));
#1219 = ORIENTED_EDGE('',*,*,#1220,.F.);
#1220 = EDGE_CURVE('',#1221,#1213,#1223,.T.);
#1221 = VERTEX_POINT('',#1222);
#1222 = CARTESIAN_POINT('',(5.08,0.895436879009,1.333524521066));
#1223 = LINE('',#1224,#1225);
#1224 = CARTESIAN_POINT('',(5.079999999999,0.980125161293,1.333524521066
    ));
#1225 = VECTOR('',#1226,1.);
#1226 = DIRECTION('',(0.,1.,2.560453803615E-15));
#1227 = ORIENTED_EDGE('',*,*,#1228,.F.);
#1228 = EDGE_CURVE('',#1229,#1221,#1231,.T.);
#1229 = VERTEX_POINT('',#1230);
#1230 = CARTESIAN_POINT('',(5.079999999999,0.875889430182,1.277897472544
    ));
#1231 = LINE('',#1232,#1233);
#1232 = CARTESIAN_POINT('',(5.079999999999,0.895436879009,1.333524521066
    ));
#1233 = VECTOR('',#1234,1.);
#1234 = DIRECTION('',(0.,0.331528418357,0.94344523308));
#1235 = ORIENTED_EDGE('',*,*,#1236,.F.);
#1236 = EDGE_CURVE('',#1237,#1229,#1239,.T.);
#1237 = VERTEX_POINT('',#1238);
#1238 = CARTESIAN_POINT('',(5.08,0.846880184317,1.277897472544));
#1239 = LINE('',#1240,#1241);
#1240 = CARTESIAN_POINT('',(5.079999999999,0.875889430182,1.277897472544
    ));
#1241 = VECTOR('',#1242,1.);
#1242 = DIRECTION('',(0.,1.,0.));
#1243 = ORIENTED_EDGE('',*,*,#1244,.F.);
#1244 = EDGE_CURVE('',#1245,#1237,#1247,.T.);
#1245 = VERTEX_POINT('',#1246);
#1246 = CARTESIAN_POINT('',(5.079999999999,0.924342149083,1.481274120975
    ));
#1247 = LINE('',#1248,#1249);
#1248 = CARTESIAN_POINT('',(5.079999999999,0.846880184317,1.277897472544
    ));
#1249 = VECTOR('',#1250,1.);
#1250 = DIRECTION('',(0.,-0.355935724369,-0.934510438742));
#1251 = ORIENTED_EDGE('',*,*,#1252,.F.);
#1252 = EDGE_CURVE('',#1197,#1245,#1253,.T.);
#1253 = LINE('',#1254,#1255);
#1254 = CARTESIAN_POINT('',(5.079999999999,0.924342149083,1.481274120975
    ));
#1255 = VECTOR('',#1256,1.);
#1256 = DIRECTION('',(0.,-1.,-7.724035640601E-15));
#1257 = FACE_BOUND('',#1258,.T.);
#1258 = EDGE_LOOP('',(#1259,#1270,#1279,#1288,#1296,#1305,#1314,#1323,
    #1331,#1340,#1349,#1358,#1367,#1376,#1385,#1394,#1403,#1412,#1421,
    #1429,#1437,#1445,#1454,#1463,#1472,#1481,#1490,#1499,#1508,#1517,
    #1526,#1535,#1544));
#1259 = ORIENTED_EDGE('',*,*,#1260,.F.);
#1260 = EDGE_CURVE('',#1261,#1263,#1265,.T.);
#1261 = VERTEX_POINT('',#1262);
#1262 = CARTESIAN_POINT('',(5.08,-0.207582618616,1.479630332982));
#1263 = VERTEX_POINT('',#1264);
#1264 = CARTESIAN_POINT('',(5.08,-0.350735315406,1.669054602684));
#1265 = B_SPLINE_CURVE_WITH_KNOTS('',3,(#1266,#1267,#1268,#1269),
  .UNSPECIFIED.,.F.,.F.,(4,4),(35.,36.),.PIECEWISE_BEZIER_KNOTS.);
#1266 = CARTESIAN_POINT('',(5.08,-0.207582618616,1.479630332982));
#1267 = CARTESIAN_POINT('',(5.08,-0.209028583722,1.566389508057));
#1268 = CARTESIAN_POINT('',(5.08,-0.268314090812,1.643026844645));
#1269 = CARTESIAN_POINT('',(5.08,-0.350735315406,1.669054602684));
#1270 = ORIENTED_EDGE('',*,*,#1271,.F.);
#1271 = EDGE_CURVE('',#1272,#1261,#1274,.T.);
#1272 = VERTEX_POINT('',#1273);
#1273 = CARTESIAN_POINT('',(5.08,-0.261084154959,1.342261551778));
#1274 = B_SPLINE_CURVE_WITH_KNOTS('',3,(#1275,#1276,#1277,#1278),
  .UNSPECIFIED.,.F.,.F.,(4,4),(34.,35.),.PIECEWISE_BEZIER_KNOTS.);
#1275 = CARTESIAN_POINT('',(5.08,-0.261084154959,1.342261551778));
#1276 = CARTESIAN_POINT('',(5.08,-0.226380440801,1.379857196149));
#1277 = CARTESIAN_POINT('',(5.08,-0.207582618616,1.429020782012));
#1278 = CARTESIAN_POINT('',(5.08,-0.207582618616,1.479630332982));
#1279 = ORIENTED_EDGE('',*,*,#1280,.F.);
#1280 = EDGE_CURVE('',#1281,#1272,#1283,.T.);
#1281 = VERTEX_POINT('',#1282);
#1282 = CARTESIAN_POINT('',(5.08,-0.392668965417,1.277192129102));
#1283 = B_SPLINE_CURVE_WITH_KNOTS('',3,(#1284,#1285,#1286,#1287),
  .UNSPECIFIED.,.F.,.F.,(4,4),(33.,34.),.PIECEWISE_BEZIER_KNOTS.);
#1284 = CARTESIAN_POINT('',(5.08,-0.392668965417,1.277192129102));
#1285 = CARTESIAN_POINT('',(5.08,-0.342059414447,1.281530079582));
#1286 = CARTESIAN_POINT('',(5.08,-0.295787813956,1.304665907407));
#1287 = CARTESIAN_POINT('',(5.08,-0.261084154959,1.342261551778));
#1288 = ORIENTED_EDGE('',*,*,#1289,.F.);
#1289 = EDGE_CURVE('',#1290,#1281,#1292,.T.);
#1290 = VERTEX_POINT('',#1291);
#1291 = CARTESIAN_POINT('',(5.08,-0.477982175385,1.277192129102));
#1292 = LINE('',#1293,#1294);
#1293 = CARTESIAN_POINT('',(5.08,-0.397006915897,1.277192129102));
#1294 = VECTOR('',#1295,1.);
#1295 = DIRECTION('',(0.,1.,0.));
#1296 = ORIENTED_EDGE('',*,*,#1297,.F.);
#1297 = EDGE_CURVE('',#1298,#1290,#1300,.T.);
#1298 = VERTEX_POINT('',#1299);
#1299 = CARTESIAN_POINT('',(5.08,-0.519915825395,1.322017709326));
#1300 = B_SPLINE_CURVE_WITH_KNOTS('',3,(#1301,#1302,#1303,#1304),
  .UNSPECIFIED.,.F.,.F.,(4,4),(28.,29.),.PIECEWISE_BEZIER_KNOTS.);
#1301 = CARTESIAN_POINT('',(5.08,-0.519915825395,1.322017709326));
#1302 = CARTESIAN_POINT('',(5.08,-0.519915825395,1.298881936661));
#1303 = CARTESIAN_POINT('',(5.08,-0.50111800321,1.278638094208));
#1304 = CARTESIAN_POINT('',(5.08,-0.477982175385,1.277192129102));
#1305 = ORIENTED_EDGE('',*,*,#1306,.F.);
#1306 = EDGE_CURVE('',#1307,#1298,#1309,.T.);
#1307 = VERTEX_POINT('',#1308);
#1308 = CARTESIAN_POINT('',(5.08,-0.475090245172,1.36684328955));
#1309 = B_SPLINE_CURVE_WITH_KNOTS('',3,(#1310,#1311,#1312,#1313),
  .UNSPECIFIED.,.F.,.F.,(4,4),(27.,28.),.PIECEWISE_BEZIER_KNOTS.);
#1310 = CARTESIAN_POINT('',(5.08,-0.475090245172,1.36684328955));
#1311 = CARTESIAN_POINT('',(5.08,-0.499672038103,1.36684328955));
#1312 = CARTESIAN_POINT('',(5.08,-0.519915825395,1.346599447098));
#1313 = CARTESIAN_POINT('',(5.08,-0.519915825395,1.322017709326));
#1314 = ORIENTED_EDGE('',*,*,#1315,.F.);
#1315 = EDGE_CURVE('',#1316,#1307,#1318,.T.);
#1316 = VERTEX_POINT('',#1317);
#1317 = CARTESIAN_POINT('',(5.08,-0.466414344212,1.365397324444));
#1318 = B_SPLINE_CURVE_WITH_KNOTS('',3,(#1319,#1320,#1321,#1322),
  .UNSPECIFIED.,.F.,.F.,(4,4),(26.,27.),.PIECEWISE_BEZIER_KNOTS.);
#1319 = CARTESIAN_POINT('',(5.08,-0.466414344212,1.365397324444));
#1320 = CARTESIAN_POINT('',(5.08,-0.469306329585,1.365397324444));
#1321 = CARTESIAN_POINT('',(5.08,-0.472198314958,1.36684328955));
#1322 = CARTESIAN_POINT('',(5.08,-0.475090245172,1.36684328955));
#1323 = ORIENTED_EDGE('',*,*,#1324,.F.);
#1324 = EDGE_CURVE('',#1325,#1316,#1327,.T.);
#1325 = VERTEX_POINT('',#1326);
#1326 = CARTESIAN_POINT('',(5.08,-0.401344921536,1.365397324444));
#1327 = LINE('',#1328,#1329);
#1328 = CARTESIAN_POINT('',(5.08,-0.401344921536,1.365397324444));
#1329 = VECTOR('',#1330,1.);
#1330 = DIRECTION('',(0.,-1.,-3.332447493461E-15));
#1331 = ORIENTED_EDGE('',*,*,#1332,.F.);
#1332 = EDGE_CURVE('',#1333,#1325,#1335,.T.);
#1333 = VERTEX_POINT('',#1334);
#1334 = CARTESIAN_POINT('',(5.08,-0.297233834223,1.478184312716));
#1335 = B_SPLINE_CURVE_WITH_KNOTS('',3,(#1336,#1337,#1338,#1339),
  .UNSPECIFIED.,.F.,.F.,(4,4),(24.,25.),.PIECEWISE_BEZIER_KNOTS.);
#1336 = CARTESIAN_POINT('',(5.08,-0.297233834223,1.478184312716));
#1337 = CARTESIAN_POINT('',(5.08,-0.297233834223,1.418898833206));
#1338 = CARTESIAN_POINT('',(5.08,-0.342059414447,1.369735274924));
#1339 = CARTESIAN_POINT('',(5.08,-0.401344921536,1.365397324444));
#1340 = ORIENTED_EDGE('',*,*,#1341,.F.);
#1341 = EDGE_CURVE('',#1342,#1333,#1344,.T.);
#1342 = VERTEX_POINT('',#1343);
#1343 = CARTESIAN_POINT('',(5.08,-0.410020822496,1.590971300989));
#1344 = B_SPLINE_CURVE_WITH_KNOTS('',3,(#1345,#1346,#1347,#1348),
  .UNSPECIFIED.,.F.,.F.,(4,4),(23.,24.),.PIECEWISE_BEZIER_KNOTS.);
#1345 = CARTESIAN_POINT('',(5.08,-0.410020822496,1.590971300989));
#1346 = CARTESIAN_POINT('',(5.08,-0.347843385193,1.590971300989));
#1347 = CARTESIAN_POINT('',(5.08,-0.297233834223,1.540361750019));
#1348 = CARTESIAN_POINT('',(5.08,-0.297233834223,1.478184312716));
#1349 = ORIENTED_EDGE('',*,*,#1350,.F.);
#1350 = EDGE_CURVE('',#1351,#1342,#1353,.T.);
#1351 = VERTEX_POINT('',#1352);
#1352 = CARTESIAN_POINT('',(5.08,-0.421588708828,1.590971300989));
#1353 = B_SPLINE_CURVE_WITH_KNOTS('',3,(#1354,#1355,#1356,#1357),
  .UNSPECIFIED.,.F.,.F.,(4,4),(22.,23.),.PIECEWISE_BEZIER_KNOTS.);
#1354 = CARTESIAN_POINT('',(5.08,-0.421588708828,1.590971300989));
#1355 = CARTESIAN_POINT('',(5.08,-0.417250758349,1.590971300989));
#1356 = CARTESIAN_POINT('',(5.08,-0.414358772976,1.590971300989));
#1357 = CARTESIAN_POINT('',(5.08,-0.410020822496,1.590971300989));
#1358 = ORIENTED_EDGE('',*,*,#1359,.F.);
#1359 = EDGE_CURVE('',#1360,#1351,#1362,.T.);
#1360 = VERTEX_POINT('',#1361);
#1361 = CARTESIAN_POINT('',(5.08,-0.624026912709,1.77171969731));
#1362 = B_SPLINE_CURVE_WITH_KNOTS('',3,(#1363,#1364,#1365,#1366),
  .UNSPECIFIED.,.F.,.F.,(4,4),(21.,22.),.PIECEWISE_BEZIER_KNOTS.);
#1363 = CARTESIAN_POINT('',(5.08,-0.624026912709,1.77171969731));
#1364 = CARTESIAN_POINT('',(5.08,-0.519915825395,1.77171969731));
#1365 = CARTESIAN_POINT('',(5.08,-0.433156595161,1.692190402928));
#1366 = CARTESIAN_POINT('',(5.08,-0.421588708828,1.590971300989));
#1367 = ORIENTED_EDGE('',*,*,#1368,.F.);
#1368 = EDGE_CURVE('',#1369,#1360,#1371,.T.);
#1369 = VERTEX_POINT('',#1370);
#1370 = CARTESIAN_POINT('',(5.08,-0.81778916047,1.632905006158));
#1371 = B_SPLINE_CURVE_WITH_KNOTS('',3,(#1372,#1373,#1374,#1375),
  .UNSPECIFIED.,.F.,.F.,(4,4),(20.,21.),.PIECEWISE_BEZIER_KNOTS.);
#1372 = CARTESIAN_POINT('',(5.08,-0.81778916047,1.632905006158));
#1373 = CARTESIAN_POINT('',(5.08,-0.790315437325,1.713880210488));
#1374 = CARTESIAN_POINT('',(5.08,-0.715124093423,1.77171969731));
#1375 = CARTESIAN_POINT('',(5.08,-0.624026912709,1.77171969731));
#1376 = ORIENTED_EDGE('',*,*,#1377,.F.);
#1377 = EDGE_CURVE('',#1378,#1369,#1380,.T.);
#1378 = VERTEX_POINT('',#1379);
#1379 = CARTESIAN_POINT('',(5.08,-0.894426469478,1.654594813718));
#1380 = B_SPLINE_CURVE_WITH_KNOTS('',3,(#1381,#1382,#1383,#1384),
  .UNSPECIFIED.,.F.,.F.,(4,4),(19.,20.),.PIECEWISE_BEZIER_KNOTS.);
#1381 = CARTESIAN_POINT('',(5.08,-0.894426469478,1.654594813718));
#1382 = CARTESIAN_POINT('',(5.08,-0.866952718753,1.654594813718));
#1383 = CARTESIAN_POINT('',(5.08,-0.839478968028,1.645918885179));
#1384 = CARTESIAN_POINT('',(5.08,-0.81778916047,1.632905006158));
#1385 = ORIENTED_EDGE('',*,*,#1386,.F.);
#1386 = EDGE_CURVE('',#1387,#1378,#1389,.T.);
#1387 = VERTEX_POINT('',#1388);
#1388 = CARTESIAN_POINT('',(5.08,-1.039025186535,1.509996096661));
#1389 = B_SPLINE_CURVE_WITH_KNOTS('',3,(#1390,#1391,#1392,#1393),
  .UNSPECIFIED.,.F.,.F.,(4,4),(18.,19.),.PIECEWISE_BEZIER_KNOTS.);
#1390 = CARTESIAN_POINT('',(5.08,-1.039025186535,1.509996096661));
#1391 = CARTESIAN_POINT('',(5.08,-1.039025186535,1.589525391042));
#1392 = CARTESIAN_POINT('',(5.08,-0.97395576386,1.654594813718));
#1393 = CARTESIAN_POINT('',(5.08,-0.894426469478,1.654594813718));
#1394 = ORIENTED_EDGE('',*,*,#1395,.F.);
#1395 = EDGE_CURVE('',#1396,#1387,#1398,.T.);
#1396 = VERTEX_POINT('',#1397);
#1397 = CARTESIAN_POINT('',(5.08,-0.952265956301,1.376965265936));
#1398 = B_SPLINE_CURVE_WITH_KNOTS('',3,(#1399,#1400,#1401,#1402),
  .UNSPECIFIED.,.F.,.F.,(4,4),(17.,18.),.PIECEWISE_BEZIER_KNOTS.);
#1399 = CARTESIAN_POINT('',(5.08,-0.952265956301,1.376965265936));
#1400 = CARTESIAN_POINT('',(5.08,-1.002875507271,1.400101066181));
#1401 = CARTESIAN_POINT('',(5.08,-1.039025186535,1.45071061715));
#1402 = CARTESIAN_POINT('',(5.08,-1.039025186535,1.509996096661));
#1403 = ORIENTED_EDGE('',*,*,#1404,.F.);
#1404 = EDGE_CURVE('',#1405,#1396,#1407,.T.);
#1405 = VERTEX_POINT('',#1406);
#1406 = CARTESIAN_POINT('',(5.08,-0.816343167783,1.47240042471));
#1407 = B_SPLINE_CURVE_WITH_KNOTS('',3,(#1408,#1409,#1410,#1411),
  .UNSPECIFIED.,.F.,.F.,(4,4),(16.,17.),.PIECEWISE_BEZIER_KNOTS.);
#1408 = CARTESIAN_POINT('',(5.08,-0.816343167783,1.47240042471));
#1409 = CARTESIAN_POINT('',(5.08,-0.878520632666,1.47240042471));
#1410 = CARTESIAN_POINT('',(5.08,-0.932022141429,1.431912794966));
#1411 = CARTESIAN_POINT('',(5.08,-0.952265956301,1.376965265936));
#1412 = ORIENTED_EDGE('',*,*,#1413,.F.);
#1413 = EDGE_CURVE('',#1414,#1405,#1416,.T.);
#1414 = VERTEX_POINT('',#1415);
#1415 = CARTESIAN_POINT('',(5.08,-0.70789412999,1.423236866426));
#1416 = B_SPLINE_CURVE_WITH_KNOTS('',3,(#1417,#1418,#1419,#1420),
  .UNSPECIFIED.,.F.,.F.,(4,4),(15.,16.),.PIECEWISE_BEZIER_KNOTS.);
#1417 = CARTESIAN_POINT('',(5.08,-0.70789412999,1.423236866426));
#1418 = CARTESIAN_POINT('',(5.08,-0.733921888029,1.453602602524));
#1419 = CARTESIAN_POINT('',(5.08,-0.772963552666,1.47240042471));
#1420 = CARTESIAN_POINT('',(5.08,-0.816343167783,1.47240042471));
#1421 = ORIENTED_EDGE('',*,*,#1422,.F.);
#1422 = EDGE_CURVE('',#1423,#1414,#1425,.T.);
#1423 = VERTEX_POINT('',#1424);
#1424 = CARTESIAN_POINT('',(5.08,-0.514131854649,1.524455968366));
#1425 = LINE('',#1426,#1427);
#1426 = CARTESIAN_POINT('',(5.08,-0.514131854649,1.524455968366));
#1427 = VECTOR('',#1428,1.);
#1428 = DIRECTION('',(0.,-0.886348842796,-0.463018065387));
#1429 = ORIENTED_EDGE('',*,*,#1430,.F.);
#1430 = EDGE_CURVE('',#1431,#1423,#1433,.T.);
#1431 = VERTEX_POINT('',#1432);
#1432 = CARTESIAN_POINT('',(5.08,-0.469306274425,1.447818631778));
#1433 = LINE('',#1434,#1435);
#1434 = CARTESIAN_POINT('',(5.08,-0.469306274425,1.447818631778));
#1435 = VECTOR('',#1436,1.);
#1436 = DIRECTION('',(0.,-0.504883048649,0.863187758942));
#1437 = ORIENTED_EDGE('',*,*,#1438,.F.);
#1438 = EDGE_CURVE('',#1439,#1431,#1441,.T.);
#1439 = VERTEX_POINT('',#1440);
#1440 = CARTESIAN_POINT('',(5.08,-0.671744478305,1.340815586672));
#1441 = LINE('',#1442,#1443);
#1442 = CARTESIAN_POINT('',(5.08,-0.671744478305,1.340815586672));
#1443 = VECTOR('',#1444,1.);
#1444 = DIRECTION('',(0.,0.884094950248,0.467307306754));
#1445 = ORIENTED_EDGE('',*,*,#1446,.F.);
#1446 = EDGE_CURVE('',#1447,#1439,#1449,.T.);
#1447 = VERTEX_POINT('',#1448);
#1448 = CARTESIAN_POINT('',(5.08,-0.671744478305,1.326355714965));
#1449 = B_SPLINE_CURVE_WITH_KNOTS('',3,(#1450,#1451,#1452,#1453),
  .UNSPECIFIED.,.F.,.F.,(4,4),(11.,12.),.PIECEWISE_BEZIER_KNOTS.);
#1450 = CARTESIAN_POINT('',(5.08,-0.671744478305,1.326355714965));
#1451 = CARTESIAN_POINT('',(5.08,-0.671744478305,1.330693665445));
#1452 = CARTESIAN_POINT('',(5.08,-0.671744478305,1.335031615925));
#1453 = CARTESIAN_POINT('',(5.08,-0.671744478305,1.340815586672));
#1454 = ORIENTED_EDGE('',*,*,#1455,.F.);
#1455 = EDGE_CURVE('',#1456,#1447,#1458,.T.);
#1456 = VERTEX_POINT('',#1457);
#1457 = CARTESIAN_POINT('',(5.08,-0.816343195363,1.181756997908));
#1458 = B_SPLINE_CURVE_WITH_KNOTS('',3,(#1459,#1460,#1461,#1462),
  .UNSPECIFIED.,.F.,.F.,(4,4),(10.,11.),.PIECEWISE_BEZIER_KNOTS.);
#1459 = CARTESIAN_POINT('',(5.08,-0.816343195363,1.181756997908));
#1460 = CARTESIAN_POINT('',(5.08,-0.736813900982,1.181756997908));
#1461 = CARTESIAN_POINT('',(5.08,-0.671744478305,1.246826420583));
#1462 = CARTESIAN_POINT('',(5.08,-0.671744478305,1.326355714965));
#1463 = ORIENTED_EDGE('',*,*,#1464,.F.);
#1464 = EDGE_CURVE('',#1465,#1456,#1467,.T.);
#1465 = VERTEX_POINT('',#1466);
#1466 = CARTESIAN_POINT('',(5.08,-0.953711990358,1.280084114475));
#1467 = B_SPLINE_CURVE_WITH_KNOTS('',3,(#1468,#1469,#1470,#1471),
  .UNSPECIFIED.,.F.,.F.,(4,4),(9.,10.),.PIECEWISE_BEZIER_KNOTS.);
#1468 = CARTESIAN_POINT('',(5.08,-0.953711990358,1.280084114475));
#1469 = CARTESIAN_POINT('',(5.08,-0.934914154383,1.222244627652));
#1470 = CARTESIAN_POINT('',(5.08,-0.879966652933,1.181756997908));
#1471 = CARTESIAN_POINT('',(5.08,-0.816343195363,1.181756997908));
#1472 = ORIENTED_EDGE('',*,*,#1473,.F.);
#1473 = EDGE_CURVE('',#1474,#1465,#1476,.T.);
#1474 = VERTEX_POINT('',#1475);
#1475 = CARTESIAN_POINT('',(5.08,-1.069390964003,1.349491487631));
#1476 = B_SPLINE_CURVE_WITH_KNOTS('',3,(#1477,#1478,#1479,#1480),
  .UNSPECIFIED.,.F.,.F.,(4,4),(8.,9.),.PIECEWISE_BEZIER_KNOTS.);
#1477 = CARTESIAN_POINT('',(5.08,-1.069390964003,1.349491487631));
#1478 = CARTESIAN_POINT('',(5.08,-1.037579249009,1.314787773472));
#1479 = CARTESIAN_POINT('',(5.08,-0.998537584371,1.291652000808));
#1480 = CARTESIAN_POINT('',(5.08,-0.953711990358,1.280084114475));
#1481 = ORIENTED_EDGE('',*,*,#1482,.F.);
#1482 = EDGE_CURVE('',#1483,#1474,#1485,.T.);
#1483 = VERTEX_POINT('',#1484);
#1484 = CARTESIAN_POINT('',(5.08,-1.130122422409,1.507104056128));
#1485 = B_SPLINE_CURVE_WITH_KNOTS('',3,(#1486,#1487,#1488,#1489),
  .UNSPECIFIED.,.F.,.F.,(4,4),(7.,8.),.PIECEWISE_BEZIER_KNOTS.);
#1486 = CARTESIAN_POINT('',(5.08,-1.130122422409,1.507104056128));
#1487 = CARTESIAN_POINT('',(5.08,-1.130122422409,1.449264569304));
#1488 = CARTESIAN_POINT('',(5.08,-1.108432614851,1.392871047588));
#1489 = CARTESIAN_POINT('',(5.08,-1.069390964003,1.349491487631));
#1490 = ORIENTED_EDGE('',*,*,#1491,.F.);
#1491 = EDGE_CURVE('',#1492,#1483,#1494,.T.);
#1492 = VERTEX_POINT('',#1493);
#1493 = CARTESIAN_POINT('',(5.08,-1.06216098678,1.671946574267));
#1494 = B_SPLINE_CURVE_WITH_KNOTS('',3,(#1495,#1496,#1497,#1498),
  .UNSPECIFIED.,.F.,.F.,(4,4),(6.,7.),.PIECEWISE_BEZIER_KNOTS.);
#1495 = CARTESIAN_POINT('',(5.08,-1.06216098678,1.671946574267));
#1496 = CARTESIAN_POINT('',(5.08,-1.10554063982,1.628566972939));
#1497 = CARTESIAN_POINT('',(5.08,-1.130122422409,1.569281493429));
#1498 = CARTESIAN_POINT('',(5.08,-1.130122422409,1.507104056128));
#1499 = ORIENTED_EDGE('',*,*,#1500,.F.);
#1500 = EDGE_CURVE('',#1501,#1492,#1503,.T.);
#1501 = VERTEX_POINT('',#1502);
#1502 = CARTESIAN_POINT('',(5.08,-0.895872462165,1.741353961212));
#1503 = B_SPLINE_CURVE_WITH_KNOTS('',3,(#1504,#1505,#1506,#1507),
  .UNSPECIFIED.,.F.,.F.,(4,4),(5.,6.),.PIECEWISE_BEZIER_KNOTS.);
#1504 = CARTESIAN_POINT('',(5.08,-0.895872462165,1.741353961212));
#1505 = CARTESIAN_POINT('',(5.08,-0.958049913257,1.741353961212));
#1506 = CARTESIAN_POINT('',(5.08,-1.017335378977,1.716772182071));
#1507 = CARTESIAN_POINT('',(5.08,-1.06216098678,1.671946574267));
#1508 = ORIENTED_EDGE('',*,*,#1509,.F.);
#1509 = EDGE_CURVE('',#1510,#1501,#1512,.T.);
#1510 = VERTEX_POINT('',#1511);
#1511 = CARTESIAN_POINT('',(5.08,-0.862614768273,1.738461989629));
#1512 = B_SPLINE_CURVE_WITH_KNOTS('',3,(#1513,#1514,#1515,#1516),
  .UNSPECIFIED.,.F.,.F.,(4,4),(4.,5.),.PIECEWISE_BEZIER_KNOTS.);
#1513 = CARTESIAN_POINT('',(5.08,-0.862614768273,1.738461989629));
#1514 = CARTESIAN_POINT('',(5.08,-0.874182654606,1.739907982316));
#1515 = CARTESIAN_POINT('',(5.08,-0.884304575832,1.741353961212));
#1516 = CARTESIAN_POINT('',(5.08,-0.895872462165,1.741353961212));
#1517 = ORIENTED_EDGE('',*,*,#1518,.F.);
#1518 = EDGE_CURVE('',#1519,#1510,#1521,.T.);
#1519 = VERTEX_POINT('',#1520);
#1520 = CARTESIAN_POINT('',(5.08,-0.798991338284,1.802085426513));
#1521 = B_SPLINE_CURVE_WITH_KNOTS('',3,(#1522,#1523,#1524,#1525),
  .UNSPECIFIED.,.F.,.F.,(4,4),(3.,4.),.PIECEWISE_BEZIER_KNOTS.);
#1522 = CARTESIAN_POINT('',(5.08,-0.798991338284,1.802085426513));
#1523 = CARTESIAN_POINT('',(5.08,-0.823573131216,1.784733576329));
#1524 = CARTESIAN_POINT('',(5.08,-0.843816946088,1.763043768771));
#1525 = CARTESIAN_POINT('',(5.08,-0.862614768273,1.738461989629));
#1526 = ORIENTED_EDGE('',*,*,#1527,.F.);
#1527 = EDGE_CURVE('',#1528,#1519,#1530,.T.);
#1528 = VERTEX_POINT('',#1529);
#1529 = CARTESIAN_POINT('',(5.08,-0.625472877816,1.858478927545));
#1530 = B_SPLINE_CURVE_WITH_KNOTS('',3,(#1531,#1532,#1533,#1534),
  .UNSPECIFIED.,.F.,.F.,(4,4),(2.,3.),.PIECEWISE_BEZIER_KNOTS.);
#1531 = CARTESIAN_POINT('',(5.08,-0.625472877816,1.858478927545));
#1532 = CARTESIAN_POINT('',(5.08,-0.689096307804,1.858478927545));
#1533 = CARTESIAN_POINT('',(5.08,-0.748381787314,1.838235107501));
#1534 = CARTESIAN_POINT('',(5.08,-0.798991338284,1.802085426513));
#1535 = ORIENTED_EDGE('',*,*,#1536,.F.);
#1536 = EDGE_CURVE('',#1537,#1528,#1539,.T.);
#1537 = VERTEX_POINT('',#1538);
#1538 = CARTESIAN_POINT('',(5.08,-0.428818644681,1.783287590537));
#1539 = B_SPLINE_CURVE_WITH_KNOTS('',3,(#1540,#1541,#1542,#1543),
  .UNSPECIFIED.,.F.,.F.,(4,4),(1.,2.),.PIECEWISE_BEZIER_KNOTS.);
#1540 = CARTESIAN_POINT('',(5.08,-0.428818644681,1.783287590537));
#1541 = CARTESIAN_POINT('',(5.08,-0.483766146131,1.831005171649));
#1542 = CARTESIAN_POINT('',(5.08,-0.553173519287,1.858478927545));
#1543 = CARTESIAN_POINT('',(5.08,-0.625472877816,1.858478927545));
#1544 = ORIENTED_EDGE('',*,*,#1545,.F.);
#1545 = EDGE_CURVE('',#1263,#1537,#1546,.T.);
#1546 = B_SPLINE_CURVE_WITH_KNOTS('',3,(#1547,#1548,#1549,#1550),
  .UNSPECIFIED.,.F.,.F.,(4,4),(0.,1.),.PIECEWISE_BEZIER_KNOTS.);
#1547 = CARTESIAN_POINT('',(5.08,-0.350735315406,1.669054602684));
#1548 = CARTESIAN_POINT('',(5.08,-0.366641152218,1.7124342178));
#1549 = CARTESIAN_POINT('',(5.08,-0.394114930523,1.751475868648));
#1550 = CARTESIAN_POINT('',(5.08,-0.428818644681,1.783287590537));
#1551 = PLANE('',#1552);
#1552 = AXIS2_PLACEMENT_3D('',#1553,#1554,#1555);
#1553 = CARTESIAN_POINT('',(5.079999999999,2.54,2.54));
#1554 = DIRECTION('',(-1.,-3.41480999208E-16,0.));
#1555 = DIRECTION('',(3.41480999208E-16,-1.,0.));
#1556 = ADVANCED_FACE('',(#1557,#1779,#1877,#1911,#1945,#1979,#2013,
    #2214,#2248,#2282,#2316,#2350,#2416,#2514),#2564,.F.);
#1557 = FACE_BOUND('',#1558,.T.);
#1558 = EDGE_LOOP('',(#1559,#1585,#1593,#1613,#1645,#1669,#1685,#1693,
    #1717,#1741,#1757));
#1559 = ORIENTED_EDGE('',*,*,#1560,.T.);
#1560 = EDGE_CURVE('',#1561,#1563,#1565,.T.);
#1561 = VERTEX_POINT('',#1562);
#1562 = CARTESIAN_POINT('',(-0.628004807692,0.51282051282,0.5));
#1563 = VERTEX_POINT('',#1564);
#1564 = CARTESIAN_POINT('',(-0.846153846153,0.408253205128,0.5));
#1565 = B_SPLINE_CURVE_WITH_KNOTS('',3,(#1566,#1567,#1568,#1569,#1570,
    #1571,#1572,#1573,#1574,#1575,#1576,#1577,#1578,#1579,#1580,#1581,
    #1582,#1583,#1584),.UNSPECIFIED.,.F.,.F.,(4,1,1,1,1,1,1,1,1,1,1,1,1,
    1,1,1,4),(0.,6.8547536708E-02,0.135682945623,0.201214989526,
    0.265682234754,0.329266834817,0.392395427844,0.455069761652,
    0.517126850064,0.578790035286,0.639739863343,0.700191503666,
    0.759806242596,0.819628319275,0.879354791046,0.939511607764,1.),
  .UNSPECIFIED.);
#1566 = CARTESIAN_POINT('',(-0.628004807692,0.51282051282,0.5));
#1567 = CARTESIAN_POINT('',(-0.633749732256,0.512751635936,0.5));
#1568 = CARTESIAN_POINT('',(-0.645121231869,0.512615301079,0.5));
#1569 = CARTESIAN_POINT('',(-0.661943039357,0.511285852206,0.5));
#1570 = CARTESIAN_POINT('',(-0.678320514634,0.509069622745,0.5));
#1571 = CARTESIAN_POINT('',(-0.694264940639,0.506053041343,0.5));
#1572 = CARTESIAN_POINT('',(-0.709853885811,0.502309138276,0.5));
#1573 = CARTESIAN_POINT('',(-0.724968205936,0.497431952802,0.5));
#1574 = CARTESIAN_POINT('',(-0.739696589774,0.491855305471,0.5));
#1575 = CARTESIAN_POINT('',(-0.753946148085,0.48543266748,0.5));
#1576 = CARTESIAN_POINT('',(-0.767648512391,0.478223132993,0.5));
#1577 = CARTESIAN_POINT('',(-0.780799415035,0.470306615344,0.5));
#1578 = CARTESIAN_POINT('',(-0.793294394851,0.461692928843,0.5));
#1579 = CARTESIAN_POINT('',(-0.805221373199,0.452455332356,0.5));
#1580 = CARTESIAN_POINT('',(-0.816380831924,0.442398395314,0.5));
#1581 = CARTESIAN_POINT('',(-0.827089614572,0.431798738746,0.5));
#1582 = CARTESIAN_POINT('',(-0.836984054309,0.420351049581,0.5));
#1583 = CARTESIAN_POINT('',(-0.843091653594,0.41229320188,0.5));
#1584 = CARTESIAN_POINT('',(-0.846153846153,0.408253205128,0.5));
#1585 = ORIENTED_EDGE('',*,*,#1586,.T.);
#1586 = EDGE_CURVE('',#1563,#1587,#1589,.T.);
#1587 = VERTEX_POINT('',#1588);
#1588 = CARTESIAN_POINT('',(-0.806891025641,0.378205128205,0.5));
#1589 = LINE('',#1590,#1591);
#1590 = CARTESIAN_POINT('',(-0.846153846153,0.408253205128,0.5));
#1591 = VECTOR('',#1592,1.);
#1592 = DIRECTION('',(0.794127768436,-0.607750843191,2.192901682876E-15)
  );
#1593 = ORIENTED_EDGE('',*,*,#1594,.T.);
#1594 = EDGE_CURVE('',#1587,#1595,#1597,.T.);
#1595 = VERTEX_POINT('',#1596);
#1596 = CARTESIAN_POINT('',(-0.625200320512,0.461538461538,0.5));
#1597 = B_SPLINE_CURVE_WITH_KNOTS('',3,(#1598,#1599,#1600,#1601,#1602,
    #1603,#1604,#1605,#1606,#1607,#1608,#1609,#1610,#1611,#1612),
  .UNSPECIFIED.,.F.,.F.,(4,1,1,1,1,1,1,1,1,1,1,1,4),(0.,6.3163259363E-02
    ,0.12547494103,0.187121219816,0.248294346114,0.309294856255,
    0.369850066067,0.430973375547,0.492455989672,0.616147966291,
    0.740843698467,0.86818264867,0.999999999999),.UNSPECIFIED.);
#1598 = CARTESIAN_POINT('',(-0.806891025641,0.378205128205,0.5));
#1599 = CARTESIAN_POINT('',(-0.804090184447,0.381543123895,0.5));
#1600 = CARTESIAN_POINT('',(-0.798526263472,0.388174111855,0.5));
#1601 = CARTESIAN_POINT('',(-0.789574948826,0.397485475352,0.5));
#1602 = CARTESIAN_POINT('',(-0.780246142697,0.406209084126,0.5));
#1603 = CARTESIAN_POINT('',(-0.770543411095,0.414386495502,0.5));
#1604 = CARTESIAN_POINT('',(-0.760292108311,0.42173174775,0.5));
#1605 = CARTESIAN_POINT('',(-0.749740565645,0.428627619599,0.5));
#1606 = CARTESIAN_POINT('',(-0.738712273472,0.434808725019,0.5));
#1607 = CARTESIAN_POINT('',(-0.723462025666,0.442303437321,0.5));
#1608 = CARTESIAN_POINT('',(-0.703512333054,0.450124316609,0.5));
#1609 = CARTESIAN_POINT('',(-0.678398784615,0.45668192108,0.5));
#1610 = CARTESIAN_POINT('',(-0.652182913403,0.460856374749,0.5));
#1611 = CARTESIAN_POINT('',(-0.634297542028,0.461308494958,0.5));
#1612 = CARTESIAN_POINT('',(-0.625200320512,0.461538461538,0.5));
#1613 = ORIENTED_EDGE('',*,*,#1614,.T.);
#1614 = EDGE_CURVE('',#1595,#1615,#1617,.T.);
#1615 = VERTEX_POINT('',#1616);
#1616 = CARTESIAN_POINT('',(-0.403846153846,0.249499198717,0.5));
#1617 = B_SPLINE_CURVE_WITH_KNOTS('',3,(#1618,#1619,#1620,#1621,#1622,
    #1623,#1624,#1625,#1626,#1627,#1628,#1629,#1630,#1631,#1632,#1633,
    #1634,#1635,#1636,#1637,#1638,#1639,#1640,#1641,#1642,#1643,#1644),
  .UNSPECIFIED.,.F.,.F.,(4,1,1,1,1,1,1,1,1,1,1,1,1,1,1,1,1,1,1,1,1,1,1,1
    ,4),(0.,4.3954908906E-02,8.7501874797E-02,0.130462626731,
    0.172752020566,0.215403067379,0.257649829743,0.300152748957,
    0.343121489502,0.385925163206,0.427685727402,0.468817950486,
    0.509491800154,0.549883031073,0.589980022966,0.630405230006,
    0.670868626082,0.711383943838,0.751627258063,0.791775576865,
    0.832458918803,0.873319045017,0.914542955626,0.956923558209,1.),
  .UNSPECIFIED.);
#1618 = CARTESIAN_POINT('',(-0.625200320512,0.461538461538,0.5));
#1619 = CARTESIAN_POINT('',(-0.620188420607,0.461480752608,0.5));
#1620 = CARTESIAN_POINT('',(-0.610211135954,0.461365870341,0.5));
#1621 = CARTESIAN_POINT('',(-0.595404211168,0.459850281026,0.5));
#1622 = CARTESIAN_POINT('',(-0.580873775292,0.457720108163,
    0.499999999999));
#1623 = CARTESIAN_POINT('',(-0.566629280118,0.454559347702,0.5));
#1624 = CARTESIAN_POINT('',(-0.552688857469,0.450563259263,0.5));
#1625 = CARTESIAN_POINT('',(-0.53896137146,0.445788200131,0.5));
#1626 = CARTESIAN_POINT('',(-0.525645571489,0.439880365865,0.5));
#1627 = CARTESIAN_POINT('',(-0.512557251744,0.433350614443,0.5));
#1628 = CARTESIAN_POINT('',(-0.500017364459,0.425975265194,0.5));
#1629 = CARTESIAN_POINT('',(-0.488152357634,0.417930500639,0.5));
#1630 = CARTESIAN_POINT('',(-0.477005505073,0.409306344005,0.5));
#1631 = CARTESIAN_POINT('',(-0.466567989054,0.400070471665,0.5));
#1632 = CARTESIAN_POINT('',(-0.456829139292,0.390264477311,0.5));
#1633 = CARTESIAN_POINT('',(-0.447859523463,0.379783857084,0.5));
#1634 = CARTESIAN_POINT('',(-0.439690179139,0.368662118011,0.5));
#1635 = CARTESIAN_POINT('',(-0.432159175559,0.357045916931,0.5));
#1636 = CARTESIAN_POINT('',(-0.425414499365,0.344969089554,0.5));
#1637 = CARTESIAN_POINT('',(-0.419767373738,0.332386936635,0.5));
#1638 = CARTESIAN_POINT('',(-0.414766641994,0.319514921916,0.5));
#1639 = CARTESIAN_POINT('',(-0.410809607331,0.306207613226,0.5));
#1640 = CARTESIAN_POINT('',(-0.407677533498,0.292558646677,0.5));
#1641 = CARTESIAN_POINT('',(-0.405516438744,0.278531391256,0.5));
#1642 = CARTESIAN_POINT('',(-0.404018085716,0.264155151313,0.5));
#1643 = CARTESIAN_POINT('',(-0.403903774731,0.254410963797,0.5));
#1644 = CARTESIAN_POINT('',(-0.403846153846,0.249499198717,0.5));
#1645 = ORIENTED_EDGE('',*,*,#1646,.T.);
#1646 = EDGE_CURVE('',#1615,#1647,#1649,.T.);
#1647 = VERTEX_POINT('',#1648);
#1648 = CARTESIAN_POINT('',(-0.628305288461,3.8461538461E-02,0.5));
#1649 = B_SPLINE_CURVE_WITH_KNOTS('',3,(#1650,#1651,#1652,#1653,#1654,
    #1655,#1656,#1657,#1658,#1659,#1660,#1661,#1662,#1663,#1664,#1665,
    #1666,#1667,#1668),.UNSPECIFIED.,.F.,.F.,(4,1,1,1,1,1,1,1,1,1,1,1,1,
    1,1,1,4),(0.,6.4323216579E-02,0.126290103703,0.186726469216,
    0.246146432335,0.305575642646,0.365429385618,0.426326308948,
    0.4888399064,0.551724971814,0.613918596466,0.675483765768,
    0.737333897099,0.800229044394,0.864502298123,0.931040739155,1.),
  .UNSPECIFIED.);
#1650 = CARTESIAN_POINT('',(-0.403846153846,0.249499198717,0.5));
#1651 = CARTESIAN_POINT('',(-0.404026413706,0.242109010157,0.5));
#1652 = CARTESIAN_POINT('',(-0.404380330032,0.227599355179,0.5));
#1653 = CARTESIAN_POINT('',(-0.407530092044,0.206346410816,0.5));
#1654 = CARTESIAN_POINT('',(-0.412316533656,0.185986314561,0.5));
#1655 = CARTESIAN_POINT('',(-0.419490187504,0.166646337088,0.5));
#1656 = CARTESIAN_POINT('',(-0.428335766156,0.148088000223,0.5));
#1657 = CARTESIAN_POINT('',(-0.439512996371,0.130625306879,0.5));
#1658 = CARTESIAN_POINT('',(-0.452458215994,0.113994369092,0.5));
#1659 = CARTESIAN_POINT('',(-0.467354561632,9.8588233699E-02,0.5));
#1660 = CARTESIAN_POINT('',(-0.48369824963,8.4514844371E-02,0.5));
#1661 = CARTESIAN_POINT('',(-0.501233665572,7.2121904155E-02,0.5));
#1662 = CARTESIAN_POINT('',(-0.519917135255,6.179120666E-02,0.5));
#1663 = CARTESIAN_POINT('',(-0.539542368139,5.3194642872E-02,0.5));
#1664 = CARTESIAN_POINT('',(-0.560260384413,4.6586538921E-02,0.5));
#1665 = CARTESIAN_POINT('',(-0.582033927615,4.1934521277E-02,0.5));
#1666 = CARTESIAN_POINT('',(-0.604815641222,3.8899924057E-02,0.5));
#1667 = CARTESIAN_POINT('',(-0.62038269835,3.860939719E-02,0.5));
#1668 = CARTESIAN_POINT('',(-0.628305288461,3.8461538461E-02,0.5));
#1669 = ORIENTED_EDGE('',*,*,#1670,.T.);
#1670 = EDGE_CURVE('',#1647,#1671,#1673,.T.);
#1671 = VERTEX_POINT('',#1672);
#1672 = CARTESIAN_POINT('',(-0.806891025641,0.121794871794,0.5));
#1673 = B_SPLINE_CURVE_WITH_KNOTS('',3,(#1674,#1675,#1676,#1677,#1678,
    #1679,#1680,#1681,#1682,#1683,#1684),.UNSPECIFIED.,.F.,.F.,(4,1,1,1,
    1,1,1,1,4),(0.,0.128515189511,0.252948636352,0.374754734006,
    0.495939753867,0.617180641429,0.740909469278,0.867811148186,1.),
  .UNSPECIFIED.);
#1674 = CARTESIAN_POINT('',(-0.628305288461,3.8461538461E-02,0.5));
#1675 = CARTESIAN_POINT('',(-0.637034244032,3.8702792711E-02,0.5));
#1676 = CARTESIAN_POINT('',(-0.654214916734,3.9177638788E-02,0.5));
#1677 = CARTESIAN_POINT('',(-0.679410349069,4.3200388663E-02,0.5));
#1678 = CARTESIAN_POINT('',(-0.703529744159,4.9722948354E-02,0.5));
#1679 = CARTESIAN_POINT('',(-0.726574399379,5.8851222971E-02,0.5));
#1680 = CARTESIAN_POINT('',(-0.748479348837,7.0717692671E-02,0.5));
#1681 = CARTESIAN_POINT('',(-0.769278871738,8.5103103729E-02,0.5));
#1682 = CARTESIAN_POINT('',(-0.788990524667,0.102144294124,0.5));
#1683 = CARTESIAN_POINT('',(-0.800843564987,0.115156169589,0.5));
#1684 = CARTESIAN_POINT('',(-0.806891025641,0.121794871794,0.5));
#1685 = ORIENTED_EDGE('',*,*,#1686,.T.);
#1686 = EDGE_CURVE('',#1671,#1687,#1689,.T.);
#1687 = VERTEX_POINT('',#1688);
#1688 = CARTESIAN_POINT('',(-0.846153846153,9.2047275641E-02,0.5));
#1689 = LINE('',#1690,#1691);
#1690 = CARTESIAN_POINT('',(-0.806891025641,0.121794871794,0.5));
#1691 = VECTOR('',#1692,1.);
#1692 = DIRECTION('',(-0.797062489627,-0.603896835253,0.));
#1693 = ORIENTED_EDGE('',*,*,#1694,.T.);
#1694 = EDGE_CURVE('',#1687,#1695,#1697,.T.);
#1695 = VERTEX_POINT('',#1696);
#1696 = CARTESIAN_POINT('',(-0.62860576923,-1.282051282E-02,0.5));
#1697 = B_SPLINE_CURVE_WITH_KNOTS('',3,(#1698,#1699,#1700,#1701,#1702,
    #1703,#1704,#1705,#1706,#1707,#1708,#1709,#1710,#1711,#1712,#1713,
    #1714,#1715,#1716),.UNSPECIFIED.,.F.,.F.,(4,1,1,1,1,1,1,1,1,1,1,1,1,
    1,1,1,4),(0.,6.1674238877E-02,0.123053061634,0.183475000731,
    0.24372650051,0.304278916512,0.36486292096,0.425946203968,
    0.487391229965,0.549220384075,0.611143588692,0.67352853031,
    0.736961456657,0.800785282872,0.866012595641,0.93210074779,1.),
  .UNSPECIFIED.);
#1698 = CARTESIAN_POINT('',(-0.846153846153,9.2047275641E-02,0.5));
#1699 = CARTESIAN_POINT('',(-0.84299411617,8.7970353937E-02,0.5));
#1700 = CARTESIAN_POINT('',(-0.836689791132,7.9836038755E-02,0.5));
#1701 = CARTESIAN_POINT('',(-0.826481502992,6.8368651652E-02,0.5));
#1702 = CARTESIAN_POINT('',(-0.815727603364,5.7582360866E-02,0.5));
#1703 = CARTESIAN_POINT('',(-0.80434821622,4.7564129262E-02,0.5));
#1704 = CARTESIAN_POINT('',(-0.792474245993,3.8113491319E-02,0.5));
#1705 = CARTESIAN_POINT('',(-0.779892487086,2.9498943994E-02,0.5));
#1706 = CARTESIAN_POINT('',(-0.766768339585,2.1600246239E-02,0.5));
#1707 = CARTESIAN_POINT('',(-0.75314627117,1.4367828452E-02,0.5));
#1708 = CARTESIAN_POINT('',(-0.739040755056,7.951078877E-03,0.5));
#1709 = CARTESIAN_POINT('',(-0.724468692922,2.457683478E-03,0.5));
#1710 = CARTESIAN_POINT('',(-0.709492896421,-2.274443597E-03,0.5));
#1711 = CARTESIAN_POINT('',(-0.694112680934,-6.167577415E-03,0.5));
#1712 = CARTESIAN_POINT('',(-0.678296144244,-9.206303683E-03,0.5));
#1713 = CARTESIAN_POINT('',(-0.662100362231,-1.1237685803E-02,0.5));
#1714 = CARTESIAN_POINT('',(-0.645490380057,-1.2629387865E-02,0.5));
#1715 = CARTESIAN_POINT('',(-0.634284462753,-1.2756232982E-02,0.5));
#1716 = CARTESIAN_POINT('',(-0.62860576923,-1.282051282E-02,0.5));
#1717 = ORIENTED_EDGE('',*,*,#1718,.T.);
#1718 = EDGE_CURVE('',#1695,#1719,#1721,.T.);
#1719 = VERTEX_POINT('',#1720);
#1720 = CARTESIAN_POINT('',(-0.422375801282,7.4619391025E-02,0.5));
#1721 = B_SPLINE_CURVE_WITH_KNOTS('',3,(#1722,#1723,#1724,#1725,#1726,
    #1727,#1728,#1729,#1730,#1731,#1732,#1733,#1734,#1735,#1736,#1737,
    #1738,#1739,#1740),.UNSPECIFIED.,.F.,.F.,(4,1,1,1,1,1,1,1,1,1,1,1,1,
    1,1,1,4),(0.,6.9662800899E-02,0.137749562258,0.203916743517,
    0.268779862329,0.332413706477,0.394753540447,0.456180031659,
    0.516995649196,0.577395937965,0.637198343509,0.696999184261,
    0.756756194225,0.816553905272,0.876947996597,0.93813178792,1.),
  .UNSPECIFIED.);
#1722 = CARTESIAN_POINT('',(-0.62860576923,-1.282051282E-02,0.5));
#1723 = CARTESIAN_POINT('',(-0.623228102508,-1.2783085312E-02,0.5));
#1724 = CARTESIAN_POINT('',(-0.612594432494,-1.270907705E-02,0.5));
#1725 = CARTESIAN_POINT('',(-0.596894610835,-1.1510195991E-02,0.5));
#1726 = CARTESIAN_POINT('',(-0.581610385006,-9.87451929E-03,0.5));
#1727 = CARTESIAN_POINT('',(-0.566785438454,-7.411643423E-03,0.5));
#1728 = CARTESIAN_POINT('',(-0.55233887059,-4.50530913E-03,0.5));
#1729 = CARTESIAN_POINT('',(-0.538401644234,-6.09415326E-04,0.5));
#1730 = CARTESIAN_POINT('',(-0.524836614183,3.754751329E-03,0.5));
#1731 = CARTESIAN_POINT('',(-0.511698279798,8.88403515E-03,0.5));
#1732 = CARTESIAN_POINT('',(-0.498975465541,1.4672061227E-02,0.5));
#1733 = CARTESIAN_POINT('',(-0.486709206774,2.1213712498E-02,0.5));
#1734 = CARTESIAN_POINT('',(-0.474905145003,2.8453978878E-02,0.5));
#1735 = CARTESIAN_POINT('',(-0.463447227738,3.6233266082E-02,0.5));
#1736 = CARTESIAN_POINT('',(-0.452504715784,4.4801452063E-02,0.5));
#1737 = CARTESIAN_POINT('',(-0.441982783592,5.4039542707E-02,0.5));
#1738 = CARTESIAN_POINT('',(-0.431822429844,6.3916401385E-02,0.5));
#1739 = CARTESIAN_POINT('',(-0.425536331989,7.1038523292E-02,0.5));
#1740 = CARTESIAN_POINT('',(-0.422375801282,7.4619391025E-02,0.5));
#1741 = ORIENTED_EDGE('',*,*,#1742,.T.);
#1742 = EDGE_CURVE('',#1719,#1743,#1745,.T.);
#1743 = VERTEX_POINT('',#1744);
#1744 = CARTESIAN_POINT('',(-0.358974358974,0.252904647435,0.5));
#1745 = B_SPLINE_CURVE_WITH_KNOTS('',3,(#1746,#1747,#1748,#1749,#1750,
    #1751,#1752,#1753,#1754,#1755,#1756),.UNSPECIFIED.,.F.,.F.,(4,1,1,1,
    1,1,1,1,4),(0.,0.124328509593,0.247156016361,0.368779749291,
    0.490733862401,0.613613771847,0.738957575722,0.867310575191,
    0.999999999999),.UNSPECIFIED.);
#1746 = CARTESIAN_POINT('',(-0.422375801282,7.4619391025E-02,0.5));
#1747 = CARTESIAN_POINT('',(-0.417313566496,8.083956087E-02,0.5));
#1748 = CARTESIAN_POINT('',(-0.407250212663,9.3204805214E-02,0.5));
#1749 = CARTESIAN_POINT('',(-0.394375115013,0.11324565968,0.5));
#1750 = CARTESIAN_POINT('',(-0.383354035698,0.134169689519,0.5));
#1751 = CARTESIAN_POINT('',(-0.374443189872,0.156086822202,0.5));
#1752 = CARTESIAN_POINT('',(-0.367477085136,0.178947877522,0.5));
#1753 = CARTESIAN_POINT('',(-0.362651200124,0.202764379581,0.5));
#1754 = CARTESIAN_POINT('',(-0.359515256628,0.22751408561,0.5));
#1755 = CARTESIAN_POINT('',(-0.359156643944,0.244347912561,0.5));
#1756 = CARTESIAN_POINT('',(-0.358974358974,0.252904647435,0.5));
#1757 = ORIENTED_EDGE('',*,*,#1758,.T.);
#1758 = EDGE_CURVE('',#1743,#1561,#1759,.T.);
#1759 = B_SPLINE_CURVE_WITH_KNOTS('',3,(#1760,#1761,#1762,#1763,#1764,
    #1765,#1766,#1767,#1768,#1769,#1770,#1771,#1772,#1773,#1774,#1775,
    #1776,#1777,#1778),.UNSPECIFIED.,.F.,.F.,(4,1,1,1,1,1,1,1,1,1,1,1,1,
    1,1,1,4),(0.,6.4557845929E-02,0.127013531549,0.187954810202,
    0.248013912789,0.307747681848,0.368234514697,0.429469843942,
    0.492743436746,0.556257768706,0.618216785543,0.679655475587,
    0.74124554562,0.803415264705,0.866815461543,0.932328311949,1.),
  .UNSPECIFIED.);
#1760 = CARTESIAN_POINT('',(-0.358974358974,0.252904647435,0.5));
#1761 = CARTESIAN_POINT('',(-0.359196529482,0.261898283656,0.5));
#1762 = CARTESIAN_POINT('',(-0.359633636087,0.27959270145,0.5));
#1763 = CARTESIAN_POINT('',(-0.363347321154,0.305560409063,0.5));
#1764 = CARTESIAN_POINT('',(-0.369321434896,0.330439180328,0.5));
#1765 = CARTESIAN_POINT('',(-0.377806704695,0.354182572412,0.5));
#1766 = CARTESIAN_POINT('',(-0.388564612024,0.376915469588,0.5));
#1767 = CARTESIAN_POINT('',(-0.401854128287,0.398464213137,0.5));
#1768 = CARTESIAN_POINT('',(-0.41752086289,0.418966613088,0.499999999999
    ));
#1769 = CARTESIAN_POINT('',(-0.435441943988,0.438111577559,0.5));
#1770 = CARTESIAN_POINT('',(-0.455094420459,0.455617199362,0.5));
#1771 = CARTESIAN_POINT('',(-0.476139965301,0.471018085612,0.5));
#1772 = CARTESIAN_POINT('',(-0.498537386297,0.483834873612,0.5));
#1773 = CARTESIAN_POINT('',(-0.522039936536,0.494548611101,0.5));
#1774 = CARTESIAN_POINT('',(-0.546823605331,0.502783534407,0.5));
#1775 = CARTESIAN_POINT('',(-0.572835515206,0.508548275362,0.5));
#1776 = CARTESIAN_POINT('',(-0.600026788747,0.512136434832,0.5));
#1777 = CARTESIAN_POINT('',(-0.618578563839,0.512590035961,0.5));
#1778 = CARTESIAN_POINT('',(-0.628004807692,0.51282051282,0.5));
#1779 = FACE_BOUND('',#1780,.T.);
#1780 = EDGE_LOOP('',(#1781,#1791,#1799,#1807,#1823,#1847));
#1781 = ORIENTED_EDGE('',*,*,#1782,.T.);
#1782 = EDGE_CURVE('',#1783,#1785,#1787,.T.);
#1783 = VERTEX_POINT('',#1784);
#1784 = CARTESIAN_POINT('',(-1.475460737179,6.643395664739E-17,0.5));
#1785 = VERTEX_POINT('',#1786);
#1786 = CARTESIAN_POINT('',(-1.320512820512,6.643395664739E-17,0.5));
#1787 = LINE('',#1788,#1789);
#1788 = CARTESIAN_POINT('',(-1.475460737179,6.643395664739E-17,0.5));
#1789 = VECTOR('',#1790,1.);
#1790 = DIRECTION('',(1.,0.,0.));
#1791 = ORIENTED_EDGE('',*,*,#1792,.T.);
#1792 = EDGE_CURVE('',#1785,#1793,#1795,.T.);
#1793 = VERTEX_POINT('',#1794);
#1794 = CARTESIAN_POINT('',(-1.320512820512,0.5,0.5));
#1795 = LINE('',#1796,#1797);
#1796 = CARTESIAN_POINT('',(-1.320512820512,6.643395664739E-17,0.5));
#1797 = VECTOR('',#1798,1.);
#1798 = DIRECTION('',(0.,1.,-2.168404344971E-16));
#1799 = ORIENTED_EDGE('',*,*,#1800,.T.);
#1800 = EDGE_CURVE('',#1793,#1801,#1803,.T.);
#1801 = VERTEX_POINT('',#1802);
#1802 = CARTESIAN_POINT('',(-1.421474358974,0.5,0.5));
#1803 = LINE('',#1804,#1805);
#1804 = CARTESIAN_POINT('',(-1.320512820512,0.5,0.5));
#1805 = VECTOR('',#1806,1.);
#1806 = DIRECTION('',(-1.,0.,0.));
#1807 = ORIENTED_EDGE('',*,*,#1808,.T.);
#1808 = EDGE_CURVE('',#1801,#1809,#1811,.T.);
#1809 = VERTEX_POINT('',#1810);
#1810 = CARTESIAN_POINT('',(-1.580128205128,0.481971153846,0.5));
#1811 = B_SPLINE_CURVE_WITH_KNOTS('',3,(#1812,#1813,#1814,#1815,#1816,
    #1817,#1818,#1819,#1820,#1821,#1822),.UNSPECIFIED.,.F.,.F.,(4,1,1,1,
    1,1,1,1,4),(0.,0.164289216474,0.31740591123,0.458843611641,
    0.589366542305,0.707831318778,0.815770030699,0.912879902902,1.),
  .UNSPECIFIED.);
#1812 = CARTESIAN_POINT('',(-1.421474358974,0.5,0.5));
#1813 = CARTESIAN_POINT('',(-1.430255643003,0.499936775714,0.5));
#1814 = CARTESIAN_POINT('',(-1.447221038048,0.499814626725,0.5));
#1815 = CARTESIAN_POINT('',(-1.47173710197,0.499040142276,0.5));
#1816 = CARTESIAN_POINT('',(-1.494420496608,0.497670075726,0.5));
#1817 = CARTESIAN_POINT('',(-1.515196619334,0.495674429135,0.5));
#1818 = CARTESIAN_POINT('',(-1.534122506761,0.493223995761,0.5));
#1819 = CARTESIAN_POINT('',(-1.551145165063,0.490152509426,0.5));
#1820 = CARTESIAN_POINT('',(-1.566352614049,0.486525627942,0.5));
#1821 = CARTESIAN_POINT('',(-1.575705391276,0.483433420765,0.5));
#1822 = CARTESIAN_POINT('',(-1.580128205128,0.481971153846,0.5));
#1823 = ORIENTED_EDGE('',*,*,#1824,.T.);
#1824 = EDGE_CURVE('',#1809,#1825,#1827,.T.);
#1825 = VERTEX_POINT('',#1826);
#1826 = CARTESIAN_POINT('',(-1.730769230769,0.243689903846,0.5));
#1827 = B_SPLINE_CURVE_WITH_KNOTS('',3,(#1828,#1829,#1830,#1831,#1832,
    #1833,#1834,#1835,#1836,#1837,#1838,#1839,#1840,#1841,#1842,#1843,
    #1844,#1845,#1846),.UNSPECIFIED.,.F.,.F.,(4,1,1,1,1,1,1,1,1,1,1,1,1,
    1,1,1,4),(0.,6.1544966016E-02,0.121694296402,0.181154855452,
    0.239875388911,0.29870194245,0.357647423709,0.417604842849,
    0.478494040728,0.540407050637,0.602344993872,0.665004327923,
    0.728559308823,0.793650542026,0.86053426759,0.929235960561,1.),
  .UNSPECIFIED.);
#1828 = CARTESIAN_POINT('',(-1.580128205128,0.481971153846,0.5));
#1829 = CARTESIAN_POINT('',(-1.585913167886,0.479766767325,0.5));
#1830 = CARTESIAN_POINT('',(-1.597351909641,0.475407982456,0.5));
#1831 = CARTESIAN_POINT('',(-1.613638641436,0.467185653695,0.5));
#1832 = CARTESIAN_POINT('',(-1.628970836146,0.457869496302,0.5));
#1833 = CARTESIAN_POINT('',(-1.643430713985,0.447447230203,0.5));
#1834 = CARTESIAN_POINT('',(-1.656687974899,0.435623751848,0.5));
#1835 = CARTESIAN_POINT('',(-1.669260531576,0.422901311045,0.5));
#1836 = CARTESIAN_POINT('',(-1.680634063548,0.408817262443,
    0.499999999999));
#1837 = CARTESIAN_POINT('',(-1.691049534409,0.39366369273,0.5));
#1838 = CARTESIAN_POINT('',(-1.700440342902,0.377619113842,0.5));
#1839 = CARTESIAN_POINT('',(-1.70860307974,0.360714098314,0.5));
#1840 = CARTESIAN_POINT('',(-1.715382221645,0.343034497163,0.5));
#1841 = CARTESIAN_POINT('',(-1.721009825444,0.324629476021,0.5));
#1842 = CARTESIAN_POINT('',(-1.725445033664,0.305458564905,0.5));
#1843 = CARTESIAN_POINT('',(-1.728471023907,0.285499441183,0.5));
#1844 = CARTESIAN_POINT('',(-1.730466879603,0.264830985555,0.5));
#1845 = CARTESIAN_POINT('',(-1.730667458362,0.250806062165,0.5));
#1846 = CARTESIAN_POINT('',(-1.730769230769,0.243689903846,0.5));
#1847 = ORIENTED_EDGE('',*,*,#1848,.T.);
#1848 = EDGE_CURVE('',#1825,#1783,#1849,.T.);
#1849 = B_SPLINE_CURVE_WITH_KNOTS('',3,(#1850,#1851,#1852,#1853,#1854,
    #1855,#1856,#1857,#1858,#1859,#1860,#1861,#1862,#1863,#1864,#1865,
    #1866,#1867,#1868,#1869,#1870,#1871,#1872,#1873,#1874,#1875,#1876),
  .UNSPECIFIED.,.F.,.F.,(4,1,1,1,1,1,1,1,1,1,1,1,1,1,1,1,1,1,1,1,1,1,1,1
    ,4),(0.,4.6080683387E-02,9.0806799607E-02,0.134295270529,
    0.177024385666,0.218822733682,0.260244116327,0.301079867113,
    0.341613894285,0.381583418551,0.420119591329,0.458074618542,
    0.494738487607,0.531194622893,0.56693369845,0.602712650737,
    0.638326606128,0.674853248854,0.713467370784,0.754441803848,
    0.797815360712,0.843989456208,0.893071569879,0.944963346178,1.),
  .UNSPECIFIED.);
#1850 = CARTESIAN_POINT('',(-1.730769230769,0.243689903846,0.5));
#1851 = CARTESIAN_POINT('',(-1.730679378272,0.237509726919,0.5));
#1852 = CARTESIAN_POINT('',(-1.730502314542,0.225331042784,0.5));
#1853 = CARTESIAN_POINT('',(-1.728912412274,0.207382343411,0.5));
#1854 = CARTESIAN_POINT('',(-1.726601509411,0.189966118933,0.5));
#1855 = CARTESIAN_POINT('',(-1.723023766863,0.173165304641,0.5));
#1856 = CARTESIAN_POINT('',(-1.718680550657,0.156832702086,0.5));
#1857 = CARTESIAN_POINT('',(-1.71311424333,0.141142381466,0.5));
#1858 = CARTESIAN_POINT('',(-1.706737743876,0.125950408704,0.5));
#1859 = CARTESIAN_POINT('',(-1.699302046939,0.11146219786,0.5));
#1860 = CARTESIAN_POINT('',(-1.691138991938,9.7736001812E-02,0.5));
#1861 = CARTESIAN_POINT('',(-1.68237874291,8.4796640652E-02,0.5));
#1862 = CARTESIAN_POINT('',(-1.673030643567,7.2828751822E-02,0.5));
#1863 = CARTESIAN_POINT('',(-1.663005553152,6.1796092959E-02,0.5));
#1864 = CARTESIAN_POINT('',(-1.65243302223,5.1715296046E-02,0.5));
#1865 = CARTESIAN_POINT('',(-1.641243832149,4.2502150996E-02,0.5));
#1866 = CARTESIAN_POINT('',(-1.62940911061,3.4336928875E-02,0.5));
#1867 = CARTESIAN_POINT('',(-1.616981864502,2.6898770558E-02,0.5));
#1868 = CARTESIAN_POINT('',(-1.60359956033,2.0410148341E-02,0.5));
#1869 = CARTESIAN_POINT('',(-1.589008722303,1.4920146941E-02,0.5));
#1870 = CARTESIAN_POINT('',(-1.573147125448,1.0370630459E-02,0.5));
#1871 = CARTESIAN_POINT('',(-1.556053703031,6.574788203E-03,0.5));
#1872 = CARTESIAN_POINT('',(-1.537698920497,3.563744968E-03,0.5));
#1873 = CARTESIAN_POINT('',(-1.518064782522,1.545688905E-03,0.5));
#1874 = CARTESIAN_POINT('',(-1.497181455423,1.80984235E-04,0.5));
#1875 = CARTESIAN_POINT('',(-1.482841560389,6.149946920735E-05,0.5));
#1876 = CARTESIAN_POINT('',(-1.475460737179,6.643395664739E-17,0.5));
#1877 = FACE_BOUND('',#1878,.T.);
#1878 = EDGE_LOOP('',(#1879,#1889,#1897,#1905));
#1879 = ORIENTED_EDGE('',*,*,#1880,.F.);
#1880 = EDGE_CURVE('',#1881,#1883,#1885,.T.);
#1881 = VERTEX_POINT('',#1882);
#1882 = CARTESIAN_POINT('',(3.49,0.949999999999,0.5));
#1883 = VERTEX_POINT('',#1884);
#1884 = CARTESIAN_POINT('',(3.49,1.589999999999,0.5));
#1885 = LINE('',#1886,#1887);
#1886 = CARTESIAN_POINT('',(3.49,2.039999999999,0.5));
#1887 = VECTOR('',#1888,1.);
#1888 = DIRECTION('',(0.,1.,-1.328679132947E-16));
#1889 = ORIENTED_EDGE('',*,*,#1890,.F.);
#1890 = EDGE_CURVE('',#1891,#1881,#1893,.T.);
#1891 = VERTEX_POINT('',#1892);
#1892 = CARTESIAN_POINT('',(4.129999999999,0.949999999999,0.5));
#1893 = LINE('',#1894,#1895);
#1894 = CARTESIAN_POINT('',(5.08,0.949999999999,0.5));
#1895 = VECTOR('',#1896,1.);
#1896 = DIRECTION('',(-1.,0.,0.));
#1897 = ORIENTED_EDGE('',*,*,#1898,.T.);
#1898 = EDGE_CURVE('',#1891,#1899,#1901,.T.);
#1899 = VERTEX_POINT('',#1900);
#1900 = CARTESIAN_POINT('',(4.129999999999,1.589999999999,0.5));
#1901 = LINE('',#1902,#1903);
#1902 = CARTESIAN_POINT('',(4.129999999999,2.039999999999,0.5));
#1903 = VECTOR('',#1904,1.);
#1904 = DIRECTION('',(0.,1.,-1.328679132947E-16));
#1905 = ORIENTED_EDGE('',*,*,#1906,.F.);
#1906 = EDGE_CURVE('',#1883,#1899,#1907,.T.);
#1907 = LINE('',#1908,#1909);
#1908 = CARTESIAN_POINT('',(5.08,1.589999999999,0.5));
#1909 = VECTOR('',#1910,1.);
#1910 = DIRECTION('',(1.,0.,0.));
#1911 = FACE_BOUND('',#1912,.T.);
#1912 = EDGE_LOOP('',(#1913,#1923,#1931,#1939));
#1913 = ORIENTED_EDGE('',*,*,#1914,.F.);
#1914 = EDGE_CURVE('',#1915,#1917,#1919,.T.);
#1915 = VERTEX_POINT('',#1916);
#1916 = CARTESIAN_POINT('',(3.49,-0.95,0.5));
#1917 = VERTEX_POINT('',#1918);
#1918 = CARTESIAN_POINT('',(4.129999999999,-0.95,0.5));
#1919 = LINE('',#1920,#1921);
#1920 = CARTESIAN_POINT('',(5.08,-0.95,0.5));
#1921 = VECTOR('',#1922,1.);
#1922 = DIRECTION('',(1.,0.,0.));
#1923 = ORIENTED_EDGE('',*,*,#1924,.T.);
#1924 = EDGE_CURVE('',#1915,#1925,#1927,.T.);
#1925 = VERTEX_POINT('',#1926);
#1926 = CARTESIAN_POINT('',(3.49,-1.59,0.5));
#1927 = LINE('',#1928,#1929);
#1928 = CARTESIAN_POINT('',(3.49,2.039999999999,0.5));
#1929 = VECTOR('',#1930,1.);
#1930 = DIRECTION('',(0.,-1.,1.328679132947E-16));
#1931 = ORIENTED_EDGE('',*,*,#1932,.F.);
#1932 = EDGE_CURVE('',#1933,#1925,#1935,.T.);
#1933 = VERTEX_POINT('',#1934);
#1934 = CARTESIAN_POINT('',(4.129999999999,-1.59,0.5));
#1935 = LINE('',#1936,#1937);
#1936 = CARTESIAN_POINT('',(5.08,-1.59,0.5));
#1937 = VECTOR('',#1938,1.);
#1938 = DIRECTION('',(-1.,0.,0.));
#1939 = ORIENTED_EDGE('',*,*,#1940,.F.);
#1940 = EDGE_CURVE('',#1917,#1933,#1941,.T.);
#1941 = LINE('',#1942,#1943);
#1942 = CARTESIAN_POINT('',(4.129999999999,2.039999999999,0.5));
#1943 = VECTOR('',#1944,1.);
#1944 = DIRECTION('',(0.,-1.,1.328679132947E-16));
#1945 = FACE_BOUND('',#1946,.T.);
#1946 = EDGE_LOOP('',(#1947,#1957,#1965,#1973));
#1947 = ORIENTED_EDGE('',*,*,#1948,.F.);
#1948 = EDGE_CURVE('',#1949,#1951,#1953,.T.);
#1949 = VERTEX_POINT('',#1950);
#1950 = CARTESIAN_POINT('',(-1.59,0.949999999999,0.5));
#1951 = VERTEX_POINT('',#1952);
#1952 = CARTESIAN_POINT('',(-1.59,1.589999999999,0.5));
#1953 = LINE('',#1954,#1955);
#1954 = CARTESIAN_POINT('',(-1.59,2.039999999999,0.5));
#1955 = VECTOR('',#1956,1.);
#1956 = DIRECTION('',(0.,1.,-1.328679132947E-16));
#1957 = ORIENTED_EDGE('',*,*,#1958,.F.);
#1958 = EDGE_CURVE('',#1959,#1949,#1961,.T.);
#1959 = VERTEX_POINT('',#1960);
#1960 = CARTESIAN_POINT('',(-0.95,0.949999999999,0.5));
#1961 = LINE('',#1962,#1963);
#1962 = CARTESIAN_POINT('',(5.08,0.949999999999,0.5));
#1963 = VECTOR('',#1964,1.);
#1964 = DIRECTION('',(-1.,0.,0.));
#1965 = ORIENTED_EDGE('',*,*,#1966,.T.);
#1966 = EDGE_CURVE('',#1959,#1967,#1969,.T.);
#1967 = VERTEX_POINT('',#1968);
#1968 = CARTESIAN_POINT('',(-0.95,1.589999999999,0.5));
#1969 = LINE('',#1970,#1971);
#1970 = CARTESIAN_POINT('',(-0.95,2.039999999999,0.5));
#1971 = VECTOR('',#1972,1.);
#1972 = DIRECTION('',(0.,1.,-1.328679132947E-16));
#1973 = ORIENTED_EDGE('',*,*,#1974,.F.);
#1974 = EDGE_CURVE('',#1951,#1967,#1975,.T.);
#1975 = LINE('',#1976,#1977);
#1976 = CARTESIAN_POINT('',(5.08,1.589999999999,0.5));
#1977 = VECTOR('',#1978,1.);
#1978 = DIRECTION('',(1.,0.,0.));
#1979 = FACE_BOUND('',#1980,.T.);
#1980 = EDGE_LOOP('',(#1981,#1991,#1999,#2007));
#1981 = ORIENTED_EDGE('',*,*,#1982,.F.);
#1982 = EDGE_CURVE('',#1983,#1985,#1987,.T.);
#1983 = VERTEX_POINT('',#1984);
#1984 = CARTESIAN_POINT('',(-1.59,-0.95,0.5));
#1985 = VERTEX_POINT('',#1986);
#1986 = CARTESIAN_POINT('',(-0.95,-0.95,0.5));
#1987 = LINE('',#1988,#1989);
#1988 = CARTESIAN_POINT('',(5.08,-0.95,0.5));
#1989 = VECTOR('',#1990,1.);
#1990 = DIRECTION('',(1.,0.,0.));
#1991 = ORIENTED_EDGE('',*,*,#1992,.T.);
#1992 = EDGE_CURVE('',#1983,#1993,#1995,.T.);
#1993 = VERTEX_POINT('',#1994);
#1994 = CARTESIAN_POINT('',(-1.59,-1.59,0.5));
#1995 = LINE('',#1996,#1997);
#1996 = CARTESIAN_POINT('',(-1.59,2.039999999999,0.5));
#1997 = VECTOR('',#1998,1.);
#1998 = DIRECTION('',(0.,-1.,1.328679132947E-16));
#1999 = ORIENTED_EDGE('',*,*,#2000,.F.);
#2000 = EDGE_CURVE('',#2001,#1993,#2003,.T.);
#2001 = VERTEX_POINT('',#2002);
#2002 = CARTESIAN_POINT('',(-0.95,-1.59,0.5));
#2003 = LINE('',#2004,#2005);
#2004 = CARTESIAN_POINT('',(5.08,-1.59,0.5));
#2005 = VECTOR('',#2006,1.);
#2006 = DIRECTION('',(-1.,0.,0.));
#2007 = ORIENTED_EDGE('',*,*,#2008,.F.);
#2008 = EDGE_CURVE('',#1985,#2001,#2009,.T.);
#2009 = LINE('',#2010,#2011);
#2010 = CARTESIAN_POINT('',(-0.95,2.039999999999,0.5));
#2011 = VECTOR('',#2012,1.);
#2012 = DIRECTION('',(0.,-1.,1.328679132947E-16));
#2013 = FACE_BOUND('',#2014,.T.);
#2014 = EDGE_LOOP('',(#2015,#2025,#2033,#2041,#2049,#2055,#2056,#2064,
    #2072,#2080,#2088,#2096,#2104,#2112,#2120,#2128,#2136,#2144,#2152,
    #2160,#2168,#2176,#2184,#2192,#2200,#2208));
#2015 = ORIENTED_EDGE('',*,*,#2016,.F.);
#2016 = EDGE_CURVE('',#2017,#2019,#2021,.T.);
#2017 = VERTEX_POINT('',#2018);
#2018 = CARTESIAN_POINT('',(2.368571428571,2.039999999999,0.5));
#2019 = VERTEX_POINT('',#2020);
#2020 = CARTESIAN_POINT('',(0.171428571428,2.039999999999,0.5));
#2021 = LINE('',#2022,#2023);
#2022 = CARTESIAN_POINT('',(5.08,2.039999999999,0.5));
#2023 = VECTOR('',#2024,1.);
#2024 = DIRECTION('',(-1.,0.,0.));
#2025 = ORIENTED_EDGE('',*,*,#2026,.T.);
#2026 = EDGE_CURVE('',#2017,#2027,#2029,.T.);
#2027 = VERTEX_POINT('',#2028);
#2028 = CARTESIAN_POINT('',(2.54,1.84,0.5));
#2029 = LINE('',#2030,#2031);
#2030 = CARTESIAN_POINT('',(3.51694117647,0.700235294117,0.5));
#2031 = VECTOR('',#2032,1.);
#2032 = DIRECTION('',(0.650791373456,-0.759256602366,1.008808404116E-16)
  );
#2033 = ORIENTED_EDGE('',*,*,#2034,.T.);
#2034 = EDGE_CURVE('',#2027,#2035,#2037,.T.);
#2035 = VERTEX_POINT('',#2036);
#2036 = CARTESIAN_POINT('',(2.711428571428,2.039999999999,0.5));
#2037 = LINE('',#2038,#2039);
#2038 = CARTESIAN_POINT('',(3.714588235294,3.210352941176,0.499999999999
    ));
#2039 = VECTOR('',#2040,1.);
#2040 = DIRECTION('',(0.650791373456,0.759256602366,-1.008808404116E-16)
  );
#2041 = ORIENTED_EDGE('',*,*,#2042,.F.);
#2042 = EDGE_CURVE('',#2043,#2035,#2045,.T.);
#2043 = VERTEX_POINT('',#2044);
#2044 = CARTESIAN_POINT('',(4.908571428571,2.039999999999,0.5));
#2045 = LINE('',#2046,#2047);
#2046 = CARTESIAN_POINT('',(5.08,2.039999999999,0.5));
#2047 = VECTOR('',#2048,1.);
#2048 = DIRECTION('',(-1.,0.,0.));
#2049 = ORIENTED_EDGE('',*,*,#2050,.T.);
#2050 = EDGE_CURVE('',#2043,#538,#2051,.T.);
#2051 = LINE('',#2052,#2053);
#2052 = CARTESIAN_POINT('',(4.981176470588,1.955294117647,0.5));
#2053 = VECTOR('',#2054,1.);
#2054 = DIRECTION('',(0.650791373456,-0.759256602366,1.008808404116E-16)
  );
#2055 = ORIENTED_EDGE('',*,*,#535,.F.);
#2056 = ORIENTED_EDGE('',*,*,#2057,.T.);
#2057 = EDGE_CURVE('',#536,#2058,#2060,.T.);
#2058 = VERTEX_POINT('',#2059);
#2059 = CARTESIAN_POINT('',(4.908571428571,-2.04,0.5));
#2060 = LINE('',#2061,#2062);
#2061 = CARTESIAN_POINT('',(6.997176470588,0.396705882352,0.5));
#2062 = VECTOR('',#2063,1.);
#2063 = DIRECTION('',(-0.650791373456,-0.759256602366,1.008808404116E-16
    ));
#2064 = ORIENTED_EDGE('',*,*,#2065,.T.);
#2065 = EDGE_CURVE('',#2058,#2066,#2068,.T.);
#2066 = VERTEX_POINT('',#2067);
#2067 = CARTESIAN_POINT('',(2.711428571428,-2.04,0.5));
#2068 = LINE('',#2069,#2070);
#2069 = CARTESIAN_POINT('',(5.08,-2.04,0.5));
#2070 = VECTOR('',#2071,1.);
#2071 = DIRECTION('',(-1.,0.,0.));
#2072 = ORIENTED_EDGE('',*,*,#2073,.T.);
#2073 = EDGE_CURVE('',#2066,#2074,#2076,.T.);
#2074 = VERTEX_POINT('',#2075);
#2075 = CARTESIAN_POINT('',(2.54,-1.84,0.5));
#2076 = LINE('',#2077,#2078);
#2077 = CARTESIAN_POINT('',(1.698588235294,-0.858352941176,0.5));
#2078 = VECTOR('',#2079,1.);
#2079 = DIRECTION('',(-0.650791373456,0.759256602366,-1.008808404116E-16
    ));
#2080 = ORIENTED_EDGE('',*,*,#2081,.T.);
#2081 = EDGE_CURVE('',#2074,#2082,#2084,.T.);
#2082 = VERTEX_POINT('',#2083);
#2083 = CARTESIAN_POINT('',(2.368571428571,-2.04,0.5));
#2084 = LINE('',#2085,#2086);
#2085 = CARTESIAN_POINT('',(5.53294117647,1.651764705882,0.5));
#2086 = VECTOR('',#2087,1.);
#2087 = DIRECTION('',(-0.650791373456,-0.759256602366,1.008808404116E-16
    ));
#2088 = ORIENTED_EDGE('',*,*,#2089,.T.);
#2089 = EDGE_CURVE('',#2082,#2090,#2092,.T.);
#2090 = VERTEX_POINT('',#2091);
#2091 = CARTESIAN_POINT('',(0.171428571428,-2.04,0.5));
#2092 = LINE('',#2093,#2094);
#2093 = CARTESIAN_POINT('',(5.08,-2.04,0.5));
#2094 = VECTOR('',#2095,1.);
#2095 = DIRECTION('',(-1.,0.,0.));
#2096 = ORIENTED_EDGE('',*,*,#2097,.T.);
#2097 = EDGE_CURVE('',#2090,#2098,#2100,.T.);
#2098 = VERTEX_POINT('',#2099);
#2099 = CARTESIAN_POINT('',(0.,-1.84,0.5));
#2100 = LINE('',#2101,#2102);
#2101 = CARTESIAN_POINT('',(0.234352941176,-2.113411764705,0.5));
#2102 = VECTOR('',#2103,1.);
#2103 = DIRECTION('',(-0.650791373456,0.759256602366,-1.008808404116E-16
    ));
#2104 = ORIENTED_EDGE('',*,*,#2105,.T.);
#2105 = EDGE_CURVE('',#2098,#2106,#2108,.T.);
#2106 = VERTEX_POINT('',#2107);
#2107 = CARTESIAN_POINT('',(-0.171428571428,-2.04,0.5));
#2108 = LINE('',#2109,#2110);
#2109 = CARTESIAN_POINT('',(4.068705882352,2.906823529411,0.499999999999
    ));
#2110 = VECTOR('',#2111,1.);
#2111 = DIRECTION('',(-0.650791373456,-0.759256602366,1.008808404116E-16
    ));
#2112 = ORIENTED_EDGE('',*,*,#2113,.T.);
#2113 = EDGE_CURVE('',#2106,#2114,#2116,.T.);
#2114 = VERTEX_POINT('',#2115);
#2115 = CARTESIAN_POINT('',(-2.368571428571,-2.04,0.5));
#2116 = LINE('',#2117,#2118);
#2117 = CARTESIAN_POINT('',(5.08,-2.04,0.5));
#2118 = VECTOR('',#2119,1.);
#2119 = DIRECTION('',(-1.,0.,0.));
#2120 = ORIENTED_EDGE('',*,*,#2121,.T.);
#2121 = EDGE_CURVE('',#2114,#2122,#2124,.T.);
#2122 = VERTEX_POINT('',#2123);
#2123 = CARTESIAN_POINT('',(-2.54,-1.84,0.5));
#2124 = LINE('',#2125,#2126);
#2125 = CARTESIAN_POINT('',(-1.229882352941,-3.368470588235,0.5));
#2126 = VECTOR('',#2127,1.);
#2127 = DIRECTION('',(-0.650791373456,0.759256602366,-1.008808404116E-16
    ));
#2128 = ORIENTED_EDGE('',*,*,#2129,.F.);
#2129 = EDGE_CURVE('',#2130,#2122,#2132,.T.);
#2130 = VERTEX_POINT('',#2131);
#2131 = CARTESIAN_POINT('',(-2.711428571428,-2.04,0.5));
#2132 = LINE('',#2133,#2134);
#2133 = CARTESIAN_POINT('',(-2.54,-1.84,0.5));
#2134 = VECTOR('',#2135,1.);
#2135 = DIRECTION('',(0.650791373456,0.759256602366,-1.008808404116E-16)
  );
#2136 = ORIENTED_EDGE('',*,*,#2137,.T.);
#2137 = EDGE_CURVE('',#2130,#2138,#2140,.T.);
#2138 = VERTEX_POINT('',#2139);
#2139 = CARTESIAN_POINT('',(-4.908571428571,-2.04,0.5));
#2140 = LINE('',#2141,#2142);
#2141 = CARTESIAN_POINT('',(5.08,-2.04,0.5));
#2142 = VECTOR('',#2143,1.);
#2143 = DIRECTION('',(-1.,0.,0.));
#2144 = ORIENTED_EDGE('',*,*,#2145,.F.);
#2145 = EDGE_CURVE('',#2146,#2138,#2148,.T.);
#2146 = VERTEX_POINT('',#2147);
#2147 = CARTESIAN_POINT('',(-5.08,-1.839999999999,0.5));
#2148 = LINE('',#2149,#2150);
#2149 = CARTESIAN_POINT('',(-5.08,-1.84,0.5));
#2150 = VECTOR('',#2151,1.);
#2151 = DIRECTION('',(0.650791373456,-0.759256602366,1.008808404116E-16)
  );
#2152 = ORIENTED_EDGE('',*,*,#2153,.T.);
#2153 = EDGE_CURVE('',#2146,#2154,#2156,.T.);
#2154 = VERTEX_POINT('',#2155);
#2155 = CARTESIAN_POINT('',(-5.08,1.84,0.5));
#2156 = LINE('',#2157,#2158);
#2157 = CARTESIAN_POINT('',(-5.08,2.039999999999,0.5));
#2158 = VECTOR('',#2159,1.);
#2159 = DIRECTION('',(0.,1.,-1.328679132947E-16));
#2160 = ORIENTED_EDGE('',*,*,#2161,.F.);
#2161 = EDGE_CURVE('',#2162,#2154,#2164,.T.);
#2162 = VERTEX_POINT('',#2163);
#2163 = CARTESIAN_POINT('',(-4.908571428571,2.039999999999,0.5));
#2164 = LINE('',#2165,#2166);
#2165 = CARTESIAN_POINT('',(-5.08,1.84,0.5));
#2166 = VECTOR('',#2167,1.);
#2167 = DIRECTION('',(-0.650791373456,-0.759256602366,1.008808404116E-16
    ));
#2168 = ORIENTED_EDGE('',*,*,#2169,.F.);
#2169 = EDGE_CURVE('',#2170,#2162,#2172,.T.);
#2170 = VERTEX_POINT('',#2171);
#2171 = CARTESIAN_POINT('',(-2.711428571428,2.039999999999,0.5));
#2172 = LINE('',#2173,#2174);
#2173 = CARTESIAN_POINT('',(5.08,2.039999999999,0.5));
#2174 = VECTOR('',#2175,1.);
#2175 = DIRECTION('',(-1.,0.,0.));
#2176 = ORIENTED_EDGE('',*,*,#2177,.F.);
#2177 = EDGE_CURVE('',#2178,#2170,#2180,.T.);
#2178 = VERTEX_POINT('',#2179);
#2179 = CARTESIAN_POINT('',(-2.54,1.839999999999,0.5));
#2180 = LINE('',#2181,#2182);
#2181 = CARTESIAN_POINT('',(-2.54,1.84,0.5));
#2182 = VECTOR('',#2183,1.);
#2183 = DIRECTION('',(-0.650791373456,0.759256602366,-1.008808404116E-16
    ));
#2184 = ORIENTED_EDGE('',*,*,#2185,.T.);
#2185 = EDGE_CURVE('',#2178,#2186,#2188,.T.);
#2186 = VERTEX_POINT('',#2187);
#2187 = CARTESIAN_POINT('',(-2.368571428571,2.039999999999,0.5));
#2188 = LINE('',#2189,#2190);
#2189 = CARTESIAN_POINT('',(0.786117647058,5.720470588235,0.499999999999
    ));
#2190 = VECTOR('',#2191,1.);
#2191 = DIRECTION('',(0.650791373456,0.759256602366,-1.008808404116E-16)
  );
#2192 = ORIENTED_EDGE('',*,*,#2193,.F.);
#2193 = EDGE_CURVE('',#2194,#2186,#2196,.T.);
#2194 = VERTEX_POINT('',#2195);
#2195 = CARTESIAN_POINT('',(-0.171428571428,2.039999999999,0.5));
#2196 = LINE('',#2197,#2198);
#2197 = CARTESIAN_POINT('',(5.08,2.039999999999,0.5));
#2198 = VECTOR('',#2199,1.);
#2199 = DIRECTION('',(-1.,0.,0.));
#2200 = ORIENTED_EDGE('',*,*,#2201,.T.);
#2201 = EDGE_CURVE('',#2194,#2202,#2204,.T.);
#2202 = VERTEX_POINT('',#2203);
#2203 = CARTESIAN_POINT('',(0.,1.84,0.5));
#2204 = LINE('',#2205,#2206);
#2205 = CARTESIAN_POINT('',(2.052705882352,-0.554823529411,0.5));
#2206 = VECTOR('',#2207,1.);
#2207 = DIRECTION('',(0.650791373456,-0.759256602366,1.008808404116E-16)
  );
#2208 = ORIENTED_EDGE('',*,*,#2209,.T.);
#2209 = EDGE_CURVE('',#2202,#2019,#2210,.T.);
#2210 = LINE('',#2211,#2212);
#2211 = CARTESIAN_POINT('',(2.250352941176,4.465411764705,0.499999999999
    ));
#2212 = VECTOR('',#2213,1.);
#2213 = DIRECTION('',(0.650791373456,0.759256602366,-1.008808404116E-16)
  );
#2214 = FACE_BOUND('',#2215,.T.);
#2215 = EDGE_LOOP('',(#2216,#2226,#2234,#2242));
#2216 = ORIENTED_EDGE('',*,*,#2217,.F.);
#2217 = EDGE_CURVE('',#2218,#2220,#2222,.T.);
#2218 = VERTEX_POINT('',#2219);
#2219 = CARTESIAN_POINT('',(-4.129999999999,-0.95,0.5));
#2220 = VERTEX_POINT('',#2221);
#2221 = CARTESIAN_POINT('',(-3.49,-0.95,0.5));
#2222 = LINE('',#2223,#2224);
#2223 = CARTESIAN_POINT('',(5.08,-0.95,0.5));
#2224 = VECTOR('',#2225,1.);
#2225 = DIRECTION('',(1.,0.,0.));
#2226 = ORIENTED_EDGE('',*,*,#2227,.T.);
#2227 = EDGE_CURVE('',#2218,#2228,#2230,.T.);
#2228 = VERTEX_POINT('',#2229);
#2229 = CARTESIAN_POINT('',(-4.129999999999,-1.59,0.5));
#2230 = LINE('',#2231,#2232);
#2231 = CARTESIAN_POINT('',(-4.13,2.039999999999,0.5));
#2232 = VECTOR('',#2233,1.);
#2233 = DIRECTION('',(0.,-1.,1.328679132947E-16));
#2234 = ORIENTED_EDGE('',*,*,#2235,.F.);
#2235 = EDGE_CURVE('',#2236,#2228,#2238,.T.);
#2236 = VERTEX_POINT('',#2237);
#2237 = CARTESIAN_POINT('',(-3.49,-1.59,0.5));
#2238 = LINE('',#2239,#2240);
#2239 = CARTESIAN_POINT('',(5.08,-1.59,0.5));
#2240 = VECTOR('',#2241,1.);
#2241 = DIRECTION('',(-1.,0.,0.));
#2242 = ORIENTED_EDGE('',*,*,#2243,.F.);
#2243 = EDGE_CURVE('',#2220,#2236,#2244,.T.);
#2244 = LINE('',#2245,#2246);
#2245 = CARTESIAN_POINT('',(-3.49,2.039999999999,0.5));
#2246 = VECTOR('',#2247,1.);
#2247 = DIRECTION('',(0.,-1.,1.328679132947E-16));
#2248 = FACE_BOUND('',#2249,.T.);
#2249 = EDGE_LOOP('',(#2250,#2260,#2268,#2276));
#2250 = ORIENTED_EDGE('',*,*,#2251,.F.);
#2251 = EDGE_CURVE('',#2252,#2254,#2256,.T.);
#2252 = VERTEX_POINT('',#2253);
#2253 = CARTESIAN_POINT('',(-4.13,0.949999999999,0.5));
#2254 = VERTEX_POINT('',#2255);
#2255 = CARTESIAN_POINT('',(-4.13,1.589999999999,0.5));
#2256 = LINE('',#2257,#2258);
#2257 = CARTESIAN_POINT('',(-4.13,2.039999999999,0.5));
#2258 = VECTOR('',#2259,1.);
#2259 = DIRECTION('',(0.,1.,-1.328679132947E-16));
#2260 = ORIENTED_EDGE('',*,*,#2261,.F.);
#2261 = EDGE_CURVE('',#2262,#2252,#2264,.T.);
#2262 = VERTEX_POINT('',#2263);
#2263 = CARTESIAN_POINT('',(-3.49,0.949999999999,0.5));
#2264 = LINE('',#2265,#2266);
#2265 = CARTESIAN_POINT('',(5.08,0.949999999999,0.5));
#2266 = VECTOR('',#2267,1.);
#2267 = DIRECTION('',(-1.,0.,0.));
#2268 = ORIENTED_EDGE('',*,*,#2269,.T.);
#2269 = EDGE_CURVE('',#2262,#2270,#2272,.T.);
#2270 = VERTEX_POINT('',#2271);
#2271 = CARTESIAN_POINT('',(-3.49,1.589999999999,0.5));
#2272 = LINE('',#2273,#2274);
#2273 = CARTESIAN_POINT('',(-3.49,2.039999999999,0.5));
#2274 = VECTOR('',#2275,1.);
#2275 = DIRECTION('',(0.,1.,-1.328679132947E-16));
#2276 = ORIENTED_EDGE('',*,*,#2277,.F.);
#2277 = EDGE_CURVE('',#2254,#2270,#2278,.T.);
#2278 = LINE('',#2279,#2280);
#2279 = CARTESIAN_POINT('',(5.08,1.589999999999,0.5));
#2280 = VECTOR('',#2281,1.);
#2281 = DIRECTION('',(1.,0.,0.));
#2282 = FACE_BOUND('',#2283,.T.);
#2283 = EDGE_LOOP('',(#2284,#2294,#2302,#2310));
#2284 = ORIENTED_EDGE('',*,*,#2285,.F.);
#2285 = EDGE_CURVE('',#2286,#2288,#2290,.T.);
#2286 = VERTEX_POINT('',#2287);
#2287 = CARTESIAN_POINT('',(0.949999999999,-0.95,0.5));
#2288 = VERTEX_POINT('',#2289);
#2289 = CARTESIAN_POINT('',(1.589999999999,-0.95,0.5));
#2290 = LINE('',#2291,#2292);
#2291 = CARTESIAN_POINT('',(5.08,-0.95,0.5));
#2292 = VECTOR('',#2293,1.);
#2293 = DIRECTION('',(1.,0.,0.));
#2294 = ORIENTED_EDGE('',*,*,#2295,.T.);
#2295 = EDGE_CURVE('',#2286,#2296,#2298,.T.);
#2296 = VERTEX_POINT('',#2297);
#2297 = CARTESIAN_POINT('',(0.949999999999,-1.59,0.5));
#2298 = LINE('',#2299,#2300);
#2299 = CARTESIAN_POINT('',(0.949999999999,2.039999999999,0.5));
#2300 = VECTOR('',#2301,1.);
#2301 = DIRECTION('',(0.,-1.,1.328679132947E-16));
#2302 = ORIENTED_EDGE('',*,*,#2303,.F.);
#2303 = EDGE_CURVE('',#2304,#2296,#2306,.T.);
#2304 = VERTEX_POINT('',#2305);
#2305 = CARTESIAN_POINT('',(1.589999999999,-1.59,0.5));
#2306 = LINE('',#2307,#2308);
#2307 = CARTESIAN_POINT('',(5.08,-1.59,0.5));
#2308 = VECTOR('',#2309,1.);
#2309 = DIRECTION('',(-1.,0.,0.));
#2310 = ORIENTED_EDGE('',*,*,#2311,.F.);
#2311 = EDGE_CURVE('',#2288,#2304,#2312,.T.);
#2312 = LINE('',#2313,#2314);
#2313 = CARTESIAN_POINT('',(1.589999999999,2.039999999999,0.5));
#2314 = VECTOR('',#2315,1.);
#2315 = DIRECTION('',(0.,-1.,1.328679132947E-16));
#2316 = FACE_BOUND('',#2317,.T.);
#2317 = EDGE_LOOP('',(#2318,#2328,#2336,#2344));
#2318 = ORIENTED_EDGE('',*,*,#2319,.F.);
#2319 = EDGE_CURVE('',#2320,#2322,#2324,.T.);
#2320 = VERTEX_POINT('',#2321);
#2321 = CARTESIAN_POINT('',(0.949999999999,0.949999999999,0.5));
#2322 = VERTEX_POINT('',#2323);
#2323 = CARTESIAN_POINT('',(0.949999999999,1.589999999999,0.5));
#2324 = LINE('',#2325,#2326);
#2325 = CARTESIAN_POINT('',(0.949999999999,2.039999999999,0.5));
#2326 = VECTOR('',#2327,1.);
#2327 = DIRECTION('',(0.,1.,-1.328679132947E-16));
#2328 = ORIENTED_EDGE('',*,*,#2329,.F.);
#2329 = EDGE_CURVE('',#2330,#2320,#2332,.T.);
#2330 = VERTEX_POINT('',#2331);
#2331 = CARTESIAN_POINT('',(1.589999999999,0.949999999999,0.5));
#2332 = LINE('',#2333,#2334);
#2333 = CARTESIAN_POINT('',(5.08,0.949999999999,0.5));
#2334 = VECTOR('',#2335,1.);
#2335 = DIRECTION('',(-1.,0.,0.));
#2336 = ORIENTED_EDGE('',*,*,#2337,.T.);
#2337 = EDGE_CURVE('',#2330,#2338,#2340,.T.);
#2338 = VERTEX_POINT('',#2339);
#2339 = CARTESIAN_POINT('',(1.589999999999,1.589999999999,0.5));
#2340 = LINE('',#2341,#2342);
#2341 = CARTESIAN_POINT('',(1.589999999999,2.039999999999,0.5));
#2342 = VECTOR('',#2343,1.);
#2343 = DIRECTION('',(0.,1.,-1.328679132947E-16));
#2344 = ORIENTED_EDGE('',*,*,#2345,.F.);
#2345 = EDGE_CURVE('',#2322,#2338,#2346,.T.);
#2346 = LINE('',#2347,#2348);
#2347 = CARTESIAN_POINT('',(5.08,1.589999999999,0.5));
#2348 = VECTOR('',#2349,1.);
#2349 = DIRECTION('',(1.,0.,0.));
#2350 = FACE_BOUND('',#2351,.T.);
#2351 = EDGE_LOOP('',(#2352,#2362,#2370,#2378,#2386,#2394,#2402,#2410));
#2352 = ORIENTED_EDGE('',*,*,#2353,.T.);
#2353 = EDGE_CURVE('',#2354,#2356,#2358,.T.);
#2354 = VERTEX_POINT('',#2355);
#2355 = CARTESIAN_POINT('',(-2.032051282051,0.5,0.5));
#2356 = VERTEX_POINT('',#2357);
#2357 = CARTESIAN_POINT('',(-2.038461538461,0.5,0.5));
#2358 = LINE('',#2359,#2360);
#2359 = CARTESIAN_POINT('',(-2.032051282051,0.5,0.5));
#2360 = VECTOR('',#2361,1.);
#2361 = DIRECTION('',(-1.,0.,0.));
#2362 = ORIENTED_EDGE('',*,*,#2363,.T.);
#2363 = EDGE_CURVE('',#2356,#2364,#2366,.T.);
#2364 = VERTEX_POINT('',#2365);
#2365 = CARTESIAN_POINT('',(-2.26923076923,6.643395664739E-17,0.5));
#2366 = LINE('',#2367,#2368);
#2367 = CARTESIAN_POINT('',(-2.038461538461,0.5,0.5));
#2368 = VECTOR('',#2369,1.);
#2369 = DIRECTION('',(-0.419058177461,-0.907959384501,1.968823074408E-16
    ));
#2370 = ORIENTED_EDGE('',*,*,#2371,.T.);
#2371 = EDGE_CURVE('',#2364,#2372,#2374,.T.);
#2372 = VERTEX_POINT('',#2373);
#2373 = CARTESIAN_POINT('',(-2.220452724358,6.643395664739E-17,0.5));
#2374 = LINE('',#2375,#2376);
#2375 = CARTESIAN_POINT('',(-2.26923076923,6.643395664739E-17,0.5));
#2376 = VECTOR('',#2377,1.);
#2377 = DIRECTION('',(1.,0.,0.));
#2378 = ORIENTED_EDGE('',*,*,#2379,.T.);
#2379 = EDGE_CURVE('',#2372,#2380,#2382,.T.);
#2380 = VERTEX_POINT('',#2381);
#2381 = CARTESIAN_POINT('',(-2.146534455128,0.160256410256,0.5));
#2382 = LINE('',#2383,#2384);
#2383 = CARTESIAN_POINT('',(-2.220452724358,6.643395664739E-17,0.5));
#2384 = VECTOR('',#2385,1.);
#2385 = DIRECTION('',(0.418842224744,0.908059023837,0.));
#2386 = ORIENTED_EDGE('',*,*,#2387,.T.);
#2387 = EDGE_CURVE('',#2380,#2388,#2390,.T.);
#2388 = VERTEX_POINT('',#2389);
#2389 = CARTESIAN_POINT('',(-1.919871794871,0.160256410256,0.5));
#2390 = LINE('',#2391,#2392);
#2391 = CARTESIAN_POINT('',(-2.146534455128,0.160256410256,0.5));
#2392 = VECTOR('',#2393,1.);
#2393 = DIRECTION('',(1.,0.,0.));
#2394 = ORIENTED_EDGE('',*,*,#2395,.T.);
#2395 = EDGE_CURVE('',#2388,#2396,#2398,.T.);
#2396 = VERTEX_POINT('',#2397);
#2397 = CARTESIAN_POINT('',(-1.843850160256,6.643395664739E-17,0.5));
#2398 = LINE('',#2399,#2400);
#2399 = CARTESIAN_POINT('',(-1.919871794871,0.160256410256,0.5));
#2400 = VECTOR('',#2401,1.);
#2401 = DIRECTION('',(0.428596026355,-0.903496234742,0.));
#2402 = ORIENTED_EDGE('',*,*,#2403,.T.);
#2403 = EDGE_CURVE('',#2396,#2404,#2406,.T.);
#2404 = VERTEX_POINT('',#2405);
#2405 = CARTESIAN_POINT('',(-1.794871794871,6.643395664739E-17,0.5));
#2406 = LINE('',#2407,#2408);
#2407 = CARTESIAN_POINT('',(-1.843850160256,6.643395664739E-17,0.5));
#2408 = VECTOR('',#2409,1.);
#2409 = DIRECTION('',(1.,0.,0.));
#2410 = ORIENTED_EDGE('',*,*,#2411,.T.);
#2411 = EDGE_CURVE('',#2404,#2354,#2412,.T.);
#2412 = LINE('',#2413,#2414);
#2413 = CARTESIAN_POINT('',(-1.794871794871,6.643395664739E-17,0.5));
#2414 = VECTOR('',#2415,1.);
#2415 = DIRECTION('',(-0.428584206872,0.903501841514,-1.959157318829E-16
    ));
#2416 = FACE_BOUND('',#2417,.T.);
#2417 = EDGE_LOOP('',(#2418,#2428,#2436,#2444,#2452,#2460,#2468,#2476,
    #2484,#2492,#2500,#2508));
#2418 = ORIENTED_EDGE('',*,*,#2419,.T.);
#2419 = EDGE_CURVE('',#2420,#2422,#2424,.T.);
#2420 = VERTEX_POINT('',#2421);
#2421 = CARTESIAN_POINT('',(-0.948717948717,0.,0.5));
#2422 = VERTEX_POINT('',#2423);
#2423 = CARTESIAN_POINT('',(-0.948717948717,0.5,0.5));
#2424 = LINE('',#2425,#2426);
#2425 = CARTESIAN_POINT('',(-0.948717948717,6.643395664739E-17,0.5));
#2426 = VECTOR('',#2427,1.);
#2427 = DIRECTION('',(0.,1.,-2.168404344971E-16));
#2428 = ORIENTED_EDGE('',*,*,#2429,.T.);
#2429 = EDGE_CURVE('',#2422,#2430,#2432,.T.);
#2430 = VERTEX_POINT('',#2431);
#2431 = CARTESIAN_POINT('',(-1.230769230769,0.5,0.5));
#2432 = LINE('',#2433,#2434);
#2433 = CARTESIAN_POINT('',(-0.948717948717,0.5,0.5));
#2434 = VECTOR('',#2435,1.);
#2435 = DIRECTION('',(-1.,0.,0.));
#2436 = ORIENTED_EDGE('',*,*,#2437,.T.);
#2437 = EDGE_CURVE('',#2430,#2438,#2440,.T.);
#2438 = VERTEX_POINT('',#2439);
#2439 = CARTESIAN_POINT('',(-1.230769230769,0.448717948717,0.5));
#2440 = LINE('',#2441,#2442);
#2441 = CARTESIAN_POINT('',(-1.230769230769,0.5,0.5));
#2442 = VECTOR('',#2443,1.);
#2443 = DIRECTION('',(0.,-1.,0.));
#2444 = ORIENTED_EDGE('',*,*,#2445,.T.);
#2445 = EDGE_CURVE('',#2438,#2446,#2448,.T.);
#2446 = VERTEX_POINT('',#2447);
#2447 = CARTESIAN_POINT('',(-0.993589743589,0.448717948717,0.5));
#2448 = LINE('',#2449,#2450);
#2449 = CARTESIAN_POINT('',(-1.230769230769,0.448717948717,0.5));
#2450 = VECTOR('',#2451,1.);
#2451 = DIRECTION('',(1.,0.,0.));
#2452 = ORIENTED_EDGE('',*,*,#2453,.T.);
#2453 = EDGE_CURVE('',#2446,#2454,#2456,.T.);
#2454 = VERTEX_POINT('',#2455);
#2455 = CARTESIAN_POINT('',(-0.993589743589,0.294871794871,0.5));
#2456 = LINE('',#2457,#2458);
#2457 = CARTESIAN_POINT('',(-0.993589743589,0.448717948717,0.5));
#2458 = VECTOR('',#2459,1.);
#2459 = DIRECTION('',(0.,-1.,7.047314121155E-16));
#2460 = ORIENTED_EDGE('',*,*,#2461,.T.);
#2461 = EDGE_CURVE('',#2454,#2462,#2464,.T.);
#2462 = VERTEX_POINT('',#2463);
#2463 = CARTESIAN_POINT('',(-1.230769230769,0.294871794871,0.5));
#2464 = LINE('',#2465,#2466);
#2465 = CARTESIAN_POINT('',(-0.993589743589,0.294871794871,0.5));
#2466 = VECTOR('',#2467,1.);
#2467 = DIRECTION('',(-1.,0.,0.));
#2468 = ORIENTED_EDGE('',*,*,#2469,.T.);
#2469 = EDGE_CURVE('',#2462,#2470,#2472,.T.);
#2470 = VERTEX_POINT('',#2471);
#2471 = CARTESIAN_POINT('',(-1.230769230769,0.243589743589,0.5));
#2472 = LINE('',#2473,#2474);
#2473 = CARTESIAN_POINT('',(-1.230769230769,0.294871794871,0.5));
#2474 = VECTOR('',#2475,1.);
#2475 = DIRECTION('',(0.,-1.,0.));
#2476 = ORIENTED_EDGE('',*,*,#2477,.T.);
#2477 = EDGE_CURVE('',#2470,#2478,#2480,.T.);
#2478 = VERTEX_POINT('',#2479);
#2479 = CARTESIAN_POINT('',(-0.993589743589,0.243589743589,0.5));
#2480 = LINE('',#2481,#2482);
#2481 = CARTESIAN_POINT('',(-1.230769230769,0.243589743589,0.5));
#2482 = VECTOR('',#2483,1.);
#2483 = DIRECTION('',(1.,0.,0.));
#2484 = ORIENTED_EDGE('',*,*,#2485,.T.);
#2485 = EDGE_CURVE('',#2478,#2486,#2488,.T.);
#2486 = VERTEX_POINT('',#2487);
#2487 = CARTESIAN_POINT('',(-0.993589743589,5.1282051282E-02,0.5));
#2488 = LINE('',#2489,#2490);
#2489 = CARTESIAN_POINT('',(-0.993589743589,0.243589743589,0.5));
#2490 = VECTOR('',#2491,1.);
#2491 = DIRECTION('',(0.,-1.,0.));
#2492 = ORIENTED_EDGE('',*,*,#2493,.T.);
#2493 = EDGE_CURVE('',#2486,#2494,#2496,.T.);
#2494 = VERTEX_POINT('',#2495);
#2495 = CARTESIAN_POINT('',(-1.230769230769,5.1282051282E-02,0.5));
#2496 = LINE('',#2497,#2498);
#2497 = CARTESIAN_POINT('',(-0.993589743589,5.1282051282E-02,0.5));
#2498 = VECTOR('',#2499,1.);
#2499 = DIRECTION('',(-1.,0.,0.));
#2500 = ORIENTED_EDGE('',*,*,#2501,.T.);
#2501 = EDGE_CURVE('',#2494,#2502,#2504,.T.);
#2502 = VERTEX_POINT('',#2503);
#2503 = CARTESIAN_POINT('',(-1.230769230769,6.643395664739E-17,0.5));
#2504 = LINE('',#2505,#2506);
#2505 = CARTESIAN_POINT('',(-1.230769230769,5.1282051282E-02,0.5));
#2506 = VECTOR('',#2507,1.);
#2507 = DIRECTION('',(0.,-1.,0.));
#2508 = ORIENTED_EDGE('',*,*,#2509,.T.);
#2509 = EDGE_CURVE('',#2502,#2420,#2510,.T.);
#2510 = LINE('',#2511,#2512);
#2511 = CARTESIAN_POINT('',(-1.230769230769,6.643395664739E-17,0.5));
#2512 = VECTOR('',#2513,1.);
#2513 = DIRECTION('',(1.,0.,0.));
#2514 = FACE_BOUND('',#2515,.T.);
#2515 = EDGE_LOOP('',(#2516,#2526,#2534,#2542,#2550,#2558));
#2516 = ORIENTED_EDGE('',*,*,#2517,.T.);
#2517 = EDGE_CURVE('',#2518,#2520,#2522,.T.);
#2518 = VERTEX_POINT('',#2519);
#2519 = CARTESIAN_POINT('',(-6.4102564102E-02,0.,0.5));
#2520 = VERTEX_POINT('',#2521);
#2521 = CARTESIAN_POINT('',(-6.4102564102E-02,0.5,0.5));
#2522 = LINE('',#2523,#2524);
#2523 = CARTESIAN_POINT('',(-6.4102564102E-02,6.643395664739E-17,0.5));
#2524 = VECTOR('',#2525,1.);
#2525 = DIRECTION('',(0.,1.,-2.168404344971E-16));
#2526 = ORIENTED_EDGE('',*,*,#2527,.T.);
#2527 = EDGE_CURVE('',#2520,#2528,#2530,.T.);
#2528 = VERTEX_POINT('',#2529);
#2529 = CARTESIAN_POINT('',(-0.108974358974,0.5,0.5));
#2530 = LINE('',#2531,#2532);
#2531 = CARTESIAN_POINT('',(-6.4102564102E-02,0.5,0.5));
#2532 = VECTOR('',#2533,1.);
#2533 = DIRECTION('',(-1.,0.,0.));
#2534 = ORIENTED_EDGE('',*,*,#2535,.T.);
#2535 = EDGE_CURVE('',#2528,#2536,#2538,.T.);
#2536 = VERTEX_POINT('',#2537);
#2537 = CARTESIAN_POINT('',(-0.108974358974,5.1282051282E-02,0.5));
#2538 = LINE('',#2539,#2540);
#2539 = CARTESIAN_POINT('',(-0.108974358974,0.5,0.5));
#2540 = VECTOR('',#2541,1.);
#2541 = DIRECTION('',(0.,-1.,2.416221984396E-16));
#2542 = ORIENTED_EDGE('',*,*,#2543,.T.);
#2543 = EDGE_CURVE('',#2536,#2544,#2546,.T.);
#2544 = VERTEX_POINT('',#2545);
#2545 = CARTESIAN_POINT('',(-0.301282051282,5.1282051282E-02,0.5));
#2546 = LINE('',#2547,#2548);
#2547 = CARTESIAN_POINT('',(-0.108974358974,5.1282051282E-02,0.5));
#2548 = VECTOR('',#2549,1.);
#2549 = DIRECTION('',(-1.,0.,0.));
#2550 = ORIENTED_EDGE('',*,*,#2551,.T.);
#2551 = EDGE_CURVE('',#2544,#2552,#2554,.T.);
#2552 = VERTEX_POINT('',#2553);
#2553 = CARTESIAN_POINT('',(-0.301282051282,6.643395664739E-17,0.5));
#2554 = LINE('',#2555,#2556);
#2555 = CARTESIAN_POINT('',(-0.301282051282,5.1282051282E-02,0.5));
#2556 = VECTOR('',#2557,1.);
#2557 = DIRECTION('',(0.,-1.,0.));
#2558 = ORIENTED_EDGE('',*,*,#2559,.T.);
#2559 = EDGE_CURVE('',#2552,#2518,#2560,.T.);
#2560 = LINE('',#2561,#2562);
#2561 = CARTESIAN_POINT('',(-0.301282051282,6.643395664739E-17,0.5));
#2562 = VECTOR('',#2563,1.);
#2563 = DIRECTION('',(1.,0.,0.));
#2564 = PLANE('',#2565);
#2565 = AXIS2_PLACEMENT_3D('',#2566,#2567,#2568);
#2566 = CARTESIAN_POINT('',(5.08,2.039999999999,0.5));
#2567 = DIRECTION('',(0.,1.328679132947E-16,1.));
#2568 = DIRECTION('',(0.,-1.,1.328679132947E-16));
#2569 = ADVANCED_FACE('',(#2570,#2604,#2638,#2672,#2873,#2907,#2941,
    #2975,#3009),#3043,.T.);
#2570 = FACE_BOUND('',#2571,.T.);
#2571 = EDGE_LOOP('',(#2572,#2582,#2590,#2598));
#2572 = ORIENTED_EDGE('',*,*,#2573,.F.);
#2573 = EDGE_CURVE('',#2574,#2576,#2578,.T.);
#2574 = VERTEX_POINT('',#2575);
#2575 = CARTESIAN_POINT('',(3.49,-0.95,2.539999999999));
#2576 = VERTEX_POINT('',#2577);
#2577 = CARTESIAN_POINT('',(3.49,-1.59,2.539999999999));
#2578 = LINE('',#2579,#2580);
#2579 = CARTESIAN_POINT('',(3.49,0.,2.54));
#2580 = VECTOR('',#2581,1.);
#2581 = DIRECTION('',(0.,-1.,0.));
#2582 = ORIENTED_EDGE('',*,*,#2583,.T.);
#2583 = EDGE_CURVE('',#2574,#2584,#2586,.T.);
#2584 = VERTEX_POINT('',#2585);
#2585 = CARTESIAN_POINT('',(4.129999999999,-0.95,2.539999999999));
#2586 = LINE('',#2587,#2588);
#2587 = CARTESIAN_POINT('',(0.,-0.95,2.54));
#2588 = VECTOR('',#2589,1.);
#2589 = DIRECTION('',(1.,0.,0.));
#2590 = ORIENTED_EDGE('',*,*,#2591,.T.);
#2591 = EDGE_CURVE('',#2584,#2592,#2594,.T.);
#2592 = VERTEX_POINT('',#2593);
#2593 = CARTESIAN_POINT('',(4.129999999999,-1.59,2.54));
#2594 = LINE('',#2595,#2596);
#2595 = CARTESIAN_POINT('',(4.129999999999,0.,2.54));
#2596 = VECTOR('',#2597,1.);
#2597 = DIRECTION('',(0.,-1.,0.));
#2598 = ORIENTED_EDGE('',*,*,#2599,.T.);
#2599 = EDGE_CURVE('',#2592,#2576,#2600,.T.);
#2600 = LINE('',#2601,#2602);
#2601 = CARTESIAN_POINT('',(0.,-1.59,2.54));
#2602 = VECTOR('',#2603,1.);
#2603 = DIRECTION('',(-1.,0.,0.));
#2604 = FACE_BOUND('',#2605,.T.);
#2605 = EDGE_LOOP('',(#2606,#2616,#2624,#2632));
#2606 = ORIENTED_EDGE('',*,*,#2607,.F.);
#2607 = EDGE_CURVE('',#2608,#2610,#2612,.T.);
#2608 = VERTEX_POINT('',#2609);
#2609 = CARTESIAN_POINT('',(0.949999999999,-0.95,2.539999999999));
#2610 = VERTEX_POINT('',#2611);
#2611 = CARTESIAN_POINT('',(0.949999999999,-1.59,2.539999999999));
#2612 = LINE('',#2613,#2614);
#2613 = CARTESIAN_POINT('',(0.949999999999,0.,2.54));
#2614 = VECTOR('',#2615,1.);
#2615 = DIRECTION('',(0.,-1.,0.));
#2616 = ORIENTED_EDGE('',*,*,#2617,.T.);
#2617 = EDGE_CURVE('',#2608,#2618,#2620,.T.);
#2618 = VERTEX_POINT('',#2619);
#2619 = CARTESIAN_POINT('',(1.589999999999,-0.95,2.539999999999));
#2620 = LINE('',#2621,#2622);
#2621 = CARTESIAN_POINT('',(0.,-0.95,2.54));
#2622 = VECTOR('',#2623,1.);
#2623 = DIRECTION('',(1.,0.,0.));
#2624 = ORIENTED_EDGE('',*,*,#2625,.T.);
#2625 = EDGE_CURVE('',#2618,#2626,#2628,.T.);
#2626 = VERTEX_POINT('',#2627);
#2627 = CARTESIAN_POINT('',(1.589999999999,-1.59,2.54));
#2628 = LINE('',#2629,#2630);
#2629 = CARTESIAN_POINT('',(1.589999999999,0.,2.54));
#2630 = VECTOR('',#2631,1.);
#2631 = DIRECTION('',(0.,-1.,0.));
#2632 = ORIENTED_EDGE('',*,*,#2633,.T.);
#2633 = EDGE_CURVE('',#2626,#2610,#2634,.T.);
#2634 = LINE('',#2635,#2636);
#2635 = CARTESIAN_POINT('',(0.,-1.59,2.54));
#2636 = VECTOR('',#2637,1.);
#2637 = DIRECTION('',(-1.,0.,0.));
#2638 = FACE_BOUND('',#2639,.T.);
#2639 = EDGE_LOOP('',(#2640,#2650,#2658,#2666));
#2640 = ORIENTED_EDGE('',*,*,#2641,.F.);
#2641 = EDGE_CURVE('',#2642,#2644,#2646,.T.);
#2642 = VERTEX_POINT('',#2643);
#2643 = CARTESIAN_POINT('',(-1.59,-0.95,2.539999999999));
#2644 = VERTEX_POINT('',#2645);
#2645 = CARTESIAN_POINT('',(-1.59,-1.59,2.539999999999));
#2646 = LINE('',#2647,#2648);
#2647 = CARTESIAN_POINT('',(-1.59,0.,2.54));
#2648 = VECTOR('',#2649,1.);
#2649 = DIRECTION('',(0.,-1.,0.));
#2650 = ORIENTED_EDGE('',*,*,#2651,.T.);
#2651 = EDGE_CURVE('',#2642,#2652,#2654,.T.);
#2652 = VERTEX_POINT('',#2653);
#2653 = CARTESIAN_POINT('',(-0.95,-0.95,2.539999999999));
#2654 = LINE('',#2655,#2656);
#2655 = CARTESIAN_POINT('',(0.,-0.95,2.54));
#2656 = VECTOR('',#2657,1.);
#2657 = DIRECTION('',(1.,0.,0.));
#2658 = ORIENTED_EDGE('',*,*,#2659,.T.);
#2659 = EDGE_CURVE('',#2652,#2660,#2662,.T.);
#2660 = VERTEX_POINT('',#2661);
#2661 = CARTESIAN_POINT('',(-0.95,-1.59,2.54));
#2662 = LINE('',#2663,#2664);
#2663 = CARTESIAN_POINT('',(-0.95,0.,2.54));
#2664 = VECTOR('',#2665,1.);
#2665 = DIRECTION('',(0.,-1.,0.));
#2666 = ORIENTED_EDGE('',*,*,#2667,.T.);
#2667 = EDGE_CURVE('',#2660,#2644,#2668,.T.);
#2668 = LINE('',#2669,#2670);
#2669 = CARTESIAN_POINT('',(0.,-1.59,2.54));
#2670 = VECTOR('',#2671,1.);
#2671 = DIRECTION('',(-1.,0.,0.));
#2672 = FACE_BOUND('',#2673,.T.);
#2673 = EDGE_LOOP('',(#2674,#2684,#2692,#2700,#2708,#2716,#2724,#2732,
    #2740,#2748,#2756,#2764,#2772,#2780,#2788,#2796,#2804,#2812,#2820,
    #2828,#2836,#2844,#2850,#2851,#2859,#2867));
#2674 = ORIENTED_EDGE('',*,*,#2675,.F.);
#2675 = EDGE_CURVE('',#2676,#2678,#2680,.T.);
#2676 = VERTEX_POINT('',#2677);
#2677 = CARTESIAN_POINT('',(1.939999999999,2.539999999999,2.54));
#2678 = VERTEX_POINT('',#2679);
#2679 = CARTESIAN_POINT('',(2.54,1.84,2.54));
#2680 = LINE('',#2681,#2682);
#2681 = CARTESIAN_POINT('',(2.54,1.84,2.54));
#2682 = VECTOR('',#2683,1.);
#2683 = DIRECTION('',(0.650791373456,-0.759256602366,0.));
#2684 = ORIENTED_EDGE('',*,*,#2685,.T.);
#2685 = EDGE_CURVE('',#2676,#2686,#2688,.T.);
#2686 = VERTEX_POINT('',#2687);
#2687 = CARTESIAN_POINT('',(0.599999999999,2.539999999999,2.54));
#2688 = LINE('',#2689,#2690);
#2689 = CARTESIAN_POINT('',(-5.08,2.54,2.54));
#2690 = VECTOR('',#2691,1.);
#2691 = DIRECTION('',(-1.,0.,0.));
#2692 = ORIENTED_EDGE('',*,*,#2693,.F.);
#2693 = EDGE_CURVE('',#2694,#2686,#2696,.T.);
#2694 = VERTEX_POINT('',#2695);
#2695 = CARTESIAN_POINT('',(0.,1.84,2.54));
#2696 = LINE('',#2697,#2698);
#2697 = CARTESIAN_POINT('',(-8.673617379884E-16,1.839999999999,2.54));
#2698 = VECTOR('',#2699,1.);
#2699 = DIRECTION('',(0.650791373456,0.759256602366,0.));
#2700 = ORIENTED_EDGE('',*,*,#2701,.F.);
#2701 = EDGE_CURVE('',#2702,#2694,#2704,.T.);
#2702 = VERTEX_POINT('',#2703);
#2703 = CARTESIAN_POINT('',(-0.6,2.54,2.54));
#2704 = LINE('',#2705,#2706);
#2705 = CARTESIAN_POINT('',(0.,1.84,2.54));
#2706 = VECTOR('',#2707,1.);
#2707 = DIRECTION('',(0.650791373456,-0.759256602366,0.));
#2708 = ORIENTED_EDGE('',*,*,#2709,.T.);
#2709 = EDGE_CURVE('',#2702,#2710,#2712,.T.);
#2710 = VERTEX_POINT('',#2711);
#2711 = CARTESIAN_POINT('',(-1.94,2.54,2.54));
#2712 = LINE('',#2713,#2714);
#2713 = CARTESIAN_POINT('',(-5.08,2.54,2.54));
#2714 = VECTOR('',#2715,1.);
#2715 = DIRECTION('',(-1.,0.,0.));
#2716 = ORIENTED_EDGE('',*,*,#2717,.F.);
#2717 = EDGE_CURVE('',#2718,#2710,#2720,.T.);
#2718 = VERTEX_POINT('',#2719);
#2719 = CARTESIAN_POINT('',(-2.54,1.839999999999,2.54));
#2720 = LINE('',#2721,#2722);
#2721 = CARTESIAN_POINT('',(-2.54,1.839999999999,2.54));
#2722 = VECTOR('',#2723,1.);
#2723 = DIRECTION('',(0.650791373456,0.759256602366,0.));
#2724 = ORIENTED_EDGE('',*,*,#2725,.F.);
#2725 = EDGE_CURVE('',#2726,#2718,#2728,.T.);
#2726 = VERTEX_POINT('',#2727);
#2727 = CARTESIAN_POINT('',(-3.14,2.54,2.54));
#2728 = LINE('',#2729,#2730);
#2729 = CARTESIAN_POINT('',(-2.54,1.84,2.54));
#2730 = VECTOR('',#2731,1.);
#2731 = DIRECTION('',(0.650791373456,-0.759256602366,0.));
#2732 = ORIENTED_EDGE('',*,*,#2733,.T.);
#2733 = EDGE_CURVE('',#2726,#2734,#2736,.T.);
#2734 = VERTEX_POINT('',#2735);
#2735 = CARTESIAN_POINT('',(-4.48,2.54,2.54));
#2736 = LINE('',#2737,#2738);
#2737 = CARTESIAN_POINT('',(-5.08,2.54,2.54));
#2738 = VECTOR('',#2739,1.);
#2739 = DIRECTION('',(-1.,0.,0.));
#2740 = ORIENTED_EDGE('',*,*,#2741,.F.);
#2741 = EDGE_CURVE('',#2742,#2734,#2744,.T.);
#2742 = VERTEX_POINT('',#2743);
#2743 = CARTESIAN_POINT('',(-5.08,1.84,2.54));
#2744 = LINE('',#2745,#2746);
#2745 = CARTESIAN_POINT('',(-5.08,1.84,2.54));
#2746 = VECTOR('',#2747,1.);
#2747 = DIRECTION('',(0.650791373456,0.759256602366,0.));
#2748 = ORIENTED_EDGE('',*,*,#2749,.T.);
#2749 = EDGE_CURVE('',#2742,#2750,#2752,.T.);
#2750 = VERTEX_POINT('',#2751);
#2751 = CARTESIAN_POINT('',(-5.08,-1.84,2.54));
#2752 = LINE('',#2753,#2754);
#2753 = CARTESIAN_POINT('',(-5.08,2.54,2.54));
#2754 = VECTOR('',#2755,1.);
#2755 = DIRECTION('',(1.70740499604E-16,-1.,0.));
#2756 = ORIENTED_EDGE('',*,*,#2757,.F.);
#2757 = EDGE_CURVE('',#2758,#2750,#2760,.T.);
#2758 = VERTEX_POINT('',#2759);
#2759 = CARTESIAN_POINT('',(-4.48,-2.54,2.54));
#2760 = LINE('',#2761,#2762);
#2761 = CARTESIAN_POINT('',(-5.08,-1.84,2.54));
#2762 = VECTOR('',#2763,1.);
#2763 = DIRECTION('',(-0.650791373456,0.759256602366,0.));
#2764 = ORIENTED_EDGE('',*,*,#2765,.T.);
#2765 = EDGE_CURVE('',#2758,#2766,#2768,.T.);
#2766 = VERTEX_POINT('',#2767);
#2767 = CARTESIAN_POINT('',(-3.14,-2.54,2.54));
#2768 = LINE('',#2769,#2770);
#2769 = CARTESIAN_POINT('',(-5.08,-2.54,2.54));
#2770 = VECTOR('',#2771,1.);
#2771 = DIRECTION('',(1.,0.,0.));
#2772 = ORIENTED_EDGE('',*,*,#2773,.F.);
#2773 = EDGE_CURVE('',#2774,#2766,#2776,.T.);
#2774 = VERTEX_POINT('',#2775);
#2775 = CARTESIAN_POINT('',(-2.54,-1.84,2.54));
#2776 = LINE('',#2777,#2778);
#2777 = CARTESIAN_POINT('',(-2.54,-1.84,2.54));
#2778 = VECTOR('',#2779,1.);
#2779 = DIRECTION('',(-0.650791373456,-0.759256602366,0.));
#2780 = ORIENTED_EDGE('',*,*,#2781,.F.);
#2781 = EDGE_CURVE('',#2782,#2774,#2784,.T.);
#2782 = VERTEX_POINT('',#2783);
#2783 = CARTESIAN_POINT('',(-1.94,-2.54,2.54));
#2784 = LINE('',#2785,#2786);
#2785 = CARTESIAN_POINT('',(-2.54,-1.84,2.54));
#2786 = VECTOR('',#2787,1.);
#2787 = DIRECTION('',(-0.650791373456,0.759256602366,0.));
#2788 = ORIENTED_EDGE('',*,*,#2789,.T.);
#2789 = EDGE_CURVE('',#2782,#2790,#2792,.T.);
#2790 = VERTEX_POINT('',#2791);
#2791 = CARTESIAN_POINT('',(-0.599999999999,-2.54,2.54));
#2792 = LINE('',#2793,#2794);
#2793 = CARTESIAN_POINT('',(-5.08,-2.54,2.54));
#2794 = VECTOR('',#2795,1.);
#2795 = DIRECTION('',(1.,0.,0.));
#2796 = ORIENTED_EDGE('',*,*,#2797,.F.);
#2797 = EDGE_CURVE('',#2798,#2790,#2800,.T.);
#2798 = VERTEX_POINT('',#2799);
#2799 = CARTESIAN_POINT('',(0.,-1.84,2.54));
#2800 = LINE('',#2801,#2802);
#2801 = CARTESIAN_POINT('',(0.,-1.84,2.54));
#2802 = VECTOR('',#2803,1.);
#2803 = DIRECTION('',(-0.650791373456,-0.759256602366,0.));
#2804 = ORIENTED_EDGE('',*,*,#2805,.F.);
#2805 = EDGE_CURVE('',#2806,#2798,#2808,.T.);
#2806 = VERTEX_POINT('',#2807);
#2807 = CARTESIAN_POINT('',(0.599999999999,-2.54,2.54));
#2808 = LINE('',#2809,#2810);
#2809 = CARTESIAN_POINT('',(0.,-1.84,2.54));
#2810 = VECTOR('',#2811,1.);
#2811 = DIRECTION('',(-0.650791373456,0.759256602366,0.));
#2812 = ORIENTED_EDGE('',*,*,#2813,.T.);
#2813 = EDGE_CURVE('',#2806,#2814,#2816,.T.);
#2814 = VERTEX_POINT('',#2815);
#2815 = CARTESIAN_POINT('',(1.94,-2.54,2.54));
#2816 = LINE('',#2817,#2818);
#2817 = CARTESIAN_POINT('',(-5.08,-2.54,2.54));
#2818 = VECTOR('',#2819,1.);
#2819 = DIRECTION('',(1.,0.,0.));
#2820 = ORIENTED_EDGE('',*,*,#2821,.F.);
#2821 = EDGE_CURVE('',#2822,#2814,#2824,.T.);
#2822 = VERTEX_POINT('',#2823);
#2823 = CARTESIAN_POINT('',(2.539999999999,-1.84,2.54));
#2824 = LINE('',#2825,#2826);
#2825 = CARTESIAN_POINT('',(2.54,-1.84,2.54));
#2826 = VECTOR('',#2827,1.);
#2827 = DIRECTION('',(-0.650791373456,-0.759256602366,0.));
#2828 = ORIENTED_EDGE('',*,*,#2829,.F.);
#2829 = EDGE_CURVE('',#2830,#2822,#2832,.T.);
#2830 = VERTEX_POINT('',#2831);
#2831 = CARTESIAN_POINT('',(3.139999999999,-2.54,2.54));
#2832 = LINE('',#2833,#2834);
#2833 = CARTESIAN_POINT('',(2.539999999999,-1.84,2.54));
#2834 = VECTOR('',#2835,1.);
#2835 = DIRECTION('',(-0.650791373456,0.759256602366,0.));
#2836 = ORIENTED_EDGE('',*,*,#2837,.T.);
#2837 = EDGE_CURVE('',#2830,#2838,#2840,.T.);
#2838 = VERTEX_POINT('',#2839);
#2839 = CARTESIAN_POINT('',(4.479999999999,-2.54,2.54));
#2840 = LINE('',#2841,#2842);
#2841 = CARTESIAN_POINT('',(-5.08,-2.54,2.54));
#2842 = VECTOR('',#2843,1.);
#2843 = DIRECTION('',(1.,0.,0.));
#2844 = ORIENTED_EDGE('',*,*,#2845,.F.);
#2845 = EDGE_CURVE('',#554,#2838,#2846,.T.);
#2846 = LINE('',#2847,#2848);
#2847 = CARTESIAN_POINT('',(5.079999999999,-1.84,2.54));
#2848 = VECTOR('',#2849,1.);
#2849 = DIRECTION('',(-0.650791373456,-0.759256602366,0.));
#2850 = ORIENTED_EDGE('',*,*,#553,.T.);
#2851 = ORIENTED_EDGE('',*,*,#2852,.F.);
#2852 = EDGE_CURVE('',#2853,#546,#2855,.T.);
#2853 = VERTEX_POINT('',#2854);
#2854 = CARTESIAN_POINT('',(4.479999999999,2.539999999999,2.54));
#2855 = LINE('',#2856,#2857);
#2856 = CARTESIAN_POINT('',(5.079999999999,1.839999999999,2.54));
#2857 = VECTOR('',#2858,1.);
#2858 = DIRECTION('',(0.650791373456,-0.759256602366,0.));
#2859 = ORIENTED_EDGE('',*,*,#2860,.T.);
#2860 = EDGE_CURVE('',#2853,#2861,#2863,.T.);
#2861 = VERTEX_POINT('',#2862);
#2862 = CARTESIAN_POINT('',(3.139999999999,2.539999999999,2.54));
#2863 = LINE('',#2864,#2865);
#2864 = CARTESIAN_POINT('',(-5.08,2.54,2.54));
#2865 = VECTOR('',#2866,1.);
#2866 = DIRECTION('',(-1.,0.,0.));
#2867 = ORIENTED_EDGE('',*,*,#2868,.F.);
#2868 = EDGE_CURVE('',#2678,#2861,#2869,.T.);
#2869 = LINE('',#2870,#2871);
#2870 = CARTESIAN_POINT('',(2.539999999999,1.839999999999,2.54));
#2871 = VECTOR('',#2872,1.);
#2872 = DIRECTION('',(0.650791373456,0.759256602366,0.));
#2873 = FACE_BOUND('',#2874,.T.);
#2874 = EDGE_LOOP('',(#2875,#2885,#2893,#2901));
#2875 = ORIENTED_EDGE('',*,*,#2876,.F.);
#2876 = EDGE_CURVE('',#2877,#2879,#2881,.T.);
#2877 = VERTEX_POINT('',#2878);
#2878 = CARTESIAN_POINT('',(-4.13,-0.95,2.539999999999));
#2879 = VERTEX_POINT('',#2880);
#2880 = CARTESIAN_POINT('',(-4.13,-1.59,2.539999999999));
#2881 = LINE('',#2882,#2883);
#2882 = CARTESIAN_POINT('',(-4.13,0.,2.54));
#2883 = VECTOR('',#2884,1.);
#2884 = DIRECTION('',(0.,-1.,0.));
#2885 = ORIENTED_EDGE('',*,*,#2886,.T.);
#2886 = EDGE_CURVE('',#2877,#2887,#2889,.T.);
#2887 = VERTEX_POINT('',#2888);
#2888 = CARTESIAN_POINT('',(-3.49,-0.95,2.539999999999));
#2889 = LINE('',#2890,#2891);
#2890 = CARTESIAN_POINT('',(0.,-0.95,2.54));
#2891 = VECTOR('',#2892,1.);
#2892 = DIRECTION('',(1.,0.,0.));
#2893 = ORIENTED_EDGE('',*,*,#2894,.T.);
#2894 = EDGE_CURVE('',#2887,#2895,#2897,.T.);
#2895 = VERTEX_POINT('',#2896);
#2896 = CARTESIAN_POINT('',(-3.49,-1.59,2.54));
#2897 = LINE('',#2898,#2899);
#2898 = CARTESIAN_POINT('',(-3.49,0.,2.54));
#2899 = VECTOR('',#2900,1.);
#2900 = DIRECTION('',(0.,-1.,0.));
#2901 = ORIENTED_EDGE('',*,*,#2902,.T.);
#2902 = EDGE_CURVE('',#2895,#2879,#2903,.T.);
#2903 = LINE('',#2904,#2905);
#2904 = CARTESIAN_POINT('',(0.,-1.59,2.54));
#2905 = VECTOR('',#2906,1.);
#2906 = DIRECTION('',(-1.,0.,0.));
#2907 = FACE_BOUND('',#2908,.T.);
#2908 = EDGE_LOOP('',(#2909,#2919,#2927,#2935));
#2909 = ORIENTED_EDGE('',*,*,#2910,.T.);
#2910 = EDGE_CURVE('',#2911,#2913,#2915,.T.);
#2911 = VERTEX_POINT('',#2912);
#2912 = CARTESIAN_POINT('',(-3.49,0.949999999999,2.54));
#2913 = VERTEX_POINT('',#2914);
#2914 = CARTESIAN_POINT('',(-4.13,0.949999999999,2.54));
#2915 = LINE('',#2916,#2917);
#2916 = CARTESIAN_POINT('',(0.,0.949999999999,2.54));
#2917 = VECTOR('',#2918,1.);
#2918 = DIRECTION('',(-1.,0.,0.));
#2919 = ORIENTED_EDGE('',*,*,#2920,.T.);
#2920 = EDGE_CURVE('',#2913,#2921,#2923,.T.);
#2921 = VERTEX_POINT('',#2922);
#2922 = CARTESIAN_POINT('',(-4.13,1.589999999999,2.54));
#2923 = LINE('',#2924,#2925);
#2924 = CARTESIAN_POINT('',(-4.13,0.,2.54));
#2925 = VECTOR('',#2926,1.);
#2926 = DIRECTION('',(0.,1.,0.));
#2927 = ORIENTED_EDGE('',*,*,#2928,.T.);
#2928 = EDGE_CURVE('',#2921,#2929,#2931,.T.);
#2929 = VERTEX_POINT('',#2930);
#2930 = CARTESIAN_POINT('',(-3.49,1.589999999999,2.539999999999));
#2931 = LINE('',#2932,#2933);
#2932 = CARTESIAN_POINT('',(0.,1.589999999999,2.54));
#2933 = VECTOR('',#2934,1.);
#2934 = DIRECTION('',(1.,0.,0.));
#2935 = ORIENTED_EDGE('',*,*,#2936,.F.);
#2936 = EDGE_CURVE('',#2911,#2929,#2937,.T.);
#2937 = LINE('',#2938,#2939);
#2938 = CARTESIAN_POINT('',(-3.49,0.,2.54));
#2939 = VECTOR('',#2940,1.);
#2940 = DIRECTION('',(0.,1.,0.));
#2941 = FACE_BOUND('',#2942,.T.);
#2942 = EDGE_LOOP('',(#2943,#2953,#2961,#2969));
#2943 = ORIENTED_EDGE('',*,*,#2944,.T.);
#2944 = EDGE_CURVE('',#2945,#2947,#2949,.T.);
#2945 = VERTEX_POINT('',#2946);
#2946 = CARTESIAN_POINT('',(-0.95,0.949999999999,2.54));
#2947 = VERTEX_POINT('',#2948);
#2948 = CARTESIAN_POINT('',(-1.59,0.949999999999,2.54));
#2949 = LINE('',#2950,#2951);
#2950 = CARTESIAN_POINT('',(0.,0.949999999999,2.54));
#2951 = VECTOR('',#2952,1.);
#2952 = DIRECTION('',(-1.,0.,0.));
#2953 = ORIENTED_EDGE('',*,*,#2954,.T.);
#2954 = EDGE_CURVE('',#2947,#2955,#2957,.T.);
#2955 = VERTEX_POINT('',#2956);
#2956 = CARTESIAN_POINT('',(-1.59,1.589999999999,2.54));
#2957 = LINE('',#2958,#2959);
#2958 = CARTESIAN_POINT('',(-1.59,0.,2.54));
#2959 = VECTOR('',#2960,1.);
#2960 = DIRECTION('',(0.,1.,0.));
#2961 = ORIENTED_EDGE('',*,*,#2962,.T.);
#2962 = EDGE_CURVE('',#2955,#2963,#2965,.T.);
#2963 = VERTEX_POINT('',#2964);
#2964 = CARTESIAN_POINT('',(-0.95,1.589999999999,2.539999999999));
#2965 = LINE('',#2966,#2967);
#2966 = CARTESIAN_POINT('',(0.,1.589999999999,2.54));
#2967 = VECTOR('',#2968,1.);
#2968 = DIRECTION('',(1.,0.,0.));
#2969 = ORIENTED_EDGE('',*,*,#2970,.F.);
#2970 = EDGE_CURVE('',#2945,#2963,#2971,.T.);
#2971 = LINE('',#2972,#2973);
#2972 = CARTESIAN_POINT('',(-0.95,0.,2.54));
#2973 = VECTOR('',#2974,1.);
#2974 = DIRECTION('',(0.,1.,0.));
#2975 = FACE_BOUND('',#2976,.T.);
#2976 = EDGE_LOOP('',(#2977,#2987,#2995,#3003));
#2977 = ORIENTED_EDGE('',*,*,#2978,.T.);
#2978 = EDGE_CURVE('',#2979,#2981,#2983,.T.);
#2979 = VERTEX_POINT('',#2980);
#2980 = CARTESIAN_POINT('',(1.589999999999,0.949999999999,2.54));
#2981 = VERTEX_POINT('',#2982);
#2982 = CARTESIAN_POINT('',(0.949999999999,0.949999999999,2.54));
#2983 = LINE('',#2984,#2985);
#2984 = CARTESIAN_POINT('',(0.,0.949999999999,2.54));
#2985 = VECTOR('',#2986,1.);
#2986 = DIRECTION('',(-1.,0.,0.));
#2987 = ORIENTED_EDGE('',*,*,#2988,.T.);
#2988 = EDGE_CURVE('',#2981,#2989,#2991,.T.);
#2989 = VERTEX_POINT('',#2990);
#2990 = CARTESIAN_POINT('',(0.949999999999,1.589999999999,2.54));
#2991 = LINE('',#2992,#2993);
#2992 = CARTESIAN_POINT('',(0.949999999999,0.,2.54));
#2993 = VECTOR('',#2994,1.);
#2994 = DIRECTION('',(0.,1.,0.));
#2995 = ORIENTED_EDGE('',*,*,#2996,.T.);
#2996 = EDGE_CURVE('',#2989,#2997,#2999,.T.);
#2997 = VERTEX_POINT('',#2998);
#2998 = CARTESIAN_POINT('',(1.589999999999,1.589999999999,2.539999999999
    ));
#2999 = LINE('',#3000,#3001);
#3000 = CARTESIAN_POINT('',(0.,1.589999999999,2.54));
#3001 = VECTOR('',#3002,1.);
#3002 = DIRECTION('',(1.,0.,0.));
#3003 = ORIENTED_EDGE('',*,*,#3004,.F.);
#3004 = EDGE_CURVE('',#2979,#2997,#3005,.T.);
#3005 = LINE('',#3006,#3007);
#3006 = CARTESIAN_POINT('',(1.589999999999,0.,2.54));
#3007 = VECTOR('',#3008,1.);
#3008 = DIRECTION('',(0.,1.,0.));
#3009 = FACE_BOUND('',#3010,.T.);
#3010 = EDGE_LOOP('',(#3011,#3021,#3029,#3037));
#3011 = ORIENTED_EDGE('',*,*,#3012,.T.);
#3012 = EDGE_CURVE('',#3013,#3015,#3017,.T.);
#3013 = VERTEX_POINT('',#3014);
#3014 = CARTESIAN_POINT('',(4.129999999999,0.949999999999,2.54));
#3015 = VERTEX_POINT('',#3016);
#3016 = CARTESIAN_POINT('',(3.49,0.949999999999,2.54));
#3017 = LINE('',#3018,#3019);
#3018 = CARTESIAN_POINT('',(0.,0.949999999999,2.54));
#3019 = VECTOR('',#3020,1.);
#3020 = DIRECTION('',(-1.,0.,0.));
#3021 = ORIENTED_EDGE('',*,*,#3022,.T.);
#3022 = EDGE_CURVE('',#3015,#3023,#3025,.T.);
#3023 = VERTEX_POINT('',#3024);
#3024 = CARTESIAN_POINT('',(3.49,1.589999999999,2.54));
#3025 = LINE('',#3026,#3027);
#3026 = CARTESIAN_POINT('',(3.49,0.,2.54));
#3027 = VECTOR('',#3028,1.);
#3028 = DIRECTION('',(0.,1.,0.));
#3029 = ORIENTED_EDGE('',*,*,#3030,.T.);
#3030 = EDGE_CURVE('',#3023,#3031,#3033,.T.);
#3031 = VERTEX_POINT('',#3032);
#3032 = CARTESIAN_POINT('',(4.129999999999,1.589999999999,2.539999999999
    ));
#3033 = LINE('',#3034,#3035);
#3034 = CARTESIAN_POINT('',(0.,1.589999999999,2.54));
#3035 = VECTOR('',#3036,1.);
#3036 = DIRECTION('',(1.,0.,0.));
#3037 = ORIENTED_EDGE('',*,*,#3038,.F.);
#3038 = EDGE_CURVE('',#3013,#3031,#3039,.T.);
#3039 = LINE('',#3040,#3041);
#3040 = CARTESIAN_POINT('',(4.129999999999,0.,2.54));
#3041 = VECTOR('',#3042,1.);
#3042 = DIRECTION('',(0.,1.,0.));
#3043 = PLANE('',#3044);
#3044 = AXIS2_PLACEMENT_3D('',#3045,#3046,#3047);
#3045 = CARTESIAN_POINT('',(0.,0.,2.54));
#3046 = DIRECTION('',(0.,0.,1.));
#3047 = DIRECTION('',(1.,0.,-0.));
#3048 = ADVANCED_FACE('',(#3049),#3083,.F.);
#3049 = FACE_BOUND('',#3050,.T.);
#3050 = EDGE_LOOP('',(#3051,#3061,#3069,#3077));
#3051 = ORIENTED_EDGE('',*,*,#3052,.F.);
#3052 = EDGE_CURVE('',#3053,#3055,#3057,.T.);
#3053 = VERTEX_POINT('',#3054);
#3054 = CARTESIAN_POINT('',(1.939999999999,2.539999999999,0.));
#3055 = VERTEX_POINT('',#3056);
#3056 = CARTESIAN_POINT('',(0.599999999999,2.539999999999,0.));
#3057 = LINE('',#3058,#3059);
#3058 = CARTESIAN_POINT('',(-5.08,2.54,0.));
#3059 = VECTOR('',#3060,1.);
#3060 = DIRECTION('',(-1.,0.,0.));
#3061 = ORIENTED_EDGE('',*,*,#3062,.T.);
#3062 = EDGE_CURVE('',#3053,#3063,#3065,.T.);
#3063 = VERTEX_POINT('',#3064);
#3064 = CARTESIAN_POINT('',(2.368571428571,2.039999999999,0.));
#3065 = LINE('',#3066,#3067);
#3066 = CARTESIAN_POINT('',(2.54,1.84,0.));
#3067 = VECTOR('',#3068,1.);
#3068 = DIRECTION('',(0.650791373456,-0.759256602366,0.));
#3069 = ORIENTED_EDGE('',*,*,#3070,.T.);
#3070 = EDGE_CURVE('',#3063,#3071,#3073,.T.);
#3071 = VERTEX_POINT('',#3072);
#3072 = CARTESIAN_POINT('',(0.171428571428,2.039999999999,0.));
#3073 = LINE('',#3074,#3075);
#3074 = CARTESIAN_POINT('',(5.08,2.039999999999,0.));
#3075 = VECTOR('',#3076,1.);
#3076 = DIRECTION('',(-1.,0.,0.));
#3077 = ORIENTED_EDGE('',*,*,#3078,.T.);
#3078 = EDGE_CURVE('',#3071,#3055,#3079,.T.);
#3079 = LINE('',#3080,#3081);
#3080 = CARTESIAN_POINT('',(-8.673617379884E-16,1.839999999999,0.));
#3081 = VECTOR('',#3082,1.);
#3082 = DIRECTION('',(0.650791373456,0.759256602366,0.));
#3083 = PLANE('',#3084);
#3084 = AXIS2_PLACEMENT_3D('',#3085,#3086,#3087);
#3085 = CARTESIAN_POINT('',(0.,0.,0.));
#3086 = DIRECTION('',(0.,0.,1.));
#3087 = DIRECTION('',(1.,0.,-0.));
#3088 = ADVANCED_FACE('',(#3089),#3123,.F.);
#3089 = FACE_BOUND('',#3090,.T.);
#3090 = EDGE_LOOP('',(#3091,#3101,#3109,#3117));
#3091 = ORIENTED_EDGE('',*,*,#3092,.F.);
#3092 = EDGE_CURVE('',#3093,#3095,#3097,.T.);
#3093 = VERTEX_POINT('',#3094);
#3094 = CARTESIAN_POINT('',(-0.6,2.54,0.));
#3095 = VERTEX_POINT('',#3096);
#3096 = CARTESIAN_POINT('',(-1.94,2.54,0.));
#3097 = LINE('',#3098,#3099);
#3098 = CARTESIAN_POINT('',(-5.08,2.54,0.));
#3099 = VECTOR('',#3100,1.);
#3100 = DIRECTION('',(-1.,0.,0.));
#3101 = ORIENTED_EDGE('',*,*,#3102,.T.);
#3102 = EDGE_CURVE('',#3093,#3103,#3105,.T.);
#3103 = VERTEX_POINT('',#3104);
#3104 = CARTESIAN_POINT('',(-0.171428571428,2.039999999999,0.));
#3105 = LINE('',#3106,#3107);
#3106 = CARTESIAN_POINT('',(0.,1.84,0.));
#3107 = VECTOR('',#3108,1.);
#3108 = DIRECTION('',(0.650791373456,-0.759256602366,0.));
#3109 = ORIENTED_EDGE('',*,*,#3110,.T.);
#3110 = EDGE_CURVE('',#3103,#3111,#3113,.T.);
#3111 = VERTEX_POINT('',#3112);
#3112 = CARTESIAN_POINT('',(-2.368571428571,2.039999999999,0.));
#3113 = LINE('',#3114,#3115);
#3114 = CARTESIAN_POINT('',(5.08,2.039999999999,0.));
#3115 = VECTOR('',#3116,1.);
#3116 = DIRECTION('',(-1.,0.,0.));
#3117 = ORIENTED_EDGE('',*,*,#3118,.T.);
#3118 = EDGE_CURVE('',#3111,#3095,#3119,.T.);
#3119 = LINE('',#3120,#3121);
#3120 = CARTESIAN_POINT('',(-2.54,1.839999999999,0.));
#3121 = VECTOR('',#3122,1.);
#3122 = DIRECTION('',(0.650791373456,0.759256602366,0.));
#3123 = PLANE('',#3124);
#3124 = AXIS2_PLACEMENT_3D('',#3125,#3126,#3127);
#3125 = CARTESIAN_POINT('',(0.,0.,0.));
#3126 = DIRECTION('',(0.,0.,1.));
#3127 = DIRECTION('',(1.,0.,-0.));
#3128 = ADVANCED_FACE('',(#3129),#3154,.F.);
#3129 = FACE_BOUND('',#3130,.T.);
#3130 = EDGE_LOOP('',(#3131,#3141,#3147,#3148));
#3131 = ORIENTED_EDGE('',*,*,#3132,.T.);
#3132 = EDGE_CURVE('',#3133,#3135,#3137,.T.);
#3133 = VERTEX_POINT('',#3134);
#3134 = CARTESIAN_POINT('',(0.599999999999,-2.54,0.));
#3135 = VERTEX_POINT('',#3136);
#3136 = CARTESIAN_POINT('',(1.94,-2.54,0.));
#3137 = LINE('',#3138,#3139);
#3138 = CARTESIAN_POINT('',(-5.08,-2.54,0.));
#3139 = VECTOR('',#3140,1.);
#3140 = DIRECTION('',(1.,0.,0.));
#3141 = ORIENTED_EDGE('',*,*,#3142,.T.);
#3142 = EDGE_CURVE('',#3135,#2814,#3143,.T.);
#3143 = LINE('',#3144,#3145);
#3144 = CARTESIAN_POINT('',(1.94,-2.54,0.));
#3145 = VECTOR('',#3146,1.);
#3146 = DIRECTION('',(0.,0.,1.));
#3147 = ORIENTED_EDGE('',*,*,#2813,.F.);
#3148 = ORIENTED_EDGE('',*,*,#3149,.F.);
#3149 = EDGE_CURVE('',#3133,#2806,#3150,.T.);
#3150 = LINE('',#3151,#3152);
#3151 = CARTESIAN_POINT('',(0.599999999999,-2.54,0.));
#3152 = VECTOR('',#3153,1.);
#3153 = DIRECTION('',(0.,0.,1.));
#3154 = PLANE('',#3155);
#3155 = AXIS2_PLACEMENT_3D('',#3156,#3157,#3158);
#3156 = CARTESIAN_POINT('',(-5.08,-2.54,2.54));
#3157 = DIRECTION('',(0.,1.,0.));
#3158 = DIRECTION('',(0.,-0.,1.));
#3159 = ADVANCED_FACE('',(#3160),#3185,.F.);
#3160 = FACE_BOUND('',#3161,.T.);
#3161 = EDGE_LOOP('',(#3162,#3172,#3178,#3179));
#3162 = ORIENTED_EDGE('',*,*,#3163,.T.);
#3163 = EDGE_CURVE('',#3164,#3166,#3168,.T.);
#3164 = VERTEX_POINT('',#3165);
#3165 = CARTESIAN_POINT('',(-1.94,-2.54,0.));
#3166 = VERTEX_POINT('',#3167);
#3167 = CARTESIAN_POINT('',(-0.599999999999,-2.54,0.));
#3168 = LINE('',#3169,#3170);
#3169 = CARTESIAN_POINT('',(-5.08,-2.54,0.));
#3170 = VECTOR('',#3171,1.);
#3171 = DIRECTION('',(1.,0.,0.));
#3172 = ORIENTED_EDGE('',*,*,#3173,.T.);
#3173 = EDGE_CURVE('',#3166,#2790,#3174,.T.);
#3174 = LINE('',#3175,#3176);
#3175 = CARTESIAN_POINT('',(-0.599999999999,-2.54,0.));
#3176 = VECTOR('',#3177,1.);
#3177 = DIRECTION('',(0.,0.,1.));
#3178 = ORIENTED_EDGE('',*,*,#2789,.F.);
#3179 = ORIENTED_EDGE('',*,*,#3180,.F.);
#3180 = EDGE_CURVE('',#3164,#2782,#3181,.T.);
#3181 = LINE('',#3182,#3183);
#3182 = CARTESIAN_POINT('',(-1.94,-2.54,0.));
#3183 = VECTOR('',#3184,1.);
#3184 = DIRECTION('',(0.,0.,1.));
#3185 = PLANE('',#3186);
#3186 = AXIS2_PLACEMENT_3D('',#3187,#3188,#3189);
#3187 = CARTESIAN_POINT('',(-5.08,-2.54,2.54));
#3188 = DIRECTION('',(0.,1.,0.));
#3189 = DIRECTION('',(0.,-0.,1.));
#3190 = ADVANCED_FACE('',(#3191),#3207,.F.);
#3191 = FACE_BOUND('',#3192,.T.);
#3192 = EDGE_LOOP('',(#3193,#3194,#3200,#3201));
#3193 = ORIENTED_EDGE('',*,*,#2685,.F.);
#3194 = ORIENTED_EDGE('',*,*,#3195,.F.);
#3195 = EDGE_CURVE('',#3053,#2676,#3196,.T.);
#3196 = LINE('',#3197,#3198);
#3197 = CARTESIAN_POINT('',(1.939999999999,2.539999999999,0.));
#3198 = VECTOR('',#3199,1.);
#3199 = DIRECTION('',(0.,0.,1.));
#3200 = ORIENTED_EDGE('',*,*,#3052,.T.);
#3201 = ORIENTED_EDGE('',*,*,#3202,.T.);
#3202 = EDGE_CURVE('',#3055,#2686,#3203,.T.);
#3203 = LINE('',#3204,#3205);
#3204 = CARTESIAN_POINT('',(0.599999999999,2.539999999999,0.));
#3205 = VECTOR('',#3206,1.);
#3206 = DIRECTION('',(0.,0.,1.));
#3207 = PLANE('',#3208);
#3208 = AXIS2_PLACEMENT_3D('',#3209,#3210,#3211);
#3209 = CARTESIAN_POINT('',(-5.08,2.54,2.54));
#3210 = DIRECTION('',(0.,-1.,0.));
#3211 = DIRECTION('',(0.,0.,-1.));
#3212 = ADVANCED_FACE('',(#3213),#3229,.F.);
#3213 = FACE_BOUND('',#3214,.T.);
#3214 = EDGE_LOOP('',(#3215,#3216,#3222,#3223));
#3215 = ORIENTED_EDGE('',*,*,#2709,.F.);
#3216 = ORIENTED_EDGE('',*,*,#3217,.F.);
#3217 = EDGE_CURVE('',#3093,#2702,#3218,.T.);
#3218 = LINE('',#3219,#3220);
#3219 = CARTESIAN_POINT('',(-0.6,2.54,0.));
#3220 = VECTOR('',#3221,1.);
#3221 = DIRECTION('',(0.,0.,1.));
#3222 = ORIENTED_EDGE('',*,*,#3092,.T.);
#3223 = ORIENTED_EDGE('',*,*,#3224,.T.);
#3224 = EDGE_CURVE('',#3095,#2710,#3225,.T.);
#3225 = LINE('',#3226,#3227);
#3226 = CARTESIAN_POINT('',(-1.94,2.54,0.));
#3227 = VECTOR('',#3228,1.);
#3228 = DIRECTION('',(0.,0.,1.));
#3229 = PLANE('',#3230);
#3230 = AXIS2_PLACEMENT_3D('',#3231,#3232,#3233);
#3231 = CARTESIAN_POINT('',(-5.08,2.54,2.54));
#3232 = DIRECTION('',(0.,-1.,0.));
#3233 = DIRECTION('',(0.,0.,-1.));
#3234 = ADVANCED_FACE('',(#3235),#3260,.F.);
#3235 = FACE_BOUND('',#3236,.T.);
#3236 = EDGE_LOOP('',(#3237,#3247,#3253,#3254));
#3237 = ORIENTED_EDGE('',*,*,#3238,.F.);
#3238 = EDGE_CURVE('',#3239,#3241,#3243,.T.);
#3239 = VERTEX_POINT('',#3240);
#3240 = CARTESIAN_POINT('',(2.368571428571,-2.04,0.));
#3241 = VERTEX_POINT('',#3242);
#3242 = CARTESIAN_POINT('',(0.171428571428,-2.04,0.));
#3243 = LINE('',#3244,#3245);
#3244 = CARTESIAN_POINT('',(5.08,-2.04,4.996558940521E-16));
#3245 = VECTOR('',#3246,1.);
#3246 = DIRECTION('',(-1.,0.,0.));
#3247 = ORIENTED_EDGE('',*,*,#3248,.T.);
#3248 = EDGE_CURVE('',#3239,#3135,#3249,.T.);
#3249 = LINE('',#3250,#3251);
#3250 = CARTESIAN_POINT('',(2.54,-1.84,0.));
#3251 = VECTOR('',#3252,1.);
#3252 = DIRECTION('',(-0.650791373456,-0.759256602366,0.));
#3253 = ORIENTED_EDGE('',*,*,#3132,.F.);
#3254 = ORIENTED_EDGE('',*,*,#3255,.T.);
#3255 = EDGE_CURVE('',#3133,#3241,#3256,.T.);
#3256 = LINE('',#3257,#3258);
#3257 = CARTESIAN_POINT('',(0.,-1.84,0.));
#3258 = VECTOR('',#3259,1.);
#3259 = DIRECTION('',(-0.650791373456,0.759256602366,0.));
#3260 = PLANE('',#3261);
#3261 = AXIS2_PLACEMENT_3D('',#3262,#3263,#3264);
#3262 = CARTESIAN_POINT('',(0.,0.,0.));
#3263 = DIRECTION('',(0.,0.,1.));
#3264 = DIRECTION('',(1.,0.,-0.));
#3265 = ADVANCED_FACE('',(#3266),#3291,.F.);
#3266 = FACE_BOUND('',#3267,.T.);
#3267 = EDGE_LOOP('',(#3268,#3278,#3284,#3285));
#3268 = ORIENTED_EDGE('',*,*,#3269,.F.);
#3269 = EDGE_CURVE('',#3270,#3272,#3274,.T.);
#3270 = VERTEX_POINT('',#3271);
#3271 = CARTESIAN_POINT('',(-0.171428571428,-2.04,0.));
#3272 = VERTEX_POINT('',#3273);
#3273 = CARTESIAN_POINT('',(-2.368571428571,-2.04,0.));
#3274 = LINE('',#3275,#3276);
#3275 = CARTESIAN_POINT('',(5.08,-2.04,4.996558940521E-16));
#3276 = VECTOR('',#3277,1.);
#3277 = DIRECTION('',(-1.,0.,0.));
#3278 = ORIENTED_EDGE('',*,*,#3279,.T.);
#3279 = EDGE_CURVE('',#3270,#3166,#3280,.T.);
#3280 = LINE('',#3281,#3282);
#3281 = CARTESIAN_POINT('',(0.,-1.84,0.));
#3282 = VECTOR('',#3283,1.);
#3283 = DIRECTION('',(-0.650791373456,-0.759256602366,0.));
#3284 = ORIENTED_EDGE('',*,*,#3163,.F.);
#3285 = ORIENTED_EDGE('',*,*,#3286,.T.);
#3286 = EDGE_CURVE('',#3164,#3272,#3287,.T.);
#3287 = LINE('',#3288,#3289);
#3288 = CARTESIAN_POINT('',(-2.54,-1.84,0.));
#3289 = VECTOR('',#3290,1.);
#3290 = DIRECTION('',(-0.650791373456,0.759256602366,0.));
#3291 = PLANE('',#3292);
#3292 = AXIS2_PLACEMENT_3D('',#3293,#3294,#3295);
#3293 = CARTESIAN_POINT('',(0.,0.,0.));
#3294 = DIRECTION('',(0.,0.,1.));
#3295 = DIRECTION('',(1.,0.,-0.));
#3296 = ADVANCED_FACE('',(#3297),#3313,.F.);
#3297 = FACE_BOUND('',#3298,.T.);
#3298 = EDGE_LOOP('',(#3299,#3300,#3306,#3307));
#3299 = ORIENTED_EDGE('',*,*,#3070,.F.);
#3300 = ORIENTED_EDGE('',*,*,#3301,.T.);
#3301 = EDGE_CURVE('',#3063,#2017,#3302,.T.);
#3302 = LINE('',#3303,#3304);
#3303 = CARTESIAN_POINT('',(2.368571428571,2.039999999999,0.));
#3304 = VECTOR('',#3305,1.);
#3305 = DIRECTION('',(0.,0.,1.));
#3306 = ORIENTED_EDGE('',*,*,#2016,.T.);
#3307 = ORIENTED_EDGE('',*,*,#3308,.T.);
#3308 = EDGE_CURVE('',#2019,#3071,#3309,.T.);
#3309 = LINE('',#3310,#3311);
#3310 = CARTESIAN_POINT('',(0.171428571428,2.039999999999,0.));
#3311 = VECTOR('',#3312,1.);
#3312 = DIRECTION('',(0.,0.,-1.));
#3313 = PLANE('',#3314);
#3314 = AXIS2_PLACEMENT_3D('',#3315,#3316,#3317);
#3315 = CARTESIAN_POINT('',(5.08,2.039999999999,0.));
#3316 = DIRECTION('',(0.,1.,0.));
#3317 = DIRECTION('',(0.,-0.,1.));
#3318 = ADVANCED_FACE('',(#3319),#3335,.F.);
#3319 = FACE_BOUND('',#3320,.T.);
#3320 = EDGE_LOOP('',(#3321,#3322,#3328,#3329));
#3321 = ORIENTED_EDGE('',*,*,#3110,.F.);
#3322 = ORIENTED_EDGE('',*,*,#3323,.T.);
#3323 = EDGE_CURVE('',#3103,#2194,#3324,.T.);
#3324 = LINE('',#3325,#3326);
#3325 = CARTESIAN_POINT('',(-0.171428571428,2.039999999999,0.));
#3326 = VECTOR('',#3327,1.);
#3327 = DIRECTION('',(0.,0.,1.));
#3328 = ORIENTED_EDGE('',*,*,#2193,.T.);
#3329 = ORIENTED_EDGE('',*,*,#3330,.T.);
#3330 = EDGE_CURVE('',#2186,#3111,#3331,.T.);
#3331 = LINE('',#3332,#3333);
#3332 = CARTESIAN_POINT('',(-2.368571428571,2.039999999999,0.));
#3333 = VECTOR('',#3334,1.);
#3334 = DIRECTION('',(0.,0.,-1.));
#3335 = PLANE('',#3336);
#3336 = AXIS2_PLACEMENT_3D('',#3337,#3338,#3339);
#3337 = CARTESIAN_POINT('',(5.08,2.039999999999,0.));
#3338 = DIRECTION('',(0.,1.,0.));
#3339 = DIRECTION('',(0.,-0.,1.));
#3340 = ADVANCED_FACE('',(#3341),#3357,.F.);
#3341 = FACE_BOUND('',#3342,.T.);
#3342 = EDGE_LOOP('',(#3343,#3344,#3350,#3351));
#3343 = ORIENTED_EDGE('',*,*,#2089,.F.);
#3344 = ORIENTED_EDGE('',*,*,#3345,.T.);
#3345 = EDGE_CURVE('',#2082,#3239,#3346,.T.);
#3346 = LINE('',#3347,#3348);
#3347 = CARTESIAN_POINT('',(2.368571428571,-2.04,4.996558940521E-16));
#3348 = VECTOR('',#3349,1.);
#3349 = DIRECTION('',(0.,0.,-1.));
#3350 = ORIENTED_EDGE('',*,*,#3238,.T.);
#3351 = ORIENTED_EDGE('',*,*,#3352,.T.);
#3352 = EDGE_CURVE('',#3241,#2090,#3353,.T.);
#3353 = LINE('',#3354,#3355);
#3354 = CARTESIAN_POINT('',(0.171428571428,-2.04,4.996558940521E-16));
#3355 = VECTOR('',#3356,1.);
#3356 = DIRECTION('',(0.,0.,1.));
#3357 = PLANE('',#3358);
#3358 = AXIS2_PLACEMENT_3D('',#3359,#3360,#3361);
#3359 = CARTESIAN_POINT('',(5.08,-2.04,4.996558940521E-16));
#3360 = DIRECTION('',(0.,-1.,0.));
#3361 = DIRECTION('',(0.,0.,-1.));
#3362 = ADVANCED_FACE('',(#3363),#3379,.F.);
#3363 = FACE_BOUND('',#3364,.T.);
#3364 = EDGE_LOOP('',(#3365,#3366,#3372,#3373));
#3365 = ORIENTED_EDGE('',*,*,#2113,.F.);
#3366 = ORIENTED_EDGE('',*,*,#3367,.T.);
#3367 = EDGE_CURVE('',#2106,#3270,#3368,.T.);
#3368 = LINE('',#3369,#3370);
#3369 = CARTESIAN_POINT('',(-0.171428571428,-2.04,4.996558940521E-16));
#3370 = VECTOR('',#3371,1.);
#3371 = DIRECTION('',(0.,0.,-1.));
#3372 = ORIENTED_EDGE('',*,*,#3269,.T.);
#3373 = ORIENTED_EDGE('',*,*,#3374,.T.);
#3374 = EDGE_CURVE('',#3272,#2114,#3375,.T.);
#3375 = LINE('',#3376,#3377);
#3376 = CARTESIAN_POINT('',(-2.368571428571,-2.04,4.996558940521E-16));
#3377 = VECTOR('',#3378,1.);
#3378 = DIRECTION('',(0.,0.,1.));
#3379 = PLANE('',#3380);
#3380 = AXIS2_PLACEMENT_3D('',#3381,#3382,#3383);
#3381 = CARTESIAN_POINT('',(5.08,-2.04,4.996558940521E-16));
#3382 = DIRECTION('',(0.,-1.,0.));
#3383 = DIRECTION('',(0.,0.,-1.));
#3384 = ADVANCED_FACE('',(#3385),#3419,.F.);
#3385 = FACE_BOUND('',#3386,.T.);
#3386 = EDGE_LOOP('',(#3387,#3397,#3405,#3413));
#3387 = ORIENTED_EDGE('',*,*,#3388,.T.);
#3388 = EDGE_CURVE('',#3389,#3391,#3393,.T.);
#3389 = VERTEX_POINT('',#3390);
#3390 = CARTESIAN_POINT('',(4.908571428571,2.039999999999,0.));
#3391 = VERTEX_POINT('',#3392);
#3392 = CARTESIAN_POINT('',(2.711428571428,2.039999999999,0.));
#3393 = LINE('',#3394,#3395);
#3394 = CARTESIAN_POINT('',(5.08,2.039999999999,0.));
#3395 = VECTOR('',#3396,1.);
#3396 = DIRECTION('',(-1.,0.,0.));
#3397 = ORIENTED_EDGE('',*,*,#3398,.T.);
#3398 = EDGE_CURVE('',#3391,#3399,#3401,.T.);
#3399 = VERTEX_POINT('',#3400);
#3400 = CARTESIAN_POINT('',(3.139999999999,2.539999999999,0.));
#3401 = LINE('',#3402,#3403);
#3402 = CARTESIAN_POINT('',(2.539999999999,1.839999999999,0.));
#3403 = VECTOR('',#3404,1.);
#3404 = DIRECTION('',(0.650791373456,0.759256602366,0.));
#3405 = ORIENTED_EDGE('',*,*,#3406,.F.);
#3406 = EDGE_CURVE('',#3407,#3399,#3409,.T.);
#3407 = VERTEX_POINT('',#3408);
#3408 = CARTESIAN_POINT('',(4.479999999999,2.539999999999,0.));
#3409 = LINE('',#3410,#3411);
#3410 = CARTESIAN_POINT('',(-5.08,2.54,0.));
#3411 = VECTOR('',#3412,1.);
#3412 = DIRECTION('',(-1.,0.,0.));
#3413 = ORIENTED_EDGE('',*,*,#3414,.T.);
#3414 = EDGE_CURVE('',#3407,#3389,#3415,.T.);
#3415 = LINE('',#3416,#3417);
#3416 = CARTESIAN_POINT('',(5.079999999999,1.839999999999,0.));
#3417 = VECTOR('',#3418,1.);
#3418 = DIRECTION('',(0.650791373456,-0.759256602366,0.));
#3419 = PLANE('',#3420);
#3420 = AXIS2_PLACEMENT_3D('',#3421,#3422,#3423);
#3421 = CARTESIAN_POINT('',(0.,0.,0.));
#3422 = DIRECTION('',(0.,0.,1.));
#3423 = DIRECTION('',(1.,0.,-0.));
#3424 = ADVANCED_FACE('',(#3425),#3459,.F.);
#3425 = FACE_BOUND('',#3426,.T.);
#3426 = EDGE_LOOP('',(#3427,#3437,#3445,#3453));
#3427 = ORIENTED_EDGE('',*,*,#3428,.T.);
#3428 = EDGE_CURVE('',#3429,#3431,#3433,.T.);
#3429 = VERTEX_POINT('',#3430);
#3430 = CARTESIAN_POINT('',(-3.14,2.54,0.));
#3431 = VERTEX_POINT('',#3432);
#3432 = CARTESIAN_POINT('',(-2.711428571428,2.039999999999,0.));
#3433 = LINE('',#3434,#3435);
#3434 = CARTESIAN_POINT('',(-2.54,1.84,0.));
#3435 = VECTOR('',#3436,1.);
#3436 = DIRECTION('',(0.650791373456,-0.759256602366,0.));
#3437 = ORIENTED_EDGE('',*,*,#3438,.T.);
#3438 = EDGE_CURVE('',#3431,#3439,#3441,.T.);
#3439 = VERTEX_POINT('',#3440);
#3440 = CARTESIAN_POINT('',(-4.908571428571,2.039999999999,0.));
#3441 = LINE('',#3442,#3443);
#3442 = CARTESIAN_POINT('',(5.08,2.039999999999,0.));
#3443 = VECTOR('',#3444,1.);
#3444 = DIRECTION('',(-1.,0.,0.));
#3445 = ORIENTED_EDGE('',*,*,#3446,.T.);
#3446 = EDGE_CURVE('',#3439,#3447,#3449,.T.);
#3447 = VERTEX_POINT('',#3448);
#3448 = CARTESIAN_POINT('',(-4.48,2.539999999999,0.));
#3449 = LINE('',#3450,#3451);
#3450 = CARTESIAN_POINT('',(-5.08,1.84,0.));
#3451 = VECTOR('',#3452,1.);
#3452 = DIRECTION('',(0.650791373456,0.759256602366,0.));
#3453 = ORIENTED_EDGE('',*,*,#3454,.F.);
#3454 = EDGE_CURVE('',#3429,#3447,#3455,.T.);
#3455 = LINE('',#3456,#3457);
#3456 = CARTESIAN_POINT('',(-5.08,2.54,0.));
#3457 = VECTOR('',#3458,1.);
#3458 = DIRECTION('',(-1.,0.,0.));
#3459 = PLANE('',#3460);
#3460 = AXIS2_PLACEMENT_3D('',#3461,#3462,#3463);
#3461 = CARTESIAN_POINT('',(0.,0.,0.));
#3462 = DIRECTION('',(0.,0.,1.));
#3463 = DIRECTION('',(1.,0.,-0.));
#3464 = ADVANCED_FACE('',(#3465),#3499,.F.);
#3465 = FACE_BOUND('',#3466,.T.);
#3466 = EDGE_LOOP('',(#3467,#3477,#3485,#3493));
#3467 = ORIENTED_EDGE('',*,*,#3468,.T.);
#3468 = EDGE_CURVE('',#3469,#3471,#3473,.T.);
#3469 = VERTEX_POINT('',#3470);
#3470 = CARTESIAN_POINT('',(-4.48,-2.54,0.));
#3471 = VERTEX_POINT('',#3472);
#3472 = CARTESIAN_POINT('',(-4.908571428571,-2.04,0.));
#3473 = LINE('',#3474,#3475);
#3474 = CARTESIAN_POINT('',(-5.08,-1.84,0.));
#3475 = VECTOR('',#3476,1.);
#3476 = DIRECTION('',(-0.650791373456,0.759256602366,0.));
#3477 = ORIENTED_EDGE('',*,*,#3478,.F.);
#3478 = EDGE_CURVE('',#3479,#3471,#3481,.T.);
#3479 = VERTEX_POINT('',#3480);
#3480 = CARTESIAN_POINT('',(-2.711428571428,-2.04,4.996558940521E-16));
#3481 = LINE('',#3482,#3483);
#3482 = CARTESIAN_POINT('',(5.08,-2.04,4.996558940521E-16));
#3483 = VECTOR('',#3484,1.);
#3484 = DIRECTION('',(-1.,0.,0.));
#3485 = ORIENTED_EDGE('',*,*,#3486,.T.);
#3486 = EDGE_CURVE('',#3479,#3487,#3489,.T.);
#3487 = VERTEX_POINT('',#3488);
#3488 = CARTESIAN_POINT('',(-3.139999999999,-2.54,0.));
#3489 = LINE('',#3490,#3491);
#3490 = CARTESIAN_POINT('',(-2.54,-1.84,0.));
#3491 = VECTOR('',#3492,1.);
#3492 = DIRECTION('',(-0.650791373456,-0.759256602366,0.));
#3493 = ORIENTED_EDGE('',*,*,#3494,.F.);
#3494 = EDGE_CURVE('',#3469,#3487,#3495,.T.);
#3495 = LINE('',#3496,#3497);
#3496 = CARTESIAN_POINT('',(-5.08,-2.54,0.));
#3497 = VECTOR('',#3498,1.);
#3498 = DIRECTION('',(1.,0.,0.));
#3499 = PLANE('',#3500);
#3500 = AXIS2_PLACEMENT_3D('',#3501,#3502,#3503);
#3501 = CARTESIAN_POINT('',(0.,0.,0.));
#3502 = DIRECTION('',(0.,0.,1.));
#3503 = DIRECTION('',(1.,0.,-0.));
#3504 = ADVANCED_FACE('',(#3505),#3521,.F.);
#3505 = FACE_BOUND('',#3506,.T.);
#3506 = EDGE_LOOP('',(#3507,#3508,#3514,#3515));
#3507 = ORIENTED_EDGE('',*,*,#2733,.F.);
#3508 = ORIENTED_EDGE('',*,*,#3509,.F.);
#3509 = EDGE_CURVE('',#3429,#2726,#3510,.T.);
#3510 = LINE('',#3511,#3512);
#3511 = CARTESIAN_POINT('',(-3.14,2.54,0.));
#3512 = VECTOR('',#3513,1.);
#3513 = DIRECTION('',(0.,0.,1.));
#3514 = ORIENTED_EDGE('',*,*,#3454,.T.);
#3515 = ORIENTED_EDGE('',*,*,#3516,.T.);
#3516 = EDGE_CURVE('',#3447,#2734,#3517,.T.);
#3517 = LINE('',#3518,#3519);
#3518 = CARTESIAN_POINT('',(-4.48,2.54,0.));
#3519 = VECTOR('',#3520,1.);
#3520 = DIRECTION('',(0.,0.,1.));
#3521 = PLANE('',#3522);
#3522 = AXIS2_PLACEMENT_3D('',#3523,#3524,#3525);
#3523 = CARTESIAN_POINT('',(-5.08,2.54,2.54));
#3524 = DIRECTION('',(0.,-1.,0.));
#3525 = DIRECTION('',(0.,0.,-1.));
#3526 = ADVANCED_FACE('',(#3527),#3552,.F.);
#3527 = FACE_BOUND('',#3528,.T.);
#3528 = EDGE_LOOP('',(#3529,#3530,#3538,#3546));
#3529 = ORIENTED_EDGE('',*,*,#2837,.F.);
#3530 = ORIENTED_EDGE('',*,*,#3531,.F.);
#3531 = EDGE_CURVE('',#3532,#2830,#3534,.T.);
#3532 = VERTEX_POINT('',#3533);
#3533 = CARTESIAN_POINT('',(3.139999999999,-2.54,0.));
#3534 = LINE('',#3535,#3536);
#3535 = CARTESIAN_POINT('',(3.139999999999,-2.54,0.));
#3536 = VECTOR('',#3537,1.);
#3537 = DIRECTION('',(0.,0.,1.));
#3538 = ORIENTED_EDGE('',*,*,#3539,.T.);
#3539 = EDGE_CURVE('',#3532,#3540,#3542,.T.);
#3540 = VERTEX_POINT('',#3541);
#3541 = CARTESIAN_POINT('',(4.479999999999,-2.54,0.));
#3542 = LINE('',#3543,#3544);
#3543 = CARTESIAN_POINT('',(-5.08,-2.54,0.));
#3544 = VECTOR('',#3545,1.);
#3545 = DIRECTION('',(1.,0.,0.));
#3546 = ORIENTED_EDGE('',*,*,#3547,.T.);
#3547 = EDGE_CURVE('',#3540,#2838,#3548,.T.);
#3548 = LINE('',#3549,#3550);
#3549 = CARTESIAN_POINT('',(4.479999999999,-2.54,0.));
#3550 = VECTOR('',#3551,1.);
#3551 = DIRECTION('',(0.,0.,1.));
#3552 = PLANE('',#3553);
#3553 = AXIS2_PLACEMENT_3D('',#3554,#3555,#3556);
#3554 = CARTESIAN_POINT('',(-5.08,-2.54,2.54));
#3555 = DIRECTION('',(0.,1.,0.));
#3556 = DIRECTION('',(0.,-0.,1.));
#3557 = ADVANCED_FACE('',(#3558),#3574,.F.);
#3558 = FACE_BOUND('',#3559,.T.);
#3559 = EDGE_LOOP('',(#3560,#3561,#3567,#3568));
#3560 = ORIENTED_EDGE('',*,*,#3406,.T.);
#3561 = ORIENTED_EDGE('',*,*,#3562,.T.);
#3562 = EDGE_CURVE('',#3399,#2861,#3563,.T.);
#3563 = LINE('',#3564,#3565);
#3564 = CARTESIAN_POINT('',(3.139999999999,2.539999999999,0.));
#3565 = VECTOR('',#3566,1.);
#3566 = DIRECTION('',(0.,0.,1.));
#3567 = ORIENTED_EDGE('',*,*,#2860,.F.);
#3568 = ORIENTED_EDGE('',*,*,#3569,.F.);
#3569 = EDGE_CURVE('',#3407,#2853,#3570,.T.);
#3570 = LINE('',#3571,#3572);
#3571 = CARTESIAN_POINT('',(4.479999999999,2.539999999999,0.));
#3572 = VECTOR('',#3573,1.);
#3573 = DIRECTION('',(0.,0.,1.));
#3574 = PLANE('',#3575);
#3575 = AXIS2_PLACEMENT_3D('',#3576,#3577,#3578);
#3576 = CARTESIAN_POINT('',(-5.08,2.54,2.54));
#3577 = DIRECTION('',(0.,-1.,0.));
#3578 = DIRECTION('',(0.,0.,-1.));
#3579 = ADVANCED_FACE('',(#3580),#3596,.F.);
#3580 = FACE_BOUND('',#3581,.T.);
#3581 = EDGE_LOOP('',(#3582,#3588,#3589,#3595));
#3582 = ORIENTED_EDGE('',*,*,#3583,.F.);
#3583 = EDGE_CURVE('',#2154,#2742,#3584,.T.);
#3584 = LINE('',#3585,#3586);
#3585 = CARTESIAN_POINT('',(-5.08,1.84,0.));
#3586 = VECTOR('',#3587,1.);
#3587 = DIRECTION('',(0.,0.,1.));
#3588 = ORIENTED_EDGE('',*,*,#2153,.F.);
#3589 = ORIENTED_EDGE('',*,*,#3590,.T.);
#3590 = EDGE_CURVE('',#2146,#2750,#3591,.T.);
#3591 = LINE('',#3592,#3593);
#3592 = CARTESIAN_POINT('',(-5.08,-1.84,0.));
#3593 = VECTOR('',#3594,1.);
#3594 = DIRECTION('',(0.,0.,1.));
#3595 = ORIENTED_EDGE('',*,*,#2749,.F.);
#3596 = PLANE('',#3597);
#3597 = AXIS2_PLACEMENT_3D('',#3598,#3599,#3600);
#3598 = CARTESIAN_POINT('',(-5.08,2.54,2.54));
#3599 = DIRECTION('',(1.,1.70740499604E-16,0.));
#3600 = DIRECTION('',(-1.70740499604E-16,1.,0.));
#3601 = ADVANCED_FACE('',(#3602),#3618,.F.);
#3602 = FACE_BOUND('',#3603,.T.);
#3603 = EDGE_LOOP('',(#3604,#3605,#3611,#3612));
#3604 = ORIENTED_EDGE('',*,*,#2765,.F.);
#3605 = ORIENTED_EDGE('',*,*,#3606,.F.);
#3606 = EDGE_CURVE('',#3469,#2758,#3607,.T.);
#3607 = LINE('',#3608,#3609);
#3608 = CARTESIAN_POINT('',(-4.48,-2.54,0.));
#3609 = VECTOR('',#3610,1.);
#3610 = DIRECTION('',(0.,0.,1.));
#3611 = ORIENTED_EDGE('',*,*,#3494,.T.);
#3612 = ORIENTED_EDGE('',*,*,#3613,.T.);
#3613 = EDGE_CURVE('',#3487,#2766,#3614,.T.);
#3614 = LINE('',#3615,#3616);
#3615 = CARTESIAN_POINT('',(-3.14,-2.54,0.));
#3616 = VECTOR('',#3617,1.);
#3617 = DIRECTION('',(0.,0.,1.));
#3618 = PLANE('',#3619);
#3619 = AXIS2_PLACEMENT_3D('',#3620,#3621,#3622);
#3620 = CARTESIAN_POINT('',(-5.08,-2.54,2.54));
#3621 = DIRECTION('',(0.,1.,0.));
#3622 = DIRECTION('',(0.,-0.,1.));
#3623 = ADVANCED_FACE('',(#3624),#3649,.F.);
#3624 = FACE_BOUND('',#3625,.T.);
#3625 = EDGE_LOOP('',(#3626,#3627,#3635,#3643));
#3626 = ORIENTED_EDGE('',*,*,#3539,.F.);
#3627 = ORIENTED_EDGE('',*,*,#3628,.T.);
#3628 = EDGE_CURVE('',#3532,#3629,#3631,.T.);
#3629 = VERTEX_POINT('',#3630);
#3630 = CARTESIAN_POINT('',(2.711428571428,-2.04,0.));
#3631 = LINE('',#3632,#3633);
#3632 = CARTESIAN_POINT('',(2.539999999999,-1.84,0.));
#3633 = VECTOR('',#3634,1.);
#3634 = DIRECTION('',(-0.650791373456,0.759256602366,0.));
#3635 = ORIENTED_EDGE('',*,*,#3636,.F.);
#3636 = EDGE_CURVE('',#3637,#3629,#3639,.T.);
#3637 = VERTEX_POINT('',#3638);
#3638 = CARTESIAN_POINT('',(4.908571428571,-2.04,4.996558940521E-16));
#3639 = LINE('',#3640,#3641);
#3640 = CARTESIAN_POINT('',(5.08,-2.04,4.996558940521E-16));
#3641 = VECTOR('',#3642,1.);
#3642 = DIRECTION('',(-1.,0.,0.));
#3643 = ORIENTED_EDGE('',*,*,#3644,.T.);
#3644 = EDGE_CURVE('',#3637,#3540,#3645,.T.);
#3645 = LINE('',#3646,#3647);
#3646 = CARTESIAN_POINT('',(5.079999999999,-1.84,0.));
#3647 = VECTOR('',#3648,1.);
#3648 = DIRECTION('',(-0.650791373456,-0.759256602366,0.));
#3649 = PLANE('',#3650);
#3650 = AXIS2_PLACEMENT_3D('',#3651,#3652,#3653);
#3651 = CARTESIAN_POINT('',(0.,0.,0.));
#3652 = DIRECTION('',(0.,0.,1.));
#3653 = DIRECTION('',(1.,0.,-0.));
#3654 = ADVANCED_FACE('',(#3655),#3668,.F.);
#3655 = FACE_BOUND('',#3656,.T.);
#3656 = EDGE_LOOP('',(#3657,#3658,#3664,#3665,#3666,#3667));
#3657 = ORIENTED_EDGE('',*,*,#3446,.F.);
#3658 = ORIENTED_EDGE('',*,*,#3659,.T.);
#3659 = EDGE_CURVE('',#3439,#2162,#3660,.T.);
#3660 = LINE('',#3661,#3662);
#3661 = CARTESIAN_POINT('',(-4.908571428571,2.039999999999,0.));
#3662 = VECTOR('',#3663,1.);
#3663 = DIRECTION('',(0.,0.,1.));
#3664 = ORIENTED_EDGE('',*,*,#2161,.T.);
#3665 = ORIENTED_EDGE('',*,*,#3583,.T.);
#3666 = ORIENTED_EDGE('',*,*,#2741,.T.);
#3667 = ORIENTED_EDGE('',*,*,#3516,.F.);
#3668 = PLANE('',#3669);
#3669 = AXIS2_PLACEMENT_3D('',#3670,#3671,#3672);
#3670 = CARTESIAN_POINT('',(-5.08,1.84,0.));
#3671 = DIRECTION('',(0.759256602366,-0.650791373456,0.));
#3672 = DIRECTION('',(0.650791373456,0.759256602366,0.));
#3673 = ADVANCED_FACE('',(#3674),#3692,.F.);
#3674 = FACE_BOUND('',#3675,.T.);
#3675 = EDGE_LOOP('',(#3676,#3677,#3683,#3684,#3685,#3686));
#3676 = ORIENTED_EDGE('',*,*,#2177,.T.);
#3677 = ORIENTED_EDGE('',*,*,#3678,.T.);
#3678 = EDGE_CURVE('',#2170,#3431,#3679,.T.);
#3679 = LINE('',#3680,#3681);
#3680 = CARTESIAN_POINT('',(-2.711428571428,2.039999999999,0.));
#3681 = VECTOR('',#3682,1.);
#3682 = DIRECTION('',(0.,0.,-1.));
#3683 = ORIENTED_EDGE('',*,*,#3428,.F.);
#3684 = ORIENTED_EDGE('',*,*,#3509,.T.);
#3685 = ORIENTED_EDGE('',*,*,#2725,.T.);
#3686 = ORIENTED_EDGE('',*,*,#3687,.F.);
#3687 = EDGE_CURVE('',#2178,#2718,#3688,.T.);
#3688 = LINE('',#3689,#3690);
#3689 = CARTESIAN_POINT('',(-2.54,1.84,0.));
#3690 = VECTOR('',#3691,1.);
#3691 = DIRECTION('',(0.,0.,1.));
#3692 = PLANE('',#3693);
#3693 = AXIS2_PLACEMENT_3D('',#3694,#3695,#3696);
#3694 = CARTESIAN_POINT('',(-2.54,1.84,0.));
#3695 = DIRECTION('',(-0.759256602366,-0.650791373456,0.));
#3696 = DIRECTION('',(0.650791373456,-0.759256602366,0.));
#3697 = ADVANCED_FACE('',(#3698),#3716,.F.);
#3698 = FACE_BOUND('',#3699,.T.);
#3699 = EDGE_LOOP('',(#3700,#3706,#3707,#3713,#3714,#3715));
#3700 = ORIENTED_EDGE('',*,*,#3701,.T.);
#3701 = EDGE_CURVE('',#3479,#2130,#3702,.T.);
#3702 = LINE('',#3703,#3704);
#3703 = CARTESIAN_POINT('',(-2.711428571428,-2.04,0.));
#3704 = VECTOR('',#3705,1.);
#3705 = DIRECTION('',(0.,0.,1.));
#3706 = ORIENTED_EDGE('',*,*,#2129,.T.);
#3707 = ORIENTED_EDGE('',*,*,#3708,.T.);
#3708 = EDGE_CURVE('',#2122,#2774,#3709,.T.);
#3709 = LINE('',#3710,#3711);
#3710 = CARTESIAN_POINT('',(-2.54,-1.84,0.));
#3711 = VECTOR('',#3712,1.);
#3712 = DIRECTION('',(0.,0.,1.));
#3713 = ORIENTED_EDGE('',*,*,#2773,.T.);
#3714 = ORIENTED_EDGE('',*,*,#3613,.F.);
#3715 = ORIENTED_EDGE('',*,*,#3486,.F.);
#3716 = PLANE('',#3717);
#3717 = AXIS2_PLACEMENT_3D('',#3718,#3719,#3720);
#3718 = CARTESIAN_POINT('',(-2.54,-1.84,0.));
#3719 = DIRECTION('',(-0.759256602366,0.650791373456,0.));
#3720 = DIRECTION('',(-0.650791373456,-0.759256602366,0.));
#3721 = ADVANCED_FACE('',(#3722),#3735,.F.);
#3722 = FACE_BOUND('',#3723,.T.);
#3723 = EDGE_LOOP('',(#3724,#3725,#3726,#3732,#3733,#3734));
#3724 = ORIENTED_EDGE('',*,*,#3590,.F.);
#3725 = ORIENTED_EDGE('',*,*,#2145,.T.);
#3726 = ORIENTED_EDGE('',*,*,#3727,.T.);
#3727 = EDGE_CURVE('',#2138,#3471,#3728,.T.);
#3728 = LINE('',#3729,#3730);
#3729 = CARTESIAN_POINT('',(-4.908571428571,-2.04,0.));
#3730 = VECTOR('',#3731,1.);
#3731 = DIRECTION('',(0.,0.,-1.));
#3732 = ORIENTED_EDGE('',*,*,#3468,.F.);
#3733 = ORIENTED_EDGE('',*,*,#3606,.T.);
#3734 = ORIENTED_EDGE('',*,*,#2757,.T.);
#3735 = PLANE('',#3736);
#3736 = AXIS2_PLACEMENT_3D('',#3737,#3738,#3739);
#3737 = CARTESIAN_POINT('',(-5.08,-1.84,0.));
#3738 = DIRECTION('',(0.759256602366,0.650791373456,0.));
#3739 = DIRECTION('',(-0.650791373456,0.759256602366,0.));
#3740 = ADVANCED_FACE('',(#3741),#3747,.F.);
#3741 = FACE_BOUND('',#3742,.T.);
#3742 = EDGE_LOOP('',(#3743,#3744,#3745,#3746));
#3743 = ORIENTED_EDGE('',*,*,#3438,.F.);
#3744 = ORIENTED_EDGE('',*,*,#3678,.F.);
#3745 = ORIENTED_EDGE('',*,*,#2169,.T.);
#3746 = ORIENTED_EDGE('',*,*,#3659,.F.);
#3747 = PLANE('',#3748);
#3748 = AXIS2_PLACEMENT_3D('',#3749,#3750,#3751);
#3749 = CARTESIAN_POINT('',(5.08,2.039999999999,0.));
#3750 = DIRECTION('',(0.,1.,0.));
#3751 = DIRECTION('',(0.,-0.,1.));
#3752 = ADVANCED_FACE('',(#3753),#3769,.F.);
#3753 = FACE_BOUND('',#3754,.T.);
#3754 = EDGE_LOOP('',(#3755,#3756,#3762,#3763));
#3755 = ORIENTED_EDGE('',*,*,#2042,.T.);
#3756 = ORIENTED_EDGE('',*,*,#3757,.T.);
#3757 = EDGE_CURVE('',#2035,#3391,#3758,.T.);
#3758 = LINE('',#3759,#3760);
#3759 = CARTESIAN_POINT('',(2.711428571428,2.039999999999,0.));
#3760 = VECTOR('',#3761,1.);
#3761 = DIRECTION('',(0.,0.,-1.));
#3762 = ORIENTED_EDGE('',*,*,#3388,.F.);
#3763 = ORIENTED_EDGE('',*,*,#3764,.T.);
#3764 = EDGE_CURVE('',#3389,#2043,#3765,.T.);
#3765 = LINE('',#3766,#3767);
#3766 = CARTESIAN_POINT('',(4.908571428571,2.039999999999,0.));
#3767 = VECTOR('',#3768,1.);
#3768 = DIRECTION('',(0.,0.,1.));
#3769 = PLANE('',#3770);
#3770 = AXIS2_PLACEMENT_3D('',#3771,#3772,#3773);
#3771 = CARTESIAN_POINT('',(5.08,2.039999999999,0.));
#3772 = DIRECTION('',(0.,1.,0.));
#3773 = DIRECTION('',(0.,-0.,1.));
#3774 = ADVANCED_FACE('',(#3775),#3791,.F.);
#3775 = FACE_BOUND('',#3776,.T.);
#3776 = EDGE_LOOP('',(#3777,#3778,#3784,#3785));
#3777 = ORIENTED_EDGE('',*,*,#3636,.T.);
#3778 = ORIENTED_EDGE('',*,*,#3779,.T.);
#3779 = EDGE_CURVE('',#3629,#2066,#3780,.T.);
#3780 = LINE('',#3781,#3782);
#3781 = CARTESIAN_POINT('',(2.711428571428,-2.04,4.996558940521E-16));
#3782 = VECTOR('',#3783,1.);
#3783 = DIRECTION('',(0.,0.,1.));
#3784 = ORIENTED_EDGE('',*,*,#2065,.F.);
#3785 = ORIENTED_EDGE('',*,*,#3786,.T.);
#3786 = EDGE_CURVE('',#2058,#3637,#3787,.T.);
#3787 = LINE('',#3788,#3789);
#3788 = CARTESIAN_POINT('',(4.908571428571,-2.04,4.996558940521E-16));
#3789 = VECTOR('',#3790,1.);
#3790 = DIRECTION('',(0.,0.,-1.));
#3791 = PLANE('',#3792);
#3792 = AXIS2_PLACEMENT_3D('',#3793,#3794,#3795);
#3793 = CARTESIAN_POINT('',(5.08,-2.04,4.996558940521E-16));
#3794 = DIRECTION('',(0.,-1.,0.));
#3795 = DIRECTION('',(0.,0.,-1.));
#3796 = ADVANCED_FACE('',(#3797),#3803,.F.);
#3797 = FACE_BOUND('',#3798,.T.);
#3798 = EDGE_LOOP('',(#3799,#3800,#3801,#3802));
#3799 = ORIENTED_EDGE('',*,*,#3478,.T.);
#3800 = ORIENTED_EDGE('',*,*,#3727,.F.);
#3801 = ORIENTED_EDGE('',*,*,#2137,.F.);
#3802 = ORIENTED_EDGE('',*,*,#3701,.F.);
#3803 = PLANE('',#3804);
#3804 = AXIS2_PLACEMENT_3D('',#3805,#3806,#3807);
#3805 = CARTESIAN_POINT('',(5.08,-2.04,4.996558940521E-16));
#3806 = DIRECTION('',(0.,-1.,0.));
#3807 = DIRECTION('',(0.,0.,-1.));
#3808 = ADVANCED_FACE('',(#3809),#3843,.F.);
#3809 = FACE_BOUND('',#3810,.T.);
#3810 = EDGE_LOOP('',(#3811,#3821,#3829,#3837));
#3811 = ORIENTED_EDGE('',*,*,#3812,.T.);
#3812 = EDGE_CURVE('',#3813,#3815,#3817,.T.);
#3813 = VERTEX_POINT('',#3814);
#3814 = CARTESIAN_POINT('',(-3.49,-0.95,-2.75));
#3815 = VERTEX_POINT('',#3816);
#3816 = CARTESIAN_POINT('',(-3.49,-1.2,-3.));
#3817 = LINE('',#3818,#3819);
#3818 = CARTESIAN_POINT('',(-3.49,-1.2,-3.));
#3819 = VECTOR('',#3820,1.);
#3820 = DIRECTION('',(0.,-0.707106781187,-0.707106781187));
#3821 = ORIENTED_EDGE('',*,*,#3822,.F.);
#3822 = EDGE_CURVE('',#3823,#3815,#3825,.T.);
#3823 = VERTEX_POINT('',#3824);
#3824 = CARTESIAN_POINT('',(-4.13,-1.2,-3.));
#3825 = LINE('',#3826,#3827);
#3826 = CARTESIAN_POINT('',(-4.13,-1.2,-3.));
#3827 = VECTOR('',#3828,1.);
#3828 = DIRECTION('',(1.,0.,0.));
#3829 = ORIENTED_EDGE('',*,*,#3830,.F.);
#3830 = EDGE_CURVE('',#3831,#3823,#3833,.T.);
#3831 = VERTEX_POINT('',#3832);
#3832 = CARTESIAN_POINT('',(-4.13,-0.95,-2.75));
#3833 = LINE('',#3834,#3835);
#3834 = CARTESIAN_POINT('',(-4.13,-1.2,-3.));
#3835 = VECTOR('',#3836,1.);
#3836 = DIRECTION('',(0.,-0.707106781187,-0.707106781187));
#3837 = ORIENTED_EDGE('',*,*,#3838,.T.);
#3838 = EDGE_CURVE('',#3831,#3813,#3839,.T.);
#3839 = LINE('',#3840,#3841);
#3840 = CARTESIAN_POINT('',(-4.13,-0.95,-2.75));
#3841 = VECTOR('',#3842,1.);
#3842 = DIRECTION('',(1.,0.,0.));
#3843 = PLANE('',#3844);
#3844 = AXIS2_PLACEMENT_3D('',#3845,#3846,#3847);
#3845 = CARTESIAN_POINT('',(-4.13,-1.2,-3.));
#3846 = DIRECTION('',(0.,-0.707106781187,0.707106781187));
#3847 = DIRECTION('',(0.,-0.707106781187,-0.707106781187));
#3848 = ADVANCED_FACE('',(#3849),#3874,.F.);
#3849 = FACE_BOUND('',#3850,.T.);
#3850 = EDGE_LOOP('',(#3851,#3859,#3867,#3873));
#3851 = ORIENTED_EDGE('',*,*,#3852,.T.);
#3852 = EDGE_CURVE('',#3815,#3853,#3855,.T.);
#3853 = VERTEX_POINT('',#3854);
#3854 = CARTESIAN_POINT('',(-3.49,-1.34,-3.));
#3855 = LINE('',#3856,#3857);
#3856 = CARTESIAN_POINT('',(-3.49,-1.2,-3.));
#3857 = VECTOR('',#3858,1.);
#3858 = DIRECTION('',(0.,-1.,0.));
#3859 = ORIENTED_EDGE('',*,*,#3860,.F.);
#3860 = EDGE_CURVE('',#3861,#3853,#3863,.T.);
#3861 = VERTEX_POINT('',#3862);
#3862 = CARTESIAN_POINT('',(-4.13,-1.34,-3.));
#3863 = LINE('',#3864,#3865);
#3864 = CARTESIAN_POINT('',(-4.13,-1.34,-3.));
#3865 = VECTOR('',#3866,1.);
#3866 = DIRECTION('',(1.,0.,0.));
#3867 = ORIENTED_EDGE('',*,*,#3868,.F.);
#3868 = EDGE_CURVE('',#3823,#3861,#3869,.T.);
#3869 = LINE('',#3870,#3871);
#3870 = CARTESIAN_POINT('',(-4.13,-1.2,-3.));
#3871 = VECTOR('',#3872,1.);
#3872 = DIRECTION('',(0.,-1.,0.));
#3873 = ORIENTED_EDGE('',*,*,#3822,.T.);
#3874 = PLANE('',#3875);
#3875 = AXIS2_PLACEMENT_3D('',#3876,#3877,#3878);
#3876 = CARTESIAN_POINT('',(-4.13,-1.2,-3.));
#3877 = DIRECTION('',(0.,0.,1.));
#3878 = DIRECTION('',(1.,0.,-0.));
#3879 = ADVANCED_FACE('',(#3880),#3905,.F.);
#3880 = FACE_BOUND('',#3881,.T.);
#3881 = EDGE_LOOP('',(#3882,#3890,#3898,#3904));
#3882 = ORIENTED_EDGE('',*,*,#3883,.T.);
#3883 = EDGE_CURVE('',#3853,#3884,#3886,.T.);
#3884 = VERTEX_POINT('',#3885);
#3885 = CARTESIAN_POINT('',(-3.49,-1.59,-2.75));
#3886 = LINE('',#3887,#3888);
#3887 = CARTESIAN_POINT('',(-3.49,-1.34,-3.));
#3888 = VECTOR('',#3889,1.);
#3889 = DIRECTION('',(0.,-0.707106781187,0.707106781187));
#3890 = ORIENTED_EDGE('',*,*,#3891,.F.);
#3891 = EDGE_CURVE('',#3892,#3884,#3894,.T.);
#3892 = VERTEX_POINT('',#3893);
#3893 = CARTESIAN_POINT('',(-4.13,-1.59,-2.75));
#3894 = LINE('',#3895,#3896);
#3895 = CARTESIAN_POINT('',(-4.13,-1.59,-2.75));
#3896 = VECTOR('',#3897,1.);
#3897 = DIRECTION('',(1.,0.,0.));
#3898 = ORIENTED_EDGE('',*,*,#3899,.F.);
#3899 = EDGE_CURVE('',#3861,#3892,#3900,.T.);
#3900 = LINE('',#3901,#3902);
#3901 = CARTESIAN_POINT('',(-4.13,-1.34,-3.));
#3902 = VECTOR('',#3903,1.);
#3903 = DIRECTION('',(0.,-0.707106781187,0.707106781187));
#3904 = ORIENTED_EDGE('',*,*,#3860,.T.);
#3905 = PLANE('',#3906);
#3906 = AXIS2_PLACEMENT_3D('',#3907,#3908,#3909);
#3907 = CARTESIAN_POINT('',(-4.13,-1.34,-3.));
#3908 = DIRECTION('',(0.,0.707106781187,0.707106781187));
#3909 = DIRECTION('',(0.,-0.707106781187,0.707106781187));
#3910 = ADVANCED_FACE('',(#3911),#3929,.F.);
#3911 = FACE_BOUND('',#3912,.T.);
#3912 = EDGE_LOOP('',(#3913,#3919,#3920,#3926,#3927,#3928));
#3913 = ORIENTED_EDGE('',*,*,#3914,.F.);
#3914 = EDGE_CURVE('',#2220,#3813,#3915,.T.);
#3915 = LINE('',#3916,#3917);
#3916 = CARTESIAN_POINT('',(-3.49,-0.95,-2.75));
#3917 = VECTOR('',#3918,1.);
#3918 = DIRECTION('',(0.,1.964134370444E-17,-1.));
#3919 = ORIENTED_EDGE('',*,*,#2243,.T.);
#3920 = ORIENTED_EDGE('',*,*,#3921,.F.);
#3921 = EDGE_CURVE('',#3884,#2236,#3922,.T.);
#3922 = LINE('',#3923,#3924);
#3923 = CARTESIAN_POINT('',(-3.49,-1.59,-2.75));
#3924 = VECTOR('',#3925,1.);
#3925 = DIRECTION('',(0.,-1.964134370444E-17,1.));
#3926 = ORIENTED_EDGE('',*,*,#3883,.F.);
#3927 = ORIENTED_EDGE('',*,*,#3852,.F.);
#3928 = ORIENTED_EDGE('',*,*,#3812,.F.);
#3929 = PLANE('',#3930);
#3930 = AXIS2_PLACEMENT_3D('',#3931,#3932,#3933);
#3931 = CARTESIAN_POINT('',(-3.49,0.,0.));
#3932 = DIRECTION('',(-1.,0.,0.));
#3933 = DIRECTION('',(0.,0.,1.));
#3934 = ADVANCED_FACE('',(#3935),#3953,.T.);
#3935 = FACE_BOUND('',#3936,.T.);
#3936 = EDGE_LOOP('',(#3937,#3938,#3944,#3945,#3946,#3947));
#3937 = ORIENTED_EDGE('',*,*,#2227,.F.);
#3938 = ORIENTED_EDGE('',*,*,#3939,.T.);
#3939 = EDGE_CURVE('',#2218,#3831,#3940,.T.);
#3940 = LINE('',#3941,#3942);
#3941 = CARTESIAN_POINT('',(-4.13,-0.95,-2.75));
#3942 = VECTOR('',#3943,1.);
#3943 = DIRECTION('',(0.,1.964134370444E-17,-1.));
#3944 = ORIENTED_EDGE('',*,*,#3830,.T.);
#3945 = ORIENTED_EDGE('',*,*,#3868,.T.);
#3946 = ORIENTED_EDGE('',*,*,#3899,.T.);
#3947 = ORIENTED_EDGE('',*,*,#3948,.T.);
#3948 = EDGE_CURVE('',#3892,#2228,#3949,.T.);
#3949 = LINE('',#3950,#3951);
#3950 = CARTESIAN_POINT('',(-4.13,-1.59,-2.75));
#3951 = VECTOR('',#3952,1.);
#3952 = DIRECTION('',(0.,-1.964134370444E-17,1.));
#3953 = PLANE('',#3954);
#3954 = AXIS2_PLACEMENT_3D('',#3955,#3956,#3957);
#3955 = CARTESIAN_POINT('',(-4.13,0.,0.));
#3956 = DIRECTION('',(-1.,0.,0.));
#3957 = DIRECTION('',(0.,0.,1.));
#3958 = ADVANCED_FACE('',(#3959),#3965,.F.);
#3959 = FACE_BOUND('',#3960,.T.);
#3960 = EDGE_LOOP('',(#3961,#3962,#3963,#3964));
#3961 = ORIENTED_EDGE('',*,*,#3939,.F.);
#3962 = ORIENTED_EDGE('',*,*,#2217,.T.);
#3963 = ORIENTED_EDGE('',*,*,#3914,.T.);
#3964 = ORIENTED_EDGE('',*,*,#3838,.F.);
#3965 = PLANE('',#3966);
#3966 = AXIS2_PLACEMENT_3D('',#3967,#3968,#3969);
#3967 = CARTESIAN_POINT('',(-4.13,-0.95,-2.75));
#3968 = DIRECTION('',(0.,-1.,-1.964134370444E-17));
#3969 = DIRECTION('',(0.,1.964134370444E-17,-1.));
#3970 = ADVANCED_FACE('',(#3971),#3977,.F.);
#3971 = FACE_BOUND('',#3972,.T.);
#3972 = EDGE_LOOP('',(#3973,#3974,#3975,#3976));
#3973 = ORIENTED_EDGE('',*,*,#3921,.T.);
#3974 = ORIENTED_EDGE('',*,*,#2235,.T.);
#3975 = ORIENTED_EDGE('',*,*,#3948,.F.);
#3976 = ORIENTED_EDGE('',*,*,#3891,.T.);
#3977 = PLANE('',#3978);
#3978 = AXIS2_PLACEMENT_3D('',#3979,#3980,#3981);
#3979 = CARTESIAN_POINT('',(-4.13,-1.59,-2.75));
#3980 = DIRECTION('',(0.,1.,1.964134370444E-17));
#3981 = DIRECTION('',(0.,-1.964134370444E-17,1.));
#3982 = ADVANCED_FACE('',(#3983),#4008,.F.);
#3983 = FACE_BOUND('',#3984,.T.);
#3984 = EDGE_LOOP('',(#3985,#3986,#3994,#4002));
#3985 = ORIENTED_EDGE('',*,*,#2902,.F.);
#3986 = ORIENTED_EDGE('',*,*,#3987,.T.);
#3987 = EDGE_CURVE('',#2895,#3988,#3990,.T.);
#3988 = VERTEX_POINT('',#3989);
#3989 = CARTESIAN_POINT('',(-3.49,-1.59,8.29));
#3990 = LINE('',#3991,#3992);
#3991 = CARTESIAN_POINT('',(-3.49,-1.59,-2.75));
#3992 = VECTOR('',#3993,1.);
#3993 = DIRECTION('',(0.,-1.964134370444E-17,1.));
#3994 = ORIENTED_EDGE('',*,*,#3995,.F.);
#3995 = EDGE_CURVE('',#3996,#3988,#3998,.T.);
#3996 = VERTEX_POINT('',#3997);
#3997 = CARTESIAN_POINT('',(-4.13,-1.59,8.29));
#3998 = LINE('',#3999,#4000);
#3999 = CARTESIAN_POINT('',(-4.13,-1.59,8.29));
#4000 = VECTOR('',#4001,1.);
#4001 = DIRECTION('',(1.,0.,0.));
#4002 = ORIENTED_EDGE('',*,*,#4003,.F.);
#4003 = EDGE_CURVE('',#2879,#3996,#4004,.T.);
#4004 = LINE('',#4005,#4006);
#4005 = CARTESIAN_POINT('',(-4.13,-1.59,-2.75));
#4006 = VECTOR('',#4007,1.);
#4007 = DIRECTION('',(0.,-1.964134370444E-17,1.));
#4008 = PLANE('',#4009);
#4009 = AXIS2_PLACEMENT_3D('',#4010,#4011,#4012);
#4010 = CARTESIAN_POINT('',(-4.13,-1.59,-2.75));
#4011 = DIRECTION('',(0.,1.,1.964134370444E-17));
#4012 = DIRECTION('',(0.,-1.964134370444E-17,1.));
#4013 = ADVANCED_FACE('',(#4014),#4039,.F.);
#4014 = FACE_BOUND('',#4015,.T.);
#4015 = EDGE_LOOP('',(#4016,#4024,#4032,#4038));
#4016 = ORIENTED_EDGE('',*,*,#4017,.T.);
#4017 = EDGE_CURVE('',#3988,#4018,#4020,.T.);
#4018 = VERTEX_POINT('',#4019);
#4019 = CARTESIAN_POINT('',(-3.49,-1.34,8.54));
#4020 = LINE('',#4021,#4022);
#4021 = CARTESIAN_POINT('',(-3.49,-1.59,8.29));
#4022 = VECTOR('',#4023,1.);
#4023 = DIRECTION('',(0.,0.707106781187,0.707106781187));
#4024 = ORIENTED_EDGE('',*,*,#4025,.F.);
#4025 = EDGE_CURVE('',#4026,#4018,#4028,.T.);
#4026 = VERTEX_POINT('',#4027);
#4027 = CARTESIAN_POINT('',(-4.13,-1.34,8.54));
#4028 = LINE('',#4029,#4030);
#4029 = CARTESIAN_POINT('',(-4.13,-1.34,8.54));
#4030 = VECTOR('',#4031,1.);
#4031 = DIRECTION('',(1.,0.,0.));
#4032 = ORIENTED_EDGE('',*,*,#4033,.F.);
#4033 = EDGE_CURVE('',#3996,#4026,#4034,.T.);
#4034 = LINE('',#4035,#4036);
#4035 = CARTESIAN_POINT('',(-4.13,-1.59,8.29));
#4036 = VECTOR('',#4037,1.);
#4037 = DIRECTION('',(0.,0.707106781187,0.707106781187));
#4038 = ORIENTED_EDGE('',*,*,#3995,.T.);
#4039 = PLANE('',#4040);
#4040 = AXIS2_PLACEMENT_3D('',#4041,#4042,#4043);
#4041 = CARTESIAN_POINT('',(-4.13,-1.59,8.29));
#4042 = DIRECTION('',(0.,0.707106781187,-0.707106781187));
#4043 = DIRECTION('',(0.,0.707106781187,0.707106781187));
#4044 = ADVANCED_FACE('',(#4045),#4070,.F.);
#4045 = FACE_BOUND('',#4046,.T.);
#4046 = EDGE_LOOP('',(#4047,#4055,#4063,#4069));
#4047 = ORIENTED_EDGE('',*,*,#4048,.T.);
#4048 = EDGE_CURVE('',#4018,#4049,#4051,.T.);
#4049 = VERTEX_POINT('',#4050);
#4050 = CARTESIAN_POINT('',(-3.49,-1.2,8.54));
#4051 = LINE('',#4052,#4053);
#4052 = CARTESIAN_POINT('',(-3.49,-1.2,8.54));
#4053 = VECTOR('',#4054,1.);
#4054 = DIRECTION('',(0.,1.,0.));
#4055 = ORIENTED_EDGE('',*,*,#4056,.F.);
#4056 = EDGE_CURVE('',#4057,#4049,#4059,.T.);
#4057 = VERTEX_POINT('',#4058);
#4058 = CARTESIAN_POINT('',(-4.13,-1.2,8.54));
#4059 = LINE('',#4060,#4061);
#4060 = CARTESIAN_POINT('',(-4.13,-1.2,8.54));
#4061 = VECTOR('',#4062,1.);
#4062 = DIRECTION('',(1.,0.,0.));
#4063 = ORIENTED_EDGE('',*,*,#4064,.F.);
#4064 = EDGE_CURVE('',#4026,#4057,#4065,.T.);
#4065 = LINE('',#4066,#4067);
#4066 = CARTESIAN_POINT('',(-4.13,-1.2,8.54));
#4067 = VECTOR('',#4068,1.);
#4068 = DIRECTION('',(0.,1.,0.));
#4069 = ORIENTED_EDGE('',*,*,#4025,.T.);
#4070 = PLANE('',#4071);
#4071 = AXIS2_PLACEMENT_3D('',#4072,#4073,#4074);
#4072 = CARTESIAN_POINT('',(-4.13,-1.2,8.54));
#4073 = DIRECTION('',(0.,0.,-1.));
#4074 = DIRECTION('',(-1.,0.,0.));
#4075 = ADVANCED_FACE('',(#4076),#4101,.F.);
#4076 = FACE_BOUND('',#4077,.T.);
#4077 = EDGE_LOOP('',(#4078,#4086,#4094,#4100));
#4078 = ORIENTED_EDGE('',*,*,#4079,.T.);
#4079 = EDGE_CURVE('',#4049,#4080,#4082,.T.);
#4080 = VERTEX_POINT('',#4081);
#4081 = CARTESIAN_POINT('',(-3.49,-0.95,8.29));
#4082 = LINE('',#4083,#4084);
#4083 = CARTESIAN_POINT('',(-3.49,-0.95,8.29));
#4084 = VECTOR('',#4085,1.);
#4085 = DIRECTION('',(0.,0.707106781187,-0.707106781187));
#4086 = ORIENTED_EDGE('',*,*,#4087,.F.);
#4087 = EDGE_CURVE('',#4088,#4080,#4090,.T.);
#4088 = VERTEX_POINT('',#4089);
#4089 = CARTESIAN_POINT('',(-4.13,-0.95,8.29));
#4090 = LINE('',#4091,#4092);
#4091 = CARTESIAN_POINT('',(-4.13,-0.95,8.29));
#4092 = VECTOR('',#4093,1.);
#4093 = DIRECTION('',(1.,0.,0.));
#4094 = ORIENTED_EDGE('',*,*,#4095,.F.);
#4095 = EDGE_CURVE('',#4057,#4088,#4096,.T.);
#4096 = LINE('',#4097,#4098);
#4097 = CARTESIAN_POINT('',(-4.13,-0.95,8.29));
#4098 = VECTOR('',#4099,1.);
#4099 = DIRECTION('',(0.,0.707106781187,-0.707106781187));
#4100 = ORIENTED_EDGE('',*,*,#4056,.T.);
#4101 = PLANE('',#4102);
#4102 = AXIS2_PLACEMENT_3D('',#4103,#4104,#4105);
#4103 = CARTESIAN_POINT('',(-4.13,-0.95,8.29));
#4104 = DIRECTION('',(0.,-0.707106781187,-0.707106781187));
#4105 = DIRECTION('',(0.,0.707106781187,-0.707106781187));
#4106 = ADVANCED_FACE('',(#4107),#4123,.F.);
#4107 = FACE_BOUND('',#4108,.T.);
#4108 = EDGE_LOOP('',(#4109,#4110,#4116,#4117));
#4109 = ORIENTED_EDGE('',*,*,#2886,.F.);
#4110 = ORIENTED_EDGE('',*,*,#4111,.F.);
#4111 = EDGE_CURVE('',#4088,#2877,#4112,.T.);
#4112 = LINE('',#4113,#4114);
#4113 = CARTESIAN_POINT('',(-4.13,-0.95,-2.75));
#4114 = VECTOR('',#4115,1.);
#4115 = DIRECTION('',(0.,1.964134370444E-17,-1.));
#4116 = ORIENTED_EDGE('',*,*,#4087,.T.);
#4117 = ORIENTED_EDGE('',*,*,#4118,.T.);
#4118 = EDGE_CURVE('',#4080,#2887,#4119,.T.);
#4119 = LINE('',#4120,#4121);
#4120 = CARTESIAN_POINT('',(-3.49,-0.95,-2.75));
#4121 = VECTOR('',#4122,1.);
#4122 = DIRECTION('',(0.,1.964134370444E-17,-1.));
#4123 = PLANE('',#4124);
#4124 = AXIS2_PLACEMENT_3D('',#4125,#4126,#4127);
#4125 = CARTESIAN_POINT('',(-4.13,-0.95,-2.75));
#4126 = DIRECTION('',(0.,-1.,-1.964134370444E-17));
#4127 = DIRECTION('',(0.,1.964134370444E-17,-1.));
#4128 = ADVANCED_FACE('',(#4129),#4137,.T.);
#4129 = FACE_BOUND('',#4130,.T.);
#4130 = EDGE_LOOP('',(#4131,#4132,#4133,#4134,#4135,#4136));
#4131 = ORIENTED_EDGE('',*,*,#4111,.T.);
#4132 = ORIENTED_EDGE('',*,*,#2876,.T.);
#4133 = ORIENTED_EDGE('',*,*,#4003,.T.);
#4134 = ORIENTED_EDGE('',*,*,#4033,.T.);
#4135 = ORIENTED_EDGE('',*,*,#4064,.T.);
#4136 = ORIENTED_EDGE('',*,*,#4095,.T.);
#4137 = PLANE('',#4138);
#4138 = AXIS2_PLACEMENT_3D('',#4139,#4140,#4141);
#4139 = CARTESIAN_POINT('',(-4.13,0.,0.));
#4140 = DIRECTION('',(-1.,0.,0.));
#4141 = DIRECTION('',(0.,0.,1.));
#4142 = ADVANCED_FACE('',(#4143),#4151,.F.);
#4143 = FACE_BOUND('',#4144,.T.);
#4144 = EDGE_LOOP('',(#4145,#4146,#4147,#4148,#4149,#4150));
#4145 = ORIENTED_EDGE('',*,*,#2894,.F.);
#4146 = ORIENTED_EDGE('',*,*,#4118,.F.);
#4147 = ORIENTED_EDGE('',*,*,#4079,.F.);
#4148 = ORIENTED_EDGE('',*,*,#4048,.F.);
#4149 = ORIENTED_EDGE('',*,*,#4017,.F.);
#4150 = ORIENTED_EDGE('',*,*,#3987,.F.);
#4151 = PLANE('',#4152);
#4152 = AXIS2_PLACEMENT_3D('',#4153,#4154,#4155);
#4153 = CARTESIAN_POINT('',(-3.49,0.,0.));
#4154 = DIRECTION('',(-1.,0.,0.));
#4155 = DIRECTION('',(0.,0.,1.));
#4156 = ADVANCED_FACE('',(#4157),#4191,.F.);
#4157 = FACE_BOUND('',#4158,.T.);
#4158 = EDGE_LOOP('',(#4159,#4169,#4177,#4185));
#4159 = ORIENTED_EDGE('',*,*,#4160,.T.);
#4160 = EDGE_CURVE('',#4161,#4163,#4165,.T.);
#4161 = VERTEX_POINT('',#4162);
#4162 = CARTESIAN_POINT('',(-3.49,1.589999999999,-2.75));
#4163 = VERTEX_POINT('',#4164);
#4164 = CARTESIAN_POINT('',(-3.49,1.339999999999,-3.));
#4165 = LINE('',#4166,#4167);
#4166 = CARTESIAN_POINT('',(-3.49,1.339999999999,-3.));
#4167 = VECTOR('',#4168,1.);
#4168 = DIRECTION('',(0.,-0.707106781187,-0.707106781187));
#4169 = ORIENTED_EDGE('',*,*,#4170,.F.);
#4170 = EDGE_CURVE('',#4171,#4163,#4173,.T.);
#4171 = VERTEX_POINT('',#4172);
#4172 = CARTESIAN_POINT('',(-4.13,1.339999999999,-3.));
#4173 = LINE('',#4174,#4175);
#4174 = CARTESIAN_POINT('',(-4.13,1.339999999999,-3.));
#4175 = VECTOR('',#4176,1.);
#4176 = DIRECTION('',(1.,0.,0.));
#4177 = ORIENTED_EDGE('',*,*,#4178,.F.);
#4178 = EDGE_CURVE('',#4179,#4171,#4181,.T.);
#4179 = VERTEX_POINT('',#4180);
#4180 = CARTESIAN_POINT('',(-4.13,1.589999999999,-2.75));
#4181 = LINE('',#4182,#4183);
#4182 = CARTESIAN_POINT('',(-4.13,1.339999999999,-3.));
#4183 = VECTOR('',#4184,1.);
#4184 = DIRECTION('',(0.,-0.707106781187,-0.707106781187));
#4185 = ORIENTED_EDGE('',*,*,#4186,.T.);
#4186 = EDGE_CURVE('',#4179,#4161,#4187,.T.);
#4187 = LINE('',#4188,#4189);
#4188 = CARTESIAN_POINT('',(-4.13,1.589999999999,-2.75));
#4189 = VECTOR('',#4190,1.);
#4190 = DIRECTION('',(1.,0.,0.));
#4191 = PLANE('',#4192);
#4192 = AXIS2_PLACEMENT_3D('',#4193,#4194,#4195);
#4193 = CARTESIAN_POINT('',(-4.13,1.339999999999,-3.));
#4194 = DIRECTION('',(0.,-0.707106781187,0.707106781187));
#4195 = DIRECTION('',(0.,-0.707106781187,-0.707106781187));
#4196 = ADVANCED_FACE('',(#4197),#4222,.F.);
#4197 = FACE_BOUND('',#4198,.T.);
#4198 = EDGE_LOOP('',(#4199,#4207,#4215,#4221));
#4199 = ORIENTED_EDGE('',*,*,#4200,.T.);
#4200 = EDGE_CURVE('',#4163,#4201,#4203,.T.);
#4201 = VERTEX_POINT('',#4202);
#4202 = CARTESIAN_POINT('',(-3.49,1.199999999999,-3.));
#4203 = LINE('',#4204,#4205);
#4204 = CARTESIAN_POINT('',(-3.49,1.199999999999,-3.));
#4205 = VECTOR('',#4206,1.);
#4206 = DIRECTION('',(0.,-1.,0.));
#4207 = ORIENTED_EDGE('',*,*,#4208,.F.);
#4208 = EDGE_CURVE('',#4209,#4201,#4211,.T.);
#4209 = VERTEX_POINT('',#4210);
#4210 = CARTESIAN_POINT('',(-4.13,1.199999999999,-3.));
#4211 = LINE('',#4212,#4213);
#4212 = CARTESIAN_POINT('',(-4.13,1.199999999999,-3.));
#4213 = VECTOR('',#4214,1.);
#4214 = DIRECTION('',(1.,0.,0.));
#4215 = ORIENTED_EDGE('',*,*,#4216,.F.);
#4216 = EDGE_CURVE('',#4171,#4209,#4217,.T.);
#4217 = LINE('',#4218,#4219);
#4218 = CARTESIAN_POINT('',(-4.13,1.199999999999,-3.));
#4219 = VECTOR('',#4220,1.);
#4220 = DIRECTION('',(0.,-1.,0.));
#4221 = ORIENTED_EDGE('',*,*,#4170,.T.);
#4222 = PLANE('',#4223);
#4223 = AXIS2_PLACEMENT_3D('',#4224,#4225,#4226);
#4224 = CARTESIAN_POINT('',(-4.13,1.199999999999,-3.));
#4225 = DIRECTION('',(0.,0.,1.));
#4226 = DIRECTION('',(1.,0.,-0.));
#4227 = ADVANCED_FACE('',(#4228),#4253,.F.);
#4228 = FACE_BOUND('',#4229,.T.);
#4229 = EDGE_LOOP('',(#4230,#4238,#4246,#4252));
#4230 = ORIENTED_EDGE('',*,*,#4231,.T.);
#4231 = EDGE_CURVE('',#4201,#4232,#4234,.T.);
#4232 = VERTEX_POINT('',#4233);
#4233 = CARTESIAN_POINT('',(-3.49,0.949999999999,-2.75));
#4234 = LINE('',#4235,#4236);
#4235 = CARTESIAN_POINT('',(-3.49,1.199999999999,-3.));
#4236 = VECTOR('',#4237,1.);
#4237 = DIRECTION('',(0.,-0.707106781187,0.707106781187));
#4238 = ORIENTED_EDGE('',*,*,#4239,.F.);
#4239 = EDGE_CURVE('',#4240,#4232,#4242,.T.);
#4240 = VERTEX_POINT('',#4241);
#4241 = CARTESIAN_POINT('',(-4.13,0.949999999999,-2.75));
#4242 = LINE('',#4243,#4244);
#4243 = CARTESIAN_POINT('',(-4.13,0.949999999999,-2.75));
#4244 = VECTOR('',#4245,1.);
#4245 = DIRECTION('',(1.,0.,0.));
#4246 = ORIENTED_EDGE('',*,*,#4247,.F.);
#4247 = EDGE_CURVE('',#4209,#4240,#4248,.T.);
#4248 = LINE('',#4249,#4250);
#4249 = CARTESIAN_POINT('',(-4.13,1.199999999999,-3.));
#4250 = VECTOR('',#4251,1.);
#4251 = DIRECTION('',(0.,-0.707106781187,0.707106781187));
#4252 = ORIENTED_EDGE('',*,*,#4208,.T.);
#4253 = PLANE('',#4254);
#4254 = AXIS2_PLACEMENT_3D('',#4255,#4256,#4257);
#4255 = CARTESIAN_POINT('',(-4.13,1.199999999999,-3.));
#4256 = DIRECTION('',(0.,0.707106781187,0.707106781187));
#4257 = DIRECTION('',(0.,-0.707106781187,0.707106781187));
#4258 = ADVANCED_FACE('',(#4259),#4277,.T.);
#4259 = FACE_BOUND('',#4260,.T.);
#4260 = EDGE_LOOP('',(#4261,#4262,#4268,#4269,#4270,#4271));
#4261 = ORIENTED_EDGE('',*,*,#2269,.F.);
#4262 = ORIENTED_EDGE('',*,*,#4263,.F.);
#4263 = EDGE_CURVE('',#4232,#2262,#4264,.T.);
#4264 = LINE('',#4265,#4266);
#4265 = CARTESIAN_POINT('',(-3.49,0.949999999999,-2.75));
#4266 = VECTOR('',#4267,1.);
#4267 = DIRECTION('',(0.,1.964134370444E-17,1.));
#4268 = ORIENTED_EDGE('',*,*,#4231,.F.);
#4269 = ORIENTED_EDGE('',*,*,#4200,.F.);
#4270 = ORIENTED_EDGE('',*,*,#4160,.F.);
#4271 = ORIENTED_EDGE('',*,*,#4272,.F.);
#4272 = EDGE_CURVE('',#2270,#4161,#4273,.T.);
#4273 = LINE('',#4274,#4275);
#4274 = CARTESIAN_POINT('',(-3.49,1.589999999999,-2.75));
#4275 = VECTOR('',#4276,1.);
#4276 = DIRECTION('',(0.,-1.964134370444E-17,-1.));
#4277 = PLANE('',#4278);
#4278 = AXIS2_PLACEMENT_3D('',#4279,#4280,#4281);
#4279 = CARTESIAN_POINT('',(-3.49,0.,0.));
#4280 = DIRECTION('',(1.,0.,0.));
#4281 = DIRECTION('',(0.,0.,-1.));
#4282 = ADVANCED_FACE('',(#4283),#4301,.F.);
#4283 = FACE_BOUND('',#4284,.T.);
#4284 = EDGE_LOOP('',(#4285,#4291,#4292,#4298,#4299,#4300));
#4285 = ORIENTED_EDGE('',*,*,#4286,.T.);
#4286 = EDGE_CURVE('',#4240,#2252,#4287,.T.);
#4287 = LINE('',#4288,#4289);
#4288 = CARTESIAN_POINT('',(-4.13,0.949999999999,-2.75));
#4289 = VECTOR('',#4290,1.);
#4290 = DIRECTION('',(0.,1.964134370444E-17,1.));
#4291 = ORIENTED_EDGE('',*,*,#2251,.T.);
#4292 = ORIENTED_EDGE('',*,*,#4293,.T.);
#4293 = EDGE_CURVE('',#2254,#4179,#4294,.T.);
#4294 = LINE('',#4295,#4296);
#4295 = CARTESIAN_POINT('',(-4.13,1.589999999999,-2.75));
#4296 = VECTOR('',#4297,1.);
#4297 = DIRECTION('',(0.,-1.964134370444E-17,-1.));
#4298 = ORIENTED_EDGE('',*,*,#4178,.T.);
#4299 = ORIENTED_EDGE('',*,*,#4216,.T.);
#4300 = ORIENTED_EDGE('',*,*,#4247,.T.);
#4301 = PLANE('',#4302);
#4302 = AXIS2_PLACEMENT_3D('',#4303,#4304,#4305);
#4303 = CARTESIAN_POINT('',(-4.13,0.,0.));
#4304 = DIRECTION('',(1.,0.,0.));
#4305 = DIRECTION('',(0.,0.,-1.));
#4306 = ADVANCED_FACE('',(#4307),#4313,.F.);
#4307 = FACE_BOUND('',#4308,.T.);
#4308 = EDGE_LOOP('',(#4309,#4310,#4311,#4312));
#4309 = ORIENTED_EDGE('',*,*,#4293,.F.);
#4310 = ORIENTED_EDGE('',*,*,#2277,.T.);
#4311 = ORIENTED_EDGE('',*,*,#4272,.T.);
#4312 = ORIENTED_EDGE('',*,*,#4186,.F.);
#4313 = PLANE('',#4314);
#4314 = AXIS2_PLACEMENT_3D('',#4315,#4316,#4317);
#4315 = CARTESIAN_POINT('',(-4.13,1.589999999999,-2.75));
#4316 = DIRECTION('',(0.,-1.,1.964134370444E-17));
#4317 = DIRECTION('',(0.,-1.964134370444E-17,-1.));
#4318 = ADVANCED_FACE('',(#4319),#4325,.F.);
#4319 = FACE_BOUND('',#4320,.T.);
#4320 = EDGE_LOOP('',(#4321,#4322,#4323,#4324));
#4321 = ORIENTED_EDGE('',*,*,#4263,.T.);
#4322 = ORIENTED_EDGE('',*,*,#2261,.T.);
#4323 = ORIENTED_EDGE('',*,*,#4286,.F.);
#4324 = ORIENTED_EDGE('',*,*,#4239,.T.);
#4325 = PLANE('',#4326);
#4326 = AXIS2_PLACEMENT_3D('',#4327,#4328,#4329);
#4327 = CARTESIAN_POINT('',(-4.13,0.949999999999,-2.75));
#4328 = DIRECTION('',(0.,1.,-1.964134370444E-17));
#4329 = DIRECTION('',(0.,1.964134370444E-17,1.));
#4330 = ADVANCED_FACE('',(#4331),#4356,.F.);
#4331 = FACE_BOUND('',#4332,.T.);
#4332 = EDGE_LOOP('',(#4333,#4334,#4342,#4350));
#4333 = ORIENTED_EDGE('',*,*,#2910,.F.);
#4334 = ORIENTED_EDGE('',*,*,#4335,.T.);
#4335 = EDGE_CURVE('',#2911,#4336,#4338,.T.);
#4336 = VERTEX_POINT('',#4337);
#4337 = CARTESIAN_POINT('',(-3.49,0.949999999999,8.29));
#4338 = LINE('',#4339,#4340);
#4339 = CARTESIAN_POINT('',(-3.49,0.949999999999,-2.75));
#4340 = VECTOR('',#4341,1.);
#4341 = DIRECTION('',(0.,1.964134370444E-17,1.));
#4342 = ORIENTED_EDGE('',*,*,#4343,.F.);
#4343 = EDGE_CURVE('',#4344,#4336,#4346,.T.);
#4344 = VERTEX_POINT('',#4345);
#4345 = CARTESIAN_POINT('',(-4.13,0.949999999999,8.29));
#4346 = LINE('',#4347,#4348);
#4347 = CARTESIAN_POINT('',(-4.13,0.949999999999,8.29));
#4348 = VECTOR('',#4349,1.);
#4349 = DIRECTION('',(1.,0.,0.));
#4350 = ORIENTED_EDGE('',*,*,#4351,.F.);
#4351 = EDGE_CURVE('',#2913,#4344,#4352,.T.);
#4352 = LINE('',#4353,#4354);
#4353 = CARTESIAN_POINT('',(-4.13,0.949999999999,-2.75));
#4354 = VECTOR('',#4355,1.);
#4355 = DIRECTION('',(0.,1.964134370444E-17,1.));
#4356 = PLANE('',#4357);
#4357 = AXIS2_PLACEMENT_3D('',#4358,#4359,#4360);
#4358 = CARTESIAN_POINT('',(-4.13,0.949999999999,-2.75));
#4359 = DIRECTION('',(0.,1.,-1.964134370444E-17));
#4360 = DIRECTION('',(0.,1.964134370444E-17,1.));
#4361 = ADVANCED_FACE('',(#4362),#4387,.F.);
#4362 = FACE_BOUND('',#4363,.T.);
#4363 = EDGE_LOOP('',(#4364,#4372,#4380,#4386));
#4364 = ORIENTED_EDGE('',*,*,#4365,.T.);
#4365 = EDGE_CURVE('',#4336,#4366,#4368,.T.);
#4366 = VERTEX_POINT('',#4367);
#4367 = CARTESIAN_POINT('',(-3.49,1.199999999999,8.54));
#4368 = LINE('',#4369,#4370);
#4369 = CARTESIAN_POINT('',(-3.49,0.949999999999,8.29));
#4370 = VECTOR('',#4371,1.);
#4371 = DIRECTION('',(0.,0.707106781187,0.707106781187));
#4372 = ORIENTED_EDGE('',*,*,#4373,.F.);
#4373 = EDGE_CURVE('',#4374,#4366,#4376,.T.);
#4374 = VERTEX_POINT('',#4375);
#4375 = CARTESIAN_POINT('',(-4.13,1.199999999999,8.54));
#4376 = LINE('',#4377,#4378);
#4377 = CARTESIAN_POINT('',(-4.13,1.199999999999,8.54));
#4378 = VECTOR('',#4379,1.);
#4379 = DIRECTION('',(1.,0.,0.));
#4380 = ORIENTED_EDGE('',*,*,#4381,.F.);
#4381 = EDGE_CURVE('',#4344,#4374,#4382,.T.);
#4382 = LINE('',#4383,#4384);
#4383 = CARTESIAN_POINT('',(-4.13,0.949999999999,8.29));
#4384 = VECTOR('',#4385,1.);
#4385 = DIRECTION('',(0.,0.707106781187,0.707106781187));
#4386 = ORIENTED_EDGE('',*,*,#4343,.T.);
#4387 = PLANE('',#4388);
#4388 = AXIS2_PLACEMENT_3D('',#4389,#4390,#4391);
#4389 = CARTESIAN_POINT('',(-4.13,0.949999999999,8.29));
#4390 = DIRECTION('',(0.,0.707106781187,-0.707106781187));
#4391 = DIRECTION('',(0.,0.707106781187,0.707106781187));
#4392 = ADVANCED_FACE('',(#4393),#4418,.F.);
#4393 = FACE_BOUND('',#4394,.T.);
#4394 = EDGE_LOOP('',(#4395,#4403,#4411,#4417));
#4395 = ORIENTED_EDGE('',*,*,#4396,.T.);
#4396 = EDGE_CURVE('',#4366,#4397,#4399,.T.);
#4397 = VERTEX_POINT('',#4398);
#4398 = CARTESIAN_POINT('',(-3.49,1.339999999999,8.54));
#4399 = LINE('',#4400,#4401);
#4400 = CARTESIAN_POINT('',(-3.49,1.199999999999,8.54));
#4401 = VECTOR('',#4402,1.);
#4402 = DIRECTION('',(0.,1.,0.));
#4403 = ORIENTED_EDGE('',*,*,#4404,.F.);
#4404 = EDGE_CURVE('',#4405,#4397,#4407,.T.);
#4405 = VERTEX_POINT('',#4406);
#4406 = CARTESIAN_POINT('',(-4.13,1.339999999999,8.54));
#4407 = LINE('',#4408,#4409);
#4408 = CARTESIAN_POINT('',(-4.13,1.339999999999,8.54));
#4409 = VECTOR('',#4410,1.);
#4410 = DIRECTION('',(1.,0.,0.));
#4411 = ORIENTED_EDGE('',*,*,#4412,.F.);
#4412 = EDGE_CURVE('',#4374,#4405,#4413,.T.);
#4413 = LINE('',#4414,#4415);
#4414 = CARTESIAN_POINT('',(-4.13,1.199999999999,8.54));
#4415 = VECTOR('',#4416,1.);
#4416 = DIRECTION('',(0.,1.,0.));
#4417 = ORIENTED_EDGE('',*,*,#4373,.T.);
#4418 = PLANE('',#4419);
#4419 = AXIS2_PLACEMENT_3D('',#4420,#4421,#4422);
#4420 = CARTESIAN_POINT('',(-4.13,1.199999999999,8.54));
#4421 = DIRECTION('',(0.,0.,-1.));
#4422 = DIRECTION('',(-1.,0.,0.));
#4423 = ADVANCED_FACE('',(#4424),#4449,.F.);
#4424 = FACE_BOUND('',#4425,.T.);
#4425 = EDGE_LOOP('',(#4426,#4434,#4442,#4448));
#4426 = ORIENTED_EDGE('',*,*,#4427,.T.);
#4427 = EDGE_CURVE('',#4397,#4428,#4430,.T.);
#4428 = VERTEX_POINT('',#4429);
#4429 = CARTESIAN_POINT('',(-3.49,1.589999999999,8.29));
#4430 = LINE('',#4431,#4432);
#4431 = CARTESIAN_POINT('',(-3.49,1.589999999999,8.29));
#4432 = VECTOR('',#4433,1.);
#4433 = DIRECTION('',(0.,0.707106781187,-0.707106781187));
#4434 = ORIENTED_EDGE('',*,*,#4435,.F.);
#4435 = EDGE_CURVE('',#4436,#4428,#4438,.T.);
#4436 = VERTEX_POINT('',#4437);
#4437 = CARTESIAN_POINT('',(-4.13,1.589999999999,8.29));
#4438 = LINE('',#4439,#4440);
#4439 = CARTESIAN_POINT('',(-4.13,1.589999999999,8.29));
#4440 = VECTOR('',#4441,1.);
#4441 = DIRECTION('',(1.,0.,0.));
#4442 = ORIENTED_EDGE('',*,*,#4443,.F.);
#4443 = EDGE_CURVE('',#4405,#4436,#4444,.T.);
#4444 = LINE('',#4445,#4446);
#4445 = CARTESIAN_POINT('',(-4.13,1.589999999999,8.29));
#4446 = VECTOR('',#4447,1.);
#4447 = DIRECTION('',(0.,0.707106781187,-0.707106781187));
#4448 = ORIENTED_EDGE('',*,*,#4404,.T.);
#4449 = PLANE('',#4450);
#4450 = AXIS2_PLACEMENT_3D('',#4451,#4452,#4453);
#4451 = CARTESIAN_POINT('',(-4.13,1.589999999999,8.29));
#4452 = DIRECTION('',(0.,-0.707106781187,-0.707106781187));
#4453 = DIRECTION('',(0.,0.707106781187,-0.707106781187));
#4454 = ADVANCED_FACE('',(#4455),#4471,.F.);
#4455 = FACE_BOUND('',#4456,.T.);
#4456 = EDGE_LOOP('',(#4457,#4458,#4464,#4465));
#4457 = ORIENTED_EDGE('',*,*,#2928,.F.);
#4458 = ORIENTED_EDGE('',*,*,#4459,.F.);
#4459 = EDGE_CURVE('',#4436,#2921,#4460,.T.);
#4460 = LINE('',#4461,#4462);
#4461 = CARTESIAN_POINT('',(-4.13,1.589999999999,-2.75));
#4462 = VECTOR('',#4463,1.);
#4463 = DIRECTION('',(0.,-1.964134370444E-17,-1.));
#4464 = ORIENTED_EDGE('',*,*,#4435,.T.);
#4465 = ORIENTED_EDGE('',*,*,#4466,.T.);
#4466 = EDGE_CURVE('',#4428,#2929,#4467,.T.);
#4467 = LINE('',#4468,#4469);
#4468 = CARTESIAN_POINT('',(-3.49,1.589999999999,-2.75));
#4469 = VECTOR('',#4470,1.);
#4470 = DIRECTION('',(0.,-1.964134370444E-17,-1.));
#4471 = PLANE('',#4472);
#4472 = AXIS2_PLACEMENT_3D('',#4473,#4474,#4475);
#4473 = CARTESIAN_POINT('',(-4.13,1.589999999999,-2.75));
#4474 = DIRECTION('',(0.,-1.,1.964134370444E-17));
#4475 = DIRECTION('',(0.,-1.964134370444E-17,-1.));
#4476 = ADVANCED_FACE('',(#4477),#4485,.F.);
#4477 = FACE_BOUND('',#4478,.T.);
#4478 = EDGE_LOOP('',(#4479,#4480,#4481,#4482,#4483,#4484));
#4479 = ORIENTED_EDGE('',*,*,#2920,.F.);
#4480 = ORIENTED_EDGE('',*,*,#4351,.T.);
#4481 = ORIENTED_EDGE('',*,*,#4381,.T.);
#4482 = ORIENTED_EDGE('',*,*,#4412,.T.);
#4483 = ORIENTED_EDGE('',*,*,#4443,.T.);
#4484 = ORIENTED_EDGE('',*,*,#4459,.T.);
#4485 = PLANE('',#4486);
#4486 = AXIS2_PLACEMENT_3D('',#4487,#4488,#4489);
#4487 = CARTESIAN_POINT('',(-4.13,0.,0.));
#4488 = DIRECTION('',(1.,0.,0.));
#4489 = DIRECTION('',(0.,0.,-1.));
#4490 = ADVANCED_FACE('',(#4491),#4499,.T.);
#4491 = FACE_BOUND('',#4492,.T.);
#4492 = EDGE_LOOP('',(#4493,#4494,#4495,#4496,#4497,#4498));
#4493 = ORIENTED_EDGE('',*,*,#4335,.F.);
#4494 = ORIENTED_EDGE('',*,*,#2936,.T.);
#4495 = ORIENTED_EDGE('',*,*,#4466,.F.);
#4496 = ORIENTED_EDGE('',*,*,#4427,.F.);
#4497 = ORIENTED_EDGE('',*,*,#4396,.F.);
#4498 = ORIENTED_EDGE('',*,*,#4365,.F.);
#4499 = PLANE('',#4500);
#4500 = AXIS2_PLACEMENT_3D('',#4501,#4502,#4503);
#4501 = CARTESIAN_POINT('',(-3.49,0.,0.));
#4502 = DIRECTION('',(1.,0.,0.));
#4503 = DIRECTION('',(0.,0.,-1.));
#4504 = ADVANCED_FACE('',(#4505),#4513,.F.);
#4505 = FACE_BOUND('',#4506,.T.);
#4506 = EDGE_LOOP('',(#4507,#4508,#4509,#4510,#4511,#4512));
#4507 = ORIENTED_EDGE('',*,*,#561,.T.);
#4508 = ORIENTED_EDGE('',*,*,#2845,.T.);
#4509 = ORIENTED_EDGE('',*,*,#3547,.F.);
#4510 = ORIENTED_EDGE('',*,*,#3644,.F.);
#4511 = ORIENTED_EDGE('',*,*,#3786,.F.);
#4512 = ORIENTED_EDGE('',*,*,#2057,.F.);
#4513 = PLANE('',#4514);
#4514 = AXIS2_PLACEMENT_3D('',#4515,#4516,#4517);
#4515 = CARTESIAN_POINT('',(5.079999999999,-1.84,0.));
#4516 = DIRECTION('',(-0.759256602366,0.650791373456,0.));
#4517 = DIRECTION('',(-0.650791373456,-0.759256602366,0.));
#4518 = ADVANCED_FACE('',(#4519),#4527,.F.);
#4519 = FACE_BOUND('',#4520,.T.);
#4520 = EDGE_LOOP('',(#4521,#4522,#4523,#4524,#4525,#4526));
#4521 = ORIENTED_EDGE('',*,*,#3374,.F.);
#4522 = ORIENTED_EDGE('',*,*,#3286,.F.);
#4523 = ORIENTED_EDGE('',*,*,#3180,.T.);
#4524 = ORIENTED_EDGE('',*,*,#2781,.T.);
#4525 = ORIENTED_EDGE('',*,*,#3708,.F.);
#4526 = ORIENTED_EDGE('',*,*,#2121,.F.);
#4527 = PLANE('',#4528);
#4528 = AXIS2_PLACEMENT_3D('',#4529,#4530,#4531);
#4529 = CARTESIAN_POINT('',(-2.54,-1.84,0.));
#4530 = DIRECTION('',(0.759256602366,0.650791373456,0.));
#4531 = DIRECTION('',(-0.650791373456,0.759256602366,0.));
#4532 = ADVANCED_FACE('',(#4533),#4546,.F.);
#4533 = FACE_BOUND('',#4534,.T.);
#4534 = EDGE_LOOP('',(#4535,#4541,#4542,#4543,#4544,#4545));
#4535 = ORIENTED_EDGE('',*,*,#4536,.T.);
#4536 = EDGE_CURVE('',#2098,#2798,#4537,.T.);
#4537 = LINE('',#4538,#4539);
#4538 = CARTESIAN_POINT('',(0.,-1.84,0.));
#4539 = VECTOR('',#4540,1.);
#4540 = DIRECTION('',(0.,0.,1.));
#4541 = ORIENTED_EDGE('',*,*,#2797,.T.);
#4542 = ORIENTED_EDGE('',*,*,#3173,.F.);
#4543 = ORIENTED_EDGE('',*,*,#3279,.F.);
#4544 = ORIENTED_EDGE('',*,*,#3367,.F.);
#4545 = ORIENTED_EDGE('',*,*,#2105,.F.);
#4546 = PLANE('',#4547);
#4547 = AXIS2_PLACEMENT_3D('',#4548,#4549,#4550);
#4548 = CARTESIAN_POINT('',(0.,-1.84,0.));
#4549 = DIRECTION('',(-0.759256602366,0.650791373456,0.));
#4550 = DIRECTION('',(-0.650791373456,-0.759256602366,0.));
#4551 = ADVANCED_FACE('',(#4552),#4560,.F.);
#4552 = FACE_BOUND('',#4553,.T.);
#4553 = EDGE_LOOP('',(#4554,#4555,#4556,#4557,#4558,#4559));
#4554 = ORIENTED_EDGE('',*,*,#3352,.F.);
#4555 = ORIENTED_EDGE('',*,*,#3255,.F.);
#4556 = ORIENTED_EDGE('',*,*,#3149,.T.);
#4557 = ORIENTED_EDGE('',*,*,#2805,.T.);
#4558 = ORIENTED_EDGE('',*,*,#4536,.F.);
#4559 = ORIENTED_EDGE('',*,*,#2097,.F.);
#4560 = PLANE('',#4561);
#4561 = AXIS2_PLACEMENT_3D('',#4562,#4563,#4564);
#4562 = CARTESIAN_POINT('',(0.,-1.84,0.));
#4563 = DIRECTION('',(0.759256602366,0.650791373456,0.));
#4564 = DIRECTION('',(-0.650791373456,0.759256602366,0.));
#4565 = ADVANCED_FACE('',(#4566),#4579,.F.);
#4566 = FACE_BOUND('',#4567,.T.);
#4567 = EDGE_LOOP('',(#4568,#4574,#4575,#4576,#4577,#4578));
#4568 = ORIENTED_EDGE('',*,*,#4569,.T.);
#4569 = EDGE_CURVE('',#2074,#2822,#4570,.T.);
#4570 = LINE('',#4571,#4572);
#4571 = CARTESIAN_POINT('',(2.54,-1.84,0.));
#4572 = VECTOR('',#4573,1.);
#4573 = DIRECTION('',(0.,0.,1.));
#4574 = ORIENTED_EDGE('',*,*,#2821,.T.);
#4575 = ORIENTED_EDGE('',*,*,#3142,.F.);
#4576 = ORIENTED_EDGE('',*,*,#3248,.F.);
#4577 = ORIENTED_EDGE('',*,*,#3345,.F.);
#4578 = ORIENTED_EDGE('',*,*,#2081,.F.);
#4579 = PLANE('',#4580);
#4580 = AXIS2_PLACEMENT_3D('',#4581,#4582,#4583);
#4581 = CARTESIAN_POINT('',(2.54,-1.84,0.));
#4582 = DIRECTION('',(-0.759256602366,0.650791373456,0.));
#4583 = DIRECTION('',(-0.650791373456,-0.759256602366,0.));
#4584 = ADVANCED_FACE('',(#4585),#4593,.F.);
#4585 = FACE_BOUND('',#4586,.T.);
#4586 = EDGE_LOOP('',(#4587,#4588,#4589,#4590,#4591,#4592));
#4587 = ORIENTED_EDGE('',*,*,#3779,.F.);
#4588 = ORIENTED_EDGE('',*,*,#3628,.F.);
#4589 = ORIENTED_EDGE('',*,*,#3531,.T.);
#4590 = ORIENTED_EDGE('',*,*,#2829,.T.);
#4591 = ORIENTED_EDGE('',*,*,#4569,.F.);
#4592 = ORIENTED_EDGE('',*,*,#2073,.F.);
#4593 = PLANE('',#4594);
#4594 = AXIS2_PLACEMENT_3D('',#4595,#4596,#4597);
#4595 = CARTESIAN_POINT('',(2.539999999999,-1.84,0.));
#4596 = DIRECTION('',(0.759256602366,0.650791373456,0.));
#4597 = DIRECTION('',(-0.650791373456,0.759256602366,0.));
#4598 = ADVANCED_FACE('',(#4599),#4607,.F.);
#4599 = FACE_BOUND('',#4600,.T.);
#4600 = EDGE_LOOP('',(#4601,#4602,#4603,#4604,#4605,#4606));
#4601 = ORIENTED_EDGE('',*,*,#3687,.T.);
#4602 = ORIENTED_EDGE('',*,*,#2717,.T.);
#4603 = ORIENTED_EDGE('',*,*,#3224,.F.);
#4604 = ORIENTED_EDGE('',*,*,#3118,.F.);
#4605 = ORIENTED_EDGE('',*,*,#3330,.F.);
#4606 = ORIENTED_EDGE('',*,*,#2185,.F.);
#4607 = PLANE('',#4608);
#4608 = AXIS2_PLACEMENT_3D('',#4609,#4610,#4611);
#4609 = CARTESIAN_POINT('',(-2.54,1.839999999999,0.));
#4610 = DIRECTION('',(0.759256602366,-0.650791373456,0.));
#4611 = DIRECTION('',(0.650791373456,0.759256602366,0.));
#4612 = ADVANCED_FACE('',(#4613),#4621,.F.);
#4613 = FACE_BOUND('',#4614,.T.);
#4614 = EDGE_LOOP('',(#4615,#4616,#4617,#4618,#4619,#4620));
#4615 = ORIENTED_EDGE('',*,*,#3764,.F.);
#4616 = ORIENTED_EDGE('',*,*,#3414,.F.);
#4617 = ORIENTED_EDGE('',*,*,#3569,.T.);
#4618 = ORIENTED_EDGE('',*,*,#2852,.T.);
#4619 = ORIENTED_EDGE('',*,*,#545,.F.);
#4620 = ORIENTED_EDGE('',*,*,#2050,.F.);
#4621 = PLANE('',#4622);
#4622 = AXIS2_PLACEMENT_3D('',#4623,#4624,#4625);
#4623 = CARTESIAN_POINT('',(5.079999999999,1.839999999999,0.));
#4624 = DIRECTION('',(-0.759256602366,-0.650791373456,0.));
#4625 = DIRECTION('',(0.650791373456,-0.759256602366,0.));
#4626 = ADVANCED_FACE('',(#4627),#4640,.F.);
#4627 = FACE_BOUND('',#4628,.T.);
#4628 = EDGE_LOOP('',(#4629,#4630,#4631,#4632,#4633,#4639));
#4629 = ORIENTED_EDGE('',*,*,#3323,.F.);
#4630 = ORIENTED_EDGE('',*,*,#3102,.F.);
#4631 = ORIENTED_EDGE('',*,*,#3217,.T.);
#4632 = ORIENTED_EDGE('',*,*,#2701,.T.);
#4633 = ORIENTED_EDGE('',*,*,#4634,.F.);
#4634 = EDGE_CURVE('',#2202,#2694,#4635,.T.);
#4635 = LINE('',#4636,#4637);
#4636 = CARTESIAN_POINT('',(0.,1.84,0.));
#4637 = VECTOR('',#4638,1.);
#4638 = DIRECTION('',(0.,0.,1.));
#4639 = ORIENTED_EDGE('',*,*,#2201,.F.);
#4640 = PLANE('',#4641);
#4641 = AXIS2_PLACEMENT_3D('',#4642,#4643,#4644);
#4642 = CARTESIAN_POINT('',(0.,1.84,0.));
#4643 = DIRECTION('',(-0.759256602366,-0.650791373456,0.));
#4644 = DIRECTION('',(0.650791373456,-0.759256602366,0.));
#4645 = ADVANCED_FACE('',(#4646),#4654,.F.);
#4646 = FACE_BOUND('',#4647,.T.);
#4647 = EDGE_LOOP('',(#4648,#4649,#4650,#4651,#4652,#4653));
#4648 = ORIENTED_EDGE('',*,*,#4634,.T.);
#4649 = ORIENTED_EDGE('',*,*,#2693,.T.);
#4650 = ORIENTED_EDGE('',*,*,#3202,.F.);
#4651 = ORIENTED_EDGE('',*,*,#3078,.F.);
#4652 = ORIENTED_EDGE('',*,*,#3308,.F.);
#4653 = ORIENTED_EDGE('',*,*,#2209,.F.);
#4654 = PLANE('',#4655);
#4655 = AXIS2_PLACEMENT_3D('',#4656,#4657,#4658);
#4656 = CARTESIAN_POINT('',(-8.673617379884E-16,1.839999999999,0.));
#4657 = DIRECTION('',(0.759256602366,-0.650791373456,0.));
#4658 = DIRECTION('',(0.650791373456,0.759256602366,0.));
#4659 = ADVANCED_FACE('',(#4660),#4673,.F.);
#4660 = FACE_BOUND('',#4661,.T.);
#4661 = EDGE_LOOP('',(#4662,#4663,#4664,#4665,#4666,#4672));
#4662 = ORIENTED_EDGE('',*,*,#3301,.F.);
#4663 = ORIENTED_EDGE('',*,*,#3062,.F.);
#4664 = ORIENTED_EDGE('',*,*,#3195,.T.);
#4665 = ORIENTED_EDGE('',*,*,#2675,.T.);
#4666 = ORIENTED_EDGE('',*,*,#4667,.F.);
#4667 = EDGE_CURVE('',#2027,#2678,#4668,.T.);
#4668 = LINE('',#4669,#4670);
#4669 = CARTESIAN_POINT('',(2.54,1.84,0.));
#4670 = VECTOR('',#4671,1.);
#4671 = DIRECTION('',(0.,0.,1.));
#4672 = ORIENTED_EDGE('',*,*,#2026,.F.);
#4673 = PLANE('',#4674);
#4674 = AXIS2_PLACEMENT_3D('',#4675,#4676,#4677);
#4675 = CARTESIAN_POINT('',(2.54,1.84,0.));
#4676 = DIRECTION('',(-0.759256602366,-0.650791373456,0.));
#4677 = DIRECTION('',(0.650791373456,-0.759256602366,0.));
#4678 = ADVANCED_FACE('',(#4679),#4687,.F.);
#4679 = FACE_BOUND('',#4680,.T.);
#4680 = EDGE_LOOP('',(#4681,#4682,#4683,#4684,#4685,#4686));
#4681 = ORIENTED_EDGE('',*,*,#4667,.T.);
#4682 = ORIENTED_EDGE('',*,*,#2868,.T.);
#4683 = ORIENTED_EDGE('',*,*,#3562,.F.);
#4684 = ORIENTED_EDGE('',*,*,#3398,.F.);
#4685 = ORIENTED_EDGE('',*,*,#3757,.F.);
#4686 = ORIENTED_EDGE('',*,*,#2034,.F.);
#4687 = PLANE('',#4688);
#4688 = AXIS2_PLACEMENT_3D('',#4689,#4690,#4691);
#4689 = CARTESIAN_POINT('',(2.539999999999,1.839999999999,0.));
#4690 = DIRECTION('',(0.759256602366,-0.650791373456,0.));
#4691 = DIRECTION('',(0.650791373456,0.759256602366,0.));
#4692 = ADVANCED_FACE('',(#4693),#4727,.F.);
#4693 = FACE_BOUND('',#4694,.T.);
#4694 = EDGE_LOOP('',(#4695,#4705,#4713,#4721));
#4695 = ORIENTED_EDGE('',*,*,#4696,.T.);
#4696 = EDGE_CURVE('',#4697,#4699,#4701,.T.);
#4697 = VERTEX_POINT('',#4698);
#4698 = CARTESIAN_POINT('',(-0.95,-0.95,-2.75));
#4699 = VERTEX_POINT('',#4700);
#4700 = CARTESIAN_POINT('',(-0.95,-1.2,-3.));
#4701 = LINE('',#4702,#4703);
#4702 = CARTESIAN_POINT('',(-0.95,-1.2,-3.));
#4703 = VECTOR('',#4704,1.);
#4704 = DIRECTION('',(0.,-0.707106781187,-0.707106781187));
#4705 = ORIENTED_EDGE('',*,*,#4706,.F.);
#4706 = EDGE_CURVE('',#4707,#4699,#4709,.T.);
#4707 = VERTEX_POINT('',#4708);
#4708 = CARTESIAN_POINT('',(-1.59,-1.2,-3.));
#4709 = LINE('',#4710,#4711);
#4710 = CARTESIAN_POINT('',(-1.59,-1.2,-3.));
#4711 = VECTOR('',#4712,1.);
#4712 = DIRECTION('',(1.,0.,0.));
#4713 = ORIENTED_EDGE('',*,*,#4714,.F.);
#4714 = EDGE_CURVE('',#4715,#4707,#4717,.T.);
#4715 = VERTEX_POINT('',#4716);
#4716 = CARTESIAN_POINT('',(-1.59,-0.95,-2.75));
#4717 = LINE('',#4718,#4719);
#4718 = CARTESIAN_POINT('',(-1.59,-1.2,-3.));
#4719 = VECTOR('',#4720,1.);
#4720 = DIRECTION('',(0.,-0.707106781187,-0.707106781187));
#4721 = ORIENTED_EDGE('',*,*,#4722,.T.);
#4722 = EDGE_CURVE('',#4715,#4697,#4723,.T.);
#4723 = LINE('',#4724,#4725);
#4724 = CARTESIAN_POINT('',(-1.59,-0.95,-2.75));
#4725 = VECTOR('',#4726,1.);
#4726 = DIRECTION('',(1.,0.,0.));
#4727 = PLANE('',#4728);
#4728 = AXIS2_PLACEMENT_3D('',#4729,#4730,#4731);
#4729 = CARTESIAN_POINT('',(-1.59,-1.2,-3.));
#4730 = DIRECTION('',(0.,-0.707106781187,0.707106781187));
#4731 = DIRECTION('',(0.,-0.707106781187,-0.707106781187));
#4732 = ADVANCED_FACE('',(#4733),#4758,.F.);
#4733 = FACE_BOUND('',#4734,.T.);
#4734 = EDGE_LOOP('',(#4735,#4743,#4751,#4757));
#4735 = ORIENTED_EDGE('',*,*,#4736,.T.);
#4736 = EDGE_CURVE('',#4699,#4737,#4739,.T.);
#4737 = VERTEX_POINT('',#4738);
#4738 = CARTESIAN_POINT('',(-0.95,-1.34,-3.));
#4739 = LINE('',#4740,#4741);
#4740 = CARTESIAN_POINT('',(-0.95,-1.2,-3.));
#4741 = VECTOR('',#4742,1.);
#4742 = DIRECTION('',(0.,-1.,0.));
#4743 = ORIENTED_EDGE('',*,*,#4744,.F.);
#4744 = EDGE_CURVE('',#4745,#4737,#4747,.T.);
#4745 = VERTEX_POINT('',#4746);
#4746 = CARTESIAN_POINT('',(-1.59,-1.34,-3.));
#4747 = LINE('',#4748,#4749);
#4748 = CARTESIAN_POINT('',(-1.59,-1.34,-3.));
#4749 = VECTOR('',#4750,1.);
#4750 = DIRECTION('',(1.,0.,0.));
#4751 = ORIENTED_EDGE('',*,*,#4752,.F.);
#4752 = EDGE_CURVE('',#4707,#4745,#4753,.T.);
#4753 = LINE('',#4754,#4755);
#4754 = CARTESIAN_POINT('',(-1.59,-1.2,-3.));
#4755 = VECTOR('',#4756,1.);
#4756 = DIRECTION('',(0.,-1.,0.));
#4757 = ORIENTED_EDGE('',*,*,#4706,.T.);
#4758 = PLANE('',#4759);
#4759 = AXIS2_PLACEMENT_3D('',#4760,#4761,#4762);
#4760 = CARTESIAN_POINT('',(-1.59,-1.2,-3.));
#4761 = DIRECTION('',(0.,0.,1.));
#4762 = DIRECTION('',(1.,0.,-0.));
#4763 = ADVANCED_FACE('',(#4764),#4789,.F.);
#4764 = FACE_BOUND('',#4765,.T.);
#4765 = EDGE_LOOP('',(#4766,#4774,#4782,#4788));
#4766 = ORIENTED_EDGE('',*,*,#4767,.T.);
#4767 = EDGE_CURVE('',#4737,#4768,#4770,.T.);
#4768 = VERTEX_POINT('',#4769);
#4769 = CARTESIAN_POINT('',(-0.95,-1.59,-2.75));
#4770 = LINE('',#4771,#4772);
#4771 = CARTESIAN_POINT('',(-0.95,-1.34,-3.));
#4772 = VECTOR('',#4773,1.);
#4773 = DIRECTION('',(0.,-0.707106781187,0.707106781187));
#4774 = ORIENTED_EDGE('',*,*,#4775,.F.);
#4775 = EDGE_CURVE('',#4776,#4768,#4778,.T.);
#4776 = VERTEX_POINT('',#4777);
#4777 = CARTESIAN_POINT('',(-1.59,-1.59,-2.75));
#4778 = LINE('',#4779,#4780);
#4779 = CARTESIAN_POINT('',(-1.59,-1.59,-2.75));
#4780 = VECTOR('',#4781,1.);
#4781 = DIRECTION('',(1.,0.,0.));
#4782 = ORIENTED_EDGE('',*,*,#4783,.F.);
#4783 = EDGE_CURVE('',#4745,#4776,#4784,.T.);
#4784 = LINE('',#4785,#4786);
#4785 = CARTESIAN_POINT('',(-1.59,-1.34,-3.));
#4786 = VECTOR('',#4787,1.);
#4787 = DIRECTION('',(0.,-0.707106781187,0.707106781187));
#4788 = ORIENTED_EDGE('',*,*,#4744,.T.);
#4789 = PLANE('',#4790);
#4790 = AXIS2_PLACEMENT_3D('',#4791,#4792,#4793);
#4791 = CARTESIAN_POINT('',(-1.59,-1.34,-3.));
#4792 = DIRECTION('',(0.,0.707106781187,0.707106781187));
#4793 = DIRECTION('',(0.,-0.707106781187,0.707106781187));
#4794 = ADVANCED_FACE('',(#4795),#4813,.F.);
#4795 = FACE_BOUND('',#4796,.T.);
#4796 = EDGE_LOOP('',(#4797,#4803,#4804,#4810,#4811,#4812));
#4797 = ORIENTED_EDGE('',*,*,#4798,.F.);
#4798 = EDGE_CURVE('',#1985,#4697,#4799,.T.);
#4799 = LINE('',#4800,#4801);
#4800 = CARTESIAN_POINT('',(-0.95,-0.95,-2.75));
#4801 = VECTOR('',#4802,1.);
#4802 = DIRECTION('',(0.,1.964134370444E-17,-1.));
#4803 = ORIENTED_EDGE('',*,*,#2008,.T.);
#4804 = ORIENTED_EDGE('',*,*,#4805,.F.);
#4805 = EDGE_CURVE('',#4768,#2001,#4806,.T.);
#4806 = LINE('',#4807,#4808);
#4807 = CARTESIAN_POINT('',(-0.95,-1.59,-2.75));
#4808 = VECTOR('',#4809,1.);
#4809 = DIRECTION('',(0.,-1.964134370444E-17,1.));
#4810 = ORIENTED_EDGE('',*,*,#4767,.F.);
#4811 = ORIENTED_EDGE('',*,*,#4736,.F.);
#4812 = ORIENTED_EDGE('',*,*,#4696,.F.);
#4813 = PLANE('',#4814);
#4814 = AXIS2_PLACEMENT_3D('',#4815,#4816,#4817);
#4815 = CARTESIAN_POINT('',(-0.95,-1.445602896647E-16,0.));
#4816 = DIRECTION('',(-1.,0.,0.));
#4817 = DIRECTION('',(0.,0.,1.));
#4818 = ADVANCED_FACE('',(#4819),#4837,.T.);
#4819 = FACE_BOUND('',#4820,.T.);
#4820 = EDGE_LOOP('',(#4821,#4822,#4828,#4829,#4830,#4831));
#4821 = ORIENTED_EDGE('',*,*,#1992,.F.);
#4822 = ORIENTED_EDGE('',*,*,#4823,.T.);
#4823 = EDGE_CURVE('',#1983,#4715,#4824,.T.);
#4824 = LINE('',#4825,#4826);
#4825 = CARTESIAN_POINT('',(-1.59,-0.95,-2.75));
#4826 = VECTOR('',#4827,1.);
#4827 = DIRECTION('',(0.,1.964134370444E-17,-1.));
#4828 = ORIENTED_EDGE('',*,*,#4714,.T.);
#4829 = ORIENTED_EDGE('',*,*,#4752,.T.);
#4830 = ORIENTED_EDGE('',*,*,#4783,.T.);
#4831 = ORIENTED_EDGE('',*,*,#4832,.T.);
#4832 = EDGE_CURVE('',#4776,#1993,#4833,.T.);
#4833 = LINE('',#4834,#4835);
#4834 = CARTESIAN_POINT('',(-1.59,-1.59,-2.75));
#4835 = VECTOR('',#4836,1.);
#4836 = DIRECTION('',(0.,-1.964134370444E-17,1.));
#4837 = PLANE('',#4838);
#4838 = AXIS2_PLACEMENT_3D('',#4839,#4840,#4841);
#4839 = CARTESIAN_POINT('',(-1.59,-1.445602896647E-16,0.));
#4840 = DIRECTION('',(-1.,0.,0.));
#4841 = DIRECTION('',(0.,0.,1.));
#4842 = ADVANCED_FACE('',(#4843),#4849,.F.);
#4843 = FACE_BOUND('',#4844,.T.);
#4844 = EDGE_LOOP('',(#4845,#4846,#4847,#4848));
#4845 = ORIENTED_EDGE('',*,*,#4823,.F.);
#4846 = ORIENTED_EDGE('',*,*,#1982,.T.);
#4847 = ORIENTED_EDGE('',*,*,#4798,.T.);
#4848 = ORIENTED_EDGE('',*,*,#4722,.F.);
#4849 = PLANE('',#4850);
#4850 = AXIS2_PLACEMENT_3D('',#4851,#4852,#4853);
#4851 = CARTESIAN_POINT('',(-1.59,-0.95,-2.75));
#4852 = DIRECTION('',(0.,-1.,-1.964134370444E-17));
#4853 = DIRECTION('',(0.,1.964134370444E-17,-1.));
#4854 = ADVANCED_FACE('',(#4855),#4861,.F.);
#4855 = FACE_BOUND('',#4856,.T.);
#4856 = EDGE_LOOP('',(#4857,#4858,#4859,#4860));
#4857 = ORIENTED_EDGE('',*,*,#4805,.T.);
#4858 = ORIENTED_EDGE('',*,*,#2000,.T.);
#4859 = ORIENTED_EDGE('',*,*,#4832,.F.);
#4860 = ORIENTED_EDGE('',*,*,#4775,.T.);
#4861 = PLANE('',#4862);
#4862 = AXIS2_PLACEMENT_3D('',#4863,#4864,#4865);
#4863 = CARTESIAN_POINT('',(-1.59,-1.59,-2.75));
#4864 = DIRECTION('',(0.,1.,1.964134370444E-17));
#4865 = DIRECTION('',(0.,-1.964134370444E-17,1.));
#4866 = ADVANCED_FACE('',(#4867),#4892,.F.);
#4867 = FACE_BOUND('',#4868,.T.);
#4868 = EDGE_LOOP('',(#4869,#4870,#4878,#4886));
#4869 = ORIENTED_EDGE('',*,*,#2667,.F.);
#4870 = ORIENTED_EDGE('',*,*,#4871,.T.);
#4871 = EDGE_CURVE('',#2660,#4872,#4874,.T.);
#4872 = VERTEX_POINT('',#4873);
#4873 = CARTESIAN_POINT('',(-0.95,-1.59,8.29));
#4874 = LINE('',#4875,#4876);
#4875 = CARTESIAN_POINT('',(-0.95,-1.59,-2.75));
#4876 = VECTOR('',#4877,1.);
#4877 = DIRECTION('',(0.,-1.964134370444E-17,1.));
#4878 = ORIENTED_EDGE('',*,*,#4879,.F.);
#4879 = EDGE_CURVE('',#4880,#4872,#4882,.T.);
#4880 = VERTEX_POINT('',#4881);
#4881 = CARTESIAN_POINT('',(-1.59,-1.59,8.29));
#4882 = LINE('',#4883,#4884);
#4883 = CARTESIAN_POINT('',(-1.59,-1.59,8.29));
#4884 = VECTOR('',#4885,1.);
#4885 = DIRECTION('',(1.,0.,0.));
#4886 = ORIENTED_EDGE('',*,*,#4887,.F.);
#4887 = EDGE_CURVE('',#2644,#4880,#4888,.T.);
#4888 = LINE('',#4889,#4890);
#4889 = CARTESIAN_POINT('',(-1.59,-1.59,-2.75));
#4890 = VECTOR('',#4891,1.);
#4891 = DIRECTION('',(0.,-1.964134370444E-17,1.));
#4892 = PLANE('',#4893);
#4893 = AXIS2_PLACEMENT_3D('',#4894,#4895,#4896);
#4894 = CARTESIAN_POINT('',(-1.59,-1.59,-2.75));
#4895 = DIRECTION('',(0.,1.,1.964134370444E-17));
#4896 = DIRECTION('',(0.,-1.964134370444E-17,1.));
#4897 = ADVANCED_FACE('',(#4898),#4923,.F.);
#4898 = FACE_BOUND('',#4899,.T.);
#4899 = EDGE_LOOP('',(#4900,#4908,#4916,#4922));
#4900 = ORIENTED_EDGE('',*,*,#4901,.T.);
#4901 = EDGE_CURVE('',#4872,#4902,#4904,.T.);
#4902 = VERTEX_POINT('',#4903);
#4903 = CARTESIAN_POINT('',(-0.95,-1.34,8.54));
#4904 = LINE('',#4905,#4906);
#4905 = CARTESIAN_POINT('',(-0.95,-1.59,8.29));
#4906 = VECTOR('',#4907,1.);
#4907 = DIRECTION('',(0.,0.707106781187,0.707106781187));
#4908 = ORIENTED_EDGE('',*,*,#4909,.F.);
#4909 = EDGE_CURVE('',#4910,#4902,#4912,.T.);
#4910 = VERTEX_POINT('',#4911);
#4911 = CARTESIAN_POINT('',(-1.59,-1.34,8.54));
#4912 = LINE('',#4913,#4914);
#4913 = CARTESIAN_POINT('',(-1.59,-1.34,8.54));
#4914 = VECTOR('',#4915,1.);
#4915 = DIRECTION('',(1.,0.,0.));
#4916 = ORIENTED_EDGE('',*,*,#4917,.F.);
#4917 = EDGE_CURVE('',#4880,#4910,#4918,.T.);
#4918 = LINE('',#4919,#4920);
#4919 = CARTESIAN_POINT('',(-1.59,-1.59,8.29));
#4920 = VECTOR('',#4921,1.);
#4921 = DIRECTION('',(0.,0.707106781187,0.707106781187));
#4922 = ORIENTED_EDGE('',*,*,#4879,.T.);
#4923 = PLANE('',#4924);
#4924 = AXIS2_PLACEMENT_3D('',#4925,#4926,#4927);
#4925 = CARTESIAN_POINT('',(-1.59,-1.59,8.29));
#4926 = DIRECTION('',(0.,0.707106781187,-0.707106781187));
#4927 = DIRECTION('',(0.,0.707106781187,0.707106781187));
#4928 = ADVANCED_FACE('',(#4929),#4954,.F.);
#4929 = FACE_BOUND('',#4930,.T.);
#4930 = EDGE_LOOP('',(#4931,#4939,#4947,#4953));
#4931 = ORIENTED_EDGE('',*,*,#4932,.T.);
#4932 = EDGE_CURVE('',#4902,#4933,#4935,.T.);
#4933 = VERTEX_POINT('',#4934);
#4934 = CARTESIAN_POINT('',(-0.95,-1.2,8.54));
#4935 = LINE('',#4936,#4937);
#4936 = CARTESIAN_POINT('',(-0.95,-1.2,8.54));
#4937 = VECTOR('',#4938,1.);
#4938 = DIRECTION('',(0.,1.,0.));
#4939 = ORIENTED_EDGE('',*,*,#4940,.F.);
#4940 = EDGE_CURVE('',#4941,#4933,#4943,.T.);
#4941 = VERTEX_POINT('',#4942);
#4942 = CARTESIAN_POINT('',(-1.59,-1.2,8.54));
#4943 = LINE('',#4944,#4945);
#4944 = CARTESIAN_POINT('',(-1.59,-1.2,8.54));
#4945 = VECTOR('',#4946,1.);
#4946 = DIRECTION('',(1.,0.,0.));
#4947 = ORIENTED_EDGE('',*,*,#4948,.F.);
#4948 = EDGE_CURVE('',#4910,#4941,#4949,.T.);
#4949 = LINE('',#4950,#4951);
#4950 = CARTESIAN_POINT('',(-1.59,-1.2,8.54));
#4951 = VECTOR('',#4952,1.);
#4952 = DIRECTION('',(0.,1.,0.));
#4953 = ORIENTED_EDGE('',*,*,#4909,.T.);
#4954 = PLANE('',#4955);
#4955 = AXIS2_PLACEMENT_3D('',#4956,#4957,#4958);
#4956 = CARTESIAN_POINT('',(-1.59,-1.2,8.54));
#4957 = DIRECTION('',(0.,0.,-1.));
#4958 = DIRECTION('',(-1.,0.,0.));
#4959 = ADVANCED_FACE('',(#4960),#4985,.F.);
#4960 = FACE_BOUND('',#4961,.T.);
#4961 = EDGE_LOOP('',(#4962,#4970,#4978,#4984));
#4962 = ORIENTED_EDGE('',*,*,#4963,.T.);
#4963 = EDGE_CURVE('',#4933,#4964,#4966,.T.);
#4964 = VERTEX_POINT('',#4965);
#4965 = CARTESIAN_POINT('',(-0.95,-0.95,8.29));
#4966 = LINE('',#4967,#4968);
#4967 = CARTESIAN_POINT('',(-0.95,-0.95,8.29));
#4968 = VECTOR('',#4969,1.);
#4969 = DIRECTION('',(0.,0.707106781187,-0.707106781187));
#4970 = ORIENTED_EDGE('',*,*,#4971,.F.);
#4971 = EDGE_CURVE('',#4972,#4964,#4974,.T.);
#4972 = VERTEX_POINT('',#4973);
#4973 = CARTESIAN_POINT('',(-1.59,-0.95,8.29));
#4974 = LINE('',#4975,#4976);
#4975 = CARTESIAN_POINT('',(-1.59,-0.95,8.29));
#4976 = VECTOR('',#4977,1.);
#4977 = DIRECTION('',(1.,0.,0.));
#4978 = ORIENTED_EDGE('',*,*,#4979,.F.);
#4979 = EDGE_CURVE('',#4941,#4972,#4980,.T.);
#4980 = LINE('',#4981,#4982);
#4981 = CARTESIAN_POINT('',(-1.59,-0.95,8.29));
#4982 = VECTOR('',#4983,1.);
#4983 = DIRECTION('',(0.,0.707106781187,-0.707106781187));
#4984 = ORIENTED_EDGE('',*,*,#4940,.T.);
#4985 = PLANE('',#4986);
#4986 = AXIS2_PLACEMENT_3D('',#4987,#4988,#4989);
#4987 = CARTESIAN_POINT('',(-1.59,-0.95,8.29));
#4988 = DIRECTION('',(0.,-0.707106781187,-0.707106781187));
#4989 = DIRECTION('',(0.,0.707106781187,-0.707106781187));
#4990 = ADVANCED_FACE('',(#4991),#5007,.F.);
#4991 = FACE_BOUND('',#4992,.T.);
#4992 = EDGE_LOOP('',(#4993,#4994,#5000,#5001));
#4993 = ORIENTED_EDGE('',*,*,#2651,.F.);
#4994 = ORIENTED_EDGE('',*,*,#4995,.F.);
#4995 = EDGE_CURVE('',#4972,#2642,#4996,.T.);
#4996 = LINE('',#4997,#4998);
#4997 = CARTESIAN_POINT('',(-1.59,-0.95,-2.75));
#4998 = VECTOR('',#4999,1.);
#4999 = DIRECTION('',(0.,1.964134370444E-17,-1.));
#5000 = ORIENTED_EDGE('',*,*,#4971,.T.);
#5001 = ORIENTED_EDGE('',*,*,#5002,.T.);
#5002 = EDGE_CURVE('',#4964,#2652,#5003,.T.);
#5003 = LINE('',#5004,#5005);
#5004 = CARTESIAN_POINT('',(-0.95,-0.95,-2.75));
#5005 = VECTOR('',#5006,1.);
#5006 = DIRECTION('',(0.,1.964134370444E-17,-1.));
#5007 = PLANE('',#5008);
#5008 = AXIS2_PLACEMENT_3D('',#5009,#5010,#5011);
#5009 = CARTESIAN_POINT('',(-1.59,-0.95,-2.75));
#5010 = DIRECTION('',(0.,-1.,-1.964134370444E-17));
#5011 = DIRECTION('',(0.,1.964134370444E-17,-1.));
#5012 = ADVANCED_FACE('',(#5013),#5021,.T.);
#5013 = FACE_BOUND('',#5014,.T.);
#5014 = EDGE_LOOP('',(#5015,#5016,#5017,#5018,#5019,#5020));
#5015 = ORIENTED_EDGE('',*,*,#4995,.T.);
#5016 = ORIENTED_EDGE('',*,*,#2641,.T.);
#5017 = ORIENTED_EDGE('',*,*,#4887,.T.);
#5018 = ORIENTED_EDGE('',*,*,#4917,.T.);
#5019 = ORIENTED_EDGE('',*,*,#4948,.T.);
#5020 = ORIENTED_EDGE('',*,*,#4979,.T.);
#5021 = PLANE('',#5022);
#5022 = AXIS2_PLACEMENT_3D('',#5023,#5024,#5025);
#5023 = CARTESIAN_POINT('',(-1.59,-1.445602896647E-16,0.));
#5024 = DIRECTION('',(-1.,0.,0.));
#5025 = DIRECTION('',(0.,0.,1.));
#5026 = ADVANCED_FACE('',(#5027),#5035,.F.);
#5027 = FACE_BOUND('',#5028,.T.);
#5028 = EDGE_LOOP('',(#5029,#5030,#5031,#5032,#5033,#5034));
#5029 = ORIENTED_EDGE('',*,*,#2659,.F.);
#5030 = ORIENTED_EDGE('',*,*,#5002,.F.);
#5031 = ORIENTED_EDGE('',*,*,#4963,.F.);
#5032 = ORIENTED_EDGE('',*,*,#4932,.F.);
#5033 = ORIENTED_EDGE('',*,*,#4901,.F.);
#5034 = ORIENTED_EDGE('',*,*,#4871,.F.);
#5035 = PLANE('',#5036);
#5036 = AXIS2_PLACEMENT_3D('',#5037,#5038,#5039);
#5037 = CARTESIAN_POINT('',(-0.95,-1.445602896647E-16,0.));
#5038 = DIRECTION('',(-1.,0.,0.));
#5039 = DIRECTION('',(0.,0.,1.));
#5040 = ADVANCED_FACE('',(#5041),#5075,.F.);
#5041 = FACE_BOUND('',#5042,.T.);
#5042 = EDGE_LOOP('',(#5043,#5053,#5061,#5069));
#5043 = ORIENTED_EDGE('',*,*,#5044,.T.);
#5044 = EDGE_CURVE('',#5045,#5047,#5049,.T.);
#5045 = VERTEX_POINT('',#5046);
#5046 = CARTESIAN_POINT('',(-0.95,1.589999999999,-2.75));
#5047 = VERTEX_POINT('',#5048);
#5048 = CARTESIAN_POINT('',(-0.95,1.339999999999,-3.));
#5049 = LINE('',#5050,#5051);
#5050 = CARTESIAN_POINT('',(-0.95,1.339999999999,-3.));
#5051 = VECTOR('',#5052,1.);
#5052 = DIRECTION('',(0.,-0.707106781187,-0.707106781187));
#5053 = ORIENTED_EDGE('',*,*,#5054,.F.);
#5054 = EDGE_CURVE('',#5055,#5047,#5057,.T.);
#5055 = VERTEX_POINT('',#5056);
#5056 = CARTESIAN_POINT('',(-1.59,1.339999999999,-3.));
#5057 = LINE('',#5058,#5059);
#5058 = CARTESIAN_POINT('',(-1.59,1.339999999999,-3.));
#5059 = VECTOR('',#5060,1.);
#5060 = DIRECTION('',(1.,0.,0.));
#5061 = ORIENTED_EDGE('',*,*,#5062,.F.);
#5062 = EDGE_CURVE('',#5063,#5055,#5065,.T.);
#5063 = VERTEX_POINT('',#5064);
#5064 = CARTESIAN_POINT('',(-1.59,1.589999999999,-2.75));
#5065 = LINE('',#5066,#5067);
#5066 = CARTESIAN_POINT('',(-1.59,1.339999999999,-3.));
#5067 = VECTOR('',#5068,1.);
#5068 = DIRECTION('',(0.,-0.707106781187,-0.707106781187));
#5069 = ORIENTED_EDGE('',*,*,#5070,.T.);
#5070 = EDGE_CURVE('',#5063,#5045,#5071,.T.);
#5071 = LINE('',#5072,#5073);
#5072 = CARTESIAN_POINT('',(-1.59,1.589999999999,-2.75));
#5073 = VECTOR('',#5074,1.);
#5074 = DIRECTION('',(1.,0.,0.));
#5075 = PLANE('',#5076);
#5076 = AXIS2_PLACEMENT_3D('',#5077,#5078,#5079);
#5077 = CARTESIAN_POINT('',(-1.59,1.339999999999,-3.));
#5078 = DIRECTION('',(0.,-0.707106781187,0.707106781187));
#5079 = DIRECTION('',(0.,-0.707106781187,-0.707106781187));
#5080 = ADVANCED_FACE('',(#5081),#5106,.F.);
#5081 = FACE_BOUND('',#5082,.T.);
#5082 = EDGE_LOOP('',(#5083,#5091,#5099,#5105));
#5083 = ORIENTED_EDGE('',*,*,#5084,.T.);
#5084 = EDGE_CURVE('',#5047,#5085,#5087,.T.);
#5085 = VERTEX_POINT('',#5086);
#5086 = CARTESIAN_POINT('',(-0.95,1.199999999999,-3.));
#5087 = LINE('',#5088,#5089);
#5088 = CARTESIAN_POINT('',(-0.95,1.199999999999,-3.));
#5089 = VECTOR('',#5090,1.);
#5090 = DIRECTION('',(0.,-1.,0.));
#5091 = ORIENTED_EDGE('',*,*,#5092,.F.);
#5092 = EDGE_CURVE('',#5093,#5085,#5095,.T.);
#5093 = VERTEX_POINT('',#5094);
#5094 = CARTESIAN_POINT('',(-1.59,1.199999999999,-3.));
#5095 = LINE('',#5096,#5097);
#5096 = CARTESIAN_POINT('',(-1.59,1.199999999999,-3.));
#5097 = VECTOR('',#5098,1.);
#5098 = DIRECTION('',(1.,0.,0.));
#5099 = ORIENTED_EDGE('',*,*,#5100,.F.);
#5100 = EDGE_CURVE('',#5055,#5093,#5101,.T.);
#5101 = LINE('',#5102,#5103);
#5102 = CARTESIAN_POINT('',(-1.59,1.199999999999,-3.));
#5103 = VECTOR('',#5104,1.);
#5104 = DIRECTION('',(0.,-1.,0.));
#5105 = ORIENTED_EDGE('',*,*,#5054,.T.);
#5106 = PLANE('',#5107);
#5107 = AXIS2_PLACEMENT_3D('',#5108,#5109,#5110);
#5108 = CARTESIAN_POINT('',(-1.59,1.199999999999,-3.));
#5109 = DIRECTION('',(0.,0.,1.));
#5110 = DIRECTION('',(1.,0.,-0.));
#5111 = ADVANCED_FACE('',(#5112),#5137,.F.);
#5112 = FACE_BOUND('',#5113,.T.);
#5113 = EDGE_LOOP('',(#5114,#5122,#5130,#5136));
#5114 = ORIENTED_EDGE('',*,*,#5115,.T.);
#5115 = EDGE_CURVE('',#5085,#5116,#5118,.T.);
#5116 = VERTEX_POINT('',#5117);
#5117 = CARTESIAN_POINT('',(-0.95,0.949999999999,-2.75));
#5118 = LINE('',#5119,#5120);
#5119 = CARTESIAN_POINT('',(-0.95,1.199999999999,-3.));
#5120 = VECTOR('',#5121,1.);
#5121 = DIRECTION('',(0.,-0.707106781187,0.707106781187));
#5122 = ORIENTED_EDGE('',*,*,#5123,.F.);
#5123 = EDGE_CURVE('',#5124,#5116,#5126,.T.);
#5124 = VERTEX_POINT('',#5125);
#5125 = CARTESIAN_POINT('',(-1.59,0.949999999999,-2.75));
#5126 = LINE('',#5127,#5128);
#5127 = CARTESIAN_POINT('',(-1.59,0.949999999999,-2.75));
#5128 = VECTOR('',#5129,1.);
#5129 = DIRECTION('',(1.,0.,0.));
#5130 = ORIENTED_EDGE('',*,*,#5131,.F.);
#5131 = EDGE_CURVE('',#5093,#5124,#5132,.T.);
#5132 = LINE('',#5133,#5134);
#5133 = CARTESIAN_POINT('',(-1.59,1.199999999999,-3.));
#5134 = VECTOR('',#5135,1.);
#5135 = DIRECTION('',(0.,-0.707106781187,0.707106781187));
#5136 = ORIENTED_EDGE('',*,*,#5092,.T.);
#5137 = PLANE('',#5138);
#5138 = AXIS2_PLACEMENT_3D('',#5139,#5140,#5141);
#5139 = CARTESIAN_POINT('',(-1.59,1.199999999999,-3.));
#5140 = DIRECTION('',(0.,0.707106781187,0.707106781187));
#5141 = DIRECTION('',(0.,-0.707106781187,0.707106781187));
#5142 = ADVANCED_FACE('',(#5143),#5161,.T.);
#5143 = FACE_BOUND('',#5144,.T.);
#5144 = EDGE_LOOP('',(#5145,#5146,#5152,#5153,#5154,#5155));
#5145 = ORIENTED_EDGE('',*,*,#1966,.F.);
#5146 = ORIENTED_EDGE('',*,*,#5147,.F.);
#5147 = EDGE_CURVE('',#5116,#1959,#5148,.T.);
#5148 = LINE('',#5149,#5150);
#5149 = CARTESIAN_POINT('',(-0.95,0.949999999999,-2.75));
#5150 = VECTOR('',#5151,1.);
#5151 = DIRECTION('',(0.,1.964134370444E-17,1.));
#5152 = ORIENTED_EDGE('',*,*,#5115,.F.);
#5153 = ORIENTED_EDGE('',*,*,#5084,.F.);
#5154 = ORIENTED_EDGE('',*,*,#5044,.F.);
#5155 = ORIENTED_EDGE('',*,*,#5156,.F.);
#5156 = EDGE_CURVE('',#1967,#5045,#5157,.T.);
#5157 = LINE('',#5158,#5159);
#5158 = CARTESIAN_POINT('',(-0.95,1.589999999999,-2.75));
#5159 = VECTOR('',#5160,1.);
#5160 = DIRECTION('',(0.,-1.964134370444E-17,-1.));
#5161 = PLANE('',#5162);
#5162 = AXIS2_PLACEMENT_3D('',#5163,#5164,#5165);
#5163 = CARTESIAN_POINT('',(-0.95,-1.445602896647E-16,0.));
#5164 = DIRECTION('',(1.,0.,0.));
#5165 = DIRECTION('',(0.,0.,-1.));
#5166 = ADVANCED_FACE('',(#5167),#5185,.F.);
#5167 = FACE_BOUND('',#5168,.T.);
#5168 = EDGE_LOOP('',(#5169,#5175,#5176,#5182,#5183,#5184));
#5169 = ORIENTED_EDGE('',*,*,#5170,.T.);
#5170 = EDGE_CURVE('',#5124,#1949,#5171,.T.);
#5171 = LINE('',#5172,#5173);
#5172 = CARTESIAN_POINT('',(-1.59,0.949999999999,-2.75));
#5173 = VECTOR('',#5174,1.);
#5174 = DIRECTION('',(0.,1.964134370444E-17,1.));
#5175 = ORIENTED_EDGE('',*,*,#1948,.T.);
#5176 = ORIENTED_EDGE('',*,*,#5177,.T.);
#5177 = EDGE_CURVE('',#1951,#5063,#5178,.T.);
#5178 = LINE('',#5179,#5180);
#5179 = CARTESIAN_POINT('',(-1.59,1.589999999999,-2.75));
#5180 = VECTOR('',#5181,1.);
#5181 = DIRECTION('',(0.,-1.964134370444E-17,-1.));
#5182 = ORIENTED_EDGE('',*,*,#5062,.T.);
#5183 = ORIENTED_EDGE('',*,*,#5100,.T.);
#5184 = ORIENTED_EDGE('',*,*,#5131,.T.);
#5185 = PLANE('',#5186);
#5186 = AXIS2_PLACEMENT_3D('',#5187,#5188,#5189);
#5187 = CARTESIAN_POINT('',(-1.59,-1.445602896647E-16,0.));
#5188 = DIRECTION('',(1.,0.,0.));
#5189 = DIRECTION('',(0.,0.,-1.));
#5190 = ADVANCED_FACE('',(#5191),#5197,.F.);
#5191 = FACE_BOUND('',#5192,.T.);
#5192 = EDGE_LOOP('',(#5193,#5194,#5195,#5196));
#5193 = ORIENTED_EDGE('',*,*,#5177,.F.);
#5194 = ORIENTED_EDGE('',*,*,#1974,.T.);
#5195 = ORIENTED_EDGE('',*,*,#5156,.T.);
#5196 = ORIENTED_EDGE('',*,*,#5070,.F.);
#5197 = PLANE('',#5198);
#5198 = AXIS2_PLACEMENT_3D('',#5199,#5200,#5201);
#5199 = CARTESIAN_POINT('',(-1.59,1.589999999999,-2.75));
#5200 = DIRECTION('',(0.,-1.,1.964134370444E-17));
#5201 = DIRECTION('',(0.,-1.964134370444E-17,-1.));
#5202 = ADVANCED_FACE('',(#5203),#5209,.F.);
#5203 = FACE_BOUND('',#5204,.T.);
#5204 = EDGE_LOOP('',(#5205,#5206,#5207,#5208));
#5205 = ORIENTED_EDGE('',*,*,#5147,.T.);
#5206 = ORIENTED_EDGE('',*,*,#1958,.T.);
#5207 = ORIENTED_EDGE('',*,*,#5170,.F.);
#5208 = ORIENTED_EDGE('',*,*,#5123,.T.);
#5209 = PLANE('',#5210);
#5210 = AXIS2_PLACEMENT_3D('',#5211,#5212,#5213);
#5211 = CARTESIAN_POINT('',(-1.59,0.949999999999,-2.75));
#5212 = DIRECTION('',(0.,1.,-1.964134370444E-17));
#5213 = DIRECTION('',(0.,1.964134370444E-17,1.));
#5214 = ADVANCED_FACE('',(#5215),#5240,.F.);
#5215 = FACE_BOUND('',#5216,.T.);
#5216 = EDGE_LOOP('',(#5217,#5218,#5226,#5234));
#5217 = ORIENTED_EDGE('',*,*,#2944,.F.);
#5218 = ORIENTED_EDGE('',*,*,#5219,.T.);
#5219 = EDGE_CURVE('',#2945,#5220,#5222,.T.);
#5220 = VERTEX_POINT('',#5221);
#5221 = CARTESIAN_POINT('',(-0.95,0.949999999999,8.29));
#5222 = LINE('',#5223,#5224);
#5223 = CARTESIAN_POINT('',(-0.95,0.949999999999,-2.75));
#5224 = VECTOR('',#5225,1.);
#5225 = DIRECTION('',(0.,1.964134370444E-17,1.));
#5226 = ORIENTED_EDGE('',*,*,#5227,.F.);
#5227 = EDGE_CURVE('',#5228,#5220,#5230,.T.);
#5228 = VERTEX_POINT('',#5229);
#5229 = CARTESIAN_POINT('',(-1.59,0.949999999999,8.29));
#5230 = LINE('',#5231,#5232);
#5231 = CARTESIAN_POINT('',(-1.59,0.949999999999,8.29));
#5232 = VECTOR('',#5233,1.);
#5233 = DIRECTION('',(1.,0.,0.));
#5234 = ORIENTED_EDGE('',*,*,#5235,.F.);
#5235 = EDGE_CURVE('',#2947,#5228,#5236,.T.);
#5236 = LINE('',#5237,#5238);
#5237 = CARTESIAN_POINT('',(-1.59,0.949999999999,-2.75));
#5238 = VECTOR('',#5239,1.);
#5239 = DIRECTION('',(0.,1.964134370444E-17,1.));
#5240 = PLANE('',#5241);
#5241 = AXIS2_PLACEMENT_3D('',#5242,#5243,#5244);
#5242 = CARTESIAN_POINT('',(-1.59,0.949999999999,-2.75));
#5243 = DIRECTION('',(0.,1.,-1.964134370444E-17));
#5244 = DIRECTION('',(0.,1.964134370444E-17,1.));
#5245 = ADVANCED_FACE('',(#5246),#5271,.F.);
#5246 = FACE_BOUND('',#5247,.T.);
#5247 = EDGE_LOOP('',(#5248,#5256,#5264,#5270));
#5248 = ORIENTED_EDGE('',*,*,#5249,.T.);
#5249 = EDGE_CURVE('',#5220,#5250,#5252,.T.);
#5250 = VERTEX_POINT('',#5251);
#5251 = CARTESIAN_POINT('',(-0.95,1.199999999999,8.54));
#5252 = LINE('',#5253,#5254);
#5253 = CARTESIAN_POINT('',(-0.95,0.949999999999,8.29));
#5254 = VECTOR('',#5255,1.);
#5255 = DIRECTION('',(0.,0.707106781187,0.707106781187));
#5256 = ORIENTED_EDGE('',*,*,#5257,.F.);
#5257 = EDGE_CURVE('',#5258,#5250,#5260,.T.);
#5258 = VERTEX_POINT('',#5259);
#5259 = CARTESIAN_POINT('',(-1.59,1.199999999999,8.54));
#5260 = LINE('',#5261,#5262);
#5261 = CARTESIAN_POINT('',(-1.59,1.199999999999,8.54));
#5262 = VECTOR('',#5263,1.);
#5263 = DIRECTION('',(1.,0.,0.));
#5264 = ORIENTED_EDGE('',*,*,#5265,.F.);
#5265 = EDGE_CURVE('',#5228,#5258,#5266,.T.);
#5266 = LINE('',#5267,#5268);
#5267 = CARTESIAN_POINT('',(-1.59,0.949999999999,8.29));
#5268 = VECTOR('',#5269,1.);
#5269 = DIRECTION('',(0.,0.707106781187,0.707106781187));
#5270 = ORIENTED_EDGE('',*,*,#5227,.T.);
#5271 = PLANE('',#5272);
#5272 = AXIS2_PLACEMENT_3D('',#5273,#5274,#5275);
#5273 = CARTESIAN_POINT('',(-1.59,0.949999999999,8.29));
#5274 = DIRECTION('',(0.,0.707106781187,-0.707106781187));
#5275 = DIRECTION('',(0.,0.707106781187,0.707106781187));
#5276 = ADVANCED_FACE('',(#5277),#5302,.F.);
#5277 = FACE_BOUND('',#5278,.T.);
#5278 = EDGE_LOOP('',(#5279,#5287,#5295,#5301));
#5279 = ORIENTED_EDGE('',*,*,#5280,.T.);
#5280 = EDGE_CURVE('',#5250,#5281,#5283,.T.);
#5281 = VERTEX_POINT('',#5282);
#5282 = CARTESIAN_POINT('',(-0.95,1.339999999999,8.54));
#5283 = LINE('',#5284,#5285);
#5284 = CARTESIAN_POINT('',(-0.95,1.199999999999,8.54));
#5285 = VECTOR('',#5286,1.);
#5286 = DIRECTION('',(0.,1.,0.));
#5287 = ORIENTED_EDGE('',*,*,#5288,.F.);
#5288 = EDGE_CURVE('',#5289,#5281,#5291,.T.);
#5289 = VERTEX_POINT('',#5290);
#5290 = CARTESIAN_POINT('',(-1.59,1.339999999999,8.54));
#5291 = LINE('',#5292,#5293);
#5292 = CARTESIAN_POINT('',(-1.59,1.339999999999,8.54));
#5293 = VECTOR('',#5294,1.);
#5294 = DIRECTION('',(1.,0.,0.));
#5295 = ORIENTED_EDGE('',*,*,#5296,.F.);
#5296 = EDGE_CURVE('',#5258,#5289,#5297,.T.);
#5297 = LINE('',#5298,#5299);
#5298 = CARTESIAN_POINT('',(-1.59,1.199999999999,8.54));
#5299 = VECTOR('',#5300,1.);
#5300 = DIRECTION('',(0.,1.,0.));
#5301 = ORIENTED_EDGE('',*,*,#5257,.T.);
#5302 = PLANE('',#5303);
#5303 = AXIS2_PLACEMENT_3D('',#5304,#5305,#5306);
#5304 = CARTESIAN_POINT('',(-1.59,1.199999999999,8.54));
#5305 = DIRECTION('',(0.,0.,-1.));
#5306 = DIRECTION('',(-1.,0.,0.));
#5307 = ADVANCED_FACE('',(#5308),#5333,.F.);
#5308 = FACE_BOUND('',#5309,.T.);
#5309 = EDGE_LOOP('',(#5310,#5318,#5326,#5332));
#5310 = ORIENTED_EDGE('',*,*,#5311,.T.);
#5311 = EDGE_CURVE('',#5281,#5312,#5314,.T.);
#5312 = VERTEX_POINT('',#5313);
#5313 = CARTESIAN_POINT('',(-0.95,1.589999999999,8.29));
#5314 = LINE('',#5315,#5316);
#5315 = CARTESIAN_POINT('',(-0.95,1.589999999999,8.29));
#5316 = VECTOR('',#5317,1.);
#5317 = DIRECTION('',(0.,0.707106781187,-0.707106781187));
#5318 = ORIENTED_EDGE('',*,*,#5319,.F.);
#5319 = EDGE_CURVE('',#5320,#5312,#5322,.T.);
#5320 = VERTEX_POINT('',#5321);
#5321 = CARTESIAN_POINT('',(-1.59,1.589999999999,8.29));
#5322 = LINE('',#5323,#5324);
#5323 = CARTESIAN_POINT('',(-1.59,1.589999999999,8.29));
#5324 = VECTOR('',#5325,1.);
#5325 = DIRECTION('',(1.,0.,0.));
#5326 = ORIENTED_EDGE('',*,*,#5327,.F.);
#5327 = EDGE_CURVE('',#5289,#5320,#5328,.T.);
#5328 = LINE('',#5329,#5330);
#5329 = CARTESIAN_POINT('',(-1.59,1.589999999999,8.29));
#5330 = VECTOR('',#5331,1.);
#5331 = DIRECTION('',(0.,0.707106781187,-0.707106781187));
#5332 = ORIENTED_EDGE('',*,*,#5288,.T.);
#5333 = PLANE('',#5334);
#5334 = AXIS2_PLACEMENT_3D('',#5335,#5336,#5337);
#5335 = CARTESIAN_POINT('',(-1.59,1.589999999999,8.29));
#5336 = DIRECTION('',(0.,-0.707106781187,-0.707106781187));
#5337 = DIRECTION('',(0.,0.707106781187,-0.707106781187));
#5338 = ADVANCED_FACE('',(#5339),#5355,.F.);
#5339 = FACE_BOUND('',#5340,.T.);
#5340 = EDGE_LOOP('',(#5341,#5342,#5348,#5349));
#5341 = ORIENTED_EDGE('',*,*,#2962,.F.);
#5342 = ORIENTED_EDGE('',*,*,#5343,.F.);
#5343 = EDGE_CURVE('',#5320,#2955,#5344,.T.);
#5344 = LINE('',#5345,#5346);
#5345 = CARTESIAN_POINT('',(-1.59,1.589999999999,-2.75));
#5346 = VECTOR('',#5347,1.);
#5347 = DIRECTION('',(0.,-1.964134370444E-17,-1.));
#5348 = ORIENTED_EDGE('',*,*,#5319,.T.);
#5349 = ORIENTED_EDGE('',*,*,#5350,.T.);
#5350 = EDGE_CURVE('',#5312,#2963,#5351,.T.);
#5351 = LINE('',#5352,#5353);
#5352 = CARTESIAN_POINT('',(-0.95,1.589999999999,-2.75));
#5353 = VECTOR('',#5354,1.);
#5354 = DIRECTION('',(0.,-1.964134370444E-17,-1.));
#5355 = PLANE('',#5356);
#5356 = AXIS2_PLACEMENT_3D('',#5357,#5358,#5359);
#5357 = CARTESIAN_POINT('',(-1.59,1.589999999999,-2.75));
#5358 = DIRECTION('',(0.,-1.,1.964134370444E-17));
#5359 = DIRECTION('',(0.,-1.964134370444E-17,-1.));
#5360 = ADVANCED_FACE('',(#5361),#5369,.F.);
#5361 = FACE_BOUND('',#5362,.T.);
#5362 = EDGE_LOOP('',(#5363,#5364,#5365,#5366,#5367,#5368));
#5363 = ORIENTED_EDGE('',*,*,#2954,.F.);
#5364 = ORIENTED_EDGE('',*,*,#5235,.T.);
#5365 = ORIENTED_EDGE('',*,*,#5265,.T.);
#5366 = ORIENTED_EDGE('',*,*,#5296,.T.);
#5367 = ORIENTED_EDGE('',*,*,#5327,.T.);
#5368 = ORIENTED_EDGE('',*,*,#5343,.T.);
#5369 = PLANE('',#5370);
#5370 = AXIS2_PLACEMENT_3D('',#5371,#5372,#5373);
#5371 = CARTESIAN_POINT('',(-1.59,-1.445602896647E-16,0.));
#5372 = DIRECTION('',(1.,0.,0.));
#5373 = DIRECTION('',(0.,0.,-1.));
#5374 = ADVANCED_FACE('',(#5375),#5383,.T.);
#5375 = FACE_BOUND('',#5376,.T.);
#5376 = EDGE_LOOP('',(#5377,#5378,#5379,#5380,#5381,#5382));
#5377 = ORIENTED_EDGE('',*,*,#5219,.F.);
#5378 = ORIENTED_EDGE('',*,*,#2970,.T.);
#5379 = ORIENTED_EDGE('',*,*,#5350,.F.);
#5380 = ORIENTED_EDGE('',*,*,#5311,.F.);
#5381 = ORIENTED_EDGE('',*,*,#5280,.F.);
#5382 = ORIENTED_EDGE('',*,*,#5249,.F.);
#5383 = PLANE('',#5384);
#5384 = AXIS2_PLACEMENT_3D('',#5385,#5386,#5387);
#5385 = CARTESIAN_POINT('',(-0.95,-1.445602896647E-16,0.));
#5386 = DIRECTION('',(1.,0.,0.));
#5387 = DIRECTION('',(0.,0.,-1.));
#5388 = ADVANCED_FACE('',(#5389),#5423,.F.);
#5389 = FACE_BOUND('',#5390,.T.);
#5390 = EDGE_LOOP('',(#5391,#5401,#5409,#5417));
#5391 = ORIENTED_EDGE('',*,*,#5392,.T.);
#5392 = EDGE_CURVE('',#5393,#5395,#5397,.T.);
#5393 = VERTEX_POINT('',#5394);
#5394 = CARTESIAN_POINT('',(1.589999999999,-0.95,-2.75));
#5395 = VERTEX_POINT('',#5396);
#5396 = CARTESIAN_POINT('',(1.589999999999,-1.2,-3.));
#5397 = LINE('',#5398,#5399);
#5398 = CARTESIAN_POINT('',(1.589999999999,-1.2,-3.));
#5399 = VECTOR('',#5400,1.);
#5400 = DIRECTION('',(0.,-0.707106781187,-0.707106781187));
#5401 = ORIENTED_EDGE('',*,*,#5402,.F.);
#5402 = EDGE_CURVE('',#5403,#5395,#5405,.T.);
#5403 = VERTEX_POINT('',#5404);
#5404 = CARTESIAN_POINT('',(0.949999999999,-1.2,-3.));
#5405 = LINE('',#5406,#5407);
#5406 = CARTESIAN_POINT('',(0.949999999999,-1.2,-3.));
#5407 = VECTOR('',#5408,1.);
#5408 = DIRECTION('',(1.,0.,0.));
#5409 = ORIENTED_EDGE('',*,*,#5410,.F.);
#5410 = EDGE_CURVE('',#5411,#5403,#5413,.T.);
#5411 = VERTEX_POINT('',#5412);
#5412 = CARTESIAN_POINT('',(0.949999999999,-0.95,-2.75));
#5413 = LINE('',#5414,#5415);
#5414 = CARTESIAN_POINT('',(0.949999999999,-1.2,-3.));
#5415 = VECTOR('',#5416,1.);
#5416 = DIRECTION('',(0.,-0.707106781187,-0.707106781187));
#5417 = ORIENTED_EDGE('',*,*,#5418,.T.);
#5418 = EDGE_CURVE('',#5411,#5393,#5419,.T.);
#5419 = LINE('',#5420,#5421);
#5420 = CARTESIAN_POINT('',(0.949999999999,-0.95,-2.75));
#5421 = VECTOR('',#5422,1.);
#5422 = DIRECTION('',(1.,0.,0.));
#5423 = PLANE('',#5424);
#5424 = AXIS2_PLACEMENT_3D('',#5425,#5426,#5427);
#5425 = CARTESIAN_POINT('',(0.949999999999,-1.2,-3.));
#5426 = DIRECTION('',(0.,-0.707106781187,0.707106781187));
#5427 = DIRECTION('',(0.,-0.707106781187,-0.707106781187));
#5428 = ADVANCED_FACE('',(#5429),#5454,.F.);
#5429 = FACE_BOUND('',#5430,.T.);
#5430 = EDGE_LOOP('',(#5431,#5439,#5447,#5453));
#5431 = ORIENTED_EDGE('',*,*,#5432,.T.);
#5432 = EDGE_CURVE('',#5395,#5433,#5435,.T.);
#5433 = VERTEX_POINT('',#5434);
#5434 = CARTESIAN_POINT('',(1.589999999999,-1.34,-3.));
#5435 = LINE('',#5436,#5437);
#5436 = CARTESIAN_POINT('',(1.589999999999,-1.2,-3.));
#5437 = VECTOR('',#5438,1.);
#5438 = DIRECTION('',(0.,-1.,0.));
#5439 = ORIENTED_EDGE('',*,*,#5440,.F.);
#5440 = EDGE_CURVE('',#5441,#5433,#5443,.T.);
#5441 = VERTEX_POINT('',#5442);
#5442 = CARTESIAN_POINT('',(0.949999999999,-1.34,-3.));
#5443 = LINE('',#5444,#5445);
#5444 = CARTESIAN_POINT('',(0.949999999999,-1.34,-3.));
#5445 = VECTOR('',#5446,1.);
#5446 = DIRECTION('',(1.,0.,0.));
#5447 = ORIENTED_EDGE('',*,*,#5448,.F.);
#5448 = EDGE_CURVE('',#5403,#5441,#5449,.T.);
#5449 = LINE('',#5450,#5451);
#5450 = CARTESIAN_POINT('',(0.949999999999,-1.2,-3.));
#5451 = VECTOR('',#5452,1.);
#5452 = DIRECTION('',(0.,-1.,0.));
#5453 = ORIENTED_EDGE('',*,*,#5402,.T.);
#5454 = PLANE('',#5455);
#5455 = AXIS2_PLACEMENT_3D('',#5456,#5457,#5458);
#5456 = CARTESIAN_POINT('',(0.949999999999,-1.2,-3.));
#5457 = DIRECTION('',(0.,0.,1.));
#5458 = DIRECTION('',(1.,0.,-0.));
#5459 = ADVANCED_FACE('',(#5460),#5485,.F.);
#5460 = FACE_BOUND('',#5461,.T.);
#5461 = EDGE_LOOP('',(#5462,#5470,#5478,#5484));
#5462 = ORIENTED_EDGE('',*,*,#5463,.T.);
#5463 = EDGE_CURVE('',#5433,#5464,#5466,.T.);
#5464 = VERTEX_POINT('',#5465);
#5465 = CARTESIAN_POINT('',(1.589999999999,-1.59,-2.75));
#5466 = LINE('',#5467,#5468);
#5467 = CARTESIAN_POINT('',(1.589999999999,-1.34,-3.));
#5468 = VECTOR('',#5469,1.);
#5469 = DIRECTION('',(0.,-0.707106781187,0.707106781187));
#5470 = ORIENTED_EDGE('',*,*,#5471,.F.);
#5471 = EDGE_CURVE('',#5472,#5464,#5474,.T.);
#5472 = VERTEX_POINT('',#5473);
#5473 = CARTESIAN_POINT('',(0.949999999999,-1.59,-2.75));
#5474 = LINE('',#5475,#5476);
#5475 = CARTESIAN_POINT('',(0.949999999999,-1.59,-2.75));
#5476 = VECTOR('',#5477,1.);
#5477 = DIRECTION('',(1.,0.,0.));
#5478 = ORIENTED_EDGE('',*,*,#5479,.F.);
#5479 = EDGE_CURVE('',#5441,#5472,#5480,.T.);
#5480 = LINE('',#5481,#5482);
#5481 = CARTESIAN_POINT('',(0.949999999999,-1.34,-3.));
#5482 = VECTOR('',#5483,1.);
#5483 = DIRECTION('',(0.,-0.707106781187,0.707106781187));
#5484 = ORIENTED_EDGE('',*,*,#5440,.T.);
#5485 = PLANE('',#5486);
#5486 = AXIS2_PLACEMENT_3D('',#5487,#5488,#5489);
#5487 = CARTESIAN_POINT('',(0.949999999999,-1.34,-3.));
#5488 = DIRECTION('',(0.,0.707106781187,0.707106781187));
#5489 = DIRECTION('',(0.,-0.707106781187,0.707106781187));
#5490 = ADVANCED_FACE('',(#5491),#5509,.F.);
#5491 = FACE_BOUND('',#5492,.T.);
#5492 = EDGE_LOOP('',(#5493,#5499,#5500,#5506,#5507,#5508));
#5493 = ORIENTED_EDGE('',*,*,#5494,.F.);
#5494 = EDGE_CURVE('',#2288,#5393,#5495,.T.);
#5495 = LINE('',#5496,#5497);
#5496 = CARTESIAN_POINT('',(1.589999999999,-0.95,-2.75));
#5497 = VECTOR('',#5498,1.);
#5498 = DIRECTION('',(0.,1.964134370444E-17,-1.));
#5499 = ORIENTED_EDGE('',*,*,#2311,.T.);
#5500 = ORIENTED_EDGE('',*,*,#5501,.F.);
#5501 = EDGE_CURVE('',#5464,#2304,#5502,.T.);
#5502 = LINE('',#5503,#5504);
#5503 = CARTESIAN_POINT('',(1.589999999999,-1.59,-2.75));
#5504 = VECTOR('',#5505,1.);
#5505 = DIRECTION('',(0.,-1.964134370444E-17,1.));
#5506 = ORIENTED_EDGE('',*,*,#5463,.F.);
#5507 = ORIENTED_EDGE('',*,*,#5432,.F.);
#5508 = ORIENTED_EDGE('',*,*,#5392,.F.);
#5509 = PLANE('',#5510);
#5510 = AXIS2_PLACEMENT_3D('',#5511,#5512,#5513);
#5511 = CARTESIAN_POINT('',(1.589999999999,-2.891205793294E-16,0.));
#5512 = DIRECTION('',(-1.,0.,0.));
#5513 = DIRECTION('',(0.,0.,1.));
#5514 = ADVANCED_FACE('',(#5515),#5533,.T.);
#5515 = FACE_BOUND('',#5516,.T.);
#5516 = EDGE_LOOP('',(#5517,#5518,#5524,#5525,#5526,#5527));
#5517 = ORIENTED_EDGE('',*,*,#2295,.F.);
#5518 = ORIENTED_EDGE('',*,*,#5519,.T.);
#5519 = EDGE_CURVE('',#2286,#5411,#5520,.T.);
#5520 = LINE('',#5521,#5522);
#5521 = CARTESIAN_POINT('',(0.949999999999,-0.95,-2.75));
#5522 = VECTOR('',#5523,1.);
#5523 = DIRECTION('',(0.,1.964134370444E-17,-1.));
#5524 = ORIENTED_EDGE('',*,*,#5410,.T.);
#5525 = ORIENTED_EDGE('',*,*,#5448,.T.);
#5526 = ORIENTED_EDGE('',*,*,#5479,.T.);
#5527 = ORIENTED_EDGE('',*,*,#5528,.T.);
#5528 = EDGE_CURVE('',#5472,#2296,#5529,.T.);
#5529 = LINE('',#5530,#5531);
#5530 = CARTESIAN_POINT('',(0.949999999999,-1.59,-2.75));
#5531 = VECTOR('',#5532,1.);
#5532 = DIRECTION('',(0.,-1.964134370444E-17,1.));
#5533 = PLANE('',#5534);
#5534 = AXIS2_PLACEMENT_3D('',#5535,#5536,#5537);
#5535 = CARTESIAN_POINT('',(0.949999999999,-2.891205793294E-16,0.));
#5536 = DIRECTION('',(-1.,0.,0.));
#5537 = DIRECTION('',(0.,0.,1.));
#5538 = ADVANCED_FACE('',(#5539),#5545,.F.);
#5539 = FACE_BOUND('',#5540,.T.);
#5540 = EDGE_LOOP('',(#5541,#5542,#5543,#5544));
#5541 = ORIENTED_EDGE('',*,*,#5519,.F.);
#5542 = ORIENTED_EDGE('',*,*,#2285,.T.);
#5543 = ORIENTED_EDGE('',*,*,#5494,.T.);
#5544 = ORIENTED_EDGE('',*,*,#5418,.F.);
#5545 = PLANE('',#5546);
#5546 = AXIS2_PLACEMENT_3D('',#5547,#5548,#5549);
#5547 = CARTESIAN_POINT('',(0.949999999999,-0.95,-2.75));
#5548 = DIRECTION('',(0.,-1.,-1.964134370444E-17));
#5549 = DIRECTION('',(0.,1.964134370444E-17,-1.));
#5550 = ADVANCED_FACE('',(#5551),#5557,.F.);
#5551 = FACE_BOUND('',#5552,.T.);
#5552 = EDGE_LOOP('',(#5553,#5554,#5555,#5556));
#5553 = ORIENTED_EDGE('',*,*,#5501,.T.);
#5554 = ORIENTED_EDGE('',*,*,#2303,.T.);
#5555 = ORIENTED_EDGE('',*,*,#5528,.F.);
#5556 = ORIENTED_EDGE('',*,*,#5471,.T.);
#5557 = PLANE('',#5558);
#5558 = AXIS2_PLACEMENT_3D('',#5559,#5560,#5561);
#5559 = CARTESIAN_POINT('',(0.949999999999,-1.59,-2.75));
#5560 = DIRECTION('',(0.,1.,1.964134370444E-17));
#5561 = DIRECTION('',(0.,-1.964134370444E-17,1.));
#5562 = ADVANCED_FACE('',(#5563),#5588,.F.);
#5563 = FACE_BOUND('',#5564,.T.);
#5564 = EDGE_LOOP('',(#5565,#5566,#5574,#5582));
#5565 = ORIENTED_EDGE('',*,*,#2633,.F.);
#5566 = ORIENTED_EDGE('',*,*,#5567,.T.);
#5567 = EDGE_CURVE('',#2626,#5568,#5570,.T.);
#5568 = VERTEX_POINT('',#5569);
#5569 = CARTESIAN_POINT('',(1.589999999999,-1.59,8.29));
#5570 = LINE('',#5571,#5572);
#5571 = CARTESIAN_POINT('',(1.589999999999,-1.59,-2.75));
#5572 = VECTOR('',#5573,1.);
#5573 = DIRECTION('',(0.,-1.964134370444E-17,1.));
#5574 = ORIENTED_EDGE('',*,*,#5575,.F.);
#5575 = EDGE_CURVE('',#5576,#5568,#5578,.T.);
#5576 = VERTEX_POINT('',#5577);
#5577 = CARTESIAN_POINT('',(0.949999999999,-1.59,8.29));
#5578 = LINE('',#5579,#5580);
#5579 = CARTESIAN_POINT('',(0.949999999999,-1.59,8.29));
#5580 = VECTOR('',#5581,1.);
#5581 = DIRECTION('',(1.,0.,0.));
#5582 = ORIENTED_EDGE('',*,*,#5583,.F.);
#5583 = EDGE_CURVE('',#2610,#5576,#5584,.T.);
#5584 = LINE('',#5585,#5586);
#5585 = CARTESIAN_POINT('',(0.949999999999,-1.59,-2.75));
#5586 = VECTOR('',#5587,1.);
#5587 = DIRECTION('',(0.,-1.964134370444E-17,1.));
#5588 = PLANE('',#5589);
#5589 = AXIS2_PLACEMENT_3D('',#5590,#5591,#5592);
#5590 = CARTESIAN_POINT('',(0.949999999999,-1.59,-2.75));
#5591 = DIRECTION('',(0.,1.,1.964134370444E-17));
#5592 = DIRECTION('',(0.,-1.964134370444E-17,1.));
#5593 = ADVANCED_FACE('',(#5594),#5619,.F.);
#5594 = FACE_BOUND('',#5595,.T.);
#5595 = EDGE_LOOP('',(#5596,#5604,#5612,#5618));
#5596 = ORIENTED_EDGE('',*,*,#5597,.T.);
#5597 = EDGE_CURVE('',#5568,#5598,#5600,.T.);
#5598 = VERTEX_POINT('',#5599);
#5599 = CARTESIAN_POINT('',(1.589999999999,-1.34,8.54));
#5600 = LINE('',#5601,#5602);
#5601 = CARTESIAN_POINT('',(1.589999999999,-1.59,8.29));
#5602 = VECTOR('',#5603,1.);
#5603 = DIRECTION('',(0.,0.707106781187,0.707106781187));
#5604 = ORIENTED_EDGE('',*,*,#5605,.F.);
#5605 = EDGE_CURVE('',#5606,#5598,#5608,.T.);
#5606 = VERTEX_POINT('',#5607);
#5607 = CARTESIAN_POINT('',(0.949999999999,-1.34,8.54));
#5608 = LINE('',#5609,#5610);
#5609 = CARTESIAN_POINT('',(0.949999999999,-1.34,8.54));
#5610 = VECTOR('',#5611,1.);
#5611 = DIRECTION('',(1.,0.,0.));
#5612 = ORIENTED_EDGE('',*,*,#5613,.F.);
#5613 = EDGE_CURVE('',#5576,#5606,#5614,.T.);
#5614 = LINE('',#5615,#5616);
#5615 = CARTESIAN_POINT('',(0.949999999999,-1.59,8.29));
#5616 = VECTOR('',#5617,1.);
#5617 = DIRECTION('',(0.,0.707106781187,0.707106781187));
#5618 = ORIENTED_EDGE('',*,*,#5575,.T.);
#5619 = PLANE('',#5620);
#5620 = AXIS2_PLACEMENT_3D('',#5621,#5622,#5623);
#5621 = CARTESIAN_POINT('',(0.949999999999,-1.59,8.29));
#5622 = DIRECTION('',(0.,0.707106781187,-0.707106781187));
#5623 = DIRECTION('',(0.,0.707106781187,0.707106781187));
#5624 = ADVANCED_FACE('',(#5625),#5650,.F.);
#5625 = FACE_BOUND('',#5626,.T.);
#5626 = EDGE_LOOP('',(#5627,#5635,#5643,#5649));
#5627 = ORIENTED_EDGE('',*,*,#5628,.T.);
#5628 = EDGE_CURVE('',#5598,#5629,#5631,.T.);
#5629 = VERTEX_POINT('',#5630);
#5630 = CARTESIAN_POINT('',(1.589999999999,-1.2,8.54));
#5631 = LINE('',#5632,#5633);
#5632 = CARTESIAN_POINT('',(1.589999999999,-1.2,8.54));
#5633 = VECTOR('',#5634,1.);
#5634 = DIRECTION('',(0.,1.,0.));
#5635 = ORIENTED_EDGE('',*,*,#5636,.F.);
#5636 = EDGE_CURVE('',#5637,#5629,#5639,.T.);
#5637 = VERTEX_POINT('',#5638);
#5638 = CARTESIAN_POINT('',(0.949999999999,-1.2,8.54));
#5639 = LINE('',#5640,#5641);
#5640 = CARTESIAN_POINT('',(0.949999999999,-1.2,8.54));
#5641 = VECTOR('',#5642,1.);
#5642 = DIRECTION('',(1.,0.,0.));
#5643 = ORIENTED_EDGE('',*,*,#5644,.F.);
#5644 = EDGE_CURVE('',#5606,#5637,#5645,.T.);
#5645 = LINE('',#5646,#5647);
#5646 = CARTESIAN_POINT('',(0.949999999999,-1.2,8.54));
#5647 = VECTOR('',#5648,1.);
#5648 = DIRECTION('',(0.,1.,0.));
#5649 = ORIENTED_EDGE('',*,*,#5605,.T.);
#5650 = PLANE('',#5651);
#5651 = AXIS2_PLACEMENT_3D('',#5652,#5653,#5654);
#5652 = CARTESIAN_POINT('',(0.949999999999,-1.2,8.54));
#5653 = DIRECTION('',(0.,0.,-1.));
#5654 = DIRECTION('',(-1.,0.,0.));
#5655 = ADVANCED_FACE('',(#5656),#5681,.F.);
#5656 = FACE_BOUND('',#5657,.T.);
#5657 = EDGE_LOOP('',(#5658,#5666,#5674,#5680));
#5658 = ORIENTED_EDGE('',*,*,#5659,.T.);
#5659 = EDGE_CURVE('',#5629,#5660,#5662,.T.);
#5660 = VERTEX_POINT('',#5661);
#5661 = CARTESIAN_POINT('',(1.589999999999,-0.95,8.29));
#5662 = LINE('',#5663,#5664);
#5663 = CARTESIAN_POINT('',(1.589999999999,-0.95,8.29));
#5664 = VECTOR('',#5665,1.);
#5665 = DIRECTION('',(0.,0.707106781187,-0.707106781187));
#5666 = ORIENTED_EDGE('',*,*,#5667,.F.);
#5667 = EDGE_CURVE('',#5668,#5660,#5670,.T.);
#5668 = VERTEX_POINT('',#5669);
#5669 = CARTESIAN_POINT('',(0.949999999999,-0.95,8.29));
#5670 = LINE('',#5671,#5672);
#5671 = CARTESIAN_POINT('',(0.949999999999,-0.95,8.29));
#5672 = VECTOR('',#5673,1.);
#5673 = DIRECTION('',(1.,0.,0.));
#5674 = ORIENTED_EDGE('',*,*,#5675,.F.);
#5675 = EDGE_CURVE('',#5637,#5668,#5676,.T.);
#5676 = LINE('',#5677,#5678);
#5677 = CARTESIAN_POINT('',(0.949999999999,-0.95,8.29));
#5678 = VECTOR('',#5679,1.);
#5679 = DIRECTION('',(0.,0.707106781187,-0.707106781187));
#5680 = ORIENTED_EDGE('',*,*,#5636,.T.);
#5681 = PLANE('',#5682);
#5682 = AXIS2_PLACEMENT_3D('',#5683,#5684,#5685);
#5683 = CARTESIAN_POINT('',(0.949999999999,-0.95,8.29));
#5684 = DIRECTION('',(0.,-0.707106781187,-0.707106781187));
#5685 = DIRECTION('',(0.,0.707106781187,-0.707106781187));
#5686 = ADVANCED_FACE('',(#5687),#5703,.F.);
#5687 = FACE_BOUND('',#5688,.T.);
#5688 = EDGE_LOOP('',(#5689,#5690,#5696,#5697));
#5689 = ORIENTED_EDGE('',*,*,#2617,.F.);
#5690 = ORIENTED_EDGE('',*,*,#5691,.F.);
#5691 = EDGE_CURVE('',#5668,#2608,#5692,.T.);
#5692 = LINE('',#5693,#5694);
#5693 = CARTESIAN_POINT('',(0.949999999999,-0.95,-2.75));
#5694 = VECTOR('',#5695,1.);
#5695 = DIRECTION('',(0.,1.964134370444E-17,-1.));
#5696 = ORIENTED_EDGE('',*,*,#5667,.T.);
#5697 = ORIENTED_EDGE('',*,*,#5698,.T.);
#5698 = EDGE_CURVE('',#5660,#2618,#5699,.T.);
#5699 = LINE('',#5700,#5701);
#5700 = CARTESIAN_POINT('',(1.589999999999,-0.95,-2.75));
#5701 = VECTOR('',#5702,1.);
#5702 = DIRECTION('',(0.,1.964134370444E-17,-1.));
#5703 = PLANE('',#5704);
#5704 = AXIS2_PLACEMENT_3D('',#5705,#5706,#5707);
#5705 = CARTESIAN_POINT('',(0.949999999999,-0.95,-2.75));
#5706 = DIRECTION('',(0.,-1.,-1.964134370444E-17));
#5707 = DIRECTION('',(0.,1.964134370444E-17,-1.));
#5708 = ADVANCED_FACE('',(#5709),#5717,.T.);
#5709 = FACE_BOUND('',#5710,.T.);
#5710 = EDGE_LOOP('',(#5711,#5712,#5713,#5714,#5715,#5716));
#5711 = ORIENTED_EDGE('',*,*,#5691,.T.);
#5712 = ORIENTED_EDGE('',*,*,#2607,.T.);
#5713 = ORIENTED_EDGE('',*,*,#5583,.T.);
#5714 = ORIENTED_EDGE('',*,*,#5613,.T.);
#5715 = ORIENTED_EDGE('',*,*,#5644,.T.);
#5716 = ORIENTED_EDGE('',*,*,#5675,.T.);
#5717 = PLANE('',#5718);
#5718 = AXIS2_PLACEMENT_3D('',#5719,#5720,#5721);
#5719 = CARTESIAN_POINT('',(0.949999999999,-2.891205793294E-16,0.));
#5720 = DIRECTION('',(-1.,0.,0.));
#5721 = DIRECTION('',(0.,0.,1.));
#5722 = ADVANCED_FACE('',(#5723),#5731,.F.);
#5723 = FACE_BOUND('',#5724,.T.);
#5724 = EDGE_LOOP('',(#5725,#5726,#5727,#5728,#5729,#5730));
#5725 = ORIENTED_EDGE('',*,*,#2625,.F.);
#5726 = ORIENTED_EDGE('',*,*,#5698,.F.);
#5727 = ORIENTED_EDGE('',*,*,#5659,.F.);
#5728 = ORIENTED_EDGE('',*,*,#5628,.F.);
#5729 = ORIENTED_EDGE('',*,*,#5597,.F.);
#5730 = ORIENTED_EDGE('',*,*,#5567,.F.);
#5731 = PLANE('',#5732);
#5732 = AXIS2_PLACEMENT_3D('',#5733,#5734,#5735);
#5733 = CARTESIAN_POINT('',(1.589999999999,-2.891205793294E-16,0.));
#5734 = DIRECTION('',(-1.,0.,0.));
#5735 = DIRECTION('',(0.,0.,1.));
#5736 = ADVANCED_FACE('',(#5737),#5771,.F.);
#5737 = FACE_BOUND('',#5738,.T.);
#5738 = EDGE_LOOP('',(#5739,#5749,#5757,#5765));
#5739 = ORIENTED_EDGE('',*,*,#5740,.T.);
#5740 = EDGE_CURVE('',#5741,#5743,#5745,.T.);
#5741 = VERTEX_POINT('',#5742);
#5742 = CARTESIAN_POINT('',(1.589999999999,1.589999999999,-2.75));
#5743 = VERTEX_POINT('',#5744);
#5744 = CARTESIAN_POINT('',(1.589999999999,1.339999999999,-3.));
#5745 = LINE('',#5746,#5747);
#5746 = CARTESIAN_POINT('',(1.589999999999,1.339999999999,-3.));
#5747 = VECTOR('',#5748,1.);
#5748 = DIRECTION('',(0.,-0.707106781187,-0.707106781187));
#5749 = ORIENTED_EDGE('',*,*,#5750,.F.);
#5750 = EDGE_CURVE('',#5751,#5743,#5753,.T.);
#5751 = VERTEX_POINT('',#5752);
#5752 = CARTESIAN_POINT('',(0.949999999999,1.339999999999,-3.));
#5753 = LINE('',#5754,#5755);
#5754 = CARTESIAN_POINT('',(0.949999999999,1.339999999999,-3.));
#5755 = VECTOR('',#5756,1.);
#5756 = DIRECTION('',(1.,0.,0.));
#5757 = ORIENTED_EDGE('',*,*,#5758,.F.);
#5758 = EDGE_CURVE('',#5759,#5751,#5761,.T.);
#5759 = VERTEX_POINT('',#5760);
#5760 = CARTESIAN_POINT('',(0.949999999999,1.589999999999,-2.75));
#5761 = LINE('',#5762,#5763);
#5762 = CARTESIAN_POINT('',(0.949999999999,1.339999999999,-3.));
#5763 = VECTOR('',#5764,1.);
#5764 = DIRECTION('',(0.,-0.707106781187,-0.707106781187));
#5765 = ORIENTED_EDGE('',*,*,#5766,.T.);
#5766 = EDGE_CURVE('',#5759,#5741,#5767,.T.);
#5767 = LINE('',#5768,#5769);
#5768 = CARTESIAN_POINT('',(0.949999999999,1.589999999999,-2.75));
#5769 = VECTOR('',#5770,1.);
#5770 = DIRECTION('',(1.,0.,0.));
#5771 = PLANE('',#5772);
#5772 = AXIS2_PLACEMENT_3D('',#5773,#5774,#5775);
#5773 = CARTESIAN_POINT('',(0.949999999999,1.339999999999,-3.));
#5774 = DIRECTION('',(0.,-0.707106781187,0.707106781187));
#5775 = DIRECTION('',(0.,-0.707106781187,-0.707106781187));
#5776 = ADVANCED_FACE('',(#5777),#5802,.F.);
#5777 = FACE_BOUND('',#5778,.T.);
#5778 = EDGE_LOOP('',(#5779,#5787,#5795,#5801));
#5779 = ORIENTED_EDGE('',*,*,#5780,.T.);
#5780 = EDGE_CURVE('',#5743,#5781,#5783,.T.);
#5781 = VERTEX_POINT('',#5782);
#5782 = CARTESIAN_POINT('',(1.589999999999,1.199999999999,-3.));
#5783 = LINE('',#5784,#5785);
#5784 = CARTESIAN_POINT('',(1.589999999999,1.199999999999,-3.));
#5785 = VECTOR('',#5786,1.);
#5786 = DIRECTION('',(0.,-1.,0.));
#5787 = ORIENTED_EDGE('',*,*,#5788,.F.);
#5788 = EDGE_CURVE('',#5789,#5781,#5791,.T.);
#5789 = VERTEX_POINT('',#5790);
#5790 = CARTESIAN_POINT('',(0.949999999999,1.199999999999,-3.));
#5791 = LINE('',#5792,#5793);
#5792 = CARTESIAN_POINT('',(0.949999999999,1.199999999999,-3.));
#5793 = VECTOR('',#5794,1.);
#5794 = DIRECTION('',(1.,0.,0.));
#5795 = ORIENTED_EDGE('',*,*,#5796,.F.);
#5796 = EDGE_CURVE('',#5751,#5789,#5797,.T.);
#5797 = LINE('',#5798,#5799);
#5798 = CARTESIAN_POINT('',(0.949999999999,1.199999999999,-3.));
#5799 = VECTOR('',#5800,1.);
#5800 = DIRECTION('',(0.,-1.,0.));
#5801 = ORIENTED_EDGE('',*,*,#5750,.T.);
#5802 = PLANE('',#5803);
#5803 = AXIS2_PLACEMENT_3D('',#5804,#5805,#5806);
#5804 = CARTESIAN_POINT('',(0.949999999999,1.199999999999,-3.));
#5805 = DIRECTION('',(0.,0.,1.));
#5806 = DIRECTION('',(1.,0.,-0.));
#5807 = ADVANCED_FACE('',(#5808),#5833,.F.);
#5808 = FACE_BOUND('',#5809,.T.);
#5809 = EDGE_LOOP('',(#5810,#5818,#5826,#5832));
#5810 = ORIENTED_EDGE('',*,*,#5811,.T.);
#5811 = EDGE_CURVE('',#5781,#5812,#5814,.T.);
#5812 = VERTEX_POINT('',#5813);
#5813 = CARTESIAN_POINT('',(1.589999999999,0.949999999999,-2.75));
#5814 = LINE('',#5815,#5816);
#5815 = CARTESIAN_POINT('',(1.589999999999,1.199999999999,-3.));
#5816 = VECTOR('',#5817,1.);
#5817 = DIRECTION('',(0.,-0.707106781187,0.707106781187));
#5818 = ORIENTED_EDGE('',*,*,#5819,.F.);
#5819 = EDGE_CURVE('',#5820,#5812,#5822,.T.);
#5820 = VERTEX_POINT('',#5821);
#5821 = CARTESIAN_POINT('',(0.949999999999,0.949999999999,-2.75));
#5822 = LINE('',#5823,#5824);
#5823 = CARTESIAN_POINT('',(0.949999999999,0.949999999999,-2.75));
#5824 = VECTOR('',#5825,1.);
#5825 = DIRECTION('',(1.,0.,0.));
#5826 = ORIENTED_EDGE('',*,*,#5827,.F.);
#5827 = EDGE_CURVE('',#5789,#5820,#5828,.T.);
#5828 = LINE('',#5829,#5830);
#5829 = CARTESIAN_POINT('',(0.949999999999,1.199999999999,-3.));
#5830 = VECTOR('',#5831,1.);
#5831 = DIRECTION('',(0.,-0.707106781187,0.707106781187));
#5832 = ORIENTED_EDGE('',*,*,#5788,.T.);
#5833 = PLANE('',#5834);
#5834 = AXIS2_PLACEMENT_3D('',#5835,#5836,#5837);
#5835 = CARTESIAN_POINT('',(0.949999999999,1.199999999999,-3.));
#5836 = DIRECTION('',(0.,0.707106781187,0.707106781187));
#5837 = DIRECTION('',(0.,-0.707106781187,0.707106781187));
#5838 = ADVANCED_FACE('',(#5839),#5857,.T.);
#5839 = FACE_BOUND('',#5840,.T.);
#5840 = EDGE_LOOP('',(#5841,#5842,#5848,#5849,#5850,#5851));
#5841 = ORIENTED_EDGE('',*,*,#2337,.F.);
#5842 = ORIENTED_EDGE('',*,*,#5843,.F.);
#5843 = EDGE_CURVE('',#5812,#2330,#5844,.T.);
#5844 = LINE('',#5845,#5846);
#5845 = CARTESIAN_POINT('',(1.589999999999,0.949999999999,-2.75));
#5846 = VECTOR('',#5847,1.);
#5847 = DIRECTION('',(0.,1.964134370444E-17,1.));
#5848 = ORIENTED_EDGE('',*,*,#5811,.F.);
#5849 = ORIENTED_EDGE('',*,*,#5780,.F.);
#5850 = ORIENTED_EDGE('',*,*,#5740,.F.);
#5851 = ORIENTED_EDGE('',*,*,#5852,.F.);
#5852 = EDGE_CURVE('',#2338,#5741,#5853,.T.);
#5853 = LINE('',#5854,#5855);
#5854 = CARTESIAN_POINT('',(1.589999999999,1.589999999999,-2.75));
#5855 = VECTOR('',#5856,1.);
#5856 = DIRECTION('',(0.,-1.964134370444E-17,-1.));
#5857 = PLANE('',#5858);
#5858 = AXIS2_PLACEMENT_3D('',#5859,#5860,#5861);
#5859 = CARTESIAN_POINT('',(1.589999999999,-2.891205793294E-16,0.));
#5860 = DIRECTION('',(1.,0.,0.));
#5861 = DIRECTION('',(0.,0.,-1.));
#5862 = ADVANCED_FACE('',(#5863),#5881,.F.);
#5863 = FACE_BOUND('',#5864,.T.);
#5864 = EDGE_LOOP('',(#5865,#5871,#5872,#5878,#5879,#5880));
#5865 = ORIENTED_EDGE('',*,*,#5866,.T.);
#5866 = EDGE_CURVE('',#5820,#2320,#5867,.T.);
#5867 = LINE('',#5868,#5869);
#5868 = CARTESIAN_POINT('',(0.949999999999,0.949999999999,-2.75));
#5869 = VECTOR('',#5870,1.);
#5870 = DIRECTION('',(0.,1.964134370444E-17,1.));
#5871 = ORIENTED_EDGE('',*,*,#2319,.T.);
#5872 = ORIENTED_EDGE('',*,*,#5873,.T.);
#5873 = EDGE_CURVE('',#2322,#5759,#5874,.T.);
#5874 = LINE('',#5875,#5876);
#5875 = CARTESIAN_POINT('',(0.949999999999,1.589999999999,-2.75));
#5876 = VECTOR('',#5877,1.);
#5877 = DIRECTION('',(0.,-1.964134370444E-17,-1.));
#5878 = ORIENTED_EDGE('',*,*,#5758,.T.);
#5879 = ORIENTED_EDGE('',*,*,#5796,.T.);
#5880 = ORIENTED_EDGE('',*,*,#5827,.T.);
#5881 = PLANE('',#5882);
#5882 = AXIS2_PLACEMENT_3D('',#5883,#5884,#5885);
#5883 = CARTESIAN_POINT('',(0.949999999999,-2.891205793294E-16,0.));
#5884 = DIRECTION('',(1.,0.,0.));
#5885 = DIRECTION('',(0.,0.,-1.));
#5886 = ADVANCED_FACE('',(#5887),#5893,.F.);
#5887 = FACE_BOUND('',#5888,.T.);
#5888 = EDGE_LOOP('',(#5889,#5890,#5891,#5892));
#5889 = ORIENTED_EDGE('',*,*,#5873,.F.);
#5890 = ORIENTED_EDGE('',*,*,#2345,.T.);
#5891 = ORIENTED_EDGE('',*,*,#5852,.T.);
#5892 = ORIENTED_EDGE('',*,*,#5766,.F.);
#5893 = PLANE('',#5894);
#5894 = AXIS2_PLACEMENT_3D('',#5895,#5896,#5897);
#5895 = CARTESIAN_POINT('',(0.949999999999,1.589999999999,-2.75));
#5896 = DIRECTION('',(0.,-1.,1.964134370444E-17));
#5897 = DIRECTION('',(0.,-1.964134370444E-17,-1.));
#5898 = ADVANCED_FACE('',(#5899),#5905,.F.);
#5899 = FACE_BOUND('',#5900,.T.);
#5900 = EDGE_LOOP('',(#5901,#5902,#5903,#5904));
#5901 = ORIENTED_EDGE('',*,*,#5843,.T.);
#5902 = ORIENTED_EDGE('',*,*,#2329,.T.);
#5903 = ORIENTED_EDGE('',*,*,#5866,.F.);
#5904 = ORIENTED_EDGE('',*,*,#5819,.T.);
#5905 = PLANE('',#5906);
#5906 = AXIS2_PLACEMENT_3D('',#5907,#5908,#5909);
#5907 = CARTESIAN_POINT('',(0.949999999999,0.949999999999,-2.75));
#5908 = DIRECTION('',(0.,1.,-1.964134370444E-17));
#5909 = DIRECTION('',(0.,1.964134370444E-17,1.));
#5910 = ADVANCED_FACE('',(#5911),#5936,.F.);
#5911 = FACE_BOUND('',#5912,.T.);
#5912 = EDGE_LOOP('',(#5913,#5914,#5922,#5930));
#5913 = ORIENTED_EDGE('',*,*,#2978,.F.);
#5914 = ORIENTED_EDGE('',*,*,#5915,.T.);
#5915 = EDGE_CURVE('',#2979,#5916,#5918,.T.);
#5916 = VERTEX_POINT('',#5917);
#5917 = CARTESIAN_POINT('',(1.589999999999,0.949999999999,8.29));
#5918 = LINE('',#5919,#5920);
#5919 = CARTESIAN_POINT('',(1.589999999999,0.949999999999,-2.75));
#5920 = VECTOR('',#5921,1.);
#5921 = DIRECTION('',(0.,1.964134370444E-17,1.));
#5922 = ORIENTED_EDGE('',*,*,#5923,.F.);
#5923 = EDGE_CURVE('',#5924,#5916,#5926,.T.);
#5924 = VERTEX_POINT('',#5925);
#5925 = CARTESIAN_POINT('',(0.949999999999,0.949999999999,8.29));
#5926 = LINE('',#5927,#5928);
#5927 = CARTESIAN_POINT('',(0.949999999999,0.949999999999,8.29));
#5928 = VECTOR('',#5929,1.);
#5929 = DIRECTION('',(1.,0.,0.));
#5930 = ORIENTED_EDGE('',*,*,#5931,.F.);
#5931 = EDGE_CURVE('',#2981,#5924,#5932,.T.);
#5932 = LINE('',#5933,#5934);
#5933 = CARTESIAN_POINT('',(0.949999999999,0.949999999999,-2.75));
#5934 = VECTOR('',#5935,1.);
#5935 = DIRECTION('',(0.,1.964134370444E-17,1.));
#5936 = PLANE('',#5937);
#5937 = AXIS2_PLACEMENT_3D('',#5938,#5939,#5940);
#5938 = CARTESIAN_POINT('',(0.949999999999,0.949999999999,-2.75));
#5939 = DIRECTION('',(0.,1.,-1.964134370444E-17));
#5940 = DIRECTION('',(0.,1.964134370444E-17,1.));
#5941 = ADVANCED_FACE('',(#5942),#5967,.F.);
#5942 = FACE_BOUND('',#5943,.T.);
#5943 = EDGE_LOOP('',(#5944,#5952,#5960,#5966));
#5944 = ORIENTED_EDGE('',*,*,#5945,.T.);
#5945 = EDGE_CURVE('',#5916,#5946,#5948,.T.);
#5946 = VERTEX_POINT('',#5947);
#5947 = CARTESIAN_POINT('',(1.589999999999,1.199999999999,8.54));
#5948 = LINE('',#5949,#5950);
#5949 = CARTESIAN_POINT('',(1.589999999999,0.949999999999,8.29));
#5950 = VECTOR('',#5951,1.);
#5951 = DIRECTION('',(0.,0.707106781187,0.707106781187));
#5952 = ORIENTED_EDGE('',*,*,#5953,.F.);
#5953 = EDGE_CURVE('',#5954,#5946,#5956,.T.);
#5954 = VERTEX_POINT('',#5955);
#5955 = CARTESIAN_POINT('',(0.949999999999,1.199999999999,8.54));
#5956 = LINE('',#5957,#5958);
#5957 = CARTESIAN_POINT('',(0.949999999999,1.199999999999,8.54));
#5958 = VECTOR('',#5959,1.);
#5959 = DIRECTION('',(1.,0.,0.));
#5960 = ORIENTED_EDGE('',*,*,#5961,.F.);
#5961 = EDGE_CURVE('',#5924,#5954,#5962,.T.);
#5962 = LINE('',#5963,#5964);
#5963 = CARTESIAN_POINT('',(0.949999999999,0.949999999999,8.29));
#5964 = VECTOR('',#5965,1.);
#5965 = DIRECTION('',(0.,0.707106781187,0.707106781187));
#5966 = ORIENTED_EDGE('',*,*,#5923,.T.);
#5967 = PLANE('',#5968);
#5968 = AXIS2_PLACEMENT_3D('',#5969,#5970,#5971);
#5969 = CARTESIAN_POINT('',(0.949999999999,0.949999999999,8.29));
#5970 = DIRECTION('',(0.,0.707106781187,-0.707106781187));
#5971 = DIRECTION('',(0.,0.707106781187,0.707106781187));
#5972 = ADVANCED_FACE('',(#5973),#5998,.F.);
#5973 = FACE_BOUND('',#5974,.T.);
#5974 = EDGE_LOOP('',(#5975,#5983,#5991,#5997));
#5975 = ORIENTED_EDGE('',*,*,#5976,.T.);
#5976 = EDGE_CURVE('',#5946,#5977,#5979,.T.);
#5977 = VERTEX_POINT('',#5978);
#5978 = CARTESIAN_POINT('',(1.589999999999,1.339999999999,8.54));
#5979 = LINE('',#5980,#5981);
#5980 = CARTESIAN_POINT('',(1.589999999999,1.199999999999,8.54));
#5981 = VECTOR('',#5982,1.);
#5982 = DIRECTION('',(0.,1.,0.));
#5983 = ORIENTED_EDGE('',*,*,#5984,.F.);
#5984 = EDGE_CURVE('',#5985,#5977,#5987,.T.);
#5985 = VERTEX_POINT('',#5986);
#5986 = CARTESIAN_POINT('',(0.949999999999,1.339999999999,8.54));
#5987 = LINE('',#5988,#5989);
#5988 = CARTESIAN_POINT('',(0.949999999999,1.339999999999,8.54));
#5989 = VECTOR('',#5990,1.);
#5990 = DIRECTION('',(1.,0.,0.));
#5991 = ORIENTED_EDGE('',*,*,#5992,.F.);
#5992 = EDGE_CURVE('',#5954,#5985,#5993,.T.);
#5993 = LINE('',#5994,#5995);
#5994 = CARTESIAN_POINT('',(0.949999999999,1.199999999999,8.54));
#5995 = VECTOR('',#5996,1.);
#5996 = DIRECTION('',(0.,1.,0.));
#5997 = ORIENTED_EDGE('',*,*,#5953,.T.);
#5998 = PLANE('',#5999);
#5999 = AXIS2_PLACEMENT_3D('',#6000,#6001,#6002);
#6000 = CARTESIAN_POINT('',(0.949999999999,1.199999999999,8.54));
#6001 = DIRECTION('',(0.,0.,-1.));
#6002 = DIRECTION('',(-1.,0.,0.));
#6003 = ADVANCED_FACE('',(#6004),#6029,.F.);
#6004 = FACE_BOUND('',#6005,.T.);
#6005 = EDGE_LOOP('',(#6006,#6014,#6022,#6028));
#6006 = ORIENTED_EDGE('',*,*,#6007,.T.);
#6007 = EDGE_CURVE('',#5977,#6008,#6010,.T.);
#6008 = VERTEX_POINT('',#6009);
#6009 = CARTESIAN_POINT('',(1.589999999999,1.589999999999,8.29));
#6010 = LINE('',#6011,#6012);
#6011 = CARTESIAN_POINT('',(1.589999999999,1.589999999999,8.29));
#6012 = VECTOR('',#6013,1.);
#6013 = DIRECTION('',(0.,0.707106781187,-0.707106781187));
#6014 = ORIENTED_EDGE('',*,*,#6015,.F.);
#6015 = EDGE_CURVE('',#6016,#6008,#6018,.T.);
#6016 = VERTEX_POINT('',#6017);
#6017 = CARTESIAN_POINT('',(0.949999999999,1.589999999999,8.29));
#6018 = LINE('',#6019,#6020);
#6019 = CARTESIAN_POINT('',(0.949999999999,1.589999999999,8.29));
#6020 = VECTOR('',#6021,1.);
#6021 = DIRECTION('',(1.,0.,0.));
#6022 = ORIENTED_EDGE('',*,*,#6023,.F.);
#6023 = EDGE_CURVE('',#5985,#6016,#6024,.T.);
#6024 = LINE('',#6025,#6026);
#6025 = CARTESIAN_POINT('',(0.949999999999,1.589999999999,8.29));
#6026 = VECTOR('',#6027,1.);
#6027 = DIRECTION('',(0.,0.707106781187,-0.707106781187));
#6028 = ORIENTED_EDGE('',*,*,#5984,.T.);
#6029 = PLANE('',#6030);
#6030 = AXIS2_PLACEMENT_3D('',#6031,#6032,#6033);
#6031 = CARTESIAN_POINT('',(0.949999999999,1.589999999999,8.29));
#6032 = DIRECTION('',(0.,-0.707106781187,-0.707106781187));
#6033 = DIRECTION('',(0.,0.707106781187,-0.707106781187));
#6034 = ADVANCED_FACE('',(#6035),#6051,.F.);
#6035 = FACE_BOUND('',#6036,.T.);
#6036 = EDGE_LOOP('',(#6037,#6038,#6044,#6045));
#6037 = ORIENTED_EDGE('',*,*,#2996,.F.);
#6038 = ORIENTED_EDGE('',*,*,#6039,.F.);
#6039 = EDGE_CURVE('',#6016,#2989,#6040,.T.);
#6040 = LINE('',#6041,#6042);
#6041 = CARTESIAN_POINT('',(0.949999999999,1.589999999999,-2.75));
#6042 = VECTOR('',#6043,1.);
#6043 = DIRECTION('',(0.,-1.964134370444E-17,-1.));
#6044 = ORIENTED_EDGE('',*,*,#6015,.T.);
#6045 = ORIENTED_EDGE('',*,*,#6046,.T.);
#6046 = EDGE_CURVE('',#6008,#2997,#6047,.T.);
#6047 = LINE('',#6048,#6049);
#6048 = CARTESIAN_POINT('',(1.589999999999,1.589999999999,-2.75));
#6049 = VECTOR('',#6050,1.);
#6050 = DIRECTION('',(0.,-1.964134370444E-17,-1.));
#6051 = PLANE('',#6052);
#6052 = AXIS2_PLACEMENT_3D('',#6053,#6054,#6055);
#6053 = CARTESIAN_POINT('',(0.949999999999,1.589999999999,-2.75));
#6054 = DIRECTION('',(0.,-1.,1.964134370444E-17));
#6055 = DIRECTION('',(0.,-1.964134370444E-17,-1.));
#6056 = ADVANCED_FACE('',(#6057),#6065,.F.);
#6057 = FACE_BOUND('',#6058,.T.);
#6058 = EDGE_LOOP('',(#6059,#6060,#6061,#6062,#6063,#6064));
#6059 = ORIENTED_EDGE('',*,*,#2988,.F.);
#6060 = ORIENTED_EDGE('',*,*,#5931,.T.);
#6061 = ORIENTED_EDGE('',*,*,#5961,.T.);
#6062 = ORIENTED_EDGE('',*,*,#5992,.T.);
#6063 = ORIENTED_EDGE('',*,*,#6023,.T.);
#6064 = ORIENTED_EDGE('',*,*,#6039,.T.);
#6065 = PLANE('',#6066);
#6066 = AXIS2_PLACEMENT_3D('',#6067,#6068,#6069);
#6067 = CARTESIAN_POINT('',(0.949999999999,-2.891205793294E-16,0.));
#6068 = DIRECTION('',(1.,0.,0.));
#6069 = DIRECTION('',(0.,0.,-1.));
#6070 = ADVANCED_FACE('',(#6071),#6079,.T.);
#6071 = FACE_BOUND('',#6072,.T.);
#6072 = EDGE_LOOP('',(#6073,#6074,#6075,#6076,#6077,#6078));
#6073 = ORIENTED_EDGE('',*,*,#5915,.F.);
#6074 = ORIENTED_EDGE('',*,*,#3004,.T.);
#6075 = ORIENTED_EDGE('',*,*,#6046,.F.);
#6076 = ORIENTED_EDGE('',*,*,#6007,.F.);
#6077 = ORIENTED_EDGE('',*,*,#5976,.F.);
#6078 = ORIENTED_EDGE('',*,*,#5945,.F.);
#6079 = PLANE('',#6080);
#6080 = AXIS2_PLACEMENT_3D('',#6081,#6082,#6083);
#6081 = CARTESIAN_POINT('',(1.589999999999,-2.891205793294E-16,0.));
#6082 = DIRECTION('',(1.,0.,0.));
#6083 = DIRECTION('',(0.,0.,-1.));
#6084 = ADVANCED_FACE('',(#6085),#6119,.F.);
#6085 = FACE_BOUND('',#6086,.T.);
#6086 = EDGE_LOOP('',(#6087,#6097,#6105,#6113));
#6087 = ORIENTED_EDGE('',*,*,#6088,.T.);
#6088 = EDGE_CURVE('',#6089,#6091,#6093,.T.);
#6089 = VERTEX_POINT('',#6090);
#6090 = CARTESIAN_POINT('',(4.129999999999,-0.95,-2.75));
#6091 = VERTEX_POINT('',#6092);
#6092 = CARTESIAN_POINT('',(4.129999999999,-1.2,-3.));
#6093 = LINE('',#6094,#6095);
#6094 = CARTESIAN_POINT('',(4.129999999999,-1.2,-3.));
#6095 = VECTOR('',#6096,1.);
#6096 = DIRECTION('',(0.,-0.707106781187,-0.707106781187));
#6097 = ORIENTED_EDGE('',*,*,#6098,.F.);
#6098 = EDGE_CURVE('',#6099,#6091,#6101,.T.);
#6099 = VERTEX_POINT('',#6100);
#6100 = CARTESIAN_POINT('',(3.49,-1.2,-3.));
#6101 = LINE('',#6102,#6103);
#6102 = CARTESIAN_POINT('',(3.49,-1.2,-3.));
#6103 = VECTOR('',#6104,1.);
#6104 = DIRECTION('',(1.,0.,0.));
#6105 = ORIENTED_EDGE('',*,*,#6106,.F.);
#6106 = EDGE_CURVE('',#6107,#6099,#6109,.T.);
#6107 = VERTEX_POINT('',#6108);
#6108 = CARTESIAN_POINT('',(3.49,-0.95,-2.75));
#6109 = LINE('',#6110,#6111);
#6110 = CARTESIAN_POINT('',(3.49,-1.2,-3.));
#6111 = VECTOR('',#6112,1.);
#6112 = DIRECTION('',(0.,-0.707106781187,-0.707106781187));
#6113 = ORIENTED_EDGE('',*,*,#6114,.T.);
#6114 = EDGE_CURVE('',#6107,#6089,#6115,.T.);
#6115 = LINE('',#6116,#6117);
#6116 = CARTESIAN_POINT('',(3.49,-0.95,-2.75));
#6117 = VECTOR('',#6118,1.);
#6118 = DIRECTION('',(1.,0.,0.));
#6119 = PLANE('',#6120);
#6120 = AXIS2_PLACEMENT_3D('',#6121,#6122,#6123);
#6121 = CARTESIAN_POINT('',(3.49,-1.2,-3.));
#6122 = DIRECTION('',(0.,-0.707106781187,0.707106781187));
#6123 = DIRECTION('',(0.,-0.707106781187,-0.707106781187));
#6124 = ADVANCED_FACE('',(#6125),#6150,.F.);
#6125 = FACE_BOUND('',#6126,.T.);
#6126 = EDGE_LOOP('',(#6127,#6135,#6143,#6149));
#6127 = ORIENTED_EDGE('',*,*,#6128,.T.);
#6128 = EDGE_CURVE('',#6091,#6129,#6131,.T.);
#6129 = VERTEX_POINT('',#6130);
#6130 = CARTESIAN_POINT('',(4.129999999999,-1.34,-3.));
#6131 = LINE('',#6132,#6133);
#6132 = CARTESIAN_POINT('',(4.129999999999,-1.2,-3.));
#6133 = VECTOR('',#6134,1.);
#6134 = DIRECTION('',(0.,-1.,0.));
#6135 = ORIENTED_EDGE('',*,*,#6136,.F.);
#6136 = EDGE_CURVE('',#6137,#6129,#6139,.T.);
#6137 = VERTEX_POINT('',#6138);
#6138 = CARTESIAN_POINT('',(3.49,-1.34,-3.));
#6139 = LINE('',#6140,#6141);
#6140 = CARTESIAN_POINT('',(3.49,-1.34,-3.));
#6141 = VECTOR('',#6142,1.);
#6142 = DIRECTION('',(1.,0.,0.));
#6143 = ORIENTED_EDGE('',*,*,#6144,.F.);
#6144 = EDGE_CURVE('',#6099,#6137,#6145,.T.);
#6145 = LINE('',#6146,#6147);
#6146 = CARTESIAN_POINT('',(3.49,-1.2,-3.));
#6147 = VECTOR('',#6148,1.);
#6148 = DIRECTION('',(0.,-1.,0.));
#6149 = ORIENTED_EDGE('',*,*,#6098,.T.);
#6150 = PLANE('',#6151);
#6151 = AXIS2_PLACEMENT_3D('',#6152,#6153,#6154);
#6152 = CARTESIAN_POINT('',(3.49,-1.2,-3.));
#6153 = DIRECTION('',(0.,0.,1.));
#6154 = DIRECTION('',(1.,0.,-0.));
#6155 = ADVANCED_FACE('',(#6156),#6181,.F.);
#6156 = FACE_BOUND('',#6157,.T.);
#6157 = EDGE_LOOP('',(#6158,#6166,#6174,#6180));
#6158 = ORIENTED_EDGE('',*,*,#6159,.T.);
#6159 = EDGE_CURVE('',#6129,#6160,#6162,.T.);
#6160 = VERTEX_POINT('',#6161);
#6161 = CARTESIAN_POINT('',(4.129999999999,-1.59,-2.75));
#6162 = LINE('',#6163,#6164);
#6163 = CARTESIAN_POINT('',(4.129999999999,-1.34,-3.));
#6164 = VECTOR('',#6165,1.);
#6165 = DIRECTION('',(0.,-0.707106781187,0.707106781187));
#6166 = ORIENTED_EDGE('',*,*,#6167,.F.);
#6167 = EDGE_CURVE('',#6168,#6160,#6170,.T.);
#6168 = VERTEX_POINT('',#6169);
#6169 = CARTESIAN_POINT('',(3.49,-1.59,-2.75));
#6170 = LINE('',#6171,#6172);
#6171 = CARTESIAN_POINT('',(3.49,-1.59,-2.75));
#6172 = VECTOR('',#6173,1.);
#6173 = DIRECTION('',(1.,0.,0.));
#6174 = ORIENTED_EDGE('',*,*,#6175,.F.);
#6175 = EDGE_CURVE('',#6137,#6168,#6176,.T.);
#6176 = LINE('',#6177,#6178);
#6177 = CARTESIAN_POINT('',(3.49,-1.34,-3.));
#6178 = VECTOR('',#6179,1.);
#6179 = DIRECTION('',(0.,-0.707106781187,0.707106781187));
#6180 = ORIENTED_EDGE('',*,*,#6136,.T.);
#6181 = PLANE('',#6182);
#6182 = AXIS2_PLACEMENT_3D('',#6183,#6184,#6185);
#6183 = CARTESIAN_POINT('',(3.49,-1.34,-3.));
#6184 = DIRECTION('',(0.,0.707106781187,0.707106781187));
#6185 = DIRECTION('',(0.,-0.707106781187,0.707106781187));
#6186 = ADVANCED_FACE('',(#6187),#6205,.F.);
#6187 = FACE_BOUND('',#6188,.T.);
#6188 = EDGE_LOOP('',(#6189,#6195,#6196,#6202,#6203,#6204));
#6189 = ORIENTED_EDGE('',*,*,#6190,.F.);
#6190 = EDGE_CURVE('',#1917,#6089,#6191,.T.);
#6191 = LINE('',#6192,#6193);
#6192 = CARTESIAN_POINT('',(4.129999999999,-0.95,-2.75));
#6193 = VECTOR('',#6194,1.);
#6194 = DIRECTION('',(0.,1.964134370444E-17,-1.));
#6195 = ORIENTED_EDGE('',*,*,#1940,.T.);
#6196 = ORIENTED_EDGE('',*,*,#6197,.F.);
#6197 = EDGE_CURVE('',#6160,#1933,#6198,.T.);
#6198 = LINE('',#6199,#6200);
#6199 = CARTESIAN_POINT('',(4.129999999999,-1.59,-2.75));
#6200 = VECTOR('',#6201,1.);
#6201 = DIRECTION('',(0.,-1.964134370444E-17,1.));
#6202 = ORIENTED_EDGE('',*,*,#6159,.F.);
#6203 = ORIENTED_EDGE('',*,*,#6128,.F.);
#6204 = ORIENTED_EDGE('',*,*,#6088,.F.);
#6205 = PLANE('',#6206);
#6206 = AXIS2_PLACEMENT_3D('',#6207,#6208,#6209);
#6207 = CARTESIAN_POINT('',(4.129999999999,-4.336808689942E-16,0.));
#6208 = DIRECTION('',(-1.,0.,0.));
#6209 = DIRECTION('',(0.,0.,1.));
#6210 = ADVANCED_FACE('',(#6211),#6229,.T.);
#6211 = FACE_BOUND('',#6212,.T.);
#6212 = EDGE_LOOP('',(#6213,#6214,#6220,#6221,#6222,#6223));
#6213 = ORIENTED_EDGE('',*,*,#1924,.F.);
#6214 = ORIENTED_EDGE('',*,*,#6215,.T.);
#6215 = EDGE_CURVE('',#1915,#6107,#6216,.T.);
#6216 = LINE('',#6217,#6218);
#6217 = CARTESIAN_POINT('',(3.49,-0.95,-2.75));
#6218 = VECTOR('',#6219,1.);
#6219 = DIRECTION('',(0.,1.964134370444E-17,-1.));
#6220 = ORIENTED_EDGE('',*,*,#6106,.T.);
#6221 = ORIENTED_EDGE('',*,*,#6144,.T.);
#6222 = ORIENTED_EDGE('',*,*,#6175,.T.);
#6223 = ORIENTED_EDGE('',*,*,#6224,.T.);
#6224 = EDGE_CURVE('',#6168,#1925,#6225,.T.);
#6225 = LINE('',#6226,#6227);
#6226 = CARTESIAN_POINT('',(3.49,-1.59,-2.75));
#6227 = VECTOR('',#6228,1.);
#6228 = DIRECTION('',(0.,-1.964134370444E-17,1.));
#6229 = PLANE('',#6230);
#6230 = AXIS2_PLACEMENT_3D('',#6231,#6232,#6233);
#6231 = CARTESIAN_POINT('',(3.49,-4.336808689942E-16,0.));
#6232 = DIRECTION('',(-1.,0.,0.));
#6233 = DIRECTION('',(0.,0.,1.));
#6234 = ADVANCED_FACE('',(#6235),#6241,.F.);
#6235 = FACE_BOUND('',#6236,.T.);
#6236 = EDGE_LOOP('',(#6237,#6238,#6239,#6240));
#6237 = ORIENTED_EDGE('',*,*,#6215,.F.);
#6238 = ORIENTED_EDGE('',*,*,#1914,.T.);
#6239 = ORIENTED_EDGE('',*,*,#6190,.T.);
#6240 = ORIENTED_EDGE('',*,*,#6114,.F.);
#6241 = PLANE('',#6242);
#6242 = AXIS2_PLACEMENT_3D('',#6243,#6244,#6245);
#6243 = CARTESIAN_POINT('',(3.49,-0.95,-2.75));
#6244 = DIRECTION('',(0.,-1.,-1.964134370444E-17));
#6245 = DIRECTION('',(0.,1.964134370444E-17,-1.));
#6246 = ADVANCED_FACE('',(#6247),#6253,.F.);
#6247 = FACE_BOUND('',#6248,.T.);
#6248 = EDGE_LOOP('',(#6249,#6250,#6251,#6252));
#6249 = ORIENTED_EDGE('',*,*,#6197,.T.);
#6250 = ORIENTED_EDGE('',*,*,#1932,.T.);
#6251 = ORIENTED_EDGE('',*,*,#6224,.F.);
#6252 = ORIENTED_EDGE('',*,*,#6167,.T.);
#6253 = PLANE('',#6254);
#6254 = AXIS2_PLACEMENT_3D('',#6255,#6256,#6257);
#6255 = CARTESIAN_POINT('',(3.49,-1.59,-2.75));
#6256 = DIRECTION('',(0.,1.,1.964134370444E-17));
#6257 = DIRECTION('',(0.,-1.964134370444E-17,1.));
#6258 = ADVANCED_FACE('',(#6259),#6284,.F.);
#6259 = FACE_BOUND('',#6260,.T.);
#6260 = EDGE_LOOP('',(#6261,#6262,#6270,#6278));
#6261 = ORIENTED_EDGE('',*,*,#2599,.F.);
#6262 = ORIENTED_EDGE('',*,*,#6263,.T.);
#6263 = EDGE_CURVE('',#2592,#6264,#6266,.T.);
#6264 = VERTEX_POINT('',#6265);
#6265 = CARTESIAN_POINT('',(4.129999999999,-1.59,8.29));
#6266 = LINE('',#6267,#6268);
#6267 = CARTESIAN_POINT('',(4.129999999999,-1.59,-2.75));
#6268 = VECTOR('',#6269,1.);
#6269 = DIRECTION('',(0.,-1.964134370444E-17,1.));
#6270 = ORIENTED_EDGE('',*,*,#6271,.F.);
#6271 = EDGE_CURVE('',#6272,#6264,#6274,.T.);
#6272 = VERTEX_POINT('',#6273);
#6273 = CARTESIAN_POINT('',(3.49,-1.59,8.29));
#6274 = LINE('',#6275,#6276);
#6275 = CARTESIAN_POINT('',(3.49,-1.59,8.29));
#6276 = VECTOR('',#6277,1.);
#6277 = DIRECTION('',(1.,0.,0.));
#6278 = ORIENTED_EDGE('',*,*,#6279,.F.);
#6279 = EDGE_CURVE('',#2576,#6272,#6280,.T.);
#6280 = LINE('',#6281,#6282);
#6281 = CARTESIAN_POINT('',(3.49,-1.59,-2.75));
#6282 = VECTOR('',#6283,1.);
#6283 = DIRECTION('',(0.,-1.964134370444E-17,1.));
#6284 = PLANE('',#6285);
#6285 = AXIS2_PLACEMENT_3D('',#6286,#6287,#6288);
#6286 = CARTESIAN_POINT('',(3.49,-1.59,-2.75));
#6287 = DIRECTION('',(0.,1.,1.964134370444E-17));
#6288 = DIRECTION('',(0.,-1.964134370444E-17,1.));
#6289 = ADVANCED_FACE('',(#6290),#6315,.F.);
#6290 = FACE_BOUND('',#6291,.T.);
#6291 = EDGE_LOOP('',(#6292,#6300,#6308,#6314));
#6292 = ORIENTED_EDGE('',*,*,#6293,.T.);
#6293 = EDGE_CURVE('',#6264,#6294,#6296,.T.);
#6294 = VERTEX_POINT('',#6295);
#6295 = CARTESIAN_POINT('',(4.129999999999,-1.34,8.54));
#6296 = LINE('',#6297,#6298);
#6297 = CARTESIAN_POINT('',(4.129999999999,-1.59,8.29));
#6298 = VECTOR('',#6299,1.);
#6299 = DIRECTION('',(0.,0.707106781187,0.707106781187));
#6300 = ORIENTED_EDGE('',*,*,#6301,.F.);
#6301 = EDGE_CURVE('',#6302,#6294,#6304,.T.);
#6302 = VERTEX_POINT('',#6303);
#6303 = CARTESIAN_POINT('',(3.49,-1.34,8.54));
#6304 = LINE('',#6305,#6306);
#6305 = CARTESIAN_POINT('',(3.49,-1.34,8.54));
#6306 = VECTOR('',#6307,1.);
#6307 = DIRECTION('',(1.,0.,0.));
#6308 = ORIENTED_EDGE('',*,*,#6309,.F.);
#6309 = EDGE_CURVE('',#6272,#6302,#6310,.T.);
#6310 = LINE('',#6311,#6312);
#6311 = CARTESIAN_POINT('',(3.49,-1.59,8.29));
#6312 = VECTOR('',#6313,1.);
#6313 = DIRECTION('',(0.,0.707106781187,0.707106781187));
#6314 = ORIENTED_EDGE('',*,*,#6271,.T.);
#6315 = PLANE('',#6316);
#6316 = AXIS2_PLACEMENT_3D('',#6317,#6318,#6319);
#6317 = CARTESIAN_POINT('',(3.49,-1.59,8.29));
#6318 = DIRECTION('',(0.,0.707106781187,-0.707106781187));
#6319 = DIRECTION('',(0.,0.707106781187,0.707106781187));
#6320 = ADVANCED_FACE('',(#6321),#6346,.F.);
#6321 = FACE_BOUND('',#6322,.T.);
#6322 = EDGE_LOOP('',(#6323,#6331,#6339,#6345));
#6323 = ORIENTED_EDGE('',*,*,#6324,.T.);
#6324 = EDGE_CURVE('',#6294,#6325,#6327,.T.);
#6325 = VERTEX_POINT('',#6326);
#6326 = CARTESIAN_POINT('',(4.129999999999,-1.2,8.54));
#6327 = LINE('',#6328,#6329);
#6328 = CARTESIAN_POINT('',(4.129999999999,-1.2,8.54));
#6329 = VECTOR('',#6330,1.);
#6330 = DIRECTION('',(0.,1.,0.));
#6331 = ORIENTED_EDGE('',*,*,#6332,.F.);
#6332 = EDGE_CURVE('',#6333,#6325,#6335,.T.);
#6333 = VERTEX_POINT('',#6334);
#6334 = CARTESIAN_POINT('',(3.49,-1.2,8.54));
#6335 = LINE('',#6336,#6337);
#6336 = CARTESIAN_POINT('',(3.49,-1.2,8.54));
#6337 = VECTOR('',#6338,1.);
#6338 = DIRECTION('',(1.,0.,0.));
#6339 = ORIENTED_EDGE('',*,*,#6340,.F.);
#6340 = EDGE_CURVE('',#6302,#6333,#6341,.T.);
#6341 = LINE('',#6342,#6343);
#6342 = CARTESIAN_POINT('',(3.49,-1.2,8.54));
#6343 = VECTOR('',#6344,1.);
#6344 = DIRECTION('',(0.,1.,0.));
#6345 = ORIENTED_EDGE('',*,*,#6301,.T.);
#6346 = PLANE('',#6347);
#6347 = AXIS2_PLACEMENT_3D('',#6348,#6349,#6350);
#6348 = CARTESIAN_POINT('',(3.49,-1.2,8.54));
#6349 = DIRECTION('',(0.,0.,-1.));
#6350 = DIRECTION('',(-1.,0.,0.));
#6351 = ADVANCED_FACE('',(#6352),#6377,.F.);
#6352 = FACE_BOUND('',#6353,.T.);
#6353 = EDGE_LOOP('',(#6354,#6362,#6370,#6376));
#6354 = ORIENTED_EDGE('',*,*,#6355,.T.);
#6355 = EDGE_CURVE('',#6325,#6356,#6358,.T.);
#6356 = VERTEX_POINT('',#6357);
#6357 = CARTESIAN_POINT('',(4.129999999999,-0.95,8.29));
#6358 = LINE('',#6359,#6360);
#6359 = CARTESIAN_POINT('',(4.129999999999,-0.95,8.29));
#6360 = VECTOR('',#6361,1.);
#6361 = DIRECTION('',(0.,0.707106781187,-0.707106781187));
#6362 = ORIENTED_EDGE('',*,*,#6363,.F.);
#6363 = EDGE_CURVE('',#6364,#6356,#6366,.T.);
#6364 = VERTEX_POINT('',#6365);
#6365 = CARTESIAN_POINT('',(3.49,-0.95,8.29));
#6366 = LINE('',#6367,#6368);
#6367 = CARTESIAN_POINT('',(3.49,-0.95,8.29));
#6368 = VECTOR('',#6369,1.);
#6369 = DIRECTION('',(1.,0.,0.));
#6370 = ORIENTED_EDGE('',*,*,#6371,.F.);
#6371 = EDGE_CURVE('',#6333,#6364,#6372,.T.);
#6372 = LINE('',#6373,#6374);
#6373 = CARTESIAN_POINT('',(3.49,-0.95,8.29));
#6374 = VECTOR('',#6375,1.);
#6375 = DIRECTION('',(0.,0.707106781187,-0.707106781187));
#6376 = ORIENTED_EDGE('',*,*,#6332,.T.);
#6377 = PLANE('',#6378);
#6378 = AXIS2_PLACEMENT_3D('',#6379,#6380,#6381);
#6379 = CARTESIAN_POINT('',(3.49,-0.95,8.29));
#6380 = DIRECTION('',(0.,-0.707106781187,-0.707106781187));
#6381 = DIRECTION('',(0.,0.707106781187,-0.707106781187));
#6382 = ADVANCED_FACE('',(#6383),#6399,.F.);
#6383 = FACE_BOUND('',#6384,.T.);
#6384 = EDGE_LOOP('',(#6385,#6386,#6392,#6393));
#6385 = ORIENTED_EDGE('',*,*,#2583,.F.);
#6386 = ORIENTED_EDGE('',*,*,#6387,.F.);
#6387 = EDGE_CURVE('',#6364,#2574,#6388,.T.);
#6388 = LINE('',#6389,#6390);
#6389 = CARTESIAN_POINT('',(3.49,-0.95,-2.75));
#6390 = VECTOR('',#6391,1.);
#6391 = DIRECTION('',(0.,1.964134370444E-17,-1.));
#6392 = ORIENTED_EDGE('',*,*,#6363,.T.);
#6393 = ORIENTED_EDGE('',*,*,#6394,.T.);
#6394 = EDGE_CURVE('',#6356,#2584,#6395,.T.);
#6395 = LINE('',#6396,#6397);
#6396 = CARTESIAN_POINT('',(4.129999999999,-0.95,-2.75));
#6397 = VECTOR('',#6398,1.);
#6398 = DIRECTION('',(0.,1.964134370444E-17,-1.));
#6399 = PLANE('',#6400);
#6400 = AXIS2_PLACEMENT_3D('',#6401,#6402,#6403);
#6401 = CARTESIAN_POINT('',(3.49,-0.95,-2.75));
#6402 = DIRECTION('',(0.,-1.,-1.964134370444E-17));
#6403 = DIRECTION('',(0.,1.964134370444E-17,-1.));
#6404 = ADVANCED_FACE('',(#6405),#6413,.T.);
#6405 = FACE_BOUND('',#6406,.T.);
#6406 = EDGE_LOOP('',(#6407,#6408,#6409,#6410,#6411,#6412));
#6407 = ORIENTED_EDGE('',*,*,#6387,.T.);
#6408 = ORIENTED_EDGE('',*,*,#2573,.T.);
#6409 = ORIENTED_EDGE('',*,*,#6279,.T.);
#6410 = ORIENTED_EDGE('',*,*,#6309,.T.);
#6411 = ORIENTED_EDGE('',*,*,#6340,.T.);
#6412 = ORIENTED_EDGE('',*,*,#6371,.T.);
#6413 = PLANE('',#6414);
#6414 = AXIS2_PLACEMENT_3D('',#6415,#6416,#6417);
#6415 = CARTESIAN_POINT('',(3.49,-4.336808689942E-16,0.));
#6416 = DIRECTION('',(-1.,0.,0.));
#6417 = DIRECTION('',(0.,0.,1.));
#6418 = ADVANCED_FACE('',(#6419),#6427,.F.);
#6419 = FACE_BOUND('',#6420,.T.);
#6420 = EDGE_LOOP('',(#6421,#6422,#6423,#6424,#6425,#6426));
#6421 = ORIENTED_EDGE('',*,*,#2591,.F.);
#6422 = ORIENTED_EDGE('',*,*,#6394,.F.);
#6423 = ORIENTED_EDGE('',*,*,#6355,.F.);
#6424 = ORIENTED_EDGE('',*,*,#6324,.F.);
#6425 = ORIENTED_EDGE('',*,*,#6293,.F.);
#6426 = ORIENTED_EDGE('',*,*,#6263,.F.);
#6427 = PLANE('',#6428);
#6428 = AXIS2_PLACEMENT_3D('',#6429,#6430,#6431);
#6429 = CARTESIAN_POINT('',(4.129999999999,-4.336808689942E-16,0.));
#6430 = DIRECTION('',(-1.,0.,0.));
#6431 = DIRECTION('',(0.,0.,1.));
#6432 = ADVANCED_FACE('',(#6433),#6467,.F.);
#6433 = FACE_BOUND('',#6434,.T.);
#6434 = EDGE_LOOP('',(#6435,#6445,#6453,#6461));
#6435 = ORIENTED_EDGE('',*,*,#6436,.T.);
#6436 = EDGE_CURVE('',#6437,#6439,#6441,.T.);
#6437 = VERTEX_POINT('',#6438);
#6438 = CARTESIAN_POINT('',(4.129999999999,1.589999999999,-2.75));
#6439 = VERTEX_POINT('',#6440);
#6440 = CARTESIAN_POINT('',(4.129999999999,1.339999999999,-3.));
#6441 = LINE('',#6442,#6443);
#6442 = CARTESIAN_POINT('',(4.129999999999,1.339999999999,-3.));
#6443 = VECTOR('',#6444,1.);
#6444 = DIRECTION('',(0.,-0.707106781187,-0.707106781187));
#6445 = ORIENTED_EDGE('',*,*,#6446,.F.);
#6446 = EDGE_CURVE('',#6447,#6439,#6449,.T.);
#6447 = VERTEX_POINT('',#6448);
#6448 = CARTESIAN_POINT('',(3.49,1.339999999999,-3.));
#6449 = LINE('',#6450,#6451);
#6450 = CARTESIAN_POINT('',(3.49,1.339999999999,-3.));
#6451 = VECTOR('',#6452,1.);
#6452 = DIRECTION('',(1.,0.,0.));
#6453 = ORIENTED_EDGE('',*,*,#6454,.F.);
#6454 = EDGE_CURVE('',#6455,#6447,#6457,.T.);
#6455 = VERTEX_POINT('',#6456);
#6456 = CARTESIAN_POINT('',(3.49,1.589999999999,-2.75));
#6457 = LINE('',#6458,#6459);
#6458 = CARTESIAN_POINT('',(3.49,1.339999999999,-3.));
#6459 = VECTOR('',#6460,1.);
#6460 = DIRECTION('',(0.,-0.707106781187,-0.707106781187));
#6461 = ORIENTED_EDGE('',*,*,#6462,.T.);
#6462 = EDGE_CURVE('',#6455,#6437,#6463,.T.);
#6463 = LINE('',#6464,#6465);
#6464 = CARTESIAN_POINT('',(3.49,1.589999999999,-2.75));
#6465 = VECTOR('',#6466,1.);
#6466 = DIRECTION('',(1.,0.,0.));
#6467 = PLANE('',#6468);
#6468 = AXIS2_PLACEMENT_3D('',#6469,#6470,#6471);
#6469 = CARTESIAN_POINT('',(3.49,1.339999999999,-3.));
#6470 = DIRECTION('',(0.,-0.707106781187,0.707106781187));
#6471 = DIRECTION('',(0.,-0.707106781187,-0.707106781187));
#6472 = ADVANCED_FACE('',(#6473),#6498,.F.);
#6473 = FACE_BOUND('',#6474,.T.);
#6474 = EDGE_LOOP('',(#6475,#6483,#6491,#6497));
#6475 = ORIENTED_EDGE('',*,*,#6476,.T.);
#6476 = EDGE_CURVE('',#6439,#6477,#6479,.T.);
#6477 = VERTEX_POINT('',#6478);
#6478 = CARTESIAN_POINT('',(4.129999999999,1.199999999999,-3.));
#6479 = LINE('',#6480,#6481);
#6480 = CARTESIAN_POINT('',(4.129999999999,1.199999999999,-3.));
#6481 = VECTOR('',#6482,1.);
#6482 = DIRECTION('',(0.,-1.,0.));
#6483 = ORIENTED_EDGE('',*,*,#6484,.F.);
#6484 = EDGE_CURVE('',#6485,#6477,#6487,.T.);
#6485 = VERTEX_POINT('',#6486);
#6486 = CARTESIAN_POINT('',(3.49,1.199999999999,-3.));
#6487 = LINE('',#6488,#6489);
#6488 = CARTESIAN_POINT('',(3.49,1.199999999999,-3.));
#6489 = VECTOR('',#6490,1.);
#6490 = DIRECTION('',(1.,0.,0.));
#6491 = ORIENTED_EDGE('',*,*,#6492,.F.);
#6492 = EDGE_CURVE('',#6447,#6485,#6493,.T.);
#6493 = LINE('',#6494,#6495);
#6494 = CARTESIAN_POINT('',(3.49,1.199999999999,-3.));
#6495 = VECTOR('',#6496,1.);
#6496 = DIRECTION('',(0.,-1.,0.));
#6497 = ORIENTED_EDGE('',*,*,#6446,.T.);
#6498 = PLANE('',#6499);
#6499 = AXIS2_PLACEMENT_3D('',#6500,#6501,#6502);
#6500 = CARTESIAN_POINT('',(3.49,1.199999999999,-3.));
#6501 = DIRECTION('',(0.,0.,1.));
#6502 = DIRECTION('',(1.,0.,-0.));
#6503 = ADVANCED_FACE('',(#6504),#6529,.F.);
#6504 = FACE_BOUND('',#6505,.T.);
#6505 = EDGE_LOOP('',(#6506,#6514,#6522,#6528));
#6506 = ORIENTED_EDGE('',*,*,#6507,.T.);
#6507 = EDGE_CURVE('',#6477,#6508,#6510,.T.);
#6508 = VERTEX_POINT('',#6509);
#6509 = CARTESIAN_POINT('',(4.129999999999,0.949999999999,-2.75));
#6510 = LINE('',#6511,#6512);
#6511 = CARTESIAN_POINT('',(4.129999999999,1.199999999999,-3.));
#6512 = VECTOR('',#6513,1.);
#6513 = DIRECTION('',(0.,-0.707106781187,0.707106781187));
#6514 = ORIENTED_EDGE('',*,*,#6515,.F.);
#6515 = EDGE_CURVE('',#6516,#6508,#6518,.T.);
#6516 = VERTEX_POINT('',#6517);
#6517 = CARTESIAN_POINT('',(3.49,0.949999999999,-2.75));
#6518 = LINE('',#6519,#6520);
#6519 = CARTESIAN_POINT('',(3.49,0.949999999999,-2.75));
#6520 = VECTOR('',#6521,1.);
#6521 = DIRECTION('',(1.,0.,0.));
#6522 = ORIENTED_EDGE('',*,*,#6523,.F.);
#6523 = EDGE_CURVE('',#6485,#6516,#6524,.T.);
#6524 = LINE('',#6525,#6526);
#6525 = CARTESIAN_POINT('',(3.49,1.199999999999,-3.));
#6526 = VECTOR('',#6527,1.);
#6527 = DIRECTION('',(0.,-0.707106781187,0.707106781187));
#6528 = ORIENTED_EDGE('',*,*,#6484,.T.);
#6529 = PLANE('',#6530);
#6530 = AXIS2_PLACEMENT_3D('',#6531,#6532,#6533);
#6531 = CARTESIAN_POINT('',(3.49,1.199999999999,-3.));
#6532 = DIRECTION('',(0.,0.707106781187,0.707106781187));
#6533 = DIRECTION('',(0.,-0.707106781187,0.707106781187));
#6534 = ADVANCED_FACE('',(#6535),#6553,.T.);
#6535 = FACE_BOUND('',#6536,.T.);
#6536 = EDGE_LOOP('',(#6537,#6538,#6544,#6545,#6546,#6547));
#6537 = ORIENTED_EDGE('',*,*,#1898,.F.);
#6538 = ORIENTED_EDGE('',*,*,#6539,.F.);
#6539 = EDGE_CURVE('',#6508,#1891,#6540,.T.);
#6540 = LINE('',#6541,#6542);
#6541 = CARTESIAN_POINT('',(4.129999999999,0.949999999999,-2.75));
#6542 = VECTOR('',#6543,1.);
#6543 = DIRECTION('',(0.,1.964134370444E-17,1.));
#6544 = ORIENTED_EDGE('',*,*,#6507,.F.);
#6545 = ORIENTED_EDGE('',*,*,#6476,.F.);
#6546 = ORIENTED_EDGE('',*,*,#6436,.F.);
#6547 = ORIENTED_EDGE('',*,*,#6548,.F.);
#6548 = EDGE_CURVE('',#1899,#6437,#6549,.T.);
#6549 = LINE('',#6550,#6551);
#6550 = CARTESIAN_POINT('',(4.129999999999,1.589999999999,-2.75));
#6551 = VECTOR('',#6552,1.);
#6552 = DIRECTION('',(0.,-1.964134370444E-17,-1.));
#6553 = PLANE('',#6554);
#6554 = AXIS2_PLACEMENT_3D('',#6555,#6556,#6557);
#6555 = CARTESIAN_POINT('',(4.129999999999,-4.336808689942E-16,0.));
#6556 = DIRECTION('',(1.,0.,0.));
#6557 = DIRECTION('',(0.,0.,-1.));
#6558 = ADVANCED_FACE('',(#6559),#6577,.F.);
#6559 = FACE_BOUND('',#6560,.T.);
#6560 = EDGE_LOOP('',(#6561,#6567,#6568,#6574,#6575,#6576));
#6561 = ORIENTED_EDGE('',*,*,#6562,.T.);
#6562 = EDGE_CURVE('',#6516,#1881,#6563,.T.);
#6563 = LINE('',#6564,#6565);
#6564 = CARTESIAN_POINT('',(3.49,0.949999999999,-2.75));
#6565 = VECTOR('',#6566,1.);
#6566 = DIRECTION('',(0.,1.964134370444E-17,1.));
#6567 = ORIENTED_EDGE('',*,*,#1880,.T.);
#6568 = ORIENTED_EDGE('',*,*,#6569,.T.);
#6569 = EDGE_CURVE('',#1883,#6455,#6570,.T.);
#6570 = LINE('',#6571,#6572);
#6571 = CARTESIAN_POINT('',(3.49,1.589999999999,-2.75));
#6572 = VECTOR('',#6573,1.);
#6573 = DIRECTION('',(0.,-1.964134370444E-17,-1.));
#6574 = ORIENTED_EDGE('',*,*,#6454,.T.);
#6575 = ORIENTED_EDGE('',*,*,#6492,.T.);
#6576 = ORIENTED_EDGE('',*,*,#6523,.T.);
#6577 = PLANE('',#6578);
#6578 = AXIS2_PLACEMENT_3D('',#6579,#6580,#6581);
#6579 = CARTESIAN_POINT('',(3.49,-4.336808689942E-16,0.));
#6580 = DIRECTION('',(1.,0.,0.));
#6581 = DIRECTION('',(0.,0.,-1.));
#6582 = ADVANCED_FACE('',(#6583),#6589,.F.);
#6583 = FACE_BOUND('',#6584,.T.);
#6584 = EDGE_LOOP('',(#6585,#6586,#6587,#6588));
#6585 = ORIENTED_EDGE('',*,*,#6569,.F.);
#6586 = ORIENTED_EDGE('',*,*,#1906,.T.);
#6587 = ORIENTED_EDGE('',*,*,#6548,.T.);
#6588 = ORIENTED_EDGE('',*,*,#6462,.F.);
#6589 = PLANE('',#6590);
#6590 = AXIS2_PLACEMENT_3D('',#6591,#6592,#6593);
#6591 = CARTESIAN_POINT('',(3.49,1.589999999999,-2.75));
#6592 = DIRECTION('',(0.,-1.,1.964134370444E-17));
#6593 = DIRECTION('',(0.,-1.964134370444E-17,-1.));
#6594 = ADVANCED_FACE('',(#6595),#6601,.F.);
#6595 = FACE_BOUND('',#6596,.T.);
#6596 = EDGE_LOOP('',(#6597,#6598,#6599,#6600));
#6597 = ORIENTED_EDGE('',*,*,#6539,.T.);
#6598 = ORIENTED_EDGE('',*,*,#1890,.T.);
#6599 = ORIENTED_EDGE('',*,*,#6562,.F.);
#6600 = ORIENTED_EDGE('',*,*,#6515,.T.);
#6601 = PLANE('',#6602);
#6602 = AXIS2_PLACEMENT_3D('',#6603,#6604,#6605);
#6603 = CARTESIAN_POINT('',(3.49,0.949999999999,-2.75));
#6604 = DIRECTION('',(0.,1.,-1.964134370444E-17));
#6605 = DIRECTION('',(0.,1.964134370444E-17,1.));
#6606 = ADVANCED_FACE('',(#6607),#6632,.F.);
#6607 = FACE_BOUND('',#6608,.T.);
#6608 = EDGE_LOOP('',(#6609,#6610,#6618,#6626));
#6609 = ORIENTED_EDGE('',*,*,#3012,.F.);
#6610 = ORIENTED_EDGE('',*,*,#6611,.T.);
#6611 = EDGE_CURVE('',#3013,#6612,#6614,.T.);
#6612 = VERTEX_POINT('',#6613);
#6613 = CARTESIAN_POINT('',(4.129999999999,0.949999999999,8.29));
#6614 = LINE('',#6615,#6616);
#6615 = CARTESIAN_POINT('',(4.129999999999,0.949999999999,-2.75));
#6616 = VECTOR('',#6617,1.);
#6617 = DIRECTION('',(0.,1.964134370444E-17,1.));
#6618 = ORIENTED_EDGE('',*,*,#6619,.F.);
#6619 = EDGE_CURVE('',#6620,#6612,#6622,.T.);
#6620 = VERTEX_POINT('',#6621);
#6621 = CARTESIAN_POINT('',(3.49,0.949999999999,8.29));
#6622 = LINE('',#6623,#6624);
#6623 = CARTESIAN_POINT('',(3.49,0.949999999999,8.29));
#6624 = VECTOR('',#6625,1.);
#6625 = DIRECTION('',(1.,0.,0.));
#6626 = ORIENTED_EDGE('',*,*,#6627,.F.);
#6627 = EDGE_CURVE('',#3015,#6620,#6628,.T.);
#6628 = LINE('',#6629,#6630);
#6629 = CARTESIAN_POINT('',(3.49,0.949999999999,-2.75));
#6630 = VECTOR('',#6631,1.);
#6631 = DIRECTION('',(0.,1.964134370444E-17,1.));
#6632 = PLANE('',#6633);
#6633 = AXIS2_PLACEMENT_3D('',#6634,#6635,#6636);
#6634 = CARTESIAN_POINT('',(3.49,0.949999999999,-2.75));
#6635 = DIRECTION('',(0.,1.,-1.964134370444E-17));
#6636 = DIRECTION('',(0.,1.964134370444E-17,1.));
#6637 = ADVANCED_FACE('',(#6638),#6663,.F.);
#6638 = FACE_BOUND('',#6639,.T.);
#6639 = EDGE_LOOP('',(#6640,#6648,#6656,#6662));
#6640 = ORIENTED_EDGE('',*,*,#6641,.T.);
#6641 = EDGE_CURVE('',#6612,#6642,#6644,.T.);
#6642 = VERTEX_POINT('',#6643);
#6643 = CARTESIAN_POINT('',(4.129999999999,1.199999999999,8.54));
#6644 = LINE('',#6645,#6646);
#6645 = CARTESIAN_POINT('',(4.129999999999,0.949999999999,8.29));
#6646 = VECTOR('',#6647,1.);
#6647 = DIRECTION('',(0.,0.707106781187,0.707106781187));
#6648 = ORIENTED_EDGE('',*,*,#6649,.F.);
#6649 = EDGE_CURVE('',#6650,#6642,#6652,.T.);
#6650 = VERTEX_POINT('',#6651);
#6651 = CARTESIAN_POINT('',(3.49,1.199999999999,8.54));
#6652 = LINE('',#6653,#6654);
#6653 = CARTESIAN_POINT('',(3.49,1.199999999999,8.54));
#6654 = VECTOR('',#6655,1.);
#6655 = DIRECTION('',(1.,0.,0.));
#6656 = ORIENTED_EDGE('',*,*,#6657,.F.);
#6657 = EDGE_CURVE('',#6620,#6650,#6658,.T.);
#6658 = LINE('',#6659,#6660);
#6659 = CARTESIAN_POINT('',(3.49,0.949999999999,8.29));
#6660 = VECTOR('',#6661,1.);
#6661 = DIRECTION('',(0.,0.707106781187,0.707106781187));
#6662 = ORIENTED_EDGE('',*,*,#6619,.T.);
#6663 = PLANE('',#6664);
#6664 = AXIS2_PLACEMENT_3D('',#6665,#6666,#6667);
#6665 = CARTESIAN_POINT('',(3.49,0.949999999999,8.29));
#6666 = DIRECTION('',(0.,0.707106781187,-0.707106781187));
#6667 = DIRECTION('',(0.,0.707106781187,0.707106781187));
#6668 = ADVANCED_FACE('',(#6669),#6694,.F.);
#6669 = FACE_BOUND('',#6670,.T.);
#6670 = EDGE_LOOP('',(#6671,#6679,#6687,#6693));
#6671 = ORIENTED_EDGE('',*,*,#6672,.T.);
#6672 = EDGE_CURVE('',#6642,#6673,#6675,.T.);
#6673 = VERTEX_POINT('',#6674);
#6674 = CARTESIAN_POINT('',(4.129999999999,1.339999999999,8.54));
#6675 = LINE('',#6676,#6677);
#6676 = CARTESIAN_POINT('',(4.129999999999,1.199999999999,8.54));
#6677 = VECTOR('',#6678,1.);
#6678 = DIRECTION('',(0.,1.,0.));
#6679 = ORIENTED_EDGE('',*,*,#6680,.F.);
#6680 = EDGE_CURVE('',#6681,#6673,#6683,.T.);
#6681 = VERTEX_POINT('',#6682);
#6682 = CARTESIAN_POINT('',(3.49,1.339999999999,8.54));
#6683 = LINE('',#6684,#6685);
#6684 = CARTESIAN_POINT('',(3.49,1.339999999999,8.54));
#6685 = VECTOR('',#6686,1.);
#6686 = DIRECTION('',(1.,0.,0.));
#6687 = ORIENTED_EDGE('',*,*,#6688,.F.);
#6688 = EDGE_CURVE('',#6650,#6681,#6689,.T.);
#6689 = LINE('',#6690,#6691);
#6690 = CARTESIAN_POINT('',(3.49,1.199999999999,8.54));
#6691 = VECTOR('',#6692,1.);
#6692 = DIRECTION('',(0.,1.,0.));
#6693 = ORIENTED_EDGE('',*,*,#6649,.T.);
#6694 = PLANE('',#6695);
#6695 = AXIS2_PLACEMENT_3D('',#6696,#6697,#6698);
#6696 = CARTESIAN_POINT('',(3.49,1.199999999999,8.54));
#6697 = DIRECTION('',(0.,0.,-1.));
#6698 = DIRECTION('',(-1.,0.,0.));
#6699 = ADVANCED_FACE('',(#6700),#6725,.F.);
#6700 = FACE_BOUND('',#6701,.T.);
#6701 = EDGE_LOOP('',(#6702,#6710,#6718,#6724));
#6702 = ORIENTED_EDGE('',*,*,#6703,.T.);
#6703 = EDGE_CURVE('',#6673,#6704,#6706,.T.);
#6704 = VERTEX_POINT('',#6705);
#6705 = CARTESIAN_POINT('',(4.129999999999,1.589999999999,8.29));
#6706 = LINE('',#6707,#6708);
#6707 = CARTESIAN_POINT('',(4.129999999999,1.589999999999,8.29));
#6708 = VECTOR('',#6709,1.);
#6709 = DIRECTION('',(0.,0.707106781187,-0.707106781187));
#6710 = ORIENTED_EDGE('',*,*,#6711,.F.);
#6711 = EDGE_CURVE('',#6712,#6704,#6714,.T.);
#6712 = VERTEX_POINT('',#6713);
#6713 = CARTESIAN_POINT('',(3.49,1.589999999999,8.29));
#6714 = LINE('',#6715,#6716);
#6715 = CARTESIAN_POINT('',(3.49,1.589999999999,8.29));
#6716 = VECTOR('',#6717,1.);
#6717 = DIRECTION('',(1.,0.,0.));
#6718 = ORIENTED_EDGE('',*,*,#6719,.F.);
#6719 = EDGE_CURVE('',#6681,#6712,#6720,.T.);
#6720 = LINE('',#6721,#6722);
#6721 = CARTESIAN_POINT('',(3.49,1.589999999999,8.29));
#6722 = VECTOR('',#6723,1.);
#6723 = DIRECTION('',(0.,0.707106781187,-0.707106781187));
#6724 = ORIENTED_EDGE('',*,*,#6680,.T.);
#6725 = PLANE('',#6726);
#6726 = AXIS2_PLACEMENT_3D('',#6727,#6728,#6729);
#6727 = CARTESIAN_POINT('',(3.49,1.589999999999,8.29));
#6728 = DIRECTION('',(0.,-0.707106781187,-0.707106781187));
#6729 = DIRECTION('',(0.,0.707106781187,-0.707106781187));
#6730 = ADVANCED_FACE('',(#6731),#6747,.F.);
#6731 = FACE_BOUND('',#6732,.T.);
#6732 = EDGE_LOOP('',(#6733,#6734,#6740,#6741));
#6733 = ORIENTED_EDGE('',*,*,#3030,.F.);
#6734 = ORIENTED_EDGE('',*,*,#6735,.F.);
#6735 = EDGE_CURVE('',#6712,#3023,#6736,.T.);
#6736 = LINE('',#6737,#6738);
#6737 = CARTESIAN_POINT('',(3.49,1.589999999999,-2.75));
#6738 = VECTOR('',#6739,1.);
#6739 = DIRECTION('',(0.,-1.964134370444E-17,-1.));
#6740 = ORIENTED_EDGE('',*,*,#6711,.T.);
#6741 = ORIENTED_EDGE('',*,*,#6742,.T.);
#6742 = EDGE_CURVE('',#6704,#3031,#6743,.T.);
#6743 = LINE('',#6744,#6745);
#6744 = CARTESIAN_POINT('',(4.129999999999,1.589999999999,-2.75));
#6745 = VECTOR('',#6746,1.);
#6746 = DIRECTION('',(0.,-1.964134370444E-17,-1.));
#6747 = PLANE('',#6748);
#6748 = AXIS2_PLACEMENT_3D('',#6749,#6750,#6751);
#6749 = CARTESIAN_POINT('',(3.49,1.589999999999,-2.75));
#6750 = DIRECTION('',(0.,-1.,1.964134370444E-17));
#6751 = DIRECTION('',(0.,-1.964134370444E-17,-1.));
#6752 = ADVANCED_FACE('',(#6753),#6761,.F.);
#6753 = FACE_BOUND('',#6754,.T.);
#6754 = EDGE_LOOP('',(#6755,#6756,#6757,#6758,#6759,#6760));
#6755 = ORIENTED_EDGE('',*,*,#3022,.F.);
#6756 = ORIENTED_EDGE('',*,*,#6627,.T.);
#6757 = ORIENTED_EDGE('',*,*,#6657,.T.);
#6758 = ORIENTED_EDGE('',*,*,#6688,.T.);
#6759 = ORIENTED_EDGE('',*,*,#6719,.T.);
#6760 = ORIENTED_EDGE('',*,*,#6735,.T.);
#6761 = PLANE('',#6762);
#6762 = AXIS2_PLACEMENT_3D('',#6763,#6764,#6765);
#6763 = CARTESIAN_POINT('',(3.49,-4.336808689942E-16,0.));
#6764 = DIRECTION('',(1.,0.,0.));
#6765 = DIRECTION('',(0.,0.,-1.));
#6766 = ADVANCED_FACE('',(#6767),#6775,.T.);
#6767 = FACE_BOUND('',#6768,.T.);
#6768 = EDGE_LOOP('',(#6769,#6770,#6771,#6772,#6773,#6774));
#6769 = ORIENTED_EDGE('',*,*,#6611,.F.);
#6770 = ORIENTED_EDGE('',*,*,#3038,.T.);
#6771 = ORIENTED_EDGE('',*,*,#6742,.F.);
#6772 = ORIENTED_EDGE('',*,*,#6703,.F.);
#6773 = ORIENTED_EDGE('',*,*,#6672,.F.);
#6774 = ORIENTED_EDGE('',*,*,#6641,.F.);
#6775 = PLANE('',#6776);
#6776 = AXIS2_PLACEMENT_3D('',#6777,#6778,#6779);
#6777 = CARTESIAN_POINT('',(4.129999999999,-4.336808689942E-16,0.));
#6778 = DIRECTION('',(1.,0.,0.));
#6779 = DIRECTION('',(0.,0.,-1.));
#6780 = ADVANCED_FACE('',(#6781),#6806,.T.);
#6781 = FACE_BOUND('',#6782,.T.);
#6782 = EDGE_LOOP('',(#6783,#6784,#6792,#6800));
#6783 = ORIENTED_EDGE('',*,*,#2353,.F.);
#6784 = ORIENTED_EDGE('',*,*,#6785,.F.);
#6785 = EDGE_CURVE('',#6786,#2354,#6788,.T.);
#6786 = VERTEX_POINT('',#6787);
#6787 = CARTESIAN_POINT('',(-2.032051282051,0.5,0.6));
#6788 = LINE('',#6789,#6790);
#6789 = CARTESIAN_POINT('',(-2.032051282051,0.5,0.6));
#6790 = VECTOR('',#6791,1.);
#6791 = DIRECTION('',(0.,-1.328679132947E-16,-1.));
#6792 = ORIENTED_EDGE('',*,*,#6793,.T.);
#6793 = EDGE_CURVE('',#6786,#6794,#6796,.T.);
#6794 = VERTEX_POINT('',#6795);
#6795 = CARTESIAN_POINT('',(-2.038461538461,0.5,0.6));
#6796 = LINE('',#6797,#6798);
#6797 = CARTESIAN_POINT('',(-2.032051282051,0.5,0.6));
#6798 = VECTOR('',#6799,1.);
#6799 = DIRECTION('',(-1.,0.,0.));
#6800 = ORIENTED_EDGE('',*,*,#6801,.T.);
#6801 = EDGE_CURVE('',#6794,#2356,#6802,.T.);
#6802 = LINE('',#6803,#6804);
#6803 = CARTESIAN_POINT('',(-2.038461538461,0.5,0.6));
#6804 = VECTOR('',#6805,1.);
#6805 = DIRECTION('',(0.,-1.328679132947E-16,-1.));
#6806 = PLANE('',#6807);
#6807 = AXIS2_PLACEMENT_3D('',#6808,#6809,#6810);
#6808 = CARTESIAN_POINT('',(-2.032051282051,0.5,0.6));
#6809 = DIRECTION('',(0.,-1.,1.328679132947E-16));
#6810 = DIRECTION('',(0.,-1.328679132947E-16,-1.));
#6811 = ADVANCED_FACE('',(#6812),#6830,.T.);
#6812 = FACE_BOUND('',#6813,.T.);
#6813 = EDGE_LOOP('',(#6814,#6815,#6816,#6824));
#6814 = ORIENTED_EDGE('',*,*,#2363,.F.);
#6815 = ORIENTED_EDGE('',*,*,#6801,.F.);
#6816 = ORIENTED_EDGE('',*,*,#6817,.T.);
#6817 = EDGE_CURVE('',#6794,#6818,#6820,.T.);
#6818 = VERTEX_POINT('',#6819);
#6819 = CARTESIAN_POINT('',(-2.26923076923,7.972074797687E-17,0.6));
#6820 = LINE('',#6821,#6822);
#6821 = CARTESIAN_POINT('',(-2.038461538461,0.5,0.6));
#6822 = VECTOR('',#6823,1.);
#6823 = DIRECTION('',(-0.419058177461,-0.907959384501,1.968823074408E-16
    ));
#6824 = ORIENTED_EDGE('',*,*,#6825,.T.);
#6825 = EDGE_CURVE('',#6818,#2364,#6826,.T.);
#6826 = LINE('',#6827,#6828);
#6827 = CARTESIAN_POINT('',(-2.26923076923,7.972074797687E-17,0.6));
#6828 = VECTOR('',#6829,1.);
#6829 = DIRECTION('',(0.,-1.328679132947E-16,-1.));
#6830 = PLANE('',#6831);
#6831 = AXIS2_PLACEMENT_3D('',#6832,#6833,#6834);
#6832 = CARTESIAN_POINT('',(-2.038461538461,0.5,0.6));
#6833 = DIRECTION('',(0.907959384501,-0.419058177461,5.56793855885E-17)
  );
#6834 = DIRECTION('',(0.419058177461,0.907959384501,0.));
#6835 = ADVANCED_FACE('',(#6836),#6854,.T.);
#6836 = FACE_BOUND('',#6837,.T.);
#6837 = EDGE_LOOP('',(#6838,#6839,#6840,#6848));
#6838 = ORIENTED_EDGE('',*,*,#2371,.F.);
#6839 = ORIENTED_EDGE('',*,*,#6825,.F.);
#6840 = ORIENTED_EDGE('',*,*,#6841,.T.);
#6841 = EDGE_CURVE('',#6818,#6842,#6844,.T.);
#6842 = VERTEX_POINT('',#6843);
#6843 = CARTESIAN_POINT('',(-2.220452724358,7.972074797687E-17,0.6));
#6844 = LINE('',#6845,#6846);
#6845 = CARTESIAN_POINT('',(-2.26923076923,7.972074797687E-17,0.6));
#6846 = VECTOR('',#6847,1.);
#6847 = DIRECTION('',(1.,0.,0.));
#6848 = ORIENTED_EDGE('',*,*,#6849,.T.);
#6849 = EDGE_CURVE('',#6842,#2372,#6850,.T.);
#6850 = LINE('',#6851,#6852);
#6851 = CARTESIAN_POINT('',(-2.220452724358,7.972074797687E-17,0.6));
#6852 = VECTOR('',#6853,1.);
#6853 = DIRECTION('',(0.,-1.328679132947E-16,-1.));
#6854 = PLANE('',#6855);
#6855 = AXIS2_PLACEMENT_3D('',#6856,#6857,#6858);
#6856 = CARTESIAN_POINT('',(-2.26923076923,7.972074797687E-17,0.6));
#6857 = DIRECTION('',(0.,1.,-1.328679132947E-16));
#6858 = DIRECTION('',(0.,1.328679132947E-16,1.));
#6859 = ADVANCED_FACE('',(#6860),#6878,.T.);
#6860 = FACE_BOUND('',#6861,.T.);
#6861 = EDGE_LOOP('',(#6862,#6863,#6864,#6872));
#6862 = ORIENTED_EDGE('',*,*,#2379,.F.);
#6863 = ORIENTED_EDGE('',*,*,#6849,.F.);
#6864 = ORIENTED_EDGE('',*,*,#6865,.T.);
#6865 = EDGE_CURVE('',#6842,#6866,#6868,.T.);
#6866 = VERTEX_POINT('',#6867);
#6867 = CARTESIAN_POINT('',(-2.146534455128,0.160256410256,0.6));
#6868 = LINE('',#6869,#6870);
#6869 = CARTESIAN_POINT('',(-2.220452724358,7.972074797687E-17,0.6));
#6870 = VECTOR('',#6871,1.);
#6871 = DIRECTION('',(0.418842224744,0.908059023837,0.));
#6872 = ORIENTED_EDGE('',*,*,#6873,.T.);
#6873 = EDGE_CURVE('',#6866,#2380,#6874,.T.);
#6874 = LINE('',#6875,#6876);
#6875 = CARTESIAN_POINT('',(-2.146534455128,0.160256410256,0.6));
#6876 = VECTOR('',#6877,1.);
#6877 = DIRECTION('',(0.,-1.328679132947E-16,-1.));
#6878 = PLANE('',#6879);
#6879 = AXIS2_PLACEMENT_3D('',#6880,#6881,#6882);
#6880 = CARTESIAN_POINT('',(-2.220452724358,7.972074797687E-17,0.6));
#6881 = DIRECTION('',(-0.908059023837,0.418842224744,-5.56506924016E-17)
  );
#6882 = DIRECTION('',(-0.418842224744,-0.908059023837,0.));
#6883 = ADVANCED_FACE('',(#6884),#6902,.T.);
#6884 = FACE_BOUND('',#6885,.T.);
#6885 = EDGE_LOOP('',(#6886,#6887,#6888,#6896));
#6886 = ORIENTED_EDGE('',*,*,#2387,.F.);
#6887 = ORIENTED_EDGE('',*,*,#6873,.F.);
#6888 = ORIENTED_EDGE('',*,*,#6889,.T.);
#6889 = EDGE_CURVE('',#6866,#6890,#6892,.T.);
#6890 = VERTEX_POINT('',#6891);
#6891 = CARTESIAN_POINT('',(-1.919871794871,0.160256410256,0.6));
#6892 = LINE('',#6893,#6894);
#6893 = CARTESIAN_POINT('',(-2.146534455128,0.160256410256,0.6));
#6894 = VECTOR('',#6895,1.);
#6895 = DIRECTION('',(1.,0.,0.));
#6896 = ORIENTED_EDGE('',*,*,#6897,.T.);
#6897 = EDGE_CURVE('',#6890,#2388,#6898,.T.);
#6898 = LINE('',#6899,#6900);
#6899 = CARTESIAN_POINT('',(-1.919871794871,0.160256410256,0.6));
#6900 = VECTOR('',#6901,1.);
#6901 = DIRECTION('',(0.,-1.328679132947E-16,-1.));
#6902 = PLANE('',#6903);
#6903 = AXIS2_PLACEMENT_3D('',#6904,#6905,#6906);
#6904 = CARTESIAN_POINT('',(-2.146534455128,0.160256410256,0.6));
#6905 = DIRECTION('',(0.,1.,-1.328679132947E-16));
#6906 = DIRECTION('',(0.,1.328679132947E-16,1.));
#6907 = ADVANCED_FACE('',(#6908),#6926,.T.);
#6908 = FACE_BOUND('',#6909,.T.);
#6909 = EDGE_LOOP('',(#6910,#6911,#6912,#6920));
#6910 = ORIENTED_EDGE('',*,*,#2395,.F.);
#6911 = ORIENTED_EDGE('',*,*,#6897,.F.);
#6912 = ORIENTED_EDGE('',*,*,#6913,.T.);
#6913 = EDGE_CURVE('',#6890,#6914,#6916,.T.);
#6914 = VERTEX_POINT('',#6915);
#6915 = CARTESIAN_POINT('',(-1.843850160256,7.972074797687E-17,0.6));
#6916 = LINE('',#6917,#6918);
#6917 = CARTESIAN_POINT('',(-1.919871794871,0.160256410256,0.6));
#6918 = VECTOR('',#6919,1.);
#6919 = DIRECTION('',(0.428596026355,-0.903496234742,0.));
#6920 = ORIENTED_EDGE('',*,*,#6921,.T.);
#6921 = EDGE_CURVE('',#6914,#2396,#6922,.T.);
#6922 = LINE('',#6923,#6924);
#6923 = CARTESIAN_POINT('',(-1.843850160256,7.972074797687E-17,0.6));
#6924 = VECTOR('',#6925,1.);
#6925 = DIRECTION('',(0.,-1.328679132947E-16,-1.));
#6926 = PLANE('',#6927);
#6927 = AXIS2_PLACEMENT_3D('',#6928,#6929,#6930);
#6928 = CARTESIAN_POINT('',(-1.919871794871,0.160256410256,0.6));
#6929 = DIRECTION('',(0.903496234742,0.428596026355,-5.694665966834E-17)
  );
#6930 = DIRECTION('',(-0.428596026355,0.903496234742,0.));
#6931 = ADVANCED_FACE('',(#6932),#6950,.T.);
#6932 = FACE_BOUND('',#6933,.T.);
#6933 = EDGE_LOOP('',(#6934,#6935,#6936,#6944));
#6934 = ORIENTED_EDGE('',*,*,#2403,.F.);
#6935 = ORIENTED_EDGE('',*,*,#6921,.F.);
#6936 = ORIENTED_EDGE('',*,*,#6937,.T.);
#6937 = EDGE_CURVE('',#6914,#6938,#6940,.T.);
#6938 = VERTEX_POINT('',#6939);
#6939 = CARTESIAN_POINT('',(-1.794871794871,7.972074797687E-17,0.6));
#6940 = LINE('',#6941,#6942);
#6941 = CARTESIAN_POINT('',(-1.843850160256,7.972074797687E-17,0.6));
#6942 = VECTOR('',#6943,1.);
#6943 = DIRECTION('',(1.,0.,0.));
#6944 = ORIENTED_EDGE('',*,*,#6945,.T.);
#6945 = EDGE_CURVE('',#6938,#2404,#6946,.T.);
#6946 = LINE('',#6947,#6948);
#6947 = CARTESIAN_POINT('',(-1.794871794871,7.972074797687E-17,0.6));
#6948 = VECTOR('',#6949,1.);
#6949 = DIRECTION('',(0.,-1.328679132947E-16,-1.));
#6950 = PLANE('',#6951);
#6951 = AXIS2_PLACEMENT_3D('',#6952,#6953,#6954);
#6952 = CARTESIAN_POINT('',(-1.843850160256,7.972074797687E-17,0.6));
#6953 = DIRECTION('',(0.,1.,-1.328679132947E-16));
#6954 = DIRECTION('',(0.,1.328679132947E-16,1.));
#6955 = ADVANCED_FACE('',(#6956),#6967,.T.);
#6956 = FACE_BOUND('',#6957,.T.);
#6957 = EDGE_LOOP('',(#6958,#6959,#6960,#6966));
#6958 = ORIENTED_EDGE('',*,*,#2411,.F.);
#6959 = ORIENTED_EDGE('',*,*,#6945,.F.);
#6960 = ORIENTED_EDGE('',*,*,#6961,.T.);
#6961 = EDGE_CURVE('',#6938,#6786,#6962,.T.);
#6962 = LINE('',#6963,#6964);
#6963 = CARTESIAN_POINT('',(-1.794871794871,7.972074797687E-17,0.6));
#6964 = VECTOR('',#6965,1.);
#6965 = DIRECTION('',(-0.428584206872,0.903501841514,-1.959157318829E-16
    ));
#6966 = ORIENTED_EDGE('',*,*,#6785,.T.);
#6967 = PLANE('',#6968);
#6968 = AXIS2_PLACEMENT_3D('',#6969,#6970,#6971);
#6969 = CARTESIAN_POINT('',(-1.794871794871,7.972074797687E-17,0.6));
#6970 = DIRECTION('',(-0.903501841514,-0.428584206872,5.694508923822E-17
    ));
#6971 = DIRECTION('',(0.428584206872,-0.903501841514,0.));
#6972 = ADVANCED_FACE('',(#6973,#6999),#7009,.T.);
#6973 = FACE_BOUND('',#6974,.T.);
#6974 = EDGE_LOOP('',(#6975,#6985,#6993));
#6975 = ORIENTED_EDGE('',*,*,#6976,.F.);
#6976 = EDGE_CURVE('',#6977,#6979,#6981,.T.);
#6977 = VERTEX_POINT('',#6978);
#6978 = CARTESIAN_POINT('',(-1.944210737179,0.211538461538,0.6));
#6979 = VERTEX_POINT('',#6980);
#6980 = CARTESIAN_POINT('',(-2.122896634615,0.211538461538,0.6));
#6981 = LINE('',#6982,#6983);
#6982 = CARTESIAN_POINT('',(-1.944210737179,0.211538461538,0.6));
#6983 = VECTOR('',#6984,1.);
#6984 = DIRECTION('',(-1.,0.,0.));
#6985 = ORIENTED_EDGE('',*,*,#6986,.F.);
#6986 = EDGE_CURVE('',#6987,#6977,#6989,.T.);
#6987 = VERTEX_POINT('',#6988);
#6988 = CARTESIAN_POINT('',(-2.034755608974,0.402544070512,0.6));
#6989 = LINE('',#6990,#6991);
#6990 = CARTESIAN_POINT('',(-2.034755608974,0.402544070512,0.6));
#6991 = VECTOR('',#6992,1.);
#6992 = DIRECTION('',(0.428351119156,-0.903612371937,0.));
#6993 = ORIENTED_EDGE('',*,*,#6994,.F.);
#6994 = EDGE_CURVE('',#6979,#6987,#6995,.T.);
#6995 = LINE('',#6996,#6997);
#6996 = CARTESIAN_POINT('',(-2.122896634615,0.211538461538,0.6));
#6997 = VECTOR('',#6998,1.);
#6998 = DIRECTION('',(0.418997788826,0.907987253742,0.));
#6999 = FACE_BOUND('',#7000,.T.);
#7000 = EDGE_LOOP('',(#7001,#7002,#7003,#7004,#7005,#7006,#7007,#7008));
#7001 = ORIENTED_EDGE('',*,*,#6793,.F.);
#7002 = ORIENTED_EDGE('',*,*,#6961,.F.);
#7003 = ORIENTED_EDGE('',*,*,#6937,.F.);
#7004 = ORIENTED_EDGE('',*,*,#6913,.F.);
#7005 = ORIENTED_EDGE('',*,*,#6889,.F.);
#7006 = ORIENTED_EDGE('',*,*,#6865,.F.);
#7007 = ORIENTED_EDGE('',*,*,#6841,.F.);
#7008 = ORIENTED_EDGE('',*,*,#6817,.F.);
#7009 = PLANE('',#7010);
#7010 = AXIS2_PLACEMENT_3D('',#7011,#7012,#7013);
#7011 = CARTESIAN_POINT('',(0.,1.328679132947E-17,0.6));
#7012 = DIRECTION('',(0.,0.,-1.));
#7013 = DIRECTION('',(-1.,0.,0.));
#7014 = ADVANCED_FACE('',(#7015),#7040,.T.);
#7015 = FACE_BOUND('',#7016,.T.);
#7016 = EDGE_LOOP('',(#7017,#7027,#7033,#7034));
#7017 = ORIENTED_EDGE('',*,*,#7018,.F.);
#7018 = EDGE_CURVE('',#7019,#7021,#7023,.T.);
#7019 = VERTEX_POINT('',#7020);
#7020 = CARTESIAN_POINT('',(-2.122896634615,0.211538461538,0.5));
#7021 = VERTEX_POINT('',#7022);
#7022 = CARTESIAN_POINT('',(-2.034755608974,0.402544070512,0.5));
#7023 = LINE('',#7024,#7025);
#7024 = CARTESIAN_POINT('',(-2.122896634615,0.211538461538,0.5));
#7025 = VECTOR('',#7026,1.);
#7026 = DIRECTION('',(0.418997788826,0.907987253742,0.));
#7027 = ORIENTED_EDGE('',*,*,#7028,.F.);
#7028 = EDGE_CURVE('',#6979,#7019,#7029,.T.);
#7029 = LINE('',#7030,#7031);
#7030 = CARTESIAN_POINT('',(-2.122896634615,0.211538461538,0.6));
#7031 = VECTOR('',#7032,1.);
#7032 = DIRECTION('',(0.,-1.328679132947E-16,-1.));
#7033 = ORIENTED_EDGE('',*,*,#6994,.T.);
#7034 = ORIENTED_EDGE('',*,*,#7035,.T.);
#7035 = EDGE_CURVE('',#6987,#7021,#7036,.T.);
#7036 = LINE('',#7037,#7038);
#7037 = CARTESIAN_POINT('',(-2.034755608974,0.402544070512,0.6));
#7038 = VECTOR('',#7039,1.);
#7039 = DIRECTION('',(0.,-1.328679132947E-16,-1.));
#7040 = PLANE('',#7041);
#7041 = AXIS2_PLACEMENT_3D('',#7042,#7043,#7044);
#7042 = CARTESIAN_POINT('',(-2.122896634615,0.211538461538,0.6));
#7043 = DIRECTION('',(-0.907987253742,0.418997788826,-5.56713618766E-17)
  );
#7044 = DIRECTION('',(-0.418997788826,-0.907987253742,
    -6.162975822039E-33));
#7045 = ADVANCED_FACE('',(#7046),#7064,.T.);
#7046 = FACE_BOUND('',#7047,.T.);
#7047 = EDGE_LOOP('',(#7048,#7056,#7062,#7063));
#7048 = ORIENTED_EDGE('',*,*,#7049,.F.);
#7049 = EDGE_CURVE('',#7050,#7019,#7052,.T.);
#7050 = VERTEX_POINT('',#7051);
#7051 = CARTESIAN_POINT('',(-1.944210737179,0.211538461538,0.5));
#7052 = LINE('',#7053,#7054);
#7053 = CARTESIAN_POINT('',(-1.944210737179,0.211538461538,0.5));
#7054 = VECTOR('',#7055,1.);
#7055 = DIRECTION('',(-1.,0.,0.));
#7056 = ORIENTED_EDGE('',*,*,#7057,.F.);
#7057 = EDGE_CURVE('',#6977,#7050,#7058,.T.);
#7058 = LINE('',#7059,#7060);
#7059 = CARTESIAN_POINT('',(-1.944210737179,0.211538461538,0.6));
#7060 = VECTOR('',#7061,1.);
#7061 = DIRECTION('',(0.,-1.328679132947E-16,-1.));
#7062 = ORIENTED_EDGE('',*,*,#6976,.T.);
#7063 = ORIENTED_EDGE('',*,*,#7028,.T.);
#7064 = PLANE('',#7065);
#7065 = AXIS2_PLACEMENT_3D('',#7066,#7067,#7068);
#7066 = CARTESIAN_POINT('',(-1.944210737179,0.211538461538,0.6));
#7067 = DIRECTION('',(0.,-1.,1.328679132947E-16));
#7068 = DIRECTION('',(0.,-1.328679132947E-16,-1.));
#7069 = ADVANCED_FACE('',(#7070),#7081,.T.);
#7070 = FACE_BOUND('',#7071,.T.);
#7071 = EDGE_LOOP('',(#7072,#7078,#7079,#7080));
#7072 = ORIENTED_EDGE('',*,*,#7073,.F.);
#7073 = EDGE_CURVE('',#7021,#7050,#7074,.T.);
#7074 = LINE('',#7075,#7076);
#7075 = CARTESIAN_POINT('',(-2.034755608974,0.402544070512,0.5));
#7076 = VECTOR('',#7077,1.);
#7077 = DIRECTION('',(0.428351119156,-0.903612371937,0.));
#7078 = ORIENTED_EDGE('',*,*,#7035,.F.);
#7079 = ORIENTED_EDGE('',*,*,#6986,.T.);
#7080 = ORIENTED_EDGE('',*,*,#7057,.T.);
#7081 = PLANE('',#7082);
#7082 = AXIS2_PLACEMENT_3D('',#7083,#7084,#7085);
#7083 = CARTESIAN_POINT('',(-2.034755608974,0.402544070512,0.6));
#7084 = DIRECTION('',(0.903612371937,0.428351119156,-5.691411935984E-17)
  );
#7085 = DIRECTION('',(-0.428351119156,0.903612371937,0.));
#7086 = ADVANCED_FACE('',(#7087),#7112,.T.);
#7087 = FACE_BOUND('',#7088,.T.);
#7088 = EDGE_LOOP('',(#7089,#7090,#7098,#7106));
#7089 = ORIENTED_EDGE('',*,*,#1782,.F.);
#7090 = ORIENTED_EDGE('',*,*,#7091,.F.);
#7091 = EDGE_CURVE('',#7092,#1783,#7094,.T.);
#7092 = VERTEX_POINT('',#7093);
#7093 = CARTESIAN_POINT('',(-1.475460737179,7.972074797687E-17,0.6));
#7094 = LINE('',#7095,#7096);
#7095 = CARTESIAN_POINT('',(-1.475460737179,7.972074797687E-17,0.6));
#7096 = VECTOR('',#7097,1.);
#7097 = DIRECTION('',(0.,-1.328679132947E-16,-1.));
#7098 = ORIENTED_EDGE('',*,*,#7099,.T.);
#7099 = EDGE_CURVE('',#7092,#7100,#7102,.T.);
#7100 = VERTEX_POINT('',#7101);
#7101 = CARTESIAN_POINT('',(-1.320512820512,7.972074797687E-17,0.6));
#7102 = LINE('',#7103,#7104);
#7103 = CARTESIAN_POINT('',(-1.475460737179,7.972074797687E-17,0.6));
#7104 = VECTOR('',#7105,1.);
#7105 = DIRECTION('',(1.,0.,0.));
#7106 = ORIENTED_EDGE('',*,*,#7107,.T.);
#7107 = EDGE_CURVE('',#7100,#1785,#7108,.T.);
#7108 = LINE('',#7109,#7110);
#7109 = CARTESIAN_POINT('',(-1.320512820512,7.972074797687E-17,0.6));
#7110 = VECTOR('',#7111,1.);
#7111 = DIRECTION('',(0.,-1.328679132947E-16,-1.));
#7112 = PLANE('',#7113);
#7113 = AXIS2_PLACEMENT_3D('',#7114,#7115,#7116);
#7114 = CARTESIAN_POINT('',(-1.475460737179,7.972074797687E-17,0.6));
#7115 = DIRECTION('',(0.,1.,-1.328679132947E-16));
#7116 = DIRECTION('',(0.,1.328679132947E-16,1.));
#7117 = ADVANCED_FACE('',(#7118),#7136,.T.);
#7118 = FACE_BOUND('',#7119,.T.);
#7119 = EDGE_LOOP('',(#7120,#7121,#7122,#7130));
#7120 = ORIENTED_EDGE('',*,*,#1792,.F.);
#7121 = ORIENTED_EDGE('',*,*,#7107,.F.);
#7122 = ORIENTED_EDGE('',*,*,#7123,.T.);
#7123 = EDGE_CURVE('',#7100,#7124,#7126,.T.);
#7124 = VERTEX_POINT('',#7125);
#7125 = CARTESIAN_POINT('',(-1.320512820512,0.5,0.6));
#7126 = LINE('',#7127,#7128);
#7127 = CARTESIAN_POINT('',(-1.320512820512,7.972074797687E-17,0.6));
#7128 = VECTOR('',#7129,1.);
#7129 = DIRECTION('',(0.,1.,-2.168404344971E-16));
#7130 = ORIENTED_EDGE('',*,*,#7131,.T.);
#7131 = EDGE_CURVE('',#7124,#1793,#7132,.T.);
#7132 = LINE('',#7133,#7134);
#7133 = CARTESIAN_POINT('',(-1.320512820512,0.5,0.6));
#7134 = VECTOR('',#7135,1.);
#7135 = DIRECTION('',(0.,-1.328679132947E-16,-1.));
#7136 = PLANE('',#7137);
#7137 = AXIS2_PLACEMENT_3D('',#7138,#7139,#7140);
#7138 = CARTESIAN_POINT('',(-1.320512820512,7.972074797687E-17,0.6));
#7139 = DIRECTION('',(-1.,0.,0.));
#7140 = DIRECTION('',(0.,0.,1.));
#7141 = ADVANCED_FACE('',(#7142),#7160,.T.);
#7142 = FACE_BOUND('',#7143,.T.);
#7143 = EDGE_LOOP('',(#7144,#7145,#7146,#7154));
#7144 = ORIENTED_EDGE('',*,*,#1800,.F.);
#7145 = ORIENTED_EDGE('',*,*,#7131,.F.);
#7146 = ORIENTED_EDGE('',*,*,#7147,.T.);
#7147 = EDGE_CURVE('',#7124,#7148,#7150,.T.);
#7148 = VERTEX_POINT('',#7149);
#7149 = CARTESIAN_POINT('',(-1.421474358974,0.5,0.6));
#7150 = LINE('',#7151,#7152);
#7151 = CARTESIAN_POINT('',(-1.320512820512,0.5,0.6));
#7152 = VECTOR('',#7153,1.);
#7153 = DIRECTION('',(-1.,0.,0.));
#7154 = ORIENTED_EDGE('',*,*,#7155,.T.);
#7155 = EDGE_CURVE('',#7148,#1801,#7156,.T.);
#7156 = LINE('',#7157,#7158);
#7157 = CARTESIAN_POINT('',(-1.421474358974,0.5,0.6));
#7158 = VECTOR('',#7159,1.);
#7159 = DIRECTION('',(0.,-1.328679132947E-16,-1.));
#7160 = PLANE('',#7161);
#7161 = AXIS2_PLACEMENT_3D('',#7162,#7163,#7164);
#7162 = CARTESIAN_POINT('',(-1.320512820512,0.5,0.6));
#7163 = DIRECTION('',(0.,-1.,1.328679132947E-16));
#7164 = DIRECTION('',(0.,-1.328679132947E-16,-1.));
#7165 = ADVANCED_FACE('',(#7166),#7192,.T.);
#7166 = FACE_BOUND('',#7167,.T.);
#7167 = EDGE_LOOP('',(#7168,#7169,#7170,#7186));
#7168 = ORIENTED_EDGE('',*,*,#1808,.F.);
#7169 = ORIENTED_EDGE('',*,*,#7155,.F.);
#7170 = ORIENTED_EDGE('',*,*,#7171,.T.);
#7171 = EDGE_CURVE('',#7148,#7172,#7174,.T.);
#7172 = VERTEX_POINT('',#7173);
#7173 = CARTESIAN_POINT('',(-1.580128205128,0.481971153846,0.6));
#7174 = B_SPLINE_CURVE_WITH_KNOTS('',3,(#7175,#7176,#7177,#7178,#7179,
    #7180,#7181,#7182,#7183,#7184,#7185),.UNSPECIFIED.,.F.,.F.,(4,1,1,1,
    1,1,1,1,4),(0.,0.164289216474,0.31740591123,0.458843611641,
    0.589366542305,0.707831318778,0.815770030699,0.912879902902,1.),
  .UNSPECIFIED.);
#7175 = CARTESIAN_POINT('',(-1.421474358974,0.5,0.6));
#7176 = CARTESIAN_POINT('',(-1.430255643003,0.499936775714,0.6));
#7177 = CARTESIAN_POINT('',(-1.447221038048,0.499814626725,0.6));
#7178 = CARTESIAN_POINT('',(-1.47173710197,0.499040142276,0.6));
#7179 = CARTESIAN_POINT('',(-1.494420496608,0.497670075726,0.6));
#7180 = CARTESIAN_POINT('',(-1.515196619334,0.495674429135,0.6));
#7181 = CARTESIAN_POINT('',(-1.534122506761,0.493223995761,0.6));
#7182 = CARTESIAN_POINT('',(-1.551145165063,0.490152509426,0.6));
#7183 = CARTESIAN_POINT('',(-1.566352614049,0.486525627942,0.6));
#7184 = CARTESIAN_POINT('',(-1.575705391276,0.483433420765,0.6));
#7185 = CARTESIAN_POINT('',(-1.580128205128,0.481971153846,0.6));
#7186 = ORIENTED_EDGE('',*,*,#7187,.T.);
#7187 = EDGE_CURVE('',#7172,#1809,#7188,.T.);
#7188 = LINE('',#7189,#7190);
#7189 = CARTESIAN_POINT('',(-1.580128205128,0.481971153846,0.6));
#7190 = VECTOR('',#7191,1.);
#7191 = DIRECTION('',(0.,-1.328679132947E-16,-1.));
#7192 = B_SPLINE_SURFACE_WITH_KNOTS('',3,1,(
    (#7193,#7194)
    ,(#7195,#7196)
    ,(#7197,#7198)
    ,(#7199,#7200)
    ,(#7201,#7202)
    ,(#7203,#7204)
    ,(#7205,#7206)
    ,(#7207,#7208)
    ,(#7209,#7210)
    ,(#7211,#7212)
    ,(#7213,#7214
  )),.UNSPECIFIED.,.F.,.F.,.F.,(4,1,1,1,1,1,1,1,4),(2,2),(0.,
    0.164289216474,0.31740591123,0.458843611641,0.589366542305,
    0.707831318778,0.815770030699,0.912879902902,1.),(0.,1.),
  .UNSPECIFIED.);
#7193 = CARTESIAN_POINT('',(-1.421474358974,0.5,0.6));
#7194 = CARTESIAN_POINT('',(-1.421474358974,0.5,0.5));
#7195 = CARTESIAN_POINT('',(-1.430255643003,0.499936775714,0.6));
#7196 = CARTESIAN_POINT('',(-1.430255643003,0.499936775714,0.5));
#7197 = CARTESIAN_POINT('',(-1.447221038048,0.499814626725,0.6));
#7198 = CARTESIAN_POINT('',(-1.447221038048,0.499814626725,0.5));
#7199 = CARTESIAN_POINT('',(-1.47173710197,0.499040142276,0.6));
#7200 = CARTESIAN_POINT('',(-1.47173710197,0.499040142276,0.5));
#7201 = CARTESIAN_POINT('',(-1.494420496608,0.497670075726,0.6));
#7202 = CARTESIAN_POINT('',(-1.494420496608,0.497670075726,0.5));
#7203 = CARTESIAN_POINT('',(-1.515196619334,0.495674429135,0.6));
#7204 = CARTESIAN_POINT('',(-1.515196619334,0.495674429135,0.5));
#7205 = CARTESIAN_POINT('',(-1.534122506761,0.493223995761,0.6));
#7206 = CARTESIAN_POINT('',(-1.534122506761,0.493223995761,0.5));
#7207 = CARTESIAN_POINT('',(-1.551145165063,0.490152509426,0.6));
#7208 = CARTESIAN_POINT('',(-1.551145165063,0.490152509426,0.5));
#7209 = CARTESIAN_POINT('',(-1.566352614049,0.486525627942,0.6));
#7210 = CARTESIAN_POINT('',(-1.566352614049,0.486525627942,0.5));
#7211 = CARTESIAN_POINT('',(-1.575705391276,0.483433420765,0.6));
#7212 = CARTESIAN_POINT('',(-1.575705391276,0.483433420765,0.5));
#7213 = CARTESIAN_POINT('',(-1.580128205128,0.481971153846,0.6));
#7214 = CARTESIAN_POINT('',(-1.580128205128,0.481971153846,0.5));
#7215 = ADVANCED_FACE('',(#7216),#7250,.T.);
#7216 = FACE_BOUND('',#7217,.T.);
#7217 = EDGE_LOOP('',(#7218,#7219,#7220,#7244));
#7218 = ORIENTED_EDGE('',*,*,#1824,.F.);
#7219 = ORIENTED_EDGE('',*,*,#7187,.F.);
#7220 = ORIENTED_EDGE('',*,*,#7221,.T.);
#7221 = EDGE_CURVE('',#7172,#7222,#7224,.T.);
#7222 = VERTEX_POINT('',#7223);
#7223 = CARTESIAN_POINT('',(-1.730769230769,0.243689903846,0.6));
#7224 = B_SPLINE_CURVE_WITH_KNOTS('',3,(#7225,#7226,#7227,#7228,#7229,
    #7230,#7231,#7232,#7233,#7234,#7235,#7236,#7237,#7238,#7239,#7240,
    #7241,#7242,#7243),.UNSPECIFIED.,.F.,.F.,(4,1,1,1,1,1,1,1,1,1,1,1,1,
    1,1,1,4),(0.,6.1544966016E-02,0.121694296402,0.181154855452,
    0.239875388911,0.29870194245,0.357647423709,0.417604842849,
    0.478494040728,0.540407050637,0.602344993872,0.665004327923,
    0.728559308823,0.793650542026,0.86053426759,0.929235960561,1.),
  .UNSPECIFIED.);
#7225 = CARTESIAN_POINT('',(-1.580128205128,0.481971153846,0.6));
#7226 = CARTESIAN_POINT('',(-1.585913167886,0.479766767325,0.6));
#7227 = CARTESIAN_POINT('',(-1.597351909641,0.475407982456,0.6));
#7228 = CARTESIAN_POINT('',(-1.613638641436,0.467185653695,0.6));
#7229 = CARTESIAN_POINT('',(-1.628970836146,0.457869496302,0.6));
#7230 = CARTESIAN_POINT('',(-1.643430713985,0.447447230203,0.6));
#7231 = CARTESIAN_POINT('',(-1.656687974899,0.435623751848,0.6));
#7232 = CARTESIAN_POINT('',(-1.669260531576,0.422901311045,0.6));
#7233 = CARTESIAN_POINT('',(-1.680634063548,0.408817262443,
    0.599999999999));
#7234 = CARTESIAN_POINT('',(-1.691049534409,0.39366369273,0.6));
#7235 = CARTESIAN_POINT('',(-1.700440342902,0.377619113842,0.6));
#7236 = CARTESIAN_POINT('',(-1.70860307974,0.360714098314,0.6));
#7237 = CARTESIAN_POINT('',(-1.715382221645,0.343034497163,0.6));
#7238 = CARTESIAN_POINT('',(-1.721009825444,0.324629476021,0.6));
#7239 = CARTESIAN_POINT('',(-1.725445033664,0.305458564905,0.6));
#7240 = CARTESIAN_POINT('',(-1.728471023907,0.285499441183,0.6));
#7241 = CARTESIAN_POINT('',(-1.730466879603,0.264830985555,0.6));
#7242 = CARTESIAN_POINT('',(-1.730667458362,0.250806062165,0.6));
#7243 = CARTESIAN_POINT('',(-1.730769230769,0.243689903846,0.6));
#7244 = ORIENTED_EDGE('',*,*,#7245,.T.);
#7245 = EDGE_CURVE('',#7222,#1825,#7246,.T.);
#7246 = LINE('',#7247,#7248);
#7247 = CARTESIAN_POINT('',(-1.730769230769,0.243689903846,0.6));
#7248 = VECTOR('',#7249,1.);
#7249 = DIRECTION('',(0.,-1.328679132947E-16,-1.));
#7250 = B_SPLINE_SURFACE_WITH_KNOTS('',3,1,(
    (#7251,#7252)
    ,(#7253,#7254)
    ,(#7255,#7256)
    ,(#7257,#7258)
    ,(#7259,#7260)
    ,(#7261,#7262)
    ,(#7263,#7264)
    ,(#7265,#7266)
    ,(#7267,#7268)
    ,(#7269,#7270)
    ,(#7271,#7272)
    ,(#7273,#7274)
    ,(#7275,#7276)
    ,(#7277,#7278)
    ,(#7279,#7280)
    ,(#7281,#7282)
    ,(#7283,#7284)
    ,(#7285,#7286)
    ,(#7287,#7288
    )),.UNSPECIFIED.,.F.,.F.,.F.,(4,1,1,1,1,1,1,1,1,1,1,1,1,1,1,1,4),(2,
    2),(0.,6.1544966016E-02,0.121694296402,0.181154855452,0.239875388911
    ,0.29870194245,0.357647423709,0.417604842849,0.478494040728,
    0.540407050637,0.602344993872,0.665004327923,0.728559308823,
    0.793650542026,0.86053426759,0.929235960561,1.),(0.,1.),
  .UNSPECIFIED.);
#7251 = CARTESIAN_POINT('',(-1.580128205128,0.481971153846,0.6));
#7252 = CARTESIAN_POINT('',(-1.580128205128,0.481971153846,0.5));
#7253 = CARTESIAN_POINT('',(-1.585913167886,0.479766767325,0.6));
#7254 = CARTESIAN_POINT('',(-1.585913167886,0.479766767325,0.5));
#7255 = CARTESIAN_POINT('',(-1.597351909641,0.475407982456,0.6));
#7256 = CARTESIAN_POINT('',(-1.597351909641,0.475407982456,0.5));
#7257 = CARTESIAN_POINT('',(-1.613638641436,0.467185653695,0.6));
#7258 = CARTESIAN_POINT('',(-1.613638641436,0.467185653695,0.5));
#7259 = CARTESIAN_POINT('',(-1.628970836146,0.457869496302,0.6));
#7260 = CARTESIAN_POINT('',(-1.628970836146,0.457869496302,0.5));
#7261 = CARTESIAN_POINT('',(-1.643430713985,0.447447230203,0.6));
#7262 = CARTESIAN_POINT('',(-1.643430713985,0.447447230203,0.5));
#7263 = CARTESIAN_POINT('',(-1.656687974899,0.435623751848,0.6));
#7264 = CARTESIAN_POINT('',(-1.656687974899,0.435623751848,0.5));
#7265 = CARTESIAN_POINT('',(-1.669260531576,0.422901311045,0.6));
#7266 = CARTESIAN_POINT('',(-1.669260531576,0.422901311045,0.5));
#7267 = CARTESIAN_POINT('',(-1.680634063548,0.408817262443,
    0.599999999999));
#7268 = CARTESIAN_POINT('',(-1.680634063548,0.408817262443,
    0.499999999999));
#7269 = CARTESIAN_POINT('',(-1.691049534409,0.39366369273,0.6));
#7270 = CARTESIAN_POINT('',(-1.691049534409,0.39366369273,0.5));
#7271 = CARTESIAN_POINT('',(-1.700440342902,0.377619113842,0.6));
#7272 = CARTESIAN_POINT('',(-1.700440342902,0.377619113842,0.5));
#7273 = CARTESIAN_POINT('',(-1.70860307974,0.360714098314,0.6));
#7274 = CARTESIAN_POINT('',(-1.70860307974,0.360714098314,0.5));
#7275 = CARTESIAN_POINT('',(-1.715382221645,0.343034497163,0.6));
#7276 = CARTESIAN_POINT('',(-1.715382221645,0.343034497163,0.5));
#7277 = CARTESIAN_POINT('',(-1.721009825444,0.324629476021,0.6));
#7278 = CARTESIAN_POINT('',(-1.721009825444,0.324629476021,0.5));
#7279 = CARTESIAN_POINT('',(-1.725445033664,0.305458564905,0.6));
#7280 = CARTESIAN_POINT('',(-1.725445033664,0.305458564905,0.5));
#7281 = CARTESIAN_POINT('',(-1.728471023907,0.285499441183,0.6));
#7282 = CARTESIAN_POINT('',(-1.728471023907,0.285499441183,0.5));
#7283 = CARTESIAN_POINT('',(-1.730466879603,0.264830985555,0.6));
#7284 = CARTESIAN_POINT('',(-1.730466879603,0.264830985555,0.5));
#7285 = CARTESIAN_POINT('',(-1.730667458362,0.250806062165,0.6));
#7286 = CARTESIAN_POINT('',(-1.730667458362,0.250806062165,0.5));
#7287 = CARTESIAN_POINT('',(-1.730769230769,0.243689903846,0.6));
#7288 = CARTESIAN_POINT('',(-1.730769230769,0.243689903846,0.5));
#7289 = ADVANCED_FACE('',(#7290),#7325,.T.);
#7290 = FACE_BOUND('',#7291,.T.);
#7291 = EDGE_LOOP('',(#7292,#7293,#7294,#7324));
#7292 = ORIENTED_EDGE('',*,*,#1848,.F.);
#7293 = ORIENTED_EDGE('',*,*,#7245,.F.);
#7294 = ORIENTED_EDGE('',*,*,#7295,.T.);
#7295 = EDGE_CURVE('',#7222,#7092,#7296,.T.);
#7296 = B_SPLINE_CURVE_WITH_KNOTS('',3,(#7297,#7298,#7299,#7300,#7301,
    #7302,#7303,#7304,#7305,#7306,#7307,#7308,#7309,#7310,#7311,#7312,
    #7313,#7314,#7315,#7316,#7317,#7318,#7319,#7320,#7321,#7322,#7323),
  .UNSPECIFIED.,.F.,.F.,(4,1,1,1,1,1,1,1,1,1,1,1,1,1,1,1,1,1,1,1,1,1,1,1
    ,4),(0.,4.6080683387E-02,9.0806799607E-02,0.134295270529,
    0.177024385666,0.218822733682,0.260244116327,0.301079867113,
    0.341613894285,0.381583418551,0.420119591329,0.458074618542,
    0.494738487607,0.531194622893,0.56693369845,0.602712650737,
    0.638326606128,0.674853248854,0.713467370784,0.754441803848,
    0.797815360712,0.843989456208,0.893071569879,0.944963346178,1.),
  .UNSPECIFIED.);
#7297 = CARTESIAN_POINT('',(-1.730769230769,0.243689903846,0.6));
#7298 = CARTESIAN_POINT('',(-1.730679378272,0.237509726919,0.6));
#7299 = CARTESIAN_POINT('',(-1.730502314542,0.225331042784,0.6));
#7300 = CARTESIAN_POINT('',(-1.728912412274,0.207382343411,0.6));
#7301 = CARTESIAN_POINT('',(-1.726601509411,0.189966118933,0.6));
#7302 = CARTESIAN_POINT('',(-1.723023766863,0.173165304641,0.6));
#7303 = CARTESIAN_POINT('',(-1.718680550657,0.156832702086,0.6));
#7304 = CARTESIAN_POINT('',(-1.71311424333,0.141142381466,0.6));
#7305 = CARTESIAN_POINT('',(-1.706737743876,0.125950408704,0.6));
#7306 = CARTESIAN_POINT('',(-1.699302046939,0.11146219786,0.6));
#7307 = CARTESIAN_POINT('',(-1.691138991938,9.7736001812E-02,0.6));
#7308 = CARTESIAN_POINT('',(-1.68237874291,8.4796640652E-02,0.6));
#7309 = CARTESIAN_POINT('',(-1.673030643567,7.2828751822E-02,0.6));
#7310 = CARTESIAN_POINT('',(-1.663005553152,6.1796092959E-02,0.6));
#7311 = CARTESIAN_POINT('',(-1.65243302223,5.1715296046E-02,0.6));
#7312 = CARTESIAN_POINT('',(-1.641243832149,4.2502150996E-02,0.6));
#7313 = CARTESIAN_POINT('',(-1.62940911061,3.4336928875E-02,0.6));
#7314 = CARTESIAN_POINT('',(-1.616981864502,2.6898770558E-02,0.6));
#7315 = CARTESIAN_POINT('',(-1.60359956033,2.0410148341E-02,0.6));
#7316 = CARTESIAN_POINT('',(-1.589008722303,1.4920146941E-02,0.6));
#7317 = CARTESIAN_POINT('',(-1.573147125448,1.0370630459E-02,0.6));
#7318 = CARTESIAN_POINT('',(-1.556053703031,6.574788203E-03,0.6));
#7319 = CARTESIAN_POINT('',(-1.537698920497,3.563744968E-03,0.6));
#7320 = CARTESIAN_POINT('',(-1.518064782522,1.545688905E-03,0.6));
#7321 = CARTESIAN_POINT('',(-1.497181455423,1.80984235E-04,0.6));
#7322 = CARTESIAN_POINT('',(-1.482841560389,6.149946920736E-05,0.6));
#7323 = CARTESIAN_POINT('',(-1.475460737179,7.972074797687E-17,0.6));
#7324 = ORIENTED_EDGE('',*,*,#7091,.T.);
#7325 = B_SPLINE_SURFACE_WITH_KNOTS('',3,1,(
    (#7326,#7327)
    ,(#7328,#7329)
    ,(#7330,#7331)
    ,(#7332,#7333)
    ,(#7334,#7335)
    ,(#7336,#7337)
    ,(#7338,#7339)
    ,(#7340,#7341)
    ,(#7342,#7343)
    ,(#7344,#7345)
    ,(#7346,#7347)
    ,(#7348,#7349)
    ,(#7350,#7351)
    ,(#7352,#7353)
    ,(#7354,#7355)
    ,(#7356,#7357)
    ,(#7358,#7359)
    ,(#7360,#7361)
    ,(#7362,#7363)
    ,(#7364,#7365)
    ,(#7366,#7367)
    ,(#7368,#7369)
    ,(#7370,#7371)
    ,(#7372,#7373)
    ,(#7374,#7375)
    ,(#7376,#7377)
    ,(#7378,#7379
    )),.UNSPECIFIED.,.F.,.F.,.F.,(4,1,1,1,1,1,1,1,1,1,1,1,1,1,1,1,1,1,1,
    1,1,1,1,1,4),(2,2),(0.,4.6080683387E-02,9.0806799607E-02,
    0.134295270529,0.177024385666,0.218822733682,0.260244116327,
    0.301079867113,0.341613894285,0.381583418551,0.420119591329,
    0.458074618542,0.494738487607,0.531194622893,0.56693369845,
    0.602712650737,0.638326606128,0.674853248854,0.713467370784,
    0.754441803848,0.797815360712,0.843989456208,0.893071569879,
    0.944963346178,1.),(0.,1.),.UNSPECIFIED.);
#7326 = CARTESIAN_POINT('',(-1.730769230769,0.243689903846,0.6));
#7327 = CARTESIAN_POINT('',(-1.730769230769,0.243689903846,0.5));
#7328 = CARTESIAN_POINT('',(-1.730679378272,0.237509726919,0.6));
#7329 = CARTESIAN_POINT('',(-1.730679378272,0.237509726919,0.5));
#7330 = CARTESIAN_POINT('',(-1.730502314542,0.225331042784,0.6));
#7331 = CARTESIAN_POINT('',(-1.730502314542,0.225331042784,0.5));
#7332 = CARTESIAN_POINT('',(-1.728912412274,0.207382343411,0.6));
#7333 = CARTESIAN_POINT('',(-1.728912412274,0.207382343411,0.5));
#7334 = CARTESIAN_POINT('',(-1.726601509411,0.189966118933,0.6));
#7335 = CARTESIAN_POINT('',(-1.726601509411,0.189966118933,0.5));
#7336 = CARTESIAN_POINT('',(-1.723023766863,0.173165304641,0.6));
#7337 = CARTESIAN_POINT('',(-1.723023766863,0.173165304641,0.5));
#7338 = CARTESIAN_POINT('',(-1.718680550657,0.156832702086,0.6));
#7339 = CARTESIAN_POINT('',(-1.718680550657,0.156832702086,0.5));
#7340 = CARTESIAN_POINT('',(-1.71311424333,0.141142381466,0.6));
#7341 = CARTESIAN_POINT('',(-1.71311424333,0.141142381466,0.5));
#7342 = CARTESIAN_POINT('',(-1.706737743876,0.125950408704,0.6));
#7343 = CARTESIAN_POINT('',(-1.706737743876,0.125950408704,0.5));
#7344 = CARTESIAN_POINT('',(-1.699302046939,0.11146219786,0.6));
#7345 = CARTESIAN_POINT('',(-1.699302046939,0.11146219786,0.5));
#7346 = CARTESIAN_POINT('',(-1.691138991938,9.7736001812E-02,0.6));
#7347 = CARTESIAN_POINT('',(-1.691138991938,9.7736001812E-02,0.5));
#7348 = CARTESIAN_POINT('',(-1.68237874291,8.4796640652E-02,0.6));
#7349 = CARTESIAN_POINT('',(-1.68237874291,8.4796640652E-02,0.5));
#7350 = CARTESIAN_POINT('',(-1.673030643567,7.2828751822E-02,0.6));
#7351 = CARTESIAN_POINT('',(-1.673030643567,7.2828751822E-02,0.5));
#7352 = CARTESIAN_POINT('',(-1.663005553152,6.1796092959E-02,0.6));
#7353 = CARTESIAN_POINT('',(-1.663005553152,6.1796092959E-02,0.5));
#7354 = CARTESIAN_POINT('',(-1.65243302223,5.1715296046E-02,0.6));
#7355 = CARTESIAN_POINT('',(-1.65243302223,5.1715296046E-02,0.5));
#7356 = CARTESIAN_POINT('',(-1.641243832149,4.2502150996E-02,0.6));
#7357 = CARTESIAN_POINT('',(-1.641243832149,4.2502150996E-02,0.5));
#7358 = CARTESIAN_POINT('',(-1.62940911061,3.4336928875E-02,0.6));
#7359 = CARTESIAN_POINT('',(-1.62940911061,3.4336928875E-02,0.5));
#7360 = CARTESIAN_POINT('',(-1.616981864502,2.6898770558E-02,0.6));
#7361 = CARTESIAN_POINT('',(-1.616981864502,2.6898770558E-02,0.5));
#7362 = CARTESIAN_POINT('',(-1.60359956033,2.0410148341E-02,0.6));
#7363 = CARTESIAN_POINT('',(-1.60359956033,2.0410148341E-02,0.5));
#7364 = CARTESIAN_POINT('',(-1.589008722303,1.4920146941E-02,0.6));
#7365 = CARTESIAN_POINT('',(-1.589008722303,1.4920146941E-02,0.5));
#7366 = CARTESIAN_POINT('',(-1.573147125448,1.0370630459E-02,0.6));
#7367 = CARTESIAN_POINT('',(-1.573147125448,1.0370630459E-02,0.5));
#7368 = CARTESIAN_POINT('',(-1.556053703031,6.574788203E-03,0.6));
#7369 = CARTESIAN_POINT('',(-1.556053703031,6.574788203E-03,0.5));
#7370 = CARTESIAN_POINT('',(-1.537698920497,3.563744968E-03,0.6));
#7371 = CARTESIAN_POINT('',(-1.537698920497,3.563744968E-03,0.5));
#7372 = CARTESIAN_POINT('',(-1.518064782522,1.545688905E-03,0.6));
#7373 = CARTESIAN_POINT('',(-1.518064782522,1.545688905E-03,0.5));
#7374 = CARTESIAN_POINT('',(-1.497181455423,1.80984235E-04,0.6));
#7375 = CARTESIAN_POINT('',(-1.497181455423,1.80984235E-04,0.5));
#7376 = CARTESIAN_POINT('',(-1.482841560389,6.149946920736E-05,0.6));
#7377 = CARTESIAN_POINT('',(-1.482841560389,6.149946920735E-05,0.5));
#7378 = CARTESIAN_POINT('',(-1.475460737179,7.972074797687E-17,0.6));
#7379 = CARTESIAN_POINT('',(-1.475460737179,6.643395664739E-17,0.5));
#7380 = ADVANCED_FACE('',(#7381,#7487),#7495,.T.);
#7381 = FACE_BOUND('',#7382,.T.);
#7382 = EDGE_LOOP('',(#7383,#7393,#7409,#7433,#7457,#7473,#7481));
#7383 = ORIENTED_EDGE('',*,*,#7384,.F.);
#7384 = EDGE_CURVE('',#7385,#7387,#7389,.T.);
#7385 = VERTEX_POINT('',#7386);
#7386 = CARTESIAN_POINT('',(-1.400540865384,0.448717948717,0.6));
#7387 = VERTEX_POINT('',#7388);
#7388 = CARTESIAN_POINT('',(-1.365384615384,0.448717948717,0.6));
#7389 = LINE('',#7390,#7391);
#7390 = CARTESIAN_POINT('',(-1.400540865384,0.448717948717,0.6));
#7391 = VECTOR('',#7392,1.);
#7392 = DIRECTION('',(1.,0.,0.));
#7393 = ORIENTED_EDGE('',*,*,#7394,.F.);
#7394 = EDGE_CURVE('',#7395,#7385,#7397,.T.);
#7395 = VERTEX_POINT('',#7396);
#7396 = CARTESIAN_POINT('',(-1.554186698717,0.43469551282,0.6));
#7397 = B_SPLINE_CURVE_WITH_KNOTS('',3,(#7398,#7399,#7400,#7401,#7402,
    #7403,#7404,#7405,#7406,#7407,#7408),.UNSPECIFIED.,.F.,.F.,(4,1,1,1,
    1,1,1,1,4),(0.,8.4318616958E-02,0.179284514213,0.286582527646,
    0.405111483434,0.535592873418,0.678190209993,0.83297583976,1.),
  .UNSPECIFIED.);
#7398 = CARTESIAN_POINT('',(-1.554186698717,0.43469551282,0.6));
#7399 = CARTESIAN_POINT('',(-1.549993677807,0.435855002516,0.6));
#7400 = CARTESIAN_POINT('',(-1.54107816491,0.438320395739,0.6));
#7401 = CARTESIAN_POINT('',(-1.526529670049,0.441009734671,0.6));
#7402 = CARTESIAN_POINT('',(-1.510156077273,0.443381805959,0.6));
#7403 = CARTESIAN_POINT('',(-1.4918846914,0.445390097295,0.6));
#7404 = CARTESIAN_POINT('',(-1.471736340101,0.446831143201,0.6));
#7405 = CARTESIAN_POINT('',(-1.449695527531,0.447912759573,0.6));
#7406 = CARTESIAN_POINT('',(-1.425752726879,0.448642278499,0.6));
#7407 = CARTESIAN_POINT('',(-1.409155222043,0.448692093814,0.6));
#7408 = CARTESIAN_POINT('',(-1.400540865384,0.448717948717,0.6));
#7409 = ORIENTED_EDGE('',*,*,#7410,.F.);
#7410 = EDGE_CURVE('',#7411,#7395,#7413,.T.);
#7411 = VERTEX_POINT('',#7412);
#7412 = CARTESIAN_POINT('',(-1.685897435897,0.243790064102,0.6));
#7413 = B_SPLINE_CURVE_WITH_KNOTS('',3,(#7414,#7415,#7416,#7417,#7418,
    #7419,#7420,#7421,#7422,#7423,#7424,#7425,#7426,#7427,#7428,#7429,
    #7430,#7431,#7432),.UNSPECIFIED.,.F.,.F.,(4,1,1,1,1,1,1,1,1,1,1,1,1,
    1,1,1,4),(0.,7.0151175997E-02,0.13781260619,0.203226247181,
    0.267174055294,0.330024003408,0.391794271786,0.453084398997,
    0.514333907645,0.574999992818,0.634865482622,0.694116315189,
    0.75344162178,0.813125800303,0.874079685637,0.936007013274,1.),
  .UNSPECIFIED.);
#7414 = CARTESIAN_POINT('',(-1.685897435897,0.243790064102,0.6));
#7415 = CARTESIAN_POINT('',(-1.685824109131,0.249637704145,0.6));
#7416 = CARTESIAN_POINT('',(-1.685680058049,0.261125444768,0.6));
#7417 = CARTESIAN_POINT('',(-1.683869442275,0.277981258379,0.6));
#7418 = CARTESIAN_POINT('',(-1.681223505775,0.294192779882,0.6));
#7419 = CARTESIAN_POINT('',(-1.677397264912,0.30976109351,0.6));
#7420 = CARTESIAN_POINT('',(-1.672521425077,0.324716572392,0.6));
#7421 = CARTESIAN_POINT('',(-1.666436476255,0.33897650242,0.6));
#7422 = CARTESIAN_POINT('',(-1.659484102073,0.352691483688,0.6));
#7423 = CARTESIAN_POINT('',(-1.65121219681,0.365544964507,0.6));
#7424 = CARTESIAN_POINT('',(-1.64215282633,0.377701122954,0.6));
#7425 = CARTESIAN_POINT('',(-1.632098843568,0.388837539466,0.6));
#7426 = CARTESIAN_POINT('',(-1.621209980921,0.398979582363,0.6));
#7427 = CARTESIAN_POINT('',(-1.609605002427,0.408285198457,0.6));
#7428 = CARTESIAN_POINT('',(-1.596956845392,0.416380009299,0.6));
#7429 = CARTESIAN_POINT('',(-1.583563460993,0.423620963739,
    0.599999999999));
#7430 = CARTESIAN_POINT('',(-1.56922836511,0.429766091073,0.6));
#7431 = CARTESIAN_POINT('',(-1.559255122847,0.433034500039,0.6));
#7432 = CARTESIAN_POINT('',(-1.554186698717,0.43469551282,0.6));
#7433 = ORIENTED_EDGE('',*,*,#7434,.F.);
#7434 = EDGE_CURVE('',#7435,#7411,#7437,.T.);
#7435 = VERTEX_POINT('',#7436);
#7436 = CARTESIAN_POINT('',(-1.565705128205,6.4002403846E-02,0.6));
#7437 = B_SPLINE_CURVE_WITH_KNOTS('',3,(#7438,#7439,#7440,#7441,#7442,
    #7443,#7444,#7445,#7446,#7447,#7448,#7449,#7450,#7451,#7452,#7453,
    #7454,#7455,#7456),.UNSPECIFIED.,.F.,.F.,(4,1,1,1,1,1,1,1,1,1,1,1,1,
    1,1,1,4),(0.,6.2414500263E-02,0.123338231473,0.183124537692,
    0.241782994638,0.30057888255,0.359680074896,0.41888164085,
    0.479530664457,0.54085053576,0.602303395898,0.664463211946,
    0.727805722667,0.792894814781,0.859672328302,0.928464400733,1.),
  .UNSPECIFIED.);
#7438 = CARTESIAN_POINT('',(-1.565705128205,6.4002403846E-02,0.6));
#7439 = CARTESIAN_POINT('',(-1.57026917993,6.5609769309E-02,0.6));
#7440 = CARTESIAN_POINT('',(-1.579288271099,6.8786108344E-02,0.6));
#7441 = CARTESIAN_POINT('',(-1.592271283271,7.4580059943E-02,0.6));
#7442 = CARTESIAN_POINT('',(-1.604379426794,8.1443212764E-02,0.6));
#7443 = CARTESIAN_POINT('',(-1.61582371612,8.9072109047E-02,0.6));
#7444 = CARTESIAN_POINT('',(-1.626441809753,9.7735823621E-02,0.6));
#7445 = CARTESIAN_POINT('',(-1.636359540654,0.107245964879,0.6));
#7446 = CARTESIAN_POINT('',(-1.645556940849,0.117650932746,0.6));
#7447 = CARTESIAN_POINT('',(-1.653938984847,0.12893781297,0.6));
#7448 = CARTESIAN_POINT('',(-1.661440171138,0.141036355204,0.6));
#7449 = CARTESIAN_POINT('',(-1.667936061053,0.153827617157,0.6));
#7450 = CARTESIAN_POINT('',(-1.673629136995,0.167171447188,0.6));
#7451 = CARTESIAN_POINT('',(-1.678097507369,0.181272755568,0.6));
#7452 = CARTESIAN_POINT('',(-1.681599733679,0.196005478198,0.6));
#7453 = CARTESIAN_POINT('',(-1.684080403388,0.211370651521,0.6));
#7454 = CARTESIAN_POINT('',(-1.685625364025,0.227365406072,0.6));
#7455 = CARTESIAN_POINT('',(-1.685805570873,0.238244280968,0.6));
#7456 = CARTESIAN_POINT('',(-1.685897435897,0.243790064102,0.6));
#7457 = ORIENTED_EDGE('',*,*,#7458,.F.);
#7458 = EDGE_CURVE('',#7459,#7435,#7461,.T.);
#7459 = VERTEX_POINT('',#7460);
#7460 = CARTESIAN_POINT('',(-1.422776442307,5.1282051282E-02,0.6));
#7461 = B_SPLINE_CURVE_WITH_KNOTS('',3,(#7462,#7463,#7464,#7465,#7466,
    #7467,#7468,#7469,#7470,#7471,#7472),.UNSPECIFIED.,.F.,.F.,(4,1,1,1,
    1,1,1,1,4),(0.,0.171900664613,0.330627932095,0.47554883588,
    0.606746190312,0.725023803467,0.829742386958,0.921322820343,1.),
  .UNSPECIFIED.);
#7462 = CARTESIAN_POINT('',(-1.422776442307,5.1282051282E-02,0.6));
#7463 = CARTESIAN_POINT('',(-1.431023352413,5.1317493621E-02,0.6));
#7464 = CARTESIAN_POINT('',(-1.446885180758,5.1385662219E-02,0.6));
#7465 = CARTESIAN_POINT('',(-1.469693466085,5.1983834095E-02,0.6));
#7466 = CARTESIAN_POINT('',(-1.490533379866,5.2961253738E-02,0.6));
#7467 = CARTESIAN_POINT('',(-1.509407881208,5.4329121997E-02,0.6));
#7468 = CARTESIAN_POINT('',(-1.526306313251,5.6138924166E-02,0.6));
#7469 = CARTESIAN_POINT('',(-1.541263991805,5.8156767416E-02,0.6));
#7470 = CARTESIAN_POINT('',(-1.554231885852,6.0670688953E-02,0.6));
#7471 = CARTESIAN_POINT('',(-1.562078948272,6.294939744E-02,0.6));
#7472 = CARTESIAN_POINT('',(-1.565705128205,6.4002403846E-02,0.6));
#7473 = ORIENTED_EDGE('',*,*,#7474,.F.);
#7474 = EDGE_CURVE('',#7475,#7459,#7477,.T.);
#7475 = VERTEX_POINT('',#7476);
#7476 = CARTESIAN_POINT('',(-1.365384615384,5.1282051282E-02,0.6));
#7477 = LINE('',#7478,#7479);
#7478 = CARTESIAN_POINT('',(-1.365384615384,5.1282051282E-02,0.6));
#7479 = VECTOR('',#7480,1.);
#7480 = DIRECTION('',(-1.,0.,0.));
#7481 = ORIENTED_EDGE('',*,*,#7482,.F.);
#7482 = EDGE_CURVE('',#7387,#7475,#7483,.T.);
#7483 = LINE('',#7484,#7485);
#7484 = CARTESIAN_POINT('',(-1.365384615384,0.448717948717,0.6));
#7485 = VECTOR('',#7486,1.);
#7486 = DIRECTION('',(0.,-1.,2.727992563028E-16));
#7487 = FACE_BOUND('',#7488,.T.);
#7488 = EDGE_LOOP('',(#7489,#7490,#7491,#7492,#7493,#7494));
#7489 = ORIENTED_EDGE('',*,*,#7099,.F.);
#7490 = ORIENTED_EDGE('',*,*,#7295,.F.);
#7491 = ORIENTED_EDGE('',*,*,#7221,.F.);
#7492 = ORIENTED_EDGE('',*,*,#7171,.F.);
#7493 = ORIENTED_EDGE('',*,*,#7147,.F.);
#7494 = ORIENTED_EDGE('',*,*,#7123,.F.);
#7495 = PLANE('',#7496);
#7496 = AXIS2_PLACEMENT_3D('',#7497,#7498,#7499);
#7497 = CARTESIAN_POINT('',(-1.501568211344,0.496941446306,0.6));
#7498 = DIRECTION('',(1.305436386548E-15,-1.813133619098E-13,-1.));
#7499 = DIRECTION('',(0.,1.,-1.813133619098E-13));
#7500 = ADVANCED_FACE('',(#7501),#7526,.T.);
#7501 = FACE_BOUND('',#7502,.T.);
#7502 = EDGE_LOOP('',(#7503,#7513,#7519,#7520));
#7503 = ORIENTED_EDGE('',*,*,#7504,.F.);
#7504 = EDGE_CURVE('',#7505,#7507,#7509,.T.);
#7505 = VERTEX_POINT('',#7506);
#7506 = CARTESIAN_POINT('',(-1.365384615384,0.448717948717,0.5));
#7507 = VERTEX_POINT('',#7508);
#7508 = CARTESIAN_POINT('',(-1.365384615384,5.1282051282E-02,0.5));
#7509 = LINE('',#7510,#7511);
#7510 = CARTESIAN_POINT('',(-1.365384615384,0.448717948717,0.5));
#7511 = VECTOR('',#7512,1.);
#7512 = DIRECTION('',(0.,-1.,2.727992563028E-16));
#7513 = ORIENTED_EDGE('',*,*,#7514,.F.);
#7514 = EDGE_CURVE('',#7387,#7505,#7515,.T.);
#7515 = LINE('',#7516,#7517);
#7516 = CARTESIAN_POINT('',(-1.365384615384,0.448717948717,0.6));
#7517 = VECTOR('',#7518,1.);
#7518 = DIRECTION('',(0.,-1.328679132947E-16,-1.));
#7519 = ORIENTED_EDGE('',*,*,#7482,.T.);
#7520 = ORIENTED_EDGE('',*,*,#7521,.T.);
#7521 = EDGE_CURVE('',#7475,#7507,#7522,.T.);
#7522 = LINE('',#7523,#7524);
#7523 = CARTESIAN_POINT('',(-1.365384615384,5.1282051282E-02,0.6));
#7524 = VECTOR('',#7525,1.);
#7525 = DIRECTION('',(0.,-1.328679132947E-16,-1.));
#7526 = PLANE('',#7527);
#7527 = AXIS2_PLACEMENT_3D('',#7528,#7529,#7530);
#7528 = CARTESIAN_POINT('',(-1.365384615384,0.448717948717,0.6));
#7529 = DIRECTION('',(1.,0.,0.));
#7530 = DIRECTION('',(0.,0.,-1.));
#7531 = ADVANCED_FACE('',(#7532),#7550,.T.);
#7532 = FACE_BOUND('',#7533,.T.);
#7533 = EDGE_LOOP('',(#7534,#7542,#7548,#7549));
#7534 = ORIENTED_EDGE('',*,*,#7535,.F.);
#7535 = EDGE_CURVE('',#7536,#7505,#7538,.T.);
#7536 = VERTEX_POINT('',#7537);
#7537 = CARTESIAN_POINT('',(-1.400540865384,0.448717948717,0.5));
#7538 = LINE('',#7539,#7540);
#7539 = CARTESIAN_POINT('',(-1.400540865384,0.448717948717,0.5));
#7540 = VECTOR('',#7541,1.);
#7541 = DIRECTION('',(1.,0.,0.));
#7542 = ORIENTED_EDGE('',*,*,#7543,.F.);
#7543 = EDGE_CURVE('',#7385,#7536,#7544,.T.);
#7544 = LINE('',#7545,#7546);
#7545 = CARTESIAN_POINT('',(-1.400540865384,0.448717948717,0.6));
#7546 = VECTOR('',#7547,1.);
#7547 = DIRECTION('',(0.,-1.328679132947E-16,-1.));
#7548 = ORIENTED_EDGE('',*,*,#7384,.T.);
#7549 = ORIENTED_EDGE('',*,*,#7514,.T.);
#7550 = PLANE('',#7551);
#7551 = AXIS2_PLACEMENT_3D('',#7552,#7553,#7554);
#7552 = CARTESIAN_POINT('',(-1.400540865384,0.448717948717,0.6));
#7553 = DIRECTION('',(0.,1.,-1.328679132947E-16));
#7554 = DIRECTION('',(0.,1.328679132947E-16,1.));
#7555 = ADVANCED_FACE('',(#7556),#7582,.T.);
#7556 = FACE_BOUND('',#7557,.T.);
#7557 = EDGE_LOOP('',(#7558,#7574,#7580,#7581));
#7558 = ORIENTED_EDGE('',*,*,#7559,.F.);
#7559 = EDGE_CURVE('',#7560,#7536,#7562,.T.);
#7560 = VERTEX_POINT('',#7561);
#7561 = CARTESIAN_POINT('',(-1.554186698717,0.43469551282,0.5));
#7562 = B_SPLINE_CURVE_WITH_KNOTS('',3,(#7563,#7564,#7565,#7566,#7567,
    #7568,#7569,#7570,#7571,#7572,#7573),.UNSPECIFIED.,.F.,.F.,(4,1,1,1,
    1,1,1,1,4),(0.,8.4318616958E-02,0.179284514213,0.286582527646,
    0.405111483434,0.535592873418,0.678190209993,0.83297583976,1.),
  .UNSPECIFIED.);
#7563 = CARTESIAN_POINT('',(-1.554186698717,0.43469551282,0.5));
#7564 = CARTESIAN_POINT('',(-1.549993677807,0.435855002516,0.5));
#7565 = CARTESIAN_POINT('',(-1.54107816491,0.438320395739,0.5));
#7566 = CARTESIAN_POINT('',(-1.526529670049,0.441009734671,0.5));
#7567 = CARTESIAN_POINT('',(-1.510156077273,0.443381805959,0.5));
#7568 = CARTESIAN_POINT('',(-1.4918846914,0.445390097295,0.5));
#7569 = CARTESIAN_POINT('',(-1.471736340101,0.446831143201,0.5));
#7570 = CARTESIAN_POINT('',(-1.449695527531,0.447912759573,0.5));
#7571 = CARTESIAN_POINT('',(-1.425752726879,0.448642278499,0.5));
#7572 = CARTESIAN_POINT('',(-1.409155222043,0.448692093814,0.5));
#7573 = CARTESIAN_POINT('',(-1.400540865384,0.448717948717,0.5));
#7574 = ORIENTED_EDGE('',*,*,#7575,.F.);
#7575 = EDGE_CURVE('',#7395,#7560,#7576,.T.);
#7576 = LINE('',#7577,#7578);
#7577 = CARTESIAN_POINT('',(-1.554186698717,0.43469551282,0.6));
#7578 = VECTOR('',#7579,1.);
#7579 = DIRECTION('',(0.,-1.328679132947E-16,-1.));
#7580 = ORIENTED_EDGE('',*,*,#7394,.T.);
#7581 = ORIENTED_EDGE('',*,*,#7543,.T.);
#7582 = B_SPLINE_SURFACE_WITH_KNOTS('',3,1,(
    (#7583,#7584)
    ,(#7585,#7586)
    ,(#7587,#7588)
    ,(#7589,#7590)
    ,(#7591,#7592)
    ,(#7593,#7594)
    ,(#7595,#7596)
    ,(#7597,#7598)
    ,(#7599,#7600)
    ,(#7601,#7602)
    ,(#7603,#7604
  )),.UNSPECIFIED.,.F.,.F.,.F.,(4,1,1,1,1,1,1,1,4),(2,2),(0.,
    8.4318616958E-02,0.179284514213,0.286582527646,0.405111483434,
    0.535592873418,0.678190209993,0.83297583976,1.),(0.,1.),
  .UNSPECIFIED.);
#7583 = CARTESIAN_POINT('',(-1.554186698717,0.43469551282,0.6));
#7584 = CARTESIAN_POINT('',(-1.554186698717,0.43469551282,0.5));
#7585 = CARTESIAN_POINT('',(-1.549993677807,0.435855002516,0.6));
#7586 = CARTESIAN_POINT('',(-1.549993677807,0.435855002516,0.5));
#7587 = CARTESIAN_POINT('',(-1.54107816491,0.438320395739,0.6));
#7588 = CARTESIAN_POINT('',(-1.54107816491,0.438320395739,0.5));
#7589 = CARTESIAN_POINT('',(-1.526529670049,0.441009734671,0.6));
#7590 = CARTESIAN_POINT('',(-1.526529670049,0.441009734671,0.5));
#7591 = CARTESIAN_POINT('',(-1.510156077273,0.443381805959,0.6));
#7592 = CARTESIAN_POINT('',(-1.510156077273,0.443381805959,0.5));
#7593 = CARTESIAN_POINT('',(-1.4918846914,0.445390097295,0.6));
#7594 = CARTESIAN_POINT('',(-1.4918846914,0.445390097295,0.5));
#7595 = CARTESIAN_POINT('',(-1.471736340101,0.446831143201,0.6));
#7596 = CARTESIAN_POINT('',(-1.471736340101,0.446831143201,0.5));
#7597 = CARTESIAN_POINT('',(-1.449695527531,0.447912759573,0.6));
#7598 = CARTESIAN_POINT('',(-1.449695527531,0.447912759573,0.5));
#7599 = CARTESIAN_POINT('',(-1.425752726879,0.448642278499,0.6));
#7600 = CARTESIAN_POINT('',(-1.425752726879,0.448642278499,0.5));
#7601 = CARTESIAN_POINT('',(-1.409155222043,0.448692093814,0.6));
#7602 = CARTESIAN_POINT('',(-1.409155222043,0.448692093814,0.5));
#7603 = CARTESIAN_POINT('',(-1.400540865384,0.448717948717,0.6));
#7604 = CARTESIAN_POINT('',(-1.400540865384,0.448717948717,0.5));
#7605 = ADVANCED_FACE('',(#7606),#7640,.T.);
#7606 = FACE_BOUND('',#7607,.T.);
#7607 = EDGE_LOOP('',(#7608,#7632,#7638,#7639));
#7608 = ORIENTED_EDGE('',*,*,#7609,.F.);
#7609 = EDGE_CURVE('',#7610,#7560,#7612,.T.);
#7610 = VERTEX_POINT('',#7611);
#7611 = CARTESIAN_POINT('',(-1.685897435897,0.243790064102,0.5));
#7612 = B_SPLINE_CURVE_WITH_KNOTS('',3,(#7613,#7614,#7615,#7616,#7617,
    #7618,#7619,#7620,#7621,#7622,#7623,#7624,#7625,#7626,#7627,#7628,
    #7629,#7630,#7631),.UNSPECIFIED.,.F.,.F.,(4,1,1,1,1,1,1,1,1,1,1,1,1,
    1,1,1,4),(0.,7.0151175997E-02,0.13781260619,0.203226247181,
    0.267174055294,0.330024003408,0.391794271786,0.453084398997,
    0.514333907645,0.574999992818,0.634865482622,0.694116315189,
    0.75344162178,0.813125800303,0.874079685637,0.936007013274,1.),
  .UNSPECIFIED.);
#7613 = CARTESIAN_POINT('',(-1.685897435897,0.243790064102,0.5));
#7614 = CARTESIAN_POINT('',(-1.685824109131,0.249637704145,0.5));
#7615 = CARTESIAN_POINT('',(-1.685680058049,0.261125444768,0.5));
#7616 = CARTESIAN_POINT('',(-1.683869442275,0.277981258379,0.5));
#7617 = CARTESIAN_POINT('',(-1.681223505775,0.294192779882,0.5));
#7618 = CARTESIAN_POINT('',(-1.677397264912,0.30976109351,0.5));
#7619 = CARTESIAN_POINT('',(-1.672521425077,0.324716572392,0.5));
#7620 = CARTESIAN_POINT('',(-1.666436476255,0.33897650242,0.5));
#7621 = CARTESIAN_POINT('',(-1.659484102073,0.352691483688,0.5));
#7622 = CARTESIAN_POINT('',(-1.65121219681,0.365544964507,0.5));
#7623 = CARTESIAN_POINT('',(-1.64215282633,0.377701122954,0.5));
#7624 = CARTESIAN_POINT('',(-1.632098843568,0.388837539466,0.5));
#7625 = CARTESIAN_POINT('',(-1.621209980921,0.398979582363,0.5));
#7626 = CARTESIAN_POINT('',(-1.609605002427,0.408285198457,0.5));
#7627 = CARTESIAN_POINT('',(-1.596956845392,0.416380009299,0.5));
#7628 = CARTESIAN_POINT('',(-1.583563460993,0.423620963739,
    0.499999999999));
#7629 = CARTESIAN_POINT('',(-1.56922836511,0.429766091073,0.5));
#7630 = CARTESIAN_POINT('',(-1.559255122847,0.433034500039,0.5));
#7631 = CARTESIAN_POINT('',(-1.554186698717,0.43469551282,0.5));
#7632 = ORIENTED_EDGE('',*,*,#7633,.F.);
#7633 = EDGE_CURVE('',#7411,#7610,#7634,.T.);
#7634 = LINE('',#7635,#7636);
#7635 = CARTESIAN_POINT('',(-1.685897435897,0.243790064102,0.6));
#7636 = VECTOR('',#7637,1.);
#7637 = DIRECTION('',(0.,-1.328679132947E-16,-1.));
#7638 = ORIENTED_EDGE('',*,*,#7410,.T.);
#7639 = ORIENTED_EDGE('',*,*,#7575,.T.);
#7640 = B_SPLINE_SURFACE_WITH_KNOTS('',3,1,(
    (#7641,#7642)
    ,(#7643,#7644)
    ,(#7645,#7646)
    ,(#7647,#7648)
    ,(#7649,#7650)
    ,(#7651,#7652)
    ,(#7653,#7654)
    ,(#7655,#7656)
    ,(#7657,#7658)
    ,(#7659,#7660)
    ,(#7661,#7662)
    ,(#7663,#7664)
    ,(#7665,#7666)
    ,(#7667,#7668)
    ,(#7669,#7670)
    ,(#7671,#7672)
    ,(#7673,#7674)
    ,(#7675,#7676)
    ,(#7677,#7678
    )),.UNSPECIFIED.,.F.,.F.,.F.,(4,1,1,1,1,1,1,1,1,1,1,1,1,1,1,1,4),(2,
    2),(0.,7.0151175997E-02,0.13781260619,0.203226247181,0.267174055294,
    0.330024003408,0.391794271786,0.453084398997,0.514333907645,
    0.574999992818,0.634865482622,0.694116315189,0.75344162178,
    0.813125800303,0.874079685637,0.936007013274,1.),(0.,1.),
  .UNSPECIFIED.);
#7641 = CARTESIAN_POINT('',(-1.685897435897,0.243790064102,0.6));
#7642 = CARTESIAN_POINT('',(-1.685897435897,0.243790064102,0.5));
#7643 = CARTESIAN_POINT('',(-1.685824109131,0.249637704145,0.6));
#7644 = CARTESIAN_POINT('',(-1.685824109131,0.249637704145,0.5));
#7645 = CARTESIAN_POINT('',(-1.685680058049,0.261125444768,0.6));
#7646 = CARTESIAN_POINT('',(-1.685680058049,0.261125444768,0.5));
#7647 = CARTESIAN_POINT('',(-1.683869442275,0.277981258379,0.6));
#7648 = CARTESIAN_POINT('',(-1.683869442275,0.277981258379,0.5));
#7649 = CARTESIAN_POINT('',(-1.681223505775,0.294192779882,0.6));
#7650 = CARTESIAN_POINT('',(-1.681223505775,0.294192779882,0.5));
#7651 = CARTESIAN_POINT('',(-1.677397264912,0.30976109351,0.6));
#7652 = CARTESIAN_POINT('',(-1.677397264912,0.30976109351,0.5));
#7653 = CARTESIAN_POINT('',(-1.672521425077,0.324716572392,0.6));
#7654 = CARTESIAN_POINT('',(-1.672521425077,0.324716572392,0.5));
#7655 = CARTESIAN_POINT('',(-1.666436476255,0.33897650242,0.6));
#7656 = CARTESIAN_POINT('',(-1.666436476255,0.33897650242,0.5));
#7657 = CARTESIAN_POINT('',(-1.659484102073,0.352691483688,0.6));
#7658 = CARTESIAN_POINT('',(-1.659484102073,0.352691483688,0.5));
#7659 = CARTESIAN_POINT('',(-1.65121219681,0.365544964507,0.6));
#7660 = CARTESIAN_POINT('',(-1.65121219681,0.365544964507,0.5));
#7661 = CARTESIAN_POINT('',(-1.64215282633,0.377701122954,0.6));
#7662 = CARTESIAN_POINT('',(-1.64215282633,0.377701122954,0.5));
#7663 = CARTESIAN_POINT('',(-1.632098843568,0.388837539466,0.6));
#7664 = CARTESIAN_POINT('',(-1.632098843568,0.388837539466,0.5));
#7665 = CARTESIAN_POINT('',(-1.621209980921,0.398979582363,0.6));
#7666 = CARTESIAN_POINT('',(-1.621209980921,0.398979582363,0.5));
#7667 = CARTESIAN_POINT('',(-1.609605002427,0.408285198457,0.6));
#7668 = CARTESIAN_POINT('',(-1.609605002427,0.408285198457,0.5));
#7669 = CARTESIAN_POINT('',(-1.596956845392,0.416380009299,0.6));
#7670 = CARTESIAN_POINT('',(-1.596956845392,0.416380009299,0.5));
#7671 = CARTESIAN_POINT('',(-1.583563460993,0.423620963739,
    0.599999999999));
#7672 = CARTESIAN_POINT('',(-1.583563460993,0.423620963739,
    0.499999999999));
#7673 = CARTESIAN_POINT('',(-1.56922836511,0.429766091073,0.6));
#7674 = CARTESIAN_POINT('',(-1.56922836511,0.429766091073,0.5));
#7675 = CARTESIAN_POINT('',(-1.559255122847,0.433034500039,0.6));
#7676 = CARTESIAN_POINT('',(-1.559255122847,0.433034500039,0.5));
#7677 = CARTESIAN_POINT('',(-1.554186698717,0.43469551282,0.6));
#7678 = CARTESIAN_POINT('',(-1.554186698717,0.43469551282,0.5));
#7679 = ADVANCED_FACE('',(#7680),#7714,.T.);
#7680 = FACE_BOUND('',#7681,.T.);
#7681 = EDGE_LOOP('',(#7682,#7706,#7712,#7713));
#7682 = ORIENTED_EDGE('',*,*,#7683,.F.);
#7683 = EDGE_CURVE('',#7684,#7610,#7686,.T.);
#7684 = VERTEX_POINT('',#7685);
#7685 = CARTESIAN_POINT('',(-1.565705128205,6.4002403846E-02,0.5));
#7686 = B_SPLINE_CURVE_WITH_KNOTS('',3,(#7687,#7688,#7689,#7690,#7691,
    #7692,#7693,#7694,#7695,#7696,#7697,#7698,#7699,#7700,#7701,#7702,
    #7703,#7704,#7705),.UNSPECIFIED.,.F.,.F.,(4,1,1,1,1,1,1,1,1,1,1,1,1,
    1,1,1,4),(0.,6.2414500263E-02,0.123338231473,0.183124537692,
    0.241782994638,0.30057888255,0.359680074896,0.41888164085,
    0.479530664457,0.54085053576,0.602303395898,0.664463211946,
    0.727805722667,0.792894814781,0.859672328302,0.928464400733,1.),
  .UNSPECIFIED.);
#7687 = CARTESIAN_POINT('',(-1.565705128205,6.4002403846E-02,0.5));
#7688 = CARTESIAN_POINT('',(-1.57026917993,6.5609769309E-02,0.5));
#7689 = CARTESIAN_POINT('',(-1.579288271099,6.8786108344E-02,0.5));
#7690 = CARTESIAN_POINT('',(-1.592271283271,7.4580059943E-02,0.5));
#7691 = CARTESIAN_POINT('',(-1.604379426794,8.1443212764E-02,0.5));
#7692 = CARTESIAN_POINT('',(-1.61582371612,8.9072109047E-02,0.5));
#7693 = CARTESIAN_POINT('',(-1.626441809753,9.7735823621E-02,0.5));
#7694 = CARTESIAN_POINT('',(-1.636359540654,0.107245964879,0.5));
#7695 = CARTESIAN_POINT('',(-1.645556940849,0.117650932746,0.5));
#7696 = CARTESIAN_POINT('',(-1.653938984847,0.12893781297,0.5));
#7697 = CARTESIAN_POINT('',(-1.661440171138,0.141036355204,0.5));
#7698 = CARTESIAN_POINT('',(-1.667936061053,0.153827617157,0.5));
#7699 = CARTESIAN_POINT('',(-1.673629136995,0.167171447188,0.5));
#7700 = CARTESIAN_POINT('',(-1.678097507369,0.181272755568,0.5));
#7701 = CARTESIAN_POINT('',(-1.681599733679,0.196005478198,0.5));
#7702 = CARTESIAN_POINT('',(-1.684080403388,0.211370651521,0.5));
#7703 = CARTESIAN_POINT('',(-1.685625364025,0.227365406072,0.5));
#7704 = CARTESIAN_POINT('',(-1.685805570873,0.238244280968,0.5));
#7705 = CARTESIAN_POINT('',(-1.685897435897,0.243790064102,0.5));
#7706 = ORIENTED_EDGE('',*,*,#7707,.F.);
#7707 = EDGE_CURVE('',#7435,#7684,#7708,.T.);
#7708 = LINE('',#7709,#7710);
#7709 = CARTESIAN_POINT('',(-1.565705128205,6.4002403846E-02,0.6));
#7710 = VECTOR('',#7711,1.);
#7711 = DIRECTION('',(0.,-1.328679132947E-16,-1.));
#7712 = ORIENTED_EDGE('',*,*,#7434,.T.);
#7713 = ORIENTED_EDGE('',*,*,#7633,.T.);
#7714 = B_SPLINE_SURFACE_WITH_KNOTS('',3,1,(
    (#7715,#7716)
    ,(#7717,#7718)
    ,(#7719,#7720)
    ,(#7721,#7722)
    ,(#7723,#7724)
    ,(#7725,#7726)
    ,(#7727,#7728)
    ,(#7729,#7730)
    ,(#7731,#7732)
    ,(#7733,#7734)
    ,(#7735,#7736)
    ,(#7737,#7738)
    ,(#7739,#7740)
    ,(#7741,#7742)
    ,(#7743,#7744)
    ,(#7745,#7746)
    ,(#7747,#7748)
    ,(#7749,#7750)
    ,(#7751,#7752
    )),.UNSPECIFIED.,.F.,.F.,.F.,(4,1,1,1,1,1,1,1,1,1,1,1,1,1,1,1,4),(2,
    2),(0.,6.2414500263E-02,0.123338231473,0.183124537692,0.241782994638
    ,0.30057888255,0.359680074896,0.41888164085,0.479530664457,
    0.54085053576,0.602303395898,0.664463211946,0.727805722667,
    0.792894814781,0.859672328302,0.928464400733,1.),(0.,1.),
  .UNSPECIFIED.);
#7715 = CARTESIAN_POINT('',(-1.565705128205,6.4002403846E-02,0.6));
#7716 = CARTESIAN_POINT('',(-1.565705128205,6.4002403846E-02,0.5));
#7717 = CARTESIAN_POINT('',(-1.57026917993,6.5609769309E-02,0.6));
#7718 = CARTESIAN_POINT('',(-1.57026917993,6.5609769309E-02,0.5));
#7719 = CARTESIAN_POINT('',(-1.579288271099,6.8786108344E-02,0.6));
#7720 = CARTESIAN_POINT('',(-1.579288271099,6.8786108344E-02,0.5));
#7721 = CARTESIAN_POINT('',(-1.592271283271,7.4580059943E-02,0.6));
#7722 = CARTESIAN_POINT('',(-1.592271283271,7.4580059943E-02,0.5));
#7723 = CARTESIAN_POINT('',(-1.604379426794,8.1443212764E-02,0.6));
#7724 = CARTESIAN_POINT('',(-1.604379426794,8.1443212764E-02,0.5));
#7725 = CARTESIAN_POINT('',(-1.61582371612,8.9072109047E-02,0.6));
#7726 = CARTESIAN_POINT('',(-1.61582371612,8.9072109047E-02,0.5));
#7727 = CARTESIAN_POINT('',(-1.626441809753,9.7735823621E-02,0.6));
#7728 = CARTESIAN_POINT('',(-1.626441809753,9.7735823621E-02,0.5));
#7729 = CARTESIAN_POINT('',(-1.636359540654,0.107245964879,0.6));
#7730 = CARTESIAN_POINT('',(-1.636359540654,0.107245964879,0.5));
#7731 = CARTESIAN_POINT('',(-1.645556940849,0.117650932746,0.6));
#7732 = CARTESIAN_POINT('',(-1.645556940849,0.117650932746,0.5));
#7733 = CARTESIAN_POINT('',(-1.653938984847,0.12893781297,0.6));
#7734 = CARTESIAN_POINT('',(-1.653938984847,0.12893781297,0.5));
#7735 = CARTESIAN_POINT('',(-1.661440171138,0.141036355204,0.6));
#7736 = CARTESIAN_POINT('',(-1.661440171138,0.141036355204,0.5));
#7737 = CARTESIAN_POINT('',(-1.667936061053,0.153827617157,0.6));
#7738 = CARTESIAN_POINT('',(-1.667936061053,0.153827617157,0.5));
#7739 = CARTESIAN_POINT('',(-1.673629136995,0.167171447188,0.6));
#7740 = CARTESIAN_POINT('',(-1.673629136995,0.167171447188,0.5));
#7741 = CARTESIAN_POINT('',(-1.678097507369,0.181272755568,0.6));
#7742 = CARTESIAN_POINT('',(-1.678097507369,0.181272755568,0.5));
#7743 = CARTESIAN_POINT('',(-1.681599733679,0.196005478198,0.6));
#7744 = CARTESIAN_POINT('',(-1.681599733679,0.196005478198,0.5));
#7745 = CARTESIAN_POINT('',(-1.684080403388,0.211370651521,0.6));
#7746 = CARTESIAN_POINT('',(-1.684080403388,0.211370651521,0.5));
#7747 = CARTESIAN_POINT('',(-1.685625364025,0.227365406072,0.6));
#7748 = CARTESIAN_POINT('',(-1.685625364025,0.227365406072,0.5));
#7749 = CARTESIAN_POINT('',(-1.685805570873,0.238244280968,0.6));
#7750 = CARTESIAN_POINT('',(-1.685805570873,0.238244280968,0.5));
#7751 = CARTESIAN_POINT('',(-1.685897435897,0.243790064102,0.6));
#7752 = CARTESIAN_POINT('',(-1.685897435897,0.243790064102,0.5));
#7753 = ADVANCED_FACE('',(#7754),#7780,.T.);
#7754 = FACE_BOUND('',#7755,.T.);
#7755 = EDGE_LOOP('',(#7756,#7772,#7778,#7779));
#7756 = ORIENTED_EDGE('',*,*,#7757,.F.);
#7757 = EDGE_CURVE('',#7758,#7684,#7760,.T.);
#7758 = VERTEX_POINT('',#7759);
#7759 = CARTESIAN_POINT('',(-1.422776442307,5.1282051282E-02,0.5));
#7760 = B_SPLINE_CURVE_WITH_KNOTS('',3,(#7761,#7762,#7763,#7764,#7765,
    #7766,#7767,#7768,#7769,#7770,#7771),.UNSPECIFIED.,.F.,.F.,(4,1,1,1,
    1,1,1,1,4),(0.,0.171900664613,0.330627932095,0.47554883588,
    0.606746190312,0.725023803467,0.829742386958,0.921322820343,1.),
  .UNSPECIFIED.);
#7761 = CARTESIAN_POINT('',(-1.422776442307,5.1282051282E-02,0.5));
#7762 = CARTESIAN_POINT('',(-1.431023352413,5.1317493621E-02,0.5));
#7763 = CARTESIAN_POINT('',(-1.446885180758,5.1385662219E-02,0.5));
#7764 = CARTESIAN_POINT('',(-1.469693466085,5.1983834095E-02,0.5));
#7765 = CARTESIAN_POINT('',(-1.490533379866,5.2961253738E-02,0.5));
#7766 = CARTESIAN_POINT('',(-1.509407881208,5.4329121997E-02,0.5));
#7767 = CARTESIAN_POINT('',(-1.526306313251,5.6138924166E-02,0.5));
#7768 = CARTESIAN_POINT('',(-1.541263991805,5.8156767416E-02,0.5));
#7769 = CARTESIAN_POINT('',(-1.554231885852,6.0670688953E-02,0.5));
#7770 = CARTESIAN_POINT('',(-1.562078948272,6.294939744E-02,0.5));
#7771 = CARTESIAN_POINT('',(-1.565705128205,6.4002403846E-02,0.5));
#7772 = ORIENTED_EDGE('',*,*,#7773,.F.);
#7773 = EDGE_CURVE('',#7459,#7758,#7774,.T.);
#7774 = LINE('',#7775,#7776);
#7775 = CARTESIAN_POINT('',(-1.422776442307,5.1282051282E-02,0.6));
#7776 = VECTOR('',#7777,1.);
#7777 = DIRECTION('',(0.,-1.328679132947E-16,-1.));
#7778 = ORIENTED_EDGE('',*,*,#7458,.T.);
#7779 = ORIENTED_EDGE('',*,*,#7707,.T.);
#7780 = B_SPLINE_SURFACE_WITH_KNOTS('',3,1,(
    (#7781,#7782)
    ,(#7783,#7784)
    ,(#7785,#7786)
    ,(#7787,#7788)
    ,(#7789,#7790)
    ,(#7791,#7792)
    ,(#7793,#7794)
    ,(#7795,#7796)
    ,(#7797,#7798)
    ,(#7799,#7800)
    ,(#7801,#7802
  )),.UNSPECIFIED.,.F.,.F.,.F.,(4,1,1,1,1,1,1,1,4),(2,2),(0.,
    0.171900664613,0.330627932095,0.47554883588,0.606746190312,
    0.725023803467,0.829742386958,0.921322820343,1.),(0.,1.),
  .UNSPECIFIED.);
#7781 = CARTESIAN_POINT('',(-1.422776442307,5.1282051282E-02,0.6));
#7782 = CARTESIAN_POINT('',(-1.422776442307,5.1282051282E-02,0.5));
#7783 = CARTESIAN_POINT('',(-1.431023352413,5.1317493621E-02,0.6));
#7784 = CARTESIAN_POINT('',(-1.431023352413,5.1317493621E-02,0.5));
#7785 = CARTESIAN_POINT('',(-1.446885180758,5.1385662219E-02,0.6));
#7786 = CARTESIAN_POINT('',(-1.446885180758,5.1385662219E-02,0.5));
#7787 = CARTESIAN_POINT('',(-1.469693466085,5.1983834095E-02,0.6));
#7788 = CARTESIAN_POINT('',(-1.469693466085,5.1983834095E-02,0.5));
#7789 = CARTESIAN_POINT('',(-1.490533379866,5.2961253738E-02,0.6));
#7790 = CARTESIAN_POINT('',(-1.490533379866,5.2961253738E-02,0.5));
#7791 = CARTESIAN_POINT('',(-1.509407881208,5.4329121997E-02,0.6));
#7792 = CARTESIAN_POINT('',(-1.509407881208,5.4329121997E-02,0.5));
#7793 = CARTESIAN_POINT('',(-1.526306313251,5.6138924166E-02,0.6));
#7794 = CARTESIAN_POINT('',(-1.526306313251,5.6138924166E-02,0.5));
#7795 = CARTESIAN_POINT('',(-1.541263991805,5.8156767416E-02,0.6));
#7796 = CARTESIAN_POINT('',(-1.541263991805,5.8156767416E-02,0.5));
#7797 = CARTESIAN_POINT('',(-1.554231885852,6.0670688953E-02,0.6));
#7798 = CARTESIAN_POINT('',(-1.554231885852,6.0670688953E-02,0.5));
#7799 = CARTESIAN_POINT('',(-1.562078948272,6.294939744E-02,0.6));
#7800 = CARTESIAN_POINT('',(-1.562078948272,6.294939744E-02,0.5));
#7801 = CARTESIAN_POINT('',(-1.565705128205,6.4002403846E-02,0.6));
#7802 = CARTESIAN_POINT('',(-1.565705128205,6.4002403846E-02,0.5));
#7803 = ADVANCED_FACE('',(#7804),#7815,.T.);
#7804 = FACE_BOUND('',#7805,.T.);
#7805 = EDGE_LOOP('',(#7806,#7812,#7813,#7814));
#7806 = ORIENTED_EDGE('',*,*,#7807,.F.);
#7807 = EDGE_CURVE('',#7507,#7758,#7808,.T.);
#7808 = LINE('',#7809,#7810);
#7809 = CARTESIAN_POINT('',(-1.365384615384,5.1282051282E-02,0.5));
#7810 = VECTOR('',#7811,1.);
#7811 = DIRECTION('',(-1.,0.,0.));
#7812 = ORIENTED_EDGE('',*,*,#7521,.F.);
#7813 = ORIENTED_EDGE('',*,*,#7474,.T.);
#7814 = ORIENTED_EDGE('',*,*,#7773,.T.);
#7815 = PLANE('',#7816);
#7816 = AXIS2_PLACEMENT_3D('',#7817,#7818,#7819);
#7817 = CARTESIAN_POINT('',(-1.365384615384,5.1282051282E-02,0.6));
#7818 = DIRECTION('',(0.,-1.,1.328679132947E-16));
#7819 = DIRECTION('',(0.,-1.328679132947E-16,-1.));
#7820 = ADVANCED_FACE('',(#7821),#7846,.T.);
#7821 = FACE_BOUND('',#7822,.T.);
#7822 = EDGE_LOOP('',(#7823,#7824,#7832,#7840));
#7823 = ORIENTED_EDGE('',*,*,#2419,.F.);
#7824 = ORIENTED_EDGE('',*,*,#7825,.F.);
#7825 = EDGE_CURVE('',#7826,#2420,#7828,.T.);
#7826 = VERTEX_POINT('',#7827);
#7827 = CARTESIAN_POINT('',(-0.948717948717,7.972074797687E-17,0.6));
#7828 = LINE('',#7829,#7830);
#7829 = CARTESIAN_POINT('',(-0.948717948717,7.972074797687E-17,0.6));
#7830 = VECTOR('',#7831,1.);
#7831 = DIRECTION('',(0.,-1.328679132947E-16,-1.));
#7832 = ORIENTED_EDGE('',*,*,#7833,.T.);
#7833 = EDGE_CURVE('',#7826,#7834,#7836,.T.);
#7834 = VERTEX_POINT('',#7835);
#7835 = CARTESIAN_POINT('',(-0.948717948717,0.5,0.6));
#7836 = LINE('',#7837,#7838);
#7837 = CARTESIAN_POINT('',(-0.948717948717,7.972074797687E-17,0.6));
#7838 = VECTOR('',#7839,1.);
#7839 = DIRECTION('',(0.,1.,-2.168404344971E-16));
#7840 = ORIENTED_EDGE('',*,*,#7841,.T.);
#7841 = EDGE_CURVE('',#7834,#2422,#7842,.T.);
#7842 = LINE('',#7843,#7844);
#7843 = CARTESIAN_POINT('',(-0.948717948717,0.5,0.6));
#7844 = VECTOR('',#7845,1.);
#7845 = DIRECTION('',(0.,-1.328679132947E-16,-1.));
#7846 = PLANE('',#7847);
#7847 = AXIS2_PLACEMENT_3D('',#7848,#7849,#7850);
#7848 = CARTESIAN_POINT('',(-0.948717948717,7.972074797687E-17,0.6));
#7849 = DIRECTION('',(-1.,0.,0.));
#7850 = DIRECTION('',(0.,0.,1.));
#7851 = ADVANCED_FACE('',(#7852),#7870,.T.);
#7852 = FACE_BOUND('',#7853,.T.);
#7853 = EDGE_LOOP('',(#7854,#7855,#7856,#7864));
#7854 = ORIENTED_EDGE('',*,*,#2429,.F.);
#7855 = ORIENTED_EDGE('',*,*,#7841,.F.);
#7856 = ORIENTED_EDGE('',*,*,#7857,.T.);
#7857 = EDGE_CURVE('',#7834,#7858,#7860,.T.);
#7858 = VERTEX_POINT('',#7859);
#7859 = CARTESIAN_POINT('',(-1.230769230769,0.5,0.6));
#7860 = LINE('',#7861,#7862);
#7861 = CARTESIAN_POINT('',(-0.948717948717,0.5,0.6));
#7862 = VECTOR('',#7863,1.);
#7863 = DIRECTION('',(-1.,0.,0.));
#7864 = ORIENTED_EDGE('',*,*,#7865,.T.);
#7865 = EDGE_CURVE('',#7858,#2430,#7866,.T.);
#7866 = LINE('',#7867,#7868);
#7867 = CARTESIAN_POINT('',(-1.230769230769,0.5,0.6));
#7868 = VECTOR('',#7869,1.);
#7869 = DIRECTION('',(0.,-1.328679132947E-16,-1.));
#7870 = PLANE('',#7871);
#7871 = AXIS2_PLACEMENT_3D('',#7872,#7873,#7874);
#7872 = CARTESIAN_POINT('',(-0.948717948717,0.5,0.6));
#7873 = DIRECTION('',(0.,-1.,1.328679132947E-16));
#7874 = DIRECTION('',(0.,-1.328679132947E-16,-1.));
#7875 = ADVANCED_FACE('',(#7876),#7894,.T.);
#7876 = FACE_BOUND('',#7877,.T.);
#7877 = EDGE_LOOP('',(#7878,#7879,#7880,#7888));
#7878 = ORIENTED_EDGE('',*,*,#2437,.F.);
#7879 = ORIENTED_EDGE('',*,*,#7865,.F.);
#7880 = ORIENTED_EDGE('',*,*,#7881,.T.);
#7881 = EDGE_CURVE('',#7858,#7882,#7884,.T.);
#7882 = VERTEX_POINT('',#7883);
#7883 = CARTESIAN_POINT('',(-1.230769230769,0.448717948717,0.6));
#7884 = LINE('',#7885,#7886);
#7885 = CARTESIAN_POINT('',(-1.230769230769,0.5,0.6));
#7886 = VECTOR('',#7887,1.);
#7887 = DIRECTION('',(0.,-1.,0.));
#7888 = ORIENTED_EDGE('',*,*,#7889,.T.);
#7889 = EDGE_CURVE('',#7882,#2438,#7890,.T.);
#7890 = LINE('',#7891,#7892);
#7891 = CARTESIAN_POINT('',(-1.230769230769,0.448717948717,0.6));
#7892 = VECTOR('',#7893,1.);
#7893 = DIRECTION('',(0.,-1.328679132947E-16,-1.));
#7894 = PLANE('',#7895);
#7895 = AXIS2_PLACEMENT_3D('',#7896,#7897,#7898);
#7896 = CARTESIAN_POINT('',(-1.230769230769,0.5,0.6));
#7897 = DIRECTION('',(1.,0.,0.));
#7898 = DIRECTION('',(0.,0.,-1.));
#7899 = ADVANCED_FACE('',(#7900),#7918,.T.);
#7900 = FACE_BOUND('',#7901,.T.);
#7901 = EDGE_LOOP('',(#7902,#7903,#7904,#7912));
#7902 = ORIENTED_EDGE('',*,*,#2445,.F.);
#7903 = ORIENTED_EDGE('',*,*,#7889,.F.);
#7904 = ORIENTED_EDGE('',*,*,#7905,.T.);
#7905 = EDGE_CURVE('',#7882,#7906,#7908,.T.);
#7906 = VERTEX_POINT('',#7907);
#7907 = CARTESIAN_POINT('',(-0.993589743589,0.448717948717,0.6));
#7908 = LINE('',#7909,#7910);
#7909 = CARTESIAN_POINT('',(-1.230769230769,0.448717948717,0.6));
#7910 = VECTOR('',#7911,1.);
#7911 = DIRECTION('',(1.,0.,0.));
#7912 = ORIENTED_EDGE('',*,*,#7913,.T.);
#7913 = EDGE_CURVE('',#7906,#2446,#7914,.T.);
#7914 = LINE('',#7915,#7916);
#7915 = CARTESIAN_POINT('',(-0.993589743589,0.448717948717,0.6));
#7916 = VECTOR('',#7917,1.);
#7917 = DIRECTION('',(0.,-1.328679132947E-16,-1.));
#7918 = PLANE('',#7919);
#7919 = AXIS2_PLACEMENT_3D('',#7920,#7921,#7922);
#7920 = CARTESIAN_POINT('',(-1.230769230769,0.448717948717,0.6));
#7921 = DIRECTION('',(0.,1.,-1.328679132947E-16));
#7922 = DIRECTION('',(0.,1.328679132947E-16,1.));
#7923 = ADVANCED_FACE('',(#7924),#7942,.T.);
#7924 = FACE_BOUND('',#7925,.T.);
#7925 = EDGE_LOOP('',(#7926,#7927,#7928,#7936));
#7926 = ORIENTED_EDGE('',*,*,#2453,.F.);
#7927 = ORIENTED_EDGE('',*,*,#7913,.F.);
#7928 = ORIENTED_EDGE('',*,*,#7929,.T.);
#7929 = EDGE_CURVE('',#7906,#7930,#7932,.T.);
#7930 = VERTEX_POINT('',#7931);
#7931 = CARTESIAN_POINT('',(-0.993589743589,0.294871794871,0.6));
#7932 = LINE('',#7933,#7934);
#7933 = CARTESIAN_POINT('',(-0.993589743589,0.448717948717,0.6));
#7934 = VECTOR('',#7935,1.);
#7935 = DIRECTION('',(0.,-1.,7.047314121155E-16));
#7936 = ORIENTED_EDGE('',*,*,#7937,.T.);
#7937 = EDGE_CURVE('',#7930,#2454,#7938,.T.);
#7938 = LINE('',#7939,#7940);
#7939 = CARTESIAN_POINT('',(-0.993589743589,0.294871794871,0.6));
#7940 = VECTOR('',#7941,1.);
#7941 = DIRECTION('',(0.,-1.328679132947E-16,-1.));
#7942 = PLANE('',#7943);
#7943 = AXIS2_PLACEMENT_3D('',#7944,#7945,#7946);
#7944 = CARTESIAN_POINT('',(-0.993589743589,0.448717948717,0.6));
#7945 = DIRECTION('',(1.,0.,0.));
#7946 = DIRECTION('',(0.,0.,-1.));
#7947 = ADVANCED_FACE('',(#7948),#7966,.T.);
#7948 = FACE_BOUND('',#7949,.T.);
#7949 = EDGE_LOOP('',(#7950,#7951,#7952,#7960));
#7950 = ORIENTED_EDGE('',*,*,#2461,.F.);
#7951 = ORIENTED_EDGE('',*,*,#7937,.F.);
#7952 = ORIENTED_EDGE('',*,*,#7953,.T.);
#7953 = EDGE_CURVE('',#7930,#7954,#7956,.T.);
#7954 = VERTEX_POINT('',#7955);
#7955 = CARTESIAN_POINT('',(-1.230769230769,0.294871794871,0.6));
#7956 = LINE('',#7957,#7958);
#7957 = CARTESIAN_POINT('',(-0.993589743589,0.294871794871,0.6));
#7958 = VECTOR('',#7959,1.);
#7959 = DIRECTION('',(-1.,0.,0.));
#7960 = ORIENTED_EDGE('',*,*,#7961,.T.);
#7961 = EDGE_CURVE('',#7954,#2462,#7962,.T.);
#7962 = LINE('',#7963,#7964);
#7963 = CARTESIAN_POINT('',(-1.230769230769,0.294871794871,0.6));
#7964 = VECTOR('',#7965,1.);
#7965 = DIRECTION('',(0.,-1.328679132947E-16,-1.));
#7966 = PLANE('',#7967);
#7967 = AXIS2_PLACEMENT_3D('',#7968,#7969,#7970);
#7968 = CARTESIAN_POINT('',(-0.993589743589,0.294871794871,0.6));
#7969 = DIRECTION('',(0.,-1.,1.328679132947E-16));
#7970 = DIRECTION('',(0.,-1.328679132947E-16,-1.));
#7971 = ADVANCED_FACE('',(#7972),#7990,.T.);
#7972 = FACE_BOUND('',#7973,.T.);
#7973 = EDGE_LOOP('',(#7974,#7975,#7976,#7984));
#7974 = ORIENTED_EDGE('',*,*,#2469,.F.);
#7975 = ORIENTED_EDGE('',*,*,#7961,.F.);
#7976 = ORIENTED_EDGE('',*,*,#7977,.T.);
#7977 = EDGE_CURVE('',#7954,#7978,#7980,.T.);
#7978 = VERTEX_POINT('',#7979);
#7979 = CARTESIAN_POINT('',(-1.230769230769,0.243589743589,0.6));
#7980 = LINE('',#7981,#7982);
#7981 = CARTESIAN_POINT('',(-1.230769230769,0.294871794871,0.6));
#7982 = VECTOR('',#7983,1.);
#7983 = DIRECTION('',(0.,-1.,0.));
#7984 = ORIENTED_EDGE('',*,*,#7985,.T.);
#7985 = EDGE_CURVE('',#7978,#2470,#7986,.T.);
#7986 = LINE('',#7987,#7988);
#7987 = CARTESIAN_POINT('',(-1.230769230769,0.243589743589,0.6));
#7988 = VECTOR('',#7989,1.);
#7989 = DIRECTION('',(0.,-1.328679132947E-16,-1.));
#7990 = PLANE('',#7991);
#7991 = AXIS2_PLACEMENT_3D('',#7992,#7993,#7994);
#7992 = CARTESIAN_POINT('',(-1.230769230769,0.294871794871,0.6));
#7993 = DIRECTION('',(1.,0.,0.));
#7994 = DIRECTION('',(0.,0.,-1.));
#7995 = ADVANCED_FACE('',(#7996),#8014,.T.);
#7996 = FACE_BOUND('',#7997,.T.);
#7997 = EDGE_LOOP('',(#7998,#7999,#8000,#8008));
#7998 = ORIENTED_EDGE('',*,*,#2477,.F.);
#7999 = ORIENTED_EDGE('',*,*,#7985,.F.);
#8000 = ORIENTED_EDGE('',*,*,#8001,.T.);
#8001 = EDGE_CURVE('',#7978,#8002,#8004,.T.);
#8002 = VERTEX_POINT('',#8003);
#8003 = CARTESIAN_POINT('',(-0.993589743589,0.243589743589,0.6));
#8004 = LINE('',#8005,#8006);
#8005 = CARTESIAN_POINT('',(-1.230769230769,0.243589743589,0.6));
#8006 = VECTOR('',#8007,1.);
#8007 = DIRECTION('',(1.,0.,0.));
#8008 = ORIENTED_EDGE('',*,*,#8009,.T.);
#8009 = EDGE_CURVE('',#8002,#2478,#8010,.T.);
#8010 = LINE('',#8011,#8012);
#8011 = CARTESIAN_POINT('',(-0.993589743589,0.243589743589,0.6));
#8012 = VECTOR('',#8013,1.);
#8013 = DIRECTION('',(0.,-1.328679132947E-16,-1.));
#8014 = PLANE('',#8015);
#8015 = AXIS2_PLACEMENT_3D('',#8016,#8017,#8018);
#8016 = CARTESIAN_POINT('',(-1.230769230769,0.243589743589,0.6));
#8017 = DIRECTION('',(0.,1.,-1.328679132947E-16));
#8018 = DIRECTION('',(0.,1.328679132947E-16,1.));
#8019 = ADVANCED_FACE('',(#8020),#8038,.T.);
#8020 = FACE_BOUND('',#8021,.T.);
#8021 = EDGE_LOOP('',(#8022,#8023,#8024,#8032));
#8022 = ORIENTED_EDGE('',*,*,#2485,.F.);
#8023 = ORIENTED_EDGE('',*,*,#8009,.F.);
#8024 = ORIENTED_EDGE('',*,*,#8025,.T.);
#8025 = EDGE_CURVE('',#8002,#8026,#8028,.T.);
#8026 = VERTEX_POINT('',#8027);
#8027 = CARTESIAN_POINT('',(-0.993589743589,5.1282051282E-02,0.6));
#8028 = LINE('',#8029,#8030);
#8029 = CARTESIAN_POINT('',(-0.993589743589,0.243589743589,0.6));
#8030 = VECTOR('',#8031,1.);
#8031 = DIRECTION('',(0.,-1.,0.));
#8032 = ORIENTED_EDGE('',*,*,#8033,.T.);
#8033 = EDGE_CURVE('',#8026,#2486,#8034,.T.);
#8034 = LINE('',#8035,#8036);
#8035 = CARTESIAN_POINT('',(-0.993589743589,5.1282051282E-02,0.6));
#8036 = VECTOR('',#8037,1.);
#8037 = DIRECTION('',(0.,-1.328679132947E-16,-1.));
#8038 = PLANE('',#8039);
#8039 = AXIS2_PLACEMENT_3D('',#8040,#8041,#8042);
#8040 = CARTESIAN_POINT('',(-0.993589743589,0.243589743589,0.6));
#8041 = DIRECTION('',(1.,0.,0.));
#8042 = DIRECTION('',(0.,0.,-1.));
#8043 = ADVANCED_FACE('',(#8044),#8062,.T.);
#8044 = FACE_BOUND('',#8045,.T.);
#8045 = EDGE_LOOP('',(#8046,#8047,#8048,#8056));
#8046 = ORIENTED_EDGE('',*,*,#2493,.F.);
#8047 = ORIENTED_EDGE('',*,*,#8033,.F.);
#8048 = ORIENTED_EDGE('',*,*,#8049,.T.);
#8049 = EDGE_CURVE('',#8026,#8050,#8052,.T.);
#8050 = VERTEX_POINT('',#8051);
#8051 = CARTESIAN_POINT('',(-1.230769230769,5.1282051282E-02,0.6));
#8052 = LINE('',#8053,#8054);
#8053 = CARTESIAN_POINT('',(-0.993589743589,5.1282051282E-02,0.6));
#8054 = VECTOR('',#8055,1.);
#8055 = DIRECTION('',(-1.,0.,0.));
#8056 = ORIENTED_EDGE('',*,*,#8057,.T.);
#8057 = EDGE_CURVE('',#8050,#2494,#8058,.T.);
#8058 = LINE('',#8059,#8060);
#8059 = CARTESIAN_POINT('',(-1.230769230769,5.1282051282E-02,0.6));
#8060 = VECTOR('',#8061,1.);
#8061 = DIRECTION('',(0.,-1.328679132947E-16,-1.));
#8062 = PLANE('',#8063);
#8063 = AXIS2_PLACEMENT_3D('',#8064,#8065,#8066);
#8064 = CARTESIAN_POINT('',(-0.993589743589,5.1282051282E-02,0.6));
#8065 = DIRECTION('',(0.,-1.,1.328679132947E-16));
#8066 = DIRECTION('',(0.,-1.328679132947E-16,-1.));
#8067 = ADVANCED_FACE('',(#8068),#8086,.T.);
#8068 = FACE_BOUND('',#8069,.T.);
#8069 = EDGE_LOOP('',(#8070,#8071,#8072,#8080));
#8070 = ORIENTED_EDGE('',*,*,#2501,.F.);
#8071 = ORIENTED_EDGE('',*,*,#8057,.F.);
#8072 = ORIENTED_EDGE('',*,*,#8073,.T.);
#8073 = EDGE_CURVE('',#8050,#8074,#8076,.T.);
#8074 = VERTEX_POINT('',#8075);
#8075 = CARTESIAN_POINT('',(-1.230769230769,7.972074797687E-17,0.6));
#8076 = LINE('',#8077,#8078);
#8077 = CARTESIAN_POINT('',(-1.230769230769,5.1282051282E-02,0.6));
#8078 = VECTOR('',#8079,1.);
#8079 = DIRECTION('',(0.,-1.,0.));
#8080 = ORIENTED_EDGE('',*,*,#8081,.T.);
#8081 = EDGE_CURVE('',#8074,#2502,#8082,.T.);
#8082 = LINE('',#8083,#8084);
#8083 = CARTESIAN_POINT('',(-1.230769230769,7.972074797687E-17,0.6));
#8084 = VECTOR('',#8085,1.);
#8085 = DIRECTION('',(0.,-1.328679132947E-16,-1.));
#8086 = PLANE('',#8087);
#8087 = AXIS2_PLACEMENT_3D('',#8088,#8089,#8090);
#8088 = CARTESIAN_POINT('',(-1.230769230769,5.1282051282E-02,0.6));
#8089 = DIRECTION('',(1.,0.,0.));
#8090 = DIRECTION('',(0.,0.,-1.));
#8091 = ADVANCED_FACE('',(#8092),#8103,.T.);
#8092 = FACE_BOUND('',#8093,.T.);
#8093 = EDGE_LOOP('',(#8094,#8095,#8096,#8102));
#8094 = ORIENTED_EDGE('',*,*,#2509,.F.);
#8095 = ORIENTED_EDGE('',*,*,#8081,.F.);
#8096 = ORIENTED_EDGE('',*,*,#8097,.T.);
#8097 = EDGE_CURVE('',#8074,#7826,#8098,.T.);
#8098 = LINE('',#8099,#8100);
#8099 = CARTESIAN_POINT('',(-1.230769230769,7.972074797687E-17,0.6));
#8100 = VECTOR('',#8101,1.);
#8101 = DIRECTION('',(1.,0.,0.));
#8102 = ORIENTED_EDGE('',*,*,#7825,.T.);
#8103 = PLANE('',#8104);
#8104 = AXIS2_PLACEMENT_3D('',#8105,#8106,#8107);
#8105 = CARTESIAN_POINT('',(-1.230769230769,7.972074797687E-17,0.6));
#8106 = DIRECTION('',(0.,1.,-1.328679132947E-16));
#8107 = DIRECTION('',(0.,1.328679132947E-16,1.));
#8108 = ADVANCED_FACE('',(#8109),#8123,.F.);
#8109 = FACE_BOUND('',#8110,.T.);
#8110 = EDGE_LOOP('',(#8111,#8112,#8113,#8114,#8115,#8116,#8117,#8118,
    #8119,#8120,#8121,#8122));
#8111 = ORIENTED_EDGE('',*,*,#7833,.F.);
#8112 = ORIENTED_EDGE('',*,*,#8097,.F.);
#8113 = ORIENTED_EDGE('',*,*,#8073,.F.);
#8114 = ORIENTED_EDGE('',*,*,#8049,.F.);
#8115 = ORIENTED_EDGE('',*,*,#8025,.F.);
#8116 = ORIENTED_EDGE('',*,*,#8001,.F.);
#8117 = ORIENTED_EDGE('',*,*,#7977,.F.);
#8118 = ORIENTED_EDGE('',*,*,#7953,.F.);
#8119 = ORIENTED_EDGE('',*,*,#7929,.F.);
#8120 = ORIENTED_EDGE('',*,*,#7905,.F.);
#8121 = ORIENTED_EDGE('',*,*,#7881,.F.);
#8122 = ORIENTED_EDGE('',*,*,#7857,.F.);
#8123 = PLANE('',#8124);
#8124 = AXIS2_PLACEMENT_3D('',#8125,#8126,#8127);
#8125 = CARTESIAN_POINT('',(0.,1.21707008578E-16,0.6));
#8126 = DIRECTION('',(0.,2.168404344971E-16,1.));
#8127 = DIRECTION('',(0.,-1.,2.168404344971E-16));
#8128 = ADVANCED_FACE('',(#8129),#8170,.T.);
#8129 = FACE_BOUND('',#8130,.T.);
#8130 = EDGE_LOOP('',(#8131,#8132,#8140,#8164));
#8131 = ORIENTED_EDGE('',*,*,#1560,.F.);
#8132 = ORIENTED_EDGE('',*,*,#8133,.F.);
#8133 = EDGE_CURVE('',#8134,#1561,#8136,.T.);
#8134 = VERTEX_POINT('',#8135);
#8135 = CARTESIAN_POINT('',(-0.628004807692,0.51282051282,0.6));
#8136 = LINE('',#8137,#8138);
#8137 = CARTESIAN_POINT('',(-0.628004807692,0.51282051282,0.6));
#8138 = VECTOR('',#8139,1.);
#8139 = DIRECTION('',(0.,-1.328679132947E-16,-1.));
#8140 = ORIENTED_EDGE('',*,*,#8141,.T.);
#8141 = EDGE_CURVE('',#8134,#8142,#8144,.T.);
#8142 = VERTEX_POINT('',#8143);
#8143 = CARTESIAN_POINT('',(-0.846153846153,0.408253205128,0.6));
#8144 = B_SPLINE_CURVE_WITH_KNOTS('',3,(#8145,#8146,#8147,#8148,#8149,
    #8150,#8151,#8152,#8153,#8154,#8155,#8156,#8157,#8158,#8159,#8160,
    #8161,#8162,#8163),.UNSPECIFIED.,.F.,.F.,(4,1,1,1,1,1,1,1,1,1,1,1,1,
    1,1,1,4),(0.,6.8547536708E-02,0.135682945623,0.201214989526,
    0.265682234754,0.329266834817,0.392395427844,0.455069761652,
    0.517126850064,0.578790035286,0.639739863343,0.700191503666,
    0.759806242596,0.819628319275,0.879354791046,0.939511607764,1.),
  .UNSPECIFIED.);
#8145 = CARTESIAN_POINT('',(-0.628004807692,0.51282051282,0.6));
#8146 = CARTESIAN_POINT('',(-0.633749732256,0.512751635936,0.6));
#8147 = CARTESIAN_POINT('',(-0.645121231869,0.512615301079,0.6));
#8148 = CARTESIAN_POINT('',(-0.661943039357,0.511285852206,0.6));
#8149 = CARTESIAN_POINT('',(-0.678320514634,0.509069622745,0.6));
#8150 = CARTESIAN_POINT('',(-0.694264940639,0.506053041343,0.6));
#8151 = CARTESIAN_POINT('',(-0.709853885811,0.502309138276,0.6));
#8152 = CARTESIAN_POINT('',(-0.724968205936,0.497431952802,0.6));
#8153 = CARTESIAN_POINT('',(-0.739696589774,0.491855305471,0.6));
#8154 = CARTESIAN_POINT('',(-0.753946148085,0.48543266748,0.6));
#8155 = CARTESIAN_POINT('',(-0.767648512391,0.478223132993,0.6));
#8156 = CARTESIAN_POINT('',(-0.780799415035,0.470306615344,0.6));
#8157 = CARTESIAN_POINT('',(-0.793294394851,0.461692928843,0.6));
#8158 = CARTESIAN_POINT('',(-0.805221373199,0.452455332356,0.6));
#8159 = CARTESIAN_POINT('',(-0.816380831924,0.442398395314,0.6));
#8160 = CARTESIAN_POINT('',(-0.827089614572,0.431798738746,0.6));
#8161 = CARTESIAN_POINT('',(-0.836984054309,0.420351049581,0.6));
#8162 = CARTESIAN_POINT('',(-0.843091653594,0.41229320188,0.6));
#8163 = CARTESIAN_POINT('',(-0.846153846153,0.408253205128,0.6));
#8164 = ORIENTED_EDGE('',*,*,#8165,.T.);
#8165 = EDGE_CURVE('',#8142,#1563,#8166,.T.);
#8166 = LINE('',#8167,#8168);
#8167 = CARTESIAN_POINT('',(-0.846153846153,0.408253205128,0.6));
#8168 = VECTOR('',#8169,1.);
#8169 = DIRECTION('',(0.,-1.328679132947E-16,-1.));
#8170 = B_SPLINE_SURFACE_WITH_KNOTS('',3,1,(
    (#8171,#8172)
    ,(#8173,#8174)
    ,(#8175,#8176)
    ,(#8177,#8178)
    ,(#8179,#8180)
    ,(#8181,#8182)
    ,(#8183,#8184)
    ,(#8185,#8186)
    ,(#8187,#8188)
    ,(#8189,#8190)
    ,(#8191,#8192)
    ,(#8193,#8194)
    ,(#8195,#8196)
    ,(#8197,#8198)
    ,(#8199,#8200)
    ,(#8201,#8202)
    ,(#8203,#8204)
    ,(#8205,#8206)
    ,(#8207,#8208
    )),.UNSPECIFIED.,.F.,.F.,.F.,(4,1,1,1,1,1,1,1,1,1,1,1,1,1,1,1,4),(2,
    2),(0.,6.8547536708E-02,0.135682945623,0.201214989526,0.265682234754
    ,0.329266834817,0.392395427844,0.455069761652,0.517126850064,
    0.578790035286,0.639739863343,0.700191503666,0.759806242596,
    0.819628319275,0.879354791046,0.939511607764,1.),(0.,1.),
  .UNSPECIFIED.);
#8171 = CARTESIAN_POINT('',(-0.628004807692,0.51282051282,0.6));
#8172 = CARTESIAN_POINT('',(-0.628004807692,0.51282051282,0.5));
#8173 = CARTESIAN_POINT('',(-0.633749732256,0.512751635936,0.6));
#8174 = CARTESIAN_POINT('',(-0.633749732256,0.512751635936,
    0.499999999999));
#8175 = CARTESIAN_POINT('',(-0.645121231869,0.512615301079,0.6));
#8176 = CARTESIAN_POINT('',(-0.645121231869,0.512615301079,
    0.499999999999));
#8177 = CARTESIAN_POINT('',(-0.661943039357,0.511285852206,0.6));
#8178 = CARTESIAN_POINT('',(-0.661943039357,0.511285852206,0.5));
#8179 = CARTESIAN_POINT('',(-0.678320514634,0.509069622745,0.6));
#8180 = CARTESIAN_POINT('',(-0.678320514634,0.509069622745,
    0.499999999999));
#8181 = CARTESIAN_POINT('',(-0.694264940639,0.506053041343,0.6));
#8182 = CARTESIAN_POINT('',(-0.694264940639,0.506053041343,0.5));
#8183 = CARTESIAN_POINT('',(-0.709853885811,0.502309138276,0.6));
#8184 = CARTESIAN_POINT('',(-0.709853885811,0.502309138276,0.5));
#8185 = CARTESIAN_POINT('',(-0.724968205936,0.497431952802,0.6));
#8186 = CARTESIAN_POINT('',(-0.724968205936,0.497431952802,0.5));
#8187 = CARTESIAN_POINT('',(-0.739696589774,0.491855305471,0.6));
#8188 = CARTESIAN_POINT('',(-0.739696589774,0.491855305471,0.5));
#8189 = CARTESIAN_POINT('',(-0.753946148085,0.48543266748,0.6));
#8190 = CARTESIAN_POINT('',(-0.753946148085,0.48543266748,0.5));
#8191 = CARTESIAN_POINT('',(-0.767648512391,0.478223132993,0.6));
#8192 = CARTESIAN_POINT('',(-0.767648512391,0.478223132993,0.5));
#8193 = CARTESIAN_POINT('',(-0.780799415035,0.470306615344,0.6));
#8194 = CARTESIAN_POINT('',(-0.780799415035,0.470306615344,
    0.499999999999));
#8195 = CARTESIAN_POINT('',(-0.793294394851,0.461692928843,0.6));
#8196 = CARTESIAN_POINT('',(-0.793294394851,0.461692928843,0.5));
#8197 = CARTESIAN_POINT('',(-0.805221373199,0.452455332356,0.6));
#8198 = CARTESIAN_POINT('',(-0.805221373199,0.452455332356,0.5));
#8199 = CARTESIAN_POINT('',(-0.816380831924,0.442398395314,0.6));
#8200 = CARTESIAN_POINT('',(-0.816380831924,0.442398395314,0.5));
#8201 = CARTESIAN_POINT('',(-0.827089614572,0.431798738746,0.6));
#8202 = CARTESIAN_POINT('',(-0.827089614572,0.431798738746,0.5));
#8203 = CARTESIAN_POINT('',(-0.836984054309,0.420351049581,0.6));
#8204 = CARTESIAN_POINT('',(-0.836984054309,0.420351049581,0.5));
#8205 = CARTESIAN_POINT('',(-0.843091653594,0.41229320188,0.6));
#8206 = CARTESIAN_POINT('',(-0.843091653594,0.41229320188,0.5));
#8207 = CARTESIAN_POINT('',(-0.846153846153,0.408253205128,0.6));
#8208 = CARTESIAN_POINT('',(-0.846153846153,0.408253205128,0.5));
#8209 = ADVANCED_FACE('',(#8210),#8228,.T.);
#8210 = FACE_BOUND('',#8211,.T.);
#8211 = EDGE_LOOP('',(#8212,#8213,#8214,#8222));
#8212 = ORIENTED_EDGE('',*,*,#1586,.F.);
#8213 = ORIENTED_EDGE('',*,*,#8165,.F.);
#8214 = ORIENTED_EDGE('',*,*,#8215,.T.);
#8215 = EDGE_CURVE('',#8142,#8216,#8218,.T.);
#8216 = VERTEX_POINT('',#8217);
#8217 = CARTESIAN_POINT('',(-0.806891025641,0.378205128205,0.6));
#8218 = LINE('',#8219,#8220);
#8219 = CARTESIAN_POINT('',(-0.846153846153,0.408253205128,0.6));
#8220 = VECTOR('',#8221,1.);
#8221 = DIRECTION('',(0.794127768436,-0.607750843191,2.192901682876E-15)
  );
#8222 = ORIENTED_EDGE('',*,*,#8223,.T.);
#8223 = EDGE_CURVE('',#8216,#1587,#8224,.T.);
#8224 = LINE('',#8225,#8226);
#8225 = CARTESIAN_POINT('',(-0.806891025641,0.378205128205,0.6));
#8226 = VECTOR('',#8227,1.);
#8227 = DIRECTION('',(0.,-1.328679132947E-16,-1.));
#8228 = PLANE('',#8229);
#8229 = AXIS2_PLACEMENT_3D('',#8230,#8231,#8232);
#8230 = CARTESIAN_POINT('',(-0.846153846153,0.408253205128,0.6));
#8231 = DIRECTION('',(0.607750843191,0.794127768436,-1.055140994816E-16)
  );
#8232 = DIRECTION('',(-0.794127768436,0.607750843191,6.162975822039E-33)
  );
#8233 = ADVANCED_FACE('',(#8234),#8264,.T.);
#8234 = FACE_BOUND('',#8235,.T.);
#8235 = EDGE_LOOP('',(#8236,#8237,#8238,#8258));
#8236 = ORIENTED_EDGE('',*,*,#1594,.F.);
#8237 = ORIENTED_EDGE('',*,*,#8223,.F.);
#8238 = ORIENTED_EDGE('',*,*,#8239,.T.);
#8239 = EDGE_CURVE('',#8216,#8240,#8242,.T.);
#8240 = VERTEX_POINT('',#8241);
#8241 = CARTESIAN_POINT('',(-0.625200320512,0.461538461538,0.6));
#8242 = B_SPLINE_CURVE_WITH_KNOTS('',3,(#8243,#8244,#8245,#8246,#8247,
    #8248,#8249,#8250,#8251,#8252,#8253,#8254,#8255,#8256,#8257),
  .UNSPECIFIED.,.F.,.F.,(4,1,1,1,1,1,1,1,1,1,1,1,4),(0.,6.3163259363E-02
    ,0.12547494103,0.187121219816,0.248294346114,0.309294856255,
    0.369850066067,0.430973375547,0.492455989672,0.616147966291,
    0.740843698467,0.86818264867,0.999999999999),.UNSPECIFIED.);
#8243 = CARTESIAN_POINT('',(-0.806891025641,0.378205128205,0.6));
#8244 = CARTESIAN_POINT('',(-0.804090184447,0.381543123895,0.6));
#8245 = CARTESIAN_POINT('',(-0.798526263472,0.388174111855,0.6));
#8246 = CARTESIAN_POINT('',(-0.789574948826,0.397485475352,0.6));
#8247 = CARTESIAN_POINT('',(-0.780246142697,0.406209084126,0.6));
#8248 = CARTESIAN_POINT('',(-0.770543411095,0.414386495502,0.6));
#8249 = CARTESIAN_POINT('',(-0.760292108311,0.42173174775,0.6));
#8250 = CARTESIAN_POINT('',(-0.749740565645,0.428627619599,0.6));
#8251 = CARTESIAN_POINT('',(-0.738712273472,0.434808725019,0.6));
#8252 = CARTESIAN_POINT('',(-0.723462025666,0.442303437321,0.6));
#8253 = CARTESIAN_POINT('',(-0.703512333054,0.450124316609,0.6));
#8254 = CARTESIAN_POINT('',(-0.678398784615,0.45668192108,0.6));
#8255 = CARTESIAN_POINT('',(-0.652182913403,0.460856374749,0.6));
#8256 = CARTESIAN_POINT('',(-0.634297542028,0.461308494958,0.6));
#8257 = CARTESIAN_POINT('',(-0.625200320512,0.461538461538,0.6));
#8258 = ORIENTED_EDGE('',*,*,#8259,.T.);
#8259 = EDGE_CURVE('',#8240,#1595,#8260,.T.);
#8260 = LINE('',#8261,#8262);
#8261 = CARTESIAN_POINT('',(-0.625200320512,0.461538461538,0.6));
#8262 = VECTOR('',#8263,1.);
#8263 = DIRECTION('',(0.,-1.328679132947E-16,-1.));
#8264 = B_SPLINE_SURFACE_WITH_KNOTS('',3,1,(
    (#8265,#8266)
    ,(#8267,#8268)
    ,(#8269,#8270)
    ,(#8271,#8272)
    ,(#8273,#8274)
    ,(#8275,#8276)
    ,(#8277,#8278)
    ,(#8279,#8280)
    ,(#8281,#8282)
    ,(#8283,#8284)
    ,(#8285,#8286)
    ,(#8287,#8288)
    ,(#8289,#8290)
    ,(#8291,#8292)
    ,(#8293,#8294
    )),.UNSPECIFIED.,.F.,.F.,.F.,(4,1,1,1,1,1,1,1,1,1,1,1,4),(2,2),(0.,
    6.3163259363E-02,0.12547494103,0.187121219816,0.248294346114,
    0.309294856255,0.369850066067,0.430973375547,0.492455989672,
    0.616147966291,0.740843698467,0.86818264867,0.999999999999),(0.,1.),
  .UNSPECIFIED.);
#8265 = CARTESIAN_POINT('',(-0.806891025641,0.378205128205,0.6));
#8266 = CARTESIAN_POINT('',(-0.806891025641,0.378205128205,0.5));
#8267 = CARTESIAN_POINT('',(-0.804090184447,0.381543123895,0.6));
#8268 = CARTESIAN_POINT('',(-0.804090184447,0.381543123895,0.5));
#8269 = CARTESIAN_POINT('',(-0.798526263472,0.388174111855,0.6));
#8270 = CARTESIAN_POINT('',(-0.798526263472,0.388174111855,0.5));
#8271 = CARTESIAN_POINT('',(-0.789574948826,0.397485475352,0.6));
#8272 = CARTESIAN_POINT('',(-0.789574948826,0.397485475352,0.5));
#8273 = CARTESIAN_POINT('',(-0.780246142697,0.406209084126,0.6));
#8274 = CARTESIAN_POINT('',(-0.780246142697,0.406209084126,0.5));
#8275 = CARTESIAN_POINT('',(-0.770543411095,0.414386495502,0.6));
#8276 = CARTESIAN_POINT('',(-0.770543411095,0.414386495502,0.5));
#8277 = CARTESIAN_POINT('',(-0.760292108311,0.42173174775,0.6));
#8278 = CARTESIAN_POINT('',(-0.760292108311,0.42173174775,0.5));
#8279 = CARTESIAN_POINT('',(-0.749740565645,0.428627619599,0.6));
#8280 = CARTESIAN_POINT('',(-0.749740565645,0.428627619599,0.5));
#8281 = CARTESIAN_POINT('',(-0.738712273472,0.434808725019,0.6));
#8282 = CARTESIAN_POINT('',(-0.738712273472,0.434808725019,0.5));
#8283 = CARTESIAN_POINT('',(-0.723462025666,0.442303437321,0.6));
#8284 = CARTESIAN_POINT('',(-0.723462025666,0.442303437321,0.5));
#8285 = CARTESIAN_POINT('',(-0.703512333054,0.450124316609,0.6));
#8286 = CARTESIAN_POINT('',(-0.703512333054,0.450124316609,0.5));
#8287 = CARTESIAN_POINT('',(-0.678398784615,0.45668192108,0.6));
#8288 = CARTESIAN_POINT('',(-0.678398784615,0.45668192108,0.5));
#8289 = CARTESIAN_POINT('',(-0.652182913403,0.460856374749,0.6));
#8290 = CARTESIAN_POINT('',(-0.652182913403,0.460856374749,0.5));
#8291 = CARTESIAN_POINT('',(-0.634297542028,0.461308494958,0.6));
#8292 = CARTESIAN_POINT('',(-0.634297542028,0.461308494958,0.5));
#8293 = CARTESIAN_POINT('',(-0.625200320512,0.461538461538,0.6));
#8294 = CARTESIAN_POINT('',(-0.625200320512,0.461538461538,0.5));
#8295 = ADVANCED_FACE('',(#8296),#8338,.T.);
#8296 = FACE_BOUND('',#8297,.T.);
#8297 = EDGE_LOOP('',(#8298,#8299,#8300,#8332));
#8298 = ORIENTED_EDGE('',*,*,#1614,.F.);
#8299 = ORIENTED_EDGE('',*,*,#8259,.F.);
#8300 = ORIENTED_EDGE('',*,*,#8301,.T.);
#8301 = EDGE_CURVE('',#8240,#8302,#8304,.T.);
#8302 = VERTEX_POINT('',#8303);
#8303 = CARTESIAN_POINT('',(-0.403846153846,0.249499198717,0.6));
#8304 = B_SPLINE_CURVE_WITH_KNOTS('',3,(#8305,#8306,#8307,#8308,#8309,
    #8310,#8311,#8312,#8313,#8314,#8315,#8316,#8317,#8318,#8319,#8320,
    #8321,#8322,#8323,#8324,#8325,#8326,#8327,#8328,#8329,#8330,#8331),
  .UNSPECIFIED.,.F.,.F.,(4,1,1,1,1,1,1,1,1,1,1,1,1,1,1,1,1,1,1,1,1,1,1,1
    ,4),(0.,4.3954908906E-02,8.7501874797E-02,0.130462626731,
    0.172752020566,0.215403067379,0.257649829743,0.300152748957,
    0.343121489502,0.385925163206,0.427685727402,0.468817950486,
    0.509491800154,0.549883031073,0.589980022966,0.630405230006,
    0.670868626082,0.711383943838,0.751627258063,0.791775576865,
    0.832458918803,0.873319045017,0.914542955626,0.956923558209,1.),
  .UNSPECIFIED.);
#8305 = CARTESIAN_POINT('',(-0.625200320512,0.461538461538,0.6));
#8306 = CARTESIAN_POINT('',(-0.620188420607,0.461480752608,0.6));
#8307 = CARTESIAN_POINT('',(-0.610211135954,0.461365870341,0.6));
#8308 = CARTESIAN_POINT('',(-0.595404211168,0.459850281026,0.6));
#8309 = CARTESIAN_POINT('',(-0.580873775292,0.457720108163,
    0.599999999999));
#8310 = CARTESIAN_POINT('',(-0.566629280118,0.454559347702,0.6));
#8311 = CARTESIAN_POINT('',(-0.552688857469,0.450563259263,0.6));
#8312 = CARTESIAN_POINT('',(-0.53896137146,0.445788200131,0.6));
#8313 = CARTESIAN_POINT('',(-0.525645571489,0.439880365865,0.6));
#8314 = CARTESIAN_POINT('',(-0.512557251744,0.433350614443,0.6));
#8315 = CARTESIAN_POINT('',(-0.500017364459,0.425975265194,0.6));
#8316 = CARTESIAN_POINT('',(-0.488152357634,0.417930500639,0.6));
#8317 = CARTESIAN_POINT('',(-0.477005505073,0.409306344005,0.6));
#8318 = CARTESIAN_POINT('',(-0.466567989054,0.400070471665,0.6));
#8319 = CARTESIAN_POINT('',(-0.456829139292,0.390264477311,0.6));
#8320 = CARTESIAN_POINT('',(-0.447859523463,0.379783857084,0.6));
#8321 = CARTESIAN_POINT('',(-0.439690179139,0.368662118011,0.6));
#8322 = CARTESIAN_POINT('',(-0.432159175559,0.357045916931,0.6));
#8323 = CARTESIAN_POINT('',(-0.425414499365,0.344969089554,0.6));
#8324 = CARTESIAN_POINT('',(-0.419767373738,0.332386936635,0.6));
#8325 = CARTESIAN_POINT('',(-0.414766641994,0.319514921916,0.6));
#8326 = CARTESIAN_POINT('',(-0.410809607331,0.306207613226,0.6));
#8327 = CARTESIAN_POINT('',(-0.407677533498,0.292558646677,0.6));
#8328 = CARTESIAN_POINT('',(-0.405516438744,0.278531391256,0.6));
#8329 = CARTESIAN_POINT('',(-0.404018085716,0.264155151313,0.6));
#8330 = CARTESIAN_POINT('',(-0.403903774731,0.254410963797,0.6));
#8331 = CARTESIAN_POINT('',(-0.403846153846,0.249499198717,0.6));
#8332 = ORIENTED_EDGE('',*,*,#8333,.T.);
#8333 = EDGE_CURVE('',#8302,#1615,#8334,.T.);
#8334 = LINE('',#8335,#8336);
#8335 = CARTESIAN_POINT('',(-0.403846153846,0.249499198717,0.6));
#8336 = VECTOR('',#8337,1.);
#8337 = DIRECTION('',(0.,-1.328679132947E-16,-1.));
#8338 = B_SPLINE_SURFACE_WITH_KNOTS('',3,1,(
    (#8339,#8340)
    ,(#8341,#8342)
    ,(#8343,#8344)
    ,(#8345,#8346)
    ,(#8347,#8348)
    ,(#8349,#8350)
    ,(#8351,#8352)
    ,(#8353,#8354)
    ,(#8355,#8356)
    ,(#8357,#8358)
    ,(#8359,#8360)
    ,(#8361,#8362)
    ,(#8363,#8364)
    ,(#8365,#8366)
    ,(#8367,#8368)
    ,(#8369,#8370)
    ,(#8371,#8372)
    ,(#8373,#8374)
    ,(#8375,#8376)
    ,(#8377,#8378)
    ,(#8379,#8380)
    ,(#8381,#8382)
    ,(#8383,#8384)
    ,(#8385,#8386)
    ,(#8387,#8388)
    ,(#8389,#8390)
    ,(#8391,#8392
    )),.UNSPECIFIED.,.F.,.F.,.F.,(4,1,1,1,1,1,1,1,1,1,1,1,1,1,1,1,1,1,1,
    1,1,1,1,1,4),(2,2),(0.,4.3954908906E-02,8.7501874797E-02,
    0.130462626731,0.172752020566,0.215403067379,0.257649829743,
    0.300152748957,0.343121489502,0.385925163206,0.427685727402,
    0.468817950486,0.509491800154,0.549883031073,0.589980022966,
    0.630405230006,0.670868626082,0.711383943838,0.751627258063,
    0.791775576865,0.832458918803,0.873319045017,0.914542955626,
    0.956923558209,1.),(0.,1.),.UNSPECIFIED.);
#8339 = CARTESIAN_POINT('',(-0.625200320512,0.461538461538,0.6));
#8340 = CARTESIAN_POINT('',(-0.625200320512,0.461538461538,0.5));
#8341 = CARTESIAN_POINT('',(-0.620188420607,0.461480752608,0.6));
#8342 = CARTESIAN_POINT('',(-0.620188420607,0.461480752608,0.5));
#8343 = CARTESIAN_POINT('',(-0.610211135954,0.461365870341,0.6));
#8344 = CARTESIAN_POINT('',(-0.610211135954,0.461365870341,0.5));
#8345 = CARTESIAN_POINT('',(-0.595404211168,0.459850281026,0.6));
#8346 = CARTESIAN_POINT('',(-0.595404211168,0.459850281026,0.5));
#8347 = CARTESIAN_POINT('',(-0.580873775292,0.457720108163,
    0.599999999999));
#8348 = CARTESIAN_POINT('',(-0.580873775292,0.457720108163,
    0.499999999999));
#8349 = CARTESIAN_POINT('',(-0.566629280118,0.454559347702,0.6));
#8350 = CARTESIAN_POINT('',(-0.566629280118,0.454559347702,0.5));
#8351 = CARTESIAN_POINT('',(-0.552688857469,0.450563259263,0.6));
#8352 = CARTESIAN_POINT('',(-0.552688857469,0.450563259263,0.5));
#8353 = CARTESIAN_POINT('',(-0.53896137146,0.445788200131,0.6));
#8354 = CARTESIAN_POINT('',(-0.53896137146,0.445788200131,0.5));
#8355 = CARTESIAN_POINT('',(-0.525645571489,0.439880365865,0.6));
#8356 = CARTESIAN_POINT('',(-0.525645571489,0.439880365865,0.5));
#8357 = CARTESIAN_POINT('',(-0.512557251744,0.433350614443,0.6));
#8358 = CARTESIAN_POINT('',(-0.512557251744,0.433350614443,0.5));
#8359 = CARTESIAN_POINT('',(-0.500017364459,0.425975265194,0.6));
#8360 = CARTESIAN_POINT('',(-0.500017364459,0.425975265194,0.5));
#8361 = CARTESIAN_POINT('',(-0.488152357634,0.417930500639,0.6));
#8362 = CARTESIAN_POINT('',(-0.488152357634,0.417930500639,0.5));
#8363 = CARTESIAN_POINT('',(-0.477005505073,0.409306344005,0.6));
#8364 = CARTESIAN_POINT('',(-0.477005505073,0.409306344005,0.5));
#8365 = CARTESIAN_POINT('',(-0.466567989054,0.400070471665,0.6));
#8366 = CARTESIAN_POINT('',(-0.466567989054,0.400070471665,0.5));
#8367 = CARTESIAN_POINT('',(-0.456829139292,0.390264477311,0.6));
#8368 = CARTESIAN_POINT('',(-0.456829139292,0.390264477311,0.5));
#8369 = CARTESIAN_POINT('',(-0.447859523463,0.379783857084,0.6));
#8370 = CARTESIAN_POINT('',(-0.447859523463,0.379783857084,0.5));
#8371 = CARTESIAN_POINT('',(-0.439690179139,0.368662118011,0.6));
#8372 = CARTESIAN_POINT('',(-0.439690179139,0.368662118011,0.5));
#8373 = CARTESIAN_POINT('',(-0.432159175559,0.357045916931,0.6));
#8374 = CARTESIAN_POINT('',(-0.432159175559,0.357045916931,0.5));
#8375 = CARTESIAN_POINT('',(-0.425414499365,0.344969089554,0.6));
#8376 = CARTESIAN_POINT('',(-0.425414499365,0.344969089554,0.5));
#8377 = CARTESIAN_POINT('',(-0.419767373738,0.332386936635,0.6));
#8378 = CARTESIAN_POINT('',(-0.419767373738,0.332386936635,0.5));
#8379 = CARTESIAN_POINT('',(-0.414766641994,0.319514921916,0.6));
#8380 = CARTESIAN_POINT('',(-0.414766641994,0.319514921916,0.5));
#8381 = CARTESIAN_POINT('',(-0.410809607331,0.306207613226,0.6));
#8382 = CARTESIAN_POINT('',(-0.410809607331,0.306207613226,0.5));
#8383 = CARTESIAN_POINT('',(-0.407677533498,0.292558646677,0.6));
#8384 = CARTESIAN_POINT('',(-0.407677533498,0.292558646677,0.5));
#8385 = CARTESIAN_POINT('',(-0.405516438744,0.278531391256,0.6));
#8386 = CARTESIAN_POINT('',(-0.405516438744,0.278531391256,0.5));
#8387 = CARTESIAN_POINT('',(-0.404018085716,0.264155151313,0.6));
#8388 = CARTESIAN_POINT('',(-0.404018085716,0.264155151313,0.5));
#8389 = CARTESIAN_POINT('',(-0.403903774731,0.254410963797,0.6));
#8390 = CARTESIAN_POINT('',(-0.403903774731,0.254410963797,0.5));
#8391 = CARTESIAN_POINT('',(-0.403846153846,0.249499198717,0.6));
#8392 = CARTESIAN_POINT('',(-0.403846153846,0.249499198717,0.5));
#8393 = ADVANCED_FACE('',(#8394),#8428,.T.);
#8394 = FACE_BOUND('',#8395,.T.);
#8395 = EDGE_LOOP('',(#8396,#8397,#8398,#8422));
#8396 = ORIENTED_EDGE('',*,*,#1646,.F.);
#8397 = ORIENTED_EDGE('',*,*,#8333,.F.);
#8398 = ORIENTED_EDGE('',*,*,#8399,.T.);
#8399 = EDGE_CURVE('',#8302,#8400,#8402,.T.);
#8400 = VERTEX_POINT('',#8401);
#8401 = CARTESIAN_POINT('',(-0.628305288461,3.8461538461E-02,0.6));
#8402 = B_SPLINE_CURVE_WITH_KNOTS('',3,(#8403,#8404,#8405,#8406,#8407,
    #8408,#8409,#8410,#8411,#8412,#8413,#8414,#8415,#8416,#8417,#8418,
    #8419,#8420,#8421),.UNSPECIFIED.,.F.,.F.,(4,1,1,1,1,1,1,1,1,1,1,1,1,
    1,1,1,4),(0.,6.4323216579E-02,0.126290103703,0.186726469216,
    0.246146432335,0.305575642646,0.365429385618,0.426326308948,
    0.4888399064,0.551724971814,0.613918596466,0.675483765768,
    0.737333897099,0.800229044394,0.864502298123,0.931040739155,1.),
  .UNSPECIFIED.);
#8403 = CARTESIAN_POINT('',(-0.403846153846,0.249499198717,0.6));
#8404 = CARTESIAN_POINT('',(-0.404026413706,0.242109010157,0.6));
#8405 = CARTESIAN_POINT('',(-0.404380330032,0.227599355179,0.6));
#8406 = CARTESIAN_POINT('',(-0.407530092044,0.206346410816,0.6));
#8407 = CARTESIAN_POINT('',(-0.412316533656,0.185986314561,0.6));
#8408 = CARTESIAN_POINT('',(-0.419490187504,0.166646337088,0.6));
#8409 = CARTESIAN_POINT('',(-0.428335766156,0.148088000223,0.6));
#8410 = CARTESIAN_POINT('',(-0.439512996371,0.130625306879,0.6));
#8411 = CARTESIAN_POINT('',(-0.452458215994,0.113994369092,0.6));
#8412 = CARTESIAN_POINT('',(-0.467354561632,9.8588233699E-02,0.6));
#8413 = CARTESIAN_POINT('',(-0.48369824963,8.4514844371E-02,0.6));
#8414 = CARTESIAN_POINT('',(-0.501233665572,7.2121904155E-02,0.6));
#8415 = CARTESIAN_POINT('',(-0.519917135255,6.179120666E-02,0.6));
#8416 = CARTESIAN_POINT('',(-0.539542368139,5.3194642872E-02,0.6));
#8417 = CARTESIAN_POINT('',(-0.560260384413,4.6586538921E-02,0.6));
#8418 = CARTESIAN_POINT('',(-0.582033927615,4.1934521277E-02,0.6));
#8419 = CARTESIAN_POINT('',(-0.604815641222,3.8899924057E-02,0.6));
#8420 = CARTESIAN_POINT('',(-0.62038269835,3.860939719E-02,0.6));
#8421 = CARTESIAN_POINT('',(-0.628305288461,3.8461538461E-02,0.6));
#8422 = ORIENTED_EDGE('',*,*,#8423,.T.);
#8423 = EDGE_CURVE('',#8400,#1647,#8424,.T.);
#8424 = LINE('',#8425,#8426);
#8425 = CARTESIAN_POINT('',(-0.628305288461,3.8461538461E-02,0.6));
#8426 = VECTOR('',#8427,1.);
#8427 = DIRECTION('',(0.,-1.328679132947E-16,-1.));
#8428 = B_SPLINE_SURFACE_WITH_KNOTS('',3,1,(
    (#8429,#8430)
    ,(#8431,#8432)
    ,(#8433,#8434)
    ,(#8435,#8436)
    ,(#8437,#8438)
    ,(#8439,#8440)
    ,(#8441,#8442)
    ,(#8443,#8444)
    ,(#8445,#8446)
    ,(#8447,#8448)
    ,(#8449,#8450)
    ,(#8451,#8452)
    ,(#8453,#8454)
    ,(#8455,#8456)
    ,(#8457,#8458)
    ,(#8459,#8460)
    ,(#8461,#8462)
    ,(#8463,#8464)
    ,(#8465,#8466
    )),.UNSPECIFIED.,.F.,.F.,.F.,(4,1,1,1,1,1,1,1,1,1,1,1,1,1,1,1,4),(2,
    2),(0.,6.4323216579E-02,0.126290103703,0.186726469216,0.246146432335
    ,0.305575642646,0.365429385618,0.426326308948,0.4888399064,
    0.551724971814,0.613918596466,0.675483765768,0.737333897099,
    0.800229044394,0.864502298123,0.931040739155,1.),(0.,1.),
  .UNSPECIFIED.);
#8429 = CARTESIAN_POINT('',(-0.403846153846,0.249499198717,0.6));
#8430 = CARTESIAN_POINT('',(-0.403846153846,0.249499198717,0.5));
#8431 = CARTESIAN_POINT('',(-0.404026413706,0.242109010157,0.6));
#8432 = CARTESIAN_POINT('',(-0.404026413706,0.242109010157,0.5));
#8433 = CARTESIAN_POINT('',(-0.404380330032,0.227599355179,0.6));
#8434 = CARTESIAN_POINT('',(-0.404380330032,0.227599355179,0.5));
#8435 = CARTESIAN_POINT('',(-0.407530092044,0.206346410816,0.6));
#8436 = CARTESIAN_POINT('',(-0.407530092044,0.206346410816,0.5));
#8437 = CARTESIAN_POINT('',(-0.412316533656,0.185986314561,0.6));
#8438 = CARTESIAN_POINT('',(-0.412316533656,0.185986314561,0.5));
#8439 = CARTESIAN_POINT('',(-0.419490187504,0.166646337088,0.6));
#8440 = CARTESIAN_POINT('',(-0.419490187504,0.166646337088,0.5));
#8441 = CARTESIAN_POINT('',(-0.428335766156,0.148088000223,0.6));
#8442 = CARTESIAN_POINT('',(-0.428335766156,0.148088000223,0.5));
#8443 = CARTESIAN_POINT('',(-0.439512996371,0.130625306879,0.6));
#8444 = CARTESIAN_POINT('',(-0.439512996371,0.130625306879,0.5));
#8445 = CARTESIAN_POINT('',(-0.452458215994,0.113994369092,0.6));
#8446 = CARTESIAN_POINT('',(-0.452458215994,0.113994369092,0.5));
#8447 = CARTESIAN_POINT('',(-0.467354561632,9.8588233699E-02,0.6));
#8448 = CARTESIAN_POINT('',(-0.467354561632,9.8588233699E-02,0.5));
#8449 = CARTESIAN_POINT('',(-0.48369824963,8.4514844371E-02,0.6));
#8450 = CARTESIAN_POINT('',(-0.48369824963,8.4514844371E-02,0.5));
#8451 = CARTESIAN_POINT('',(-0.501233665572,7.2121904155E-02,0.6));
#8452 = CARTESIAN_POINT('',(-0.501233665572,7.2121904155E-02,0.5));
#8453 = CARTESIAN_POINT('',(-0.519917135255,6.179120666E-02,0.6));
#8454 = CARTESIAN_POINT('',(-0.519917135255,6.179120666E-02,0.5));
#8455 = CARTESIAN_POINT('',(-0.539542368139,5.3194642872E-02,0.6));
#8456 = CARTESIAN_POINT('',(-0.539542368139,5.3194642872E-02,0.5));
#8457 = CARTESIAN_POINT('',(-0.560260384413,4.6586538921E-02,0.6));
#8458 = CARTESIAN_POINT('',(-0.560260384413,4.6586538921E-02,0.5));
#8459 = CARTESIAN_POINT('',(-0.582033927615,4.1934521277E-02,0.6));
#8460 = CARTESIAN_POINT('',(-0.582033927615,4.1934521277E-02,0.5));
#8461 = CARTESIAN_POINT('',(-0.604815641222,3.8899924057E-02,0.6));
#8462 = CARTESIAN_POINT('',(-0.604815641222,3.8899924057E-02,0.5));
#8463 = CARTESIAN_POINT('',(-0.62038269835,3.860939719E-02,0.6));
#8464 = CARTESIAN_POINT('',(-0.62038269835,3.860939719E-02,0.5));
#8465 = CARTESIAN_POINT('',(-0.628305288461,3.8461538461E-02,0.6));
#8466 = CARTESIAN_POINT('',(-0.628305288461,3.8461538461E-02,0.5));
#8467 = ADVANCED_FACE('',(#8468),#8494,.T.);
#8468 = FACE_BOUND('',#8469,.T.);
#8469 = EDGE_LOOP('',(#8470,#8471,#8472,#8488));
#8470 = ORIENTED_EDGE('',*,*,#1670,.F.);
#8471 = ORIENTED_EDGE('',*,*,#8423,.F.);
#8472 = ORIENTED_EDGE('',*,*,#8473,.T.);
#8473 = EDGE_CURVE('',#8400,#8474,#8476,.T.);
#8474 = VERTEX_POINT('',#8475);
#8475 = CARTESIAN_POINT('',(-0.806891025641,0.121794871794,0.6));
#8476 = B_SPLINE_CURVE_WITH_KNOTS('',3,(#8477,#8478,#8479,#8480,#8481,
    #8482,#8483,#8484,#8485,#8486,#8487),.UNSPECIFIED.,.F.,.F.,(4,1,1,1,
    1,1,1,1,4),(0.,0.128515189511,0.252948636352,0.374754734006,
    0.495939753867,0.617180641429,0.740909469278,0.867811148186,1.),
  .UNSPECIFIED.);
#8477 = CARTESIAN_POINT('',(-0.628305288461,3.8461538461E-02,0.6));
#8478 = CARTESIAN_POINT('',(-0.637034244032,3.8702792711E-02,0.6));
#8479 = CARTESIAN_POINT('',(-0.654214916734,3.9177638788E-02,0.6));
#8480 = CARTESIAN_POINT('',(-0.679410349069,4.3200388663E-02,0.6));
#8481 = CARTESIAN_POINT('',(-0.703529744159,4.9722948354E-02,0.6));
#8482 = CARTESIAN_POINT('',(-0.726574399379,5.8851222971E-02,0.6));
#8483 = CARTESIAN_POINT('',(-0.748479348837,7.0717692671E-02,0.6));
#8484 = CARTESIAN_POINT('',(-0.769278871738,8.5103103729E-02,0.6));
#8485 = CARTESIAN_POINT('',(-0.788990524667,0.102144294124,0.6));
#8486 = CARTESIAN_POINT('',(-0.800843564987,0.115156169589,0.6));
#8487 = CARTESIAN_POINT('',(-0.806891025641,0.121794871794,0.6));
#8488 = ORIENTED_EDGE('',*,*,#8489,.T.);
#8489 = EDGE_CURVE('',#8474,#1671,#8490,.T.);
#8490 = LINE('',#8491,#8492);
#8491 = CARTESIAN_POINT('',(-0.806891025641,0.121794871794,0.6));
#8492 = VECTOR('',#8493,1.);
#8493 = DIRECTION('',(0.,-1.328679132947E-16,-1.));
#8494 = B_SPLINE_SURFACE_WITH_KNOTS('',3,1,(
    (#8495,#8496)
    ,(#8497,#8498)
    ,(#8499,#8500)
    ,(#8501,#8502)
    ,(#8503,#8504)
    ,(#8505,#8506)
    ,(#8507,#8508)
    ,(#8509,#8510)
    ,(#8511,#8512)
    ,(#8513,#8514)
    ,(#8515,#8516
  )),.UNSPECIFIED.,.F.,.F.,.F.,(4,1,1,1,1,1,1,1,4),(2,2),(0.,
    0.128515189511,0.252948636352,0.374754734006,0.495939753867,
    0.617180641429,0.740909469278,0.867811148186,1.),(0.,1.),
  .UNSPECIFIED.);
#8495 = CARTESIAN_POINT('',(-0.628305288461,3.8461538461E-02,0.6));
#8496 = CARTESIAN_POINT('',(-0.628305288461,3.8461538461E-02,0.5));
#8497 = CARTESIAN_POINT('',(-0.637034244032,3.8702792711E-02,0.6));
#8498 = CARTESIAN_POINT('',(-0.637034244032,3.8702792711E-02,0.5));
#8499 = CARTESIAN_POINT('',(-0.654214916734,3.9177638788E-02,0.6));
#8500 = CARTESIAN_POINT('',(-0.654214916734,3.9177638788E-02,0.5));
#8501 = CARTESIAN_POINT('',(-0.679410349069,4.3200388663E-02,0.6));
#8502 = CARTESIAN_POINT('',(-0.679410349069,4.3200388663E-02,0.5));
#8503 = CARTESIAN_POINT('',(-0.703529744159,4.9722948354E-02,0.6));
#8504 = CARTESIAN_POINT('',(-0.703529744159,4.9722948354E-02,0.5));
#8505 = CARTESIAN_POINT('',(-0.726574399379,5.8851222971E-02,0.6));
#8506 = CARTESIAN_POINT('',(-0.726574399379,5.8851222971E-02,0.5));
#8507 = CARTESIAN_POINT('',(-0.748479348837,7.0717692671E-02,0.6));
#8508 = CARTESIAN_POINT('',(-0.748479348837,7.0717692671E-02,0.5));
#8509 = CARTESIAN_POINT('',(-0.769278871738,8.5103103729E-02,0.6));
#8510 = CARTESIAN_POINT('',(-0.769278871738,8.5103103729E-02,0.5));
#8511 = CARTESIAN_POINT('',(-0.788990524667,0.102144294124,0.6));
#8512 = CARTESIAN_POINT('',(-0.788990524667,0.102144294124,0.5));
#8513 = CARTESIAN_POINT('',(-0.800843564987,0.115156169589,0.6));
#8514 = CARTESIAN_POINT('',(-0.800843564987,0.115156169589,0.5));
#8515 = CARTESIAN_POINT('',(-0.806891025641,0.121794871794,0.6));
#8516 = CARTESIAN_POINT('',(-0.806891025641,0.121794871794,0.5));
#8517 = ADVANCED_FACE('',(#8518),#8536,.T.);
#8518 = FACE_BOUND('',#8519,.T.);
#8519 = EDGE_LOOP('',(#8520,#8521,#8522,#8530));
#8520 = ORIENTED_EDGE('',*,*,#1686,.F.);
#8521 = ORIENTED_EDGE('',*,*,#8489,.F.);
#8522 = ORIENTED_EDGE('',*,*,#8523,.T.);
#8523 = EDGE_CURVE('',#8474,#8524,#8526,.T.);
#8524 = VERTEX_POINT('',#8525);
#8525 = CARTESIAN_POINT('',(-0.846153846153,9.2047275641E-02,0.6));
#8526 = LINE('',#8527,#8528);
#8527 = CARTESIAN_POINT('',(-0.806891025641,0.121794871794,0.6));
#8528 = VECTOR('',#8529,1.);
#8529 = DIRECTION('',(-0.797062489627,-0.603896835253,0.));
#8530 = ORIENTED_EDGE('',*,*,#8531,.T.);
#8531 = EDGE_CURVE('',#8524,#1687,#8532,.T.);
#8532 = LINE('',#8533,#8534);
#8533 = CARTESIAN_POINT('',(-0.846153846153,9.2047275641E-02,0.6));
#8534 = VECTOR('',#8535,1.);
#8535 = DIRECTION('',(0.,-1.328679132947E-16,-1.));
#8536 = PLANE('',#8537);
#8537 = AXIS2_PLACEMENT_3D('',#8538,#8539,#8540);
#8538 = CARTESIAN_POINT('',(-0.806891025641,0.121794871794,0.6));
#8539 = DIRECTION('',(0.603896835253,-0.797062489627,1.059040297624E-16)
  );
#8540 = DIRECTION('',(0.797062489627,0.603896835253,-6.162975822039E-33)
  );
#8541 = ADVANCED_FACE('',(#8542),#8576,.T.);
#8542 = FACE_BOUND('',#8543,.T.);
#8543 = EDGE_LOOP('',(#8544,#8545,#8546,#8570));
#8544 = ORIENTED_EDGE('',*,*,#1694,.F.);
#8545 = ORIENTED_EDGE('',*,*,#8531,.F.);
#8546 = ORIENTED_EDGE('',*,*,#8547,.T.);
#8547 = EDGE_CURVE('',#8524,#8548,#8550,.T.);
#8548 = VERTEX_POINT('',#8549);
#8549 = CARTESIAN_POINT('',(-0.62860576923,-1.282051282E-02,0.6));
#8550 = B_SPLINE_CURVE_WITH_KNOTS('',3,(#8551,#8552,#8553,#8554,#8555,
    #8556,#8557,#8558,#8559,#8560,#8561,#8562,#8563,#8564,#8565,#8566,
    #8567,#8568,#8569),.UNSPECIFIED.,.F.,.F.,(4,1,1,1,1,1,1,1,1,1,1,1,1,
    1,1,1,4),(0.,6.1674238877E-02,0.123053061634,0.183475000731,
    0.24372650051,0.304278916512,0.36486292096,0.425946203968,
    0.487391229965,0.549220384075,0.611143588692,0.67352853031,
    0.736961456657,0.800785282872,0.866012595641,0.93210074779,1.),
  .UNSPECIFIED.);
#8551 = CARTESIAN_POINT('',(-0.846153846153,9.2047275641E-02,0.6));
#8552 = CARTESIAN_POINT('',(-0.84299411617,8.7970353937E-02,0.6));
#8553 = CARTESIAN_POINT('',(-0.836689791132,7.9836038755E-02,0.6));
#8554 = CARTESIAN_POINT('',(-0.826481502992,6.8368651652E-02,0.6));
#8555 = CARTESIAN_POINT('',(-0.815727603364,5.7582360866E-02,0.6));
#8556 = CARTESIAN_POINT('',(-0.80434821622,4.7564129262E-02,0.6));
#8557 = CARTESIAN_POINT('',(-0.792474245993,3.8113491319E-02,0.6));
#8558 = CARTESIAN_POINT('',(-0.779892487086,2.9498943994E-02,0.6));
#8559 = CARTESIAN_POINT('',(-0.766768339585,2.1600246239E-02,0.6));
#8560 = CARTESIAN_POINT('',(-0.75314627117,1.4367828452E-02,0.6));
#8561 = CARTESIAN_POINT('',(-0.739040755056,7.951078877E-03,0.6));
#8562 = CARTESIAN_POINT('',(-0.724468692922,2.457683478E-03,0.6));
#8563 = CARTESIAN_POINT('',(-0.709492896421,-2.274443597E-03,0.6));
#8564 = CARTESIAN_POINT('',(-0.694112680934,-6.167577415E-03,0.6));
#8565 = CARTESIAN_POINT('',(-0.678296144244,-9.206303683E-03,0.6));
#8566 = CARTESIAN_POINT('',(-0.662100362231,-1.1237685803E-02,0.6));
#8567 = CARTESIAN_POINT('',(-0.645490380057,-1.2629387865E-02,0.6));
#8568 = CARTESIAN_POINT('',(-0.634284462753,-1.2756232982E-02,0.6));
#8569 = CARTESIAN_POINT('',(-0.62860576923,-1.282051282E-02,0.6));
#8570 = ORIENTED_EDGE('',*,*,#8571,.T.);
#8571 = EDGE_CURVE('',#8548,#1695,#8572,.T.);
#8572 = LINE('',#8573,#8574);
#8573 = CARTESIAN_POINT('',(-0.62860576923,-1.282051282E-02,0.6));
#8574 = VECTOR('',#8575,1.);
#8575 = DIRECTION('',(0.,-1.328679132947E-16,-1.));
#8576 = B_SPLINE_SURFACE_WITH_KNOTS('',3,1,(
    (#8577,#8578)
    ,(#8579,#8580)
    ,(#8581,#8582)
    ,(#8583,#8584)
    ,(#8585,#8586)
    ,(#8587,#8588)
    ,(#8589,#8590)
    ,(#8591,#8592)
    ,(#8593,#8594)
    ,(#8595,#8596)
    ,(#8597,#8598)
    ,(#8599,#8600)
    ,(#8601,#8602)
    ,(#8603,#8604)
    ,(#8605,#8606)
    ,(#8607,#8608)
    ,(#8609,#8610)
    ,(#8611,#8612)
    ,(#8613,#8614
    )),.UNSPECIFIED.,.F.,.F.,.F.,(4,1,1,1,1,1,1,1,1,1,1,1,1,1,1,1,4),(2,
    2),(0.,6.1674238877E-02,0.123053061634,0.183475000731,0.24372650051,
    0.304278916512,0.36486292096,0.425946203968,0.487391229965,
    0.549220384075,0.611143588692,0.67352853031,0.736961456657,
    0.800785282872,0.866012595641,0.93210074779,1.),(0.,1.),
  .UNSPECIFIED.);
#8577 = CARTESIAN_POINT('',(-0.846153846153,9.2047275641E-02,0.6));
#8578 = CARTESIAN_POINT('',(-0.846153846153,9.2047275641E-02,0.5));
#8579 = CARTESIAN_POINT('',(-0.84299411617,8.7970353937E-02,0.6));
#8580 = CARTESIAN_POINT('',(-0.84299411617,8.7970353937E-02,0.5));
#8581 = CARTESIAN_POINT('',(-0.836689791132,7.9836038755E-02,0.6));
#8582 = CARTESIAN_POINT('',(-0.836689791132,7.9836038755E-02,0.5));
#8583 = CARTESIAN_POINT('',(-0.826481502992,6.8368651652E-02,0.6));
#8584 = CARTESIAN_POINT('',(-0.826481502992,6.8368651652E-02,0.5));
#8585 = CARTESIAN_POINT('',(-0.815727603364,5.7582360866E-02,0.6));
#8586 = CARTESIAN_POINT('',(-0.815727603364,5.7582360866E-02,0.5));
#8587 = CARTESIAN_POINT('',(-0.80434821622,4.7564129262E-02,0.6));
#8588 = CARTESIAN_POINT('',(-0.80434821622,4.7564129262E-02,0.5));
#8589 = CARTESIAN_POINT('',(-0.792474245993,3.8113491319E-02,0.6));
#8590 = CARTESIAN_POINT('',(-0.792474245993,3.8113491319E-02,0.5));
#8591 = CARTESIAN_POINT('',(-0.779892487086,2.9498943994E-02,0.6));
#8592 = CARTESIAN_POINT('',(-0.779892487086,2.9498943994E-02,0.5));
#8593 = CARTESIAN_POINT('',(-0.766768339585,2.1600246239E-02,0.6));
#8594 = CARTESIAN_POINT('',(-0.766768339585,2.1600246239E-02,0.5));
#8595 = CARTESIAN_POINT('',(-0.75314627117,1.4367828452E-02,0.6));
#8596 = CARTESIAN_POINT('',(-0.75314627117,1.4367828452E-02,0.5));
#8597 = CARTESIAN_POINT('',(-0.739040755056,7.951078877E-03,0.6));
#8598 = CARTESIAN_POINT('',(-0.739040755056,7.951078877E-03,0.5));
#8599 = CARTESIAN_POINT('',(-0.724468692922,2.457683478E-03,0.6));
#8600 = CARTESIAN_POINT('',(-0.724468692922,2.457683478E-03,0.5));
#8601 = CARTESIAN_POINT('',(-0.709492896421,-2.274443597E-03,0.6));
#8602 = CARTESIAN_POINT('',(-0.709492896421,-2.274443597E-03,0.5));
#8603 = CARTESIAN_POINT('',(-0.694112680934,-6.167577415E-03,0.6));
#8604 = CARTESIAN_POINT('',(-0.694112680934,-6.167577415E-03,0.5));
#8605 = CARTESIAN_POINT('',(-0.678296144244,-9.206303683E-03,0.6));
#8606 = CARTESIAN_POINT('',(-0.678296144244,-9.206303683E-03,0.5));
#8607 = CARTESIAN_POINT('',(-0.662100362231,-1.1237685803E-02,0.6));
#8608 = CARTESIAN_POINT('',(-0.662100362231,-1.1237685803E-02,0.5));
#8609 = CARTESIAN_POINT('',(-0.645490380057,-1.2629387865E-02,0.6));
#8610 = CARTESIAN_POINT('',(-0.645490380057,-1.2629387865E-02,0.5));
#8611 = CARTESIAN_POINT('',(-0.634284462753,-1.2756232982E-02,0.6));
#8612 = CARTESIAN_POINT('',(-0.634284462753,-1.2756232982E-02,0.5));
#8613 = CARTESIAN_POINT('',(-0.62860576923,-1.282051282E-02,0.6));
#8614 = CARTESIAN_POINT('',(-0.62860576923,-1.282051282E-02,0.5));
#8615 = ADVANCED_FACE('',(#8616),#8650,.T.);
#8616 = FACE_BOUND('',#8617,.T.);
#8617 = EDGE_LOOP('',(#8618,#8619,#8620,#8644));
#8618 = ORIENTED_EDGE('',*,*,#1718,.F.);
#8619 = ORIENTED_EDGE('',*,*,#8571,.F.);
#8620 = ORIENTED_EDGE('',*,*,#8621,.T.);
#8621 = EDGE_CURVE('',#8548,#8622,#8624,.T.);
#8622 = VERTEX_POINT('',#8623);
#8623 = CARTESIAN_POINT('',(-0.422375801282,7.4619391025E-02,0.6));
#8624 = B_SPLINE_CURVE_WITH_KNOTS('',3,(#8625,#8626,#8627,#8628,#8629,
    #8630,#8631,#8632,#8633,#8634,#8635,#8636,#8637,#8638,#8639,#8640,
    #8641,#8642,#8643),.UNSPECIFIED.,.F.,.F.,(4,1,1,1,1,1,1,1,1,1,1,1,1,
    1,1,1,4),(0.,6.9662800899E-02,0.137749562258,0.203916743517,
    0.268779862329,0.332413706477,0.394753540447,0.456180031659,
    0.516995649196,0.577395937965,0.637198343509,0.696999184261,
    0.756756194225,0.816553905272,0.876947996597,0.93813178792,1.),
  .UNSPECIFIED.);
#8625 = CARTESIAN_POINT('',(-0.62860576923,-1.282051282E-02,0.6));
#8626 = CARTESIAN_POINT('',(-0.623228102508,-1.2783085312E-02,0.6));
#8627 = CARTESIAN_POINT('',(-0.612594432494,-1.270907705E-02,0.6));
#8628 = CARTESIAN_POINT('',(-0.596894610835,-1.1510195991E-02,0.6));
#8629 = CARTESIAN_POINT('',(-0.581610385006,-9.87451929E-03,0.6));
#8630 = CARTESIAN_POINT('',(-0.566785438454,-7.411643423E-03,0.6));
#8631 = CARTESIAN_POINT('',(-0.55233887059,-4.50530913E-03,0.6));
#8632 = CARTESIAN_POINT('',(-0.538401644234,-6.09415326E-04,0.6));
#8633 = CARTESIAN_POINT('',(-0.524836614183,3.754751329E-03,0.6));
#8634 = CARTESIAN_POINT('',(-0.511698279798,8.88403515E-03,0.6));
#8635 = CARTESIAN_POINT('',(-0.498975465541,1.4672061227E-02,0.6));
#8636 = CARTESIAN_POINT('',(-0.486709206774,2.1213712498E-02,0.6));
#8637 = CARTESIAN_POINT('',(-0.474905145003,2.8453978878E-02,0.6));
#8638 = CARTESIAN_POINT('',(-0.463447227738,3.6233266082E-02,0.6));
#8639 = CARTESIAN_POINT('',(-0.452504715784,4.4801452063E-02,0.6));
#8640 = CARTESIAN_POINT('',(-0.441982783592,5.4039542707E-02,0.6));
#8641 = CARTESIAN_POINT('',(-0.431822429844,6.3916401385E-02,0.6));
#8642 = CARTESIAN_POINT('',(-0.425536331989,7.1038523292E-02,0.6));
#8643 = CARTESIAN_POINT('',(-0.422375801282,7.4619391025E-02,0.6));
#8644 = ORIENTED_EDGE('',*,*,#8645,.T.);
#8645 = EDGE_CURVE('',#8622,#1719,#8646,.T.);
#8646 = LINE('',#8647,#8648);
#8647 = CARTESIAN_POINT('',(-0.422375801282,7.4619391025E-02,0.6));
#8648 = VECTOR('',#8649,1.);
#8649 = DIRECTION('',(0.,-1.328679132947E-16,-1.));
#8650 = B_SPLINE_SURFACE_WITH_KNOTS('',3,1,(
    (#8651,#8652)
    ,(#8653,#8654)
    ,(#8655,#8656)
    ,(#8657,#8658)
    ,(#8659,#8660)
    ,(#8661,#8662)
    ,(#8663,#8664)
    ,(#8665,#8666)
    ,(#8667,#8668)
    ,(#8669,#8670)
    ,(#8671,#8672)
    ,(#8673,#8674)
    ,(#8675,#8676)
    ,(#8677,#8678)
    ,(#8679,#8680)
    ,(#8681,#8682)
    ,(#8683,#8684)
    ,(#8685,#8686)
    ,(#8687,#8688
    )),.UNSPECIFIED.,.F.,.F.,.F.,(4,1,1,1,1,1,1,1,1,1,1,1,1,1,1,1,4),(2,
    2),(0.,6.9662800899E-02,0.137749562258,0.203916743517,0.268779862329
    ,0.332413706477,0.394753540447,0.456180031659,0.516995649196,
    0.577395937965,0.637198343509,0.696999184261,0.756756194225,
    0.816553905272,0.876947996597,0.93813178792,1.),(0.,1.),
  .UNSPECIFIED.);
#8651 = CARTESIAN_POINT('',(-0.62860576923,-1.282051282E-02,0.6));
#8652 = CARTESIAN_POINT('',(-0.62860576923,-1.282051282E-02,0.5));
#8653 = CARTESIAN_POINT('',(-0.623228102508,-1.2783085312E-02,0.6));
#8654 = CARTESIAN_POINT('',(-0.623228102508,-1.2783085312E-02,0.5));
#8655 = CARTESIAN_POINT('',(-0.612594432494,-1.270907705E-02,0.6));
#8656 = CARTESIAN_POINT('',(-0.612594432494,-1.270907705E-02,0.5));
#8657 = CARTESIAN_POINT('',(-0.596894610835,-1.1510195991E-02,0.6));
#8658 = CARTESIAN_POINT('',(-0.596894610835,-1.1510195991E-02,0.5));
#8659 = CARTESIAN_POINT('',(-0.581610385006,-9.87451929E-03,0.6));
#8660 = CARTESIAN_POINT('',(-0.581610385006,-9.87451929E-03,0.5));
#8661 = CARTESIAN_POINT('',(-0.566785438454,-7.411643423E-03,0.6));
#8662 = CARTESIAN_POINT('',(-0.566785438454,-7.411643423E-03,0.5));
#8663 = CARTESIAN_POINT('',(-0.55233887059,-4.50530913E-03,0.6));
#8664 = CARTESIAN_POINT('',(-0.55233887059,-4.50530913E-03,0.5));
#8665 = CARTESIAN_POINT('',(-0.538401644234,-6.09415326E-04,0.6));
#8666 = CARTESIAN_POINT('',(-0.538401644234,-6.09415326E-04,0.5));
#8667 = CARTESIAN_POINT('',(-0.524836614183,3.754751329E-03,0.6));
#8668 = CARTESIAN_POINT('',(-0.524836614183,3.754751329E-03,0.5));
#8669 = CARTESIAN_POINT('',(-0.511698279798,8.88403515E-03,0.6));
#8670 = CARTESIAN_POINT('',(-0.511698279798,8.88403515E-03,0.5));
#8671 = CARTESIAN_POINT('',(-0.498975465541,1.4672061227E-02,0.6));
#8672 = CARTESIAN_POINT('',(-0.498975465541,1.4672061227E-02,0.5));
#8673 = CARTESIAN_POINT('',(-0.486709206774,2.1213712498E-02,0.6));
#8674 = CARTESIAN_POINT('',(-0.486709206774,2.1213712498E-02,0.5));
#8675 = CARTESIAN_POINT('',(-0.474905145003,2.8453978878E-02,0.6));
#8676 = CARTESIAN_POINT('',(-0.474905145003,2.8453978878E-02,0.5));
#8677 = CARTESIAN_POINT('',(-0.463447227738,3.6233266082E-02,0.6));
#8678 = CARTESIAN_POINT('',(-0.463447227738,3.6233266082E-02,0.5));
#8679 = CARTESIAN_POINT('',(-0.452504715784,4.4801452063E-02,0.6));
#8680 = CARTESIAN_POINT('',(-0.452504715784,4.4801452063E-02,0.5));
#8681 = CARTESIAN_POINT('',(-0.441982783592,5.4039542707E-02,0.6));
#8682 = CARTESIAN_POINT('',(-0.441982783592,5.4039542707E-02,0.5));
#8683 = CARTESIAN_POINT('',(-0.431822429844,6.3916401385E-02,0.6));
#8684 = CARTESIAN_POINT('',(-0.431822429844,6.3916401385E-02,0.5));
#8685 = CARTESIAN_POINT('',(-0.425536331989,7.1038523292E-02,0.6));
#8686 = CARTESIAN_POINT('',(-0.425536331989,7.1038523292E-02,0.5));
#8687 = CARTESIAN_POINT('',(-0.422375801282,7.4619391025E-02,0.6));
#8688 = CARTESIAN_POINT('',(-0.422375801282,7.4619391025E-02,0.5));
#8689 = ADVANCED_FACE('',(#8690),#8716,.T.);
#8690 = FACE_BOUND('',#8691,.T.);
#8691 = EDGE_LOOP('',(#8692,#8693,#8694,#8710));
#8692 = ORIENTED_EDGE('',*,*,#1742,.F.);
#8693 = ORIENTED_EDGE('',*,*,#8645,.F.);
#8694 = ORIENTED_EDGE('',*,*,#8695,.T.);
#8695 = EDGE_CURVE('',#8622,#8696,#8698,.T.);
#8696 = VERTEX_POINT('',#8697);
#8697 = CARTESIAN_POINT('',(-0.358974358974,0.252904647435,0.6));
#8698 = B_SPLINE_CURVE_WITH_KNOTS('',3,(#8699,#8700,#8701,#8702,#8703,
    #8704,#8705,#8706,#8707,#8708,#8709),.UNSPECIFIED.,.F.,.F.,(4,1,1,1,
    1,1,1,1,4),(0.,0.124328509593,0.247156016361,0.368779749291,
    0.490733862401,0.613613771847,0.738957575722,0.867310575191,
    0.999999999999),.UNSPECIFIED.);
#8699 = CARTESIAN_POINT('',(-0.422375801282,7.4619391025E-02,0.6));
#8700 = CARTESIAN_POINT('',(-0.417313566496,8.083956087E-02,0.6));
#8701 = CARTESIAN_POINT('',(-0.407250212663,9.3204805214E-02,0.6));
#8702 = CARTESIAN_POINT('',(-0.394375115013,0.11324565968,0.6));
#8703 = CARTESIAN_POINT('',(-0.383354035698,0.134169689519,0.6));
#8704 = CARTESIAN_POINT('',(-0.374443189872,0.156086822202,0.6));
#8705 = CARTESIAN_POINT('',(-0.367477085136,0.178947877522,0.6));
#8706 = CARTESIAN_POINT('',(-0.362651200124,0.202764379581,0.6));
#8707 = CARTESIAN_POINT('',(-0.359515256628,0.22751408561,0.6));
#8708 = CARTESIAN_POINT('',(-0.359156643944,0.244347912561,0.6));
#8709 = CARTESIAN_POINT('',(-0.358974358974,0.252904647435,0.6));
#8710 = ORIENTED_EDGE('',*,*,#8711,.T.);
#8711 = EDGE_CURVE('',#8696,#1743,#8712,.T.);
#8712 = LINE('',#8713,#8714);
#8713 = CARTESIAN_POINT('',(-0.358974358974,0.252904647435,0.6));
#8714 = VECTOR('',#8715,1.);
#8715 = DIRECTION('',(0.,-1.328679132947E-16,-1.));
#8716 = B_SPLINE_SURFACE_WITH_KNOTS('',3,1,(
    (#8717,#8718)
    ,(#8719,#8720)
    ,(#8721,#8722)
    ,(#8723,#8724)
    ,(#8725,#8726)
    ,(#8727,#8728)
    ,(#8729,#8730)
    ,(#8731,#8732)
    ,(#8733,#8734)
    ,(#8735,#8736)
    ,(#8737,#8738
  )),.UNSPECIFIED.,.F.,.F.,.F.,(4,1,1,1,1,1,1,1,4),(2,2),(0.,
    0.124328509593,0.247156016361,0.368779749291,0.490733862401,
    0.613613771847,0.738957575722,0.867310575191,0.999999999999),(0.,1.)
  ,.UNSPECIFIED.);
#8717 = CARTESIAN_POINT('',(-0.422375801282,7.4619391025E-02,0.6));
#8718 = CARTESIAN_POINT('',(-0.422375801282,7.4619391025E-02,0.5));
#8719 = CARTESIAN_POINT('',(-0.417313566496,8.083956087E-02,0.6));
#8720 = CARTESIAN_POINT('',(-0.417313566496,8.083956087E-02,0.5));
#8721 = CARTESIAN_POINT('',(-0.407250212663,9.3204805214E-02,0.6));
#8722 = CARTESIAN_POINT('',(-0.407250212663,9.3204805214E-02,0.5));
#8723 = CARTESIAN_POINT('',(-0.394375115013,0.11324565968,0.6));
#8724 = CARTESIAN_POINT('',(-0.394375115013,0.11324565968,0.5));
#8725 = CARTESIAN_POINT('',(-0.383354035698,0.134169689519,0.6));
#8726 = CARTESIAN_POINT('',(-0.383354035698,0.134169689519,0.5));
#8727 = CARTESIAN_POINT('',(-0.374443189872,0.156086822202,0.6));
#8728 = CARTESIAN_POINT('',(-0.374443189872,0.156086822202,0.5));
#8729 = CARTESIAN_POINT('',(-0.367477085136,0.178947877522,0.6));
#8730 = CARTESIAN_POINT('',(-0.367477085136,0.178947877522,0.5));
#8731 = CARTESIAN_POINT('',(-0.362651200124,0.202764379581,0.6));
#8732 = CARTESIAN_POINT('',(-0.362651200124,0.202764379581,0.5));
#8733 = CARTESIAN_POINT('',(-0.359515256628,0.22751408561,0.6));
#8734 = CARTESIAN_POINT('',(-0.359515256628,0.22751408561,0.5));
#8735 = CARTESIAN_POINT('',(-0.359156643944,0.244347912561,0.6));
#8736 = CARTESIAN_POINT('',(-0.359156643944,0.244347912561,0.5));
#8737 = CARTESIAN_POINT('',(-0.358974358974,0.252904647435,0.6));
#8738 = CARTESIAN_POINT('',(-0.358974358974,0.252904647435,0.5));
#8739 = ADVANCED_FACE('',(#8740),#8767,.T.);
#8740 = FACE_BOUND('',#8741,.T.);
#8741 = EDGE_LOOP('',(#8742,#8743,#8744,#8766));
#8742 = ORIENTED_EDGE('',*,*,#1758,.F.);
#8743 = ORIENTED_EDGE('',*,*,#8711,.F.);
#8744 = ORIENTED_EDGE('',*,*,#8745,.T.);
#8745 = EDGE_CURVE('',#8696,#8134,#8746,.T.);
#8746 = B_SPLINE_CURVE_WITH_KNOTS('',3,(#8747,#8748,#8749,#8750,#8751,
    #8752,#8753,#8754,#8755,#8756,#8757,#8758,#8759,#8760,#8761,#8762,
    #8763,#8764,#8765),.UNSPECIFIED.,.F.,.F.,(4,1,1,1,1,1,1,1,1,1,1,1,1,
    1,1,1,4),(0.,6.4557845929E-02,0.127013531549,0.187954810202,
    0.248013912789,0.307747681848,0.368234514697,0.429469843942,
    0.492743436746,0.556257768706,0.618216785543,0.679655475587,
    0.74124554562,0.803415264705,0.866815461543,0.932328311949,1.),
  .UNSPECIFIED.);
#8747 = CARTESIAN_POINT('',(-0.358974358974,0.252904647435,0.6));
#8748 = CARTESIAN_POINT('',(-0.359196529482,0.261898283656,0.6));
#8749 = CARTESIAN_POINT('',(-0.359633636087,0.27959270145,0.6));
#8750 = CARTESIAN_POINT('',(-0.363347321154,0.305560409063,0.6));
#8751 = CARTESIAN_POINT('',(-0.369321434896,0.330439180328,0.6));
#8752 = CARTESIAN_POINT('',(-0.377806704695,0.354182572412,0.6));
#8753 = CARTESIAN_POINT('',(-0.388564612024,0.376915469588,0.6));
#8754 = CARTESIAN_POINT('',(-0.401854128287,0.398464213137,0.6));
#8755 = CARTESIAN_POINT('',(-0.41752086289,0.418966613088,0.599999999999
    ));
#8756 = CARTESIAN_POINT('',(-0.435441943988,0.438111577559,0.6));
#8757 = CARTESIAN_POINT('',(-0.455094420459,0.455617199362,0.6));
#8758 = CARTESIAN_POINT('',(-0.476139965301,0.471018085612,0.6));
#8759 = CARTESIAN_POINT('',(-0.498537386297,0.483834873612,0.6));
#8760 = CARTESIAN_POINT('',(-0.522039936536,0.494548611101,0.6));
#8761 = CARTESIAN_POINT('',(-0.546823605331,0.502783534407,0.6));
#8762 = CARTESIAN_POINT('',(-0.572835515206,0.508548275362,0.6));
#8763 = CARTESIAN_POINT('',(-0.600026788747,0.512136434832,0.6));
#8764 = CARTESIAN_POINT('',(-0.618578563839,0.512590035961,0.6));
#8765 = CARTESIAN_POINT('',(-0.628004807692,0.51282051282,0.6));
#8766 = ORIENTED_EDGE('',*,*,#8133,.T.);
#8767 = B_SPLINE_SURFACE_WITH_KNOTS('',3,1,(
    (#8768,#8769)
    ,(#8770,#8771)
    ,(#8772,#8773)
    ,(#8774,#8775)
    ,(#8776,#8777)
    ,(#8778,#8779)
    ,(#8780,#8781)
    ,(#8782,#8783)
    ,(#8784,#8785)
    ,(#8786,#8787)
    ,(#8788,#8789)
    ,(#8790,#8791)
    ,(#8792,#8793)
    ,(#8794,#8795)
    ,(#8796,#8797)
    ,(#8798,#8799)
    ,(#8800,#8801)
    ,(#8802,#8803)
    ,(#8804,#8805
    )),.UNSPECIFIED.,.F.,.F.,.F.,(4,1,1,1,1,1,1,1,1,1,1,1,1,1,1,1,4),(2,
    2),(0.,6.4557845929E-02,0.127013531549,0.187954810202,0.248013912789
    ,0.307747681848,0.368234514697,0.429469843942,0.492743436746,
    0.556257768706,0.618216785543,0.679655475587,0.74124554562,
    0.803415264705,0.866815461543,0.932328311949,1.),(0.,1.),
  .UNSPECIFIED.);
#8768 = CARTESIAN_POINT('',(-0.358974358974,0.252904647435,0.6));
#8769 = CARTESIAN_POINT('',(-0.358974358974,0.252904647435,0.5));
#8770 = CARTESIAN_POINT('',(-0.359196529482,0.261898283656,0.6));
#8771 = CARTESIAN_POINT('',(-0.359196529482,0.261898283656,0.5));
#8772 = CARTESIAN_POINT('',(-0.359633636087,0.27959270145,0.6));
#8773 = CARTESIAN_POINT('',(-0.359633636087,0.27959270145,0.5));
#8774 = CARTESIAN_POINT('',(-0.363347321154,0.305560409063,0.6));
#8775 = CARTESIAN_POINT('',(-0.363347321154,0.305560409063,0.5));
#8776 = CARTESIAN_POINT('',(-0.369321434896,0.330439180328,0.6));
#8777 = CARTESIAN_POINT('',(-0.369321434896,0.330439180328,0.5));
#8778 = CARTESIAN_POINT('',(-0.377806704695,0.354182572412,0.6));
#8779 = CARTESIAN_POINT('',(-0.377806704695,0.354182572412,0.5));
#8780 = CARTESIAN_POINT('',(-0.388564612024,0.376915469588,0.6));
#8781 = CARTESIAN_POINT('',(-0.388564612024,0.376915469588,0.5));
#8782 = CARTESIAN_POINT('',(-0.401854128287,0.398464213137,0.6));
#8783 = CARTESIAN_POINT('',(-0.401854128287,0.398464213137,0.5));
#8784 = CARTESIAN_POINT('',(-0.41752086289,0.418966613088,0.599999999999
    ));
#8785 = CARTESIAN_POINT('',(-0.41752086289,0.418966613088,0.499999999999
    ));
#8786 = CARTESIAN_POINT('',(-0.435441943988,0.438111577559,0.6));
#8787 = CARTESIAN_POINT('',(-0.435441943988,0.438111577559,0.5));
#8788 = CARTESIAN_POINT('',(-0.455094420459,0.455617199362,0.6));
#8789 = CARTESIAN_POINT('',(-0.455094420459,0.455617199362,0.5));
#8790 = CARTESIAN_POINT('',(-0.476139965301,0.471018085612,0.6));
#8791 = CARTESIAN_POINT('',(-0.476139965301,0.471018085612,0.5));
#8792 = CARTESIAN_POINT('',(-0.498537386297,0.483834873612,0.6));
#8793 = CARTESIAN_POINT('',(-0.498537386297,0.483834873612,0.5));
#8794 = CARTESIAN_POINT('',(-0.522039936536,0.494548611101,0.6));
#8795 = CARTESIAN_POINT('',(-0.522039936536,0.494548611101,0.5));
#8796 = CARTESIAN_POINT('',(-0.546823605331,0.502783534407,0.6));
#8797 = CARTESIAN_POINT('',(-0.546823605331,0.502783534407,0.5));
#8798 = CARTESIAN_POINT('',(-0.572835515206,0.508548275362,0.6));
#8799 = CARTESIAN_POINT('',(-0.572835515206,0.508548275362,0.5));
#8800 = CARTESIAN_POINT('',(-0.600026788747,0.512136434832,0.6));
#8801 = CARTESIAN_POINT('',(-0.600026788747,0.512136434832,0.5));
#8802 = CARTESIAN_POINT('',(-0.618578563839,0.512590035961,0.6));
#8803 = CARTESIAN_POINT('',(-0.618578563839,0.512590035961,0.5));
#8804 = CARTESIAN_POINT('',(-0.628004807692,0.51282051282,0.6));
#8805 = CARTESIAN_POINT('',(-0.628004807692,0.51282051282,0.5));
#8806 = ADVANCED_FACE('',(#8807),#8820,.T.);
#8807 = FACE_BOUND('',#8808,.T.);
#8808 = EDGE_LOOP('',(#8809,#8810,#8811,#8812,#8813,#8814,#8815,#8816,
    #8817,#8818,#8819));
#8809 = ORIENTED_EDGE('',*,*,#8141,.F.);
#8810 = ORIENTED_EDGE('',*,*,#8745,.F.);
#8811 = ORIENTED_EDGE('',*,*,#8695,.F.);
#8812 = ORIENTED_EDGE('',*,*,#8621,.F.);
#8813 = ORIENTED_EDGE('',*,*,#8547,.F.);
#8814 = ORIENTED_EDGE('',*,*,#8523,.F.);
#8815 = ORIENTED_EDGE('',*,*,#8473,.F.);
#8816 = ORIENTED_EDGE('',*,*,#8399,.F.);
#8817 = ORIENTED_EDGE('',*,*,#8301,.F.);
#8818 = ORIENTED_EDGE('',*,*,#8239,.F.);
#8819 = ORIENTED_EDGE('',*,*,#8215,.F.);
#8820 = PLANE('',#8821);
#8821 = AXIS2_PLACEMENT_3D('',#8822,#8823,#8824);
#8822 = CARTESIAN_POINT('',(-0.75002046518,0.487132287475,0.6));
#8823 = DIRECTION('',(2.683396064653E-14,-6.64066947932E-13,-1.));
#8824 = DIRECTION('',(0.,1.,-6.64066947932E-13));
#8825 = ADVANCED_FACE('',(#8826),#8851,.T.);
#8826 = FACE_BOUND('',#8827,.T.);
#8827 = EDGE_LOOP('',(#8828,#8829,#8837,#8845));
#8828 = ORIENTED_EDGE('',*,*,#2517,.F.);
#8829 = ORIENTED_EDGE('',*,*,#8830,.F.);
#8830 = EDGE_CURVE('',#8831,#2518,#8833,.T.);
#8831 = VERTEX_POINT('',#8832);
#8832 = CARTESIAN_POINT('',(-6.4102564102E-02,7.972074797687E-17,0.6));
#8833 = LINE('',#8834,#8835);
#8834 = CARTESIAN_POINT('',(-6.4102564102E-02,7.972074797687E-17,0.6));
#8835 = VECTOR('',#8836,1.);
#8836 = DIRECTION('',(0.,-1.328679132947E-16,-1.));
#8837 = ORIENTED_EDGE('',*,*,#8838,.T.);
#8838 = EDGE_CURVE('',#8831,#8839,#8841,.T.);
#8839 = VERTEX_POINT('',#8840);
#8840 = CARTESIAN_POINT('',(-6.4102564102E-02,0.5,0.6));
#8841 = LINE('',#8842,#8843);
#8842 = CARTESIAN_POINT('',(-6.4102564102E-02,7.972074797687E-17,0.6));
#8843 = VECTOR('',#8844,1.);
#8844 = DIRECTION('',(0.,1.,-2.168404344971E-16));
#8845 = ORIENTED_EDGE('',*,*,#8846,.T.);
#8846 = EDGE_CURVE('',#8839,#2520,#8847,.T.);
#8847 = LINE('',#8848,#8849);
#8848 = CARTESIAN_POINT('',(-6.4102564102E-02,0.5,0.6));
#8849 = VECTOR('',#8850,1.);
#8850 = DIRECTION('',(0.,-1.328679132947E-16,-1.));
#8851 = PLANE('',#8852);
#8852 = AXIS2_PLACEMENT_3D('',#8853,#8854,#8855);
#8853 = CARTESIAN_POINT('',(-6.4102564102E-02,7.972074797687E-17,0.6));
#8854 = DIRECTION('',(-1.,0.,0.));
#8855 = DIRECTION('',(0.,0.,1.));
#8856 = ADVANCED_FACE('',(#8857),#8875,.T.);
#8857 = FACE_BOUND('',#8858,.T.);
#8858 = EDGE_LOOP('',(#8859,#8860,#8861,#8869));
#8859 = ORIENTED_EDGE('',*,*,#2527,.F.);
#8860 = ORIENTED_EDGE('',*,*,#8846,.F.);
#8861 = ORIENTED_EDGE('',*,*,#8862,.T.);
#8862 = EDGE_CURVE('',#8839,#8863,#8865,.T.);
#8863 = VERTEX_POINT('',#8864);
#8864 = CARTESIAN_POINT('',(-0.108974358974,0.5,0.6));
#8865 = LINE('',#8866,#8867);
#8866 = CARTESIAN_POINT('',(-6.4102564102E-02,0.5,0.6));
#8867 = VECTOR('',#8868,1.);
#8868 = DIRECTION('',(-1.,0.,0.));
#8869 = ORIENTED_EDGE('',*,*,#8870,.T.);
#8870 = EDGE_CURVE('',#8863,#2528,#8871,.T.);
#8871 = LINE('',#8872,#8873);
#8872 = CARTESIAN_POINT('',(-0.108974358974,0.5,0.6));
#8873 = VECTOR('',#8874,1.);
#8874 = DIRECTION('',(0.,-1.328679132947E-16,-1.));
#8875 = PLANE('',#8876);
#8876 = AXIS2_PLACEMENT_3D('',#8877,#8878,#8879);
#8877 = CARTESIAN_POINT('',(-6.4102564102E-02,0.5,0.6));
#8878 = DIRECTION('',(0.,-1.,1.328679132947E-16));
#8879 = DIRECTION('',(0.,-1.328679132947E-16,-1.));
#8880 = ADVANCED_FACE('',(#8881),#8899,.T.);
#8881 = FACE_BOUND('',#8882,.T.);
#8882 = EDGE_LOOP('',(#8883,#8884,#8885,#8893));
#8883 = ORIENTED_EDGE('',*,*,#2535,.F.);
#8884 = ORIENTED_EDGE('',*,*,#8870,.F.);
#8885 = ORIENTED_EDGE('',*,*,#8886,.T.);
#8886 = EDGE_CURVE('',#8863,#8887,#8889,.T.);
#8887 = VERTEX_POINT('',#8888);
#8888 = CARTESIAN_POINT('',(-0.108974358974,5.1282051282E-02,0.6));
#8889 = LINE('',#8890,#8891);
#8890 = CARTESIAN_POINT('',(-0.108974358974,0.5,0.6));
#8891 = VECTOR('',#8892,1.);
#8892 = DIRECTION('',(0.,-1.,2.416221984396E-16));
#8893 = ORIENTED_EDGE('',*,*,#8894,.T.);
#8894 = EDGE_CURVE('',#8887,#2536,#8895,.T.);
#8895 = LINE('',#8896,#8897);
#8896 = CARTESIAN_POINT('',(-0.108974358974,5.1282051282E-02,0.6));
#8897 = VECTOR('',#8898,1.);
#8898 = DIRECTION('',(0.,-1.328679132947E-16,-1.));
#8899 = PLANE('',#8900);
#8900 = AXIS2_PLACEMENT_3D('',#8901,#8902,#8903);
#8901 = CARTESIAN_POINT('',(-0.108974358974,0.5,0.6));
#8902 = DIRECTION('',(1.,0.,0.));
#8903 = DIRECTION('',(0.,0.,-1.));
#8904 = ADVANCED_FACE('',(#8905),#8923,.T.);
#8905 = FACE_BOUND('',#8906,.T.);
#8906 = EDGE_LOOP('',(#8907,#8908,#8909,#8917));
#8907 = ORIENTED_EDGE('',*,*,#2543,.F.);
#8908 = ORIENTED_EDGE('',*,*,#8894,.F.);
#8909 = ORIENTED_EDGE('',*,*,#8910,.T.);
#8910 = EDGE_CURVE('',#8887,#8911,#8913,.T.);
#8911 = VERTEX_POINT('',#8912);
#8912 = CARTESIAN_POINT('',(-0.301282051282,5.1282051282E-02,0.6));
#8913 = LINE('',#8914,#8915);
#8914 = CARTESIAN_POINT('',(-0.108974358974,5.1282051282E-02,0.6));
#8915 = VECTOR('',#8916,1.);
#8916 = DIRECTION('',(-1.,0.,0.));
#8917 = ORIENTED_EDGE('',*,*,#8918,.T.);
#8918 = EDGE_CURVE('',#8911,#2544,#8919,.T.);
#8919 = LINE('',#8920,#8921);
#8920 = CARTESIAN_POINT('',(-0.301282051282,5.1282051282E-02,0.6));
#8921 = VECTOR('',#8922,1.);
#8922 = DIRECTION('',(0.,-1.328679132947E-16,-1.));
#8923 = PLANE('',#8924);
#8924 = AXIS2_PLACEMENT_3D('',#8925,#8926,#8927);
#8925 = CARTESIAN_POINT('',(-0.108974358974,5.1282051282E-02,0.6));
#8926 = DIRECTION('',(0.,-1.,1.328679132947E-16));
#8927 = DIRECTION('',(0.,-1.328679132947E-16,-1.));
#8928 = ADVANCED_FACE('',(#8929),#8947,.T.);
#8929 = FACE_BOUND('',#8930,.T.);
#8930 = EDGE_LOOP('',(#8931,#8932,#8933,#8941));
#8931 = ORIENTED_EDGE('',*,*,#2551,.F.);
#8932 = ORIENTED_EDGE('',*,*,#8918,.F.);
#8933 = ORIENTED_EDGE('',*,*,#8934,.T.);
#8934 = EDGE_CURVE('',#8911,#8935,#8937,.T.);
#8935 = VERTEX_POINT('',#8936);
#8936 = CARTESIAN_POINT('',(-0.301282051282,7.972074797687E-17,0.6));
#8937 = LINE('',#8938,#8939);
#8938 = CARTESIAN_POINT('',(-0.301282051282,5.1282051282E-02,0.6));
#8939 = VECTOR('',#8940,1.);
#8940 = DIRECTION('',(0.,-1.,0.));
#8941 = ORIENTED_EDGE('',*,*,#8942,.T.);
#8942 = EDGE_CURVE('',#8935,#2552,#8943,.T.);
#8943 = LINE('',#8944,#8945);
#8944 = CARTESIAN_POINT('',(-0.301282051282,7.972074797687E-17,0.6));
#8945 = VECTOR('',#8946,1.);
#8946 = DIRECTION('',(0.,-1.328679132947E-16,-1.));
#8947 = PLANE('',#8948);
#8948 = AXIS2_PLACEMENT_3D('',#8949,#8950,#8951);
#8949 = CARTESIAN_POINT('',(-0.301282051282,5.1282051282E-02,0.6));
#8950 = DIRECTION('',(1.,0.,0.));
#8951 = DIRECTION('',(0.,0.,-1.));
#8952 = ADVANCED_FACE('',(#8953),#8964,.T.);
#8953 = FACE_BOUND('',#8954,.T.);
#8954 = EDGE_LOOP('',(#8955,#8956,#8957,#8963));
#8955 = ORIENTED_EDGE('',*,*,#2559,.F.);
#8956 = ORIENTED_EDGE('',*,*,#8942,.F.);
#8957 = ORIENTED_EDGE('',*,*,#8958,.T.);
#8958 = EDGE_CURVE('',#8935,#8831,#8959,.T.);
#8959 = LINE('',#8960,#8961);
#8960 = CARTESIAN_POINT('',(-0.301282051282,7.972074797687E-17,0.6));
#8961 = VECTOR('',#8962,1.);
#8962 = DIRECTION('',(1.,0.,0.));
#8963 = ORIENTED_EDGE('',*,*,#8830,.T.);
#8964 = PLANE('',#8965);
#8965 = AXIS2_PLACEMENT_3D('',#8966,#8967,#8968);
#8966 = CARTESIAN_POINT('',(-0.301282051282,7.972074797687E-17,0.6));
#8967 = DIRECTION('',(0.,1.,-1.328679132947E-16));
#8968 = DIRECTION('',(0.,1.328679132947E-16,1.));
#8969 = ADVANCED_FACE('',(#8970),#8978,.F.);
#8970 = FACE_BOUND('',#8971,.T.);
#8971 = EDGE_LOOP('',(#8972,#8973,#8974,#8975,#8976,#8977));
#8972 = ORIENTED_EDGE('',*,*,#8838,.F.);
#8973 = ORIENTED_EDGE('',*,*,#8958,.F.);
#8974 = ORIENTED_EDGE('',*,*,#8934,.F.);
#8975 = ORIENTED_EDGE('',*,*,#8910,.F.);
#8976 = ORIENTED_EDGE('',*,*,#8886,.F.);
#8977 = ORIENTED_EDGE('',*,*,#8862,.F.);
#8978 = PLANE('',#8979);
#8979 = AXIS2_PLACEMENT_3D('',#8980,#8981,#8982);
#8980 = CARTESIAN_POINT('',(0.,1.21707008578E-16,0.6));
#8981 = DIRECTION('',(0.,2.168404344971E-16,1.));
#8982 = DIRECTION('',(0.,-1.,2.168404344971E-16));
#8983 = ADVANCED_FACE('',(#8984),#8989,.F.);
#8984 = FACE_BOUND('',#8985,.T.);
#8985 = EDGE_LOOP('',(#8986,#8987,#8988));
#8986 = ORIENTED_EDGE('',*,*,#7018,.T.);
#8987 = ORIENTED_EDGE('',*,*,#7073,.T.);
#8988 = ORIENTED_EDGE('',*,*,#7049,.T.);
#8989 = PLANE('',#8990);
#8990 = AXIS2_PLACEMENT_3D('',#8991,#8992,#8993);
#8991 = CARTESIAN_POINT('',(5.08,2.039999999999,0.5));
#8992 = DIRECTION('',(0.,1.328679132947E-16,1.));
#8993 = DIRECTION('',(0.,-1.,1.328679132947E-16));
#8994 = ADVANCED_FACE('',(#8995),#9004,.F.);
#8995 = FACE_BOUND('',#8996,.T.);
#8996 = EDGE_LOOP('',(#8997,#8998,#8999,#9000,#9001,#9002,#9003));
#8997 = ORIENTED_EDGE('',*,*,#7504,.T.);
#8998 = ORIENTED_EDGE('',*,*,#7807,.T.);
#8999 = ORIENTED_EDGE('',*,*,#7757,.T.);
#9000 = ORIENTED_EDGE('',*,*,#7683,.T.);
#9001 = ORIENTED_EDGE('',*,*,#7609,.T.);
#9002 = ORIENTED_EDGE('',*,*,#7559,.T.);
#9003 = ORIENTED_EDGE('',*,*,#7535,.T.);
#9004 = PLANE('',#9005);
#9005 = AXIS2_PLACEMENT_3D('',#9006,#9007,#9008);
#9006 = CARTESIAN_POINT('',(5.08,2.039999999999,0.5));
#9007 = DIRECTION('',(0.,1.328679132947E-16,1.));
#9008 = DIRECTION('',(0.,-1.,1.328679132947E-16));
#9009 = ADVANCED_FACE('',(#9010),#9035,.F.);
#9010 = FACE_BOUND('',#9011,.T.);
#9011 = EDGE_LOOP('',(#9012,#9013,#9021,#9029));
#9012 = ORIENTED_EDGE('',*,*,#569,.T.);
#9013 = ORIENTED_EDGE('',*,*,#9014,.F.);
#9014 = EDGE_CURVE('',#9015,#572,#9017,.T.);
#9015 = VERTEX_POINT('',#9016);
#9016 = CARTESIAN_POINT('',(5.089999999999,6.6229940747E-02,
    1.623720955511));
#9017 = LINE('',#9018,#9019);
#9018 = CARTESIAN_POINT('',(5.089999999999,6.6229940747E-02,
    1.623720955511));
#9019 = VECTOR('',#9020,1.);
#9020 = DIRECTION('',(-1.,-3.41480999208E-16,0.));
#9021 = ORIENTED_EDGE('',*,*,#9022,.F.);
#9022 = EDGE_CURVE('',#9023,#9015,#9025,.T.);
#9023 = VERTEX_POINT('',#9024);
#9024 = CARTESIAN_POINT('',(5.089999999999,6.6229940747E-02,
    1.600534353977));
#9025 = LINE('',#9026,#9027);
#9026 = CARTESIAN_POINT('',(5.089999999999,6.6229940747E-02,
    1.623720955511));
#9027 = VECTOR('',#9028,1.);
#9028 = DIRECTION('',(0.,0.,1.));
#9029 = ORIENTED_EDGE('',*,*,#9030,.T.);
#9030 = EDGE_CURVE('',#9023,#570,#9031,.T.);
#9031 = LINE('',#9032,#9033);
#9032 = CARTESIAN_POINT('',(5.089999999999,6.6229940747E-02,
    1.600534353977));
#9033 = VECTOR('',#9034,1.);
#9034 = DIRECTION('',(-1.,-3.41480999208E-16,0.));
#9035 = PLANE('',#9036);
#9036 = AXIS2_PLACEMENT_3D('',#9037,#9038,#9039);
#9037 = CARTESIAN_POINT('',(5.089999999999,6.6229940747E-02,
    1.623720955511));
#9038 = DIRECTION('',(3.41480999208E-16,-1.,0.));
#9039 = DIRECTION('',(1.,3.41480999208E-16,0.));
#9040 = ADVANCED_FACE('',(#9041),#9059,.F.);
#9041 = FACE_BOUND('',#9042,.T.);
#9042 = EDGE_LOOP('',(#9043,#9044,#9052,#9058));
#9043 = ORIENTED_EDGE('',*,*,#611,.T.);
#9044 = ORIENTED_EDGE('',*,*,#9045,.F.);
#9045 = EDGE_CURVE('',#9046,#604,#9048,.T.);
#9046 = VERTEX_POINT('',#9047);
#9047 = CARTESIAN_POINT('',(5.089999999999,-1.4767200934E-02,
    1.623720955511));
#9048 = LINE('',#9049,#9050);
#9049 = CARTESIAN_POINT('',(5.089999999999,-1.4767200934E-02,
    1.623720955511));
#9050 = VECTOR('',#9051,1.);
#9051 = DIRECTION('',(-1.,-3.41480999208E-16,0.));
#9052 = ORIENTED_EDGE('',*,*,#9053,.F.);
#9053 = EDGE_CURVE('',#9015,#9046,#9054,.T.);
#9054 = LINE('',#9055,#9056);
#9055 = CARTESIAN_POINT('',(5.089999999999,-1.4767200934E-02,
    1.623720955511));
#9056 = VECTOR('',#9057,1.);
#9057 = DIRECTION('',(0.,-1.,-2.677136871685E-15));
#9058 = ORIENTED_EDGE('',*,*,#9014,.T.);
#9059 = PLANE('',#9060);
#9060 = AXIS2_PLACEMENT_3D('',#9061,#9062,#9063);
#9061 = CARTESIAN_POINT('',(5.089999999999,-1.4767200934E-02,
    1.623720955511));
#9062 = DIRECTION('',(-9.141913739597E-31,2.677136871685E-15,-1.));
#9063 = DIRECTION('',(0.,1.,2.677136871685E-15));
#9064 = ADVANCED_FACE('',(#9065),#9083,.F.);
#9065 = FACE_BOUND('',#9066,.T.);
#9066 = EDGE_LOOP('',(#9067,#9068,#9076,#9082));
#9067 = ORIENTED_EDGE('',*,*,#603,.T.);
#9068 = ORIENTED_EDGE('',*,*,#9069,.F.);
#9069 = EDGE_CURVE('',#9070,#596,#9072,.T.);
#9070 = VERTEX_POINT('',#9071);
#9071 = CARTESIAN_POINT('',(5.089999999999,-1.4767200934E-02,
    1.803911002408));
#9072 = LINE('',#9073,#9074);
#9073 = CARTESIAN_POINT('',(5.089999999999,-1.4767200934E-02,
    1.803911002408));
#9074 = VECTOR('',#9075,1.);
#9075 = DIRECTION('',(-1.,-3.41480999208E-16,0.));
#9076 = ORIENTED_EDGE('',*,*,#9077,.F.);
#9077 = EDGE_CURVE('',#9046,#9070,#9078,.T.);
#9078 = LINE('',#9079,#9080);
#9079 = CARTESIAN_POINT('',(5.089999999999,-1.4767200934E-02,
    1.803911002408));
#9080 = VECTOR('',#9081,1.);
#9081 = DIRECTION('',(0.,-3.610195539053E-15,1.));
#9082 = ORIENTED_EDGE('',*,*,#9045,.T.);
#9083 = PLANE('',#9084);
#9084 = AXIS2_PLACEMENT_3D('',#9085,#9086,#9087);
#9085 = CARTESIAN_POINT('',(5.089999999999,-1.4767200934E-02,
    1.803911002408));
#9086 = DIRECTION('',(3.41480999208E-16,-1.,-3.610195539053E-15));
#9087 = DIRECTION('',(0.,3.610195539053E-15,-1.));
#9088 = ADVANCED_FACE('',(#9089),#9107,.F.);
#9089 = FACE_BOUND('',#9090,.T.);
#9090 = EDGE_LOOP('',(#9091,#9092,#9100,#9106));
#9091 = ORIENTED_EDGE('',*,*,#595,.T.);
#9092 = ORIENTED_EDGE('',*,*,#9093,.F.);
#9093 = EDGE_CURVE('',#9094,#588,#9096,.T.);
#9094 = VERTEX_POINT('',#9095);
#9095 = CARTESIAN_POINT('',(5.089999999999,-4.1021088321E-02,
    1.803911002408));
#9096 = LINE('',#9097,#9098);
#9097 = CARTESIAN_POINT('',(5.089999999999,-4.1021088321E-02,
    1.803911002408));
#9098 = VECTOR('',#9099,1.);
#9099 = DIRECTION('',(-1.,-3.41480999208E-16,0.));
#9100 = ORIENTED_EDGE('',*,*,#9101,.F.);
#9101 = EDGE_CURVE('',#9070,#9094,#9102,.T.);
#9102 = LINE('',#9103,#9104);
#9103 = CARTESIAN_POINT('',(5.089999999999,-4.1021088321E-02,
    1.803911002408));
#9104 = VECTOR('',#9105,1.);
#9105 = DIRECTION('',(0.,-1.,0.));
#9106 = ORIENTED_EDGE('',*,*,#9069,.T.);
#9107 = PLANE('',#9108);
#9108 = AXIS2_PLACEMENT_3D('',#9109,#9110,#9111);
#9109 = CARTESIAN_POINT('',(5.089999999999,-4.1021088321E-02,
    1.803911002408));
#9110 = DIRECTION('',(0.,0.,-1.));
#9111 = DIRECTION('',(-1.,0.,0.));
#9112 = ADVANCED_FACE('',(#9113),#9131,.F.);
#9113 = FACE_BOUND('',#9114,.T.);
#9114 = EDGE_LOOP('',(#9115,#9116,#9124,#9130));
#9115 = ORIENTED_EDGE('',*,*,#587,.T.);
#9116 = ORIENTED_EDGE('',*,*,#9117,.F.);
#9117 = EDGE_CURVE('',#9118,#580,#9120,.T.);
#9118 = VERTEX_POINT('',#9119);
#9119 = CARTESIAN_POINT('',(5.089999999999,-4.1021088321E-02,
    1.600534353977));
#9120 = LINE('',#9121,#9122);
#9121 = CARTESIAN_POINT('',(5.089999999999,-4.1021088321E-02,
    1.600534353977));
#9122 = VECTOR('',#9123,1.);
#9123 = DIRECTION('',(-1.,-3.41480999208E-16,0.));
#9124 = ORIENTED_EDGE('',*,*,#9125,.F.);
#9125 = EDGE_CURVE('',#9094,#9118,#9126,.T.);
#9126 = LINE('',#9127,#9128);
#9127 = CARTESIAN_POINT('',(5.089999999999,-4.1021088321E-02,
    1.600534353977));
#9128 = VECTOR('',#9129,1.);
#9129 = DIRECTION('',(0.,3.19860371635E-15,-1.));
#9130 = ORIENTED_EDGE('',*,*,#9093,.T.);
#9131 = PLANE('',#9132);
#9132 = AXIS2_PLACEMENT_3D('',#9133,#9134,#9135);
#9133 = CARTESIAN_POINT('',(5.089999999999,-4.1021088321E-02,
    1.600534353977));
#9134 = DIRECTION('',(-3.41480999208E-16,1.,3.19860371635E-15));
#9135 = DIRECTION('',(0.,-3.19860371635E-15,1.));
#9136 = ADVANCED_FACE('',(#9137),#9148,.F.);
#9137 = FACE_BOUND('',#9138,.T.);
#9138 = EDGE_LOOP('',(#9139,#9140,#9141,#9147));
#9139 = ORIENTED_EDGE('',*,*,#579,.T.);
#9140 = ORIENTED_EDGE('',*,*,#9030,.F.);
#9141 = ORIENTED_EDGE('',*,*,#9142,.F.);
#9142 = EDGE_CURVE('',#9118,#9023,#9143,.T.);
#9143 = LINE('',#9144,#9145);
#9144 = CARTESIAN_POINT('',(5.089999999999,6.6229940747E-02,
    1.600534353977));
#9145 = VECTOR('',#9146,1.);
#9146 = DIRECTION('',(0.,1.,4.043605667568E-15));
#9147 = ORIENTED_EDGE('',*,*,#9117,.T.);
#9148 = PLANE('',#9149);
#9149 = AXIS2_PLACEMENT_3D('',#9150,#9151,#9152);
#9150 = CARTESIAN_POINT('',(5.089999999999,6.6229940747E-02,
    1.600534353977));
#9151 = DIRECTION('',(1.380814503764E-30,-4.043605667568E-15,1.));
#9152 = DIRECTION('',(0.,-1.,-4.043605667568E-15));
#9153 = ADVANCED_FACE('',(#9154),#9162,.F.);
#9154 = FACE_BOUND('',#9155,.T.);
#9155 = EDGE_LOOP('',(#9156,#9157,#9158,#9159,#9160,#9161));
#9156 = ORIENTED_EDGE('',*,*,#9022,.T.);
#9157 = ORIENTED_EDGE('',*,*,#9053,.T.);
#9158 = ORIENTED_EDGE('',*,*,#9077,.T.);
#9159 = ORIENTED_EDGE('',*,*,#9101,.T.);
#9160 = ORIENTED_EDGE('',*,*,#9125,.T.);
#9161 = ORIENTED_EDGE('',*,*,#9142,.T.);
#9162 = PLANE('',#9163);
#9163 = AXIS2_PLACEMENT_3D('',#9164,#9165,#9166);
#9164 = CARTESIAN_POINT('',(5.089999999999,3.41480999208E-18,0.));
#9165 = DIRECTION('',(-1.,0.,0.));
#9166 = DIRECTION('',(0.,0.,1.));
#9167 = ADVANCED_FACE('',(#9168),#9194,.F.);
#9168 = FACE_BOUND('',#9169,.F.);
#9169 = EDGE_LOOP('',(#9170,#9178,#9187,#9193));
#9170 = ORIENTED_EDGE('',*,*,#9171,.F.);
#9171 = EDGE_CURVE('',#9172,#410,#9174,.T.);
#9172 = VERTEX_POINT('',#9173);
#9173 = CARTESIAN_POINT('',(5.089999999999,0.170517659753,1.597103152853
    ));
#9174 = LINE('',#9175,#9176);
#9175 = CARTESIAN_POINT('',(5.089999999999,0.170517659753,1.597103152853
    ));
#9176 = VECTOR('',#9177,1.);
#9177 = DIRECTION('',(-1.,-3.41480999208E-16,0.));
#9178 = ORIENTED_EDGE('',*,*,#9179,.T.);
#9179 = EDGE_CURVE('',#9172,#9180,#9182,.T.);
#9180 = VERTEX_POINT('',#9181);
#9181 = CARTESIAN_POINT('',(5.089999999999,0.226820550922,1.608956393099
    ));
#9182 = B_SPLINE_CURVE_WITH_KNOTS('',3,(#9183,#9184,#9185,#9186),
  .UNSPECIFIED.,.F.,.F.,(4,4),(0.,1.),.PIECEWISE_BEZIER_KNOTS.);
#9183 = CARTESIAN_POINT('',(5.089999999999,0.170517659753,1.597103152853
    ));
#9184 = CARTESIAN_POINT('',(5.089999999999,0.193080406537,1.597103152853
    ));
#9185 = CARTESIAN_POINT('',(5.089999999999,0.211848036927,1.601054232934
    ));
#9186 = CARTESIAN_POINT('',(5.089999999999,0.226820550922,1.608956393099
    ));
#9187 = ORIENTED_EDGE('',*,*,#9188,.T.);
#9188 = EDGE_CURVE('',#9180,#412,#9189,.T.);
#9189 = LINE('',#9190,#9191);
#9190 = CARTESIAN_POINT('',(5.089999999999,0.226820550922,1.608956393099
    ));
#9191 = VECTOR('',#9192,1.);
#9192 = DIRECTION('',(-1.,-3.41480999208E-16,0.));
#9193 = ORIENTED_EDGE('',*,*,#409,.F.);
#9194 = B_SPLINE_SURFACE_WITH_KNOTS('',3,1,(
    (#9195,#9196)
    ,(#9197,#9198)
    ,(#9199,#9200)
    ,(#9201,#9202
    )),.UNSPECIFIED.,.F.,.F.,.F.,(4,4),(2,2),(0.,1.),(0.,1.),
  .PIECEWISE_BEZIER_KNOTS.);
#9195 = CARTESIAN_POINT('',(5.089999999999,0.170517659753,1.597103152853
    ));
#9196 = CARTESIAN_POINT('',(5.08,0.170517659753,1.597103152853));
#9197 = CARTESIAN_POINT('',(5.089999999999,0.193080406537,1.597103152853
    ));
#9198 = CARTESIAN_POINT('',(5.08,0.193080406537,1.597103152853));
#9199 = CARTESIAN_POINT('',(5.089999999999,0.211848036927,1.601054232934
    ));
#9200 = CARTESIAN_POINT('',(5.08,0.211848036927,1.601054232934));
#9201 = CARTESIAN_POINT('',(5.089999999999,0.226820550922,1.608956393099
    ));
#9202 = CARTESIAN_POINT('',(5.08,0.226820550922,1.608956393099));
#9203 = ADVANCED_FACE('',(#9204),#9222,.F.);
#9204 = FACE_BOUND('',#9205,.T.);
#9205 = EDGE_LOOP('',(#9206,#9207,#9215,#9221));
#9206 = ORIENTED_EDGE('',*,*,#527,.T.);
#9207 = ORIENTED_EDGE('',*,*,#9208,.F.);
#9208 = EDGE_CURVE('',#9209,#519,#9211,.T.);
#9209 = VERTEX_POINT('',#9210);
#9210 = CARTESIAN_POINT('',(5.089999999999,0.226820550922,1.634118534674
    ));
#9211 = LINE('',#9212,#9213);
#9212 = CARTESIAN_POINT('',(5.089999999999,0.226820550922,1.634118534674
    ));
#9213 = VECTOR('',#9214,1.);
#9214 = DIRECTION('',(-1.,-3.41480999208E-16,0.));
#9215 = ORIENTED_EDGE('',*,*,#9216,.F.);
#9216 = EDGE_CURVE('',#9180,#9209,#9217,.T.);
#9217 = LINE('',#9218,#9219);
#9218 = CARTESIAN_POINT('',(5.089999999999,0.226820550922,1.634118534674
    ));
#9219 = VECTOR('',#9220,1.);
#9220 = DIRECTION('',(0.,-8.617725714964E-15,1.));
#9221 = ORIENTED_EDGE('',*,*,#9188,.T.);
#9222 = PLANE('',#9223);
#9223 = AXIS2_PLACEMENT_3D('',#9224,#9225,#9226);
#9224 = CARTESIAN_POINT('',(5.089999999999,0.226820550922,1.634118534674
    ));
#9225 = DIRECTION('',(3.41480999208E-16,-1.,-8.617725714964E-15));
#9226 = DIRECTION('',(0.,8.617725714964E-15,-1.));
#9227 = ADVANCED_FACE('',(#9228),#9247,.F.);
#9228 = FACE_BOUND('',#9229,.F.);
#9229 = EDGE_LOOP('',(#9230,#9231,#9240,#9246));
#9230 = ORIENTED_EDGE('',*,*,#9208,.F.);
#9231 = ORIENTED_EDGE('',*,*,#9232,.T.);
#9232 = EDGE_CURVE('',#9209,#9233,#9235,.T.);
#9233 = VERTEX_POINT('',#9234);
#9234 = CARTESIAN_POINT('',(5.089999999999,0.174312776148,1.62049770597)
  );
#9235 = B_SPLINE_CURVE_WITH_KNOTS('',3,(#9236,#9237,#9238,#9239),
  .UNSPECIFIED.,.F.,.F.,(4,4),(12.,13.),.PIECEWISE_BEZIER_KNOTS.);
#9236 = CARTESIAN_POINT('',(5.089999999999,0.226820550922,1.634118534674
    ));
#9237 = CARTESIAN_POINT('',(5.089999999999,0.211952012718,1.625072640802
    ));
#9238 = CARTESIAN_POINT('',(5.089999999999,0.194432091828,1.62049770597)
  );
#9239 = CARTESIAN_POINT('',(5.089999999999,0.174312776148,1.62049770597)
  );
#9240 = ORIENTED_EDGE('',*,*,#9241,.T.);
#9241 = EDGE_CURVE('',#9233,#510,#9242,.T.);
#9242 = LINE('',#9243,#9244);
#9243 = CARTESIAN_POINT('',(5.089999999999,0.174312776148,1.62049770597)
  );
#9244 = VECTOR('',#9245,1.);
#9245 = DIRECTION('',(-1.,-3.41480999208E-16,0.));
#9246 = ORIENTED_EDGE('',*,*,#518,.F.);
#9247 = B_SPLINE_SURFACE_WITH_KNOTS('',3,1,(
    (#9248,#9249)
    ,(#9250,#9251)
    ,(#9252,#9253)
    ,(#9254,#9255
    )),.UNSPECIFIED.,.F.,.F.,.F.,(4,4),(2,2),(12.,13.),(0.,1.),
  .PIECEWISE_BEZIER_KNOTS.);
#9248 = CARTESIAN_POINT('',(5.089999999999,0.226820550922,1.634118534674
    ));
#9249 = CARTESIAN_POINT('',(5.08,0.226820550922,1.634118534674));
#9250 = CARTESIAN_POINT('',(5.089999999999,0.211952012718,1.625072640802
    ));
#9251 = CARTESIAN_POINT('',(5.08,0.211952012718,1.625072640802));
#9252 = CARTESIAN_POINT('',(5.089999999999,0.194432091828,1.62049770597)
  );
#9253 = CARTESIAN_POINT('',(5.08,0.194432091828,1.62049770597));
#9254 = CARTESIAN_POINT('',(5.089999999999,0.174312776148,1.62049770597)
  );
#9255 = CARTESIAN_POINT('',(5.08,0.174312776148,1.62049770597));
#9256 = ADVANCED_FACE('',(#9257),#9276,.F.);
#9257 = FACE_BOUND('',#9258,.F.);
#9258 = EDGE_LOOP('',(#9259,#9260,#9269,#9275));
#9259 = ORIENTED_EDGE('',*,*,#9241,.F.);
#9260 = ORIENTED_EDGE('',*,*,#9261,.T.);
#9261 = EDGE_CURVE('',#9233,#9262,#9264,.T.);
#9262 = VERTEX_POINT('',#9263);
#9263 = CARTESIAN_POINT('',(5.089999999999,0.122064940853,1.641916719046
    ));
#9264 = B_SPLINE_CURVE_WITH_KNOTS('',3,(#9265,#9266,#9267,#9268),
  .UNSPECIFIED.,.F.,.F.,(4,4),(11.,12.),.PIECEWISE_BEZIER_KNOTS.);
#9265 = CARTESIAN_POINT('',(5.089999999999,0.174312776148,1.62049770597)
  );
#9266 = CARTESIAN_POINT('',(5.089999999999,0.15278978728,1.62049770597)
  );
#9267 = CARTESIAN_POINT('',(5.089999999999,0.135373842181,1.627672035592
    ));
#9268 = CARTESIAN_POINT('',(5.089999999999,0.122064940853,1.641916719046
    ));
#9269 = ORIENTED_EDGE('',*,*,#9270,.T.);
#9270 = EDGE_CURVE('',#9262,#501,#9271,.T.);
#9271 = LINE('',#9272,#9273);
#9272 = CARTESIAN_POINT('',(5.089999999999,0.122064940853,1.641916719046
    ));
#9273 = VECTOR('',#9274,1.);
#9274 = DIRECTION('',(-1.,-3.41480999208E-16,0.));
#9275 = ORIENTED_EDGE('',*,*,#509,.F.);
#9276 = B_SPLINE_SURFACE_WITH_KNOTS('',3,1,(
    (#9277,#9278)
    ,(#9279,#9280)
    ,(#9281,#9282)
    ,(#9283,#9284
    )),.UNSPECIFIED.,.F.,.F.,.F.,(4,4),(2,2),(11.,12.),(0.,1.),
  .PIECEWISE_BEZIER_KNOTS.);
#9277 = CARTESIAN_POINT('',(5.089999999999,0.174312776148,1.62049770597)
  );
#9278 = CARTESIAN_POINT('',(5.08,0.174312776148,1.62049770597));
#9279 = CARTESIAN_POINT('',(5.089999999999,0.15278978728,1.62049770597)
  );
#9280 = CARTESIAN_POINT('',(5.08,0.15278978728,1.62049770597));
#9281 = CARTESIAN_POINT('',(5.089999999999,0.135373842181,1.627672035592
    ));
#9282 = CARTESIAN_POINT('',(5.08,0.135373842181,1.627672035592));
#9283 = CARTESIAN_POINT('',(5.089999999999,0.122064940853,1.641916719046
    ));
#9284 = CARTESIAN_POINT('',(5.08,0.122064940853,1.641916719046));
#9285 = ADVANCED_FACE('',(#9286),#9305,.F.);
#9286 = FACE_BOUND('',#9287,.F.);
#9287 = EDGE_LOOP('',(#9288,#9289,#9298,#9304));
#9288 = ORIENTED_EDGE('',*,*,#9270,.F.);
#9289 = ORIENTED_EDGE('',*,*,#9290,.T.);
#9290 = EDGE_CURVE('',#9262,#9291,#9293,.T.);
#9291 = VERTEX_POINT('',#9292);
#9292 = CARTESIAN_POINT('',(5.089999999999,0.10210158886,1.699935210777)
  );
#9293 = B_SPLINE_CURVE_WITH_KNOTS('',3,(#9294,#9295,#9296,#9297),
  .UNSPECIFIED.,.F.,.F.,(4,4),(10.,11.),.PIECEWISE_BEZIER_KNOTS.);
#9294 = CARTESIAN_POINT('',(5.089999999999,0.122064940853,1.641916719046
    ));
#9295 = CARTESIAN_POINT('',(5.089999999999,0.108756039524,1.656265378292
    ));
#9296 = CARTESIAN_POINT('',(5.089999999999,0.10210158886,1.675604875535)
  );
#9297 = CARTESIAN_POINT('',(5.089999999999,0.10210158886,1.699935210777)
  );
#9298 = ORIENTED_EDGE('',*,*,#9299,.T.);
#9299 = EDGE_CURVE('',#9291,#492,#9300,.T.);
#9300 = LINE('',#9301,#9302);
#9301 = CARTESIAN_POINT('',(5.089999999999,0.10210158886,1.699935210777)
  );
#9302 = VECTOR('',#9303,1.);
#9303 = DIRECTION('',(-1.,-3.41480999208E-16,0.));
#9304 = ORIENTED_EDGE('',*,*,#500,.F.);
#9305 = B_SPLINE_SURFACE_WITH_KNOTS('',3,1,(
    (#9306,#9307)
    ,(#9308,#9309)
    ,(#9310,#9311)
    ,(#9312,#9313
    )),.UNSPECIFIED.,.F.,.F.,.F.,(4,4),(2,2),(10.,11.),(0.,1.),
  .PIECEWISE_BEZIER_KNOTS.);
#9306 = CARTESIAN_POINT('',(5.089999999999,0.122064940853,1.641916719046
    ));
#9307 = CARTESIAN_POINT('',(5.08,0.122064940853,1.641916719046));
#9308 = CARTESIAN_POINT('',(5.089999999999,0.108756039524,1.656265378292
    ));
#9309 = CARTESIAN_POINT('',(5.08,0.108756039524,1.656265378292));
#9310 = CARTESIAN_POINT('',(5.089999999999,0.10210158886,1.675604875535)
  );
#9311 = CARTESIAN_POINT('',(5.08,0.10210158886,1.675604875535));
#9312 = CARTESIAN_POINT('',(5.089999999999,0.10210158886,1.699935210777)
  );
#9313 = CARTESIAN_POINT('',(5.08,0.10210158886,1.699935210777));
#9314 = ADVANCED_FACE('',(#9315),#9334,.F.);
#9315 = FACE_BOUND('',#9316,.F.);
#9316 = EDGE_LOOP('',(#9317,#9318,#9327,#9333));
#9317 = ORIENTED_EDGE('',*,*,#9299,.F.);
#9318 = ORIENTED_EDGE('',*,*,#9319,.T.);
#9319 = EDGE_CURVE('',#9291,#9320,#9322,.T.);
#9320 = VERTEX_POINT('',#9321);
#9321 = CARTESIAN_POINT('',(5.089999999999,0.12346861404,1.761072976256)
  );
#9322 = B_SPLINE_CURVE_WITH_KNOTS('',3,(#9323,#9324,#9325,#9326),
  .UNSPECIFIED.,.F.,.F.,(4,4),(9.,10.),.PIECEWISE_BEZIER_KNOTS.);
#9323 = CARTESIAN_POINT('',(5.089999999999,0.10210158886,1.699935210777)
  );
#9324 = CARTESIAN_POINT('',(5.089999999999,0.10210158886,1.725513255518)
  );
#9325 = CARTESIAN_POINT('',(5.089999999999,0.109223930586,1.745892510677
    ));
#9326 = CARTESIAN_POINT('',(5.089999999999,0.12346861404,1.761072976256)
  );
#9327 = ORIENTED_EDGE('',*,*,#9328,.T.);
#9328 = EDGE_CURVE('',#9320,#483,#9329,.T.);
#9329 = LINE('',#9330,#9331);
#9330 = CARTESIAN_POINT('',(5.089999999999,0.12346861404,1.761072976256)
  );
#9331 = VECTOR('',#9332,1.);
#9332 = DIRECTION('',(-1.,-3.41480999208E-16,0.));
#9333 = ORIENTED_EDGE('',*,*,#491,.F.);
#9334 = B_SPLINE_SURFACE_WITH_KNOTS('',3,1,(
    (#9335,#9336)
    ,(#9337,#9338)
    ,(#9339,#9340)
    ,(#9341,#9342
    )),.UNSPECIFIED.,.F.,.F.,.F.,(4,4),(2,2),(9.,10.),(0.,1.),
  .PIECEWISE_BEZIER_KNOTS.);
#9335 = CARTESIAN_POINT('',(5.089999999999,0.10210158886,1.699935210777)
  );
#9336 = CARTESIAN_POINT('',(5.08,0.10210158886,1.699935210777));
#9337 = CARTESIAN_POINT('',(5.089999999999,0.10210158886,1.725513255518)
  );
#9338 = CARTESIAN_POINT('',(5.08,0.10210158886,1.725513255518));
#9339 = CARTESIAN_POINT('',(5.089999999999,0.109223930586,1.745892510677
    ));
#9340 = CARTESIAN_POINT('',(5.08,0.109223930586,1.745892510677));
#9341 = CARTESIAN_POINT('',(5.089999999999,0.12346861404,1.761072976256)
  );
#9342 = CARTESIAN_POINT('',(5.08,0.12346861404,1.761072976256));
#9343 = ADVANCED_FACE('',(#9344),#9363,.F.);
#9344 = FACE_BOUND('',#9345,.F.);
#9345 = EDGE_LOOP('',(#9346,#9347,#9356,#9362));
#9346 = ORIENTED_EDGE('',*,*,#9328,.F.);
#9347 = ORIENTED_EDGE('',*,*,#9348,.T.);
#9348 = EDGE_CURVE('',#9320,#9349,#9351,.T.);
#9349 = VERTEX_POINT('',#9350);
#9350 = CARTESIAN_POINT('',(5.089999999999,0.17888771098,1.78363572304)
  );
#9351 = B_SPLINE_CURVE_WITH_KNOTS('',3,(#9352,#9353,#9354,#9355),
  .UNSPECIFIED.,.F.,.F.,(4,4),(8.,9.),.PIECEWISE_BEZIER_KNOTS.);
#9352 = CARTESIAN_POINT('',(5.089999999999,0.12346861404,1.761072976256)
  );
#9353 = CARTESIAN_POINT('',(5.089999999999,0.137765285389,1.776149466042
    ));
#9354 = CARTESIAN_POINT('',(5.089999999999,0.156220988404,1.78363572304)
  );
#9355 = CARTESIAN_POINT('',(5.089999999999,0.17888771098,1.78363572304)
  );
#9356 = ORIENTED_EDGE('',*,*,#9357,.T.);
#9357 = EDGE_CURVE('',#9349,#474,#9358,.T.);
#9358 = LINE('',#9359,#9360);
#9359 = CARTESIAN_POINT('',(5.089999999999,0.17888771098,1.78363572304)
  );
#9360 = VECTOR('',#9361,1.);
#9361 = DIRECTION('',(-1.,-3.41480999208E-16,0.));
#9362 = ORIENTED_EDGE('',*,*,#482,.F.);
#9363 = B_SPLINE_SURFACE_WITH_KNOTS('',3,1,(
    (#9364,#9365)
    ,(#9366,#9367)
    ,(#9368,#9369)
    ,(#9370,#9371
    )),.UNSPECIFIED.,.F.,.F.,.F.,(4,4),(2,2),(8.,9.),(0.,1.),
  .PIECEWISE_BEZIER_KNOTS.);
#9364 = CARTESIAN_POINT('',(5.089999999999,0.12346861404,1.761072976256)
  );
#9365 = CARTESIAN_POINT('',(5.08,0.12346861404,1.761072976256));
#9366 = CARTESIAN_POINT('',(5.089999999999,0.137765285389,1.776149466042
    ));
#9367 = CARTESIAN_POINT('',(5.08,0.137765285389,1.776149466042));
#9368 = CARTESIAN_POINT('',(5.089999999999,0.156220988404,1.78363572304)
  );
#9369 = CARTESIAN_POINT('',(5.08,0.156220988404,1.78363572304));
#9370 = CARTESIAN_POINT('',(5.089999999999,0.17888771098,1.78363572304)
  );
#9371 = CARTESIAN_POINT('',(5.08,0.17888771098,1.78363572304));
#9372 = ADVANCED_FACE('',(#9373),#9392,.F.);
#9373 = FACE_BOUND('',#9374,.F.);
#9374 = EDGE_LOOP('',(#9375,#9376,#9385,#9391));
#9375 = ORIENTED_EDGE('',*,*,#9357,.F.);
#9376 = ORIENTED_EDGE('',*,*,#9377,.T.);
#9377 = EDGE_CURVE('',#9349,#9378,#9380,.T.);
#9378 = VERTEX_POINT('',#9379);
#9379 = CARTESIAN_POINT('',(5.089999999999,0.226820550922,1.771574531212
    ));
#9380 = B_SPLINE_CURVE_WITH_KNOTS('',3,(#9381,#9382,#9383,#9384),
  .UNSPECIFIED.,.F.,.F.,(4,4),(7.,8.),.PIECEWISE_BEZIER_KNOTS.);
#9381 = CARTESIAN_POINT('',(5.089999999999,0.17888771098,1.78363572304)
  );
#9382 = CARTESIAN_POINT('',(5.089999999999,0.196303656078,1.78363572304)
  );
#9383 = CARTESIAN_POINT('',(5.089999999999,0.212263940094,1.779684642958
    ));
#9384 = CARTESIAN_POINT('',(5.089999999999,0.226820550922,1.771574531212
    ));
#9385 = ORIENTED_EDGE('',*,*,#9386,.T.);
#9386 = EDGE_CURVE('',#9378,#466,#9387,.T.);
#9387 = LINE('',#9388,#9389);
#9388 = CARTESIAN_POINT('',(5.089999999999,0.226820550922,1.771574531212
    ));
#9389 = VECTOR('',#9390,1.);
#9390 = DIRECTION('',(-1.,-3.41480999208E-16,0.));
#9391 = ORIENTED_EDGE('',*,*,#473,.F.);
#9392 = B_SPLINE_SURFACE_WITH_KNOTS('',3,1,(
    (#9393,#9394)
    ,(#9395,#9396)
    ,(#9397,#9398)
    ,(#9399,#9400
    )),.UNSPECIFIED.,.F.,.F.,.F.,(4,4),(2,2),(7.,8.),(0.,1.),
  .PIECEWISE_BEZIER_KNOTS.);
#9393 = CARTESIAN_POINT('',(5.089999999999,0.17888771098,1.78363572304)
  );
#9394 = CARTESIAN_POINT('',(5.08,0.17888771098,1.78363572304));
#9395 = CARTESIAN_POINT('',(5.089999999999,0.196303656078,1.78363572304)
  );
#9396 = CARTESIAN_POINT('',(5.08,0.196303656078,1.78363572304));
#9397 = CARTESIAN_POINT('',(5.089999999999,0.212263940094,1.779684642958
    ));
#9398 = CARTESIAN_POINT('',(5.08,0.212263940094,1.779684642958));
#9399 = CARTESIAN_POINT('',(5.089999999999,0.226820550922,1.771574531212
    ));
#9400 = CARTESIAN_POINT('',(5.08,0.226820550922,1.771574531212));
#9401 = ADVANCED_FACE('',(#9402),#9420,.F.);
#9402 = FACE_BOUND('',#9403,.T.);
#9403 = EDGE_LOOP('',(#9404,#9405,#9413,#9419));
#9404 = ORIENTED_EDGE('',*,*,#465,.T.);
#9405 = ORIENTED_EDGE('',*,*,#9406,.F.);
#9406 = EDGE_CURVE('',#9407,#457,#9409,.T.);
#9407 = VERTEX_POINT('',#9408);
#9408 = CARTESIAN_POINT('',(5.089999999999,0.226820550922,1.799024140201
    ));
#9409 = LINE('',#9410,#9411);
#9410 = CARTESIAN_POINT('',(5.089999999999,0.226820550922,1.799024140201
    ));
#9411 = VECTOR('',#9412,1.);
#9412 = DIRECTION('',(-1.,-3.41480999208E-16,0.));
#9413 = ORIENTED_EDGE('',*,*,#9414,.F.);
#9414 = EDGE_CURVE('',#9378,#9407,#9415,.T.);
#9415 = LINE('',#9416,#9417);
#9416 = CARTESIAN_POINT('',(5.089999999999,0.226820550922,1.799024140201
    ));
#9417 = VECTOR('',#9418,1.);
#9418 = DIRECTION('',(0.,0.,1.));
#9419 = ORIENTED_EDGE('',*,*,#9386,.T.);
#9420 = PLANE('',#9421);
#9421 = AXIS2_PLACEMENT_3D('',#9422,#9423,#9424);
#9422 = CARTESIAN_POINT('',(5.089999999999,0.226820550922,1.799024140201
    ));
#9423 = DIRECTION('',(3.41480999208E-16,-1.,0.));
#9424 = DIRECTION('',(1.,3.41480999208E-16,0.));
#9425 = ADVANCED_FACE('',(#9426),#9445,.F.);
#9426 = FACE_BOUND('',#9427,.F.);
#9427 = EDGE_LOOP('',(#9428,#9429,#9438,#9444));
#9428 = ORIENTED_EDGE('',*,*,#9406,.F.);
#9429 = ORIENTED_EDGE('',*,*,#9430,.T.);
#9430 = EDGE_CURVE('',#9407,#9431,#9433,.T.);
#9431 = VERTEX_POINT('',#9432);
#9432 = CARTESIAN_POINT('',(5.089999999999,0.1786277715,1.807342203532)
  );
#9433 = B_SPLINE_CURVE_WITH_KNOTS('',3,(#9434,#9435,#9436,#9437),
  .UNSPECIFIED.,.F.,.F.,(4,4),(5.,6.),.PIECEWISE_BEZIER_KNOTS.);
#9434 = CARTESIAN_POINT('',(5.089999999999,0.226820550922,1.799024140201
    ));
#9435 = CARTESIAN_POINT('',(5.089999999999,0.214135504343,1.804534857159
    ));
#9436 = CARTESIAN_POINT('',(5.089999999999,0.198071244535,1.807342203532
    ));
#9437 = CARTESIAN_POINT('',(5.089999999999,0.1786277715,1.807342203532)
  );
#9438 = ORIENTED_EDGE('',*,*,#9439,.T.);
#9439 = EDGE_CURVE('',#9431,#448,#9440,.T.);
#9440 = LINE('',#9441,#9442);
#9441 = CARTESIAN_POINT('',(5.089999999999,0.1786277715,1.807342203532)
  );
#9442 = VECTOR('',#9443,1.);
#9443 = DIRECTION('',(-1.,-3.41480999208E-16,0.));
#9444 = ORIENTED_EDGE('',*,*,#456,.F.);
#9445 = B_SPLINE_SURFACE_WITH_KNOTS('',3,1,(
    (#9446,#9447)
    ,(#9448,#9449)
    ,(#9450,#9451)
    ,(#9452,#9453
    )),.UNSPECIFIED.,.F.,.F.,.F.,(4,4),(2,2),(5.,6.),(0.,1.),
  .PIECEWISE_BEZIER_KNOTS.);
#9446 = CARTESIAN_POINT('',(5.089999999999,0.226820550922,1.799024140201
    ));
#9447 = CARTESIAN_POINT('',(5.08,0.226820550922,1.799024140201));
#9448 = CARTESIAN_POINT('',(5.089999999999,0.214135504343,1.804534857159
    ));
#9449 = CARTESIAN_POINT('',(5.08,0.214135504343,1.804534857159));
#9450 = CARTESIAN_POINT('',(5.089999999999,0.198071244535,1.807342203532
    ));
#9451 = CARTESIAN_POINT('',(5.08,0.198071244535,1.807342203532));
#9452 = CARTESIAN_POINT('',(5.089999999999,0.1786277715,1.807342203532)
  );
#9453 = CARTESIAN_POINT('',(5.08,0.1786277715,1.807342203532));
#9454 = ADVANCED_FACE('',(#9455),#9474,.F.);
#9455 = FACE_BOUND('',#9456,.F.);
#9456 = EDGE_LOOP('',(#9457,#9458,#9467,#9473));
#9457 = ORIENTED_EDGE('',*,*,#9439,.F.);
#9458 = ORIENTED_EDGE('',*,*,#9459,.T.);
#9459 = EDGE_CURVE('',#9431,#9460,#9462,.T.);
#9460 = VERTEX_POINT('',#9461);
#9461 = CARTESIAN_POINT('',(5.089999999999,0.103921165213,1.777397175542
    ));
#9462 = B_SPLINE_CURVE_WITH_KNOTS('',3,(#9463,#9464,#9465,#9466),
  .UNSPECIFIED.,.F.,.F.,(4,4),(4.,5.),.PIECEWISE_BEZIER_KNOTS.);
#9463 = CARTESIAN_POINT('',(5.089999999999,0.1786277715,1.807342203532)
  );
#9464 = CARTESIAN_POINT('',(5.089999999999,0.148422804032,1.807342203532
    ));
#9465 = CARTESIAN_POINT('',(5.089999999999,0.123520601936,1.797360527536
    ));
#9466 = CARTESIAN_POINT('',(5.089999999999,0.103921165213,1.777397175542
    ));
#9467 = ORIENTED_EDGE('',*,*,#9468,.T.);
#9468 = EDGE_CURVE('',#9460,#439,#9469,.T.);
#9469 = LINE('',#9470,#9471);
#9470 = CARTESIAN_POINT('',(5.089999999999,0.103921165213,1.777397175542
    ));
#9471 = VECTOR('',#9472,1.);
#9472 = DIRECTION('',(-1.,-3.41480999208E-16,0.));
#9473 = ORIENTED_EDGE('',*,*,#447,.F.);
#9474 = B_SPLINE_SURFACE_WITH_KNOTS('',3,1,(
    (#9475,#9476)
    ,(#9477,#9478)
    ,(#9479,#9480)
    ,(#9481,#9482
    )),.UNSPECIFIED.,.F.,.F.,.F.,(4,4),(2,2),(4.,5.),(0.,1.),
  .PIECEWISE_BEZIER_KNOTS.);
#9475 = CARTESIAN_POINT('',(5.089999999999,0.1786277715,1.807342203532)
  );
#9476 = CARTESIAN_POINT('',(5.08,0.1786277715,1.807342203532));
#9477 = CARTESIAN_POINT('',(5.089999999999,0.148422804032,1.807342203532
    ));
#9478 = CARTESIAN_POINT('',(5.08,0.148422804032,1.807342203532));
#9479 = CARTESIAN_POINT('',(5.089999999999,0.123520601936,1.797360527536
    ));
#9480 = CARTESIAN_POINT('',(5.08,0.123520601936,1.797360527536));
#9481 = CARTESIAN_POINT('',(5.089999999999,0.103921165213,1.777397175542
    ));
#9482 = CARTESIAN_POINT('',(5.08,0.103921165213,1.777397175542));
#9483 = ADVANCED_FACE('',(#9484),#9503,.F.);
#9484 = FACE_BOUND('',#9485,.F.);
#9485 = EDGE_LOOP('',(#9486,#9487,#9496,#9502));
#9486 = ORIENTED_EDGE('',*,*,#9468,.F.);
#9487 = ORIENTED_EDGE('',*,*,#9488,.T.);
#9488 = EDGE_CURVE('',#9460,#9489,#9491,.T.);
#9489 = VERTEX_POINT('',#9490);
#9490 = CARTESIAN_POINT('',(5.089999999999,7.4548004077E-02,
    1.698375573902));
#9491 = B_SPLINE_CURVE_WITH_KNOTS('',3,(#9492,#9493,#9494,#9495),
  .UNSPECIFIED.,.F.,.F.,(4,4),(3.,4.),.PIECEWISE_BEZIER_KNOTS.);
#9492 = CARTESIAN_POINT('',(5.089999999999,0.103921165213,1.777397175542
    ));
#9493 = CARTESIAN_POINT('',(5.089999999999,8.432172849E-02,
    1.757433823549));
#9494 = CARTESIAN_POINT('',(5.089999999999,7.4548004077E-02,
    1.731127948266));
#9495 = CARTESIAN_POINT('',(5.089999999999,7.4548004077E-02,
    1.698375573902));
#9496 = ORIENTED_EDGE('',*,*,#9497,.T.);
#9497 = EDGE_CURVE('',#9489,#430,#9498,.T.);
#9498 = LINE('',#9499,#9500);
#9499 = CARTESIAN_POINT('',(5.089999999999,7.4548004077E-02,
    1.698375573902));
#9500 = VECTOR('',#9501,1.);
#9501 = DIRECTION('',(-1.,-3.41480999208E-16,0.));
#9502 = ORIENTED_EDGE('',*,*,#438,.F.);
#9503 = B_SPLINE_SURFACE_WITH_KNOTS('',3,1,(
    (#9504,#9505)
    ,(#9506,#9507)
    ,(#9508,#9509)
    ,(#9510,#9511
    )),.UNSPECIFIED.,.F.,.F.,.F.,(4,4),(2,2),(3.,4.),(0.,1.),
  .PIECEWISE_BEZIER_KNOTS.);
#9504 = CARTESIAN_POINT('',(5.089999999999,0.103921165213,1.777397175542
    ));
#9505 = CARTESIAN_POINT('',(5.08,0.103921165213,1.777397175542));
#9506 = CARTESIAN_POINT('',(5.089999999999,8.432172849E-02,
    1.757433823549));
#9507 = CARTESIAN_POINT('',(5.08,8.432172849E-02,1.757433823549));
#9508 = CARTESIAN_POINT('',(5.089999999999,7.4548004077E-02,
    1.731127948266));
#9509 = CARTESIAN_POINT('',(5.08,7.4548004077E-02,1.731127948266));
#9510 = CARTESIAN_POINT('',(5.089999999999,7.4548004077E-02,
    1.698375573902));
#9511 = CARTESIAN_POINT('',(5.08,7.4548004077E-02,1.698375573902));
#9512 = ADVANCED_FACE('',(#9513),#9532,.F.);
#9513 = FACE_BOUND('',#9514,.F.);
#9514 = EDGE_LOOP('',(#9515,#9516,#9525,#9531));
#9515 = ORIENTED_EDGE('',*,*,#9497,.F.);
#9516 = ORIENTED_EDGE('',*,*,#9517,.T.);
#9517 = EDGE_CURVE('',#9489,#9518,#9520,.T.);
#9518 = VERTEX_POINT('',#9519);
#9519 = CARTESIAN_POINT('',(5.089999999999,0.100645927777,1.624864689219
    ));
#9520 = B_SPLINE_CURVE_WITH_KNOTS('',3,(#9521,#9522,#9523,#9524),
  .UNSPECIFIED.,.F.,.F.,(4,4),(2.,3.),.PIECEWISE_BEZIER_KNOTS.);
#9521 = CARTESIAN_POINT('',(5.089999999999,7.4548004077E-02,
    1.698375573902));
#9522 = CARTESIAN_POINT('',(5.089999999999,7.4548004077E-02,
    1.667910666954));
#9523 = CARTESIAN_POINT('',(5.089999999999,8.3229982678E-02,
    1.643372380129));
#9524 = CARTESIAN_POINT('',(5.089999999999,0.100645927777,1.624864689219
    ));
#9525 = ORIENTED_EDGE('',*,*,#9526,.T.);
#9526 = EDGE_CURVE('',#9518,#421,#9527,.T.);
#9527 = LINE('',#9528,#9529);
#9528 = CARTESIAN_POINT('',(5.089999999999,0.100645927777,1.624864689219
    ));
#9529 = VECTOR('',#9530,1.);
#9530 = DIRECTION('',(-1.,-3.41480999208E-16,0.));
#9531 = ORIENTED_EDGE('',*,*,#429,.F.);
#9532 = B_SPLINE_SURFACE_WITH_KNOTS('',3,1,(
    (#9533,#9534)
    ,(#9535,#9536)
    ,(#9537,#9538)
    ,(#9539,#9540
    )),.UNSPECIFIED.,.F.,.F.,.F.,(4,4),(2,2),(2.,3.),(0.,1.),
  .PIECEWISE_BEZIER_KNOTS.);
#9533 = CARTESIAN_POINT('',(5.089999999999,7.4548004077E-02,
    1.698375573902));
#9534 = CARTESIAN_POINT('',(5.08,7.4548004077E-02,1.698375573902));
#9535 = CARTESIAN_POINT('',(5.089999999999,7.4548004077E-02,
    1.667910666954));
#9536 = CARTESIAN_POINT('',(5.08,7.4548004077E-02,1.667910666954));
#9537 = CARTESIAN_POINT('',(5.089999999999,8.3229982678E-02,
    1.643372380129));
#9538 = CARTESIAN_POINT('',(5.08,8.3229982678E-02,1.643372380129));
#9539 = CARTESIAN_POINT('',(5.089999999999,0.100645927777,1.624864689219
    ));
#9540 = CARTESIAN_POINT('',(5.08,0.100645927777,1.624864689219));
#9541 = ADVANCED_FACE('',(#9542),#9554,.F.);
#9542 = FACE_BOUND('',#9543,.F.);
#9543 = EDGE_LOOP('',(#9544,#9545,#9552,#9553));
#9544 = ORIENTED_EDGE('',*,*,#9526,.F.);
#9545 = ORIENTED_EDGE('',*,*,#9546,.T.);
#9546 = EDGE_CURVE('',#9518,#9172,#9547,.T.);
#9547 = B_SPLINE_CURVE_WITH_KNOTS('',3,(#9548,#9549,#9550,#9551),
  .UNSPECIFIED.,.F.,.F.,(4,4),(1.,2.),.PIECEWISE_BEZIER_KNOTS.);
#9548 = CARTESIAN_POINT('',(5.089999999999,0.100645927777,1.624864689219
    ));
#9549 = CARTESIAN_POINT('',(5.089999999999,0.118061872875,1.606356998309
    ));
#9550 = CARTESIAN_POINT('',(5.089999999999,0.1413524502,1.597103152853)
  );
#9551 = CARTESIAN_POINT('',(5.089999999999,0.170517659753,1.597103152853
    ));
#9552 = ORIENTED_EDGE('',*,*,#9171,.T.);
#9553 = ORIENTED_EDGE('',*,*,#420,.F.);
#9554 = B_SPLINE_SURFACE_WITH_KNOTS('',3,1,(
    (#9555,#9556)
    ,(#9557,#9558)
    ,(#9559,#9560)
    ,(#9561,#9562
    )),.UNSPECIFIED.,.F.,.F.,.F.,(4,4),(2,2),(1.,2.),(0.,1.),
  .PIECEWISE_BEZIER_KNOTS.);
#9555 = CARTESIAN_POINT('',(5.089999999999,0.100645927777,1.624864689219
    ));
#9556 = CARTESIAN_POINT('',(5.08,0.100645927777,1.624864689219));
#9557 = CARTESIAN_POINT('',(5.089999999999,0.118061872875,1.606356998309
    ));
#9558 = CARTESIAN_POINT('',(5.08,0.118061872875,1.606356998309));
#9559 = CARTESIAN_POINT('',(5.089999999999,0.1413524502,1.597103152853)
  );
#9560 = CARTESIAN_POINT('',(5.08,0.1413524502,1.597103152853));
#9561 = CARTESIAN_POINT('',(5.089999999999,0.170517659753,1.597103152853
    ));
#9562 = CARTESIAN_POINT('',(5.08,0.170517659753,1.597103152853));
#9563 = ADVANCED_FACE('',(#9564),#9580,.T.);
#9564 = FACE_BOUND('',#9565,.T.);
#9565 = EDGE_LOOP('',(#9566,#9567,#9568,#9569,#9570,#9571,#9572,#9573,
    #9574,#9575,#9576,#9577,#9578,#9579));
#9566 = ORIENTED_EDGE('',*,*,#9179,.T.);
#9567 = ORIENTED_EDGE('',*,*,#9216,.T.);
#9568 = ORIENTED_EDGE('',*,*,#9232,.T.);
#9569 = ORIENTED_EDGE('',*,*,#9261,.T.);
#9570 = ORIENTED_EDGE('',*,*,#9290,.T.);
#9571 = ORIENTED_EDGE('',*,*,#9319,.T.);
#9572 = ORIENTED_EDGE('',*,*,#9348,.T.);
#9573 = ORIENTED_EDGE('',*,*,#9377,.T.);
#9574 = ORIENTED_EDGE('',*,*,#9414,.T.);
#9575 = ORIENTED_EDGE('',*,*,#9430,.T.);
#9576 = ORIENTED_EDGE('',*,*,#9459,.T.);
#9577 = ORIENTED_EDGE('',*,*,#9488,.T.);
#9578 = ORIENTED_EDGE('',*,*,#9517,.T.);
#9579 = ORIENTED_EDGE('',*,*,#9546,.T.);
#9580 = PLANE('',#9581);
#9581 = AXIS2_PLACEMENT_3D('',#9582,#9583,#9584);
#9582 = CARTESIAN_POINT('',(5.089999999999,0.201515442633,1.600066462914
    ));
#9583 = DIRECTION('',(1.,0.,0.));
#9584 = DIRECTION('',(0.,0.,-1.));
#9585 = ADVANCED_FACE('',(#9586),#9611,.F.);
#9586 = FACE_BOUND('',#9587,.T.);
#9587 = EDGE_LOOP('',(#9588,#9589,#9597,#9605));
#9588 = ORIENTED_EDGE('',*,*,#619,.T.);
#9589 = ORIENTED_EDGE('',*,*,#9590,.F.);
#9590 = EDGE_CURVE('',#9591,#622,#9593,.T.);
#9591 = VERTEX_POINT('',#9592);
#9592 = CARTESIAN_POINT('',(5.089999999999,0.376909606142,1.623720955511
    ));
#9593 = LINE('',#9594,#9595);
#9594 = CARTESIAN_POINT('',(5.089999999999,0.376909606142,1.623720955511
    ));
#9595 = VECTOR('',#9596,1.);
#9596 = DIRECTION('',(-1.,-3.41480999208E-16,0.));
#9597 = ORIENTED_EDGE('',*,*,#9598,.F.);
#9598 = EDGE_CURVE('',#9599,#9591,#9601,.T.);
#9599 = VERTEX_POINT('',#9600);
#9600 = CARTESIAN_POINT('',(5.089999999999,0.376909606142,1.600534353977
    ));
#9601 = LINE('',#9602,#9603);
#9602 = CARTESIAN_POINT('',(5.089999999999,0.376909606142,1.623720955511
    ));
#9603 = VECTOR('',#9604,1.);
#9604 = DIRECTION('',(0.,0.,1.));
#9605 = ORIENTED_EDGE('',*,*,#9606,.T.);
#9606 = EDGE_CURVE('',#9599,#620,#9607,.T.);
#9607 = LINE('',#9608,#9609);
#9608 = CARTESIAN_POINT('',(5.089999999999,0.376909606142,1.600534353977
    ));
#9609 = VECTOR('',#9610,1.);
#9610 = DIRECTION('',(-1.,-3.41480999208E-16,0.));
#9611 = PLANE('',#9612);
#9612 = AXIS2_PLACEMENT_3D('',#9613,#9614,#9615);
#9613 = CARTESIAN_POINT('',(5.089999999999,0.376909606142,1.623720955511
    ));
#9614 = DIRECTION('',(3.41480999208E-16,-1.,0.));
#9615 = DIRECTION('',(1.,3.41480999208E-16,0.));
#9616 = ADVANCED_FACE('',(#9617),#9635,.F.);
#9617 = FACE_BOUND('',#9618,.T.);
#9618 = EDGE_LOOP('',(#9619,#9620,#9628,#9634));
#9619 = ORIENTED_EDGE('',*,*,#709,.T.);
#9620 = ORIENTED_EDGE('',*,*,#9621,.F.);
#9621 = EDGE_CURVE('',#9622,#702,#9624,.T.);
#9622 = VERTEX_POINT('',#9623);
#9623 = CARTESIAN_POINT('',(5.089999999999,0.293780960733,1.623720955511
    ));
#9624 = LINE('',#9625,#9626);
#9625 = CARTESIAN_POINT('',(5.089999999999,0.293780960733,1.623720955511
    ));
#9626 = VECTOR('',#9627,1.);
#9627 = DIRECTION('',(-1.,-3.41480999208E-16,0.));
#9628 = ORIENTED_EDGE('',*,*,#9629,.F.);
#9629 = EDGE_CURVE('',#9591,#9622,#9630,.T.);
#9630 = LINE('',#9631,#9632);
#9631 = CARTESIAN_POINT('',(5.089999999999,0.293780960733,1.623720955511
    ));
#9632 = VECTOR('',#9633,1.);
#9633 = DIRECTION('',(0.,-1.,-2.608492336546E-15));
#9634 = ORIENTED_EDGE('',*,*,#9590,.T.);
#9635 = PLANE('',#9636);
#9636 = AXIS2_PLACEMENT_3D('',#9637,#9638,#9639);
#9637 = CARTESIAN_POINT('',(5.089999999999,0.293780960733,1.623720955511
    ));
#9638 = DIRECTION('',(-8.907505695105E-31,2.608492336546E-15,-1.));
#9639 = DIRECTION('',(0.,1.,2.608492336546E-15));
#9640 = ADVANCED_FACE('',(#9641),#9659,.F.);
#9641 = FACE_BOUND('',#9642,.T.);
#9642 = EDGE_LOOP('',(#9643,#9644,#9652,#9658));
#9643 = ORIENTED_EDGE('',*,*,#701,.T.);
#9644 = ORIENTED_EDGE('',*,*,#9645,.F.);
#9645 = EDGE_CURVE('',#9646,#694,#9648,.T.);
#9646 = VERTEX_POINT('',#9647);
#9647 = CARTESIAN_POINT('',(5.089999999999,0.293780960733,1.692137026404
    ));
#9648 = LINE('',#9649,#9650);
#9649 = CARTESIAN_POINT('',(5.089999999999,0.293780960733,1.692137026404
    ));
#9650 = VECTOR('',#9651,1.);
#9651 = DIRECTION('',(-1.,-3.41480999208E-16,0.));
#9652 = ORIENTED_EDGE('',*,*,#9653,.F.);
#9653 = EDGE_CURVE('',#9622,#9646,#9654,.T.);
#9654 = LINE('',#9655,#9656);
#9655 = CARTESIAN_POINT('',(5.089999999999,0.293780960733,1.692137026404
    ));
#9656 = VECTOR('',#9657,1.);
#9657 = DIRECTION('',(0.,-6.338874234248E-15,1.));
#9658 = ORIENTED_EDGE('',*,*,#9621,.T.);
#9659 = PLANE('',#9660);
#9660 = AXIS2_PLACEMENT_3D('',#9661,#9662,#9663);
#9661 = CARTESIAN_POINT('',(5.089999999999,0.293780960733,1.692137026404
    ));
#9662 = DIRECTION('',(3.41480999208E-16,-1.,-6.338874234248E-15));
#9663 = DIRECTION('',(0.,6.338874234248E-15,-1.));
#9664 = ADVANCED_FACE('',(#9665),#9683,.F.);
#9665 = FACE_BOUND('',#9666,.T.);
#9666 = EDGE_LOOP('',(#9667,#9668,#9676,#9682));
#9667 = ORIENTED_EDGE('',*,*,#693,.T.);
#9668 = ORIENTED_EDGE('',*,*,#9669,.F.);
#9669 = EDGE_CURVE('',#9670,#686,#9672,.T.);
#9670 = VERTEX_POINT('',#9671);
#9671 = CARTESIAN_POINT('',(5.089999999999,0.366512026979,1.692137026404
    ));
#9672 = LINE('',#9673,#9674);
#9673 = CARTESIAN_POINT('',(5.089999999999,0.366512026979,1.692137026404
    ));
#9674 = VECTOR('',#9675,1.);
#9675 = DIRECTION('',(-1.,-3.41480999208E-16,0.));
#9676 = ORIENTED_EDGE('',*,*,#9677,.F.);
#9677 = EDGE_CURVE('',#9646,#9670,#9678,.T.);
#9678 = LINE('',#9679,#9680);
#9679 = CARTESIAN_POINT('',(5.089999999999,0.366512026979,1.692137026404
    ));
#9680 = VECTOR('',#9681,1.);
#9681 = DIRECTION('',(0.,1.,2.981400461857E-15));
#9682 = ORIENTED_EDGE('',*,*,#9645,.T.);
#9683 = PLANE('',#9684);
#9684 = AXIS2_PLACEMENT_3D('',#9685,#9686,#9687);
#9685 = CARTESIAN_POINT('',(5.089999999999,0.366512026979,1.692137026404
    ));
#9686 = DIRECTION('',(1.018091608754E-30,-2.981400461857E-15,1.));
#9687 = DIRECTION('',(0.,-1.,-2.981400461857E-15));
#9688 = ADVANCED_FACE('',(#9689),#9707,.F.);
#9689 = FACE_BOUND('',#9690,.T.);
#9690 = EDGE_LOOP('',(#9691,#9692,#9700,#9706));
#9691 = ORIENTED_EDGE('',*,*,#685,.T.);
#9692 = ORIENTED_EDGE('',*,*,#9693,.F.);
#9693 = EDGE_CURVE('',#9694,#678,#9696,.T.);
#9694 = VERTEX_POINT('',#9695);
#9695 = CARTESIAN_POINT('',(5.089999999999,0.366512026979,1.715427603729
    ));
#9696 = LINE('',#9697,#9698);
#9697 = CARTESIAN_POINT('',(5.089999999999,0.366512026979,1.715427603729
    ));
#9698 = VECTOR('',#9699,1.);
#9699 = DIRECTION('',(-1.,-3.41480999208E-16,0.));
#9700 = ORIENTED_EDGE('',*,*,#9701,.F.);
#9701 = EDGE_CURVE('',#9670,#9694,#9702,.T.);
#9702 = LINE('',#9703,#9704);
#9703 = CARTESIAN_POINT('',(5.089999999999,0.366512026979,1.715427603729
    ));
#9704 = VECTOR('',#9705,1.);
#9705 = DIRECTION('',(0.,0.,1.));
#9706 = ORIENTED_EDGE('',*,*,#9669,.T.);
#9707 = PLANE('',#9708);
#9708 = AXIS2_PLACEMENT_3D('',#9709,#9710,#9711);
#9709 = CARTESIAN_POINT('',(5.089999999999,0.366512026979,1.715427603729
    ));
#9710 = DIRECTION('',(3.41480999208E-16,-1.,0.));
#9711 = DIRECTION('',(1.,3.41480999208E-16,0.));
#9712 = ADVANCED_FACE('',(#9713),#9731,.F.);
#9713 = FACE_BOUND('',#9714,.T.);
#9714 = EDGE_LOOP('',(#9715,#9716,#9724,#9730));
#9715 = ORIENTED_EDGE('',*,*,#677,.T.);
#9716 = ORIENTED_EDGE('',*,*,#9717,.F.);
#9717 = EDGE_CURVE('',#9718,#670,#9720,.T.);
#9718 = VERTEX_POINT('',#9719);
#9719 = CARTESIAN_POINT('',(5.089999999999,0.293780960733,1.715427603729
    ));
#9720 = LINE('',#9721,#9722);
#9721 = CARTESIAN_POINT('',(5.089999999999,0.293780960733,1.715427603729
    ));
#9722 = VECTOR('',#9723,1.);
#9723 = DIRECTION('',(-1.,-3.41480999208E-16,0.));
#9724 = ORIENTED_EDGE('',*,*,#9725,.F.);
#9725 = EDGE_CURVE('',#9694,#9718,#9726,.T.);
#9726 = LINE('',#9727,#9728);
#9727 = CARTESIAN_POINT('',(5.089999999999,0.293780960733,1.715427603729
    ));
#9728 = VECTOR('',#9729,1.);
#9729 = DIRECTION('',(0.,-1.,0.));
#9730 = ORIENTED_EDGE('',*,*,#9693,.T.);
#9731 = PLANE('',#9732);
#9732 = AXIS2_PLACEMENT_3D('',#9733,#9734,#9735);
#9733 = CARTESIAN_POINT('',(5.089999999999,0.293780960733,1.715427603729
    ));
#9734 = DIRECTION('',(0.,0.,-1.));
#9735 = DIRECTION('',(-1.,0.,0.));
#9736 = ADVANCED_FACE('',(#9737),#9755,.F.);
#9737 = FACE_BOUND('',#9738,.T.);
#9738 = EDGE_LOOP('',(#9739,#9740,#9748,#9754));
#9739 = ORIENTED_EDGE('',*,*,#669,.T.);
#9740 = ORIENTED_EDGE('',*,*,#9741,.F.);
#9741 = EDGE_CURVE('',#9742,#662,#9744,.T.);
#9742 = VERTEX_POINT('',#9743);
#9743 = CARTESIAN_POINT('',(5.089999999999,0.293780960733,1.780516449291
    ));
#9744 = LINE('',#9745,#9746);
#9745 = CARTESIAN_POINT('',(5.089999999999,0.293780960733,1.780516449291
    ));
#9746 = VECTOR('',#9747,1.);
#9747 = DIRECTION('',(-1.,-3.41480999208E-16,0.));
#9748 = ORIENTED_EDGE('',*,*,#9749,.F.);
#9749 = EDGE_CURVE('',#9718,#9742,#9750,.T.);
#9750 = LINE('',#9751,#9752);
#9751 = CARTESIAN_POINT('',(5.089999999999,0.293780960733,1.780516449291
    ));
#9752 = VECTOR('',#9753,1.);
#9753 = DIRECTION('',(0.,-3.331453071942E-15,1.));
#9754 = ORIENTED_EDGE('',*,*,#9717,.T.);
#9755 = PLANE('',#9756);
#9756 = AXIS2_PLACEMENT_3D('',#9757,#9758,#9759);
#9757 = CARTESIAN_POINT('',(5.089999999999,0.293780960733,1.780516449291
    ));
#9758 = DIRECTION('',(3.41480999208E-16,-1.,-3.331453071942E-15));
#9759 = DIRECTION('',(0.,3.331453071942E-15,-1.));
#9760 = ADVANCED_FACE('',(#9761),#9779,.F.);
#9761 = FACE_BOUND('',#9762,.T.);
#9762 = EDGE_LOOP('',(#9763,#9764,#9772,#9778));
#9763 = ORIENTED_EDGE('',*,*,#661,.T.);
#9764 = ORIENTED_EDGE('',*,*,#9765,.F.);
#9765 = EDGE_CURVE('',#9766,#654,#9768,.T.);
#9766 = VERTEX_POINT('',#9767);
#9767 = CARTESIAN_POINT('',(5.089999999999,0.372282683415,1.780516449291
    ));
#9768 = LINE('',#9769,#9770);
#9769 = CARTESIAN_POINT('',(5.089999999999,0.372282683415,1.780516449291
    ));
#9770 = VECTOR('',#9771,1.);
#9771 = DIRECTION('',(-1.,-3.41480999208E-16,0.));
#9772 = ORIENTED_EDGE('',*,*,#9773,.F.);
#9773 = EDGE_CURVE('',#9742,#9766,#9774,.T.);
#9774 = LINE('',#9775,#9776);
#9775 = CARTESIAN_POINT('',(5.089999999999,0.372282683415,1.780516449291
    ));
#9776 = VECTOR('',#9777,1.);
#9777 = DIRECTION('',(0.,1.,2.762237911336E-15));
#9778 = ORIENTED_EDGE('',*,*,#9741,.T.);
#9779 = PLANE('',#9780);
#9780 = AXIS2_PLACEMENT_3D('',#9781,#9782,#9783);
#9781 = CARTESIAN_POINT('',(5.089999999999,0.372282683415,1.780516449291
    ));
#9782 = DIRECTION('',(9.432517620133E-31,-2.762237911336E-15,1.));
#9783 = DIRECTION('',(0.,-1.,-2.762237911336E-15));
#9784 = ADVANCED_FACE('',(#9785),#9803,.F.);
#9785 = FACE_BOUND('',#9786,.T.);
#9786 = EDGE_LOOP('',(#9787,#9788,#9796,#9802));
#9787 = ORIENTED_EDGE('',*,*,#653,.T.);
#9788 = ORIENTED_EDGE('',*,*,#9789,.F.);
#9789 = EDGE_CURVE('',#9790,#646,#9792,.T.);
#9790 = VERTEX_POINT('',#9791);
#9791 = CARTESIAN_POINT('',(5.089999999999,0.372282683415,1.803911002408
    ));
#9792 = LINE('',#9793,#9794);
#9793 = CARTESIAN_POINT('',(5.089999999999,0.372282683415,1.803911002408
    ));
#9794 = VECTOR('',#9795,1.);
#9795 = DIRECTION('',(-1.,-3.41480999208E-16,0.));
#9796 = ORIENTED_EDGE('',*,*,#9797,.F.);
#9797 = EDGE_CURVE('',#9766,#9790,#9798,.T.);
#9798 = LINE('',#9799,#9800);
#9799 = CARTESIAN_POINT('',(5.089999999999,0.372282683415,1.803911002408
    ));
#9800 = VECTOR('',#9801,1.);
#9801 = DIRECTION('',(0.,0.,1.));
#9802 = ORIENTED_EDGE('',*,*,#9765,.T.);
#9803 = PLANE('',#9804);
#9804 = AXIS2_PLACEMENT_3D('',#9805,#9806,#9807);
#9805 = CARTESIAN_POINT('',(5.089999999999,0.372282683415,1.803911002408
    ));
#9806 = DIRECTION('',(3.41480999208E-16,-1.,0.));
#9807 = DIRECTION('',(1.,3.41480999208E-16,0.));
#9808 = ADVANCED_FACE('',(#9809),#9827,.F.);
#9809 = FACE_BOUND('',#9810,.T.);
#9810 = EDGE_LOOP('',(#9811,#9812,#9820,#9826));
#9811 = ORIENTED_EDGE('',*,*,#645,.T.);
#9812 = ORIENTED_EDGE('',*,*,#9813,.F.);
#9813 = EDGE_CURVE('',#9814,#638,#9816,.T.);
#9814 = VERTEX_POINT('',#9815);
#9815 = CARTESIAN_POINT('',(5.089999999999,0.267527073346,1.803911002408
    ));
#9816 = LINE('',#9817,#9818);
#9817 = CARTESIAN_POINT('',(5.089999999999,0.267527073346,1.803911002408
    ));
#9818 = VECTOR('',#9819,1.);
#9819 = DIRECTION('',(-1.,-3.41480999208E-16,0.));
#9820 = ORIENTED_EDGE('',*,*,#9821,.F.);
#9821 = EDGE_CURVE('',#9790,#9814,#9822,.T.);
#9822 = LINE('',#9823,#9824);
#9823 = CARTESIAN_POINT('',(5.089999999999,0.267527073346,1.803911002408
    ));
#9824 = VECTOR('',#9825,1.);
#9825 = DIRECTION('',(0.,-1.,-4.139929772825E-15));
#9826 = ORIENTED_EDGE('',*,*,#9789,.T.);
#9827 = PLANE('',#9828);
#9828 = AXIS2_PLACEMENT_3D('',#9829,#9830,#9831);
#9829 = CARTESIAN_POINT('',(5.089999999999,0.267527073346,1.803911002408
    ));
#9830 = DIRECTION('',(-1.413707355475E-30,4.139929772825E-15,-1.));
#9831 = DIRECTION('',(0.,1.,4.139929772825E-15));
#9832 = ADVANCED_FACE('',(#9833),#9851,.F.);
#9833 = FACE_BOUND('',#9834,.T.);
#9834 = EDGE_LOOP('',(#9835,#9836,#9844,#9850));
#9835 = ORIENTED_EDGE('',*,*,#637,.T.);
#9836 = ORIENTED_EDGE('',*,*,#9837,.F.);
#9837 = EDGE_CURVE('',#9838,#630,#9840,.T.);
#9838 = VERTEX_POINT('',#9839);
#9839 = CARTESIAN_POINT('',(5.089999999999,0.267527073346,1.600534353977
    ));
#9840 = LINE('',#9841,#9842);
#9841 = CARTESIAN_POINT('',(5.089999999999,0.267527073346,1.600534353977
    ));
#9842 = VECTOR('',#9843,1.);
#9843 = DIRECTION('',(-1.,-3.41480999208E-16,0.));
#9844 = ORIENTED_EDGE('',*,*,#9845,.F.);
#9845 = EDGE_CURVE('',#9814,#9838,#9846,.T.);
#9846 = LINE('',#9847,#9848);
#9847 = CARTESIAN_POINT('',(5.089999999999,0.267527073346,1.600534353977
    ));
#9848 = VECTOR('',#9849,1.);
#9849 = DIRECTION('',(0.,3.19860371635E-15,-1.));
#9850 = ORIENTED_EDGE('',*,*,#9813,.T.);
#9851 = PLANE('',#9852);
#9852 = AXIS2_PLACEMENT_3D('',#9853,#9854,#9855);
#9853 = CARTESIAN_POINT('',(5.089999999999,0.267527073346,1.600534353977
    ));
#9854 = DIRECTION('',(-3.41480999208E-16,1.,3.19860371635E-15));
#9855 = DIRECTION('',(0.,-3.19860371635E-15,1.));
#9856 = ADVANCED_FACE('',(#9857),#9868,.F.);
#9857 = FACE_BOUND('',#9858,.T.);
#9858 = EDGE_LOOP('',(#9859,#9860,#9861,#9867));
#9859 = ORIENTED_EDGE('',*,*,#629,.T.);
#9860 = ORIENTED_EDGE('',*,*,#9606,.F.);
#9861 = ORIENTED_EDGE('',*,*,#9862,.F.);
#9862 = EDGE_CURVE('',#9838,#9599,#9863,.T.);
#9863 = LINE('',#9864,#9865);
#9864 = CARTESIAN_POINT('',(5.089999999999,0.376909606142,1.600534353977
    ));
#9865 = VECTOR('',#9866,1.);
#9866 = DIRECTION('',(0.,1.,1.982404584666E-15));
#9867 = ORIENTED_EDGE('',*,*,#9837,.T.);
#9868 = PLANE('',#9869);
#9869 = AXIS2_PLACEMENT_3D('',#9870,#9871,#9872);
#9870 = CARTESIAN_POINT('',(5.089999999999,0.376909606142,1.600534353977
    ));
#9871 = DIRECTION('',(6.769534984063E-31,-1.982404584666E-15,1.));
#9872 = DIRECTION('',(0.,-1.,-1.982404584666E-15));
#9873 = ADVANCED_FACE('',(#9874),#9888,.F.);
#9874 = FACE_BOUND('',#9875,.T.);
#9875 = EDGE_LOOP('',(#9876,#9877,#9878,#9879,#9880,#9881,#9882,#9883,
    #9884,#9885,#9886,#9887));
#9876 = ORIENTED_EDGE('',*,*,#9598,.T.);
#9877 = ORIENTED_EDGE('',*,*,#9629,.T.);
#9878 = ORIENTED_EDGE('',*,*,#9653,.T.);
#9879 = ORIENTED_EDGE('',*,*,#9677,.T.);
#9880 = ORIENTED_EDGE('',*,*,#9701,.T.);
#9881 = ORIENTED_EDGE('',*,*,#9725,.T.);
#9882 = ORIENTED_EDGE('',*,*,#9749,.T.);
#9883 = ORIENTED_EDGE('',*,*,#9773,.T.);
#9884 = ORIENTED_EDGE('',*,*,#9797,.T.);
#9885 = ORIENTED_EDGE('',*,*,#9821,.T.);
#9886 = ORIENTED_EDGE('',*,*,#9845,.T.);
#9887 = ORIENTED_EDGE('',*,*,#9862,.T.);
#9888 = PLANE('',#9889);
#9889 = AXIS2_PLACEMENT_3D('',#9890,#9891,#9892);
#9890 = CARTESIAN_POINT('',(5.089999999999,3.41480999208E-18,0.));
#9891 = DIRECTION('',(-1.,0.,0.));
#9892 = DIRECTION('',(0.,0.,1.));
#9893 = ADVANCED_FACE('',(#9894,#9956),#10018,.T.);
#9894 = FACE_BOUND('',#9895,.T.);
#9895 = EDGE_LOOP('',(#9896,#9906,#9915,#9924,#9933,#9942,#9950));
#9896 = ORIENTED_EDGE('',*,*,#9897,.T.);
#9897 = EDGE_CURVE('',#9898,#9900,#9902,.T.);
#9898 = VERTEX_POINT('',#9899);
#9899 = CARTESIAN_POINT('',(5.089999999999,0.41532866115,1.600534353977)
  );
#9900 = VERTEX_POINT('',#9901);
#9901 = CARTESIAN_POINT('',(5.089999999999,0.471267637048,1.600534353977
    ));
#9902 = LINE('',#9903,#9904);
#9903 = CARTESIAN_POINT('',(5.089999999999,0.471267637048,1.600534353977
    ));
#9904 = VECTOR('',#9905,1.);
#9905 = DIRECTION('',(0.,1.,3.876374764046E-15));
#9906 = ORIENTED_EDGE('',*,*,#9907,.T.);
#9907 = EDGE_CURVE('',#9900,#9908,#9910,.T.);
#9908 = VERTEX_POINT('',#9909);
#9909 = CARTESIAN_POINT('',(5.089999999999,0.550237250793,1.629023720883
    ));
#9910 = B_SPLINE_CURVE_WITH_KNOTS('',3,(#9911,#9912,#9913,#9914),
  .UNSPECIFIED.,.F.,.F.,(4,4),(5.,6.),.PIECEWISE_BEZIER_KNOTS.);
#9911 = CARTESIAN_POINT('',(5.089999999999,0.471267637048,1.600534353977
    ));
#9912 = CARTESIAN_POINT('',(5.089999999999,0.503448144558,1.600534353977
    ));
#9913 = CARTESIAN_POINT('',(5.089999999999,0.529806007737,1.609996151016
    ));
#9914 = CARTESIAN_POINT('',(5.089999999999,0.550237250793,1.629023720883
    ));
#9915 = ORIENTED_EDGE('',*,*,#9916,.T.);
#9916 = EDGE_CURVE('',#9908,#9917,#9919,.T.);
#9917 = VERTEX_POINT('',#9918);
#9918 = CARTESIAN_POINT('',(5.089999999999,0.580910109324,1.704822072984
    ));
#9919 = B_SPLINE_CURVE_WITH_KNOTS('',3,(#9920,#9921,#9922,#9923),
  .UNSPECIFIED.,.F.,.F.,(4,4),(4.,5.),.PIECEWISE_BEZIER_KNOTS.);
#9920 = CARTESIAN_POINT('',(5.089999999999,0.550237250793,1.629023720883
    ));
#9921 = CARTESIAN_POINT('',(5.089999999999,0.570668493848,1.648051290752
    ));
#9922 = CARTESIAN_POINT('',(5.089999999999,0.580910109324,1.673317408119
    ));
#9923 = CARTESIAN_POINT('',(5.089999999999,0.580910109324,1.704822072984
    ));
#9924 = ORIENTED_EDGE('',*,*,#9925,.T.);
#9925 = EDGE_CURVE('',#9917,#9926,#9928,.T.);
#9926 = VERTEX_POINT('',#9927);
#9927 = CARTESIAN_POINT('',(5.089999999999,0.550237250793,1.776981272376
    ));
#9928 = B_SPLINE_CURVE_WITH_KNOTS('',3,(#9929,#9930,#9931,#9932),
  .UNSPECIFIED.,.F.,.F.,(4,4),(3.,4.),.PIECEWISE_BEZIER_KNOTS.);
#9929 = CARTESIAN_POINT('',(5.089999999999,0.580910109324,1.704822072984
    ));
#9930 = CARTESIAN_POINT('',(5.089999999999,0.580910109324,1.734975052556
    ));
#9931 = CARTESIAN_POINT('',(5.089999999999,0.570668493848,1.758993460423
    ));
#9932 = CARTESIAN_POINT('',(5.089999999999,0.550237250793,1.776981272376
    ));
#9933 = ORIENTED_EDGE('',*,*,#9934,.T.);
#9934 = EDGE_CURVE('',#9926,#9935,#9937,.T.);
#9935 = VERTEX_POINT('',#9936);
#9936 = CARTESIAN_POINT('',(5.089999999999,0.473347152881,1.803911002408
    ));
#9937 = B_SPLINE_CURVE_WITH_KNOTS('',3,(#9938,#9939,#9940,#9941),
  .UNSPECIFIED.,.F.,.F.,(4,4),(2.,3.),.PIECEWISE_BEZIER_KNOTS.);
#9938 = CARTESIAN_POINT('',(5.089999999999,0.550237250793,1.776981272376
    ));
#9939 = CARTESIAN_POINT('',(5.089999999999,0.529806007737,1.794969084328
    ));
#9940 = CARTESIAN_POINT('',(5.089999999999,0.5041759751,1.803911002408)
  );
#9941 = CARTESIAN_POINT('',(5.089999999999,0.473347152881,1.803911002408
    ));
#9942 = ORIENTED_EDGE('',*,*,#9943,.T.);
#9943 = EDGE_CURVE('',#9935,#9944,#9946,.T.);
#9944 = VERTEX_POINT('',#9945);
#9945 = CARTESIAN_POINT('',(5.089999999999,0.41532866115,1.803911002408)
  );
#9946 = LINE('',#9947,#9948);
#9947 = CARTESIAN_POINT('',(5.089999999999,0.41532866115,1.803911002408)
  );
#9948 = VECTOR('',#9949,1.);
#9949 = DIRECTION('',(0.,-1.,-3.737436600434E-15));
#9950 = ORIENTED_EDGE('',*,*,#9951,.T.);
#9951 = EDGE_CURVE('',#9944,#9898,#9952,.T.);
#9952 = LINE('',#9953,#9954);
#9953 = CARTESIAN_POINT('',(5.089999999999,0.41532866115,1.600534353977)
  );
#9954 = VECTOR('',#9955,1.);
#9955 = DIRECTION('',(0.,3.19860371635E-15,-1.));
#9956 = FACE_BOUND('',#9957,.T.);
#9957 = EDGE_LOOP('',(#9958,#9968,#9976,#9985,#9994,#10003,#10012));
#9958 = ORIENTED_EDGE('',*,*,#9959,.F.);
#9959 = EDGE_CURVE('',#9960,#9962,#9964,.T.);
#9960 = VERTEX_POINT('',#9961);
#9961 = CARTESIAN_POINT('',(5.089999999999,0.441582548538,1.780516449291
    ));
#9962 = VERTEX_POINT('',#9963);
#9963 = CARTESIAN_POINT('',(5.089999999999,0.441582548538,1.623720955511
    ));
#9964 = LINE('',#9965,#9966);
#9965 = CARTESIAN_POINT('',(5.089999999999,0.441582548538,1.780516449291
    ));
#9966 = VECTOR('',#9967,1.);
#9967 = DIRECTION('',(0.,4.148852035256E-15,-1.));
#9968 = ORIENTED_EDGE('',*,*,#9969,.F.);
#9969 = EDGE_CURVE('',#9970,#9960,#9972,.T.);
#9970 = VERTEX_POINT('',#9971);
#9971 = CARTESIAN_POINT('',(5.089999999999,0.472307394963,1.780516449291
    ));
#9972 = LINE('',#9973,#9974);
#9973 = CARTESIAN_POINT('',(5.089999999999,0.472307394963,1.780516449291
    ));
#9974 = VECTOR('',#9975,1.);
#9975 = DIRECTION('',(0.,-1.,-7.057494494673E-15));
#9976 = ORIENTED_EDGE('',*,*,#9977,.F.);
#9977 = EDGE_CURVE('',#9978,#9970,#9980,.T.);
#9978 = VERTEX_POINT('',#9979);
#9979 = CARTESIAN_POINT('',(5.089999999999,0.53100172934,1.761384903631)
  );
#9980 = B_SPLINE_CURVE_WITH_KNOTS('',3,(#9981,#9982,#9983,#9984),
  .UNSPECIFIED.,.F.,.F.,(4,4),(5.,6.),.PIECEWISE_BEZIER_KNOTS.);
#9981 = CARTESIAN_POINT('',(5.089999999999,0.53100172934,1.761384903631)
  );
#9982 = CARTESIAN_POINT('',(5.089999999999,0.516133191136,1.774173926002
    ));
#9983 = CARTESIAN_POINT('',(5.089999999999,0.496533754414,1.780516449291
    ));
#9984 = CARTESIAN_POINT('',(5.089999999999,0.472307394963,1.780516449291
    ));
#9985 = ORIENTED_EDGE('',*,*,#9986,.F.);
#9986 = EDGE_CURVE('',#9987,#9978,#9989,.T.);
#9987 = VERTEX_POINT('',#9988);
#9988 = CARTESIAN_POINT('',(5.089999999999,0.553304536646,1.704094242442
    ));
#9989 = B_SPLINE_CURVE_WITH_KNOTS('',3,(#9990,#9991,#9992,#9993),
  .UNSPECIFIED.,.F.,.F.,(4,4),(4.,5.),.PIECEWISE_BEZIER_KNOTS.);
#9990 = CARTESIAN_POINT('',(5.089999999999,0.553304536646,1.704094242442
    ));
#9991 = CARTESIAN_POINT('',(5.089999999999,0.553304536646,1.7294643356)
  );
#9992 = CARTESIAN_POINT('',(5.089999999999,0.545870267543,1.748595881261
    ));
#9993 = CARTESIAN_POINT('',(5.089999999999,0.53100172934,1.761384903631)
  );
#9994 = ORIENTED_EDGE('',*,*,#9995,.F.);
#9995 = EDGE_CURVE('',#9996,#9987,#9998,.T.);
#9996 = VERTEX_POINT('',#9997);
#9997 = CARTESIAN_POINT('',(5.089999999999,0.531573596195,1.644932017003
    ));
#9998 = B_SPLINE_CURVE_WITH_KNOTS('',3,(#9999,#10000,#10001,#10002),
  .UNSPECIFIED.,.F.,.F.,(4,4),(3.,4.),.PIECEWISE_BEZIER_KNOTS.);
#9999 = CARTESIAN_POINT('',(5.089999999999,0.531573596195,1.644932017003
    ));
#10000 = CARTESIAN_POINT('',(5.089999999999,0.546078219128,
    1.658968748874));
#10001 = CARTESIAN_POINT('',(5.089999999999,0.553304536646,
    1.678724149283));
#10002 = CARTESIAN_POINT('',(5.089999999999,0.553304536646,
    1.704094242442));
#10003 = ORIENTED_EDGE('',*,*,#10004,.F.);
#10004 = EDGE_CURVE('',#10005,#9996,#10007,.T.);
#10005 = VERTEX_POINT('',#10006);
#10006 = CARTESIAN_POINT('',(5.089999999999,0.471111673361,
    1.623720955511));
#10007 = B_SPLINE_CURVE_WITH_KNOTS('',3,(#10008,#10009,#10010,#10011),
  .UNSPECIFIED.,.F.,.F.,(4,4),(2.,3.),.PIECEWISE_BEZIER_KNOTS.);
#10008 = CARTESIAN_POINT('',(5.089999999999,0.471111673361,
    1.623720955511));
#10009 = CARTESIAN_POINT('',(5.089999999999,0.496949657581,
    1.623720955511));
#10010 = CARTESIAN_POINT('',(5.089999999999,0.517120961158,
    1.630791309342));
#10011 = CARTESIAN_POINT('',(5.089999999999,0.531573596195,
    1.644932017003));
#10012 = ORIENTED_EDGE('',*,*,#10013,.F.);
#10013 = EDGE_CURVE('',#9962,#10005,#10014,.T.);
#10014 = LINE('',#10015,#10016);
#10015 = CARTESIAN_POINT('',(5.089999999999,0.441582548538,
    1.623720955511));
#10016 = VECTOR('',#10017,1.);
#10017 = DIRECTION('',(0.,1.,7.343273320721E-15));
#10018 = PLANE('',#10019);
#10019 = AXIS2_PLACEMENT_3D('',#10020,#10021,#10022);
#10020 = CARTESIAN_POINT('',(5.089999999999,0.515691294023,
    1.797191566874));
#10021 = DIRECTION('',(1.,0.,0.));
#10022 = DIRECTION('',(0.,0.,-1.));
#10023 = ADVANCED_FACE('',(#10024),#10040,.F.);
#10024 = FACE_BOUND('',#10025,.T.);
#10025 = EDGE_LOOP('',(#10026,#10027,#10033,#10034));
#10026 = ORIENTED_EDGE('',*,*,#717,.T.);
#10027 = ORIENTED_EDGE('',*,*,#10028,.F.);
#10028 = EDGE_CURVE('',#9900,#720,#10029,.T.);
#10029 = LINE('',#10030,#10031);
#10030 = CARTESIAN_POINT('',(5.089999999999,0.471267637048,
    1.600534353977));
#10031 = VECTOR('',#10032,1.);
#10032 = DIRECTION('',(-1.,-3.41480999208E-16,0.));
#10033 = ORIENTED_EDGE('',*,*,#9897,.F.);
#10034 = ORIENTED_EDGE('',*,*,#10035,.T.);
#10035 = EDGE_CURVE('',#9898,#718,#10036,.T.);
#10036 = LINE('',#10037,#10038);
#10037 = CARTESIAN_POINT('',(5.089999999999,0.41532866115,1.600534353977
    ));
#10038 = VECTOR('',#10039,1.);
#10039 = DIRECTION('',(-1.,-3.41480999208E-16,0.));
#10040 = PLANE('',#10041);
#10041 = AXIS2_PLACEMENT_3D('',#10042,#10043,#10044);
#10042 = CARTESIAN_POINT('',(5.089999999999,0.471267637048,
    1.600534353977));
#10043 = DIRECTION('',(1.323708327731E-30,-3.876374764046E-15,1.));
#10044 = DIRECTION('',(0.,-1.,-3.876374764046E-15));
#10045 = ADVANCED_FACE('',(#10046),#10057,.F.);
#10046 = FACE_BOUND('',#10047,.F.);
#10047 = EDGE_LOOP('',(#10048,#10049,#10050,#10056));
#10048 = ORIENTED_EDGE('',*,*,#10028,.F.);
#10049 = ORIENTED_EDGE('',*,*,#9907,.T.);
#10050 = ORIENTED_EDGE('',*,*,#10051,.T.);
#10051 = EDGE_CURVE('',#9908,#762,#10052,.T.);
#10052 = LINE('',#10053,#10054);
#10053 = CARTESIAN_POINT('',(5.089999999999,0.550237250793,
    1.629023720883));
#10054 = VECTOR('',#10055,1.);
#10055 = DIRECTION('',(-1.,-3.41480999208E-16,0.));
#10056 = ORIENTED_EDGE('',*,*,#770,.F.);
#10057 = B_SPLINE_SURFACE_WITH_KNOTS('',3,1,(
    (#10058,#10059)
    ,(#10060,#10061)
    ,(#10062,#10063)
    ,(#10064,#10065
    )),.UNSPECIFIED.,.F.,.F.,.F.,(4,4),(2,2),(5.,6.),(0.,1.),
  .PIECEWISE_BEZIER_KNOTS.);
#10058 = CARTESIAN_POINT('',(5.089999999999,0.471267637048,
    1.600534353977));
#10059 = CARTESIAN_POINT('',(5.08,0.471267637048,1.600534353977));
#10060 = CARTESIAN_POINT('',(5.089999999999,0.503448144558,
    1.600534353977));
#10061 = CARTESIAN_POINT('',(5.08,0.503448144558,1.600534353977));
#10062 = CARTESIAN_POINT('',(5.089999999999,0.529806007737,
    1.609996151016));
#10063 = CARTESIAN_POINT('',(5.08,0.529806007737,1.609996151016));
#10064 = CARTESIAN_POINT('',(5.089999999999,0.550237250793,
    1.629023720883));
#10065 = CARTESIAN_POINT('',(5.08,0.550237250793,1.629023720883));
#10066 = ADVANCED_FACE('',(#10067),#10078,.F.);
#10067 = FACE_BOUND('',#10068,.F.);
#10068 = EDGE_LOOP('',(#10069,#10070,#10071,#10077));
#10069 = ORIENTED_EDGE('',*,*,#10051,.F.);
#10070 = ORIENTED_EDGE('',*,*,#9916,.T.);
#10071 = ORIENTED_EDGE('',*,*,#10072,.T.);
#10072 = EDGE_CURVE('',#9917,#753,#10073,.T.);
#10073 = LINE('',#10074,#10075);
#10074 = CARTESIAN_POINT('',(5.089999999999,0.580910109324,
    1.704822072984));
#10075 = VECTOR('',#10076,1.);
#10076 = DIRECTION('',(-1.,-3.41480999208E-16,0.));
#10077 = ORIENTED_EDGE('',*,*,#761,.F.);
#10078 = B_SPLINE_SURFACE_WITH_KNOTS('',3,1,(
    (#10079,#10080)
    ,(#10081,#10082)
    ,(#10083,#10084)
    ,(#10085,#10086
    )),.UNSPECIFIED.,.F.,.F.,.F.,(4,4),(2,2),(4.,5.),(0.,1.),
  .PIECEWISE_BEZIER_KNOTS.);
#10079 = CARTESIAN_POINT('',(5.089999999999,0.550237250793,
    1.629023720883));
#10080 = CARTESIAN_POINT('',(5.08,0.550237250793,1.629023720883));
#10081 = CARTESIAN_POINT('',(5.089999999999,0.570668493848,
    1.648051290752));
#10082 = CARTESIAN_POINT('',(5.08,0.570668493848,1.648051290752));
#10083 = CARTESIAN_POINT('',(5.089999999999,0.580910109324,
    1.673317408119));
#10084 = CARTESIAN_POINT('',(5.08,0.580910109324,1.673317408119));
#10085 = CARTESIAN_POINT('',(5.089999999999,0.580910109324,
    1.704822072984));
#10086 = CARTESIAN_POINT('',(5.08,0.580910109324,1.704822072984));
#10087 = ADVANCED_FACE('',(#10088),#10099,.F.);
#10088 = FACE_BOUND('',#10089,.F.);
#10089 = EDGE_LOOP('',(#10090,#10091,#10092,#10098));
#10090 = ORIENTED_EDGE('',*,*,#10072,.F.);
#10091 = ORIENTED_EDGE('',*,*,#9925,.T.);
#10092 = ORIENTED_EDGE('',*,*,#10093,.T.);
#10093 = EDGE_CURVE('',#9926,#744,#10094,.T.);
#10094 = LINE('',#10095,#10096);
#10095 = CARTESIAN_POINT('',(5.089999999999,0.550237250793,
    1.776981272376));
#10096 = VECTOR('',#10097,1.);
#10097 = DIRECTION('',(-1.,-3.41480999208E-16,0.));
#10098 = ORIENTED_EDGE('',*,*,#752,.F.);
#10099 = B_SPLINE_SURFACE_WITH_KNOTS('',3,1,(
    (#10100,#10101)
    ,(#10102,#10103)
    ,(#10104,#10105)
    ,(#10106,#10107
    )),.UNSPECIFIED.,.F.,.F.,.F.,(4,4),(2,2),(3.,4.),(0.,1.),
  .PIECEWISE_BEZIER_KNOTS.);
#10100 = CARTESIAN_POINT('',(5.089999999999,0.580910109324,
    1.704822072984));
#10101 = CARTESIAN_POINT('',(5.08,0.580910109324,1.704822072984));
#10102 = CARTESIAN_POINT('',(5.089999999999,0.580910109324,
    1.734975052556));
#10103 = CARTESIAN_POINT('',(5.08,0.580910109324,1.734975052556));
#10104 = CARTESIAN_POINT('',(5.089999999999,0.570668493848,
    1.758993460423));
#10105 = CARTESIAN_POINT('',(5.08,0.570668493848,1.758993460423));
#10106 = CARTESIAN_POINT('',(5.089999999999,0.550237250793,
    1.776981272376));
#10107 = CARTESIAN_POINT('',(5.08,0.550237250793,1.776981272376));
#10108 = ADVANCED_FACE('',(#10109),#10120,.F.);
#10109 = FACE_BOUND('',#10110,.F.);
#10110 = EDGE_LOOP('',(#10111,#10112,#10113,#10119));
#10111 = ORIENTED_EDGE('',*,*,#10093,.F.);
#10112 = ORIENTED_EDGE('',*,*,#9934,.T.);
#10113 = ORIENTED_EDGE('',*,*,#10114,.T.);
#10114 = EDGE_CURVE('',#9935,#736,#10115,.T.);
#10115 = LINE('',#10116,#10117);
#10116 = CARTESIAN_POINT('',(5.089999999999,0.473347152881,
    1.803911002408));
#10117 = VECTOR('',#10118,1.);
#10118 = DIRECTION('',(-1.,-3.41480999208E-16,0.));
#10119 = ORIENTED_EDGE('',*,*,#743,.F.);
#10120 = B_SPLINE_SURFACE_WITH_KNOTS('',3,1,(
    (#10121,#10122)
    ,(#10123,#10124)
    ,(#10125,#10126)
    ,(#10127,#10128
    )),.UNSPECIFIED.,.F.,.F.,.F.,(4,4),(2,2),(2.,3.),(0.,1.),
  .PIECEWISE_BEZIER_KNOTS.);
#10121 = CARTESIAN_POINT('',(5.089999999999,0.550237250793,
    1.776981272376));
#10122 = CARTESIAN_POINT('',(5.08,0.550237250793,1.776981272376));
#10123 = CARTESIAN_POINT('',(5.089999999999,0.529806007737,
    1.794969084328));
#10124 = CARTESIAN_POINT('',(5.08,0.529806007737,1.794969084328));
#10125 = CARTESIAN_POINT('',(5.089999999999,0.5041759751,1.803911002408)
  );
#10126 = CARTESIAN_POINT('',(5.08,0.5041759751,1.803911002408));
#10127 = CARTESIAN_POINT('',(5.089999999999,0.473347152881,
    1.803911002408));
#10128 = CARTESIAN_POINT('',(5.08,0.473347152881,1.803911002408));
#10129 = ADVANCED_FACE('',(#10130),#10141,.F.);
#10130 = FACE_BOUND('',#10131,.T.);
#10131 = EDGE_LOOP('',(#10132,#10133,#10139,#10140));
#10132 = ORIENTED_EDGE('',*,*,#735,.T.);
#10133 = ORIENTED_EDGE('',*,*,#10134,.F.);
#10134 = EDGE_CURVE('',#9944,#728,#10135,.T.);
#10135 = LINE('',#10136,#10137);
#10136 = CARTESIAN_POINT('',(5.089999999999,0.41532866115,1.803911002408
    ));
#10137 = VECTOR('',#10138,1.);
#10138 = DIRECTION('',(-1.,-3.41480999208E-16,0.));
#10139 = ORIENTED_EDGE('',*,*,#9943,.F.);
#10140 = ORIENTED_EDGE('',*,*,#10114,.T.);
#10141 = PLANE('',#10142);
#10142 = AXIS2_PLACEMENT_3D('',#10143,#10144,#10145);
#10143 = CARTESIAN_POINT('',(5.089999999999,0.41532866115,1.803911002408
    ));
#10144 = DIRECTION('',(-1.276263584793E-30,3.737436600434E-15,-1.));
#10145 = DIRECTION('',(0.,1.,3.737436600434E-15));
#10146 = ADVANCED_FACE('',(#10147),#10153,.F.);
#10147 = FACE_BOUND('',#10148,.T.);
#10148 = EDGE_LOOP('',(#10149,#10150,#10151,#10152));
#10149 = ORIENTED_EDGE('',*,*,#727,.T.);
#10150 = ORIENTED_EDGE('',*,*,#10035,.F.);
#10151 = ORIENTED_EDGE('',*,*,#9951,.F.);
#10152 = ORIENTED_EDGE('',*,*,#10134,.T.);
#10153 = PLANE('',#10154);
#10154 = AXIS2_PLACEMENT_3D('',#10155,#10156,#10157);
#10155 = CARTESIAN_POINT('',(5.089999999999,0.41532866115,1.600534353977
    ));
#10156 = DIRECTION('',(-3.41480999208E-16,1.,3.19860371635E-15));
#10157 = DIRECTION('',(0.,-3.19860371635E-15,1.));
#10158 = ADVANCED_FACE('',(#10159),#10184,.T.);
#10159 = FACE_BOUND('',#10160,.T.);
#10160 = EDGE_LOOP('',(#10161,#10171,#10177,#10178));
#10161 = ORIENTED_EDGE('',*,*,#10162,.F.);
#10162 = EDGE_CURVE('',#10163,#10165,#10167,.T.);
#10163 = VERTEX_POINT('',#10164);
#10164 = CARTESIAN_POINT('',(5.08,0.472307394963,1.780516449291));
#10165 = VERTEX_POINT('',#10166);
#10166 = CARTESIAN_POINT('',(5.079999999999,0.441582548538,
    1.780516449291));
#10167 = LINE('',#10168,#10169);
#10168 = CARTESIAN_POINT('',(5.079999999999,0.472307394963,
    1.780516449291));
#10169 = VECTOR('',#10170,1.);
#10170 = DIRECTION('',(0.,-1.,-7.057494494673E-15));
#10171 = ORIENTED_EDGE('',*,*,#10172,.F.);
#10172 = EDGE_CURVE('',#9970,#10163,#10173,.T.);
#10173 = LINE('',#10174,#10175);
#10174 = CARTESIAN_POINT('',(5.089999999999,0.472307394963,
    1.780516449291));
#10175 = VECTOR('',#10176,1.);
#10176 = DIRECTION('',(-1.,-3.41480999208E-16,0.));
#10177 = ORIENTED_EDGE('',*,*,#9969,.T.);
#10178 = ORIENTED_EDGE('',*,*,#10179,.T.);
#10179 = EDGE_CURVE('',#9960,#10165,#10180,.T.);
#10180 = LINE('',#10181,#10182);
#10181 = CARTESIAN_POINT('',(5.089999999999,0.441582548538,
    1.780516449291));
#10182 = VECTOR('',#10183,1.);
#10183 = DIRECTION('',(-1.,-3.41480999208E-16,0.));
#10184 = PLANE('',#10185);
#10185 = AXIS2_PLACEMENT_3D('',#10186,#10187,#10188);
#10186 = CARTESIAN_POINT('',(5.089999999999,0.472307394963,
    1.780516449291));
#10187 = DIRECTION('',(-2.410000271946E-30,7.057494494673E-15,-1.));
#10188 = DIRECTION('',(0.,1.,7.057494494673E-15));
#10189 = ADVANCED_FACE('',(#10190),#10208,.T.);
#10190 = FACE_BOUND('',#10191,.T.);
#10191 = EDGE_LOOP('',(#10192,#10200,#10201,#10202));
#10192 = ORIENTED_EDGE('',*,*,#10193,.F.);
#10193 = EDGE_CURVE('',#10165,#10194,#10196,.T.);
#10194 = VERTEX_POINT('',#10195);
#10195 = CARTESIAN_POINT('',(5.079999999999,0.441582548538,
    1.623720955511));
#10196 = LINE('',#10197,#10198);
#10197 = CARTESIAN_POINT('',(5.079999999999,0.441582548538,
    1.780516449291));
#10198 = VECTOR('',#10199,1.);
#10199 = DIRECTION('',(0.,4.148852035256E-15,-1.));
#10200 = ORIENTED_EDGE('',*,*,#10179,.F.);
#10201 = ORIENTED_EDGE('',*,*,#9959,.T.);
#10202 = ORIENTED_EDGE('',*,*,#10203,.T.);
#10203 = EDGE_CURVE('',#9962,#10194,#10204,.T.);
#10204 = LINE('',#10205,#10206);
#10205 = CARTESIAN_POINT('',(5.089999999999,0.441582548538,
    1.623720955511));
#10206 = VECTOR('',#10207,1.);
#10207 = DIRECTION('',(-1.,-3.41480999208E-16,0.));
#10208 = PLANE('',#10209);
#10209 = AXIS2_PLACEMENT_3D('',#10210,#10211,#10212);
#10210 = CARTESIAN_POINT('',(5.089999999999,0.441582548538,
    1.780516449291));
#10211 = DIRECTION('',(-3.41480999208E-16,1.,4.148852035256E-15));
#10212 = DIRECTION('',(0.,-4.148852035256E-15,1.));
#10213 = ADVANCED_FACE('',(#10214),#10232,.T.);
#10214 = FACE_BOUND('',#10215,.T.);
#10215 = EDGE_LOOP('',(#10216,#10224,#10225,#10226));
#10216 = ORIENTED_EDGE('',*,*,#10217,.F.);
#10217 = EDGE_CURVE('',#10194,#10218,#10220,.T.);
#10218 = VERTEX_POINT('',#10219);
#10219 = CARTESIAN_POINT('',(5.079999999999,0.471111673361,
    1.623720955511));
#10220 = LINE('',#10221,#10222);
#10221 = CARTESIAN_POINT('',(5.079999999999,0.441582548538,
    1.623720955511));
#10222 = VECTOR('',#10223,1.);
#10223 = DIRECTION('',(0.,1.,7.343273320721E-15));
#10224 = ORIENTED_EDGE('',*,*,#10203,.F.);
#10225 = ORIENTED_EDGE('',*,*,#10013,.T.);
#10226 = ORIENTED_EDGE('',*,*,#10227,.T.);
#10227 = EDGE_CURVE('',#10005,#10218,#10228,.T.);
#10228 = LINE('',#10229,#10230);
#10229 = CARTESIAN_POINT('',(5.089999999999,0.471111673361,
    1.623720955511));
#10230 = VECTOR('',#10231,1.);
#10231 = DIRECTION('',(-1.,-3.41480999208E-16,0.));
#10232 = PLANE('',#10233);
#10233 = AXIS2_PLACEMENT_3D('',#10234,#10235,#10236);
#10234 = CARTESIAN_POINT('',(5.089999999999,0.441582548538,
    1.623720955511));
#10235 = DIRECTION('',(2.507588311017E-30,-7.343273320721E-15,1.));
#10236 = DIRECTION('',(0.,-1.,-7.343273320721E-15));
#10237 = ADVANCED_FACE('',(#10238),#10257,.T.);
#10238 = FACE_BOUND('',#10239,.T.);
#10239 = EDGE_LOOP('',(#10240,#10249,#10250,#10251));
#10240 = ORIENTED_EDGE('',*,*,#10241,.F.);
#10241 = EDGE_CURVE('',#10218,#10242,#10244,.T.);
#10242 = VERTEX_POINT('',#10243);
#10243 = CARTESIAN_POINT('',(5.08,0.531573596195,1.644932017003));
#10244 = B_SPLINE_CURVE_WITH_KNOTS('',3,(#10245,#10246,#10247,#10248),
  .UNSPECIFIED.,.F.,.F.,(4,4),(2.,3.),.PIECEWISE_BEZIER_KNOTS.);
#10245 = CARTESIAN_POINT('',(5.079999999999,0.471111673361,
    1.623720955511));
#10246 = CARTESIAN_POINT('',(5.08,0.496949657581,1.623720955511));
#10247 = CARTESIAN_POINT('',(5.08,0.517120961158,1.630791309342));
#10248 = CARTESIAN_POINT('',(5.08,0.531573596195,1.644932017003));
#10249 = ORIENTED_EDGE('',*,*,#10227,.F.);
#10250 = ORIENTED_EDGE('',*,*,#10004,.T.);
#10251 = ORIENTED_EDGE('',*,*,#10252,.T.);
#10252 = EDGE_CURVE('',#9996,#10242,#10253,.T.);
#10253 = LINE('',#10254,#10255);
#10254 = CARTESIAN_POINT('',(5.089999999999,0.531573596195,
    1.644932017003));
#10255 = VECTOR('',#10256,1.);
#10256 = DIRECTION('',(-1.,-3.41480999208E-16,0.));
#10257 = B_SPLINE_SURFACE_WITH_KNOTS('',3,1,(
    (#10258,#10259)
    ,(#10260,#10261)
    ,(#10262,#10263)
    ,(#10264,#10265
    )),.UNSPECIFIED.,.F.,.F.,.F.,(4,4),(2,2),(2.,3.),(0.,1.),
  .PIECEWISE_BEZIER_KNOTS.);
#10258 = CARTESIAN_POINT('',(5.089999999999,0.471111673361,
    1.623720955511));
#10259 = CARTESIAN_POINT('',(5.079999999999,0.471111673361,
    1.623720955511));
#10260 = CARTESIAN_POINT('',(5.089999999999,0.496949657581,
    1.623720955511));
#10261 = CARTESIAN_POINT('',(5.079999999999,0.496949657581,
    1.623720955511));
#10262 = CARTESIAN_POINT('',(5.089999999999,0.517120961158,
    1.630791309342));
#10263 = CARTESIAN_POINT('',(5.079999999999,0.517120961158,
    1.630791309342));
#10264 = CARTESIAN_POINT('',(5.089999999999,0.531573596195,
    1.644932017003));
#10265 = CARTESIAN_POINT('',(5.079999999999,0.531573596195,
    1.644932017003));
#10266 = ADVANCED_FACE('',(#10267),#10286,.T.);
#10267 = FACE_BOUND('',#10268,.T.);
#10268 = EDGE_LOOP('',(#10269,#10278,#10279,#10280));
#10269 = ORIENTED_EDGE('',*,*,#10270,.F.);
#10270 = EDGE_CURVE('',#10242,#10271,#10273,.T.);
#10271 = VERTEX_POINT('',#10272);
#10272 = CARTESIAN_POINT('',(5.08,0.553304536646,1.704094242442));
#10273 = B_SPLINE_CURVE_WITH_KNOTS('',3,(#10274,#10275,#10276,#10277),
  .UNSPECIFIED.,.F.,.F.,(4,4),(3.,4.),.PIECEWISE_BEZIER_KNOTS.);
#10274 = CARTESIAN_POINT('',(5.08,0.531573596195,1.644932017003));
#10275 = CARTESIAN_POINT('',(5.08,0.546078219128,1.658968748874));
#10276 = CARTESIAN_POINT('',(5.08,0.553304536646,1.678724149283));
#10277 = CARTESIAN_POINT('',(5.08,0.553304536646,1.704094242442));
#10278 = ORIENTED_EDGE('',*,*,#10252,.F.);
#10279 = ORIENTED_EDGE('',*,*,#9995,.T.);
#10280 = ORIENTED_EDGE('',*,*,#10281,.T.);
#10281 = EDGE_CURVE('',#9987,#10271,#10282,.T.);
#10282 = LINE('',#10283,#10284);
#10283 = CARTESIAN_POINT('',(5.089999999999,0.553304536646,
    1.704094242442));
#10284 = VECTOR('',#10285,1.);
#10285 = DIRECTION('',(-1.,-3.41480999208E-16,0.));
#10286 = B_SPLINE_SURFACE_WITH_KNOTS('',3,1,(
    (#10287,#10288)
    ,(#10289,#10290)
    ,(#10291,#10292)
    ,(#10293,#10294
    )),.UNSPECIFIED.,.F.,.F.,.F.,(4,4),(2,2),(3.,4.),(0.,1.),
  .PIECEWISE_BEZIER_KNOTS.);
#10287 = CARTESIAN_POINT('',(5.089999999999,0.531573596195,
    1.644932017003));
#10288 = CARTESIAN_POINT('',(5.08,0.531573596195,1.644932017003));
#10289 = CARTESIAN_POINT('',(5.089999999999,0.546078219128,
    1.658968748874));
#10290 = CARTESIAN_POINT('',(5.08,0.546078219128,1.658968748874));
#10291 = CARTESIAN_POINT('',(5.089999999999,0.553304536646,
    1.678724149283));
#10292 = CARTESIAN_POINT('',(5.08,0.553304536646,1.678724149283));
#10293 = CARTESIAN_POINT('',(5.089999999999,0.553304536646,
    1.704094242442));
#10294 = CARTESIAN_POINT('',(5.08,0.553304536646,1.704094242442));
#10295 = ADVANCED_FACE('',(#10296),#10315,.T.);
#10296 = FACE_BOUND('',#10297,.T.);
#10297 = EDGE_LOOP('',(#10298,#10307,#10308,#10309));
#10298 = ORIENTED_EDGE('',*,*,#10299,.F.);
#10299 = EDGE_CURVE('',#10271,#10300,#10302,.T.);
#10300 = VERTEX_POINT('',#10301);
#10301 = CARTESIAN_POINT('',(5.08,0.53100172934,1.761384903631));
#10302 = B_SPLINE_CURVE_WITH_KNOTS('',3,(#10303,#10304,#10305,#10306),
  .UNSPECIFIED.,.F.,.F.,(4,4),(4.,5.),.PIECEWISE_BEZIER_KNOTS.);
#10303 = CARTESIAN_POINT('',(5.08,0.553304536646,1.704094242442));
#10304 = CARTESIAN_POINT('',(5.08,0.553304536646,1.7294643356));
#10305 = CARTESIAN_POINT('',(5.08,0.545870267543,1.748595881261));
#10306 = CARTESIAN_POINT('',(5.08,0.53100172934,1.761384903631));
#10307 = ORIENTED_EDGE('',*,*,#10281,.F.);
#10308 = ORIENTED_EDGE('',*,*,#9986,.T.);
#10309 = ORIENTED_EDGE('',*,*,#10310,.T.);
#10310 = EDGE_CURVE('',#9978,#10300,#10311,.T.);
#10311 = LINE('',#10312,#10313);
#10312 = CARTESIAN_POINT('',(5.089999999999,0.53100172934,1.761384903631
    ));
#10313 = VECTOR('',#10314,1.);
#10314 = DIRECTION('',(-1.,-3.41480999208E-16,0.));
#10315 = B_SPLINE_SURFACE_WITH_KNOTS('',3,1,(
    (#10316,#10317)
    ,(#10318,#10319)
    ,(#10320,#10321)
    ,(#10322,#10323
    )),.UNSPECIFIED.,.F.,.F.,.F.,(4,4),(2,2),(4.,5.),(0.,1.),
  .PIECEWISE_BEZIER_KNOTS.);
#10316 = CARTESIAN_POINT('',(5.089999999999,0.553304536646,
    1.704094242442));
#10317 = CARTESIAN_POINT('',(5.08,0.553304536646,1.704094242442));
#10318 = CARTESIAN_POINT('',(5.089999999999,0.553304536646,1.7294643356)
  );
#10319 = CARTESIAN_POINT('',(5.08,0.553304536646,1.7294643356));
#10320 = CARTESIAN_POINT('',(5.089999999999,0.545870267543,
    1.748595881261));
#10321 = CARTESIAN_POINT('',(5.08,0.545870267543,1.748595881261));
#10322 = CARTESIAN_POINT('',(5.089999999999,0.53100172934,1.761384903631
    ));
#10323 = CARTESIAN_POINT('',(5.08,0.53100172934,1.761384903631));
#10324 = ADVANCED_FACE('',(#10325),#10337,.T.);
#10325 = FACE_BOUND('',#10326,.T.);
#10326 = EDGE_LOOP('',(#10327,#10334,#10335,#10336));
#10327 = ORIENTED_EDGE('',*,*,#10328,.F.);
#10328 = EDGE_CURVE('',#10300,#10163,#10329,.T.);
#10329 = B_SPLINE_CURVE_WITH_KNOTS('',3,(#10330,#10331,#10332,#10333),
  .UNSPECIFIED.,.F.,.F.,(4,4),(5.,6.),.PIECEWISE_BEZIER_KNOTS.);
#10330 = CARTESIAN_POINT('',(5.08,0.53100172934,1.761384903631));
#10331 = CARTESIAN_POINT('',(5.08,0.516133191136,1.774173926002));
#10332 = CARTESIAN_POINT('',(5.08,0.496533754414,1.780516449291));
#10333 = CARTESIAN_POINT('',(5.08,0.472307394963,1.780516449291));
#10334 = ORIENTED_EDGE('',*,*,#10310,.F.);
#10335 = ORIENTED_EDGE('',*,*,#9977,.T.);
#10336 = ORIENTED_EDGE('',*,*,#10172,.T.);
#10337 = B_SPLINE_SURFACE_WITH_KNOTS('',3,1,(
    (#10338,#10339)
    ,(#10340,#10341)
    ,(#10342,#10343)
    ,(#10344,#10345
    )),.UNSPECIFIED.,.F.,.F.,.F.,(4,4),(2,2),(5.,6.),(0.,1.),
  .PIECEWISE_BEZIER_KNOTS.);
#10338 = CARTESIAN_POINT('',(5.089999999999,0.53100172934,1.761384903631
    ));
#10339 = CARTESIAN_POINT('',(5.08,0.53100172934,1.761384903631));
#10340 = CARTESIAN_POINT('',(5.089999999999,0.516133191136,
    1.774173926002));
#10341 = CARTESIAN_POINT('',(5.08,0.516133191136,1.774173926002));
#10342 = CARTESIAN_POINT('',(5.089999999999,0.496533754414,
    1.780516449291));
#10343 = CARTESIAN_POINT('',(5.08,0.496533754414,1.780516449291));
#10344 = CARTESIAN_POINT('',(5.089999999999,0.472307394963,
    1.780516449291));
#10345 = CARTESIAN_POINT('',(5.08,0.472307394963,1.780516449291));
#10346 = ADVANCED_FACE('',(#10347),#10356,.F.);
#10347 = FACE_BOUND('',#10348,.T.);
#10348 = EDGE_LOOP('',(#10349,#10350,#10351,#10352,#10353,#10354,#10355)
  );
#10349 = ORIENTED_EDGE('',*,*,#10328,.T.);
#10350 = ORIENTED_EDGE('',*,*,#10162,.T.);
#10351 = ORIENTED_EDGE('',*,*,#10193,.T.);
#10352 = ORIENTED_EDGE('',*,*,#10217,.T.);
#10353 = ORIENTED_EDGE('',*,*,#10241,.T.);
#10354 = ORIENTED_EDGE('',*,*,#10270,.T.);
#10355 = ORIENTED_EDGE('',*,*,#10299,.T.);
#10356 = PLANE('',#10357);
#10357 = AXIS2_PLACEMENT_3D('',#10358,#10359,#10360);
#10358 = CARTESIAN_POINT('',(5.079999999999,2.54,2.54));
#10359 = DIRECTION('',(-1.,-3.41480999208E-16,0.));
#10360 = DIRECTION('',(3.41480999208E-16,-1.,0.));
#10361 = ADVANCED_FACE('',(#10362,#10428),#10480,.F.);
#10362 = FACE_BOUND('',#10363,.T.);
#10363 = EDGE_LOOP('',(#10364,#10374,#10382,#10390,#10398,#10406,#10414,
    #10422));
#10364 = ORIENTED_EDGE('',*,*,#10365,.T.);
#10365 = EDGE_CURVE('',#10366,#10368,#10370,.T.);
#10366 = VERTEX_POINT('',#10367);
#10367 = CARTESIAN_POINT('',(5.089999999999,0.775188875988,
    1.600534353977));
#10368 = VERTEX_POINT('',#10369);
#10369 = CARTESIAN_POINT('',(5.089999999999,0.697726911222,
    1.803911002408));
#10370 = LINE('',#10371,#10372);
#10371 = CARTESIAN_POINT('',(5.089999999999,0.697726911222,
    1.803911002408));
#10372 = VECTOR('',#10373,1.);
#10373 = DIRECTION('',(0.,-0.355935724369,0.934510438742));
#10374 = ORIENTED_EDGE('',*,*,#10375,.T.);
#10375 = EDGE_CURVE('',#10368,#10376,#10378,.T.);
#10376 = VERTEX_POINT('',#10377);
#10377 = CARTESIAN_POINT('',(5.089999999999,0.669653447481,
    1.803911002408));
#10378 = LINE('',#10379,#10380);
#10379 = CARTESIAN_POINT('',(5.089999999999,0.669653447481,
    1.803911002408));
#10380 = VECTOR('',#10381,1.);
#10381 = DIRECTION('',(0.,-1.,0.));
#10382 = ORIENTED_EDGE('',*,*,#10383,.T.);
#10383 = EDGE_CURVE('',#10376,#10384,#10386,.T.);
#10384 = VERTEX_POINT('',#10385);
#10385 = CARTESIAN_POINT('',(5.089999999999,0.592191482717,
    1.600534353977));
#10386 = LINE('',#10387,#10388);
#10387 = CARTESIAN_POINT('',(5.089999999999,0.592191482717,
    1.600534353977));
#10388 = VECTOR('',#10389,1.);
#10389 = DIRECTION('',(0.,-0.355935724364,-0.934510438744));
#10390 = ORIENTED_EDGE('',*,*,#10391,.T.);
#10391 = EDGE_CURVE('',#10384,#10392,#10394,.T.);
#10392 = VERTEX_POINT('',#10393);
#10393 = CARTESIAN_POINT('',(5.089999999999,0.621200728581,
    1.600534353977));
#10394 = LINE('',#10395,#10396);
#10395 = CARTESIAN_POINT('',(5.089999999999,0.621200728581,
    1.600534353977));
#10396 = VECTOR('',#10397,1.);
#10397 = DIRECTION('',(0.,1.,0.));
#10398 = ORIENTED_EDGE('',*,*,#10399,.T.);
#10399 = EDGE_CURVE('',#10392,#10400,#10402,.T.);
#10400 = VERTEX_POINT('',#10401);
#10401 = CARTESIAN_POINT('',(5.089999999999,0.640748177407,1.6561614025)
  );
#10402 = LINE('',#10403,#10404);
#10403 = CARTESIAN_POINT('',(5.089999999999,0.640748177407,1.6561614025)
  );
#10404 = VECTOR('',#10405,1.);
#10405 = DIRECTION('',(0.,0.33152841835,0.943445233083));
#10406 = ORIENTED_EDGE('',*,*,#10407,.T.);
#10407 = EDGE_CURVE('',#10400,#10408,#10410,.T.);
#10408 = VERTEX_POINT('',#10409);
#10409 = CARTESIAN_POINT('',(5.089999999999,0.725436459692,1.6561614025)
  );
#10410 = LINE('',#10411,#10412);
#10411 = CARTESIAN_POINT('',(5.089999999999,0.725436459692,1.6561614025)
  );
#10412 = VECTOR('',#10413,1.);
#10413 = DIRECTION('',(0.,1.,5.12090760723E-15));
#10414 = ORIENTED_EDGE('',*,*,#10415,.T.);
#10415 = EDGE_CURVE('',#10408,#10416,#10418,.T.);
#10416 = VERTEX_POINT('',#10417);
#10417 = CARTESIAN_POINT('',(5.089999999999,0.746179630122,
    1.600534353977));
#10418 = LINE('',#10419,#10420);
#10419 = CARTESIAN_POINT('',(5.089999999999,0.746179630122,
    1.600534353977));
#10420 = VECTOR('',#10421,1.);
#10421 = DIRECTION('',(0.,0.349395479469,-0.936975345954));
#10422 = ORIENTED_EDGE('',*,*,#10423,.T.);
#10423 = EDGE_CURVE('',#10416,#10366,#10424,.T.);
#10424 = LINE('',#10425,#10426);
#10425 = CARTESIAN_POINT('',(5.089999999999,0.775188875988,
    1.600534353977));
#10426 = VECTOR('',#10427,1.);
#10427 = DIRECTION('',(0.,1.,7.474873200869E-15));
#10428 = FACE_BOUND('',#10429,.T.);
#10429 = EDGE_LOOP('',(#10430,#10440,#10448,#10457,#10465,#10474));
#10430 = ORIENTED_EDGE('',*,*,#10431,.F.);
#10431 = EDGE_CURVE('',#10432,#10434,#10436,.T.);
#10432 = VERTEX_POINT('',#10433);
#10433 = CARTESIAN_POINT('',(5.089999999999,0.649066240738,
    1.679140052451));
#10434 = VERTEX_POINT('',#10435);
#10435 = CARTESIAN_POINT('',(5.089999999999,0.717326347944,
    1.679140052451));
#10436 = LINE('',#10437,#10438);
#10437 = CARTESIAN_POINT('',(5.089999999999,0.649066240738,
    1.679140052451));
#10438 = VECTOR('',#10439,1.);
#10439 = DIRECTION('',(0.,1.,0.));
#10440 = ORIENTED_EDGE('',*,*,#10441,.F.);
#10441 = EDGE_CURVE('',#10442,#10432,#10444,.T.);
#10442 = VERTEX_POINT('',#10443);
#10443 = CARTESIAN_POINT('',(5.089999999999,0.67947915979,1.763672371047
    ));
#10444 = LINE('',#10445,#10446);
#10445 = CARTESIAN_POINT('',(5.089999999999,0.67947915979,1.763672371047
    ));
#10446 = VECTOR('',#10447,1.);
#10447 = DIRECTION('',(0.,-0.338535034314,-0.940953787676));
#10448 = ORIENTED_EDGE('',*,*,#10449,.F.);
#10449 = EDGE_CURVE('',#10450,#10442,#10452,.T.);
#10450 = VERTEX_POINT('',#10451);
#10451 = CARTESIAN_POINT('',(5.089999999999,0.682806385123,
    1.777917054501));
#10452 = B_SPLINE_CURVE_WITH_KNOTS('',3,(#10453,#10454,#10455,#10456),
  .UNSPECIFIED.,.F.,.F.,(4,4),(3.,4.),.PIECEWISE_BEZIER_KNOTS.);
#10453 = CARTESIAN_POINT('',(5.089999999999,0.682806385123,
    1.777917054501));
#10454 = CARTESIAN_POINT('',(5.089999999999,0.681818615102,
    1.771782482795));
#10455 = CARTESIAN_POINT('',(5.089999999999,0.68072686929,1.766999596379
    ));
#10456 = CARTESIAN_POINT('',(5.089999999999,0.67947915979,1.763672371047
    ));
#10457 = ORIENTED_EDGE('',*,*,#10458,.F.);
#10458 = EDGE_CURVE('',#10459,#10450,#10461,.T.);
#10459 = VERTEX_POINT('',#10460);
#10460 = CARTESIAN_POINT('',(5.089999999999,0.683430239872,
    1.777917054501));
#10461 = LINE('',#10462,#10463);
#10462 = CARTESIAN_POINT('',(5.089999999999,0.683430239872,
    1.777917054501));
#10463 = VECTOR('',#10464,1.);
#10464 = DIRECTION('',(0.,-1.,0.));
#10465 = ORIENTED_EDGE('',*,*,#10466,.F.);
#10466 = EDGE_CURVE('',#10467,#10459,#10469,.T.);
#10467 = VERTEX_POINT('',#10468);
#10468 = CARTESIAN_POINT('',(5.089999999999,0.686601501517,
    1.763672371047));
#10469 = B_SPLINE_CURVE_WITH_KNOTS('',3,(#10470,#10471,#10472,#10473),
  .UNSPECIFIED.,.F.,.F.,(4,4),(1.,2.),.PIECEWISE_BEZIER_KNOTS.);
#10470 = CARTESIAN_POINT('',(5.089999999999,0.686601501517,
    1.763672371047));
#10471 = CARTESIAN_POINT('',(5.089999999999,0.685613731497,1.76647971742
    ));
#10472 = CARTESIAN_POINT('',(5.089999999999,0.68457397358,1.771158628044
    ));
#10473 = CARTESIAN_POINT('',(5.089999999999,0.683430239872,
    1.777917054501));
#10474 = ORIENTED_EDGE('',*,*,#10475,.F.);
#10475 = EDGE_CURVE('',#10434,#10467,#10476,.T.);
#10476 = LINE('',#10477,#10478);
#10477 = CARTESIAN_POINT('',(5.089999999999,0.717326347944,
    1.679140052451));
#10478 = VECTOR('',#10479,1.);
#10479 = DIRECTION('',(0.,-0.341603830681,0.939844041777));
#10480 = PLANE('',#10481);
#10481 = AXIS2_PLACEMENT_3D('',#10482,#10483,#10484);
#10482 = CARTESIAN_POINT('',(5.089999999999,3.41480999208E-18,0.));
#10483 = DIRECTION('',(-1.,0.,0.));
#10484 = DIRECTION('',(0.,0.,1.));
#10485 = ADVANCED_FACE('',(#10486),#10502,.F.);
#10486 = FACE_BOUND('',#10487,.T.);
#10487 = EDGE_LOOP('',(#10488,#10489,#10495,#10496));
#10488 = ORIENTED_EDGE('',*,*,#779,.T.);
#10489 = ORIENTED_EDGE('',*,*,#10490,.F.);
#10490 = EDGE_CURVE('',#10368,#782,#10491,.T.);
#10491 = LINE('',#10492,#10493);
#10492 = CARTESIAN_POINT('',(5.089999999999,0.697726911222,
    1.803911002408));
#10493 = VECTOR('',#10494,1.);
#10494 = DIRECTION('',(-1.,-3.41480999208E-16,0.));
#10495 = ORIENTED_EDGE('',*,*,#10365,.F.);
#10496 = ORIENTED_EDGE('',*,*,#10497,.T.);
#10497 = EDGE_CURVE('',#10366,#780,#10498,.T.);
#10498 = LINE('',#10499,#10500);
#10499 = CARTESIAN_POINT('',(5.089999999999,0.775188875988,
    1.600534353977));
#10500 = VECTOR('',#10501,1.);
#10501 = DIRECTION('',(-1.,-3.41480999208E-16,0.));
#10502 = PLANE('',#10503);
#10503 = AXIS2_PLACEMENT_3D('',#10504,#10505,#10506);
#10504 = CARTESIAN_POINT('',(5.089999999999,0.697726911222,
    1.803911002408));
#10505 = DIRECTION('',(3.191175583921E-16,-0.934510438742,
    -0.355935724369));
#10506 = DIRECTION('',(0.,0.355935724369,-0.934510438742));
#10507 = ADVANCED_FACE('',(#10508),#10519,.F.);
#10508 = FACE_BOUND('',#10509,.T.);
#10509 = EDGE_LOOP('',(#10510,#10511,#10517,#10518));
#10510 = ORIENTED_EDGE('',*,*,#837,.T.);
#10511 = ORIENTED_EDGE('',*,*,#10512,.F.);
#10512 = EDGE_CURVE('',#10376,#830,#10513,.T.);
#10513 = LINE('',#10514,#10515);
#10514 = CARTESIAN_POINT('',(5.089999999999,0.669653447481,
    1.803911002408));
#10515 = VECTOR('',#10516,1.);
#10516 = DIRECTION('',(-1.,-3.41480999208E-16,0.));
#10517 = ORIENTED_EDGE('',*,*,#10375,.F.);
#10518 = ORIENTED_EDGE('',*,*,#10490,.T.);
#10519 = PLANE('',#10520);
#10520 = AXIS2_PLACEMENT_3D('',#10521,#10522,#10523);
#10521 = CARTESIAN_POINT('',(5.089999999999,0.669653447481,
    1.803911002408));
#10522 = DIRECTION('',(0.,0.,-1.));
#10523 = DIRECTION('',(-1.,0.,0.));
#10524 = ADVANCED_FACE('',(#10525),#10536,.F.);
#10525 = FACE_BOUND('',#10526,.T.);
#10526 = EDGE_LOOP('',(#10527,#10528,#10534,#10535));
#10527 = ORIENTED_EDGE('',*,*,#829,.T.);
#10528 = ORIENTED_EDGE('',*,*,#10529,.F.);
#10529 = EDGE_CURVE('',#10384,#822,#10530,.T.);
#10530 = LINE('',#10531,#10532);
#10531 = CARTESIAN_POINT('',(5.089999999999,0.592191482717,
    1.600534353977));
#10532 = VECTOR('',#10533,1.);
#10533 = DIRECTION('',(-1.,-3.41480999208E-16,0.));
#10534 = ORIENTED_EDGE('',*,*,#10383,.F.);
#10535 = ORIENTED_EDGE('',*,*,#10512,.T.);
#10536 = PLANE('',#10537);
#10537 = AXIS2_PLACEMENT_3D('',#10538,#10539,#10540);
#10538 = CARTESIAN_POINT('',(5.089999999999,0.592191482717,
    1.600534353977));
#10539 = DIRECTION('',(-3.191175583928E-16,0.934510438744,
    -0.355935724364));
#10540 = DIRECTION('',(0.,0.355935724364,0.934510438744));
#10541 = ADVANCED_FACE('',(#10542),#10553,.F.);
#10542 = FACE_BOUND('',#10543,.T.);
#10543 = EDGE_LOOP('',(#10544,#10545,#10551,#10552));
#10544 = ORIENTED_EDGE('',*,*,#821,.T.);
#10545 = ORIENTED_EDGE('',*,*,#10546,.F.);
#10546 = EDGE_CURVE('',#10392,#814,#10547,.T.);
#10547 = LINE('',#10548,#10549);
#10548 = CARTESIAN_POINT('',(5.089999999999,0.621200728581,
    1.600534353977));
#10549 = VECTOR('',#10550,1.);
#10550 = DIRECTION('',(-1.,-3.41480999208E-16,0.));
#10551 = ORIENTED_EDGE('',*,*,#10391,.F.);
#10552 = ORIENTED_EDGE('',*,*,#10529,.T.);
#10553 = PLANE('',#10554);
#10554 = AXIS2_PLACEMENT_3D('',#10555,#10556,#10557);
#10555 = CARTESIAN_POINT('',(5.089999999999,0.621200728581,
    1.600534353977));
#10556 = DIRECTION('',(0.,0.,1.));
#10557 = DIRECTION('',(1.,0.,-0.));
#10558 = ADVANCED_FACE('',(#10559),#10570,.F.);
#10559 = FACE_BOUND('',#10560,.T.);
#10560 = EDGE_LOOP('',(#10561,#10562,#10568,#10569));
#10561 = ORIENTED_EDGE('',*,*,#813,.T.);
#10562 = ORIENTED_EDGE('',*,*,#10563,.F.);
#10563 = EDGE_CURVE('',#10400,#806,#10564,.T.);
#10564 = LINE('',#10565,#10566);
#10565 = CARTESIAN_POINT('',(5.089999999999,0.640748177407,1.6561614025)
  );
#10566 = VECTOR('',#10567,1.);
#10567 = DIRECTION('',(-1.,-3.41480999208E-16,0.));
#10568 = ORIENTED_EDGE('',*,*,#10399,.F.);
#10569 = ORIENTED_EDGE('',*,*,#10546,.T.);
#10570 = PLANE('',#10571);
#10571 = AXIS2_PLACEMENT_3D('',#10572,#10573,#10574);
#10572 = CARTESIAN_POINT('',(5.089999999999,0.640748177407,1.6561614025)
  );
#10573 = DIRECTION('',(3.221686208912E-16,-0.943445233083,0.33152841835)
  );
#10574 = DIRECTION('',(-1.232595164408E-32,-0.33152841835,
    -0.943445233083));
#10575 = ADVANCED_FACE('',(#10576),#10587,.F.);
#10576 = FACE_BOUND('',#10577,.T.);
#10577 = EDGE_LOOP('',(#10578,#10579,#10585,#10586));
#10578 = ORIENTED_EDGE('',*,*,#805,.T.);
#10579 = ORIENTED_EDGE('',*,*,#10580,.F.);
#10580 = EDGE_CURVE('',#10408,#798,#10581,.T.);
#10581 = LINE('',#10582,#10583);
#10582 = CARTESIAN_POINT('',(5.089999999999,0.725436459692,1.6561614025)
  );
#10583 = VECTOR('',#10584,1.);
#10584 = DIRECTION('',(-1.,-3.41480999208E-16,0.));
#10585 = ORIENTED_EDGE('',*,*,#10407,.F.);
#10586 = ORIENTED_EDGE('',*,*,#10563,.T.);
#10587 = PLANE('',#10588);
#10588 = AXIS2_PLACEMENT_3D('',#10589,#10590,#10591);
#10589 = CARTESIAN_POINT('',(5.089999999999,0.725436459692,1.6561614025)
  );
#10590 = DIRECTION('',(1.748692646569E-30,-5.12090760723E-15,1.));
#10591 = DIRECTION('',(0.,-1.,-5.12090760723E-15));
#10592 = ADVANCED_FACE('',(#10593),#10604,.F.);
#10593 = FACE_BOUND('',#10594,.T.);
#10594 = EDGE_LOOP('',(#10595,#10596,#10602,#10603));
#10595 = ORIENTED_EDGE('',*,*,#797,.T.);
#10596 = ORIENTED_EDGE('',*,*,#10597,.F.);
#10597 = EDGE_CURVE('',#10416,#790,#10598,.T.);
#10598 = LINE('',#10599,#10600);
#10599 = CARTESIAN_POINT('',(5.089999999999,0.746179630122,
    1.600534353977));
#10600 = VECTOR('',#10601,1.);
#10601 = DIRECTION('',(-1.,-3.41480999208E-16,0.));
#10602 = ORIENTED_EDGE('',*,*,#10415,.F.);
#10603 = ORIENTED_EDGE('',*,*,#10580,.T.);
#10604 = PLANE('',#10605);
#10605 = AXIS2_PLACEMENT_3D('',#10606,#10607,#10608);
#10606 = CARTESIAN_POINT('',(5.089999999999,0.746179630122,
    1.600534353977));
#10607 = DIRECTION('',(-3.1995927737E-16,0.936975345954,0.349395479469)
  );
#10608 = DIRECTION('',(1.232595164408E-32,-0.349395479469,0.936975345954
    ));
#10609 = ADVANCED_FACE('',(#10610),#10616,.F.);
#10610 = FACE_BOUND('',#10611,.T.);
#10611 = EDGE_LOOP('',(#10612,#10613,#10614,#10615));
#10612 = ORIENTED_EDGE('',*,*,#789,.T.);
#10613 = ORIENTED_EDGE('',*,*,#10497,.F.);
#10614 = ORIENTED_EDGE('',*,*,#10423,.F.);
#10615 = ORIENTED_EDGE('',*,*,#10597,.T.);
#10616 = PLANE('',#10617);
#10617 = AXIS2_PLACEMENT_3D('',#10618,#10619,#10620);
#10618 = CARTESIAN_POINT('',(5.089999999999,0.775188875988,
    1.600534353977));
#10619 = DIRECTION('',(2.552527169586E-30,-7.474873200869E-15,1.));
#10620 = DIRECTION('',(0.,-1.,-7.474873200869E-15));
#10621 = ADVANCED_FACE('',(#10622),#10647,.T.);
#10622 = FACE_BOUND('',#10623,.T.);
#10623 = EDGE_LOOP('',(#10624,#10634,#10640,#10641));
#10624 = ORIENTED_EDGE('',*,*,#10625,.F.);
#10625 = EDGE_CURVE('',#10626,#10628,#10630,.T.);
#10626 = VERTEX_POINT('',#10627);
#10627 = CARTESIAN_POINT('',(5.08,0.649066240738,1.679140052451));
#10628 = VERTEX_POINT('',#10629);
#10629 = CARTESIAN_POINT('',(5.079999999999,0.717326347944,
    1.679140052451));
#10630 = LINE('',#10631,#10632);
#10631 = CARTESIAN_POINT('',(5.079999999999,0.649066240738,
    1.679140052451));
#10632 = VECTOR('',#10633,1.);
#10633 = DIRECTION('',(0.,1.,0.));
#10634 = ORIENTED_EDGE('',*,*,#10635,.F.);
#10635 = EDGE_CURVE('',#10432,#10626,#10636,.T.);
#10636 = LINE('',#10637,#10638);
#10637 = CARTESIAN_POINT('',(5.089999999999,0.649066240738,
    1.679140052451));
#10638 = VECTOR('',#10639,1.);
#10639 = DIRECTION('',(-1.,-3.41480999208E-16,0.));
#10640 = ORIENTED_EDGE('',*,*,#10431,.T.);
#10641 = ORIENTED_EDGE('',*,*,#10642,.T.);
#10642 = EDGE_CURVE('',#10434,#10628,#10643,.T.);
#10643 = LINE('',#10644,#10645);
#10644 = CARTESIAN_POINT('',(5.089999999999,0.717326347944,
    1.679140052451));
#10645 = VECTOR('',#10646,1.);
#10646 = DIRECTION('',(-1.,-3.41480999208E-16,0.));
#10647 = PLANE('',#10648);
#10648 = AXIS2_PLACEMENT_3D('',#10649,#10650,#10651);
#10649 = CARTESIAN_POINT('',(5.089999999999,0.649066240738,
    1.679140052451));
#10650 = DIRECTION('',(0.,0.,1.));
#10651 = DIRECTION('',(1.,0.,-0.));
#10652 = ADVANCED_FACE('',(#10653),#10671,.T.);
#10653 = FACE_BOUND('',#10654,.T.);
#10654 = EDGE_LOOP('',(#10655,#10663,#10664,#10665));
#10655 = ORIENTED_EDGE('',*,*,#10656,.F.);
#10656 = EDGE_CURVE('',#10628,#10657,#10659,.T.);
#10657 = VERTEX_POINT('',#10658);
#10658 = CARTESIAN_POINT('',(5.079999999999,0.686601501517,
    1.763672371047));
#10659 = LINE('',#10660,#10661);
#10660 = CARTESIAN_POINT('',(5.079999999999,0.717326347944,
    1.679140052451));
#10661 = VECTOR('',#10662,1.);
#10662 = DIRECTION('',(0.,-0.341603830681,0.939844041777));
#10663 = ORIENTED_EDGE('',*,*,#10642,.F.);
#10664 = ORIENTED_EDGE('',*,*,#10475,.T.);
#10665 = ORIENTED_EDGE('',*,*,#10666,.T.);
#10666 = EDGE_CURVE('',#10467,#10657,#10667,.T.);
#10667 = LINE('',#10668,#10669);
#10668 = CARTESIAN_POINT('',(5.089999999999,0.686601501517,
    1.763672371047));
#10669 = VECTOR('',#10670,1.);
#10670 = DIRECTION('',(-1.,-3.41480999208E-16,0.));
#10671 = PLANE('',#10672);
#10672 = AXIS2_PLACEMENT_3D('',#10673,#10674,#10675);
#10673 = CARTESIAN_POINT('',(5.089999999999,0.717326347944,
    1.679140052451));
#10674 = DIRECTION('',(3.209388824861E-16,-0.939844041777,
    -0.341603830681));
#10675 = DIRECTION('',(0.,0.341603830681,-0.939844041777));
#10676 = ADVANCED_FACE('',(#10677),#10696,.T.);
#10677 = FACE_BOUND('',#10678,.T.);
#10678 = EDGE_LOOP('',(#10679,#10688,#10689,#10690));
#10679 = ORIENTED_EDGE('',*,*,#10680,.F.);
#10680 = EDGE_CURVE('',#10657,#10681,#10683,.T.);
#10681 = VERTEX_POINT('',#10682);
#10682 = CARTESIAN_POINT('',(5.08,0.683430239872,1.777917054501));
#10683 = B_SPLINE_CURVE_WITH_KNOTS('',3,(#10684,#10685,#10686,#10687),
  .UNSPECIFIED.,.F.,.F.,(4,4),(1.,2.),.PIECEWISE_BEZIER_KNOTS.);
#10684 = CARTESIAN_POINT('',(5.079999999999,0.686601501517,
    1.763672371047));
#10685 = CARTESIAN_POINT('',(5.08,0.685613731497,1.76647971742));
#10686 = CARTESIAN_POINT('',(5.08,0.68457397358,1.771158628044));
#10687 = CARTESIAN_POINT('',(5.08,0.683430239872,1.777917054501));
#10688 = ORIENTED_EDGE('',*,*,#10666,.F.);
#10689 = ORIENTED_EDGE('',*,*,#10466,.T.);
#10690 = ORIENTED_EDGE('',*,*,#10691,.T.);
#10691 = EDGE_CURVE('',#10459,#10681,#10692,.T.);
#10692 = LINE('',#10693,#10694);
#10693 = CARTESIAN_POINT('',(5.089999999999,0.683430239872,
    1.777917054501));
#10694 = VECTOR('',#10695,1.);
#10695 = DIRECTION('',(-1.,-3.41480999208E-16,0.));
#10696 = B_SPLINE_SURFACE_WITH_KNOTS('',3,1,(
    (#10697,#10698)
    ,(#10699,#10700)
    ,(#10701,#10702)
    ,(#10703,#10704
    )),.UNSPECIFIED.,.F.,.F.,.F.,(4,4),(2,2),(1.,2.),(0.,1.),
  .PIECEWISE_BEZIER_KNOTS.);
#10697 = CARTESIAN_POINT('',(5.089999999999,0.686601501517,
    1.763672371047));
#10698 = CARTESIAN_POINT('',(5.079999999999,0.686601501517,
    1.763672371047));
#10699 = CARTESIAN_POINT('',(5.089999999999,0.685613731497,1.76647971742
    ));
#10700 = CARTESIAN_POINT('',(5.079999999999,0.685613731497,1.76647971742
    ));
#10701 = CARTESIAN_POINT('',(5.089999999999,0.68457397358,1.771158628044
    ));
#10702 = CARTESIAN_POINT('',(5.079999999999,0.68457397358,1.771158628044
    ));
#10703 = CARTESIAN_POINT('',(5.089999999999,0.683430239872,
    1.777917054501));
#10704 = CARTESIAN_POINT('',(5.079999999999,0.683430239872,
    1.777917054501));
#10705 = ADVANCED_FACE('',(#10706),#10724,.T.);
#10706 = FACE_BOUND('',#10707,.T.);
#10707 = EDGE_LOOP('',(#10708,#10716,#10717,#10718));
#10708 = ORIENTED_EDGE('',*,*,#10709,.F.);
#10709 = EDGE_CURVE('',#10681,#10710,#10712,.T.);
#10710 = VERTEX_POINT('',#10711);
#10711 = CARTESIAN_POINT('',(5.079999999999,0.682806385123,
    1.777917054501));
#10712 = LINE('',#10713,#10714);
#10713 = CARTESIAN_POINT('',(5.079999999999,0.683430239872,
    1.777917054501));
#10714 = VECTOR('',#10715,1.);
#10715 = DIRECTION('',(0.,-1.,0.));
#10716 = ORIENTED_EDGE('',*,*,#10691,.F.);
#10717 = ORIENTED_EDGE('',*,*,#10458,.T.);
#10718 = ORIENTED_EDGE('',*,*,#10719,.T.);
#10719 = EDGE_CURVE('',#10450,#10710,#10720,.T.);
#10720 = LINE('',#10721,#10722);
#10721 = CARTESIAN_POINT('',(5.089999999999,0.682806385123,
    1.777917054501));
#10722 = VECTOR('',#10723,1.);
#10723 = DIRECTION('',(-1.,-3.41480999208E-16,0.));
#10724 = PLANE('',#10725);
#10725 = AXIS2_PLACEMENT_3D('',#10726,#10727,#10728);
#10726 = CARTESIAN_POINT('',(5.089999999999,0.683430239872,
    1.777917054501));
#10727 = DIRECTION('',(0.,0.,-1.));
#10728 = DIRECTION('',(-1.,0.,0.));
#10729 = ADVANCED_FACE('',(#10730),#10749,.T.);
#10730 = FACE_BOUND('',#10731,.T.);
#10731 = EDGE_LOOP('',(#10732,#10741,#10742,#10743));
#10732 = ORIENTED_EDGE('',*,*,#10733,.F.);
#10733 = EDGE_CURVE('',#10710,#10734,#10736,.T.);
#10734 = VERTEX_POINT('',#10735);
#10735 = CARTESIAN_POINT('',(5.08,0.67947915979,1.763672371047));
#10736 = B_SPLINE_CURVE_WITH_KNOTS('',3,(#10737,#10738,#10739,#10740),
  .UNSPECIFIED.,.F.,.F.,(4,4),(3.,4.),.PIECEWISE_BEZIER_KNOTS.);
#10737 = CARTESIAN_POINT('',(5.079999999999,0.682806385123,
    1.777917054501));
#10738 = CARTESIAN_POINT('',(5.08,0.681818615102,1.771782482795));
#10739 = CARTESIAN_POINT('',(5.08,0.68072686929,1.766999596379));
#10740 = CARTESIAN_POINT('',(5.08,0.67947915979,1.763672371047));
#10741 = ORIENTED_EDGE('',*,*,#10719,.F.);
#10742 = ORIENTED_EDGE('',*,*,#10449,.T.);
#10743 = ORIENTED_EDGE('',*,*,#10744,.T.);
#10744 = EDGE_CURVE('',#10442,#10734,#10745,.T.);
#10745 = LINE('',#10746,#10747);
#10746 = CARTESIAN_POINT('',(5.089999999999,0.67947915979,1.763672371047
    ));
#10747 = VECTOR('',#10748,1.);
#10748 = DIRECTION('',(-1.,-3.41480999208E-16,0.));
#10749 = B_SPLINE_SURFACE_WITH_KNOTS('',3,1,(
    (#10750,#10751)
    ,(#10752,#10753)
    ,(#10754,#10755)
    ,(#10756,#10757
    )),.UNSPECIFIED.,.F.,.F.,.F.,(4,4),(2,2),(3.,4.),(0.,1.),
  .PIECEWISE_BEZIER_KNOTS.);
#10750 = CARTESIAN_POINT('',(5.089999999999,0.682806385123,
    1.777917054501));
#10751 = CARTESIAN_POINT('',(5.079999999999,0.682806385123,
    1.777917054501));
#10752 = CARTESIAN_POINT('',(5.089999999999,0.681818615102,
    1.771782482795));
#10753 = CARTESIAN_POINT('',(5.079999999999,0.681818615102,
    1.771782482795));
#10754 = CARTESIAN_POINT('',(5.089999999999,0.68072686929,1.766999596379
    ));
#10755 = CARTESIAN_POINT('',(5.079999999999,0.68072686929,1.766999596379
    ));
#10756 = CARTESIAN_POINT('',(5.089999999999,0.67947915979,1.763672371047
    ));
#10757 = CARTESIAN_POINT('',(5.079999999999,0.67947915979,1.763672371047
    ));
#10758 = ADVANCED_FACE('',(#10759),#10770,.T.);
#10759 = FACE_BOUND('',#10760,.T.);
#10760 = EDGE_LOOP('',(#10761,#10767,#10768,#10769));
#10761 = ORIENTED_EDGE('',*,*,#10762,.F.);
#10762 = EDGE_CURVE('',#10734,#10626,#10763,.T.);
#10763 = LINE('',#10764,#10765);
#10764 = CARTESIAN_POINT('',(5.079999999999,0.67947915979,1.763672371047
    ));
#10765 = VECTOR('',#10766,1.);
#10766 = DIRECTION('',(0.,-0.338535034314,-0.940953787676));
#10767 = ORIENTED_EDGE('',*,*,#10744,.F.);
#10768 = ORIENTED_EDGE('',*,*,#10441,.T.);
#10769 = ORIENTED_EDGE('',*,*,#10635,.T.);
#10770 = PLANE('',#10771);
#10771 = AXIS2_PLACEMENT_3D('',#10772,#10773,#10774);
#10772 = CARTESIAN_POINT('',(5.089999999999,0.67947915979,1.763672371047
    ));
#10773 = DIRECTION('',(-3.213178396242E-16,0.940953787676,
    -0.338535034314));
#10774 = DIRECTION('',(0.,0.338535034314,0.940953787676));
#10775 = ADVANCED_FACE('',(#10776),#10784,.F.);
#10776 = FACE_BOUND('',#10777,.T.);
#10777 = EDGE_LOOP('',(#10778,#10779,#10780,#10781,#10782,#10783));
#10778 = ORIENTED_EDGE('',*,*,#10762,.T.);
#10779 = ORIENTED_EDGE('',*,*,#10625,.T.);
#10780 = ORIENTED_EDGE('',*,*,#10656,.T.);
#10781 = ORIENTED_EDGE('',*,*,#10680,.T.);
#10782 = ORIENTED_EDGE('',*,*,#10709,.T.);
#10783 = ORIENTED_EDGE('',*,*,#10733,.T.);
#10784 = PLANE('',#10785);
#10785 = AXIS2_PLACEMENT_3D('',#10786,#10787,#10788);
#10786 = CARTESIAN_POINT('',(5.079999999999,2.54,2.54));
#10787 = DIRECTION('',(-1.,-3.41480999208E-16,0.));
#10788 = DIRECTION('',(3.41480999208E-16,-1.,0.));
#10789 = ADVANCED_FACE('',(#10790),#10815,.F.);
#10790 = FACE_BOUND('',#10791,.T.);
#10791 = EDGE_LOOP('',(#10792,#10793,#10801,#10809));
#10792 = ORIENTED_EDGE('',*,*,#311,.T.);
#10793 = ORIENTED_EDGE('',*,*,#10794,.F.);
#10794 = EDGE_CURVE('',#10795,#314,#10797,.T.);
#10795 = VERTEX_POINT('',#10796);
#10796 = CARTESIAN_POINT('',(5.089999999999,6.8361444475E-02,
    1.301084074078));
#10797 = LINE('',#10798,#10799);
#10798 = CARTESIAN_POINT('',(5.089999999999,6.8361444475E-02,
    1.301084074078));
#10799 = VECTOR('',#10800,1.);
#10800 = DIRECTION('',(-1.,-3.41480999208E-16,0.));
#10801 = ORIENTED_EDGE('',*,*,#10802,.F.);
#10802 = EDGE_CURVE('',#10803,#10795,#10805,.T.);
#10803 = VERTEX_POINT('',#10804);
#10804 = CARTESIAN_POINT('',(5.089999999999,6.8361444475E-02,
    1.277897472544));
#10805 = LINE('',#10806,#10807);
#10806 = CARTESIAN_POINT('',(5.089999999999,6.8361444475E-02,
    1.301084074078));
#10807 = VECTOR('',#10808,1.);
#10808 = DIRECTION('',(0.,0.,1.));
#10809 = ORIENTED_EDGE('',*,*,#10810,.T.);
#10810 = EDGE_CURVE('',#10803,#312,#10811,.T.);
#10811 = LINE('',#10812,#10813);
#10812 = CARTESIAN_POINT('',(5.089999999999,6.8361444475E-02,
    1.277897472544));
#10813 = VECTOR('',#10814,1.);
#10814 = DIRECTION('',(-1.,-3.41480999208E-16,0.));
#10815 = PLANE('',#10816);
#10816 = AXIS2_PLACEMENT_3D('',#10817,#10818,#10819);
#10817 = CARTESIAN_POINT('',(5.089999999999,6.8361444475E-02,
    1.301084074078));
#10818 = DIRECTION('',(3.41480999208E-16,-1.,0.));
#10819 = DIRECTION('',(1.,3.41480999208E-16,0.));
#10820 = ADVANCED_FACE('',(#10821),#10839,.F.);
#10821 = FACE_BOUND('',#10822,.T.);
#10822 = EDGE_LOOP('',(#10823,#10824,#10832,#10838));
#10823 = ORIENTED_EDGE('',*,*,#401,.T.);
#10824 = ORIENTED_EDGE('',*,*,#10825,.F.);
#10825 = EDGE_CURVE('',#10826,#394,#10828,.T.);
#10826 = VERTEX_POINT('',#10827);
#10827 = CARTESIAN_POINT('',(5.089999999999,-1.4767200934E-02,
    1.301084074078));
#10828 = LINE('',#10829,#10830);
#10829 = CARTESIAN_POINT('',(5.089999999999,-1.4767200934E-02,
    1.301084074078));
#10830 = VECTOR('',#10831,1.);
#10831 = DIRECTION('',(-1.,-3.41480999208E-16,0.));
#10832 = ORIENTED_EDGE('',*,*,#10833,.F.);
#10833 = EDGE_CURVE('',#10795,#10826,#10834,.T.);
#10834 = LINE('',#10835,#10836);
#10835 = CARTESIAN_POINT('',(5.089999999999,-1.4767200934E-02,
    1.301084074078));
#10836 = VECTOR('',#10837,1.);
#10837 = DIRECTION('',(0.,-1.,-5.21698467305E-15));
#10838 = ORIENTED_EDGE('',*,*,#10794,.T.);
#10839 = PLANE('',#10840);
#10840 = AXIS2_PLACEMENT_3D('',#10841,#10842,#10843);
#10841 = CARTESIAN_POINT('',(5.089999999999,-1.4767200934E-02,
    1.301084074078));
#10842 = DIRECTION('',(-1.781501139006E-30,5.21698467305E-15,-1.));
#10843 = DIRECTION('',(0.,1.,5.21698467305E-15));
#10844 = ADVANCED_FACE('',(#10845),#10863,.F.);
#10845 = FACE_BOUND('',#10846,.T.);
#10846 = EDGE_LOOP('',(#10847,#10848,#10856,#10862));
#10847 = ORIENTED_EDGE('',*,*,#393,.T.);
#10848 = ORIENTED_EDGE('',*,*,#10849,.F.);
#10849 = EDGE_CURVE('',#10850,#386,#10852,.T.);
#10850 = VERTEX_POINT('',#10851);
#10851 = CARTESIAN_POINT('',(5.089999999999,-1.4767200934E-02,
    1.369500144971));
#10852 = LINE('',#10853,#10854);
#10853 = CARTESIAN_POINT('',(5.089999999999,-1.4767200934E-02,
    1.369500144971));
#10854 = VECTOR('',#10855,1.);
#10855 = DIRECTION('',(-1.,-3.41480999208E-16,0.));
#10856 = ORIENTED_EDGE('',*,*,#10857,.F.);
#10857 = EDGE_CURVE('',#10826,#10850,#10858,.T.);
#10858 = LINE('',#10859,#10860);
#10859 = CARTESIAN_POINT('',(5.089999999999,-1.4767200934E-02,
    1.369500144971));
#10860 = VECTOR('',#10861,1.);
#10861 = DIRECTION('',(0.,-3.169437117124E-15,1.));
#10862 = ORIENTED_EDGE('',*,*,#10825,.T.);
#10863 = PLANE('',#10864);
#10864 = AXIS2_PLACEMENT_3D('',#10865,#10866,#10867);
#10865 = CARTESIAN_POINT('',(5.089999999999,-1.4767200934E-02,
    1.369500144971));
#10866 = DIRECTION('',(3.41480999208E-16,-1.,-3.169437117124E-15));
#10867 = DIRECTION('',(0.,3.169437117124E-15,-1.));
#10868 = ADVANCED_FACE('',(#10869),#10887,.F.);
#10869 = FACE_BOUND('',#10870,.T.);
#10870 = EDGE_LOOP('',(#10871,#10872,#10880,#10886));
#10871 = ORIENTED_EDGE('',*,*,#385,.T.);
#10872 = ORIENTED_EDGE('',*,*,#10873,.F.);
#10873 = EDGE_CURVE('',#10874,#378,#10876,.T.);
#10874 = VERTEX_POINT('',#10875);
#10875 = CARTESIAN_POINT('',(5.089999999999,5.7963865312E-02,
    1.369500144971));
#10876 = LINE('',#10877,#10878);
#10877 = CARTESIAN_POINT('',(5.089999999999,5.7963865312E-02,
    1.369500144971));
#10878 = VECTOR('',#10879,1.);
#10879 = DIRECTION('',(-1.,-3.41480999208E-16,0.));
#10880 = ORIENTED_EDGE('',*,*,#10881,.F.);
#10881 = EDGE_CURVE('',#10850,#10874,#10882,.T.);
#10882 = LINE('',#10883,#10884);
#10883 = CARTESIAN_POINT('',(5.089999999999,5.7963865312E-02,
    1.369500144971));
#10884 = VECTOR('',#10885,1.);
#10885 = DIRECTION('',(0.,1.,2.981400461829E-15));
#10886 = ORIENTED_EDGE('',*,*,#10849,.T.);
#10887 = PLANE('',#10888);
#10888 = AXIS2_PLACEMENT_3D('',#10889,#10890,#10891);
#10889 = CARTESIAN_POINT('',(5.089999999999,5.7963865312E-02,
    1.369500144971));
#10890 = DIRECTION('',(1.018091608744E-30,-2.981400461829E-15,1.));
#10891 = DIRECTION('',(0.,-1.,-2.981400461829E-15));
#10892 = ADVANCED_FACE('',(#10893),#10911,.F.);
#10893 = FACE_BOUND('',#10894,.T.);
#10894 = EDGE_LOOP('',(#10895,#10896,#10904,#10910));
#10895 = ORIENTED_EDGE('',*,*,#377,.T.);
#10896 = ORIENTED_EDGE('',*,*,#10897,.F.);
#10897 = EDGE_CURVE('',#10898,#370,#10900,.T.);
#10898 = VERTEX_POINT('',#10899);
#10899 = CARTESIAN_POINT('',(5.089999999999,5.7963865312E-02,
    1.392790722296));
#10900 = LINE('',#10901,#10902);
#10901 = CARTESIAN_POINT('',(5.089999999999,5.7963865312E-02,
    1.392790722296));
#10902 = VECTOR('',#10903,1.);
#10903 = DIRECTION('',(-1.,-3.41480999208E-16,0.));
#10904 = ORIENTED_EDGE('',*,*,#10905,.F.);
#10905 = EDGE_CURVE('',#10874,#10898,#10906,.T.);
#10906 = LINE('',#10907,#10908);
#10907 = CARTESIAN_POINT('',(5.089999999999,5.7963865312E-02,
    1.392790722296));
#10908 = VECTOR('',#10909,1.);
#10909 = DIRECTION('',(0.,-9.310221531588E-15,1.));
#10910 = ORIENTED_EDGE('',*,*,#10873,.T.);
#10911 = PLANE('',#10912);
#10912 = AXIS2_PLACEMENT_3D('',#10913,#10914,#10915);
#10913 = CARTESIAN_POINT('',(5.089999999999,5.7963865312E-02,
    1.392790722296));
#10914 = DIRECTION('',(3.41480999208E-16,-1.,-9.310221531588E-15));
#10915 = DIRECTION('',(0.,9.310221531588E-15,-1.));
#10916 = ADVANCED_FACE('',(#10917),#10935,.F.);
#10917 = FACE_BOUND('',#10918,.T.);
#10918 = EDGE_LOOP('',(#10919,#10920,#10928,#10934));
#10919 = ORIENTED_EDGE('',*,*,#369,.T.);
#10920 = ORIENTED_EDGE('',*,*,#10921,.F.);
#10921 = EDGE_CURVE('',#10922,#362,#10924,.T.);
#10922 = VERTEX_POINT('',#10923);
#10923 = CARTESIAN_POINT('',(5.089999999999,-1.4767200934E-02,
    1.392790722296));
#10924 = LINE('',#10925,#10926);
#10925 = CARTESIAN_POINT('',(5.089999999999,-1.4767200934E-02,
    1.392790722296));
#10926 = VECTOR('',#10927,1.);
#10927 = DIRECTION('',(-1.,-3.41480999208E-16,0.));
#10928 = ORIENTED_EDGE('',*,*,#10929,.F.);
#10929 = EDGE_CURVE('',#10898,#10922,#10930,.T.);
#10930 = LINE('',#10931,#10932);
#10931 = CARTESIAN_POINT('',(5.089999999999,-1.4767200934E-02,
    1.392790722296));
#10932 = VECTOR('',#10933,1.);
#10933 = DIRECTION('',(0.,-1.,0.));
#10934 = ORIENTED_EDGE('',*,*,#10897,.T.);
#10935 = PLANE('',#10936);
#10936 = AXIS2_PLACEMENT_3D('',#10937,#10938,#10939);
#10937 = CARTESIAN_POINT('',(5.089999999999,-1.4767200934E-02,
    1.392790722296));
#10938 = DIRECTION('',(0.,0.,-1.));
#10939 = DIRECTION('',(-1.,0.,0.));
#10940 = ADVANCED_FACE('',(#10941),#10959,.F.);
#10941 = FACE_BOUND('',#10942,.T.);
#10942 = EDGE_LOOP('',(#10943,#10944,#10952,#10958));
#10943 = ORIENTED_EDGE('',*,*,#361,.T.);
#10944 = ORIENTED_EDGE('',*,*,#10945,.F.);
#10945 = EDGE_CURVE('',#10946,#354,#10948,.T.);
#10946 = VERTEX_POINT('',#10947);
#10947 = CARTESIAN_POINT('',(5.089999999999,-1.4767200934E-02,
    1.457879567859));
#10948 = LINE('',#10949,#10950);
#10949 = CARTESIAN_POINT('',(5.089999999999,-1.4767200934E-02,
    1.457879567859));
#10950 = VECTOR('',#10951,1.);
#10951 = DIRECTION('',(-1.,-3.41480999208E-16,0.));
#10952 = ORIENTED_EDGE('',*,*,#10953,.F.);
#10953 = EDGE_CURVE('',#10922,#10946,#10954,.T.);
#10954 = LINE('',#10955,#10956);
#10955 = CARTESIAN_POINT('',(5.089999999999,-1.4767200934E-02,
    1.457879567859));
#10956 = VECTOR('',#10957,1.);
#10957 = DIRECTION('',(0.,-3.331453071941E-15,1.));
#10958 = ORIENTED_EDGE('',*,*,#10921,.T.);
#10959 = PLANE('',#10960);
#10960 = AXIS2_PLACEMENT_3D('',#10961,#10962,#10963);
#10961 = CARTESIAN_POINT('',(5.089999999999,-1.4767200934E-02,
    1.457879567859));
#10962 = DIRECTION('',(3.41480999208E-16,-1.,-3.331453071941E-15));
#10963 = DIRECTION('',(0.,3.331453071941E-15,-1.));
#10964 = ADVANCED_FACE('',(#10965),#10983,.F.);
#10965 = FACE_BOUND('',#10966,.T.);
#10966 = EDGE_LOOP('',(#10967,#10968,#10976,#10982));
#10967 = ORIENTED_EDGE('',*,*,#353,.T.);
#10968 = ORIENTED_EDGE('',*,*,#10969,.F.);
#10969 = EDGE_CURVE('',#10970,#346,#10972,.T.);
#10970 = VERTEX_POINT('',#10971);
#10971 = CARTESIAN_POINT('',(5.089999999999,6.3734521747E-02,
    1.457879567859));
#10972 = LINE('',#10973,#10974);
#10973 = CARTESIAN_POINT('',(5.089999999999,6.3734521747E-02,
    1.457879567859));
#10974 = VECTOR('',#10975,1.);
#10975 = DIRECTION('',(-1.,-3.41480999208E-16,0.));
#10976 = ORIENTED_EDGE('',*,*,#10977,.F.);
#10977 = EDGE_CURVE('',#10946,#10970,#10978,.T.);
#10978 = LINE('',#10979,#10980);
#10979 = CARTESIAN_POINT('',(5.089999999999,6.3734521747E-02,
    1.457879567859));
#10980 = VECTOR('',#10981,1.);
#10981 = DIRECTION('',(0.,1.,5.524475822672E-15));
#10982 = ORIENTED_EDGE('',*,*,#10945,.T.);
#10983 = PLANE('',#10984);
#10984 = AXIS2_PLACEMENT_3D('',#10985,#10986,#10987);
#10985 = CARTESIAN_POINT('',(5.089999999999,6.3734521747E-02,
    1.457879567859));
#10986 = DIRECTION('',(1.886503524026E-30,-5.524475822672E-15,1.));
#10987 = DIRECTION('',(0.,-1.,-5.524475822672E-15));
#10988 = ADVANCED_FACE('',(#10989),#11007,.F.);
#10989 = FACE_BOUND('',#10990,.T.);
#10990 = EDGE_LOOP('',(#10991,#10992,#11000,#11006));
#10991 = ORIENTED_EDGE('',*,*,#345,.T.);
#10992 = ORIENTED_EDGE('',*,*,#10993,.F.);
#10993 = EDGE_CURVE('',#10994,#338,#10996,.T.);
#10994 = VERTEX_POINT('',#10995);
#10995 = CARTESIAN_POINT('',(5.089999999999,6.3734521747E-02,
    1.481274120975));
#10996 = LINE('',#10997,#10998);
#10997 = CARTESIAN_POINT('',(5.089999999999,6.3734521747E-02,
    1.481274120975));
#10998 = VECTOR('',#10999,1.);
#10999 = DIRECTION('',(-1.,-3.41480999208E-16,0.));
#11000 = ORIENTED_EDGE('',*,*,#11001,.F.);
#11001 = EDGE_CURVE('',#10970,#10994,#11002,.T.);
#11002 = LINE('',#11003,#11004);
#11003 = CARTESIAN_POINT('',(5.089999999999,6.3734521747E-02,
    1.481274120975));
#11004 = VECTOR('',#11005,1.);
#11005 = DIRECTION('',(0.,0.,1.));
#11006 = ORIENTED_EDGE('',*,*,#10969,.T.);
#11007 = PLANE('',#11008);
#11008 = AXIS2_PLACEMENT_3D('',#11009,#11010,#11011);
#11009 = CARTESIAN_POINT('',(5.089999999999,6.3734521747E-02,
    1.481274120975));
#11010 = DIRECTION('',(3.41480999208E-16,-1.,0.));
#11011 = DIRECTION('',(1.,3.41480999208E-16,0.));
#11012 = ADVANCED_FACE('',(#11013),#11031,.F.);
#11013 = FACE_BOUND('',#11014,.T.);
#11014 = EDGE_LOOP('',(#11015,#11016,#11024,#11030));
#11015 = ORIENTED_EDGE('',*,*,#337,.T.);
#11016 = ORIENTED_EDGE('',*,*,#11017,.F.);
#11017 = EDGE_CURVE('',#11018,#330,#11020,.T.);
#11018 = VERTEX_POINT('',#11019);
#11019 = CARTESIAN_POINT('',(5.089999999999,-4.1021088321E-02,
    1.481274120975));
#11020 = LINE('',#11021,#11022);
#11021 = CARTESIAN_POINT('',(5.089999999999,-4.1021088321E-02,
    1.481274120975));
#11022 = VECTOR('',#11023,1.);
#11023 = DIRECTION('',(-1.,-3.41480999208E-16,0.));
#11024 = ORIENTED_EDGE('',*,*,#11025,.F.);
#11025 = EDGE_CURVE('',#10994,#11018,#11026,.T.);
#11026 = LINE('',#11027,#11028);
#11027 = CARTESIAN_POINT('',(5.089999999999,-4.1021088321E-02,
    1.481274120975));
#11028 = VECTOR('',#11029,1.);
#11029 = DIRECTION('',(0.,-1.,-2.069964886412E-15));
#11030 = ORIENTED_EDGE('',*,*,#10993,.T.);
#11031 = PLANE('',#11032);
#11032 = AXIS2_PLACEMENT_3D('',#11033,#11034,#11035);
#11033 = CARTESIAN_POINT('',(5.089999999999,-4.1021088321E-02,
    1.481274120975));
#11034 = DIRECTION('',(-7.068536777377E-31,2.069964886412E-15,-1.));
#11035 = DIRECTION('',(0.,1.,2.069964886412E-15));
#11036 = ADVANCED_FACE('',(#11037),#11055,.F.);
#11037 = FACE_BOUND('',#11038,.T.);
#11038 = EDGE_LOOP('',(#11039,#11040,#11048,#11054));
#11039 = ORIENTED_EDGE('',*,*,#329,.T.);
#11040 = ORIENTED_EDGE('',*,*,#11041,.F.);
#11041 = EDGE_CURVE('',#11042,#322,#11044,.T.);
#11042 = VERTEX_POINT('',#11043);
#11043 = CARTESIAN_POINT('',(5.089999999999,-4.1021088321E-02,
    1.277897472544));
#11044 = LINE('',#11045,#11046);
#11045 = CARTESIAN_POINT('',(5.089999999999,-4.1021088321E-02,
    1.277897472544));
#11046 = VECTOR('',#11047,1.);
#11047 = DIRECTION('',(-1.,-3.41480999208E-16,0.));
#11048 = ORIENTED_EDGE('',*,*,#11049,.F.);
#11049 = EDGE_CURVE('',#11018,#11042,#11050,.T.);
#11050 = LINE('',#11051,#11052);
#11051 = CARTESIAN_POINT('',(5.089999999999,-4.1021088321E-02,
    1.277897472544));
#11052 = VECTOR('',#11053,1.);
#11053 = DIRECTION('',(0.,3.19860371635E-15,-1.));
#11054 = ORIENTED_EDGE('',*,*,#11017,.T.);
#11055 = PLANE('',#11056);
#11056 = AXIS2_PLACEMENT_3D('',#11057,#11058,#11059);
#11057 = CARTESIAN_POINT('',(5.089999999999,-4.1021088321E-02,
    1.277897472544));
#11058 = DIRECTION('',(-3.41480999208E-16,1.,3.19860371635E-15));
#11059 = DIRECTION('',(0.,-3.19860371635E-15,1.));
#11060 = ADVANCED_FACE('',(#11061),#11072,.F.);
#11061 = FACE_BOUND('',#11062,.T.);
#11062 = EDGE_LOOP('',(#11063,#11064,#11065,#11071));
#11063 = ORIENTED_EDGE('',*,*,#321,.T.);
#11064 = ORIENTED_EDGE('',*,*,#10810,.F.);
#11065 = ORIENTED_EDGE('',*,*,#11066,.F.);
#11066 = EDGE_CURVE('',#11042,#10803,#11067,.T.);
#11067 = LINE('',#11068,#11069);
#11068 = CARTESIAN_POINT('',(5.089999999999,6.8361444475E-02,
    1.277897472544));
#11069 = VECTOR('',#11070,1.);
#11070 = DIRECTION('',(0.,1.,3.964809169306E-15));
#11071 = ORIENTED_EDGE('',*,*,#11041,.T.);
#11072 = PLANE('',#11073);
#11073 = AXIS2_PLACEMENT_3D('',#11074,#11075,#11076);
#11074 = CARTESIAN_POINT('',(5.089999999999,6.8361444475E-02,
    1.277897472544));
#11075 = DIRECTION('',(1.353906996804E-30,-3.964809169306E-15,1.));
#11076 = DIRECTION('',(0.,-1.,-3.964809169306E-15));
#11077 = ADVANCED_FACE('',(#11078),#11092,.F.);
#11078 = FACE_BOUND('',#11079,.T.);
#11079 = EDGE_LOOP('',(#11080,#11081,#11082,#11083,#11084,#11085,#11086,
    #11087,#11088,#11089,#11090,#11091));
#11080 = ORIENTED_EDGE('',*,*,#10802,.T.);
#11081 = ORIENTED_EDGE('',*,*,#10833,.T.);
#11082 = ORIENTED_EDGE('',*,*,#10857,.T.);
#11083 = ORIENTED_EDGE('',*,*,#10881,.T.);
#11084 = ORIENTED_EDGE('',*,*,#10905,.T.);
#11085 = ORIENTED_EDGE('',*,*,#10929,.T.);
#11086 = ORIENTED_EDGE('',*,*,#10953,.T.);
#11087 = ORIENTED_EDGE('',*,*,#10977,.T.);
#11088 = ORIENTED_EDGE('',*,*,#11001,.T.);
#11089 = ORIENTED_EDGE('',*,*,#11025,.T.);
#11090 = ORIENTED_EDGE('',*,*,#11049,.T.);
#11091 = ORIENTED_EDGE('',*,*,#11066,.T.);
#11092 = PLANE('',#11093);
#11093 = AXIS2_PLACEMENT_3D('',#11094,#11095,#11096);
#11094 = CARTESIAN_POINT('',(5.089999999999,3.41480999208E-18,0.));
#11095 = DIRECTION('',(-1.,0.,0.));
#11096 = DIRECTION('',(0.,0.,1.));
#11097 = ADVANCED_FACE('',(#11098,#11220),#11292,.T.);
#11098 = FACE_BOUND('',#11099,.T.);
#11099 = EDGE_LOOP('',(#11100,#11111,#11119,#11128,#11137,#11145,#11154,
    #11163,#11172,#11181,#11189,#11197,#11205,#11213));
#11100 = ORIENTED_EDGE('',*,*,#11101,.T.);
#11101 = EDGE_CURVE('',#11102,#11104,#11106,.T.);
#11102 = VERTEX_POINT('',#11103);
#11103 = CARTESIAN_POINT('',(5.089999999999,0.156948818945,
    1.426478878785));
#11104 = VERTEX_POINT('',#11105);
#11105 = CARTESIAN_POINT('',(5.089999999999,0.10693646317,1.412962025874
    ));
#11106 = B_SPLINE_CURVE_WITH_KNOTS('',3,(#11107,#11108,#11109,#11110),
  .UNSPECIFIED.,.F.,.F.,(4,4),(0.,1.),.PIECEWISE_BEZIER_KNOTS.);
#11107 = CARTESIAN_POINT('',(5.089999999999,0.156948818945,
    1.426478878785));
#11108 = CARTESIAN_POINT('',(5.089999999999,0.138025224869,
    1.426478878785));
#11109 = CARTESIAN_POINT('',(5.089999999999,0.121337110311,
    1.422007919745));
#11110 = CARTESIAN_POINT('',(5.089999999999,0.10693646317,1.412962025874
    ));
#11111 = ORIENTED_EDGE('',*,*,#11112,.T.);
#11112 = EDGE_CURVE('',#11104,#11113,#11115,.T.);
#11113 = VERTEX_POINT('',#11114);
#11114 = CARTESIAN_POINT('',(5.089999999999,0.10693646317,1.388215787464
    ));
#11115 = LINE('',#11116,#11117);
#11116 = CARTESIAN_POINT('',(5.089999999999,0.10693646317,1.388215787464
    ));
#11117 = VECTOR('',#11118,1.);
#11118 = DIRECTION('',(0.,8.762561441094E-15,-1.));
#11119 = ORIENTED_EDGE('',*,*,#11120,.T.);
#11120 = EDGE_CURVE('',#11113,#11121,#11123,.T.);
#11121 = VERTEX_POINT('',#11122);
#11122 = CARTESIAN_POINT('',(5.089999999999,0.154557375738,
    1.405787696251));
#11123 = B_SPLINE_CURVE_WITH_KNOTS('',3,(#11124,#11125,#11126,#11127),
  .UNSPECIFIED.,.F.,.F.,(4,4),(12.,13.),.PIECEWISE_BEZIER_KNOTS.);
#11124 = CARTESIAN_POINT('',(5.089999999999,0.10693646317,1.388215787464
    ));
#11125 = CARTESIAN_POINT('',(5.089999999999,0.121285122415,
    1.399861076128));
#11126 = CARTESIAN_POINT('',(5.089999999999,0.137141430639,
    1.405787696251));
#11127 = CARTESIAN_POINT('',(5.089999999999,0.154557375738,
    1.405787696251));
#11128 = ORIENTED_EDGE('',*,*,#11129,.T.);
#11129 = EDGE_CURVE('',#11121,#11130,#11132,.T.);
#11130 = VERTEX_POINT('',#11131);
#11131 = CARTESIAN_POINT('',(5.089999999999,0.183982524769,
    1.370227975513));
#11132 = B_SPLINE_CURVE_WITH_KNOTS('',3,(#11133,#11134,#11135,#11136),
  .UNSPECIFIED.,.F.,.F.,(4,4),(11.,12.),.PIECEWISE_BEZIER_KNOTS.);
#11133 = CARTESIAN_POINT('',(5.089999999999,0.154557375738,
    1.405787696251));
#11134 = CARTESIAN_POINT('',(5.089999999999,0.17415681246,1.405787696251
    ));
#11135 = CARTESIAN_POINT('',(5.089999999999,0.183982524769,
    1.393934456004));
#11136 = CARTESIAN_POINT('',(5.089999999999,0.183982524769,
    1.370227975513));
#11137 = ORIENTED_EDGE('',*,*,#11138,.T.);
#11138 = EDGE_CURVE('',#11130,#11139,#11141,.T.);
#11139 = VERTEX_POINT('',#11140);
#11140 = CARTESIAN_POINT('',(5.089999999999,0.140936547034,
    1.364197379598));
#11141 = LINE('',#11142,#11143);
#11142 = CARTESIAN_POINT('',(5.089999999999,0.140936547034,
    1.364197379598));
#11143 = VECTOR('',#11144,1.);
#11144 = DIRECTION('',(0.,-0.990328603988,-0.138741688482));
#11145 = ORIENTED_EDGE('',*,*,#11146,.T.);
#11146 = EDGE_CURVE('',#11139,#11147,#11149,.T.);
#11147 = VERTEX_POINT('',#11148);
#11148 = CARTESIAN_POINT('',(5.089999999999,9.2743767613E-02,
    1.316784418614));
#11149 = B_SPLINE_CURVE_WITH_KNOTS('',3,(#11150,#11151,#11152,#11153),
  .UNSPECIFIED.,.F.,.F.,(4,4),(9.,10.),.PIECEWISE_BEZIER_KNOTS.);
#11150 = CARTESIAN_POINT('',(5.089999999999,0.140936547034,
    1.364197379598));
#11151 = CARTESIAN_POINT('',(5.089999999999,0.10880802742,1.359726420558
    ));
#11152 = CARTESIAN_POINT('',(5.089999999999,9.2743767613E-02,
    1.34392210023));
#11153 = CARTESIAN_POINT('',(5.089999999999,9.2743767613E-02,
    1.316784418614));
#11154 = ORIENTED_EDGE('',*,*,#11155,.T.);
#11155 = EDGE_CURVE('',#11147,#11156,#11158,.T.);
#11156 = VERTEX_POINT('',#11157);
#11157 = CARTESIAN_POINT('',(5.089999999999,0.105220862609,
    1.285903608499));
#11158 = B_SPLINE_CURVE_WITH_KNOTS('',3,(#11159,#11160,#11161,#11162),
  .UNSPECIFIED.,.F.,.F.,(4,4),(8.,9.),.PIECEWISE_BEZIER_KNOTS.);
#11159 = CARTESIAN_POINT('',(5.089999999999,9.2743767613E-02,
    1.316784418614));
#11160 = CARTESIAN_POINT('',(5.089999999999,9.2743767613E-02,
    1.30378744466));
#11161 = CARTESIAN_POINT('',(5.089999999999,9.6902799278E-02,
    1.293493841288));
#11162 = CARTESIAN_POINT('',(5.089999999999,0.105220862609,
    1.285903608499));
#11163 = ORIENTED_EDGE('',*,*,#11164,.T.);
#11164 = EDGE_CURVE('',#11156,#11165,#11167,.T.);
#11165 = VERTEX_POINT('',#11166);
#11166 = CARTESIAN_POINT('',(5.089999999999,0.138805043306,1.27446627142
    ));
#11167 = B_SPLINE_CURVE_WITH_KNOTS('',3,(#11168,#11169,#11170,#11171),
  .UNSPECIFIED.,.F.,.F.,(4,4),(7.,8.),.PIECEWISE_BEZIER_KNOTS.);
#11168 = CARTESIAN_POINT('',(5.089999999999,0.105220862609,
    1.285903608499));
#11169 = CARTESIAN_POINT('',(5.089999999999,0.113538925939,1.27831337571
    ));
#11170 = CARTESIAN_POINT('',(5.089999999999,0.12471632354,1.27446627142)
  );
#11171 = CARTESIAN_POINT('',(5.089999999999,0.138805043306,1.27446627142
    ));
#11172 = ORIENTED_EDGE('',*,*,#11173,.T.);
#11173 = EDGE_CURVE('',#11165,#11174,#11176,.T.);
#11174 = VERTEX_POINT('',#11175);
#11175 = CARTESIAN_POINT('',(5.089999999999,0.183306682124,
    1.300356243536));
#11176 = B_SPLINE_CURVE_WITH_KNOTS('',3,(#11177,#11178,#11179,#11180),
  .UNSPECIFIED.,.F.,.F.,(4,4),(6.,7.),.PIECEWISE_BEZIER_KNOTS.);
#11177 = CARTESIAN_POINT('',(5.089999999999,0.138805043306,1.27446627142
    ));
#11178 = CARTESIAN_POINT('',(5.089999999999,0.158404480028,1.27446627142
    ));
#11179 = CARTESIAN_POINT('',(5.089999999999,0.173273018232,
    1.283096262125));
#11180 = CARTESIAN_POINT('',(5.089999999999,0.183306682124,
    1.300356243536));
#11181 = ORIENTED_EDGE('',*,*,#11182,.T.);
#11182 = EDGE_CURVE('',#11174,#11183,#11185,.T.);
#11183 = VERTEX_POINT('',#11184);
#11184 = CARTESIAN_POINT('',(5.089999999999,0.183982524769,
    1.300356243536));
#11185 = LINE('',#11186,#11187);
#11186 = CARTESIAN_POINT('',(5.089999999999,0.183982524769,
    1.300356243536));
#11187 = VECTOR('',#11188,1.);
#11188 = DIRECTION('',(0.,1.,0.));
#11189 = ORIENTED_EDGE('',*,*,#11190,.T.);
#11190 = EDGE_CURVE('',#11183,#11191,#11193,.T.);
#11191 = VERTEX_POINT('',#11192);
#11192 = CARTESIAN_POINT('',(5.089999999999,0.183982524769,
    1.277897472544));
#11193 = LINE('',#11194,#11195);
#11194 = CARTESIAN_POINT('',(5.089999999999,0.183982524769,
    1.277897472544));
#11195 = VECTOR('',#11196,1.);
#11196 = DIRECTION('',(0.,0.,-1.));
#11197 = ORIENTED_EDGE('',*,*,#11198,.T.);
#11198 = EDGE_CURVE('',#11191,#11199,#11201,.T.);
#11199 = VERTEX_POINT('',#11200);
#11200 = CARTESIAN_POINT('',(5.089999999999,0.209456593719,
    1.277897472544));
#11201 = LINE('',#11202,#11203);
#11202 = CARTESIAN_POINT('',(5.089999999999,0.209456593719,
    1.277897472544));
#11203 = VECTOR('',#11204,1.);
#11204 = DIRECTION('',(0.,1.,8.512202543064E-15));
#11205 = ORIENTED_EDGE('',*,*,#11206,.T.);
#11206 = EDGE_CURVE('',#11199,#11207,#11209,.T.);
#11207 = VERTEX_POINT('',#11208);
#11208 = CARTESIAN_POINT('',(5.089999999999,0.209456593719,1.37137170922
    ));
#11209 = LINE('',#11210,#11211);
#11210 = CARTESIAN_POINT('',(5.089999999999,0.209456593719,1.37137170922
    ));
#11211 = VECTOR('',#11212,1.);
#11212 = DIRECTION('',(0.,-2.319788234798E-15,1.));
#11213 = ORIENTED_EDGE('',*,*,#11214,.T.);
#11214 = EDGE_CURVE('',#11207,#11102,#11215,.T.);
#11215 = B_SPLINE_CURVE_WITH_KNOTS('',3,(#11216,#11217,#11218,#11219),
  .UNSPECIFIED.,.F.,.F.,(4,4),(1.,2.),.PIECEWISE_BEZIER_KNOTS.);
#11216 = CARTESIAN_POINT('',(5.089999999999,0.209456593719,1.37137170922
    ));
#11217 = CARTESIAN_POINT('',(5.089999999999,0.209456593719,
    1.408179139458));
#11218 = CARTESIAN_POINT('',(5.089999999999,0.191936672829,
    1.426478878785));
#11219 = CARTESIAN_POINT('',(5.089999999999,0.156948818945,
    1.426478878785));
#11220 = FACE_BOUND('',#11221,.T.);
#11221 = EDGE_LOOP('',(#11222,#11233,#11242,#11250,#11258,#11267,#11276,
    #11285));
#11222 = ORIENTED_EDGE('',*,*,#11223,.F.);
#11223 = EDGE_CURVE('',#11224,#11226,#11228,.T.);
#11224 = VERTEX_POINT('',#11225);
#11225 = CARTESIAN_POINT('',(5.089999999999,0.125340178289,
    1.337267649565));
#11226 = VERTEX_POINT('',#11227);
#11227 = CARTESIAN_POINT('',(5.089999999999,0.118581751833,
    1.318863934446));
#11228 = B_SPLINE_CURVE_WITH_KNOTS('',3,(#11229,#11230,#11231,#11232),
  .UNSPECIFIED.,.F.,.F.,(4,4),(1.,2.),.PIECEWISE_BEZIER_KNOTS.);
#11229 = CARTESIAN_POINT('',(5.089999999999,0.125340178289,
    1.337267649565));
#11230 = CARTESIAN_POINT('',(5.089999999999,0.120869219249,
    1.332900666317));
#11231 = CARTESIAN_POINT('',(5.089999999999,0.118581751833,
    1.326766094611));
#11232 = CARTESIAN_POINT('',(5.089999999999,0.118581751833,
    1.318863934446));
#11233 = ORIENTED_EDGE('',*,*,#11234,.F.);
#11234 = EDGE_CURVE('',#11235,#11224,#11237,.T.);
#11235 = VERTEX_POINT('',#11236);
#11236 = CARTESIAN_POINT('',(5.089999999999,0.149982440906,
    1.346209567646));
#11237 = B_SPLINE_CURVE_WITH_KNOTS('',3,(#11238,#11239,#11240,#11241),
  .UNSPECIFIED.,.F.,.F.,(4,4),(0.,1.),.PIECEWISE_BEZIER_KNOTS.);
#11238 = CARTESIAN_POINT('',(5.089999999999,0.149982440906,
    1.346209567646));
#11239 = CARTESIAN_POINT('',(5.089999999999,0.138077212764,
    1.344545954979));
#11240 = CARTESIAN_POINT('',(5.089999999999,0.129863125225,
    1.341634632814));
#11241 = CARTESIAN_POINT('',(5.089999999999,0.125340178289,
    1.337267649565));
#11242 = ORIENTED_EDGE('',*,*,#11243,.F.);
#11243 = EDGE_CURVE('',#11244,#11235,#11246,.T.);
#11244 = VERTEX_POINT('',#11245);
#11245 = CARTESIAN_POINT('',(5.089999999999,0.183982524769,
    1.350784502478));
#11246 = LINE('',#11247,#11248);
#11247 = CARTESIAN_POINT('',(5.089999999999,0.183982524769,
    1.350784502478));
#11248 = VECTOR('',#11249,1.);
#11249 = DIRECTION('',(0.,-0.9910683663,-0.133354764893));
#11250 = ORIENTED_EDGE('',*,*,#11251,.F.);
#11251 = EDGE_CURVE('',#11252,#11244,#11254,.T.);
#11252 = VERTEX_POINT('',#11253);
#11253 = CARTESIAN_POINT('',(5.089999999999,0.183982524769,
    1.336851746399));
#11254 = LINE('',#11255,#11256);
#11255 = CARTESIAN_POINT('',(5.089999999999,0.183982524769,
    1.336851746399));
#11256 = VECTOR('',#11257,1.);
#11257 = DIRECTION('',(0.,0.,1.));
#11258 = ORIENTED_EDGE('',*,*,#11259,.F.);
#11259 = EDGE_CURVE('',#11260,#11252,#11262,.T.);
#11260 = VERTEX_POINT('',#11261);
#11261 = CARTESIAN_POINT('',(5.089999999999,0.173065066648,
    1.307218645784));
#11262 = B_SPLINE_CURVE_WITH_KNOTS('',3,(#11263,#11264,#11265,#11266),
  .UNSPECIFIED.,.F.,.F.,(4,4),(5.,6.),.PIECEWISE_BEZIER_KNOTS.);
#11263 = CARTESIAN_POINT('',(5.089999999999,0.173065066648,
    1.307218645784));
#11264 = CARTESIAN_POINT('',(5.089999999999,0.180343372062,
    1.315016830156));
#11265 = CARTESIAN_POINT('',(5.089999999999,0.183982524769,
    1.324894530361));
#11266 = CARTESIAN_POINT('',(5.089999999999,0.183982524769,
    1.336851746399));
#11267 = ORIENTED_EDGE('',*,*,#11268,.F.);
#11268 = EDGE_CURVE('',#11269,#11260,#11271,.T.);
#11269 = VERTEX_POINT('',#11270);
#11270 = CARTESIAN_POINT('',(5.089999999999,0.145407506074,
    1.295365405538));
#11271 = B_SPLINE_CURVE_WITH_KNOTS('',3,(#11272,#11273,#11274,#11275),
  .UNSPECIFIED.,.F.,.F.,(4,4),(4.,5.),.PIECEWISE_BEZIER_KNOTS.);
#11272 = CARTESIAN_POINT('',(5.089999999999,0.145407506074,
    1.295365405538));
#11273 = CARTESIAN_POINT('',(5.089999999999,0.156584903674,
    1.295365405538));
#11274 = CARTESIAN_POINT('',(5.089999999999,0.165838749129,
    1.299316485619));
#11275 = CARTESIAN_POINT('',(5.089999999999,0.173065066648,
    1.307218645784));
#11276 = ORIENTED_EDGE('',*,*,#11277,.F.);
#11277 = EDGE_CURVE('',#11278,#11269,#11280,.T.);
#11278 = VERTEX_POINT('',#11279);
#11279 = CARTESIAN_POINT('',(5.089999999999,0.125964033039,1.30191588041
    ));
#11280 = B_SPLINE_CURVE_WITH_KNOTS('',3,(#11281,#11282,#11283,#11284),
  .UNSPECIFIED.,.F.,.F.,(4,4),(3.,4.),.PIECEWISE_BEZIER_KNOTS.);
#11281 = CARTESIAN_POINT('',(5.089999999999,0.125964033039,1.30191588041
    ));
#11282 = CARTESIAN_POINT('',(5.089999999999,0.130850895246,
    1.297548897162));
#11283 = CARTESIAN_POINT('',(5.089999999999,0.137349382222,
    1.295365405538));
#11284 = CARTESIAN_POINT('',(5.089999999999,0.145407506074,
    1.295365405538));
#11285 = ORIENTED_EDGE('',*,*,#11286,.F.);
#11286 = EDGE_CURVE('',#11226,#11278,#11287,.T.);
#11287 = B_SPLINE_CURVE_WITH_KNOTS('',3,(#11288,#11289,#11290,#11291),
  .UNSPECIFIED.,.F.,.F.,(4,4),(2.,3.),.PIECEWISE_BEZIER_KNOTS.);
#11288 = CARTESIAN_POINT('',(5.089999999999,0.118581751833,
    1.318863934446));
#11289 = CARTESIAN_POINT('',(5.089999999999,0.118581751833,
    1.311897556408));
#11290 = CARTESIAN_POINT('',(5.089999999999,0.121025182937,
    1.306282863659));
#11291 = CARTESIAN_POINT('',(5.089999999999,0.125964033039,1.30191588041
    ));
#11292 = PLANE('',#11293);
#11293 = AXIS2_PLACEMENT_3D('',#11294,#11295,#11296);
#11294 = CARTESIAN_POINT('',(5.089999999999,0.130246535957,
    1.423112662531));
#11295 = DIRECTION('',(1.,0.,0.));
#11296 = DIRECTION('',(0.,0.,-1.));
#11297 = ADVANCED_FACE('',(#11298),#11314,.F.);
#11298 = FACE_BOUND('',#11299,.F.);
#11299 = EDGE_LOOP('',(#11300,#11306,#11307,#11313));
#11300 = ORIENTED_EDGE('',*,*,#11301,.F.);
#11301 = EDGE_CURVE('',#11102,#190,#11302,.T.);
#11302 = LINE('',#11303,#11304);
#11303 = CARTESIAN_POINT('',(5.089999999999,0.156948818945,
    1.426478878785));
#11304 = VECTOR('',#11305,1.);
#11305 = DIRECTION('',(-1.,-3.41480999208E-16,0.));
#11306 = ORIENTED_EDGE('',*,*,#11101,.T.);
#11307 = ORIENTED_EDGE('',*,*,#11308,.T.);
#11308 = EDGE_CURVE('',#11104,#192,#11309,.T.);
#11309 = LINE('',#11310,#11311);
#11310 = CARTESIAN_POINT('',(5.089999999999,0.10693646317,1.412962025874
    ));
#11311 = VECTOR('',#11312,1.);
#11312 = DIRECTION('',(-1.,-3.41480999208E-16,0.));
#11313 = ORIENTED_EDGE('',*,*,#189,.F.);
#11314 = B_SPLINE_SURFACE_WITH_KNOTS('',3,1,(
    (#11315,#11316)
    ,(#11317,#11318)
    ,(#11319,#11320)
    ,(#11321,#11322
    )),.UNSPECIFIED.,.F.,.F.,.F.,(4,4),(2,2),(0.,1.),(0.,1.),
  .PIECEWISE_BEZIER_KNOTS.);
#11315 = CARTESIAN_POINT('',(5.089999999999,0.156948818945,
    1.426478878785));
#11316 = CARTESIAN_POINT('',(5.08,0.156948818945,1.426478878785));
#11317 = CARTESIAN_POINT('',(5.089999999999,0.138025224869,
    1.426478878785));
#11318 = CARTESIAN_POINT('',(5.08,0.138025224869,1.426478878785));
#11319 = CARTESIAN_POINT('',(5.089999999999,0.121337110311,
    1.422007919745));
#11320 = CARTESIAN_POINT('',(5.08,0.121337110311,1.422007919745));
#11321 = CARTESIAN_POINT('',(5.089999999999,0.10693646317,1.412962025874
    ));
#11322 = CARTESIAN_POINT('',(5.08,0.10693646317,1.412962025874));
#11323 = ADVANCED_FACE('',(#11324),#11335,.F.);
#11324 = FACE_BOUND('',#11325,.T.);
#11325 = EDGE_LOOP('',(#11326,#11327,#11333,#11334));
#11326 = ORIENTED_EDGE('',*,*,#303,.T.);
#11327 = ORIENTED_EDGE('',*,*,#11328,.F.);
#11328 = EDGE_CURVE('',#11113,#295,#11329,.T.);
#11329 = LINE('',#11330,#11331);
#11330 = CARTESIAN_POINT('',(5.089999999999,0.10693646317,1.388215787464
    ));
#11331 = VECTOR('',#11332,1.);
#11332 = DIRECTION('',(-1.,-3.41480999208E-16,0.));
#11333 = ORIENTED_EDGE('',*,*,#11112,.F.);
#11334 = ORIENTED_EDGE('',*,*,#11308,.T.);
#11335 = PLANE('',#11336);
#11336 = AXIS2_PLACEMENT_3D('',#11337,#11338,#11339);
#11337 = CARTESIAN_POINT('',(5.089999999999,0.10693646317,1.388215787464
    ));
#11338 = DIRECTION('',(-3.41480999208E-16,1.,8.762561441094E-15));
#11339 = DIRECTION('',(0.,-8.762561441094E-15,1.));
#11340 = ADVANCED_FACE('',(#11341),#11352,.F.);
#11341 = FACE_BOUND('',#11342,.F.);
#11342 = EDGE_LOOP('',(#11343,#11344,#11345,#11351));
#11343 = ORIENTED_EDGE('',*,*,#11328,.F.);
#11344 = ORIENTED_EDGE('',*,*,#11120,.T.);
#11345 = ORIENTED_EDGE('',*,*,#11346,.T.);
#11346 = EDGE_CURVE('',#11121,#286,#11347,.T.);
#11347 = LINE('',#11348,#11349);
#11348 = CARTESIAN_POINT('',(5.089999999999,0.154557375738,
    1.405787696251));
#11349 = VECTOR('',#11350,1.);
#11350 = DIRECTION('',(-1.,-3.41480999208E-16,0.));
#11351 = ORIENTED_EDGE('',*,*,#294,.F.);
#11352 = B_SPLINE_SURFACE_WITH_KNOTS('',3,1,(
    (#11353,#11354)
    ,(#11355,#11356)
    ,(#11357,#11358)
    ,(#11359,#11360
    )),.UNSPECIFIED.,.F.,.F.,.F.,(4,4),(2,2),(12.,13.),(0.,1.),
  .PIECEWISE_BEZIER_KNOTS.);
#11353 = CARTESIAN_POINT('',(5.089999999999,0.10693646317,1.388215787464
    ));
#11354 = CARTESIAN_POINT('',(5.08,0.10693646317,1.388215787464));
#11355 = CARTESIAN_POINT('',(5.089999999999,0.121285122415,
    1.399861076128));
#11356 = CARTESIAN_POINT('',(5.08,0.121285122415,1.399861076128));
#11357 = CARTESIAN_POINT('',(5.089999999999,0.137141430639,
    1.405787696251));
#11358 = CARTESIAN_POINT('',(5.08,0.137141430639,1.405787696251));
#11359 = CARTESIAN_POINT('',(5.089999999999,0.154557375738,
    1.405787696251));
#11360 = CARTESIAN_POINT('',(5.08,0.154557375738,1.405787696251));
#11361 = ADVANCED_FACE('',(#11362),#11373,.F.);
#11362 = FACE_BOUND('',#11363,.F.);
#11363 = EDGE_LOOP('',(#11364,#11365,#11366,#11372));
#11364 = ORIENTED_EDGE('',*,*,#11346,.F.);
#11365 = ORIENTED_EDGE('',*,*,#11129,.T.);
#11366 = ORIENTED_EDGE('',*,*,#11367,.T.);
#11367 = EDGE_CURVE('',#11130,#278,#11368,.T.);
#11368 = LINE('',#11369,#11370);
#11369 = CARTESIAN_POINT('',(5.089999999999,0.183982524769,
    1.370227975513));
#11370 = VECTOR('',#11371,1.);
#11371 = DIRECTION('',(-1.,-3.41480999208E-16,0.));
#11372 = ORIENTED_EDGE('',*,*,#285,.F.);
#11373 = B_SPLINE_SURFACE_WITH_KNOTS('',3,1,(
    (#11374,#11375)
    ,(#11376,#11377)
    ,(#11378,#11379)
    ,(#11380,#11381
    )),.UNSPECIFIED.,.F.,.F.,.F.,(4,4),(2,2),(11.,12.),(0.,1.),
  .PIECEWISE_BEZIER_KNOTS.);
#11374 = CARTESIAN_POINT('',(5.089999999999,0.154557375738,
    1.405787696251));
#11375 = CARTESIAN_POINT('',(5.08,0.154557375738,1.405787696251));
#11376 = CARTESIAN_POINT('',(5.089999999999,0.17415681246,1.405787696251
    ));
#11377 = CARTESIAN_POINT('',(5.08,0.17415681246,1.405787696251));
#11378 = CARTESIAN_POINT('',(5.089999999999,0.183982524769,
    1.393934456004));
#11379 = CARTESIAN_POINT('',(5.08,0.183982524769,1.393934456004));
#11380 = CARTESIAN_POINT('',(5.089999999999,0.183982524769,
    1.370227975513));
#11381 = CARTESIAN_POINT('',(5.08,0.183982524769,1.370227975513));
#11382 = ADVANCED_FACE('',(#11383),#11394,.F.);
#11383 = FACE_BOUND('',#11384,.T.);
#11384 = EDGE_LOOP('',(#11385,#11386,#11392,#11393));
#11385 = ORIENTED_EDGE('',*,*,#277,.T.);
#11386 = ORIENTED_EDGE('',*,*,#11387,.F.);
#11387 = EDGE_CURVE('',#11139,#269,#11388,.T.);
#11388 = LINE('',#11389,#11390);
#11389 = CARTESIAN_POINT('',(5.089999999999,0.140936547034,
    1.364197379598));
#11390 = VECTOR('',#11391,1.);
#11391 = DIRECTION('',(-1.,-3.41480999208E-16,0.));
#11392 = ORIENTED_EDGE('',*,*,#11138,.F.);
#11393 = ORIENTED_EDGE('',*,*,#11367,.T.);
#11394 = PLANE('',#11395);
#11395 = AXIS2_PLACEMENT_3D('',#11396,#11397,#11398);
#11396 = CARTESIAN_POINT('',(5.089999999999,0.140936547034,
    1.364197379598));
#11397 = DIRECTION('',(-4.737765041476E-17,0.138741688482,
    -0.990328603988));
#11398 = DIRECTION('',(0.,0.990328603988,0.138741688482));
#11399 = ADVANCED_FACE('',(#11400),#11411,.F.);
#11400 = FACE_BOUND('',#11401,.F.);
#11401 = EDGE_LOOP('',(#11402,#11403,#11404,#11410));
#11402 = ORIENTED_EDGE('',*,*,#11387,.F.);
#11403 = ORIENTED_EDGE('',*,*,#11146,.T.);
#11404 = ORIENTED_EDGE('',*,*,#11405,.T.);
#11405 = EDGE_CURVE('',#11147,#260,#11406,.T.);
#11406 = LINE('',#11407,#11408);
#11407 = CARTESIAN_POINT('',(5.089999999999,9.2743767613E-02,
    1.316784418614));
#11408 = VECTOR('',#11409,1.);
#11409 = DIRECTION('',(-1.,-3.41480999208E-16,0.));
#11410 = ORIENTED_EDGE('',*,*,#268,.F.);
#11411 = B_SPLINE_SURFACE_WITH_KNOTS('',3,1,(
    (#11412,#11413)
    ,(#11414,#11415)
    ,(#11416,#11417)
    ,(#11418,#11419
    )),.UNSPECIFIED.,.F.,.F.,.F.,(4,4),(2,2),(9.,10.),(0.,1.),
  .PIECEWISE_BEZIER_KNOTS.);
#11412 = CARTESIAN_POINT('',(5.089999999999,0.140936547034,
    1.364197379598));
#11413 = CARTESIAN_POINT('',(5.08,0.140936547034,1.364197379598));
#11414 = CARTESIAN_POINT('',(5.089999999999,0.10880802742,1.359726420558
    ));
#11415 = CARTESIAN_POINT('',(5.08,0.10880802742,1.359726420558));
#11416 = CARTESIAN_POINT('',(5.089999999999,9.2743767613E-02,
    1.34392210023));
#11417 = CARTESIAN_POINT('',(5.08,9.2743767613E-02,1.34392210023));
#11418 = CARTESIAN_POINT('',(5.089999999999,9.2743767613E-02,
    1.316784418614));
#11419 = CARTESIAN_POINT('',(5.08,9.2743767613E-02,1.316784418614));
#11420 = ADVANCED_FACE('',(#11421),#11432,.F.);
#11421 = FACE_BOUND('',#11422,.F.);
#11422 = EDGE_LOOP('',(#11423,#11424,#11425,#11431));
#11423 = ORIENTED_EDGE('',*,*,#11405,.F.);
#11424 = ORIENTED_EDGE('',*,*,#11155,.T.);
#11425 = ORIENTED_EDGE('',*,*,#11426,.T.);
#11426 = EDGE_CURVE('',#11156,#251,#11427,.T.);
#11427 = LINE('',#11428,#11429);
#11428 = CARTESIAN_POINT('',(5.089999999999,0.105220862609,
    1.285903608499));
#11429 = VECTOR('',#11430,1.);
#11430 = DIRECTION('',(-1.,-3.41480999208E-16,0.));
#11431 = ORIENTED_EDGE('',*,*,#259,.F.);
#11432 = B_SPLINE_SURFACE_WITH_KNOTS('',3,1,(
    (#11433,#11434)
    ,(#11435,#11436)
    ,(#11437,#11438)
    ,(#11439,#11440
    )),.UNSPECIFIED.,.F.,.F.,.F.,(4,4),(2,2),(8.,9.),(0.,1.),
  .PIECEWISE_BEZIER_KNOTS.);
#11433 = CARTESIAN_POINT('',(5.089999999999,9.2743767613E-02,
    1.316784418614));
#11434 = CARTESIAN_POINT('',(5.08,9.2743767613E-02,1.316784418614));
#11435 = CARTESIAN_POINT('',(5.089999999999,9.2743767613E-02,
    1.30378744466));
#11436 = CARTESIAN_POINT('',(5.08,9.2743767613E-02,1.30378744466));
#11437 = CARTESIAN_POINT('',(5.089999999999,9.6902799278E-02,
    1.293493841288));
#11438 = CARTESIAN_POINT('',(5.08,9.6902799278E-02,1.293493841288));
#11439 = CARTESIAN_POINT('',(5.089999999999,0.105220862609,
    1.285903608499));
#11440 = CARTESIAN_POINT('',(5.08,0.105220862609,1.285903608499));
#11441 = ADVANCED_FACE('',(#11442),#11453,.F.);
#11442 = FACE_BOUND('',#11443,.F.);
#11443 = EDGE_LOOP('',(#11444,#11445,#11446,#11452));
#11444 = ORIENTED_EDGE('',*,*,#11426,.F.);
#11445 = ORIENTED_EDGE('',*,*,#11164,.T.);
#11446 = ORIENTED_EDGE('',*,*,#11447,.T.);
#11447 = EDGE_CURVE('',#11165,#242,#11448,.T.);
#11448 = LINE('',#11449,#11450);
#11449 = CARTESIAN_POINT('',(5.089999999999,0.138805043306,1.27446627142
    ));
#11450 = VECTOR('',#11451,1.);
#11451 = DIRECTION('',(-1.,-3.41480999208E-16,0.));
#11452 = ORIENTED_EDGE('',*,*,#250,.F.);
#11453 = B_SPLINE_SURFACE_WITH_KNOTS('',3,1,(
    (#11454,#11455)
    ,(#11456,#11457)
    ,(#11458,#11459)
    ,(#11460,#11461
    )),.UNSPECIFIED.,.F.,.F.,.F.,(4,4),(2,2),(7.,8.),(0.,1.),
  .PIECEWISE_BEZIER_KNOTS.);
#11454 = CARTESIAN_POINT('',(5.089999999999,0.105220862609,
    1.285903608499));
#11455 = CARTESIAN_POINT('',(5.08,0.105220862609,1.285903608499));
#11456 = CARTESIAN_POINT('',(5.089999999999,0.113538925939,1.27831337571
    ));
#11457 = CARTESIAN_POINT('',(5.08,0.113538925939,1.27831337571));
#11458 = CARTESIAN_POINT('',(5.089999999999,0.12471632354,1.27446627142)
  );
#11459 = CARTESIAN_POINT('',(5.08,0.12471632354,1.27446627142));
#11460 = CARTESIAN_POINT('',(5.089999999999,0.138805043306,1.27446627142
    ));
#11461 = CARTESIAN_POINT('',(5.08,0.138805043306,1.27446627142));
#11462 = ADVANCED_FACE('',(#11463),#11474,.F.);
#11463 = FACE_BOUND('',#11464,.F.);
#11464 = EDGE_LOOP('',(#11465,#11466,#11467,#11473));
#11465 = ORIENTED_EDGE('',*,*,#11447,.F.);
#11466 = ORIENTED_EDGE('',*,*,#11173,.T.);
#11467 = ORIENTED_EDGE('',*,*,#11468,.T.);
#11468 = EDGE_CURVE('',#11174,#234,#11469,.T.);
#11469 = LINE('',#11470,#11471);
#11470 = CARTESIAN_POINT('',(5.089999999999,0.183306682124,
    1.300356243536));
#11471 = VECTOR('',#11472,1.);
#11472 = DIRECTION('',(-1.,-3.41480999208E-16,0.));
#11473 = ORIENTED_EDGE('',*,*,#241,.F.);
#11474 = B_SPLINE_SURFACE_WITH_KNOTS('',3,1,(
    (#11475,#11476)
    ,(#11477,#11478)
    ,(#11479,#11480)
    ,(#11481,#11482
    )),.UNSPECIFIED.,.F.,.F.,.F.,(4,4),(2,2),(6.,7.),(0.,1.),
  .PIECEWISE_BEZIER_KNOTS.);
#11475 = CARTESIAN_POINT('',(5.089999999999,0.138805043306,1.27446627142
    ));
#11476 = CARTESIAN_POINT('',(5.08,0.138805043306,1.27446627142));
#11477 = CARTESIAN_POINT('',(5.089999999999,0.158404480028,1.27446627142
    ));
#11478 = CARTESIAN_POINT('',(5.08,0.158404480028,1.27446627142));
#11479 = CARTESIAN_POINT('',(5.089999999999,0.173273018232,
    1.283096262125));
#11480 = CARTESIAN_POINT('',(5.08,0.173273018232,1.283096262125));
#11481 = CARTESIAN_POINT('',(5.089999999999,0.183306682124,
    1.300356243536));
#11482 = CARTESIAN_POINT('',(5.08,0.183306682124,1.300356243536));
#11483 = ADVANCED_FACE('',(#11484),#11495,.F.);
#11484 = FACE_BOUND('',#11485,.T.);
#11485 = EDGE_LOOP('',(#11486,#11487,#11493,#11494));
#11486 = ORIENTED_EDGE('',*,*,#233,.T.);
#11487 = ORIENTED_EDGE('',*,*,#11488,.F.);
#11488 = EDGE_CURVE('',#11183,#226,#11489,.T.);
#11489 = LINE('',#11490,#11491);
#11490 = CARTESIAN_POINT('',(5.089999999999,0.183982524769,
    1.300356243536));
#11491 = VECTOR('',#11492,1.);
#11492 = DIRECTION('',(-1.,-3.41480999208E-16,0.));
#11493 = ORIENTED_EDGE('',*,*,#11182,.F.);
#11494 = ORIENTED_EDGE('',*,*,#11468,.T.);
#11495 = PLANE('',#11496);
#11496 = AXIS2_PLACEMENT_3D('',#11497,#11498,#11499);
#11497 = CARTESIAN_POINT('',(5.089999999999,0.183982524769,
    1.300356243536));
#11498 = DIRECTION('',(0.,0.,1.));
#11499 = DIRECTION('',(1.,0.,-0.));
#11500 = ADVANCED_FACE('',(#11501),#11512,.F.);
#11501 = FACE_BOUND('',#11502,.T.);
#11502 = EDGE_LOOP('',(#11503,#11504,#11510,#11511));
#11503 = ORIENTED_EDGE('',*,*,#225,.T.);
#11504 = ORIENTED_EDGE('',*,*,#11505,.F.);
#11505 = EDGE_CURVE('',#11191,#218,#11506,.T.);
#11506 = LINE('',#11507,#11508);
#11507 = CARTESIAN_POINT('',(5.089999999999,0.183982524769,
    1.277897472544));
#11508 = VECTOR('',#11509,1.);
#11509 = DIRECTION('',(-1.,-3.41480999208E-16,0.));
#11510 = ORIENTED_EDGE('',*,*,#11190,.F.);
#11511 = ORIENTED_EDGE('',*,*,#11488,.T.);
#11512 = PLANE('',#11513);
#11513 = AXIS2_PLACEMENT_3D('',#11514,#11515,#11516);
#11514 = CARTESIAN_POINT('',(5.089999999999,0.183982524769,
    1.277897472544));
#11515 = DIRECTION('',(-3.41480999208E-16,1.,0.));
#11516 = DIRECTION('',(-1.,-3.41480999208E-16,0.));
#11517 = ADVANCED_FACE('',(#11518),#11529,.F.);
#11518 = FACE_BOUND('',#11519,.T.);
#11519 = EDGE_LOOP('',(#11520,#11521,#11527,#11528));
#11520 = ORIENTED_EDGE('',*,*,#217,.T.);
#11521 = ORIENTED_EDGE('',*,*,#11522,.F.);
#11522 = EDGE_CURVE('',#11199,#210,#11523,.T.);
#11523 = LINE('',#11524,#11525);
#11524 = CARTESIAN_POINT('',(5.089999999999,0.209456593719,
    1.277897472544));
#11525 = VECTOR('',#11526,1.);
#11526 = DIRECTION('',(-1.,-3.41480999208E-16,0.));
#11527 = ORIENTED_EDGE('',*,*,#11198,.F.);
#11528 = ORIENTED_EDGE('',*,*,#11505,.T.);
#11529 = PLANE('',#11530);
#11530 = AXIS2_PLACEMENT_3D('',#11531,#11532,#11533);
#11531 = CARTESIAN_POINT('',(5.089999999999,0.209456593719,
    1.277897472544));
#11532 = DIRECTION('',(2.906755429866E-30,-8.512202543064E-15,1.));
#11533 = DIRECTION('',(0.,-1.,-8.512202543064E-15));
#11534 = ADVANCED_FACE('',(#11535),#11546,.F.);
#11535 = FACE_BOUND('',#11536,.T.);
#11536 = EDGE_LOOP('',(#11537,#11538,#11544,#11545));
#11537 = ORIENTED_EDGE('',*,*,#209,.T.);
#11538 = ORIENTED_EDGE('',*,*,#11539,.F.);
#11539 = EDGE_CURVE('',#11207,#201,#11540,.T.);
#11540 = LINE('',#11541,#11542);
#11541 = CARTESIAN_POINT('',(5.089999999999,0.209456593719,1.37137170922
    ));
#11542 = VECTOR('',#11543,1.);
#11543 = DIRECTION('',(-1.,-3.41480999208E-16,0.));
#11544 = ORIENTED_EDGE('',*,*,#11206,.F.);
#11545 = ORIENTED_EDGE('',*,*,#11522,.T.);
#11546 = PLANE('',#11547);
#11547 = AXIS2_PLACEMENT_3D('',#11548,#11549,#11550);
#11548 = CARTESIAN_POINT('',(5.089999999999,0.209456593719,1.37137170922
    ));
#11549 = DIRECTION('',(3.41480999208E-16,-1.,-2.319788234798E-15));
#11550 = DIRECTION('',(0.,2.319788234798E-15,-1.));
#11551 = ADVANCED_FACE('',(#11552),#11558,.F.);
#11552 = FACE_BOUND('',#11553,.F.);
#11553 = EDGE_LOOP('',(#11554,#11555,#11556,#11557));
#11554 = ORIENTED_EDGE('',*,*,#11539,.F.);
#11555 = ORIENTED_EDGE('',*,*,#11214,.T.);
#11556 = ORIENTED_EDGE('',*,*,#11301,.T.);
#11557 = ORIENTED_EDGE('',*,*,#200,.F.);
#11558 = B_SPLINE_SURFACE_WITH_KNOTS('',3,1,(
    (#11559,#11560)
    ,(#11561,#11562)
    ,(#11563,#11564)
    ,(#11565,#11566
    )),.UNSPECIFIED.,.F.,.F.,.F.,(4,4),(2,2),(1.,2.),(0.,1.),
  .PIECEWISE_BEZIER_KNOTS.);
#11559 = CARTESIAN_POINT('',(5.089999999999,0.209456593719,1.37137170922
    ));
#11560 = CARTESIAN_POINT('',(5.08,0.209456593719,1.37137170922));
#11561 = CARTESIAN_POINT('',(5.089999999999,0.209456593719,
    1.408179139458));
#11562 = CARTESIAN_POINT('',(5.08,0.209456593719,1.408179139458));
#11563 = CARTESIAN_POINT('',(5.089999999999,0.191936672829,
    1.426478878785));
#11564 = CARTESIAN_POINT('',(5.08,0.191936672829,1.426478878785));
#11565 = CARTESIAN_POINT('',(5.089999999999,0.156948818945,
    1.426478878785));
#11566 = CARTESIAN_POINT('',(5.08,0.156948818945,1.426478878785));
#11567 = ADVANCED_FACE('',(#11568),#11594,.T.);
#11568 = FACE_BOUND('',#11569,.T.);
#11569 = EDGE_LOOP('',(#11570,#11581,#11587,#11588));
#11570 = ORIENTED_EDGE('',*,*,#11571,.F.);
#11571 = EDGE_CURVE('',#11572,#11574,#11576,.T.);
#11572 = VERTEX_POINT('',#11573);
#11573 = CARTESIAN_POINT('',(5.08,0.149982440906,1.346209567646));
#11574 = VERTEX_POINT('',#11575);
#11575 = CARTESIAN_POINT('',(5.08,0.125340178289,1.337267649565));
#11576 = B_SPLINE_CURVE_WITH_KNOTS('',3,(#11577,#11578,#11579,#11580),
  .UNSPECIFIED.,.F.,.F.,(4,4),(0.,1.),.PIECEWISE_BEZIER_KNOTS.);
#11577 = CARTESIAN_POINT('',(5.08,0.149982440906,1.346209567646));
#11578 = CARTESIAN_POINT('',(5.08,0.138077212764,1.344545954979));
#11579 = CARTESIAN_POINT('',(5.08,0.129863125225,1.341634632814));
#11580 = CARTESIAN_POINT('',(5.08,0.125340178289,1.337267649565));
#11581 = ORIENTED_EDGE('',*,*,#11582,.F.);
#11582 = EDGE_CURVE('',#11235,#11572,#11583,.T.);
#11583 = LINE('',#11584,#11585);
#11584 = CARTESIAN_POINT('',(5.089999999999,0.149982440906,
    1.346209567646));
#11585 = VECTOR('',#11586,1.);
#11586 = DIRECTION('',(-1.,-3.41480999208E-16,0.));
#11587 = ORIENTED_EDGE('',*,*,#11234,.T.);
#11588 = ORIENTED_EDGE('',*,*,#11589,.T.);
#11589 = EDGE_CURVE('',#11224,#11574,#11590,.T.);
#11590 = LINE('',#11591,#11592);
#11591 = CARTESIAN_POINT('',(5.089999999999,0.125340178289,
    1.337267649565));
#11592 = VECTOR('',#11593,1.);
#11593 = DIRECTION('',(-1.,-3.41480999208E-16,0.));
#11594 = B_SPLINE_SURFACE_WITH_KNOTS('',3,1,(
    (#11595,#11596)
    ,(#11597,#11598)
    ,(#11599,#11600)
    ,(#11601,#11602
    )),.UNSPECIFIED.,.F.,.F.,.F.,(4,4),(2,2),(0.,1.),(0.,1.),
  .PIECEWISE_BEZIER_KNOTS.);
#11595 = CARTESIAN_POINT('',(5.089999999999,0.149982440906,
    1.346209567646));
#11596 = CARTESIAN_POINT('',(5.08,0.149982440906,1.346209567646));
#11597 = CARTESIAN_POINT('',(5.089999999999,0.138077212764,
    1.344545954979));
#11598 = CARTESIAN_POINT('',(5.08,0.138077212764,1.344545954979));
#11599 = CARTESIAN_POINT('',(5.089999999999,0.129863125225,
    1.341634632814));
#11600 = CARTESIAN_POINT('',(5.08,0.129863125225,1.341634632814));
#11601 = CARTESIAN_POINT('',(5.089999999999,0.125340178289,
    1.337267649565));
#11602 = CARTESIAN_POINT('',(5.08,0.125340178289,1.337267649565));
#11603 = ADVANCED_FACE('',(#11604),#11623,.T.);
#11604 = FACE_BOUND('',#11605,.T.);
#11605 = EDGE_LOOP('',(#11606,#11615,#11616,#11617));
#11606 = ORIENTED_EDGE('',*,*,#11607,.F.);
#11607 = EDGE_CURVE('',#11574,#11608,#11610,.T.);
#11608 = VERTEX_POINT('',#11609);
#11609 = CARTESIAN_POINT('',(5.08,0.118581751833,1.318863934446));
#11610 = B_SPLINE_CURVE_WITH_KNOTS('',3,(#11611,#11612,#11613,#11614),
  .UNSPECIFIED.,.F.,.F.,(4,4),(1.,2.),.PIECEWISE_BEZIER_KNOTS.);
#11611 = CARTESIAN_POINT('',(5.08,0.125340178289,1.337267649565));
#11612 = CARTESIAN_POINT('',(5.08,0.120869219249,1.332900666317));
#11613 = CARTESIAN_POINT('',(5.08,0.118581751833,1.326766094611));
#11614 = CARTESIAN_POINT('',(5.08,0.118581751833,1.318863934446));
#11615 = ORIENTED_EDGE('',*,*,#11589,.F.);
#11616 = ORIENTED_EDGE('',*,*,#11223,.T.);
#11617 = ORIENTED_EDGE('',*,*,#11618,.T.);
#11618 = EDGE_CURVE('',#11226,#11608,#11619,.T.);
#11619 = LINE('',#11620,#11621);
#11620 = CARTESIAN_POINT('',(5.089999999999,0.118581751833,
    1.318863934446));
#11621 = VECTOR('',#11622,1.);
#11622 = DIRECTION('',(-1.,-3.41480999208E-16,0.));
#11623 = B_SPLINE_SURFACE_WITH_KNOTS('',3,1,(
    (#11624,#11625)
    ,(#11626,#11627)
    ,(#11628,#11629)
    ,(#11630,#11631
    )),.UNSPECIFIED.,.F.,.F.,.F.,(4,4),(2,2),(1.,2.),(0.,1.),
  .PIECEWISE_BEZIER_KNOTS.);
#11624 = CARTESIAN_POINT('',(5.089999999999,0.125340178289,
    1.337267649565));
#11625 = CARTESIAN_POINT('',(5.08,0.125340178289,1.337267649565));
#11626 = CARTESIAN_POINT('',(5.089999999999,0.120869219249,
    1.332900666317));
#11627 = CARTESIAN_POINT('',(5.08,0.120869219249,1.332900666317));
#11628 = CARTESIAN_POINT('',(5.089999999999,0.118581751833,
    1.326766094611));
#11629 = CARTESIAN_POINT('',(5.08,0.118581751833,1.326766094611));
#11630 = CARTESIAN_POINT('',(5.089999999999,0.118581751833,
    1.318863934446));
#11631 = CARTESIAN_POINT('',(5.08,0.118581751833,1.318863934446));
#11632 = ADVANCED_FACE('',(#11633),#11652,.T.);
#11633 = FACE_BOUND('',#11634,.T.);
#11634 = EDGE_LOOP('',(#11635,#11644,#11645,#11646));
#11635 = ORIENTED_EDGE('',*,*,#11636,.F.);
#11636 = EDGE_CURVE('',#11608,#11637,#11639,.T.);
#11637 = VERTEX_POINT('',#11638);
#11638 = CARTESIAN_POINT('',(5.08,0.125964033039,1.30191588041));
#11639 = B_SPLINE_CURVE_WITH_KNOTS('',3,(#11640,#11641,#11642,#11643),
  .UNSPECIFIED.,.F.,.F.,(4,4),(2.,3.),.PIECEWISE_BEZIER_KNOTS.);
#11640 = CARTESIAN_POINT('',(5.08,0.118581751833,1.318863934446));
#11641 = CARTESIAN_POINT('',(5.08,0.118581751833,1.311897556408));
#11642 = CARTESIAN_POINT('',(5.08,0.121025182937,1.306282863659));
#11643 = CARTESIAN_POINT('',(5.08,0.125964033039,1.30191588041));
#11644 = ORIENTED_EDGE('',*,*,#11618,.F.);
#11645 = ORIENTED_EDGE('',*,*,#11286,.T.);
#11646 = ORIENTED_EDGE('',*,*,#11647,.T.);
#11647 = EDGE_CURVE('',#11278,#11637,#11648,.T.);
#11648 = LINE('',#11649,#11650);
#11649 = CARTESIAN_POINT('',(5.089999999999,0.125964033039,1.30191588041
    ));
#11650 = VECTOR('',#11651,1.);
#11651 = DIRECTION('',(-1.,-3.41480999208E-16,0.));
#11652 = B_SPLINE_SURFACE_WITH_KNOTS('',3,1,(
    (#11653,#11654)
    ,(#11655,#11656)
    ,(#11657,#11658)
    ,(#11659,#11660
    )),.UNSPECIFIED.,.F.,.F.,.F.,(4,4),(2,2),(2.,3.),(0.,1.),
  .PIECEWISE_BEZIER_KNOTS.);
#11653 = CARTESIAN_POINT('',(5.089999999999,0.118581751833,
    1.318863934446));
#11654 = CARTESIAN_POINT('',(5.08,0.118581751833,1.318863934446));
#11655 = CARTESIAN_POINT('',(5.089999999999,0.118581751833,
    1.311897556408));
#11656 = CARTESIAN_POINT('',(5.08,0.118581751833,1.311897556408));
#11657 = CARTESIAN_POINT('',(5.089999999999,0.121025182937,
    1.306282863659));
#11658 = CARTESIAN_POINT('',(5.08,0.121025182937,1.306282863659));
#11659 = CARTESIAN_POINT('',(5.089999999999,0.125964033039,1.30191588041
    ));
#11660 = CARTESIAN_POINT('',(5.08,0.125964033039,1.30191588041));
#11661 = ADVANCED_FACE('',(#11662),#11681,.T.);
#11662 = FACE_BOUND('',#11663,.T.);
#11663 = EDGE_LOOP('',(#11664,#11673,#11674,#11675));
#11664 = ORIENTED_EDGE('',*,*,#11665,.F.);
#11665 = EDGE_CURVE('',#11637,#11666,#11668,.T.);
#11666 = VERTEX_POINT('',#11667);
#11667 = CARTESIAN_POINT('',(5.08,0.145407506074,1.295365405538));
#11668 = B_SPLINE_CURVE_WITH_KNOTS('',3,(#11669,#11670,#11671,#11672),
  .UNSPECIFIED.,.F.,.F.,(4,4),(3.,4.),.PIECEWISE_BEZIER_KNOTS.);
#11669 = CARTESIAN_POINT('',(5.08,0.125964033039,1.30191588041));
#11670 = CARTESIAN_POINT('',(5.08,0.130850895246,1.297548897162));
#11671 = CARTESIAN_POINT('',(5.08,0.137349382222,1.295365405538));
#11672 = CARTESIAN_POINT('',(5.08,0.145407506074,1.295365405538));
#11673 = ORIENTED_EDGE('',*,*,#11647,.F.);
#11674 = ORIENTED_EDGE('',*,*,#11277,.T.);
#11675 = ORIENTED_EDGE('',*,*,#11676,.T.);
#11676 = EDGE_CURVE('',#11269,#11666,#11677,.T.);
#11677 = LINE('',#11678,#11679);
#11678 = CARTESIAN_POINT('',(5.089999999999,0.145407506074,
    1.295365405538));
#11679 = VECTOR('',#11680,1.);
#11680 = DIRECTION('',(-1.,-3.41480999208E-16,0.));
#11681 = B_SPLINE_SURFACE_WITH_KNOTS('',3,1,(
    (#11682,#11683)
    ,(#11684,#11685)
    ,(#11686,#11687)
    ,(#11688,#11689
    )),.UNSPECIFIED.,.F.,.F.,.F.,(4,4),(2,2),(3.,4.),(0.,1.),
  .PIECEWISE_BEZIER_KNOTS.);
#11682 = CARTESIAN_POINT('',(5.089999999999,0.125964033039,1.30191588041
    ));
#11683 = CARTESIAN_POINT('',(5.08,0.125964033039,1.30191588041));
#11684 = CARTESIAN_POINT('',(5.089999999999,0.130850895246,
    1.297548897162));
#11685 = CARTESIAN_POINT('',(5.08,0.130850895246,1.297548897162));
#11686 = CARTESIAN_POINT('',(5.089999999999,0.137349382222,
    1.295365405538));
#11687 = CARTESIAN_POINT('',(5.08,0.137349382222,1.295365405538));
#11688 = CARTESIAN_POINT('',(5.089999999999,0.145407506074,
    1.295365405538));
#11689 = CARTESIAN_POINT('',(5.08,0.145407506074,1.295365405538));
#11690 = ADVANCED_FACE('',(#11691),#11710,.T.);
#11691 = FACE_BOUND('',#11692,.T.);
#11692 = EDGE_LOOP('',(#11693,#11702,#11703,#11704));
#11693 = ORIENTED_EDGE('',*,*,#11694,.F.);
#11694 = EDGE_CURVE('',#11666,#11695,#11697,.T.);
#11695 = VERTEX_POINT('',#11696);
#11696 = CARTESIAN_POINT('',(5.08,0.173065066648,1.307218645784));
#11697 = B_SPLINE_CURVE_WITH_KNOTS('',3,(#11698,#11699,#11700,#11701),
  .UNSPECIFIED.,.F.,.F.,(4,4),(4.,5.),.PIECEWISE_BEZIER_KNOTS.);
#11698 = CARTESIAN_POINT('',(5.08,0.145407506074,1.295365405538));
#11699 = CARTESIAN_POINT('',(5.08,0.156584903674,1.295365405538));
#11700 = CARTESIAN_POINT('',(5.08,0.165838749129,1.299316485619));
#11701 = CARTESIAN_POINT('',(5.08,0.173065066648,1.307218645784));
#11702 = ORIENTED_EDGE('',*,*,#11676,.F.);
#11703 = ORIENTED_EDGE('',*,*,#11268,.T.);
#11704 = ORIENTED_EDGE('',*,*,#11705,.T.);
#11705 = EDGE_CURVE('',#11260,#11695,#11706,.T.);
#11706 = LINE('',#11707,#11708);
#11707 = CARTESIAN_POINT('',(5.089999999999,0.173065066648,
    1.307218645784));
#11708 = VECTOR('',#11709,1.);
#11709 = DIRECTION('',(-1.,-3.41480999208E-16,0.));
#11710 = B_SPLINE_SURFACE_WITH_KNOTS('',3,1,(
    (#11711,#11712)
    ,(#11713,#11714)
    ,(#11715,#11716)
    ,(#11717,#11718
    )),.UNSPECIFIED.,.F.,.F.,.F.,(4,4),(2,2),(4.,5.),(0.,1.),
  .PIECEWISE_BEZIER_KNOTS.);
#11711 = CARTESIAN_POINT('',(5.089999999999,0.145407506074,
    1.295365405538));
#11712 = CARTESIAN_POINT('',(5.08,0.145407506074,1.295365405538));
#11713 = CARTESIAN_POINT('',(5.089999999999,0.156584903674,
    1.295365405538));
#11714 = CARTESIAN_POINT('',(5.08,0.156584903674,1.295365405538));
#11715 = CARTESIAN_POINT('',(5.089999999999,0.165838749129,
    1.299316485619));
#11716 = CARTESIAN_POINT('',(5.08,0.165838749129,1.299316485619));
#11717 = CARTESIAN_POINT('',(5.089999999999,0.173065066648,
    1.307218645784));
#11718 = CARTESIAN_POINT('',(5.08,0.173065066648,1.307218645784));
#11719 = ADVANCED_FACE('',(#11720),#11739,.T.);
#11720 = FACE_BOUND('',#11721,.T.);
#11721 = EDGE_LOOP('',(#11722,#11731,#11732,#11733));
#11722 = ORIENTED_EDGE('',*,*,#11723,.F.);
#11723 = EDGE_CURVE('',#11695,#11724,#11726,.T.);
#11724 = VERTEX_POINT('',#11725);
#11725 = CARTESIAN_POINT('',(5.079999999999,0.183982524769,
    1.336851746399));
#11726 = B_SPLINE_CURVE_WITH_KNOTS('',3,(#11727,#11728,#11729,#11730),
  .UNSPECIFIED.,.F.,.F.,(4,4),(5.,6.),.PIECEWISE_BEZIER_KNOTS.);
#11727 = CARTESIAN_POINT('',(5.08,0.173065066648,1.307218645784));
#11728 = CARTESIAN_POINT('',(5.08,0.180343372062,1.315016830156));
#11729 = CARTESIAN_POINT('',(5.08,0.183982524769,1.324894530361));
#11730 = CARTESIAN_POINT('',(5.079999999999,0.183982524769,
    1.336851746399));
#11731 = ORIENTED_EDGE('',*,*,#11705,.F.);
#11732 = ORIENTED_EDGE('',*,*,#11259,.T.);
#11733 = ORIENTED_EDGE('',*,*,#11734,.T.);
#11734 = EDGE_CURVE('',#11252,#11724,#11735,.T.);
#11735 = LINE('',#11736,#11737);
#11736 = CARTESIAN_POINT('',(5.089999999999,0.183982524769,
    1.336851746399));
#11737 = VECTOR('',#11738,1.);
#11738 = DIRECTION('',(-1.,-3.41480999208E-16,0.));
#11739 = B_SPLINE_SURFACE_WITH_KNOTS('',3,1,(
    (#11740,#11741)
    ,(#11742,#11743)
    ,(#11744,#11745)
    ,(#11746,#11747
    )),.UNSPECIFIED.,.F.,.F.,.F.,(4,4),(2,2),(5.,6.),(0.,1.),
  .PIECEWISE_BEZIER_KNOTS.);
#11740 = CARTESIAN_POINT('',(5.089999999999,0.173065066648,
    1.307218645784));
#11741 = CARTESIAN_POINT('',(5.079999999999,0.173065066648,
    1.307218645784));
#11742 = CARTESIAN_POINT('',(5.089999999999,0.180343372062,
    1.315016830156));
#11743 = CARTESIAN_POINT('',(5.079999999999,0.180343372062,
    1.315016830156));
#11744 = CARTESIAN_POINT('',(5.089999999999,0.183982524769,
    1.324894530361));
#11745 = CARTESIAN_POINT('',(5.079999999999,0.183982524769,
    1.324894530361));
#11746 = CARTESIAN_POINT('',(5.089999999999,0.183982524769,
    1.336851746399));
#11747 = CARTESIAN_POINT('',(5.079999999999,0.183982524769,
    1.336851746399));
#11748 = ADVANCED_FACE('',(#11749),#11767,.T.);
#11749 = FACE_BOUND('',#11750,.T.);
#11750 = EDGE_LOOP('',(#11751,#11759,#11760,#11761));
#11751 = ORIENTED_EDGE('',*,*,#11752,.F.);
#11752 = EDGE_CURVE('',#11724,#11753,#11755,.T.);
#11753 = VERTEX_POINT('',#11754);
#11754 = CARTESIAN_POINT('',(5.079999999999,0.183982524769,
    1.350784502478));
#11755 = LINE('',#11756,#11757);
#11756 = CARTESIAN_POINT('',(5.079999999999,0.183982524769,
    1.336851746399));
#11757 = VECTOR('',#11758,1.);
#11758 = DIRECTION('',(0.,0.,1.));
#11759 = ORIENTED_EDGE('',*,*,#11734,.F.);
#11760 = ORIENTED_EDGE('',*,*,#11251,.T.);
#11761 = ORIENTED_EDGE('',*,*,#11762,.T.);
#11762 = EDGE_CURVE('',#11244,#11753,#11763,.T.);
#11763 = LINE('',#11764,#11765);
#11764 = CARTESIAN_POINT('',(5.089999999999,0.183982524769,
    1.350784502478));
#11765 = VECTOR('',#11766,1.);
#11766 = DIRECTION('',(-1.,-3.41480999208E-16,0.));
#11767 = PLANE('',#11768);
#11768 = AXIS2_PLACEMENT_3D('',#11769,#11770,#11771);
#11769 = CARTESIAN_POINT('',(5.089999999999,0.183982524769,
    1.336851746399));
#11770 = DIRECTION('',(3.41480999208E-16,-1.,0.));
#11771 = DIRECTION('',(1.,3.41480999208E-16,0.));
#11772 = ADVANCED_FACE('',(#11773),#11784,.T.);
#11773 = FACE_BOUND('',#11774,.T.);
#11774 = EDGE_LOOP('',(#11775,#11781,#11782,#11783));
#11775 = ORIENTED_EDGE('',*,*,#11776,.F.);
#11776 = EDGE_CURVE('',#11753,#11572,#11777,.T.);
#11777 = LINE('',#11778,#11779);
#11778 = CARTESIAN_POINT('',(5.079999999999,0.183982524769,
    1.350784502478));
#11779 = VECTOR('',#11780,1.);
#11780 = DIRECTION('',(0.,-0.9910683663,-0.133354764893));
#11781 = ORIENTED_EDGE('',*,*,#11762,.F.);
#11782 = ORIENTED_EDGE('',*,*,#11243,.T.);
#11783 = ORIENTED_EDGE('',*,*,#11582,.T.);
#11784 = PLANE('',#11785);
#11785 = AXIS2_PLACEMENT_3D('',#11786,#11787,#11788);
#11786 = CARTESIAN_POINT('',(5.089999999999,0.183982524769,
    1.350784502478));
#11787 = DIRECTION('',(-4.553811836511E-17,0.133354764893,-0.9910683663)
  );
#11788 = DIRECTION('',(0.,0.9910683663,0.133354764893));
#11789 = ADVANCED_FACE('',(#11790),#11800,.F.);
#11790 = FACE_BOUND('',#11791,.T.);
#11791 = EDGE_LOOP('',(#11792,#11793,#11794,#11795,#11796,#11797,#11798,
    #11799));
#11792 = ORIENTED_EDGE('',*,*,#11776,.T.);
#11793 = ORIENTED_EDGE('',*,*,#11571,.T.);
#11794 = ORIENTED_EDGE('',*,*,#11607,.T.);
#11795 = ORIENTED_EDGE('',*,*,#11636,.T.);
#11796 = ORIENTED_EDGE('',*,*,#11665,.T.);
#11797 = ORIENTED_EDGE('',*,*,#11694,.T.);
#11798 = ORIENTED_EDGE('',*,*,#11723,.T.);
#11799 = ORIENTED_EDGE('',*,*,#11752,.T.);
#11800 = PLANE('',#11801);
#11801 = AXIS2_PLACEMENT_3D('',#11802,#11803,#11804);
#11802 = CARTESIAN_POINT('',(5.079999999999,2.54,2.54));
#11803 = DIRECTION('',(-1.,-3.41480999208E-16,0.));
#11804 = DIRECTION('',(3.41480999208E-16,-1.,0.));
#11805 = ADVANCED_FACE('',(#11806),#11832,.F.);
#11806 = FACE_BOUND('',#11807,.F.);
#11807 = EDGE_LOOP('',(#11808,#11816,#11825,#11831));
#11808 = ORIENTED_EDGE('',*,*,#11809,.F.);
#11809 = EDGE_CURVE('',#11810,#846,#11812,.T.);
#11810 = VERTEX_POINT('',#11811);
#11811 = CARTESIAN_POINT('',(5.089999999999,0.285878800569,
    1.295261429746));
#11812 = LINE('',#11813,#11814);
#11813 = CARTESIAN_POINT('',(5.089999999999,0.285878800569,
    1.295261429746));
#11814 = VECTOR('',#11815,1.);
#11815 = DIRECTION('',(-1.,-3.41480999208E-16,0.));
#11816 = ORIENTED_EDGE('',*,*,#11817,.T.);
#11817 = EDGE_CURVE('',#11810,#11818,#11820,.T.);
#11818 = VERTEX_POINT('',#11819);
#11819 = CARTESIAN_POINT('',(5.089999999999,0.243976556541,
    1.309298161616));
#11820 = B_SPLINE_CURVE_WITH_KNOTS('',3,(#11821,#11822,#11823,#11824),
  .UNSPECIFIED.,.F.,.F.,(4,4),(0.,1.),.PIECEWISE_BEZIER_KNOTS.);
#11821 = CARTESIAN_POINT('',(5.089999999999,0.285878800569,
    1.295261429746));
#11822 = CARTESIAN_POINT('',(5.089999999999,0.270906286573,
    1.295261429746));
#11823 = CARTESIAN_POINT('',(5.089999999999,0.256973530495,1.29994034037
    ));
#11824 = CARTESIAN_POINT('',(5.089999999999,0.243976556541,
    1.309298161616));
#11825 = ORIENTED_EDGE('',*,*,#11826,.T.);
#11826 = EDGE_CURVE('',#11818,#848,#11827,.T.);
#11827 = LINE('',#11828,#11829);
#11828 = CARTESIAN_POINT('',(5.089999999999,0.243976556541,
    1.309298161616));
#11829 = VECTOR('',#11830,1.);
#11830 = DIRECTION('',(-1.,-3.41480999208E-16,0.));
#11831 = ORIENTED_EDGE('',*,*,#845,.F.);
#11832 = B_SPLINE_SURFACE_WITH_KNOTS('',3,1,(
    (#11833,#11834)
    ,(#11835,#11836)
    ,(#11837,#11838)
    ,(#11839,#11840
    )),.UNSPECIFIED.,.F.,.F.,.F.,(4,4),(2,2),(0.,1.),(0.,1.),
  .PIECEWISE_BEZIER_KNOTS.);
#11833 = CARTESIAN_POINT('',(5.089999999999,0.285878800569,
    1.295261429746));
#11834 = CARTESIAN_POINT('',(5.08,0.285878800569,1.295261429746));
#11835 = CARTESIAN_POINT('',(5.089999999999,0.270906286573,
    1.295261429746));
#11836 = CARTESIAN_POINT('',(5.08,0.270906286573,1.295261429746));
#11837 = CARTESIAN_POINT('',(5.089999999999,0.256973530495,1.29994034037
    ));
#11838 = CARTESIAN_POINT('',(5.08,0.256973530495,1.29994034037));
#11839 = CARTESIAN_POINT('',(5.089999999999,0.243976556541,
    1.309298161616));
#11840 = CARTESIAN_POINT('',(5.08,0.243976556541,1.309298161616));
#11841 = ADVANCED_FACE('',(#11842),#11860,.F.);
#11842 = FACE_BOUND('',#11843,.T.);
#11843 = EDGE_LOOP('',(#11844,#11845,#11853,#11859));
#11844 = ORIENTED_EDGE('',*,*,#1026,.T.);
#11845 = ORIENTED_EDGE('',*,*,#11846,.F.);
#11846 = EDGE_CURVE('',#11847,#1018,#11849,.T.);
#11847 = VERTEX_POINT('',#11848);
#11848 = CARTESIAN_POINT('',(5.089999999999,0.243976556541,
    1.282992286334));
#11849 = LINE('',#11850,#11851);
#11850 = CARTESIAN_POINT('',(5.089999999999,0.243976556541,
    1.282992286334));
#11851 = VECTOR('',#11852,1.);
#11852 = DIRECTION('',(-1.,-3.41480999208E-16,0.));
#11853 = ORIENTED_EDGE('',*,*,#11854,.F.);
#11854 = EDGE_CURVE('',#11818,#11847,#11855,.T.);
#11855 = LINE('',#11856,#11857);
#11856 = CARTESIAN_POINT('',(5.089999999999,0.243976556541,
    1.282992286334));
#11857 = VECTOR('',#11858,1.);
#11858 = DIRECTION('',(0.,0.,-1.));
#11859 = ORIENTED_EDGE('',*,*,#11826,.T.);
#11860 = PLANE('',#11861);
#11861 = AXIS2_PLACEMENT_3D('',#11862,#11863,#11864);
#11862 = CARTESIAN_POINT('',(5.089999999999,0.243976556541,
    1.282992286334));
#11863 = DIRECTION('',(-3.41480999208E-16,1.,0.));
#11864 = DIRECTION('',(-1.,-3.41480999208E-16,0.));
#11865 = ADVANCED_FACE('',(#11866),#11885,.F.);
#11866 = FACE_BOUND('',#11867,.F.);
#11867 = EDGE_LOOP('',(#11868,#11869,#11878,#11884));
#11868 = ORIENTED_EDGE('',*,*,#11846,.F.);
#11869 = ORIENTED_EDGE('',*,*,#11870,.T.);
#11870 = EDGE_CURVE('',#11847,#11871,#11873,.T.);
#11871 = VERTEX_POINT('',#11872);
#11872 = CARTESIAN_POINT('',(5.089999999999,0.28338338157,1.27446627142)
  );
#11873 = B_SPLINE_CURVE_WITH_KNOTS('',3,(#11874,#11875,#11876,#11877),
  .UNSPECIFIED.,.F.,.F.,(4,4),(19.,20.),.PIECEWISE_BEZIER_KNOTS.);
#11874 = CARTESIAN_POINT('',(5.089999999999,0.243976556541,
    1.282992286334));
#11875 = CARTESIAN_POINT('',(5.089999999999,0.255205942037,
    1.277377593585));
#11876 = CARTESIAN_POINT('',(5.089999999999,0.268306891783,1.27446627142
    ));
#11877 = CARTESIAN_POINT('',(5.089999999999,0.28338338157,1.27446627142)
  );
#11878 = ORIENTED_EDGE('',*,*,#11879,.T.);
#11879 = EDGE_CURVE('',#11871,#1009,#11880,.T.);
#11880 = LINE('',#11881,#11882);
#11881 = CARTESIAN_POINT('',(5.089999999999,0.28338338157,1.27446627142)
  );
#11882 = VECTOR('',#11883,1.);
#11883 = DIRECTION('',(-1.,-3.41480999208E-16,0.));
#11884 = ORIENTED_EDGE('',*,*,#1017,.F.);
#11885 = B_SPLINE_SURFACE_WITH_KNOTS('',3,1,(
    (#11886,#11887)
    ,(#11888,#11889)
    ,(#11890,#11891)
    ,(#11892,#11893
    )),.UNSPECIFIED.,.F.,.F.,.F.,(4,4),(2,2),(19.,20.),(0.,1.),
  .PIECEWISE_BEZIER_KNOTS.);
#11886 = CARTESIAN_POINT('',(5.089999999999,0.243976556541,
    1.282992286334));
#11887 = CARTESIAN_POINT('',(5.08,0.243976556541,1.282992286334));
#11888 = CARTESIAN_POINT('',(5.089999999999,0.255205942037,
    1.277377593585));
#11889 = CARTESIAN_POINT('',(5.08,0.255205942037,1.277377593585));
#11890 = CARTESIAN_POINT('',(5.089999999999,0.268306891783,1.27446627142
    ));
#11891 = CARTESIAN_POINT('',(5.08,0.268306891783,1.27446627142));
#11892 = CARTESIAN_POINT('',(5.089999999999,0.28338338157,1.27446627142)
  );
#11893 = CARTESIAN_POINT('',(5.08,0.28338338157,1.27446627142));
#11894 = ADVANCED_FACE('',(#11895),#11914,.F.);
#11895 = FACE_BOUND('',#11896,.F.);
#11896 = EDGE_LOOP('',(#11897,#11898,#11907,#11913));
#11897 = ORIENTED_EDGE('',*,*,#11879,.F.);
#11898 = ORIENTED_EDGE('',*,*,#11899,.T.);
#11899 = EDGE_CURVE('',#11871,#11900,#11902,.T.);
#11900 = VERTEX_POINT('',#11901);
#11901 = CARTESIAN_POINT('',(5.089999999999,0.325701528763,1.28600758429
    ));
#11902 = B_SPLINE_CURVE_WITH_KNOTS('',3,(#11903,#11904,#11905,#11906),
  .UNSPECIFIED.,.F.,.F.,(4,4),(18.,19.),.PIECEWISE_BEZIER_KNOTS.);
#11903 = CARTESIAN_POINT('',(5.089999999999,0.28338338157,1.27446627142)
  );
#11904 = CARTESIAN_POINT('',(5.089999999999,0.300695350876,1.27446627142
    ));
#11905 = CARTESIAN_POINT('',(5.089999999999,0.314836058538,1.27831337571
    ));
#11906 = CARTESIAN_POINT('',(5.089999999999,0.325701528763,1.28600758429
    ));
#11907 = ORIENTED_EDGE('',*,*,#11908,.T.);
#11908 = EDGE_CURVE('',#11900,#1000,#11909,.T.);
#11909 = LINE('',#11910,#11911);
#11910 = CARTESIAN_POINT('',(5.089999999999,0.325701528763,1.28600758429
    ));
#11911 = VECTOR('',#11912,1.);
#11912 = DIRECTION('',(-1.,-3.41480999208E-16,0.));
#11913 = ORIENTED_EDGE('',*,*,#1008,.F.);
#11914 = B_SPLINE_SURFACE_WITH_KNOTS('',3,1,(
    (#11915,#11916)
    ,(#11917,#11918)
    ,(#11919,#11920)
    ,(#11921,#11922
    )),.UNSPECIFIED.,.F.,.F.,.F.,(4,4),(2,2),(18.,19.),(0.,1.),
  .PIECEWISE_BEZIER_KNOTS.);
#11915 = CARTESIAN_POINT('',(5.089999999999,0.28338338157,1.27446627142)
  );
#11916 = CARTESIAN_POINT('',(5.08,0.28338338157,1.27446627142));
#11917 = CARTESIAN_POINT('',(5.089999999999,0.300695350876,1.27446627142
    ));
#11918 = CARTESIAN_POINT('',(5.08,0.300695350876,1.27446627142));
#11919 = CARTESIAN_POINT('',(5.089999999999,0.314836058538,1.27831337571
    ));
#11920 = CARTESIAN_POINT('',(5.08,0.314836058538,1.27831337571));
#11921 = CARTESIAN_POINT('',(5.089999999999,0.325701528763,1.28600758429
    ));
#11922 = CARTESIAN_POINT('',(5.08,0.325701528763,1.28600758429));
#11923 = ADVANCED_FACE('',(#11924),#11943,.F.);
#11924 = FACE_BOUND('',#11925,.F.);
#11925 = EDGE_LOOP('',(#11926,#11927,#11936,#11942));
#11926 = ORIENTED_EDGE('',*,*,#11908,.F.);
#11927 = ORIENTED_EDGE('',*,*,#11928,.T.);
#11928 = EDGE_CURVE('',#11900,#11929,#11931,.T.);
#11929 = VERTEX_POINT('',#11930);
#11930 = CARTESIAN_POINT('',(5.089999999999,0.342077715945,
    1.317408273363));
#11931 = B_SPLINE_CURVE_WITH_KNOTS('',3,(#11932,#11933,#11934,#11935),
  .UNSPECIFIED.,.F.,.F.,(4,4),(17.,18.),.PIECEWISE_BEZIER_KNOTS.);
#11932 = CARTESIAN_POINT('',(5.089999999999,0.325701528763,1.28600758429
    ));
#11933 = CARTESIAN_POINT('',(5.089999999999,0.336618986885,
    1.293597817081));
#11934 = CARTESIAN_POINT('',(5.089999999999,0.342077715945,
    1.304099372034));
#11935 = CARTESIAN_POINT('',(5.089999999999,0.342077715945,
    1.317408273363));
#11936 = ORIENTED_EDGE('',*,*,#11937,.T.);
#11937 = EDGE_CURVE('',#11929,#991,#11938,.T.);
#11938 = LINE('',#11939,#11940);
#11939 = CARTESIAN_POINT('',(5.089999999999,0.342077715945,
    1.317408273363));
#11940 = VECTOR('',#11941,1.);
#11941 = DIRECTION('',(-1.,-3.41480999208E-16,0.));
#11942 = ORIENTED_EDGE('',*,*,#999,.F.);
#11943 = B_SPLINE_SURFACE_WITH_KNOTS('',3,1,(
    (#11944,#11945)
    ,(#11946,#11947)
    ,(#11948,#11949)
    ,(#11950,#11951
    )),.UNSPECIFIED.,.F.,.F.,.F.,(4,4),(2,2),(17.,18.),(0.,1.),
  .PIECEWISE_BEZIER_KNOTS.);
#11944 = CARTESIAN_POINT('',(5.089999999999,0.325701528763,1.28600758429
    ));
#11945 = CARTESIAN_POINT('',(5.08,0.325701528763,1.28600758429));
#11946 = CARTESIAN_POINT('',(5.089999999999,0.336618986885,
    1.293597817081));
#11947 = CARTESIAN_POINT('',(5.08,0.336618986885,1.293597817081));
#11948 = CARTESIAN_POINT('',(5.089999999999,0.342077715945,
    1.304099372034));
#11949 = CARTESIAN_POINT('',(5.08,0.342077715945,1.304099372034));
#11950 = CARTESIAN_POINT('',(5.089999999999,0.342077715945,
    1.317408273363));
#11951 = CARTESIAN_POINT('',(5.08,0.342077715945,1.317408273363));
#11952 = ADVANCED_FACE('',(#11953),#11972,.F.);
#11953 = FACE_BOUND('',#11954,.F.);
#11954 = EDGE_LOOP('',(#11955,#11956,#11965,#11971));
#11955 = ORIENTED_EDGE('',*,*,#11937,.F.);
#11956 = ORIENTED_EDGE('',*,*,#11957,.T.);
#11957 = EDGE_CURVE('',#11929,#11958,#11960,.T.);
#11958 = VERTEX_POINT('',#11959);
#11959 = CARTESIAN_POINT('',(5.089999999999,0.333551701032,
    1.341426681231));
#11960 = B_SPLINE_CURVE_WITH_KNOTS('',3,(#11961,#11962,#11963,#11964),
  .UNSPECIFIED.,.F.,.F.,(4,4),(16.,17.),.PIECEWISE_BEZIER_KNOTS.);
#11961 = CARTESIAN_POINT('',(5.089999999999,0.342077715945,
    1.317408273363));
#11962 = CARTESIAN_POINT('',(5.089999999999,0.342077715945,
    1.326974046194));
#11963 = CARTESIAN_POINT('',(5.089999999999,0.339218381675,1.33498018215
    ));
#11964 = CARTESIAN_POINT('',(5.089999999999,0.333551701032,
    1.341426681231));
#11965 = ORIENTED_EDGE('',*,*,#11966,.T.);
#11966 = EDGE_CURVE('',#11958,#982,#11967,.T.);
#11967 = LINE('',#11968,#11969);
#11968 = CARTESIAN_POINT('',(5.089999999999,0.333551701032,
    1.341426681231));
#11969 = VECTOR('',#11970,1.);
#11970 = DIRECTION('',(-1.,-3.41480999208E-16,0.));
#11971 = ORIENTED_EDGE('',*,*,#990,.F.);
#11972 = B_SPLINE_SURFACE_WITH_KNOTS('',3,1,(
    (#11973,#11974)
    ,(#11975,#11976)
    ,(#11977,#11978)
    ,(#11979,#11980
    )),.UNSPECIFIED.,.F.,.F.,.F.,(4,4),(2,2),(16.,17.),(0.,1.),
  .PIECEWISE_BEZIER_KNOTS.);
#11973 = CARTESIAN_POINT('',(5.089999999999,0.342077715945,
    1.317408273363));
#11974 = CARTESIAN_POINT('',(5.08,0.342077715945,1.317408273363));
#11975 = CARTESIAN_POINT('',(5.089999999999,0.342077715945,
    1.326974046194));
#11976 = CARTESIAN_POINT('',(5.08,0.342077715945,1.326974046194));
#11977 = CARTESIAN_POINT('',(5.089999999999,0.339218381675,1.33498018215
    ));
#11978 = CARTESIAN_POINT('',(5.08,0.339218381675,1.33498018215));
#11979 = CARTESIAN_POINT('',(5.089999999999,0.333551701032,
    1.341426681231));
#11980 = CARTESIAN_POINT('',(5.08,0.333551701032,1.341426681231));
#11981 = ADVANCED_FACE('',(#11982),#12001,.F.);
#11982 = FACE_BOUND('',#11983,.F.);
#11983 = EDGE_LOOP('',(#11984,#11985,#11994,#12000));
#11984 = ORIENTED_EDGE('',*,*,#11966,.F.);
#11985 = ORIENTED_EDGE('',*,*,#11986,.T.);
#11986 = EDGE_CURVE('',#11958,#11987,#11989,.T.);
#11987 = VERTEX_POINT('',#11988);
#11988 = CARTESIAN_POINT('',(5.089999999999,0.300695350876,
    1.360246299515));
#11989 = B_SPLINE_CURVE_WITH_KNOTS('',3,(#11990,#11991,#11992,#11993),
  .UNSPECIFIED.,.F.,.F.,(4,4),(15.,16.),.PIECEWISE_BEZIER_KNOTS.);
#11990 = CARTESIAN_POINT('',(5.089999999999,0.333551701032,
    1.341426681231));
#11991 = CARTESIAN_POINT('',(5.089999999999,0.327833032492,
    1.347873180311));
#11992 = CARTESIAN_POINT('',(5.089999999999,0.316915574371,
    1.354215703601));
#11993 = CARTESIAN_POINT('',(5.089999999999,0.300695350876,
    1.360246299515));
#11994 = ORIENTED_EDGE('',*,*,#11995,.T.);
#11995 = EDGE_CURVE('',#11987,#973,#11996,.T.);
#11996 = LINE('',#11997,#11998);
#11997 = CARTESIAN_POINT('',(5.089999999999,0.300695350876,
    1.360246299515));
#11998 = VECTOR('',#11999,1.);
#11999 = DIRECTION('',(-1.,-3.41480999208E-16,0.));
#12000 = ORIENTED_EDGE('',*,*,#981,.F.);
#12001 = B_SPLINE_SURFACE_WITH_KNOTS('',3,1,(
    (#12002,#12003)
    ,(#12004,#12005)
    ,(#12006,#12007)
    ,(#12008,#12009
    )),.UNSPECIFIED.,.F.,.F.,.F.,(4,4),(2,2),(15.,16.),(0.,1.),
  .PIECEWISE_BEZIER_KNOTS.);
#12002 = CARTESIAN_POINT('',(5.089999999999,0.333551701032,
    1.341426681231));
#12003 = CARTESIAN_POINT('',(5.08,0.333551701032,1.341426681231));
#12004 = CARTESIAN_POINT('',(5.089999999999,0.327833032492,
    1.347873180311));
#12005 = CARTESIAN_POINT('',(5.08,0.327833032492,1.347873180311));
#12006 = CARTESIAN_POINT('',(5.089999999999,0.316915574371,
    1.354215703601));
#12007 = CARTESIAN_POINT('',(5.08,0.316915574371,1.354215703601));
#12008 = CARTESIAN_POINT('',(5.089999999999,0.300695350876,
    1.360246299515));
#12009 = CARTESIAN_POINT('',(5.08,0.300695350876,1.360246299515));
#12010 = ADVANCED_FACE('',(#12011),#12030,.F.);
#12011 = FACE_BOUND('',#12012,.F.);
#12012 = EDGE_LOOP('',(#12013,#12014,#12023,#12029));
#12013 = ORIENTED_EDGE('',*,*,#11995,.F.);
#12014 = ORIENTED_EDGE('',*,*,#12015,.T.);
#12015 = EDGE_CURVE('',#11987,#12016,#12018,.T.);
#12016 = VERTEX_POINT('',#12017);
#12017 = CARTESIAN_POINT('',(5.089999999999,0.275949112467,
    1.372723394512));
#12018 = B_SPLINE_CURVE_WITH_KNOTS('',3,(#12019,#12020,#12021,#12022),
  .UNSPECIFIED.,.F.,.F.,(4,4),(14.,15.),.PIECEWISE_BEZIER_KNOTS.);
#12019 = CARTESIAN_POINT('',(5.089999999999,0.300695350876,
    1.360246299515));
#12020 = CARTESIAN_POINT('',(5.089999999999,0.287906328505,
    1.365237137514));
#12021 = CARTESIAN_POINT('',(5.089999999999,0.279692240967,1.36939616918
    ));
#12022 = CARTESIAN_POINT('',(5.089999999999,0.275949112467,
    1.372723394512));
#12023 = ORIENTED_EDGE('',*,*,#12024,.T.);
#12024 = EDGE_CURVE('',#12016,#964,#12025,.T.);
#12025 = LINE('',#12026,#12027);
#12026 = CARTESIAN_POINT('',(5.089999999999,0.275949112467,
    1.372723394512));
#12027 = VECTOR('',#12028,1.);
#12028 = DIRECTION('',(-1.,-3.41480999208E-16,0.));
#12029 = ORIENTED_EDGE('',*,*,#972,.F.);
#12030 = B_SPLINE_SURFACE_WITH_KNOTS('',3,1,(
    (#12031,#12032)
    ,(#12033,#12034)
    ,(#12035,#12036)
    ,(#12037,#12038
    )),.UNSPECIFIED.,.F.,.F.,.F.,(4,4),(2,2),(14.,15.),(0.,1.),
  .PIECEWISE_BEZIER_KNOTS.);
#12031 = CARTESIAN_POINT('',(5.089999999999,0.300695350876,
    1.360246299515));
#12032 = CARTESIAN_POINT('',(5.08,0.300695350876,1.360246299515));
#12033 = CARTESIAN_POINT('',(5.089999999999,0.287906328505,
    1.365237137514));
#12034 = CARTESIAN_POINT('',(5.08,0.287906328505,1.365237137514));
#12035 = CARTESIAN_POINT('',(5.089999999999,0.279692240967,1.36939616918
    ));
#12036 = CARTESIAN_POINT('',(5.08,0.279692240967,1.36939616918));
#12037 = CARTESIAN_POINT('',(5.089999999999,0.275949112467,
    1.372723394512));
#12038 = CARTESIAN_POINT('',(5.08,0.275949112467,1.372723394512));
#12039 = ADVANCED_FACE('',(#12040),#12059,.F.);
#12040 = FACE_BOUND('',#12041,.F.);
#12041 = EDGE_LOOP('',(#12042,#12043,#12052,#12058));
#12042 = ORIENTED_EDGE('',*,*,#12024,.F.);
#12043 = ORIENTED_EDGE('',*,*,#12044,.T.);
#12044 = EDGE_CURVE('',#12016,#12045,#12047,.T.);
#12045 = VERTEX_POINT('',#12046);
#12046 = CARTESIAN_POINT('',(5.089999999999,0.270386407615,
    1.386240247424));
#12047 = B_SPLINE_CURVE_WITH_KNOTS('',3,(#12048,#12049,#12050,#12051),
  .UNSPECIFIED.,.F.,.F.,(4,4),(13.,14.),.PIECEWISE_BEZIER_KNOTS.);
#12048 = CARTESIAN_POINT('',(5.089999999999,0.275949112467,
    1.372723394512));
#12049 = CARTESIAN_POINT('',(5.089999999999,0.272257971865,
    1.375946644052));
#12050 = CARTESIAN_POINT('',(5.089999999999,0.270386407615,
    1.380417603092));
#12051 = CARTESIAN_POINT('',(5.089999999999,0.270386407615,
    1.386240247424));
#12052 = ORIENTED_EDGE('',*,*,#12053,.T.);
#12053 = EDGE_CURVE('',#12045,#955,#12054,.T.);
#12054 = LINE('',#12055,#12056);
#12055 = CARTESIAN_POINT('',(5.089999999999,0.270386407615,
    1.386240247424));
#12056 = VECTOR('',#12057,1.);
#12057 = DIRECTION('',(-1.,-3.41480999208E-16,0.));
#12058 = ORIENTED_EDGE('',*,*,#963,.F.);
#12059 = B_SPLINE_SURFACE_WITH_KNOTS('',3,1,(
    (#12060,#12061)
    ,(#12062,#12063)
    ,(#12064,#12065)
    ,(#12066,#12067
    )),.UNSPECIFIED.,.F.,.F.,.F.,(4,4),(2,2),(13.,14.),(0.,1.),
  .PIECEWISE_BEZIER_KNOTS.);
#12060 = CARTESIAN_POINT('',(5.089999999999,0.275949112467,
    1.372723394512));
#12061 = CARTESIAN_POINT('',(5.08,0.275949112467,1.372723394512));
#12062 = CARTESIAN_POINT('',(5.089999999999,0.272257971865,
    1.375946644052));
#12063 = CARTESIAN_POINT('',(5.08,0.272257971865,1.375946644052));
#12064 = CARTESIAN_POINT('',(5.089999999999,0.270386407615,
    1.380417603092));
#12065 = CARTESIAN_POINT('',(5.08,0.270386407615,1.380417603092));
#12066 = CARTESIAN_POINT('',(5.089999999999,0.270386407615,
    1.386240247424));
#12067 = CARTESIAN_POINT('',(5.08,0.270386407615,1.386240247424));
#12068 = ADVANCED_FACE('',(#12069),#12088,.F.);
#12069 = FACE_BOUND('',#12070,.F.);
#12070 = EDGE_LOOP('',(#12071,#12072,#12081,#12087));
#12071 = ORIENTED_EDGE('',*,*,#12053,.F.);
#12072 = ORIENTED_EDGE('',*,*,#12073,.T.);
#12073 = EDGE_CURVE('',#12045,#12074,#12076,.T.);
#12074 = VERTEX_POINT('',#12075);
#12075 = CARTESIAN_POINT('',(5.089999999999,0.278132604092,
    1.400380955085));
#12076 = B_SPLINE_CURVE_WITH_KNOTS('',3,(#12077,#12078,#12079,#12080),
  .UNSPECIFIED.,.F.,.F.,(4,4),(12.,13.),.PIECEWISE_BEZIER_KNOTS.);
#12077 = CARTESIAN_POINT('',(5.089999999999,0.270386407615,
    1.386240247424));
#12078 = CARTESIAN_POINT('',(5.089999999999,0.270386407615,
    1.392062891754));
#12079 = CARTESIAN_POINT('',(5.089999999999,0.272985802407,1.39684577817
    ));
#12080 = CARTESIAN_POINT('',(5.089999999999,0.278132604092,
    1.400380955085));
#12081 = ORIENTED_EDGE('',*,*,#12082,.T.);
#12082 = EDGE_CURVE('',#12074,#946,#12083,.T.);
#12083 = LINE('',#12084,#12085);
#12084 = CARTESIAN_POINT('',(5.089999999999,0.278132604092,
    1.400380955085));
#12085 = VECTOR('',#12086,1.);
#12086 = DIRECTION('',(-1.,-3.41480999208E-16,0.));
#12087 = ORIENTED_EDGE('',*,*,#954,.F.);
#12088 = B_SPLINE_SURFACE_WITH_KNOTS('',3,1,(
    (#12089,#12090)
    ,(#12091,#12092)
    ,(#12093,#12094)
    ,(#12095,#12096
    )),.UNSPECIFIED.,.F.,.F.,.F.,(4,4),(2,2),(12.,13.),(0.,1.),
  .PIECEWISE_BEZIER_KNOTS.);
#12089 = CARTESIAN_POINT('',(5.089999999999,0.270386407615,
    1.386240247424));
#12090 = CARTESIAN_POINT('',(5.08,0.270386407615,1.386240247424));
#12091 = CARTESIAN_POINT('',(5.089999999999,0.270386407615,
    1.392062891754));
#12092 = CARTESIAN_POINT('',(5.08,0.270386407615,1.392062891754));
#12093 = CARTESIAN_POINT('',(5.089999999999,0.272985802407,1.39684577817
    ));
#12094 = CARTESIAN_POINT('',(5.08,0.272985802407,1.39684577817));
#12095 = CARTESIAN_POINT('',(5.089999999999,0.278132604092,
    1.400380955085));
#12096 = CARTESIAN_POINT('',(5.08,0.278132604092,1.400380955085));
#12097 = ADVANCED_FACE('',(#12098),#12117,.F.);
#12098 = FACE_BOUND('',#12099,.F.);
#12099 = EDGE_LOOP('',(#12100,#12101,#12110,#12116));
#12100 = ORIENTED_EDGE('',*,*,#12082,.F.);
#12101 = ORIENTED_EDGE('',*,*,#12102,.T.);
#12102 = EDGE_CURVE('',#12074,#12103,#12105,.T.);
#12103 = VERTEX_POINT('',#12104);
#12104 = CARTESIAN_POINT('',(5.089999999999,0.298199931877,
    1.405787696251));
#12105 = B_SPLINE_CURVE_WITH_KNOTS('',3,(#12106,#12107,#12108,#12109),
  .UNSPECIFIED.,.F.,.F.,(4,4),(11.,12.),.PIECEWISE_BEZIER_KNOTS.);
#12106 = CARTESIAN_POINT('',(5.089999999999,0.278132604092,
    1.400380955085));
#12107 = CARTESIAN_POINT('',(5.089999999999,0.283279405777,
    1.404020107792));
#12108 = CARTESIAN_POINT('',(5.089999999999,0.289985844338,
    1.405787696251));
#12109 = CARTESIAN_POINT('',(5.089999999999,0.298199931877,
    1.405787696251));
#12110 = ORIENTED_EDGE('',*,*,#12111,.T.);
#12111 = EDGE_CURVE('',#12103,#937,#12112,.T.);
#12112 = LINE('',#12113,#12114);
#12113 = CARTESIAN_POINT('',(5.089999999999,0.298199931877,
    1.405787696251));
#12114 = VECTOR('',#12115,1.);
#12115 = DIRECTION('',(-1.,-3.41480999208E-16,0.));
#12116 = ORIENTED_EDGE('',*,*,#945,.F.);
#12117 = B_SPLINE_SURFACE_WITH_KNOTS('',3,1,(
    (#12118,#12119)
    ,(#12120,#12121)
    ,(#12122,#12123)
    ,(#12124,#12125
    )),.UNSPECIFIED.,.F.,.F.,.F.,(4,4),(2,2),(11.,12.),(0.,1.),
  .PIECEWISE_BEZIER_KNOTS.);
#12118 = CARTESIAN_POINT('',(5.089999999999,0.278132604092,
    1.400380955085));
#12119 = CARTESIAN_POINT('',(5.08,0.278132604092,1.400380955085));
#12120 = CARTESIAN_POINT('',(5.089999999999,0.283279405777,
    1.404020107792));
#12121 = CARTESIAN_POINT('',(5.08,0.283279405777,1.404020107792));
#12122 = CARTESIAN_POINT('',(5.089999999999,0.289985844338,
    1.405787696251));
#12123 = CARTESIAN_POINT('',(5.08,0.289985844338,1.405787696251));
#12124 = CARTESIAN_POINT('',(5.089999999999,0.298199931877,
    1.405787696251));
#12125 = CARTESIAN_POINT('',(5.08,0.298199931877,1.405787696251));
#12126 = ADVANCED_FACE('',(#12127),#12146,.F.);
#12127 = FACE_BOUND('',#12128,.F.);
#12128 = EDGE_LOOP('',(#12129,#12130,#12139,#12145));
#12129 = ORIENTED_EDGE('',*,*,#12111,.F.);
#12130 = ORIENTED_EDGE('',*,*,#12131,.T.);
#12131 = EDGE_CURVE('',#12103,#12132,#12134,.T.);
#12132 = VERTEX_POINT('',#12133);
#12133 = CARTESIAN_POINT('',(5.089999999999,0.335111337906,
    1.395286141295));
#12134 = B_SPLINE_CURVE_WITH_KNOTS('',3,(#12135,#12136,#12137,#12138),
  .UNSPECIFIED.,.F.,.F.,(4,4),(10.,11.),.PIECEWISE_BEZIER_KNOTS.);
#12135 = CARTESIAN_POINT('',(5.089999999999,0.298199931877,
    1.405787696251));
#12136 = CARTESIAN_POINT('',(5.089999999999,0.311976724268,
    1.405787696251));
#12137 = CARTESIAN_POINT('',(5.089999999999,0.324245867681,
    1.402252519335));
#12138 = CARTESIAN_POINT('',(5.089999999999,0.335111337906,
    1.395286141295));
#12139 = ORIENTED_EDGE('',*,*,#12140,.T.);
#12140 = EDGE_CURVE('',#12132,#929,#12141,.T.);
#12141 = LINE('',#12142,#12143);
#12142 = CARTESIAN_POINT('',(5.089999999999,0.335111337906,
    1.395286141295));
#12143 = VECTOR('',#12144,1.);
#12144 = DIRECTION('',(-1.,-3.41480999208E-16,0.));
#12145 = ORIENTED_EDGE('',*,*,#936,.F.);
#12146 = B_SPLINE_SURFACE_WITH_KNOTS('',3,1,(
    (#12147,#12148)
    ,(#12149,#12150)
    ,(#12151,#12152)
    ,(#12153,#12154
    )),.UNSPECIFIED.,.F.,.F.,.F.,(4,4),(2,2),(10.,11.),(0.,1.),
  .PIECEWISE_BEZIER_KNOTS.);
#12147 = CARTESIAN_POINT('',(5.089999999999,0.298199931877,
    1.405787696251));
#12148 = CARTESIAN_POINT('',(5.08,0.298199931877,1.405787696251));
#12149 = CARTESIAN_POINT('',(5.089999999999,0.311976724268,
    1.405787696251));
#12150 = CARTESIAN_POINT('',(5.08,0.311976724268,1.405787696251));
#12151 = CARTESIAN_POINT('',(5.089999999999,0.324245867681,
    1.402252519335));
#12152 = CARTESIAN_POINT('',(5.08,0.324245867681,1.402252519335));
#12153 = CARTESIAN_POINT('',(5.089999999999,0.335111337906,
    1.395286141295));
#12154 = CARTESIAN_POINT('',(5.08,0.335111337906,1.395286141295));
#12155 = ADVANCED_FACE('',(#12156),#12174,.F.);
#12156 = FACE_BOUND('',#12157,.T.);
#12157 = EDGE_LOOP('',(#12158,#12159,#12167,#12173));
#12158 = ORIENTED_EDGE('',*,*,#928,.T.);
#12159 = ORIENTED_EDGE('',*,*,#12160,.F.);
#12160 = EDGE_CURVE('',#12161,#920,#12163,.T.);
#12161 = VERTEX_POINT('',#12162);
#12162 = CARTESIAN_POINT('',(5.089999999999,0.335111337906,
    1.420032379703));
#12163 = LINE('',#12164,#12165);
#12164 = CARTESIAN_POINT('',(5.089999999999,0.335111337906,
    1.420032379703));
#12165 = VECTOR('',#12166,1.);
#12166 = DIRECTION('',(-1.,-3.41480999208E-16,0.));
#12167 = ORIENTED_EDGE('',*,*,#12168,.F.);
#12168 = EDGE_CURVE('',#12132,#12161,#12169,.T.);
#12169 = LINE('',#12170,#12171);
#12170 = CARTESIAN_POINT('',(5.089999999999,0.335111337906,
    1.420032379703));
#12171 = VECTOR('',#12172,1.);
#12172 = DIRECTION('',(0.,0.,1.));
#12173 = ORIENTED_EDGE('',*,*,#12140,.T.);
#12174 = PLANE('',#12175);
#12175 = AXIS2_PLACEMENT_3D('',#12176,#12177,#12178);
#12176 = CARTESIAN_POINT('',(5.089999999999,0.335111337906,
    1.420032379703));
#12177 = DIRECTION('',(3.41480999208E-16,-1.,0.));
#12178 = DIRECTION('',(1.,3.41480999208E-16,0.));
#12179 = ADVANCED_FACE('',(#12180),#12199,.F.);
#12180 = FACE_BOUND('',#12181,.F.);
#12181 = EDGE_LOOP('',(#12182,#12183,#12192,#12198));
#12182 = ORIENTED_EDGE('',*,*,#12160,.F.);
#12183 = ORIENTED_EDGE('',*,*,#12184,.T.);
#12184 = EDGE_CURVE('',#12161,#12185,#12187,.T.);
#12185 = VERTEX_POINT('',#12186);
#12186 = CARTESIAN_POINT('',(5.089999999999,0.300695350876,
    1.426478878785));
#12187 = B_SPLINE_CURVE_WITH_KNOTS('',3,(#12188,#12189,#12190,#12191),
  .UNSPECIFIED.,.F.,.F.,(4,4),(8.,9.),.PIECEWISE_BEZIER_KNOTS.);
#12188 = CARTESIAN_POINT('',(5.089999999999,0.335111337906,
    1.420032379703));
#12189 = CARTESIAN_POINT('',(5.089999999999,0.32450580716,1.424399362952
    ));
#12190 = CARTESIAN_POINT('',(5.089999999999,0.31306847008,1.426478878785
    ));
#12191 = CARTESIAN_POINT('',(5.089999999999,0.300695350876,
    1.426478878785));
#12192 = ORIENTED_EDGE('',*,*,#12193,.T.);
#12193 = EDGE_CURVE('',#12185,#911,#12194,.T.);
#12194 = LINE('',#12195,#12196);
#12195 = CARTESIAN_POINT('',(5.089999999999,0.300695350876,
    1.426478878785));
#12196 = VECTOR('',#12197,1.);
#12197 = DIRECTION('',(-1.,-3.41480999208E-16,0.));
#12198 = ORIENTED_EDGE('',*,*,#919,.F.);
#12199 = B_SPLINE_SURFACE_WITH_KNOTS('',3,1,(
    (#12200,#12201)
    ,(#12202,#12203)
    ,(#12204,#12205)
    ,(#12206,#12207
    )),.UNSPECIFIED.,.F.,.F.,.F.,(4,4),(2,2),(8.,9.),(0.,1.),
  .PIECEWISE_BEZIER_KNOTS.);
#12200 = CARTESIAN_POINT('',(5.089999999999,0.335111337906,
    1.420032379703));
#12201 = CARTESIAN_POINT('',(5.08,0.335111337906,1.420032379703));
#12202 = CARTESIAN_POINT('',(5.089999999999,0.32450580716,1.424399362952
    ));
#12203 = CARTESIAN_POINT('',(5.08,0.32450580716,1.424399362952));
#12204 = CARTESIAN_POINT('',(5.089999999999,0.31306847008,1.426478878785
    ));
#12205 = CARTESIAN_POINT('',(5.08,0.31306847008,1.426478878785));
#12206 = CARTESIAN_POINT('',(5.089999999999,0.300695350876,
    1.426478878785));
#12207 = CARTESIAN_POINT('',(5.08,0.300695350876,1.426478878785));
#12208 = ADVANCED_FACE('',(#12209),#12228,.F.);
#12209 = FACE_BOUND('',#12210,.F.);
#12210 = EDGE_LOOP('',(#12211,#12212,#12221,#12227));
#12211 = ORIENTED_EDGE('',*,*,#12193,.F.);
#12212 = ORIENTED_EDGE('',*,*,#12213,.T.);
#12213 = EDGE_CURVE('',#12185,#12214,#12216,.T.);
#12214 = VERTEX_POINT('',#12215);
#12215 = CARTESIAN_POINT('',(5.089999999999,0.260456719515,
    1.414937565914));
#12216 = B_SPLINE_CURVE_WITH_KNOTS('',3,(#12217,#12218,#12219,#12220),
  .UNSPECIFIED.,.F.,.F.,(4,4),(7.,8.),.PIECEWISE_BEZIER_KNOTS.);
#12217 = CARTESIAN_POINT('',(5.089999999999,0.300695350876,
    1.426478878785));
#12218 = CARTESIAN_POINT('',(5.089999999999,0.284787054756,
    1.426478878785));
#12219 = CARTESIAN_POINT('',(5.089999999999,0.271374177636,
    1.422631774495));
#12220 = CARTESIAN_POINT('',(5.089999999999,0.260456719515,
    1.414937565914));
#12221 = ORIENTED_EDGE('',*,*,#12222,.T.);
#12222 = EDGE_CURVE('',#12214,#902,#12223,.T.);
#12223 = LINE('',#12224,#12225);
#12224 = CARTESIAN_POINT('',(5.089999999999,0.260456719515,
    1.414937565914));
#12225 = VECTOR('',#12226,1.);
#12226 = DIRECTION('',(-1.,-3.41480999208E-16,0.));
#12227 = ORIENTED_EDGE('',*,*,#910,.F.);
#12228 = B_SPLINE_SURFACE_WITH_KNOTS('',3,1,(
    (#12229,#12230)
    ,(#12231,#12232)
    ,(#12233,#12234)
    ,(#12235,#12236
    )),.UNSPECIFIED.,.F.,.F.,.F.,(4,4),(2,2),(7.,8.),(0.,1.),
  .PIECEWISE_BEZIER_KNOTS.);
#12229 = CARTESIAN_POINT('',(5.089999999999,0.300695350876,
    1.426478878785));
#12230 = CARTESIAN_POINT('',(5.08,0.300695350876,1.426478878785));
#12231 = CARTESIAN_POINT('',(5.089999999999,0.284787054756,
    1.426478878785));
#12232 = CARTESIAN_POINT('',(5.08,0.284787054756,1.426478878785));
#12233 = CARTESIAN_POINT('',(5.089999999999,0.271374177636,
    1.422631774495));
#12234 = CARTESIAN_POINT('',(5.08,0.271374177636,1.422631774495));
#12235 = CARTESIAN_POINT('',(5.089999999999,0.260456719515,
    1.414937565914));
#12236 = CARTESIAN_POINT('',(5.08,0.260456719515,1.414937565914));
#12237 = ADVANCED_FACE('',(#12238),#12257,.F.);
#12238 = FACE_BOUND('',#12239,.F.);
#12239 = EDGE_LOOP('',(#12240,#12241,#12250,#12256));
#12240 = ORIENTED_EDGE('',*,*,#12222,.F.);
#12241 = ORIENTED_EDGE('',*,*,#12242,.T.);
#12242 = EDGE_CURVE('',#12214,#12243,#12245,.T.);
#12243 = VERTEX_POINT('',#12244);
#12244 = CARTESIAN_POINT('',(5.089999999999,0.244132520228,
    1.383952780008));
#12245 = B_SPLINE_CURVE_WITH_KNOTS('',3,(#12246,#12247,#12248,#12249),
  .UNSPECIFIED.,.F.,.F.,(4,4),(6.,7.),.PIECEWISE_BEZIER_KNOTS.);
#12246 = CARTESIAN_POINT('',(5.089999999999,0.260456719515,
    1.414937565914));
#12247 = CARTESIAN_POINT('',(5.089999999999,0.249591249289,
    1.407139381542));
#12248 = CARTESIAN_POINT('',(5.089999999999,0.244132520228,1.39684577817
    ));
#12249 = CARTESIAN_POINT('',(5.089999999999,0.244132520228,
    1.383952780008));
#12250 = ORIENTED_EDGE('',*,*,#12251,.T.);
#12251 = EDGE_CURVE('',#12243,#893,#12252,.T.);
#12252 = LINE('',#12253,#12254);
#12253 = CARTESIAN_POINT('',(5.089999999999,0.244132520228,
    1.383952780008));
#12254 = VECTOR('',#12255,1.);
#12255 = DIRECTION('',(-1.,-3.41480999208E-16,0.));
#12256 = ORIENTED_EDGE('',*,*,#901,.F.);
#12257 = B_SPLINE_SURFACE_WITH_KNOTS('',3,1,(
    (#12258,#12259)
    ,(#12260,#12261)
    ,(#12262,#12263)
    ,(#12264,#12265
    )),.UNSPECIFIED.,.F.,.F.,.F.,(4,4),(2,2),(6.,7.),(0.,1.),
  .PIECEWISE_BEZIER_KNOTS.);
#12258 = CARTESIAN_POINT('',(5.089999999999,0.260456719515,
    1.414937565914));
#12259 = CARTESIAN_POINT('',(5.08,0.260456719515,1.414937565914));
#12260 = CARTESIAN_POINT('',(5.089999999999,0.249591249289,
    1.407139381542));
#12261 = CARTESIAN_POINT('',(5.08,0.249591249289,1.407139381542));
#12262 = CARTESIAN_POINT('',(5.089999999999,0.244132520228,1.39684577817
    ));
#12263 = CARTESIAN_POINT('',(5.08,0.244132520228,1.39684577817));
#12264 = CARTESIAN_POINT('',(5.089999999999,0.244132520228,
    1.383952780008));
#12265 = CARTESIAN_POINT('',(5.08,0.244132520228,1.383952780008));
#12266 = ADVANCED_FACE('',(#12267),#12286,.F.);
#12267 = FACE_BOUND('',#12268,.F.);
#12268 = EDGE_LOOP('',(#12269,#12270,#12279,#12285));
#12269 = ORIENTED_EDGE('',*,*,#12251,.F.);
#12270 = ORIENTED_EDGE('',*,*,#12271,.T.);
#12271 = EDGE_CURVE('',#12243,#12272,#12274,.T.);
#12272 = VERTEX_POINT('',#12273);
#12273 = CARTESIAN_POINT('',(5.089999999999,0.251358837747,
    1.360974130057));
#12274 = B_SPLINE_CURVE_WITH_KNOTS('',3,(#12275,#12276,#12277,#12278),
  .UNSPECIFIED.,.F.,.F.,(4,4),(5.,6.),.PIECEWISE_BEZIER_KNOTS.);
#12275 = CARTESIAN_POINT('',(5.089999999999,0.244132520228,
    1.383952780008));
#12276 = CARTESIAN_POINT('',(5.089999999999,0.244132520228,
    1.375010861927));
#12277 = CARTESIAN_POINT('',(5.089999999999,0.246523963436,
    1.367316653347));
#12278 = CARTESIAN_POINT('',(5.089999999999,0.251358837747,
    1.360974130057));
#12279 = ORIENTED_EDGE('',*,*,#12280,.T.);
#12280 = EDGE_CURVE('',#12272,#884,#12281,.T.);
#12281 = LINE('',#12282,#12283);
#12282 = CARTESIAN_POINT('',(5.089999999999,0.251358837747,
    1.360974130057));
#12283 = VECTOR('',#12284,1.);
#12284 = DIRECTION('',(-1.,-3.41480999208E-16,0.));
#12285 = ORIENTED_EDGE('',*,*,#892,.F.);
#12286 = B_SPLINE_SURFACE_WITH_KNOTS('',3,1,(
    (#12287,#12288)
    ,(#12289,#12290)
    ,(#12291,#12292)
    ,(#12293,#12294
    )),.UNSPECIFIED.,.F.,.F.,.F.,(4,4),(2,2),(5.,6.),(0.,1.),
  .PIECEWISE_BEZIER_KNOTS.);
#12287 = CARTESIAN_POINT('',(5.089999999999,0.244132520228,
    1.383952780008));
#12288 = CARTESIAN_POINT('',(5.08,0.244132520228,1.383952780008));
#12289 = CARTESIAN_POINT('',(5.089999999999,0.244132520228,
    1.375010861927));
#12290 = CARTESIAN_POINT('',(5.08,0.244132520228,1.375010861927));
#12291 = CARTESIAN_POINT('',(5.089999999999,0.246523963436,
    1.367316653347));
#12292 = CARTESIAN_POINT('',(5.08,0.246523963436,1.367316653347));
#12293 = CARTESIAN_POINT('',(5.089999999999,0.251358837747,
    1.360974130057));
#12294 = CARTESIAN_POINT('',(5.08,0.251358837747,1.360974130057));
#12295 = ADVANCED_FACE('',(#12296),#12315,.F.);
#12296 = FACE_BOUND('',#12297,.F.);
#12297 = EDGE_LOOP('',(#12298,#12299,#12308,#12314));
#12298 = ORIENTED_EDGE('',*,*,#12280,.F.);
#12299 = ORIENTED_EDGE('',*,*,#12300,.T.);
#12300 = EDGE_CURVE('',#12272,#12301,#12303,.T.);
#12301 = VERTEX_POINT('',#12302);
#12302 = CARTESIAN_POINT('',(5.089999999999,0.282707538924,
    1.341738608605));
#12303 = B_SPLINE_CURVE_WITH_KNOTS('',3,(#12304,#12305,#12306,#12307),
  .UNSPECIFIED.,.F.,.F.,(4,4),(4.,5.),.PIECEWISE_BEZIER_KNOTS.);
#12304 = CARTESIAN_POINT('',(5.089999999999,0.251358837747,
    1.360974130057));
#12305 = CARTESIAN_POINT('',(5.089999999999,0.256141724162,
    1.354631606768));
#12306 = CARTESIAN_POINT('',(5.089999999999,0.266643279117,
    1.348185107686));
#12307 = CARTESIAN_POINT('',(5.089999999999,0.282707538924,
    1.341738608605));
#12308 = ORIENTED_EDGE('',*,*,#12309,.T.);
#12309 = EDGE_CURVE('',#12301,#875,#12310,.T.);
#12310 = LINE('',#12311,#12312);
#12311 = CARTESIAN_POINT('',(5.089999999999,0.282707538924,
    1.341738608605));
#12312 = VECTOR('',#12313,1.);
#12313 = DIRECTION('',(-1.,-3.41480999208E-16,0.));
#12314 = ORIENTED_EDGE('',*,*,#883,.F.);
#12315 = B_SPLINE_SURFACE_WITH_KNOTS('',3,1,(
    (#12316,#12317)
    ,(#12318,#12319)
    ,(#12320,#12321)
    ,(#12322,#12323
    )),.UNSPECIFIED.,.F.,.F.,.F.,(4,4),(2,2),(4.,5.),(0.,1.),
  .PIECEWISE_BEZIER_KNOTS.);
#12316 = CARTESIAN_POINT('',(5.089999999999,0.251358837747,
    1.360974130057));
#12317 = CARTESIAN_POINT('',(5.08,0.251358837747,1.360974130057));
#12318 = CARTESIAN_POINT('',(5.089999999999,0.256141724162,
    1.354631606768));
#12319 = CARTESIAN_POINT('',(5.08,0.256141724162,1.354631606768));
#12320 = CARTESIAN_POINT('',(5.089999999999,0.266643279117,
    1.348185107686));
#12321 = CARTESIAN_POINT('',(5.08,0.266643279117,1.348185107686));
#12322 = CARTESIAN_POINT('',(5.089999999999,0.282707538924,
    1.341738608605));
#12323 = CARTESIAN_POINT('',(5.08,0.282707538924,1.341738608605));
#12324 = ADVANCED_FACE('',(#12325),#12344,.F.);
#12325 = FACE_BOUND('',#12326,.F.);
#12326 = EDGE_LOOP('',(#12327,#12328,#12337,#12343));
#12327 = ORIENTED_EDGE('',*,*,#12309,.F.);
#12328 = ORIENTED_EDGE('',*,*,#12329,.T.);
#12329 = EDGE_CURVE('',#12301,#12330,#12332,.T.);
#12330 = VERTEX_POINT('',#12331);
#12331 = CARTESIAN_POINT('',(5.089999999999,0.309377329477,
    1.328741634651));
#12332 = B_SPLINE_CURVE_WITH_KNOTS('',3,(#12333,#12334,#12335,#12336),
  .UNSPECIFIED.,.F.,.F.,(4,4),(3.,4.),.PIECEWISE_BEZIER_KNOTS.);
#12333 = CARTESIAN_POINT('',(5.089999999999,0.282707538924,
    1.341738608605));
#12334 = CARTESIAN_POINT('',(5.089999999999,0.296120416045,
    1.336747770607));
#12335 = CARTESIAN_POINT('',(5.089999999999,0.305010346229,
    1.332380787358));
#12336 = CARTESIAN_POINT('',(5.089999999999,0.309377329477,
    1.328741634651));
#12337 = ORIENTED_EDGE('',*,*,#12338,.T.);
#12338 = EDGE_CURVE('',#12330,#866,#12339,.T.);
#12339 = LINE('',#12340,#12341);
#12340 = CARTESIAN_POINT('',(5.089999999999,0.309377329477,
    1.328741634651));
#12341 = VECTOR('',#12342,1.);
#12342 = DIRECTION('',(-1.,-3.41480999208E-16,0.));
#12343 = ORIENTED_EDGE('',*,*,#874,.F.);
#12344 = B_SPLINE_SURFACE_WITH_KNOTS('',3,1,(
    (#12345,#12346)
    ,(#12347,#12348)
    ,(#12349,#12350)
    ,(#12351,#12352
    )),.UNSPECIFIED.,.F.,.F.,.F.,(4,4),(2,2),(3.,4.),(0.,1.),
  .PIECEWISE_BEZIER_KNOTS.);
#12345 = CARTESIAN_POINT('',(5.089999999999,0.282707538924,
    1.341738608605));
#12346 = CARTESIAN_POINT('',(5.08,0.282707538924,1.341738608605));
#12347 = CARTESIAN_POINT('',(5.089999999999,0.296120416045,
    1.336747770607));
#12348 = CARTESIAN_POINT('',(5.08,0.296120416045,1.336747770607));
#12349 = CARTESIAN_POINT('',(5.089999999999,0.305010346229,
    1.332380787358));
#12350 = CARTESIAN_POINT('',(5.08,0.305010346229,1.332380787358));
#12351 = CARTESIAN_POINT('',(5.089999999999,0.309377329477,
    1.328741634651));
#12352 = CARTESIAN_POINT('',(5.08,0.309377329477,1.328741634651));
#12353 = ADVANCED_FACE('',(#12354),#12373,.F.);
#12354 = FACE_BOUND('',#12355,.F.);
#12355 = EDGE_LOOP('',(#12356,#12357,#12366,#12372));
#12356 = ORIENTED_EDGE('',*,*,#12338,.F.);
#12357 = ORIENTED_EDGE('',*,*,#12358,.T.);
#12358 = EDGE_CURVE('',#12330,#12359,#12361,.T.);
#12359 = VERTEX_POINT('',#12360);
#12360 = CARTESIAN_POINT('',(5.089999999999,0.31592780435,1.314912854364
    ));
#12361 = B_SPLINE_CURVE_WITH_KNOTS('',3,(#12362,#12363,#12364,#12365),
  .UNSPECIFIED.,.F.,.F.,(4,4),(2.,3.),.PIECEWISE_BEZIER_KNOTS.);
#12362 = CARTESIAN_POINT('',(5.089999999999,0.309377329477,
    1.328741634651));
#12363 = CARTESIAN_POINT('',(5.089999999999,0.313744312726,
    1.325102481944));
#12364 = CARTESIAN_POINT('',(5.089999999999,0.31592780435,1.320527547113
    ));
#12365 = CARTESIAN_POINT('',(5.089999999999,0.31592780435,1.314912854364
    ));
#12366 = ORIENTED_EDGE('',*,*,#12367,.T.);
#12367 = EDGE_CURVE('',#12359,#857,#12368,.T.);
#12368 = LINE('',#12369,#12370);
#12369 = CARTESIAN_POINT('',(5.089999999999,0.31592780435,1.314912854364
    ));
#12370 = VECTOR('',#12371,1.);
#12371 = DIRECTION('',(-1.,-3.41480999208E-16,0.));
#12372 = ORIENTED_EDGE('',*,*,#865,.F.);
#12373 = B_SPLINE_SURFACE_WITH_KNOTS('',3,1,(
    (#12374,#12375)
    ,(#12376,#12377)
    ,(#12378,#12379)
    ,(#12380,#12381
    )),.UNSPECIFIED.,.F.,.F.,.F.,(4,4),(2,2),(2.,3.),(0.,1.),
  .PIECEWISE_BEZIER_KNOTS.);
#12374 = CARTESIAN_POINT('',(5.089999999999,0.309377329477,
    1.328741634651));
#12375 = CARTESIAN_POINT('',(5.08,0.309377329477,1.328741634651));
#12376 = CARTESIAN_POINT('',(5.089999999999,0.313744312726,
    1.325102481944));
#12377 = CARTESIAN_POINT('',(5.08,0.313744312726,1.325102481944));
#12378 = CARTESIAN_POINT('',(5.089999999999,0.31592780435,1.320527547113
    ));
#12379 = CARTESIAN_POINT('',(5.08,0.31592780435,1.320527547113));
#12380 = CARTESIAN_POINT('',(5.089999999999,0.31592780435,1.314912854364
    ));
#12381 = CARTESIAN_POINT('',(5.08,0.31592780435,1.314912854364));
#12382 = ADVANCED_FACE('',(#12383),#12395,.F.);
#12383 = FACE_BOUND('',#12384,.F.);
#12384 = EDGE_LOOP('',(#12385,#12386,#12393,#12394));
#12385 = ORIENTED_EDGE('',*,*,#12367,.F.);
#12386 = ORIENTED_EDGE('',*,*,#12387,.T.);
#12387 = EDGE_CURVE('',#12359,#11810,#12388,.T.);
#12388 = B_SPLINE_CURVE_WITH_KNOTS('',3,(#12389,#12390,#12391,#12392),
  .UNSPECIFIED.,.F.,.F.,(4,4),(1.,2.),.PIECEWISE_BEZIER_KNOTS.);
#12389 = CARTESIAN_POINT('',(5.089999999999,0.31592780435,1.314912854364
    ));
#12390 = CARTESIAN_POINT('',(5.089999999999,0.31592780435,1.301811904618
    ));
#12391 = CARTESIAN_POINT('',(5.089999999999,0.305894140458,
    1.295261429746));
#12392 = CARTESIAN_POINT('',(5.089999999999,0.285878800569,
    1.295261429746));
#12393 = ORIENTED_EDGE('',*,*,#11809,.T.);
#12394 = ORIENTED_EDGE('',*,*,#856,.F.);
#12395 = B_SPLINE_SURFACE_WITH_KNOTS('',3,1,(
    (#12396,#12397)
    ,(#12398,#12399)
    ,(#12400,#12401)
    ,(#12402,#12403
    )),.UNSPECIFIED.,.F.,.F.,.F.,(4,4),(2,2),(1.,2.),(0.,1.),
  .PIECEWISE_BEZIER_KNOTS.);
#12396 = CARTESIAN_POINT('',(5.089999999999,0.31592780435,1.314912854364
    ));
#12397 = CARTESIAN_POINT('',(5.08,0.31592780435,1.314912854364));
#12398 = CARTESIAN_POINT('',(5.089999999999,0.31592780435,1.301811904618
    ));
#12399 = CARTESIAN_POINT('',(5.08,0.31592780435,1.301811904618));
#12400 = CARTESIAN_POINT('',(5.089999999999,0.305894140458,
    1.295261429746));
#12401 = CARTESIAN_POINT('',(5.08,0.305894140458,1.295261429746));
#12402 = CARTESIAN_POINT('',(5.089999999999,0.285878800569,
    1.295261429746));
#12403 = CARTESIAN_POINT('',(5.08,0.285878800569,1.295261429746));
#12404 = ADVANCED_FACE('',(#12405),#12428,.F.);
#12405 = FACE_BOUND('',#12406,.T.);
#12406 = EDGE_LOOP('',(#12407,#12408,#12409,#12410,#12411,#12412,#12413,
    #12414,#12415,#12416,#12417,#12418,#12419,#12420,#12421,#12422,
    #12423,#12424,#12425,#12426,#12427));
#12407 = ORIENTED_EDGE('',*,*,#11817,.T.);
#12408 = ORIENTED_EDGE('',*,*,#11854,.T.);
#12409 = ORIENTED_EDGE('',*,*,#11870,.T.);
#12410 = ORIENTED_EDGE('',*,*,#11899,.T.);
#12411 = ORIENTED_EDGE('',*,*,#11928,.T.);
#12412 = ORIENTED_EDGE('',*,*,#11957,.T.);
#12413 = ORIENTED_EDGE('',*,*,#11986,.T.);
#12414 = ORIENTED_EDGE('',*,*,#12015,.T.);
#12415 = ORIENTED_EDGE('',*,*,#12044,.T.);
#12416 = ORIENTED_EDGE('',*,*,#12073,.T.);
#12417 = ORIENTED_EDGE('',*,*,#12102,.T.);
#12418 = ORIENTED_EDGE('',*,*,#12131,.T.);
#12419 = ORIENTED_EDGE('',*,*,#12168,.T.);
#12420 = ORIENTED_EDGE('',*,*,#12184,.T.);
#12421 = ORIENTED_EDGE('',*,*,#12213,.T.);
#12422 = ORIENTED_EDGE('',*,*,#12242,.T.);
#12423 = ORIENTED_EDGE('',*,*,#12271,.T.);
#12424 = ORIENTED_EDGE('',*,*,#12300,.T.);
#12425 = ORIENTED_EDGE('',*,*,#12329,.T.);
#12426 = ORIENTED_EDGE('',*,*,#12358,.T.);
#12427 = ORIENTED_EDGE('',*,*,#12387,.T.);
#12428 = PLANE('',#12429);
#12429 = AXIS2_PLACEMENT_3D('',#12430,#12431,#12432);
#12430 = CARTESIAN_POINT('',(5.089999999999,0.264186851039,
    1.298770612714));
#12431 = DIRECTION('',(-1.,0.,0.));
#12432 = DIRECTION('',(0.,0.,1.));
#12433 = ADVANCED_FACE('',(#12434),#12459,.F.);
#12434 = FACE_BOUND('',#12435,.T.);
#12435 = EDGE_LOOP('',(#12436,#12437,#12445,#12453));
#12436 = ORIENTED_EDGE('',*,*,#62,.T.);
#12437 = ORIENTED_EDGE('',*,*,#12438,.F.);
#12438 = EDGE_CURVE('',#12439,#65,#12441,.T.);
#12439 = VERTEX_POINT('',#12440);
#12440 = CARTESIAN_POINT('',(5.089999999999,0.468356314883,
    1.423151653453));
#12441 = LINE('',#12442,#12443);
#12442 = CARTESIAN_POINT('',(5.089999999999,0.468356314883,
    1.423151653453));
#12443 = VECTOR('',#12444,1.);
#12444 = DIRECTION('',(-1.,-3.41480999208E-16,0.));
#12445 = ORIENTED_EDGE('',*,*,#12446,.F.);
#12446 = EDGE_CURVE('',#12447,#12439,#12449,.T.);
#12447 = VERTEX_POINT('',#12448);
#12448 = CARTESIAN_POINT('',(5.089999999999,0.494766165957,
    1.423151653453));
#12449 = LINE('',#12450,#12451);
#12450 = CARTESIAN_POINT('',(5.089999999999,0.468356314883,
    1.423151653453));
#12451 = VECTOR('',#12452,1.);
#12452 = DIRECTION('',(0.,-1.,0.));
#12453 = ORIENTED_EDGE('',*,*,#12454,.T.);
#12454 = EDGE_CURVE('',#12447,#63,#12455,.T.);
#12455 = LINE('',#12456,#12457);
#12456 = CARTESIAN_POINT('',(5.089999999999,0.494766165957,
    1.423151653453));
#12457 = VECTOR('',#12458,1.);
#12458 = DIRECTION('',(-1.,-3.41480999208E-16,0.));
#12459 = PLANE('',#12460);
#12460 = AXIS2_PLACEMENT_3D('',#12461,#12462,#12463);
#12461 = CARTESIAN_POINT('',(5.089999999999,0.468356314883,
    1.423151653453));
#12462 = DIRECTION('',(0.,0.,-1.));
#12463 = DIRECTION('',(-1.,0.,0.));
#12464 = ADVANCED_FACE('',(#12465),#12483,.F.);
#12465 = FACE_BOUND('',#12466,.T.);
#12466 = EDGE_LOOP('',(#12467,#12468,#12476,#12482));
#12467 = ORIENTED_EDGE('',*,*,#181,.T.);
#12468 = ORIENTED_EDGE('',*,*,#12469,.F.);
#12469 = EDGE_CURVE('',#12470,#173,#12472,.T.);
#12470 = VERTEX_POINT('',#12471);
#12471 = CARTESIAN_POINT('',(5.089999999999,0.428689550375,
    1.313769120656));
#12472 = LINE('',#12473,#12474);
#12473 = CARTESIAN_POINT('',(5.089999999999,0.428689550375,
    1.313769120656));
#12474 = VECTOR('',#12475,1.);
#12475 = DIRECTION('',(-1.,-3.41480999208E-16,0.));
#12476 = ORIENTED_EDGE('',*,*,#12477,.F.);
#12477 = EDGE_CURVE('',#12439,#12470,#12478,.T.);
#12478 = LINE('',#12479,#12480);
#12479 = CARTESIAN_POINT('',(5.089999999999,0.428689550375,
    1.313769120656));
#12480 = VECTOR('',#12481,1.);
#12481 = DIRECTION('',(0.,-0.340917796218,-0.9400931104));
#12482 = ORIENTED_EDGE('',*,*,#12438,.T.);
#12483 = PLANE('',#12484);
#12484 = AXIS2_PLACEMENT_3D('',#12485,#12486,#12487);
#12485 = CARTESIAN_POINT('',(5.089999999999,0.428689550375,
    1.313769120656));
#12486 = DIRECTION('',(-3.210239346883E-16,0.9400931104,-0.340917796218)
  );
#12487 = DIRECTION('',(2.465190328816E-32,0.340917796218,0.9400931104));
#12488 = ADVANCED_FACE('',(#12489),#12508,.F.);
#12489 = FACE_BOUND('',#12490,.F.);
#12490 = EDGE_LOOP('',(#12491,#12492,#12501,#12507));
#12491 = ORIENTED_EDGE('',*,*,#12469,.F.);
#12492 = ORIENTED_EDGE('',*,*,#12493,.T.);
#12493 = EDGE_CURVE('',#12470,#12494,#12496,.T.);
#12494 = VERTEX_POINT('',#12495);
#12495 = CARTESIAN_POINT('',(5.089999999999,0.425570276625,
    1.302019856201));
#12496 = B_SPLINE_CURVE_WITH_KNOTS('',3,(#12497,#12498,#12499,#12500),
  .UNSPECIFIED.,.F.,.F.,(4,4),(12.,13.),.PIECEWISE_BEZIER_KNOTS.);
#12497 = CARTESIAN_POINT('',(5.089999999999,0.428689550375,
    1.313769120656));
#12498 = CARTESIAN_POINT('',(5.089999999999,0.427129913501,
    1.308674306867));
#12499 = CARTESIAN_POINT('',(5.089999999999,0.426090155583,
    1.304723226785));
#12500 = CARTESIAN_POINT('',(5.089999999999,0.425570276625,
    1.302019856201));
#12501 = ORIENTED_EDGE('',*,*,#12502,.T.);
#12502 = EDGE_CURVE('',#12494,#165,#12503,.T.);
#12503 = LINE('',#12504,#12505);
#12504 = CARTESIAN_POINT('',(5.089999999999,0.425570276625,
    1.302019856201));
#12505 = VECTOR('',#12506,1.);
#12506 = DIRECTION('',(-1.,-3.41480999208E-16,0.));
#12507 = ORIENTED_EDGE('',*,*,#172,.F.);
#12508 = B_SPLINE_SURFACE_WITH_KNOTS('',3,1,(
    (#12509,#12510)
    ,(#12511,#12512)
    ,(#12513,#12514)
    ,(#12515,#12516
    )),.UNSPECIFIED.,.F.,.F.,.F.,(4,4),(2,2),(12.,13.),(0.,1.),
  .PIECEWISE_BEZIER_KNOTS.);
#12509 = CARTESIAN_POINT('',(5.089999999999,0.428689550375,
    1.313769120656));
#12510 = CARTESIAN_POINT('',(5.08,0.428689550375,1.313769120656));
#12511 = CARTESIAN_POINT('',(5.089999999999,0.427129913501,
    1.308674306867));
#12512 = CARTESIAN_POINT('',(5.08,0.427129913501,1.308674306867));
#12513 = CARTESIAN_POINT('',(5.089999999999,0.426090155583,
    1.304723226785));
#12514 = CARTESIAN_POINT('',(5.08,0.426090155583,1.304723226785));
#12515 = CARTESIAN_POINT('',(5.089999999999,0.425570276625,
    1.302019856201));
#12516 = CARTESIAN_POINT('',(5.08,0.425570276625,1.302019856201));
#12517 = ADVANCED_FACE('',(#12518),#12536,.F.);
#12518 = FACE_BOUND('',#12519,.T.);
#12519 = EDGE_LOOP('',(#12520,#12521,#12529,#12535));
#12520 = ORIENTED_EDGE('',*,*,#164,.T.);
#12521 = ORIENTED_EDGE('',*,*,#12522,.F.);
#12522 = EDGE_CURVE('',#12523,#157,#12525,.T.);
#12523 = VERTEX_POINT('',#12524);
#12524 = CARTESIAN_POINT('',(5.089999999999,0.424894433981,
    1.302019856201));
#12525 = LINE('',#12526,#12527);
#12526 = CARTESIAN_POINT('',(5.089999999999,0.424894433981,
    1.302019856201));
#12527 = VECTOR('',#12528,1.);
#12528 = DIRECTION('',(-1.,-3.41480999208E-16,0.));
#12529 = ORIENTED_EDGE('',*,*,#12530,.F.);
#12530 = EDGE_CURVE('',#12494,#12523,#12531,.T.);
#12531 = LINE('',#12532,#12533);
#12532 = CARTESIAN_POINT('',(5.089999999999,0.424894433981,
    1.302019856201));
#12533 = VECTOR('',#12534,1.);
#12534 = DIRECTION('',(0.,-1.,0.));
#12535 = ORIENTED_EDGE('',*,*,#12502,.T.);
#12536 = PLANE('',#12537);
#12537 = AXIS2_PLACEMENT_3D('',#12538,#12539,#12540);
#12538 = CARTESIAN_POINT('',(5.089999999999,0.424894433981,
    1.302019856201));
#12539 = DIRECTION('',(0.,0.,-1.));
#12540 = DIRECTION('',(-1.,0.,0.));
#12541 = ADVANCED_FACE('',(#12542),#12560,.F.);
#12542 = FACE_BOUND('',#12543,.T.);
#12543 = EDGE_LOOP('',(#12544,#12545,#12553,#12559));
#12544 = ORIENTED_EDGE('',*,*,#156,.T.);
#12545 = ORIENTED_EDGE('',*,*,#12546,.F.);
#12546 = EDGE_CURVE('',#12547,#149,#12549,.T.);
#12547 = VERTEX_POINT('',#12548);
#12548 = CARTESIAN_POINT('',(5.089999999999,0.421775160231,
    1.313977072239));
#12549 = LINE('',#12550,#12551);
#12550 = CARTESIAN_POINT('',(5.089999999999,0.421775160231,
    1.313977072239));
#12551 = VECTOR('',#12552,1.);
#12552 = DIRECTION('',(-1.,-3.41480999208E-16,0.));
#12553 = ORIENTED_EDGE('',*,*,#12554,.F.);
#12554 = EDGE_CURVE('',#12523,#12547,#12555,.T.);
#12555 = LINE('',#12556,#12557);
#12556 = CARTESIAN_POINT('',(5.089999999999,0.421775160231,
    1.313977072239));
#12557 = VECTOR('',#12558,1.);
#12558 = DIRECTION('',(0.,-0.252421897187,0.967617272386));
#12559 = ORIENTED_EDGE('',*,*,#12522,.T.);
#12560 = PLANE('',#12561);
#12561 = AXIS2_PLACEMENT_3D('',#12562,#12563,#12564);
#12562 = CARTESIAN_POINT('',(5.089999999999,0.421775160231,
    1.313977072239));
#12563 = DIRECTION('',(3.304229130254E-16,-0.967617272386,
    -0.252421897187));
#12564 = DIRECTION('',(0.,0.252421897187,-0.967617272386));
#12565 = ADVANCED_FACE('',(#12566),#12584,.F.);
#12566 = FACE_BOUND('',#12567,.T.);
#12567 = EDGE_LOOP('',(#12568,#12569,#12577,#12583));
#12568 = ORIENTED_EDGE('',*,*,#148,.T.);
#12569 = ORIENTED_EDGE('',*,*,#12570,.F.);
#12570 = EDGE_CURVE('',#12571,#141,#12573,.T.);
#12571 = VERTEX_POINT('',#12572);
#12572 = CARTESIAN_POINT('',(5.089999999999,0.383823996286,
    1.423151653453));
#12573 = LINE('',#12574,#12575);
#12574 = CARTESIAN_POINT('',(5.089999999999,0.383823996286,
    1.423151653453));
#12575 = VECTOR('',#12576,1.);
#12576 = DIRECTION('',(-1.,-3.41480999208E-16,0.));
#12577 = ORIENTED_EDGE('',*,*,#12578,.F.);
#12578 = EDGE_CURVE('',#12547,#12571,#12579,.T.);
#12579 = LINE('',#12580,#12581);
#12580 = CARTESIAN_POINT('',(5.089999999999,0.383823996286,
    1.423151653453));
#12581 = VECTOR('',#12582,1.);
#12582 = DIRECTION('',(0.,-0.328346164812,0.94455746043));
#12583 = ORIENTED_EDGE('',*,*,#12546,.T.);
#12584 = PLANE('',#12585);
#12585 = AXIS2_PLACEMENT_3D('',#12586,#12587,#12588);
#12586 = CARTESIAN_POINT('',(5.089999999999,0.383823996286,
    1.423151653453));
#12587 = DIRECTION('',(3.22548425397E-16,-0.94455746043,-0.328346164812)
  );
#12588 = DIRECTION('',(2.465190328816E-32,0.328346164812,-0.94455746043)
  );
#12589 = ADVANCED_FACE('',(#12590),#12608,.F.);
#12590 = FACE_BOUND('',#12591,.T.);
#12591 = EDGE_LOOP('',(#12592,#12593,#12601,#12607));
#12592 = ORIENTED_EDGE('',*,*,#140,.T.);
#12593 = ORIENTED_EDGE('',*,*,#12594,.F.);
#12594 = EDGE_CURVE('',#12595,#133,#12597,.T.);
#12595 = VERTEX_POINT('',#12596);
#12596 = CARTESIAN_POINT('',(5.089999999999,0.355334629379,
    1.423151653453));
#12597 = LINE('',#12598,#12599);
#12598 = CARTESIAN_POINT('',(5.089999999999,0.355334629379,
    1.423151653453));
#12599 = VECTOR('',#12600,1.);
#12600 = DIRECTION('',(-1.,-3.41480999208E-16,0.));
#12601 = ORIENTED_EDGE('',*,*,#12602,.F.);
#12602 = EDGE_CURVE('',#12571,#12595,#12603,.T.);
#12603 = LINE('',#12604,#12605);
#12604 = CARTESIAN_POINT('',(5.089999999999,0.355334629379,
    1.423151653453));
#12605 = VECTOR('',#12606,1.);
#12606 = DIRECTION('',(0.,-1.,0.));
#12607 = ORIENTED_EDGE('',*,*,#12570,.T.);
#12608 = PLANE('',#12609);
#12609 = AXIS2_PLACEMENT_3D('',#12610,#12611,#12612);
#12610 = CARTESIAN_POINT('',(5.089999999999,0.355334629379,
    1.423151653453));
#12611 = DIRECTION('',(0.,0.,-1.));
#12612 = DIRECTION('',(-1.,0.,0.));
#12613 = ADVANCED_FACE('',(#12614),#12632,.F.);
#12614 = FACE_BOUND('',#12615,.T.);
#12615 = EDGE_LOOP('',(#12616,#12617,#12625,#12631));
#12616 = ORIENTED_EDGE('',*,*,#132,.T.);
#12617 = ORIENTED_EDGE('',*,*,#12618,.F.);
#12618 = EDGE_CURVE('',#12619,#125,#12621,.T.);
#12619 = VERTEX_POINT('',#12620);
#12620 = CARTESIAN_POINT('',(5.089999999999,0.412313363193,
    1.278209399919));
#12621 = LINE('',#12622,#12623);
#12622 = CARTESIAN_POINT('',(5.089999999999,0.412313363193,
    1.278209399919));
#12623 = VECTOR('',#12624,1.);
#12624 = DIRECTION('',(-1.,-3.41480999208E-16,0.));
#12625 = ORIENTED_EDGE('',*,*,#12626,.F.);
#12626 = EDGE_CURVE('',#12595,#12619,#12627,.T.);
#12627 = LINE('',#12628,#12629);
#12628 = CARTESIAN_POINT('',(5.089999999999,0.412313363193,
    1.278209399919));
#12629 = VECTOR('',#12630,1.);
#12630 = DIRECTION('',(0.,0.365858921669,-0.930670322636));
#12631 = ORIENTED_EDGE('',*,*,#12594,.T.);
#12632 = PLANE('',#12633);
#12633 = AXIS2_PLACEMENT_3D('',#12634,#12635,#12636);
#12634 = CARTESIAN_POINT('',(5.089999999999,0.412313363193,
    1.278209399919));
#12635 = DIRECTION('',(-3.178062317072E-16,0.930670322636,0.365858921669
    ));
#12636 = DIRECTION('',(3.697785493223E-32,-0.365858921669,0.930670322636
    ));
#12637 = ADVANCED_FACE('',(#12638),#12656,.F.);
#12638 = FACE_BOUND('',#12639,.T.);
#12639 = EDGE_LOOP('',(#12640,#12641,#12649,#12655));
#12640 = ORIENTED_EDGE('',*,*,#124,.T.);
#12641 = ORIENTED_EDGE('',*,*,#12642,.F.);
#12642 = EDGE_CURVE('',#12643,#116,#12645,.T.);
#12643 = VERTEX_POINT('',#12644);
#12644 = CARTESIAN_POINT('',(5.089999999999,0.401135965592,
    1.251799548844));
#12645 = LINE('',#12646,#12647);
#12646 = CARTESIAN_POINT('',(5.089999999999,0.401135965592,
    1.251799548844));
#12647 = VECTOR('',#12648,1.);
#12648 = DIRECTION('',(-1.,-3.41480999208E-16,0.));
#12649 = ORIENTED_EDGE('',*,*,#12650,.F.);
#12650 = EDGE_CURVE('',#12619,#12643,#12651,.T.);
#12651 = LINE('',#12652,#12653);
#12652 = CARTESIAN_POINT('',(5.089999999999,0.401135965592,
    1.251799548844));
#12653 = VECTOR('',#12654,1.);
#12654 = DIRECTION('',(0.,-0.389758265065,-0.920917203017));
#12655 = ORIENTED_EDGE('',*,*,#12618,.T.);
#12656 = PLANE('',#12657);
#12657 = AXIS2_PLACEMENT_3D('',#12658,#12659,#12660);
#12658 = CARTESIAN_POINT('',(5.089999999999,0.401135965592,
    1.251799548844));
#12659 = DIRECTION('',(-3.144757266743E-16,0.920917203017,
    -0.389758265065));
#12660 = DIRECTION('',(-4.930380657631E-32,0.389758265065,0.920917203017
    ));
#12661 = ADVANCED_FACE('',(#12662),#12681,.F.);
#12662 = FACE_BOUND('',#12663,.F.);
#12663 = EDGE_LOOP('',(#12664,#12665,#12674,#12680));
#12664 = ORIENTED_EDGE('',*,*,#12642,.F.);
#12665 = ORIENTED_EDGE('',*,*,#12666,.T.);
#12666 = EDGE_CURVE('',#12643,#12667,#12669,.T.);
#12667 = VERTEX_POINT('',#12668);
#12668 = CARTESIAN_POINT('',(5.089999999999,0.375038041892,
    1.231316317892));
#12669 = B_SPLINE_CURVE_WITH_KNOTS('',3,(#12670,#12671,#12672,#12673),
  .UNSPECIFIED.,.F.,.F.,(4,4),(5.,6.),.PIECEWISE_BEZIER_KNOTS.);
#12670 = CARTESIAN_POINT('',(5.089999999999,0.401135965592,
    1.251799548844));
#12671 = CARTESIAN_POINT('',(5.089999999999,0.395365309157,
    1.238074744349));
#12672 = CARTESIAN_POINT('',(5.089999999999,0.386683330556,
    1.231316317892));
#12673 = CARTESIAN_POINT('',(5.089999999999,0.375038041892,
    1.231316317892));
#12674 = ORIENTED_EDGE('',*,*,#12675,.T.);
#12675 = EDGE_CURVE('',#12667,#107,#12676,.T.);
#12676 = LINE('',#12677,#12678);
#12677 = CARTESIAN_POINT('',(5.089999999999,0.375038041892,
    1.231316317892));
#12678 = VECTOR('',#12679,1.);
#12679 = DIRECTION('',(-1.,-3.41480999208E-16,0.));
#12680 = ORIENTED_EDGE('',*,*,#115,.F.);
#12681 = B_SPLINE_SURFACE_WITH_KNOTS('',3,1,(
    (#12682,#12683)
    ,(#12684,#12685)
    ,(#12686,#12687)
    ,(#12688,#12689
    )),.UNSPECIFIED.,.F.,.F.,.F.,(4,4),(2,2),(5.,6.),(0.,1.),
  .PIECEWISE_BEZIER_KNOTS.);
#12682 = CARTESIAN_POINT('',(5.089999999999,0.401135965592,
    1.251799548844));
#12683 = CARTESIAN_POINT('',(5.08,0.401135965592,1.251799548844));
#12684 = CARTESIAN_POINT('',(5.089999999999,0.395365309157,
    1.238074744349));
#12685 = CARTESIAN_POINT('',(5.08,0.395365309157,1.238074744349));
#12686 = CARTESIAN_POINT('',(5.089999999999,0.386683330556,
    1.231316317892));
#12687 = CARTESIAN_POINT('',(5.08,0.386683330556,1.231316317892));
#12688 = CARTESIAN_POINT('',(5.089999999999,0.375038041892,
    1.231316317892));
#12689 = CARTESIAN_POINT('',(5.08,0.375038041892,1.231316317892));
#12690 = ADVANCED_FACE('',(#12691),#12710,.F.);
#12691 = FACE_BOUND('',#12692,.F.);
#12692 = EDGE_LOOP('',(#12693,#12694,#12703,#12709));
#12693 = ORIENTED_EDGE('',*,*,#12675,.F.);
#12694 = ORIENTED_EDGE('',*,*,#12695,.T.);
#12695 = EDGE_CURVE('',#12667,#12696,#12698,.T.);
#12696 = VERTEX_POINT('',#12697);
#12697 = CARTESIAN_POINT('',(5.089999999999,0.360585406856,
    1.234227640059));
#12698 = B_SPLINE_CURVE_WITH_KNOTS('',3,(#12699,#12700,#12701,#12702),
  .UNSPECIFIED.,.F.,.F.,(4,4),(4.,5.),.PIECEWISE_BEZIER_KNOTS.);
#12699 = CARTESIAN_POINT('',(5.089999999999,0.375038041892,
    1.231316317892));
#12700 = CARTESIAN_POINT('',(5.089999999999,0.37035913127,1.231316317892
    ));
#12701 = CARTESIAN_POINT('',(5.089999999999,0.365576244854,
    1.232252100017));
#12702 = CARTESIAN_POINT('',(5.089999999999,0.360585406856,
    1.234227640059));
#12703 = ORIENTED_EDGE('',*,*,#12704,.T.);
#12704 = EDGE_CURVE('',#12696,#99,#12705,.T.);
#12705 = LINE('',#12706,#12707);
#12706 = CARTESIAN_POINT('',(5.089999999999,0.360585406856,
    1.234227640059));
#12707 = VECTOR('',#12708,1.);
#12708 = DIRECTION('',(-1.,-3.41480999208E-16,0.));
#12709 = ORIENTED_EDGE('',*,*,#106,.F.);
#12710 = B_SPLINE_SURFACE_WITH_KNOTS('',3,1,(
    (#12711,#12712)
    ,(#12713,#12714)
    ,(#12715,#12716)
    ,(#12717,#12718
    )),.UNSPECIFIED.,.F.,.F.,.F.,(4,4),(2,2),(4.,5.),(0.,1.),
  .PIECEWISE_BEZIER_KNOTS.);
#12711 = CARTESIAN_POINT('',(5.089999999999,0.375038041892,
    1.231316317892));
#12712 = CARTESIAN_POINT('',(5.08,0.375038041892,1.231316317892));
#12713 = CARTESIAN_POINT('',(5.089999999999,0.37035913127,1.231316317892
    ));
#12714 = CARTESIAN_POINT('',(5.08,0.37035913127,1.231316317892));
#12715 = CARTESIAN_POINT('',(5.089999999999,0.365576244854,
    1.232252100017));
#12716 = CARTESIAN_POINT('',(5.08,0.365576244854,1.232252100017));
#12717 = CARTESIAN_POINT('',(5.089999999999,0.360585406856,
    1.234227640059));
#12718 = CARTESIAN_POINT('',(5.08,0.360585406856,1.234227640059));
#12719 = ADVANCED_FACE('',(#12720),#12738,.F.);
#12720 = FACE_BOUND('',#12721,.T.);
#12721 = EDGE_LOOP('',(#12722,#12723,#12731,#12737));
#12722 = ORIENTED_EDGE('',*,*,#98,.T.);
#12723 = ORIENTED_EDGE('',*,*,#12724,.F.);
#12724 = EDGE_CURVE('',#12725,#90,#12727,.T.);
#12725 = VERTEX_POINT('',#12726);
#12726 = CARTESIAN_POINT('',(5.089999999999,0.360585406856,
    1.211560917482));
#12727 = LINE('',#12728,#12729);
#12728 = CARTESIAN_POINT('',(5.089999999999,0.360585406856,
    1.211560917482));
#12729 = VECTOR('',#12730,1.);
#12730 = DIRECTION('',(-1.,-3.41480999208E-16,0.));
#12731 = ORIENTED_EDGE('',*,*,#12732,.F.);
#12732 = EDGE_CURVE('',#12696,#12725,#12733,.T.);
#12733 = LINE('',#12734,#12735);
#12734 = CARTESIAN_POINT('',(5.089999999999,0.360585406856,
    1.211560917482));
#12735 = VECTOR('',#12736,1.);
#12736 = DIRECTION('',(0.,0.,-1.));
#12737 = ORIENTED_EDGE('',*,*,#12704,.T.);
#12738 = PLANE('',#12739);
#12739 = AXIS2_PLACEMENT_3D('',#12740,#12741,#12742);
#12740 = CARTESIAN_POINT('',(5.089999999999,0.360585406856,
    1.211560917482));
#12741 = DIRECTION('',(-3.41480999208E-16,1.,0.));
#12742 = DIRECTION('',(-1.,-3.41480999208E-16,0.));
#12743 = ADVANCED_FACE('',(#12744),#12763,.F.);
#12744 = FACE_BOUND('',#12745,.F.);
#12745 = EDGE_LOOP('',(#12746,#12747,#12756,#12762));
#12746 = ORIENTED_EDGE('',*,*,#12724,.F.);
#12747 = ORIENTED_EDGE('',*,*,#12748,.T.);
#12748 = EDGE_CURVE('',#12725,#12749,#12751,.T.);
#12749 = VERTEX_POINT('',#12750);
#12750 = CARTESIAN_POINT('',(5.089999999999,0.377013581934,
    1.209481401649));
#12751 = B_SPLINE_CURVE_WITH_KNOTS('',3,(#12752,#12753,#12754,#12755),
  .UNSPECIFIED.,.F.,.F.,(4,4),(2.,3.),.PIECEWISE_BEZIER_KNOTS.);
#12752 = CARTESIAN_POINT('',(5.089999999999,0.360585406856,
    1.211560917482));
#12753 = CARTESIAN_POINT('',(5.089999999999,0.365108353792,
    1.210209232191));
#12754 = CARTESIAN_POINT('',(5.089999999999,0.370619070748,
    1.209481401649));
#12755 = CARTESIAN_POINT('',(5.089999999999,0.377013581934,
    1.209481401649));
#12756 = ORIENTED_EDGE('',*,*,#12757,.T.);
#12757 = EDGE_CURVE('',#12749,#81,#12758,.T.);
#12758 = LINE('',#12759,#12760);
#12759 = CARTESIAN_POINT('',(5.089999999999,0.377013581934,
    1.209481401649));
#12760 = VECTOR('',#12761,1.);
#12761 = DIRECTION('',(-1.,-3.41480999208E-16,0.));
#12762 = ORIENTED_EDGE('',*,*,#89,.F.);
#12763 = B_SPLINE_SURFACE_WITH_KNOTS('',3,1,(
    (#12764,#12765)
    ,(#12766,#12767)
    ,(#12768,#12769)
    ,(#12770,#12771
    )),.UNSPECIFIED.,.F.,.F.,.F.,(4,4),(2,2),(2.,3.),(0.,1.),
  .PIECEWISE_BEZIER_KNOTS.);
#12764 = CARTESIAN_POINT('',(5.089999999999,0.360585406856,
    1.211560917482));
#12765 = CARTESIAN_POINT('',(5.08,0.360585406856,1.211560917482));
#12766 = CARTESIAN_POINT('',(5.089999999999,0.365108353792,
    1.210209232191));
#12767 = CARTESIAN_POINT('',(5.08,0.365108353792,1.210209232191));
#12768 = CARTESIAN_POINT('',(5.089999999999,0.370619070748,
    1.209481401649));
#12769 = CARTESIAN_POINT('',(5.08,0.370619070748,1.209481401649));
#12770 = CARTESIAN_POINT('',(5.089999999999,0.377013581934,
    1.209481401649));
#12771 = CARTESIAN_POINT('',(5.08,0.377013581934,1.209481401649));
#12772 = ADVANCED_FACE('',(#12773),#12792,.F.);
#12773 = FACE_BOUND('',#12774,.F.);
#12774 = EDGE_LOOP('',(#12775,#12776,#12785,#12791));
#12775 = ORIENTED_EDGE('',*,*,#12757,.F.);
#12776 = ORIENTED_EDGE('',*,*,#12777,.T.);
#12777 = EDGE_CURVE('',#12749,#12778,#12780,.T.);
#12778 = VERTEX_POINT('',#12779);
#12779 = CARTESIAN_POINT('',(5.089999999999,0.428845514062,1.25595858051
    ));
#12780 = B_SPLINE_CURVE_WITH_KNOTS('',3,(#12781,#12782,#12783,#12784),
  .UNSPECIFIED.,.F.,.F.,(4,4),(1.,2.),.PIECEWISE_BEZIER_KNOTS.);
#12781 = CARTESIAN_POINT('',(5.089999999999,0.377013581934,
    1.209481401649));
#12782 = CARTESIAN_POINT('',(5.089999999999,0.399316389239,
    1.209481401649));
#12783 = CARTESIAN_POINT('',(5.089999999999,0.41657637065,1.224973794603
    ));
#12784 = CARTESIAN_POINT('',(5.089999999999,0.428845514062,1.25595858051
    ));
#12785 = ORIENTED_EDGE('',*,*,#12786,.T.);
#12786 = EDGE_CURVE('',#12778,#73,#12787,.T.);
#12787 = LINE('',#12788,#12789);
#12788 = CARTESIAN_POINT('',(5.089999999999,0.428845514062,1.25595858051
    ));
#12789 = VECTOR('',#12790,1.);
#12790 = DIRECTION('',(-1.,-3.41480999208E-16,0.));
#12791 = ORIENTED_EDGE('',*,*,#80,.F.);
#12792 = B_SPLINE_SURFACE_WITH_KNOTS('',3,1,(
    (#12793,#12794)
    ,(#12795,#12796)
    ,(#12797,#12798)
    ,(#12799,#12800
    )),.UNSPECIFIED.,.F.,.F.,.F.,(4,4),(2,2),(1.,2.),(0.,1.),
  .PIECEWISE_BEZIER_KNOTS.);
#12793 = CARTESIAN_POINT('',(5.089999999999,0.377013581934,
    1.209481401649));
#12794 = CARTESIAN_POINT('',(5.08,0.377013581934,1.209481401649));
#12795 = CARTESIAN_POINT('',(5.089999999999,0.399316389239,
    1.209481401649));
#12796 = CARTESIAN_POINT('',(5.08,0.399316389239,1.209481401649));
#12797 = CARTESIAN_POINT('',(5.089999999999,0.41657637065,1.224973794603
    ));
#12798 = CARTESIAN_POINT('',(5.08,0.41657637065,1.224973794603));
#12799 = CARTESIAN_POINT('',(5.089999999999,0.428845514062,1.25595858051
    ));
#12800 = CARTESIAN_POINT('',(5.08,0.428845514062,1.25595858051));
#12801 = ADVANCED_FACE('',(#12802),#12813,.F.);
#12802 = FACE_BOUND('',#12803,.T.);
#12803 = EDGE_LOOP('',(#12804,#12805,#12806,#12812));
#12804 = ORIENTED_EDGE('',*,*,#72,.T.);
#12805 = ORIENTED_EDGE('',*,*,#12454,.F.);
#12806 = ORIENTED_EDGE('',*,*,#12807,.F.);
#12807 = EDGE_CURVE('',#12778,#12447,#12808,.T.);
#12808 = LINE('',#12809,#12810);
#12809 = CARTESIAN_POINT('',(5.089999999999,0.494766165957,
    1.423151653453));
#12810 = VECTOR('',#12811,1.);
#12811 = DIRECTION('',(0.,0.36679767895,0.930300737781));
#12812 = ORIENTED_EDGE('',*,*,#12786,.T.);
#12813 = PLANE('',#12814);
#12814 = AXIS2_PLACEMENT_3D('',#12815,#12816,#12817);
#12815 = CARTESIAN_POINT('',(5.089999999999,0.494766165957,
    1.423151653453));
#12816 = DIRECTION('',(3.176800255016E-16,-0.930300737781,0.36679767895)
  );
#12817 = DIRECTION('',(0.,-0.36679767895,-0.930300737781));
#12818 = ADVANCED_FACE('',(#12819),#12836,.T.);
#12819 = FACE_BOUND('',#12820,.T.);
#12820 = EDGE_LOOP('',(#12821,#12822,#12823,#12824,#12825,#12826,#12827,
    #12828,#12829,#12830,#12831,#12832,#12833,#12834,#12835));
#12821 = ORIENTED_EDGE('',*,*,#12446,.T.);
#12822 = ORIENTED_EDGE('',*,*,#12477,.T.);
#12823 = ORIENTED_EDGE('',*,*,#12493,.T.);
#12824 = ORIENTED_EDGE('',*,*,#12530,.T.);
#12825 = ORIENTED_EDGE('',*,*,#12554,.T.);
#12826 = ORIENTED_EDGE('',*,*,#12578,.T.);
#12827 = ORIENTED_EDGE('',*,*,#12602,.T.);
#12828 = ORIENTED_EDGE('',*,*,#12626,.T.);
#12829 = ORIENTED_EDGE('',*,*,#12650,.T.);
#12830 = ORIENTED_EDGE('',*,*,#12666,.T.);
#12831 = ORIENTED_EDGE('',*,*,#12695,.T.);
#12832 = ORIENTED_EDGE('',*,*,#12732,.T.);
#12833 = ORIENTED_EDGE('',*,*,#12748,.T.);
#12834 = ORIENTED_EDGE('',*,*,#12777,.T.);
#12835 = ORIENTED_EDGE('',*,*,#12807,.T.);
#12836 = PLANE('',#12837);
#12837 = AXIS2_PLACEMENT_3D('',#12838,#12839,#12840);
#12838 = CARTESIAN_POINT('',(5.089999999999,0.406692171958,
    1.221100696364));
#12839 = DIRECTION('',(1.,0.,0.));
#12840 = DIRECTION('',(0.,0.,-1.));
#12841 = ADVANCED_FACE('',(#12842),#12867,.F.);
#12842 = FACE_BOUND('',#12843,.T.);
#12843 = EDGE_LOOP('',(#12844,#12845,#12853,#12861));
#12844 = ORIENTED_EDGE('',*,*,#1034,.T.);
#12845 = ORIENTED_EDGE('',*,*,#12846,.F.);
#12846 = EDGE_CURVE('',#12847,#1037,#12849,.T.);
#12847 = VERTEX_POINT('',#12848);
#12848 = CARTESIAN_POINT('',(5.089999999999,0.631598307745,
    1.301084074078));
#12849 = LINE('',#12850,#12851);
#12850 = CARTESIAN_POINT('',(5.089999999999,0.631598307745,
    1.301084074078));
#12851 = VECTOR('',#12852,1.);
#12852 = DIRECTION('',(-1.,-3.41480999208E-16,0.));
#12853 = ORIENTED_EDGE('',*,*,#12854,.F.);
#12854 = EDGE_CURVE('',#12855,#12847,#12857,.T.);
#12855 = VERTEX_POINT('',#12856);
#12856 = CARTESIAN_POINT('',(5.089999999999,0.631598307745,
    1.277897472544));
#12857 = LINE('',#12858,#12859);
#12858 = CARTESIAN_POINT('',(5.089999999999,0.631598307745,
    1.301084074078));
#12859 = VECTOR('',#12860,1.);
#12860 = DIRECTION('',(0.,0.,1.));
#12861 = ORIENTED_EDGE('',*,*,#12862,.T.);
#12862 = EDGE_CURVE('',#12855,#1035,#12863,.T.);
#12863 = LINE('',#12864,#12865);
#12864 = CARTESIAN_POINT('',(5.089999999999,0.631598307745,
    1.277897472544));
#12865 = VECTOR('',#12866,1.);
#12866 = DIRECTION('',(-1.,-3.41480999208E-16,0.));
#12867 = PLANE('',#12868);
#12868 = AXIS2_PLACEMENT_3D('',#12869,#12870,#12871);
#12869 = CARTESIAN_POINT('',(5.089999999999,0.631598307745,
    1.301084074078));
#12870 = DIRECTION('',(3.41480999208E-16,-1.,0.));
#12871 = DIRECTION('',(1.,3.41480999208E-16,0.));
#12872 = ADVANCED_FACE('',(#12873),#12891,.F.);
#12873 = FACE_BOUND('',#12874,.T.);
#12874 = EDGE_LOOP('',(#12875,#12876,#12884,#12890));
#12875 = ORIENTED_EDGE('',*,*,#1124,.T.);
#12876 = ORIENTED_EDGE('',*,*,#12877,.F.);
#12877 = EDGE_CURVE('',#12878,#1117,#12880,.T.);
#12878 = VERTEX_POINT('',#12879);
#12879 = CARTESIAN_POINT('',(5.089999999999,0.548469662335,
    1.301084074078));
#12880 = LINE('',#12881,#12882);
#12881 = CARTESIAN_POINT('',(5.089999999999,0.548469662335,
    1.301084074078));
#12882 = VECTOR('',#12883,1.);
#12883 = DIRECTION('',(-1.,-3.41480999208E-16,0.));
#12884 = ORIENTED_EDGE('',*,*,#12885,.F.);
#12885 = EDGE_CURVE('',#12847,#12878,#12886,.T.);
#12886 = LINE('',#12887,#12888);
#12887 = CARTESIAN_POINT('',(5.089999999999,0.548469662335,
    1.301084074078));
#12888 = VECTOR('',#12889,1.);
#12889 = DIRECTION('',(0.,-1.,-5.216984673093E-15));
#12890 = ORIENTED_EDGE('',*,*,#12846,.T.);
#12891 = PLANE('',#12892);
#12892 = AXIS2_PLACEMENT_3D('',#12893,#12894,#12895);
#12893 = CARTESIAN_POINT('',(5.089999999999,0.548469662335,
    1.301084074078));
#12894 = DIRECTION('',(-1.781501139021E-30,5.216984673093E-15,-1.));
#12895 = DIRECTION('',(0.,1.,5.216984673093E-15));
#12896 = ADVANCED_FACE('',(#12897),#12915,.F.);
#12897 = FACE_BOUND('',#12898,.T.);
#12898 = EDGE_LOOP('',(#12899,#12900,#12908,#12914));
#12899 = ORIENTED_EDGE('',*,*,#1116,.T.);
#12900 = ORIENTED_EDGE('',*,*,#12901,.F.);
#12901 = EDGE_CURVE('',#12902,#1109,#12904,.T.);
#12902 = VERTEX_POINT('',#12903);
#12903 = CARTESIAN_POINT('',(5.089999999999,0.548469662335,
    1.369500144971));
#12904 = LINE('',#12905,#12906);
#12905 = CARTESIAN_POINT('',(5.089999999999,0.548469662335,
    1.369500144971));
#12906 = VECTOR('',#12907,1.);
#12907 = DIRECTION('',(-1.,-3.41480999208E-16,0.));
#12908 = ORIENTED_EDGE('',*,*,#12909,.F.);
#12909 = EDGE_CURVE('',#12878,#12902,#12910,.T.);
#12910 = LINE('',#12911,#12912);
#12911 = CARTESIAN_POINT('',(5.089999999999,0.548469662335,
    1.369500144971));
#12912 = VECTOR('',#12913,1.);
#12913 = DIRECTION('',(0.,-3.169437117124E-15,1.));
#12914 = ORIENTED_EDGE('',*,*,#12877,.T.);
#12915 = PLANE('',#12916);
#12916 = AXIS2_PLACEMENT_3D('',#12917,#12918,#12919);
#12917 = CARTESIAN_POINT('',(5.089999999999,0.548469662335,
    1.369500144971));
#12918 = DIRECTION('',(3.41480999208E-16,-1.,-3.169437117124E-15));
#12919 = DIRECTION('',(0.,3.169437117124E-15,-1.));
#12920 = ADVANCED_FACE('',(#12921),#12939,.F.);
#12921 = FACE_BOUND('',#12922,.T.);
#12922 = EDGE_LOOP('',(#12923,#12924,#12932,#12938));
#12923 = ORIENTED_EDGE('',*,*,#1108,.T.);
#12924 = ORIENTED_EDGE('',*,*,#12925,.F.);
#12925 = EDGE_CURVE('',#12926,#1101,#12928,.T.);
#12926 = VERTEX_POINT('',#12927);
#12927 = CARTESIAN_POINT('',(5.089999999999,0.621200728581,
    1.369500144971));
#12928 = LINE('',#12929,#12930);
#12929 = CARTESIAN_POINT('',(5.089999999999,0.621200728581,
    1.369500144971));
#12930 = VECTOR('',#12931,1.);
#12931 = DIRECTION('',(-1.,-3.41480999208E-16,0.));
#12932 = ORIENTED_EDGE('',*,*,#12933,.F.);
#12933 = EDGE_CURVE('',#12902,#12926,#12934,.T.);
#12934 = LINE('',#12935,#12936);
#12935 = CARTESIAN_POINT('',(5.089999999999,0.621200728581,
    1.369500144971));
#12936 = VECTOR('',#12937,1.);
#12937 = DIRECTION('',(0.,1.,2.981400461885E-15));
#12938 = ORIENTED_EDGE('',*,*,#12901,.T.);
#12939 = PLANE('',#12940);
#12940 = AXIS2_PLACEMENT_3D('',#12941,#12942,#12943);
#12941 = CARTESIAN_POINT('',(5.089999999999,0.621200728581,
    1.369500144971));
#12942 = DIRECTION('',(1.018091608763E-30,-2.981400461885E-15,1.));
#12943 = DIRECTION('',(0.,-1.,-2.981400461885E-15));
#12944 = ADVANCED_FACE('',(#12945),#12963,.F.);
#12945 = FACE_BOUND('',#12946,.T.);
#12946 = EDGE_LOOP('',(#12947,#12948,#12956,#12962));
#12947 = ORIENTED_EDGE('',*,*,#1100,.T.);
#12948 = ORIENTED_EDGE('',*,*,#12949,.F.);
#12949 = EDGE_CURVE('',#12950,#1093,#12952,.T.);
#12950 = VERTEX_POINT('',#12951);
#12951 = CARTESIAN_POINT('',(5.089999999999,0.621200728581,
    1.392790722296));
#12952 = LINE('',#12953,#12954);
#12953 = CARTESIAN_POINT('',(5.089999999999,0.621200728581,
    1.392790722296));
#12954 = VECTOR('',#12955,1.);
#12955 = DIRECTION('',(-1.,-3.41480999208E-16,0.));
#12956 = ORIENTED_EDGE('',*,*,#12957,.F.);
#12957 = EDGE_CURVE('',#12926,#12950,#12958,.T.);
#12958 = LINE('',#12959,#12960);
#12959 = CARTESIAN_POINT('',(5.089999999999,0.621200728581,
    1.392790722296));
#12960 = VECTOR('',#12961,1.);
#12961 = DIRECTION('',(0.,-9.310221531588E-15,1.));
#12962 = ORIENTED_EDGE('',*,*,#12925,.T.);
#12963 = PLANE('',#12964);
#12964 = AXIS2_PLACEMENT_3D('',#12965,#12966,#12967);
#12965 = CARTESIAN_POINT('',(5.089999999999,0.621200728581,
    1.392790722296));
#12966 = DIRECTION('',(3.41480999208E-16,-1.,-9.310221531588E-15));
#12967 = DIRECTION('',(0.,9.310221531588E-15,-1.));
#12968 = ADVANCED_FACE('',(#12969),#12987,.F.);
#12969 = FACE_BOUND('',#12970,.T.);
#12970 = EDGE_LOOP('',(#12971,#12972,#12980,#12986));
#12971 = ORIENTED_EDGE('',*,*,#1092,.T.);
#12972 = ORIENTED_EDGE('',*,*,#12973,.F.);
#12973 = EDGE_CURVE('',#12974,#1085,#12976,.T.);
#12974 = VERTEX_POINT('',#12975);
#12975 = CARTESIAN_POINT('',(5.089999999999,0.548469662335,
    1.392790722296));
#12976 = LINE('',#12977,#12978);
#12977 = CARTESIAN_POINT('',(5.089999999999,0.548469662335,
    1.392790722296));
#12978 = VECTOR('',#12979,1.);
#12979 = DIRECTION('',(-1.,-3.41480999208E-16,0.));
#12980 = ORIENTED_EDGE('',*,*,#12981,.F.);
#12981 = EDGE_CURVE('',#12950,#12974,#12982,.T.);
#12982 = LINE('',#12983,#12984);
#12983 = CARTESIAN_POINT('',(5.089999999999,0.548469662335,
    1.392790722296));
#12984 = VECTOR('',#12985,1.);
#12985 = DIRECTION('',(0.,-1.,-5.962800923771E-15));
#12986 = ORIENTED_EDGE('',*,*,#12949,.T.);
#12987 = PLANE('',#12988);
#12988 = AXIS2_PLACEMENT_3D('',#12989,#12990,#12991);
#12989 = CARTESIAN_POINT('',(5.089999999999,0.548469662335,
    1.392790722296));
#12990 = DIRECTION('',(-2.036183217527E-30,5.962800923771E-15,-1.));
#12991 = DIRECTION('',(0.,1.,5.962800923771E-15));
#12992 = ADVANCED_FACE('',(#12993),#13011,.F.);
#12993 = FACE_BOUND('',#12994,.T.);
#12994 = EDGE_LOOP('',(#12995,#12996,#13004,#13010));
#12995 = ORIENTED_EDGE('',*,*,#1084,.T.);
#12996 = ORIENTED_EDGE('',*,*,#12997,.F.);
#12997 = EDGE_CURVE('',#12998,#1077,#13000,.T.);
#12998 = VERTEX_POINT('',#12999);
#12999 = CARTESIAN_POINT('',(5.089999999999,0.548469662335,
    1.457879567859));
#13000 = LINE('',#13001,#13002);
#13001 = CARTESIAN_POINT('',(5.089999999999,0.548469662335,
    1.457879567859));
#13002 = VECTOR('',#13003,1.);
#13003 = DIRECTION('',(-1.,-3.41480999208E-16,0.));
#13004 = ORIENTED_EDGE('',*,*,#13005,.F.);
#13005 = EDGE_CURVE('',#12974,#12998,#13006,.T.);
#13006 = LINE('',#13007,#13008);
#13007 = CARTESIAN_POINT('',(5.089999999999,0.548469662335,
    1.457879567859));
#13008 = VECTOR('',#13009,1.);
#13009 = DIRECTION('',(0.,-3.331453071941E-15,1.));
#13010 = ORIENTED_EDGE('',*,*,#12973,.T.);
#13011 = PLANE('',#13012);
#13012 = AXIS2_PLACEMENT_3D('',#13013,#13014,#13015);
#13013 = CARTESIAN_POINT('',(5.089999999999,0.548469662335,
    1.457879567859));
#13014 = DIRECTION('',(3.41480999208E-16,-1.,-3.331453071941E-15));
#13015 = DIRECTION('',(0.,3.331453071941E-15,-1.));
#13016 = ADVANCED_FACE('',(#13017),#13035,.F.);
#13017 = FACE_BOUND('',#13018,.T.);
#13018 = EDGE_LOOP('',(#13019,#13020,#13028,#13034));
#13019 = ORIENTED_EDGE('',*,*,#1076,.T.);
#13020 = ORIENTED_EDGE('',*,*,#13021,.F.);
#13021 = EDGE_CURVE('',#13022,#1069,#13024,.T.);
#13022 = VERTEX_POINT('',#13023);
#13023 = CARTESIAN_POINT('',(5.089999999999,0.626971385017,
    1.457879567859));
#13024 = LINE('',#13025,#13026);
#13025 = CARTESIAN_POINT('',(5.089999999999,0.626971385017,
    1.457879567859));
#13026 = VECTOR('',#13027,1.);
#13027 = DIRECTION('',(-1.,-3.41480999208E-16,0.));
#13028 = ORIENTED_EDGE('',*,*,#13029,.F.);
#13029 = EDGE_CURVE('',#12998,#13022,#13030,.T.);
#13030 = LINE('',#13031,#13032);
#13031 = CARTESIAN_POINT('',(5.089999999999,0.626971385017,
    1.457879567859));
#13032 = VECTOR('',#13033,1.);
#13033 = DIRECTION('',(0.,1.,2.76223791136E-15));
#13034 = ORIENTED_EDGE('',*,*,#12997,.T.);
#13035 = PLANE('',#13036);
#13036 = AXIS2_PLACEMENT_3D('',#13037,#13038,#13039);
#13037 = CARTESIAN_POINT('',(5.089999999999,0.626971385017,
    1.457879567859));
#13038 = DIRECTION('',(9.432517620217E-31,-2.76223791136E-15,1.));
#13039 = DIRECTION('',(0.,-1.,-2.76223791136E-15));
#13040 = ADVANCED_FACE('',(#13041),#13059,.F.);
#13041 = FACE_BOUND('',#13042,.T.);
#13042 = EDGE_LOOP('',(#13043,#13044,#13052,#13058));
#13043 = ORIENTED_EDGE('',*,*,#1068,.T.);
#13044 = ORIENTED_EDGE('',*,*,#13045,.F.);
#13045 = EDGE_CURVE('',#13046,#1061,#13048,.T.);
#13046 = VERTEX_POINT('',#13047);
#13047 = CARTESIAN_POINT('',(5.089999999999,0.626971385017,
    1.481274120975));
#13048 = LINE('',#13049,#13050);
#13049 = CARTESIAN_POINT('',(5.089999999999,0.626971385017,
    1.481274120975));
#13050 = VECTOR('',#13051,1.);
#13051 = DIRECTION('',(-1.,-3.41480999208E-16,0.));
#13052 = ORIENTED_EDGE('',*,*,#13053,.F.);
#13053 = EDGE_CURVE('',#13022,#13046,#13054,.T.);
#13054 = LINE('',#13055,#13056);
#13055 = CARTESIAN_POINT('',(5.089999999999,0.626971385017,
    1.481274120975));
#13056 = VECTOR('',#13057,1.);
#13057 = DIRECTION('',(0.,0.,1.));
#13058 = ORIENTED_EDGE('',*,*,#13021,.T.);
#13059 = PLANE('',#13060);
#13060 = AXIS2_PLACEMENT_3D('',#13061,#13062,#13063);
#13061 = CARTESIAN_POINT('',(5.089999999999,0.626971385017,
    1.481274120975));
#13062 = DIRECTION('',(3.41480999208E-16,-1.,0.));
#13063 = DIRECTION('',(1.,3.41480999208E-16,0.));
#13064 = ADVANCED_FACE('',(#13065),#13083,.F.);
#13065 = FACE_BOUND('',#13066,.T.);
#13066 = EDGE_LOOP('',(#13067,#13068,#13076,#13082));
#13067 = ORIENTED_EDGE('',*,*,#1060,.T.);
#13068 = ORIENTED_EDGE('',*,*,#13069,.F.);
#13069 = EDGE_CURVE('',#13070,#1053,#13072,.T.);
#13070 = VERTEX_POINT('',#13071);
#13071 = CARTESIAN_POINT('',(5.089999999999,0.522215774948,
    1.481274120975));
#13072 = LINE('',#13073,#13074);
#13073 = CARTESIAN_POINT('',(5.089999999999,0.522215774948,
    1.481274120975));
#13074 = VECTOR('',#13075,1.);
#13075 = DIRECTION('',(-1.,-3.41480999208E-16,0.));
#13076 = ORIENTED_EDGE('',*,*,#13077,.F.);
#13077 = EDGE_CURVE('',#13046,#13070,#13078,.T.);
#13078 = LINE('',#13079,#13080);
#13079 = CARTESIAN_POINT('',(5.089999999999,0.522215774948,
    1.481274120975));
#13080 = VECTOR('',#13081,1.);
#13081 = DIRECTION('',(0.,-1.,-2.069964886412E-15));
#13082 = ORIENTED_EDGE('',*,*,#13045,.T.);
#13083 = PLANE('',#13084);
#13084 = AXIS2_PLACEMENT_3D('',#13085,#13086,#13087);
#13085 = CARTESIAN_POINT('',(5.089999999999,0.522215774948,
    1.481274120975));
#13086 = DIRECTION('',(-7.068536777377E-31,2.069964886412E-15,-1.));
#13087 = DIRECTION('',(0.,1.,2.069964886412E-15));
#13088 = ADVANCED_FACE('',(#13089),#13107,.F.);
#13089 = FACE_BOUND('',#13090,.T.);
#13090 = EDGE_LOOP('',(#13091,#13092,#13100,#13106));
#13091 = ORIENTED_EDGE('',*,*,#1052,.T.);
#13092 = ORIENTED_EDGE('',*,*,#13093,.F.);
#13093 = EDGE_CURVE('',#13094,#1045,#13096,.T.);
#13094 = VERTEX_POINT('',#13095);
#13095 = CARTESIAN_POINT('',(5.089999999999,0.522215774948,
    1.277897472544));
#13096 = LINE('',#13097,#13098);
#13097 = CARTESIAN_POINT('',(5.089999999999,0.522215774948,
    1.277897472544));
#13098 = VECTOR('',#13099,1.);
#13099 = DIRECTION('',(-1.,-3.41480999208E-16,0.));
#13100 = ORIENTED_EDGE('',*,*,#13101,.F.);
#13101 = EDGE_CURVE('',#13070,#13094,#13102,.T.);
#13102 = LINE('',#13103,#13104);
#13103 = CARTESIAN_POINT('',(5.089999999999,0.522215774948,
    1.277897472544));
#13104 = VECTOR('',#13105,1.);
#13105 = DIRECTION('',(0.,3.19860371635E-15,-1.));
#13106 = ORIENTED_EDGE('',*,*,#13069,.T.);
#13107 = PLANE('',#13108);
#13108 = AXIS2_PLACEMENT_3D('',#13109,#13110,#13111);
#13109 = CARTESIAN_POINT('',(5.089999999999,0.522215774948,
    1.277897472544));
#13110 = DIRECTION('',(-3.41480999208E-16,1.,3.19860371635E-15));
#13111 = DIRECTION('',(0.,-3.19860371635E-15,1.));
#13112 = ADVANCED_FACE('',(#13113),#13124,.F.);
#13113 = FACE_BOUND('',#13114,.T.);
#13114 = EDGE_LOOP('',(#13115,#13116,#13117,#13123));
#13115 = ORIENTED_EDGE('',*,*,#1044,.T.);
#13116 = ORIENTED_EDGE('',*,*,#12862,.F.);
#13117 = ORIENTED_EDGE('',*,*,#13118,.F.);
#13118 = EDGE_CURVE('',#13094,#12855,#13119,.T.);
#13119 = LINE('',#13120,#13121);
#13120 = CARTESIAN_POINT('',(5.089999999999,0.631598307745,
    1.277897472544));
#13121 = VECTOR('',#13122,1.);
#13122 = DIRECTION('',(0.,1.,3.964809169306E-15));
#13123 = ORIENTED_EDGE('',*,*,#13093,.T.);
#13124 = PLANE('',#13125);
#13125 = AXIS2_PLACEMENT_3D('',#13126,#13127,#13128);
#13126 = CARTESIAN_POINT('',(5.089999999999,0.631598307745,
    1.277897472544));
#13127 = DIRECTION('',(1.353906996804E-30,-3.964809169306E-15,1.));
#13128 = DIRECTION('',(0.,-1.,-3.964809169306E-15));
#13129 = ADVANCED_FACE('',(#13130),#13144,.F.);
#13130 = FACE_BOUND('',#13131,.T.);
#13131 = EDGE_LOOP('',(#13132,#13133,#13134,#13135,#13136,#13137,#13138,
    #13139,#13140,#13141,#13142,#13143));
#13132 = ORIENTED_EDGE('',*,*,#12854,.T.);
#13133 = ORIENTED_EDGE('',*,*,#12885,.T.);
#13134 = ORIENTED_EDGE('',*,*,#12909,.T.);
#13135 = ORIENTED_EDGE('',*,*,#12933,.T.);
#13136 = ORIENTED_EDGE('',*,*,#12957,.T.);
#13137 = ORIENTED_EDGE('',*,*,#12981,.T.);
#13138 = ORIENTED_EDGE('',*,*,#13005,.T.);
#13139 = ORIENTED_EDGE('',*,*,#13029,.T.);
#13140 = ORIENTED_EDGE('',*,*,#13053,.T.);
#13141 = ORIENTED_EDGE('',*,*,#13077,.T.);
#13142 = ORIENTED_EDGE('',*,*,#13101,.T.);
#13143 = ORIENTED_EDGE('',*,*,#13118,.T.);
#13144 = PLANE('',#13145);
#13145 = AXIS2_PLACEMENT_3D('',#13146,#13147,#13148);
#13146 = CARTESIAN_POINT('',(5.089999999999,3.41480999208E-18,0.));
#13147 = DIRECTION('',(-1.,0.,0.));
#13148 = DIRECTION('',(0.,0.,1.));
#13149 = ADVANCED_FACE('',(#13150,#13212),#13274,.T.);
#13150 = FACE_BOUND('',#13151,.T.);
#13151 = EDGE_LOOP('',(#13152,#13162,#13171,#13180,#13189,#13198,#13206)
  );
#13152 = ORIENTED_EDGE('',*,*,#13153,.T.);
#13153 = EDGE_CURVE('',#13154,#13156,#13158,.T.);
#13154 = VERTEX_POINT('',#13155);
#13155 = CARTESIAN_POINT('',(5.089999999999,0.670017362753,
    1.277897472544));
#13156 = VERTEX_POINT('',#13157);
#13157 = CARTESIAN_POINT('',(5.089999999999,0.725956338651,
    1.277897472544));
#13158 = LINE('',#13159,#13160);
#13159 = CARTESIAN_POINT('',(5.089999999999,0.725956338651,
    1.277897472544));
#13160 = VECTOR('',#13161,1.);
#13161 = DIRECTION('',(0.,1.,3.876374764046E-15));
#13162 = ORIENTED_EDGE('',*,*,#13163,.T.);
#13163 = EDGE_CURVE('',#13156,#13164,#13166,.T.);
#13164 = VERTEX_POINT('',#13165);
#13165 = CARTESIAN_POINT('',(5.089999999999,0.804925952394,
    1.306386839451));
#13166 = B_SPLINE_CURVE_WITH_KNOTS('',3,(#13167,#13168,#13169,#13170),
  .UNSPECIFIED.,.F.,.F.,(4,4),(5.,6.),.PIECEWISE_BEZIER_KNOTS.);
#13167 = CARTESIAN_POINT('',(5.089999999999,0.725956338651,
    1.277897472544));
#13168 = CARTESIAN_POINT('',(5.089999999999,0.75813684616,1.277897472544
    ));
#13169 = CARTESIAN_POINT('',(5.089999999999,0.784494709339,
    1.287359269581));
#13170 = CARTESIAN_POINT('',(5.089999999999,0.804925952394,
    1.306386839451));
#13171 = ORIENTED_EDGE('',*,*,#13172,.T.);
#13172 = EDGE_CURVE('',#13164,#13173,#13175,.T.);
#13173 = VERTEX_POINT('',#13174);
#13174 = CARTESIAN_POINT('',(5.089999999999,0.835598810926,1.38218519155
    ));
#13175 = B_SPLINE_CURVE_WITH_KNOTS('',3,(#13176,#13177,#13178,#13179),
  .UNSPECIFIED.,.F.,.F.,(4,4),(4.,5.),.PIECEWISE_BEZIER_KNOTS.);
#13176 = CARTESIAN_POINT('',(5.089999999999,0.804925952394,
    1.306386839451));
#13177 = CARTESIAN_POINT('',(5.089999999999,0.82535719545,1.32541440932)
  );
#13178 = CARTESIAN_POINT('',(5.089999999999,0.835598810926,
    1.350680526685));
#13179 = CARTESIAN_POINT('',(5.089999999999,0.835598810926,1.38218519155
    ));
#13180 = ORIENTED_EDGE('',*,*,#13181,.T.);
#13181 = EDGE_CURVE('',#13173,#13182,#13184,.T.);
#13182 = VERTEX_POINT('',#13183);
#13183 = CARTESIAN_POINT('',(5.089999999999,0.804925952394,
    1.454344390943));
#13184 = B_SPLINE_CURVE_WITH_KNOTS('',3,(#13185,#13186,#13187,#13188),
  .UNSPECIFIED.,.F.,.F.,(4,4),(3.,4.),.PIECEWISE_BEZIER_KNOTS.);
#13185 = CARTESIAN_POINT('',(5.089999999999,0.835598810926,1.38218519155
    ));
#13186 = CARTESIAN_POINT('',(5.089999999999,0.835598810926,
    1.412338171123));
#13187 = CARTESIAN_POINT('',(5.089999999999,0.82535719545,1.43635657899)
  );
#13188 = CARTESIAN_POINT('',(5.089999999999,0.804925952394,
    1.454344390943));
#13189 = ORIENTED_EDGE('',*,*,#13190,.T.);
#13190 = EDGE_CURVE('',#13182,#13191,#13193,.T.);
#13191 = VERTEX_POINT('',#13192);
#13192 = CARTESIAN_POINT('',(5.089999999999,0.728035854483,
    1.481274120975));
#13193 = B_SPLINE_CURVE_WITH_KNOTS('',3,(#13194,#13195,#13196,#13197),
  .UNSPECIFIED.,.F.,.F.,(4,4),(2.,3.),.PIECEWISE_BEZIER_KNOTS.);
#13194 = CARTESIAN_POINT('',(5.089999999999,0.804925952394,
    1.454344390943));
#13195 = CARTESIAN_POINT('',(5.089999999999,0.784494709339,
    1.472332202894));
#13196 = CARTESIAN_POINT('',(5.089999999999,0.758864676701,
    1.481274120975));
#13197 = CARTESIAN_POINT('',(5.089999999999,0.728035854483,
    1.481274120975));
#13198 = ORIENTED_EDGE('',*,*,#13199,.T.);
#13199 = EDGE_CURVE('',#13191,#13200,#13202,.T.);
#13200 = VERTEX_POINT('',#13201);
#13201 = CARTESIAN_POINT('',(5.089999999999,0.670017362753,
    1.481274120975));
#13202 = LINE('',#13203,#13204);
#13203 = CARTESIAN_POINT('',(5.089999999999,0.670017362753,
    1.481274120975));
#13204 = VECTOR('',#13205,1.);
#13205 = DIRECTION('',(0.,-1.,-3.737436600523E-15));
#13206 = ORIENTED_EDGE('',*,*,#13207,.T.);
#13207 = EDGE_CURVE('',#13200,#13154,#13208,.T.);
#13208 = LINE('',#13209,#13210);
#13209 = CARTESIAN_POINT('',(5.089999999999,0.670017362753,
    1.277897472544));
#13210 = VECTOR('',#13211,1.);
#13211 = DIRECTION('',(0.,3.19860371635E-15,-1.));
#13212 = FACE_BOUND('',#13213,.T.);
#13213 = EDGE_LOOP('',(#13214,#13224,#13232,#13241,#13250,#13259,#13268)
  );
#13214 = ORIENTED_EDGE('',*,*,#13215,.F.);
#13215 = EDGE_CURVE('',#13216,#13218,#13220,.T.);
#13216 = VERTEX_POINT('',#13217);
#13217 = CARTESIAN_POINT('',(5.089999999999,0.696271250139,
    1.457879567859));
#13218 = VERTEX_POINT('',#13219);
#13219 = CARTESIAN_POINT('',(5.089999999999,0.696271250139,
    1.301084074078));
#13220 = LINE('',#13221,#13222);
#13221 = CARTESIAN_POINT('',(5.089999999999,0.696271250139,
    1.457879567859));
#13222 = VECTOR('',#13223,1.);
#13223 = DIRECTION('',(0.,2.765901356837E-15,-1.));
#13224 = ORIENTED_EDGE('',*,*,#13225,.F.);
#13225 = EDGE_CURVE('',#13226,#13216,#13228,.T.);
#13226 = VERTEX_POINT('',#13227);
#13227 = CARTESIAN_POINT('',(5.089999999999,0.726996096566,
    1.457879567859));
#13228 = LINE('',#13229,#13230);
#13229 = CARTESIAN_POINT('',(5.089999999999,0.726996096566,
    1.457879567859));
#13230 = VECTOR('',#13231,1.);
#13231 = DIRECTION('',(0.,-1.,0.));
#13232 = ORIENTED_EDGE('',*,*,#13233,.F.);
#13233 = EDGE_CURVE('',#13234,#13226,#13236,.T.);
#13234 = VERTEX_POINT('',#13235);
#13235 = CARTESIAN_POINT('',(5.089999999999,0.785690430942,
    1.438748022198));
#13236 = B_SPLINE_CURVE_WITH_KNOTS('',3,(#13237,#13238,#13239,#13240),
  .UNSPECIFIED.,.F.,.F.,(4,4),(5.,6.),.PIECEWISE_BEZIER_KNOTS.);
#13237 = CARTESIAN_POINT('',(5.089999999999,0.785690430942,
    1.438748022198));
#13238 = CARTESIAN_POINT('',(5.089999999999,0.770821892739,
    1.451537044568));
#13239 = CARTESIAN_POINT('',(5.089999999999,0.751222456016,
    1.457879567859));
#13240 = CARTESIAN_POINT('',(5.089999999999,0.726996096566,
    1.457879567859));
#13241 = ORIENTED_EDGE('',*,*,#13242,.F.);
#13242 = EDGE_CURVE('',#13243,#13234,#13245,.T.);
#13243 = VERTEX_POINT('',#13244);
#13244 = CARTESIAN_POINT('',(5.089999999999,0.807993238246,
    1.381457361009));
#13245 = B_SPLINE_CURVE_WITH_KNOTS('',3,(#13246,#13247,#13248,#13249),
  .UNSPECIFIED.,.F.,.F.,(4,4),(4.,5.),.PIECEWISE_BEZIER_KNOTS.);
#13246 = CARTESIAN_POINT('',(5.089999999999,0.807993238246,
    1.381457361009));
#13247 = CARTESIAN_POINT('',(5.089999999999,0.807993238246,
    1.406827454167));
#13248 = CARTESIAN_POINT('',(5.089999999999,0.800558969145,
    1.425958999827));
#13249 = CARTESIAN_POINT('',(5.089999999999,0.785690430942,
    1.438748022198));
#13250 = ORIENTED_EDGE('',*,*,#13251,.F.);
#13251 = EDGE_CURVE('',#13252,#13243,#13254,.T.);
#13252 = VERTEX_POINT('',#13253);
#13253 = CARTESIAN_POINT('',(5.089999999999,0.786262297796,1.32229513557
    ));
#13254 = B_SPLINE_CURVE_WITH_KNOTS('',3,(#13255,#13256,#13257,#13258),
  .UNSPECIFIED.,.F.,.F.,(4,4),(3.,4.),.PIECEWISE_BEZIER_KNOTS.);
#13255 = CARTESIAN_POINT('',(5.089999999999,0.786262297796,1.32229513557
    ));
#13256 = CARTESIAN_POINT('',(5.089999999999,0.800766920729,
    1.336331867441));
#13257 = CARTESIAN_POINT('',(5.089999999999,0.807993238246,
    1.356087267851));
#13258 = CARTESIAN_POINT('',(5.089999999999,0.807993238246,
    1.381457361009));
#13259 = ORIENTED_EDGE('',*,*,#13260,.F.);
#13260 = EDGE_CURVE('',#13261,#13252,#13263,.T.);
#13261 = VERTEX_POINT('',#13262);
#13262 = CARTESIAN_POINT('',(5.089999999999,0.725800374962,
    1.301084074078));
#13263 = B_SPLINE_CURVE_WITH_KNOTS('',3,(#13264,#13265,#13266,#13267),
  .UNSPECIFIED.,.F.,.F.,(4,4),(2.,3.),.PIECEWISE_BEZIER_KNOTS.);
#13264 = CARTESIAN_POINT('',(5.089999999999,0.725800374962,
    1.301084074078));
#13265 = CARTESIAN_POINT('',(5.089999999999,0.751638359182,
    1.301084074078));
#13266 = CARTESIAN_POINT('',(5.089999999999,0.77180966276,1.308154427908
    ));
#13267 = CARTESIAN_POINT('',(5.089999999999,0.786262297796,1.32229513557
    ));
#13268 = ORIENTED_EDGE('',*,*,#13269,.F.);
#13269 = EDGE_CURVE('',#13218,#13261,#13270,.T.);
#13270 = LINE('',#13271,#13272);
#13271 = CARTESIAN_POINT('',(5.089999999999,0.696271250139,
    1.301084074078));
#13272 = VECTOR('',#13273,1.);
#13273 = DIRECTION('',(0.,1.,0.));
#13274 = PLANE('',#13275);
#13275 = AXIS2_PLACEMENT_3D('',#13276,#13277,#13278);
#13276 = CARTESIAN_POINT('',(5.089999999999,0.770379995625,
    1.474554685441));
#13277 = DIRECTION('',(1.,0.,0.));
#13278 = DIRECTION('',(0.,0.,-1.));
#13279 = ADVANCED_FACE('',(#13280),#13296,.F.);
#13280 = FACE_BOUND('',#13281,.T.);
#13281 = EDGE_LOOP('',(#13282,#13283,#13289,#13290));
#13282 = ORIENTED_EDGE('',*,*,#1132,.T.);
#13283 = ORIENTED_EDGE('',*,*,#13284,.F.);
#13284 = EDGE_CURVE('',#13156,#1135,#13285,.T.);
#13285 = LINE('',#13286,#13287);
#13286 = CARTESIAN_POINT('',(5.089999999999,0.725956338651,
    1.277897472544));
#13287 = VECTOR('',#13288,1.);
#13288 = DIRECTION('',(-1.,-3.41480999208E-16,0.));
#13289 = ORIENTED_EDGE('',*,*,#13153,.F.);
#13290 = ORIENTED_EDGE('',*,*,#13291,.T.);
#13291 = EDGE_CURVE('',#13154,#1133,#13292,.T.);
#13292 = LINE('',#13293,#13294);
#13293 = CARTESIAN_POINT('',(5.089999999999,0.670017362753,
    1.277897472544));
#13294 = VECTOR('',#13295,1.);
#13295 = DIRECTION('',(-1.,-3.41480999208E-16,0.));
#13296 = PLANE('',#13297);
#13297 = AXIS2_PLACEMENT_3D('',#13298,#13299,#13300);
#13298 = CARTESIAN_POINT('',(5.089999999999,0.725956338651,
    1.277897472544));
#13299 = DIRECTION('',(1.323708327731E-30,-3.876374764046E-15,1.));
#13300 = DIRECTION('',(0.,-1.,-3.876374764046E-15));
#13301 = ADVANCED_FACE('',(#13302),#13313,.F.);
#13302 = FACE_BOUND('',#13303,.F.);
#13303 = EDGE_LOOP('',(#13304,#13305,#13306,#13312));
#13304 = ORIENTED_EDGE('',*,*,#13284,.F.);
#13305 = ORIENTED_EDGE('',*,*,#13163,.T.);
#13306 = ORIENTED_EDGE('',*,*,#13307,.T.);
#13307 = EDGE_CURVE('',#13164,#1177,#13308,.T.);
#13308 = LINE('',#13309,#13310);
#13309 = CARTESIAN_POINT('',(5.089999999999,0.804925952394,
    1.306386839451));
#13310 = VECTOR('',#13311,1.);
#13311 = DIRECTION('',(-1.,-3.41480999208E-16,0.));
#13312 = ORIENTED_EDGE('',*,*,#1185,.F.);
#13313 = B_SPLINE_SURFACE_WITH_KNOTS('',3,1,(
    (#13314,#13315)
    ,(#13316,#13317)
    ,(#13318,#13319)
    ,(#13320,#13321
    )),.UNSPECIFIED.,.F.,.F.,.F.,(4,4),(2,2),(5.,6.),(0.,1.),
  .PIECEWISE_BEZIER_KNOTS.);
#13314 = CARTESIAN_POINT('',(5.089999999999,0.725956338651,
    1.277897472544));
#13315 = CARTESIAN_POINT('',(5.08,0.725956338651,1.277897472544));
#13316 = CARTESIAN_POINT('',(5.089999999999,0.75813684616,1.277897472544
    ));
#13317 = CARTESIAN_POINT('',(5.08,0.75813684616,1.277897472544));
#13318 = CARTESIAN_POINT('',(5.089999999999,0.784494709339,
    1.287359269581));
#13319 = CARTESIAN_POINT('',(5.08,0.784494709339,1.287359269581));
#13320 = CARTESIAN_POINT('',(5.089999999999,0.804925952394,
    1.306386839451));
#13321 = CARTESIAN_POINT('',(5.08,0.804925952394,1.306386839451));
#13322 = ADVANCED_FACE('',(#13323),#13334,.F.);
#13323 = FACE_BOUND('',#13324,.F.);
#13324 = EDGE_LOOP('',(#13325,#13326,#13327,#13333));
#13325 = ORIENTED_EDGE('',*,*,#13307,.F.);
#13326 = ORIENTED_EDGE('',*,*,#13172,.T.);
#13327 = ORIENTED_EDGE('',*,*,#13328,.T.);
#13328 = EDGE_CURVE('',#13173,#1168,#13329,.T.);
#13329 = LINE('',#13330,#13331);
#13330 = CARTESIAN_POINT('',(5.089999999999,0.835598810926,1.38218519155
    ));
#13331 = VECTOR('',#13332,1.);
#13332 = DIRECTION('',(-1.,-3.41480999208E-16,0.));
#13333 = ORIENTED_EDGE('',*,*,#1176,.F.);
#13334 = B_SPLINE_SURFACE_WITH_KNOTS('',3,1,(
    (#13335,#13336)
    ,(#13337,#13338)
    ,(#13339,#13340)
    ,(#13341,#13342
    )),.UNSPECIFIED.,.F.,.F.,.F.,(4,4),(2,2),(4.,5.),(0.,1.),
  .PIECEWISE_BEZIER_KNOTS.);
#13335 = CARTESIAN_POINT('',(5.089999999999,0.804925952394,
    1.306386839451));
#13336 = CARTESIAN_POINT('',(5.08,0.804925952394,1.306386839451));
#13337 = CARTESIAN_POINT('',(5.089999999999,0.82535719545,1.32541440932)
  );
#13338 = CARTESIAN_POINT('',(5.08,0.82535719545,1.32541440932));
#13339 = CARTESIAN_POINT('',(5.089999999999,0.835598810926,
    1.350680526685));
#13340 = CARTESIAN_POINT('',(5.08,0.835598810926,1.350680526685));
#13341 = CARTESIAN_POINT('',(5.089999999999,0.835598810926,1.38218519155
    ));
#13342 = CARTESIAN_POINT('',(5.08,0.835598810926,1.38218519155));
#13343 = ADVANCED_FACE('',(#13344),#13355,.F.);
#13344 = FACE_BOUND('',#13345,.F.);
#13345 = EDGE_LOOP('',(#13346,#13347,#13348,#13354));
#13346 = ORIENTED_EDGE('',*,*,#13328,.F.);
#13347 = ORIENTED_EDGE('',*,*,#13181,.T.);
#13348 = ORIENTED_EDGE('',*,*,#13349,.T.);
#13349 = EDGE_CURVE('',#13182,#1159,#13350,.T.);
#13350 = LINE('',#13351,#13352);
#13351 = CARTESIAN_POINT('',(5.089999999999,0.804925952394,
    1.454344390943));
#13352 = VECTOR('',#13353,1.);
#13353 = DIRECTION('',(-1.,-3.41480999208E-16,0.));
#13354 = ORIENTED_EDGE('',*,*,#1167,.F.);
#13355 = B_SPLINE_SURFACE_WITH_KNOTS('',3,1,(
    (#13356,#13357)
    ,(#13358,#13359)
    ,(#13360,#13361)
    ,(#13362,#13363
    )),.UNSPECIFIED.,.F.,.F.,.F.,(4,4),(2,2),(3.,4.),(0.,1.),
  .PIECEWISE_BEZIER_KNOTS.);
#13356 = CARTESIAN_POINT('',(5.089999999999,0.835598810926,1.38218519155
    ));
#13357 = CARTESIAN_POINT('',(5.08,0.835598810926,1.38218519155));
#13358 = CARTESIAN_POINT('',(5.089999999999,0.835598810926,
    1.412338171123));
#13359 = CARTESIAN_POINT('',(5.08,0.835598810926,1.412338171123));
#13360 = CARTESIAN_POINT('',(5.089999999999,0.82535719545,1.43635657899)
  );
#13361 = CARTESIAN_POINT('',(5.08,0.82535719545,1.43635657899));
#13362 = CARTESIAN_POINT('',(5.089999999999,0.804925952394,
    1.454344390943));
#13363 = CARTESIAN_POINT('',(5.08,0.804925952394,1.454344390943));
#13364 = ADVANCED_FACE('',(#13365),#13376,.F.);
#13365 = FACE_BOUND('',#13366,.F.);
#13366 = EDGE_LOOP('',(#13367,#13368,#13369,#13375));
#13367 = ORIENTED_EDGE('',*,*,#13349,.F.);
#13368 = ORIENTED_EDGE('',*,*,#13190,.T.);
#13369 = ORIENTED_EDGE('',*,*,#13370,.T.);
#13370 = EDGE_CURVE('',#13191,#1151,#13371,.T.);
#13371 = LINE('',#13372,#13373);
#13372 = CARTESIAN_POINT('',(5.089999999999,0.728035854483,
    1.481274120975));
#13373 = VECTOR('',#13374,1.);
#13374 = DIRECTION('',(-1.,-3.41480999208E-16,0.));
#13375 = ORIENTED_EDGE('',*,*,#1158,.F.);
#13376 = B_SPLINE_SURFACE_WITH_KNOTS('',3,1,(
    (#13377,#13378)
    ,(#13379,#13380)
    ,(#13381,#13382)
    ,(#13383,#13384
    )),.UNSPECIFIED.,.F.,.F.,.F.,(4,4),(2,2),(2.,3.),(0.,1.),
  .PIECEWISE_BEZIER_KNOTS.);
#13377 = CARTESIAN_POINT('',(5.089999999999,0.804925952394,
    1.454344390943));
#13378 = CARTESIAN_POINT('',(5.08,0.804925952394,1.454344390943));
#13379 = CARTESIAN_POINT('',(5.089999999999,0.784494709339,
    1.472332202894));
#13380 = CARTESIAN_POINT('',(5.08,0.784494709339,1.472332202894));
#13381 = CARTESIAN_POINT('',(5.089999999999,0.758864676701,
    1.481274120975));
#13382 = CARTESIAN_POINT('',(5.08,0.758864676701,1.481274120975));
#13383 = CARTESIAN_POINT('',(5.089999999999,0.728035854483,
    1.481274120975));
#13384 = CARTESIAN_POINT('',(5.08,0.728035854483,1.481274120975));
#13385 = ADVANCED_FACE('',(#13386),#13397,.F.);
#13386 = FACE_BOUND('',#13387,.T.);
#13387 = EDGE_LOOP('',(#13388,#13389,#13395,#13396));
#13388 = ORIENTED_EDGE('',*,*,#1150,.T.);
#13389 = ORIENTED_EDGE('',*,*,#13390,.F.);
#13390 = EDGE_CURVE('',#13200,#1143,#13391,.T.);
#13391 = LINE('',#13392,#13393);
#13392 = CARTESIAN_POINT('',(5.089999999999,0.670017362753,
    1.481274120975));
#13393 = VECTOR('',#13394,1.);
#13394 = DIRECTION('',(-1.,-3.41480999208E-16,0.));
#13395 = ORIENTED_EDGE('',*,*,#13199,.F.);
#13396 = ORIENTED_EDGE('',*,*,#13370,.T.);
#13397 = PLANE('',#13398);
#13398 = AXIS2_PLACEMENT_3D('',#13399,#13400,#13401);
#13399 = CARTESIAN_POINT('',(5.089999999999,0.670017362753,
    1.481274120975));
#13400 = DIRECTION('',(-1.276263584823E-30,3.737436600523E-15,-1.));
#13401 = DIRECTION('',(0.,1.,3.737436600523E-15));
#13402 = ADVANCED_FACE('',(#13403),#13409,.F.);
#13403 = FACE_BOUND('',#13404,.T.);
#13404 = EDGE_LOOP('',(#13405,#13406,#13407,#13408));
#13405 = ORIENTED_EDGE('',*,*,#1142,.T.);
#13406 = ORIENTED_EDGE('',*,*,#13291,.F.);
#13407 = ORIENTED_EDGE('',*,*,#13207,.F.);
#13408 = ORIENTED_EDGE('',*,*,#13390,.T.);
#13409 = PLANE('',#13410);
#13410 = AXIS2_PLACEMENT_3D('',#13411,#13412,#13413);
#13411 = CARTESIAN_POINT('',(5.089999999999,0.670017362753,
    1.277897472544));
#13412 = DIRECTION('',(-3.41480999208E-16,1.,3.19860371635E-15));
#13413 = DIRECTION('',(0.,-3.19860371635E-15,1.));
#13414 = ADVANCED_FACE('',(#13415),#13440,.T.);
#13415 = FACE_BOUND('',#13416,.T.);
#13416 = EDGE_LOOP('',(#13417,#13427,#13433,#13434));
#13417 = ORIENTED_EDGE('',*,*,#13418,.F.);
#13418 = EDGE_CURVE('',#13419,#13421,#13423,.T.);
#13419 = VERTEX_POINT('',#13420);
#13420 = CARTESIAN_POINT('',(5.08,0.726996096566,1.457879567859));
#13421 = VERTEX_POINT('',#13422);
#13422 = CARTESIAN_POINT('',(5.079999999999,0.696271250139,
    1.457879567859));
#13423 = LINE('',#13424,#13425);
#13424 = CARTESIAN_POINT('',(5.079999999999,0.726996096566,
    1.457879567859));
#13425 = VECTOR('',#13426,1.);
#13426 = DIRECTION('',(0.,-1.,0.));
#13427 = ORIENTED_EDGE('',*,*,#13428,.F.);
#13428 = EDGE_CURVE('',#13226,#13419,#13429,.T.);
#13429 = LINE('',#13430,#13431);
#13430 = CARTESIAN_POINT('',(5.089999999999,0.726996096566,
    1.457879567859));
#13431 = VECTOR('',#13432,1.);
#13432 = DIRECTION('',(-1.,-3.41480999208E-16,0.));
#13433 = ORIENTED_EDGE('',*,*,#13225,.T.);
#13434 = ORIENTED_EDGE('',*,*,#13435,.T.);
#13435 = EDGE_CURVE('',#13216,#13421,#13436,.T.);
#13436 = LINE('',#13437,#13438);
#13437 = CARTESIAN_POINT('',(5.089999999999,0.696271250139,
    1.457879567859));
#13438 = VECTOR('',#13439,1.);
#13439 = DIRECTION('',(-1.,-3.41480999208E-16,0.));
#13440 = PLANE('',#13441);
#13441 = AXIS2_PLACEMENT_3D('',#13442,#13443,#13444);
#13442 = CARTESIAN_POINT('',(5.089999999999,0.726996096566,
    1.457879567859));
#13443 = DIRECTION('',(0.,0.,-1.));
#13444 = DIRECTION('',(-1.,0.,0.));
#13445 = ADVANCED_FACE('',(#13446),#13464,.T.);
#13446 = FACE_BOUND('',#13447,.T.);
#13447 = EDGE_LOOP('',(#13448,#13456,#13457,#13458));
#13448 = ORIENTED_EDGE('',*,*,#13449,.F.);
#13449 = EDGE_CURVE('',#13421,#13450,#13452,.T.);
#13450 = VERTEX_POINT('',#13451);
#13451 = CARTESIAN_POINT('',(5.079999999999,0.696271250139,
    1.301084074078));
#13452 = LINE('',#13453,#13454);
#13453 = CARTESIAN_POINT('',(5.079999999999,0.696271250139,
    1.457879567859));
#13454 = VECTOR('',#13455,1.);
#13455 = DIRECTION('',(0.,2.765901356837E-15,-1.));
#13456 = ORIENTED_EDGE('',*,*,#13435,.F.);
#13457 = ORIENTED_EDGE('',*,*,#13215,.T.);
#13458 = ORIENTED_EDGE('',*,*,#13459,.T.);
#13459 = EDGE_CURVE('',#13218,#13450,#13460,.T.);
#13460 = LINE('',#13461,#13462);
#13461 = CARTESIAN_POINT('',(5.089999999999,0.696271250139,
    1.301084074078));
#13462 = VECTOR('',#13463,1.);
#13463 = DIRECTION('',(-1.,-3.41480999208E-16,0.));
#13464 = PLANE('',#13465);
#13465 = AXIS2_PLACEMENT_3D('',#13466,#13467,#13468);
#13466 = CARTESIAN_POINT('',(5.089999999999,0.696271250139,
    1.457879567859));
#13467 = DIRECTION('',(-3.41480999208E-16,1.,2.765901356837E-15));
#13468 = DIRECTION('',(0.,-2.765901356837E-15,1.));
#13469 = ADVANCED_FACE('',(#13470),#13488,.T.);
#13470 = FACE_BOUND('',#13471,.T.);
#13471 = EDGE_LOOP('',(#13472,#13480,#13481,#13482));
#13472 = ORIENTED_EDGE('',*,*,#13473,.F.);
#13473 = EDGE_CURVE('',#13450,#13474,#13476,.T.);
#13474 = VERTEX_POINT('',#13475);
#13475 = CARTESIAN_POINT('',(5.079999999999,0.725800374962,
    1.301084074078));
#13476 = LINE('',#13477,#13478);
#13477 = CARTESIAN_POINT('',(5.079999999999,0.696271250139,
    1.301084074078));
#13478 = VECTOR('',#13479,1.);
#13479 = DIRECTION('',(0.,1.,0.));
#13480 = ORIENTED_EDGE('',*,*,#13459,.F.);
#13481 = ORIENTED_EDGE('',*,*,#13269,.T.);
#13482 = ORIENTED_EDGE('',*,*,#13483,.T.);
#13483 = EDGE_CURVE('',#13261,#13474,#13484,.T.);
#13484 = LINE('',#13485,#13486);
#13485 = CARTESIAN_POINT('',(5.089999999999,0.725800374962,
    1.301084074078));
#13486 = VECTOR('',#13487,1.);
#13487 = DIRECTION('',(-1.,-3.41480999208E-16,0.));
#13488 = PLANE('',#13489);
#13489 = AXIS2_PLACEMENT_3D('',#13490,#13491,#13492);
#13490 = CARTESIAN_POINT('',(5.089999999999,0.696271250139,
    1.301084074078));
#13491 = DIRECTION('',(0.,0.,1.));
#13492 = DIRECTION('',(1.,0.,-0.));
#13493 = ADVANCED_FACE('',(#13494),#13513,.T.);
#13494 = FACE_BOUND('',#13495,.T.);
#13495 = EDGE_LOOP('',(#13496,#13505,#13506,#13507));
#13496 = ORIENTED_EDGE('',*,*,#13497,.F.);
#13497 = EDGE_CURVE('',#13474,#13498,#13500,.T.);
#13498 = VERTEX_POINT('',#13499);
#13499 = CARTESIAN_POINT('',(5.08,0.786262297796,1.32229513557));
#13500 = B_SPLINE_CURVE_WITH_KNOTS('',3,(#13501,#13502,#13503,#13504),
  .UNSPECIFIED.,.F.,.F.,(4,4),(2.,3.),.PIECEWISE_BEZIER_KNOTS.);
#13501 = CARTESIAN_POINT('',(5.079999999999,0.725800374962,
    1.301084074078));
#13502 = CARTESIAN_POINT('',(5.08,0.751638359182,1.301084074078));
#13503 = CARTESIAN_POINT('',(5.08,0.77180966276,1.308154427908));
#13504 = CARTESIAN_POINT('',(5.08,0.786262297796,1.32229513557));
#13505 = ORIENTED_EDGE('',*,*,#13483,.F.);
#13506 = ORIENTED_EDGE('',*,*,#13260,.T.);
#13507 = ORIENTED_EDGE('',*,*,#13508,.T.);
#13508 = EDGE_CURVE('',#13252,#13498,#13509,.T.);
#13509 = LINE('',#13510,#13511);
#13510 = CARTESIAN_POINT('',(5.089999999999,0.786262297796,1.32229513557
    ));
#13511 = VECTOR('',#13512,1.);
#13512 = DIRECTION('',(-1.,-3.41480999208E-16,0.));
#13513 = B_SPLINE_SURFACE_WITH_KNOTS('',3,1,(
    (#13514,#13515)
    ,(#13516,#13517)
    ,(#13518,#13519)
    ,(#13520,#13521
    )),.UNSPECIFIED.,.F.,.F.,.F.,(4,4),(2,2),(2.,3.),(0.,1.),
  .PIECEWISE_BEZIER_KNOTS.);
#13514 = CARTESIAN_POINT('',(5.089999999999,0.725800374962,
    1.301084074078));
#13515 = CARTESIAN_POINT('',(5.079999999999,0.725800374962,
    1.301084074078));
#13516 = CARTESIAN_POINT('',(5.089999999999,0.751638359182,
    1.301084074078));
#13517 = CARTESIAN_POINT('',(5.079999999999,0.751638359182,
    1.301084074078));
#13518 = CARTESIAN_POINT('',(5.089999999999,0.77180966276,1.308154427908
    ));
#13519 = CARTESIAN_POINT('',(5.079999999999,0.77180966276,1.308154427908
    ));
#13520 = CARTESIAN_POINT('',(5.089999999999,0.786262297796,1.32229513557
    ));
#13521 = CARTESIAN_POINT('',(5.079999999999,0.786262297796,1.32229513557
    ));
#13522 = ADVANCED_FACE('',(#13523),#13542,.T.);
#13523 = FACE_BOUND('',#13524,.T.);
#13524 = EDGE_LOOP('',(#13525,#13534,#13535,#13536));
#13525 = ORIENTED_EDGE('',*,*,#13526,.F.);
#13526 = EDGE_CURVE('',#13498,#13527,#13529,.T.);
#13527 = VERTEX_POINT('',#13528);
#13528 = CARTESIAN_POINT('',(5.08,0.807993238246,1.381457361009));
#13529 = B_SPLINE_CURVE_WITH_KNOTS('',3,(#13530,#13531,#13532,#13533),
  .UNSPECIFIED.,.F.,.F.,(4,4),(3.,4.),.PIECEWISE_BEZIER_KNOTS.);
#13530 = CARTESIAN_POINT('',(5.08,0.786262297796,1.32229513557));
#13531 = CARTESIAN_POINT('',(5.08,0.800766920729,1.336331867441));
#13532 = CARTESIAN_POINT('',(5.08,0.807993238246,1.356087267851));
#13533 = CARTESIAN_POINT('',(5.08,0.807993238246,1.381457361009));
#13534 = ORIENTED_EDGE('',*,*,#13508,.F.);
#13535 = ORIENTED_EDGE('',*,*,#13251,.T.);
#13536 = ORIENTED_EDGE('',*,*,#13537,.T.);
#13537 = EDGE_CURVE('',#13243,#13527,#13538,.T.);
#13538 = LINE('',#13539,#13540);
#13539 = CARTESIAN_POINT('',(5.089999999999,0.807993238246,
    1.381457361009));
#13540 = VECTOR('',#13541,1.);
#13541 = DIRECTION('',(-1.,-3.41480999208E-16,0.));
#13542 = B_SPLINE_SURFACE_WITH_KNOTS('',3,1,(
    (#13543,#13544)
    ,(#13545,#13546)
    ,(#13547,#13548)
    ,(#13549,#13550
    )),.UNSPECIFIED.,.F.,.F.,.F.,(4,4),(2,2),(3.,4.),(0.,1.),
  .PIECEWISE_BEZIER_KNOTS.);
#13543 = CARTESIAN_POINT('',(5.089999999999,0.786262297796,1.32229513557
    ));
#13544 = CARTESIAN_POINT('',(5.08,0.786262297796,1.32229513557));
#13545 = CARTESIAN_POINT('',(5.089999999999,0.800766920729,
    1.336331867441));
#13546 = CARTESIAN_POINT('',(5.08,0.800766920729,1.336331867441));
#13547 = CARTESIAN_POINT('',(5.089999999999,0.807993238246,
    1.356087267851));
#13548 = CARTESIAN_POINT('',(5.08,0.807993238246,1.356087267851));
#13549 = CARTESIAN_POINT('',(5.089999999999,0.807993238246,
    1.381457361009));
#13550 = CARTESIAN_POINT('',(5.08,0.807993238246,1.381457361009));
#13551 = ADVANCED_FACE('',(#13552),#13571,.T.);
#13552 = FACE_BOUND('',#13553,.T.);
#13553 = EDGE_LOOP('',(#13554,#13563,#13564,#13565));
#13554 = ORIENTED_EDGE('',*,*,#13555,.F.);
#13555 = EDGE_CURVE('',#13527,#13556,#13558,.T.);
#13556 = VERTEX_POINT('',#13557);
#13557 = CARTESIAN_POINT('',(5.08,0.785690430942,1.438748022198));
#13558 = B_SPLINE_CURVE_WITH_KNOTS('',3,(#13559,#13560,#13561,#13562),
  .UNSPECIFIED.,.F.,.F.,(4,4),(4.,5.),.PIECEWISE_BEZIER_KNOTS.);
#13559 = CARTESIAN_POINT('',(5.08,0.807993238246,1.381457361009));
#13560 = CARTESIAN_POINT('',(5.08,0.807993238246,1.406827454167));
#13561 = CARTESIAN_POINT('',(5.08,0.800558969145,1.425958999827));
#13562 = CARTESIAN_POINT('',(5.08,0.785690430942,1.438748022198));
#13563 = ORIENTED_EDGE('',*,*,#13537,.F.);
#13564 = ORIENTED_EDGE('',*,*,#13242,.T.);
#13565 = ORIENTED_EDGE('',*,*,#13566,.T.);
#13566 = EDGE_CURVE('',#13234,#13556,#13567,.T.);
#13567 = LINE('',#13568,#13569);
#13568 = CARTESIAN_POINT('',(5.089999999999,0.785690430942,
    1.438748022198));
#13569 = VECTOR('',#13570,1.);
#13570 = DIRECTION('',(-1.,-3.41480999208E-16,0.));
#13571 = B_SPLINE_SURFACE_WITH_KNOTS('',3,1,(
    (#13572,#13573)
    ,(#13574,#13575)
    ,(#13576,#13577)
    ,(#13578,#13579
    )),.UNSPECIFIED.,.F.,.F.,.F.,(4,4),(2,2),(4.,5.),(0.,1.),
  .PIECEWISE_BEZIER_KNOTS.);
#13572 = CARTESIAN_POINT('',(5.089999999999,0.807993238246,
    1.381457361009));
#13573 = CARTESIAN_POINT('',(5.08,0.807993238246,1.381457361009));
#13574 = CARTESIAN_POINT('',(5.089999999999,0.807993238246,
    1.406827454167));
#13575 = CARTESIAN_POINT('',(5.08,0.807993238246,1.406827454167));
#13576 = CARTESIAN_POINT('',(5.089999999999,0.800558969145,
    1.425958999827));
#13577 = CARTESIAN_POINT('',(5.08,0.800558969145,1.425958999827));
#13578 = CARTESIAN_POINT('',(5.089999999999,0.785690430942,
    1.438748022198));
#13579 = CARTESIAN_POINT('',(5.08,0.785690430942,1.438748022198));
#13580 = ADVANCED_FACE('',(#13581),#13593,.T.);
#13581 = FACE_BOUND('',#13582,.T.);
#13582 = EDGE_LOOP('',(#13583,#13590,#13591,#13592));
#13583 = ORIENTED_EDGE('',*,*,#13584,.F.);
#13584 = EDGE_CURVE('',#13556,#13419,#13585,.T.);
#13585 = B_SPLINE_CURVE_WITH_KNOTS('',3,(#13586,#13587,#13588,#13589),
  .UNSPECIFIED.,.F.,.F.,(4,4),(5.,6.),.PIECEWISE_BEZIER_KNOTS.);
#13586 = CARTESIAN_POINT('',(5.08,0.785690430942,1.438748022198));
#13587 = CARTESIAN_POINT('',(5.08,0.770821892739,1.451537044568));
#13588 = CARTESIAN_POINT('',(5.08,0.751222456016,1.457879567859));
#13589 = CARTESIAN_POINT('',(5.08,0.726996096566,1.457879567859));
#13590 = ORIENTED_EDGE('',*,*,#13566,.F.);
#13591 = ORIENTED_EDGE('',*,*,#13233,.T.);
#13592 = ORIENTED_EDGE('',*,*,#13428,.T.);
#13593 = B_SPLINE_SURFACE_WITH_KNOTS('',3,1,(
    (#13594,#13595)
    ,(#13596,#13597)
    ,(#13598,#13599)
    ,(#13600,#13601
    )),.UNSPECIFIED.,.F.,.F.,.F.,(4,4),(2,2),(5.,6.),(0.,1.),
  .PIECEWISE_BEZIER_KNOTS.);
#13594 = CARTESIAN_POINT('',(5.089999999999,0.785690430942,
    1.438748022198));
#13595 = CARTESIAN_POINT('',(5.08,0.785690430942,1.438748022198));
#13596 = CARTESIAN_POINT('',(5.089999999999,0.770821892739,
    1.451537044568));
#13597 = CARTESIAN_POINT('',(5.08,0.770821892739,1.451537044568));
#13598 = CARTESIAN_POINT('',(5.089999999999,0.751222456016,
    1.457879567859));
#13599 = CARTESIAN_POINT('',(5.08,0.751222456016,1.457879567859));
#13600 = CARTESIAN_POINT('',(5.089999999999,0.726996096566,
    1.457879567859));
#13601 = CARTESIAN_POINT('',(5.08,0.726996096566,1.457879567859));
#13602 = ADVANCED_FACE('',(#13603),#13612,.F.);
#13603 = FACE_BOUND('',#13604,.T.);
#13604 = EDGE_LOOP('',(#13605,#13606,#13607,#13608,#13609,#13610,#13611)
  );
#13605 = ORIENTED_EDGE('',*,*,#13584,.T.);
#13606 = ORIENTED_EDGE('',*,*,#13418,.T.);
#13607 = ORIENTED_EDGE('',*,*,#13449,.T.);
#13608 = ORIENTED_EDGE('',*,*,#13473,.T.);
#13609 = ORIENTED_EDGE('',*,*,#13497,.T.);
#13610 = ORIENTED_EDGE('',*,*,#13526,.T.);
#13611 = ORIENTED_EDGE('',*,*,#13555,.T.);
#13612 = PLANE('',#13613);
#13613 = AXIS2_PLACEMENT_3D('',#13614,#13615,#13616);
#13614 = CARTESIAN_POINT('',(5.079999999999,2.54,2.54));
#13615 = DIRECTION('',(-1.,-3.41480999208E-16,0.));
#13616 = DIRECTION('',(3.41480999208E-16,-1.,0.));
#13617 = ADVANCED_FACE('',(#13618,#13684),#13736,.F.);
#13618 = FACE_BOUND('',#13619,.T.);
#13619 = EDGE_LOOP('',(#13620,#13630,#13638,#13646,#13654,#13662,#13670,
    #13678));
#13620 = ORIENTED_EDGE('',*,*,#13621,.T.);
#13621 = EDGE_CURVE('',#13622,#13624,#13626,.T.);
#13622 = VERTEX_POINT('',#13623);
#13623 = CARTESIAN_POINT('',(5.089999999999,1.029877577589,
    1.277897472544));
#13624 = VERTEX_POINT('',#13625);
#13625 = CARTESIAN_POINT('',(5.089999999999,0.952415612824,
    1.481274120975));
#13626 = LINE('',#13627,#13628);
#13627 = CARTESIAN_POINT('',(5.089999999999,0.952415612824,
    1.481274120975));
#13628 = VECTOR('',#13629,1.);
#13629 = DIRECTION('',(0.,-0.355935724364,0.934510438744));
#13630 = ORIENTED_EDGE('',*,*,#13631,.T.);
#13631 = EDGE_CURVE('',#13624,#13632,#13634,.T.);
#13632 = VERTEX_POINT('',#13633);
#13633 = CARTESIAN_POINT('',(5.089999999999,0.924342149083,
    1.481274120975));
#13634 = LINE('',#13635,#13636);
#13635 = CARTESIAN_POINT('',(5.089999999999,0.924342149083,
    1.481274120975));
#13636 = VECTOR('',#13637,1.);
#13637 = DIRECTION('',(0.,-1.,-7.724035640601E-15));
#13638 = ORIENTED_EDGE('',*,*,#13639,.T.);
#13639 = EDGE_CURVE('',#13632,#13640,#13642,.T.);
#13640 = VERTEX_POINT('',#13641);
#13641 = CARTESIAN_POINT('',(5.089999999999,0.846880184317,
    1.277897472544));
#13642 = LINE('',#13643,#13644);
#13643 = CARTESIAN_POINT('',(5.089999999999,0.846880184317,
    1.277897472544));
#13644 = VECTOR('',#13645,1.);
#13645 = DIRECTION('',(0.,-0.355935724369,-0.934510438742));
#13646 = ORIENTED_EDGE('',*,*,#13647,.T.);
#13647 = EDGE_CURVE('',#13640,#13648,#13650,.T.);
#13648 = VERTEX_POINT('',#13649);
#13649 = CARTESIAN_POINT('',(5.089999999999,0.875889430182,
    1.277897472544));
#13650 = LINE('',#13651,#13652);
#13651 = CARTESIAN_POINT('',(5.089999999999,0.875889430182,
    1.277897472544));
#13652 = VECTOR('',#13653,1.);
#13653 = DIRECTION('',(0.,1.,0.));
#13654 = ORIENTED_EDGE('',*,*,#13655,.T.);
#13655 = EDGE_CURVE('',#13648,#13656,#13658,.T.);
#13656 = VERTEX_POINT('',#13657);
#13657 = CARTESIAN_POINT('',(5.089999999999,0.895436879009,
    1.333524521066));
#13658 = LINE('',#13659,#13660);
#13659 = CARTESIAN_POINT('',(5.089999999999,0.895436879009,
    1.333524521066));
#13660 = VECTOR('',#13661,1.);
#13661 = DIRECTION('',(0.,0.331528418357,0.94344523308));
#13662 = ORIENTED_EDGE('',*,*,#13663,.T.);
#13663 = EDGE_CURVE('',#13656,#13664,#13666,.T.);
#13664 = VERTEX_POINT('',#13665);
#13665 = CARTESIAN_POINT('',(5.089999999999,0.980125161293,
    1.333524521066));
#13666 = LINE('',#13667,#13668);
#13667 = CARTESIAN_POINT('',(5.089999999999,0.980125161293,
    1.333524521066));
#13668 = VECTOR('',#13669,1.);
#13669 = DIRECTION('',(0.,1.,2.560453803615E-15));
#13670 = ORIENTED_EDGE('',*,*,#13671,.T.);
#13671 = EDGE_CURVE('',#13664,#13672,#13674,.T.);
#13672 = VERTEX_POINT('',#13673);
#13673 = CARTESIAN_POINT('',(5.089999999999,1.000868331725,
    1.277897472544));
#13674 = LINE('',#13675,#13676);
#13675 = CARTESIAN_POINT('',(5.089999999999,1.000868331725,
    1.277897472544));
#13676 = VECTOR('',#13677,1.);
#13677 = DIRECTION('',(0.,0.349395479497,-0.936975345944));
#13678 = ORIENTED_EDGE('',*,*,#13679,.T.);
#13679 = EDGE_CURVE('',#13672,#13622,#13680,.T.);
#13680 = LINE('',#13681,#13682);
#13681 = CARTESIAN_POINT('',(5.089999999999,1.029877577589,
    1.277897472544));
#13682 = VECTOR('',#13683,1.);
#13683 = DIRECTION('',(0.,1.,0.));
#13684 = FACE_BOUND('',#13685,.T.);
#13685 = EDGE_LOOP('',(#13686,#13696,#13704,#13713,#13721,#13730));
#13686 = ORIENTED_EDGE('',*,*,#13687,.F.);
#13687 = EDGE_CURVE('',#13688,#13690,#13692,.T.);
#13688 = VERTEX_POINT('',#13689);
#13689 = CARTESIAN_POINT('',(5.089999999999,0.903754942341,
    1.356503171017));
#13690 = VERTEX_POINT('',#13691);
#13691 = CARTESIAN_POINT('',(5.089999999999,0.972015049547,
    1.356503171017));
#13692 = LINE('',#13693,#13694);
#13693 = CARTESIAN_POINT('',(5.089999999999,0.903754942341,
    1.356503171017));
#13694 = VECTOR('',#13695,1.);
#13695 = DIRECTION('',(0.,1.,6.353357572162E-15));
#13696 = ORIENTED_EDGE('',*,*,#13697,.F.);
#13697 = EDGE_CURVE('',#13698,#13688,#13700,.T.);
#13698 = VERTEX_POINT('',#13699);
#13699 = CARTESIAN_POINT('',(5.089999999999,0.934167861392,
    1.441035489614));
#13700 = LINE('',#13701,#13702);
#13701 = CARTESIAN_POINT('',(5.089999999999,0.934167861392,
    1.441035489614));
#13702 = VECTOR('',#13703,1.);
#13703 = DIRECTION('',(0.,-0.338535034295,-0.940953787683));
#13704 = ORIENTED_EDGE('',*,*,#13705,.F.);
#13705 = EDGE_CURVE('',#13706,#13698,#13708,.T.);
#13706 = VERTEX_POINT('',#13707);
#13707 = CARTESIAN_POINT('',(5.089999999999,0.937495086724,
    1.455280173067));
#13708 = B_SPLINE_CURVE_WITH_KNOTS('',3,(#13709,#13710,#13711,#13712),
  .UNSPECIFIED.,.F.,.F.,(4,4),(3.,4.),.PIECEWISE_BEZIER_KNOTS.);
#13709 = CARTESIAN_POINT('',(5.089999999999,0.937495086724,
    1.455280173067));
#13710 = CARTESIAN_POINT('',(5.089999999999,0.936507316704,1.44914560136
    ));
#13711 = CARTESIAN_POINT('',(5.089999999999,0.935415570893,
    1.444362714945));
#13712 = CARTESIAN_POINT('',(5.089999999999,0.934167861392,
    1.441035489614));
#13713 = ORIENTED_EDGE('',*,*,#13714,.F.);
#13714 = EDGE_CURVE('',#13715,#13706,#13717,.T.);
#13715 = VERTEX_POINT('',#13716);
#13716 = CARTESIAN_POINT('',(5.089999999999,0.938118941475,
    1.455280173067));
#13717 = LINE('',#13718,#13719);
#13718 = CARTESIAN_POINT('',(5.089999999999,0.938118941475,
    1.455280173067));
#13719 = VECTOR('',#13720,1.);
#13720 = DIRECTION('',(0.,-1.,0.));
#13721 = ORIENTED_EDGE('',*,*,#13722,.F.);
#13722 = EDGE_CURVE('',#13723,#13715,#13725,.T.);
#13723 = VERTEX_POINT('',#13724);
#13724 = CARTESIAN_POINT('',(5.089999999999,0.941290203119,
    1.441035489614));
#13725 = B_SPLINE_CURVE_WITH_KNOTS('',3,(#13726,#13727,#13728,#13729),
  .UNSPECIFIED.,.F.,.F.,(4,4),(1.,2.),.PIECEWISE_BEZIER_KNOTS.);
#13726 = CARTESIAN_POINT('',(5.089999999999,0.941290203119,
    1.441035489614));
#13727 = CARTESIAN_POINT('',(5.089999999999,0.940302433099,
    1.443842835988));
#13728 = CARTESIAN_POINT('',(5.089999999999,0.939262675181,
    1.448521746611));
#13729 = CARTESIAN_POINT('',(5.089999999999,0.938118941475,
    1.455280173067));
#13730 = ORIENTED_EDGE('',*,*,#13731,.F.);
#13731 = EDGE_CURVE('',#13690,#13723,#13732,.T.);
#13732 = LINE('',#13733,#13734);
#13733 = CARTESIAN_POINT('',(5.089999999999,0.972015049547,
    1.356503171017));
#13734 = VECTOR('',#13735,1.);
#13735 = DIRECTION('',(0.,-0.34160383069,0.939844041774));
#13736 = PLANE('',#13737);
#13737 = AXIS2_PLACEMENT_3D('',#13738,#13739,#13740);
#13738 = CARTESIAN_POINT('',(5.089999999999,3.41480999208E-18,0.));
#13739 = DIRECTION('',(-1.,0.,0.));
#13740 = DIRECTION('',(0.,0.,1.));
#13741 = ADVANCED_FACE('',(#13742),#13758,.F.);
#13742 = FACE_BOUND('',#13743,.T.);
#13743 = EDGE_LOOP('',(#13744,#13745,#13751,#13752));
#13744 = ORIENTED_EDGE('',*,*,#1194,.T.);
#13745 = ORIENTED_EDGE('',*,*,#13746,.F.);
#13746 = EDGE_CURVE('',#13624,#1197,#13747,.T.);
#13747 = LINE('',#13748,#13749);
#13748 = CARTESIAN_POINT('',(5.089999999999,0.952415612824,
    1.481274120975));
#13749 = VECTOR('',#13750,1.);
#13750 = DIRECTION('',(-1.,-3.41480999208E-16,0.));
#13751 = ORIENTED_EDGE('',*,*,#13621,.F.);
#13752 = ORIENTED_EDGE('',*,*,#13753,.T.);
#13753 = EDGE_CURVE('',#13622,#1195,#13754,.T.);
#13754 = LINE('',#13755,#13756);
#13755 = CARTESIAN_POINT('',(5.089999999999,1.029877577589,
    1.277897472544));
#13756 = VECTOR('',#13757,1.);
#13757 = DIRECTION('',(-1.,-3.41480999208E-16,0.));
#13758 = PLANE('',#13759);
#13759 = AXIS2_PLACEMENT_3D('',#13760,#13761,#13762);
#13760 = CARTESIAN_POINT('',(5.089999999999,0.952415612824,
    1.481274120975));
#13761 = DIRECTION('',(3.191175583928E-16,-0.934510438744,
    -0.355935724364));
#13762 = DIRECTION('',(0.,0.355935724364,-0.934510438744));
#13763 = ADVANCED_FACE('',(#13764),#13775,.F.);
#13764 = FACE_BOUND('',#13765,.T.);
#13765 = EDGE_LOOP('',(#13766,#13767,#13773,#13774));
#13766 = ORIENTED_EDGE('',*,*,#1252,.T.);
#13767 = ORIENTED_EDGE('',*,*,#13768,.F.);
#13768 = EDGE_CURVE('',#13632,#1245,#13769,.T.);
#13769 = LINE('',#13770,#13771);
#13770 = CARTESIAN_POINT('',(5.089999999999,0.924342149083,
    1.481274120975));
#13771 = VECTOR('',#13772,1.);
#13772 = DIRECTION('',(-1.,-3.41480999208E-16,0.));
#13773 = ORIENTED_EDGE('',*,*,#13631,.F.);
#13774 = ORIENTED_EDGE('',*,*,#13746,.T.);
#13775 = PLANE('',#13776);
#13776 = AXIS2_PLACEMENT_3D('',#13777,#13778,#13779);
#13777 = CARTESIAN_POINT('',(5.089999999999,0.924342149083,
    1.481274120975));
#13778 = DIRECTION('',(-2.637611408471E-30,7.724035640601E-15,-1.));
#13779 = DIRECTION('',(0.,1.,7.724035640601E-15));
#13780 = ADVANCED_FACE('',(#13781),#13792,.F.);
#13781 = FACE_BOUND('',#13782,.T.);
#13782 = EDGE_LOOP('',(#13783,#13784,#13790,#13791));
#13783 = ORIENTED_EDGE('',*,*,#1244,.T.);
#13784 = ORIENTED_EDGE('',*,*,#13785,.F.);
#13785 = EDGE_CURVE('',#13640,#1237,#13786,.T.);
#13786 = LINE('',#13787,#13788);
#13787 = CARTESIAN_POINT('',(5.089999999999,0.846880184317,
    1.277897472544));
#13788 = VECTOR('',#13789,1.);
#13789 = DIRECTION('',(-1.,-3.41480999208E-16,0.));
#13790 = ORIENTED_EDGE('',*,*,#13639,.F.);
#13791 = ORIENTED_EDGE('',*,*,#13768,.T.);
#13792 = PLANE('',#13793);
#13793 = AXIS2_PLACEMENT_3D('',#13794,#13795,#13796);
#13794 = CARTESIAN_POINT('',(5.089999999999,0.846880184317,
    1.277897472544));
#13795 = DIRECTION('',(-3.191175583921E-16,0.934510438742,
    -0.355935724369));
#13796 = DIRECTION('',(0.,0.355935724369,0.934510438742));
#13797 = ADVANCED_FACE('',(#13798),#13809,.F.);
#13798 = FACE_BOUND('',#13799,.T.);
#13799 = EDGE_LOOP('',(#13800,#13801,#13807,#13808));
#13800 = ORIENTED_EDGE('',*,*,#1236,.T.);
#13801 = ORIENTED_EDGE('',*,*,#13802,.F.);
#13802 = EDGE_CURVE('',#13648,#1229,#13803,.T.);
#13803 = LINE('',#13804,#13805);
#13804 = CARTESIAN_POINT('',(5.089999999999,0.875889430182,
    1.277897472544));
#13805 = VECTOR('',#13806,1.);
#13806 = DIRECTION('',(-1.,-3.41480999208E-16,0.));
#13807 = ORIENTED_EDGE('',*,*,#13647,.F.);
#13808 = ORIENTED_EDGE('',*,*,#13785,.T.);
#13809 = PLANE('',#13810);
#13810 = AXIS2_PLACEMENT_3D('',#13811,#13812,#13813);
#13811 = CARTESIAN_POINT('',(5.089999999999,0.875889430182,
    1.277897472544));
#13812 = DIRECTION('',(0.,0.,1.));
#13813 = DIRECTION('',(1.,0.,-0.));
#13814 = ADVANCED_FACE('',(#13815),#13826,.F.);
#13815 = FACE_BOUND('',#13816,.T.);
#13816 = EDGE_LOOP('',(#13817,#13818,#13824,#13825));
#13817 = ORIENTED_EDGE('',*,*,#1228,.T.);
#13818 = ORIENTED_EDGE('',*,*,#13819,.F.);
#13819 = EDGE_CURVE('',#13656,#1221,#13820,.T.);
#13820 = LINE('',#13821,#13822);
#13821 = CARTESIAN_POINT('',(5.089999999999,0.895436879009,
    1.333524521066));
#13822 = VECTOR('',#13823,1.);
#13823 = DIRECTION('',(-1.,-3.41480999208E-16,0.));
#13824 = ORIENTED_EDGE('',*,*,#13655,.F.);
#13825 = ORIENTED_EDGE('',*,*,#13802,.T.);
#13826 = PLANE('',#13827);
#13827 = AXIS2_PLACEMENT_3D('',#13828,#13829,#13830);
#13828 = CARTESIAN_POINT('',(5.089999999999,0.895436879009,
    1.333524521066));
#13829 = DIRECTION('',(3.221686208905E-16,-0.94344523308,0.331528418357)
  );
#13830 = DIRECTION('',(0.,-0.331528418357,-0.94344523308));
#13831 = ADVANCED_FACE('',(#13832),#13843,.F.);
#13832 = FACE_BOUND('',#13833,.T.);
#13833 = EDGE_LOOP('',(#13834,#13835,#13841,#13842));
#13834 = ORIENTED_EDGE('',*,*,#1220,.T.);
#13835 = ORIENTED_EDGE('',*,*,#13836,.F.);
#13836 = EDGE_CURVE('',#13664,#1213,#13837,.T.);
#13837 = LINE('',#13838,#13839);
#13838 = CARTESIAN_POINT('',(5.089999999999,0.980125161293,
    1.333524521066));
#13839 = VECTOR('',#13840,1.);
#13840 = DIRECTION('',(-1.,-3.41480999208E-16,0.));
#13841 = ORIENTED_EDGE('',*,*,#13663,.F.);
#13842 = ORIENTED_EDGE('',*,*,#13819,.T.);
#13843 = PLANE('',#13844);
#13844 = AXIS2_PLACEMENT_3D('',#13845,#13846,#13847);
#13845 = CARTESIAN_POINT('',(5.089999999999,0.980125161293,
    1.333524521066));
#13846 = DIRECTION('',(8.743463232845E-31,-2.560453803615E-15,1.));
#13847 = DIRECTION('',(0.,-1.,-2.560453803615E-15));
#13848 = ADVANCED_FACE('',(#13849),#13860,.F.);
#13849 = FACE_BOUND('',#13850,.T.);
#13850 = EDGE_LOOP('',(#13851,#13852,#13858,#13859));
#13851 = ORIENTED_EDGE('',*,*,#1212,.T.);
#13852 = ORIENTED_EDGE('',*,*,#13853,.F.);
#13853 = EDGE_CURVE('',#13672,#1205,#13854,.T.);
#13854 = LINE('',#13855,#13856);
#13855 = CARTESIAN_POINT('',(5.089999999999,1.000868331725,
    1.277897472544));
#13856 = VECTOR('',#13857,1.);
#13857 = DIRECTION('',(-1.,-3.41480999208E-16,0.));
#13858 = ORIENTED_EDGE('',*,*,#13671,.F.);
#13859 = ORIENTED_EDGE('',*,*,#13836,.T.);
#13860 = PLANE('',#13861);
#13861 = AXIS2_PLACEMENT_3D('',#13862,#13863,#13864);
#13862 = CARTESIAN_POINT('',(5.089999999999,1.000868331725,
    1.277897472544));
#13863 = DIRECTION('',(-3.199592773665E-16,0.936975345944,0.349395479497
    ));
#13864 = DIRECTION('',(-1.232595164408E-32,-0.349395479497,
    0.936975345944));
#13865 = ADVANCED_FACE('',(#13866),#13872,.F.);
#13866 = FACE_BOUND('',#13867,.T.);
#13867 = EDGE_LOOP('',(#13868,#13869,#13870,#13871));
#13868 = ORIENTED_EDGE('',*,*,#1204,.T.);
#13869 = ORIENTED_EDGE('',*,*,#13753,.F.);
#13870 = ORIENTED_EDGE('',*,*,#13679,.F.);
#13871 = ORIENTED_EDGE('',*,*,#13853,.T.);
#13872 = PLANE('',#13873);
#13873 = AXIS2_PLACEMENT_3D('',#13874,#13875,#13876);
#13874 = CARTESIAN_POINT('',(5.089999999999,1.029877577589,
    1.277897472544));
#13875 = DIRECTION('',(0.,0.,1.));
#13876 = DIRECTION('',(1.,0.,-0.));
#13877 = ADVANCED_FACE('',(#13878),#13903,.T.);
#13878 = FACE_BOUND('',#13879,.T.);
#13879 = EDGE_LOOP('',(#13880,#13890,#13896,#13897));
#13880 = ORIENTED_EDGE('',*,*,#13881,.F.);
#13881 = EDGE_CURVE('',#13882,#13884,#13886,.T.);
#13882 = VERTEX_POINT('',#13883);
#13883 = CARTESIAN_POINT('',(5.079999999999,0.903754942341,
    1.356503171017));
#13884 = VERTEX_POINT('',#13885);
#13885 = CARTESIAN_POINT('',(5.079999999999,0.972015049547,
    1.356503171017));
#13886 = LINE('',#13887,#13888);
#13887 = CARTESIAN_POINT('',(5.079999999999,0.903754942341,
    1.356503171017));
#13888 = VECTOR('',#13889,1.);
#13889 = DIRECTION('',(0.,1.,6.353357572162E-15));
#13890 = ORIENTED_EDGE('',*,*,#13891,.F.);
#13891 = EDGE_CURVE('',#13688,#13882,#13892,.T.);
#13892 = LINE('',#13893,#13894);
#13893 = CARTESIAN_POINT('',(5.089999999999,0.903754942341,
    1.356503171017));
#13894 = VECTOR('',#13895,1.);
#13895 = DIRECTION('',(-1.,-3.41480999208E-16,0.));
#13896 = ORIENTED_EDGE('',*,*,#13687,.T.);
#13897 = ORIENTED_EDGE('',*,*,#13898,.T.);
#13898 = EDGE_CURVE('',#13690,#13884,#13899,.T.);
#13899 = LINE('',#13900,#13901);
#13900 = CARTESIAN_POINT('',(5.089999999999,0.972015049547,
    1.356503171017));
#13901 = VECTOR('',#13902,1.);
#13902 = DIRECTION('',(-1.,-3.41480999208E-16,0.));
#13903 = PLANE('',#13904);
#13904 = AXIS2_PLACEMENT_3D('',#13905,#13906,#13907);
#13905 = CARTESIAN_POINT('',(5.089999999999,0.903754942341,
    1.356503171017));
#13906 = DIRECTION('',(2.169550892067E-30,-6.353357572162E-15,1.));
#13907 = DIRECTION('',(0.,-1.,-6.353357572162E-15));
#13908 = ADVANCED_FACE('',(#13909),#13927,.T.);
#13909 = FACE_BOUND('',#13910,.T.);
#13910 = EDGE_LOOP('',(#13911,#13919,#13920,#13921));
#13911 = ORIENTED_EDGE('',*,*,#13912,.F.);
#13912 = EDGE_CURVE('',#13884,#13913,#13915,.T.);
#13913 = VERTEX_POINT('',#13914);
#13914 = CARTESIAN_POINT('',(5.079999999999,0.941290203119,
    1.441035489614));
#13915 = LINE('',#13916,#13917);
#13916 = CARTESIAN_POINT('',(5.079999999999,0.972015049547,
    1.356503171017));
#13917 = VECTOR('',#13918,1.);
#13918 = DIRECTION('',(0.,-0.34160383069,0.939844041774));
#13919 = ORIENTED_EDGE('',*,*,#13898,.F.);
#13920 = ORIENTED_EDGE('',*,*,#13731,.T.);
#13921 = ORIENTED_EDGE('',*,*,#13922,.T.);
#13922 = EDGE_CURVE('',#13723,#13913,#13923,.T.);
#13923 = LINE('',#13924,#13925);
#13924 = CARTESIAN_POINT('',(5.089999999999,0.941290203119,
    1.441035489614));
#13925 = VECTOR('',#13926,1.);
#13926 = DIRECTION('',(-1.,-3.41480999208E-16,0.));
#13927 = PLANE('',#13928);
#13928 = AXIS2_PLACEMENT_3D('',#13929,#13930,#13931);
#13929 = CARTESIAN_POINT('',(5.089999999999,0.972015049547,
    1.356503171017));
#13930 = DIRECTION('',(3.209388824849E-16,-0.939844041774,-0.34160383069
    ));
#13931 = DIRECTION('',(0.,0.34160383069,-0.939844041774));
#13932 = ADVANCED_FACE('',(#13933),#13952,.T.);
#13933 = FACE_BOUND('',#13934,.T.);
#13934 = EDGE_LOOP('',(#13935,#13944,#13945,#13946));
#13935 = ORIENTED_EDGE('',*,*,#13936,.F.);
#13936 = EDGE_CURVE('',#13913,#13937,#13939,.T.);
#13937 = VERTEX_POINT('',#13938);
#13938 = CARTESIAN_POINT('',(5.08,0.938118941475,1.455280173067));
#13939 = B_SPLINE_CURVE_WITH_KNOTS('',3,(#13940,#13941,#13942,#13943),
  .UNSPECIFIED.,.F.,.F.,(4,4),(1.,2.),.PIECEWISE_BEZIER_KNOTS.);
#13940 = CARTESIAN_POINT('',(5.079999999999,0.941290203119,
    1.441035489614));
#13941 = CARTESIAN_POINT('',(5.08,0.940302433099,1.443842835988));
#13942 = CARTESIAN_POINT('',(5.08,0.939262675181,1.448521746611));
#13943 = CARTESIAN_POINT('',(5.08,0.938118941475,1.455280173067));
#13944 = ORIENTED_EDGE('',*,*,#13922,.F.);
#13945 = ORIENTED_EDGE('',*,*,#13722,.T.);
#13946 = ORIENTED_EDGE('',*,*,#13947,.T.);
#13947 = EDGE_CURVE('',#13715,#13937,#13948,.T.);
#13948 = LINE('',#13949,#13950);
#13949 = CARTESIAN_POINT('',(5.089999999999,0.938118941475,
    1.455280173067));
#13950 = VECTOR('',#13951,1.);
#13951 = DIRECTION('',(-1.,-3.41480999208E-16,0.));
#13952 = B_SPLINE_SURFACE_WITH_KNOTS('',3,1,(
    (#13953,#13954)
    ,(#13955,#13956)
    ,(#13957,#13958)
    ,(#13959,#13960
    )),.UNSPECIFIED.,.F.,.F.,.F.,(4,4),(2,2),(1.,2.),(0.,1.),
  .PIECEWISE_BEZIER_KNOTS.);
#13953 = CARTESIAN_POINT('',(5.089999999999,0.941290203119,
    1.441035489614));
#13954 = CARTESIAN_POINT('',(5.079999999999,0.941290203119,
    1.441035489614));
#13955 = CARTESIAN_POINT('',(5.089999999999,0.940302433099,
    1.443842835988));
#13956 = CARTESIAN_POINT('',(5.079999999999,0.940302433099,
    1.443842835988));
#13957 = CARTESIAN_POINT('',(5.089999999999,0.939262675181,
    1.448521746611));
#13958 = CARTESIAN_POINT('',(5.079999999999,0.939262675181,
    1.448521746611));
#13959 = CARTESIAN_POINT('',(5.089999999999,0.938118941475,
    1.455280173067));
#13960 = CARTESIAN_POINT('',(5.079999999999,0.938118941475,
    1.455280173067));
#13961 = ADVANCED_FACE('',(#13962),#13980,.T.);
#13962 = FACE_BOUND('',#13963,.T.);
#13963 = EDGE_LOOP('',(#13964,#13972,#13973,#13974));
#13964 = ORIENTED_EDGE('',*,*,#13965,.F.);
#13965 = EDGE_CURVE('',#13937,#13966,#13968,.T.);
#13966 = VERTEX_POINT('',#13967);
#13967 = CARTESIAN_POINT('',(5.079999999999,0.937495086724,
    1.455280173067));
#13968 = LINE('',#13969,#13970);
#13969 = CARTESIAN_POINT('',(5.079999999999,0.938118941475,
    1.455280173067));
#13970 = VECTOR('',#13971,1.);
#13971 = DIRECTION('',(0.,-1.,0.));
#13972 = ORIENTED_EDGE('',*,*,#13947,.F.);
#13973 = ORIENTED_EDGE('',*,*,#13714,.T.);
#13974 = ORIENTED_EDGE('',*,*,#13975,.T.);
#13975 = EDGE_CURVE('',#13706,#13966,#13976,.T.);
#13976 = LINE('',#13977,#13978);
#13977 = CARTESIAN_POINT('',(5.089999999999,0.937495086724,
    1.455280173067));
#13978 = VECTOR('',#13979,1.);
#13979 = DIRECTION('',(-1.,-3.41480999208E-16,0.));
#13980 = PLANE('',#13981);
#13981 = AXIS2_PLACEMENT_3D('',#13982,#13983,#13984);
#13982 = CARTESIAN_POINT('',(5.089999999999,0.938118941475,
    1.455280173067));
#13983 = DIRECTION('',(0.,0.,-1.));
#13984 = DIRECTION('',(-1.,0.,0.));
#13985 = ADVANCED_FACE('',(#13986),#14005,.T.);
#13986 = FACE_BOUND('',#13987,.T.);
#13987 = EDGE_LOOP('',(#13988,#13997,#13998,#13999));
#13988 = ORIENTED_EDGE('',*,*,#13989,.F.);
#13989 = EDGE_CURVE('',#13966,#13990,#13992,.T.);
#13990 = VERTEX_POINT('',#13991);
#13991 = CARTESIAN_POINT('',(5.08,0.934167861392,1.441035489614));
#13992 = B_SPLINE_CURVE_WITH_KNOTS('',3,(#13993,#13994,#13995,#13996),
  .UNSPECIFIED.,.F.,.F.,(4,4),(3.,4.),.PIECEWISE_BEZIER_KNOTS.);
#13993 = CARTESIAN_POINT('',(5.079999999999,0.937495086724,
    1.455280173067));
#13994 = CARTESIAN_POINT('',(5.08,0.936507316704,1.44914560136));
#13995 = CARTESIAN_POINT('',(5.08,0.935415570893,1.444362714945));
#13996 = CARTESIAN_POINT('',(5.08,0.934167861392,1.441035489614));
#13997 = ORIENTED_EDGE('',*,*,#13975,.F.);
#13998 = ORIENTED_EDGE('',*,*,#13705,.T.);
#13999 = ORIENTED_EDGE('',*,*,#14000,.T.);
#14000 = EDGE_CURVE('',#13698,#13990,#14001,.T.);
#14001 = LINE('',#14002,#14003);
#14002 = CARTESIAN_POINT('',(5.089999999999,0.934167861392,
    1.441035489614));
#14003 = VECTOR('',#14004,1.);
#14004 = DIRECTION('',(-1.,-3.41480999208E-16,0.));
#14005 = B_SPLINE_SURFACE_WITH_KNOTS('',3,1,(
    (#14006,#14007)
    ,(#14008,#14009)
    ,(#14010,#14011)
    ,(#14012,#14013
    )),.UNSPECIFIED.,.F.,.F.,.F.,(4,4),(2,2),(3.,4.),(0.,1.),
  .PIECEWISE_BEZIER_KNOTS.);
#14006 = CARTESIAN_POINT('',(5.089999999999,0.937495086724,
    1.455280173067));
#14007 = CARTESIAN_POINT('',(5.079999999999,0.937495086724,
    1.455280173067));
#14008 = CARTESIAN_POINT('',(5.089999999999,0.936507316704,1.44914560136
    ));
#14009 = CARTESIAN_POINT('',(5.079999999999,0.936507316704,1.44914560136
    ));
#14010 = CARTESIAN_POINT('',(5.089999999999,0.935415570893,
    1.444362714945));
#14011 = CARTESIAN_POINT('',(5.079999999999,0.935415570893,
    1.444362714945));
#14012 = CARTESIAN_POINT('',(5.089999999999,0.934167861392,
    1.441035489614));
#14013 = CARTESIAN_POINT('',(5.079999999999,0.934167861392,
    1.441035489614));
#14014 = ADVANCED_FACE('',(#14015),#14026,.T.);
#14015 = FACE_BOUND('',#14016,.T.);
#14016 = EDGE_LOOP('',(#14017,#14023,#14024,#14025));
#14017 = ORIENTED_EDGE('',*,*,#14018,.F.);
#14018 = EDGE_CURVE('',#13990,#13882,#14019,.T.);
#14019 = LINE('',#14020,#14021);
#14020 = CARTESIAN_POINT('',(5.079999999999,0.934167861392,
    1.441035489614));
#14021 = VECTOR('',#14022,1.);
#14022 = DIRECTION('',(0.,-0.338535034295,-0.940953787683));
#14023 = ORIENTED_EDGE('',*,*,#14000,.F.);
#14024 = ORIENTED_EDGE('',*,*,#13697,.T.);
#14025 = ORIENTED_EDGE('',*,*,#13891,.T.);
#14026 = PLANE('',#14027);
#14027 = AXIS2_PLACEMENT_3D('',#14028,#14029,#14030);
#14028 = CARTESIAN_POINT('',(5.089999999999,0.934167861392,
    1.441035489614));
#14029 = DIRECTION('',(-3.213178396267E-16,0.940953787683,
    -0.338535034295));
#14030 = DIRECTION('',(0.,0.338535034295,0.940953787683));
#14031 = ADVANCED_FACE('',(#14032),#14040,.F.);
#14032 = FACE_BOUND('',#14033,.T.);
#14033 = EDGE_LOOP('',(#14034,#14035,#14036,#14037,#14038,#14039));
#14034 = ORIENTED_EDGE('',*,*,#14018,.T.);
#14035 = ORIENTED_EDGE('',*,*,#13881,.T.);
#14036 = ORIENTED_EDGE('',*,*,#13912,.T.);
#14037 = ORIENTED_EDGE('',*,*,#13936,.T.);
#14038 = ORIENTED_EDGE('',*,*,#13965,.T.);
#14039 = ORIENTED_EDGE('',*,*,#13989,.T.);
#14040 = PLANE('',#14041);
#14041 = AXIS2_PLACEMENT_3D('',#14042,#14043,#14044);
#14042 = CARTESIAN_POINT('',(5.079999999999,2.54,2.54));
#14043 = DIRECTION('',(-1.,-3.41480999208E-16,0.));
#14044 = DIRECTION('',(3.41480999208E-16,-1.,0.));
#14045 = ADVANCED_FACE('',(#14046,#14340),#14365,.F.);
#14046 = FACE_BOUND('',#14047,.T.);
#14047 = EDGE_LOOP('',(#14048,#14059,#14068,#14077,#14086,#14095,#14104,
    #14113,#14122,#14131,#14140,#14149,#14158,#14167,#14175,#14183,
    #14191,#14200,#14209,#14218,#14227,#14236,#14245,#14254,#14263,
    #14272,#14281,#14289,#14298,#14307,#14316,#14324,#14333));
#14048 = ORIENTED_EDGE('',*,*,#14049,.T.);
#14049 = EDGE_CURVE('',#14050,#14052,#14054,.T.);
#14050 = VERTEX_POINT('',#14051);
#14051 = CARTESIAN_POINT('',(5.089999999999,-0.207582618616,
    1.479630332982));
#14052 = VERTEX_POINT('',#14053);
#14053 = CARTESIAN_POINT('',(5.089999999999,-0.350735315406,
    1.669054602684));
#14054 = B_SPLINE_CURVE_WITH_KNOTS('',3,(#14055,#14056,#14057,#14058),
  .UNSPECIFIED.,.F.,.F.,(4,4),(35.,36.),.PIECEWISE_BEZIER_KNOTS.);
#14055 = CARTESIAN_POINT('',(5.089999999999,-0.207582618616,
    1.479630332982));
#14056 = CARTESIAN_POINT('',(5.089999999999,-0.209028583722,
    1.566389508057));
#14057 = CARTESIAN_POINT('',(5.089999999999,-0.268314090812,
    1.643026844645));
#14058 = CARTESIAN_POINT('',(5.089999999999,-0.350735315406,
    1.669054602684));
#14059 = ORIENTED_EDGE('',*,*,#14060,.T.);
#14060 = EDGE_CURVE('',#14052,#14061,#14063,.T.);
#14061 = VERTEX_POINT('',#14062);
#14062 = CARTESIAN_POINT('',(5.089999999999,-0.428818644681,
    1.783287590537));
#14063 = B_SPLINE_CURVE_WITH_KNOTS('',3,(#14064,#14065,#14066,#14067),
  .UNSPECIFIED.,.F.,.F.,(4,4),(0.,1.),.PIECEWISE_BEZIER_KNOTS.);
#14064 = CARTESIAN_POINT('',(5.089999999999,-0.350735315406,
    1.669054602684));
#14065 = CARTESIAN_POINT('',(5.089999999999,-0.366641152218,1.7124342178
    ));
#14066 = CARTESIAN_POINT('',(5.089999999999,-0.394114930523,
    1.751475868648));
#14067 = CARTESIAN_POINT('',(5.089999999999,-0.428818644681,
    1.783287590537));
#14068 = ORIENTED_EDGE('',*,*,#14069,.T.);
#14069 = EDGE_CURVE('',#14061,#14070,#14072,.T.);
#14070 = VERTEX_POINT('',#14071);
#14071 = CARTESIAN_POINT('',(5.089999999999,-0.625472877816,
    1.858478927545));
#14072 = B_SPLINE_CURVE_WITH_KNOTS('',3,(#14073,#14074,#14075,#14076),
  .UNSPECIFIED.,.F.,.F.,(4,4),(1.,2.),.PIECEWISE_BEZIER_KNOTS.);
#14073 = CARTESIAN_POINT('',(5.089999999999,-0.428818644681,
    1.783287590537));
#14074 = CARTESIAN_POINT('',(5.089999999999,-0.483766146131,
    1.831005171649));
#14075 = CARTESIAN_POINT('',(5.089999999999,-0.553173519287,
    1.858478927545));
#14076 = CARTESIAN_POINT('',(5.089999999999,-0.625472877816,
    1.858478927545));
#14077 = ORIENTED_EDGE('',*,*,#14078,.T.);
#14078 = EDGE_CURVE('',#14070,#14079,#14081,.T.);
#14079 = VERTEX_POINT('',#14080);
#14080 = CARTESIAN_POINT('',(5.089999999999,-0.798991338284,
    1.802085426513));
#14081 = B_SPLINE_CURVE_WITH_KNOTS('',3,(#14082,#14083,#14084,#14085),
  .UNSPECIFIED.,.F.,.F.,(4,4),(2.,3.),.PIECEWISE_BEZIER_KNOTS.);
#14082 = CARTESIAN_POINT('',(5.089999999999,-0.625472877816,
    1.858478927545));
#14083 = CARTESIAN_POINT('',(5.089999999999,-0.689096307804,
    1.858478927545));
#14084 = CARTESIAN_POINT('',(5.089999999999,-0.748381787314,
    1.838235107501));
#14085 = CARTESIAN_POINT('',(5.089999999999,-0.798991338284,
    1.802085426513));
#14086 = ORIENTED_EDGE('',*,*,#14087,.T.);
#14087 = EDGE_CURVE('',#14079,#14088,#14090,.T.);
#14088 = VERTEX_POINT('',#14089);
#14089 = CARTESIAN_POINT('',(5.089999999999,-0.862614768273,
    1.738461989629));
#14090 = B_SPLINE_CURVE_WITH_KNOTS('',3,(#14091,#14092,#14093,#14094),
  .UNSPECIFIED.,.F.,.F.,(4,4),(3.,4.),.PIECEWISE_BEZIER_KNOTS.);
#14091 = CARTESIAN_POINT('',(5.089999999999,-0.798991338284,
    1.802085426513));
#14092 = CARTESIAN_POINT('',(5.089999999999,-0.823573131216,
    1.784733576329));
#14093 = CARTESIAN_POINT('',(5.089999999999,-0.843816946088,
    1.763043768771));
#14094 = CARTESIAN_POINT('',(5.089999999999,-0.862614768273,
    1.738461989629));
#14095 = ORIENTED_EDGE('',*,*,#14096,.T.);
#14096 = EDGE_CURVE('',#14088,#14097,#14099,.T.);
#14097 = VERTEX_POINT('',#14098);
#14098 = CARTESIAN_POINT('',(5.089999999999,-0.895872462165,
    1.741353961212));
#14099 = B_SPLINE_CURVE_WITH_KNOTS('',3,(#14100,#14101,#14102,#14103),
  .UNSPECIFIED.,.F.,.F.,(4,4),(4.,5.),.PIECEWISE_BEZIER_KNOTS.);
#14100 = CARTESIAN_POINT('',(5.089999999999,-0.862614768273,
    1.738461989629));
#14101 = CARTESIAN_POINT('',(5.089999999999,-0.874182654606,
    1.739907982316));
#14102 = CARTESIAN_POINT('',(5.089999999999,-0.884304575832,
    1.741353961212));
#14103 = CARTESIAN_POINT('',(5.089999999999,-0.895872462165,
    1.741353961212));
#14104 = ORIENTED_EDGE('',*,*,#14105,.T.);
#14105 = EDGE_CURVE('',#14097,#14106,#14108,.T.);
#14106 = VERTEX_POINT('',#14107);
#14107 = CARTESIAN_POINT('',(5.089999999999,-1.06216098678,
    1.671946574267));
#14108 = B_SPLINE_CURVE_WITH_KNOTS('',3,(#14109,#14110,#14111,#14112),
  .UNSPECIFIED.,.F.,.F.,(4,4),(5.,6.),.PIECEWISE_BEZIER_KNOTS.);
#14109 = CARTESIAN_POINT('',(5.089999999999,-0.895872462165,
    1.741353961212));
#14110 = CARTESIAN_POINT('',(5.089999999999,-0.958049913257,
    1.741353961212));
#14111 = CARTESIAN_POINT('',(5.089999999999,-1.017335378977,
    1.716772182071));
#14112 = CARTESIAN_POINT('',(5.089999999999,-1.06216098678,
    1.671946574267));
#14113 = ORIENTED_EDGE('',*,*,#14114,.T.);
#14114 = EDGE_CURVE('',#14106,#14115,#14117,.T.);
#14115 = VERTEX_POINT('',#14116);
#14116 = CARTESIAN_POINT('',(5.089999999999,-1.130122422409,
    1.507104056128));
#14117 = B_SPLINE_CURVE_WITH_KNOTS('',3,(#14118,#14119,#14120,#14121),
  .UNSPECIFIED.,.F.,.F.,(4,4),(6.,7.),.PIECEWISE_BEZIER_KNOTS.);
#14118 = CARTESIAN_POINT('',(5.089999999999,-1.06216098678,
    1.671946574267));
#14119 = CARTESIAN_POINT('',(5.089999999999,-1.10554063982,
    1.628566972939));
#14120 = CARTESIAN_POINT('',(5.089999999999,-1.130122422409,
    1.569281493429));
#14121 = CARTESIAN_POINT('',(5.089999999999,-1.130122422409,
    1.507104056128));
#14122 = ORIENTED_EDGE('',*,*,#14123,.T.);
#14123 = EDGE_CURVE('',#14115,#14124,#14126,.T.);
#14124 = VERTEX_POINT('',#14125);
#14125 = CARTESIAN_POINT('',(5.089999999999,-1.069390964003,
    1.349491487631));
#14126 = B_SPLINE_CURVE_WITH_KNOTS('',3,(#14127,#14128,#14129,#14130),
  .UNSPECIFIED.,.F.,.F.,(4,4),(7.,8.),.PIECEWISE_BEZIER_KNOTS.);
#14127 = CARTESIAN_POINT('',(5.089999999999,-1.130122422409,
    1.507104056128));
#14128 = CARTESIAN_POINT('',(5.089999999999,-1.130122422409,
    1.449264569304));
#14129 = CARTESIAN_POINT('',(5.089999999999,-1.108432614851,
    1.392871047588));
#14130 = CARTESIAN_POINT('',(5.089999999999,-1.069390964003,
    1.349491487631));
#14131 = ORIENTED_EDGE('',*,*,#14132,.T.);
#14132 = EDGE_CURVE('',#14124,#14133,#14135,.T.);
#14133 = VERTEX_POINT('',#14134);
#14134 = CARTESIAN_POINT('',(5.089999999999,-0.953711990358,
    1.280084114475));
#14135 = B_SPLINE_CURVE_WITH_KNOTS('',3,(#14136,#14137,#14138,#14139),
  .UNSPECIFIED.,.F.,.F.,(4,4),(8.,9.),.PIECEWISE_BEZIER_KNOTS.);
#14136 = CARTESIAN_POINT('',(5.089999999999,-1.069390964003,
    1.349491487631));
#14137 = CARTESIAN_POINT('',(5.089999999999,-1.037579249009,
    1.314787773472));
#14138 = CARTESIAN_POINT('',(5.089999999999,-0.998537584371,
    1.291652000808));
#14139 = CARTESIAN_POINT('',(5.089999999999,-0.953711990358,
    1.280084114475));
#14140 = ORIENTED_EDGE('',*,*,#14141,.T.);
#14141 = EDGE_CURVE('',#14133,#14142,#14144,.T.);
#14142 = VERTEX_POINT('',#14143);
#14143 = CARTESIAN_POINT('',(5.089999999999,-0.816343195363,
    1.181756997908));
#14144 = B_SPLINE_CURVE_WITH_KNOTS('',3,(#14145,#14146,#14147,#14148),
  .UNSPECIFIED.,.F.,.F.,(4,4),(9.,10.),.PIECEWISE_BEZIER_KNOTS.);
#14145 = CARTESIAN_POINT('',(5.089999999999,-0.953711990358,
    1.280084114475));
#14146 = CARTESIAN_POINT('',(5.089999999999,-0.934914154383,
    1.222244627652));
#14147 = CARTESIAN_POINT('',(5.089999999999,-0.879966652933,
    1.181756997908));
#14148 = CARTESIAN_POINT('',(5.089999999999,-0.816343195363,
    1.181756997908));
#14149 = ORIENTED_EDGE('',*,*,#14150,.T.);
#14150 = EDGE_CURVE('',#14142,#14151,#14153,.T.);
#14151 = VERTEX_POINT('',#14152);
#14152 = CARTESIAN_POINT('',(5.089999999999,-0.671744478305,
    1.326355714965));
#14153 = B_SPLINE_CURVE_WITH_KNOTS('',3,(#14154,#14155,#14156,#14157),
  .UNSPECIFIED.,.F.,.F.,(4,4),(10.,11.),.PIECEWISE_BEZIER_KNOTS.);
#14154 = CARTESIAN_POINT('',(5.089999999999,-0.816343195363,
    1.181756997908));
#14155 = CARTESIAN_POINT('',(5.089999999999,-0.736813900982,
    1.181756997908));
#14156 = CARTESIAN_POINT('',(5.089999999999,-0.671744478305,
    1.246826420583));
#14157 = CARTESIAN_POINT('',(5.089999999999,-0.671744478305,
    1.326355714965));
#14158 = ORIENTED_EDGE('',*,*,#14159,.T.);
#14159 = EDGE_CURVE('',#14151,#14160,#14162,.T.);
#14160 = VERTEX_POINT('',#14161);
#14161 = CARTESIAN_POINT('',(5.089999999999,-0.671744478305,
    1.340815586672));
#14162 = B_SPLINE_CURVE_WITH_KNOTS('',3,(#14163,#14164,#14165,#14166),
  .UNSPECIFIED.,.F.,.F.,(4,4),(11.,12.),.PIECEWISE_BEZIER_KNOTS.);
#14163 = CARTESIAN_POINT('',(5.089999999999,-0.671744478305,
    1.326355714965));
#14164 = CARTESIAN_POINT('',(5.089999999999,-0.671744478305,
    1.330693665445));
#14165 = CARTESIAN_POINT('',(5.089999999999,-0.671744478305,
    1.335031615925));
#14166 = CARTESIAN_POINT('',(5.089999999999,-0.671744478305,
    1.340815586672));
#14167 = ORIENTED_EDGE('',*,*,#14168,.T.);
#14168 = EDGE_CURVE('',#14160,#14169,#14171,.T.);
#14169 = VERTEX_POINT('',#14170);
#14170 = CARTESIAN_POINT('',(5.089999999999,-0.469306274425,
    1.447818631778));
#14171 = LINE('',#14172,#14173);
#14172 = CARTESIAN_POINT('',(5.089999999999,-0.671744478305,
    1.340815586672));
#14173 = VECTOR('',#14174,1.);
#14174 = DIRECTION('',(0.,0.884094950248,0.467307306754));
#14175 = ORIENTED_EDGE('',*,*,#14176,.T.);
#14176 = EDGE_CURVE('',#14169,#14177,#14179,.T.);
#14177 = VERTEX_POINT('',#14178);
#14178 = CARTESIAN_POINT('',(5.089999999999,-0.514131854649,
    1.524455968366));
#14179 = LINE('',#14180,#14181);
#14180 = CARTESIAN_POINT('',(5.089999999999,-0.469306274425,
    1.447818631778));
#14181 = VECTOR('',#14182,1.);
#14182 = DIRECTION('',(0.,-0.504883048649,0.863187758942));
#14183 = ORIENTED_EDGE('',*,*,#14184,.T.);
#14184 = EDGE_CURVE('',#14177,#14185,#14187,.T.);
#14185 = VERTEX_POINT('',#14186);
#14186 = CARTESIAN_POINT('',(5.089999999999,-0.70789412999,
    1.423236866426));
#14187 = LINE('',#14188,#14189);
#14188 = CARTESIAN_POINT('',(5.089999999999,-0.514131854649,
    1.524455968366));
#14189 = VECTOR('',#14190,1.);
#14190 = DIRECTION('',(0.,-0.886348842796,-0.463018065387));
#14191 = ORIENTED_EDGE('',*,*,#14192,.T.);
#14192 = EDGE_CURVE('',#14185,#14193,#14195,.T.);
#14193 = VERTEX_POINT('',#14194);
#14194 = CARTESIAN_POINT('',(5.089999999999,-0.816343167783,
    1.47240042471));
#14195 = B_SPLINE_CURVE_WITH_KNOTS('',3,(#14196,#14197,#14198,#14199),
  .UNSPECIFIED.,.F.,.F.,(4,4),(15.,16.),.PIECEWISE_BEZIER_KNOTS.);
#14196 = CARTESIAN_POINT('',(5.089999999999,-0.70789412999,
    1.423236866426));
#14197 = CARTESIAN_POINT('',(5.089999999999,-0.733921888029,
    1.453602602524));
#14198 = CARTESIAN_POINT('',(5.089999999999,-0.772963552666,
    1.47240042471));
#14199 = CARTESIAN_POINT('',(5.089999999999,-0.816343167783,
    1.47240042471));
#14200 = ORIENTED_EDGE('',*,*,#14201,.T.);
#14201 = EDGE_CURVE('',#14193,#14202,#14204,.T.);
#14202 = VERTEX_POINT('',#14203);
#14203 = CARTESIAN_POINT('',(5.089999999999,-0.952265956301,
    1.376965265936));
#14204 = B_SPLINE_CURVE_WITH_KNOTS('',3,(#14205,#14206,#14207,#14208),
  .UNSPECIFIED.,.F.,.F.,(4,4),(16.,17.),.PIECEWISE_BEZIER_KNOTS.);
#14205 = CARTESIAN_POINT('',(5.089999999999,-0.816343167783,
    1.47240042471));
#14206 = CARTESIAN_POINT('',(5.089999999999,-0.878520632666,
    1.47240042471));
#14207 = CARTESIAN_POINT('',(5.089999999999,-0.932022141429,
    1.431912794966));
#14208 = CARTESIAN_POINT('',(5.089999999999,-0.952265956301,
    1.376965265936));
#14209 = ORIENTED_EDGE('',*,*,#14210,.T.);
#14210 = EDGE_CURVE('',#14202,#14211,#14213,.T.);
#14211 = VERTEX_POINT('',#14212);
#14212 = CARTESIAN_POINT('',(5.089999999999,-1.039025186535,
    1.509996096661));
#14213 = B_SPLINE_CURVE_WITH_KNOTS('',3,(#14214,#14215,#14216,#14217),
  .UNSPECIFIED.,.F.,.F.,(4,4),(17.,18.),.PIECEWISE_BEZIER_KNOTS.);
#14214 = CARTESIAN_POINT('',(5.089999999999,-0.952265956301,
    1.376965265936));
#14215 = CARTESIAN_POINT('',(5.089999999999,-1.002875507271,
    1.400101066181));
#14216 = CARTESIAN_POINT('',(5.089999999999,-1.039025186535,
    1.45071061715));
#14217 = CARTESIAN_POINT('',(5.089999999999,-1.039025186535,
    1.509996096661));
#14218 = ORIENTED_EDGE('',*,*,#14219,.T.);
#14219 = EDGE_CURVE('',#14211,#14220,#14222,.T.);
#14220 = VERTEX_POINT('',#14221);
#14221 = CARTESIAN_POINT('',(5.089999999999,-0.894426469478,
    1.654594813718));
#14222 = B_SPLINE_CURVE_WITH_KNOTS('',3,(#14223,#14224,#14225,#14226),
  .UNSPECIFIED.,.F.,.F.,(4,4),(18.,19.),.PIECEWISE_BEZIER_KNOTS.);
#14223 = CARTESIAN_POINT('',(5.089999999999,-1.039025186535,
    1.509996096661));
#14224 = CARTESIAN_POINT('',(5.089999999999,-1.039025186535,
    1.589525391042));
#14225 = CARTESIAN_POINT('',(5.089999999999,-0.97395576386,
    1.654594813718));
#14226 = CARTESIAN_POINT('',(5.089999999999,-0.894426469478,
    1.654594813718));
#14227 = ORIENTED_EDGE('',*,*,#14228,.T.);
#14228 = EDGE_CURVE('',#14220,#14229,#14231,.T.);
#14229 = VERTEX_POINT('',#14230);
#14230 = CARTESIAN_POINT('',(5.089999999999,-0.81778916047,
    1.632905006158));
#14231 = B_SPLINE_CURVE_WITH_KNOTS('',3,(#14232,#14233,#14234,#14235),
  .UNSPECIFIED.,.F.,.F.,(4,4),(19.,20.),.PIECEWISE_BEZIER_KNOTS.);
#14232 = CARTESIAN_POINT('',(5.089999999999,-0.894426469478,
    1.654594813718));
#14233 = CARTESIAN_POINT('',(5.089999999999,-0.866952718753,
    1.654594813718));
#14234 = CARTESIAN_POINT('',(5.089999999999,-0.839478968028,
    1.645918885179));
#14235 = CARTESIAN_POINT('',(5.089999999999,-0.81778916047,
    1.632905006158));
#14236 = ORIENTED_EDGE('',*,*,#14237,.T.);
#14237 = EDGE_CURVE('',#14229,#14238,#14240,.T.);
#14238 = VERTEX_POINT('',#14239);
#14239 = CARTESIAN_POINT('',(5.089999999999,-0.624026912709,
    1.77171969731));
#14240 = B_SPLINE_CURVE_WITH_KNOTS('',3,(#14241,#14242,#14243,#14244),
  .UNSPECIFIED.,.F.,.F.,(4,4),(20.,21.),.PIECEWISE_BEZIER_KNOTS.);
#14241 = CARTESIAN_POINT('',(5.089999999999,-0.81778916047,
    1.632905006158));
#14242 = CARTESIAN_POINT('',(5.089999999999,-0.790315437325,
    1.713880210488));
#14243 = CARTESIAN_POINT('',(5.089999999999,-0.715124093423,
    1.77171969731));
#14244 = CARTESIAN_POINT('',(5.089999999999,-0.624026912709,
    1.77171969731));
#14245 = ORIENTED_EDGE('',*,*,#14246,.T.);
#14246 = EDGE_CURVE('',#14238,#14247,#14249,.T.);
#14247 = VERTEX_POINT('',#14248);
#14248 = CARTESIAN_POINT('',(5.089999999999,-0.421588708828,
    1.590971300989));
#14249 = B_SPLINE_CURVE_WITH_KNOTS('',3,(#14250,#14251,#14252,#14253),
  .UNSPECIFIED.,.F.,.F.,(4,4),(21.,22.),.PIECEWISE_BEZIER_KNOTS.);
#14250 = CARTESIAN_POINT('',(5.089999999999,-0.624026912709,
    1.77171969731));
#14251 = CARTESIAN_POINT('',(5.089999999999,-0.519915825395,
    1.77171969731));
#14252 = CARTESIAN_POINT('',(5.089999999999,-0.433156595161,
    1.692190402928));
#14253 = CARTESIAN_POINT('',(5.089999999999,-0.421588708828,
    1.590971300989));
#14254 = ORIENTED_EDGE('',*,*,#14255,.T.);
#14255 = EDGE_CURVE('',#14247,#14256,#14258,.T.);
#14256 = VERTEX_POINT('',#14257);
#14257 = CARTESIAN_POINT('',(5.089999999999,-0.410020822496,
    1.590971300989));
#14258 = B_SPLINE_CURVE_WITH_KNOTS('',3,(#14259,#14260,#14261,#14262),
  .UNSPECIFIED.,.F.,.F.,(4,4),(22.,23.),.PIECEWISE_BEZIER_KNOTS.);
#14259 = CARTESIAN_POINT('',(5.089999999999,-0.421588708828,
    1.590971300989));
#14260 = CARTESIAN_POINT('',(5.089999999999,-0.417250758349,
    1.590971300989));
#14261 = CARTESIAN_POINT('',(5.089999999999,-0.414358772976,
    1.590971300989));
#14262 = CARTESIAN_POINT('',(5.089999999999,-0.410020822496,
    1.590971300989));
#14263 = ORIENTED_EDGE('',*,*,#14264,.T.);
#14264 = EDGE_CURVE('',#14256,#14265,#14267,.T.);
#14265 = VERTEX_POINT('',#14266);
#14266 = CARTESIAN_POINT('',(5.089999999999,-0.297233834223,
    1.478184312716));
#14267 = B_SPLINE_CURVE_WITH_KNOTS('',3,(#14268,#14269,#14270,#14271),
  .UNSPECIFIED.,.F.,.F.,(4,4),(23.,24.),.PIECEWISE_BEZIER_KNOTS.);
#14268 = CARTESIAN_POINT('',(5.089999999999,-0.410020822496,
    1.590971300989));
#14269 = CARTESIAN_POINT('',(5.089999999999,-0.347843385193,
    1.590971300989));
#14270 = CARTESIAN_POINT('',(5.089999999999,-0.297233834223,
    1.540361750019));
#14271 = CARTESIAN_POINT('',(5.089999999999,-0.297233834223,
    1.478184312716));
#14272 = ORIENTED_EDGE('',*,*,#14273,.T.);
#14273 = EDGE_CURVE('',#14265,#14274,#14276,.T.);
#14274 = VERTEX_POINT('',#14275);
#14275 = CARTESIAN_POINT('',(5.089999999999,-0.401344921536,
    1.365397324444));
#14276 = B_SPLINE_CURVE_WITH_KNOTS('',3,(#14277,#14278,#14279,#14280),
  .UNSPECIFIED.,.F.,.F.,(4,4),(24.,25.),.PIECEWISE_BEZIER_KNOTS.);
#14277 = CARTESIAN_POINT('',(5.089999999999,-0.297233834223,
    1.478184312716));
#14278 = CARTESIAN_POINT('',(5.089999999999,-0.297233834223,
    1.418898833206));
#14279 = CARTESIAN_POINT('',(5.089999999999,-0.342059414447,
    1.369735274924));
#14280 = CARTESIAN_POINT('',(5.089999999999,-0.401344921536,
    1.365397324444));
#14281 = ORIENTED_EDGE('',*,*,#14282,.T.);
#14282 = EDGE_CURVE('',#14274,#14283,#14285,.T.);
#14283 = VERTEX_POINT('',#14284);
#14284 = CARTESIAN_POINT('',(5.089999999999,-0.466414344212,
    1.365397324444));
#14285 = LINE('',#14286,#14287);
#14286 = CARTESIAN_POINT('',(5.089999999999,-0.401344921536,
    1.365397324444));
#14287 = VECTOR('',#14288,1.);
#14288 = DIRECTION('',(0.,-1.,-3.332447493461E-15));
#14289 = ORIENTED_EDGE('',*,*,#14290,.T.);
#14290 = EDGE_CURVE('',#14283,#14291,#14293,.T.);
#14291 = VERTEX_POINT('',#14292);
#14292 = CARTESIAN_POINT('',(5.089999999999,-0.475090245172,
    1.36684328955));
#14293 = B_SPLINE_CURVE_WITH_KNOTS('',3,(#14294,#14295,#14296,#14297),
  .UNSPECIFIED.,.F.,.F.,(4,4),(26.,27.),.PIECEWISE_BEZIER_KNOTS.);
#14294 = CARTESIAN_POINT('',(5.089999999999,-0.466414344212,
    1.365397324444));
#14295 = CARTESIAN_POINT('',(5.089999999999,-0.469306329585,
    1.365397324444));
#14296 = CARTESIAN_POINT('',(5.089999999999,-0.472198314958,
    1.36684328955));
#14297 = CARTESIAN_POINT('',(5.089999999999,-0.475090245172,
    1.36684328955));
#14298 = ORIENTED_EDGE('',*,*,#14299,.T.);
#14299 = EDGE_CURVE('',#14291,#14300,#14302,.T.);
#14300 = VERTEX_POINT('',#14301);
#14301 = CARTESIAN_POINT('',(5.089999999999,-0.519915825395,
    1.322017709326));
#14302 = B_SPLINE_CURVE_WITH_KNOTS('',3,(#14303,#14304,#14305,#14306),
  .UNSPECIFIED.,.F.,.F.,(4,4),(27.,28.),.PIECEWISE_BEZIER_KNOTS.);
#14303 = CARTESIAN_POINT('',(5.089999999999,-0.475090245172,
    1.36684328955));
#14304 = CARTESIAN_POINT('',(5.089999999999,-0.499672038103,
    1.36684328955));
#14305 = CARTESIAN_POINT('',(5.089999999999,-0.519915825395,
    1.346599447098));
#14306 = CARTESIAN_POINT('',(5.089999999999,-0.519915825395,
    1.322017709326));
#14307 = ORIENTED_EDGE('',*,*,#14308,.T.);
#14308 = EDGE_CURVE('',#14300,#14309,#14311,.T.);
#14309 = VERTEX_POINT('',#14310);
#14310 = CARTESIAN_POINT('',(5.089999999999,-0.477982175385,
    1.277192129102));
#14311 = B_SPLINE_CURVE_WITH_KNOTS('',3,(#14312,#14313,#14314,#14315),
  .UNSPECIFIED.,.F.,.F.,(4,4),(28.,29.),.PIECEWISE_BEZIER_KNOTS.);
#14312 = CARTESIAN_POINT('',(5.089999999999,-0.519915825395,
    1.322017709326));
#14313 = CARTESIAN_POINT('',(5.089999999999,-0.519915825395,
    1.298881936661));
#14314 = CARTESIAN_POINT('',(5.089999999999,-0.50111800321,
    1.278638094208));
#14315 = CARTESIAN_POINT('',(5.089999999999,-0.477982175385,
    1.277192129102));
#14316 = ORIENTED_EDGE('',*,*,#14317,.T.);
#14317 = EDGE_CURVE('',#14309,#14318,#14320,.T.);
#14318 = VERTEX_POINT('',#14319);
#14319 = CARTESIAN_POINT('',(5.089999999999,-0.392668965417,
    1.277192129102));
#14320 = LINE('',#14321,#14322);
#14321 = CARTESIAN_POINT('',(5.089999999999,-0.477982175385,
    1.277192129102));
#14322 = VECTOR('',#14323,1.);
#14323 = DIRECTION('',(0.,1.,2.829436958371E-15));
#14324 = ORIENTED_EDGE('',*,*,#14325,.T.);
#14325 = EDGE_CURVE('',#14318,#14326,#14328,.T.);
#14326 = VERTEX_POINT('',#14327);
#14327 = CARTESIAN_POINT('',(5.089999999999,-0.261084154959,
    1.342261551778));
#14328 = B_SPLINE_CURVE_WITH_KNOTS('',3,(#14329,#14330,#14331,#14332),
  .UNSPECIFIED.,.F.,.F.,(4,4),(33.,34.),.PIECEWISE_BEZIER_KNOTS.);
#14329 = CARTESIAN_POINT('',(5.089999999999,-0.392668965417,
    1.277192129102));
#14330 = CARTESIAN_POINT('',(5.089999999999,-0.342059414447,
    1.281530079582));
#14331 = CARTESIAN_POINT('',(5.089999999999,-0.295787813956,
    1.304665907407));
#14332 = CARTESIAN_POINT('',(5.089999999999,-0.261084154959,
    1.342261551778));
#14333 = ORIENTED_EDGE('',*,*,#14334,.T.);
#14334 = EDGE_CURVE('',#14326,#14050,#14335,.T.);
#14335 = B_SPLINE_CURVE_WITH_KNOTS('',3,(#14336,#14337,#14338,#14339),
  .UNSPECIFIED.,.F.,.F.,(4,4),(34.,35.),.PIECEWISE_BEZIER_KNOTS.);
#14336 = CARTESIAN_POINT('',(5.089999999999,-0.261084154959,
    1.342261551778));
#14337 = CARTESIAN_POINT('',(5.089999999999,-0.226380440801,
    1.379857196149));
#14338 = CARTESIAN_POINT('',(5.089999999999,-0.207582618616,
    1.429020782012));
#14339 = CARTESIAN_POINT('',(5.089999999999,-0.207582618616,
    1.479630332982));
#14340 = FACE_BOUND('',#14341,.T.);
#14341 = EDGE_LOOP('',(#14342,#14356));
#14342 = ORIENTED_EDGE('',*,*,#14343,.F.);
#14343 = EDGE_CURVE('',#14344,#14346,#14348,.T.);
#14344 = VERTEX_POINT('',#14345);
#14345 = CARTESIAN_POINT('',(5.089999999999,-0.81778918805,
    1.268516117823));
#14346 = VERTEX_POINT('',#14347);
#14347 = CARTESIAN_POINT('',(5.089999999999,-0.81778918805,
    1.381303161255));
#14348 = B_SPLINE_CURVE_WITH_KNOTS('',3,(#14349,#14350,#14351,#14352,
    #14353,#14354,#14355),.UNSPECIFIED.,.F.,.F.,(4,3,4),(0.,1.,2.),
  .PIECEWISE_BEZIER_KNOTS.);
#14349 = CARTESIAN_POINT('',(5.089999999999,-0.81778918805,
    1.268516117823));
#14350 = CARTESIAN_POINT('',(5.089999999999,-0.785977486845,
    1.268516117823));
#14351 = CARTESIAN_POINT('',(5.089999999999,-0.761395693914,
    1.294543931021));
#14352 = CARTESIAN_POINT('',(5.089999999999,-0.761395693914,
    1.324909639539));
#14353 = CARTESIAN_POINT('',(5.089999999999,-0.761395693914,
    1.356721368323));
#14354 = CARTESIAN_POINT('',(5.089999999999,-0.787423451952,
    1.381303161255));
#14355 = CARTESIAN_POINT('',(5.089999999999,-0.81778918805,
    1.381303161255));
#14356 = ORIENTED_EDGE('',*,*,#14357,.F.);
#14357 = EDGE_CURVE('',#14346,#14344,#14358,.T.);
#14358 = B_SPLINE_CURVE_WITH_KNOTS('',3,(#14359,#14360,#14361,#14362,
    #14363,#14364),.UNSPECIFIED.,.F.,.F.,(4,2,4),(2.,3.,4.),
  .UNSPECIFIED.);
#14359 = CARTESIAN_POINT('',(5.089999999999,-0.81778918805,
    1.381303161255));
#14360 = CARTESIAN_POINT('',(5.089999999999,-0.848154924147,
    1.381303161255));
#14361 = CARTESIAN_POINT('',(5.089999999999,-0.874182682186,
    1.356721368323));
#14362 = CARTESIAN_POINT('',(5.089999999999,-0.874182682186,
    1.293097910754));
#14363 = CARTESIAN_POINT('',(5.089999999999,-0.848154924147,
    1.268516117823));
#14364 = CARTESIAN_POINT('',(5.089999999999,-0.81778918805,
    1.268516117823));
#14365 = PLANE('',#14366);
#14366 = AXIS2_PLACEMENT_3D('',#14367,#14368,#14369);
#14367 = CARTESIAN_POINT('',(5.089999999999,-0.248793244703,
    1.597116749221));
#14368 = DIRECTION('',(-1.,0.,0.));
#14369 = DIRECTION('',(0.,0.,1.));
#14370 = ADVANCED_FACE('',(#14371),#14387,.F.);
#14371 = FACE_BOUND('',#14372,.F.);
#14372 = EDGE_LOOP('',(#14373,#14379,#14380,#14386));
#14373 = ORIENTED_EDGE('',*,*,#14374,.F.);
#14374 = EDGE_CURVE('',#14050,#1261,#14375,.T.);
#14375 = LINE('',#14376,#14377);
#14376 = CARTESIAN_POINT('',(5.089999999999,-0.207582618616,
    1.479630332982));
#14377 = VECTOR('',#14378,1.);
#14378 = DIRECTION('',(-1.,-3.41480999208E-16,0.));
#14379 = ORIENTED_EDGE('',*,*,#14049,.T.);
#14380 = ORIENTED_EDGE('',*,*,#14381,.T.);
#14381 = EDGE_CURVE('',#14052,#1263,#14382,.T.);
#14382 = LINE('',#14383,#14384);
#14383 = CARTESIAN_POINT('',(5.089999999999,-0.350735315406,
    1.669054602684));
#14384 = VECTOR('',#14385,1.);
#14385 = DIRECTION('',(-1.,-3.41480999208E-16,0.));
#14386 = ORIENTED_EDGE('',*,*,#1260,.F.);
#14387 = B_SPLINE_SURFACE_WITH_KNOTS('',3,1,(
    (#14388,#14389)
    ,(#14390,#14391)
    ,(#14392,#14393)
    ,(#14394,#14395
    )),.UNSPECIFIED.,.F.,.F.,.F.,(4,4),(2,2),(35.,36.),(0.,1.),
  .PIECEWISE_BEZIER_KNOTS.);
#14388 = CARTESIAN_POINT('',(5.089999999999,-0.207582618616,
    1.479630332982));
#14389 = CARTESIAN_POINT('',(5.08,-0.207582618616,1.479630332982));
#14390 = CARTESIAN_POINT('',(5.089999999999,-0.209028583722,
    1.566389508057));
#14391 = CARTESIAN_POINT('',(5.08,-0.209028583722,1.566389508057));
#14392 = CARTESIAN_POINT('',(5.089999999999,-0.268314090812,
    1.643026844645));
#14393 = CARTESIAN_POINT('',(5.08,-0.268314090812,1.643026844645));
#14394 = CARTESIAN_POINT('',(5.089999999999,-0.350735315406,
    1.669054602684));
#14395 = CARTESIAN_POINT('',(5.08,-0.350735315406,1.669054602684));
#14396 = ADVANCED_FACE('',(#14397),#14408,.F.);
#14397 = FACE_BOUND('',#14398,.F.);
#14398 = EDGE_LOOP('',(#14399,#14400,#14401,#14407));
#14399 = ORIENTED_EDGE('',*,*,#14381,.F.);
#14400 = ORIENTED_EDGE('',*,*,#14060,.T.);
#14401 = ORIENTED_EDGE('',*,*,#14402,.T.);
#14402 = EDGE_CURVE('',#14061,#1537,#14403,.T.);
#14403 = LINE('',#14404,#14405);
#14404 = CARTESIAN_POINT('',(5.089999999999,-0.428818644681,
    1.783287590537));
#14405 = VECTOR('',#14406,1.);
#14406 = DIRECTION('',(-1.,-3.41480999208E-16,0.));
#14407 = ORIENTED_EDGE('',*,*,#1545,.F.);
#14408 = B_SPLINE_SURFACE_WITH_KNOTS('',3,1,(
    (#14409,#14410)
    ,(#14411,#14412)
    ,(#14413,#14414)
    ,(#14415,#14416
    )),.UNSPECIFIED.,.F.,.F.,.F.,(4,4),(2,2),(0.,1.),(0.,1.),
  .PIECEWISE_BEZIER_KNOTS.);
#14409 = CARTESIAN_POINT('',(5.089999999999,-0.350735315406,
    1.669054602684));
#14410 = CARTESIAN_POINT('',(5.08,-0.350735315406,1.669054602684));
#14411 = CARTESIAN_POINT('',(5.089999999999,-0.366641152218,1.7124342178
    ));
#14412 = CARTESIAN_POINT('',(5.08,-0.366641152218,1.7124342178));
#14413 = CARTESIAN_POINT('',(5.089999999999,-0.394114930523,
    1.751475868648));
#14414 = CARTESIAN_POINT('',(5.08,-0.394114930523,1.751475868648));
#14415 = CARTESIAN_POINT('',(5.089999999999,-0.428818644681,
    1.783287590537));
#14416 = CARTESIAN_POINT('',(5.08,-0.428818644681,1.783287590537));
#14417 = ADVANCED_FACE('',(#14418),#14429,.F.);
#14418 = FACE_BOUND('',#14419,.F.);
#14419 = EDGE_LOOP('',(#14420,#14421,#14422,#14428));
#14420 = ORIENTED_EDGE('',*,*,#14402,.F.);
#14421 = ORIENTED_EDGE('',*,*,#14069,.T.);
#14422 = ORIENTED_EDGE('',*,*,#14423,.T.);
#14423 = EDGE_CURVE('',#14070,#1528,#14424,.T.);
#14424 = LINE('',#14425,#14426);
#14425 = CARTESIAN_POINT('',(5.089999999999,-0.625472877816,
    1.858478927545));
#14426 = VECTOR('',#14427,1.);
#14427 = DIRECTION('',(-1.,-3.41480999208E-16,0.));
#14428 = ORIENTED_EDGE('',*,*,#1536,.F.);
#14429 = B_SPLINE_SURFACE_WITH_KNOTS('',3,1,(
    (#14430,#14431)
    ,(#14432,#14433)
    ,(#14434,#14435)
    ,(#14436,#14437
    )),.UNSPECIFIED.,.F.,.F.,.F.,(4,4),(2,2),(1.,2.),(0.,1.),
  .PIECEWISE_BEZIER_KNOTS.);
#14430 = CARTESIAN_POINT('',(5.089999999999,-0.428818644681,
    1.783287590537));
#14431 = CARTESIAN_POINT('',(5.08,-0.428818644681,1.783287590537));
#14432 = CARTESIAN_POINT('',(5.089999999999,-0.483766146131,
    1.831005171649));
#14433 = CARTESIAN_POINT('',(5.08,-0.483766146131,1.831005171649));
#14434 = CARTESIAN_POINT('',(5.089999999999,-0.553173519287,
    1.858478927545));
#14435 = CARTESIAN_POINT('',(5.08,-0.553173519287,1.858478927545));
#14436 = CARTESIAN_POINT('',(5.089999999999,-0.625472877816,
    1.858478927545));
#14437 = CARTESIAN_POINT('',(5.08,-0.625472877816,1.858478927545));
#14438 = ADVANCED_FACE('',(#14439),#14450,.F.);
#14439 = FACE_BOUND('',#14440,.F.);
#14440 = EDGE_LOOP('',(#14441,#14442,#14443,#14449));
#14441 = ORIENTED_EDGE('',*,*,#14423,.F.);
#14442 = ORIENTED_EDGE('',*,*,#14078,.T.);
#14443 = ORIENTED_EDGE('',*,*,#14444,.T.);
#14444 = EDGE_CURVE('',#14079,#1519,#14445,.T.);
#14445 = LINE('',#14446,#14447);
#14446 = CARTESIAN_POINT('',(5.089999999999,-0.798991338284,
    1.802085426513));
#14447 = VECTOR('',#14448,1.);
#14448 = DIRECTION('',(-1.,-3.41480999208E-16,0.));
#14449 = ORIENTED_EDGE('',*,*,#1527,.F.);
#14450 = B_SPLINE_SURFACE_WITH_KNOTS('',3,1,(
    (#14451,#14452)
    ,(#14453,#14454)
    ,(#14455,#14456)
    ,(#14457,#14458
    )),.UNSPECIFIED.,.F.,.F.,.F.,(4,4),(2,2),(2.,3.),(0.,1.),
  .PIECEWISE_BEZIER_KNOTS.);
#14451 = CARTESIAN_POINT('',(5.089999999999,-0.625472877816,
    1.858478927545));
#14452 = CARTESIAN_POINT('',(5.08,-0.625472877816,1.858478927545));
#14453 = CARTESIAN_POINT('',(5.089999999999,-0.689096307804,
    1.858478927545));
#14454 = CARTESIAN_POINT('',(5.08,-0.689096307804,1.858478927545));
#14455 = CARTESIAN_POINT('',(5.089999999999,-0.748381787314,
    1.838235107501));
#14456 = CARTESIAN_POINT('',(5.08,-0.748381787314,1.838235107501));
#14457 = CARTESIAN_POINT('',(5.089999999999,-0.798991338284,
    1.802085426513));
#14458 = CARTESIAN_POINT('',(5.08,-0.798991338284,1.802085426513));
#14459 = ADVANCED_FACE('',(#14460),#14471,.F.);
#14460 = FACE_BOUND('',#14461,.F.);
#14461 = EDGE_LOOP('',(#14462,#14463,#14464,#14470));
#14462 = ORIENTED_EDGE('',*,*,#14444,.F.);
#14463 = ORIENTED_EDGE('',*,*,#14087,.T.);
#14464 = ORIENTED_EDGE('',*,*,#14465,.T.);
#14465 = EDGE_CURVE('',#14088,#1510,#14466,.T.);
#14466 = LINE('',#14467,#14468);
#14467 = CARTESIAN_POINT('',(5.089999999999,-0.862614768273,
    1.738461989629));
#14468 = VECTOR('',#14469,1.);
#14469 = DIRECTION('',(-1.,-3.41480999208E-16,0.));
#14470 = ORIENTED_EDGE('',*,*,#1518,.F.);
#14471 = B_SPLINE_SURFACE_WITH_KNOTS('',3,1,(
    (#14472,#14473)
    ,(#14474,#14475)
    ,(#14476,#14477)
    ,(#14478,#14479
    )),.UNSPECIFIED.,.F.,.F.,.F.,(4,4),(2,2),(3.,4.),(0.,1.),
  .PIECEWISE_BEZIER_KNOTS.);
#14472 = CARTESIAN_POINT('',(5.089999999999,-0.798991338284,
    1.802085426513));
#14473 = CARTESIAN_POINT('',(5.08,-0.798991338284,1.802085426513));
#14474 = CARTESIAN_POINT('',(5.089999999999,-0.823573131216,
    1.784733576329));
#14475 = CARTESIAN_POINT('',(5.08,-0.823573131216,1.784733576329));
#14476 = CARTESIAN_POINT('',(5.089999999999,-0.843816946088,
    1.763043768771));
#14477 = CARTESIAN_POINT('',(5.08,-0.843816946088,1.763043768771));
#14478 = CARTESIAN_POINT('',(5.089999999999,-0.862614768273,
    1.738461989629));
#14479 = CARTESIAN_POINT('',(5.08,-0.862614768273,1.738461989629));
#14480 = ADVANCED_FACE('',(#14481),#14492,.F.);
#14481 = FACE_BOUND('',#14482,.F.);
#14482 = EDGE_LOOP('',(#14483,#14484,#14485,#14491));
#14483 = ORIENTED_EDGE('',*,*,#14465,.F.);
#14484 = ORIENTED_EDGE('',*,*,#14096,.T.);
#14485 = ORIENTED_EDGE('',*,*,#14486,.T.);
#14486 = EDGE_CURVE('',#14097,#1501,#14487,.T.);
#14487 = LINE('',#14488,#14489);
#14488 = CARTESIAN_POINT('',(5.089999999999,-0.895872462165,
    1.741353961212));
#14489 = VECTOR('',#14490,1.);
#14490 = DIRECTION('',(-1.,-3.41480999208E-16,0.));
#14491 = ORIENTED_EDGE('',*,*,#1509,.F.);
#14492 = B_SPLINE_SURFACE_WITH_KNOTS('',3,1,(
    (#14493,#14494)
    ,(#14495,#14496)
    ,(#14497,#14498)
    ,(#14499,#14500
    )),.UNSPECIFIED.,.F.,.F.,.F.,(4,4),(2,2),(4.,5.),(0.,1.),
  .PIECEWISE_BEZIER_KNOTS.);
#14493 = CARTESIAN_POINT('',(5.089999999999,-0.862614768273,
    1.738461989629));
#14494 = CARTESIAN_POINT('',(5.08,-0.862614768273,1.738461989629));
#14495 = CARTESIAN_POINT('',(5.089999999999,-0.874182654606,
    1.739907982316));
#14496 = CARTESIAN_POINT('',(5.08,-0.874182654606,1.739907982316));
#14497 = CARTESIAN_POINT('',(5.089999999999,-0.884304575832,
    1.741353961212));
#14498 = CARTESIAN_POINT('',(5.08,-0.884304575832,1.741353961212));
#14499 = CARTESIAN_POINT('',(5.089999999999,-0.895872462165,
    1.741353961212));
#14500 = CARTESIAN_POINT('',(5.08,-0.895872462165,1.741353961212));
#14501 = ADVANCED_FACE('',(#14502),#14513,.F.);
#14502 = FACE_BOUND('',#14503,.F.);
#14503 = EDGE_LOOP('',(#14504,#14505,#14506,#14512));
#14504 = ORIENTED_EDGE('',*,*,#14486,.F.);
#14505 = ORIENTED_EDGE('',*,*,#14105,.T.);
#14506 = ORIENTED_EDGE('',*,*,#14507,.T.);
#14507 = EDGE_CURVE('',#14106,#1492,#14508,.T.);
#14508 = LINE('',#14509,#14510);
#14509 = CARTESIAN_POINT('',(5.089999999999,-1.06216098678,
    1.671946574267));
#14510 = VECTOR('',#14511,1.);
#14511 = DIRECTION('',(-1.,-3.41480999208E-16,0.));
#14512 = ORIENTED_EDGE('',*,*,#1500,.F.);
#14513 = B_SPLINE_SURFACE_WITH_KNOTS('',3,1,(
    (#14514,#14515)
    ,(#14516,#14517)
    ,(#14518,#14519)
    ,(#14520,#14521
    )),.UNSPECIFIED.,.F.,.F.,.F.,(4,4),(2,2),(5.,6.),(0.,1.),
  .PIECEWISE_BEZIER_KNOTS.);
#14514 = CARTESIAN_POINT('',(5.089999999999,-0.895872462165,
    1.741353961212));
#14515 = CARTESIAN_POINT('',(5.08,-0.895872462165,1.741353961212));
#14516 = CARTESIAN_POINT('',(5.089999999999,-0.958049913257,
    1.741353961212));
#14517 = CARTESIAN_POINT('',(5.08,-0.958049913257,1.741353961212));
#14518 = CARTESIAN_POINT('',(5.089999999999,-1.017335378977,
    1.716772182071));
#14519 = CARTESIAN_POINT('',(5.08,-1.017335378977,1.716772182071));
#14520 = CARTESIAN_POINT('',(5.089999999999,-1.06216098678,
    1.671946574267));
#14521 = CARTESIAN_POINT('',(5.08,-1.06216098678,1.671946574267));
#14522 = ADVANCED_FACE('',(#14523),#14534,.F.);
#14523 = FACE_BOUND('',#14524,.F.);
#14524 = EDGE_LOOP('',(#14525,#14526,#14527,#14533));
#14525 = ORIENTED_EDGE('',*,*,#14507,.F.);
#14526 = ORIENTED_EDGE('',*,*,#14114,.T.);
#14527 = ORIENTED_EDGE('',*,*,#14528,.T.);
#14528 = EDGE_CURVE('',#14115,#1483,#14529,.T.);
#14529 = LINE('',#14530,#14531);
#14530 = CARTESIAN_POINT('',(5.089999999999,-1.130122422409,
    1.507104056128));
#14531 = VECTOR('',#14532,1.);
#14532 = DIRECTION('',(-1.,-3.41480999208E-16,0.));
#14533 = ORIENTED_EDGE('',*,*,#1491,.F.);
#14534 = B_SPLINE_SURFACE_WITH_KNOTS('',3,1,(
    (#14535,#14536)
    ,(#14537,#14538)
    ,(#14539,#14540)
    ,(#14541,#14542
    )),.UNSPECIFIED.,.F.,.F.,.F.,(4,4),(2,2),(6.,7.),(0.,1.),
  .PIECEWISE_BEZIER_KNOTS.);
#14535 = CARTESIAN_POINT('',(5.089999999999,-1.06216098678,
    1.671946574267));
#14536 = CARTESIAN_POINT('',(5.08,-1.06216098678,1.671946574267));
#14537 = CARTESIAN_POINT('',(5.089999999999,-1.10554063982,
    1.628566972939));
#14538 = CARTESIAN_POINT('',(5.08,-1.10554063982,1.628566972939));
#14539 = CARTESIAN_POINT('',(5.089999999999,-1.130122422409,
    1.569281493429));
#14540 = CARTESIAN_POINT('',(5.08,-1.130122422409,1.569281493429));
#14541 = CARTESIAN_POINT('',(5.089999999999,-1.130122422409,
    1.507104056128));
#14542 = CARTESIAN_POINT('',(5.08,-1.130122422409,1.507104056128));
#14543 = ADVANCED_FACE('',(#14544),#14555,.F.);
#14544 = FACE_BOUND('',#14545,.F.);
#14545 = EDGE_LOOP('',(#14546,#14547,#14548,#14554));
#14546 = ORIENTED_EDGE('',*,*,#14528,.F.);
#14547 = ORIENTED_EDGE('',*,*,#14123,.T.);
#14548 = ORIENTED_EDGE('',*,*,#14549,.T.);
#14549 = EDGE_CURVE('',#14124,#1474,#14550,.T.);
#14550 = LINE('',#14551,#14552);
#14551 = CARTESIAN_POINT('',(5.089999999999,-1.069390964003,
    1.349491487631));
#14552 = VECTOR('',#14553,1.);
#14553 = DIRECTION('',(-1.,-3.41480999208E-16,0.));
#14554 = ORIENTED_EDGE('',*,*,#1482,.F.);
#14555 = B_SPLINE_SURFACE_WITH_KNOTS('',3,1,(
    (#14556,#14557)
    ,(#14558,#14559)
    ,(#14560,#14561)
    ,(#14562,#14563
    )),.UNSPECIFIED.,.F.,.F.,.F.,(4,4),(2,2),(7.,8.),(0.,1.),
  .PIECEWISE_BEZIER_KNOTS.);
#14556 = CARTESIAN_POINT('',(5.089999999999,-1.130122422409,
    1.507104056128));
#14557 = CARTESIAN_POINT('',(5.08,-1.130122422409,1.507104056128));
#14558 = CARTESIAN_POINT('',(5.089999999999,-1.130122422409,
    1.449264569304));
#14559 = CARTESIAN_POINT('',(5.08,-1.130122422409,1.449264569304));
#14560 = CARTESIAN_POINT('',(5.089999999999,-1.108432614851,
    1.392871047588));
#14561 = CARTESIAN_POINT('',(5.08,-1.108432614851,1.392871047588));
#14562 = CARTESIAN_POINT('',(5.089999999999,-1.069390964003,
    1.349491487631));
#14563 = CARTESIAN_POINT('',(5.08,-1.069390964003,1.349491487631));
#14564 = ADVANCED_FACE('',(#14565),#14576,.F.);
#14565 = FACE_BOUND('',#14566,.F.);
#14566 = EDGE_LOOP('',(#14567,#14568,#14569,#14575));
#14567 = ORIENTED_EDGE('',*,*,#14549,.F.);
#14568 = ORIENTED_EDGE('',*,*,#14132,.T.);
#14569 = ORIENTED_EDGE('',*,*,#14570,.T.);
#14570 = EDGE_CURVE('',#14133,#1465,#14571,.T.);
#14571 = LINE('',#14572,#14573);
#14572 = CARTESIAN_POINT('',(5.089999999999,-0.953711990358,
    1.280084114475));
#14573 = VECTOR('',#14574,1.);
#14574 = DIRECTION('',(-1.,-3.41480999208E-16,0.));
#14575 = ORIENTED_EDGE('',*,*,#1473,.F.);
#14576 = B_SPLINE_SURFACE_WITH_KNOTS('',3,1,(
    (#14577,#14578)
    ,(#14579,#14580)
    ,(#14581,#14582)
    ,(#14583,#14584
    )),.UNSPECIFIED.,.F.,.F.,.F.,(4,4),(2,2),(8.,9.),(0.,1.),
  .PIECEWISE_BEZIER_KNOTS.);
#14577 = CARTESIAN_POINT('',(5.089999999999,-1.069390964003,
    1.349491487631));
#14578 = CARTESIAN_POINT('',(5.08,-1.069390964003,1.349491487631));
#14579 = CARTESIAN_POINT('',(5.089999999999,-1.037579249009,
    1.314787773472));
#14580 = CARTESIAN_POINT('',(5.08,-1.037579249009,1.314787773472));
#14581 = CARTESIAN_POINT('',(5.089999999999,-0.998537584371,
    1.291652000808));
#14582 = CARTESIAN_POINT('',(5.08,-0.998537584371,1.291652000808));
#14583 = CARTESIAN_POINT('',(5.089999999999,-0.953711990358,
    1.280084114475));
#14584 = CARTESIAN_POINT('',(5.08,-0.953711990358,1.280084114475));
#14585 = ADVANCED_FACE('',(#14586),#14597,.F.);
#14586 = FACE_BOUND('',#14587,.F.);
#14587 = EDGE_LOOP('',(#14588,#14589,#14590,#14596));
#14588 = ORIENTED_EDGE('',*,*,#14570,.F.);
#14589 = ORIENTED_EDGE('',*,*,#14141,.T.);
#14590 = ORIENTED_EDGE('',*,*,#14591,.T.);
#14591 = EDGE_CURVE('',#14142,#1456,#14592,.T.);
#14592 = LINE('',#14593,#14594);
#14593 = CARTESIAN_POINT('',(5.089999999999,-0.816343195363,
    1.181756997908));
#14594 = VECTOR('',#14595,1.);
#14595 = DIRECTION('',(-1.,-3.41480999208E-16,0.));
#14596 = ORIENTED_EDGE('',*,*,#1464,.F.);
#14597 = B_SPLINE_SURFACE_WITH_KNOTS('',3,1,(
    (#14598,#14599)
    ,(#14600,#14601)
    ,(#14602,#14603)
    ,(#14604,#14605
    )),.UNSPECIFIED.,.F.,.F.,.F.,(4,4),(2,2),(9.,10.),(0.,1.),
  .PIECEWISE_BEZIER_KNOTS.);
#14598 = CARTESIAN_POINT('',(5.089999999999,-0.953711990358,
    1.280084114475));
#14599 = CARTESIAN_POINT('',(5.08,-0.953711990358,1.280084114475));
#14600 = CARTESIAN_POINT('',(5.089999999999,-0.934914154383,
    1.222244627652));
#14601 = CARTESIAN_POINT('',(5.08,-0.934914154383,1.222244627652));
#14602 = CARTESIAN_POINT('',(5.089999999999,-0.879966652933,
    1.181756997908));
#14603 = CARTESIAN_POINT('',(5.08,-0.879966652933,1.181756997908));
#14604 = CARTESIAN_POINT('',(5.089999999999,-0.816343195363,
    1.181756997908));
#14605 = CARTESIAN_POINT('',(5.08,-0.816343195363,1.181756997908));
#14606 = ADVANCED_FACE('',(#14607),#14618,.F.);
#14607 = FACE_BOUND('',#14608,.F.);
#14608 = EDGE_LOOP('',(#14609,#14610,#14611,#14617));
#14609 = ORIENTED_EDGE('',*,*,#14591,.F.);
#14610 = ORIENTED_EDGE('',*,*,#14150,.T.);
#14611 = ORIENTED_EDGE('',*,*,#14612,.T.);
#14612 = EDGE_CURVE('',#14151,#1447,#14613,.T.);
#14613 = LINE('',#14614,#14615);
#14614 = CARTESIAN_POINT('',(5.089999999999,-0.671744478305,
    1.326355714965));
#14615 = VECTOR('',#14616,1.);
#14616 = DIRECTION('',(-1.,-3.41480999208E-16,0.));
#14617 = ORIENTED_EDGE('',*,*,#1455,.F.);
#14618 = B_SPLINE_SURFACE_WITH_KNOTS('',3,1,(
    (#14619,#14620)
    ,(#14621,#14622)
    ,(#14623,#14624)
    ,(#14625,#14626
    )),.UNSPECIFIED.,.F.,.F.,.F.,(4,4),(2,2),(10.,11.),(0.,1.),
  .PIECEWISE_BEZIER_KNOTS.);
#14619 = CARTESIAN_POINT('',(5.089999999999,-0.816343195363,
    1.181756997908));
#14620 = CARTESIAN_POINT('',(5.08,-0.816343195363,1.181756997908));
#14621 = CARTESIAN_POINT('',(5.089999999999,-0.736813900982,
    1.181756997908));
#14622 = CARTESIAN_POINT('',(5.08,-0.736813900982,1.181756997908));
#14623 = CARTESIAN_POINT('',(5.089999999999,-0.671744478305,
    1.246826420583));
#14624 = CARTESIAN_POINT('',(5.08,-0.671744478305,1.246826420583));
#14625 = CARTESIAN_POINT('',(5.089999999999,-0.671744478305,
    1.326355714965));
#14626 = CARTESIAN_POINT('',(5.08,-0.671744478305,1.326355714965));
#14627 = ADVANCED_FACE('',(#14628),#14639,.F.);
#14628 = FACE_BOUND('',#14629,.T.);
#14629 = EDGE_LOOP('',(#14630,#14631,#14637,#14638));
#14630 = ORIENTED_EDGE('',*,*,#1446,.T.);
#14631 = ORIENTED_EDGE('',*,*,#14632,.F.);
#14632 = EDGE_CURVE('',#14160,#1439,#14633,.T.);
#14633 = LINE('',#14634,#14635);
#14634 = CARTESIAN_POINT('',(5.089999999999,-0.671744478305,
    1.340815586672));
#14635 = VECTOR('',#14636,1.);
#14636 = DIRECTION('',(-1.,-3.41480999208E-16,0.));
#14637 = ORIENTED_EDGE('',*,*,#14159,.F.);
#14638 = ORIENTED_EDGE('',*,*,#14612,.T.);
#14639 = PLANE('',#14640);
#14640 = AXIS2_PLACEMENT_3D('',#14641,#14642,#14643);
#14641 = CARTESIAN_POINT('',(5.089999999999,-0.671744478305,
    1.326355714965));
#14642 = DIRECTION('',(3.41480999208E-16,-1.,-7.49800685981E-15));
#14643 = DIRECTION('',(0.,7.49800685981E-15,-1.));
#14644 = ADVANCED_FACE('',(#14645),#14656,.F.);
#14645 = FACE_BOUND('',#14646,.T.);
#14646 = EDGE_LOOP('',(#14647,#14648,#14654,#14655));
#14647 = ORIENTED_EDGE('',*,*,#1438,.T.);
#14648 = ORIENTED_EDGE('',*,*,#14649,.F.);
#14649 = EDGE_CURVE('',#14169,#1431,#14650,.T.);
#14650 = LINE('',#14651,#14652);
#14651 = CARTESIAN_POINT('',(5.089999999999,-0.469306274425,
    1.447818631778));
#14652 = VECTOR('',#14653,1.);
#14653 = DIRECTION('',(-1.,-3.41480999208E-16,0.));
#14654 = ORIENTED_EDGE('',*,*,#14168,.F.);
#14655 = ORIENTED_EDGE('',*,*,#14632,.T.);
#14656 = PLANE('',#14657);
#14657 = AXIS2_PLACEMENT_3D('',#14658,#14659,#14660);
#14658 = CARTESIAN_POINT('',(5.089999999999,-0.671744478305,
    1.340815586672));
#14659 = DIRECTION('',(1.595765660479E-16,-0.467307306754,0.884094950248
    ));
#14660 = DIRECTION('',(0.,-0.884094950248,-0.467307306754));
#14661 = ADVANCED_FACE('',(#14662),#14673,.F.);
#14662 = FACE_BOUND('',#14663,.T.);
#14663 = EDGE_LOOP('',(#14664,#14665,#14671,#14672));
#14664 = ORIENTED_EDGE('',*,*,#1430,.T.);
#14665 = ORIENTED_EDGE('',*,*,#14666,.F.);
#14666 = EDGE_CURVE('',#14177,#1423,#14667,.T.);
#14667 = LINE('',#14668,#14669);
#14668 = CARTESIAN_POINT('',(5.089999999999,-0.514131854649,
    1.524455968366));
#14669 = VECTOR('',#14670,1.);
#14670 = DIRECTION('',(-1.,-3.41480999208E-16,0.));
#14671 = ORIENTED_EDGE('',*,*,#14176,.F.);
#14672 = ORIENTED_EDGE('',*,*,#14649,.T.);
#14673 = PLANE('',#14674);
#14674 = AXIS2_PLACEMENT_3D('',#14675,#14676,#14677);
#14675 = CARTESIAN_POINT('',(5.089999999999,-0.469306274425,
    1.447818631778));
#14676 = DIRECTION('',(2.947622184275E-16,-0.863187758942,
    -0.504883048649));
#14677 = DIRECTION('',(2.465190328816E-32,0.504883048649,-0.863187758942
    ));
#14678 = ADVANCED_FACE('',(#14679),#14690,.F.);
#14679 = FACE_BOUND('',#14680,.T.);
#14680 = EDGE_LOOP('',(#14681,#14682,#14688,#14689));
#14681 = ORIENTED_EDGE('',*,*,#1422,.T.);
#14682 = ORIENTED_EDGE('',*,*,#14683,.F.);
#14683 = EDGE_CURVE('',#14185,#1414,#14684,.T.);
#14684 = LINE('',#14685,#14686);
#14685 = CARTESIAN_POINT('',(5.089999999999,-0.70789412999,
    1.423236866426));
#14686 = VECTOR('',#14687,1.);
#14687 = DIRECTION('',(-1.,-3.41480999208E-16,0.));
#14688 = ORIENTED_EDGE('',*,*,#14184,.F.);
#14689 = ORIENTED_EDGE('',*,*,#14666,.T.);
#14690 = PLANE('',#14691);
#14691 = AXIS2_PLACEMENT_3D('',#14692,#14693,#14694);
#14692 = CARTESIAN_POINT('',(5.089999999999,-0.514131854649,
    1.524455968366));
#14693 = DIRECTION('',(-1.581118716198E-16,0.463018065387,
    -0.886348842796));
#14694 = DIRECTION('',(0.,0.886348842796,0.463018065387));
#14695 = ADVANCED_FACE('',(#14696),#14707,.F.);
#14696 = FACE_BOUND('',#14697,.F.);
#14697 = EDGE_LOOP('',(#14698,#14699,#14700,#14706));
#14698 = ORIENTED_EDGE('',*,*,#14683,.F.);
#14699 = ORIENTED_EDGE('',*,*,#14192,.T.);
#14700 = ORIENTED_EDGE('',*,*,#14701,.T.);
#14701 = EDGE_CURVE('',#14193,#1405,#14702,.T.);
#14702 = LINE('',#14703,#14704);
#14703 = CARTESIAN_POINT('',(5.089999999999,-0.816343167783,
    1.47240042471));
#14704 = VECTOR('',#14705,1.);
#14705 = DIRECTION('',(-1.,-3.41480999208E-16,0.));
#14706 = ORIENTED_EDGE('',*,*,#1413,.F.);
#14707 = B_SPLINE_SURFACE_WITH_KNOTS('',3,1,(
    (#14708,#14709)
    ,(#14710,#14711)
    ,(#14712,#14713)
    ,(#14714,#14715
    )),.UNSPECIFIED.,.F.,.F.,.F.,(4,4),(2,2),(15.,16.),(0.,1.),
  .PIECEWISE_BEZIER_KNOTS.);
#14708 = CARTESIAN_POINT('',(5.089999999999,-0.70789412999,
    1.423236866426));
#14709 = CARTESIAN_POINT('',(5.08,-0.70789412999,1.423236866426));
#14710 = CARTESIAN_POINT('',(5.089999999999,-0.733921888029,
    1.453602602524));
#14711 = CARTESIAN_POINT('',(5.08,-0.733921888029,1.453602602524));
#14712 = CARTESIAN_POINT('',(5.089999999999,-0.772963552666,
    1.47240042471));
#14713 = CARTESIAN_POINT('',(5.08,-0.772963552666,1.47240042471));
#14714 = CARTESIAN_POINT('',(5.089999999999,-0.816343167783,
    1.47240042471));
#14715 = CARTESIAN_POINT('',(5.08,-0.816343167783,1.47240042471));
#14716 = ADVANCED_FACE('',(#14717),#14728,.F.);
#14717 = FACE_BOUND('',#14718,.F.);
#14718 = EDGE_LOOP('',(#14719,#14720,#14721,#14727));
#14719 = ORIENTED_EDGE('',*,*,#14701,.F.);
#14720 = ORIENTED_EDGE('',*,*,#14201,.T.);
#14721 = ORIENTED_EDGE('',*,*,#14722,.T.);
#14722 = EDGE_CURVE('',#14202,#1396,#14723,.T.);
#14723 = LINE('',#14724,#14725);
#14724 = CARTESIAN_POINT('',(5.089999999999,-0.952265956301,
    1.376965265936));
#14725 = VECTOR('',#14726,1.);
#14726 = DIRECTION('',(-1.,-3.41480999208E-16,0.));
#14727 = ORIENTED_EDGE('',*,*,#1404,.F.);
#14728 = B_SPLINE_SURFACE_WITH_KNOTS('',3,1,(
    (#14729,#14730)
    ,(#14731,#14732)
    ,(#14733,#14734)
    ,(#14735,#14736
    )),.UNSPECIFIED.,.F.,.F.,.F.,(4,4),(2,2),(16.,17.),(0.,1.),
  .PIECEWISE_BEZIER_KNOTS.);
#14729 = CARTESIAN_POINT('',(5.089999999999,-0.816343167783,
    1.47240042471));
#14730 = CARTESIAN_POINT('',(5.08,-0.816343167783,1.47240042471));
#14731 = CARTESIAN_POINT('',(5.089999999999,-0.878520632666,
    1.47240042471));
#14732 = CARTESIAN_POINT('',(5.08,-0.878520632666,1.47240042471));
#14733 = CARTESIAN_POINT('',(5.089999999999,-0.932022141429,
    1.431912794966));
#14734 = CARTESIAN_POINT('',(5.08,-0.932022141429,1.431912794966));
#14735 = CARTESIAN_POINT('',(5.089999999999,-0.952265956301,
    1.376965265936));
#14736 = CARTESIAN_POINT('',(5.08,-0.952265956301,1.376965265936));
#14737 = ADVANCED_FACE('',(#14738),#14749,.F.);
#14738 = FACE_BOUND('',#14739,.F.);
#14739 = EDGE_LOOP('',(#14740,#14741,#14742,#14748));
#14740 = ORIENTED_EDGE('',*,*,#14722,.F.);
#14741 = ORIENTED_EDGE('',*,*,#14210,.T.);
#14742 = ORIENTED_EDGE('',*,*,#14743,.T.);
#14743 = EDGE_CURVE('',#14211,#1387,#14744,.T.);
#14744 = LINE('',#14745,#14746);
#14745 = CARTESIAN_POINT('',(5.089999999999,-1.039025186535,
    1.509996096661));
#14746 = VECTOR('',#14747,1.);
#14747 = DIRECTION('',(-1.,-3.41480999208E-16,0.));
#14748 = ORIENTED_EDGE('',*,*,#1395,.F.);
#14749 = B_SPLINE_SURFACE_WITH_KNOTS('',3,1,(
    (#14750,#14751)
    ,(#14752,#14753)
    ,(#14754,#14755)
    ,(#14756,#14757
    )),.UNSPECIFIED.,.F.,.F.,.F.,(4,4),(2,2),(17.,18.),(0.,1.),
  .PIECEWISE_BEZIER_KNOTS.);
#14750 = CARTESIAN_POINT('',(5.089999999999,-0.952265956301,
    1.376965265936));
#14751 = CARTESIAN_POINT('',(5.08,-0.952265956301,1.376965265936));
#14752 = CARTESIAN_POINT('',(5.089999999999,-1.002875507271,
    1.400101066181));
#14753 = CARTESIAN_POINT('',(5.08,-1.002875507271,1.400101066181));
#14754 = CARTESIAN_POINT('',(5.089999999999,-1.039025186535,
    1.45071061715));
#14755 = CARTESIAN_POINT('',(5.08,-1.039025186535,1.45071061715));
#14756 = CARTESIAN_POINT('',(5.089999999999,-1.039025186535,
    1.509996096661));
#14757 = CARTESIAN_POINT('',(5.08,-1.039025186535,1.509996096661));
#14758 = ADVANCED_FACE('',(#14759),#14770,.F.);
#14759 = FACE_BOUND('',#14760,.F.);
#14760 = EDGE_LOOP('',(#14761,#14762,#14763,#14769));
#14761 = ORIENTED_EDGE('',*,*,#14743,.F.);
#14762 = ORIENTED_EDGE('',*,*,#14219,.T.);
#14763 = ORIENTED_EDGE('',*,*,#14764,.T.);
#14764 = EDGE_CURVE('',#14220,#1378,#14765,.T.);
#14765 = LINE('',#14766,#14767);
#14766 = CARTESIAN_POINT('',(5.089999999999,-0.894426469478,
    1.654594813718));
#14767 = VECTOR('',#14768,1.);
#14768 = DIRECTION('',(-1.,-3.41480999208E-16,0.));
#14769 = ORIENTED_EDGE('',*,*,#1386,.F.);
#14770 = B_SPLINE_SURFACE_WITH_KNOTS('',3,1,(
    (#14771,#14772)
    ,(#14773,#14774)
    ,(#14775,#14776)
    ,(#14777,#14778
    )),.UNSPECIFIED.,.F.,.F.,.F.,(4,4),(2,2),(18.,19.),(0.,1.),
  .PIECEWISE_BEZIER_KNOTS.);
#14771 = CARTESIAN_POINT('',(5.089999999999,-1.039025186535,
    1.509996096661));
#14772 = CARTESIAN_POINT('',(5.08,-1.039025186535,1.509996096661));
#14773 = CARTESIAN_POINT('',(5.089999999999,-1.039025186535,
    1.589525391042));
#14774 = CARTESIAN_POINT('',(5.08,-1.039025186535,1.589525391042));
#14775 = CARTESIAN_POINT('',(5.089999999999,-0.97395576386,
    1.654594813718));
#14776 = CARTESIAN_POINT('',(5.08,-0.97395576386,1.654594813718));
#14777 = CARTESIAN_POINT('',(5.089999999999,-0.894426469478,
    1.654594813718));
#14778 = CARTESIAN_POINT('',(5.08,-0.894426469478,1.654594813718));
#14779 = ADVANCED_FACE('',(#14780),#14791,.F.);
#14780 = FACE_BOUND('',#14781,.F.);
#14781 = EDGE_LOOP('',(#14782,#14783,#14784,#14790));
#14782 = ORIENTED_EDGE('',*,*,#14764,.F.);
#14783 = ORIENTED_EDGE('',*,*,#14228,.T.);
#14784 = ORIENTED_EDGE('',*,*,#14785,.T.);
#14785 = EDGE_CURVE('',#14229,#1369,#14786,.T.);
#14786 = LINE('',#14787,#14788);
#14787 = CARTESIAN_POINT('',(5.089999999999,-0.81778916047,
    1.632905006158));
#14788 = VECTOR('',#14789,1.);
#14789 = DIRECTION('',(-1.,-3.41480999208E-16,0.));
#14790 = ORIENTED_EDGE('',*,*,#1377,.F.);
#14791 = B_SPLINE_SURFACE_WITH_KNOTS('',3,1,(
    (#14792,#14793)
    ,(#14794,#14795)
    ,(#14796,#14797)
    ,(#14798,#14799
    )),.UNSPECIFIED.,.F.,.F.,.F.,(4,4),(2,2),(19.,20.),(0.,1.),
  .PIECEWISE_BEZIER_KNOTS.);
#14792 = CARTESIAN_POINT('',(5.089999999999,-0.894426469478,
    1.654594813718));
#14793 = CARTESIAN_POINT('',(5.08,-0.894426469478,1.654594813718));
#14794 = CARTESIAN_POINT('',(5.089999999999,-0.866952718753,
    1.654594813718));
#14795 = CARTESIAN_POINT('',(5.08,-0.866952718753,1.654594813718));
#14796 = CARTESIAN_POINT('',(5.089999999999,-0.839478968028,
    1.645918885179));
#14797 = CARTESIAN_POINT('',(5.08,-0.839478968028,1.645918885179));
#14798 = CARTESIAN_POINT('',(5.089999999999,-0.81778916047,
    1.632905006158));
#14799 = CARTESIAN_POINT('',(5.08,-0.81778916047,1.632905006158));
#14800 = ADVANCED_FACE('',(#14801),#14812,.F.);
#14801 = FACE_BOUND('',#14802,.F.);
#14802 = EDGE_LOOP('',(#14803,#14804,#14805,#14811));
#14803 = ORIENTED_EDGE('',*,*,#14785,.F.);
#14804 = ORIENTED_EDGE('',*,*,#14237,.T.);
#14805 = ORIENTED_EDGE('',*,*,#14806,.T.);
#14806 = EDGE_CURVE('',#14238,#1360,#14807,.T.);
#14807 = LINE('',#14808,#14809);
#14808 = CARTESIAN_POINT('',(5.089999999999,-0.624026912709,
    1.77171969731));
#14809 = VECTOR('',#14810,1.);
#14810 = DIRECTION('',(-1.,-3.41480999208E-16,0.));
#14811 = ORIENTED_EDGE('',*,*,#1368,.F.);
#14812 = B_SPLINE_SURFACE_WITH_KNOTS('',3,1,(
    (#14813,#14814)
    ,(#14815,#14816)
    ,(#14817,#14818)
    ,(#14819,#14820
    )),.UNSPECIFIED.,.F.,.F.,.F.,(4,4),(2,2),(20.,21.),(0.,1.),
  .PIECEWISE_BEZIER_KNOTS.);
#14813 = CARTESIAN_POINT('',(5.089999999999,-0.81778916047,
    1.632905006158));
#14814 = CARTESIAN_POINT('',(5.08,-0.81778916047,1.632905006158));
#14815 = CARTESIAN_POINT('',(5.089999999999,-0.790315437325,
    1.713880210488));
#14816 = CARTESIAN_POINT('',(5.08,-0.790315437325,1.713880210488));
#14817 = CARTESIAN_POINT('',(5.089999999999,-0.715124093423,
    1.77171969731));
#14818 = CARTESIAN_POINT('',(5.08,-0.715124093423,1.77171969731));
#14819 = CARTESIAN_POINT('',(5.089999999999,-0.624026912709,
    1.77171969731));
#14820 = CARTESIAN_POINT('',(5.08,-0.624026912709,1.77171969731));
#14821 = ADVANCED_FACE('',(#14822),#14833,.F.);
#14822 = FACE_BOUND('',#14823,.F.);
#14823 = EDGE_LOOP('',(#14824,#14825,#14826,#14832));
#14824 = ORIENTED_EDGE('',*,*,#14806,.F.);
#14825 = ORIENTED_EDGE('',*,*,#14246,.T.);
#14826 = ORIENTED_EDGE('',*,*,#14827,.T.);
#14827 = EDGE_CURVE('',#14247,#1351,#14828,.T.);
#14828 = LINE('',#14829,#14830);
#14829 = CARTESIAN_POINT('',(5.089999999999,-0.421588708828,
    1.590971300989));
#14830 = VECTOR('',#14831,1.);
#14831 = DIRECTION('',(-1.,-3.41480999208E-16,0.));
#14832 = ORIENTED_EDGE('',*,*,#1359,.F.);
#14833 = B_SPLINE_SURFACE_WITH_KNOTS('',3,1,(
    (#14834,#14835)
    ,(#14836,#14837)
    ,(#14838,#14839)
    ,(#14840,#14841
    )),.UNSPECIFIED.,.F.,.F.,.F.,(4,4),(2,2),(21.,22.),(0.,1.),
  .PIECEWISE_BEZIER_KNOTS.);
#14834 = CARTESIAN_POINT('',(5.089999999999,-0.624026912709,
    1.77171969731));
#14835 = CARTESIAN_POINT('',(5.08,-0.624026912709,1.77171969731));
#14836 = CARTESIAN_POINT('',(5.089999999999,-0.519915825395,
    1.77171969731));
#14837 = CARTESIAN_POINT('',(5.08,-0.519915825395,1.77171969731));
#14838 = CARTESIAN_POINT('',(5.089999999999,-0.433156595161,
    1.692190402928));
#14839 = CARTESIAN_POINT('',(5.08,-0.433156595161,1.692190402928));
#14840 = CARTESIAN_POINT('',(5.089999999999,-0.421588708828,
    1.590971300989));
#14841 = CARTESIAN_POINT('',(5.08,-0.421588708828,1.590971300989));
#14842 = ADVANCED_FACE('',(#14843),#14854,.F.);
#14843 = FACE_BOUND('',#14844,.T.);
#14844 = EDGE_LOOP('',(#14845,#14846,#14852,#14853));
#14845 = ORIENTED_EDGE('',*,*,#1350,.T.);
#14846 = ORIENTED_EDGE('',*,*,#14847,.F.);
#14847 = EDGE_CURVE('',#14256,#1342,#14848,.T.);
#14848 = LINE('',#14849,#14850);
#14849 = CARTESIAN_POINT('',(5.089999999999,-0.410020822496,
    1.590971300989));
#14850 = VECTOR('',#14851,1.);
#14851 = DIRECTION('',(-1.,-3.41480999208E-16,0.));
#14852 = ORIENTED_EDGE('',*,*,#14255,.F.);
#14853 = ORIENTED_EDGE('',*,*,#14827,.T.);
#14854 = PLANE('',#14855);
#14855 = AXIS2_PLACEMENT_3D('',#14856,#14857,#14858);
#14856 = CARTESIAN_POINT('',(5.089999999999,-0.421588708828,
    1.590971300989));
#14857 = DIRECTION('',(0.,0.,1.));
#14858 = DIRECTION('',(1.,0.,-0.));
#14859 = ADVANCED_FACE('',(#14860),#14871,.F.);
#14860 = FACE_BOUND('',#14861,.F.);
#14861 = EDGE_LOOP('',(#14862,#14863,#14864,#14870));
#14862 = ORIENTED_EDGE('',*,*,#14847,.F.);
#14863 = ORIENTED_EDGE('',*,*,#14264,.T.);
#14864 = ORIENTED_EDGE('',*,*,#14865,.T.);
#14865 = EDGE_CURVE('',#14265,#1333,#14866,.T.);
#14866 = LINE('',#14867,#14868);
#14867 = CARTESIAN_POINT('',(5.089999999999,-0.297233834223,
    1.478184312716));
#14868 = VECTOR('',#14869,1.);
#14869 = DIRECTION('',(-1.,-3.41480999208E-16,0.));
#14870 = ORIENTED_EDGE('',*,*,#1341,.F.);
#14871 = B_SPLINE_SURFACE_WITH_KNOTS('',3,1,(
    (#14872,#14873)
    ,(#14874,#14875)
    ,(#14876,#14877)
    ,(#14878,#14879
    )),.UNSPECIFIED.,.F.,.F.,.F.,(4,4),(2,2),(23.,24.),(0.,1.),
  .PIECEWISE_BEZIER_KNOTS.);
#14872 = CARTESIAN_POINT('',(5.089999999999,-0.410020822496,
    1.590971300989));
#14873 = CARTESIAN_POINT('',(5.08,-0.410020822496,1.590971300989));
#14874 = CARTESIAN_POINT('',(5.089999999999,-0.347843385193,
    1.590971300989));
#14875 = CARTESIAN_POINT('',(5.08,-0.347843385193,1.590971300989));
#14876 = CARTESIAN_POINT('',(5.089999999999,-0.297233834223,
    1.540361750019));
#14877 = CARTESIAN_POINT('',(5.08,-0.297233834223,1.540361750019));
#14878 = CARTESIAN_POINT('',(5.089999999999,-0.297233834223,
    1.478184312716));
#14879 = CARTESIAN_POINT('',(5.08,-0.297233834223,1.478184312716));
#14880 = ADVANCED_FACE('',(#14881),#14892,.F.);
#14881 = FACE_BOUND('',#14882,.F.);
#14882 = EDGE_LOOP('',(#14883,#14884,#14885,#14891));
#14883 = ORIENTED_EDGE('',*,*,#14865,.F.);
#14884 = ORIENTED_EDGE('',*,*,#14273,.T.);
#14885 = ORIENTED_EDGE('',*,*,#14886,.T.);
#14886 = EDGE_CURVE('',#14274,#1325,#14887,.T.);
#14887 = LINE('',#14888,#14889);
#14888 = CARTESIAN_POINT('',(5.089999999999,-0.401344921536,
    1.365397324444));
#14889 = VECTOR('',#14890,1.);
#14890 = DIRECTION('',(-1.,-3.41480999208E-16,0.));
#14891 = ORIENTED_EDGE('',*,*,#1332,.F.);
#14892 = B_SPLINE_SURFACE_WITH_KNOTS('',3,1,(
    (#14893,#14894)
    ,(#14895,#14896)
    ,(#14897,#14898)
    ,(#14899,#14900
    )),.UNSPECIFIED.,.F.,.F.,.F.,(4,4),(2,2),(24.,25.),(0.,1.),
  .PIECEWISE_BEZIER_KNOTS.);
#14893 = CARTESIAN_POINT('',(5.089999999999,-0.297233834223,
    1.478184312716));
#14894 = CARTESIAN_POINT('',(5.08,-0.297233834223,1.478184312716));
#14895 = CARTESIAN_POINT('',(5.089999999999,-0.297233834223,
    1.418898833206));
#14896 = CARTESIAN_POINT('',(5.08,-0.297233834223,1.418898833206));
#14897 = CARTESIAN_POINT('',(5.089999999999,-0.342059414447,
    1.369735274924));
#14898 = CARTESIAN_POINT('',(5.08,-0.342059414447,1.369735274924));
#14899 = CARTESIAN_POINT('',(5.089999999999,-0.401344921536,
    1.365397324444));
#14900 = CARTESIAN_POINT('',(5.08,-0.401344921536,1.365397324444));
#14901 = ADVANCED_FACE('',(#14902),#14913,.F.);
#14902 = FACE_BOUND('',#14903,.T.);
#14903 = EDGE_LOOP('',(#14904,#14905,#14911,#14912));
#14904 = ORIENTED_EDGE('',*,*,#1324,.T.);
#14905 = ORIENTED_EDGE('',*,*,#14906,.F.);
#14906 = EDGE_CURVE('',#14283,#1316,#14907,.T.);
#14907 = LINE('',#14908,#14909);
#14908 = CARTESIAN_POINT('',(5.089999999999,-0.466414344212,
    1.365397324444));
#14909 = VECTOR('',#14910,1.);
#14910 = DIRECTION('',(-1.,-3.41480999208E-16,0.));
#14911 = ORIENTED_EDGE('',*,*,#14282,.F.);
#14912 = ORIENTED_EDGE('',*,*,#14886,.T.);
#14913 = PLANE('',#14914);
#14914 = AXIS2_PLACEMENT_3D('',#14915,#14916,#14917);
#14915 = CARTESIAN_POINT('',(5.089999999999,-0.401344921536,
    1.365397324444));
#14916 = DIRECTION('',(-1.137967499875E-30,3.332447493461E-15,-1.));
#14917 = DIRECTION('',(0.,1.,3.332447493461E-15));
#14918 = ADVANCED_FACE('',(#14919),#14930,.F.);
#14919 = FACE_BOUND('',#14920,.F.);
#14920 = EDGE_LOOP('',(#14921,#14922,#14923,#14929));
#14921 = ORIENTED_EDGE('',*,*,#14906,.F.);
#14922 = ORIENTED_EDGE('',*,*,#14290,.T.);
#14923 = ORIENTED_EDGE('',*,*,#14924,.T.);
#14924 = EDGE_CURVE('',#14291,#1307,#14925,.T.);
#14925 = LINE('',#14926,#14927);
#14926 = CARTESIAN_POINT('',(5.089999999999,-0.475090245172,
    1.36684328955));
#14927 = VECTOR('',#14928,1.);
#14928 = DIRECTION('',(-1.,-3.41480999208E-16,0.));
#14929 = ORIENTED_EDGE('',*,*,#1315,.F.);
#14930 = B_SPLINE_SURFACE_WITH_KNOTS('',3,1,(
    (#14931,#14932)
    ,(#14933,#14934)
    ,(#14935,#14936)
    ,(#14937,#14938
    )),.UNSPECIFIED.,.F.,.F.,.F.,(4,4),(2,2),(26.,27.),(0.,1.),
  .PIECEWISE_BEZIER_KNOTS.);
#14931 = CARTESIAN_POINT('',(5.089999999999,-0.466414344212,
    1.365397324444));
#14932 = CARTESIAN_POINT('',(5.08,-0.466414344212,1.365397324444));
#14933 = CARTESIAN_POINT('',(5.089999999999,-0.469306329585,
    1.365397324444));
#14934 = CARTESIAN_POINT('',(5.08,-0.469306329585,1.365397324444));
#14935 = CARTESIAN_POINT('',(5.089999999999,-0.472198314958,
    1.36684328955));
#14936 = CARTESIAN_POINT('',(5.08,-0.472198314958,1.36684328955));
#14937 = CARTESIAN_POINT('',(5.089999999999,-0.475090245172,
    1.36684328955));
#14938 = CARTESIAN_POINT('',(5.08,-0.475090245172,1.36684328955));
#14939 = ADVANCED_FACE('',(#14940),#14951,.F.);
#14940 = FACE_BOUND('',#14941,.F.);
#14941 = EDGE_LOOP('',(#14942,#14943,#14944,#14950));
#14942 = ORIENTED_EDGE('',*,*,#14924,.F.);
#14943 = ORIENTED_EDGE('',*,*,#14299,.T.);
#14944 = ORIENTED_EDGE('',*,*,#14945,.T.);
#14945 = EDGE_CURVE('',#14300,#1298,#14946,.T.);
#14946 = LINE('',#14947,#14948);
#14947 = CARTESIAN_POINT('',(5.089999999999,-0.519915825395,
    1.322017709326));
#14948 = VECTOR('',#14949,1.);
#14949 = DIRECTION('',(-1.,-3.41480999208E-16,0.));
#14950 = ORIENTED_EDGE('',*,*,#1306,.F.);
#14951 = B_SPLINE_SURFACE_WITH_KNOTS('',3,1,(
    (#14952,#14953)
    ,(#14954,#14955)
    ,(#14956,#14957)
    ,(#14958,#14959
    )),.UNSPECIFIED.,.F.,.F.,.F.,(4,4),(2,2),(27.,28.),(0.,1.),
  .PIECEWISE_BEZIER_KNOTS.);
#14952 = CARTESIAN_POINT('',(5.089999999999,-0.475090245172,
    1.36684328955));
#14953 = CARTESIAN_POINT('',(5.08,-0.475090245172,1.36684328955));
#14954 = CARTESIAN_POINT('',(5.089999999999,-0.499672038103,
    1.36684328955));
#14955 = CARTESIAN_POINT('',(5.08,-0.499672038103,1.36684328955));
#14956 = CARTESIAN_POINT('',(5.089999999999,-0.519915825395,
    1.346599447098));
#14957 = CARTESIAN_POINT('',(5.08,-0.519915825395,1.346599447098));
#14958 = CARTESIAN_POINT('',(5.089999999999,-0.519915825395,
    1.322017709326));
#14959 = CARTESIAN_POINT('',(5.08,-0.519915825395,1.322017709326));
#14960 = ADVANCED_FACE('',(#14961),#14972,.F.);
#14961 = FACE_BOUND('',#14962,.F.);
#14962 = EDGE_LOOP('',(#14963,#14964,#14965,#14971));
#14963 = ORIENTED_EDGE('',*,*,#14945,.F.);
#14964 = ORIENTED_EDGE('',*,*,#14308,.T.);
#14965 = ORIENTED_EDGE('',*,*,#14966,.T.);
#14966 = EDGE_CURVE('',#14309,#1290,#14967,.T.);
#14967 = LINE('',#14968,#14969);
#14968 = CARTESIAN_POINT('',(5.089999999999,-0.477982175385,
    1.277192129102));
#14969 = VECTOR('',#14970,1.);
#14970 = DIRECTION('',(-1.,-3.41480999208E-16,0.));
#14971 = ORIENTED_EDGE('',*,*,#1297,.F.);
#14972 = B_SPLINE_SURFACE_WITH_KNOTS('',3,1,(
    (#14973,#14974)
    ,(#14975,#14976)
    ,(#14977,#14978)
    ,(#14979,#14980
    )),.UNSPECIFIED.,.F.,.F.,.F.,(4,4),(2,2),(28.,29.),(0.,1.),
  .PIECEWISE_BEZIER_KNOTS.);
#14973 = CARTESIAN_POINT('',(5.089999999999,-0.519915825395,
    1.322017709326));
#14974 = CARTESIAN_POINT('',(5.08,-0.519915825395,1.322017709326));
#14975 = CARTESIAN_POINT('',(5.089999999999,-0.519915825395,
    1.298881936661));
#14976 = CARTESIAN_POINT('',(5.08,-0.519915825395,1.298881936661));
#14977 = CARTESIAN_POINT('',(5.089999999999,-0.50111800321,
    1.278638094208));
#14978 = CARTESIAN_POINT('',(5.08,-0.50111800321,1.278638094208));
#14979 = CARTESIAN_POINT('',(5.089999999999,-0.477982175385,
    1.277192129102));
#14980 = CARTESIAN_POINT('',(5.08,-0.477982175385,1.277192129102));
#14981 = ADVANCED_FACE('',(#14982),#14993,.F.);
#14982 = FACE_BOUND('',#14983,.T.);
#14983 = EDGE_LOOP('',(#14984,#14985,#14991,#14992));
#14984 = ORIENTED_EDGE('',*,*,#1289,.T.);
#14985 = ORIENTED_EDGE('',*,*,#14986,.F.);
#14986 = EDGE_CURVE('',#14318,#1281,#14987,.T.);
#14987 = LINE('',#14988,#14989);
#14988 = CARTESIAN_POINT('',(5.089999999999,-0.392668965417,
    1.277192129102));
#14989 = VECTOR('',#14990,1.);
#14990 = DIRECTION('',(-1.,-3.41480999208E-16,0.));
#14991 = ORIENTED_EDGE('',*,*,#14317,.F.);
#14992 = ORIENTED_EDGE('',*,*,#14966,.T.);
#14993 = PLANE('',#14994);
#14994 = AXIS2_PLACEMENT_3D('',#14995,#14996,#14997);
#14995 = CARTESIAN_POINT('',(5.089999999999,-0.397006915897,
    1.277192129102));
#14996 = DIRECTION('',(0.,0.,1.));
#14997 = DIRECTION('',(1.,0.,-0.));
#14998 = ADVANCED_FACE('',(#14999),#15010,.F.);
#14999 = FACE_BOUND('',#15000,.F.);
#15000 = EDGE_LOOP('',(#15001,#15002,#15003,#15009));
#15001 = ORIENTED_EDGE('',*,*,#14986,.F.);
#15002 = ORIENTED_EDGE('',*,*,#14325,.T.);
#15003 = ORIENTED_EDGE('',*,*,#15004,.T.);
#15004 = EDGE_CURVE('',#14326,#1272,#15005,.T.);
#15005 = LINE('',#15006,#15007);
#15006 = CARTESIAN_POINT('',(5.089999999999,-0.261084154959,
    1.342261551778));
#15007 = VECTOR('',#15008,1.);
#15008 = DIRECTION('',(-1.,-3.41480999208E-16,0.));
#15009 = ORIENTED_EDGE('',*,*,#1280,.F.);
#15010 = B_SPLINE_SURFACE_WITH_KNOTS('',3,1,(
    (#15011,#15012)
    ,(#15013,#15014)
    ,(#15015,#15016)
    ,(#15017,#15018
    )),.UNSPECIFIED.,.F.,.F.,.F.,(4,4),(2,2),(33.,34.),(0.,1.),
  .PIECEWISE_BEZIER_KNOTS.);
#15011 = CARTESIAN_POINT('',(5.089999999999,-0.392668965417,
    1.277192129102));
#15012 = CARTESIAN_POINT('',(5.08,-0.392668965417,1.277192129102));
#15013 = CARTESIAN_POINT('',(5.089999999999,-0.342059414447,
    1.281530079582));
#15014 = CARTESIAN_POINT('',(5.08,-0.342059414447,1.281530079582));
#15015 = CARTESIAN_POINT('',(5.089999999999,-0.295787813956,
    1.304665907407));
#15016 = CARTESIAN_POINT('',(5.08,-0.295787813956,1.304665907407));
#15017 = CARTESIAN_POINT('',(5.089999999999,-0.261084154959,
    1.342261551778));
#15018 = CARTESIAN_POINT('',(5.08,-0.261084154959,1.342261551778));
#15019 = ADVANCED_FACE('',(#15020),#15026,.F.);
#15020 = FACE_BOUND('',#15021,.F.);
#15021 = EDGE_LOOP('',(#15022,#15023,#15024,#15025));
#15022 = ORIENTED_EDGE('',*,*,#15004,.F.);
#15023 = ORIENTED_EDGE('',*,*,#14334,.T.);
#15024 = ORIENTED_EDGE('',*,*,#14374,.T.);
#15025 = ORIENTED_EDGE('',*,*,#1271,.F.);
#15026 = B_SPLINE_SURFACE_WITH_KNOTS('',3,1,(
    (#15027,#15028)
    ,(#15029,#15030)
    ,(#15031,#15032)
    ,(#15033,#15034
    )),.UNSPECIFIED.,.F.,.F.,.F.,(4,4),(2,2),(34.,35.),(0.,1.),
  .PIECEWISE_BEZIER_KNOTS.);
#15027 = CARTESIAN_POINT('',(5.089999999999,-0.261084154959,
    1.342261551778));
#15028 = CARTESIAN_POINT('',(5.08,-0.261084154959,1.342261551778));
#15029 = CARTESIAN_POINT('',(5.089999999999,-0.226380440801,
    1.379857196149));
#15030 = CARTESIAN_POINT('',(5.08,-0.226380440801,1.379857196149));
#15031 = CARTESIAN_POINT('',(5.089999999999,-0.207582618616,
    1.429020782012));
#15032 = CARTESIAN_POINT('',(5.08,-0.207582618616,1.429020782012));
#15033 = CARTESIAN_POINT('',(5.089999999999,-0.207582618616,
    1.479630332982));
#15034 = CARTESIAN_POINT('',(5.08,-0.207582618616,1.479630332982));
#15035 = ADVANCED_FACE('',(#15036),#15065,.T.);
#15036 = FACE_BOUND('',#15037,.T.);
#15037 = EDGE_LOOP('',(#15038,#15052,#15058,#15059));
#15038 = ORIENTED_EDGE('',*,*,#15039,.F.);
#15039 = EDGE_CURVE('',#15040,#15042,#15044,.T.);
#15040 = VERTEX_POINT('',#15041);
#15041 = CARTESIAN_POINT('',(5.08,-0.81778918805,1.268516117823));
#15042 = VERTEX_POINT('',#15043);
#15043 = CARTESIAN_POINT('',(5.08,-0.81778918805,1.381303161255));
#15044 = B_SPLINE_CURVE_WITH_KNOTS('',3,(#15045,#15046,#15047,#15048,
    #15049,#15050,#15051),.UNSPECIFIED.,.F.,.F.,(4,3,4),(0.,1.,2.),
  .PIECEWISE_BEZIER_KNOTS.);
#15045 = CARTESIAN_POINT('',(5.08,-0.81778918805,1.268516117823));
#15046 = CARTESIAN_POINT('',(5.08,-0.785977486845,1.268516117823));
#15047 = CARTESIAN_POINT('',(5.08,-0.761395693914,1.294543931021));
#15048 = CARTESIAN_POINT('',(5.08,-0.761395693914,1.324909639539));
#15049 = CARTESIAN_POINT('',(5.08,-0.761395693914,1.356721368323));
#15050 = CARTESIAN_POINT('',(5.08,-0.787423451952,1.381303161255));
#15051 = CARTESIAN_POINT('',(5.08,-0.81778918805,1.381303161255));
#15052 = ORIENTED_EDGE('',*,*,#15053,.F.);
#15053 = EDGE_CURVE('',#14344,#15040,#15054,.T.);
#15054 = LINE('',#15055,#15056);
#15055 = CARTESIAN_POINT('',(5.089999999999,-0.81778918805,
    1.268516117823));
#15056 = VECTOR('',#15057,1.);
#15057 = DIRECTION('',(-1.,-3.41480999208E-16,0.));
#15058 = ORIENTED_EDGE('',*,*,#14343,.T.);
#15059 = ORIENTED_EDGE('',*,*,#15060,.T.);
#15060 = EDGE_CURVE('',#14346,#15042,#15061,.T.);
#15061 = LINE('',#15062,#15063);
#15062 = CARTESIAN_POINT('',(5.089999999999,-0.81778918805,
    1.381303161255));
#15063 = VECTOR('',#15064,1.);
#15064 = DIRECTION('',(-1.,-3.41480999208E-16,0.));
#15065 = B_SPLINE_SURFACE_WITH_KNOTS('',3,1,(
    (#15066,#15067)
    ,(#15068,#15069)
    ,(#15070,#15071)
    ,(#15072,#15073)
    ,(#15074,#15075)
    ,(#15076,#15077)
    ,(#15078,#15079
  )),.UNSPECIFIED.,.F.,.F.,.F.,(4,3,4),(2,2),(0.,1.,2.),(0.,1.),
  .PIECEWISE_BEZIER_KNOTS.);
#15066 = CARTESIAN_POINT('',(5.089999999999,-0.81778918805,
    1.268516117823));
#15067 = CARTESIAN_POINT('',(5.08,-0.81778918805,1.268516117823));
#15068 = CARTESIAN_POINT('',(5.089999999999,-0.785977486845,
    1.268516117823));
#15069 = CARTESIAN_POINT('',(5.08,-0.785977486845,1.268516117823));
#15070 = CARTESIAN_POINT('',(5.089999999999,-0.761395693914,
    1.294543931021));
#15071 = CARTESIAN_POINT('',(5.08,-0.761395693914,1.294543931021));
#15072 = CARTESIAN_POINT('',(5.089999999999,-0.761395693914,
    1.324909639539));
#15073 = CARTESIAN_POINT('',(5.08,-0.761395693914,1.324909639539));
#15074 = CARTESIAN_POINT('',(5.089999999999,-0.761395693914,
    1.356721368323));
#15075 = CARTESIAN_POINT('',(5.08,-0.761395693914,1.356721368323));
#15076 = CARTESIAN_POINT('',(5.089999999999,-0.787423451952,
    1.381303161255));
#15077 = CARTESIAN_POINT('',(5.08,-0.787423451952,1.381303161255));
#15078 = CARTESIAN_POINT('',(5.089999999999,-0.81778918805,
    1.381303161255));
#15079 = CARTESIAN_POINT('',(5.08,-0.81778918805,1.381303161255));
#15080 = ADVANCED_FACE('',(#15081),#15095,.T.);
#15081 = FACE_BOUND('',#15082,.T.);
#15082 = EDGE_LOOP('',(#15083,#15092,#15093,#15094));
#15083 = ORIENTED_EDGE('',*,*,#15084,.F.);
#15084 = EDGE_CURVE('',#15042,#15040,#15085,.T.);
#15085 = B_SPLINE_CURVE_WITH_KNOTS('',3,(#15086,#15087,#15088,#15089,
    #15090,#15091),.UNSPECIFIED.,.F.,.F.,(4,2,4),(2.,3.,4.),
  .UNSPECIFIED.);
#15086 = CARTESIAN_POINT('',(5.08,-0.81778918805,1.381303161255));
#15087 = CARTESIAN_POINT('',(5.08,-0.848154924147,1.381303161255));
#15088 = CARTESIAN_POINT('',(5.08,-0.874182682186,1.356721368323));
#15089 = CARTESIAN_POINT('',(5.08,-0.874182682186,1.293097910754));
#15090 = CARTESIAN_POINT('',(5.08,-0.848154924147,1.268516117823));
#15091 = CARTESIAN_POINT('',(5.08,-0.81778918805,1.268516117823));
#15092 = ORIENTED_EDGE('',*,*,#15060,.F.);
#15093 = ORIENTED_EDGE('',*,*,#14357,.T.);
#15094 = ORIENTED_EDGE('',*,*,#15053,.T.);
#15095 = B_SPLINE_SURFACE_WITH_KNOTS('',3,1,(
    (#15096,#15097)
    ,(#15098,#15099)
    ,(#15100,#15101)
    ,(#15102,#15103)
    ,(#15104,#15105)
    ,(#15106,#15107
  )),.UNSPECIFIED.,.F.,.F.,.F.,(4,2,4),(2,2),(2.,3.,4.),(0.,1.),
  .UNSPECIFIED.);
#15096 = CARTESIAN_POINT('',(5.089999999999,-0.81778918805,
    1.381303161255));
#15097 = CARTESIAN_POINT('',(5.08,-0.81778918805,1.381303161255));
#15098 = CARTESIAN_POINT('',(5.089999999999,-0.848154924147,
    1.381303161255));
#15099 = CARTESIAN_POINT('',(5.08,-0.848154924147,1.381303161255));
#15100 = CARTESIAN_POINT('',(5.089999999999,-0.874182682186,
    1.356721368323));
#15101 = CARTESIAN_POINT('',(5.08,-0.874182682186,1.356721368323));
#15102 = CARTESIAN_POINT('',(5.089999999999,-0.874182682186,
    1.293097910754));
#15103 = CARTESIAN_POINT('',(5.08,-0.874182682186,1.293097910754));
#15104 = CARTESIAN_POINT('',(5.089999999999,-0.848154924147,
    1.268516117823));
#15105 = CARTESIAN_POINT('',(5.08,-0.848154924147,1.268516117823));
#15106 = CARTESIAN_POINT('',(5.089999999999,-0.81778918805,
    1.268516117823));
#15107 = CARTESIAN_POINT('',(5.08,-0.81778918805,1.268516117823));
#15108 = ADVANCED_FACE('',(#15109),#15113,.F.);
#15109 = FACE_BOUND('',#15110,.T.);
#15110 = EDGE_LOOP('',(#15111,#15112));
#15111 = ORIENTED_EDGE('',*,*,#15084,.T.);
#15112 = ORIENTED_EDGE('',*,*,#15039,.T.);
#15113 = PLANE('',#15114);
#15114 = AXIS2_PLACEMENT_3D('',#15115,#15116,#15117);
#15115 = CARTESIAN_POINT('',(5.079999999999,2.54,2.54));
#15116 = DIRECTION('',(-1.,-3.41480999208E-16,0.));
#15117 = DIRECTION('',(3.41480999208E-16,-1.,0.));
#15118 = ( GEOMETRIC_REPRESENTATION_CONTEXT(3) 
GLOBAL_UNCERTAINTY_ASSIGNED_CONTEXT((#15122)) 
GLOBAL_UNIT_ASSIGNED_CONTEXT((#15119,#15120,#15121)) 
REPRESENTATION_CONTEXT('Context #1',
  '3D Context with UNIT and UNCERTAINTY') );
#15119 = ( LENGTH_UNIT() NAMED_UNIT(*) SI_UNIT(.MILLI.,.METRE.) );
#15120 = ( NAMED_UNIT(*) PLANE_ANGLE_UNIT() SI_UNIT($,.RADIAN.) );
#15121 = ( NAMED_UNIT(*) SI_UNIT($,.STERADIAN.) SOLID_ANGLE_UNIT() );
#15122 = UNCERTAINTY_MEASURE_WITH_UNIT(LENGTH_MEASURE(1.E-07),#15119,
  'distance_accuracy_value','confusion accuracy');
#15123 = CONTEXT_DEPENDENT_SHAPE_REPRESENTATION(#15124,#15126);
#15124 = ( REPRESENTATION_RELATIONSHIP('','',#55,#32) 
REPRESENTATION_RELATIONSHIP_WITH_TRANSFORMATION(#15125) 
SHAPE_REPRESENTATION_RELATIONSHIP() );
#15125 = ITEM_DEFINED_TRANSFORMATION('','',#11,#33);
#15126 = PRODUCT_DEFINITION_SHAPE('Placement','Placement of an item',
  #15127);
#15127 = NEXT_ASSEMBLY_USAGE_OCCURRENCE('1',
  'HDR-TH_8P-P2.54-V-M-R2-C4-S2.54~HDR-TH_8P-P2.54-M-LI-2X4P~CQWv','',
  #27,#50,$);
#15128 = PRODUCT_RELATED_PRODUCT_CATEGORY('part',$,(#52));
#15129 = MECHANICAL_DESIGN_GEOMETRIC_PRESENTATION_REPRESENTATION('',(
    #15130,#15141,#15149,#15156,#15163,#15170,#15177,#15184,#15191,
    #15198,#15205,#15212,#15220,#15227,#15234,#15241,#15248,#15255,
    #15262,#15269,#15276,#15283,#15290,#15297,#15304,#15311,#15318,
    #15325,#15332,#15339,#15346,#15353,#15360,#15367,#15374,#15381,
    #15388,#15395,#15402,#15409,#15416,#15423,#15430,#15437,#15444,
    #15451,#15458,#15465,#15472,#15479,#15486,#15493,#15500,#15507,
    #15514,#15521,#15528,#15535,#15542,#15549,#15556,#15563,#15570,
    #15577,#15584,#15591,#15598,#15605,#15612,#15619,#15626,#15633,
    #15640,#15647,#15654,#15661,#15668,#15675,#15682,#15689,#15696,
    #15703,#15710,#15717,#15724,#15731,#15738,#15745,#15752,#15759,
    #15766,#15773,#15780,#15787,#15794,#15801,#15808,#15815,#15822,
    #15829,#15836,#15843,#15850,#15857,#15864,#15871,#15878,#15885,
    #15892,#15899,#15906,#15913,#15920,#15927,#15934,#15941,#15948,
    #15955,#15962,#15969,#15976,#15983,#15990,#15997,#16005,#16012,
    #16019,#16026,#16033,#16040,#16047,#16054,#16061,#16068,#16075,
    #16082,#16089,#16096,#16103,#16110,#16117,#16124,#16131,#16138,
    #16145,#16152,#16159,#16166,#16173,#16180,#16187,#16194,#16201,
    #16208,#16215,#16222,#16229,#16236,#16243,#16250,#16257,#16264,
    #16271,#16278,#16285,#16292,#16299,#16306,#16313,#16320,#16327,
    #16334,#16341,#16348,#16355,#16362,#16369,#16376,#16383,#16390,
    #16397,#16404,#16412,#16419,#16426,#16433,#16440,#16447,#16454,
    #16461,#16468,#16475,#16482,#16489,#16496,#16503,#16510,#16517,
    #16524,#16531,#16538,#16545,#16552,#16559,#16566,#16573,#16580,
    #16587,#16594,#16601,#16608,#16615,#16622,#16629,#16636,#16643,
    #16650,#16657,#16664,#16671,#16678,#16685,#16692,#16699,#16706,
    #16713,#16720,#16727,#16734,#16741,#16748,#16755,#16762,#16769,
    #16776,#16783,#16790,#16797,#16804,#16811,#16818,#16825,#16832,
    #16839,#16846,#16853,#16860,#16867,#16874,#16881,#16888,#16895,
    #16902,#16909,#16916,#16923,#16930,#16937,#16944,#16951,#16958,
    #16965,#16972,#16979,#16986,#16993,#17000,#17007,#17014,#17021,
    #17028,#17035,#17042,#17049,#17056,#17063,#17070,#17077,#17084,
    #17091,#17098,#17105,#17112,#17119,#17126,#17133,#17140,#17147,
    #17154,#17161,#17168,#17175,#17182,#17189,#17196,#17203,#17210,
    #17217,#17224,#17231,#17238,#17245,#17252,#17259,#17266,#17273,
    #17280,#17287,#17294,#17301,#17308,#17315,#17322,#17329,#17336,
    #17343,#17350,#17357,#17364,#17371,#17378,#17385,#17392,#17399,
    #17406,#17413,#17420,#17427,#17434,#17441,#17448,#17455,#17462,
    #17469,#17476,#17483,#17490,#17497,#17504,#17511,#17518,#17525,
    #17532,#17539,#17546,#17553,#17560,#17567,#17574,#17581,#17588,
    #17595,#17602,#17609,#17616,#17623,#17630,#17637,#17644,#17651,
    #17658,#17665,#17672,#17679,#17686,#17693,#17700,#17707,#17714,
    #17721,#17728,#17735,#17742,#17749,#17756,#17763,#17770,#17777,
    #17784,#17791,#17798,#17805,#17812,#17819,#17826,#17833,#17840,
    #17847,#17854,#17861,#17868,#17875,#17882,#17889,#17896,#17903,
    #17910,#17917,#17924),#15118);
#15130 = STYLED_ITEM('color',(#15131),#56);
#15131 = PRESENTATION_STYLE_ASSIGNMENT((#15132,#15138));
#15132 = SURFACE_STYLE_USAGE(.BOTH.,#15133);
#15133 = SURFACE_SIDE_STYLE('',(#15134));
#15134 = SURFACE_STYLE_FILL_AREA(#15135);
#15135 = FILL_AREA_STYLE('',(#15136));
#15136 = FILL_AREA_STYLE_COLOUR('',#15137);
#15137 = COLOUR_RGB('',0.223529416636,0.223529416636,0.223529416636);
#15138 = CURVE_STYLE('',#15139,POSITIVE_LENGTH_MEASURE(0.1),#15140);
#15139 = DRAUGHTING_PRE_DEFINED_CURVE_FONT('continuous');
#15140 = COLOUR_RGB('',9.803921802644E-02,9.803921802644E-02,
  9.803921802644E-02);
#15141 = OVER_RIDING_STYLED_ITEM('overriding color',(#15142),#3048,
  #15130);
#15142 = PRESENTATION_STYLE_ASSIGNMENT((#15143));
#15143 = SURFACE_STYLE_USAGE(.BOTH.,#15144);
#15144 = SURFACE_SIDE_STYLE('',(#15145));
#15145 = SURFACE_STYLE_FILL_AREA(#15146);
#15146 = FILL_AREA_STYLE('',(#15147));
#15147 = FILL_AREA_STYLE_COLOUR('',#15148);
#15148 = COLOUR_RGB('',0.149019617616,0.149019617616,0.149019617616);
#15149 = OVER_RIDING_STYLED_ITEM('overriding color',(#15150),#3128,
  #15130);
#15150 = PRESENTATION_STYLE_ASSIGNMENT((#15151));
#15151 = SURFACE_STYLE_USAGE(.BOTH.,#15152);
#15152 = SURFACE_SIDE_STYLE('',(#15153));
#15153 = SURFACE_STYLE_FILL_AREA(#15154);
#15154 = FILL_AREA_STYLE('',(#15155));
#15155 = FILL_AREA_STYLE_COLOUR('',#15148);
#15156 = OVER_RIDING_STYLED_ITEM('overriding color',(#15157),#3190,
  #15130);
#15157 = PRESENTATION_STYLE_ASSIGNMENT((#15158));
#15158 = SURFACE_STYLE_USAGE(.BOTH.,#15159);
#15159 = SURFACE_SIDE_STYLE('',(#15160));
#15160 = SURFACE_STYLE_FILL_AREA(#15161);
#15161 = FILL_AREA_STYLE('',(#15162));
#15162 = FILL_AREA_STYLE_COLOUR('',#15148);
#15163 = OVER_RIDING_STYLED_ITEM('overriding color',(#15164),#3234,
  #15130);
#15164 = PRESENTATION_STYLE_ASSIGNMENT((#15165));
#15165 = SURFACE_STYLE_USAGE(.BOTH.,#15166);
#15166 = SURFACE_SIDE_STYLE('',(#15167));
#15167 = SURFACE_STYLE_FILL_AREA(#15168);
#15168 = FILL_AREA_STYLE('',(#15169));
#15169 = FILL_AREA_STYLE_COLOUR('',#15148);
#15170 = OVER_RIDING_STYLED_ITEM('overriding color',(#15171),#3296,
  #15130);
#15171 = PRESENTATION_STYLE_ASSIGNMENT((#15172));
#15172 = SURFACE_STYLE_USAGE(.BOTH.,#15173);
#15173 = SURFACE_SIDE_STYLE('',(#15174));
#15174 = SURFACE_STYLE_FILL_AREA(#15175);
#15175 = FILL_AREA_STYLE('',(#15176));
#15176 = FILL_AREA_STYLE_COLOUR('',#15148);
#15177 = OVER_RIDING_STYLED_ITEM('overriding color',(#15178),#3318,
  #15130);
#15178 = PRESENTATION_STYLE_ASSIGNMENT((#15179));
#15179 = SURFACE_STYLE_USAGE(.BOTH.,#15180);
#15180 = SURFACE_SIDE_STYLE('',(#15181));
#15181 = SURFACE_STYLE_FILL_AREA(#15182);
#15182 = FILL_AREA_STYLE('',(#15183));
#15183 = FILL_AREA_STYLE_COLOUR('',#15148);
#15184 = OVER_RIDING_STYLED_ITEM('overriding color',(#15185),#3340,
  #15130);
#15185 = PRESENTATION_STYLE_ASSIGNMENT((#15186));
#15186 = SURFACE_STYLE_USAGE(.BOTH.,#15187);
#15187 = SURFACE_SIDE_STYLE('',(#15188));
#15188 = SURFACE_STYLE_FILL_AREA(#15189);
#15189 = FILL_AREA_STYLE('',(#15190));
#15190 = FILL_AREA_STYLE_COLOUR('',#15148);
#15191 = OVER_RIDING_STYLED_ITEM('overriding color',(#15192),#3464,
  #15130);
#15192 = PRESENTATION_STYLE_ASSIGNMENT((#15193));
#15193 = SURFACE_STYLE_USAGE(.BOTH.,#15194);
#15194 = SURFACE_SIDE_STYLE('',(#15195));
#15195 = SURFACE_STYLE_FILL_AREA(#15196);
#15196 = FILL_AREA_STYLE('',(#15197));
#15197 = FILL_AREA_STYLE_COLOUR('',#15148);
#15198 = OVER_RIDING_STYLED_ITEM('overriding color',(#15199),#3504,
  #15130);
#15199 = PRESENTATION_STYLE_ASSIGNMENT((#15200));
#15200 = SURFACE_STYLE_USAGE(.BOTH.,#15201);
#15201 = SURFACE_SIDE_STYLE('',(#15202));
#15202 = SURFACE_STYLE_FILL_AREA(#15203);
#15203 = FILL_AREA_STYLE('',(#15204));
#15204 = FILL_AREA_STYLE_COLOUR('',#15148);
#15205 = OVER_RIDING_STYLED_ITEM('overriding color',(#15206),#3796,
  #15130);
#15206 = PRESENTATION_STYLE_ASSIGNMENT((#15207));
#15207 = SURFACE_STYLE_USAGE(.BOTH.,#15208);
#15208 = SURFACE_SIDE_STYLE('',(#15209));
#15209 = SURFACE_STYLE_FILL_AREA(#15210);
#15210 = FILL_AREA_STYLE('',(#15211));
#15211 = FILL_AREA_STYLE_COLOUR('',#15148);
#15212 = OVER_RIDING_STYLED_ITEM('overriding color',(#15213),#3808,
  #15130);
#15213 = PRESENTATION_STYLE_ASSIGNMENT((#15214));
#15214 = SURFACE_STYLE_USAGE(.BOTH.,#15215);
#15215 = SURFACE_SIDE_STYLE('',(#15216));
#15216 = SURFACE_STYLE_FILL_AREA(#15217);
#15217 = FILL_AREA_STYLE('',(#15218));
#15218 = FILL_AREA_STYLE_COLOUR('',#15219);
#15219 = COLOUR_RGB('',0.647058850868,0.619607810787,0.588235317929);
#15220 = OVER_RIDING_STYLED_ITEM('overriding color',(#15221),#3848,
  #15130);
#15221 = PRESENTATION_STYLE_ASSIGNMENT((#15222));
#15222 = SURFACE_STYLE_USAGE(.BOTH.,#15223);
#15223 = SURFACE_SIDE_STYLE('',(#15224));
#15224 = SURFACE_STYLE_FILL_AREA(#15225);
#15225 = FILL_AREA_STYLE('',(#15226));
#15226 = FILL_AREA_STYLE_COLOUR('',#15219);
#15227 = OVER_RIDING_STYLED_ITEM('overriding color',(#15228),#3879,
  #15130);
#15228 = PRESENTATION_STYLE_ASSIGNMENT((#15229));
#15229 = SURFACE_STYLE_USAGE(.BOTH.,#15230);
#15230 = SURFACE_SIDE_STYLE('',(#15231));
#15231 = SURFACE_STYLE_FILL_AREA(#15232);
#15232 = FILL_AREA_STYLE('',(#15233));
#15233 = FILL_AREA_STYLE_COLOUR('',#15219);
#15234 = OVER_RIDING_STYLED_ITEM('overriding color',(#15235),#3910,
  #15130);
#15235 = PRESENTATION_STYLE_ASSIGNMENT((#15236));
#15236 = SURFACE_STYLE_USAGE(.BOTH.,#15237);
#15237 = SURFACE_SIDE_STYLE('',(#15238));
#15238 = SURFACE_STYLE_FILL_AREA(#15239);
#15239 = FILL_AREA_STYLE('',(#15240));
#15240 = FILL_AREA_STYLE_COLOUR('',#15219);
#15241 = OVER_RIDING_STYLED_ITEM('overriding color',(#15242),#3934,
  #15130);
#15242 = PRESENTATION_STYLE_ASSIGNMENT((#15243));
#15243 = SURFACE_STYLE_USAGE(.BOTH.,#15244);
#15244 = SURFACE_SIDE_STYLE('',(#15245));
#15245 = SURFACE_STYLE_FILL_AREA(#15246);
#15246 = FILL_AREA_STYLE('',(#15247));
#15247 = FILL_AREA_STYLE_COLOUR('',#15219);
#15248 = OVER_RIDING_STYLED_ITEM('overriding color',(#15249),#3958,
  #15130);
#15249 = PRESENTATION_STYLE_ASSIGNMENT((#15250));
#15250 = SURFACE_STYLE_USAGE(.BOTH.,#15251);
#15251 = SURFACE_SIDE_STYLE('',(#15252));
#15252 = SURFACE_STYLE_FILL_AREA(#15253);
#15253 = FILL_AREA_STYLE('',(#15254));
#15254 = FILL_AREA_STYLE_COLOUR('',#15219);
#15255 = OVER_RIDING_STYLED_ITEM('overriding color',(#15256),#3970,
  #15130);
#15256 = PRESENTATION_STYLE_ASSIGNMENT((#15257));
#15257 = SURFACE_STYLE_USAGE(.BOTH.,#15258);
#15258 = SURFACE_SIDE_STYLE('',(#15259));
#15259 = SURFACE_STYLE_FILL_AREA(#15260);
#15260 = FILL_AREA_STYLE('',(#15261));
#15261 = FILL_AREA_STYLE_COLOUR('',#15219);
#15262 = OVER_RIDING_STYLED_ITEM('overriding color',(#15263),#3982,
  #15130);
#15263 = PRESENTATION_STYLE_ASSIGNMENT((#15264));
#15264 = SURFACE_STYLE_USAGE(.BOTH.,#15265);
#15265 = SURFACE_SIDE_STYLE('',(#15266));
#15266 = SURFACE_STYLE_FILL_AREA(#15267);
#15267 = FILL_AREA_STYLE('',(#15268));
#15268 = FILL_AREA_STYLE_COLOUR('',#15219);
#15269 = OVER_RIDING_STYLED_ITEM('overriding color',(#15270),#4013,
  #15130);
#15270 = PRESENTATION_STYLE_ASSIGNMENT((#15271));
#15271 = SURFACE_STYLE_USAGE(.BOTH.,#15272);
#15272 = SURFACE_SIDE_STYLE('',(#15273));
#15273 = SURFACE_STYLE_FILL_AREA(#15274);
#15274 = FILL_AREA_STYLE('',(#15275));
#15275 = FILL_AREA_STYLE_COLOUR('',#15219);
#15276 = OVER_RIDING_STYLED_ITEM('overriding color',(#15277),#4044,
  #15130);
#15277 = PRESENTATION_STYLE_ASSIGNMENT((#15278));
#15278 = SURFACE_STYLE_USAGE(.BOTH.,#15279);
#15279 = SURFACE_SIDE_STYLE('',(#15280));
#15280 = SURFACE_STYLE_FILL_AREA(#15281);
#15281 = FILL_AREA_STYLE('',(#15282));
#15282 = FILL_AREA_STYLE_COLOUR('',#15219);
#15283 = OVER_RIDING_STYLED_ITEM('overriding color',(#15284),#4075,
  #15130);
#15284 = PRESENTATION_STYLE_ASSIGNMENT((#15285));
#15285 = SURFACE_STYLE_USAGE(.BOTH.,#15286);
#15286 = SURFACE_SIDE_STYLE('',(#15287));
#15287 = SURFACE_STYLE_FILL_AREA(#15288);
#15288 = FILL_AREA_STYLE('',(#15289));
#15289 = FILL_AREA_STYLE_COLOUR('',#15219);
#15290 = OVER_RIDING_STYLED_ITEM('overriding color',(#15291),#4106,
  #15130);
#15291 = PRESENTATION_STYLE_ASSIGNMENT((#15292));
#15292 = SURFACE_STYLE_USAGE(.BOTH.,#15293);
#15293 = SURFACE_SIDE_STYLE('',(#15294));
#15294 = SURFACE_STYLE_FILL_AREA(#15295);
#15295 = FILL_AREA_STYLE('',(#15296));
#15296 = FILL_AREA_STYLE_COLOUR('',#15219);
#15297 = OVER_RIDING_STYLED_ITEM('overriding color',(#15298),#4128,
  #15130);
#15298 = PRESENTATION_STYLE_ASSIGNMENT((#15299));
#15299 = SURFACE_STYLE_USAGE(.BOTH.,#15300);
#15300 = SURFACE_SIDE_STYLE('',(#15301));
#15301 = SURFACE_STYLE_FILL_AREA(#15302);
#15302 = FILL_AREA_STYLE('',(#15303));
#15303 = FILL_AREA_STYLE_COLOUR('',#15219);
#15304 = OVER_RIDING_STYLED_ITEM('overriding color',(#15305),#4142,
  #15130);
#15305 = PRESENTATION_STYLE_ASSIGNMENT((#15306));
#15306 = SURFACE_STYLE_USAGE(.BOTH.,#15307);
#15307 = SURFACE_SIDE_STYLE('',(#15308));
#15308 = SURFACE_STYLE_FILL_AREA(#15309);
#15309 = FILL_AREA_STYLE('',(#15310));
#15310 = FILL_AREA_STYLE_COLOUR('',#15219);
#15311 = OVER_RIDING_STYLED_ITEM('overriding color',(#15312),#4156,
  #15130);
#15312 = PRESENTATION_STYLE_ASSIGNMENT((#15313));
#15313 = SURFACE_STYLE_USAGE(.BOTH.,#15314);
#15314 = SURFACE_SIDE_STYLE('',(#15315));
#15315 = SURFACE_STYLE_FILL_AREA(#15316);
#15316 = FILL_AREA_STYLE('',(#15317));
#15317 = FILL_AREA_STYLE_COLOUR('',#15219);
#15318 = OVER_RIDING_STYLED_ITEM('overriding color',(#15319),#4196,
  #15130);
#15319 = PRESENTATION_STYLE_ASSIGNMENT((#15320));
#15320 = SURFACE_STYLE_USAGE(.BOTH.,#15321);
#15321 = SURFACE_SIDE_STYLE('',(#15322));
#15322 = SURFACE_STYLE_FILL_AREA(#15323);
#15323 = FILL_AREA_STYLE('',(#15324));
#15324 = FILL_AREA_STYLE_COLOUR('',#15219);
#15325 = OVER_RIDING_STYLED_ITEM('overriding color',(#15326),#4227,
  #15130);
#15326 = PRESENTATION_STYLE_ASSIGNMENT((#15327));
#15327 = SURFACE_STYLE_USAGE(.BOTH.,#15328);
#15328 = SURFACE_SIDE_STYLE('',(#15329));
#15329 = SURFACE_STYLE_FILL_AREA(#15330);
#15330 = FILL_AREA_STYLE('',(#15331));
#15331 = FILL_AREA_STYLE_COLOUR('',#15219);
#15332 = OVER_RIDING_STYLED_ITEM('overriding color',(#15333),#4258,
  #15130);
#15333 = PRESENTATION_STYLE_ASSIGNMENT((#15334));
#15334 = SURFACE_STYLE_USAGE(.BOTH.,#15335);
#15335 = SURFACE_SIDE_STYLE('',(#15336));
#15336 = SURFACE_STYLE_FILL_AREA(#15337);
#15337 = FILL_AREA_STYLE('',(#15338));
#15338 = FILL_AREA_STYLE_COLOUR('',#15219);
#15339 = OVER_RIDING_STYLED_ITEM('overriding color',(#15340),#4282,
  #15130);
#15340 = PRESENTATION_STYLE_ASSIGNMENT((#15341));
#15341 = SURFACE_STYLE_USAGE(.BOTH.,#15342);
#15342 = SURFACE_SIDE_STYLE('',(#15343));
#15343 = SURFACE_STYLE_FILL_AREA(#15344);
#15344 = FILL_AREA_STYLE('',(#15345));
#15345 = FILL_AREA_STYLE_COLOUR('',#15219);
#15346 = OVER_RIDING_STYLED_ITEM('overriding color',(#15347),#4306,
  #15130);
#15347 = PRESENTATION_STYLE_ASSIGNMENT((#15348));
#15348 = SURFACE_STYLE_USAGE(.BOTH.,#15349);
#15349 = SURFACE_SIDE_STYLE('',(#15350));
#15350 = SURFACE_STYLE_FILL_AREA(#15351);
#15351 = FILL_AREA_STYLE('',(#15352));
#15352 = FILL_AREA_STYLE_COLOUR('',#15219);
#15353 = OVER_RIDING_STYLED_ITEM('overriding color',(#15354),#4318,
  #15130);
#15354 = PRESENTATION_STYLE_ASSIGNMENT((#15355));
#15355 = SURFACE_STYLE_USAGE(.BOTH.,#15356);
#15356 = SURFACE_SIDE_STYLE('',(#15357));
#15357 = SURFACE_STYLE_FILL_AREA(#15358);
#15358 = FILL_AREA_STYLE('',(#15359));
#15359 = FILL_AREA_STYLE_COLOUR('',#15219);
#15360 = OVER_RIDING_STYLED_ITEM('overriding color',(#15361),#4330,
  #15130);
#15361 = PRESENTATION_STYLE_ASSIGNMENT((#15362));
#15362 = SURFACE_STYLE_USAGE(.BOTH.,#15363);
#15363 = SURFACE_SIDE_STYLE('',(#15364));
#15364 = SURFACE_STYLE_FILL_AREA(#15365);
#15365 = FILL_AREA_STYLE('',(#15366));
#15366 = FILL_AREA_STYLE_COLOUR('',#15219);
#15367 = OVER_RIDING_STYLED_ITEM('overriding color',(#15368),#4361,
  #15130);
#15368 = PRESENTATION_STYLE_ASSIGNMENT((#15369));
#15369 = SURFACE_STYLE_USAGE(.BOTH.,#15370);
#15370 = SURFACE_SIDE_STYLE('',(#15371));
#15371 = SURFACE_STYLE_FILL_AREA(#15372);
#15372 = FILL_AREA_STYLE('',(#15373));
#15373 = FILL_AREA_STYLE_COLOUR('',#15219);
#15374 = OVER_RIDING_STYLED_ITEM('overriding color',(#15375),#4392,
  #15130);
#15375 = PRESENTATION_STYLE_ASSIGNMENT((#15376));
#15376 = SURFACE_STYLE_USAGE(.BOTH.,#15377);
#15377 = SURFACE_SIDE_STYLE('',(#15378));
#15378 = SURFACE_STYLE_FILL_AREA(#15379);
#15379 = FILL_AREA_STYLE('',(#15380));
#15380 = FILL_AREA_STYLE_COLOUR('',#15219);
#15381 = OVER_RIDING_STYLED_ITEM('overriding color',(#15382),#4423,
  #15130);
#15382 = PRESENTATION_STYLE_ASSIGNMENT((#15383));
#15383 = SURFACE_STYLE_USAGE(.BOTH.,#15384);
#15384 = SURFACE_SIDE_STYLE('',(#15385));
#15385 = SURFACE_STYLE_FILL_AREA(#15386);
#15386 = FILL_AREA_STYLE('',(#15387));
#15387 = FILL_AREA_STYLE_COLOUR('',#15219);
#15388 = OVER_RIDING_STYLED_ITEM('overriding color',(#15389),#4454,
  #15130);
#15389 = PRESENTATION_STYLE_ASSIGNMENT((#15390));
#15390 = SURFACE_STYLE_USAGE(.BOTH.,#15391);
#15391 = SURFACE_SIDE_STYLE('',(#15392));
#15392 = SURFACE_STYLE_FILL_AREA(#15393);
#15393 = FILL_AREA_STYLE('',(#15394));
#15394 = FILL_AREA_STYLE_COLOUR('',#15219);
#15395 = OVER_RIDING_STYLED_ITEM('overriding color',(#15396),#4476,
  #15130);
#15396 = PRESENTATION_STYLE_ASSIGNMENT((#15397));
#15397 = SURFACE_STYLE_USAGE(.BOTH.,#15398);
#15398 = SURFACE_SIDE_STYLE('',(#15399));
#15399 = SURFACE_STYLE_FILL_AREA(#15400);
#15400 = FILL_AREA_STYLE('',(#15401));
#15401 = FILL_AREA_STYLE_COLOUR('',#15219);
#15402 = OVER_RIDING_STYLED_ITEM('overriding color',(#15403),#4490,
  #15130);
#15403 = PRESENTATION_STYLE_ASSIGNMENT((#15404));
#15404 = SURFACE_STYLE_USAGE(.BOTH.,#15405);
#15405 = SURFACE_SIDE_STYLE('',(#15406));
#15406 = SURFACE_STYLE_FILL_AREA(#15407);
#15407 = FILL_AREA_STYLE('',(#15408));
#15408 = FILL_AREA_STYLE_COLOUR('',#15219);
#15409 = OVER_RIDING_STYLED_ITEM('overriding color',(#15410),#4692,
  #15130);
#15410 = PRESENTATION_STYLE_ASSIGNMENT((#15411));
#15411 = SURFACE_STYLE_USAGE(.BOTH.,#15412);
#15412 = SURFACE_SIDE_STYLE('',(#15413));
#15413 = SURFACE_STYLE_FILL_AREA(#15414);
#15414 = FILL_AREA_STYLE('',(#15415));
#15415 = FILL_AREA_STYLE_COLOUR('',#15219);
#15416 = OVER_RIDING_STYLED_ITEM('overriding color',(#15417),#4732,
  #15130);
#15417 = PRESENTATION_STYLE_ASSIGNMENT((#15418));
#15418 = SURFACE_STYLE_USAGE(.BOTH.,#15419);
#15419 = SURFACE_SIDE_STYLE('',(#15420));
#15420 = SURFACE_STYLE_FILL_AREA(#15421);
#15421 = FILL_AREA_STYLE('',(#15422));
#15422 = FILL_AREA_STYLE_COLOUR('',#15219);
#15423 = OVER_RIDING_STYLED_ITEM('overriding color',(#15424),#4763,
  #15130);
#15424 = PRESENTATION_STYLE_ASSIGNMENT((#15425));
#15425 = SURFACE_STYLE_USAGE(.BOTH.,#15426);
#15426 = SURFACE_SIDE_STYLE('',(#15427));
#15427 = SURFACE_STYLE_FILL_AREA(#15428);
#15428 = FILL_AREA_STYLE('',(#15429));
#15429 = FILL_AREA_STYLE_COLOUR('',#15219);
#15430 = OVER_RIDING_STYLED_ITEM('overriding color',(#15431),#4794,
  #15130);
#15431 = PRESENTATION_STYLE_ASSIGNMENT((#15432));
#15432 = SURFACE_STYLE_USAGE(.BOTH.,#15433);
#15433 = SURFACE_SIDE_STYLE('',(#15434));
#15434 = SURFACE_STYLE_FILL_AREA(#15435);
#15435 = FILL_AREA_STYLE('',(#15436));
#15436 = FILL_AREA_STYLE_COLOUR('',#15219);
#15437 = OVER_RIDING_STYLED_ITEM('overriding color',(#15438),#4818,
  #15130);
#15438 = PRESENTATION_STYLE_ASSIGNMENT((#15439));
#15439 = SURFACE_STYLE_USAGE(.BOTH.,#15440);
#15440 = SURFACE_SIDE_STYLE('',(#15441));
#15441 = SURFACE_STYLE_FILL_AREA(#15442);
#15442 = FILL_AREA_STYLE('',(#15443));
#15443 = FILL_AREA_STYLE_COLOUR('',#15219);
#15444 = OVER_RIDING_STYLED_ITEM('overriding color',(#15445),#4842,
  #15130);
#15445 = PRESENTATION_STYLE_ASSIGNMENT((#15446));
#15446 = SURFACE_STYLE_USAGE(.BOTH.,#15447);
#15447 = SURFACE_SIDE_STYLE('',(#15448));
#15448 = SURFACE_STYLE_FILL_AREA(#15449);
#15449 = FILL_AREA_STYLE('',(#15450));
#15450 = FILL_AREA_STYLE_COLOUR('',#15219);
#15451 = OVER_RIDING_STYLED_ITEM('overriding color',(#15452),#4854,
  #15130);
#15452 = PRESENTATION_STYLE_ASSIGNMENT((#15453));
#15453 = SURFACE_STYLE_USAGE(.BOTH.,#15454);
#15454 = SURFACE_SIDE_STYLE('',(#15455));
#15455 = SURFACE_STYLE_FILL_AREA(#15456);
#15456 = FILL_AREA_STYLE('',(#15457));
#15457 = FILL_AREA_STYLE_COLOUR('',#15219);
#15458 = OVER_RIDING_STYLED_ITEM('overriding color',(#15459),#4866,
  #15130);
#15459 = PRESENTATION_STYLE_ASSIGNMENT((#15460));
#15460 = SURFACE_STYLE_USAGE(.BOTH.,#15461);
#15461 = SURFACE_SIDE_STYLE('',(#15462));
#15462 = SURFACE_STYLE_FILL_AREA(#15463);
#15463 = FILL_AREA_STYLE('',(#15464));
#15464 = FILL_AREA_STYLE_COLOUR('',#15219);
#15465 = OVER_RIDING_STYLED_ITEM('overriding color',(#15466),#4897,
  #15130);
#15466 = PRESENTATION_STYLE_ASSIGNMENT((#15467));
#15467 = SURFACE_STYLE_USAGE(.BOTH.,#15468);
#15468 = SURFACE_SIDE_STYLE('',(#15469));
#15469 = SURFACE_STYLE_FILL_AREA(#15470);
#15470 = FILL_AREA_STYLE('',(#15471));
#15471 = FILL_AREA_STYLE_COLOUR('',#15219);
#15472 = OVER_RIDING_STYLED_ITEM('overriding color',(#15473),#4928,
  #15130);
#15473 = PRESENTATION_STYLE_ASSIGNMENT((#15474));
#15474 = SURFACE_STYLE_USAGE(.BOTH.,#15475);
#15475 = SURFACE_SIDE_STYLE('',(#15476));
#15476 = SURFACE_STYLE_FILL_AREA(#15477);
#15477 = FILL_AREA_STYLE('',(#15478));
#15478 = FILL_AREA_STYLE_COLOUR('',#15219);
#15479 = OVER_RIDING_STYLED_ITEM('overriding color',(#15480),#4959,
  #15130);
#15480 = PRESENTATION_STYLE_ASSIGNMENT((#15481));
#15481 = SURFACE_STYLE_USAGE(.BOTH.,#15482);
#15482 = SURFACE_SIDE_STYLE('',(#15483));
#15483 = SURFACE_STYLE_FILL_AREA(#15484);
#15484 = FILL_AREA_STYLE('',(#15485));
#15485 = FILL_AREA_STYLE_COLOUR('',#15219);
#15486 = OVER_RIDING_STYLED_ITEM('overriding color',(#15487),#4990,
  #15130);
#15487 = PRESENTATION_STYLE_ASSIGNMENT((#15488));
#15488 = SURFACE_STYLE_USAGE(.BOTH.,#15489);
#15489 = SURFACE_SIDE_STYLE('',(#15490));
#15490 = SURFACE_STYLE_FILL_AREA(#15491);
#15491 = FILL_AREA_STYLE('',(#15492));
#15492 = FILL_AREA_STYLE_COLOUR('',#15219);
#15493 = OVER_RIDING_STYLED_ITEM('overriding color',(#15494),#5012,
  #15130);
#15494 = PRESENTATION_STYLE_ASSIGNMENT((#15495));
#15495 = SURFACE_STYLE_USAGE(.BOTH.,#15496);
#15496 = SURFACE_SIDE_STYLE('',(#15497));
#15497 = SURFACE_STYLE_FILL_AREA(#15498);
#15498 = FILL_AREA_STYLE('',(#15499));
#15499 = FILL_AREA_STYLE_COLOUR('',#15219);
#15500 = OVER_RIDING_STYLED_ITEM('overriding color',(#15501),#5026,
  #15130);
#15501 = PRESENTATION_STYLE_ASSIGNMENT((#15502));
#15502 = SURFACE_STYLE_USAGE(.BOTH.,#15503);
#15503 = SURFACE_SIDE_STYLE('',(#15504));
#15504 = SURFACE_STYLE_FILL_AREA(#15505);
#15505 = FILL_AREA_STYLE('',(#15506));
#15506 = FILL_AREA_STYLE_COLOUR('',#15219);
#15507 = OVER_RIDING_STYLED_ITEM('overriding color',(#15508),#5040,
  #15130);
#15508 = PRESENTATION_STYLE_ASSIGNMENT((#15509));
#15509 = SURFACE_STYLE_USAGE(.BOTH.,#15510);
#15510 = SURFACE_SIDE_STYLE('',(#15511));
#15511 = SURFACE_STYLE_FILL_AREA(#15512);
#15512 = FILL_AREA_STYLE('',(#15513));
#15513 = FILL_AREA_STYLE_COLOUR('',#15219);
#15514 = OVER_RIDING_STYLED_ITEM('overriding color',(#15515),#5080,
  #15130);
#15515 = PRESENTATION_STYLE_ASSIGNMENT((#15516));
#15516 = SURFACE_STYLE_USAGE(.BOTH.,#15517);
#15517 = SURFACE_SIDE_STYLE('',(#15518));
#15518 = SURFACE_STYLE_FILL_AREA(#15519);
#15519 = FILL_AREA_STYLE('',(#15520));
#15520 = FILL_AREA_STYLE_COLOUR('',#15219);
#15521 = OVER_RIDING_STYLED_ITEM('overriding color',(#15522),#5111,
  #15130);
#15522 = PRESENTATION_STYLE_ASSIGNMENT((#15523));
#15523 = SURFACE_STYLE_USAGE(.BOTH.,#15524);
#15524 = SURFACE_SIDE_STYLE('',(#15525));
#15525 = SURFACE_STYLE_FILL_AREA(#15526);
#15526 = FILL_AREA_STYLE('',(#15527));
#15527 = FILL_AREA_STYLE_COLOUR('',#15219);
#15528 = OVER_RIDING_STYLED_ITEM('overriding color',(#15529),#5142,
  #15130);
#15529 = PRESENTATION_STYLE_ASSIGNMENT((#15530));
#15530 = SURFACE_STYLE_USAGE(.BOTH.,#15531);
#15531 = SURFACE_SIDE_STYLE('',(#15532));
#15532 = SURFACE_STYLE_FILL_AREA(#15533);
#15533 = FILL_AREA_STYLE('',(#15534));
#15534 = FILL_AREA_STYLE_COLOUR('',#15219);
#15535 = OVER_RIDING_STYLED_ITEM('overriding color',(#15536),#5166,
  #15130);
#15536 = PRESENTATION_STYLE_ASSIGNMENT((#15537));
#15537 = SURFACE_STYLE_USAGE(.BOTH.,#15538);
#15538 = SURFACE_SIDE_STYLE('',(#15539));
#15539 = SURFACE_STYLE_FILL_AREA(#15540);
#15540 = FILL_AREA_STYLE('',(#15541));
#15541 = FILL_AREA_STYLE_COLOUR('',#15219);
#15542 = OVER_RIDING_STYLED_ITEM('overriding color',(#15543),#5190,
  #15130);
#15543 = PRESENTATION_STYLE_ASSIGNMENT((#15544));
#15544 = SURFACE_STYLE_USAGE(.BOTH.,#15545);
#15545 = SURFACE_SIDE_STYLE('',(#15546));
#15546 = SURFACE_STYLE_FILL_AREA(#15547);
#15547 = FILL_AREA_STYLE('',(#15548));
#15548 = FILL_AREA_STYLE_COLOUR('',#15219);
#15549 = OVER_RIDING_STYLED_ITEM('overriding color',(#15550),#5202,
  #15130);
#15550 = PRESENTATION_STYLE_ASSIGNMENT((#15551));
#15551 = SURFACE_STYLE_USAGE(.BOTH.,#15552);
#15552 = SURFACE_SIDE_STYLE('',(#15553));
#15553 = SURFACE_STYLE_FILL_AREA(#15554);
#15554 = FILL_AREA_STYLE('',(#15555));
#15555 = FILL_AREA_STYLE_COLOUR('',#15219);
#15556 = OVER_RIDING_STYLED_ITEM('overriding color',(#15557),#5214,
  #15130);
#15557 = PRESENTATION_STYLE_ASSIGNMENT((#15558));
#15558 = SURFACE_STYLE_USAGE(.BOTH.,#15559);
#15559 = SURFACE_SIDE_STYLE('',(#15560));
#15560 = SURFACE_STYLE_FILL_AREA(#15561);
#15561 = FILL_AREA_STYLE('',(#15562));
#15562 = FILL_AREA_STYLE_COLOUR('',#15219);
#15563 = OVER_RIDING_STYLED_ITEM('overriding color',(#15564),#5245,
  #15130);
#15564 = PRESENTATION_STYLE_ASSIGNMENT((#15565));
#15565 = SURFACE_STYLE_USAGE(.BOTH.,#15566);
#15566 = SURFACE_SIDE_STYLE('',(#15567));
#15567 = SURFACE_STYLE_FILL_AREA(#15568);
#15568 = FILL_AREA_STYLE('',(#15569));
#15569 = FILL_AREA_STYLE_COLOUR('',#15219);
#15570 = OVER_RIDING_STYLED_ITEM('overriding color',(#15571),#5276,
  #15130);
#15571 = PRESENTATION_STYLE_ASSIGNMENT((#15572));
#15572 = SURFACE_STYLE_USAGE(.BOTH.,#15573);
#15573 = SURFACE_SIDE_STYLE('',(#15574));
#15574 = SURFACE_STYLE_FILL_AREA(#15575);
#15575 = FILL_AREA_STYLE('',(#15576));
#15576 = FILL_AREA_STYLE_COLOUR('',#15219);
#15577 = OVER_RIDING_STYLED_ITEM('overriding color',(#15578),#5307,
  #15130);
#15578 = PRESENTATION_STYLE_ASSIGNMENT((#15579));
#15579 = SURFACE_STYLE_USAGE(.BOTH.,#15580);
#15580 = SURFACE_SIDE_STYLE('',(#15581));
#15581 = SURFACE_STYLE_FILL_AREA(#15582);
#15582 = FILL_AREA_STYLE('',(#15583));
#15583 = FILL_AREA_STYLE_COLOUR('',#15219);
#15584 = OVER_RIDING_STYLED_ITEM('overriding color',(#15585),#5338,
  #15130);
#15585 = PRESENTATION_STYLE_ASSIGNMENT((#15586));
#15586 = SURFACE_STYLE_USAGE(.BOTH.,#15587);
#15587 = SURFACE_SIDE_STYLE('',(#15588));
#15588 = SURFACE_STYLE_FILL_AREA(#15589);
#15589 = FILL_AREA_STYLE('',(#15590));
#15590 = FILL_AREA_STYLE_COLOUR('',#15219);
#15591 = OVER_RIDING_STYLED_ITEM('overriding color',(#15592),#5360,
  #15130);
#15592 = PRESENTATION_STYLE_ASSIGNMENT((#15593));
#15593 = SURFACE_STYLE_USAGE(.BOTH.,#15594);
#15594 = SURFACE_SIDE_STYLE('',(#15595));
#15595 = SURFACE_STYLE_FILL_AREA(#15596);
#15596 = FILL_AREA_STYLE('',(#15597));
#15597 = FILL_AREA_STYLE_COLOUR('',#15219);
#15598 = OVER_RIDING_STYLED_ITEM('overriding color',(#15599),#5374,
  #15130);
#15599 = PRESENTATION_STYLE_ASSIGNMENT((#15600));
#15600 = SURFACE_STYLE_USAGE(.BOTH.,#15601);
#15601 = SURFACE_SIDE_STYLE('',(#15602));
#15602 = SURFACE_STYLE_FILL_AREA(#15603);
#15603 = FILL_AREA_STYLE('',(#15604));
#15604 = FILL_AREA_STYLE_COLOUR('',#15219);
#15605 = OVER_RIDING_STYLED_ITEM('overriding color',(#15606),#5388,
  #15130);
#15606 = PRESENTATION_STYLE_ASSIGNMENT((#15607));
#15607 = SURFACE_STYLE_USAGE(.BOTH.,#15608);
#15608 = SURFACE_SIDE_STYLE('',(#15609));
#15609 = SURFACE_STYLE_FILL_AREA(#15610);
#15610 = FILL_AREA_STYLE('',(#15611));
#15611 = FILL_AREA_STYLE_COLOUR('',#15219);
#15612 = OVER_RIDING_STYLED_ITEM('overriding color',(#15613),#5428,
  #15130);
#15613 = PRESENTATION_STYLE_ASSIGNMENT((#15614));
#15614 = SURFACE_STYLE_USAGE(.BOTH.,#15615);
#15615 = SURFACE_SIDE_STYLE('',(#15616));
#15616 = SURFACE_STYLE_FILL_AREA(#15617);
#15617 = FILL_AREA_STYLE('',(#15618));
#15618 = FILL_AREA_STYLE_COLOUR('',#15219);
#15619 = OVER_RIDING_STYLED_ITEM('overriding color',(#15620),#5459,
  #15130);
#15620 = PRESENTATION_STYLE_ASSIGNMENT((#15621));
#15621 = SURFACE_STYLE_USAGE(.BOTH.,#15622);
#15622 = SURFACE_SIDE_STYLE('',(#15623));
#15623 = SURFACE_STYLE_FILL_AREA(#15624);
#15624 = FILL_AREA_STYLE('',(#15625));
#15625 = FILL_AREA_STYLE_COLOUR('',#15219);
#15626 = OVER_RIDING_STYLED_ITEM('overriding color',(#15627),#5490,
  #15130);
#15627 = PRESENTATION_STYLE_ASSIGNMENT((#15628));
#15628 = SURFACE_STYLE_USAGE(.BOTH.,#15629);
#15629 = SURFACE_SIDE_STYLE('',(#15630));
#15630 = SURFACE_STYLE_FILL_AREA(#15631);
#15631 = FILL_AREA_STYLE('',(#15632));
#15632 = FILL_AREA_STYLE_COLOUR('',#15219);
#15633 = OVER_RIDING_STYLED_ITEM('overriding color',(#15634),#5514,
  #15130);
#15634 = PRESENTATION_STYLE_ASSIGNMENT((#15635));
#15635 = SURFACE_STYLE_USAGE(.BOTH.,#15636);
#15636 = SURFACE_SIDE_STYLE('',(#15637));
#15637 = SURFACE_STYLE_FILL_AREA(#15638);
#15638 = FILL_AREA_STYLE('',(#15639));
#15639 = FILL_AREA_STYLE_COLOUR('',#15219);
#15640 = OVER_RIDING_STYLED_ITEM('overriding color',(#15641),#5538,
  #15130);
#15641 = PRESENTATION_STYLE_ASSIGNMENT((#15642));
#15642 = SURFACE_STYLE_USAGE(.BOTH.,#15643);
#15643 = SURFACE_SIDE_STYLE('',(#15644));
#15644 = SURFACE_STYLE_FILL_AREA(#15645);
#15645 = FILL_AREA_STYLE('',(#15646));
#15646 = FILL_AREA_STYLE_COLOUR('',#15219);
#15647 = OVER_RIDING_STYLED_ITEM('overriding color',(#15648),#5550,
  #15130);
#15648 = PRESENTATION_STYLE_ASSIGNMENT((#15649));
#15649 = SURFACE_STYLE_USAGE(.BOTH.,#15650);
#15650 = SURFACE_SIDE_STYLE('',(#15651));
#15651 = SURFACE_STYLE_FILL_AREA(#15652);
#15652 = FILL_AREA_STYLE('',(#15653));
#15653 = FILL_AREA_STYLE_COLOUR('',#15219);
#15654 = OVER_RIDING_STYLED_ITEM('overriding color',(#15655),#5562,
  #15130);
#15655 = PRESENTATION_STYLE_ASSIGNMENT((#15656));
#15656 = SURFACE_STYLE_USAGE(.BOTH.,#15657);
#15657 = SURFACE_SIDE_STYLE('',(#15658));
#15658 = SURFACE_STYLE_FILL_AREA(#15659);
#15659 = FILL_AREA_STYLE('',(#15660));
#15660 = FILL_AREA_STYLE_COLOUR('',#15219);
#15661 = OVER_RIDING_STYLED_ITEM('overriding color',(#15662),#5593,
  #15130);
#15662 = PRESENTATION_STYLE_ASSIGNMENT((#15663));
#15663 = SURFACE_STYLE_USAGE(.BOTH.,#15664);
#15664 = SURFACE_SIDE_STYLE('',(#15665));
#15665 = SURFACE_STYLE_FILL_AREA(#15666);
#15666 = FILL_AREA_STYLE('',(#15667));
#15667 = FILL_AREA_STYLE_COLOUR('',#15219);
#15668 = OVER_RIDING_STYLED_ITEM('overriding color',(#15669),#5624,
  #15130);
#15669 = PRESENTATION_STYLE_ASSIGNMENT((#15670));
#15670 = SURFACE_STYLE_USAGE(.BOTH.,#15671);
#15671 = SURFACE_SIDE_STYLE('',(#15672));
#15672 = SURFACE_STYLE_FILL_AREA(#15673);
#15673 = FILL_AREA_STYLE('',(#15674));
#15674 = FILL_AREA_STYLE_COLOUR('',#15219);
#15675 = OVER_RIDING_STYLED_ITEM('overriding color',(#15676),#5655,
  #15130);
#15676 = PRESENTATION_STYLE_ASSIGNMENT((#15677));
#15677 = SURFACE_STYLE_USAGE(.BOTH.,#15678);
#15678 = SURFACE_SIDE_STYLE('',(#15679));
#15679 = SURFACE_STYLE_FILL_AREA(#15680);
#15680 = FILL_AREA_STYLE('',(#15681));
#15681 = FILL_AREA_STYLE_COLOUR('',#15219);
#15682 = OVER_RIDING_STYLED_ITEM('overriding color',(#15683),#5686,
  #15130);
#15683 = PRESENTATION_STYLE_ASSIGNMENT((#15684));
#15684 = SURFACE_STYLE_USAGE(.BOTH.,#15685);
#15685 = SURFACE_SIDE_STYLE('',(#15686));
#15686 = SURFACE_STYLE_FILL_AREA(#15687);
#15687 = FILL_AREA_STYLE('',(#15688));
#15688 = FILL_AREA_STYLE_COLOUR('',#15219);
#15689 = OVER_RIDING_STYLED_ITEM('overriding color',(#15690),#5708,
  #15130);
#15690 = PRESENTATION_STYLE_ASSIGNMENT((#15691));
#15691 = SURFACE_STYLE_USAGE(.BOTH.,#15692);
#15692 = SURFACE_SIDE_STYLE('',(#15693));
#15693 = SURFACE_STYLE_FILL_AREA(#15694);
#15694 = FILL_AREA_STYLE('',(#15695));
#15695 = FILL_AREA_STYLE_COLOUR('',#15219);
#15696 = OVER_RIDING_STYLED_ITEM('overriding color',(#15697),#5722,
  #15130);
#15697 = PRESENTATION_STYLE_ASSIGNMENT((#15698));
#15698 = SURFACE_STYLE_USAGE(.BOTH.,#15699);
#15699 = SURFACE_SIDE_STYLE('',(#15700));
#15700 = SURFACE_STYLE_FILL_AREA(#15701);
#15701 = FILL_AREA_STYLE('',(#15702));
#15702 = FILL_AREA_STYLE_COLOUR('',#15219);
#15703 = OVER_RIDING_STYLED_ITEM('overriding color',(#15704),#5736,
  #15130);
#15704 = PRESENTATION_STYLE_ASSIGNMENT((#15705));
#15705 = SURFACE_STYLE_USAGE(.BOTH.,#15706);
#15706 = SURFACE_SIDE_STYLE('',(#15707));
#15707 = SURFACE_STYLE_FILL_AREA(#15708);
#15708 = FILL_AREA_STYLE('',(#15709));
#15709 = FILL_AREA_STYLE_COLOUR('',#15219);
#15710 = OVER_RIDING_STYLED_ITEM('overriding color',(#15711),#5776,
  #15130);
#15711 = PRESENTATION_STYLE_ASSIGNMENT((#15712));
#15712 = SURFACE_STYLE_USAGE(.BOTH.,#15713);
#15713 = SURFACE_SIDE_STYLE('',(#15714));
#15714 = SURFACE_STYLE_FILL_AREA(#15715);
#15715 = FILL_AREA_STYLE('',(#15716));
#15716 = FILL_AREA_STYLE_COLOUR('',#15219);
#15717 = OVER_RIDING_STYLED_ITEM('overriding color',(#15718),#5807,
  #15130);
#15718 = PRESENTATION_STYLE_ASSIGNMENT((#15719));
#15719 = SURFACE_STYLE_USAGE(.BOTH.,#15720);
#15720 = SURFACE_SIDE_STYLE('',(#15721));
#15721 = SURFACE_STYLE_FILL_AREA(#15722);
#15722 = FILL_AREA_STYLE('',(#15723));
#15723 = FILL_AREA_STYLE_COLOUR('',#15219);
#15724 = OVER_RIDING_STYLED_ITEM('overriding color',(#15725),#5838,
  #15130);
#15725 = PRESENTATION_STYLE_ASSIGNMENT((#15726));
#15726 = SURFACE_STYLE_USAGE(.BOTH.,#15727);
#15727 = SURFACE_SIDE_STYLE('',(#15728));
#15728 = SURFACE_STYLE_FILL_AREA(#15729);
#15729 = FILL_AREA_STYLE('',(#15730));
#15730 = FILL_AREA_STYLE_COLOUR('',#15219);
#15731 = OVER_RIDING_STYLED_ITEM('overriding color',(#15732),#5862,
  #15130);
#15732 = PRESENTATION_STYLE_ASSIGNMENT((#15733));
#15733 = SURFACE_STYLE_USAGE(.BOTH.,#15734);
#15734 = SURFACE_SIDE_STYLE('',(#15735));
#15735 = SURFACE_STYLE_FILL_AREA(#15736);
#15736 = FILL_AREA_STYLE('',(#15737));
#15737 = FILL_AREA_STYLE_COLOUR('',#15219);
#15738 = OVER_RIDING_STYLED_ITEM('overriding color',(#15739),#5886,
  #15130);
#15739 = PRESENTATION_STYLE_ASSIGNMENT((#15740));
#15740 = SURFACE_STYLE_USAGE(.BOTH.,#15741);
#15741 = SURFACE_SIDE_STYLE('',(#15742));
#15742 = SURFACE_STYLE_FILL_AREA(#15743);
#15743 = FILL_AREA_STYLE('',(#15744));
#15744 = FILL_AREA_STYLE_COLOUR('',#15219);
#15745 = OVER_RIDING_STYLED_ITEM('overriding color',(#15746),#5898,
  #15130);
#15746 = PRESENTATION_STYLE_ASSIGNMENT((#15747));
#15747 = SURFACE_STYLE_USAGE(.BOTH.,#15748);
#15748 = SURFACE_SIDE_STYLE('',(#15749));
#15749 = SURFACE_STYLE_FILL_AREA(#15750);
#15750 = FILL_AREA_STYLE('',(#15751));
#15751 = FILL_AREA_STYLE_COLOUR('',#15219);
#15752 = OVER_RIDING_STYLED_ITEM('overriding color',(#15753),#5910,
  #15130);
#15753 = PRESENTATION_STYLE_ASSIGNMENT((#15754));
#15754 = SURFACE_STYLE_USAGE(.BOTH.,#15755);
#15755 = SURFACE_SIDE_STYLE('',(#15756));
#15756 = SURFACE_STYLE_FILL_AREA(#15757);
#15757 = FILL_AREA_STYLE('',(#15758));
#15758 = FILL_AREA_STYLE_COLOUR('',#15219);
#15759 = OVER_RIDING_STYLED_ITEM('overriding color',(#15760),#5941,
  #15130);
#15760 = PRESENTATION_STYLE_ASSIGNMENT((#15761));
#15761 = SURFACE_STYLE_USAGE(.BOTH.,#15762);
#15762 = SURFACE_SIDE_STYLE('',(#15763));
#15763 = SURFACE_STYLE_FILL_AREA(#15764);
#15764 = FILL_AREA_STYLE('',(#15765));
#15765 = FILL_AREA_STYLE_COLOUR('',#15219);
#15766 = OVER_RIDING_STYLED_ITEM('overriding color',(#15767),#5972,
  #15130);
#15767 = PRESENTATION_STYLE_ASSIGNMENT((#15768));
#15768 = SURFACE_STYLE_USAGE(.BOTH.,#15769);
#15769 = SURFACE_SIDE_STYLE('',(#15770));
#15770 = SURFACE_STYLE_FILL_AREA(#15771);
#15771 = FILL_AREA_STYLE('',(#15772));
#15772 = FILL_AREA_STYLE_COLOUR('',#15219);
#15773 = OVER_RIDING_STYLED_ITEM('overriding color',(#15774),#6003,
  #15130);
#15774 = PRESENTATION_STYLE_ASSIGNMENT((#15775));
#15775 = SURFACE_STYLE_USAGE(.BOTH.,#15776);
#15776 = SURFACE_SIDE_STYLE('',(#15777));
#15777 = SURFACE_STYLE_FILL_AREA(#15778);
#15778 = FILL_AREA_STYLE('',(#15779));
#15779 = FILL_AREA_STYLE_COLOUR('',#15219);
#15780 = OVER_RIDING_STYLED_ITEM('overriding color',(#15781),#6034,
  #15130);
#15781 = PRESENTATION_STYLE_ASSIGNMENT((#15782));
#15782 = SURFACE_STYLE_USAGE(.BOTH.,#15783);
#15783 = SURFACE_SIDE_STYLE('',(#15784));
#15784 = SURFACE_STYLE_FILL_AREA(#15785);
#15785 = FILL_AREA_STYLE('',(#15786));
#15786 = FILL_AREA_STYLE_COLOUR('',#15219);
#15787 = OVER_RIDING_STYLED_ITEM('overriding color',(#15788),#6056,
  #15130);
#15788 = PRESENTATION_STYLE_ASSIGNMENT((#15789));
#15789 = SURFACE_STYLE_USAGE(.BOTH.,#15790);
#15790 = SURFACE_SIDE_STYLE('',(#15791));
#15791 = SURFACE_STYLE_FILL_AREA(#15792);
#15792 = FILL_AREA_STYLE('',(#15793));
#15793 = FILL_AREA_STYLE_COLOUR('',#15219);
#15794 = OVER_RIDING_STYLED_ITEM('overriding color',(#15795),#6070,
  #15130);
#15795 = PRESENTATION_STYLE_ASSIGNMENT((#15796));
#15796 = SURFACE_STYLE_USAGE(.BOTH.,#15797);
#15797 = SURFACE_SIDE_STYLE('',(#15798));
#15798 = SURFACE_STYLE_FILL_AREA(#15799);
#15799 = FILL_AREA_STYLE('',(#15800));
#15800 = FILL_AREA_STYLE_COLOUR('',#15219);
#15801 = OVER_RIDING_STYLED_ITEM('overriding color',(#15802),#6084,
  #15130);
#15802 = PRESENTATION_STYLE_ASSIGNMENT((#15803));
#15803 = SURFACE_STYLE_USAGE(.BOTH.,#15804);
#15804 = SURFACE_SIDE_STYLE('',(#15805));
#15805 = SURFACE_STYLE_FILL_AREA(#15806);
#15806 = FILL_AREA_STYLE('',(#15807));
#15807 = FILL_AREA_STYLE_COLOUR('',#15219);
#15808 = OVER_RIDING_STYLED_ITEM('overriding color',(#15809),#6124,
  #15130);
#15809 = PRESENTATION_STYLE_ASSIGNMENT((#15810));
#15810 = SURFACE_STYLE_USAGE(.BOTH.,#15811);
#15811 = SURFACE_SIDE_STYLE('',(#15812));
#15812 = SURFACE_STYLE_FILL_AREA(#15813);
#15813 = FILL_AREA_STYLE('',(#15814));
#15814 = FILL_AREA_STYLE_COLOUR('',#15219);
#15815 = OVER_RIDING_STYLED_ITEM('overriding color',(#15816),#6155,
  #15130);
#15816 = PRESENTATION_STYLE_ASSIGNMENT((#15817));
#15817 = SURFACE_STYLE_USAGE(.BOTH.,#15818);
#15818 = SURFACE_SIDE_STYLE('',(#15819));
#15819 = SURFACE_STYLE_FILL_AREA(#15820);
#15820 = FILL_AREA_STYLE('',(#15821));
#15821 = FILL_AREA_STYLE_COLOUR('',#15219);
#15822 = OVER_RIDING_STYLED_ITEM('overriding color',(#15823),#6186,
  #15130);
#15823 = PRESENTATION_STYLE_ASSIGNMENT((#15824));
#15824 = SURFACE_STYLE_USAGE(.BOTH.,#15825);
#15825 = SURFACE_SIDE_STYLE('',(#15826));
#15826 = SURFACE_STYLE_FILL_AREA(#15827);
#15827 = FILL_AREA_STYLE('',(#15828));
#15828 = FILL_AREA_STYLE_COLOUR('',#15219);
#15829 = OVER_RIDING_STYLED_ITEM('overriding color',(#15830),#6210,
  #15130);
#15830 = PRESENTATION_STYLE_ASSIGNMENT((#15831));
#15831 = SURFACE_STYLE_USAGE(.BOTH.,#15832);
#15832 = SURFACE_SIDE_STYLE('',(#15833));
#15833 = SURFACE_STYLE_FILL_AREA(#15834);
#15834 = FILL_AREA_STYLE('',(#15835));
#15835 = FILL_AREA_STYLE_COLOUR('',#15219);
#15836 = OVER_RIDING_STYLED_ITEM('overriding color',(#15837),#6234,
  #15130);
#15837 = PRESENTATION_STYLE_ASSIGNMENT((#15838));
#15838 = SURFACE_STYLE_USAGE(.BOTH.,#15839);
#15839 = SURFACE_SIDE_STYLE('',(#15840));
#15840 = SURFACE_STYLE_FILL_AREA(#15841);
#15841 = FILL_AREA_STYLE('',(#15842));
#15842 = FILL_AREA_STYLE_COLOUR('',#15219);
#15843 = OVER_RIDING_STYLED_ITEM('overriding color',(#15844),#6246,
  #15130);
#15844 = PRESENTATION_STYLE_ASSIGNMENT((#15845));
#15845 = SURFACE_STYLE_USAGE(.BOTH.,#15846);
#15846 = SURFACE_SIDE_STYLE('',(#15847));
#15847 = SURFACE_STYLE_FILL_AREA(#15848);
#15848 = FILL_AREA_STYLE('',(#15849));
#15849 = FILL_AREA_STYLE_COLOUR('',#15219);
#15850 = OVER_RIDING_STYLED_ITEM('overriding color',(#15851),#6258,
  #15130);
#15851 = PRESENTATION_STYLE_ASSIGNMENT((#15852));
#15852 = SURFACE_STYLE_USAGE(.BOTH.,#15853);
#15853 = SURFACE_SIDE_STYLE('',(#15854));
#15854 = SURFACE_STYLE_FILL_AREA(#15855);
#15855 = FILL_AREA_STYLE('',(#15856));
#15856 = FILL_AREA_STYLE_COLOUR('',#15219);
#15857 = OVER_RIDING_STYLED_ITEM('overriding color',(#15858),#6289,
  #15130);
#15858 = PRESENTATION_STYLE_ASSIGNMENT((#15859));
#15859 = SURFACE_STYLE_USAGE(.BOTH.,#15860);
#15860 = SURFACE_SIDE_STYLE('',(#15861));
#15861 = SURFACE_STYLE_FILL_AREA(#15862);
#15862 = FILL_AREA_STYLE('',(#15863));
#15863 = FILL_AREA_STYLE_COLOUR('',#15219);
#15864 = OVER_RIDING_STYLED_ITEM('overriding color',(#15865),#6320,
  #15130);
#15865 = PRESENTATION_STYLE_ASSIGNMENT((#15866));
#15866 = SURFACE_STYLE_USAGE(.BOTH.,#15867);
#15867 = SURFACE_SIDE_STYLE('',(#15868));
#15868 = SURFACE_STYLE_FILL_AREA(#15869);
#15869 = FILL_AREA_STYLE('',(#15870));
#15870 = FILL_AREA_STYLE_COLOUR('',#15219);
#15871 = OVER_RIDING_STYLED_ITEM('overriding color',(#15872),#6351,
  #15130);
#15872 = PRESENTATION_STYLE_ASSIGNMENT((#15873));
#15873 = SURFACE_STYLE_USAGE(.BOTH.,#15874);
#15874 = SURFACE_SIDE_STYLE('',(#15875));
#15875 = SURFACE_STYLE_FILL_AREA(#15876);
#15876 = FILL_AREA_STYLE('',(#15877));
#15877 = FILL_AREA_STYLE_COLOUR('',#15219);
#15878 = OVER_RIDING_STYLED_ITEM('overriding color',(#15879),#6382,
  #15130);
#15879 = PRESENTATION_STYLE_ASSIGNMENT((#15880));
#15880 = SURFACE_STYLE_USAGE(.BOTH.,#15881);
#15881 = SURFACE_SIDE_STYLE('',(#15882));
#15882 = SURFACE_STYLE_FILL_AREA(#15883);
#15883 = FILL_AREA_STYLE('',(#15884));
#15884 = FILL_AREA_STYLE_COLOUR('',#15219);
#15885 = OVER_RIDING_STYLED_ITEM('overriding color',(#15886),#6404,
  #15130);
#15886 = PRESENTATION_STYLE_ASSIGNMENT((#15887));
#15887 = SURFACE_STYLE_USAGE(.BOTH.,#15888);
#15888 = SURFACE_SIDE_STYLE('',(#15889));
#15889 = SURFACE_STYLE_FILL_AREA(#15890);
#15890 = FILL_AREA_STYLE('',(#15891));
#15891 = FILL_AREA_STYLE_COLOUR('',#15219);
#15892 = OVER_RIDING_STYLED_ITEM('overriding color',(#15893),#6418,
  #15130);
#15893 = PRESENTATION_STYLE_ASSIGNMENT((#15894));
#15894 = SURFACE_STYLE_USAGE(.BOTH.,#15895);
#15895 = SURFACE_SIDE_STYLE('',(#15896));
#15896 = SURFACE_STYLE_FILL_AREA(#15897);
#15897 = FILL_AREA_STYLE('',(#15898));
#15898 = FILL_AREA_STYLE_COLOUR('',#15219);
#15899 = OVER_RIDING_STYLED_ITEM('overriding color',(#15900),#6432,
  #15130);
#15900 = PRESENTATION_STYLE_ASSIGNMENT((#15901));
#15901 = SURFACE_STYLE_USAGE(.BOTH.,#15902);
#15902 = SURFACE_SIDE_STYLE('',(#15903));
#15903 = SURFACE_STYLE_FILL_AREA(#15904);
#15904 = FILL_AREA_STYLE('',(#15905));
#15905 = FILL_AREA_STYLE_COLOUR('',#15219);
#15906 = OVER_RIDING_STYLED_ITEM('overriding color',(#15907),#6472,
  #15130);
#15907 = PRESENTATION_STYLE_ASSIGNMENT((#15908));
#15908 = SURFACE_STYLE_USAGE(.BOTH.,#15909);
#15909 = SURFACE_SIDE_STYLE('',(#15910));
#15910 = SURFACE_STYLE_FILL_AREA(#15911);
#15911 = FILL_AREA_STYLE('',(#15912));
#15912 = FILL_AREA_STYLE_COLOUR('',#15219);
#15913 = OVER_RIDING_STYLED_ITEM('overriding color',(#15914),#6503,
  #15130);
#15914 = PRESENTATION_STYLE_ASSIGNMENT((#15915));
#15915 = SURFACE_STYLE_USAGE(.BOTH.,#15916);
#15916 = SURFACE_SIDE_STYLE('',(#15917));
#15917 = SURFACE_STYLE_FILL_AREA(#15918);
#15918 = FILL_AREA_STYLE('',(#15919));
#15919 = FILL_AREA_STYLE_COLOUR('',#15219);
#15920 = OVER_RIDING_STYLED_ITEM('overriding color',(#15921),#6534,
  #15130);
#15921 = PRESENTATION_STYLE_ASSIGNMENT((#15922));
#15922 = SURFACE_STYLE_USAGE(.BOTH.,#15923);
#15923 = SURFACE_SIDE_STYLE('',(#15924));
#15924 = SURFACE_STYLE_FILL_AREA(#15925);
#15925 = FILL_AREA_STYLE('',(#15926));
#15926 = FILL_AREA_STYLE_COLOUR('',#15219);
#15927 = OVER_RIDING_STYLED_ITEM('overriding color',(#15928),#6558,
  #15130);
#15928 = PRESENTATION_STYLE_ASSIGNMENT((#15929));
#15929 = SURFACE_STYLE_USAGE(.BOTH.,#15930);
#15930 = SURFACE_SIDE_STYLE('',(#15931));
#15931 = SURFACE_STYLE_FILL_AREA(#15932);
#15932 = FILL_AREA_STYLE('',(#15933));
#15933 = FILL_AREA_STYLE_COLOUR('',#15219);
#15934 = OVER_RIDING_STYLED_ITEM('overriding color',(#15935),#6582,
  #15130);
#15935 = PRESENTATION_STYLE_ASSIGNMENT((#15936));
#15936 = SURFACE_STYLE_USAGE(.BOTH.,#15937);
#15937 = SURFACE_SIDE_STYLE('',(#15938));
#15938 = SURFACE_STYLE_FILL_AREA(#15939);
#15939 = FILL_AREA_STYLE('',(#15940));
#15940 = FILL_AREA_STYLE_COLOUR('',#15219);
#15941 = OVER_RIDING_STYLED_ITEM('overriding color',(#15942),#6594,
  #15130);
#15942 = PRESENTATION_STYLE_ASSIGNMENT((#15943));
#15943 = SURFACE_STYLE_USAGE(.BOTH.,#15944);
#15944 = SURFACE_SIDE_STYLE('',(#15945));
#15945 = SURFACE_STYLE_FILL_AREA(#15946);
#15946 = FILL_AREA_STYLE('',(#15947));
#15947 = FILL_AREA_STYLE_COLOUR('',#15219);
#15948 = OVER_RIDING_STYLED_ITEM('overriding color',(#15949),#6606,
  #15130);
#15949 = PRESENTATION_STYLE_ASSIGNMENT((#15950));
#15950 = SURFACE_STYLE_USAGE(.BOTH.,#15951);
#15951 = SURFACE_SIDE_STYLE('',(#15952));
#15952 = SURFACE_STYLE_FILL_AREA(#15953);
#15953 = FILL_AREA_STYLE('',(#15954));
#15954 = FILL_AREA_STYLE_COLOUR('',#15219);
#15955 = OVER_RIDING_STYLED_ITEM('overriding color',(#15956),#6637,
  #15130);
#15956 = PRESENTATION_STYLE_ASSIGNMENT((#15957));
#15957 = SURFACE_STYLE_USAGE(.BOTH.,#15958);
#15958 = SURFACE_SIDE_STYLE('',(#15959));
#15959 = SURFACE_STYLE_FILL_AREA(#15960);
#15960 = FILL_AREA_STYLE('',(#15961));
#15961 = FILL_AREA_STYLE_COLOUR('',#15219);
#15962 = OVER_RIDING_STYLED_ITEM('overriding color',(#15963),#6668,
  #15130);
#15963 = PRESENTATION_STYLE_ASSIGNMENT((#15964));
#15964 = SURFACE_STYLE_USAGE(.BOTH.,#15965);
#15965 = SURFACE_SIDE_STYLE('',(#15966));
#15966 = SURFACE_STYLE_FILL_AREA(#15967);
#15967 = FILL_AREA_STYLE('',(#15968));
#15968 = FILL_AREA_STYLE_COLOUR('',#15219);
#15969 = OVER_RIDING_STYLED_ITEM('overriding color',(#15970),#6699,
  #15130);
#15970 = PRESENTATION_STYLE_ASSIGNMENT((#15971));
#15971 = SURFACE_STYLE_USAGE(.BOTH.,#15972);
#15972 = SURFACE_SIDE_STYLE('',(#15973));
#15973 = SURFACE_STYLE_FILL_AREA(#15974);
#15974 = FILL_AREA_STYLE('',(#15975));
#15975 = FILL_AREA_STYLE_COLOUR('',#15219);
#15976 = OVER_RIDING_STYLED_ITEM('overriding color',(#15977),#6730,
  #15130);
#15977 = PRESENTATION_STYLE_ASSIGNMENT((#15978));
#15978 = SURFACE_STYLE_USAGE(.BOTH.,#15979);
#15979 = SURFACE_SIDE_STYLE('',(#15980));
#15980 = SURFACE_STYLE_FILL_AREA(#15981);
#15981 = FILL_AREA_STYLE('',(#15982));
#15982 = FILL_AREA_STYLE_COLOUR('',#15219);
#15983 = OVER_RIDING_STYLED_ITEM('overriding color',(#15984),#6752,
  #15130);
#15984 = PRESENTATION_STYLE_ASSIGNMENT((#15985));
#15985 = SURFACE_STYLE_USAGE(.BOTH.,#15986);
#15986 = SURFACE_SIDE_STYLE('',(#15987));
#15987 = SURFACE_STYLE_FILL_AREA(#15988);
#15988 = FILL_AREA_STYLE('',(#15989));
#15989 = FILL_AREA_STYLE_COLOUR('',#15219);
#15990 = OVER_RIDING_STYLED_ITEM('overriding color',(#15991),#6766,
  #15130);
#15991 = PRESENTATION_STYLE_ASSIGNMENT((#15992));
#15992 = SURFACE_STYLE_USAGE(.BOTH.,#15993);
#15993 = SURFACE_SIDE_STYLE('',(#15994));
#15994 = SURFACE_STYLE_FILL_AREA(#15995);
#15995 = FILL_AREA_STYLE('',(#15996));
#15996 = FILL_AREA_STYLE_COLOUR('',#15219);
#15997 = OVER_RIDING_STYLED_ITEM('overriding color',(#15998),#6780,
  #15130);
#15998 = PRESENTATION_STYLE_ASSIGNMENT((#15999));
#15999 = SURFACE_STYLE_USAGE(.BOTH.,#16000);
#16000 = SURFACE_SIDE_STYLE('',(#16001));
#16001 = SURFACE_STYLE_FILL_AREA(#16002);
#16002 = FILL_AREA_STYLE('',(#16003));
#16003 = FILL_AREA_STYLE_COLOUR('',#16004);
#16004 = COLOUR_RGB('',0.850980411111,0.850980411111,0.850980411111);
#16005 = OVER_RIDING_STYLED_ITEM('overriding color',(#16006),#6811,
  #15130);
#16006 = PRESENTATION_STYLE_ASSIGNMENT((#16007));
#16007 = SURFACE_STYLE_USAGE(.BOTH.,#16008);
#16008 = SURFACE_SIDE_STYLE('',(#16009));
#16009 = SURFACE_STYLE_FILL_AREA(#16010);
#16010 = FILL_AREA_STYLE('',(#16011));
#16011 = FILL_AREA_STYLE_COLOUR('',#16004);
#16012 = OVER_RIDING_STYLED_ITEM('overriding color',(#16013),#6835,
  #15130);
#16013 = PRESENTATION_STYLE_ASSIGNMENT((#16014));
#16014 = SURFACE_STYLE_USAGE(.BOTH.,#16015);
#16015 = SURFACE_SIDE_STYLE('',(#16016));
#16016 = SURFACE_STYLE_FILL_AREA(#16017);
#16017 = FILL_AREA_STYLE('',(#16018));
#16018 = FILL_AREA_STYLE_COLOUR('',#16004);
#16019 = OVER_RIDING_STYLED_ITEM('overriding color',(#16020),#6859,
  #15130);
#16020 = PRESENTATION_STYLE_ASSIGNMENT((#16021));
#16021 = SURFACE_STYLE_USAGE(.BOTH.,#16022);
#16022 = SURFACE_SIDE_STYLE('',(#16023));
#16023 = SURFACE_STYLE_FILL_AREA(#16024);
#16024 = FILL_AREA_STYLE('',(#16025));
#16025 = FILL_AREA_STYLE_COLOUR('',#16004);
#16026 = OVER_RIDING_STYLED_ITEM('overriding color',(#16027),#6883,
  #15130);
#16027 = PRESENTATION_STYLE_ASSIGNMENT((#16028));
#16028 = SURFACE_STYLE_USAGE(.BOTH.,#16029);
#16029 = SURFACE_SIDE_STYLE('',(#16030));
#16030 = SURFACE_STYLE_FILL_AREA(#16031);
#16031 = FILL_AREA_STYLE('',(#16032));
#16032 = FILL_AREA_STYLE_COLOUR('',#16004);
#16033 = OVER_RIDING_STYLED_ITEM('overriding color',(#16034),#6907,
  #15130);
#16034 = PRESENTATION_STYLE_ASSIGNMENT((#16035));
#16035 = SURFACE_STYLE_USAGE(.BOTH.,#16036);
#16036 = SURFACE_SIDE_STYLE('',(#16037));
#16037 = SURFACE_STYLE_FILL_AREA(#16038);
#16038 = FILL_AREA_STYLE('',(#16039));
#16039 = FILL_AREA_STYLE_COLOUR('',#16004);
#16040 = OVER_RIDING_STYLED_ITEM('overriding color',(#16041),#6931,
  #15130);
#16041 = PRESENTATION_STYLE_ASSIGNMENT((#16042));
#16042 = SURFACE_STYLE_USAGE(.BOTH.,#16043);
#16043 = SURFACE_SIDE_STYLE('',(#16044));
#16044 = SURFACE_STYLE_FILL_AREA(#16045);
#16045 = FILL_AREA_STYLE('',(#16046));
#16046 = FILL_AREA_STYLE_COLOUR('',#16004);
#16047 = OVER_RIDING_STYLED_ITEM('overriding color',(#16048),#6955,
  #15130);
#16048 = PRESENTATION_STYLE_ASSIGNMENT((#16049));
#16049 = SURFACE_STYLE_USAGE(.BOTH.,#16050);
#16050 = SURFACE_SIDE_STYLE('',(#16051));
#16051 = SURFACE_STYLE_FILL_AREA(#16052);
#16052 = FILL_AREA_STYLE('',(#16053));
#16053 = FILL_AREA_STYLE_COLOUR('',#16004);
#16054 = OVER_RIDING_STYLED_ITEM('overriding color',(#16055),#6972,
  #15130);
#16055 = PRESENTATION_STYLE_ASSIGNMENT((#16056));
#16056 = SURFACE_STYLE_USAGE(.BOTH.,#16057);
#16057 = SURFACE_SIDE_STYLE('',(#16058));
#16058 = SURFACE_STYLE_FILL_AREA(#16059);
#16059 = FILL_AREA_STYLE('',(#16060));
#16060 = FILL_AREA_STYLE_COLOUR('',#16004);
#16061 = OVER_RIDING_STYLED_ITEM('overriding color',(#16062),#7014,
  #15130);
#16062 = PRESENTATION_STYLE_ASSIGNMENT((#16063));
#16063 = SURFACE_STYLE_USAGE(.BOTH.,#16064);
#16064 = SURFACE_SIDE_STYLE('',(#16065));
#16065 = SURFACE_STYLE_FILL_AREA(#16066);
#16066 = FILL_AREA_STYLE('',(#16067));
#16067 = FILL_AREA_STYLE_COLOUR('',#16004);
#16068 = OVER_RIDING_STYLED_ITEM('overriding color',(#16069),#7045,
  #15130);
#16069 = PRESENTATION_STYLE_ASSIGNMENT((#16070));
#16070 = SURFACE_STYLE_USAGE(.BOTH.,#16071);
#16071 = SURFACE_SIDE_STYLE('',(#16072));
#16072 = SURFACE_STYLE_FILL_AREA(#16073);
#16073 = FILL_AREA_STYLE('',(#16074));
#16074 = FILL_AREA_STYLE_COLOUR('',#16004);
#16075 = OVER_RIDING_STYLED_ITEM('overriding color',(#16076),#7069,
  #15130);
#16076 = PRESENTATION_STYLE_ASSIGNMENT((#16077));
#16077 = SURFACE_STYLE_USAGE(.BOTH.,#16078);
#16078 = SURFACE_SIDE_STYLE('',(#16079));
#16079 = SURFACE_STYLE_FILL_AREA(#16080);
#16080 = FILL_AREA_STYLE('',(#16081));
#16081 = FILL_AREA_STYLE_COLOUR('',#16004);
#16082 = OVER_RIDING_STYLED_ITEM('overriding color',(#16083),#7086,
  #15130);
#16083 = PRESENTATION_STYLE_ASSIGNMENT((#16084));
#16084 = SURFACE_STYLE_USAGE(.BOTH.,#16085);
#16085 = SURFACE_SIDE_STYLE('',(#16086));
#16086 = SURFACE_STYLE_FILL_AREA(#16087);
#16087 = FILL_AREA_STYLE('',(#16088));
#16088 = FILL_AREA_STYLE_COLOUR('',#16004);
#16089 = OVER_RIDING_STYLED_ITEM('overriding color',(#16090),#7117,
  #15130);
#16090 = PRESENTATION_STYLE_ASSIGNMENT((#16091));
#16091 = SURFACE_STYLE_USAGE(.BOTH.,#16092);
#16092 = SURFACE_SIDE_STYLE('',(#16093));
#16093 = SURFACE_STYLE_FILL_AREA(#16094);
#16094 = FILL_AREA_STYLE('',(#16095));
#16095 = FILL_AREA_STYLE_COLOUR('',#16004);
#16096 = OVER_RIDING_STYLED_ITEM('overriding color',(#16097),#7141,
  #15130);
#16097 = PRESENTATION_STYLE_ASSIGNMENT((#16098));
#16098 = SURFACE_STYLE_USAGE(.BOTH.,#16099);
#16099 = SURFACE_SIDE_STYLE('',(#16100));
#16100 = SURFACE_STYLE_FILL_AREA(#16101);
#16101 = FILL_AREA_STYLE('',(#16102));
#16102 = FILL_AREA_STYLE_COLOUR('',#16004);
#16103 = OVER_RIDING_STYLED_ITEM('overriding color',(#16104),#7165,
  #15130);
#16104 = PRESENTATION_STYLE_ASSIGNMENT((#16105));
#16105 = SURFACE_STYLE_USAGE(.BOTH.,#16106);
#16106 = SURFACE_SIDE_STYLE('',(#16107));
#16107 = SURFACE_STYLE_FILL_AREA(#16108);
#16108 = FILL_AREA_STYLE('',(#16109));
#16109 = FILL_AREA_STYLE_COLOUR('',#16004);
#16110 = OVER_RIDING_STYLED_ITEM('overriding color',(#16111),#7215,
  #15130);
#16111 = PRESENTATION_STYLE_ASSIGNMENT((#16112));
#16112 = SURFACE_STYLE_USAGE(.BOTH.,#16113);
#16113 = SURFACE_SIDE_STYLE('',(#16114));
#16114 = SURFACE_STYLE_FILL_AREA(#16115);
#16115 = FILL_AREA_STYLE('',(#16116));
#16116 = FILL_AREA_STYLE_COLOUR('',#16004);
#16117 = OVER_RIDING_STYLED_ITEM('overriding color',(#16118),#7289,
  #15130);
#16118 = PRESENTATION_STYLE_ASSIGNMENT((#16119));
#16119 = SURFACE_STYLE_USAGE(.BOTH.,#16120);
#16120 = SURFACE_SIDE_STYLE('',(#16121));
#16121 = SURFACE_STYLE_FILL_AREA(#16122);
#16122 = FILL_AREA_STYLE('',(#16123));
#16123 = FILL_AREA_STYLE_COLOUR('',#16004);
#16124 = OVER_RIDING_STYLED_ITEM('overriding color',(#16125),#7380,
  #15130);
#16125 = PRESENTATION_STYLE_ASSIGNMENT((#16126));
#16126 = SURFACE_STYLE_USAGE(.BOTH.,#16127);
#16127 = SURFACE_SIDE_STYLE('',(#16128));
#16128 = SURFACE_STYLE_FILL_AREA(#16129);
#16129 = FILL_AREA_STYLE('',(#16130));
#16130 = FILL_AREA_STYLE_COLOUR('',#16004);
#16131 = OVER_RIDING_STYLED_ITEM('overriding color',(#16132),#7500,
  #15130);
#16132 = PRESENTATION_STYLE_ASSIGNMENT((#16133));
#16133 = SURFACE_STYLE_USAGE(.BOTH.,#16134);
#16134 = SURFACE_SIDE_STYLE('',(#16135));
#16135 = SURFACE_STYLE_FILL_AREA(#16136);
#16136 = FILL_AREA_STYLE('',(#16137));
#16137 = FILL_AREA_STYLE_COLOUR('',#16004);
#16138 = OVER_RIDING_STYLED_ITEM('overriding color',(#16139),#7531,
  #15130);
#16139 = PRESENTATION_STYLE_ASSIGNMENT((#16140));
#16140 = SURFACE_STYLE_USAGE(.BOTH.,#16141);
#16141 = SURFACE_SIDE_STYLE('',(#16142));
#16142 = SURFACE_STYLE_FILL_AREA(#16143);
#16143 = FILL_AREA_STYLE('',(#16144));
#16144 = FILL_AREA_STYLE_COLOUR('',#16004);
#16145 = OVER_RIDING_STYLED_ITEM('overriding color',(#16146),#7555,
  #15130);
#16146 = PRESENTATION_STYLE_ASSIGNMENT((#16147));
#16147 = SURFACE_STYLE_USAGE(.BOTH.,#16148);
#16148 = SURFACE_SIDE_STYLE('',(#16149));
#16149 = SURFACE_STYLE_FILL_AREA(#16150);
#16150 = FILL_AREA_STYLE('',(#16151));
#16151 = FILL_AREA_STYLE_COLOUR('',#16004);
#16152 = OVER_RIDING_STYLED_ITEM('overriding color',(#16153),#7605,
  #15130);
#16153 = PRESENTATION_STYLE_ASSIGNMENT((#16154));
#16154 = SURFACE_STYLE_USAGE(.BOTH.,#16155);
#16155 = SURFACE_SIDE_STYLE('',(#16156));
#16156 = SURFACE_STYLE_FILL_AREA(#16157);
#16157 = FILL_AREA_STYLE('',(#16158));
#16158 = FILL_AREA_STYLE_COLOUR('',#16004);
#16159 = OVER_RIDING_STYLED_ITEM('overriding color',(#16160),#7679,
  #15130);
#16160 = PRESENTATION_STYLE_ASSIGNMENT((#16161));
#16161 = SURFACE_STYLE_USAGE(.BOTH.,#16162);
#16162 = SURFACE_SIDE_STYLE('',(#16163));
#16163 = SURFACE_STYLE_FILL_AREA(#16164);
#16164 = FILL_AREA_STYLE('',(#16165));
#16165 = FILL_AREA_STYLE_COLOUR('',#16004);
#16166 = OVER_RIDING_STYLED_ITEM('overriding color',(#16167),#7753,
  #15130);
#16167 = PRESENTATION_STYLE_ASSIGNMENT((#16168));
#16168 = SURFACE_STYLE_USAGE(.BOTH.,#16169);
#16169 = SURFACE_SIDE_STYLE('',(#16170));
#16170 = SURFACE_STYLE_FILL_AREA(#16171);
#16171 = FILL_AREA_STYLE('',(#16172));
#16172 = FILL_AREA_STYLE_COLOUR('',#16004);
#16173 = OVER_RIDING_STYLED_ITEM('overriding color',(#16174),#7803,
  #15130);
#16174 = PRESENTATION_STYLE_ASSIGNMENT((#16175));
#16175 = SURFACE_STYLE_USAGE(.BOTH.,#16176);
#16176 = SURFACE_SIDE_STYLE('',(#16177));
#16177 = SURFACE_STYLE_FILL_AREA(#16178);
#16178 = FILL_AREA_STYLE('',(#16179));
#16179 = FILL_AREA_STYLE_COLOUR('',#16004);
#16180 = OVER_RIDING_STYLED_ITEM('overriding color',(#16181),#7820,
  #15130);
#16181 = PRESENTATION_STYLE_ASSIGNMENT((#16182));
#16182 = SURFACE_STYLE_USAGE(.BOTH.,#16183);
#16183 = SURFACE_SIDE_STYLE('',(#16184));
#16184 = SURFACE_STYLE_FILL_AREA(#16185);
#16185 = FILL_AREA_STYLE('',(#16186));
#16186 = FILL_AREA_STYLE_COLOUR('',#16004);
#16187 = OVER_RIDING_STYLED_ITEM('overriding color',(#16188),#7851,
  #15130);
#16188 = PRESENTATION_STYLE_ASSIGNMENT((#16189));
#16189 = SURFACE_STYLE_USAGE(.BOTH.,#16190);
#16190 = SURFACE_SIDE_STYLE('',(#16191));
#16191 = SURFACE_STYLE_FILL_AREA(#16192);
#16192 = FILL_AREA_STYLE('',(#16193));
#16193 = FILL_AREA_STYLE_COLOUR('',#16004);
#16194 = OVER_RIDING_STYLED_ITEM('overriding color',(#16195),#7875,
  #15130);
#16195 = PRESENTATION_STYLE_ASSIGNMENT((#16196));
#16196 = SURFACE_STYLE_USAGE(.BOTH.,#16197);
#16197 = SURFACE_SIDE_STYLE('',(#16198));
#16198 = SURFACE_STYLE_FILL_AREA(#16199);
#16199 = FILL_AREA_STYLE('',(#16200));
#16200 = FILL_AREA_STYLE_COLOUR('',#16004);
#16201 = OVER_RIDING_STYLED_ITEM('overriding color',(#16202),#7899,
  #15130);
#16202 = PRESENTATION_STYLE_ASSIGNMENT((#16203));
#16203 = SURFACE_STYLE_USAGE(.BOTH.,#16204);
#16204 = SURFACE_SIDE_STYLE('',(#16205));
#16205 = SURFACE_STYLE_FILL_AREA(#16206);
#16206 = FILL_AREA_STYLE('',(#16207));
#16207 = FILL_AREA_STYLE_COLOUR('',#16004);
#16208 = OVER_RIDING_STYLED_ITEM('overriding color',(#16209),#7923,
  #15130);
#16209 = PRESENTATION_STYLE_ASSIGNMENT((#16210));
#16210 = SURFACE_STYLE_USAGE(.BOTH.,#16211);
#16211 = SURFACE_SIDE_STYLE('',(#16212));
#16212 = SURFACE_STYLE_FILL_AREA(#16213);
#16213 = FILL_AREA_STYLE('',(#16214));
#16214 = FILL_AREA_STYLE_COLOUR('',#16004);
#16215 = OVER_RIDING_STYLED_ITEM('overriding color',(#16216),#7947,
  #15130);
#16216 = PRESENTATION_STYLE_ASSIGNMENT((#16217));
#16217 = SURFACE_STYLE_USAGE(.BOTH.,#16218);
#16218 = SURFACE_SIDE_STYLE('',(#16219));
#16219 = SURFACE_STYLE_FILL_AREA(#16220);
#16220 = FILL_AREA_STYLE('',(#16221));
#16221 = FILL_AREA_STYLE_COLOUR('',#16004);
#16222 = OVER_RIDING_STYLED_ITEM('overriding color',(#16223),#7971,
  #15130);
#16223 = PRESENTATION_STYLE_ASSIGNMENT((#16224));
#16224 = SURFACE_STYLE_USAGE(.BOTH.,#16225);
#16225 = SURFACE_SIDE_STYLE('',(#16226));
#16226 = SURFACE_STYLE_FILL_AREA(#16227);
#16227 = FILL_AREA_STYLE('',(#16228));
#16228 = FILL_AREA_STYLE_COLOUR('',#16004);
#16229 = OVER_RIDING_STYLED_ITEM('overriding color',(#16230),#7995,
  #15130);
#16230 = PRESENTATION_STYLE_ASSIGNMENT((#16231));
#16231 = SURFACE_STYLE_USAGE(.BOTH.,#16232);
#16232 = SURFACE_SIDE_STYLE('',(#16233));
#16233 = SURFACE_STYLE_FILL_AREA(#16234);
#16234 = FILL_AREA_STYLE('',(#16235));
#16235 = FILL_AREA_STYLE_COLOUR('',#16004);
#16236 = OVER_RIDING_STYLED_ITEM('overriding color',(#16237),#8019,
  #15130);
#16237 = PRESENTATION_STYLE_ASSIGNMENT((#16238));
#16238 = SURFACE_STYLE_USAGE(.BOTH.,#16239);
#16239 = SURFACE_SIDE_STYLE('',(#16240));
#16240 = SURFACE_STYLE_FILL_AREA(#16241);
#16241 = FILL_AREA_STYLE('',(#16242));
#16242 = FILL_AREA_STYLE_COLOUR('',#16004);
#16243 = OVER_RIDING_STYLED_ITEM('overriding color',(#16244),#8043,
  #15130);
#16244 = PRESENTATION_STYLE_ASSIGNMENT((#16245));
#16245 = SURFACE_STYLE_USAGE(.BOTH.,#16246);
#16246 = SURFACE_SIDE_STYLE('',(#16247));
#16247 = SURFACE_STYLE_FILL_AREA(#16248);
#16248 = FILL_AREA_STYLE('',(#16249));
#16249 = FILL_AREA_STYLE_COLOUR('',#16004);
#16250 = OVER_RIDING_STYLED_ITEM('overriding color',(#16251),#8067,
  #15130);
#16251 = PRESENTATION_STYLE_ASSIGNMENT((#16252));
#16252 = SURFACE_STYLE_USAGE(.BOTH.,#16253);
#16253 = SURFACE_SIDE_STYLE('',(#16254));
#16254 = SURFACE_STYLE_FILL_AREA(#16255);
#16255 = FILL_AREA_STYLE('',(#16256));
#16256 = FILL_AREA_STYLE_COLOUR('',#16004);
#16257 = OVER_RIDING_STYLED_ITEM('overriding color',(#16258),#8091,
  #15130);
#16258 = PRESENTATION_STYLE_ASSIGNMENT((#16259));
#16259 = SURFACE_STYLE_USAGE(.BOTH.,#16260);
#16260 = SURFACE_SIDE_STYLE('',(#16261));
#16261 = SURFACE_STYLE_FILL_AREA(#16262);
#16262 = FILL_AREA_STYLE('',(#16263));
#16263 = FILL_AREA_STYLE_COLOUR('',#16004);
#16264 = OVER_RIDING_STYLED_ITEM('overriding color',(#16265),#8108,
  #15130);
#16265 = PRESENTATION_STYLE_ASSIGNMENT((#16266));
#16266 = SURFACE_STYLE_USAGE(.BOTH.,#16267);
#16267 = SURFACE_SIDE_STYLE('',(#16268));
#16268 = SURFACE_STYLE_FILL_AREA(#16269);
#16269 = FILL_AREA_STYLE('',(#16270));
#16270 = FILL_AREA_STYLE_COLOUR('',#16004);
#16271 = OVER_RIDING_STYLED_ITEM('overriding color',(#16272),#8128,
  #15130);
#16272 = PRESENTATION_STYLE_ASSIGNMENT((#16273));
#16273 = SURFACE_STYLE_USAGE(.BOTH.,#16274);
#16274 = SURFACE_SIDE_STYLE('',(#16275));
#16275 = SURFACE_STYLE_FILL_AREA(#16276);
#16276 = FILL_AREA_STYLE('',(#16277));
#16277 = FILL_AREA_STYLE_COLOUR('',#16004);
#16278 = OVER_RIDING_STYLED_ITEM('overriding color',(#16279),#8209,
  #15130);
#16279 = PRESENTATION_STYLE_ASSIGNMENT((#16280));
#16280 = SURFACE_STYLE_USAGE(.BOTH.,#16281);
#16281 = SURFACE_SIDE_STYLE('',(#16282));
#16282 = SURFACE_STYLE_FILL_AREA(#16283);
#16283 = FILL_AREA_STYLE('',(#16284));
#16284 = FILL_AREA_STYLE_COLOUR('',#16004);
#16285 = OVER_RIDING_STYLED_ITEM('overriding color',(#16286),#8233,
  #15130);
#16286 = PRESENTATION_STYLE_ASSIGNMENT((#16287));
#16287 = SURFACE_STYLE_USAGE(.BOTH.,#16288);
#16288 = SURFACE_SIDE_STYLE('',(#16289));
#16289 = SURFACE_STYLE_FILL_AREA(#16290);
#16290 = FILL_AREA_STYLE('',(#16291));
#16291 = FILL_AREA_STYLE_COLOUR('',#16004);
#16292 = OVER_RIDING_STYLED_ITEM('overriding color',(#16293),#8295,
  #15130);
#16293 = PRESENTATION_STYLE_ASSIGNMENT((#16294));
#16294 = SURFACE_STYLE_USAGE(.BOTH.,#16295);
#16295 = SURFACE_SIDE_STYLE('',(#16296));
#16296 = SURFACE_STYLE_FILL_AREA(#16297);
#16297 = FILL_AREA_STYLE('',(#16298));
#16298 = FILL_AREA_STYLE_COLOUR('',#16004);
#16299 = OVER_RIDING_STYLED_ITEM('overriding color',(#16300),#8393,
  #15130);
#16300 = PRESENTATION_STYLE_ASSIGNMENT((#16301));
#16301 = SURFACE_STYLE_USAGE(.BOTH.,#16302);
#16302 = SURFACE_SIDE_STYLE('',(#16303));
#16303 = SURFACE_STYLE_FILL_AREA(#16304);
#16304 = FILL_AREA_STYLE('',(#16305));
#16305 = FILL_AREA_STYLE_COLOUR('',#16004);
#16306 = OVER_RIDING_STYLED_ITEM('overriding color',(#16307),#8467,
  #15130);
#16307 = PRESENTATION_STYLE_ASSIGNMENT((#16308));
#16308 = SURFACE_STYLE_USAGE(.BOTH.,#16309);
#16309 = SURFACE_SIDE_STYLE('',(#16310));
#16310 = SURFACE_STYLE_FILL_AREA(#16311);
#16311 = FILL_AREA_STYLE('',(#16312));
#16312 = FILL_AREA_STYLE_COLOUR('',#16004);
#16313 = OVER_RIDING_STYLED_ITEM('overriding color',(#16314),#8517,
  #15130);
#16314 = PRESENTATION_STYLE_ASSIGNMENT((#16315));
#16315 = SURFACE_STYLE_USAGE(.BOTH.,#16316);
#16316 = SURFACE_SIDE_STYLE('',(#16317));
#16317 = SURFACE_STYLE_FILL_AREA(#16318);
#16318 = FILL_AREA_STYLE('',(#16319));
#16319 = FILL_AREA_STYLE_COLOUR('',#16004);
#16320 = OVER_RIDING_STYLED_ITEM('overriding color',(#16321),#8541,
  #15130);
#16321 = PRESENTATION_STYLE_ASSIGNMENT((#16322));
#16322 = SURFACE_STYLE_USAGE(.BOTH.,#16323);
#16323 = SURFACE_SIDE_STYLE('',(#16324));
#16324 = SURFACE_STYLE_FILL_AREA(#16325);
#16325 = FILL_AREA_STYLE('',(#16326));
#16326 = FILL_AREA_STYLE_COLOUR('',#16004);
#16327 = OVER_RIDING_STYLED_ITEM('overriding color',(#16328),#8615,
  #15130);
#16328 = PRESENTATION_STYLE_ASSIGNMENT((#16329));
#16329 = SURFACE_STYLE_USAGE(.BOTH.,#16330);
#16330 = SURFACE_SIDE_STYLE('',(#16331));
#16331 = SURFACE_STYLE_FILL_AREA(#16332);
#16332 = FILL_AREA_STYLE('',(#16333));
#16333 = FILL_AREA_STYLE_COLOUR('',#16004);
#16334 = OVER_RIDING_STYLED_ITEM('overriding color',(#16335),#8689,
  #15130);
#16335 = PRESENTATION_STYLE_ASSIGNMENT((#16336));
#16336 = SURFACE_STYLE_USAGE(.BOTH.,#16337);
#16337 = SURFACE_SIDE_STYLE('',(#16338));
#16338 = SURFACE_STYLE_FILL_AREA(#16339);
#16339 = FILL_AREA_STYLE('',(#16340));
#16340 = FILL_AREA_STYLE_COLOUR('',#16004);
#16341 = OVER_RIDING_STYLED_ITEM('overriding color',(#16342),#8739,
  #15130);
#16342 = PRESENTATION_STYLE_ASSIGNMENT((#16343));
#16343 = SURFACE_STYLE_USAGE(.BOTH.,#16344);
#16344 = SURFACE_SIDE_STYLE('',(#16345));
#16345 = SURFACE_STYLE_FILL_AREA(#16346);
#16346 = FILL_AREA_STYLE('',(#16347));
#16347 = FILL_AREA_STYLE_COLOUR('',#16004);
#16348 = OVER_RIDING_STYLED_ITEM('overriding color',(#16349),#8806,
  #15130);
#16349 = PRESENTATION_STYLE_ASSIGNMENT((#16350));
#16350 = SURFACE_STYLE_USAGE(.BOTH.,#16351);
#16351 = SURFACE_SIDE_STYLE('',(#16352));
#16352 = SURFACE_STYLE_FILL_AREA(#16353);
#16353 = FILL_AREA_STYLE('',(#16354));
#16354 = FILL_AREA_STYLE_COLOUR('',#16004);
#16355 = OVER_RIDING_STYLED_ITEM('overriding color',(#16356),#8825,
  #15130);
#16356 = PRESENTATION_STYLE_ASSIGNMENT((#16357));
#16357 = SURFACE_STYLE_USAGE(.BOTH.,#16358);
#16358 = SURFACE_SIDE_STYLE('',(#16359));
#16359 = SURFACE_STYLE_FILL_AREA(#16360);
#16360 = FILL_AREA_STYLE('',(#16361));
#16361 = FILL_AREA_STYLE_COLOUR('',#16004);
#16362 = OVER_RIDING_STYLED_ITEM('overriding color',(#16363),#8856,
  #15130);
#16363 = PRESENTATION_STYLE_ASSIGNMENT((#16364));
#16364 = SURFACE_STYLE_USAGE(.BOTH.,#16365);
#16365 = SURFACE_SIDE_STYLE('',(#16366));
#16366 = SURFACE_STYLE_FILL_AREA(#16367);
#16367 = FILL_AREA_STYLE('',(#16368));
#16368 = FILL_AREA_STYLE_COLOUR('',#16004);
#16369 = OVER_RIDING_STYLED_ITEM('overriding color',(#16370),#8880,
  #15130);
#16370 = PRESENTATION_STYLE_ASSIGNMENT((#16371));
#16371 = SURFACE_STYLE_USAGE(.BOTH.,#16372);
#16372 = SURFACE_SIDE_STYLE('',(#16373));
#16373 = SURFACE_STYLE_FILL_AREA(#16374);
#16374 = FILL_AREA_STYLE('',(#16375));
#16375 = FILL_AREA_STYLE_COLOUR('',#16004);
#16376 = OVER_RIDING_STYLED_ITEM('overriding color',(#16377),#8904,
  #15130);
#16377 = PRESENTATION_STYLE_ASSIGNMENT((#16378));
#16378 = SURFACE_STYLE_USAGE(.BOTH.,#16379);
#16379 = SURFACE_SIDE_STYLE('',(#16380));
#16380 = SURFACE_STYLE_FILL_AREA(#16381);
#16381 = FILL_AREA_STYLE('',(#16382));
#16382 = FILL_AREA_STYLE_COLOUR('',#16004);
#16383 = OVER_RIDING_STYLED_ITEM('overriding color',(#16384),#8928,
  #15130);
#16384 = PRESENTATION_STYLE_ASSIGNMENT((#16385));
#16385 = SURFACE_STYLE_USAGE(.BOTH.,#16386);
#16386 = SURFACE_SIDE_STYLE('',(#16387));
#16387 = SURFACE_STYLE_FILL_AREA(#16388);
#16388 = FILL_AREA_STYLE('',(#16389));
#16389 = FILL_AREA_STYLE_COLOUR('',#16004);
#16390 = OVER_RIDING_STYLED_ITEM('overriding color',(#16391),#8952,
  #15130);
#16391 = PRESENTATION_STYLE_ASSIGNMENT((#16392));
#16392 = SURFACE_STYLE_USAGE(.BOTH.,#16393);
#16393 = SURFACE_SIDE_STYLE('',(#16394));
#16394 = SURFACE_STYLE_FILL_AREA(#16395);
#16395 = FILL_AREA_STYLE('',(#16396));
#16396 = FILL_AREA_STYLE_COLOUR('',#16004);
#16397 = OVER_RIDING_STYLED_ITEM('overriding color',(#16398),#8969,
  #15130);
#16398 = PRESENTATION_STYLE_ASSIGNMENT((#16399));
#16399 = SURFACE_STYLE_USAGE(.BOTH.,#16400);
#16400 = SURFACE_SIDE_STYLE('',(#16401));
#16401 = SURFACE_STYLE_FILL_AREA(#16402);
#16402 = FILL_AREA_STYLE('',(#16403));
#16403 = FILL_AREA_STYLE_COLOUR('',#16004);
#16404 = OVER_RIDING_STYLED_ITEM('overriding color',(#16405),#9009,
  #15130);
#16405 = PRESENTATION_STYLE_ASSIGNMENT((#16406));
#16406 = SURFACE_STYLE_USAGE(.BOTH.,#16407);
#16407 = SURFACE_SIDE_STYLE('',(#16408));
#16408 = SURFACE_STYLE_FILL_AREA(#16409);
#16409 = FILL_AREA_STYLE('',(#16410));
#16410 = FILL_AREA_STYLE_COLOUR('',#16411);
#16411 = DRAUGHTING_PRE_DEFINED_COLOUR('white');
#16412 = OVER_RIDING_STYLED_ITEM('overriding color',(#16413),#9040,
  #15130);
#16413 = PRESENTATION_STYLE_ASSIGNMENT((#16414));
#16414 = SURFACE_STYLE_USAGE(.BOTH.,#16415);
#16415 = SURFACE_SIDE_STYLE('',(#16416));
#16416 = SURFACE_STYLE_FILL_AREA(#16417);
#16417 = FILL_AREA_STYLE('',(#16418));
#16418 = FILL_AREA_STYLE_COLOUR('',#16411);
#16419 = OVER_RIDING_STYLED_ITEM('overriding color',(#16420),#9064,
  #15130);
#16420 = PRESENTATION_STYLE_ASSIGNMENT((#16421));
#16421 = SURFACE_STYLE_USAGE(.BOTH.,#16422);
#16422 = SURFACE_SIDE_STYLE('',(#16423));
#16423 = SURFACE_STYLE_FILL_AREA(#16424);
#16424 = FILL_AREA_STYLE('',(#16425));
#16425 = FILL_AREA_STYLE_COLOUR('',#16411);
#16426 = OVER_RIDING_STYLED_ITEM('overriding color',(#16427),#9088,
  #15130);
#16427 = PRESENTATION_STYLE_ASSIGNMENT((#16428));
#16428 = SURFACE_STYLE_USAGE(.BOTH.,#16429);
#16429 = SURFACE_SIDE_STYLE('',(#16430));
#16430 = SURFACE_STYLE_FILL_AREA(#16431);
#16431 = FILL_AREA_STYLE('',(#16432));
#16432 = FILL_AREA_STYLE_COLOUR('',#16411);
#16433 = OVER_RIDING_STYLED_ITEM('overriding color',(#16434),#9112,
  #15130);
#16434 = PRESENTATION_STYLE_ASSIGNMENT((#16435));
#16435 = SURFACE_STYLE_USAGE(.BOTH.,#16436);
#16436 = SURFACE_SIDE_STYLE('',(#16437));
#16437 = SURFACE_STYLE_FILL_AREA(#16438);
#16438 = FILL_AREA_STYLE('',(#16439));
#16439 = FILL_AREA_STYLE_COLOUR('',#16411);
#16440 = OVER_RIDING_STYLED_ITEM('overriding color',(#16441),#9136,
  #15130);
#16441 = PRESENTATION_STYLE_ASSIGNMENT((#16442));
#16442 = SURFACE_STYLE_USAGE(.BOTH.,#16443);
#16443 = SURFACE_SIDE_STYLE('',(#16444));
#16444 = SURFACE_STYLE_FILL_AREA(#16445);
#16445 = FILL_AREA_STYLE('',(#16446));
#16446 = FILL_AREA_STYLE_COLOUR('',#16411);
#16447 = OVER_RIDING_STYLED_ITEM('overriding color',(#16448),#9153,
  #15130);
#16448 = PRESENTATION_STYLE_ASSIGNMENT((#16449));
#16449 = SURFACE_STYLE_USAGE(.BOTH.,#16450);
#16450 = SURFACE_SIDE_STYLE('',(#16451));
#16451 = SURFACE_STYLE_FILL_AREA(#16452);
#16452 = FILL_AREA_STYLE('',(#16453));
#16453 = FILL_AREA_STYLE_COLOUR('',#16411);
#16454 = OVER_RIDING_STYLED_ITEM('overriding color',(#16455),#9167,
  #15130);
#16455 = PRESENTATION_STYLE_ASSIGNMENT((#16456));
#16456 = SURFACE_STYLE_USAGE(.BOTH.,#16457);
#16457 = SURFACE_SIDE_STYLE('',(#16458));
#16458 = SURFACE_STYLE_FILL_AREA(#16459);
#16459 = FILL_AREA_STYLE('',(#16460));
#16460 = FILL_AREA_STYLE_COLOUR('',#16411);
#16461 = OVER_RIDING_STYLED_ITEM('overriding color',(#16462),#9203,
  #15130);
#16462 = PRESENTATION_STYLE_ASSIGNMENT((#16463));
#16463 = SURFACE_STYLE_USAGE(.BOTH.,#16464);
#16464 = SURFACE_SIDE_STYLE('',(#16465));
#16465 = SURFACE_STYLE_FILL_AREA(#16466);
#16466 = FILL_AREA_STYLE('',(#16467));
#16467 = FILL_AREA_STYLE_COLOUR('',#16411);
#16468 = OVER_RIDING_STYLED_ITEM('overriding color',(#16469),#9227,
  #15130);
#16469 = PRESENTATION_STYLE_ASSIGNMENT((#16470));
#16470 = SURFACE_STYLE_USAGE(.BOTH.,#16471);
#16471 = SURFACE_SIDE_STYLE('',(#16472));
#16472 = SURFACE_STYLE_FILL_AREA(#16473);
#16473 = FILL_AREA_STYLE('',(#16474));
#16474 = FILL_AREA_STYLE_COLOUR('',#16411);
#16475 = OVER_RIDING_STYLED_ITEM('overriding color',(#16476),#9256,
  #15130);
#16476 = PRESENTATION_STYLE_ASSIGNMENT((#16477));
#16477 = SURFACE_STYLE_USAGE(.BOTH.,#16478);
#16478 = SURFACE_SIDE_STYLE('',(#16479));
#16479 = SURFACE_STYLE_FILL_AREA(#16480);
#16480 = FILL_AREA_STYLE('',(#16481));
#16481 = FILL_AREA_STYLE_COLOUR('',#16411);
#16482 = OVER_RIDING_STYLED_ITEM('overriding color',(#16483),#9285,
  #15130);
#16483 = PRESENTATION_STYLE_ASSIGNMENT((#16484));
#16484 = SURFACE_STYLE_USAGE(.BOTH.,#16485);
#16485 = SURFACE_SIDE_STYLE('',(#16486));
#16486 = SURFACE_STYLE_FILL_AREA(#16487);
#16487 = FILL_AREA_STYLE('',(#16488));
#16488 = FILL_AREA_STYLE_COLOUR('',#16411);
#16489 = OVER_RIDING_STYLED_ITEM('overriding color',(#16490),#9314,
  #15130);
#16490 = PRESENTATION_STYLE_ASSIGNMENT((#16491));
#16491 = SURFACE_STYLE_USAGE(.BOTH.,#16492);
#16492 = SURFACE_SIDE_STYLE('',(#16493));
#16493 = SURFACE_STYLE_FILL_AREA(#16494);
#16494 = FILL_AREA_STYLE('',(#16495));
#16495 = FILL_AREA_STYLE_COLOUR('',#16411);
#16496 = OVER_RIDING_STYLED_ITEM('overriding color',(#16497),#9343,
  #15130);
#16497 = PRESENTATION_STYLE_ASSIGNMENT((#16498));
#16498 = SURFACE_STYLE_USAGE(.BOTH.,#16499);
#16499 = SURFACE_SIDE_STYLE('',(#16500));
#16500 = SURFACE_STYLE_FILL_AREA(#16501);
#16501 = FILL_AREA_STYLE('',(#16502));
#16502 = FILL_AREA_STYLE_COLOUR('',#16411);
#16503 = OVER_RIDING_STYLED_ITEM('overriding color',(#16504),#9372,
  #15130);
#16504 = PRESENTATION_STYLE_ASSIGNMENT((#16505));
#16505 = SURFACE_STYLE_USAGE(.BOTH.,#16506);
#16506 = SURFACE_SIDE_STYLE('',(#16507));
#16507 = SURFACE_STYLE_FILL_AREA(#16508);
#16508 = FILL_AREA_STYLE('',(#16509));
#16509 = FILL_AREA_STYLE_COLOUR('',#16411);
#16510 = OVER_RIDING_STYLED_ITEM('overriding color',(#16511),#9401,
  #15130);
#16511 = PRESENTATION_STYLE_ASSIGNMENT((#16512));
#16512 = SURFACE_STYLE_USAGE(.BOTH.,#16513);
#16513 = SURFACE_SIDE_STYLE('',(#16514));
#16514 = SURFACE_STYLE_FILL_AREA(#16515);
#16515 = FILL_AREA_STYLE('',(#16516));
#16516 = FILL_AREA_STYLE_COLOUR('',#16411);
#16517 = OVER_RIDING_STYLED_ITEM('overriding color',(#16518),#9425,
  #15130);
#16518 = PRESENTATION_STYLE_ASSIGNMENT((#16519));
#16519 = SURFACE_STYLE_USAGE(.BOTH.,#16520);
#16520 = SURFACE_SIDE_STYLE('',(#16521));
#16521 = SURFACE_STYLE_FILL_AREA(#16522);
#16522 = FILL_AREA_STYLE('',(#16523));
#16523 = FILL_AREA_STYLE_COLOUR('',#16411);
#16524 = OVER_RIDING_STYLED_ITEM('overriding color',(#16525),#9454,
  #15130);
#16525 = PRESENTATION_STYLE_ASSIGNMENT((#16526));
#16526 = SURFACE_STYLE_USAGE(.BOTH.,#16527);
#16527 = SURFACE_SIDE_STYLE('',(#16528));
#16528 = SURFACE_STYLE_FILL_AREA(#16529);
#16529 = FILL_AREA_STYLE('',(#16530));
#16530 = FILL_AREA_STYLE_COLOUR('',#16411);
#16531 = OVER_RIDING_STYLED_ITEM('overriding color',(#16532),#9483,
  #15130);
#16532 = PRESENTATION_STYLE_ASSIGNMENT((#16533));
#16533 = SURFACE_STYLE_USAGE(.BOTH.,#16534);
#16534 = SURFACE_SIDE_STYLE('',(#16535));
#16535 = SURFACE_STYLE_FILL_AREA(#16536);
#16536 = FILL_AREA_STYLE('',(#16537));
#16537 = FILL_AREA_STYLE_COLOUR('',#16411);
#16538 = OVER_RIDING_STYLED_ITEM('overriding color',(#16539),#9512,
  #15130);
#16539 = PRESENTATION_STYLE_ASSIGNMENT((#16540));
#16540 = SURFACE_STYLE_USAGE(.BOTH.,#16541);
#16541 = SURFACE_SIDE_STYLE('',(#16542));
#16542 = SURFACE_STYLE_FILL_AREA(#16543);
#16543 = FILL_AREA_STYLE('',(#16544));
#16544 = FILL_AREA_STYLE_COLOUR('',#16411);
#16545 = OVER_RIDING_STYLED_ITEM('overriding color',(#16546),#9541,
  #15130);
#16546 = PRESENTATION_STYLE_ASSIGNMENT((#16547));
#16547 = SURFACE_STYLE_USAGE(.BOTH.,#16548);
#16548 = SURFACE_SIDE_STYLE('',(#16549));
#16549 = SURFACE_STYLE_FILL_AREA(#16550);
#16550 = FILL_AREA_STYLE('',(#16551));
#16551 = FILL_AREA_STYLE_COLOUR('',#16411);
#16552 = OVER_RIDING_STYLED_ITEM('overriding color',(#16553),#9563,
  #15130);
#16553 = PRESENTATION_STYLE_ASSIGNMENT((#16554));
#16554 = SURFACE_STYLE_USAGE(.BOTH.,#16555);
#16555 = SURFACE_SIDE_STYLE('',(#16556));
#16556 = SURFACE_STYLE_FILL_AREA(#16557);
#16557 = FILL_AREA_STYLE('',(#16558));
#16558 = FILL_AREA_STYLE_COLOUR('',#16411);
#16559 = OVER_RIDING_STYLED_ITEM('overriding color',(#16560),#9585,
  #15130);
#16560 = PRESENTATION_STYLE_ASSIGNMENT((#16561));
#16561 = SURFACE_STYLE_USAGE(.BOTH.,#16562);
#16562 = SURFACE_SIDE_STYLE('',(#16563));
#16563 = SURFACE_STYLE_FILL_AREA(#16564);
#16564 = FILL_AREA_STYLE('',(#16565));
#16565 = FILL_AREA_STYLE_COLOUR('',#16411);
#16566 = OVER_RIDING_STYLED_ITEM('overriding color',(#16567),#9616,
  #15130);
#16567 = PRESENTATION_STYLE_ASSIGNMENT((#16568));
#16568 = SURFACE_STYLE_USAGE(.BOTH.,#16569);
#16569 = SURFACE_SIDE_STYLE('',(#16570));
#16570 = SURFACE_STYLE_FILL_AREA(#16571);
#16571 = FILL_AREA_STYLE('',(#16572));
#16572 = FILL_AREA_STYLE_COLOUR('',#16411);
#16573 = OVER_RIDING_STYLED_ITEM('overriding color',(#16574),#9640,
  #15130);
#16574 = PRESENTATION_STYLE_ASSIGNMENT((#16575));
#16575 = SURFACE_STYLE_USAGE(.BOTH.,#16576);
#16576 = SURFACE_SIDE_STYLE('',(#16577));
#16577 = SURFACE_STYLE_FILL_AREA(#16578);
#16578 = FILL_AREA_STYLE('',(#16579));
#16579 = FILL_AREA_STYLE_COLOUR('',#16411);
#16580 = OVER_RIDING_STYLED_ITEM('overriding color',(#16581),#9664,
  #15130);
#16581 = PRESENTATION_STYLE_ASSIGNMENT((#16582));
#16582 = SURFACE_STYLE_USAGE(.BOTH.,#16583);
#16583 = SURFACE_SIDE_STYLE('',(#16584));
#16584 = SURFACE_STYLE_FILL_AREA(#16585);
#16585 = FILL_AREA_STYLE('',(#16586));
#16586 = FILL_AREA_STYLE_COLOUR('',#16411);
#16587 = OVER_RIDING_STYLED_ITEM('overriding color',(#16588),#9688,
  #15130);
#16588 = PRESENTATION_STYLE_ASSIGNMENT((#16589));
#16589 = SURFACE_STYLE_USAGE(.BOTH.,#16590);
#16590 = SURFACE_SIDE_STYLE('',(#16591));
#16591 = SURFACE_STYLE_FILL_AREA(#16592);
#16592 = FILL_AREA_STYLE('',(#16593));
#16593 = FILL_AREA_STYLE_COLOUR('',#16411);
#16594 = OVER_RIDING_STYLED_ITEM('overriding color',(#16595),#9712,
  #15130);
#16595 = PRESENTATION_STYLE_ASSIGNMENT((#16596));
#16596 = SURFACE_STYLE_USAGE(.BOTH.,#16597);
#16597 = SURFACE_SIDE_STYLE('',(#16598));
#16598 = SURFACE_STYLE_FILL_AREA(#16599);
#16599 = FILL_AREA_STYLE('',(#16600));
#16600 = FILL_AREA_STYLE_COLOUR('',#16411);
#16601 = OVER_RIDING_STYLED_ITEM('overriding color',(#16602),#9736,
  #15130);
#16602 = PRESENTATION_STYLE_ASSIGNMENT((#16603));
#16603 = SURFACE_STYLE_USAGE(.BOTH.,#16604);
#16604 = SURFACE_SIDE_STYLE('',(#16605));
#16605 = SURFACE_STYLE_FILL_AREA(#16606);
#16606 = FILL_AREA_STYLE('',(#16607));
#16607 = FILL_AREA_STYLE_COLOUR('',#16411);
#16608 = OVER_RIDING_STYLED_ITEM('overriding color',(#16609),#9760,
  #15130);
#16609 = PRESENTATION_STYLE_ASSIGNMENT((#16610));
#16610 = SURFACE_STYLE_USAGE(.BOTH.,#16611);
#16611 = SURFACE_SIDE_STYLE('',(#16612));
#16612 = SURFACE_STYLE_FILL_AREA(#16613);
#16613 = FILL_AREA_STYLE('',(#16614));
#16614 = FILL_AREA_STYLE_COLOUR('',#16411);
#16615 = OVER_RIDING_STYLED_ITEM('overriding color',(#16616),#9784,
  #15130);
#16616 = PRESENTATION_STYLE_ASSIGNMENT((#16617));
#16617 = SURFACE_STYLE_USAGE(.BOTH.,#16618);
#16618 = SURFACE_SIDE_STYLE('',(#16619));
#16619 = SURFACE_STYLE_FILL_AREA(#16620);
#16620 = FILL_AREA_STYLE('',(#16621));
#16621 = FILL_AREA_STYLE_COLOUR('',#16411);
#16622 = OVER_RIDING_STYLED_ITEM('overriding color',(#16623),#9808,
  #15130);
#16623 = PRESENTATION_STYLE_ASSIGNMENT((#16624));
#16624 = SURFACE_STYLE_USAGE(.BOTH.,#16625);
#16625 = SURFACE_SIDE_STYLE('',(#16626));
#16626 = SURFACE_STYLE_FILL_AREA(#16627);
#16627 = FILL_AREA_STYLE('',(#16628));
#16628 = FILL_AREA_STYLE_COLOUR('',#16411);
#16629 = OVER_RIDING_STYLED_ITEM('overriding color',(#16630),#9832,
  #15130);
#16630 = PRESENTATION_STYLE_ASSIGNMENT((#16631));
#16631 = SURFACE_STYLE_USAGE(.BOTH.,#16632);
#16632 = SURFACE_SIDE_STYLE('',(#16633));
#16633 = SURFACE_STYLE_FILL_AREA(#16634);
#16634 = FILL_AREA_STYLE('',(#16635));
#16635 = FILL_AREA_STYLE_COLOUR('',#16411);
#16636 = OVER_RIDING_STYLED_ITEM('overriding color',(#16637),#9856,
  #15130);
#16637 = PRESENTATION_STYLE_ASSIGNMENT((#16638));
#16638 = SURFACE_STYLE_USAGE(.BOTH.,#16639);
#16639 = SURFACE_SIDE_STYLE('',(#16640));
#16640 = SURFACE_STYLE_FILL_AREA(#16641);
#16641 = FILL_AREA_STYLE('',(#16642));
#16642 = FILL_AREA_STYLE_COLOUR('',#16411);
#16643 = OVER_RIDING_STYLED_ITEM('overriding color',(#16644),#9873,
  #15130);
#16644 = PRESENTATION_STYLE_ASSIGNMENT((#16645));
#16645 = SURFACE_STYLE_USAGE(.BOTH.,#16646);
#16646 = SURFACE_SIDE_STYLE('',(#16647));
#16647 = SURFACE_STYLE_FILL_AREA(#16648);
#16648 = FILL_AREA_STYLE('',(#16649));
#16649 = FILL_AREA_STYLE_COLOUR('',#16411);
#16650 = OVER_RIDING_STYLED_ITEM('overriding color',(#16651),#9893,
  #15130);
#16651 = PRESENTATION_STYLE_ASSIGNMENT((#16652));
#16652 = SURFACE_STYLE_USAGE(.BOTH.,#16653);
#16653 = SURFACE_SIDE_STYLE('',(#16654));
#16654 = SURFACE_STYLE_FILL_AREA(#16655);
#16655 = FILL_AREA_STYLE('',(#16656));
#16656 = FILL_AREA_STYLE_COLOUR('',#16411);
#16657 = OVER_RIDING_STYLED_ITEM('overriding color',(#16658),#10023,
  #15130);
#16658 = PRESENTATION_STYLE_ASSIGNMENT((#16659));
#16659 = SURFACE_STYLE_USAGE(.BOTH.,#16660);
#16660 = SURFACE_SIDE_STYLE('',(#16661));
#16661 = SURFACE_STYLE_FILL_AREA(#16662);
#16662 = FILL_AREA_STYLE('',(#16663));
#16663 = FILL_AREA_STYLE_COLOUR('',#16411);
#16664 = OVER_RIDING_STYLED_ITEM('overriding color',(#16665),#10045,
  #15130);
#16665 = PRESENTATION_STYLE_ASSIGNMENT((#16666));
#16666 = SURFACE_STYLE_USAGE(.BOTH.,#16667);
#16667 = SURFACE_SIDE_STYLE('',(#16668));
#16668 = SURFACE_STYLE_FILL_AREA(#16669);
#16669 = FILL_AREA_STYLE('',(#16670));
#16670 = FILL_AREA_STYLE_COLOUR('',#16411);
#16671 = OVER_RIDING_STYLED_ITEM('overriding color',(#16672),#10066,
  #15130);
#16672 = PRESENTATION_STYLE_ASSIGNMENT((#16673));
#16673 = SURFACE_STYLE_USAGE(.BOTH.,#16674);
#16674 = SURFACE_SIDE_STYLE('',(#16675));
#16675 = SURFACE_STYLE_FILL_AREA(#16676);
#16676 = FILL_AREA_STYLE('',(#16677));
#16677 = FILL_AREA_STYLE_COLOUR('',#16411);
#16678 = OVER_RIDING_STYLED_ITEM('overriding color',(#16679),#10087,
  #15130);
#16679 = PRESENTATION_STYLE_ASSIGNMENT((#16680));
#16680 = SURFACE_STYLE_USAGE(.BOTH.,#16681);
#16681 = SURFACE_SIDE_STYLE('',(#16682));
#16682 = SURFACE_STYLE_FILL_AREA(#16683);
#16683 = FILL_AREA_STYLE('',(#16684));
#16684 = FILL_AREA_STYLE_COLOUR('',#16411);
#16685 = OVER_RIDING_STYLED_ITEM('overriding color',(#16686),#10108,
  #15130);
#16686 = PRESENTATION_STYLE_ASSIGNMENT((#16687));
#16687 = SURFACE_STYLE_USAGE(.BOTH.,#16688);
#16688 = SURFACE_SIDE_STYLE('',(#16689));
#16689 = SURFACE_STYLE_FILL_AREA(#16690);
#16690 = FILL_AREA_STYLE('',(#16691));
#16691 = FILL_AREA_STYLE_COLOUR('',#16411);
#16692 = OVER_RIDING_STYLED_ITEM('overriding color',(#16693),#10129,
  #15130);
#16693 = PRESENTATION_STYLE_ASSIGNMENT((#16694));
#16694 = SURFACE_STYLE_USAGE(.BOTH.,#16695);
#16695 = SURFACE_SIDE_STYLE('',(#16696));
#16696 = SURFACE_STYLE_FILL_AREA(#16697);
#16697 = FILL_AREA_STYLE('',(#16698));
#16698 = FILL_AREA_STYLE_COLOUR('',#16411);
#16699 = OVER_RIDING_STYLED_ITEM('overriding color',(#16700),#10146,
  #15130);
#16700 = PRESENTATION_STYLE_ASSIGNMENT((#16701));
#16701 = SURFACE_STYLE_USAGE(.BOTH.,#16702);
#16702 = SURFACE_SIDE_STYLE('',(#16703));
#16703 = SURFACE_STYLE_FILL_AREA(#16704);
#16704 = FILL_AREA_STYLE('',(#16705));
#16705 = FILL_AREA_STYLE_COLOUR('',#16411);
#16706 = OVER_RIDING_STYLED_ITEM('overriding color',(#16707),#10158,
  #15130);
#16707 = PRESENTATION_STYLE_ASSIGNMENT((#16708));
#16708 = SURFACE_STYLE_USAGE(.BOTH.,#16709);
#16709 = SURFACE_SIDE_STYLE('',(#16710));
#16710 = SURFACE_STYLE_FILL_AREA(#16711);
#16711 = FILL_AREA_STYLE('',(#16712));
#16712 = FILL_AREA_STYLE_COLOUR('',#16411);
#16713 = OVER_RIDING_STYLED_ITEM('overriding color',(#16714),#10189,
  #15130);
#16714 = PRESENTATION_STYLE_ASSIGNMENT((#16715));
#16715 = SURFACE_STYLE_USAGE(.BOTH.,#16716);
#16716 = SURFACE_SIDE_STYLE('',(#16717));
#16717 = SURFACE_STYLE_FILL_AREA(#16718);
#16718 = FILL_AREA_STYLE('',(#16719));
#16719 = FILL_AREA_STYLE_COLOUR('',#16411);
#16720 = OVER_RIDING_STYLED_ITEM('overriding color',(#16721),#10213,
  #15130);
#16721 = PRESENTATION_STYLE_ASSIGNMENT((#16722));
#16722 = SURFACE_STYLE_USAGE(.BOTH.,#16723);
#16723 = SURFACE_SIDE_STYLE('',(#16724));
#16724 = SURFACE_STYLE_FILL_AREA(#16725);
#16725 = FILL_AREA_STYLE('',(#16726));
#16726 = FILL_AREA_STYLE_COLOUR('',#16411);
#16727 = OVER_RIDING_STYLED_ITEM('overriding color',(#16728),#10237,
  #15130);
#16728 = PRESENTATION_STYLE_ASSIGNMENT((#16729));
#16729 = SURFACE_STYLE_USAGE(.BOTH.,#16730);
#16730 = SURFACE_SIDE_STYLE('',(#16731));
#16731 = SURFACE_STYLE_FILL_AREA(#16732);
#16732 = FILL_AREA_STYLE('',(#16733));
#16733 = FILL_AREA_STYLE_COLOUR('',#16411);
#16734 = OVER_RIDING_STYLED_ITEM('overriding color',(#16735),#10266,
  #15130);
#16735 = PRESENTATION_STYLE_ASSIGNMENT((#16736));
#16736 = SURFACE_STYLE_USAGE(.BOTH.,#16737);
#16737 = SURFACE_SIDE_STYLE('',(#16738));
#16738 = SURFACE_STYLE_FILL_AREA(#16739);
#16739 = FILL_AREA_STYLE('',(#16740));
#16740 = FILL_AREA_STYLE_COLOUR('',#16411);
#16741 = OVER_RIDING_STYLED_ITEM('overriding color',(#16742),#10295,
  #15130);
#16742 = PRESENTATION_STYLE_ASSIGNMENT((#16743));
#16743 = SURFACE_STYLE_USAGE(.BOTH.,#16744);
#16744 = SURFACE_SIDE_STYLE('',(#16745));
#16745 = SURFACE_STYLE_FILL_AREA(#16746);
#16746 = FILL_AREA_STYLE('',(#16747));
#16747 = FILL_AREA_STYLE_COLOUR('',#16411);
#16748 = OVER_RIDING_STYLED_ITEM('overriding color',(#16749),#10324,
  #15130);
#16749 = PRESENTATION_STYLE_ASSIGNMENT((#16750));
#16750 = SURFACE_STYLE_USAGE(.BOTH.,#16751);
#16751 = SURFACE_SIDE_STYLE('',(#16752));
#16752 = SURFACE_STYLE_FILL_AREA(#16753);
#16753 = FILL_AREA_STYLE('',(#16754));
#16754 = FILL_AREA_STYLE_COLOUR('',#16411);
#16755 = OVER_RIDING_STYLED_ITEM('overriding color',(#16756),#10361,
  #15130);
#16756 = PRESENTATION_STYLE_ASSIGNMENT((#16757));
#16757 = SURFACE_STYLE_USAGE(.BOTH.,#16758);
#16758 = SURFACE_SIDE_STYLE('',(#16759));
#16759 = SURFACE_STYLE_FILL_AREA(#16760);
#16760 = FILL_AREA_STYLE('',(#16761));
#16761 = FILL_AREA_STYLE_COLOUR('',#16411);
#16762 = OVER_RIDING_STYLED_ITEM('overriding color',(#16763),#10485,
  #15130);
#16763 = PRESENTATION_STYLE_ASSIGNMENT((#16764));
#16764 = SURFACE_STYLE_USAGE(.BOTH.,#16765);
#16765 = SURFACE_SIDE_STYLE('',(#16766));
#16766 = SURFACE_STYLE_FILL_AREA(#16767);
#16767 = FILL_AREA_STYLE('',(#16768));
#16768 = FILL_AREA_STYLE_COLOUR('',#16411);
#16769 = OVER_RIDING_STYLED_ITEM('overriding color',(#16770),#10507,
  #15130);
#16770 = PRESENTATION_STYLE_ASSIGNMENT((#16771));
#16771 = SURFACE_STYLE_USAGE(.BOTH.,#16772);
#16772 = SURFACE_SIDE_STYLE('',(#16773));
#16773 = SURFACE_STYLE_FILL_AREA(#16774);
#16774 = FILL_AREA_STYLE('',(#16775));
#16775 = FILL_AREA_STYLE_COLOUR('',#16411);
#16776 = OVER_RIDING_STYLED_ITEM('overriding color',(#16777),#10524,
  #15130);
#16777 = PRESENTATION_STYLE_ASSIGNMENT((#16778));
#16778 = SURFACE_STYLE_USAGE(.BOTH.,#16779);
#16779 = SURFACE_SIDE_STYLE('',(#16780));
#16780 = SURFACE_STYLE_FILL_AREA(#16781);
#16781 = FILL_AREA_STYLE('',(#16782));
#16782 = FILL_AREA_STYLE_COLOUR('',#16411);
#16783 = OVER_RIDING_STYLED_ITEM('overriding color',(#16784),#10541,
  #15130);
#16784 = PRESENTATION_STYLE_ASSIGNMENT((#16785));
#16785 = SURFACE_STYLE_USAGE(.BOTH.,#16786);
#16786 = SURFACE_SIDE_STYLE('',(#16787));
#16787 = SURFACE_STYLE_FILL_AREA(#16788);
#16788 = FILL_AREA_STYLE('',(#16789));
#16789 = FILL_AREA_STYLE_COLOUR('',#16411);
#16790 = OVER_RIDING_STYLED_ITEM('overriding color',(#16791),#10558,
  #15130);
#16791 = PRESENTATION_STYLE_ASSIGNMENT((#16792));
#16792 = SURFACE_STYLE_USAGE(.BOTH.,#16793);
#16793 = SURFACE_SIDE_STYLE('',(#16794));
#16794 = SURFACE_STYLE_FILL_AREA(#16795);
#16795 = FILL_AREA_STYLE('',(#16796));
#16796 = FILL_AREA_STYLE_COLOUR('',#16411);
#16797 = OVER_RIDING_STYLED_ITEM('overriding color',(#16798),#10575,
  #15130);
#16798 = PRESENTATION_STYLE_ASSIGNMENT((#16799));
#16799 = SURFACE_STYLE_USAGE(.BOTH.,#16800);
#16800 = SURFACE_SIDE_STYLE('',(#16801));
#16801 = SURFACE_STYLE_FILL_AREA(#16802);
#16802 = FILL_AREA_STYLE('',(#16803));
#16803 = FILL_AREA_STYLE_COLOUR('',#16411);
#16804 = OVER_RIDING_STYLED_ITEM('overriding color',(#16805),#10592,
  #15130);
#16805 = PRESENTATION_STYLE_ASSIGNMENT((#16806));
#16806 = SURFACE_STYLE_USAGE(.BOTH.,#16807);
#16807 = SURFACE_SIDE_STYLE('',(#16808));
#16808 = SURFACE_STYLE_FILL_AREA(#16809);
#16809 = FILL_AREA_STYLE('',(#16810));
#16810 = FILL_AREA_STYLE_COLOUR('',#16411);
#16811 = OVER_RIDING_STYLED_ITEM('overriding color',(#16812),#10609,
  #15130);
#16812 = PRESENTATION_STYLE_ASSIGNMENT((#16813));
#16813 = SURFACE_STYLE_USAGE(.BOTH.,#16814);
#16814 = SURFACE_SIDE_STYLE('',(#16815));
#16815 = SURFACE_STYLE_FILL_AREA(#16816);
#16816 = FILL_AREA_STYLE('',(#16817));
#16817 = FILL_AREA_STYLE_COLOUR('',#16411);
#16818 = OVER_RIDING_STYLED_ITEM('overriding color',(#16819),#10621,
  #15130);
#16819 = PRESENTATION_STYLE_ASSIGNMENT((#16820));
#16820 = SURFACE_STYLE_USAGE(.BOTH.,#16821);
#16821 = SURFACE_SIDE_STYLE('',(#16822));
#16822 = SURFACE_STYLE_FILL_AREA(#16823);
#16823 = FILL_AREA_STYLE('',(#16824));
#16824 = FILL_AREA_STYLE_COLOUR('',#16411);
#16825 = OVER_RIDING_STYLED_ITEM('overriding color',(#16826),#10652,
  #15130);
#16826 = PRESENTATION_STYLE_ASSIGNMENT((#16827));
#16827 = SURFACE_STYLE_USAGE(.BOTH.,#16828);
#16828 = SURFACE_SIDE_STYLE('',(#16829));
#16829 = SURFACE_STYLE_FILL_AREA(#16830);
#16830 = FILL_AREA_STYLE('',(#16831));
#16831 = FILL_AREA_STYLE_COLOUR('',#16411);
#16832 = OVER_RIDING_STYLED_ITEM('overriding color',(#16833),#10676,
  #15130);
#16833 = PRESENTATION_STYLE_ASSIGNMENT((#16834));
#16834 = SURFACE_STYLE_USAGE(.BOTH.,#16835);
#16835 = SURFACE_SIDE_STYLE('',(#16836));
#16836 = SURFACE_STYLE_FILL_AREA(#16837);
#16837 = FILL_AREA_STYLE('',(#16838));
#16838 = FILL_AREA_STYLE_COLOUR('',#16411);
#16839 = OVER_RIDING_STYLED_ITEM('overriding color',(#16840),#10705,
  #15130);
#16840 = PRESENTATION_STYLE_ASSIGNMENT((#16841));
#16841 = SURFACE_STYLE_USAGE(.BOTH.,#16842);
#16842 = SURFACE_SIDE_STYLE('',(#16843));
#16843 = SURFACE_STYLE_FILL_AREA(#16844);
#16844 = FILL_AREA_STYLE('',(#16845));
#16845 = FILL_AREA_STYLE_COLOUR('',#16411);
#16846 = OVER_RIDING_STYLED_ITEM('overriding color',(#16847),#10729,
  #15130);
#16847 = PRESENTATION_STYLE_ASSIGNMENT((#16848));
#16848 = SURFACE_STYLE_USAGE(.BOTH.,#16849);
#16849 = SURFACE_SIDE_STYLE('',(#16850));
#16850 = SURFACE_STYLE_FILL_AREA(#16851);
#16851 = FILL_AREA_STYLE('',(#16852));
#16852 = FILL_AREA_STYLE_COLOUR('',#16411);
#16853 = OVER_RIDING_STYLED_ITEM('overriding color',(#16854),#10758,
  #15130);
#16854 = PRESENTATION_STYLE_ASSIGNMENT((#16855));
#16855 = SURFACE_STYLE_USAGE(.BOTH.,#16856);
#16856 = SURFACE_SIDE_STYLE('',(#16857));
#16857 = SURFACE_STYLE_FILL_AREA(#16858);
#16858 = FILL_AREA_STYLE('',(#16859));
#16859 = FILL_AREA_STYLE_COLOUR('',#16411);
#16860 = OVER_RIDING_STYLED_ITEM('overriding color',(#16861),#10789,
  #15130);
#16861 = PRESENTATION_STYLE_ASSIGNMENT((#16862));
#16862 = SURFACE_STYLE_USAGE(.BOTH.,#16863);
#16863 = SURFACE_SIDE_STYLE('',(#16864));
#16864 = SURFACE_STYLE_FILL_AREA(#16865);
#16865 = FILL_AREA_STYLE('',(#16866));
#16866 = FILL_AREA_STYLE_COLOUR('',#16411);
#16867 = OVER_RIDING_STYLED_ITEM('overriding color',(#16868),#10820,
  #15130);
#16868 = PRESENTATION_STYLE_ASSIGNMENT((#16869));
#16869 = SURFACE_STYLE_USAGE(.BOTH.,#16870);
#16870 = SURFACE_SIDE_STYLE('',(#16871));
#16871 = SURFACE_STYLE_FILL_AREA(#16872);
#16872 = FILL_AREA_STYLE('',(#16873));
#16873 = FILL_AREA_STYLE_COLOUR('',#16411);
#16874 = OVER_RIDING_STYLED_ITEM('overriding color',(#16875),#10844,
  #15130);
#16875 = PRESENTATION_STYLE_ASSIGNMENT((#16876));
#16876 = SURFACE_STYLE_USAGE(.BOTH.,#16877);
#16877 = SURFACE_SIDE_STYLE('',(#16878));
#16878 = SURFACE_STYLE_FILL_AREA(#16879);
#16879 = FILL_AREA_STYLE('',(#16880));
#16880 = FILL_AREA_STYLE_COLOUR('',#16411);
#16881 = OVER_RIDING_STYLED_ITEM('overriding color',(#16882),#10868,
  #15130);
#16882 = PRESENTATION_STYLE_ASSIGNMENT((#16883));
#16883 = SURFACE_STYLE_USAGE(.BOTH.,#16884);
#16884 = SURFACE_SIDE_STYLE('',(#16885));
#16885 = SURFACE_STYLE_FILL_AREA(#16886);
#16886 = FILL_AREA_STYLE('',(#16887));
#16887 = FILL_AREA_STYLE_COLOUR('',#16411);
#16888 = OVER_RIDING_STYLED_ITEM('overriding color',(#16889),#10892,
  #15130);
#16889 = PRESENTATION_STYLE_ASSIGNMENT((#16890));
#16890 = SURFACE_STYLE_USAGE(.BOTH.,#16891);
#16891 = SURFACE_SIDE_STYLE('',(#16892));
#16892 = SURFACE_STYLE_FILL_AREA(#16893);
#16893 = FILL_AREA_STYLE('',(#16894));
#16894 = FILL_AREA_STYLE_COLOUR('',#16411);
#16895 = OVER_RIDING_STYLED_ITEM('overriding color',(#16896),#10916,
  #15130);
#16896 = PRESENTATION_STYLE_ASSIGNMENT((#16897));
#16897 = SURFACE_STYLE_USAGE(.BOTH.,#16898);
#16898 = SURFACE_SIDE_STYLE('',(#16899));
#16899 = SURFACE_STYLE_FILL_AREA(#16900);
#16900 = FILL_AREA_STYLE('',(#16901));
#16901 = FILL_AREA_STYLE_COLOUR('',#16411);
#16902 = OVER_RIDING_STYLED_ITEM('overriding color',(#16903),#10940,
  #15130);
#16903 = PRESENTATION_STYLE_ASSIGNMENT((#16904));
#16904 = SURFACE_STYLE_USAGE(.BOTH.,#16905);
#16905 = SURFACE_SIDE_STYLE('',(#16906));
#16906 = SURFACE_STYLE_FILL_AREA(#16907);
#16907 = FILL_AREA_STYLE('',(#16908));
#16908 = FILL_AREA_STYLE_COLOUR('',#16411);
#16909 = OVER_RIDING_STYLED_ITEM('overriding color',(#16910),#10964,
  #15130);
#16910 = PRESENTATION_STYLE_ASSIGNMENT((#16911));
#16911 = SURFACE_STYLE_USAGE(.BOTH.,#16912);
#16912 = SURFACE_SIDE_STYLE('',(#16913));
#16913 = SURFACE_STYLE_FILL_AREA(#16914);
#16914 = FILL_AREA_STYLE('',(#16915));
#16915 = FILL_AREA_STYLE_COLOUR('',#16411);
#16916 = OVER_RIDING_STYLED_ITEM('overriding color',(#16917),#10988,
  #15130);
#16917 = PRESENTATION_STYLE_ASSIGNMENT((#16918));
#16918 = SURFACE_STYLE_USAGE(.BOTH.,#16919);
#16919 = SURFACE_SIDE_STYLE('',(#16920));
#16920 = SURFACE_STYLE_FILL_AREA(#16921);
#16921 = FILL_AREA_STYLE('',(#16922));
#16922 = FILL_AREA_STYLE_COLOUR('',#16411);
#16923 = OVER_RIDING_STYLED_ITEM('overriding color',(#16924),#11012,
  #15130);
#16924 = PRESENTATION_STYLE_ASSIGNMENT((#16925));
#16925 = SURFACE_STYLE_USAGE(.BOTH.,#16926);
#16926 = SURFACE_SIDE_STYLE('',(#16927));
#16927 = SURFACE_STYLE_FILL_AREA(#16928);
#16928 = FILL_AREA_STYLE('',(#16929));
#16929 = FILL_AREA_STYLE_COLOUR('',#16411);
#16930 = OVER_RIDING_STYLED_ITEM('overriding color',(#16931),#11036,
  #15130);
#16931 = PRESENTATION_STYLE_ASSIGNMENT((#16932));
#16932 = SURFACE_STYLE_USAGE(.BOTH.,#16933);
#16933 = SURFACE_SIDE_STYLE('',(#16934));
#16934 = SURFACE_STYLE_FILL_AREA(#16935);
#16935 = FILL_AREA_STYLE('',(#16936));
#16936 = FILL_AREA_STYLE_COLOUR('',#16411);
#16937 = OVER_RIDING_STYLED_ITEM('overriding color',(#16938),#11060,
  #15130);
#16938 = PRESENTATION_STYLE_ASSIGNMENT((#16939));
#16939 = SURFACE_STYLE_USAGE(.BOTH.,#16940);
#16940 = SURFACE_SIDE_STYLE('',(#16941));
#16941 = SURFACE_STYLE_FILL_AREA(#16942);
#16942 = FILL_AREA_STYLE('',(#16943));
#16943 = FILL_AREA_STYLE_COLOUR('',#16411);
#16944 = OVER_RIDING_STYLED_ITEM('overriding color',(#16945),#11077,
  #15130);
#16945 = PRESENTATION_STYLE_ASSIGNMENT((#16946));
#16946 = SURFACE_STYLE_USAGE(.BOTH.,#16947);
#16947 = SURFACE_SIDE_STYLE('',(#16948));
#16948 = SURFACE_STYLE_FILL_AREA(#16949);
#16949 = FILL_AREA_STYLE('',(#16950));
#16950 = FILL_AREA_STYLE_COLOUR('',#16411);
#16951 = OVER_RIDING_STYLED_ITEM('overriding color',(#16952),#11097,
  #15130);
#16952 = PRESENTATION_STYLE_ASSIGNMENT((#16953));
#16953 = SURFACE_STYLE_USAGE(.BOTH.,#16954);
#16954 = SURFACE_SIDE_STYLE('',(#16955));
#16955 = SURFACE_STYLE_FILL_AREA(#16956);
#16956 = FILL_AREA_STYLE('',(#16957));
#16957 = FILL_AREA_STYLE_COLOUR('',#16411);
#16958 = OVER_RIDING_STYLED_ITEM('overriding color',(#16959),#11297,
  #15130);
#16959 = PRESENTATION_STYLE_ASSIGNMENT((#16960));
#16960 = SURFACE_STYLE_USAGE(.BOTH.,#16961);
#16961 = SURFACE_SIDE_STYLE('',(#16962));
#16962 = SURFACE_STYLE_FILL_AREA(#16963);
#16963 = FILL_AREA_STYLE('',(#16964));
#16964 = FILL_AREA_STYLE_COLOUR('',#16411);
#16965 = OVER_RIDING_STYLED_ITEM('overriding color',(#16966),#11323,
  #15130);
#16966 = PRESENTATION_STYLE_ASSIGNMENT((#16967));
#16967 = SURFACE_STYLE_USAGE(.BOTH.,#16968);
#16968 = SURFACE_SIDE_STYLE('',(#16969));
#16969 = SURFACE_STYLE_FILL_AREA(#16970);
#16970 = FILL_AREA_STYLE('',(#16971));
#16971 = FILL_AREA_STYLE_COLOUR('',#16411);
#16972 = OVER_RIDING_STYLED_ITEM('overriding color',(#16973),#11340,
  #15130);
#16973 = PRESENTATION_STYLE_ASSIGNMENT((#16974));
#16974 = SURFACE_STYLE_USAGE(.BOTH.,#16975);
#16975 = SURFACE_SIDE_STYLE('',(#16976));
#16976 = SURFACE_STYLE_FILL_AREA(#16977);
#16977 = FILL_AREA_STYLE('',(#16978));
#16978 = FILL_AREA_STYLE_COLOUR('',#16411);
#16979 = OVER_RIDING_STYLED_ITEM('overriding color',(#16980),#11361,
  #15130);
#16980 = PRESENTATION_STYLE_ASSIGNMENT((#16981));
#16981 = SURFACE_STYLE_USAGE(.BOTH.,#16982);
#16982 = SURFACE_SIDE_STYLE('',(#16983));
#16983 = SURFACE_STYLE_FILL_AREA(#16984);
#16984 = FILL_AREA_STYLE('',(#16985));
#16985 = FILL_AREA_STYLE_COLOUR('',#16411);
#16986 = OVER_RIDING_STYLED_ITEM('overriding color',(#16987),#11382,
  #15130);
#16987 = PRESENTATION_STYLE_ASSIGNMENT((#16988));
#16988 = SURFACE_STYLE_USAGE(.BOTH.,#16989);
#16989 = SURFACE_SIDE_STYLE('',(#16990));
#16990 = SURFACE_STYLE_FILL_AREA(#16991);
#16991 = FILL_AREA_STYLE('',(#16992));
#16992 = FILL_AREA_STYLE_COLOUR('',#16411);
#16993 = OVER_RIDING_STYLED_ITEM('overriding color',(#16994),#11399,
  #15130);
#16994 = PRESENTATION_STYLE_ASSIGNMENT((#16995));
#16995 = SURFACE_STYLE_USAGE(.BOTH.,#16996);
#16996 = SURFACE_SIDE_STYLE('',(#16997));
#16997 = SURFACE_STYLE_FILL_AREA(#16998);
#16998 = FILL_AREA_STYLE('',(#16999));
#16999 = FILL_AREA_STYLE_COLOUR('',#16411);
#17000 = OVER_RIDING_STYLED_ITEM('overriding color',(#17001),#11420,
  #15130);
#17001 = PRESENTATION_STYLE_ASSIGNMENT((#17002));
#17002 = SURFACE_STYLE_USAGE(.BOTH.,#17003);
#17003 = SURFACE_SIDE_STYLE('',(#17004));
#17004 = SURFACE_STYLE_FILL_AREA(#17005);
#17005 = FILL_AREA_STYLE('',(#17006));
#17006 = FILL_AREA_STYLE_COLOUR('',#16411);
#17007 = OVER_RIDING_STYLED_ITEM('overriding color',(#17008),#11441,
  #15130);
#17008 = PRESENTATION_STYLE_ASSIGNMENT((#17009));
#17009 = SURFACE_STYLE_USAGE(.BOTH.,#17010);
#17010 = SURFACE_SIDE_STYLE('',(#17011));
#17011 = SURFACE_STYLE_FILL_AREA(#17012);
#17012 = FILL_AREA_STYLE('',(#17013));
#17013 = FILL_AREA_STYLE_COLOUR('',#16411);
#17014 = OVER_RIDING_STYLED_ITEM('overriding color',(#17015),#11462,
  #15130);
#17015 = PRESENTATION_STYLE_ASSIGNMENT((#17016));
#17016 = SURFACE_STYLE_USAGE(.BOTH.,#17017);
#17017 = SURFACE_SIDE_STYLE('',(#17018));
#17018 = SURFACE_STYLE_FILL_AREA(#17019);
#17019 = FILL_AREA_STYLE('',(#17020));
#17020 = FILL_AREA_STYLE_COLOUR('',#16411);
#17021 = OVER_RIDING_STYLED_ITEM('overriding color',(#17022),#11483,
  #15130);
#17022 = PRESENTATION_STYLE_ASSIGNMENT((#17023));
#17023 = SURFACE_STYLE_USAGE(.BOTH.,#17024);
#17024 = SURFACE_SIDE_STYLE('',(#17025));
#17025 = SURFACE_STYLE_FILL_AREA(#17026);
#17026 = FILL_AREA_STYLE('',(#17027));
#17027 = FILL_AREA_STYLE_COLOUR('',#16411);
#17028 = OVER_RIDING_STYLED_ITEM('overriding color',(#17029),#11500,
  #15130);
#17029 = PRESENTATION_STYLE_ASSIGNMENT((#17030));
#17030 = SURFACE_STYLE_USAGE(.BOTH.,#17031);
#17031 = SURFACE_SIDE_STYLE('',(#17032));
#17032 = SURFACE_STYLE_FILL_AREA(#17033);
#17033 = FILL_AREA_STYLE('',(#17034));
#17034 = FILL_AREA_STYLE_COLOUR('',#16411);
#17035 = OVER_RIDING_STYLED_ITEM('overriding color',(#17036),#11517,
  #15130);
#17036 = PRESENTATION_STYLE_ASSIGNMENT((#17037));
#17037 = SURFACE_STYLE_USAGE(.BOTH.,#17038);
#17038 = SURFACE_SIDE_STYLE('',(#17039));
#17039 = SURFACE_STYLE_FILL_AREA(#17040);
#17040 = FILL_AREA_STYLE('',(#17041));
#17041 = FILL_AREA_STYLE_COLOUR('',#16411);
#17042 = OVER_RIDING_STYLED_ITEM('overriding color',(#17043),#11534,
  #15130);
#17043 = PRESENTATION_STYLE_ASSIGNMENT((#17044));
#17044 = SURFACE_STYLE_USAGE(.BOTH.,#17045);
#17045 = SURFACE_SIDE_STYLE('',(#17046));
#17046 = SURFACE_STYLE_FILL_AREA(#17047);
#17047 = FILL_AREA_STYLE('',(#17048));
#17048 = FILL_AREA_STYLE_COLOUR('',#16411);
#17049 = OVER_RIDING_STYLED_ITEM('overriding color',(#17050),#11551,
  #15130);
#17050 = PRESENTATION_STYLE_ASSIGNMENT((#17051));
#17051 = SURFACE_STYLE_USAGE(.BOTH.,#17052);
#17052 = SURFACE_SIDE_STYLE('',(#17053));
#17053 = SURFACE_STYLE_FILL_AREA(#17054);
#17054 = FILL_AREA_STYLE('',(#17055));
#17055 = FILL_AREA_STYLE_COLOUR('',#16411);
#17056 = OVER_RIDING_STYLED_ITEM('overriding color',(#17057),#11567,
  #15130);
#17057 = PRESENTATION_STYLE_ASSIGNMENT((#17058));
#17058 = SURFACE_STYLE_USAGE(.BOTH.,#17059);
#17059 = SURFACE_SIDE_STYLE('',(#17060));
#17060 = SURFACE_STYLE_FILL_AREA(#17061);
#17061 = FILL_AREA_STYLE('',(#17062));
#17062 = FILL_AREA_STYLE_COLOUR('',#16411);
#17063 = OVER_RIDING_STYLED_ITEM('overriding color',(#17064),#11603,
  #15130);
#17064 = PRESENTATION_STYLE_ASSIGNMENT((#17065));
#17065 = SURFACE_STYLE_USAGE(.BOTH.,#17066);
#17066 = SURFACE_SIDE_STYLE('',(#17067));
#17067 = SURFACE_STYLE_FILL_AREA(#17068);
#17068 = FILL_AREA_STYLE('',(#17069));
#17069 = FILL_AREA_STYLE_COLOUR('',#16411);
#17070 = OVER_RIDING_STYLED_ITEM('overriding color',(#17071),#11632,
  #15130);
#17071 = PRESENTATION_STYLE_ASSIGNMENT((#17072));
#17072 = SURFACE_STYLE_USAGE(.BOTH.,#17073);
#17073 = SURFACE_SIDE_STYLE('',(#17074));
#17074 = SURFACE_STYLE_FILL_AREA(#17075);
#17075 = FILL_AREA_STYLE('',(#17076));
#17076 = FILL_AREA_STYLE_COLOUR('',#16411);
#17077 = OVER_RIDING_STYLED_ITEM('overriding color',(#17078),#11661,
  #15130);
#17078 = PRESENTATION_STYLE_ASSIGNMENT((#17079));
#17079 = SURFACE_STYLE_USAGE(.BOTH.,#17080);
#17080 = SURFACE_SIDE_STYLE('',(#17081));
#17081 = SURFACE_STYLE_FILL_AREA(#17082);
#17082 = FILL_AREA_STYLE('',(#17083));
#17083 = FILL_AREA_STYLE_COLOUR('',#16411);
#17084 = OVER_RIDING_STYLED_ITEM('overriding color',(#17085),#11690,
  #15130);
#17085 = PRESENTATION_STYLE_ASSIGNMENT((#17086));
#17086 = SURFACE_STYLE_USAGE(.BOTH.,#17087);
#17087 = SURFACE_SIDE_STYLE('',(#17088));
#17088 = SURFACE_STYLE_FILL_AREA(#17089);
#17089 = FILL_AREA_STYLE('',(#17090));
#17090 = FILL_AREA_STYLE_COLOUR('',#16411);
#17091 = OVER_RIDING_STYLED_ITEM('overriding color',(#17092),#11719,
  #15130);
#17092 = PRESENTATION_STYLE_ASSIGNMENT((#17093));
#17093 = SURFACE_STYLE_USAGE(.BOTH.,#17094);
#17094 = SURFACE_SIDE_STYLE('',(#17095));
#17095 = SURFACE_STYLE_FILL_AREA(#17096);
#17096 = FILL_AREA_STYLE('',(#17097));
#17097 = FILL_AREA_STYLE_COLOUR('',#16411);
#17098 = OVER_RIDING_STYLED_ITEM('overriding color',(#17099),#11748,
  #15130);
#17099 = PRESENTATION_STYLE_ASSIGNMENT((#17100));
#17100 = SURFACE_STYLE_USAGE(.BOTH.,#17101);
#17101 = SURFACE_SIDE_STYLE('',(#17102));
#17102 = SURFACE_STYLE_FILL_AREA(#17103);
#17103 = FILL_AREA_STYLE('',(#17104));
#17104 = FILL_AREA_STYLE_COLOUR('',#16411);
#17105 = OVER_RIDING_STYLED_ITEM('overriding color',(#17106),#11772,
  #15130);
#17106 = PRESENTATION_STYLE_ASSIGNMENT((#17107));
#17107 = SURFACE_STYLE_USAGE(.BOTH.,#17108);
#17108 = SURFACE_SIDE_STYLE('',(#17109));
#17109 = SURFACE_STYLE_FILL_AREA(#17110);
#17110 = FILL_AREA_STYLE('',(#17111));
#17111 = FILL_AREA_STYLE_COLOUR('',#16411);
#17112 = OVER_RIDING_STYLED_ITEM('overriding color',(#17113),#11805,
  #15130);
#17113 = PRESENTATION_STYLE_ASSIGNMENT((#17114));
#17114 = SURFACE_STYLE_USAGE(.BOTH.,#17115);
#17115 = SURFACE_SIDE_STYLE('',(#17116));
#17116 = SURFACE_STYLE_FILL_AREA(#17117);
#17117 = FILL_AREA_STYLE('',(#17118));
#17118 = FILL_AREA_STYLE_COLOUR('',#16411);
#17119 = OVER_RIDING_STYLED_ITEM('overriding color',(#17120),#11841,
  #15130);
#17120 = PRESENTATION_STYLE_ASSIGNMENT((#17121));
#17121 = SURFACE_STYLE_USAGE(.BOTH.,#17122);
#17122 = SURFACE_SIDE_STYLE('',(#17123));
#17123 = SURFACE_STYLE_FILL_AREA(#17124);
#17124 = FILL_AREA_STYLE('',(#17125));
#17125 = FILL_AREA_STYLE_COLOUR('',#16411);
#17126 = OVER_RIDING_STYLED_ITEM('overriding color',(#17127),#11865,
  #15130);
#17127 = PRESENTATION_STYLE_ASSIGNMENT((#17128));
#17128 = SURFACE_STYLE_USAGE(.BOTH.,#17129);
#17129 = SURFACE_SIDE_STYLE('',(#17130));
#17130 = SURFACE_STYLE_FILL_AREA(#17131);
#17131 = FILL_AREA_STYLE('',(#17132));
#17132 = FILL_AREA_STYLE_COLOUR('',#16411);
#17133 = OVER_RIDING_STYLED_ITEM('overriding color',(#17134),#11894,
  #15130);
#17134 = PRESENTATION_STYLE_ASSIGNMENT((#17135));
#17135 = SURFACE_STYLE_USAGE(.BOTH.,#17136);
#17136 = SURFACE_SIDE_STYLE('',(#17137));
#17137 = SURFACE_STYLE_FILL_AREA(#17138);
#17138 = FILL_AREA_STYLE('',(#17139));
#17139 = FILL_AREA_STYLE_COLOUR('',#16411);
#17140 = OVER_RIDING_STYLED_ITEM('overriding color',(#17141),#11923,
  #15130);
#17141 = PRESENTATION_STYLE_ASSIGNMENT((#17142));
#17142 = SURFACE_STYLE_USAGE(.BOTH.,#17143);
#17143 = SURFACE_SIDE_STYLE('',(#17144));
#17144 = SURFACE_STYLE_FILL_AREA(#17145);
#17145 = FILL_AREA_STYLE('',(#17146));
#17146 = FILL_AREA_STYLE_COLOUR('',#16411);
#17147 = OVER_RIDING_STYLED_ITEM('overriding color',(#17148),#11952,
  #15130);
#17148 = PRESENTATION_STYLE_ASSIGNMENT((#17149));
#17149 = SURFACE_STYLE_USAGE(.BOTH.,#17150);
#17150 = SURFACE_SIDE_STYLE('',(#17151));
#17151 = SURFACE_STYLE_FILL_AREA(#17152);
#17152 = FILL_AREA_STYLE('',(#17153));
#17153 = FILL_AREA_STYLE_COLOUR('',#16411);
#17154 = OVER_RIDING_STYLED_ITEM('overriding color',(#17155),#11981,
  #15130);
#17155 = PRESENTATION_STYLE_ASSIGNMENT((#17156));
#17156 = SURFACE_STYLE_USAGE(.BOTH.,#17157);
#17157 = SURFACE_SIDE_STYLE('',(#17158));
#17158 = SURFACE_STYLE_FILL_AREA(#17159);
#17159 = FILL_AREA_STYLE('',(#17160));
#17160 = FILL_AREA_STYLE_COLOUR('',#16411);
#17161 = OVER_RIDING_STYLED_ITEM('overriding color',(#17162),#12010,
  #15130);
#17162 = PRESENTATION_STYLE_ASSIGNMENT((#17163));
#17163 = SURFACE_STYLE_USAGE(.BOTH.,#17164);
#17164 = SURFACE_SIDE_STYLE('',(#17165));
#17165 = SURFACE_STYLE_FILL_AREA(#17166);
#17166 = FILL_AREA_STYLE('',(#17167));
#17167 = FILL_AREA_STYLE_COLOUR('',#16411);
#17168 = OVER_RIDING_STYLED_ITEM('overriding color',(#17169),#12039,
  #15130);
#17169 = PRESENTATION_STYLE_ASSIGNMENT((#17170));
#17170 = SURFACE_STYLE_USAGE(.BOTH.,#17171);
#17171 = SURFACE_SIDE_STYLE('',(#17172));
#17172 = SURFACE_STYLE_FILL_AREA(#17173);
#17173 = FILL_AREA_STYLE('',(#17174));
#17174 = FILL_AREA_STYLE_COLOUR('',#16411);
#17175 = OVER_RIDING_STYLED_ITEM('overriding color',(#17176),#12068,
  #15130);
#17176 = PRESENTATION_STYLE_ASSIGNMENT((#17177));
#17177 = SURFACE_STYLE_USAGE(.BOTH.,#17178);
#17178 = SURFACE_SIDE_STYLE('',(#17179));
#17179 = SURFACE_STYLE_FILL_AREA(#17180);
#17180 = FILL_AREA_STYLE('',(#17181));
#17181 = FILL_AREA_STYLE_COLOUR('',#16411);
#17182 = OVER_RIDING_STYLED_ITEM('overriding color',(#17183),#12097,
  #15130);
#17183 = PRESENTATION_STYLE_ASSIGNMENT((#17184));
#17184 = SURFACE_STYLE_USAGE(.BOTH.,#17185);
#17185 = SURFACE_SIDE_STYLE('',(#17186));
#17186 = SURFACE_STYLE_FILL_AREA(#17187);
#17187 = FILL_AREA_STYLE('',(#17188));
#17188 = FILL_AREA_STYLE_COLOUR('',#16411);
#17189 = OVER_RIDING_STYLED_ITEM('overriding color',(#17190),#12126,
  #15130);
#17190 = PRESENTATION_STYLE_ASSIGNMENT((#17191));
#17191 = SURFACE_STYLE_USAGE(.BOTH.,#17192);
#17192 = SURFACE_SIDE_STYLE('',(#17193));
#17193 = SURFACE_STYLE_FILL_AREA(#17194);
#17194 = FILL_AREA_STYLE('',(#17195));
#17195 = FILL_AREA_STYLE_COLOUR('',#16411);
#17196 = OVER_RIDING_STYLED_ITEM('overriding color',(#17197),#12155,
  #15130);
#17197 = PRESENTATION_STYLE_ASSIGNMENT((#17198));
#17198 = SURFACE_STYLE_USAGE(.BOTH.,#17199);
#17199 = SURFACE_SIDE_STYLE('',(#17200));
#17200 = SURFACE_STYLE_FILL_AREA(#17201);
#17201 = FILL_AREA_STYLE('',(#17202));
#17202 = FILL_AREA_STYLE_COLOUR('',#16411);
#17203 = OVER_RIDING_STYLED_ITEM('overriding color',(#17204),#12179,
  #15130);
#17204 = PRESENTATION_STYLE_ASSIGNMENT((#17205));
#17205 = SURFACE_STYLE_USAGE(.BOTH.,#17206);
#17206 = SURFACE_SIDE_STYLE('',(#17207));
#17207 = SURFACE_STYLE_FILL_AREA(#17208);
#17208 = FILL_AREA_STYLE('',(#17209));
#17209 = FILL_AREA_STYLE_COLOUR('',#16411);
#17210 = OVER_RIDING_STYLED_ITEM('overriding color',(#17211),#12208,
  #15130);
#17211 = PRESENTATION_STYLE_ASSIGNMENT((#17212));
#17212 = SURFACE_STYLE_USAGE(.BOTH.,#17213);
#17213 = SURFACE_SIDE_STYLE('',(#17214));
#17214 = SURFACE_STYLE_FILL_AREA(#17215);
#17215 = FILL_AREA_STYLE('',(#17216));
#17216 = FILL_AREA_STYLE_COLOUR('',#16411);
#17217 = OVER_RIDING_STYLED_ITEM('overriding color',(#17218),#12237,
  #15130);
#17218 = PRESENTATION_STYLE_ASSIGNMENT((#17219));
#17219 = SURFACE_STYLE_USAGE(.BOTH.,#17220);
#17220 = SURFACE_SIDE_STYLE('',(#17221));
#17221 = SURFACE_STYLE_FILL_AREA(#17222);
#17222 = FILL_AREA_STYLE('',(#17223));
#17223 = FILL_AREA_STYLE_COLOUR('',#16411);
#17224 = OVER_RIDING_STYLED_ITEM('overriding color',(#17225),#12266,
  #15130);
#17225 = PRESENTATION_STYLE_ASSIGNMENT((#17226));
#17226 = SURFACE_STYLE_USAGE(.BOTH.,#17227);
#17227 = SURFACE_SIDE_STYLE('',(#17228));
#17228 = SURFACE_STYLE_FILL_AREA(#17229);
#17229 = FILL_AREA_STYLE('',(#17230));
#17230 = FILL_AREA_STYLE_COLOUR('',#16411);
#17231 = OVER_RIDING_STYLED_ITEM('overriding color',(#17232),#12295,
  #15130);
#17232 = PRESENTATION_STYLE_ASSIGNMENT((#17233));
#17233 = SURFACE_STYLE_USAGE(.BOTH.,#17234);
#17234 = SURFACE_SIDE_STYLE('',(#17235));
#17235 = SURFACE_STYLE_FILL_AREA(#17236);
#17236 = FILL_AREA_STYLE('',(#17237));
#17237 = FILL_AREA_STYLE_COLOUR('',#16411);
#17238 = OVER_RIDING_STYLED_ITEM('overriding color',(#17239),#12324,
  #15130);
#17239 = PRESENTATION_STYLE_ASSIGNMENT((#17240));
#17240 = SURFACE_STYLE_USAGE(.BOTH.,#17241);
#17241 = SURFACE_SIDE_STYLE('',(#17242));
#17242 = SURFACE_STYLE_FILL_AREA(#17243);
#17243 = FILL_AREA_STYLE('',(#17244));
#17244 = FILL_AREA_STYLE_COLOUR('',#16411);
#17245 = OVER_RIDING_STYLED_ITEM('overriding color',(#17246),#12353,
  #15130);
#17246 = PRESENTATION_STYLE_ASSIGNMENT((#17247));
#17247 = SURFACE_STYLE_USAGE(.BOTH.,#17248);
#17248 = SURFACE_SIDE_STYLE('',(#17249));
#17249 = SURFACE_STYLE_FILL_AREA(#17250);
#17250 = FILL_AREA_STYLE('',(#17251));
#17251 = FILL_AREA_STYLE_COLOUR('',#16411);
#17252 = OVER_RIDING_STYLED_ITEM('overriding color',(#17253),#12382,
  #15130);
#17253 = PRESENTATION_STYLE_ASSIGNMENT((#17254));
#17254 = SURFACE_STYLE_USAGE(.BOTH.,#17255);
#17255 = SURFACE_SIDE_STYLE('',(#17256));
#17256 = SURFACE_STYLE_FILL_AREA(#17257);
#17257 = FILL_AREA_STYLE('',(#17258));
#17258 = FILL_AREA_STYLE_COLOUR('',#16411);
#17259 = OVER_RIDING_STYLED_ITEM('overriding color',(#17260),#12404,
  #15130);
#17260 = PRESENTATION_STYLE_ASSIGNMENT((#17261));
#17261 = SURFACE_STYLE_USAGE(.BOTH.,#17262);
#17262 = SURFACE_SIDE_STYLE('',(#17263));
#17263 = SURFACE_STYLE_FILL_AREA(#17264);
#17264 = FILL_AREA_STYLE('',(#17265));
#17265 = FILL_AREA_STYLE_COLOUR('',#16411);
#17266 = OVER_RIDING_STYLED_ITEM('overriding color',(#17267),#12433,
  #15130);
#17267 = PRESENTATION_STYLE_ASSIGNMENT((#17268));
#17268 = SURFACE_STYLE_USAGE(.BOTH.,#17269);
#17269 = SURFACE_SIDE_STYLE('',(#17270));
#17270 = SURFACE_STYLE_FILL_AREA(#17271);
#17271 = FILL_AREA_STYLE('',(#17272));
#17272 = FILL_AREA_STYLE_COLOUR('',#16411);
#17273 = OVER_RIDING_STYLED_ITEM('overriding color',(#17274),#12464,
  #15130);
#17274 = PRESENTATION_STYLE_ASSIGNMENT((#17275));
#17275 = SURFACE_STYLE_USAGE(.BOTH.,#17276);
#17276 = SURFACE_SIDE_STYLE('',(#17277));
#17277 = SURFACE_STYLE_FILL_AREA(#17278);
#17278 = FILL_AREA_STYLE('',(#17279));
#17279 = FILL_AREA_STYLE_COLOUR('',#16411);
#17280 = OVER_RIDING_STYLED_ITEM('overriding color',(#17281),#12488,
  #15130);
#17281 = PRESENTATION_STYLE_ASSIGNMENT((#17282));
#17282 = SURFACE_STYLE_USAGE(.BOTH.,#17283);
#17283 = SURFACE_SIDE_STYLE('',(#17284));
#17284 = SURFACE_STYLE_FILL_AREA(#17285);
#17285 = FILL_AREA_STYLE('',(#17286));
#17286 = FILL_AREA_STYLE_COLOUR('',#16411);
#17287 = OVER_RIDING_STYLED_ITEM('overriding color',(#17288),#12517,
  #15130);
#17288 = PRESENTATION_STYLE_ASSIGNMENT((#17289));
#17289 = SURFACE_STYLE_USAGE(.BOTH.,#17290);
#17290 = SURFACE_SIDE_STYLE('',(#17291));
#17291 = SURFACE_STYLE_FILL_AREA(#17292);
#17292 = FILL_AREA_STYLE('',(#17293));
#17293 = FILL_AREA_STYLE_COLOUR('',#16411);
#17294 = OVER_RIDING_STYLED_ITEM('overriding color',(#17295),#12541,
  #15130);
#17295 = PRESENTATION_STYLE_ASSIGNMENT((#17296));
#17296 = SURFACE_STYLE_USAGE(.BOTH.,#17297);
#17297 = SURFACE_SIDE_STYLE('',(#17298));
#17298 = SURFACE_STYLE_FILL_AREA(#17299);
#17299 = FILL_AREA_STYLE('',(#17300));
#17300 = FILL_AREA_STYLE_COLOUR('',#16411);
#17301 = OVER_RIDING_STYLED_ITEM('overriding color',(#17302),#12565,
  #15130);
#17302 = PRESENTATION_STYLE_ASSIGNMENT((#17303));
#17303 = SURFACE_STYLE_USAGE(.BOTH.,#17304);
#17304 = SURFACE_SIDE_STYLE('',(#17305));
#17305 = SURFACE_STYLE_FILL_AREA(#17306);
#17306 = FILL_AREA_STYLE('',(#17307));
#17307 = FILL_AREA_STYLE_COLOUR('',#16411);
#17308 = OVER_RIDING_STYLED_ITEM('overriding color',(#17309),#12589,
  #15130);
#17309 = PRESENTATION_STYLE_ASSIGNMENT((#17310));
#17310 = SURFACE_STYLE_USAGE(.BOTH.,#17311);
#17311 = SURFACE_SIDE_STYLE('',(#17312));
#17312 = SURFACE_STYLE_FILL_AREA(#17313);
#17313 = FILL_AREA_STYLE('',(#17314));
#17314 = FILL_AREA_STYLE_COLOUR('',#16411);
#17315 = OVER_RIDING_STYLED_ITEM('overriding color',(#17316),#12613,
  #15130);
#17316 = PRESENTATION_STYLE_ASSIGNMENT((#17317));
#17317 = SURFACE_STYLE_USAGE(.BOTH.,#17318);
#17318 = SURFACE_SIDE_STYLE('',(#17319));
#17319 = SURFACE_STYLE_FILL_AREA(#17320);
#17320 = FILL_AREA_STYLE('',(#17321));
#17321 = FILL_AREA_STYLE_COLOUR('',#16411);
#17322 = OVER_RIDING_STYLED_ITEM('overriding color',(#17323),#12637,
  #15130);
#17323 = PRESENTATION_STYLE_ASSIGNMENT((#17324));
#17324 = SURFACE_STYLE_USAGE(.BOTH.,#17325);
#17325 = SURFACE_SIDE_STYLE('',(#17326));
#17326 = SURFACE_STYLE_FILL_AREA(#17327);
#17327 = FILL_AREA_STYLE('',(#17328));
#17328 = FILL_AREA_STYLE_COLOUR('',#16411);
#17329 = OVER_RIDING_STYLED_ITEM('overriding color',(#17330),#12661,
  #15130);
#17330 = PRESENTATION_STYLE_ASSIGNMENT((#17331));
#17331 = SURFACE_STYLE_USAGE(.BOTH.,#17332);
#17332 = SURFACE_SIDE_STYLE('',(#17333));
#17333 = SURFACE_STYLE_FILL_AREA(#17334);
#17334 = FILL_AREA_STYLE('',(#17335));
#17335 = FILL_AREA_STYLE_COLOUR('',#16411);
#17336 = OVER_RIDING_STYLED_ITEM('overriding color',(#17337),#12690,
  #15130);
#17337 = PRESENTATION_STYLE_ASSIGNMENT((#17338));
#17338 = SURFACE_STYLE_USAGE(.BOTH.,#17339);
#17339 = SURFACE_SIDE_STYLE('',(#17340));
#17340 = SURFACE_STYLE_FILL_AREA(#17341);
#17341 = FILL_AREA_STYLE('',(#17342));
#17342 = FILL_AREA_STYLE_COLOUR('',#16411);
#17343 = OVER_RIDING_STYLED_ITEM('overriding color',(#17344),#12719,
  #15130);
#17344 = PRESENTATION_STYLE_ASSIGNMENT((#17345));
#17345 = SURFACE_STYLE_USAGE(.BOTH.,#17346);
#17346 = SURFACE_SIDE_STYLE('',(#17347));
#17347 = SURFACE_STYLE_FILL_AREA(#17348);
#17348 = FILL_AREA_STYLE('',(#17349));
#17349 = FILL_AREA_STYLE_COLOUR('',#16411);
#17350 = OVER_RIDING_STYLED_ITEM('overriding color',(#17351),#12743,
  #15130);
#17351 = PRESENTATION_STYLE_ASSIGNMENT((#17352));
#17352 = SURFACE_STYLE_USAGE(.BOTH.,#17353);
#17353 = SURFACE_SIDE_STYLE('',(#17354));
#17354 = SURFACE_STYLE_FILL_AREA(#17355);
#17355 = FILL_AREA_STYLE('',(#17356));
#17356 = FILL_AREA_STYLE_COLOUR('',#16411);
#17357 = OVER_RIDING_STYLED_ITEM('overriding color',(#17358),#12772,
  #15130);
#17358 = PRESENTATION_STYLE_ASSIGNMENT((#17359));
#17359 = SURFACE_STYLE_USAGE(.BOTH.,#17360);
#17360 = SURFACE_SIDE_STYLE('',(#17361));
#17361 = SURFACE_STYLE_FILL_AREA(#17362);
#17362 = FILL_AREA_STYLE('',(#17363));
#17363 = FILL_AREA_STYLE_COLOUR('',#16411);
#17364 = OVER_RIDING_STYLED_ITEM('overriding color',(#17365),#12801,
  #15130);
#17365 = PRESENTATION_STYLE_ASSIGNMENT((#17366));
#17366 = SURFACE_STYLE_USAGE(.BOTH.,#17367);
#17367 = SURFACE_SIDE_STYLE('',(#17368));
#17368 = SURFACE_STYLE_FILL_AREA(#17369);
#17369 = FILL_AREA_STYLE('',(#17370));
#17370 = FILL_AREA_STYLE_COLOUR('',#16411);
#17371 = OVER_RIDING_STYLED_ITEM('overriding color',(#17372),#12818,
  #15130);
#17372 = PRESENTATION_STYLE_ASSIGNMENT((#17373));
#17373 = SURFACE_STYLE_USAGE(.BOTH.,#17374);
#17374 = SURFACE_SIDE_STYLE('',(#17375));
#17375 = SURFACE_STYLE_FILL_AREA(#17376);
#17376 = FILL_AREA_STYLE('',(#17377));
#17377 = FILL_AREA_STYLE_COLOUR('',#16411);
#17378 = OVER_RIDING_STYLED_ITEM('overriding color',(#17379),#12841,
  #15130);
#17379 = PRESENTATION_STYLE_ASSIGNMENT((#17380));
#17380 = SURFACE_STYLE_USAGE(.BOTH.,#17381);
#17381 = SURFACE_SIDE_STYLE('',(#17382));
#17382 = SURFACE_STYLE_FILL_AREA(#17383);
#17383 = FILL_AREA_STYLE('',(#17384));
#17384 = FILL_AREA_STYLE_COLOUR('',#16411);
#17385 = OVER_RIDING_STYLED_ITEM('overriding color',(#17386),#12872,
  #15130);
#17386 = PRESENTATION_STYLE_ASSIGNMENT((#17387));
#17387 = SURFACE_STYLE_USAGE(.BOTH.,#17388);
#17388 = SURFACE_SIDE_STYLE('',(#17389));
#17389 = SURFACE_STYLE_FILL_AREA(#17390);
#17390 = FILL_AREA_STYLE('',(#17391));
#17391 = FILL_AREA_STYLE_COLOUR('',#16411);
#17392 = OVER_RIDING_STYLED_ITEM('overriding color',(#17393),#12896,
  #15130);
#17393 = PRESENTATION_STYLE_ASSIGNMENT((#17394));
#17394 = SURFACE_STYLE_USAGE(.BOTH.,#17395);
#17395 = SURFACE_SIDE_STYLE('',(#17396));
#17396 = SURFACE_STYLE_FILL_AREA(#17397);
#17397 = FILL_AREA_STYLE('',(#17398));
#17398 = FILL_AREA_STYLE_COLOUR('',#16411);
#17399 = OVER_RIDING_STYLED_ITEM('overriding color',(#17400),#12920,
  #15130);
#17400 = PRESENTATION_STYLE_ASSIGNMENT((#17401));
#17401 = SURFACE_STYLE_USAGE(.BOTH.,#17402);
#17402 = SURFACE_SIDE_STYLE('',(#17403));
#17403 = SURFACE_STYLE_FILL_AREA(#17404);
#17404 = FILL_AREA_STYLE('',(#17405));
#17405 = FILL_AREA_STYLE_COLOUR('',#16411);
#17406 = OVER_RIDING_STYLED_ITEM('overriding color',(#17407),#12944,
  #15130);
#17407 = PRESENTATION_STYLE_ASSIGNMENT((#17408));
#17408 = SURFACE_STYLE_USAGE(.BOTH.,#17409);
#17409 = SURFACE_SIDE_STYLE('',(#17410));
#17410 = SURFACE_STYLE_FILL_AREA(#17411);
#17411 = FILL_AREA_STYLE('',(#17412));
#17412 = FILL_AREA_STYLE_COLOUR('',#16411);
#17413 = OVER_RIDING_STYLED_ITEM('overriding color',(#17414),#12968,
  #15130);
#17414 = PRESENTATION_STYLE_ASSIGNMENT((#17415));
#17415 = SURFACE_STYLE_USAGE(.BOTH.,#17416);
#17416 = SURFACE_SIDE_STYLE('',(#17417));
#17417 = SURFACE_STYLE_FILL_AREA(#17418);
#17418 = FILL_AREA_STYLE('',(#17419));
#17419 = FILL_AREA_STYLE_COLOUR('',#16411);
#17420 = OVER_RIDING_STYLED_ITEM('overriding color',(#17421),#12992,
  #15130);
#17421 = PRESENTATION_STYLE_ASSIGNMENT((#17422));
#17422 = SURFACE_STYLE_USAGE(.BOTH.,#17423);
#17423 = SURFACE_SIDE_STYLE('',(#17424));
#17424 = SURFACE_STYLE_FILL_AREA(#17425);
#17425 = FILL_AREA_STYLE('',(#17426));
#17426 = FILL_AREA_STYLE_COLOUR('',#16411);
#17427 = OVER_RIDING_STYLED_ITEM('overriding color',(#17428),#13016,
  #15130);
#17428 = PRESENTATION_STYLE_ASSIGNMENT((#17429));
#17429 = SURFACE_STYLE_USAGE(.BOTH.,#17430);
#17430 = SURFACE_SIDE_STYLE('',(#17431));
#17431 = SURFACE_STYLE_FILL_AREA(#17432);
#17432 = FILL_AREA_STYLE('',(#17433));
#17433 = FILL_AREA_STYLE_COLOUR('',#16411);
#17434 = OVER_RIDING_STYLED_ITEM('overriding color',(#17435),#13040,
  #15130);
#17435 = PRESENTATION_STYLE_ASSIGNMENT((#17436));
#17436 = SURFACE_STYLE_USAGE(.BOTH.,#17437);
#17437 = SURFACE_SIDE_STYLE('',(#17438));
#17438 = SURFACE_STYLE_FILL_AREA(#17439);
#17439 = FILL_AREA_STYLE('',(#17440));
#17440 = FILL_AREA_STYLE_COLOUR('',#16411);
#17441 = OVER_RIDING_STYLED_ITEM('overriding color',(#17442),#13064,
  #15130);
#17442 = PRESENTATION_STYLE_ASSIGNMENT((#17443));
#17443 = SURFACE_STYLE_USAGE(.BOTH.,#17444);
#17444 = SURFACE_SIDE_STYLE('',(#17445));
#17445 = SURFACE_STYLE_FILL_AREA(#17446);
#17446 = FILL_AREA_STYLE('',(#17447));
#17447 = FILL_AREA_STYLE_COLOUR('',#16411);
#17448 = OVER_RIDING_STYLED_ITEM('overriding color',(#17449),#13088,
  #15130);
#17449 = PRESENTATION_STYLE_ASSIGNMENT((#17450));
#17450 = SURFACE_STYLE_USAGE(.BOTH.,#17451);
#17451 = SURFACE_SIDE_STYLE('',(#17452));
#17452 = SURFACE_STYLE_FILL_AREA(#17453);
#17453 = FILL_AREA_STYLE('',(#17454));
#17454 = FILL_AREA_STYLE_COLOUR('',#16411);
#17455 = OVER_RIDING_STYLED_ITEM('overriding color',(#17456),#13112,
  #15130);
#17456 = PRESENTATION_STYLE_ASSIGNMENT((#17457));
#17457 = SURFACE_STYLE_USAGE(.BOTH.,#17458);
#17458 = SURFACE_SIDE_STYLE('',(#17459));
#17459 = SURFACE_STYLE_FILL_AREA(#17460);
#17460 = FILL_AREA_STYLE('',(#17461));
#17461 = FILL_AREA_STYLE_COLOUR('',#16411);
#17462 = OVER_RIDING_STYLED_ITEM('overriding color',(#17463),#13129,
  #15130);
#17463 = PRESENTATION_STYLE_ASSIGNMENT((#17464));
#17464 = SURFACE_STYLE_USAGE(.BOTH.,#17465);
#17465 = SURFACE_SIDE_STYLE('',(#17466));
#17466 = SURFACE_STYLE_FILL_AREA(#17467);
#17467 = FILL_AREA_STYLE('',(#17468));
#17468 = FILL_AREA_STYLE_COLOUR('',#16411);
#17469 = OVER_RIDING_STYLED_ITEM('overriding color',(#17470),#13149,
  #15130);
#17470 = PRESENTATION_STYLE_ASSIGNMENT((#17471));
#17471 = SURFACE_STYLE_USAGE(.BOTH.,#17472);
#17472 = SURFACE_SIDE_STYLE('',(#17473));
#17473 = SURFACE_STYLE_FILL_AREA(#17474);
#17474 = FILL_AREA_STYLE('',(#17475));
#17475 = FILL_AREA_STYLE_COLOUR('',#16411);
#17476 = OVER_RIDING_STYLED_ITEM('overriding color',(#17477),#13279,
  #15130);
#17477 = PRESENTATION_STYLE_ASSIGNMENT((#17478));
#17478 = SURFACE_STYLE_USAGE(.BOTH.,#17479);
#17479 = SURFACE_SIDE_STYLE('',(#17480));
#17480 = SURFACE_STYLE_FILL_AREA(#17481);
#17481 = FILL_AREA_STYLE('',(#17482));
#17482 = FILL_AREA_STYLE_COLOUR('',#16411);
#17483 = OVER_RIDING_STYLED_ITEM('overriding color',(#17484),#13301,
  #15130);
#17484 = PRESENTATION_STYLE_ASSIGNMENT((#17485));
#17485 = SURFACE_STYLE_USAGE(.BOTH.,#17486);
#17486 = SURFACE_SIDE_STYLE('',(#17487));
#17487 = SURFACE_STYLE_FILL_AREA(#17488);
#17488 = FILL_AREA_STYLE('',(#17489));
#17489 = FILL_AREA_STYLE_COLOUR('',#16411);
#17490 = OVER_RIDING_STYLED_ITEM('overriding color',(#17491),#13322,
  #15130);
#17491 = PRESENTATION_STYLE_ASSIGNMENT((#17492));
#17492 = SURFACE_STYLE_USAGE(.BOTH.,#17493);
#17493 = SURFACE_SIDE_STYLE('',(#17494));
#17494 = SURFACE_STYLE_FILL_AREA(#17495);
#17495 = FILL_AREA_STYLE('',(#17496));
#17496 = FILL_AREA_STYLE_COLOUR('',#16411);
#17497 = OVER_RIDING_STYLED_ITEM('overriding color',(#17498),#13343,
  #15130);
#17498 = PRESENTATION_STYLE_ASSIGNMENT((#17499));
#17499 = SURFACE_STYLE_USAGE(.BOTH.,#17500);
#17500 = SURFACE_SIDE_STYLE('',(#17501));
#17501 = SURFACE_STYLE_FILL_AREA(#17502);
#17502 = FILL_AREA_STYLE('',(#17503));
#17503 = FILL_AREA_STYLE_COLOUR('',#16411);
#17504 = OVER_RIDING_STYLED_ITEM('overriding color',(#17505),#13364,
  #15130);
#17505 = PRESENTATION_STYLE_ASSIGNMENT((#17506));
#17506 = SURFACE_STYLE_USAGE(.BOTH.,#17507);
#17507 = SURFACE_SIDE_STYLE('',(#17508));
#17508 = SURFACE_STYLE_FILL_AREA(#17509);
#17509 = FILL_AREA_STYLE('',(#17510));
#17510 = FILL_AREA_STYLE_COLOUR('',#16411);
#17511 = OVER_RIDING_STYLED_ITEM('overriding color',(#17512),#13385,
  #15130);
#17512 = PRESENTATION_STYLE_ASSIGNMENT((#17513));
#17513 = SURFACE_STYLE_USAGE(.BOTH.,#17514);
#17514 = SURFACE_SIDE_STYLE('',(#17515));
#17515 = SURFACE_STYLE_FILL_AREA(#17516);
#17516 = FILL_AREA_STYLE('',(#17517));
#17517 = FILL_AREA_STYLE_COLOUR('',#16411);
#17518 = OVER_RIDING_STYLED_ITEM('overriding color',(#17519),#13402,
  #15130);
#17519 = PRESENTATION_STYLE_ASSIGNMENT((#17520));
#17520 = SURFACE_STYLE_USAGE(.BOTH.,#17521);
#17521 = SURFACE_SIDE_STYLE('',(#17522));
#17522 = SURFACE_STYLE_FILL_AREA(#17523);
#17523 = FILL_AREA_STYLE('',(#17524));
#17524 = FILL_AREA_STYLE_COLOUR('',#16411);
#17525 = OVER_RIDING_STYLED_ITEM('overriding color',(#17526),#13414,
  #15130);
#17526 = PRESENTATION_STYLE_ASSIGNMENT((#17527));
#17527 = SURFACE_STYLE_USAGE(.BOTH.,#17528);
#17528 = SURFACE_SIDE_STYLE('',(#17529));
#17529 = SURFACE_STYLE_FILL_AREA(#17530);
#17530 = FILL_AREA_STYLE('',(#17531));
#17531 = FILL_AREA_STYLE_COLOUR('',#16411);
#17532 = OVER_RIDING_STYLED_ITEM('overriding color',(#17533),#13445,
  #15130);
#17533 = PRESENTATION_STYLE_ASSIGNMENT((#17534));
#17534 = SURFACE_STYLE_USAGE(.BOTH.,#17535);
#17535 = SURFACE_SIDE_STYLE('',(#17536));
#17536 = SURFACE_STYLE_FILL_AREA(#17537);
#17537 = FILL_AREA_STYLE('',(#17538));
#17538 = FILL_AREA_STYLE_COLOUR('',#16411);
#17539 = OVER_RIDING_STYLED_ITEM('overriding color',(#17540),#13469,
  #15130);
#17540 = PRESENTATION_STYLE_ASSIGNMENT((#17541));
#17541 = SURFACE_STYLE_USAGE(.BOTH.,#17542);
#17542 = SURFACE_SIDE_STYLE('',(#17543));
#17543 = SURFACE_STYLE_FILL_AREA(#17544);
#17544 = FILL_AREA_STYLE('',(#17545));
#17545 = FILL_AREA_STYLE_COLOUR('',#16411);
#17546 = OVER_RIDING_STYLED_ITEM('overriding color',(#17547),#13493,
  #15130);
#17547 = PRESENTATION_STYLE_ASSIGNMENT((#17548));
#17548 = SURFACE_STYLE_USAGE(.BOTH.,#17549);
#17549 = SURFACE_SIDE_STYLE('',(#17550));
#17550 = SURFACE_STYLE_FILL_AREA(#17551);
#17551 = FILL_AREA_STYLE('',(#17552));
#17552 = FILL_AREA_STYLE_COLOUR('',#16411);
#17553 = OVER_RIDING_STYLED_ITEM('overriding color',(#17554),#13522,
  #15130);
#17554 = PRESENTATION_STYLE_ASSIGNMENT((#17555));
#17555 = SURFACE_STYLE_USAGE(.BOTH.,#17556);
#17556 = SURFACE_SIDE_STYLE('',(#17557));
#17557 = SURFACE_STYLE_FILL_AREA(#17558);
#17558 = FILL_AREA_STYLE('',(#17559));
#17559 = FILL_AREA_STYLE_COLOUR('',#16411);
#17560 = OVER_RIDING_STYLED_ITEM('overriding color',(#17561),#13551,
  #15130);
#17561 = PRESENTATION_STYLE_ASSIGNMENT((#17562));
#17562 = SURFACE_STYLE_USAGE(.BOTH.,#17563);
#17563 = SURFACE_SIDE_STYLE('',(#17564));
#17564 = SURFACE_STYLE_FILL_AREA(#17565);
#17565 = FILL_AREA_STYLE('',(#17566));
#17566 = FILL_AREA_STYLE_COLOUR('',#16411);
#17567 = OVER_RIDING_STYLED_ITEM('overriding color',(#17568),#13580,
  #15130);
#17568 = PRESENTATION_STYLE_ASSIGNMENT((#17569));
#17569 = SURFACE_STYLE_USAGE(.BOTH.,#17570);
#17570 = SURFACE_SIDE_STYLE('',(#17571));
#17571 = SURFACE_STYLE_FILL_AREA(#17572);
#17572 = FILL_AREA_STYLE('',(#17573));
#17573 = FILL_AREA_STYLE_COLOUR('',#16411);
#17574 = OVER_RIDING_STYLED_ITEM('overriding color',(#17575),#13617,
  #15130);
#17575 = PRESENTATION_STYLE_ASSIGNMENT((#17576));
#17576 = SURFACE_STYLE_USAGE(.BOTH.,#17577);
#17577 = SURFACE_SIDE_STYLE('',(#17578));
#17578 = SURFACE_STYLE_FILL_AREA(#17579);
#17579 = FILL_AREA_STYLE('',(#17580));
#17580 = FILL_AREA_STYLE_COLOUR('',#16411);
#17581 = OVER_RIDING_STYLED_ITEM('overriding color',(#17582),#13741,
  #15130);
#17582 = PRESENTATION_STYLE_ASSIGNMENT((#17583));
#17583 = SURFACE_STYLE_USAGE(.BOTH.,#17584);
#17584 = SURFACE_SIDE_STYLE('',(#17585));
#17585 = SURFACE_STYLE_FILL_AREA(#17586);
#17586 = FILL_AREA_STYLE('',(#17587));
#17587 = FILL_AREA_STYLE_COLOUR('',#16411);
#17588 = OVER_RIDING_STYLED_ITEM('overriding color',(#17589),#13763,
  #15130);
#17589 = PRESENTATION_STYLE_ASSIGNMENT((#17590));
#17590 = SURFACE_STYLE_USAGE(.BOTH.,#17591);
#17591 = SURFACE_SIDE_STYLE('',(#17592));
#17592 = SURFACE_STYLE_FILL_AREA(#17593);
#17593 = FILL_AREA_STYLE('',(#17594));
#17594 = FILL_AREA_STYLE_COLOUR('',#16411);
#17595 = OVER_RIDING_STYLED_ITEM('overriding color',(#17596),#13780,
  #15130);
#17596 = PRESENTATION_STYLE_ASSIGNMENT((#17597));
#17597 = SURFACE_STYLE_USAGE(.BOTH.,#17598);
#17598 = SURFACE_SIDE_STYLE('',(#17599));
#17599 = SURFACE_STYLE_FILL_AREA(#17600);
#17600 = FILL_AREA_STYLE('',(#17601));
#17601 = FILL_AREA_STYLE_COLOUR('',#16411);
#17602 = OVER_RIDING_STYLED_ITEM('overriding color',(#17603),#13797,
  #15130);
#17603 = PRESENTATION_STYLE_ASSIGNMENT((#17604));
#17604 = SURFACE_STYLE_USAGE(.BOTH.,#17605);
#17605 = SURFACE_SIDE_STYLE('',(#17606));
#17606 = SURFACE_STYLE_FILL_AREA(#17607);
#17607 = FILL_AREA_STYLE('',(#17608));
#17608 = FILL_AREA_STYLE_COLOUR('',#16411);
#17609 = OVER_RIDING_STYLED_ITEM('overriding color',(#17610),#13814,
  #15130);
#17610 = PRESENTATION_STYLE_ASSIGNMENT((#17611));
#17611 = SURFACE_STYLE_USAGE(.BOTH.,#17612);
#17612 = SURFACE_SIDE_STYLE('',(#17613));
#17613 = SURFACE_STYLE_FILL_AREA(#17614);
#17614 = FILL_AREA_STYLE('',(#17615));
#17615 = FILL_AREA_STYLE_COLOUR('',#16411);
#17616 = OVER_RIDING_STYLED_ITEM('overriding color',(#17617),#13831,
  #15130);
#17617 = PRESENTATION_STYLE_ASSIGNMENT((#17618));
#17618 = SURFACE_STYLE_USAGE(.BOTH.,#17619);
#17619 = SURFACE_SIDE_STYLE('',(#17620));
#17620 = SURFACE_STYLE_FILL_AREA(#17621);
#17621 = FILL_AREA_STYLE('',(#17622));
#17622 = FILL_AREA_STYLE_COLOUR('',#16411);
#17623 = OVER_RIDING_STYLED_ITEM('overriding color',(#17624),#13848,
  #15130);
#17624 = PRESENTATION_STYLE_ASSIGNMENT((#17625));
#17625 = SURFACE_STYLE_USAGE(.BOTH.,#17626);
#17626 = SURFACE_SIDE_STYLE('',(#17627));
#17627 = SURFACE_STYLE_FILL_AREA(#17628);
#17628 = FILL_AREA_STYLE('',(#17629));
#17629 = FILL_AREA_STYLE_COLOUR('',#16411);
#17630 = OVER_RIDING_STYLED_ITEM('overriding color',(#17631),#13865,
  #15130);
#17631 = PRESENTATION_STYLE_ASSIGNMENT((#17632));
#17632 = SURFACE_STYLE_USAGE(.BOTH.,#17633);
#17633 = SURFACE_SIDE_STYLE('',(#17634));
#17634 = SURFACE_STYLE_FILL_AREA(#17635);
#17635 = FILL_AREA_STYLE('',(#17636));
#17636 = FILL_AREA_STYLE_COLOUR('',#16411);
#17637 = OVER_RIDING_STYLED_ITEM('overriding color',(#17638),#13877,
  #15130);
#17638 = PRESENTATION_STYLE_ASSIGNMENT((#17639));
#17639 = SURFACE_STYLE_USAGE(.BOTH.,#17640);
#17640 = SURFACE_SIDE_STYLE('',(#17641));
#17641 = SURFACE_STYLE_FILL_AREA(#17642);
#17642 = FILL_AREA_STYLE('',(#17643));
#17643 = FILL_AREA_STYLE_COLOUR('',#16411);
#17644 = OVER_RIDING_STYLED_ITEM('overriding color',(#17645),#13908,
  #15130);
#17645 = PRESENTATION_STYLE_ASSIGNMENT((#17646));
#17646 = SURFACE_STYLE_USAGE(.BOTH.,#17647);
#17647 = SURFACE_SIDE_STYLE('',(#17648));
#17648 = SURFACE_STYLE_FILL_AREA(#17649);
#17649 = FILL_AREA_STYLE('',(#17650));
#17650 = FILL_AREA_STYLE_COLOUR('',#16411);
#17651 = OVER_RIDING_STYLED_ITEM('overriding color',(#17652),#13932,
  #15130);
#17652 = PRESENTATION_STYLE_ASSIGNMENT((#17653));
#17653 = SURFACE_STYLE_USAGE(.BOTH.,#17654);
#17654 = SURFACE_SIDE_STYLE('',(#17655));
#17655 = SURFACE_STYLE_FILL_AREA(#17656);
#17656 = FILL_AREA_STYLE('',(#17657));
#17657 = FILL_AREA_STYLE_COLOUR('',#16411);
#17658 = OVER_RIDING_STYLED_ITEM('overriding color',(#17659),#13961,
  #15130);
#17659 = PRESENTATION_STYLE_ASSIGNMENT((#17660));
#17660 = SURFACE_STYLE_USAGE(.BOTH.,#17661);
#17661 = SURFACE_SIDE_STYLE('',(#17662));
#17662 = SURFACE_STYLE_FILL_AREA(#17663);
#17663 = FILL_AREA_STYLE('',(#17664));
#17664 = FILL_AREA_STYLE_COLOUR('',#16411);
#17665 = OVER_RIDING_STYLED_ITEM('overriding color',(#17666),#13985,
  #15130);
#17666 = PRESENTATION_STYLE_ASSIGNMENT((#17667));
#17667 = SURFACE_STYLE_USAGE(.BOTH.,#17668);
#17668 = SURFACE_SIDE_STYLE('',(#17669));
#17669 = SURFACE_STYLE_FILL_AREA(#17670);
#17670 = FILL_AREA_STYLE('',(#17671));
#17671 = FILL_AREA_STYLE_COLOUR('',#16411);
#17672 = OVER_RIDING_STYLED_ITEM('overriding color',(#17673),#14014,
  #15130);
#17673 = PRESENTATION_STYLE_ASSIGNMENT((#17674));
#17674 = SURFACE_STYLE_USAGE(.BOTH.,#17675);
#17675 = SURFACE_SIDE_STYLE('',(#17676));
#17676 = SURFACE_STYLE_FILL_AREA(#17677);
#17677 = FILL_AREA_STYLE('',(#17678));
#17678 = FILL_AREA_STYLE_COLOUR('',#16411);
#17679 = OVER_RIDING_STYLED_ITEM('overriding color',(#17680),#14045,
  #15130);
#17680 = PRESENTATION_STYLE_ASSIGNMENT((#17681));
#17681 = SURFACE_STYLE_USAGE(.BOTH.,#17682);
#17682 = SURFACE_SIDE_STYLE('',(#17683));
#17683 = SURFACE_STYLE_FILL_AREA(#17684);
#17684 = FILL_AREA_STYLE('',(#17685));
#17685 = FILL_AREA_STYLE_COLOUR('',#16411);
#17686 = OVER_RIDING_STYLED_ITEM('overriding color',(#17687),#14370,
  #15130);
#17687 = PRESENTATION_STYLE_ASSIGNMENT((#17688));
#17688 = SURFACE_STYLE_USAGE(.BOTH.,#17689);
#17689 = SURFACE_SIDE_STYLE('',(#17690));
#17690 = SURFACE_STYLE_FILL_AREA(#17691);
#17691 = FILL_AREA_STYLE('',(#17692));
#17692 = FILL_AREA_STYLE_COLOUR('',#16411);
#17693 = OVER_RIDING_STYLED_ITEM('overriding color',(#17694),#14396,
  #15130);
#17694 = PRESENTATION_STYLE_ASSIGNMENT((#17695));
#17695 = SURFACE_STYLE_USAGE(.BOTH.,#17696);
#17696 = SURFACE_SIDE_STYLE('',(#17697));
#17697 = SURFACE_STYLE_FILL_AREA(#17698);
#17698 = FILL_AREA_STYLE('',(#17699));
#17699 = FILL_AREA_STYLE_COLOUR('',#16411);
#17700 = OVER_RIDING_STYLED_ITEM('overriding color',(#17701),#14417,
  #15130);
#17701 = PRESENTATION_STYLE_ASSIGNMENT((#17702));
#17702 = SURFACE_STYLE_USAGE(.BOTH.,#17703);
#17703 = SURFACE_SIDE_STYLE('',(#17704));
#17704 = SURFACE_STYLE_FILL_AREA(#17705);
#17705 = FILL_AREA_STYLE('',(#17706));
#17706 = FILL_AREA_STYLE_COLOUR('',#16411);
#17707 = OVER_RIDING_STYLED_ITEM('overriding color',(#17708),#14438,
  #15130);
#17708 = PRESENTATION_STYLE_ASSIGNMENT((#17709));
#17709 = SURFACE_STYLE_USAGE(.BOTH.,#17710);
#17710 = SURFACE_SIDE_STYLE('',(#17711));
#17711 = SURFACE_STYLE_FILL_AREA(#17712);
#17712 = FILL_AREA_STYLE('',(#17713));
#17713 = FILL_AREA_STYLE_COLOUR('',#16411);
#17714 = OVER_RIDING_STYLED_ITEM('overriding color',(#17715),#14459,
  #15130);
#17715 = PRESENTATION_STYLE_ASSIGNMENT((#17716));
#17716 = SURFACE_STYLE_USAGE(.BOTH.,#17717);
#17717 = SURFACE_SIDE_STYLE('',(#17718));
#17718 = SURFACE_STYLE_FILL_AREA(#17719);
#17719 = FILL_AREA_STYLE('',(#17720));
#17720 = FILL_AREA_STYLE_COLOUR('',#16411);
#17721 = OVER_RIDING_STYLED_ITEM('overriding color',(#17722),#14480,
  #15130);
#17722 = PRESENTATION_STYLE_ASSIGNMENT((#17723));
#17723 = SURFACE_STYLE_USAGE(.BOTH.,#17724);
#17724 = SURFACE_SIDE_STYLE('',(#17725));
#17725 = SURFACE_STYLE_FILL_AREA(#17726);
#17726 = FILL_AREA_STYLE('',(#17727));
#17727 = FILL_AREA_STYLE_COLOUR('',#16411);
#17728 = OVER_RIDING_STYLED_ITEM('overriding color',(#17729),#14501,
  #15130);
#17729 = PRESENTATION_STYLE_ASSIGNMENT((#17730));
#17730 = SURFACE_STYLE_USAGE(.BOTH.,#17731);
#17731 = SURFACE_SIDE_STYLE('',(#17732));
#17732 = SURFACE_STYLE_FILL_AREA(#17733);
#17733 = FILL_AREA_STYLE('',(#17734));
#17734 = FILL_AREA_STYLE_COLOUR('',#16411);
#17735 = OVER_RIDING_STYLED_ITEM('overriding color',(#17736),#14522,
  #15130);
#17736 = PRESENTATION_STYLE_ASSIGNMENT((#17737));
#17737 = SURFACE_STYLE_USAGE(.BOTH.,#17738);
#17738 = SURFACE_SIDE_STYLE('',(#17739));
#17739 = SURFACE_STYLE_FILL_AREA(#17740);
#17740 = FILL_AREA_STYLE('',(#17741));
#17741 = FILL_AREA_STYLE_COLOUR('',#16411);
#17742 = OVER_RIDING_STYLED_ITEM('overriding color',(#17743),#14543,
  #15130);
#17743 = PRESENTATION_STYLE_ASSIGNMENT((#17744));
#17744 = SURFACE_STYLE_USAGE(.BOTH.,#17745);
#17745 = SURFACE_SIDE_STYLE('',(#17746));
#17746 = SURFACE_STYLE_FILL_AREA(#17747);
#17747 = FILL_AREA_STYLE('',(#17748));
#17748 = FILL_AREA_STYLE_COLOUR('',#16411);
#17749 = OVER_RIDING_STYLED_ITEM('overriding color',(#17750),#14564,
  #15130);
#17750 = PRESENTATION_STYLE_ASSIGNMENT((#17751));
#17751 = SURFACE_STYLE_USAGE(.BOTH.,#17752);
#17752 = SURFACE_SIDE_STYLE('',(#17753));
#17753 = SURFACE_STYLE_FILL_AREA(#17754);
#17754 = FILL_AREA_STYLE('',(#17755));
#17755 = FILL_AREA_STYLE_COLOUR('',#16411);
#17756 = OVER_RIDING_STYLED_ITEM('overriding color',(#17757),#14585,
  #15130);
#17757 = PRESENTATION_STYLE_ASSIGNMENT((#17758));
#17758 = SURFACE_STYLE_USAGE(.BOTH.,#17759);
#17759 = SURFACE_SIDE_STYLE('',(#17760));
#17760 = SURFACE_STYLE_FILL_AREA(#17761);
#17761 = FILL_AREA_STYLE('',(#17762));
#17762 = FILL_AREA_STYLE_COLOUR('',#16411);
#17763 = OVER_RIDING_STYLED_ITEM('overriding color',(#17764),#14606,
  #15130);
#17764 = PRESENTATION_STYLE_ASSIGNMENT((#17765));
#17765 = SURFACE_STYLE_USAGE(.BOTH.,#17766);
#17766 = SURFACE_SIDE_STYLE('',(#17767));
#17767 = SURFACE_STYLE_FILL_AREA(#17768);
#17768 = FILL_AREA_STYLE('',(#17769));
#17769 = FILL_AREA_STYLE_COLOUR('',#16411);
#17770 = OVER_RIDING_STYLED_ITEM('overriding color',(#17771),#14627,
  #15130);
#17771 = PRESENTATION_STYLE_ASSIGNMENT((#17772));
#17772 = SURFACE_STYLE_USAGE(.BOTH.,#17773);
#17773 = SURFACE_SIDE_STYLE('',(#17774));
#17774 = SURFACE_STYLE_FILL_AREA(#17775);
#17775 = FILL_AREA_STYLE('',(#17776));
#17776 = FILL_AREA_STYLE_COLOUR('',#16411);
#17777 = OVER_RIDING_STYLED_ITEM('overriding color',(#17778),#14644,
  #15130);
#17778 = PRESENTATION_STYLE_ASSIGNMENT((#17779));
#17779 = SURFACE_STYLE_USAGE(.BOTH.,#17780);
#17780 = SURFACE_SIDE_STYLE('',(#17781));
#17781 = SURFACE_STYLE_FILL_AREA(#17782);
#17782 = FILL_AREA_STYLE('',(#17783));
#17783 = FILL_AREA_STYLE_COLOUR('',#16411);
#17784 = OVER_RIDING_STYLED_ITEM('overriding color',(#17785),#14661,
  #15130);
#17785 = PRESENTATION_STYLE_ASSIGNMENT((#17786));
#17786 = SURFACE_STYLE_USAGE(.BOTH.,#17787);
#17787 = SURFACE_SIDE_STYLE('',(#17788));
#17788 = SURFACE_STYLE_FILL_AREA(#17789);
#17789 = FILL_AREA_STYLE('',(#17790));
#17790 = FILL_AREA_STYLE_COLOUR('',#16411);
#17791 = OVER_RIDING_STYLED_ITEM('overriding color',(#17792),#14678,
  #15130);
#17792 = PRESENTATION_STYLE_ASSIGNMENT((#17793));
#17793 = SURFACE_STYLE_USAGE(.BOTH.,#17794);
#17794 = SURFACE_SIDE_STYLE('',(#17795));
#17795 = SURFACE_STYLE_FILL_AREA(#17796);
#17796 = FILL_AREA_STYLE('',(#17797));
#17797 = FILL_AREA_STYLE_COLOUR('',#16411);
#17798 = OVER_RIDING_STYLED_ITEM('overriding color',(#17799),#14695,
  #15130);
#17799 = PRESENTATION_STYLE_ASSIGNMENT((#17800));
#17800 = SURFACE_STYLE_USAGE(.BOTH.,#17801);
#17801 = SURFACE_SIDE_STYLE('',(#17802));
#17802 = SURFACE_STYLE_FILL_AREA(#17803);
#17803 = FILL_AREA_STYLE('',(#17804));
#17804 = FILL_AREA_STYLE_COLOUR('',#16411);
#17805 = OVER_RIDING_STYLED_ITEM('overriding color',(#17806),#14716,
  #15130);
#17806 = PRESENTATION_STYLE_ASSIGNMENT((#17807));
#17807 = SURFACE_STYLE_USAGE(.BOTH.,#17808);
#17808 = SURFACE_SIDE_STYLE('',(#17809));
#17809 = SURFACE_STYLE_FILL_AREA(#17810);
#17810 = FILL_AREA_STYLE('',(#17811));
#17811 = FILL_AREA_STYLE_COLOUR('',#16411);
#17812 = OVER_RIDING_STYLED_ITEM('overriding color',(#17813),#14737,
  #15130);
#17813 = PRESENTATION_STYLE_ASSIGNMENT((#17814));
#17814 = SURFACE_STYLE_USAGE(.BOTH.,#17815);
#17815 = SURFACE_SIDE_STYLE('',(#17816));
#17816 = SURFACE_STYLE_FILL_AREA(#17817);
#17817 = FILL_AREA_STYLE('',(#17818));
#17818 = FILL_AREA_STYLE_COLOUR('',#16411);
#17819 = OVER_RIDING_STYLED_ITEM('overriding color',(#17820),#14758,
  #15130);
#17820 = PRESENTATION_STYLE_ASSIGNMENT((#17821));
#17821 = SURFACE_STYLE_USAGE(.BOTH.,#17822);
#17822 = SURFACE_SIDE_STYLE('',(#17823));
#17823 = SURFACE_STYLE_FILL_AREA(#17824);
#17824 = FILL_AREA_STYLE('',(#17825));
#17825 = FILL_AREA_STYLE_COLOUR('',#16411);
#17826 = OVER_RIDING_STYLED_ITEM('overriding color',(#17827),#14779,
  #15130);
#17827 = PRESENTATION_STYLE_ASSIGNMENT((#17828));
#17828 = SURFACE_STYLE_USAGE(.BOTH.,#17829);
#17829 = SURFACE_SIDE_STYLE('',(#17830));
#17830 = SURFACE_STYLE_FILL_AREA(#17831);
#17831 = FILL_AREA_STYLE('',(#17832));
#17832 = FILL_AREA_STYLE_COLOUR('',#16411);
#17833 = OVER_RIDING_STYLED_ITEM('overriding color',(#17834),#14800,
  #15130);
#17834 = PRESENTATION_STYLE_ASSIGNMENT((#17835));
#17835 = SURFACE_STYLE_USAGE(.BOTH.,#17836);
#17836 = SURFACE_SIDE_STYLE('',(#17837));
#17837 = SURFACE_STYLE_FILL_AREA(#17838);
#17838 = FILL_AREA_STYLE('',(#17839));
#17839 = FILL_AREA_STYLE_COLOUR('',#16411);
#17840 = OVER_RIDING_STYLED_ITEM('overriding color',(#17841),#14821,
  #15130);
#17841 = PRESENTATION_STYLE_ASSIGNMENT((#17842));
#17842 = SURFACE_STYLE_USAGE(.BOTH.,#17843);
#17843 = SURFACE_SIDE_STYLE('',(#17844));
#17844 = SURFACE_STYLE_FILL_AREA(#17845);
#17845 = FILL_AREA_STYLE('',(#17846));
#17846 = FILL_AREA_STYLE_COLOUR('',#16411);
#17847 = OVER_RIDING_STYLED_ITEM('overriding color',(#17848),#14842,
  #15130);
#17848 = PRESENTATION_STYLE_ASSIGNMENT((#17849));
#17849 = SURFACE_STYLE_USAGE(.BOTH.,#17850);
#17850 = SURFACE_SIDE_STYLE('',(#17851));
#17851 = SURFACE_STYLE_FILL_AREA(#17852);
#17852 = FILL_AREA_STYLE('',(#17853));
#17853 = FILL_AREA_STYLE_COLOUR('',#16411);
#17854 = OVER_RIDING_STYLED_ITEM('overriding color',(#17855),#14859,
  #15130);
#17855 = PRESENTATION_STYLE_ASSIGNMENT((#17856));
#17856 = SURFACE_STYLE_USAGE(.BOTH.,#17857);
#17857 = SURFACE_SIDE_STYLE('',(#17858));
#17858 = SURFACE_STYLE_FILL_AREA(#17859);
#17859 = FILL_AREA_STYLE('',(#17860));
#17860 = FILL_AREA_STYLE_COLOUR('',#16411);
#17861 = OVER_RIDING_STYLED_ITEM('overriding color',(#17862),#14880,
  #15130);
#17862 = PRESENTATION_STYLE_ASSIGNMENT((#17863));
#17863 = SURFACE_STYLE_USAGE(.BOTH.,#17864);
#17864 = SURFACE_SIDE_STYLE('',(#17865));
#17865 = SURFACE_STYLE_FILL_AREA(#17866);
#17866 = FILL_AREA_STYLE('',(#17867));
#17867 = FILL_AREA_STYLE_COLOUR('',#16411);
#17868 = OVER_RIDING_STYLED_ITEM('overriding color',(#17869),#14901,
  #15130);
#17869 = PRESENTATION_STYLE_ASSIGNMENT((#17870));
#17870 = SURFACE_STYLE_USAGE(.BOTH.,#17871);
#17871 = SURFACE_SIDE_STYLE('',(#17872));
#17872 = SURFACE_STYLE_FILL_AREA(#17873);
#17873 = FILL_AREA_STYLE('',(#17874));
#17874 = FILL_AREA_STYLE_COLOUR('',#16411);
#17875 = OVER_RIDING_STYLED_ITEM('overriding color',(#17876),#14918,
  #15130);
#17876 = PRESENTATION_STYLE_ASSIGNMENT((#17877));
#17877 = SURFACE_STYLE_USAGE(.BOTH.,#17878);
#17878 = SURFACE_SIDE_STYLE('',(#17879));
#17879 = SURFACE_STYLE_FILL_AREA(#17880);
#17880 = FILL_AREA_STYLE('',(#17881));
#17881 = FILL_AREA_STYLE_COLOUR('',#16411);
#17882 = OVER_RIDING_STYLED_ITEM('overriding color',(#17883),#14939,
  #15130);
#17883 = PRESENTATION_STYLE_ASSIGNMENT((#17884));
#17884 = SURFACE_STYLE_USAGE(.BOTH.,#17885);
#17885 = SURFACE_SIDE_STYLE('',(#17886));
#17886 = SURFACE_STYLE_FILL_AREA(#17887);
#17887 = FILL_AREA_STYLE('',(#17888));
#17888 = FILL_AREA_STYLE_COLOUR('',#16411);
#17889 = OVER_RIDING_STYLED_ITEM('overriding color',(#17890),#14960,
  #15130);
#17890 = PRESENTATION_STYLE_ASSIGNMENT((#17891));
#17891 = SURFACE_STYLE_USAGE(.BOTH.,#17892);
#17892 = SURFACE_SIDE_STYLE('',(#17893));
#17893 = SURFACE_STYLE_FILL_AREA(#17894);
#17894 = FILL_AREA_STYLE('',(#17895));
#17895 = FILL_AREA_STYLE_COLOUR('',#16411);
#17896 = OVER_RIDING_STYLED_ITEM('overriding color',(#17897),#14981,
  #15130);
#17897 = PRESENTATION_STYLE_ASSIGNMENT((#17898));
#17898 = SURFACE_STYLE_USAGE(.BOTH.,#17899);
#17899 = SURFACE_SIDE_STYLE('',(#17900));
#17900 = SURFACE_STYLE_FILL_AREA(#17901);
#17901 = FILL_AREA_STYLE('',(#17902));
#17902 = FILL_AREA_STYLE_COLOUR('',#16411);
#17903 = OVER_RIDING_STYLED_ITEM('overriding color',(#17904),#14998,
  #15130);
#17904 = PRESENTATION_STYLE_ASSIGNMENT((#17905));
#17905 = SURFACE_STYLE_USAGE(.BOTH.,#17906);
#17906 = SURFACE_SIDE_STYLE('',(#17907));
#17907 = SURFACE_STYLE_FILL_AREA(#17908);
#17908 = FILL_AREA_STYLE('',(#17909));
#17909 = FILL_AREA_STYLE_COLOUR('',#16411);
#17910 = OVER_RIDING_STYLED_ITEM('overriding color',(#17911),#15019,
  #15130);
#17911 = PRESENTATION_STYLE_ASSIGNMENT((#17912));
#17912 = SURFACE_STYLE_USAGE(.BOTH.,#17913);
#17913 = SURFACE_SIDE_STYLE('',(#17914));
#17914 = SURFACE_STYLE_FILL_AREA(#17915);
#17915 = FILL_AREA_STYLE('',(#17916));
#17916 = FILL_AREA_STYLE_COLOUR('',#16411);
#17917 = OVER_RIDING_STYLED_ITEM('overriding color',(#17918),#15035,
  #15130);
#17918 = PRESENTATION_STYLE_ASSIGNMENT((#17919));
#17919 = SURFACE_STYLE_USAGE(.BOTH.,#17920);
#17920 = SURFACE_SIDE_STYLE('',(#17921));
#17921 = SURFACE_STYLE_FILL_AREA(#17922);
#17922 = FILL_AREA_STYLE('',(#17923));
#17923 = FILL_AREA_STYLE_COLOUR('',#16411);
#17924 = OVER_RIDING_STYLED_ITEM('overriding color',(#17925),#15080,
  #15130);
#17925 = PRESENTATION_STYLE_ASSIGNMENT((#17926));
#17926 = SURFACE_STYLE_USAGE(.BOTH.,#17927);
#17927 = SURFACE_SIDE_STYLE('',(#17928));
#17928 = SURFACE_STYLE_FILL_AREA(#17929);
#17929 = FILL_AREA_STYLE('',(#17930));
#17930 = FILL_AREA_STYLE_COLOUR('',#16411);
ENDSEC;
END-ISO-10303-21;
