ISO-10303-21;
HEADER;
FILE_DESCRIPTION(('FreeCAD Model'),'2;1');
FILE_NAME('Open CASCADE Shape Model','2025-05-16T11:12:21',('Author'),(
    ''),'Open CASCADE STEP processor 7.8','FreeCAD','Unknown');
FILE_SCHEMA(('AUTOMOTIVE_DESIGN { 1 0 10303 214 1 1 1 1 }'));
ENDSEC;
DATA;
#1 = APPLICATION_PROTOCOL_DEFINITION('international standard',
  'automotive_design',2000,#2);
#2 = APPLICATION_CONTEXT(
  'core data for automotive mechanical design processes');
#3 = SHAPE_DEFINITION_REPRESENTATION(#4,#10);
#4 = PRODUCT_DEFINITION_SHAPE('','',#5);
#5 = PRODUCT_DEFINITION('design','',#6,#9);
#6 = PRODUCT_DEFINITION_FORMATION('','',#7);
#7 = PRODUCT('EasyEDA PCB Model~AJBg','EasyEDA PCB Model~AJBg','',(#8));
#8 = PRODUCT_CONTEXT('',#2,'mechanical');
#9 = PRODUCT_DEFINITION_CONTEXT('part definition',#2,'design');
#10 = SHAPE_REPRESENTATION('',(#11,#15),#19);
#11 = AXIS2_PLACEMENT_3D('',#12,#13,#14);
#12 = CARTESIAN_POINT('',(0.,0.,0.));
#13 = DIRECTION('',(0.,0.,1.));
#14 = DIRECTION('',(1.,0.,-0.));
#15 = AXIS2_PLACEMENT_3D('',#16,#17,#18);
#16 = CARTESIAN_POINT('',(4.,-8.127000254,1.600028244856));
#17 = DIRECTION('',(0.,0.,1.));
#18 = DIRECTION('',(1.,0.,0.));
#19 = ( GEOMETRIC_REPRESENTATION_CONTEXT(3) 
GLOBAL_UNCERTAINTY_ASSIGNED_CONTEXT((#23)) GLOBAL_UNIT_ASSIGNED_CONTEXT(
(#20,#21,#22)) REPRESENTATION_CONTEXT('Context #1',
  '3D Context with UNIT and UNCERTAINTY') );
#20 = ( LENGTH_UNIT() NAMED_UNIT(*) SI_UNIT(.MILLI.,.METRE.) );
#21 = ( NAMED_UNIT(*) PLANE_ANGLE_UNIT() SI_UNIT($,.RADIAN.) );
#22 = ( NAMED_UNIT(*) SI_UNIT($,.STERADIAN.) SOLID_ANGLE_UNIT() );
#23 = UNCERTAINTY_MEASURE_WITH_UNIT(LENGTH_MEASURE(2.E-06),#20,
  'distance_accuracy_value','confusion accuracy');
#24 = PRODUCT_RELATED_PRODUCT_CATEGORY('part',$,(#7));
#25 = SHAPE_DEFINITION_REPRESENTATION(#26,#32);
#26 = PRODUCT_DEFINITION_SHAPE('','',#27);
#27 = PRODUCT_DEFINITION('design','',#28,#31);
#28 = PRODUCT_DEFINITION_FORMATION('','',#29);
#29 = PRODUCT('U1~CONN-SMD_T31000~CONN-SMD_T31000~AJBg',
  'U1~CONN-SMD_T31000~CONN-SMD_T31000~AJBg','',(#30));
#30 = PRODUCT_CONTEXT('',#2,'mechanical');
#31 = PRODUCT_DEFINITION_CONTEXT('part definition',#2,'design');
#32 = SHAPE_REPRESENTATION('',(#11,#33),#37);
#33 = AXIS2_PLACEMENT_3D('',#34,#35,#36);
#34 = CARTESIAN_POINT('',(0.,0.,0.));
#35 = DIRECTION('',(0.,0.,1.));
#36 = DIRECTION('',(1.,0.,0.));
#37 = ( GEOMETRIC_REPRESENTATION_CONTEXT(3) 
GLOBAL_UNCERTAINTY_ASSIGNED_CONTEXT((#41)) GLOBAL_UNIT_ASSIGNED_CONTEXT(
(#38,#39,#40)) REPRESENTATION_CONTEXT('Context #1',
  '3D Context with UNIT and UNCERTAINTY') );
#38 = ( LENGTH_UNIT() NAMED_UNIT(*) SI_UNIT(.MILLI.,.METRE.) );
#39 = ( NAMED_UNIT(*) PLANE_ANGLE_UNIT() SI_UNIT($,.RADIAN.) );
#40 = ( NAMED_UNIT(*) SI_UNIT($,.STERADIAN.) SOLID_ANGLE_UNIT() );
#41 = UNCERTAINTY_MEASURE_WITH_UNIT(LENGTH_MEASURE(2.E-06),#38,
  'distance_accuracy_value','confusion accuracy');
#42 = CONTEXT_DEPENDENT_SHAPE_REPRESENTATION(#43,#45);
#43 = ( REPRESENTATION_RELATIONSHIP('','',#32,#10) 
REPRESENTATION_RELATIONSHIP_WITH_TRANSFORMATION(#44) 
SHAPE_REPRESENTATION_RELATIONSHIP() );
#44 = ITEM_DEFINED_TRANSFORMATION('','',#11,#15);
#45 = PRODUCT_DEFINITION_SHAPE('Placement','Placement of an item',#46);
#46 = NEXT_ASSEMBLY_USAGE_OCCURRENCE('16',
  'U1~CONN-SMD_T31000~CONN-SMD_T31000~AJBg','',#5,#27,$);
#47 = PRODUCT_RELATED_PRODUCT_CATEGORY('part',$,(#29));
#48 = SHAPE_DEFINITION_REPRESENTATION(#49,#55);
#49 = PRODUCT_DEFINITION_SHAPE('','',#50);
#50 = PRODUCT_DEFINITION('design','',#51,#54);
#51 = PRODUCT_DEFINITION_FORMATION('','',#52);
#52 = PRODUCT('CONN-SMD_T31000~CONN-SMD_T31000~AJBg014',
  'CONN-SMD_T31000~CONN-SMD_T31000~AJBg014','',(#53));
#53 = PRODUCT_CONTEXT('',#2,'mechanical');
#54 = PRODUCT_DEFINITION_CONTEXT('part definition',#2,'design');
#55 = SHAPE_REPRESENTATION('',(#11,#56,#60,#64,#68,#72,#76,#80,#84,#88,
    #92,#96,#100,#104,#108),#112);
#56 = AXIS2_PLACEMENT_3D('',#57,#58,#59);
#57 = CARTESIAN_POINT('',(0.,0.,0.));
#58 = DIRECTION('',(0.,0.,1.));
#59 = DIRECTION('',(1.,0.,0.));
#60 = AXIS2_PLACEMENT_3D('',#61,#62,#63);
#61 = CARTESIAN_POINT('',(0.,0.,0.));
#62 = DIRECTION('',(0.,0.,1.));
#63 = DIRECTION('',(1.,0.,0.));
#64 = AXIS2_PLACEMENT_3D('',#65,#66,#67);
#65 = CARTESIAN_POINT('',(0.,0.,0.));
#66 = DIRECTION('',(0.,0.,1.));
#67 = DIRECTION('',(1.,0.,0.));
#68 = AXIS2_PLACEMENT_3D('',#69,#70,#71);
#69 = CARTESIAN_POINT('',(0.,0.,0.));
#70 = DIRECTION('',(0.,0.,1.));
#71 = DIRECTION('',(1.,0.,0.));
#72 = AXIS2_PLACEMENT_3D('',#73,#74,#75);
#73 = CARTESIAN_POINT('',(0.,0.,0.));
#74 = DIRECTION('',(0.,0.,1.));
#75 = DIRECTION('',(1.,0.,0.));
#76 = AXIS2_PLACEMENT_3D('',#77,#78,#79);
#77 = CARTESIAN_POINT('',(0.,0.,0.));
#78 = DIRECTION('',(0.,0.,1.));
#79 = DIRECTION('',(1.,0.,0.));
#80 = AXIS2_PLACEMENT_3D('',#81,#82,#83);
#81 = CARTESIAN_POINT('',(0.,0.,0.));
#82 = DIRECTION('',(0.,0.,1.));
#83 = DIRECTION('',(1.,0.,0.));
#84 = AXIS2_PLACEMENT_3D('',#85,#86,#87);
#85 = CARTESIAN_POINT('',(0.,0.,0.));
#86 = DIRECTION('',(0.,0.,1.));
#87 = DIRECTION('',(1.,0.,0.));
#88 = AXIS2_PLACEMENT_3D('',#89,#90,#91);
#89 = CARTESIAN_POINT('',(0.,0.,0.));
#90 = DIRECTION('',(0.,0.,1.));
#91 = DIRECTION('',(1.,0.,0.));
#92 = AXIS2_PLACEMENT_3D('',#93,#94,#95);
#93 = CARTESIAN_POINT('',(0.,0.,0.));
#94 = DIRECTION('',(0.,0.,1.));
#95 = DIRECTION('',(1.,0.,0.));
#96 = AXIS2_PLACEMENT_3D('',#97,#98,#99);
#97 = CARTESIAN_POINT('',(0.,0.,0.));
#98 = DIRECTION('',(0.,0.,1.));
#99 = DIRECTION('',(1.,0.,0.));
#100 = AXIS2_PLACEMENT_3D('',#101,#102,#103);
#101 = CARTESIAN_POINT('',(0.,0.,0.));
#102 = DIRECTION('',(0.,0.,1.));
#103 = DIRECTION('',(1.,0.,0.));
#104 = AXIS2_PLACEMENT_3D('',#105,#106,#107);
#105 = CARTESIAN_POINT('',(0.,0.,0.));
#106 = DIRECTION('',(0.,0.,1.));
#107 = DIRECTION('',(1.,0.,0.));
#108 = AXIS2_PLACEMENT_3D('',#109,#110,#111);
#109 = CARTESIAN_POINT('',(0.,0.,0.));
#110 = DIRECTION('',(0.,0.,1.));
#111 = DIRECTION('',(1.,0.,0.));
#112 = ( GEOMETRIC_REPRESENTATION_CONTEXT(3) 
GLOBAL_UNCERTAINTY_ASSIGNED_CONTEXT((#116)) GLOBAL_UNIT_ASSIGNED_CONTEXT
((#113,#114,#115)) REPRESENTATION_CONTEXT('Context #1',
  '3D Context with UNIT and UNCERTAINTY') );
#113 = ( LENGTH_UNIT() NAMED_UNIT(*) SI_UNIT(.MILLI.,.METRE.) );
#114 = ( NAMED_UNIT(*) PLANE_ANGLE_UNIT() SI_UNIT($,.RADIAN.) );
#115 = ( NAMED_UNIT(*) SI_UNIT($,.STERADIAN.) SOLID_ANGLE_UNIT() );
#116 = UNCERTAINTY_MEASURE_WITH_UNIT(LENGTH_MEASURE(2.E-06),#113,
  'distance_accuracy_value','confusion accuracy');
#117 = CONTEXT_DEPENDENT_SHAPE_REPRESENTATION(#118,#120);
#118 = ( REPRESENTATION_RELATIONSHIP('','',#55,#32) 
REPRESENTATION_RELATIONSHIP_WITH_TRANSFORMATION(#119) 
SHAPE_REPRESENTATION_RELATIONSHIP() );
#119 = ITEM_DEFINED_TRANSFORMATION('','',#11,#33);
#120 = PRODUCT_DEFINITION_SHAPE('Placement','Placement of an item',#121
  );
#121 = NEXT_ASSEMBLY_USAGE_OCCURRENCE('15',
  'CONN-SMD_T31000~CONN-SMD_T31000~AJBg014','',#27,#50,$);
#122 = PRODUCT_RELATED_PRODUCT_CATEGORY('part',$,(#52));
#123 = SHAPE_DEFINITION_REPRESENTATION(#124,#130);
#124 = PRODUCT_DEFINITION_SHAPE('','',#125);
#125 = PRODUCT_DEFINITION('design','',#126,#129);
#126 = PRODUCT_DEFINITION_FORMATION('','',#127);
#127 = PRODUCT('CONN-SMD_T31000~CONN-SMD_T31000~AJBg',
  'CONN-SMD_T31000~CONN-SMD_T31000~AJBg','',(#128));
#128 = PRODUCT_CONTEXT('',#2,'mechanical');
#129 = PRODUCT_DEFINITION_CONTEXT('part definition',#2,'design');
#130 = ADVANCED_BREP_SHAPE_REPRESENTATION('',(#11,#131),#5362);
#131 = MANIFOLD_SOLID_BREP('',#132);
#132 = CLOSED_SHELL('',(#133,#290,#337,#385,#438,#497,#527,#557,#585,
    #1091,#1122,#1141,#1241,#1281,#1381,#1421,#1461,#1525,#1565,#1605,
    #1645,#1669,#1693,#1717,#1740,#1763,#1781,#1799,#1823,#1841,#1859,
    #1883,#1900,#1923,#1940,#1957,#1980,#1997,#2015,#2033,#2051,#2069,
    #2087,#2105,#2123,#2141,#2158,#2176,#2194,#2211,#2229,#2247,#2265,
    #2283,#2301,#2319,#2337,#2355,#2372,#2389,#2401,#2475,#2494,#2669,
    #2804,#2943,#3073,#3212,#3342,#3373,#3397,#3421,#3445,#3469,#3493,
    #3517,#3534,#3608,#3639,#3663,#3701,#3725,#3763,#3780,#3811,#3835,
    #3859,#3933,#4000,#4087,#4118,#4192,#4266,#4290,#4307,#4338,#4362,
    #4386,#4410,#4434,#4458,#4482,#4506,#4530,#4554,#4578,#4595,#4615,
    #4646,#4696,#4770,#4844,#4894,#4918,#4968,#5042,#5116,#5159,#5177,
    #5208,#5232,#5256,#5280,#5304,#5321,#5335,#5349));
#133 = ADVANCED_FACE('',(#134),#285,.F.);
#134 = FACE_BOUND('',#135,.F.);
#135 = EDGE_LOOP('',(#136,#146,#159,#168,#177,#196,#205,#214,#225,#234,
    #243,#253,#261,#270,#278));
#136 = ORIENTED_EDGE('',*,*,#137,.T.);
#137 = EDGE_CURVE('',#138,#140,#142,.T.);
#138 = VERTEX_POINT('',#139);
#139 = CARTESIAN_POINT('',(-3.,-3.177248018347E-14,4.649999904633));
#140 = VERTEX_POINT('',#141);
#141 = CARTESIAN_POINT('',(-1.5,-3.177248018347E-14,4.649999904633));
#142 = LINE('',#143,#144);
#143 = CARTESIAN_POINT('',(-3.,-3.177248018347E-14,4.649999904633));
#144 = VECTOR('',#145,1.);
#145 = DIRECTION('',(1.,0.,0.));
#146 = ORIENTED_EDGE('',*,*,#147,.T.);
#147 = EDGE_CURVE('',#140,#148,#150,.T.);
#148 = VERTEX_POINT('',#149);
#149 = CARTESIAN_POINT('',(-1.117731010717,1.000338636503,4.33590471078)
  );
#150 = B_SPLINE_CURVE_WITH_KNOTS('',3,(#151,#152,#153,#154,#155,#156,
    #157,#158),.UNSPECIFIED.,.F.,.F.,(4,2,2,4),(6.162975822039E-33,
    2.860615829019E-04,5.721231658037E-04,1.144246331607E-03),
  .UNSPECIFIED.);
#151 = CARTESIAN_POINT('',(-1.5,-3.177248018347E-14,4.649999904633));
#152 = CARTESIAN_POINT('',(-1.5,9.69766455E-02,4.649999904633));
#153 = CARTESIAN_POINT('',(-1.490690336989,0.191679331159,4.642001790793
    ));
#154 = CARTESIAN_POINT('',(-1.454931714031,0.37692486558,4.611501930074)
  );
#155 = CARTESIAN_POINT('',(-1.428019694938,0.468108021071,4.588610271278
    ));
#156 = CARTESIAN_POINT('',(-1.326839440445,0.723158747003,4.503640071743
    ));
#157 = CARTESIAN_POINT('',(-1.230546839983,0.874283572479,4.423722336525
    ));
#158 = CARTESIAN_POINT('',(-1.117731010717,1.000338636503,4.33590471078)
  );
#159 = ORIENTED_EDGE('',*,*,#160,.F.);
#160 = EDGE_CURVE('',#161,#148,#163,.T.);
#161 = VERTEX_POINT('',#162);
#162 = CARTESIAN_POINT('',(-1.134423204632,1.064050124485,4.289351311795
    ));
#163 = B_SPLINE_CURVE_WITH_KNOTS('',3,(#164,#165,#166,#167),
  .UNSPECIFIED.,.F.,.F.,(4,4),(2.500729644381E-16,8.05893456473E-05),
  .PIECEWISE_BEZIER_KNOTS.);
#164 = CARTESIAN_POINT('',(-1.134423204632,1.064050124485,4.289351311795
    ));
#165 = CARTESIAN_POINT('',(-1.127817776275,1.043298702485,4.305244017591
    ));
#166 = CARTESIAN_POINT('',(-1.12227541354,1.022062825026,4.320770319536)
  );
#167 = CARTESIAN_POINT('',(-1.117731010717,1.000338636503,4.33590471078)
  );
#168 = ORIENTED_EDGE('',*,*,#169,.F.);
#169 = EDGE_CURVE('',#170,#161,#172,.T.);
#170 = VERTEX_POINT('',#171);
#171 = CARTESIAN_POINT('',(-0.999570287012,1.118418187139,4.245971954371
    ));
#172 = B_SPLINE_CURVE_WITH_KNOTS('',3,(#173,#174,#175,#176),
  .UNSPECIFIED.,.F.,.F.,(4,4),(7.15792704008E-04,8.674295070407E-04),
  .PIECEWISE_BEZIER_KNOTS.);
#173 = CARTESIAN_POINT('',(-0.999570287012,1.118418187139,4.245971954371
    ));
#174 = CARTESIAN_POINT('',(-1.045115619366,1.101526382033,4.260007982866
    ));
#175 = CARTESIAN_POINT('',(-1.090066882561,1.083435161318,4.274505067174
    ));
#176 = CARTESIAN_POINT('',(-1.134423204632,1.064050124485,4.289351311795
    ));
#177 = ORIENTED_EDGE('',*,*,#178,.T.);
#178 = EDGE_CURVE('',#170,#179,#181,.T.);
#179 = VERTEX_POINT('',#180);
#180 = CARTESIAN_POINT('',(0.853009985527,1.233845194743,4.141018049306)
  );
#181 = B_SPLINE_CURVE_WITH_KNOTS('',3,(#182,#183,#184,#185,#186,#187,
    #188,#189,#190,#191,#192,#193,#194,#195),.UNSPECIFIED.,.F.,.F.,(4,2,
    2,2,2,2,4),(1.333708601886E-03,1.873478474034E-03,2.143363410108E-03
    ,2.413248346182E-03,2.683133282257E-03,2.953018218331E-03,
    3.492788090479E-03),.UNSPECIFIED.);
#182 = CARTESIAN_POINT('',(-0.999570287012,1.118418187139,4.245971954371
    ));
#183 = CARTESIAN_POINT('',(-0.881529849696,1.223915142718,4.15831061413)
  );
#184 = CARTESIAN_POINT('',(-0.749571647756,1.309210337369,4.065908495973
    ));
#185 = CARTESIAN_POINT('',(-0.528523631415,1.406106365708,3.943112327157
    ));
#186 = CARTESIAN_POINT('',(-0.449720023079,1.433521972066,3.904448238227
    ));
#187 = CARTESIAN_POINT('',(-0.284799071275,1.475168747146,3.842220084157
    ));
#188 = CARTESIAN_POINT('',(-0.196514851303,1.48976685628,3.818284684702)
  );
#189 = CARTESIAN_POINT('',(-1.782611450674E-02,1.5025663388,
    3.797188079367));
#190 = CARTESIAN_POINT('',(7.360378237859E-02,1.500876150712,
    3.800120270989));
#191 = CARTESIAN_POINT('',(0.251951489822,1.481407163251,3.831814645003)
  );
#192 = CARTESIAN_POINT('',(0.337525840791,1.46396140583,3.859704137463)
  );
#193 = CARTESIAN_POINT('',(0.58038788103,1.393404704814,3.961971739331)
  );
#194 = CARTESIAN_POINT('',(0.723295212382,1.323522568562,4.051859000957)
  );
#195 = CARTESIAN_POINT('',(0.853009985527,1.233845194743,4.141018049306)
  );
#196 = ORIENTED_EDGE('',*,*,#197,.F.);
#197 = EDGE_CURVE('',#198,#179,#200,.T.);
#198 = VERTEX_POINT('',#199);
#199 = CARTESIAN_POINT('',(0.98601534873,1.202868407887,4.171065439256)
  );
#200 = B_SPLINE_CURVE_WITH_KNOTS('',3,(#201,#202,#203,#204),
  .UNSPECIFIED.,.F.,.F.,(4,4),(2.278579261012E-17,1.397736555614E-04),
  .PIECEWISE_BEZIER_KNOTS.);
#201 = CARTESIAN_POINT('',(0.98601534873,1.202868407887,4.171065439256)
  );
#202 = CARTESIAN_POINT('',(0.941975190937,1.214049972377,4.160483804943)
  );
#203 = CARTESIAN_POINT('',(0.897643579558,1.224366516642,4.150441941679)
  );
#204 = CARTESIAN_POINT('',(0.853009985527,1.233845194743,4.141018049306)
  );
#205 = ORIENTED_EDGE('',*,*,#206,.F.);
#206 = EDGE_CURVE('',#207,#198,#209,.T.);
#207 = VERTEX_POINT('',#208);
#208 = CARTESIAN_POINT('',(0.957805836171,1.154386408529,4.215253499876)
  );
#209 = B_SPLINE_CURVE_WITH_KNOTS('',3,(#210,#211,#212,#213),
  .UNSPECIFIED.,.F.,.F.,(4,4),(2.391475682964E-04,3.106422360183E-04),
  .PIECEWISE_BEZIER_KNOTS.);
#210 = CARTESIAN_POINT('',(0.957805836171,1.154386408529,4.215253499876)
  );
#211 = CARTESIAN_POINT('',(0.966500657067,1.171025217379,4.200649765011)
  );
#212 = CARTESIAN_POINT('',(0.975911992794,1.187176921598,4.185915022236)
  );
#213 = CARTESIAN_POINT('',(0.98601534873,1.202868407887,4.171065439256)
  );
#214 = ORIENTED_EDGE('',*,*,#215,.T.);
#215 = EDGE_CURVE('',#207,#216,#218,.T.);
#216 = VERTEX_POINT('',#217);
#217 = CARTESIAN_POINT('',(1.427100730863,0.461934523467,4.587932514671)
  );
#218 = B_SPLINE_CURVE_WITH_KNOTS('',3,(#219,#220,#221,#222,#223,#224),
  .UNSPECIFIED.,.F.,.F.,(4,2,4),(3.643156284514E-03,4.104626228631E-03,
    4.566096172749E-03),.UNSPECIFIED.);
#219 = CARTESIAN_POINT('',(0.957805836171,1.154386408529,4.215253499876)
  );
#220 = CARTESIAN_POINT('',(1.06141252611,1.068422911768,4.290702898114)
  );
#221 = CARTESIAN_POINT('',(1.155581455156,0.966576502353,4.36481075892)
  );
#222 = CARTESIAN_POINT('',(1.314626137332,0.735796679418,4.493280865511)
  );
#223 = CARTESIAN_POINT('',(1.381086840765,0.604089856858,4.549029032507)
  );
#224 = CARTESIAN_POINT('',(1.427100730863,0.461934523467,4.587932514671)
  );
#225 = ORIENTED_EDGE('',*,*,#226,.F.);
#226 = EDGE_CURVE('',#227,#216,#229,.T.);
#227 = VERTEX_POINT('',#228);
#228 = CARTESIAN_POINT('',(1.517851071965,0.339480187877,4.61675649834)
  );
#229 = B_SPLINE_CURVE_WITH_KNOTS('',3,(#230,#231,#232,#233),
  .UNSPECIFIED.,.F.,.F.,(4,4),(5.079629412551E-16,1.55117717263E-04),
  .PIECEWISE_BEZIER_KNOTS.);
#230 = CARTESIAN_POINT('',(1.517851071965,0.339480187877,4.61675649834)
  );
#231 = CARTESIAN_POINT('',(1.490848344144,0.382945716121,4.608161403527)
  );
#232 = CARTESIAN_POINT('',(1.460395541726,0.42358390855,4.598427882152)
  );
#233 = CARTESIAN_POINT('',(1.427100730863,0.461934523467,4.587932514671)
  );
#234 = ORIENTED_EDGE('',*,*,#235,.F.);
#235 = EDGE_CURVE('',#236,#227,#238,.T.);
#236 = VERTEX_POINT('',#237);
#237 = CARTESIAN_POINT('',(1.498080701608,7.58565189625E-02,
    4.648355071219));
#238 = B_SPLINE_CURVE_WITH_KNOTS('',3,(#239,#240,#241,#242),
  .UNSPECIFIED.,.F.,.F.,(4,4),(5.912862797419E-04,8.548130178764E-04),
  .PIECEWISE_BEZIER_KNOTS.);
#239 = CARTESIAN_POINT('',(1.498080701608,7.58565189625E-02,
    4.648355071219));
#240 = CARTESIAN_POINT('',(1.503786479904,0.164561259259,4.644506406518)
  );
#241 = CARTESIAN_POINT('',(1.510050894287,0.252458963891,4.633964518147)
  );
#242 = CARTESIAN_POINT('',(1.517851071965,0.339480187877,4.61675649834)
  );
#243 = ORIENTED_EDGE('',*,*,#244,.T.);
#244 = EDGE_CURVE('',#236,#245,#247,.T.);
#245 = VERTEX_POINT('',#246);
#246 = CARTESIAN_POINT('',(1.5,-3.195636187218E-14,4.649999904633));
#247 = B_SPLINE_CURVE_WITH_KNOTS('',3,(#248,#249,#250,#251,#252),
  .UNSPECIFIED.,.F.,.F.,(4,1,4),(4.962357420333E-03,5.000265570262E-03,
    5.03817372019E-03),.UNSPECIFIED.);
#248 = CARTESIAN_POINT('',(1.498080701608,7.58565189625E-02,
    4.648355071219));
#249 = CARTESIAN_POINT('',(1.498720962743,6.32120836015E-02,
    4.648903679917));
#250 = CARTESIAN_POINT('',(1.499680457696,3.792489815666E-02,
    4.64972599959));
#251 = CARTESIAN_POINT('',(1.5,1.264107331748E-02,4.649999904633));
#252 = CARTESIAN_POINT('',(1.5,-3.195636187218E-14,4.649999904633));
#253 = ORIENTED_EDGE('',*,*,#254,.T.);
#254 = EDGE_CURVE('',#245,#255,#257,.T.);
#255 = VERTEX_POINT('',#256);
#256 = CARTESIAN_POINT('',(3.,-3.177248018347E-14,4.649999904633));
#257 = LINE('',#258,#259);
#258 = CARTESIAN_POINT('',(-3.,-3.177248018347E-14,4.649999904633));
#259 = VECTOR('',#260,1.);
#260 = DIRECTION('',(1.,0.,0.));
#261 = ORIENTED_EDGE('',*,*,#262,.F.);
#262 = EDGE_CURVE('',#263,#255,#265,.T.);
#263 = VERTEX_POINT('',#264);
#264 = CARTESIAN_POINT('',(3.,-7.546424001421E-15,1.149999904633));
#265 = CIRCLE('',#266,1.75);
#266 = AXIS2_PLACEMENT_3D('',#267,#268,#269);
#267 = CARTESIAN_POINT('',(3.,-1.955229549752E-14,2.899999904633));
#268 = DIRECTION('',(1.,0.,0.));
#269 = DIRECTION('',(0.,-6.982962677686E-15,1.));
#270 = ORIENTED_EDGE('',*,*,#271,.F.);
#271 = EDGE_CURVE('',#272,#263,#274,.T.);
#272 = VERTEX_POINT('',#273);
#273 = CARTESIAN_POINT('',(-3.,-7.546424001421E-15,1.149999904633));
#274 = LINE('',#275,#276);
#275 = CARTESIAN_POINT('',(-3.,-7.546424001421E-15,1.149999904633));
#276 = VECTOR('',#277,1.);
#277 = DIRECTION('',(1.,0.,0.));
#278 = ORIENTED_EDGE('',*,*,#279,.T.);
#279 = EDGE_CURVE('',#272,#138,#280,.T.);
#280 = CIRCLE('',#281,1.75);
#281 = AXIS2_PLACEMENT_3D('',#282,#283,#284);
#282 = CARTESIAN_POINT('',(-3.,-1.955229549752E-14,2.899999904633));
#283 = DIRECTION('',(1.,0.,0.));
#284 = DIRECTION('',(0.,-6.982962677686E-15,1.));
#285 = CYLINDRICAL_SURFACE('',#286,1.75);
#286 = AXIS2_PLACEMENT_3D('',#287,#288,#289);
#287 = CARTESIAN_POINT('',(-3.,-1.955229549752E-14,2.899999904633));
#288 = DIRECTION('',(1.,0.,0.));
#289 = DIRECTION('',(0.,-6.982962677686E-15,1.));
#290 = ADVANCED_FACE('',(#291),#332,.F.);
#291 = FACE_BOUND('',#292,.F.);
#292 = EDGE_LOOP('',(#293,#305,#313,#325,#331));
#293 = ORIENTED_EDGE('',*,*,#294,.F.);
#294 = EDGE_CURVE('',#295,#236,#297,.T.);
#295 = VERTEX_POINT('',#296);
#296 = CARTESIAN_POINT('',(-1.5,-3.329718037505E-14,4.894652108905));
#297 = ( BOUNDED_CURVE() B_SPLINE_CURVE(2,(#298,#299,#300,#301,#302,#303
,#304),.UNSPECIFIED.,.F.,.F.) B_SPLINE_CURVE_WITH_KNOTS((3,2,2,3),(0.7,
0.733333333333,0.766666666667,0.798324579065),.UNSPECIFIED.) CURVE() 
GEOMETRIC_REPRESENTATION_ITEM() RATIONAL_B_SPLINE_CURVE((1.,
    0.866025403784,1.,0.866025403784,1.,0.872759319083,0.987209097964)) 
REPRESENTATION_ITEM('') );
#298 = CARTESIAN_POINT('',(-1.5,-3.329718037505E-14,4.894652108905));
#299 = CARTESIAN_POINT('',(-1.5,0.866025403784,4.852985442238));
#300 = CARTESIAN_POINT('',(-0.75,1.299038105677,4.811318775572));
#301 = CARTESIAN_POINT('',(1.060575238725E-16,1.732050807569,
    4.769652108905));
#302 = CARTESIAN_POINT('',(0.75,1.299038105677,4.727985442238));
#303 = CARTESIAN_POINT('',(1.456807140049,0.890962813104,4.688718378902)
  );
#304 = CARTESIAN_POINT('',(1.498080701608,7.58565189625E-02,
    4.648355071219));
#305 = ORIENTED_EDGE('',*,*,#306,.T.);
#306 = EDGE_CURVE('',#295,#307,#309,.T.);
#307 = VERTEX_POINT('',#308);
#308 = CARTESIAN_POINT('',(-1.5,-3.622325535242E-14,5.31368269985));
#309 = LINE('',#310,#311);
#310 = CARTESIAN_POINT('',(-1.5,1.816268592466E-14,-2.501000095367));
#311 = VECTOR('',#312,1.);
#312 = DIRECTION('',(0.,-6.982962677686E-15,1.));
#313 = ORIENTED_EDGE('',*,*,#314,.F.);
#314 = EDGE_CURVE('',#315,#307,#317,.T.);
#315 = VERTEX_POINT('',#316);
#316 = CARTESIAN_POINT('',(1.5,-3.502860574262E-14,5.06368269985));
#317 = ( BOUNDED_CURVE() B_SPLINE_CURVE(2,(#318,#319,#320,#321,#322,#323
,#324),.UNSPECIFIED.,.F.,.F.) B_SPLINE_CURVE_WITH_KNOTS((3,2,2,3),(0.4,
0.433333333333,0.466666666667,0.5),.UNSPECIFIED.) CURVE() 
GEOMETRIC_REPRESENTATION_ITEM() RATIONAL_B_SPLINE_CURVE((1.,
    0.866025403784,1.,0.866025403784,1.,0.866025403784,1.)) 
REPRESENTATION_ITEM('') );
#318 = CARTESIAN_POINT('',(1.5,-3.502860574262E-14,5.06368269985));
#319 = CARTESIAN_POINT('',(1.5,0.866025403784,5.105349366516));
#320 = CARTESIAN_POINT('',(0.75,1.299038105677,5.147016033183));
#321 = CARTESIAN_POINT('',(1.060575238725E-16,1.732050807569,
    5.18868269985));
#322 = CARTESIAN_POINT('',(-0.75,1.299038105677,5.230349366516));
#323 = CARTESIAN_POINT('',(-1.5,0.866025403784,5.272016033183));
#324 = CARTESIAN_POINT('',(-1.5,-3.622325535242E-14,5.31368269985));
#325 = ORIENTED_EDGE('',*,*,#326,.F.);
#326 = EDGE_CURVE('',#245,#315,#327,.T.);
#327 = LINE('',#328,#329);
#328 = CARTESIAN_POINT('',(1.5,1.797898890479E-14,-2.501000095367));
#329 = VECTOR('',#330,1.);
#330 = DIRECTION('',(0.,-6.982962677686E-15,1.));
#331 = ORIENTED_EDGE('',*,*,#244,.F.);
#332 = CYLINDRICAL_SURFACE('',#333,1.5);
#333 = AXIS2_PLACEMENT_3D('',#334,#335,#336);
#334 = CARTESIAN_POINT('',(0.,1.816268592466E-14,-2.501000095367));
#335 = DIRECTION('',(0.,-6.982962677686E-15,1.));
#336 = DIRECTION('',(-1.,0.,0.));
#337 = ADVANCED_FACE('',(#338),#380,.F.);
#338 = FACE_BOUND('',#339,.F.);
#339 = EDGE_LOOP('',(#340,#350,#362,#370));
#340 = ORIENTED_EDGE('',*,*,#341,.T.);
#341 = EDGE_CURVE('',#342,#344,#346,.T.);
#342 = VERTEX_POINT('',#343);
#343 = CARTESIAN_POINT('',(-1.5,-3.678866171389E-14,5.394652108905));
#344 = VERTEX_POINT('',#345);
#345 = CARTESIAN_POINT('',(-1.5,-3.971473669127E-14,5.81368269985));
#346 = LINE('',#347,#348);
#347 = CARTESIAN_POINT('',(-1.5,1.816268592466E-14,-2.501000095367));
#348 = VECTOR('',#349,1.);
#349 = DIRECTION('',(0.,-6.982962677686E-15,1.));
#350 = ORIENTED_EDGE('',*,*,#351,.F.);
#351 = EDGE_CURVE('',#352,#344,#354,.T.);
#352 = VERTEX_POINT('',#353);
#353 = CARTESIAN_POINT('',(1.5,-3.852008708146E-14,5.56368269985));
#354 = ( BOUNDED_CURVE() B_SPLINE_CURVE(2,(#355,#356,#357,#358,#359,#360
,#361),.UNSPECIFIED.,.F.,.F.) B_SPLINE_CURVE_WITH_KNOTS((3,2,2,3),(0.6,
0.633333333333,0.666666666667,0.7),.UNSPECIFIED.) CURVE() 
GEOMETRIC_REPRESENTATION_ITEM() RATIONAL_B_SPLINE_CURVE((1.,
    0.866025403784,1.,0.866025403784,1.,0.866025403784,1.)) 
REPRESENTATION_ITEM('') );
#355 = CARTESIAN_POINT('',(1.5,-3.852008708146E-14,5.56368269985));
#356 = CARTESIAN_POINT('',(1.5,0.866025403784,5.605349366516));
#357 = CARTESIAN_POINT('',(0.75,1.299038105677,5.647016033183));
#358 = CARTESIAN_POINT('',(1.060575238725E-16,1.732050807569,
    5.68868269985));
#359 = CARTESIAN_POINT('',(-0.75,1.299038105677,5.730349366516));
#360 = CARTESIAN_POINT('',(-1.5,0.866025403784,5.772016033183));
#361 = CARTESIAN_POINT('',(-1.5,-3.971473669127E-14,5.81368269985));
#362 = ORIENTED_EDGE('',*,*,#363,.F.);
#363 = EDGE_CURVE('',#364,#352,#366,.T.);
#364 = VERTEX_POINT('',#365);
#365 = CARTESIAN_POINT('',(1.5,-3.559401210409E-14,5.144652108905));
#366 = LINE('',#367,#368);
#367 = CARTESIAN_POINT('',(1.5,1.797898890479E-14,-2.501000095367));
#368 = VECTOR('',#369,1.);
#369 = DIRECTION('',(0.,-6.982962677686E-15,1.));
#370 = ORIENTED_EDGE('',*,*,#371,.F.);
#371 = EDGE_CURVE('',#342,#364,#372,.T.);
#372 = ( BOUNDED_CURVE() B_SPLINE_CURVE(2,(#373,#374,#375,#376,#377,#378
,#379),.UNSPECIFIED.,.F.,.F.) B_SPLINE_CURVE_WITH_KNOTS((3,2,2,3),(0.5,
0.533333333333,0.566666666667,0.6),.UNSPECIFIED.) CURVE() 
GEOMETRIC_REPRESENTATION_ITEM() RATIONAL_B_SPLINE_CURVE((1.,
    0.866025403784,1.,0.866025403784,1.,0.866025403784,1.)) 
REPRESENTATION_ITEM('') );
#373 = CARTESIAN_POINT('',(-1.5,-3.678866171389E-14,5.394652108905));
#374 = CARTESIAN_POINT('',(-1.5,0.866025403784,5.352985442238));
#375 = CARTESIAN_POINT('',(-0.75,1.299038105677,5.311318775572));
#376 = CARTESIAN_POINT('',(1.060575238725E-16,1.732050807569,
    5.269652108905));
#377 = CARTESIAN_POINT('',(0.75,1.299038105677,5.227985442238));
#378 = CARTESIAN_POINT('',(1.5,0.866025403784,5.186318775572));
#379 = CARTESIAN_POINT('',(1.5,-3.559401210409E-14,5.144652108905));
#380 = CYLINDRICAL_SURFACE('',#381,1.5);
#381 = AXIS2_PLACEMENT_3D('',#382,#383,#384);
#382 = CARTESIAN_POINT('',(0.,1.816268592466E-14,-2.501000095367));
#383 = DIRECTION('',(0.,-6.982962677686E-15,1.));
#384 = DIRECTION('',(-1.,0.,0.));
#385 = ADVANCED_FACE('',(#386),#433,.F.);
#386 = FACE_BOUND('',#387,.F.);
#387 = EDGE_LOOP('',(#388,#398,#407,#415,#423));
#388 = ORIENTED_EDGE('',*,*,#389,.T.);
#389 = EDGE_CURVE('',#390,#392,#394,.T.);
#390 = VERTEX_POINT('',#391);
#391 = CARTESIAN_POINT('',(-1.5,-4.028014305273E-14,5.894652108905));
#392 = VERTEX_POINT('',#393);
#393 = CARTESIAN_POINT('',(-1.5,-3.527773582406E-14,6.099999904633));
#394 = LINE('',#395,#396);
#395 = CARTESIAN_POINT('',(-1.5,1.816268592466E-14,-2.501000095367));
#396 = VECTOR('',#397,1.);
#397 = DIRECTION('',(0.,-6.982962677686E-15,1.));
#398 = ORIENTED_EDGE('',*,*,#399,.F.);
#399 = EDGE_CURVE('',#400,#392,#402,.T.);
#400 = VERTEX_POINT('',#401);
#401 = CARTESIAN_POINT('',(1.344503954349,0.665063242661,6.099999904633)
  );
#402 = CIRCLE('',#403,1.5);
#403 = AXIS2_PLACEMENT_3D('',#404,#405,#406);
#404 = CARTESIAN_POINT('',(0.,-4.189777606612E-14,6.099999904633));
#405 = DIRECTION('',(0.,-6.982962677686E-15,1.));
#406 = DIRECTION('',(-1.,0.,0.));
#407 = ORIENTED_EDGE('',*,*,#408,.F.);
#408 = EDGE_CURVE('',#409,#400,#411,.T.);
#409 = VERTEX_POINT('',#410);
#410 = CARTESIAN_POINT('',(1.5,-4.20115684203E-14,6.06368269985));
#411 = ( BOUNDED_CURVE() B_SPLINE_CURVE(2,(#412,#413,#414),
.UNSPECIFIED.,.F.,.F.) B_SPLINE_CURVE_WITH_KNOTS((3,3),(0.8,
0.814668159319),.PIECEWISE_BEZIER_KNOTS.) CURVE() 
GEOMETRIC_REPRESENTATION_ITEM() RATIONAL_B_SPLINE_CURVE((1.,
0.94104517834,0.933975879684)) REPRESENTATION_ITEM('') );
#412 = CARTESIAN_POINT('',(1.5,-4.20115684203E-14,6.06368269985));
#413 = CARTESIAN_POINT('',(1.5,0.350709607018,6.080556223685));
#414 = CARTESIAN_POINT('',(1.344503954349,0.665063242661,6.099999904633)
  );
#415 = ORIENTED_EDGE('',*,*,#416,.F.);
#416 = EDGE_CURVE('',#417,#409,#419,.T.);
#417 = VERTEX_POINT('',#418);
#418 = CARTESIAN_POINT('',(1.5,-3.908549344293E-14,5.644652108905));
#419 = LINE('',#420,#421);
#420 = CARTESIAN_POINT('',(1.5,1.797898890479E-14,-2.501000095367));
#421 = VECTOR('',#422,1.);
#422 = DIRECTION('',(0.,-6.982962677686E-15,1.));
#423 = ORIENTED_EDGE('',*,*,#424,.F.);
#424 = EDGE_CURVE('',#390,#417,#425,.T.);
#425 = ( BOUNDED_CURVE() B_SPLINE_CURVE(2,(#426,#427,#428,#429,#430,#431
,#432),.UNSPECIFIED.,.F.,.F.) B_SPLINE_CURVE_WITH_KNOTS((3,2,2,3),(0.3,
0.333333333333,0.366666666667,0.4),.UNSPECIFIED.) CURVE() 
GEOMETRIC_REPRESENTATION_ITEM() RATIONAL_B_SPLINE_CURVE((1.,
    0.866025403784,1.,0.866025403784,1.,0.866025403784,1.)) 
REPRESENTATION_ITEM('') );
#426 = CARTESIAN_POINT('',(-1.5,-4.028014305273E-14,5.894652108905));
#427 = CARTESIAN_POINT('',(-1.5,0.866025403784,5.852985442238));
#428 = CARTESIAN_POINT('',(-0.75,1.299038105677,5.811318775572));
#429 = CARTESIAN_POINT('',(1.060575238725E-16,1.732050807569,
    5.769652108905));
#430 = CARTESIAN_POINT('',(0.75,1.299038105677,5.727985442238));
#431 = CARTESIAN_POINT('',(1.5,0.866025403784,5.686318775572));
#432 = CARTESIAN_POINT('',(1.5,-3.908549344293E-14,5.644652108905));
#433 = CYLINDRICAL_SURFACE('',#434,1.5);
#434 = AXIS2_PLACEMENT_3D('',#435,#436,#437);
#435 = CARTESIAN_POINT('',(0.,1.816268592466E-14,-2.501000095367));
#436 = DIRECTION('',(0.,-6.982962677686E-15,1.));
#437 = DIRECTION('',(-1.,0.,0.));
#438 = ADVANCED_FACE('',(#439),#492,.F.);
#439 = FACE_BOUND('',#440,.F.);
#440 = EDGE_LOOP('',(#441,#453,#459,#470,#482,#491));
#441 = ORIENTED_EDGE('',*,*,#442,.F.);
#442 = EDGE_CURVE('',#443,#315,#445,.T.);
#443 = VERTEX_POINT('',#444);
#444 = CARTESIAN_POINT('',(-1.5,-3.273177401358E-14,4.81368269985));
#445 = ( BOUNDED_CURVE() B_SPLINE_CURVE(2,(#446,#447,#448,#449,#450,#451
,#452),.UNSPECIFIED.,.F.,.F.) B_SPLINE_CURVE_WITH_KNOTS((3,2,2,3),(0.3,
0.333333333333,0.366666666667,0.4),.UNSPECIFIED.) CURVE() 
GEOMETRIC_REPRESENTATION_ITEM() RATIONAL_B_SPLINE_CURVE((1.,
    0.866025403784,1.,0.866025403784,1.,0.866025403784,1.)) 
REPRESENTATION_ITEM('') );
#446 = CARTESIAN_POINT('',(-1.5,-3.273177401358E-14,4.81368269985));
#447 = CARTESIAN_POINT('',(-1.5,-0.866025403784,4.855349366516));
#448 = CARTESIAN_POINT('',(-0.75,-1.299038105677,4.897016033183));
#449 = CARTESIAN_POINT('',(-3.181725716175E-16,-1.732050807569,
    4.93868269985));
#450 = CARTESIAN_POINT('',(0.75,-1.299038105677,4.980349366516));
#451 = CARTESIAN_POINT('',(1.5,-0.866025403784,5.022016033183));
#452 = CARTESIAN_POINT('',(1.5,-3.502860574262E-14,5.06368269985));
#453 = ORIENTED_EDGE('',*,*,#454,.F.);
#454 = EDGE_CURVE('',#140,#443,#455,.T.);
#455 = LINE('',#456,#457);
#456 = CARTESIAN_POINT('',(-1.5,1.816268592466E-14,-2.501000095367));
#457 = VECTOR('',#458,1.);
#458 = DIRECTION('',(0.,-6.982962677686E-15,1.));
#459 = ORIENTED_EDGE('',*,*,#460,.F.);
#460 = EDGE_CURVE('',#461,#140,#463,.T.);
#461 = VERTEX_POINT('',#462);
#462 = CARTESIAN_POINT('',(-1.250423414418,-0.828517522249,
    4.441446859713));
#463 = B_SPLINE_CURVE_WITH_KNOTS('',3,(#464,#465,#466,#467,#468,#469),
  .UNSPECIFIED.,.F.,.F.,(4,2,4),(9.173342170548E-03,9.624081348833E-03,
    1.007482052712E-02),.UNSPECIFIED.);
#464 = CARTESIAN_POINT('',(-1.250423414418,-0.828517522249,
    4.441446859713));
#465 = CARTESIAN_POINT('',(-1.326261097021,-0.714061024379,
    4.502966468745));
#466 = CARTESIAN_POINT('',(-1.389451776363,-0.58384630414,4.556062528111
    ));
#467 = CARTESIAN_POINT('',(-1.476148942871,-0.30403461013,4.629445733673
    ));
#468 = CARTESIAN_POINT('',(-1.5,-0.152803368639,4.649999904633));
#469 = CARTESIAN_POINT('',(-1.5,-3.177248018347E-14,4.649999904633));
#470 = ORIENTED_EDGE('',*,*,#471,.F.);
#471 = EDGE_CURVE('',#472,#461,#474,.T.);
#472 = VERTEX_POINT('',#473);
#473 = CARTESIAN_POINT('',(1.479002379399,-0.250103901871,4.632035712077
    ));
#474 = ( BOUNDED_CURVE() B_SPLINE_CURVE(2,(#475,#476,#477,#478,#479,#480
,#481),.UNSPECIFIED.,.F.,.F.) B_SPLINE_CURVE_WITH_KNOTS((3,2,2,3),(
    0.805473899398,0.833333333333,0.866666666667,0.881417691017),
.UNSPECIFIED.) CURVE() GEOMETRIC_REPRESENTATION_ITEM() 
RATIONAL_B_SPLINE_CURVE((0.963224036364,0.888026307632,1.,0.866025403784
,1.,0.940712124067,0.933897662228)) REPRESENTATION_ITEM('') );
#475 = CARTESIAN_POINT('',(1.479002379399,-0.250103901871,4.632035712077
    ));
#476 = CARTESIAN_POINT('',(1.361307333579,-0.946099652077,4.595280294104
    ));
#477 = CARTESIAN_POINT('',(0.75,-1.299038105677,4.561318775572));
#478 = CARTESIAN_POINT('',(-3.181725716175E-16,-1.732050807569,
    4.519652108905));
#479 = CARTESIAN_POINT('',(-0.75,-1.299038105677,4.477985442238));
#480 = CARTESIAN_POINT('',(-1.055547397102,-1.12263023371,4.461010586844
    ));
#481 = CARTESIAN_POINT('',(-1.250423414418,-0.828517522249,
    4.441446859713));
#482 = ORIENTED_EDGE('',*,*,#483,.F.);
#483 = EDGE_CURVE('',#245,#472,#484,.T.);
#484 = B_SPLINE_CURVE_WITH_KNOTS('',3,(#485,#486,#487,#488,#489,#490),
  .UNSPECIFIED.,.F.,.F.,(4,2,4),(5.03817372019E-03,5.163341156215E-03,
    5.28850859224E-03),.UNSPECIFIED.);
#485 = CARTESIAN_POINT('',(1.5,-3.195636187218E-14,4.649999904633));
#486 = CARTESIAN_POINT('',(1.5,-4.173906504892E-02,4.649999904633));
#487 = CARTESIAN_POINT('',(1.498260910148,-8.346899491839E-02,
    4.648508554594));
#488 = CARTESIAN_POINT('',(1.491272521624,-0.166910437782,4.642524073148
    ));
#489 = CARTESIAN_POINT('',(1.485974001607,-0.208876852809,4.63798884872)
  );
#490 = CARTESIAN_POINT('',(1.479002379399,-0.250103901871,4.632035712077
    ));
#491 = ORIENTED_EDGE('',*,*,#326,.T.);
#492 = CYLINDRICAL_SURFACE('',#493,1.5);
#493 = AXIS2_PLACEMENT_3D('',#494,#495,#496);
#494 = CARTESIAN_POINT('',(0.,1.816268592466E-14,-2.501000095367));
#495 = DIRECTION('',(0.,-6.982962677686E-15,1.));
#496 = DIRECTION('',(-1.,0.,0.));
#497 = ADVANCED_FACE('',(#498),#522,.F.);
#498 = FACE_BOUND('',#499,.F.);
#499 = EDGE_LOOP('',(#500,#510,#511,#521));
#500 = ORIENTED_EDGE('',*,*,#501,.F.);
#501 = EDGE_CURVE('',#307,#352,#502,.T.);
#502 = ( BOUNDED_CURVE() B_SPLINE_CURVE(2,(#503,#504,#505,#506,#507,#508
,#509),.UNSPECIFIED.,.F.,.F.) B_SPLINE_CURVE_WITH_KNOTS((3,2,2,3),(0.5,
0.533333333333,0.566666666667,0.6),.UNSPECIFIED.) CURVE() 
GEOMETRIC_REPRESENTATION_ITEM() RATIONAL_B_SPLINE_CURVE((1.,
    0.866025403784,1.,0.866025403784,1.,0.866025403784,1.)) 
REPRESENTATION_ITEM('') );
#503 = CARTESIAN_POINT('',(-1.5,-3.622325535242E-14,5.31368269985));
#504 = CARTESIAN_POINT('',(-1.5,-0.866025403784,5.355349366516));
#505 = CARTESIAN_POINT('',(-0.75,-1.299038105677,5.397016033183));
#506 = CARTESIAN_POINT('',(-3.181725716175E-16,-1.732050807569,
    5.43868269985));
#507 = CARTESIAN_POINT('',(0.75,-1.299038105677,5.480349366516));
#508 = CARTESIAN_POINT('',(1.5,-0.866025403784,5.522016033183));
#509 = CARTESIAN_POINT('',(1.5,-3.852008708146E-14,5.56368269985));
#510 = ORIENTED_EDGE('',*,*,#306,.F.);
#511 = ORIENTED_EDGE('',*,*,#512,.F.);
#512 = EDGE_CURVE('',#364,#295,#513,.T.);
#513 = ( BOUNDED_CURVE() B_SPLINE_CURVE(2,(#514,#515,#516,#517,#518,#519
,#520),.UNSPECIFIED.,.F.,.F.) B_SPLINE_CURVE_WITH_KNOTS((3,2,2,3),(0.6,
0.633333333333,0.666666666667,0.7),.UNSPECIFIED.) CURVE() 
GEOMETRIC_REPRESENTATION_ITEM() RATIONAL_B_SPLINE_CURVE((1.,
    0.866025403784,1.,0.866025403784,1.,0.866025403784,1.)) 
REPRESENTATION_ITEM('') );
#514 = CARTESIAN_POINT('',(1.5,-3.559401210409E-14,5.144652108905));
#515 = CARTESIAN_POINT('',(1.5,-0.866025403784,5.102985442238));
#516 = CARTESIAN_POINT('',(0.75,-1.299038105677,5.061318775572));
#517 = CARTESIAN_POINT('',(-3.181725716175E-16,-1.732050807569,
    5.019652108905));
#518 = CARTESIAN_POINT('',(-0.75,-1.299038105677,4.977985442238));
#519 = CARTESIAN_POINT('',(-1.5,-0.866025403784,4.936318775572));
#520 = CARTESIAN_POINT('',(-1.5,-3.329718037505E-14,4.894652108905));
#521 = ORIENTED_EDGE('',*,*,#363,.T.);
#522 = CYLINDRICAL_SURFACE('',#523,1.5);
#523 = AXIS2_PLACEMENT_3D('',#524,#525,#526);
#524 = CARTESIAN_POINT('',(0.,1.816268592466E-14,-2.501000095367));
#525 = DIRECTION('',(0.,-6.982962677686E-15,1.));
#526 = DIRECTION('',(-1.,0.,0.));
#527 = ADVANCED_FACE('',(#528),#552,.F.);
#528 = FACE_BOUND('',#529,.F.);
#529 = EDGE_LOOP('',(#530,#540,#541,#551));
#530 = ORIENTED_EDGE('',*,*,#531,.F.);
#531 = EDGE_CURVE('',#344,#409,#532,.T.);
#532 = ( BOUNDED_CURVE() B_SPLINE_CURVE(2,(#533,#534,#535,#536,#537,#538
,#539),.UNSPECIFIED.,.F.,.F.) B_SPLINE_CURVE_WITH_KNOTS((3,2,2,3),(0.7,
0.733333333333,0.766666666667,0.8),.UNSPECIFIED.) CURVE() 
GEOMETRIC_REPRESENTATION_ITEM() RATIONAL_B_SPLINE_CURVE((1.,
    0.866025403784,1.,0.866025403784,1.,0.866025403784,1.)) 
REPRESENTATION_ITEM('') );
#533 = CARTESIAN_POINT('',(-1.5,-3.971473669127E-14,5.81368269985));
#534 = CARTESIAN_POINT('',(-1.5,-0.866025403784,5.855349366516));
#535 = CARTESIAN_POINT('',(-0.75,-1.299038105677,5.897016033183));
#536 = CARTESIAN_POINT('',(-3.181725716175E-16,-1.732050807569,
    5.93868269985));
#537 = CARTESIAN_POINT('',(0.75,-1.299038105677,5.980349366516));
#538 = CARTESIAN_POINT('',(1.5,-0.866025403784,6.022016033183));
#539 = CARTESIAN_POINT('',(1.5,-4.20115684203E-14,6.06368269985));
#540 = ORIENTED_EDGE('',*,*,#341,.F.);
#541 = ORIENTED_EDGE('',*,*,#542,.F.);
#542 = EDGE_CURVE('',#417,#342,#543,.T.);
#543 = ( BOUNDED_CURVE() B_SPLINE_CURVE(2,(#544,#545,#546,#547,#548,#549
,#550),.UNSPECIFIED.,.F.,.F.) B_SPLINE_CURVE_WITH_KNOTS((3,2,2,3),(0.4,
0.433333333333,0.466666666667,0.5),.UNSPECIFIED.) CURVE() 
GEOMETRIC_REPRESENTATION_ITEM() RATIONAL_B_SPLINE_CURVE((1.,
    0.866025403784,1.,0.866025403784,1.,0.866025403784,1.)) 
REPRESENTATION_ITEM('') );
#544 = CARTESIAN_POINT('',(1.5,-3.908549344293E-14,5.644652108905));
#545 = CARTESIAN_POINT('',(1.5,-0.866025403784,5.602985442238));
#546 = CARTESIAN_POINT('',(0.75,-1.299038105677,5.561318775572));
#547 = CARTESIAN_POINT('',(-3.181725716175E-16,-1.732050807569,
    5.519652108905));
#548 = CARTESIAN_POINT('',(-0.75,-1.299038105677,5.477985442238));
#549 = CARTESIAN_POINT('',(-1.5,-0.866025403784,5.436318775572));
#550 = CARTESIAN_POINT('',(-1.5,-3.678866171389E-14,5.394652108905));
#551 = ORIENTED_EDGE('',*,*,#416,.T.);
#552 = CYLINDRICAL_SURFACE('',#553,1.5);
#553 = AXIS2_PLACEMENT_3D('',#554,#555,#556);
#554 = CARTESIAN_POINT('',(0.,1.816268592466E-14,-2.501000095367));
#555 = DIRECTION('',(0.,-6.982962677686E-15,1.));
#556 = DIRECTION('',(-1.,0.,0.));
#557 = ADVANCED_FACE('',(#558),#580,.F.);
#558 = FACE_BOUND('',#559,.F.);
#559 = EDGE_LOOP('',(#560,#569,#570));
#560 = ORIENTED_EDGE('',*,*,#561,.F.);
#561 = EDGE_CURVE('',#392,#562,#564,.T.);
#562 = VERTEX_POINT('',#563);
#563 = CARTESIAN_POINT('',(1.271334319355,-0.796058445361,6.099999904633
    ));
#564 = CIRCLE('',#565,1.5);
#565 = AXIS2_PLACEMENT_3D('',#566,#567,#568);
#566 = CARTESIAN_POINT('',(0.,-4.189777606612E-14,6.099999904633));
#567 = DIRECTION('',(0.,-6.982962677686E-15,1.));
#568 = DIRECTION('',(-1.,0.,0.));
#569 = ORIENTED_EDGE('',*,*,#389,.F.);
#570 = ORIENTED_EDGE('',*,*,#571,.F.);
#571 = EDGE_CURVE('',#562,#390,#572,.T.);
#572 = ( BOUNDED_CURVE() B_SPLINE_CURVE(2,(#573,#574,#575,#576,#577,#578
,#579),.UNSPECIFIED.,.F.,.F.) B_SPLINE_CURVE_WITH_KNOTS((3,2,2,3),(
    0.217781242234,0.233333333333,0.266666666667,0.3),.UNSPECIFIED.) 
CURVE() GEOMETRIC_REPRESENTATION_ITEM() RATIONAL_B_SPLINE_CURVE((
    0.933312282708,0.937492446239,1.,0.866025403784,1.,0.866025403784,1.
)) REPRESENTATION_ITEM('') );
#573 = CARTESIAN_POINT('',(1.271334319355,-0.796058445361,6.099999904633
    ));
#574 = CARTESIAN_POINT('',(1.07324674789,-1.112411508767,6.079276928232)
  );
#575 = CARTESIAN_POINT('',(0.75,-1.299038105677,6.061318775572));
#576 = CARTESIAN_POINT('',(-3.181725716175E-16,-1.732050807569,
    6.019652108905));
#577 = CARTESIAN_POINT('',(-0.75,-1.299038105677,5.977985442238));
#578 = CARTESIAN_POINT('',(-1.5,-0.866025403784,5.936318775572));
#579 = CARTESIAN_POINT('',(-1.5,-4.028014305273E-14,5.894652108905));
#580 = CYLINDRICAL_SURFACE('',#581,1.5);
#581 = AXIS2_PLACEMENT_3D('',#582,#583,#584);
#582 = CARTESIAN_POINT('',(0.,1.816268592466E-14,-2.501000095367));
#583 = DIRECTION('',(0.,-6.982962677686E-15,1.));
#584 = DIRECTION('',(-1.,0.,0.));
#585 = ADVANCED_FACE('',(#586,#764,#838,#872,#938,#1036),#1086,.F.);
#586 = FACE_BOUND('',#587,.T.);
#587 = EDGE_LOOP('',(#588,#598,#614,#638,#662,#678,#686,#702,#726,#750)
  );
#588 = ORIENTED_EDGE('',*,*,#589,.T.);
#589 = EDGE_CURVE('',#590,#592,#594,.T.);
#590 = VERTEX_POINT('',#591);
#591 = CARTESIAN_POINT('',(-5.736720921478E-02,-2.015326947394,
    9.999990463255E-02));
#592 = VERTEX_POINT('',#593);
#593 = CARTESIAN_POINT('',(-5.736720921478E-02,-1.993375727882,
    9.999990463255E-02));
#594 = LINE('',#595,#596);
#595 = CARTESIAN_POINT('',(-5.736720921478E-02,-2.015326947394,
    9.999990463255E-02));
#596 = VECTOR('',#597,1.);
#597 = DIRECTION('',(0.,1.,6.982962677686E-15));
#598 = ORIENTED_EDGE('',*,*,#599,.T.);
#599 = EDGE_CURVE('',#592,#600,#602,.T.);
#600 = VERTEX_POINT('',#601);
#601 = CARTESIAN_POINT('',(-0.11239769702,-1.980570849833,
    9.999990463255E-02));
#602 = B_SPLINE_CURVE_WITH_KNOTS('',3,(#603,#604,#605,#606,#607,#608,
    #609,#610,#611,#612,#613),.UNSPECIFIED.,.F.,.F.,(4,1,1,1,1,1,1,1,4),
  (0.,0.112448389909,0.226527675213,0.344401949326,0.465864972487,
    0.591659449352,0.722168487025,0.858606387555,1.),.UNSPECIFIED.);
#603 = CARTESIAN_POINT('',(-5.736720921478E-02,-1.993375727882,
    9.999990463255E-02));
#604 = CARTESIAN_POINT('',(-5.924388736977E-02,-1.992339877948,
    9.999990463255E-02));
#605 = CARTESIAN_POINT('',(-6.302446208426E-02,-1.990253154629,
    9.999990463255E-02));
#606 = CARTESIAN_POINT('',(-6.907039498118E-02,-1.987678336606,
    9.999990463255E-02));
#607 = CARTESIAN_POINT('',(-7.543218156576E-02,-1.985457434884,
    9.999990463255E-02));
#608 = CARTESIAN_POINT('',(-8.216550406164E-02,-1.983686464972,
    9.999990463255E-02));
#609 = CARTESIAN_POINT('',(-8.922560132423E-02,-1.982263181822,
    9.999990463255E-02));
#610 = CARTESIAN_POINT('',(-9.66498831713E-02,-1.981299141145,
    9.999990463255E-02));
#611 = CARTESIAN_POINT('',(-0.104408936958,-1.980664544543,
    9.999990463255E-02));
#612 = CARTESIAN_POINT('',(-0.109703298293,-1.980602450595,
    9.999990463255E-02));
#613 = CARTESIAN_POINT('',(-0.11239769702,-1.980570849833,
    9.999990463255E-02));
#614 = ORIENTED_EDGE('',*,*,#615,.T.);
#615 = EDGE_CURVE('',#600,#616,#618,.T.);
#616 = VERTEX_POINT('',#617);
#617 = CARTESIAN_POINT('',(-0.20614769702,-2.07923700837,
    9.999990463255E-02));
#618 = B_SPLINE_CURVE_WITH_KNOTS('',3,(#619,#620,#621,#622,#623,#624,
    #625,#626,#627,#628,#629,#630,#631,#632,#633,#634,#635,#636,#637),
  .UNSPECIFIED.,.F.,.F.,(4,1,1,1,1,1,1,1,1,1,1,1,1,1,1,1,4),(0.,
    6.783324845577E-02,0.132655536508,0.195050884051,0.255582933069,
    0.314799834147,0.373600472826,0.432545595327,0.492430629284,
    0.552671255963,0.612513044188,0.672610250357,0.733838369314,
    0.796594238568,0.861449799291,0.929198942351,1.),.UNSPECIFIED.);
#619 = CARTESIAN_POINT('',(-0.11239769702,-1.980570849833,
    9.999990463255E-02));
#620 = CARTESIAN_POINT('',(-0.11586950933,-1.98064828125,
    9.999990463255E-02));
#621 = CARTESIAN_POINT('',(-0.122659028263,-1.980799707083,
    9.999990463255E-02));
#622 = CARTESIAN_POINT('',(-0.132577520636,-1.982073417535,
    9.999990463255E-02));
#623 = CARTESIAN_POINT('',(-0.141960775992,-1.984199920514,
    9.999990463255E-02));
#624 = CARTESIAN_POINT('',(-0.15080553524,-1.987187735377,
    9.999990463255E-02));
#625 = CARTESIAN_POINT('',(-0.159142741491,-1.990963150917,
    9.999990463255E-02));
#626 = CARTESIAN_POINT('',(-0.166929207188,-1.995629936995,
    9.999990463255E-02));
#627 = CARTESIAN_POINT('',(-0.174113404922,-2.001224846072,
    9.999990463255E-02));
#628 = CARTESIAN_POINT('',(-0.18079040052,-2.007522344278,
    9.999990463255E-02));
#629 = CARTESIAN_POINT('',(-0.186748070847,-2.01456836569,
    9.999990463255E-02));
#630 = CARTESIAN_POINT('',(-0.191962886912,-2.022189702654,
    9.999990463255E-02));
#631 = CARTESIAN_POINT('',(-0.196374596627,-2.030362650179,
    9.999990463255E-02));
#632 = CARTESIAN_POINT('',(-0.199954400927,-2.039091695117,
    9.999990463255E-02));
#633 = CARTESIAN_POINT('',(-0.202744127611,-2.048359118235,
    9.999990463255E-02));
#634 = CARTESIAN_POINT('',(-0.204695034976,-2.058173261522,
    9.999990463255E-02));
#635 = CARTESIAN_POINT('',(-0.205962862436,-2.068520355899,
    9.999990463255E-02));
#636 = CARTESIAN_POINT('',(-0.206085187321,-2.07561271523,
    9.999990463255E-02));
#637 = CARTESIAN_POINT('',(-0.20614769702,-2.07923700837,
    9.999990463255E-02));
#638 = ORIENTED_EDGE('',*,*,#639,.T.);
#639 = EDGE_CURVE('',#616,#640,#642,.T.);
#640 = VERTEX_POINT('',#641);
#641 = CARTESIAN_POINT('',(-0.104432757995,-2.185448898614,
    9.999990463255E-02));
#642 = B_SPLINE_CURVE_WITH_KNOTS('',3,(#643,#644,#645,#646,#647,#648,
    #649,#650,#651,#652,#653,#654,#655,#656,#657,#658,#659,#660,#661),
  .UNSPECIFIED.,.F.,.F.,(4,1,1,1,1,1,1,1,1,1,1,1,1,1,1,1,4),(0.,
    7.064371857535E-02,0.138256715509,0.203364124218,0.266324093803,
    0.327904761543,0.388737715173,0.449423528109,0.510861011459,
    0.572079396048,0.631734428731,0.691117210579,0.75036002949,
    0.810032900531,0.871362450829,0.934427141231,1.),.UNSPECIFIED.);
#643 = CARTESIAN_POINT('',(-0.20614769702,-2.07923700837,
    9.999990463255E-02));
#644 = CARTESIAN_POINT('',(-0.206060592329,-2.083128110592,
    9.999990463255E-02));
#645 = CARTESIAN_POINT('',(-0.205890119869,-2.090743380905,
    9.999990463255E-02));
#646 = CARTESIAN_POINT('',(-0.204535096731,-2.101878772581,
    9.999990463255E-02));
#647 = CARTESIAN_POINT('',(-0.202311725051,-2.112437571672,
    9.999990463255E-02));
#648 = CARTESIAN_POINT('',(-0.199129788183,-2.122403750208,
    9.999990463255E-02));
#649 = CARTESIAN_POINT('',(-0.195077850139,-2.131790778124,
    9.999990463255E-02));
#650 = CARTESIAN_POINT('',(-0.190152467177,-2.140611145703,
    9.999990463255E-02));
#651 = CARTESIAN_POINT('',(-0.184273606942,-2.148819407661,
    9.999990463255E-02));
#652 = CARTESIAN_POINT('',(-0.177534892043,-2.156359772865,
    9.999990463255E-02));
#653 = CARTESIAN_POINT('',(-0.170159301099,-2.163194474165,
    9.999990463255E-02));
#654 = CARTESIAN_POINT('',(-0.162201069664,-2.169158558726,
    9.999990463255E-02));
#655 = CARTESIAN_POINT('',(-0.153756193682,-2.174198708504,
    9.999990463255E-02));
#656 = CARTESIAN_POINT('',(-0.144836626462,-2.178348159786,
    9.999990463255E-02));
#657 = CARTESIAN_POINT('',(-0.135409578195,-2.181515612359,
    9.999990463255E-02));
#658 = CARTESIAN_POINT('',(-0.125519155439,-2.183790392657,
    9.999990463255E-02));
#659 = CARTESIAN_POINT('',(-0.115131295814,-2.185199978335,
    9.999990463255E-02));
#660 = CARTESIAN_POINT('',(-0.108044993389,-2.185364853611,
    9.999990463255E-02));
#661 = CARTESIAN_POINT('',(-0.104432757995,-2.185448898614,
    9.999990463255E-02));
#662 = ORIENTED_EDGE('',*,*,#663,.T.);
#663 = EDGE_CURVE('',#640,#664,#666,.T.);
#664 = VERTEX_POINT('',#665);
#665 = CARTESIAN_POINT('',(-5.736720921478E-02,-2.177522069345,
    9.999990463255E-02));
#666 = B_SPLINE_CURVE_WITH_KNOTS('',3,(#667,#668,#669,#670,#671,#672,
    #673,#674,#675,#676,#677),.UNSPECIFIED.,.F.,.F.,(4,1,1,1,1,1,1,1,4),
  (0.,0.145186866472,0.28344261092,0.416524365929,0.543181123535,
    0.665153082638,0.781360206313,0.892756655642,1.),.UNSPECIFIED.);
#667 = CARTESIAN_POINT('',(-0.104432757995,-2.185448898614,
    9.999990463255E-02));
#668 = CARTESIAN_POINT('',(-0.10210738587,-2.185432229726,
    9.999990463255E-02));
#669 = CARTESIAN_POINT('',(-9.75676533009E-02,-2.185399687713,
    9.999990463255E-02));
#670 = CARTESIAN_POINT('',(-9.090780430717E-02,-2.18499160786,
    9.999990463255E-02));
#671 = CARTESIAN_POINT('',(-8.455834888156E-02,-2.184414866117,
    9.999990463255E-02));
#672 = CARTESIAN_POINT('',(-7.851009861344E-02,-2.183515541769,
    9.999990463255E-02));
#673 = CARTESIAN_POINT('',(-7.276336471728E-02,-2.182444989891,
    9.999990463255E-02));
#674 = CARTESIAN_POINT('',(-6.733967532504E-02,-2.181049474186,
    9.999990463255E-02));
#675 = CARTESIAN_POINT('',(-6.220493605816E-02,-2.179485809329,
    9.999990463255E-02));
#676 = CARTESIAN_POINT('',(-5.895923391691E-02,-2.178168307271,
    9.999990463255E-02));
#677 = CARTESIAN_POINT('',(-5.736720921478E-02,-2.177522069345,
    9.999990463255E-02));
#678 = ORIENTED_EDGE('',*,*,#679,.T.);
#679 = EDGE_CURVE('',#664,#680,#682,.T.);
#680 = VERTEX_POINT('',#681);
#681 = CARTESIAN_POINT('',(-5.736720921478E-02,-2.150692801053,
    9.999990463255E-02));
#682 = LINE('',#683,#684);
#683 = CARTESIAN_POINT('',(-5.736720921478E-02,-2.177522069345,
    9.999990463255E-02));
#684 = VECTOR('',#685,1.);
#685 = DIRECTION('',(0.,1.,6.982962677686E-15));
#686 = ORIENTED_EDGE('',*,*,#687,.T.);
#687 = EDGE_CURVE('',#680,#688,#690,.T.);
#688 = VERTEX_POINT('',#689);
#689 = CARTESIAN_POINT('',(-0.104204099459,-2.163497679101,
    9.999990463255E-02));
#690 = B_SPLINE_CURVE_WITH_KNOTS('',3,(#691,#692,#693,#694,#695,#696,
    #697,#698,#699,#700,#701),.UNSPECIFIED.,.F.,.F.,(4,1,1,1,1,1,1,1,4),
  (0.,0.125279696736,0.249419970742,0.373356799493,0.496681278782,
    0.620202915744,0.745086320161,0.871269195019,1.),.UNSPECIFIED.);
#691 = CARTESIAN_POINT('',(-5.736720921478E-02,-2.150692801053,
    9.999990463255E-02));
#692 = CARTESIAN_POINT('',(-5.914328634033E-02,-2.151724835651,
    9.999990463255E-02));
#693 = CARTESIAN_POINT('',(-6.267928711486E-02,-2.153779518461,
    9.999990463255E-02));
#694 = CARTESIAN_POINT('',(-6.824077343762E-02,-2.156348276346,
    9.999990463255E-02));
#695 = CARTESIAN_POINT('',(-7.390942206781E-02,-2.158576303981,
    9.999990463255E-02));
#696 = CARTESIAN_POINT('',(-7.97249163788E-02,-2.160354904147,
    9.999990463255E-02));
#697 = CARTESIAN_POINT('',(-8.565065537763E-02,-2.161791137431,
    9.999990463255E-02));
#698 = CARTESIAN_POINT('',(-9.171771244568E-02,-2.162754459574,
    9.999990463255E-02));
#699 = CARTESIAN_POINT('',(-9.791459265925E-02,-2.163402586291,
    9.999990463255E-02));
#700 = CARTESIAN_POINT('',(-0.102093673517,-2.163465770982,
    9.999990463255E-02));
#701 = CARTESIAN_POINT('',(-0.104204099459,-2.163497679101,
    9.999990463255E-02));
#702 = ORIENTED_EDGE('',*,*,#703,.T.);
#703 = EDGE_CURVE('',#688,#704,#706,.T.);
#704 = VERTEX_POINT('',#705);
#705 = CARTESIAN_POINT('',(-0.179318428727,-2.080875727882,
    9.999990463255E-02));
#706 = B_SPLINE_CURVE_WITH_KNOTS('',3,(#707,#708,#709,#710,#711,#712,
    #713,#714,#715,#716,#717,#718,#719,#720,#721,#722,#723,#724,#725),
  .UNSPECIFIED.,.F.,.F.,(4,1,1,1,1,1,1,1,1,1,1,1,1,1,1,1,4),(0.,
    6.460397028839E-02,0.126702413963,0.186756814036,0.245505687365,
    0.30365202445,0.361503073971,0.420240222928,0.480033340777,
    0.540678134776,0.601191806381,0.662333502477,0.724739510297,
    0.789467736173,0.856504860044,0.926312095839,1.),.UNSPECIFIED.);
#707 = CARTESIAN_POINT('',(-0.104204099459,-2.163497679101,
    9.999990463255E-02));
#708 = CARTESIAN_POINT('',(-0.106913971832,-2.163439411884,
    9.999990463255E-02));
#709 = CARTESIAN_POINT('',(-0.112228619982,-2.163325137219,
    9.999990463255E-02));
#710 = CARTESIAN_POINT('',(-0.119992915524,-2.162203171282,
    9.999990463255E-02));
#711 = CARTESIAN_POINT('',(-0.12739839416,-2.160524583435,
    9.999990463255E-02));
#712 = CARTESIAN_POINT('',(-0.134415360424,-2.15806783998,
    9.999990463255E-02));
#713 = CARTESIAN_POINT('',(-0.141035846517,-2.154897033911,
    9.999990463255E-02));
#714 = CARTESIAN_POINT('',(-0.147254111317,-2.151000272448,
    9.999990463255E-02));
#715 = CARTESIAN_POINT('',(-0.153108343529,-2.146461101973,
    9.999990463255E-02));
#716 = CARTESIAN_POINT('',(-0.158509238828,-2.141222894522,
    9.999990463255E-02));
#717 = CARTESIAN_POINT('',(-0.163430956784,-2.135430273767,
    9.999990463255E-02));
#718 = CARTESIAN_POINT('',(-0.167655522851,-2.129044931633,
    9.999990463255E-02));
#719 = CARTESIAN_POINT('',(-0.171318862895,-2.122239695616,
    9.999990463255E-02));
#720 = CARTESIAN_POINT('',(-0.17425245848,-2.114895169569,
    9.999990463255E-02));
#721 = CARTESIAN_POINT('',(-0.176524358329,-2.107067704795,
    9.999990463255E-02));
#722 = CARTESIAN_POINT('',(-0.178164191134,-2.098767981862,
    9.999990463255E-02));
#723 = CARTESIAN_POINT('',(-0.179114287671,-2.089980693178,
    9.999990463255E-02));
#724 = CARTESIAN_POINT('',(-0.179249165831,-2.08396494607,
    9.999990463255E-02));
#725 = CARTESIAN_POINT('',(-0.179318428727,-2.080875727882,
    9.999990463255E-02));
#726 = ORIENTED_EDGE('',*,*,#727,.T.);
#727 = EDGE_CURVE('',#704,#728,#730,.T.);
#728 = VERTEX_POINT('',#729);
#729 = CARTESIAN_POINT('',(-0.108701050678,-2.002522069345,
    9.999990463255E-02));
#730 = B_SPLINE_CURVE_WITH_KNOTS('',3,(#731,#732,#733,#734,#735,#736,
    #737,#738,#739,#740,#741,#742,#743,#744,#745,#746,#747,#748,#749),
  .UNSPECIFIED.,.F.,.F.,(4,1,1,1,1,1,1,1,1,1,1,1,1,1,1,1,4),(0.,
    7.377411937406E-02,0.144079114726,0.211348518309,0.27607688574,
    0.33852091582,0.399885116693,0.460254067465,0.520588964391,
    0.580207684563,0.638632908553,0.696364549491,0.75400177466,
    0.812805681374,0.872754425526,0.935181996978,1.),.UNSPECIFIED.);
#731 = CARTESIAN_POINT('',(-0.179318428727,-2.080875727882,
    9.999990463255E-02));
#732 = CARTESIAN_POINT('',(-0.179262864757,-2.077951486743,
    9.999990463255E-02));
#733 = CARTESIAN_POINT('',(-0.179154349634,-2.072240512784,
    9.999990463255E-02));
#734 = CARTESIAN_POINT('',(-0.17822203231,-2.063904977199,
    9.999990463255E-02));
#735 = CARTESIAN_POINT('',(-0.176711783461,-2.05602363283,
    9.999990463255E-02));
#736 = CARTESIAN_POINT('',(-0.174589315121,-2.048603426595,
    9.999990463255E-02));
#737 = CARTESIAN_POINT('',(-0.171821694084,-2.041651225379,
    9.999990463255E-02));
#738 = CARTESIAN_POINT('',(-0.168478504867,-2.035148557208,
    9.999990463255E-02));
#739 = CARTESIAN_POINT('',(-0.164481301316,-2.029124786882,
    9.999990463255E-02));
#740 = CARTESIAN_POINT('',(-0.159918321356,-2.023608115032,
    9.999990463255E-02));
#741 = CARTESIAN_POINT('',(-0.154852211686,-2.01866098461,
    9.999990463255E-02));
#742 = CARTESIAN_POINT('',(-0.149389060098,-2.014316292546,
    9.999990463255E-02));
#743 = CARTESIAN_POINT('',(-0.14351696407,-2.01068982718,
    9.999990463255E-02));
#744 = CARTESIAN_POINT('',(-0.137290679935,-2.007682647003,
    9.999990463255E-02));
#745 = CARTESIAN_POINT('',(-0.130682076124,-2.005357681965,
    9.999990463255E-02));
#746 = CARTESIAN_POINT('',(-0.123678782062,-2.003727799935,
    9.999990463255E-02));
#747 = CARTESIAN_POINT('',(-0.116314300845,-2.002718286074,
    9.999990463255E-02));
#748 = CARTESIAN_POINT('',(-0.11127038568,-2.002588288962,
    9.999990463255E-02));
#749 = CARTESIAN_POINT('',(-0.108701050678,-2.002522069345,
    9.999990463255E-02));
#750 = ORIENTED_EDGE('',*,*,#751,.T.);
#751 = EDGE_CURVE('',#728,#590,#752,.T.);
#752 = B_SPLINE_CURVE_WITH_KNOTS('',3,(#753,#754,#755,#756,#757,#758,
    #759,#760,#761,#762,#763),.UNSPECIFIED.,.F.,.F.,(4,1,1,1,1,1,1,1,4),
  (0.,0.135294604763,0.266765657925,0.394816018836,0.520051654434,
    0.642175702971,0.762651820558,0.881834004381,1.),.UNSPECIFIED.);
#753 = CARTESIAN_POINT('',(-0.108701050678,-2.002522069345,
    9.999990463255E-02));
#754 = CARTESIAN_POINT('',(-0.106285966565,-2.002553777455,
    9.999990463255E-02));
#755 = CARTESIAN_POINT('',(-0.101524050866,-2.002616297573,
    9.999990463255E-02));
#756 = CARTESIAN_POINT('',(-9.450167449802E-02,-2.003257892563,
    9.999990463255E-02));
#757 = CARTESIAN_POINT('',(-8.769962874166E-02,-2.004223536426,
    9.999990463255E-02));
#758 = CARTESIAN_POINT('',(-8.114747857093E-02,-2.00564487937,
    9.999990463255E-02));
#759 = CARTESIAN_POINT('',(-7.48227597754E-02,-2.00742407994,
    9.999990463255E-02));
#760 = CARTESIAN_POINT('',(-6.87613291785E-02,-2.009658892162,
    9.999990463255E-02));
#761 = CARTESIAN_POINT('',(-6.289841748753E-02,-2.012211509839,
    9.999990463255E-02));
#762 = CARTESIAN_POINT('',(-5.920567524054E-02,-2.014291436558,
    9.999990463255E-02));
#763 = CARTESIAN_POINT('',(-5.736720921478E-02,-2.015326947394,
    9.999990463255E-02));
#764 = FACE_BOUND('',#765,.T.);
#765 = EDGE_LOOP('',(#766,#776,#784,#792,#816));
#766 = ORIENTED_EDGE('',*,*,#767,.T.);
#767 = EDGE_CURVE('',#768,#770,#772,.T.);
#768 = VERTEX_POINT('',#769);
#769 = CARTESIAN_POINT('',(0.182381266395,-1.983009874223,
    9.999990463255E-02));
#770 = VERTEX_POINT('',#771);
#771 = CARTESIAN_POINT('',(0.127998644444,-1.983009874223,
    9.999990463255E-02));
#772 = LINE('',#773,#774);
#773 = CARTESIAN_POINT('',(0.182381266395,-1.983009874223,
    9.999990463255E-02));
#774 = VECTOR('',#775,1.);
#775 = DIRECTION('',(-1.,0.,0.));
#776 = ORIENTED_EDGE('',*,*,#777,.T.);
#777 = EDGE_CURVE('',#770,#778,#780,.T.);
#778 = VERTEX_POINT('',#779);
#779 = CARTESIAN_POINT('',(0.127998644444,-2.183009874223,
    9.999990463255E-02));
#780 = LINE('',#781,#782);
#781 = CARTESIAN_POINT('',(0.127998644444,-1.983009874223,
    9.999990463255E-02));
#782 = VECTOR('',#783,1.);
#783 = DIRECTION('',(0.,-1.,-6.982962677686E-15));
#784 = ORIENTED_EDGE('',*,*,#785,.T.);
#785 = EDGE_CURVE('',#778,#786,#788,.T.);
#786 = VERTEX_POINT('',#787);
#787 = CARTESIAN_POINT('',(0.184439193224,-2.183009874223,
    9.999990463255E-02));
#788 = LINE('',#789,#790);
#789 = CARTESIAN_POINT('',(0.127998644444,-2.183009874223,
    9.999990463255E-02));
#790 = VECTOR('',#791,1.);
#791 = DIRECTION('',(1.,0.,0.));
#792 = ORIENTED_EDGE('',*,*,#793,.T.);
#793 = EDGE_CURVE('',#786,#794,#796,.T.);
#794 = VERTEX_POINT('',#795);
#795 = CARTESIAN_POINT('',(0.2889742542,-2.085525118126,
    9.999990463255E-02));
#796 = B_SPLINE_CURVE_WITH_KNOTS('',3,(#797,#798,#799,#800,#801,#802,
    #803,#804,#805,#806,#807,#808,#809,#810,#811,#812,#813,#814,#815),
  .UNSPECIFIED.,.F.,.F.,(4,1,1,1,1,1,1,1,1,1,1,1,1,1,1,1,4),(0.,
    6.86311786766E-02,0.134566466039,0.198328154011,0.260789766641,
    0.321999151484,0.382721746503,0.443537474036,0.505133429485,
    0.566213874765,0.626105864618,0.685349322161,0.744995870348,
    0.805415841815,0.867636266346,0.932307782302,1.),.UNSPECIFIED.);
#797 = CARTESIAN_POINT('',(0.184439193224,-2.183009874223,
    9.999990463255E-02));
#798 = CARTESIAN_POINT('',(0.188113566038,-2.182927975833,
    9.999990463255E-02));
#799 = CARTESIAN_POINT('',(0.195317979162,-2.18276739609,
    9.999990463255E-02));
#800 = CARTESIAN_POINT('',(0.205882807999,-2.181547605042,
    9.999990463255E-02));
#801 = CARTESIAN_POINT('',(0.215961976601,-2.17943087108,
    9.999990463255E-02));
#802 = CARTESIAN_POINT('',(0.225583202007,-2.176543171334,
    9.999990463255E-02));
#803 = CARTESIAN_POINT('',(0.234757628817,-2.172854166425,
    9.999990463255E-02));
#804 = CARTESIAN_POINT('',(0.243398826378,-2.16823282808,
    9.999990463255E-02));
#805 = CARTESIAN_POINT('',(0.251601607189,-2.16283977036,
    9.999990463255E-02));
#806 = CARTESIAN_POINT('',(0.259259229682,-2.156663296704,
    9.999990463255E-02));
#807 = CARTESIAN_POINT('',(0.266238884794,-2.149795665806,
    9.999990463255E-02));
#808 = CARTESIAN_POINT('',(0.272323308976,-2.142284731073,
    9.999990463255E-02));
#809 = CARTESIAN_POINT('',(0.277532521043,-2.134230950153,
    9.999990463255E-02));
#810 = CARTESIAN_POINT('',(0.281724565902,-2.125570642582,
    9.999990463255E-02));
#811 = CARTESIAN_POINT('',(0.284979563592,-2.116350470098,
    9.999990463255E-02));
#812 = CARTESIAN_POINT('',(0.287284526422,-2.106577118509,
    9.999990463255E-02));
#813 = CARTESIAN_POINT('',(0.288738315962,-2.096239518291,
    9.999990463255E-02));
#814 = CARTESIAN_POINT('',(0.288894420621,-2.08915051144,
    9.999990463255E-02));
#815 = CARTESIAN_POINT('',(0.2889742542,-2.085525118126,
    9.999990463255E-02));
#816 = ORIENTED_EDGE('',*,*,#817,.T.);
#817 = EDGE_CURVE('',#794,#768,#818,.T.);
#818 = B_SPLINE_CURVE_WITH_KNOTS('',3,(#819,#820,#821,#822,#823,#824,
    #825,#826,#827,#828,#829,#830,#831,#832,#833,#834,#835,#836,#837),
  .UNSPECIFIED.,.F.,.F.,(4,1,1,1,1,1,1,1,1,1,1,1,1,1,1,1,4),(0.,
    6.806869584499E-02,0.133427432819,0.196146033813,0.257048592449,
    0.316882663159,0.376187208666,0.435960335364,0.496535236863,
    0.557465343481,0.61768686341,0.677943640697,0.738805284806,
    0.800949336767,0.86481466747,0.931024781079,1.),.UNSPECIFIED.);
#819 = CARTESIAN_POINT('',(0.2889742542,-2.085525118126,
    9.999990463255E-02));
#820 = CARTESIAN_POINT('',(0.288893480759,-2.081747601224,
    9.999990463255E-02));
#821 = CARTESIAN_POINT('',(0.28873514964,-2.074342958366,
    9.999990463255E-02));
#822 = CARTESIAN_POINT('',(0.287287993914,-2.06353651935,
    9.999990463255E-02));
#823 = CARTESIAN_POINT('',(0.284977854697,-2.053297112762,
    9.999990463255E-02));
#824 = CARTESIAN_POINT('',(0.281735102325,-2.043630555794,
    9.999990463255E-02));
#825 = CARTESIAN_POINT('',(0.277536685103,-2.034543820724,
    9.999990463255E-02));
#826 = CARTESIAN_POINT('',(0.27233127317,-2.02607010532,
    9.999990463255E-02));
#827 = CARTESIAN_POINT('',(0.266259163082,-2.0181448003,
    9.999990463255E-02));
#828 = CARTESIAN_POINT('',(0.259278753169,-2.010876488846,
    9.999990463255E-02));
#829 = CARTESIAN_POINT('',(0.251558922855,-2.004371376017,
    9.999990463255E-02));
#830 = CARTESIAN_POINT('',(0.243303955599,-1.998586013565,
    9.999990463255E-02));
#831 = CARTESIAN_POINT('',(0.234442920147,-1.993779148432,
    9.999990463255E-02));
#832 = CARTESIAN_POINT('',(0.225051498454,-1.98985171091,
    9.999990463255E-02));
#833 = CARTESIAN_POINT('',(0.21514611614,-1.986733560297,
    9.999990463255E-02));
#834 = CARTESIAN_POINT('',(0.204683844593,-1.984610564606,
    9.999990463255E-02));
#835 = CARTESIAN_POINT('',(0.193712232486,-1.983214880884,
    9.999990463255E-02));
#836 = CARTESIAN_POINT('',(0.186209409791,-1.983079135299,
    9.999990463255E-02));
#837 = CARTESIAN_POINT('',(0.182381266395,-1.983009874223,
    9.999990463255E-02));
#838 = FACE_BOUND('',#839,.T.);
#839 = EDGE_LOOP('',(#840,#850,#858,#866));
#840 = ORIENTED_EDGE('',*,*,#841,.T.);
#841 = EDGE_CURVE('',#842,#844,#846,.T.);
#842 = VERTEX_POINT('',#843);
#843 = CARTESIAN_POINT('',(2.9,-2.9,9.999990463255E-02));
#844 = VERTEX_POINT('',#845);
#845 = CARTESIAN_POINT('',(-2.9,-2.9,9.999990463255E-02));
#846 = LINE('',#847,#848);
#847 = CARTESIAN_POINT('',(-3.,-2.9,9.999990463255E-02));
#848 = VECTOR('',#849,1.);
#849 = DIRECTION('',(-1.,0.,0.));
#850 = ORIENTED_EDGE('',*,*,#851,.T.);
#851 = EDGE_CURVE('',#844,#852,#854,.T.);
#852 = VERTEX_POINT('',#853);
#853 = CARTESIAN_POINT('',(-2.9,-0.85,9.999990463256E-02));
#854 = LINE('',#855,#856);
#855 = CARTESIAN_POINT('',(-2.9,-0.75,9.999990463256E-02));
#856 = VECTOR('',#857,1.);
#857 = DIRECTION('',(0.,1.,6.982962677686E-15));
#858 = ORIENTED_EDGE('',*,*,#859,.T.);
#859 = EDGE_CURVE('',#852,#860,#862,.T.);
#860 = VERTEX_POINT('',#861);
#861 = CARTESIAN_POINT('',(2.9,-0.85,9.999990463256E-02));
#862 = LINE('',#863,#864);
#863 = CARTESIAN_POINT('',(3.,-0.85,9.999990463256E-02));
#864 = VECTOR('',#865,1.);
#865 = DIRECTION('',(1.,0.,0.));
#866 = ORIENTED_EDGE('',*,*,#867,.T.);
#867 = EDGE_CURVE('',#860,#842,#868,.T.);
#868 = LINE('',#869,#870);
#869 = CARTESIAN_POINT('',(2.9,-3.,9.999990463255E-02));
#870 = VECTOR('',#871,1.);
#871 = DIRECTION('',(0.,-1.,-6.982962677686E-15));
#872 = FACE_BOUND('',#873,.T.);
#873 = EDGE_LOOP('',(#874,#884,#892,#900,#908,#916,#924,#932));
#874 = ORIENTED_EDGE('',*,*,#875,.T.);
#875 = EDGE_CURVE('',#876,#878,#880,.T.);
#876 = VERTEX_POINT('',#877);
#877 = CARTESIAN_POINT('',(0.406047424932,-2.183009874223,
    9.999990463255E-02));
#878 = VERTEX_POINT('',#879);
#879 = CARTESIAN_POINT('',(0.484096205419,-1.983009874223,
    9.999990463255E-02));
#880 = LINE('',#881,#882);
#881 = CARTESIAN_POINT('',(0.406047424932,-2.183009874223,
    9.999990463255E-02));
#882 = VECTOR('',#883,1.);
#883 = DIRECTION('',(0.363542485653,0.931577619485,6.505171748232E-15));
#884 = ORIENTED_EDGE('',*,*,#885,.T.);
#885 = EDGE_CURVE('',#878,#886,#888,.T.);
#886 = VERTEX_POINT('',#887);
#887 = CARTESIAN_POINT('',(0.454827912736,-1.983009874223,
    9.999990463255E-02));
#888 = LINE('',#889,#890);
#889 = CARTESIAN_POINT('',(0.484096205419,-1.983009874223,
    9.999990463255E-02));
#890 = VECTOR('',#891,1.);
#891 = DIRECTION('',(-1.,0.,0.));
#892 = ORIENTED_EDGE('',*,*,#893,.T.);
#893 = EDGE_CURVE('',#886,#894,#896,.T.);
#894 = VERTEX_POINT('',#895);
#895 = CARTESIAN_POINT('',(0.434591632249,-2.039107435199,
    9.999990463255E-02));
#896 = LINE('',#897,#898);
#897 = CARTESIAN_POINT('',(0.454827912736,-1.983009874223,
    9.999990463255E-02));
#898 = VECTOR('',#899,1.);
#899 = DIRECTION('',(-0.339330377275,-0.940667260544,-6.568644372494E-15
    ));
#900 = ORIENTED_EDGE('',*,*,#901,.T.);
#901 = EDGE_CURVE('',#894,#902,#904,.T.);
#902 = VERTEX_POINT('',#903);
#903 = CARTESIAN_POINT('',(0.351969681029,-2.039107435199,
    9.999990463255E-02));
#904 = LINE('',#905,#906);
#905 = CARTESIAN_POINT('',(0.434591632249,-2.039107435199,
    9.999990463255E-02));
#906 = VECTOR('',#907,1.);
#907 = DIRECTION('',(-1.,0.,0.));
#908 = ORIENTED_EDGE('',*,*,#909,.T.);
#909 = EDGE_CURVE('',#902,#910,#912,.T.);
#910 = VERTEX_POINT('',#911);
#911 = CARTESIAN_POINT('',(0.332876693224,-1.983009874223,
    9.999990463255E-02));
#912 = LINE('',#913,#914);
#913 = CARTESIAN_POINT('',(0.351969681029,-2.039107435199,
    9.999990463255E-02));
#914 = VECTOR('',#915,1.);
#915 = DIRECTION('',(-0.322202485606,0.946670776072,6.610566697371E-15)
  );
#916 = ORIENTED_EDGE('',*,*,#917,.T.);
#917 = EDGE_CURVE('',#910,#918,#920,.T.);
#918 = VERTEX_POINT('',#919);
#919 = CARTESIAN_POINT('',(0.303608400541,-1.983009874223,
    9.999990463255E-02));
#920 = LINE('',#921,#922);
#921 = CARTESIAN_POINT('',(0.332876693224,-1.983009874223,
    9.999990463255E-02));
#922 = VECTOR('',#923,1.);
#923 = DIRECTION('',(-1.,0.,0.));
#924 = ORIENTED_EDGE('',*,*,#925,.T.);
#925 = EDGE_CURVE('',#918,#926,#928,.T.);
#926 = VERTEX_POINT('',#927);
#927 = CARTESIAN_POINT('',(0.379218156639,-2.183009874223,
    9.999990463255E-02));
#928 = LINE('',#929,#930);
#929 = CARTESIAN_POINT('',(0.303608400541,-1.983009874223,
    9.999990463255E-02));
#930 = VECTOR('',#931,1.);
#931 = DIRECTION('',(0.353622392329,-0.93538826358,-6.531781333727E-15)
  );
#932 = ORIENTED_EDGE('',*,*,#933,.T.);
#933 = EDGE_CURVE('',#926,#876,#934,.T.);
#934 = LINE('',#935,#936);
#935 = CARTESIAN_POINT('',(0.379218156639,-2.183009874223,
    9.999990463255E-02));
#936 = VECTOR('',#937,1.);
#937 = DIRECTION('',(1.,0.,0.));
#938 = FACE_BOUND('',#939,.T.);
#939 = EDGE_LOOP('',(#940,#950,#958,#966,#974,#982,#990,#998,#1006,#1014
    ,#1022,#1030));
#940 = ORIENTED_EDGE('',*,*,#941,.T.);
#941 = EDGE_CURVE('',#942,#944,#946,.T.);
#942 = VERTEX_POINT('',#943);
#943 = CARTESIAN_POINT('',(8.897425419986E-02,-2.004961093735,
    9.999990463255E-02));
#944 = VERTEX_POINT('',#945);
#945 = CARTESIAN_POINT('',(8.897425419986E-02,-1.983009874223,
    9.999990463255E-02));
#946 = LINE('',#947,#948);
#947 = CARTESIAN_POINT('',(8.897425419986E-02,-2.004961093735,
    9.999990463255E-02));
#948 = VECTOR('',#949,1.);
#949 = DIRECTION('',(0.,1.,6.982962677686E-15));
#950 = ORIENTED_EDGE('',*,*,#951,.T.);
#951 = EDGE_CURVE('',#944,#952,#954,.T.);
#952 = VERTEX_POINT('',#953);
#953 = CARTESIAN_POINT('',(-1.834281897087E-02,-1.983009874223,
    9.999990463255E-02));
#954 = LINE('',#955,#956);
#955 = CARTESIAN_POINT('',(8.897425419986E-02,-1.983009874223,
    9.999990463255E-02));
#956 = VECTOR('',#957,1.);
#957 = DIRECTION('',(-1.,0.,0.));
#958 = ORIENTED_EDGE('',*,*,#959,.T.);
#959 = EDGE_CURVE('',#952,#960,#962,.T.);
#960 = VERTEX_POINT('',#961);
#961 = CARTESIAN_POINT('',(-1.834281897087E-02,-2.183009874223,
    9.999990463255E-02));
#962 = LINE('',#963,#964);
#963 = CARTESIAN_POINT('',(-1.834281897087E-02,-1.983009874223,
    9.999990463255E-02));
#964 = VECTOR('',#965,1.);
#965 = DIRECTION('',(0.,-1.,-6.982962677686E-15));
#966 = ORIENTED_EDGE('',*,*,#967,.T.);
#967 = EDGE_CURVE('',#960,#968,#970,.T.);
#968 = VERTEX_POINT('',#969);
#969 = CARTESIAN_POINT('',(8.409620541937E-02,-2.183009874223,
    9.999990463255E-02));
#970 = LINE('',#971,#972);
#971 = CARTESIAN_POINT('',(-1.834281897087E-02,-2.183009874223,
    9.999990463255E-02));
#972 = VECTOR('',#973,1.);
#973 = DIRECTION('',(1.,0.,0.));
#974 = ORIENTED_EDGE('',*,*,#975,.T.);
#975 = EDGE_CURVE('',#968,#976,#978,.T.);
#976 = VERTEX_POINT('',#977);
#977 = CARTESIAN_POINT('',(8.409620541937E-02,-2.161058654711,
    9.999990463255E-02));
#978 = LINE('',#979,#980);
#979 = CARTESIAN_POINT('',(8.409620541937E-02,-2.183009874223,
    9.999990463255E-02));
#980 = VECTOR('',#981,1.);
#981 = DIRECTION('',(0.,1.,6.982962677686E-15));
#982 = ORIENTED_EDGE('',*,*,#983,.T.);
#983 = EDGE_CURVE('',#976,#984,#986,.T.);
#984 = VERTEX_POINT('',#985);
#985 = CARTESIAN_POINT('',(8.486449321809E-03,-2.161058654711,
    9.999990463255E-02));
#986 = LINE('',#987,#988);
#987 = CARTESIAN_POINT('',(8.409620541937E-02,-2.161058654711,
    9.999990463255E-02));
#988 = VECTOR('',#989,1.);
#989 = DIRECTION('',(-1.,0.,0.));
#990 = ORIENTED_EDGE('',*,*,#991,.T.);
#991 = EDGE_CURVE('',#984,#992,#994,.T.);
#992 = VERTEX_POINT('',#993);
#993 = CARTESIAN_POINT('',(8.486449321809E-03,-2.095204996175,
    9.999990463255E-02));
#994 = LINE('',#995,#996);
#995 = CARTESIAN_POINT('',(8.486449321809E-03,-2.161058654711,
    9.999990463255E-02));
#996 = VECTOR('',#997,1.);
#997 = DIRECTION('',(0.,1.,6.982962677686E-15));
#998 = ORIENTED_EDGE('',*,*,#999,.T.);
#999 = EDGE_CURVE('',#992,#1000,#1002,.T.);
#1000 = VERTEX_POINT('',#1001);
#1001 = CARTESIAN_POINT('',(7.921815663888E-02,-2.095204996175,
    9.999990463255E-02));
#1002 = LINE('',#1003,#1004);
#1003 = CARTESIAN_POINT('',(8.486449321809E-03,-2.095204996175,
    9.999990463255E-02));
#1004 = VECTOR('',#1005,1.);
#1005 = DIRECTION('',(1.,0.,0.));
#1006 = ORIENTED_EDGE('',*,*,#1007,.T.);
#1007 = EDGE_CURVE('',#1000,#1008,#1010,.T.);
#1008 = VERTEX_POINT('',#1009);
#1009 = CARTESIAN_POINT('',(7.921815663888E-02,-2.073253776662,
    9.999990463255E-02));
#1010 = LINE('',#1011,#1012);
#1011 = CARTESIAN_POINT('',(7.921815663888E-02,-2.095204996175,
    9.999990463255E-02));
#1012 = VECTOR('',#1013,1.);
#1013 = DIRECTION('',(0.,1.,6.982962677686E-15));
#1014 = ORIENTED_EDGE('',*,*,#1015,.T.);
#1015 = EDGE_CURVE('',#1008,#1016,#1018,.T.);
#1016 = VERTEX_POINT('',#1017);
#1017 = CARTESIAN_POINT('',(8.486449321809E-03,-2.073253776662,
    9.999990463255E-02));
#1018 = LINE('',#1019,#1020);
#1019 = CARTESIAN_POINT('',(7.921815663888E-02,-2.073253776662,
    9.999990463255E-02));
#1020 = VECTOR('',#1021,1.);
#1021 = DIRECTION('',(-1.,0.,0.));
#1022 = ORIENTED_EDGE('',*,*,#1023,.T.);
#1023 = EDGE_CURVE('',#1016,#1024,#1026,.T.);
#1024 = VERTEX_POINT('',#1025);
#1025 = CARTESIAN_POINT('',(8.486449321809E-03,-2.004961093735,
    9.999990463255E-02));
#1026 = LINE('',#1027,#1028);
#1027 = CARTESIAN_POINT('',(8.486449321809E-03,-2.073253776662,
    9.999990463255E-02));
#1028 = VECTOR('',#1029,1.);
#1029 = DIRECTION('',(0.,1.,6.982962677686E-15));
#1030 = ORIENTED_EDGE('',*,*,#1031,.T.);
#1031 = EDGE_CURVE('',#1024,#942,#1032,.T.);
#1032 = LINE('',#1033,#1034);
#1033 = CARTESIAN_POINT('',(8.486449321809E-03,-2.004961093735,
    9.999990463255E-02));
#1034 = VECTOR('',#1035,1.);
#1035 = DIRECTION('',(1.,0.,0.));
#1036 = FACE_BOUND('',#1037,.T.);
#1037 = EDGE_LOOP('',(#1038,#1048,#1056,#1064,#1072,#1080));
#1038 = ORIENTED_EDGE('',*,*,#1039,.T.);
#1039 = EDGE_CURVE('',#1040,#1042,#1044,.T.);
#1040 = VERTEX_POINT('',#1041);
#1041 = CARTESIAN_POINT('',(-0.223220867751,-2.004961093735,
    9.999990463255E-02));
#1042 = VERTEX_POINT('',#1043);
#1043 = CARTESIAN_POINT('',(-0.223220867751,-1.983009874223,
    9.999990463255E-02));
#1044 = LINE('',#1045,#1046);
#1045 = CARTESIAN_POINT('',(-0.223220867751,-2.004961093735,
    9.999990463255E-02));
#1046 = VECTOR('',#1047,1.);
#1047 = DIRECTION('',(0.,1.,6.982962677686E-15));
#1048 = ORIENTED_EDGE('',*,*,#1049,.T.);
#1049 = EDGE_CURVE('',#1042,#1050,#1052,.T.);
#1050 = VERTEX_POINT('',#1051);
#1051 = CARTESIAN_POINT('',(-0.325659892142,-1.983009874223,
    9.999990463255E-02));
#1052 = LINE('',#1053,#1054);
#1053 = CARTESIAN_POINT('',(-0.223220867751,-1.983009874223,
    9.999990463255E-02));
#1054 = VECTOR('',#1055,1.);
#1055 = DIRECTION('',(-1.,0.,0.));
#1056 = ORIENTED_EDGE('',*,*,#1057,.T.);
#1057 = EDGE_CURVE('',#1050,#1058,#1060,.T.);
#1058 = VERTEX_POINT('',#1059);
#1059 = CARTESIAN_POINT('',(-0.325659892142,-2.183009874223,
    9.999990463255E-02));
#1060 = LINE('',#1061,#1062);
#1061 = CARTESIAN_POINT('',(-0.325659892142,-1.983009874223,
    9.999990463255E-02));
#1062 = VECTOR('',#1063,1.);
#1063 = DIRECTION('',(0.,-1.,-6.982962677686E-15));
#1064 = ORIENTED_EDGE('',*,*,#1065,.T.);
#1065 = EDGE_CURVE('',#1058,#1066,#1068,.T.);
#1066 = VERTEX_POINT('',#1067);
#1067 = CARTESIAN_POINT('',(-0.298830623849,-2.183009874223,
    9.999990463255E-02));
#1068 = LINE('',#1069,#1070);
#1069 = CARTESIAN_POINT('',(-0.325659892142,-2.183009874223,
    9.999990463255E-02));
#1070 = VECTOR('',#1071,1.);
#1071 = DIRECTION('',(1.,0.,0.));
#1072 = ORIENTED_EDGE('',*,*,#1073,.T.);
#1073 = EDGE_CURVE('',#1066,#1074,#1076,.T.);
#1074 = VERTEX_POINT('',#1075);
#1075 = CARTESIAN_POINT('',(-0.298830623849,-2.004961093735,
    9.999990463255E-02));
#1076 = LINE('',#1077,#1078);
#1077 = CARTESIAN_POINT('',(-0.298830623849,-2.183009874223,
    9.999990463255E-02));
#1078 = VECTOR('',#1079,1.);
#1079 = DIRECTION('',(0.,1.,6.982962677686E-15));
#1080 = ORIENTED_EDGE('',*,*,#1081,.T.);
#1081 = EDGE_CURVE('',#1074,#1040,#1082,.T.);
#1082 = LINE('',#1083,#1084);
#1083 = CARTESIAN_POINT('',(-0.298830623849,-2.004961093735,
    9.999990463255E-02));
#1084 = VECTOR('',#1085,1.);
#1085 = DIRECTION('',(1.,0.,0.));
#1086 = PLANE('',#1087);
#1087 = AXIS2_PLACEMENT_3D('',#1088,#1089,#1090);
#1088 = CARTESIAN_POINT('',(0.,0.,9.999990463257E-02));
#1089 = DIRECTION('',(0.,-6.982962677686E-15,1.));
#1090 = DIRECTION('',(-1.,0.,0.));
#1091 = ADVANCED_FACE('',(#1092),#1117,.F.);
#1092 = FACE_BOUND('',#1093,.F.);
#1093 = EDGE_LOOP('',(#1094,#1104,#1105,#1115,#1116));
#1094 = ORIENTED_EDGE('',*,*,#1095,.F.);
#1095 = EDGE_CURVE('',#216,#443,#1096,.T.);
#1096 = ( BOUNDED_CURVE() B_SPLINE_CURVE(2,(#1097,#1098,#1099,#1100,
#1101,#1102,#1103),.UNSPECIFIED.,.F.,.F.) B_SPLINE_CURVE_WITH_KNOTS((3,2
    ,2,3),(0.210094031285,0.233333333333,0.266666666667,0.3),
.UNSPECIFIED.) CURVE() GEOMETRIC_REPRESENTATION_ITEM() 
RATIONAL_B_SPLINE_CURVE((0.943430454564,0.906595716753,1.,0.866025403784
,1.,0.866025403784,1.)) REPRESENTATION_ITEM('') );
#1097 = CARTESIAN_POINT('',(1.427100730863,0.461934523467,4.587932514671
    ));
#1098 = CARTESIAN_POINT('',(1.249485134644,1.010660228734,4.619266859036
    ));
#1099 = CARTESIAN_POINT('',(0.75,1.299038105677,4.647016033183));
#1100 = CARTESIAN_POINT('',(1.060575238725E-16,1.732050807569,
    4.68868269985));
#1101 = CARTESIAN_POINT('',(-0.75,1.299038105677,4.730349366516));
#1102 = CARTESIAN_POINT('',(-1.5,0.866025403784,4.772016033183));
#1103 = CARTESIAN_POINT('',(-1.5,-3.273177401358E-14,4.81368269985));
#1104 = ORIENTED_EDGE('',*,*,#215,.F.);
#1105 = ORIENTED_EDGE('',*,*,#1106,.F.);
#1106 = EDGE_CURVE('',#148,#207,#1107,.T.);
#1107 = ( BOUNDED_CURVE() B_SPLINE_CURVE(2,(#1108,#1109,#1110,#1111,
#1112,#1113,#1114),.UNSPECIFIED.,.F.,.F.) B_SPLINE_CURVE_WITH_KNOTS((3,2
    ,2,3),(0.923109679808,0.933333333333,0.966666666667,0.97218804474),
.UNSPECIFIED.) CURVE() GEOMETRIC_REPRESENTATION_ITEM() 
RATIONAL_B_SPLINE_CURVE((0.943023598964,0.958908704411,1.,0.866025403784
,1.,0.977808268062,0.962968272652)) REPRESENTATION_ITEM('') );
#1108 = CARTESIAN_POINT('',(-1.117731010717,1.000338636503,4.33590471078
    ));
#1109 = CARTESIAN_POINT('',(-0.95775046855,1.179093316735,4.322860468269
    ));
#1110 = CARTESIAN_POINT('',(-0.75,1.299038105677,4.311318775572));
#1111 = CARTESIAN_POINT('',(1.060575238725E-16,1.732050807569,
    4.269652108905));
#1112 = CARTESIAN_POINT('',(0.75,1.299038105677,4.227985442238));
#1113 = CARTESIAN_POINT('',(0.860028940448,1.23551286729,4.221872723324)
  );
#1114 = CARTESIAN_POINT('',(0.957805836171,1.154386408529,4.215253499876
    ));
#1115 = ORIENTED_EDGE('',*,*,#147,.F.);
#1116 = ORIENTED_EDGE('',*,*,#454,.T.);
#1117 = CYLINDRICAL_SURFACE('',#1118,1.5);
#1118 = AXIS2_PLACEMENT_3D('',#1119,#1120,#1121);
#1119 = CARTESIAN_POINT('',(0.,1.816268592466E-14,-2.501000095367));
#1120 = DIRECTION('',(0.,-6.982962677686E-15,1.));
#1121 = DIRECTION('',(-1.,0.,0.));
#1122 = ADVANCED_FACE('',(#1123),#1136,.F.);
#1123 = FACE_BOUND('',#1124,.F.);
#1124 = EDGE_LOOP('',(#1125,#1135));
#1125 = ORIENTED_EDGE('',*,*,#1126,.F.);
#1126 = EDGE_CURVE('',#179,#170,#1127,.T.);
#1127 = ( BOUNDED_CURVE() B_SPLINE_CURVE(2,(#1128,#1129,#1130,#1131,
#1132,#1133,#1134),.UNSPECIFIED.,.F.,.F.) B_SPLINE_CURVE_WITH_KNOTS((3,2
    ,2,3),(3.065128947907E-02,3.333333333333E-02,6.666666666667E-02,
7.336385645907E-02),.UNSPECIFIED.) CURVE() GEOMETRIC_REPRESENTATION_ITEM
() RATIONAL_B_SPLINE_CURVE((0.980175164774,0.989220227728,1.,
    0.866025403784,1.,0.973082401053,0.956981138241)) 
REPRESENTATION_ITEM('') );
#1128 = CARTESIAN_POINT('',(0.853009985527,1.233845194743,4.141018049306
    ));
#1129 = CARTESIAN_POINT('',(0.80283066,1.268536309904,4.144080996516));
#1130 = CARTESIAN_POINT('',(0.75,1.299038105677,4.147016033183));
#1131 = CARTESIAN_POINT('',(1.060575238725E-16,1.732050807569,
    4.18868269985));
#1132 = CARTESIAN_POINT('',(-0.75,1.299038105677,4.230349366516));
#1133 = CARTESIAN_POINT('',(-0.884108448553,1.221610556804,4.23779983588
    ));
#1134 = CARTESIAN_POINT('',(-0.999570287012,1.118418187139,
    4.245971954371));
#1135 = ORIENTED_EDGE('',*,*,#178,.F.);
#1136 = CYLINDRICAL_SURFACE('',#1137,1.5);
#1137 = AXIS2_PLACEMENT_3D('',#1138,#1139,#1140);
#1138 = CARTESIAN_POINT('',(0.,1.816268592466E-14,-2.501000095367));
#1139 = DIRECTION('',(0.,-6.982962677686E-15,1.));
#1140 = DIRECTION('',(-1.,0.,0.));
#1141 = ADVANCED_FACE('',(#1142,#1152),#1236,.T.);
#1142 = FACE_BOUND('',#1143,.T.);
#1143 = EDGE_LOOP('',(#1144,#1151));
#1144 = ORIENTED_EDGE('',*,*,#1145,.T.);
#1145 = EDGE_CURVE('',#138,#272,#1146,.T.);
#1146 = CIRCLE('',#1147,1.75);
#1147 = AXIS2_PLACEMENT_3D('',#1148,#1149,#1150);
#1148 = CARTESIAN_POINT('',(-3.,-1.955229549752E-14,2.899999904633));
#1149 = DIRECTION('',(1.,0.,0.));
#1150 = DIRECTION('',(0.,-6.982962677686E-15,1.));
#1151 = ORIENTED_EDGE('',*,*,#279,.T.);
#1152 = FACE_BOUND('',#1153,.T.);
#1153 = EDGE_LOOP('',(#1154,#1165,#1173,#1181,#1189,#1198,#1206,#1214,
    #1222,#1230));
#1154 = ORIENTED_EDGE('',*,*,#1155,.F.);
#1155 = EDGE_CURVE('',#1156,#1158,#1160,.T.);
#1156 = VERTEX_POINT('',#1157);
#1157 = CARTESIAN_POINT('',(-3.,0.65,-9.536742695548E-08));
#1158 = VERTEX_POINT('',#1159);
#1159 = CARTESIAN_POINT('',(-3.,0.85,0.199999904633));
#1160 = CIRCLE('',#1161,0.2);
#1161 = AXIS2_PLACEMENT_3D('',#1162,#1163,#1164);
#1162 = CARTESIAN_POINT('',(-3.,0.85,-9.536742556771E-08));
#1163 = DIRECTION('',(-1.,0.,-0.));
#1164 = DIRECTION('',(0.,7.047314121156E-15,-1.));
#1165 = ORIENTED_EDGE('',*,*,#1166,.T.);
#1166 = EDGE_CURVE('',#1156,#1167,#1169,.T.);
#1167 = VERTEX_POINT('',#1168);
#1168 = CARTESIAN_POINT('',(-3.,0.65,-2.400000095367));
#1169 = LINE('',#1170,#1171);
#1170 = CARTESIAN_POINT('',(-3.,0.65,-2.400000095367));
#1171 = VECTOR('',#1172,1.);
#1172 = DIRECTION('',(0.,6.982962677686E-15,-1.));
#1173 = ORIENTED_EDGE('',*,*,#1174,.T.);
#1174 = EDGE_CURVE('',#1167,#1175,#1177,.T.);
#1175 = VERTEX_POINT('',#1176);
#1176 = CARTESIAN_POINT('',(-3.,-0.65,-2.400000095367));
#1177 = LINE('',#1178,#1179);
#1178 = CARTESIAN_POINT('',(-3.,-0.65,-2.400000095367));
#1179 = VECTOR('',#1180,1.);
#1180 = DIRECTION('',(-0.,-1.,-6.982962677686E-15));
#1181 = ORIENTED_EDGE('',*,*,#1182,.T.);
#1182 = EDGE_CURVE('',#1175,#1183,#1185,.T.);
#1183 = VERTEX_POINT('',#1184);
#1184 = CARTESIAN_POINT('',(-3.,-0.65,-9.536743603156E-08));
#1185 = LINE('',#1186,#1187);
#1186 = CARTESIAN_POINT('',(-3.,-0.65,9.999990463256E-02));
#1187 = VECTOR('',#1188,1.);
#1188 = DIRECTION('',(0.,-6.982962677686E-15,1.));
#1189 = ORIENTED_EDGE('',*,*,#1190,.F.);
#1190 = EDGE_CURVE('',#1191,#1183,#1193,.T.);
#1191 = VERTEX_POINT('',#1192);
#1192 = CARTESIAN_POINT('',(-3.,-0.85,0.199999904633));
#1193 = CIRCLE('',#1194,0.2);
#1194 = AXIS2_PLACEMENT_3D('',#1195,#1196,#1197);
#1195 = CARTESIAN_POINT('',(-3.,-0.85,-9.536743743321E-08));
#1196 = DIRECTION('',(-1.,0.,-0.));
#1197 = DIRECTION('',(0.,7.047314121156E-15,-1.));
#1198 = ORIENTED_EDGE('',*,*,#1199,.T.);
#1199 = EDGE_CURVE('',#1191,#1200,#1202,.T.);
#1200 = VERTEX_POINT('',#1201);
#1201 = CARTESIAN_POINT('',(-3.,-2.9,0.199999904633));
#1202 = LINE('',#1203,#1204);
#1203 = CARTESIAN_POINT('',(-3.,-3.,0.199999904633));
#1204 = VECTOR('',#1205,1.);
#1205 = DIRECTION('',(-0.,-1.,-6.982962677686E-15));
#1206 = ORIENTED_EDGE('',*,*,#1207,.T.);
#1207 = EDGE_CURVE('',#1200,#1208,#1210,.T.);
#1208 = VERTEX_POINT('',#1209);
#1209 = CARTESIAN_POINT('',(-3.,-2.9,5.999999904633));
#1210 = LINE('',#1211,#1212);
#1211 = CARTESIAN_POINT('',(-3.,-2.9,6.099999904633));
#1212 = VECTOR('',#1213,1.);
#1213 = DIRECTION('',(0.,-6.982962677686E-15,1.));
#1214 = ORIENTED_EDGE('',*,*,#1215,.T.);
#1215 = EDGE_CURVE('',#1208,#1216,#1218,.T.);
#1216 = VERTEX_POINT('',#1217);
#1217 = CARTESIAN_POINT('',(-3.,2.9,5.999999904633));
#1218 = LINE('',#1219,#1220);
#1219 = CARTESIAN_POINT('',(-3.,3.,5.999999904633));
#1220 = VECTOR('',#1221,1.);
#1221 = DIRECTION('',(0.,1.,6.982962677686E-15));
#1222 = ORIENTED_EDGE('',*,*,#1223,.T.);
#1223 = EDGE_CURVE('',#1216,#1224,#1226,.T.);
#1224 = VERTEX_POINT('',#1225);
#1225 = CARTESIAN_POINT('',(-3.,2.9,0.199999904633));
#1226 = LINE('',#1227,#1228);
#1227 = CARTESIAN_POINT('',(-3.,2.9,6.099999904633));
#1228 = VECTOR('',#1229,1.);
#1229 = DIRECTION('',(0.,6.982962677686E-15,-1.));
#1230 = ORIENTED_EDGE('',*,*,#1231,.T.);
#1231 = EDGE_CURVE('',#1224,#1158,#1232,.T.);
#1232 = LINE('',#1233,#1234);
#1233 = CARTESIAN_POINT('',(-3.,0.75,0.199999904633));
#1234 = VECTOR('',#1235,1.);
#1235 = DIRECTION('',(-0.,-1.,-6.982962677686E-15));
#1236 = PLANE('',#1237);
#1237 = AXIS2_PLACEMENT_3D('',#1238,#1239,#1240);
#1238 = CARTESIAN_POINT('',(-3.,3.,6.099999904633));
#1239 = DIRECTION('',(-1.,0.,0.));
#1240 = DIRECTION('',(0.,6.982962677686E-15,-1.));
#1241 = ADVANCED_FACE('',(#1242),#1276,.F.);
#1242 = FACE_BOUND('',#1243,.T.);
#1243 = EDGE_LOOP('',(#1244,#1254,#1262,#1270));
#1244 = ORIENTED_EDGE('',*,*,#1245,.T.);
#1245 = EDGE_CURVE('',#1246,#1248,#1250,.T.);
#1246 = VERTEX_POINT('',#1247);
#1247 = CARTESIAN_POINT('',(-2.9,2.9,9.999990463259E-02));
#1248 = VERTEX_POINT('',#1249);
#1249 = CARTESIAN_POINT('',(2.9,2.9,9.999990463259E-02));
#1250 = LINE('',#1251,#1252);
#1251 = CARTESIAN_POINT('',(3.,2.9,9.999990463259E-02));
#1252 = VECTOR('',#1253,1.);
#1253 = DIRECTION('',(1.,0.,0.));
#1254 = ORIENTED_EDGE('',*,*,#1255,.T.);
#1255 = EDGE_CURVE('',#1248,#1256,#1258,.T.);
#1256 = VERTEX_POINT('',#1257);
#1257 = CARTESIAN_POINT('',(2.9,0.85,9.999990463257E-02));
#1258 = LINE('',#1259,#1260);
#1259 = CARTESIAN_POINT('',(2.9,0.75,9.999990463257E-02));
#1260 = VECTOR('',#1261,1.);
#1261 = DIRECTION('',(0.,-1.,-6.982962677686E-15));
#1262 = ORIENTED_EDGE('',*,*,#1263,.T.);
#1263 = EDGE_CURVE('',#1256,#1264,#1266,.T.);
#1264 = VERTEX_POINT('',#1265);
#1265 = CARTESIAN_POINT('',(-2.9,0.85,9.999990463257E-02));
#1266 = LINE('',#1267,#1268);
#1267 = CARTESIAN_POINT('',(-3.,0.85,9.999990463257E-02));
#1268 = VECTOR('',#1269,1.);
#1269 = DIRECTION('',(-1.,-0.,-0.));
#1270 = ORIENTED_EDGE('',*,*,#1271,.T.);
#1271 = EDGE_CURVE('',#1264,#1246,#1272,.T.);
#1272 = LINE('',#1273,#1274);
#1273 = CARTESIAN_POINT('',(-2.9,3.,9.999990463259E-02));
#1274 = VECTOR('',#1275,1.);
#1275 = DIRECTION('',(0.,1.,6.982962677686E-15));
#1276 = PLANE('',#1277);
#1277 = AXIS2_PLACEMENT_3D('',#1278,#1279,#1280);
#1278 = CARTESIAN_POINT('',(0.,0.,9.999990463257E-02));
#1279 = DIRECTION('',(0.,-6.982962677686E-15,1.));
#1280 = DIRECTION('',(-1.,0.,0.));
#1281 = ADVANCED_FACE('',(#1282,#1292),#1376,.T.);
#1282 = FACE_BOUND('',#1283,.T.);
#1283 = EDGE_LOOP('',(#1284,#1291));
#1284 = ORIENTED_EDGE('',*,*,#1285,.F.);
#1285 = EDGE_CURVE('',#255,#263,#1286,.T.);
#1286 = CIRCLE('',#1287,1.75);
#1287 = AXIS2_PLACEMENT_3D('',#1288,#1289,#1290);
#1288 = CARTESIAN_POINT('',(3.,-1.955229549752E-14,2.899999904633));
#1289 = DIRECTION('',(1.,0.,0.));
#1290 = DIRECTION('',(0.,-6.982962677686E-15,1.));
#1291 = ORIENTED_EDGE('',*,*,#262,.F.);
#1292 = FACE_BOUND('',#1293,.T.);
#1293 = EDGE_LOOP('',(#1294,#1304,#1312,#1320,#1329,#1337,#1345,#1353,
    #1361,#1369));
#1294 = ORIENTED_EDGE('',*,*,#1295,.T.);
#1295 = EDGE_CURVE('',#1296,#1298,#1300,.T.);
#1296 = VERTEX_POINT('',#1297);
#1297 = CARTESIAN_POINT('',(3.,-0.65,-9.536743603156E-08));
#1298 = VERTEX_POINT('',#1299);
#1299 = CARTESIAN_POINT('',(3.,-0.65,-2.400000095367));
#1300 = LINE('',#1301,#1302);
#1301 = CARTESIAN_POINT('',(3.,-0.65,-2.400000095367));
#1302 = VECTOR('',#1303,1.);
#1303 = DIRECTION('',(0.,6.982962677686E-15,-1.));
#1304 = ORIENTED_EDGE('',*,*,#1305,.T.);
#1305 = EDGE_CURVE('',#1298,#1306,#1308,.T.);
#1306 = VERTEX_POINT('',#1307);
#1307 = CARTESIAN_POINT('',(3.,0.65,-2.400000095367));
#1308 = LINE('',#1309,#1310);
#1309 = CARTESIAN_POINT('',(3.,0.65,-2.400000095367));
#1310 = VECTOR('',#1311,1.);
#1311 = DIRECTION('',(0.,1.,6.982962677686E-15));
#1312 = ORIENTED_EDGE('',*,*,#1313,.T.);
#1313 = EDGE_CURVE('',#1306,#1314,#1316,.T.);
#1314 = VERTEX_POINT('',#1315);
#1315 = CARTESIAN_POINT('',(3.,0.65,-9.536742695548E-08));
#1316 = LINE('',#1317,#1318);
#1317 = CARTESIAN_POINT('',(3.,0.65,9.999990463257E-02));
#1318 = VECTOR('',#1319,1.);
#1319 = DIRECTION('',(0.,-6.982962677686E-15,1.));
#1320 = ORIENTED_EDGE('',*,*,#1321,.F.);
#1321 = EDGE_CURVE('',#1322,#1314,#1324,.T.);
#1322 = VERTEX_POINT('',#1323);
#1323 = CARTESIAN_POINT('',(3.,0.85,0.199999904633));
#1324 = CIRCLE('',#1325,0.2);
#1325 = AXIS2_PLACEMENT_3D('',#1326,#1327,#1328);
#1326 = CARTESIAN_POINT('',(3.,0.85,-9.536742556771E-08));
#1327 = DIRECTION('',(1.,0.,0.));
#1328 = DIRECTION('',(0.,-7.047314121156E-15,1.));
#1329 = ORIENTED_EDGE('',*,*,#1330,.T.);
#1330 = EDGE_CURVE('',#1322,#1331,#1333,.T.);
#1331 = VERTEX_POINT('',#1332);
#1332 = CARTESIAN_POINT('',(3.,2.9,0.199999904633));
#1333 = LINE('',#1334,#1335);
#1334 = CARTESIAN_POINT('',(3.,3.,0.199999904633));
#1335 = VECTOR('',#1336,1.);
#1336 = DIRECTION('',(0.,1.,6.982962677686E-15));
#1337 = ORIENTED_EDGE('',*,*,#1338,.T.);
#1338 = EDGE_CURVE('',#1331,#1339,#1341,.T.);
#1339 = VERTEX_POINT('',#1340);
#1340 = CARTESIAN_POINT('',(3.,2.9,5.999999904633));
#1341 = LINE('',#1342,#1343);
#1342 = CARTESIAN_POINT('',(3.,2.9,6.099999904633));
#1343 = VECTOR('',#1344,1.);
#1344 = DIRECTION('',(0.,-6.982962677686E-15,1.));
#1345 = ORIENTED_EDGE('',*,*,#1346,.T.);
#1346 = EDGE_CURVE('',#1339,#1347,#1349,.T.);
#1347 = VERTEX_POINT('',#1348);
#1348 = CARTESIAN_POINT('',(3.,-2.9,5.999999904633));
#1349 = LINE('',#1350,#1351);
#1350 = CARTESIAN_POINT('',(3.,3.,5.999999904633));
#1351 = VECTOR('',#1352,1.);
#1352 = DIRECTION('',(0.,-1.,-6.982962677686E-15));
#1353 = ORIENTED_EDGE('',*,*,#1354,.T.);
#1354 = EDGE_CURVE('',#1347,#1355,#1357,.T.);
#1355 = VERTEX_POINT('',#1356);
#1356 = CARTESIAN_POINT('',(3.,-2.9,0.199999904633));
#1357 = LINE('',#1358,#1359);
#1358 = CARTESIAN_POINT('',(3.,-2.9,6.099999904633));
#1359 = VECTOR('',#1360,1.);
#1360 = DIRECTION('',(0.,6.982962677686E-15,-1.));
#1361 = ORIENTED_EDGE('',*,*,#1362,.T.);
#1362 = EDGE_CURVE('',#1355,#1363,#1365,.T.);
#1363 = VERTEX_POINT('',#1364);
#1364 = CARTESIAN_POINT('',(3.,-0.85,0.199999904633));
#1365 = LINE('',#1366,#1367);
#1366 = CARTESIAN_POINT('',(3.,-0.75,0.199999904633));
#1367 = VECTOR('',#1368,1.);
#1368 = DIRECTION('',(0.,1.,6.982962677686E-15));
#1369 = ORIENTED_EDGE('',*,*,#1370,.F.);
#1370 = EDGE_CURVE('',#1296,#1363,#1371,.T.);
#1371 = CIRCLE('',#1372,0.2);
#1372 = AXIS2_PLACEMENT_3D('',#1373,#1374,#1375);
#1373 = CARTESIAN_POINT('',(3.,-0.85,-9.536743743321E-08));
#1374 = DIRECTION('',(1.,0.,0.));
#1375 = DIRECTION('',(0.,-7.047314121156E-15,1.));
#1376 = PLANE('',#1377);
#1377 = AXIS2_PLACEMENT_3D('',#1378,#1379,#1380);
#1378 = CARTESIAN_POINT('',(3.,3.,6.099999904633));
#1379 = DIRECTION('',(1.,0.,0.));
#1380 = DIRECTION('',(0.,-6.982962677686E-15,1.));
#1381 = ADVANCED_FACE('',(#1382),#1416,.T.);
#1382 = FACE_BOUND('',#1383,.T.);
#1383 = EDGE_LOOP('',(#1384,#1394,#1402,#1410));
#1384 = ORIENTED_EDGE('',*,*,#1385,.T.);
#1385 = EDGE_CURVE('',#1386,#1388,#1390,.T.);
#1386 = VERTEX_POINT('',#1387);
#1387 = CARTESIAN_POINT('',(2.9,3.,0.199999904633));
#1388 = VERTEX_POINT('',#1389);
#1389 = CARTESIAN_POINT('',(-2.9,3.,0.199999904633));
#1390 = LINE('',#1391,#1392);
#1391 = CARTESIAN_POINT('',(-3.,3.,0.199999904633));
#1392 = VECTOR('',#1393,1.);
#1393 = DIRECTION('',(-1.,-0.,-0.));
#1394 = ORIENTED_EDGE('',*,*,#1395,.T.);
#1395 = EDGE_CURVE('',#1388,#1396,#1398,.T.);
#1396 = VERTEX_POINT('',#1397);
#1397 = CARTESIAN_POINT('',(-2.9,3.,5.999999904633));
#1398 = LINE('',#1399,#1400);
#1399 = CARTESIAN_POINT('',(-2.9,3.,6.099999904633));
#1400 = VECTOR('',#1401,1.);
#1401 = DIRECTION('',(0.,-6.982962677686E-15,1.));
#1402 = ORIENTED_EDGE('',*,*,#1403,.T.);
#1403 = EDGE_CURVE('',#1396,#1404,#1406,.T.);
#1404 = VERTEX_POINT('',#1405);
#1405 = CARTESIAN_POINT('',(2.9,3.,5.999999904633));
#1406 = LINE('',#1407,#1408);
#1407 = CARTESIAN_POINT('',(-3.,3.,5.999999904633));
#1408 = VECTOR('',#1409,1.);
#1409 = DIRECTION('',(1.,0.,0.));
#1410 = ORIENTED_EDGE('',*,*,#1411,.T.);
#1411 = EDGE_CURVE('',#1404,#1386,#1412,.T.);
#1412 = LINE('',#1413,#1414);
#1413 = CARTESIAN_POINT('',(2.9,3.,6.099999904633));
#1414 = VECTOR('',#1415,1.);
#1415 = DIRECTION('',(0.,6.982962677686E-15,-1.));
#1416 = PLANE('',#1417);
#1417 = AXIS2_PLACEMENT_3D('',#1418,#1419,#1420);
#1418 = CARTESIAN_POINT('',(-3.,3.,6.099999904633));
#1419 = DIRECTION('',(0.,1.,6.982962677686E-15));
#1420 = DIRECTION('',(0.,-6.982962677686E-15,1.));
#1421 = ADVANCED_FACE('',(#1422),#1456,.T.);
#1422 = FACE_BOUND('',#1423,.T.);
#1423 = EDGE_LOOP('',(#1424,#1434,#1442,#1450));
#1424 = ORIENTED_EDGE('',*,*,#1425,.T.);
#1425 = EDGE_CURVE('',#1426,#1428,#1430,.T.);
#1426 = VERTEX_POINT('',#1427);
#1427 = CARTESIAN_POINT('',(-2.9,-3.,0.199999904633));
#1428 = VERTEX_POINT('',#1429);
#1429 = CARTESIAN_POINT('',(2.9,-3.,0.199999904633));
#1430 = LINE('',#1431,#1432);
#1431 = CARTESIAN_POINT('',(3.,-3.,0.199999904633));
#1432 = VECTOR('',#1433,1.);
#1433 = DIRECTION('',(1.,0.,0.));
#1434 = ORIENTED_EDGE('',*,*,#1435,.T.);
#1435 = EDGE_CURVE('',#1428,#1436,#1438,.T.);
#1436 = VERTEX_POINT('',#1437);
#1437 = CARTESIAN_POINT('',(2.9,-3.,5.999999904633));
#1438 = LINE('',#1439,#1440);
#1439 = CARTESIAN_POINT('',(2.9,-3.,6.099999904633));
#1440 = VECTOR('',#1441,1.);
#1441 = DIRECTION('',(0.,-6.982962677686E-15,1.));
#1442 = ORIENTED_EDGE('',*,*,#1443,.T.);
#1443 = EDGE_CURVE('',#1436,#1444,#1446,.T.);
#1444 = VERTEX_POINT('',#1445);
#1445 = CARTESIAN_POINT('',(-2.9,-3.,5.999999904633));
#1446 = LINE('',#1447,#1448);
#1447 = CARTESIAN_POINT('',(-3.,-3.,5.999999904633));
#1448 = VECTOR('',#1449,1.);
#1449 = DIRECTION('',(-1.,0.,0.));
#1450 = ORIENTED_EDGE('',*,*,#1451,.T.);
#1451 = EDGE_CURVE('',#1444,#1426,#1452,.T.);
#1452 = LINE('',#1453,#1454);
#1453 = CARTESIAN_POINT('',(-2.9,-3.,6.099999904633));
#1454 = VECTOR('',#1455,1.);
#1455 = DIRECTION('',(0.,6.982962677686E-15,-1.));
#1456 = PLANE('',#1457);
#1457 = AXIS2_PLACEMENT_3D('',#1458,#1459,#1460);
#1458 = CARTESIAN_POINT('',(-3.,-3.,6.099999904633));
#1459 = DIRECTION('',(0.,-1.,-6.982962677686E-15));
#1460 = DIRECTION('',(0.,6.982962677686E-15,-1.));
#1461 = ADVANCED_FACE('',(#1462,#1486),#1520,.T.);
#1462 = FACE_BOUND('',#1463,.T.);
#1463 = EDGE_LOOP('',(#1464,#1475,#1476,#1477));
#1464 = ORIENTED_EDGE('',*,*,#1465,.F.);
#1465 = EDGE_CURVE('',#562,#1466,#1468,.T.);
#1466 = VERTEX_POINT('',#1467);
#1467 = CARTESIAN_POINT('',(1.555351624111,-4.227872734372E-14,
    6.099999904633));
#1468 = B_SPLINE_CURVE_WITH_KNOTS('',3,(#1469,#1470,#1471,#1472,#1473,
    #1474),.UNSPECIFIED.,.F.,.F.,(4,2,4),(2.564162870938E-03,
    2.990164234573E-03,3.416165598208E-03),.UNSPECIFIED.);
#1469 = CARTESIAN_POINT('',(1.271334319355,-0.796058445361,
    6.099999904633));
#1470 = CARTESIAN_POINT('',(1.354753045279,-0.681201217951,
    6.099999904633));
#1471 = CARTESIAN_POINT('',(1.422698886514,-0.552409827152,
    6.099999904633));
#1472 = CARTESIAN_POINT('',(1.51814188693,-0.285025998573,6.099999904633
    ));
#1473 = CARTESIAN_POINT('',(1.547086256777,-0.143699049465,
    6.099999904633));
#1474 = CARTESIAN_POINT('',(1.555351624111,-4.227872734372E-14,
    6.099999904633));
#1475 = ORIENTED_EDGE('',*,*,#561,.F.);
#1476 = ORIENTED_EDGE('',*,*,#399,.F.);
#1477 = ORIENTED_EDGE('',*,*,#1478,.F.);
#1478 = EDGE_CURVE('',#1466,#400,#1479,.T.);
#1479 = B_SPLINE_CURVE_WITH_KNOTS('',3,(#1480,#1481,#1482,#1483,#1484,
    #1485),.UNSPECIFIED.,.F.,.F.,(4,2,4),(0.,3.503363977929E-04,
    7.006727955857E-04),.UNSPECIFIED.);
#1480 = CARTESIAN_POINT('',(1.555351624111,-4.227872734372E-14,
    6.099999904633));
#1481 = CARTESIAN_POINT('',(1.546995046138,0.118165233572,6.099999904633
    ));
#1482 = CARTESIAN_POINT('',(1.52492237472,0.23298414943,6.099999904633)
  );
#1483 = CARTESIAN_POINT('',(1.454269329926,0.456154892472,6.099999904633
    ));
#1484 = CARTESIAN_POINT('',(1.404942040461,0.565068838743,6.099999904633
    ));
#1485 = CARTESIAN_POINT('',(1.344503954349,0.665063242661,6.099999904633
    ));
#1486 = FACE_BOUND('',#1487,.T.);
#1487 = EDGE_LOOP('',(#1488,#1498,#1506,#1514));
#1488 = ORIENTED_EDGE('',*,*,#1489,.T.);
#1489 = EDGE_CURVE('',#1490,#1492,#1494,.T.);
#1490 = VERTEX_POINT('',#1491);
#1491 = CARTESIAN_POINT('',(-2.9,2.9,6.099999904633));
#1492 = VERTEX_POINT('',#1493);
#1493 = CARTESIAN_POINT('',(-2.9,-2.9,6.099999904633));
#1494 = LINE('',#1495,#1496);
#1495 = CARTESIAN_POINT('',(-2.9,-4.189777606612E-14,6.099999904633));
#1496 = VECTOR('',#1497,1.);
#1497 = DIRECTION('',(-0.,-1.,-6.982962677686E-15));
#1498 = ORIENTED_EDGE('',*,*,#1499,.T.);
#1499 = EDGE_CURVE('',#1492,#1500,#1502,.T.);
#1500 = VERTEX_POINT('',#1501);
#1501 = CARTESIAN_POINT('',(2.9,-2.9,6.099999904633));
#1502 = LINE('',#1503,#1504);
#1503 = CARTESIAN_POINT('',(0.,-2.9,6.099999904633));
#1504 = VECTOR('',#1505,1.);
#1505 = DIRECTION('',(1.,0.,0.));
#1506 = ORIENTED_EDGE('',*,*,#1507,.T.);
#1507 = EDGE_CURVE('',#1500,#1508,#1510,.T.);
#1508 = VERTEX_POINT('',#1509);
#1509 = CARTESIAN_POINT('',(2.9,2.9,6.099999904633));
#1510 = LINE('',#1511,#1512);
#1511 = CARTESIAN_POINT('',(2.9,-4.189777606612E-14,6.099999904633));
#1512 = VECTOR('',#1513,1.);
#1513 = DIRECTION('',(0.,1.,6.982962677686E-15));
#1514 = ORIENTED_EDGE('',*,*,#1515,.T.);
#1515 = EDGE_CURVE('',#1508,#1490,#1516,.T.);
#1516 = LINE('',#1517,#1518);
#1517 = CARTESIAN_POINT('',(0.,2.9,6.099999904633));
#1518 = VECTOR('',#1519,1.);
#1519 = DIRECTION('',(-1.,-0.,-0.));
#1520 = PLANE('',#1521);
#1521 = AXIS2_PLACEMENT_3D('',#1522,#1523,#1524);
#1522 = CARTESIAN_POINT('',(0.,-4.189777606612E-14,6.099999904633));
#1523 = DIRECTION('',(0.,-6.982962677686E-15,1.));
#1524 = DIRECTION('',(-1.,0.,0.));
#1525 = ADVANCED_FACE('',(#1526),#1560,.F.);
#1526 = FACE_BOUND('',#1527,.T.);
#1527 = EDGE_LOOP('',(#1528,#1538,#1546,#1554));
#1528 = ORIENTED_EDGE('',*,*,#1529,.T.);
#1529 = EDGE_CURVE('',#1530,#1532,#1534,.T.);
#1530 = VERTEX_POINT('',#1531);
#1531 = CARTESIAN_POINT('',(2.9,-0.75,-9.536743672545E-08));
#1532 = VERTEX_POINT('',#1533);
#1533 = CARTESIAN_POINT('',(-2.9,-0.75,-9.536743672545E-08));
#1534 = LINE('',#1535,#1536);
#1535 = CARTESIAN_POINT('',(-3.,-0.75,-9.536743672545E-08));
#1536 = VECTOR('',#1537,1.);
#1537 = DIRECTION('',(-1.,0.,0.));
#1538 = ORIENTED_EDGE('',*,*,#1539,.T.);
#1539 = EDGE_CURVE('',#1532,#1540,#1542,.T.);
#1540 = VERTEX_POINT('',#1541);
#1541 = CARTESIAN_POINT('',(-2.9,-0.75,-2.400000095367));
#1542 = LINE('',#1543,#1544);
#1543 = CARTESIAN_POINT('',(-2.9,-0.75,-2.400000095367));
#1544 = VECTOR('',#1545,1.);
#1545 = DIRECTION('',(0.,6.982962677686E-15,-1.));
#1546 = ORIENTED_EDGE('',*,*,#1547,.T.);
#1547 = EDGE_CURVE('',#1540,#1548,#1550,.T.);
#1548 = VERTEX_POINT('',#1549);
#1549 = CARTESIAN_POINT('',(2.9,-0.75,-2.400000095367));
#1550 = LINE('',#1551,#1552);
#1551 = CARTESIAN_POINT('',(-3.,-0.75,-2.400000095367));
#1552 = VECTOR('',#1553,1.);
#1553 = DIRECTION('',(1.,0.,0.));
#1554 = ORIENTED_EDGE('',*,*,#1555,.T.);
#1555 = EDGE_CURVE('',#1548,#1530,#1556,.T.);
#1556 = LINE('',#1557,#1558);
#1557 = CARTESIAN_POINT('',(2.9,-0.75,9.999990463256E-02));
#1558 = VECTOR('',#1559,1.);
#1559 = DIRECTION('',(0.,-6.982962677686E-15,1.));
#1560 = PLANE('',#1561);
#1561 = AXIS2_PLACEMENT_3D('',#1562,#1563,#1564);
#1562 = CARTESIAN_POINT('',(-3.,-0.75,-2.500000095367));
#1563 = DIRECTION('',(0.,1.,6.982962677686E-15));
#1564 = DIRECTION('',(0.,-6.982962677686E-15,1.));
#1565 = ADVANCED_FACE('',(#1566),#1600,.F.);
#1566 = FACE_BOUND('',#1567,.T.);
#1567 = EDGE_LOOP('',(#1568,#1578,#1586,#1594));
#1568 = ORIENTED_EDGE('',*,*,#1569,.T.);
#1569 = EDGE_CURVE('',#1570,#1572,#1574,.T.);
#1570 = VERTEX_POINT('',#1571);
#1571 = CARTESIAN_POINT('',(-2.9,0.75,-9.536742626159E-08));
#1572 = VERTEX_POINT('',#1573);
#1573 = CARTESIAN_POINT('',(2.9,0.75,-9.536742626159E-08));
#1574 = LINE('',#1575,#1576);
#1575 = CARTESIAN_POINT('',(3.,0.75,-9.536742626159E-08));
#1576 = VECTOR('',#1577,1.);
#1577 = DIRECTION('',(1.,0.,0.));
#1578 = ORIENTED_EDGE('',*,*,#1579,.T.);
#1579 = EDGE_CURVE('',#1572,#1580,#1582,.T.);
#1580 = VERTEX_POINT('',#1581);
#1581 = CARTESIAN_POINT('',(2.9,0.75,-2.400000095367));
#1582 = LINE('',#1583,#1584);
#1583 = CARTESIAN_POINT('',(2.9,0.75,-2.400000095367));
#1584 = VECTOR('',#1585,1.);
#1585 = DIRECTION('',(0.,6.982962677686E-15,-1.));
#1586 = ORIENTED_EDGE('',*,*,#1587,.T.);
#1587 = EDGE_CURVE('',#1580,#1588,#1590,.T.);
#1588 = VERTEX_POINT('',#1589);
#1589 = CARTESIAN_POINT('',(-2.9,0.75,-2.400000095367));
#1590 = LINE('',#1591,#1592);
#1591 = CARTESIAN_POINT('',(-3.,0.75,-2.400000095367));
#1592 = VECTOR('',#1593,1.);
#1593 = DIRECTION('',(-1.,-0.,-0.));
#1594 = ORIENTED_EDGE('',*,*,#1595,.T.);
#1595 = EDGE_CURVE('',#1588,#1570,#1596,.T.);
#1596 = LINE('',#1597,#1598);
#1597 = CARTESIAN_POINT('',(-2.9,0.75,9.999990463257E-02));
#1598 = VECTOR('',#1599,1.);
#1599 = DIRECTION('',(0.,-6.982962677686E-15,1.));
#1600 = PLANE('',#1601);
#1601 = AXIS2_PLACEMENT_3D('',#1602,#1603,#1604);
#1602 = CARTESIAN_POINT('',(-3.,0.75,-2.500000095367));
#1603 = DIRECTION('',(0.,-1.,-6.982962677686E-15));
#1604 = DIRECTION('',(0.,6.982962677686E-15,-1.));
#1605 = ADVANCED_FACE('',(#1606),#1640,.F.);
#1606 = FACE_BOUND('',#1607,.T.);
#1607 = EDGE_LOOP('',(#1608,#1618,#1626,#1634));
#1608 = ORIENTED_EDGE('',*,*,#1609,.T.);
#1609 = EDGE_CURVE('',#1610,#1612,#1614,.T.);
#1610 = VERTEX_POINT('',#1611);
#1611 = CARTESIAN_POINT('',(2.9,-0.65,-2.500000095367));
#1612 = VERTEX_POINT('',#1613);
#1613 = CARTESIAN_POINT('',(-2.9,-0.65,-2.500000095367));
#1614 = LINE('',#1615,#1616);
#1615 = CARTESIAN_POINT('',(0.,-0.65,-2.500000095367));
#1616 = VECTOR('',#1617,1.);
#1617 = DIRECTION('',(-1.,0.,0.));
#1618 = ORIENTED_EDGE('',*,*,#1619,.T.);
#1619 = EDGE_CURVE('',#1612,#1620,#1622,.T.);
#1620 = VERTEX_POINT('',#1621);
#1621 = CARTESIAN_POINT('',(-2.9,0.65,-2.500000095367));
#1622 = LINE('',#1623,#1624);
#1623 = CARTESIAN_POINT('',(-2.9,0.65,-2.500000095367));
#1624 = VECTOR('',#1625,1.);
#1625 = DIRECTION('',(0.,1.,6.982962677686E-15));
#1626 = ORIENTED_EDGE('',*,*,#1627,.T.);
#1627 = EDGE_CURVE('',#1620,#1628,#1630,.T.);
#1628 = VERTEX_POINT('',#1629);
#1629 = CARTESIAN_POINT('',(2.9,0.65,-2.500000095367));
#1630 = LINE('',#1631,#1632);
#1631 = CARTESIAN_POINT('',(0.,0.65,-2.500000095367));
#1632 = VECTOR('',#1633,1.);
#1633 = DIRECTION('',(1.,0.,0.));
#1634 = ORIENTED_EDGE('',*,*,#1635,.T.);
#1635 = EDGE_CURVE('',#1628,#1610,#1636,.T.);
#1636 = LINE('',#1637,#1638);
#1637 = CARTESIAN_POINT('',(2.9,-0.65,-2.500000095367));
#1638 = VECTOR('',#1639,1.);
#1639 = DIRECTION('',(0.,-1.,-6.982962677686E-15));
#1640 = PLANE('',#1641);
#1641 = AXIS2_PLACEMENT_3D('',#1642,#1643,#1644);
#1642 = CARTESIAN_POINT('',(0.,1.815570296198E-14,-2.500000095367));
#1643 = DIRECTION('',(0.,-6.982962677686E-15,1.));
#1644 = DIRECTION('',(-1.,0.,0.));
#1645 = ADVANCED_FACE('',(#1646),#1664,.T.);
#1646 = FACE_BOUND('',#1647,.T.);
#1647 = EDGE_LOOP('',(#1648,#1649,#1656,#1657));
#1648 = ORIENTED_EDGE('',*,*,#1587,.F.);
#1649 = ORIENTED_EDGE('',*,*,#1650,.T.);
#1650 = EDGE_CURVE('',#1580,#1628,#1651,.T.);
#1651 = CIRCLE('',#1652,0.1);
#1652 = AXIS2_PLACEMENT_3D('',#1653,#1654,#1655);
#1653 = CARTESIAN_POINT('',(2.9,0.65,-2.400000095367));
#1654 = DIRECTION('',(-1.,0.,0.));
#1655 = DIRECTION('',(0.,-6.505213034913E-15,1.));
#1656 = ORIENTED_EDGE('',*,*,#1627,.F.);
#1657 = ORIENTED_EDGE('',*,*,#1658,.T.);
#1658 = EDGE_CURVE('',#1620,#1588,#1659,.T.);
#1659 = CIRCLE('',#1660,0.1);
#1660 = AXIS2_PLACEMENT_3D('',#1661,#1662,#1663);
#1661 = CARTESIAN_POINT('',(-2.9,0.65,-2.400000095367));
#1662 = DIRECTION('',(1.,0.,0.));
#1663 = DIRECTION('',(0.,-6.505213034913E-15,1.));
#1664 = CYLINDRICAL_SURFACE('',#1665,0.1);
#1665 = AXIS2_PLACEMENT_3D('',#1666,#1667,#1668);
#1666 = CARTESIAN_POINT('',(0.,0.65,-2.400000095367));
#1667 = DIRECTION('',(1.,0.,0.));
#1668 = DIRECTION('',(0.,-6.505213034913E-15,1.));
#1669 = ADVANCED_FACE('',(#1670),#1688,.T.);
#1670 = FACE_BOUND('',#1671,.T.);
#1671 = EDGE_LOOP('',(#1672,#1673,#1680,#1681));
#1672 = ORIENTED_EDGE('',*,*,#1547,.F.);
#1673 = ORIENTED_EDGE('',*,*,#1674,.T.);
#1674 = EDGE_CURVE('',#1540,#1612,#1675,.T.);
#1675 = CIRCLE('',#1676,0.1);
#1676 = AXIS2_PLACEMENT_3D('',#1677,#1678,#1679);
#1677 = CARTESIAN_POINT('',(-2.9,-0.65,-2.400000095367));
#1678 = DIRECTION('',(1.,-0.,0.));
#1679 = DIRECTION('',(0.,7.589415207399E-15,-1.));
#1680 = ORIENTED_EDGE('',*,*,#1609,.F.);
#1681 = ORIENTED_EDGE('',*,*,#1682,.T.);
#1682 = EDGE_CURVE('',#1610,#1548,#1683,.T.);
#1683 = CIRCLE('',#1684,0.1);
#1684 = AXIS2_PLACEMENT_3D('',#1685,#1686,#1687);
#1685 = CARTESIAN_POINT('',(2.9,-0.65,-2.400000095367));
#1686 = DIRECTION('',(-1.,0.,-0.));
#1687 = DIRECTION('',(0.,6.505213034913E-15,-1.));
#1688 = CYLINDRICAL_SURFACE('',#1689,0.1);
#1689 = AXIS2_PLACEMENT_3D('',#1690,#1691,#1692);
#1690 = CARTESIAN_POINT('',(0.,-0.65,-2.400000095367));
#1691 = DIRECTION('',(-1.,0.,0.));
#1692 = DIRECTION('',(0.,6.505213034913E-15,-1.));
#1693 = ADVANCED_FACE('',(#1694),#1712,.T.);
#1694 = FACE_BOUND('',#1695,.T.);
#1695 = EDGE_LOOP('',(#1696,#1703,#1704,#1711));
#1696 = ORIENTED_EDGE('',*,*,#1697,.F.);
#1697 = EDGE_CURVE('',#1347,#1500,#1698,.T.);
#1698 = CIRCLE('',#1699,0.1);
#1699 = AXIS2_PLACEMENT_3D('',#1700,#1701,#1702);
#1700 = CARTESIAN_POINT('',(2.9,-2.9,5.999999904633));
#1701 = DIRECTION('',(0.,-1.,-2.646153987744E-15));
#1702 = DIRECTION('',(0.,2.646153987744E-15,-1.));
#1703 = ORIENTED_EDGE('',*,*,#1346,.F.);
#1704 = ORIENTED_EDGE('',*,*,#1705,.F.);
#1705 = EDGE_CURVE('',#1508,#1339,#1706,.T.);
#1706 = CIRCLE('',#1707,0.1);
#1707 = AXIS2_PLACEMENT_3D('',#1708,#1709,#1710);
#1708 = CARTESIAN_POINT('',(2.9,2.9,5.999999904633));
#1709 = DIRECTION('',(-0.,1.,6.982962677686E-15));
#1710 = DIRECTION('',(0.,-6.982962677686E-15,1.));
#1711 = ORIENTED_EDGE('',*,*,#1507,.F.);
#1712 = CYLINDRICAL_SURFACE('',#1713,0.1);
#1713 = AXIS2_PLACEMENT_3D('',#1714,#1715,#1716);
#1714 = CARTESIAN_POINT('',(2.9,3.,5.999999904633));
#1715 = DIRECTION('',(0.,-1.,-6.982962677686E-15));
#1716 = DIRECTION('',(0.,6.982962677686E-15,-1.));
#1717 = ADVANCED_FACE('',(#1718),#1735,.T.);
#1718 = FACE_BOUND('',#1719,.T.);
#1719 = EDGE_LOOP('',(#1720,#1727,#1728));
#1720 = ORIENTED_EDGE('',*,*,#1721,.F.);
#1721 = EDGE_CURVE('',#1347,#1436,#1722,.T.);
#1722 = CIRCLE('',#1723,0.1);
#1723 = AXIS2_PLACEMENT_3D('',#1724,#1725,#1726);
#1724 = CARTESIAN_POINT('',(2.9,-2.9,5.999999904633));
#1725 = DIRECTION('',(0.,6.982962677686E-15,-1.));
#1726 = DIRECTION('',(-1.,0.,0.));
#1727 = ORIENTED_EDGE('',*,*,#1697,.T.);
#1728 = ORIENTED_EDGE('',*,*,#1729,.F.);
#1729 = EDGE_CURVE('',#1436,#1500,#1730,.T.);
#1730 = CIRCLE('',#1731,0.1);
#1731 = AXIS2_PLACEMENT_3D('',#1732,#1733,#1734);
#1732 = CARTESIAN_POINT('',(2.9,-2.9,5.999999904633));
#1733 = DIRECTION('',(-1.,0.,0.));
#1734 = DIRECTION('',(0.,0.,1.));
#1735 = SPHERICAL_SURFACE('',#1736,0.1);
#1736 = AXIS2_PLACEMENT_3D('',#1737,#1738,#1739);
#1737 = CARTESIAN_POINT('',(2.9,-2.9,5.999999904633));
#1738 = DIRECTION('',(0.,-1.,-6.982962677686E-15));
#1739 = DIRECTION('',(1.,0.,0.));
#1740 = ADVANCED_FACE('',(#1741),#1758,.T.);
#1741 = FACE_BOUND('',#1742,.T.);
#1742 = EDGE_LOOP('',(#1743,#1750,#1751));
#1743 = ORIENTED_EDGE('',*,*,#1744,.F.);
#1744 = EDGE_CURVE('',#1508,#1404,#1745,.T.);
#1745 = CIRCLE('',#1746,0.1);
#1746 = AXIS2_PLACEMENT_3D('',#1747,#1748,#1749);
#1747 = CARTESIAN_POINT('',(2.9,2.9,5.999999904633));
#1748 = DIRECTION('',(-1.,-3.028377322213E-29,4.336808689942E-15));
#1749 = DIRECTION('',(4.336808689942E-15,-4.336808689942E-15,1.));
#1750 = ORIENTED_EDGE('',*,*,#1705,.T.);
#1751 = ORIENTED_EDGE('',*,*,#1752,.F.);
#1752 = EDGE_CURVE('',#1404,#1339,#1753,.T.);
#1753 = CIRCLE('',#1754,0.1);
#1754 = AXIS2_PLACEMENT_3D('',#1755,#1756,#1757);
#1755 = CARTESIAN_POINT('',(2.9,2.9,5.999999904633));
#1756 = DIRECTION('',(0.,6.982962677686E-15,-1.));
#1757 = DIRECTION('',(-1.,0.,0.));
#1758 = SPHERICAL_SURFACE('',#1759,0.1);
#1759 = AXIS2_PLACEMENT_3D('',#1760,#1761,#1762);
#1760 = CARTESIAN_POINT('',(2.9,2.9,5.999999904633));
#1761 = DIRECTION('',(0.,-1.,-6.982962677686E-15));
#1762 = DIRECTION('',(1.,0.,0.));
#1763 = ADVANCED_FACE('',(#1764),#1776,.T.);
#1764 = FACE_BOUND('',#1765,.T.);
#1765 = EDGE_LOOP('',(#1766,#1767,#1768,#1775));
#1766 = ORIENTED_EDGE('',*,*,#1729,.T.);
#1767 = ORIENTED_EDGE('',*,*,#1499,.F.);
#1768 = ORIENTED_EDGE('',*,*,#1769,.F.);
#1769 = EDGE_CURVE('',#1444,#1492,#1770,.T.);
#1770 = CIRCLE('',#1771,0.1);
#1771 = AXIS2_PLACEMENT_3D('',#1772,#1773,#1774);
#1772 = CARTESIAN_POINT('',(-2.9,-2.9,5.999999904633));
#1773 = DIRECTION('',(-1.,0.,-0.));
#1774 = DIRECTION('',(0.,8.673617379884E-15,-1.));
#1775 = ORIENTED_EDGE('',*,*,#1443,.F.);
#1776 = CYLINDRICAL_SURFACE('',#1777,0.1);
#1777 = AXIS2_PLACEMENT_3D('',#1778,#1779,#1780);
#1778 = CARTESIAN_POINT('',(-3.,-2.9,5.999999904633));
#1779 = DIRECTION('',(-1.,0.,0.));
#1780 = DIRECTION('',(0.,8.673617379884E-15,-1.));
#1781 = ADVANCED_FACE('',(#1782),#1794,.T.);
#1782 = FACE_BOUND('',#1783,.T.);
#1783 = EDGE_LOOP('',(#1784,#1785,#1786,#1793));
#1784 = ORIENTED_EDGE('',*,*,#1721,.T.);
#1785 = ORIENTED_EDGE('',*,*,#1435,.F.);
#1786 = ORIENTED_EDGE('',*,*,#1787,.F.);
#1787 = EDGE_CURVE('',#1355,#1428,#1788,.T.);
#1788 = CIRCLE('',#1789,0.1);
#1789 = AXIS2_PLACEMENT_3D('',#1790,#1791,#1792);
#1790 = CARTESIAN_POINT('',(2.9,-2.9,0.199999904633));
#1791 = DIRECTION('',(0.,6.982962677686E-15,-1.));
#1792 = DIRECTION('',(1.,0.,0.));
#1793 = ORIENTED_EDGE('',*,*,#1354,.F.);
#1794 = CYLINDRICAL_SURFACE('',#1795,0.1);
#1795 = AXIS2_PLACEMENT_3D('',#1796,#1797,#1798);
#1796 = CARTESIAN_POINT('',(2.9,-2.9,6.099999904633));
#1797 = DIRECTION('',(0.,6.982962677686E-15,-1.));
#1798 = DIRECTION('',(1.,0.,0.));
#1799 = ADVANCED_FACE('',(#1800),#1818,.T.);
#1800 = FACE_BOUND('',#1801,.T.);
#1801 = EDGE_LOOP('',(#1802,#1809,#1810,#1817));
#1802 = ORIENTED_EDGE('',*,*,#1803,.F.);
#1803 = EDGE_CURVE('',#1306,#1628,#1804,.T.);
#1804 = CIRCLE('',#1805,0.1);
#1805 = AXIS2_PLACEMENT_3D('',#1806,#1807,#1808);
#1806 = CARTESIAN_POINT('',(2.9,0.65,-2.400000095367));
#1807 = DIRECTION('',(-0.,1.,6.982962677686E-15));
#1808 = DIRECTION('',(0.,-6.982962677686E-15,1.));
#1809 = ORIENTED_EDGE('',*,*,#1305,.F.);
#1810 = ORIENTED_EDGE('',*,*,#1811,.F.);
#1811 = EDGE_CURVE('',#1610,#1298,#1812,.T.);
#1812 = CIRCLE('',#1813,0.1);
#1813 = AXIS2_PLACEMENT_3D('',#1814,#1815,#1816);
#1814 = CARTESIAN_POINT('',(2.9,-0.65,-2.400000095367));
#1815 = DIRECTION('',(0.,-1.,-6.982962677686E-15));
#1816 = DIRECTION('',(0.,6.982962677686E-15,-1.));
#1817 = ORIENTED_EDGE('',*,*,#1635,.F.);
#1818 = CYLINDRICAL_SURFACE('',#1819,0.1);
#1819 = AXIS2_PLACEMENT_3D('',#1820,#1821,#1822);
#1820 = CARTESIAN_POINT('',(2.9,1.745740669422E-14,-2.400000095367));
#1821 = DIRECTION('',(0.,1.,6.982962677686E-15));
#1822 = DIRECTION('',(0.,-6.982962677686E-15,1.));
#1823 = ADVANCED_FACE('',(#1824),#1836,.T.);
#1824 = FACE_BOUND('',#1825,.T.);
#1825 = EDGE_LOOP('',(#1826,#1827,#1828,#1835));
#1826 = ORIENTED_EDGE('',*,*,#1752,.T.);
#1827 = ORIENTED_EDGE('',*,*,#1338,.F.);
#1828 = ORIENTED_EDGE('',*,*,#1829,.F.);
#1829 = EDGE_CURVE('',#1386,#1331,#1830,.T.);
#1830 = CIRCLE('',#1831,0.1);
#1831 = AXIS2_PLACEMENT_3D('',#1832,#1833,#1834);
#1832 = CARTESIAN_POINT('',(2.9,2.9,0.199999904633));
#1833 = DIRECTION('',(0.,6.982962677686E-15,-1.));
#1834 = DIRECTION('',(1.,0.,0.));
#1835 = ORIENTED_EDGE('',*,*,#1411,.F.);
#1836 = CYLINDRICAL_SURFACE('',#1837,0.1);
#1837 = AXIS2_PLACEMENT_3D('',#1838,#1839,#1840);
#1838 = CARTESIAN_POINT('',(2.9,2.9,6.099999904633));
#1839 = DIRECTION('',(0.,6.982962677686E-15,-1.));
#1840 = DIRECTION('',(1.,0.,0.));
#1841 = ADVANCED_FACE('',(#1842),#1854,.T.);
#1842 = FACE_BOUND('',#1843,.T.);
#1843 = EDGE_LOOP('',(#1844,#1845,#1846,#1853));
#1844 = ORIENTED_EDGE('',*,*,#1744,.T.);
#1845 = ORIENTED_EDGE('',*,*,#1403,.F.);
#1846 = ORIENTED_EDGE('',*,*,#1847,.F.);
#1847 = EDGE_CURVE('',#1490,#1396,#1848,.T.);
#1848 = CIRCLE('',#1849,0.1);
#1849 = AXIS2_PLACEMENT_3D('',#1850,#1851,#1852);
#1850 = CARTESIAN_POINT('',(-2.9,2.9,5.999999904633));
#1851 = DIRECTION('',(-1.,0.,0.));
#1852 = DIRECTION('',(0.,8.673617379884E-15,-1.));
#1853 = ORIENTED_EDGE('',*,*,#1515,.F.);
#1854 = CYLINDRICAL_SURFACE('',#1855,0.1);
#1855 = AXIS2_PLACEMENT_3D('',#1856,#1857,#1858);
#1856 = CARTESIAN_POINT('',(-3.,2.9,5.999999904633));
#1857 = DIRECTION('',(1.,0.,0.));
#1858 = DIRECTION('',(0.,-8.673617379884E-15,1.));
#1859 = ADVANCED_FACE('',(#1860),#1878,.T.);
#1860 = FACE_BOUND('',#1861,.T.);
#1861 = EDGE_LOOP('',(#1862,#1869,#1870,#1877));
#1862 = ORIENTED_EDGE('',*,*,#1863,.F.);
#1863 = EDGE_CURVE('',#1492,#1208,#1864,.T.);
#1864 = CIRCLE('',#1865,0.1);
#1865 = AXIS2_PLACEMENT_3D('',#1866,#1867,#1868);
#1866 = CARTESIAN_POINT('',(-2.9,-2.9,5.999999904633));
#1867 = DIRECTION('',(0.,-1.,-6.982962677686E-15));
#1868 = DIRECTION('',(0.,6.982962677686E-15,-1.));
#1869 = ORIENTED_EDGE('',*,*,#1489,.F.);
#1870 = ORIENTED_EDGE('',*,*,#1871,.F.);
#1871 = EDGE_CURVE('',#1216,#1490,#1872,.T.);
#1872 = CIRCLE('',#1873,0.1);
#1873 = AXIS2_PLACEMENT_3D('',#1874,#1875,#1876);
#1874 = CARTESIAN_POINT('',(-2.9,2.9,5.999999904633));
#1875 = DIRECTION('',(-0.,1.,6.982962677686E-15));
#1876 = DIRECTION('',(0.,-6.982962677686E-15,1.));
#1877 = ORIENTED_EDGE('',*,*,#1215,.F.);
#1878 = CYLINDRICAL_SURFACE('',#1879,0.1);
#1879 = AXIS2_PLACEMENT_3D('',#1880,#1881,#1882);
#1880 = CARTESIAN_POINT('',(-2.9,3.,5.999999904633));
#1881 = DIRECTION('',(0.,1.,6.982962677686E-15));
#1882 = DIRECTION('',(0.,-6.982962677686E-15,1.));
#1883 = ADVANCED_FACE('',(#1884),#1895,.T.);
#1884 = FACE_BOUND('',#1885,.T.);
#1885 = EDGE_LOOP('',(#1886,#1887,#1888));
#1886 = ORIENTED_EDGE('',*,*,#1769,.T.);
#1887 = ORIENTED_EDGE('',*,*,#1863,.T.);
#1888 = ORIENTED_EDGE('',*,*,#1889,.F.);
#1889 = EDGE_CURVE('',#1444,#1208,#1890,.T.);
#1890 = CIRCLE('',#1891,0.1);
#1891 = AXIS2_PLACEMENT_3D('',#1892,#1893,#1894);
#1892 = CARTESIAN_POINT('',(-2.9,-2.9,5.999999904633));
#1893 = DIRECTION('',(0.,6.982962677686E-15,-1.));
#1894 = DIRECTION('',(-1.,0.,0.));
#1895 = SPHERICAL_SURFACE('',#1896,0.1);
#1896 = AXIS2_PLACEMENT_3D('',#1897,#1898,#1899);
#1897 = CARTESIAN_POINT('',(-2.9,-2.9,5.999999904633));
#1898 = DIRECTION('',(0.,-1.,-6.982962677686E-15));
#1899 = DIRECTION('',(1.,0.,0.));
#1900 = ADVANCED_FACE('',(#1901),#1918,.T.);
#1901 = FACE_BOUND('',#1902,.T.);
#1902 = EDGE_LOOP('',(#1903,#1910,#1911));
#1903 = ORIENTED_EDGE('',*,*,#1904,.F.);
#1904 = EDGE_CURVE('',#1355,#842,#1905,.T.);
#1905 = CIRCLE('',#1906,0.1);
#1906 = AXIS2_PLACEMENT_3D('',#1907,#1908,#1909);
#1907 = CARTESIAN_POINT('',(2.9,-2.9,0.199999904633));
#1908 = DIRECTION('',(4.336808689942E-15,1.,6.982962677686E-15));
#1909 = DIRECTION('',(-1.,4.336808689942E-15,-5.605193857299E-45));
#1910 = ORIENTED_EDGE('',*,*,#1787,.T.);
#1911 = ORIENTED_EDGE('',*,*,#1912,.F.);
#1912 = EDGE_CURVE('',#842,#1428,#1913,.T.);
#1913 = CIRCLE('',#1914,0.1);
#1914 = AXIS2_PLACEMENT_3D('',#1915,#1916,#1917);
#1915 = CARTESIAN_POINT('',(2.9,-2.9,0.199999904633));
#1916 = DIRECTION('',(-1.,0.,0.));
#1917 = DIRECTION('',(0.,-8.673617379884E-15,1.));
#1918 = SPHERICAL_SURFACE('',#1919,0.1);
#1919 = AXIS2_PLACEMENT_3D('',#1920,#1921,#1922);
#1920 = CARTESIAN_POINT('',(2.9,-2.9,0.199999904633));
#1921 = DIRECTION('',(0.,-1.,-6.982962677686E-15));
#1922 = DIRECTION('',(1.,0.,0.));
#1923 = ADVANCED_FACE('',(#1924),#1935,.T.);
#1924 = FACE_BOUND('',#1925,.T.);
#1925 = EDGE_LOOP('',(#1926,#1927,#1928));
#1926 = ORIENTED_EDGE('',*,*,#1682,.F.);
#1927 = ORIENTED_EDGE('',*,*,#1811,.T.);
#1928 = ORIENTED_EDGE('',*,*,#1929,.F.);
#1929 = EDGE_CURVE('',#1548,#1298,#1930,.T.);
#1930 = CIRCLE('',#1931,0.1);
#1931 = AXIS2_PLACEMENT_3D('',#1932,#1933,#1934);
#1932 = CARTESIAN_POINT('',(2.9,-0.65,-2.400000095367));
#1933 = DIRECTION('',(0.,-6.982962677686E-15,1.));
#1934 = DIRECTION('',(-1.,0.,0.));
#1935 = SPHERICAL_SURFACE('',#1936,0.1);
#1936 = AXIS2_PLACEMENT_3D('',#1937,#1938,#1939);
#1937 = CARTESIAN_POINT('',(2.9,-0.65,-2.400000095367));
#1938 = DIRECTION('',(0.,-1.,-6.505213034913E-15));
#1939 = DIRECTION('',(0.,-6.505213034913E-15,1.));
#1940 = ADVANCED_FACE('',(#1941),#1952,.T.);
#1941 = FACE_BOUND('',#1942,.T.);
#1942 = EDGE_LOOP('',(#1943,#1944,#1945));
#1943 = ORIENTED_EDGE('',*,*,#1803,.T.);
#1944 = ORIENTED_EDGE('',*,*,#1650,.F.);
#1945 = ORIENTED_EDGE('',*,*,#1946,.F.);
#1946 = EDGE_CURVE('',#1306,#1580,#1947,.T.);
#1947 = CIRCLE('',#1948,0.1);
#1948 = AXIS2_PLACEMENT_3D('',#1949,#1950,#1951);
#1949 = CARTESIAN_POINT('',(2.9,0.65,-2.400000095367));
#1950 = DIRECTION('',(0.,-6.982962677686E-15,1.));
#1951 = DIRECTION('',(-1.,0.,0.));
#1952 = SPHERICAL_SURFACE('',#1953,0.1);
#1953 = AXIS2_PLACEMENT_3D('',#1954,#1955,#1956);
#1954 = CARTESIAN_POINT('',(2.9,0.65,-2.400000095367));
#1955 = DIRECTION('',(0.,-1.,-6.505213034913E-15));
#1956 = DIRECTION('',(0.,-6.505213034913E-15,1.));
#1957 = ADVANCED_FACE('',(#1958),#1975,.T.);
#1958 = FACE_BOUND('',#1959,.T.);
#1959 = EDGE_LOOP('',(#1960,#1967,#1968));
#1960 = ORIENTED_EDGE('',*,*,#1961,.F.);
#1961 = EDGE_CURVE('',#1386,#1248,#1962,.T.);
#1962 = CIRCLE('',#1963,0.1);
#1963 = AXIS2_PLACEMENT_3D('',#1964,#1965,#1966);
#1964 = CARTESIAN_POINT('',(2.9,2.9,0.199999904633));
#1965 = DIRECTION('',(-1.,-4.336808689942E-15,-3.028377322213E-29));
#1966 = DIRECTION('',(4.336808689942E-15,-1.,-7.047314121156E-15));
#1967 = ORIENTED_EDGE('',*,*,#1829,.T.);
#1968 = ORIENTED_EDGE('',*,*,#1969,.F.);
#1969 = EDGE_CURVE('',#1248,#1331,#1970,.T.);
#1970 = CIRCLE('',#1971,0.1);
#1971 = AXIS2_PLACEMENT_3D('',#1972,#1973,#1974);
#1972 = CARTESIAN_POINT('',(2.9,2.9,0.199999904633));
#1973 = DIRECTION('',(-0.,-1.,-6.982962677686E-15));
#1974 = DIRECTION('',(0.,-6.982962677686E-15,1.));
#1975 = SPHERICAL_SURFACE('',#1976,0.1);
#1976 = AXIS2_PLACEMENT_3D('',#1977,#1978,#1979);
#1977 = CARTESIAN_POINT('',(2.9,2.9,0.199999904633));
#1978 = DIRECTION('',(0.,-1.,-6.982962677686E-15));
#1979 = DIRECTION('',(1.,0.,0.));
#1980 = ADVANCED_FACE('',(#1981),#1992,.T.);
#1981 = FACE_BOUND('',#1982,.T.);
#1982 = EDGE_LOOP('',(#1983,#1984,#1985));
#1983 = ORIENTED_EDGE('',*,*,#1871,.T.);
#1984 = ORIENTED_EDGE('',*,*,#1847,.T.);
#1985 = ORIENTED_EDGE('',*,*,#1986,.F.);
#1986 = EDGE_CURVE('',#1216,#1396,#1987,.T.);
#1987 = CIRCLE('',#1988,0.1);
#1988 = AXIS2_PLACEMENT_3D('',#1989,#1990,#1991);
#1989 = CARTESIAN_POINT('',(-2.9,2.9,5.999999904633));
#1990 = DIRECTION('',(0.,6.982962677686E-15,-1.));
#1991 = DIRECTION('',(-1.,0.,0.));
#1992 = SPHERICAL_SURFACE('',#1993,0.1);
#1993 = AXIS2_PLACEMENT_3D('',#1994,#1995,#1996);
#1994 = CARTESIAN_POINT('',(-2.9,2.9,5.999999904633));
#1995 = DIRECTION('',(0.,-1.,-6.982962677686E-15));
#1996 = DIRECTION('',(1.,0.,0.));
#1997 = ADVANCED_FACE('',(#1998),#2010,.T.);
#1998 = FACE_BOUND('',#1999,.T.);
#1999 = EDGE_LOOP('',(#2000,#2001,#2002,#2009));
#2000 = ORIENTED_EDGE('',*,*,#1889,.T.);
#2001 = ORIENTED_EDGE('',*,*,#1207,.F.);
#2002 = ORIENTED_EDGE('',*,*,#2003,.F.);
#2003 = EDGE_CURVE('',#1426,#1200,#2004,.T.);
#2004 = CIRCLE('',#2005,0.1);
#2005 = AXIS2_PLACEMENT_3D('',#2006,#2007,#2008);
#2006 = CARTESIAN_POINT('',(-2.9,-2.9,0.199999904633));
#2007 = DIRECTION('',(0.,6.982962677686E-15,-1.));
#2008 = DIRECTION('',(1.,0.,0.));
#2009 = ORIENTED_EDGE('',*,*,#1451,.F.);
#2010 = CYLINDRICAL_SURFACE('',#2011,0.1);
#2011 = AXIS2_PLACEMENT_3D('',#2012,#2013,#2014);
#2012 = CARTESIAN_POINT('',(-2.9,-2.9,6.099999904633));
#2013 = DIRECTION('',(0.,6.982962677686E-15,-1.));
#2014 = DIRECTION('',(1.,0.,0.));
#2015 = ADVANCED_FACE('',(#2016),#2028,.T.);
#2016 = FACE_BOUND('',#2017,.T.);
#2017 = EDGE_LOOP('',(#2018,#2019,#2020,#2027));
#2018 = ORIENTED_EDGE('',*,*,#1912,.T.);
#2019 = ORIENTED_EDGE('',*,*,#1425,.F.);
#2020 = ORIENTED_EDGE('',*,*,#2021,.F.);
#2021 = EDGE_CURVE('',#844,#1426,#2022,.T.);
#2022 = CIRCLE('',#2023,0.1);
#2023 = AXIS2_PLACEMENT_3D('',#2024,#2025,#2026);
#2024 = CARTESIAN_POINT('',(-2.9,-2.9,0.199999904633));
#2025 = DIRECTION('',(-1.,0.,-0.));
#2026 = DIRECTION('',(0.,8.673617379884E-15,-1.));
#2027 = ORIENTED_EDGE('',*,*,#841,.F.);
#2028 = CYLINDRICAL_SURFACE('',#2029,0.1);
#2029 = AXIS2_PLACEMENT_3D('',#2030,#2031,#2032);
#2030 = CARTESIAN_POINT('',(0.,-2.9,0.199999904633));
#2031 = DIRECTION('',(1.,0.,0.));
#2032 = DIRECTION('',(0.,-8.673617379884E-15,1.));
#2033 = ADVANCED_FACE('',(#2034),#2046,.T.);
#2034 = FACE_BOUND('',#2035,.T.);
#2035 = EDGE_LOOP('',(#2036,#2037,#2038,#2045));
#2036 = ORIENTED_EDGE('',*,*,#1904,.T.);
#2037 = ORIENTED_EDGE('',*,*,#867,.F.);
#2038 = ORIENTED_EDGE('',*,*,#2039,.F.);
#2039 = EDGE_CURVE('',#1363,#860,#2040,.T.);
#2040 = CIRCLE('',#2041,0.1);
#2041 = AXIS2_PLACEMENT_3D('',#2042,#2043,#2044);
#2042 = CARTESIAN_POINT('',(2.9,-0.85,0.199999904633));
#2043 = DIRECTION('',(-0.,1.,6.982962677686E-15));
#2044 = DIRECTION('',(0.,-6.982962677686E-15,1.));
#2045 = ORIENTED_EDGE('',*,*,#1362,.F.);
#2046 = CYLINDRICAL_SURFACE('',#2047,0.1);
#2047 = AXIS2_PLACEMENT_3D('',#2048,#2049,#2050);
#2048 = CARTESIAN_POINT('',(2.9,-6.982962677686E-16,0.199999904633));
#2049 = DIRECTION('',(0.,1.,6.982962677686E-15));
#2050 = DIRECTION('',(0.,-6.982962677686E-15,1.));
#2051 = ADVANCED_FACE('',(#2052),#2064,.T.);
#2052 = FACE_BOUND('',#2053,.T.);
#2053 = EDGE_LOOP('',(#2054,#2055,#2056,#2063));
#2054 = ORIENTED_EDGE('',*,*,#1929,.T.);
#2055 = ORIENTED_EDGE('',*,*,#1295,.F.);
#2056 = ORIENTED_EDGE('',*,*,#2057,.F.);
#2057 = EDGE_CURVE('',#1530,#1296,#2058,.T.);
#2058 = CIRCLE('',#2059,0.1);
#2059 = AXIS2_PLACEMENT_3D('',#2060,#2061,#2062);
#2060 = CARTESIAN_POINT('',(2.9,-0.65,-9.536743603156E-08));
#2061 = DIRECTION('',(0.,-6.982962677686E-15,1.));
#2062 = DIRECTION('',(-1.,0.,0.));
#2063 = ORIENTED_EDGE('',*,*,#1555,.F.);
#2064 = CYLINDRICAL_SURFACE('',#2065,0.1);
#2065 = AXIS2_PLACEMENT_3D('',#2066,#2067,#2068);
#2066 = CARTESIAN_POINT('',(2.9,-0.65,-2.500000095367));
#2067 = DIRECTION('',(0.,6.982962677686E-15,-1.));
#2068 = DIRECTION('',(1.,0.,0.));
#2069 = ADVANCED_FACE('',(#2070),#2082,.T.);
#2070 = FACE_BOUND('',#2071,.T.);
#2071 = EDGE_LOOP('',(#2072,#2073,#2074,#2081));
#2072 = ORIENTED_EDGE('',*,*,#1946,.T.);
#2073 = ORIENTED_EDGE('',*,*,#1579,.F.);
#2074 = ORIENTED_EDGE('',*,*,#2075,.F.);
#2075 = EDGE_CURVE('',#1314,#1572,#2076,.T.);
#2076 = CIRCLE('',#2077,0.1);
#2077 = AXIS2_PLACEMENT_3D('',#2078,#2079,#2080);
#2078 = CARTESIAN_POINT('',(2.9,0.65,-9.536742695548E-08));
#2079 = DIRECTION('',(0.,-6.982962677686E-15,1.));
#2080 = DIRECTION('',(-1.,0.,0.));
#2081 = ORIENTED_EDGE('',*,*,#1313,.F.);
#2082 = CYLINDRICAL_SURFACE('',#2083,0.1);
#2083 = AXIS2_PLACEMENT_3D('',#2084,#2085,#2086);
#2084 = CARTESIAN_POINT('',(2.9,0.65,6.099999904633));
#2085 = DIRECTION('',(0.,6.982962677686E-15,-1.));
#2086 = DIRECTION('',(1.,0.,0.));
#2087 = ADVANCED_FACE('',(#2088),#2100,.T.);
#2088 = FACE_BOUND('',#2089,.T.);
#2089 = EDGE_LOOP('',(#2090,#2091,#2092,#2099));
#2090 = ORIENTED_EDGE('',*,*,#1969,.T.);
#2091 = ORIENTED_EDGE('',*,*,#1330,.F.);
#2092 = ORIENTED_EDGE('',*,*,#2093,.F.);
#2093 = EDGE_CURVE('',#1256,#1322,#2094,.T.);
#2094 = CIRCLE('',#2095,0.1);
#2095 = AXIS2_PLACEMENT_3D('',#2096,#2097,#2098);
#2096 = CARTESIAN_POINT('',(2.9,0.85,0.199999904633));
#2097 = DIRECTION('',(0.,-1.,-6.982962677686E-15));
#2098 = DIRECTION('',(0.,6.982962677686E-15,-1.));
#2099 = ORIENTED_EDGE('',*,*,#1255,.F.);
#2100 = CYLINDRICAL_SURFACE('',#2101,0.1);
#2101 = AXIS2_PLACEMENT_3D('',#2102,#2103,#2104);
#2102 = CARTESIAN_POINT('',(2.9,-6.982962677686E-16,0.199999904633));
#2103 = DIRECTION('',(0.,1.,6.982962677686E-15));
#2104 = DIRECTION('',(0.,-6.982962677686E-15,1.));
#2105 = ADVANCED_FACE('',(#2106),#2118,.T.);
#2106 = FACE_BOUND('',#2107,.T.);
#2107 = EDGE_LOOP('',(#2108,#2109,#2110,#2117));
#2108 = ORIENTED_EDGE('',*,*,#1961,.T.);
#2109 = ORIENTED_EDGE('',*,*,#1245,.F.);
#2110 = ORIENTED_EDGE('',*,*,#2111,.F.);
#2111 = EDGE_CURVE('',#1388,#1246,#2112,.T.);
#2112 = CIRCLE('',#2113,0.1);
#2113 = AXIS2_PLACEMENT_3D('',#2114,#2115,#2116);
#2114 = CARTESIAN_POINT('',(-2.9,2.9,0.199999904633));
#2115 = DIRECTION('',(-1.,0.,-0.));
#2116 = DIRECTION('',(0.,8.673617379884E-15,-1.));
#2117 = ORIENTED_EDGE('',*,*,#1385,.F.);
#2118 = CYLINDRICAL_SURFACE('',#2119,0.1);
#2119 = AXIS2_PLACEMENT_3D('',#2120,#2121,#2122);
#2120 = CARTESIAN_POINT('',(0.,2.9,0.199999904633));
#2121 = DIRECTION('',(-1.,0.,0.));
#2122 = DIRECTION('',(0.,8.673617379884E-15,-1.));
#2123 = ADVANCED_FACE('',(#2124),#2136,.T.);
#2124 = FACE_BOUND('',#2125,.T.);
#2125 = EDGE_LOOP('',(#2126,#2127,#2128,#2135));
#2126 = ORIENTED_EDGE('',*,*,#1986,.T.);
#2127 = ORIENTED_EDGE('',*,*,#1395,.F.);
#2128 = ORIENTED_EDGE('',*,*,#2129,.F.);
#2129 = EDGE_CURVE('',#1224,#1388,#2130,.T.);
#2130 = CIRCLE('',#2131,0.1);
#2131 = AXIS2_PLACEMENT_3D('',#2132,#2133,#2134);
#2132 = CARTESIAN_POINT('',(-2.9,2.9,0.199999904633));
#2133 = DIRECTION('',(0.,6.982962677686E-15,-1.));
#2134 = DIRECTION('',(1.,0.,0.));
#2135 = ORIENTED_EDGE('',*,*,#1223,.F.);
#2136 = CYLINDRICAL_SURFACE('',#2137,0.1);
#2137 = AXIS2_PLACEMENT_3D('',#2138,#2139,#2140);
#2138 = CARTESIAN_POINT('',(-2.9,2.9,6.099999904633));
#2139 = DIRECTION('',(0.,6.982962677686E-15,-1.));
#2140 = DIRECTION('',(1.,0.,0.));
#2141 = ADVANCED_FACE('',(#2142),#2153,.T.);
#2142 = FACE_BOUND('',#2143,.T.);
#2143 = EDGE_LOOP('',(#2144,#2145,#2146));
#2144 = ORIENTED_EDGE('',*,*,#2021,.T.);
#2145 = ORIENTED_EDGE('',*,*,#2003,.T.);
#2146 = ORIENTED_EDGE('',*,*,#2147,.F.);
#2147 = EDGE_CURVE('',#844,#1200,#2148,.T.);
#2148 = CIRCLE('',#2149,0.1);
#2149 = AXIS2_PLACEMENT_3D('',#2150,#2151,#2152);
#2150 = CARTESIAN_POINT('',(-2.9,-2.9,0.199999904633));
#2151 = DIRECTION('',(0.,1.,6.982962677686E-15));
#2152 = DIRECTION('',(0.,6.982962677686E-15,-1.));
#2153 = SPHERICAL_SURFACE('',#2154,0.1);
#2154 = AXIS2_PLACEMENT_3D('',#2155,#2156,#2157);
#2155 = CARTESIAN_POINT('',(-2.9,-2.9,0.199999904633));
#2156 = DIRECTION('',(0.,-1.,-6.982962677686E-15));
#2157 = DIRECTION('',(1.,0.,0.));
#2158 = ADVANCED_FACE('',(#2159),#2171,.T.);
#2159 = FACE_BOUND('',#2160,.T.);
#2160 = EDGE_LOOP('',(#2161,#2162,#2163,#2170));
#2161 = ORIENTED_EDGE('',*,*,#1370,.T.);
#2162 = ORIENTED_EDGE('',*,*,#2039,.T.);
#2163 = ORIENTED_EDGE('',*,*,#2164,.F.);
#2164 = EDGE_CURVE('',#1530,#860,#2165,.T.);
#2165 = CIRCLE('',#2166,0.1);
#2166 = AXIS2_PLACEMENT_3D('',#2167,#2168,#2169);
#2167 = CARTESIAN_POINT('',(2.9,-0.85,-9.536743743321E-08));
#2168 = DIRECTION('',(1.,0.,0.));
#2169 = DIRECTION('',(0.,-6.505213034913E-15,1.));
#2170 = ORIENTED_EDGE('',*,*,#2057,.T.);
#2171 = TOROIDAL_SURFACE('',#2172,0.2,0.1);
#2172 = AXIS2_PLACEMENT_3D('',#2173,#2174,#2175);
#2173 = CARTESIAN_POINT('',(2.9,-0.85,-9.536743743321E-08));
#2174 = DIRECTION('',(1.,0.,0.));
#2175 = DIRECTION('',(0.,-6.866613759075E-15,1.));
#2176 = ADVANCED_FACE('',(#2177),#2189,.T.);
#2177 = FACE_BOUND('',#2178,.T.);
#2178 = EDGE_LOOP('',(#2179,#2180,#2181,#2188));
#2179 = ORIENTED_EDGE('',*,*,#1321,.T.);
#2180 = ORIENTED_EDGE('',*,*,#2075,.T.);
#2181 = ORIENTED_EDGE('',*,*,#2182,.F.);
#2182 = EDGE_CURVE('',#1256,#1572,#2183,.T.);
#2183 = CIRCLE('',#2184,0.1);
#2184 = AXIS2_PLACEMENT_3D('',#2185,#2186,#2187);
#2185 = CARTESIAN_POINT('',(2.9,0.85,-9.536742556771E-08));
#2186 = DIRECTION('',(1.,0.,0.));
#2187 = DIRECTION('',(0.,-6.505213034913E-15,1.));
#2188 = ORIENTED_EDGE('',*,*,#2093,.T.);
#2189 = TOROIDAL_SURFACE('',#2190,0.2,0.1);
#2190 = AXIS2_PLACEMENT_3D('',#2191,#2192,#2193);
#2191 = CARTESIAN_POINT('',(2.9,0.85,-9.536742556771E-08));
#2192 = DIRECTION('',(1.,0.,0.));
#2193 = DIRECTION('',(0.,-6.866613759075E-15,1.));
#2194 = ADVANCED_FACE('',(#2195),#2206,.T.);
#2195 = FACE_BOUND('',#2196,.T.);
#2196 = EDGE_LOOP('',(#2197,#2198,#2199));
#2197 = ORIENTED_EDGE('',*,*,#2129,.T.);
#2198 = ORIENTED_EDGE('',*,*,#2111,.T.);
#2199 = ORIENTED_EDGE('',*,*,#2200,.F.);
#2200 = EDGE_CURVE('',#1224,#1246,#2201,.T.);
#2201 = CIRCLE('',#2202,0.1);
#2202 = AXIS2_PLACEMENT_3D('',#2203,#2204,#2205);
#2203 = CARTESIAN_POINT('',(-2.9,2.9,0.199999904633));
#2204 = DIRECTION('',(-0.,-1.,-6.982962677686E-15));
#2205 = DIRECTION('',(0.,-6.982962677686E-15,1.));
#2206 = SPHERICAL_SURFACE('',#2207,0.1);
#2207 = AXIS2_PLACEMENT_3D('',#2208,#2209,#2210);
#2208 = CARTESIAN_POINT('',(-2.9,2.9,0.199999904633));
#2209 = DIRECTION('',(0.,-1.,-6.982962677686E-15));
#2210 = DIRECTION('',(1.,0.,0.));
#2211 = ADVANCED_FACE('',(#2212),#2224,.T.);
#2212 = FACE_BOUND('',#2213,.T.);
#2213 = EDGE_LOOP('',(#2214,#2215,#2216,#2223));
#2214 = ORIENTED_EDGE('',*,*,#2147,.T.);
#2215 = ORIENTED_EDGE('',*,*,#1199,.F.);
#2216 = ORIENTED_EDGE('',*,*,#2217,.F.);
#2217 = EDGE_CURVE('',#852,#1191,#2218,.T.);
#2218 = CIRCLE('',#2219,0.1);
#2219 = AXIS2_PLACEMENT_3D('',#2220,#2221,#2222);
#2220 = CARTESIAN_POINT('',(-2.9,-0.85,0.199999904633));
#2221 = DIRECTION('',(-0.,1.,6.982962677686E-15));
#2222 = DIRECTION('',(0.,-6.982962677686E-15,1.));
#2223 = ORIENTED_EDGE('',*,*,#851,.F.);
#2224 = CYLINDRICAL_SURFACE('',#2225,0.1);
#2225 = AXIS2_PLACEMENT_3D('',#2226,#2227,#2228);
#2226 = CARTESIAN_POINT('',(-2.9,-6.982962677686E-16,0.199999904633));
#2227 = DIRECTION('',(0.,-1.,-6.982962677686E-15));
#2228 = DIRECTION('',(0.,6.982962677686E-15,-1.));
#2229 = ADVANCED_FACE('',(#2230),#2242,.F.);
#2230 = FACE_BOUND('',#2231,.F.);
#2231 = EDGE_LOOP('',(#2232,#2233,#2240,#2241));
#2232 = ORIENTED_EDGE('',*,*,#1529,.T.);
#2233 = ORIENTED_EDGE('',*,*,#2234,.T.);
#2234 = EDGE_CURVE('',#1532,#852,#2235,.T.);
#2235 = CIRCLE('',#2236,0.1);
#2236 = AXIS2_PLACEMENT_3D('',#2237,#2238,#2239);
#2237 = CARTESIAN_POINT('',(-2.9,-0.85,-9.536743743321E-08));
#2238 = DIRECTION('',(1.,-0.,0.));
#2239 = DIRECTION('',(0.,6.505213034913E-15,-1.));
#2240 = ORIENTED_EDGE('',*,*,#859,.T.);
#2241 = ORIENTED_EDGE('',*,*,#2164,.F.);
#2242 = CYLINDRICAL_SURFACE('',#2243,0.1);
#2243 = AXIS2_PLACEMENT_3D('',#2244,#2245,#2246);
#2244 = CARTESIAN_POINT('',(-3.,-0.85,-9.536743743321E-08));
#2245 = DIRECTION('',(1.,0.,0.));
#2246 = DIRECTION('',(0.,-6.505213034913E-15,1.));
#2247 = ADVANCED_FACE('',(#2248),#2260,.F.);
#2248 = FACE_BOUND('',#2249,.F.);
#2249 = EDGE_LOOP('',(#2250,#2251,#2258,#2259));
#2250 = ORIENTED_EDGE('',*,*,#1263,.T.);
#2251 = ORIENTED_EDGE('',*,*,#2252,.T.);
#2252 = EDGE_CURVE('',#1264,#1570,#2253,.T.);
#2253 = CIRCLE('',#2254,0.1);
#2254 = AXIS2_PLACEMENT_3D('',#2255,#2256,#2257);
#2255 = CARTESIAN_POINT('',(-2.9,0.85,-9.536742556771E-08));
#2256 = DIRECTION('',(1.,-0.,0.));
#2257 = DIRECTION('',(0.,6.505213034913E-15,-1.));
#2258 = ORIENTED_EDGE('',*,*,#1569,.T.);
#2259 = ORIENTED_EDGE('',*,*,#2182,.F.);
#2260 = CYLINDRICAL_SURFACE('',#2261,0.1);
#2261 = AXIS2_PLACEMENT_3D('',#2262,#2263,#2264);
#2262 = CARTESIAN_POINT('',(-3.,0.85,-9.536742556771E-08));
#2263 = DIRECTION('',(-1.,0.,0.));
#2264 = DIRECTION('',(0.,6.505213034913E-15,-1.));
#2265 = ADVANCED_FACE('',(#2266),#2278,.T.);
#2266 = FACE_BOUND('',#2267,.T.);
#2267 = EDGE_LOOP('',(#2268,#2269,#2270,#2277));
#2268 = ORIENTED_EDGE('',*,*,#2200,.T.);
#2269 = ORIENTED_EDGE('',*,*,#1271,.F.);
#2270 = ORIENTED_EDGE('',*,*,#2271,.F.);
#2271 = EDGE_CURVE('',#1158,#1264,#2272,.T.);
#2272 = CIRCLE('',#2273,0.1);
#2273 = AXIS2_PLACEMENT_3D('',#2274,#2275,#2276);
#2274 = CARTESIAN_POINT('',(-2.9,0.85,0.199999904633));
#2275 = DIRECTION('',(0.,-1.,-6.982962677686E-15));
#2276 = DIRECTION('',(0.,6.982962677686E-15,-1.));
#2277 = ORIENTED_EDGE('',*,*,#1231,.F.);
#2278 = CYLINDRICAL_SURFACE('',#2279,0.1);
#2279 = AXIS2_PLACEMENT_3D('',#2280,#2281,#2282);
#2280 = CARTESIAN_POINT('',(-2.9,-6.982962677686E-16,0.199999904633));
#2281 = DIRECTION('',(0.,-1.,-6.982962677686E-15));
#2282 = DIRECTION('',(0.,6.982962677686E-15,-1.));
#2283 = ADVANCED_FACE('',(#2284),#2296,.T.);
#2284 = FACE_BOUND('',#2285,.T.);
#2285 = EDGE_LOOP('',(#2286,#2287,#2288,#2295));
#2286 = ORIENTED_EDGE('',*,*,#2217,.T.);
#2287 = ORIENTED_EDGE('',*,*,#1190,.T.);
#2288 = ORIENTED_EDGE('',*,*,#2289,.F.);
#2289 = EDGE_CURVE('',#1532,#1183,#2290,.T.);
#2290 = CIRCLE('',#2291,0.1);
#2291 = AXIS2_PLACEMENT_3D('',#2292,#2293,#2294);
#2292 = CARTESIAN_POINT('',(-2.9,-0.65,-9.536743603156E-08));
#2293 = DIRECTION('',(0.,6.982962677686E-15,-1.));
#2294 = DIRECTION('',(-1.,0.,0.));
#2295 = ORIENTED_EDGE('',*,*,#2234,.T.);
#2296 = TOROIDAL_SURFACE('',#2297,0.2,0.1);
#2297 = AXIS2_PLACEMENT_3D('',#2298,#2299,#2300);
#2298 = CARTESIAN_POINT('',(-2.9,-0.85,-9.536743743321E-08));
#2299 = DIRECTION('',(-1.,0.,0.));
#2300 = DIRECTION('',(0.,6.866613759075E-15,-1.));
#2301 = ADVANCED_FACE('',(#2302),#2314,.T.);
#2302 = FACE_BOUND('',#2303,.T.);
#2303 = EDGE_LOOP('',(#2304,#2305,#2306,#2313));
#2304 = ORIENTED_EDGE('',*,*,#2271,.T.);
#2305 = ORIENTED_EDGE('',*,*,#2252,.T.);
#2306 = ORIENTED_EDGE('',*,*,#2307,.F.);
#2307 = EDGE_CURVE('',#1156,#1570,#2308,.T.);
#2308 = CIRCLE('',#2309,0.1);
#2309 = AXIS2_PLACEMENT_3D('',#2310,#2311,#2312);
#2310 = CARTESIAN_POINT('',(-2.9,0.65,-9.536742695548E-08));
#2311 = DIRECTION('',(0.,6.982962677686E-15,-1.));
#2312 = DIRECTION('',(-1.,0.,0.));
#2313 = ORIENTED_EDGE('',*,*,#1155,.T.);
#2314 = TOROIDAL_SURFACE('',#2315,0.2,0.1);
#2315 = AXIS2_PLACEMENT_3D('',#2316,#2317,#2318);
#2316 = CARTESIAN_POINT('',(-2.9,0.85,-9.536742556771E-08));
#2317 = DIRECTION('',(-1.,0.,0.));
#2318 = DIRECTION('',(0.,6.866613759075E-15,-1.));
#2319 = ADVANCED_FACE('',(#2320),#2332,.T.);
#2320 = FACE_BOUND('',#2321,.T.);
#2321 = EDGE_LOOP('',(#2322,#2323,#2324,#2331));
#2322 = ORIENTED_EDGE('',*,*,#2289,.T.);
#2323 = ORIENTED_EDGE('',*,*,#1182,.F.);
#2324 = ORIENTED_EDGE('',*,*,#2325,.F.);
#2325 = EDGE_CURVE('',#1540,#1175,#2326,.T.);
#2326 = CIRCLE('',#2327,0.1);
#2327 = AXIS2_PLACEMENT_3D('',#2328,#2329,#2330);
#2328 = CARTESIAN_POINT('',(-2.9,-0.65,-2.400000095367));
#2329 = DIRECTION('',(0.,6.982962677686E-15,-1.));
#2330 = DIRECTION('',(1.,0.,0.));
#2331 = ORIENTED_EDGE('',*,*,#1539,.F.);
#2332 = CYLINDRICAL_SURFACE('',#2333,0.1);
#2333 = AXIS2_PLACEMENT_3D('',#2334,#2335,#2336);
#2334 = CARTESIAN_POINT('',(-2.9,-0.65,6.099999904633));
#2335 = DIRECTION('',(0.,6.982962677686E-15,-1.));
#2336 = DIRECTION('',(1.,0.,0.));
#2337 = ADVANCED_FACE('',(#2338),#2350,.T.);
#2338 = FACE_BOUND('',#2339,.T.);
#2339 = EDGE_LOOP('',(#2340,#2341,#2342,#2349));
#2340 = ORIENTED_EDGE('',*,*,#2307,.T.);
#2341 = ORIENTED_EDGE('',*,*,#1595,.F.);
#2342 = ORIENTED_EDGE('',*,*,#2343,.F.);
#2343 = EDGE_CURVE('',#1167,#1588,#2344,.T.);
#2344 = CIRCLE('',#2345,0.1);
#2345 = AXIS2_PLACEMENT_3D('',#2346,#2347,#2348);
#2346 = CARTESIAN_POINT('',(-2.9,0.65,-2.400000095367));
#2347 = DIRECTION('',(0.,6.982962677686E-15,-1.));
#2348 = DIRECTION('',(1.,0.,0.));
#2349 = ORIENTED_EDGE('',*,*,#1166,.F.);
#2350 = CYLINDRICAL_SURFACE('',#2351,0.1);
#2351 = AXIS2_PLACEMENT_3D('',#2352,#2353,#2354);
#2352 = CARTESIAN_POINT('',(-2.9,0.65,-2.500000095367));
#2353 = DIRECTION('',(0.,6.982962677686E-15,-1.));
#2354 = DIRECTION('',(1.,0.,0.));
#2355 = ADVANCED_FACE('',(#2356),#2367,.T.);
#2356 = FACE_BOUND('',#2357,.T.);
#2357 = EDGE_LOOP('',(#2358,#2359,#2360));
#2358 = ORIENTED_EDGE('',*,*,#1674,.F.);
#2359 = ORIENTED_EDGE('',*,*,#2325,.T.);
#2360 = ORIENTED_EDGE('',*,*,#2361,.F.);
#2361 = EDGE_CURVE('',#1612,#1175,#2362,.T.);
#2362 = CIRCLE('',#2363,0.1);
#2363 = AXIS2_PLACEMENT_3D('',#2364,#2365,#2366);
#2364 = CARTESIAN_POINT('',(-2.9,-0.65,-2.400000095367));
#2365 = DIRECTION('',(-0.,1.,6.982962677686E-15));
#2366 = DIRECTION('',(0.,-6.982962677686E-15,1.));
#2367 = SPHERICAL_SURFACE('',#2368,0.1);
#2368 = AXIS2_PLACEMENT_3D('',#2369,#2370,#2371);
#2369 = CARTESIAN_POINT('',(-2.9,-0.65,-2.400000095367));
#2370 = DIRECTION('',(-0.,-1.,-6.505213034913E-15));
#2371 = DIRECTION('',(0.,6.505213034913E-15,-1.));
#2372 = ADVANCED_FACE('',(#2373),#2384,.T.);
#2373 = FACE_BOUND('',#2374,.T.);
#2374 = EDGE_LOOP('',(#2375,#2376,#2377));
#2375 = ORIENTED_EDGE('',*,*,#2343,.T.);
#2376 = ORIENTED_EDGE('',*,*,#1658,.F.);
#2377 = ORIENTED_EDGE('',*,*,#2378,.F.);
#2378 = EDGE_CURVE('',#1167,#1620,#2379,.T.);
#2379 = CIRCLE('',#2380,0.1);
#2380 = AXIS2_PLACEMENT_3D('',#2381,#2382,#2383);
#2381 = CARTESIAN_POINT('',(-2.9,0.65,-2.400000095367));
#2382 = DIRECTION('',(0.,-1.,-6.982962677686E-15));
#2383 = DIRECTION('',(0.,6.982962677686E-15,-1.));
#2384 = SPHERICAL_SURFACE('',#2385,0.1);
#2385 = AXIS2_PLACEMENT_3D('',#2386,#2387,#2388);
#2386 = CARTESIAN_POINT('',(-2.9,0.65,-2.400000095367));
#2387 = DIRECTION('',(-0.,-1.,-6.505213034913E-15));
#2388 = DIRECTION('',(0.,6.505213034913E-15,-1.));
#2389 = ADVANCED_FACE('',(#2390),#2396,.T.);
#2390 = FACE_BOUND('',#2391,.T.);
#2391 = EDGE_LOOP('',(#2392,#2393,#2394,#2395));
#2392 = ORIENTED_EDGE('',*,*,#2361,.T.);
#2393 = ORIENTED_EDGE('',*,*,#1174,.F.);
#2394 = ORIENTED_EDGE('',*,*,#2378,.T.);
#2395 = ORIENTED_EDGE('',*,*,#1619,.F.);
#2396 = CYLINDRICAL_SURFACE('',#2397,0.1);
#2397 = AXIS2_PLACEMENT_3D('',#2398,#2399,#2400);
#2398 = CARTESIAN_POINT('',(-2.9,1.745740669422E-14,-2.400000095367));
#2399 = DIRECTION('',(0.,-1.,-6.982962677686E-15));
#2400 = DIRECTION('',(0.,6.982962677686E-15,-1.));
#2401 = ADVANCED_FACE('',(#2402),#2470,.F.);
#2402 = FACE_BOUND('',#2403,.F.);
#2403 = EDGE_LOOP('',(#2404,#2405,#2406,#2407,#2416,#2425,#2450,#2459,
    #2466,#2467,#2468,#2469));
#2404 = ORIENTED_EDGE('',*,*,#1285,.F.);
#2405 = ORIENTED_EDGE('',*,*,#254,.F.);
#2406 = ORIENTED_EDGE('',*,*,#483,.T.);
#2407 = ORIENTED_EDGE('',*,*,#2408,.F.);
#2408 = EDGE_CURVE('',#2409,#472,#2411,.T.);
#2409 = VERTEX_POINT('',#2410);
#2410 = CARTESIAN_POINT('',(1.469353205521,-0.510019442817,
    4.574031017829));
#2411 = B_SPLINE_CURVE_WITH_KNOTS('',3,(#2412,#2413,#2414,#2415),
  .UNSPECIFIED.,.F.,.F.,(4,4),(7.399185366845E-17,2.654365736076E-04),
  .PIECEWISE_BEZIER_KNOTS.);
#2412 = CARTESIAN_POINT('',(1.469353205521,-0.510019442817,
    4.574031017829));
#2413 = CARTESIAN_POINT('',(1.470456300397,-0.424180672423,
    4.600183125459));
#2414 = CARTESIAN_POINT('',(1.474394600161,-0.337562479953,
    4.619406797861));
#2415 = CARTESIAN_POINT('',(1.479002379399,-0.250103901871,
    4.632035712077));
#2416 = ORIENTED_EDGE('',*,*,#2417,.F.);
#2417 = EDGE_CURVE('',#2418,#2409,#2420,.T.);
#2418 = VERTEX_POINT('',#2419);
#2419 = CARTESIAN_POINT('',(1.356805824976,-0.639592020988,
    4.528932698424));
#2420 = B_SPLINE_CURVE_WITH_KNOTS('',3,(#2421,#2422,#2423,#2424),
  .UNSPECIFIED.,.F.,.F.,(4,4),(5.279949718227E-04,7.053199579846E-04),
  .PIECEWISE_BEZIER_KNOTS.);
#2421 = CARTESIAN_POINT('',(1.356805824976,-0.639592020988,
    4.528932698424));
#2422 = CARTESIAN_POINT('',(1.397369197434,-0.599370274455,
    4.544725558787));
#2423 = CARTESIAN_POINT('',(1.435110101084,-0.556426300507,
    4.559892451636));
#2424 = CARTESIAN_POINT('',(1.469353205521,-0.510019442817,
    4.574031017829));
#2425 = ORIENTED_EDGE('',*,*,#2426,.T.);
#2426 = EDGE_CURVE('',#2418,#2427,#2429,.T.);
#2427 = VERTEX_POINT('',#2428);
#2428 = CARTESIAN_POINT('',(-1.159811556272,-0.951229285681,
    4.368898419188));
#2429 = B_SPLINE_CURVE_WITH_KNOTS('',3,(#2430,#2431,#2432,#2433,#2434,
    #2435,#2436,#2437,#2438,#2439,#2440,#2441,#2442,#2443,#2444,#2445,
    #2446,#2447,#2448,#2449),.UNSPECIFIED.,.F.,.F.,(4,2,2,2,2,2,2,2,2,4)
  ,(5.707921682015E-03,6.119938719684E-03,6.531955757354E-03,
    6.943972795024E-03,7.355989832694E-03,7.561998351529E-03,
    7.768006870363E-03,8.180023908033E-03,8.592040945703E-03,
    9.004057983373E-03),.UNSPECIFIED.);
#2430 = CARTESIAN_POINT('',(1.356805824976,-0.639592020988,
    4.528932698424));
#2431 = CARTESIAN_POINT('',(1.301103679931,-0.757756401377,
    4.482536066746));
#2432 = CARTESIAN_POINT('',(1.231825575878,-0.864804058441,
    4.425621209505));
#2433 = CARTESIAN_POINT('',(1.073633303034,-1.054794690686,4.30100475326
    ));
#2434 = CARTESIAN_POINT('',(0.986030395643,-1.136723007752,
    4.234176254475));
#2435 = CARTESIAN_POINT('',(0.792804723912,-1.279005788582,
    4.098461385701));
#2436 = CARTESIAN_POINT('',(0.686938483225,-1.339163024824,
    4.029207898031));
#2437 = CARTESIAN_POINT('',(0.458735359979,-1.433458738958,
    3.906808895015));
#2438 = CARTESIAN_POINT('',(0.33308291056,-1.468798789228,3.851991524892
    ));
#2439 = CARTESIAN_POINT('',(0.13188186741,-1.495722467634,3.808627321061
    ));
#2440 = CARTESIAN_POINT('',(6.167085138238E-02,-1.500312533808,
    3.800867658901));
#2441 = CARTESIAN_POINT('',(-7.603730794769E-02,-1.499653066816,
    3.801965030882));
#2442 = CARTESIAN_POINT('',(-0.144910767988,-1.494530029632,
    3.81060964793));
#2443 = CARTESIAN_POINT('',(-0.346753155567,-1.465687145919,
    3.856860211331));
#2444 = CARTESIAN_POINT('',(-0.470138306846,-1.429776177394,
    3.912123201594));
#2445 = CARTESIAN_POINT('',(-0.697927907673,-1.333486625617,
    4.035987098661));
#2446 = CARTESIAN_POINT('',(-0.801227012327,-1.273766704631,
    4.104079531655));
#2447 = CARTESIAN_POINT('',(-0.993832017286,-1.129931088397,
    4.239979419965));
#2448 = CARTESIAN_POINT('',(-1.082176916927,-1.045887380459,
    4.307599731098));
#2449 = CARTESIAN_POINT('',(-1.159811556272,-0.951229285681,
    4.368898419188));
#2450 = ORIENTED_EDGE('',*,*,#2451,.F.);
#2451 = EDGE_CURVE('',#2452,#2427,#2454,.T.);
#2452 = VERTEX_POINT('',#2453);
#2453 = CARTESIAN_POINT('',(-1.267028694238,-0.902084786815,
    4.399580858565));
#2454 = B_SPLINE_CURVE_WITH_KNOTS('',3,(#2455,#2456,#2457,#2458),
  .UNSPECIFIED.,.F.,.F.,(4,4),(2.424349759031E-19,1.218661658795E-04),
  .PIECEWISE_BEZIER_KNOTS.);
#2455 = CARTESIAN_POINT('',(-1.267028694238,-0.902084786815,
    4.399580858565));
#2456 = CARTESIAN_POINT('',(-1.231763347443,-0.919400492558,
    4.389164458782));
#2457 = CARTESIAN_POINT('',(-1.196019949134,-0.935759362946,
    4.378916431601));
#2458 = CARTESIAN_POINT('',(-1.159811556272,-0.951229285681,
    4.368898419188));
#2459 = ORIENTED_EDGE('',*,*,#2460,.F.);
#2460 = EDGE_CURVE('',#461,#2452,#2461,.T.);
#2461 = B_SPLINE_CURVE_WITH_KNOTS('',3,(#2462,#2463,#2464,#2465),
  .UNSPECIFIED.,.F.,.F.,(4,4),(3.360401862048E-04,4.222670997774E-04),
  .PIECEWISE_BEZIER_KNOTS.);
#2462 = CARTESIAN_POINT('',(-1.250423414418,-0.828517522249,
    4.441446859713));
#2463 = CARTESIAN_POINT('',(-1.255326464257,-0.853473040143,
    4.42803343424));
#2464 = CARTESIAN_POINT('',(-1.260835073675,-0.878024611363,
    4.414054447461));
#2465 = CARTESIAN_POINT('',(-1.267028694238,-0.902084786815,
    4.399580858565));
#2466 = ORIENTED_EDGE('',*,*,#460,.T.);
#2467 = ORIENTED_EDGE('',*,*,#137,.F.);
#2468 = ORIENTED_EDGE('',*,*,#1145,.T.);
#2469 = ORIENTED_EDGE('',*,*,#271,.T.);
#2470 = CYLINDRICAL_SURFACE('',#2471,1.75);
#2471 = AXIS2_PLACEMENT_3D('',#2472,#2473,#2474);
#2472 = CARTESIAN_POINT('',(-3.,-1.955229549752E-14,2.899999904633));
#2473 = DIRECTION('',(1.,0.,0.));
#2474 = DIRECTION('',(0.,-6.982962677686E-15,1.));
#2475 = ADVANCED_FACE('',(#2476),#2489,.F.);
#2476 = FACE_BOUND('',#2477,.F.);
#2477 = EDGE_LOOP('',(#2478,#2488));
#2478 = ORIENTED_EDGE('',*,*,#2479,.F.);
#2479 = EDGE_CURVE('',#2427,#2418,#2480,.T.);
#2480 = ( BOUNDED_CURVE() B_SPLINE_CURVE(2,(#2481,#2482,#2483,#2484,
#2485,#2486,#2487),.UNSPECIFIED.,.F.,.F.) B_SPLINE_CURVE_WITH_KNOTS((3,2
    ,2,3),(0.12175710882,0.133333333333,0.166666666667,0.185919129023),
.UNSPECIFIED.) CURVE() GEOMETRIC_REPRESENTATION_ITEM() 
RATIONAL_B_SPLINE_CURVE((0.93926163643,0.953472399855,1.,0.866025403784,
1.,0.922619773891,0.934625141198)) REPRESENTATION_ITEM('') );
#2481 = CARTESIAN_POINT('',(-1.159811556272,-0.951229285681,
    4.368898419188));
#2482 = CARTESIAN_POINT('',(-0.986576697413,-1.162450485741,
    4.383872883327));
#2483 = CARTESIAN_POINT('',(-0.75,-1.299038105677,4.397016033183));
#2484 = CARTESIAN_POINT('',(-3.181725716175E-16,-1.732050807569,
    4.43868269985));
#2485 = CARTESIAN_POINT('',(0.75,-1.299038105677,4.480349366516));
#2486 = CARTESIAN_POINT('',(1.156608707121,-1.064282459165,
    4.502938739134));
#2487 = CARTESIAN_POINT('',(1.356805824976,-0.639592020988,
    4.528932698424));
#2488 = ORIENTED_EDGE('',*,*,#2426,.F.);
#2489 = CYLINDRICAL_SURFACE('',#2490,1.5);
#2490 = AXIS2_PLACEMENT_3D('',#2491,#2492,#2493);
#2491 = CARTESIAN_POINT('',(0.,1.816268592466E-14,-2.501000095367));
#2492 = DIRECTION('',(0.,-6.982962677686E-15,1.));
#2493 = DIRECTION('',(-1.,0.,0.));
#2494 = ADVANCED_FACE('',(#2495),#2546,.F.);
#2495 = FACE_BOUND('',#2496,.F.);
#2496 = EDGE_LOOP('',(#2497,#2498,#2499,#2500,#2501,#2502,#2503,#2504,
    #2505,#2506));
#2497 = ORIENTED_EDGE('',*,*,#226,.T.);
#2498 = ORIENTED_EDGE('',*,*,#1095,.T.);
#2499 = ORIENTED_EDGE('',*,*,#442,.T.);
#2500 = ORIENTED_EDGE('',*,*,#314,.T.);
#2501 = ORIENTED_EDGE('',*,*,#501,.T.);
#2502 = ORIENTED_EDGE('',*,*,#351,.T.);
#2503 = ORIENTED_EDGE('',*,*,#531,.T.);
#2504 = ORIENTED_EDGE('',*,*,#408,.T.);
#2505 = ORIENTED_EDGE('',*,*,#1478,.F.);
#2506 = ORIENTED_EDGE('',*,*,#2507,.T.);
#2507 = EDGE_CURVE('',#1466,#227,#2508,.T.);
#2508 = ( BOUNDED_CURVE() B_SPLINE_CURVE(2,(#2509,#2510,#2511,#2512,
    #2513,#2514,#2515,#2516,#2517,#2518,#2519,#2520,#2521,#2522,#2523,
    #2524,#2525,#2526,#2527,#2528,#2529,#2530,#2531,#2532,#2533,#2534,
    #2535,#2536,#2537,#2538,#2539,#2540,#2541,#2542,#2543,#2544,#2545),
.UNSPECIFIED.,.F.,.F.) B_SPLINE_CURVE_WITH_KNOTS((3,2,2,2,2,2,2,2,2,2,2,
    2,2,2,2,2,2,2,3),(0.2,0.233333333333,0.266666666667,0.3,
    0.333333333333,0.366666666667,0.4,0.433333333333,0.466666666667,0.5,
    0.533333333333,0.566666666667,0.6,0.633333333333,0.666666666667,0.7,
0.733333333333,0.766666666667,0.792847400694),.UNSPECIFIED.) CURVE() 
GEOMETRIC_REPRESENTATION_ITEM() RATIONAL_B_SPLINE_CURVE((1.,
    0.866025403784,1.,0.866025403784,1.,0.866025403784,1.,0.866025403784
    ,1.,0.866025403784,1.,0.866025403784,1.,0.866025403784,1.,
    0.866025403784,1.,0.866025403784,1.,0.866025403784,1.,0.866025403784
    ,1.,0.866025403784,1.,0.866025403784,1.,0.866025403784,1.,
    0.866025403784,1.,0.866025403784,1.,0.866025403784,1.,0.894773401902
,0.954841378447)) REPRESENTATION_ITEM('') );
#2509 = CARTESIAN_POINT('',(1.555351624111,-4.227872734372E-14,
    6.099999904633));
#2510 = CARTESIAN_POINT('',(1.555351624111,-0.897982678865,
    6.058333237966));
#2511 = CARTESIAN_POINT('',(0.777675812056,-1.346974018298,
    6.016666571299));
#2512 = CARTESIAN_POINT('',(-3.299134840086E-16,-1.79596535773,
    5.974999904633));
#2513 = CARTESIAN_POINT('',(-0.777675812056,-1.346974018298,
    5.933333237966));
#2514 = CARTESIAN_POINT('',(-1.555351624111,-0.897982678865,
    5.891666571299));
#2515 = CARTESIAN_POINT('',(-1.555351624111,-3.996155975789E-14,
    5.849999904633));
#2516 = CARTESIAN_POINT('',(-1.555351624111,0.897982678865,
    5.808333237966));
#2517 = CARTESIAN_POINT('',(-0.777675812056,1.346974018298,
    5.766666571299));
#2518 = CARTESIAN_POINT('',(1.099711613362E-16,1.79596535773,
    5.724999904633));
#2519 = CARTESIAN_POINT('',(0.777675812056,1.346974018298,5.683333237966
    ));
#2520 = CARTESIAN_POINT('',(1.555351624111,0.897982678865,5.641666571299
    ));
#2521 = CARTESIAN_POINT('',(1.555351624111,-3.878724600488E-14,
    5.599999904633));
#2522 = CARTESIAN_POINT('',(1.555351624111,-0.897982678865,
    5.558333237966));
#2523 = CARTESIAN_POINT('',(0.777675812056,-1.346974018298,
    5.516666571299));
#2524 = CARTESIAN_POINT('',(-3.299134840086E-16,-1.79596535773,
    5.474999904633));
#2525 = CARTESIAN_POINT('',(-0.777675812056,-1.346974018298,
    5.433333237966));
#2526 = CARTESIAN_POINT('',(-1.555351624111,-0.897982678865,
    5.391666571299));
#2527 = CARTESIAN_POINT('',(-1.555351624111,-3.647007841905E-14,
    5.349999904633));
#2528 = CARTESIAN_POINT('',(-1.555351624111,0.897982678865,
    5.308333237966));
#2529 = CARTESIAN_POINT('',(-0.777675812056,1.346974018298,
    5.266666571299));
#2530 = CARTESIAN_POINT('',(1.099711613362E-16,1.79596535773,
    5.224999904633));
#2531 = CARTESIAN_POINT('',(0.777675812056,1.346974018298,5.183333237966
    ));
#2532 = CARTESIAN_POINT('',(1.555351624111,0.897982678865,5.141666571299
    ));
#2533 = CARTESIAN_POINT('',(1.555351624111,-3.529576466603E-14,
    5.099999904633));
#2534 = CARTESIAN_POINT('',(1.555351624111,-0.897982678865,
    5.058333237966));
#2535 = CARTESIAN_POINT('',(0.777675812056,-1.346974018298,
    5.016666571299));
#2536 = CARTESIAN_POINT('',(-3.299134840086E-16,-1.79596535773,
    4.974999904633));
#2537 = CARTESIAN_POINT('',(-0.777675812056,-1.346974018298,
    4.933333237966));
#2538 = CARTESIAN_POINT('',(-1.555351624111,-0.897982678865,
    4.891666571299));
#2539 = CARTESIAN_POINT('',(-1.555351624111,-3.297859708021E-14,
    4.849999904633));
#2540 = CARTESIAN_POINT('',(-1.555351624111,0.897982678865,
    4.808333237966));
#2541 = CARTESIAN_POINT('',(-0.777675812056,1.346974018298,
    4.766666571299));
#2542 = CARTESIAN_POINT('',(1.099711613362E-16,1.79596535773,
    4.724999904633));
#2543 = CARTESIAN_POINT('',(0.777675812056,1.346974018298,4.683333237966
    ));
#2544 = CARTESIAN_POINT('',(1.368855128063,1.005656481061,4.651658764981
    ));
#2545 = CARTESIAN_POINT('',(1.517851071965,0.339480187877,4.61675649834)
  );
#2546 = ( BOUNDED_SURFACE() B_SPLINE_SURFACE(1,2,(
    (#2547,#2548,#2549,#2550,#2551,#2552,#2553,#2554,#2555,#2556,#2557
      ,#2558,#2559,#2560,#2561,#2562,#2563,#2564,#2565,#2566,#2567,#2568
      ,#2569,#2570,#2571,#2572,#2573,#2574,#2575,#2576,#2577,#2578,#2579
      ,#2580,#2581,#2582,#2583,#2584,#2585,#2586,#2587,#2588,#2589,#2590
      ,#2591,#2592,#2593,#2594,#2595,#2596,#2597,#2598,#2599,#2600,#2601
      ,#2602,#2603,#2604,#2605,#2606,#2607)
    ,(#2608,#2609,#2610,#2611,#2612,#2613,#2614,#2615,#2616,#2617,#2618
      ,#2619,#2620,#2621,#2622,#2623,#2624,#2625,#2626,#2627,#2628,#2629
      ,#2630,#2631,#2632,#2633,#2634,#2635,#2636,#2637,#2638,#2639,#2640
      ,#2641,#2642,#2643,#2644,#2645,#2646,#2647,#2648,#2649,#2650,#2651
      ,#2652,#2653,#2654,#2655,#2656,#2657,#2658,#2659,#2660,#2661,#2662
      ,#2663,#2664,#2665,#2666,#2667,#2668
)),.UNSPECIFIED.,.F.,.F.,.F.) B_SPLINE_SURFACE_WITH_KNOTS((2,2),(3,2,2,2
    ,2,2,2,2,2,2,2,2,2,2,2,2,2,2,2,2,2,2,2,2,2,2,2,2,2,2,3),(0.,1.),(0.,
    3.333333333333E-02,6.666666666667E-02,0.1,0.133333333333,
    0.166666666667,0.2,0.233333333333,0.266666666667,0.3,0.333333333333,
    0.366666666667,0.4,0.433333333333,0.466666666667,0.5,0.533333333333,
    0.566666666667,0.6,0.633333333333,0.666666666667,0.7,0.733333333333,
    0.766666666667,0.8,0.833333333333,0.866666666667,0.9,0.933333333333,
0.966666666667,1.),.UNSPECIFIED.) GEOMETRIC_REPRESENTATION_ITEM() 
RATIONAL_B_SPLINE_SURFACE((
    (1.,0.866025403784,1.,0.866025403784,1.,0.866025403784,1.
      ,0.866025403784,1.,0.866025403784,1.,0.866025403784,1.
      ,0.866025403784,1.,0.866025403784,1.,0.866025403784,1.
      ,0.866025403784,1.,0.866025403784,1.,0.866025403784,1.
      ,0.866025403784,1.,0.866025403784,1.,0.866025403784,1.
      ,0.866025403784,1.,0.866025403784,1.,0.866025403784,1.
      ,0.866025403784,1.,0.866025403784,1.,0.866025403784,1.
      ,0.866025403784,1.,0.866025403784,1.,0.866025403784,1.
      ,0.866025403784,1.,0.866025403784,1.,0.866025403784,1.
      ,0.866025403784,1.,0.866025403784,1.,0.866025403784,1.)
    ,(1.,0.866025403784,1.,0.866025403784,1.,0.866025403784,1.
      ,0.866025403784,1.,0.866025403784,1.,0.866025403784,1.
      ,0.866025403784,1.,0.866025403784,1.,0.866025403784,1.
      ,0.866025403784,1.,0.866025403784,1.,0.866025403784,1.
      ,0.866025403784,1.,0.866025403784,1.,0.866025403784,1.
      ,0.866025403784,1.,0.866025403784,1.,0.866025403784,1.
      ,0.866025403784,1.,0.866025403784,1.,0.866025403784,1.
      ,0.866025403784,1.,0.866025403784,1.,0.866025403784,1.
      ,0.866025403784,1.,0.866025403784,1.,0.866025403784,1.
      ,0.866025403784,1.,0.866025403784,1.,0.866025403784,1.
))) REPRESENTATION_ITEM('') SURFACE() );
#2547 = CARTESIAN_POINT('',(1.321270739569,-4.464039906793E-14,
    6.446415189528));
#2548 = CARTESIAN_POINT('',(1.321270739569,-0.762836017162,
    6.404748522861));
#2549 = CARTESIAN_POINT('',(0.660635369784,-1.144254025744,
    6.363081856195));
#2550 = CARTESIAN_POINT('',(-2.802614060077E-16,-1.525672034325,
    6.321415189528));
#2551 = CARTESIAN_POINT('',(-0.660635369784,-1.144254025744,
    6.279748522861));
#2552 = CARTESIAN_POINT('',(-1.321270739569,-0.762836017162,
    6.238081856195));
#2553 = CARTESIAN_POINT('',(-1.321270739569,-4.24092314039E-14,
    6.196415189528));
#2554 = CARTESIAN_POINT('',(-1.321270739569,0.762836017162,
    6.154748522861));
#2555 = CARTESIAN_POINT('',(-0.660635369784,1.144254025743,
    6.113081856195));
#2556 = CARTESIAN_POINT('',(9.342046866922E-17,1.525672034325,
    6.071415189528));
#2557 = CARTESIAN_POINT('',(0.660635369784,1.144254025743,6.029748522861
    ));
#2558 = CARTESIAN_POINT('',(1.321270739569,0.762836017162,5.988081856195
    ));
#2559 = CARTESIAN_POINT('',(1.321270739569,-4.114891772908E-14,
    5.946415189528));
#2560 = CARTESIAN_POINT('',(1.321270739569,-0.762836017162,
    5.904748522861));
#2561 = CARTESIAN_POINT('',(0.660635369784,-1.144254025744,
    5.863081856195));
#2562 = CARTESIAN_POINT('',(-2.802614060077E-16,-1.525672034325,
    5.821415189528));
#2563 = CARTESIAN_POINT('',(-0.660635369784,-1.144254025744,
    5.779748522861));
#2564 = CARTESIAN_POINT('',(-1.321270739569,-0.762836017162,
    5.738081856195));
#2565 = CARTESIAN_POINT('',(-1.321270739569,-3.891775006505E-14,
    5.696415189528));
#2566 = CARTESIAN_POINT('',(-1.321270739569,0.762836017162,
    5.654748522861));
#2567 = CARTESIAN_POINT('',(-0.660635369784,1.144254025743,
    5.613081856195));
#2568 = CARTESIAN_POINT('',(9.342046866922E-17,1.525672034325,
    5.571415189528));
#2569 = CARTESIAN_POINT('',(0.660635369784,1.144254025743,5.529748522861
    ));
#2570 = CARTESIAN_POINT('',(1.321270739569,0.762836017162,5.488081856195
    ));
#2571 = CARTESIAN_POINT('',(1.321270739569,-3.765743639024E-14,
    5.446415189528));
#2572 = CARTESIAN_POINT('',(1.321270739569,-0.762836017162,
    5.404748522861));
#2573 = CARTESIAN_POINT('',(0.660635369784,-1.144254025744,
    5.363081856195));
#2574 = CARTESIAN_POINT('',(-2.802614060077E-16,-1.525672034325,
    5.321415189528));
#2575 = CARTESIAN_POINT('',(-0.660635369784,-1.144254025744,
    5.279748522861));
#2576 = CARTESIAN_POINT('',(-1.321270739569,-0.762836017162,
    5.238081856195));
#2577 = CARTESIAN_POINT('',(-1.321270739569,-3.542626872621E-14,
    5.196415189528));
#2578 = CARTESIAN_POINT('',(-1.321270739569,0.762836017162,
    5.154748522861));
#2579 = CARTESIAN_POINT('',(-0.660635369784,1.144254025743,
    5.113081856195));
#2580 = CARTESIAN_POINT('',(9.342046866922E-17,1.525672034325,
    5.071415189528));
#2581 = CARTESIAN_POINT('',(0.660635369784,1.144254025743,5.029748522861
    ));
#2582 = CARTESIAN_POINT('',(1.321270739569,0.762836017162,4.988081856195
    ));
#2583 = CARTESIAN_POINT('',(1.321270739569,-3.41659550514E-14,
    4.946415189528));
#2584 = CARTESIAN_POINT('',(1.321270739569,-0.762836017162,
    4.904748522861));
#2585 = CARTESIAN_POINT('',(0.660635369784,-1.144254025744,
    4.863081856195));
#2586 = CARTESIAN_POINT('',(-2.802614060077E-16,-1.525672034325,
    4.821415189528));
#2587 = CARTESIAN_POINT('',(-0.660635369784,-1.144254025744,
    4.779748522861));
#2588 = CARTESIAN_POINT('',(-1.321270739569,-0.762836017162,
    4.738081856195));
#2589 = CARTESIAN_POINT('',(-1.321270739569,-3.193478738737E-14,
    4.696415189528));
#2590 = CARTESIAN_POINT('',(-1.321270739569,0.762836017162,
    4.654748522861));
#2591 = CARTESIAN_POINT('',(-0.660635369784,1.144254025743,
    4.613081856195));
#2592 = CARTESIAN_POINT('',(9.342046866922E-17,1.525672034325,
    4.571415189528));
#2593 = CARTESIAN_POINT('',(0.660635369784,1.144254025743,4.529748522861
    ));
#2594 = CARTESIAN_POINT('',(1.321270739569,0.762836017162,4.488081856195
    ));
#2595 = CARTESIAN_POINT('',(1.321270739569,-3.067447371255E-14,
    4.446415189528));
#2596 = CARTESIAN_POINT('',(1.321270739569,-0.762836017162,
    4.404748522861));
#2597 = CARTESIAN_POINT('',(0.660635369784,-1.144254025744,
    4.363081856195));
#2598 = CARTESIAN_POINT('',(-2.802614060077E-16,-1.525672034325,
    4.321415189528));
#2599 = CARTESIAN_POINT('',(-0.660635369784,-1.144254025744,
    4.279748522861));
#2600 = CARTESIAN_POINT('',(-1.321270739569,-0.762836017162,
    4.238081856195));
#2601 = CARTESIAN_POINT('',(-1.321270739569,-2.844330604853E-14,
    4.196415189528));
#2602 = CARTESIAN_POINT('',(-1.321270739569,0.762836017162,
    4.154748522861));
#2603 = CARTESIAN_POINT('',(-0.660635369784,1.144254025744,
    4.113081856195));
#2604 = CARTESIAN_POINT('',(9.342046866922E-17,1.525672034325,
    4.071415189528));
#2605 = CARTESIAN_POINT('',(0.660635369784,1.144254025744,4.029748522861
    ));
#2606 = CARTESIAN_POINT('',(1.321270739569,0.762836017162,3.988081856195
    ));
#2607 = CARTESIAN_POINT('',(1.321270739569,-2.718299237371E-14,
    3.946415189528));
#2608 = CARTESIAN_POINT('',(1.555351624111,-4.577020868256E-14,
    6.599999904633));
#2609 = CARTESIAN_POINT('',(1.555351624111,-0.897982678865,
    6.558333237966));
#2610 = CARTESIAN_POINT('',(0.777675812056,-1.346974018298,
    6.516666571299));
#2611 = CARTESIAN_POINT('',(-3.299134840086E-16,-1.79596535773,
    6.474999904633));
#2612 = CARTESIAN_POINT('',(-0.777675812056,-1.346974018298,
    6.433333237966));
#2613 = CARTESIAN_POINT('',(-1.555351624111,-0.897982678865,
    6.391666571299));
#2614 = CARTESIAN_POINT('',(-1.555351624111,-4.345304109674E-14,
    6.349999904633));
#2615 = CARTESIAN_POINT('',(-1.555351624111,0.897982678865,
    6.308333237966));
#2616 = CARTESIAN_POINT('',(-0.777675812056,1.346974018298,
    6.266666571299));
#2617 = CARTESIAN_POINT('',(1.099711613362E-16,1.79596535773,
    6.224999904633));
#2618 = CARTESIAN_POINT('',(0.777675812056,1.346974018298,6.183333237966
    ));
#2619 = CARTESIAN_POINT('',(1.555351624111,0.897982678865,6.141666571299
    ));
#2620 = CARTESIAN_POINT('',(1.555351624111,-4.227872734372E-14,
    6.099999904633));
#2621 = CARTESIAN_POINT('',(1.555351624111,-0.897982678865,
    6.058333237966));
#2622 = CARTESIAN_POINT('',(0.777675812056,-1.346974018298,
    6.016666571299));
#2623 = CARTESIAN_POINT('',(-3.299134840086E-16,-1.79596535773,
    5.974999904633));
#2624 = CARTESIAN_POINT('',(-0.777675812056,-1.346974018298,
    5.933333237966));
#2625 = CARTESIAN_POINT('',(-1.555351624111,-0.897982678865,
    5.891666571299));
#2626 = CARTESIAN_POINT('',(-1.555351624111,-3.996155975789E-14,
    5.849999904633));
#2627 = CARTESIAN_POINT('',(-1.555351624111,0.897982678865,
    5.808333237966));
#2628 = CARTESIAN_POINT('',(-0.777675812056,1.346974018298,
    5.766666571299));
#2629 = CARTESIAN_POINT('',(1.099711613362E-16,1.79596535773,
    5.724999904633));
#2630 = CARTESIAN_POINT('',(0.777675812056,1.346974018298,5.683333237966
    ));
#2631 = CARTESIAN_POINT('',(1.555351624111,0.897982678865,5.641666571299
    ));
#2632 = CARTESIAN_POINT('',(1.555351624111,-3.878724600488E-14,
    5.599999904633));
#2633 = CARTESIAN_POINT('',(1.555351624111,-0.897982678865,
    5.558333237966));
#2634 = CARTESIAN_POINT('',(0.777675812056,-1.346974018298,
    5.516666571299));
#2635 = CARTESIAN_POINT('',(-3.299134840086E-16,-1.79596535773,
    5.474999904633));
#2636 = CARTESIAN_POINT('',(-0.777675812056,-1.346974018298,
    5.433333237966));
#2637 = CARTESIAN_POINT('',(-1.555351624111,-0.897982678865,
    5.391666571299));
#2638 = CARTESIAN_POINT('',(-1.555351624111,-3.647007841905E-14,
    5.349999904633));
#2639 = CARTESIAN_POINT('',(-1.555351624111,0.897982678865,
    5.308333237966));
#2640 = CARTESIAN_POINT('',(-0.777675812056,1.346974018298,
    5.266666571299));
#2641 = CARTESIAN_POINT('',(1.099711613362E-16,1.79596535773,
    5.224999904633));
#2642 = CARTESIAN_POINT('',(0.777675812056,1.346974018298,5.183333237966
    ));
#2643 = CARTESIAN_POINT('',(1.555351624111,0.897982678865,5.141666571299
    ));
#2644 = CARTESIAN_POINT('',(1.555351624111,-3.529576466603E-14,
    5.099999904633));
#2645 = CARTESIAN_POINT('',(1.555351624111,-0.897982678865,
    5.058333237966));
#2646 = CARTESIAN_POINT('',(0.777675812056,-1.346974018298,
    5.016666571299));
#2647 = CARTESIAN_POINT('',(-3.299134840086E-16,-1.79596535773,
    4.974999904633));
#2648 = CARTESIAN_POINT('',(-0.777675812056,-1.346974018298,
    4.933333237966));
#2649 = CARTESIAN_POINT('',(-1.555351624111,-0.897982678865,
    4.891666571299));
#2650 = CARTESIAN_POINT('',(-1.555351624111,-3.297859708021E-14,
    4.849999904633));
#2651 = CARTESIAN_POINT('',(-1.555351624111,0.897982678865,
    4.808333237966));
#2652 = CARTESIAN_POINT('',(-0.777675812056,1.346974018298,
    4.766666571299));
#2653 = CARTESIAN_POINT('',(1.099711613362E-16,1.79596535773,
    4.724999904633));
#2654 = CARTESIAN_POINT('',(0.777675812056,1.346974018298,4.683333237966
    ));
#2655 = CARTESIAN_POINT('',(1.555351624111,0.897982678865,4.641666571299
    ));
#2656 = CARTESIAN_POINT('',(1.555351624111,-3.180428332719E-14,
    4.599999904633));
#2657 = CARTESIAN_POINT('',(1.555351624111,-0.897982678865,
    4.558333237966));
#2658 = CARTESIAN_POINT('',(0.777675812056,-1.346974018298,
    4.516666571299));
#2659 = CARTESIAN_POINT('',(-3.299134840086E-16,-1.79596535773,
    4.474999904633));
#2660 = CARTESIAN_POINT('',(-0.777675812056,-1.346974018298,
    4.433333237966));
#2661 = CARTESIAN_POINT('',(-1.555351624111,-0.897982678865,
    4.391666571299));
#2662 = CARTESIAN_POINT('',(-1.555351624111,-2.948711574136E-14,
    4.349999904633));
#2663 = CARTESIAN_POINT('',(-1.555351624111,0.897982678865,
    4.308333237966));
#2664 = CARTESIAN_POINT('',(-0.777675812056,1.346974018298,
    4.266666571299));
#2665 = CARTESIAN_POINT('',(1.099711613362E-16,1.79596535773,
    4.224999904633));
#2666 = CARTESIAN_POINT('',(0.777675812056,1.346974018298,4.183333237966
    ));
#2667 = CARTESIAN_POINT('',(1.555351624111,0.897982678865,4.141666571299
    ));
#2668 = CARTESIAN_POINT('',(1.555351624111,-2.831280198835E-14,
    4.099999904633));
#2669 = ADVANCED_FACE('',(#2670),#2681,.F.);
#2670 = FACE_BOUND('',#2671,.F.);
#2671 = EDGE_LOOP('',(#2672,#2673,#2674,#2675,#2676,#2677,#2678,#2679,
    #2680));
#2672 = ORIENTED_EDGE('',*,*,#424,.T.);
#2673 = ORIENTED_EDGE('',*,*,#542,.T.);
#2674 = ORIENTED_EDGE('',*,*,#371,.T.);
#2675 = ORIENTED_EDGE('',*,*,#512,.T.);
#2676 = ORIENTED_EDGE('',*,*,#294,.T.);
#2677 = ORIENTED_EDGE('',*,*,#235,.T.);
#2678 = ORIENTED_EDGE('',*,*,#2507,.F.);
#2679 = ORIENTED_EDGE('',*,*,#1465,.F.);
#2680 = ORIENTED_EDGE('',*,*,#571,.T.);
#2681 = ( BOUNDED_SURFACE() B_SPLINE_SURFACE(1,2,(
    (#2682,#2683,#2684,#2685,#2686,#2687,#2688,#2689,#2690,#2691,#2692
      ,#2693,#2694,#2695,#2696,#2697,#2698,#2699,#2700,#2701,#2702,#2703
      ,#2704,#2705,#2706,#2707,#2708,#2709,#2710,#2711,#2712,#2713,#2714
      ,#2715,#2716,#2717,#2718,#2719,#2720,#2721,#2722,#2723,#2724,#2725
      ,#2726,#2727,#2728,#2729,#2730,#2731,#2732,#2733,#2734,#2735,#2736
      ,#2737,#2738,#2739,#2740,#2741,#2742)
    ,(#2743,#2744,#2745,#2746,#2747,#2748,#2749,#2750,#2751,#2752,#2753
      ,#2754,#2755,#2756,#2757,#2758,#2759,#2760,#2761,#2762,#2763,#2764
      ,#2765,#2766,#2767,#2768,#2769,#2770,#2771,#2772,#2773,#2774,#2775
      ,#2776,#2777,#2778,#2779,#2780,#2781,#2782,#2783,#2784,#2785,#2786
      ,#2787,#2788,#2789,#2790,#2791,#2792,#2793,#2794,#2795,#2796,#2797
      ,#2798,#2799,#2800,#2801,#2802,#2803
)),.UNSPECIFIED.,.F.,.F.,.F.) B_SPLINE_SURFACE_WITH_KNOTS((2,2),(3,2,2,2
    ,2,2,2,2,2,2,2,2,2,2,2,2,2,2,2,2,2,2,2,2,2,2,2,2,2,2,3),(0.,1.),(0.,
    3.333333333333E-02,6.666666666667E-02,0.1,0.133333333333,
    0.166666666667,0.2,0.233333333333,0.266666666667,0.3,0.333333333333,
    0.366666666667,0.4,0.433333333333,0.466666666667,0.5,0.533333333333,
    0.566666666667,0.6,0.633333333333,0.666666666667,0.7,0.733333333333,
    0.766666666667,0.8,0.833333333333,0.866666666667,0.9,0.933333333333,
0.966666666667,1.),.UNSPECIFIED.) GEOMETRIC_REPRESENTATION_ITEM() 
RATIONAL_B_SPLINE_SURFACE((
    (1.,0.866025403784,1.,0.866025403784,1.,0.866025403784,1.
      ,0.866025403784,1.,0.866025403784,1.,0.866025403784,1.
      ,0.866025403784,1.,0.866025403784,1.,0.866025403784,1.
      ,0.866025403784,1.,0.866025403784,1.,0.866025403784,1.
      ,0.866025403784,1.,0.866025403784,1.,0.866025403784,1.
      ,0.866025403784,1.,0.866025403784,1.,0.866025403784,1.
      ,0.866025403784,1.,0.866025403784,1.,0.866025403784,1.
      ,0.866025403784,1.,0.866025403784,1.,0.866025403784,1.
      ,0.866025403784,1.,0.866025403784,1.,0.866025403784,1.
      ,0.866025403784,1.,0.866025403784,1.,0.866025403784,1.)
    ,(1.,0.866025403784,1.,0.866025403784,1.,0.866025403784,1.
      ,0.866025403784,1.,0.866025403784,1.,0.866025403784,1.
      ,0.866025403784,1.,0.866025403784,1.,0.866025403784,1.
      ,0.866025403784,1.,0.866025403784,1.,0.866025403784,1.
      ,0.866025403784,1.,0.866025403784,1.,0.866025403784,1.
      ,0.866025403784,1.,0.866025403784,1.,0.866025403784,1.
      ,0.866025403784,1.,0.866025403784,1.,0.866025403784,1.
      ,0.866025403784,1.,0.866025403784,1.,0.866025403784,1.
      ,0.866025403784,1.,0.866025403784,1.,0.866025403784,1.
      ,0.866025403784,1.,0.866025403784,1.,0.866025403784,1.
))) REPRESENTATION_ITEM('') SURFACE() );
#2682 = CARTESIAN_POINT('',(1.555351624111,-4.577020868256E-14,
    6.599999904633));
#2683 = CARTESIAN_POINT('',(1.555351624111,-0.897982678865,
    6.558333237966));
#2684 = CARTESIAN_POINT('',(0.777675812056,-1.346974018298,
    6.516666571299));
#2685 = CARTESIAN_POINT('',(-3.299134840086E-16,-1.79596535773,
    6.474999904633));
#2686 = CARTESIAN_POINT('',(-0.777675812056,-1.346974018298,
    6.433333237966));
#2687 = CARTESIAN_POINT('',(-1.555351624111,-0.897982678865,
    6.391666571299));
#2688 = CARTESIAN_POINT('',(-1.555351624111,-4.345304109674E-14,
    6.349999904633));
#2689 = CARTESIAN_POINT('',(-1.555351624111,0.897982678865,
    6.308333237966));
#2690 = CARTESIAN_POINT('',(-0.777675812056,1.346974018298,
    6.266666571299));
#2691 = CARTESIAN_POINT('',(1.099711613362E-16,1.79596535773,
    6.224999904633));
#2692 = CARTESIAN_POINT('',(0.777675812056,1.346974018298,6.183333237966
    ));
#2693 = CARTESIAN_POINT('',(1.555351624111,0.897982678865,6.141666571299
    ));
#2694 = CARTESIAN_POINT('',(1.555351624111,-4.227872734372E-14,
    6.099999904633));
#2695 = CARTESIAN_POINT('',(1.555351624111,-0.897982678865,
    6.058333237966));
#2696 = CARTESIAN_POINT('',(0.777675812056,-1.346974018298,
    6.016666571299));
#2697 = CARTESIAN_POINT('',(-3.299134840086E-16,-1.79596535773,
    5.974999904633));
#2698 = CARTESIAN_POINT('',(-0.777675812056,-1.346974018298,
    5.933333237966));
#2699 = CARTESIAN_POINT('',(-1.555351624111,-0.897982678865,
    5.891666571299));
#2700 = CARTESIAN_POINT('',(-1.555351624111,-3.996155975789E-14,
    5.849999904633));
#2701 = CARTESIAN_POINT('',(-1.555351624111,0.897982678865,
    5.808333237966));
#2702 = CARTESIAN_POINT('',(-0.777675812056,1.346974018298,
    5.766666571299));
#2703 = CARTESIAN_POINT('',(1.099711613362E-16,1.79596535773,
    5.724999904633));
#2704 = CARTESIAN_POINT('',(0.777675812056,1.346974018298,5.683333237966
    ));
#2705 = CARTESIAN_POINT('',(1.555351624111,0.897982678865,5.641666571299
    ));
#2706 = CARTESIAN_POINT('',(1.555351624111,-3.878724600488E-14,
    5.599999904633));
#2707 = CARTESIAN_POINT('',(1.555351624111,-0.897982678865,
    5.558333237966));
#2708 = CARTESIAN_POINT('',(0.777675812056,-1.346974018298,
    5.516666571299));
#2709 = CARTESIAN_POINT('',(-3.299134840086E-16,-1.79596535773,
    5.474999904633));
#2710 = CARTESIAN_POINT('',(-0.777675812056,-1.346974018298,
    5.433333237966));
#2711 = CARTESIAN_POINT('',(-1.555351624111,-0.897982678865,
    5.391666571299));
#2712 = CARTESIAN_POINT('',(-1.555351624111,-3.647007841905E-14,
    5.349999904633));
#2713 = CARTESIAN_POINT('',(-1.555351624111,0.897982678865,
    5.308333237966));
#2714 = CARTESIAN_POINT('',(-0.777675812056,1.346974018298,
    5.266666571299));
#2715 = CARTESIAN_POINT('',(1.099711613362E-16,1.79596535773,
    5.224999904633));
#2716 = CARTESIAN_POINT('',(0.777675812056,1.346974018298,5.183333237966
    ));
#2717 = CARTESIAN_POINT('',(1.555351624111,0.897982678865,5.141666571299
    ));
#2718 = CARTESIAN_POINT('',(1.555351624111,-3.529576466603E-14,
    5.099999904633));
#2719 = CARTESIAN_POINT('',(1.555351624111,-0.897982678865,
    5.058333237966));
#2720 = CARTESIAN_POINT('',(0.777675812056,-1.346974018298,
    5.016666571299));
#2721 = CARTESIAN_POINT('',(-3.299134840086E-16,-1.79596535773,
    4.974999904633));
#2722 = CARTESIAN_POINT('',(-0.777675812056,-1.346974018298,
    4.933333237966));
#2723 = CARTESIAN_POINT('',(-1.555351624111,-0.897982678865,
    4.891666571299));
#2724 = CARTESIAN_POINT('',(-1.555351624111,-3.297859708021E-14,
    4.849999904633));
#2725 = CARTESIAN_POINT('',(-1.555351624111,0.897982678865,
    4.808333237966));
#2726 = CARTESIAN_POINT('',(-0.777675812056,1.346974018298,
    4.766666571299));
#2727 = CARTESIAN_POINT('',(1.099711613362E-16,1.79596535773,
    4.724999904633));
#2728 = CARTESIAN_POINT('',(0.777675812056,1.346974018298,4.683333237966
    ));
#2729 = CARTESIAN_POINT('',(1.555351624111,0.897982678865,4.641666571299
    ));
#2730 = CARTESIAN_POINT('',(1.555351624111,-3.180428332719E-14,
    4.599999904633));
#2731 = CARTESIAN_POINT('',(1.555351624111,-0.897982678865,
    4.558333237966));
#2732 = CARTESIAN_POINT('',(0.777675812056,-1.346974018298,
    4.516666571299));
#2733 = CARTESIAN_POINT('',(-3.299134840086E-16,-1.79596535773,
    4.474999904633));
#2734 = CARTESIAN_POINT('',(-0.777675812056,-1.346974018298,
    4.433333237966));
#2735 = CARTESIAN_POINT('',(-1.555351624111,-0.897982678865,
    4.391666571299));
#2736 = CARTESIAN_POINT('',(-1.555351624111,-2.948711574136E-14,
    4.349999904633));
#2737 = CARTESIAN_POINT('',(-1.555351624111,0.897982678865,
    4.308333237966));
#2738 = CARTESIAN_POINT('',(-0.777675812056,1.346974018298,
    4.266666571299));
#2739 = CARTESIAN_POINT('',(1.099711613362E-16,1.79596535773,
    4.224999904633));
#2740 = CARTESIAN_POINT('',(0.777675812056,1.346974018298,4.183333237966
    ));
#2741 = CARTESIAN_POINT('',(1.555351624111,0.897982678865,4.141666571299
    ));
#2742 = CARTESIAN_POINT('',(1.555351624111,-2.831280198835E-14,
    4.099999904633));
#2743 = CARTESIAN_POINT('',(1.321270739569,-4.703149098877E-14,
    6.788833161844));
#2744 = CARTESIAN_POINT('',(1.321270739569,-0.762836017162,
    6.747166495177));
#2745 = CARTESIAN_POINT('',(0.660635369784,-1.144254025744,6.70549982851
    ));
#2746 = CARTESIAN_POINT('',(-2.802614060077E-16,-1.525672034325,
    6.663833161844));
#2747 = CARTESIAN_POINT('',(-0.660635369784,-1.144254025744,
    6.622166495177));
#2748 = CARTESIAN_POINT('',(-1.321270739569,-0.762836017162,
    6.58049982851));
#2749 = CARTESIAN_POINT('',(-1.321270739569,-4.480032332475E-14,
    6.538833161844));
#2750 = CARTESIAN_POINT('',(-1.321270739569,0.762836017162,
    6.497166495177));
#2751 = CARTESIAN_POINT('',(-0.660635369784,1.144254025743,6.45549982851
    ));
#2752 = CARTESIAN_POINT('',(9.342046866922E-17,1.525672034325,
    6.413833161844));
#2753 = CARTESIAN_POINT('',(0.660635369784,1.144254025743,6.372166495177
    ));
#2754 = CARTESIAN_POINT('',(1.321270739569,0.762836017162,6.33049982851)
  );
#2755 = CARTESIAN_POINT('',(1.321270739569,-4.354000964993E-14,
    6.288833161844));
#2756 = CARTESIAN_POINT('',(1.321270739569,-0.762836017162,
    6.247166495177));
#2757 = CARTESIAN_POINT('',(0.660635369784,-1.144254025744,6.20549982851
    ));
#2758 = CARTESIAN_POINT('',(-2.802614060077E-16,-1.525672034325,
    6.163833161844));
#2759 = CARTESIAN_POINT('',(-0.660635369784,-1.144254025744,
    6.122166495177));
#2760 = CARTESIAN_POINT('',(-1.321270739569,-0.762836017162,
    6.08049982851));
#2761 = CARTESIAN_POINT('',(-1.321270739569,-4.13088419859E-14,
    6.038833161844));
#2762 = CARTESIAN_POINT('',(-1.321270739569,0.762836017162,
    5.997166495177));
#2763 = CARTESIAN_POINT('',(-0.660635369784,1.144254025743,5.95549982851
    ));
#2764 = CARTESIAN_POINT('',(9.342046866922E-17,1.525672034325,
    5.913833161844));
#2765 = CARTESIAN_POINT('',(0.660635369784,1.144254025743,5.872166495177
    ));
#2766 = CARTESIAN_POINT('',(1.321270739569,0.762836017162,5.83049982851)
  );
#2767 = CARTESIAN_POINT('',(1.321270739569,-4.004852831109E-14,
    5.788833161844));
#2768 = CARTESIAN_POINT('',(1.321270739569,-0.762836017162,
    5.747166495177));
#2769 = CARTESIAN_POINT('',(0.660635369784,-1.144254025744,5.70549982851
    ));
#2770 = CARTESIAN_POINT('',(-2.802614060077E-16,-1.525672034325,
    5.663833161844));
#2771 = CARTESIAN_POINT('',(-0.660635369784,-1.144254025744,
    5.622166495177));
#2772 = CARTESIAN_POINT('',(-1.321270739569,-0.762836017162,
    5.58049982851));
#2773 = CARTESIAN_POINT('',(-1.321270739569,-3.781736064706E-14,
    5.538833161844));
#2774 = CARTESIAN_POINT('',(-1.321270739569,0.762836017162,
    5.497166495177));
#2775 = CARTESIAN_POINT('',(-0.660635369784,1.144254025743,5.45549982851
    ));
#2776 = CARTESIAN_POINT('',(9.342046866922E-17,1.525672034325,
    5.413833161844));
#2777 = CARTESIAN_POINT('',(0.660635369784,1.144254025743,5.372166495177
    ));
#2778 = CARTESIAN_POINT('',(1.321270739569,0.762836017162,5.33049982851)
  );
#2779 = CARTESIAN_POINT('',(1.321270739569,-3.655704697225E-14,
    5.288833161844));
#2780 = CARTESIAN_POINT('',(1.321270739569,-0.762836017162,
    5.247166495177));
#2781 = CARTESIAN_POINT('',(0.660635369784,-1.144254025744,5.20549982851
    ));
#2782 = CARTESIAN_POINT('',(-2.802614060077E-16,-1.525672034325,
    5.163833161844));
#2783 = CARTESIAN_POINT('',(-0.660635369784,-1.144254025744,
    5.122166495177));
#2784 = CARTESIAN_POINT('',(-1.321270739569,-0.762836017162,
    5.08049982851));
#2785 = CARTESIAN_POINT('',(-1.321270739569,-3.432587930822E-14,
    5.038833161844));
#2786 = CARTESIAN_POINT('',(-1.321270739569,0.762836017162,
    4.997166495177));
#2787 = CARTESIAN_POINT('',(-0.660635369784,1.144254025743,4.95549982851
    ));
#2788 = CARTESIAN_POINT('',(9.342046866922E-17,1.525672034325,
    4.913833161844));
#2789 = CARTESIAN_POINT('',(0.660635369784,1.144254025743,4.872166495177
    ));
#2790 = CARTESIAN_POINT('',(1.321270739569,0.762836017162,4.83049982851)
  );
#2791 = CARTESIAN_POINT('',(1.321270739569,-3.30655656334E-14,
    4.788833161844));
#2792 = CARTESIAN_POINT('',(1.321270739569,-0.762836017162,
    4.747166495177));
#2793 = CARTESIAN_POINT('',(0.660635369784,-1.144254025744,4.70549982851
    ));
#2794 = CARTESIAN_POINT('',(-2.802614060077E-16,-1.525672034325,
    4.663833161844));
#2795 = CARTESIAN_POINT('',(-0.660635369784,-1.144254025744,
    4.622166495177));
#2796 = CARTESIAN_POINT('',(-1.321270739569,-0.762836017162,
    4.58049982851));
#2797 = CARTESIAN_POINT('',(-1.321270739569,-3.083439796937E-14,
    4.538833161844));
#2798 = CARTESIAN_POINT('',(-1.321270739569,0.762836017162,
    4.497166495177));
#2799 = CARTESIAN_POINT('',(-0.660635369784,1.144254025743,4.45549982851
    ));
#2800 = CARTESIAN_POINT('',(9.342046866922E-17,1.525672034325,
    4.413833161844));
#2801 = CARTESIAN_POINT('',(0.660635369784,1.144254025743,4.372166495177
    ));
#2802 = CARTESIAN_POINT('',(1.321270739569,0.762836017162,4.33049982851)
  );
#2803 = CARTESIAN_POINT('',(1.321270739569,-2.957408429456E-14,
    4.288833161844));
#2804 = ADVANCED_FACE('',(#2805),#2820,.F.);
#2805 = FACE_BOUND('',#2806,.F.);
#2806 = EDGE_LOOP('',(#2807,#2808,#2809,#2810));
#2807 = ORIENTED_EDGE('',*,*,#2451,.T.);
#2808 = ORIENTED_EDGE('',*,*,#2479,.T.);
#2809 = ORIENTED_EDGE('',*,*,#2417,.T.);
#2810 = ORIENTED_EDGE('',*,*,#2811,.T.);
#2811 = EDGE_CURVE('',#2409,#2452,#2812,.T.);
#2812 = ( BOUNDED_CURVE() B_SPLINE_CURVE(2,(#2813,#2814,#2815,#2816,
#2817,#2818,#2819),.UNSPECIFIED.,.F.,.F.) B_SPLINE_CURVE_WITH_KNOTS((3,2
    ,2,3),(0.810755260962,0.833333333333,0.866666666667,0.880372990736),
.UNSPECIFIED.) CURVE() GEOMETRIC_REPRESENTATION_ITEM() 
RATIONAL_B_SPLINE_CURVE((0.941439769819,0.909253356123,1.,0.866025403784
,1.,0.944911023015,0.935126088303)) REPRESENTATION_ITEM('') );
#2813 = CARTESIAN_POINT('',(1.469353205521,-0.510019442817,
    4.574031017829));
#2814 = CARTESIAN_POINT('',(1.279385428999,-1.057311835901,4.54354739625
    ));
#2815 = CARTESIAN_POINT('',(0.777675812056,-1.346974018298,
    4.516666571299));
#2816 = CARTESIAN_POINT('',(-3.299134840086E-16,-1.79596535773,
    4.474999904633));
#2817 = CARTESIAN_POINT('',(-0.777675812056,-1.346974018298,
    4.433333237966));
#2818 = CARTESIAN_POINT('',(-1.070752016458,-1.177766392793,
    4.417630668428));
#2819 = CARTESIAN_POINT('',(-1.267028694238,-0.902084786815,
    4.399580858565));
#2820 = ( BOUNDED_SURFACE() B_SPLINE_SURFACE(1,2,(
    (#2821,#2822,#2823,#2824,#2825,#2826,#2827,#2828,#2829,#2830,#2831
      ,#2832,#2833,#2834,#2835,#2836,#2837,#2838,#2839,#2840,#2841,#2842
      ,#2843,#2844,#2845,#2846,#2847,#2848,#2849,#2850,#2851,#2852,#2853
      ,#2854,#2855,#2856,#2857,#2858,#2859,#2860,#2861,#2862,#2863,#2864
      ,#2865,#2866,#2867,#2868,#2869,#2870,#2871,#2872,#2873,#2874,#2875
      ,#2876,#2877,#2878,#2879,#2880,#2881)
    ,(#2882,#2883,#2884,#2885,#2886,#2887,#2888,#2889,#2890,#2891,#2892
      ,#2893,#2894,#2895,#2896,#2897,#2898,#2899,#2900,#2901,#2902,#2903
      ,#2904,#2905,#2906,#2907,#2908,#2909,#2910,#2911,#2912,#2913,#2914
      ,#2915,#2916,#2917,#2918,#2919,#2920,#2921,#2922,#2923,#2924,#2925
      ,#2926,#2927,#2928,#2929,#2930,#2931,#2932,#2933,#2934,#2935,#2936
      ,#2937,#2938,#2939,#2940,#2941,#2942
)),.UNSPECIFIED.,.F.,.F.,.F.) B_SPLINE_SURFACE_WITH_KNOTS((2,2),(3,2,2,2
    ,2,2,2,2,2,2,2,2,2,2,2,2,2,2,2,2,2,2,2,2,2,2,2,2,2,2,3),(0.,1.),(0.,
    3.333333333333E-02,6.666666666667E-02,0.1,0.133333333333,
    0.166666666667,0.2,0.233333333333,0.266666666667,0.3,0.333333333333,
    0.366666666667,0.4,0.433333333333,0.466666666667,0.5,0.533333333333,
    0.566666666667,0.6,0.633333333333,0.666666666667,0.7,0.733333333333,
    0.766666666667,0.8,0.833333333333,0.866666666667,0.9,0.933333333333,
0.966666666667,1.),.UNSPECIFIED.) GEOMETRIC_REPRESENTATION_ITEM() 
RATIONAL_B_SPLINE_SURFACE((
    (1.,0.866025403784,1.,0.866025403784,1.,0.866025403784,1.
      ,0.866025403784,1.,0.866025403784,1.,0.866025403784,1.
      ,0.866025403784,1.,0.866025403784,1.,0.866025403784,1.
      ,0.866025403784,1.,0.866025403784,1.,0.866025403784,1.
      ,0.866025403784,1.,0.866025403784,1.,0.866025403784,1.
      ,0.866025403784,1.,0.866025403784,1.,0.866025403784,1.
      ,0.866025403784,1.,0.866025403784,1.,0.866025403784,1.
      ,0.866025403784,1.,0.866025403784,1.,0.866025403784,1.
      ,0.866025403784,1.,0.866025403784,1.,0.866025403784,1.
      ,0.866025403784,1.,0.866025403784,1.,0.866025403784,1.)
    ,(1.,0.866025403784,1.,0.866025403784,1.,0.866025403784,1.
      ,0.866025403784,1.,0.866025403784,1.,0.866025403784,1.
      ,0.866025403784,1.,0.866025403784,1.,0.866025403784,1.
      ,0.866025403784,1.,0.866025403784,1.,0.866025403784,1.
      ,0.866025403784,1.,0.866025403784,1.,0.866025403784,1.
      ,0.866025403784,1.,0.866025403784,1.,0.866025403784,1.
      ,0.866025403784,1.,0.866025403784,1.,0.866025403784,1.
      ,0.866025403784,1.,0.866025403784,1.,0.866025403784,1.
      ,0.866025403784,1.,0.866025403784,1.,0.866025403784,1.
      ,0.866025403784,1.,0.866025403784,1.,0.866025403784,1.
))) REPRESENTATION_ITEM('') SURFACE() );
#2821 = CARTESIAN_POINT('',(1.321270739569,-4.464039906793E-14,
    6.446415189528));
#2822 = CARTESIAN_POINT('',(1.321270739569,-0.762836017162,
    6.404748522861));
#2823 = CARTESIAN_POINT('',(0.660635369784,-1.144254025744,
    6.363081856195));
#2824 = CARTESIAN_POINT('',(-2.802614060077E-16,-1.525672034325,
    6.321415189528));
#2825 = CARTESIAN_POINT('',(-0.660635369784,-1.144254025744,
    6.279748522861));
#2826 = CARTESIAN_POINT('',(-1.321270739569,-0.762836017162,
    6.238081856195));
#2827 = CARTESIAN_POINT('',(-1.321270739569,-4.24092314039E-14,
    6.196415189528));
#2828 = CARTESIAN_POINT('',(-1.321270739569,0.762836017162,
    6.154748522861));
#2829 = CARTESIAN_POINT('',(-0.660635369784,1.144254025743,
    6.113081856195));
#2830 = CARTESIAN_POINT('',(9.342046866922E-17,1.525672034325,
    6.071415189528));
#2831 = CARTESIAN_POINT('',(0.660635369784,1.144254025743,6.029748522861
    ));
#2832 = CARTESIAN_POINT('',(1.321270739569,0.762836017162,5.988081856195
    ));
#2833 = CARTESIAN_POINT('',(1.321270739569,-4.114891772908E-14,
    5.946415189528));
#2834 = CARTESIAN_POINT('',(1.321270739569,-0.762836017162,
    5.904748522861));
#2835 = CARTESIAN_POINT('',(0.660635369784,-1.144254025744,
    5.863081856195));
#2836 = CARTESIAN_POINT('',(-2.802614060077E-16,-1.525672034325,
    5.821415189528));
#2837 = CARTESIAN_POINT('',(-0.660635369784,-1.144254025744,
    5.779748522861));
#2838 = CARTESIAN_POINT('',(-1.321270739569,-0.762836017162,
    5.738081856195));
#2839 = CARTESIAN_POINT('',(-1.321270739569,-3.891775006505E-14,
    5.696415189528));
#2840 = CARTESIAN_POINT('',(-1.321270739569,0.762836017162,
    5.654748522861));
#2841 = CARTESIAN_POINT('',(-0.660635369784,1.144254025743,
    5.613081856195));
#2842 = CARTESIAN_POINT('',(9.342046866922E-17,1.525672034325,
    5.571415189528));
#2843 = CARTESIAN_POINT('',(0.660635369784,1.144254025743,5.529748522861
    ));
#2844 = CARTESIAN_POINT('',(1.321270739569,0.762836017162,5.488081856195
    ));
#2845 = CARTESIAN_POINT('',(1.321270739569,-3.765743639024E-14,
    5.446415189528));
#2846 = CARTESIAN_POINT('',(1.321270739569,-0.762836017162,
    5.404748522861));
#2847 = CARTESIAN_POINT('',(0.660635369784,-1.144254025744,
    5.363081856195));
#2848 = CARTESIAN_POINT('',(-2.802614060077E-16,-1.525672034325,
    5.321415189528));
#2849 = CARTESIAN_POINT('',(-0.660635369784,-1.144254025744,
    5.279748522861));
#2850 = CARTESIAN_POINT('',(-1.321270739569,-0.762836017162,
    5.238081856195));
#2851 = CARTESIAN_POINT('',(-1.321270739569,-3.542626872621E-14,
    5.196415189528));
#2852 = CARTESIAN_POINT('',(-1.321270739569,0.762836017162,
    5.154748522861));
#2853 = CARTESIAN_POINT('',(-0.660635369784,1.144254025743,
    5.113081856195));
#2854 = CARTESIAN_POINT('',(9.342046866922E-17,1.525672034325,
    5.071415189528));
#2855 = CARTESIAN_POINT('',(0.660635369784,1.144254025743,5.029748522861
    ));
#2856 = CARTESIAN_POINT('',(1.321270739569,0.762836017162,4.988081856195
    ));
#2857 = CARTESIAN_POINT('',(1.321270739569,-3.41659550514E-14,
    4.946415189528));
#2858 = CARTESIAN_POINT('',(1.321270739569,-0.762836017162,
    4.904748522861));
#2859 = CARTESIAN_POINT('',(0.660635369784,-1.144254025744,
    4.863081856195));
#2860 = CARTESIAN_POINT('',(-2.802614060077E-16,-1.525672034325,
    4.821415189528));
#2861 = CARTESIAN_POINT('',(-0.660635369784,-1.144254025744,
    4.779748522861));
#2862 = CARTESIAN_POINT('',(-1.321270739569,-0.762836017162,
    4.738081856195));
#2863 = CARTESIAN_POINT('',(-1.321270739569,-3.193478738737E-14,
    4.696415189528));
#2864 = CARTESIAN_POINT('',(-1.321270739569,0.762836017162,
    4.654748522861));
#2865 = CARTESIAN_POINT('',(-0.660635369784,1.144254025743,
    4.613081856195));
#2866 = CARTESIAN_POINT('',(9.342046866922E-17,1.525672034325,
    4.571415189528));
#2867 = CARTESIAN_POINT('',(0.660635369784,1.144254025743,4.529748522861
    ));
#2868 = CARTESIAN_POINT('',(1.321270739569,0.762836017162,4.488081856195
    ));
#2869 = CARTESIAN_POINT('',(1.321270739569,-3.067447371255E-14,
    4.446415189528));
#2870 = CARTESIAN_POINT('',(1.321270739569,-0.762836017162,
    4.404748522861));
#2871 = CARTESIAN_POINT('',(0.660635369784,-1.144254025744,
    4.363081856195));
#2872 = CARTESIAN_POINT('',(-2.802614060077E-16,-1.525672034325,
    4.321415189528));
#2873 = CARTESIAN_POINT('',(-0.660635369784,-1.144254025744,
    4.279748522861));
#2874 = CARTESIAN_POINT('',(-1.321270739569,-0.762836017162,
    4.238081856195));
#2875 = CARTESIAN_POINT('',(-1.321270739569,-2.844330604853E-14,
    4.196415189528));
#2876 = CARTESIAN_POINT('',(-1.321270739569,0.762836017162,
    4.154748522861));
#2877 = CARTESIAN_POINT('',(-0.660635369784,1.144254025744,
    4.113081856195));
#2878 = CARTESIAN_POINT('',(9.342046866922E-17,1.525672034325,
    4.071415189528));
#2879 = CARTESIAN_POINT('',(0.660635369784,1.144254025744,4.029748522861
    ));
#2880 = CARTESIAN_POINT('',(1.321270739569,0.762836017162,3.988081856195
    ));
#2881 = CARTESIAN_POINT('',(1.321270739569,-2.718299237371E-14,
    3.946415189528));
#2882 = CARTESIAN_POINT('',(1.555351624111,-4.577020868256E-14,
    6.599999904633));
#2883 = CARTESIAN_POINT('',(1.555351624111,-0.897982678865,
    6.558333237966));
#2884 = CARTESIAN_POINT('',(0.777675812056,-1.346974018298,
    6.516666571299));
#2885 = CARTESIAN_POINT('',(-3.299134840086E-16,-1.79596535773,
    6.474999904633));
#2886 = CARTESIAN_POINT('',(-0.777675812056,-1.346974018298,
    6.433333237966));
#2887 = CARTESIAN_POINT('',(-1.555351624111,-0.897982678865,
    6.391666571299));
#2888 = CARTESIAN_POINT('',(-1.555351624111,-4.345304109674E-14,
    6.349999904633));
#2889 = CARTESIAN_POINT('',(-1.555351624111,0.897982678865,
    6.308333237966));
#2890 = CARTESIAN_POINT('',(-0.777675812056,1.346974018298,
    6.266666571299));
#2891 = CARTESIAN_POINT('',(1.099711613362E-16,1.79596535773,
    6.224999904633));
#2892 = CARTESIAN_POINT('',(0.777675812056,1.346974018298,6.183333237966
    ));
#2893 = CARTESIAN_POINT('',(1.555351624111,0.897982678865,6.141666571299
    ));
#2894 = CARTESIAN_POINT('',(1.555351624111,-4.227872734372E-14,
    6.099999904633));
#2895 = CARTESIAN_POINT('',(1.555351624111,-0.897982678865,
    6.058333237966));
#2896 = CARTESIAN_POINT('',(0.777675812056,-1.346974018298,
    6.016666571299));
#2897 = CARTESIAN_POINT('',(-3.299134840086E-16,-1.79596535773,
    5.974999904633));
#2898 = CARTESIAN_POINT('',(-0.777675812056,-1.346974018298,
    5.933333237966));
#2899 = CARTESIAN_POINT('',(-1.555351624111,-0.897982678865,
    5.891666571299));
#2900 = CARTESIAN_POINT('',(-1.555351624111,-3.996155975789E-14,
    5.849999904633));
#2901 = CARTESIAN_POINT('',(-1.555351624111,0.897982678865,
    5.808333237966));
#2902 = CARTESIAN_POINT('',(-0.777675812056,1.346974018298,
    5.766666571299));
#2903 = CARTESIAN_POINT('',(1.099711613362E-16,1.79596535773,
    5.724999904633));
#2904 = CARTESIAN_POINT('',(0.777675812056,1.346974018298,5.683333237966
    ));
#2905 = CARTESIAN_POINT('',(1.555351624111,0.897982678865,5.641666571299
    ));
#2906 = CARTESIAN_POINT('',(1.555351624111,-3.878724600488E-14,
    5.599999904633));
#2907 = CARTESIAN_POINT('',(1.555351624111,-0.897982678865,
    5.558333237966));
#2908 = CARTESIAN_POINT('',(0.777675812056,-1.346974018298,
    5.516666571299));
#2909 = CARTESIAN_POINT('',(-3.299134840086E-16,-1.79596535773,
    5.474999904633));
#2910 = CARTESIAN_POINT('',(-0.777675812056,-1.346974018298,
    5.433333237966));
#2911 = CARTESIAN_POINT('',(-1.555351624111,-0.897982678865,
    5.391666571299));
#2912 = CARTESIAN_POINT('',(-1.555351624111,-3.647007841905E-14,
    5.349999904633));
#2913 = CARTESIAN_POINT('',(-1.555351624111,0.897982678865,
    5.308333237966));
#2914 = CARTESIAN_POINT('',(-0.777675812056,1.346974018298,
    5.266666571299));
#2915 = CARTESIAN_POINT('',(1.099711613362E-16,1.79596535773,
    5.224999904633));
#2916 = CARTESIAN_POINT('',(0.777675812056,1.346974018298,5.183333237966
    ));
#2917 = CARTESIAN_POINT('',(1.555351624111,0.897982678865,5.141666571299
    ));
#2918 = CARTESIAN_POINT('',(1.555351624111,-3.529576466603E-14,
    5.099999904633));
#2919 = CARTESIAN_POINT('',(1.555351624111,-0.897982678865,
    5.058333237966));
#2920 = CARTESIAN_POINT('',(0.777675812056,-1.346974018298,
    5.016666571299));
#2921 = CARTESIAN_POINT('',(-3.299134840086E-16,-1.79596535773,
    4.974999904633));
#2922 = CARTESIAN_POINT('',(-0.777675812056,-1.346974018298,
    4.933333237966));
#2923 = CARTESIAN_POINT('',(-1.555351624111,-0.897982678865,
    4.891666571299));
#2924 = CARTESIAN_POINT('',(-1.555351624111,-3.297859708021E-14,
    4.849999904633));
#2925 = CARTESIAN_POINT('',(-1.555351624111,0.897982678865,
    4.808333237966));
#2926 = CARTESIAN_POINT('',(-0.777675812056,1.346974018298,
    4.766666571299));
#2927 = CARTESIAN_POINT('',(1.099711613362E-16,1.79596535773,
    4.724999904633));
#2928 = CARTESIAN_POINT('',(0.777675812056,1.346974018298,4.683333237966
    ));
#2929 = CARTESIAN_POINT('',(1.555351624111,0.897982678865,4.641666571299
    ));
#2930 = CARTESIAN_POINT('',(1.555351624111,-3.180428332719E-14,
    4.599999904633));
#2931 = CARTESIAN_POINT('',(1.555351624111,-0.897982678865,
    4.558333237966));
#2932 = CARTESIAN_POINT('',(0.777675812056,-1.346974018298,
    4.516666571299));
#2933 = CARTESIAN_POINT('',(-3.299134840086E-16,-1.79596535773,
    4.474999904633));
#2934 = CARTESIAN_POINT('',(-0.777675812056,-1.346974018298,
    4.433333237966));
#2935 = CARTESIAN_POINT('',(-1.555351624111,-0.897982678865,
    4.391666571299));
#2936 = CARTESIAN_POINT('',(-1.555351624111,-2.948711574136E-14,
    4.349999904633));
#2937 = CARTESIAN_POINT('',(-1.555351624111,0.897982678865,
    4.308333237966));
#2938 = CARTESIAN_POINT('',(-0.777675812056,1.346974018298,
    4.266666571299));
#2939 = CARTESIAN_POINT('',(1.099711613362E-16,1.79596535773,
    4.224999904633));
#2940 = CARTESIAN_POINT('',(0.777675812056,1.346974018298,4.183333237966
    ));
#2941 = CARTESIAN_POINT('',(1.555351624111,0.897982678865,4.141666571299
    ));
#2942 = CARTESIAN_POINT('',(1.555351624111,-2.831280198835E-14,
    4.099999904633));
#2943 = ADVANCED_FACE('',(#2944),#2950,.F.);
#2944 = FACE_BOUND('',#2945,.F.);
#2945 = EDGE_LOOP('',(#2946,#2947,#2948,#2949));
#2946 = ORIENTED_EDGE('',*,*,#2460,.T.);
#2947 = ORIENTED_EDGE('',*,*,#2811,.F.);
#2948 = ORIENTED_EDGE('',*,*,#2408,.T.);
#2949 = ORIENTED_EDGE('',*,*,#471,.T.);
#2950 = ( BOUNDED_SURFACE() B_SPLINE_SURFACE(1,2,(
    (#2951,#2952,#2953,#2954,#2955,#2956,#2957,#2958,#2959,#2960,#2961
      ,#2962,#2963,#2964,#2965,#2966,#2967,#2968,#2969,#2970,#2971,#2972
      ,#2973,#2974,#2975,#2976,#2977,#2978,#2979,#2980,#2981,#2982,#2983
      ,#2984,#2985,#2986,#2987,#2988,#2989,#2990,#2991,#2992,#2993,#2994
      ,#2995,#2996,#2997,#2998,#2999,#3000,#3001,#3002,#3003,#3004,#3005
      ,#3006,#3007,#3008,#3009,#3010,#3011)
    ,(#3012,#3013,#3014,#3015,#3016,#3017,#3018,#3019,#3020,#3021,#3022
      ,#3023,#3024,#3025,#3026,#3027,#3028,#3029,#3030,#3031,#3032,#3033
      ,#3034,#3035,#3036,#3037,#3038,#3039,#3040,#3041,#3042,#3043,#3044
      ,#3045,#3046,#3047,#3048,#3049,#3050,#3051,#3052,#3053,#3054,#3055
      ,#3056,#3057,#3058,#3059,#3060,#3061,#3062,#3063,#3064,#3065,#3066
      ,#3067,#3068,#3069,#3070,#3071,#3072
)),.UNSPECIFIED.,.F.,.F.,.F.) B_SPLINE_SURFACE_WITH_KNOTS((2,2),(3,2,2,2
    ,2,2,2,2,2,2,2,2,2,2,2,2,2,2,2,2,2,2,2,2,2,2,2,2,2,2,3),(0.,1.),(0.,
    3.333333333333E-02,6.666666666667E-02,0.1,0.133333333333,
    0.166666666667,0.2,0.233333333333,0.266666666667,0.3,0.333333333333,
    0.366666666667,0.4,0.433333333333,0.466666666667,0.5,0.533333333333,
    0.566666666667,0.6,0.633333333333,0.666666666667,0.7,0.733333333333,
    0.766666666667,0.8,0.833333333333,0.866666666667,0.9,0.933333333333,
0.966666666667,1.),.UNSPECIFIED.) GEOMETRIC_REPRESENTATION_ITEM() 
RATIONAL_B_SPLINE_SURFACE((
    (1.,0.866025403784,1.,0.866025403784,1.,0.866025403784,1.
      ,0.866025403784,1.,0.866025403784,1.,0.866025403784,1.
      ,0.866025403784,1.,0.866025403784,1.,0.866025403784,1.
      ,0.866025403784,1.,0.866025403784,1.,0.866025403784,1.
      ,0.866025403784,1.,0.866025403784,1.,0.866025403784,1.
      ,0.866025403784,1.,0.866025403784,1.,0.866025403784,1.
      ,0.866025403784,1.,0.866025403784,1.,0.866025403784,1.
      ,0.866025403784,1.,0.866025403784,1.,0.866025403784,1.
      ,0.866025403784,1.,0.866025403784,1.,0.866025403784,1.
      ,0.866025403784,1.,0.866025403784,1.,0.866025403784,1.)
    ,(1.,0.866025403784,1.,0.866025403784,1.,0.866025403784,1.
      ,0.866025403784,1.,0.866025403784,1.,0.866025403784,1.
      ,0.866025403784,1.,0.866025403784,1.,0.866025403784,1.
      ,0.866025403784,1.,0.866025403784,1.,0.866025403784,1.
      ,0.866025403784,1.,0.866025403784,1.,0.866025403784,1.
      ,0.866025403784,1.,0.866025403784,1.,0.866025403784,1.
      ,0.866025403784,1.,0.866025403784,1.,0.866025403784,1.
      ,0.866025403784,1.,0.866025403784,1.,0.866025403784,1.
      ,0.866025403784,1.,0.866025403784,1.,0.866025403784,1.
      ,0.866025403784,1.,0.866025403784,1.,0.866025403784,1.
))) REPRESENTATION_ITEM('') SURFACE() );
#2951 = CARTESIAN_POINT('',(1.555351624111,-4.577020868256E-14,
    6.599999904633));
#2952 = CARTESIAN_POINT('',(1.555351624111,-0.897982678865,
    6.558333237966));
#2953 = CARTESIAN_POINT('',(0.777675812056,-1.346974018298,
    6.516666571299));
#2954 = CARTESIAN_POINT('',(-3.299134840086E-16,-1.79596535773,
    6.474999904633));
#2955 = CARTESIAN_POINT('',(-0.777675812056,-1.346974018298,
    6.433333237966));
#2956 = CARTESIAN_POINT('',(-1.555351624111,-0.897982678865,
    6.391666571299));
#2957 = CARTESIAN_POINT('',(-1.555351624111,-4.345304109674E-14,
    6.349999904633));
#2958 = CARTESIAN_POINT('',(-1.555351624111,0.897982678865,
    6.308333237966));
#2959 = CARTESIAN_POINT('',(-0.777675812056,1.346974018298,
    6.266666571299));
#2960 = CARTESIAN_POINT('',(1.099711613362E-16,1.79596535773,
    6.224999904633));
#2961 = CARTESIAN_POINT('',(0.777675812056,1.346974018298,6.183333237966
    ));
#2962 = CARTESIAN_POINT('',(1.555351624111,0.897982678865,6.141666571299
    ));
#2963 = CARTESIAN_POINT('',(1.555351624111,-4.227872734372E-14,
    6.099999904633));
#2964 = CARTESIAN_POINT('',(1.555351624111,-0.897982678865,
    6.058333237966));
#2965 = CARTESIAN_POINT('',(0.777675812056,-1.346974018298,
    6.016666571299));
#2966 = CARTESIAN_POINT('',(-3.299134840086E-16,-1.79596535773,
    5.974999904633));
#2967 = CARTESIAN_POINT('',(-0.777675812056,-1.346974018298,
    5.933333237966));
#2968 = CARTESIAN_POINT('',(-1.555351624111,-0.897982678865,
    5.891666571299));
#2969 = CARTESIAN_POINT('',(-1.555351624111,-3.996155975789E-14,
    5.849999904633));
#2970 = CARTESIAN_POINT('',(-1.555351624111,0.897982678865,
    5.808333237966));
#2971 = CARTESIAN_POINT('',(-0.777675812056,1.346974018298,
    5.766666571299));
#2972 = CARTESIAN_POINT('',(1.099711613362E-16,1.79596535773,
    5.724999904633));
#2973 = CARTESIAN_POINT('',(0.777675812056,1.346974018298,5.683333237966
    ));
#2974 = CARTESIAN_POINT('',(1.555351624111,0.897982678865,5.641666571299
    ));
#2975 = CARTESIAN_POINT('',(1.555351624111,-3.878724600488E-14,
    5.599999904633));
#2976 = CARTESIAN_POINT('',(1.555351624111,-0.897982678865,
    5.558333237966));
#2977 = CARTESIAN_POINT('',(0.777675812056,-1.346974018298,
    5.516666571299));
#2978 = CARTESIAN_POINT('',(-3.299134840086E-16,-1.79596535773,
    5.474999904633));
#2979 = CARTESIAN_POINT('',(-0.777675812056,-1.346974018298,
    5.433333237966));
#2980 = CARTESIAN_POINT('',(-1.555351624111,-0.897982678865,
    5.391666571299));
#2981 = CARTESIAN_POINT('',(-1.555351624111,-3.647007841905E-14,
    5.349999904633));
#2982 = CARTESIAN_POINT('',(-1.555351624111,0.897982678865,
    5.308333237966));
#2983 = CARTESIAN_POINT('',(-0.777675812056,1.346974018298,
    5.266666571299));
#2984 = CARTESIAN_POINT('',(1.099711613362E-16,1.79596535773,
    5.224999904633));
#2985 = CARTESIAN_POINT('',(0.777675812056,1.346974018298,5.183333237966
    ));
#2986 = CARTESIAN_POINT('',(1.555351624111,0.897982678865,5.141666571299
    ));
#2987 = CARTESIAN_POINT('',(1.555351624111,-3.529576466603E-14,
    5.099999904633));
#2988 = CARTESIAN_POINT('',(1.555351624111,-0.897982678865,
    5.058333237966));
#2989 = CARTESIAN_POINT('',(0.777675812056,-1.346974018298,
    5.016666571299));
#2990 = CARTESIAN_POINT('',(-3.299134840086E-16,-1.79596535773,
    4.974999904633));
#2991 = CARTESIAN_POINT('',(-0.777675812056,-1.346974018298,
    4.933333237966));
#2992 = CARTESIAN_POINT('',(-1.555351624111,-0.897982678865,
    4.891666571299));
#2993 = CARTESIAN_POINT('',(-1.555351624111,-3.297859708021E-14,
    4.849999904633));
#2994 = CARTESIAN_POINT('',(-1.555351624111,0.897982678865,
    4.808333237966));
#2995 = CARTESIAN_POINT('',(-0.777675812056,1.346974018298,
    4.766666571299));
#2996 = CARTESIAN_POINT('',(1.099711613362E-16,1.79596535773,
    4.724999904633));
#2997 = CARTESIAN_POINT('',(0.777675812056,1.346974018298,4.683333237966
    ));
#2998 = CARTESIAN_POINT('',(1.555351624111,0.897982678865,4.641666571299
    ));
#2999 = CARTESIAN_POINT('',(1.555351624111,-3.180428332719E-14,
    4.599999904633));
#3000 = CARTESIAN_POINT('',(1.555351624111,-0.897982678865,
    4.558333237966));
#3001 = CARTESIAN_POINT('',(0.777675812056,-1.346974018298,
    4.516666571299));
#3002 = CARTESIAN_POINT('',(-3.299134840086E-16,-1.79596535773,
    4.474999904633));
#3003 = CARTESIAN_POINT('',(-0.777675812056,-1.346974018298,
    4.433333237966));
#3004 = CARTESIAN_POINT('',(-1.555351624111,-0.897982678865,
    4.391666571299));
#3005 = CARTESIAN_POINT('',(-1.555351624111,-2.948711574136E-14,
    4.349999904633));
#3006 = CARTESIAN_POINT('',(-1.555351624111,0.897982678865,
    4.308333237966));
#3007 = CARTESIAN_POINT('',(-0.777675812056,1.346974018298,
    4.266666571299));
#3008 = CARTESIAN_POINT('',(1.099711613362E-16,1.79596535773,
    4.224999904633));
#3009 = CARTESIAN_POINT('',(0.777675812056,1.346974018298,4.183333237966
    ));
#3010 = CARTESIAN_POINT('',(1.555351624111,0.897982678865,4.141666571299
    ));
#3011 = CARTESIAN_POINT('',(1.555351624111,-2.831280198835E-14,
    4.099999904633));
#3012 = CARTESIAN_POINT('',(1.321270739569,-4.703149098877E-14,
    6.788833161844));
#3013 = CARTESIAN_POINT('',(1.321270739569,-0.762836017162,
    6.747166495177));
#3014 = CARTESIAN_POINT('',(0.660635369784,-1.144254025744,6.70549982851
    ));
#3015 = CARTESIAN_POINT('',(-2.802614060077E-16,-1.525672034325,
    6.663833161844));
#3016 = CARTESIAN_POINT('',(-0.660635369784,-1.144254025744,
    6.622166495177));
#3017 = CARTESIAN_POINT('',(-1.321270739569,-0.762836017162,
    6.58049982851));
#3018 = CARTESIAN_POINT('',(-1.321270739569,-4.480032332475E-14,
    6.538833161844));
#3019 = CARTESIAN_POINT('',(-1.321270739569,0.762836017162,
    6.497166495177));
#3020 = CARTESIAN_POINT('',(-0.660635369784,1.144254025743,6.45549982851
    ));
#3021 = CARTESIAN_POINT('',(9.342046866922E-17,1.525672034325,
    6.413833161844));
#3022 = CARTESIAN_POINT('',(0.660635369784,1.144254025743,6.372166495177
    ));
#3023 = CARTESIAN_POINT('',(1.321270739569,0.762836017162,6.33049982851)
  );
#3024 = CARTESIAN_POINT('',(1.321270739569,-4.354000964993E-14,
    6.288833161844));
#3025 = CARTESIAN_POINT('',(1.321270739569,-0.762836017162,
    6.247166495177));
#3026 = CARTESIAN_POINT('',(0.660635369784,-1.144254025744,6.20549982851
    ));
#3027 = CARTESIAN_POINT('',(-2.802614060077E-16,-1.525672034325,
    6.163833161844));
#3028 = CARTESIAN_POINT('',(-0.660635369784,-1.144254025744,
    6.122166495177));
#3029 = CARTESIAN_POINT('',(-1.321270739569,-0.762836017162,
    6.08049982851));
#3030 = CARTESIAN_POINT('',(-1.321270739569,-4.13088419859E-14,
    6.038833161844));
#3031 = CARTESIAN_POINT('',(-1.321270739569,0.762836017162,
    5.997166495177));
#3032 = CARTESIAN_POINT('',(-0.660635369784,1.144254025743,5.95549982851
    ));
#3033 = CARTESIAN_POINT('',(9.342046866922E-17,1.525672034325,
    5.913833161844));
#3034 = CARTESIAN_POINT('',(0.660635369784,1.144254025743,5.872166495177
    ));
#3035 = CARTESIAN_POINT('',(1.321270739569,0.762836017162,5.83049982851)
  );
#3036 = CARTESIAN_POINT('',(1.321270739569,-4.004852831109E-14,
    5.788833161844));
#3037 = CARTESIAN_POINT('',(1.321270739569,-0.762836017162,
    5.747166495177));
#3038 = CARTESIAN_POINT('',(0.660635369784,-1.144254025744,5.70549982851
    ));
#3039 = CARTESIAN_POINT('',(-2.802614060077E-16,-1.525672034325,
    5.663833161844));
#3040 = CARTESIAN_POINT('',(-0.660635369784,-1.144254025744,
    5.622166495177));
#3041 = CARTESIAN_POINT('',(-1.321270739569,-0.762836017162,
    5.58049982851));
#3042 = CARTESIAN_POINT('',(-1.321270739569,-3.781736064706E-14,
    5.538833161844));
#3043 = CARTESIAN_POINT('',(-1.321270739569,0.762836017162,
    5.497166495177));
#3044 = CARTESIAN_POINT('',(-0.660635369784,1.144254025743,5.45549982851
    ));
#3045 = CARTESIAN_POINT('',(9.342046866922E-17,1.525672034325,
    5.413833161844));
#3046 = CARTESIAN_POINT('',(0.660635369784,1.144254025743,5.372166495177
    ));
#3047 = CARTESIAN_POINT('',(1.321270739569,0.762836017162,5.33049982851)
  );
#3048 = CARTESIAN_POINT('',(1.321270739569,-3.655704697225E-14,
    5.288833161844));
#3049 = CARTESIAN_POINT('',(1.321270739569,-0.762836017162,
    5.247166495177));
#3050 = CARTESIAN_POINT('',(0.660635369784,-1.144254025744,5.20549982851
    ));
#3051 = CARTESIAN_POINT('',(-2.802614060077E-16,-1.525672034325,
    5.163833161844));
#3052 = CARTESIAN_POINT('',(-0.660635369784,-1.144254025744,
    5.122166495177));
#3053 = CARTESIAN_POINT('',(-1.321270739569,-0.762836017162,
    5.08049982851));
#3054 = CARTESIAN_POINT('',(-1.321270739569,-3.432587930822E-14,
    5.038833161844));
#3055 = CARTESIAN_POINT('',(-1.321270739569,0.762836017162,
    4.997166495177));
#3056 = CARTESIAN_POINT('',(-0.660635369784,1.144254025743,4.95549982851
    ));
#3057 = CARTESIAN_POINT('',(9.342046866922E-17,1.525672034325,
    4.913833161844));
#3058 = CARTESIAN_POINT('',(0.660635369784,1.144254025743,4.872166495177
    ));
#3059 = CARTESIAN_POINT('',(1.321270739569,0.762836017162,4.83049982851)
  );
#3060 = CARTESIAN_POINT('',(1.321270739569,-3.30655656334E-14,
    4.788833161844));
#3061 = CARTESIAN_POINT('',(1.321270739569,-0.762836017162,
    4.747166495177));
#3062 = CARTESIAN_POINT('',(0.660635369784,-1.144254025744,4.70549982851
    ));
#3063 = CARTESIAN_POINT('',(-2.802614060077E-16,-1.525672034325,
    4.663833161844));
#3064 = CARTESIAN_POINT('',(-0.660635369784,-1.144254025744,
    4.622166495177));
#3065 = CARTESIAN_POINT('',(-1.321270739569,-0.762836017162,
    4.58049982851));
#3066 = CARTESIAN_POINT('',(-1.321270739569,-3.083439796937E-14,
    4.538833161844));
#3067 = CARTESIAN_POINT('',(-1.321270739569,0.762836017162,
    4.497166495177));
#3068 = CARTESIAN_POINT('',(-0.660635369784,1.144254025743,4.45549982851
    ));
#3069 = CARTESIAN_POINT('',(9.342046866922E-17,1.525672034325,
    4.413833161844));
#3070 = CARTESIAN_POINT('',(0.660635369784,1.144254025743,4.372166495177
    ));
#3071 = CARTESIAN_POINT('',(1.321270739569,0.762836017162,4.33049982851)
  );
#3072 = CARTESIAN_POINT('',(1.321270739569,-2.957408429456E-14,
    4.288833161844));
#3073 = ADVANCED_FACE('',(#3074),#3089,.F.);
#3074 = FACE_BOUND('',#3075,.F.);
#3075 = EDGE_LOOP('',(#3076,#3077,#3087,#3088));
#3076 = ORIENTED_EDGE('',*,*,#206,.T.);
#3077 = ORIENTED_EDGE('',*,*,#3078,.F.);
#3078 = EDGE_CURVE('',#161,#198,#3079,.T.);
#3079 = ( BOUNDED_CURVE() B_SPLINE_CURVE(2,(#3080,#3081,#3082,#3083,
#3084,#3085,#3086),.UNSPECIFIED.,.F.,.F.) B_SPLINE_CURVE_WITH_KNOTS((3,2
    ,2,3),(0.923845172618,0.933333333333,0.966666666667,0.971997088135),
.UNSPECIFIED.) CURVE() GEOMETRIC_REPRESENTATION_ITEM() 
RATIONAL_B_SPLINE_CURVE((0.94543961013,0.961864824981,1.,0.866025403784,
1.,0.978575768085,0.964003547315)) REPRESENTATION_ITEM('') );
#3080 = CARTESIAN_POINT('',(-1.134423204632,1.064050124485,
    4.289351311795));
#3081 = CARTESIAN_POINT('',(-0.976980937363,1.231905150551,
    4.277345031517));
#3082 = CARTESIAN_POINT('',(-0.777675812056,1.346974018298,
    4.266666571299));
#3083 = CARTESIAN_POINT('',(1.099711613362E-16,1.79596535773,
    4.224999904633));
#3084 = CARTESIAN_POINT('',(0.777675812056,1.346974018298,4.183333237966
    ));
#3085 = CARTESIAN_POINT('',(0.887732786559,1.283432594442,4.17743655557)
  );
#3086 = CARTESIAN_POINT('',(0.98601534873,1.202868407887,4.171065439256)
  );
#3087 = ORIENTED_EDGE('',*,*,#160,.T.);
#3088 = ORIENTED_EDGE('',*,*,#1106,.T.);
#3089 = ( BOUNDED_SURFACE() B_SPLINE_SURFACE(1,2,(
    (#3090,#3091,#3092,#3093,#3094,#3095,#3096,#3097,#3098,#3099,#3100
      ,#3101,#3102,#3103,#3104,#3105,#3106,#3107,#3108,#3109,#3110,#3111
      ,#3112,#3113,#3114,#3115,#3116,#3117,#3118,#3119,#3120,#3121,#3122
      ,#3123,#3124,#3125,#3126,#3127,#3128,#3129,#3130,#3131,#3132,#3133
      ,#3134,#3135,#3136,#3137,#3138,#3139,#3140,#3141,#3142,#3143,#3144
      ,#3145,#3146,#3147,#3148,#3149,#3150)
    ,(#3151,#3152,#3153,#3154,#3155,#3156,#3157,#3158,#3159,#3160,#3161
      ,#3162,#3163,#3164,#3165,#3166,#3167,#3168,#3169,#3170,#3171,#3172
      ,#3173,#3174,#3175,#3176,#3177,#3178,#3179,#3180,#3181,#3182,#3183
      ,#3184,#3185,#3186,#3187,#3188,#3189,#3190,#3191,#3192,#3193,#3194
      ,#3195,#3196,#3197,#3198,#3199,#3200,#3201,#3202,#3203,#3204,#3205
      ,#3206,#3207,#3208,#3209,#3210,#3211
)),.UNSPECIFIED.,.F.,.F.,.F.) B_SPLINE_SURFACE_WITH_KNOTS((2,2),(3,2,2,2
    ,2,2,2,2,2,2,2,2,2,2,2,2,2,2,2,2,2,2,2,2,2,2,2,2,2,2,3),(0.,1.),(0.,
    3.333333333333E-02,6.666666666667E-02,0.1,0.133333333333,
    0.166666666667,0.2,0.233333333333,0.266666666667,0.3,0.333333333333,
    0.366666666667,0.4,0.433333333333,0.466666666667,0.5,0.533333333333,
    0.566666666667,0.6,0.633333333333,0.666666666667,0.7,0.733333333333,
    0.766666666667,0.8,0.833333333333,0.866666666667,0.9,0.933333333333,
0.966666666667,1.),.UNSPECIFIED.) GEOMETRIC_REPRESENTATION_ITEM() 
RATIONAL_B_SPLINE_SURFACE((
    (1.,0.866025403784,1.,0.866025403784,1.,0.866025403784,1.
      ,0.866025403784,1.,0.866025403784,1.,0.866025403784,1.
      ,0.866025403784,1.,0.866025403784,1.,0.866025403784,1.
      ,0.866025403784,1.,0.866025403784,1.,0.866025403784,1.
      ,0.866025403784,1.,0.866025403784,1.,0.866025403784,1.
      ,0.866025403784,1.,0.866025403784,1.,0.866025403784,1.
      ,0.866025403784,1.,0.866025403784,1.,0.866025403784,1.
      ,0.866025403784,1.,0.866025403784,1.,0.866025403784,1.
      ,0.866025403784,1.,0.866025403784,1.,0.866025403784,1.
      ,0.866025403784,1.,0.866025403784,1.,0.866025403784,1.)
    ,(1.,0.866025403784,1.,0.866025403784,1.,0.866025403784,1.
      ,0.866025403784,1.,0.866025403784,1.,0.866025403784,1.
      ,0.866025403784,1.,0.866025403784,1.,0.866025403784,1.
      ,0.866025403784,1.,0.866025403784,1.,0.866025403784,1.
      ,0.866025403784,1.,0.866025403784,1.,0.866025403784,1.
      ,0.866025403784,1.,0.866025403784,1.,0.866025403784,1.
      ,0.866025403784,1.,0.866025403784,1.,0.866025403784,1.
      ,0.866025403784,1.,0.866025403784,1.,0.866025403784,1.
      ,0.866025403784,1.,0.866025403784,1.,0.866025403784,1.
      ,0.866025403784,1.,0.866025403784,1.,0.866025403784,1.
))) REPRESENTATION_ITEM('') SURFACE() );
#3090 = CARTESIAN_POINT('',(1.555351624111,-4.577020868256E-14,
    6.599999904633));
#3091 = CARTESIAN_POINT('',(1.555351624111,-0.897982678865,
    6.558333237966));
#3092 = CARTESIAN_POINT('',(0.777675812056,-1.346974018298,
    6.516666571299));
#3093 = CARTESIAN_POINT('',(-3.299134840086E-16,-1.79596535773,
    6.474999904633));
#3094 = CARTESIAN_POINT('',(-0.777675812056,-1.346974018298,
    6.433333237966));
#3095 = CARTESIAN_POINT('',(-1.555351624111,-0.897982678865,
    6.391666571299));
#3096 = CARTESIAN_POINT('',(-1.555351624111,-4.345304109674E-14,
    6.349999904633));
#3097 = CARTESIAN_POINT('',(-1.555351624111,0.897982678865,
    6.308333237966));
#3098 = CARTESIAN_POINT('',(-0.777675812056,1.346974018298,
    6.266666571299));
#3099 = CARTESIAN_POINT('',(1.099711613362E-16,1.79596535773,
    6.224999904633));
#3100 = CARTESIAN_POINT('',(0.777675812056,1.346974018298,6.183333237966
    ));
#3101 = CARTESIAN_POINT('',(1.555351624111,0.897982678865,6.141666571299
    ));
#3102 = CARTESIAN_POINT('',(1.555351624111,-4.227872734372E-14,
    6.099999904633));
#3103 = CARTESIAN_POINT('',(1.555351624111,-0.897982678865,
    6.058333237966));
#3104 = CARTESIAN_POINT('',(0.777675812056,-1.346974018298,
    6.016666571299));
#3105 = CARTESIAN_POINT('',(-3.299134840086E-16,-1.79596535773,
    5.974999904633));
#3106 = CARTESIAN_POINT('',(-0.777675812056,-1.346974018298,
    5.933333237966));
#3107 = CARTESIAN_POINT('',(-1.555351624111,-0.897982678865,
    5.891666571299));
#3108 = CARTESIAN_POINT('',(-1.555351624111,-3.996155975789E-14,
    5.849999904633));
#3109 = CARTESIAN_POINT('',(-1.555351624111,0.897982678865,
    5.808333237966));
#3110 = CARTESIAN_POINT('',(-0.777675812056,1.346974018298,
    5.766666571299));
#3111 = CARTESIAN_POINT('',(1.099711613362E-16,1.79596535773,
    5.724999904633));
#3112 = CARTESIAN_POINT('',(0.777675812056,1.346974018298,5.683333237966
    ));
#3113 = CARTESIAN_POINT('',(1.555351624111,0.897982678865,5.641666571299
    ));
#3114 = CARTESIAN_POINT('',(1.555351624111,-3.878724600488E-14,
    5.599999904633));
#3115 = CARTESIAN_POINT('',(1.555351624111,-0.897982678865,
    5.558333237966));
#3116 = CARTESIAN_POINT('',(0.777675812056,-1.346974018298,
    5.516666571299));
#3117 = CARTESIAN_POINT('',(-3.299134840086E-16,-1.79596535773,
    5.474999904633));
#3118 = CARTESIAN_POINT('',(-0.777675812056,-1.346974018298,
    5.433333237966));
#3119 = CARTESIAN_POINT('',(-1.555351624111,-0.897982678865,
    5.391666571299));
#3120 = CARTESIAN_POINT('',(-1.555351624111,-3.647007841905E-14,
    5.349999904633));
#3121 = CARTESIAN_POINT('',(-1.555351624111,0.897982678865,
    5.308333237966));
#3122 = CARTESIAN_POINT('',(-0.777675812056,1.346974018298,
    5.266666571299));
#3123 = CARTESIAN_POINT('',(1.099711613362E-16,1.79596535773,
    5.224999904633));
#3124 = CARTESIAN_POINT('',(0.777675812056,1.346974018298,5.183333237966
    ));
#3125 = CARTESIAN_POINT('',(1.555351624111,0.897982678865,5.141666571299
    ));
#3126 = CARTESIAN_POINT('',(1.555351624111,-3.529576466603E-14,
    5.099999904633));
#3127 = CARTESIAN_POINT('',(1.555351624111,-0.897982678865,
    5.058333237966));
#3128 = CARTESIAN_POINT('',(0.777675812056,-1.346974018298,
    5.016666571299));
#3129 = CARTESIAN_POINT('',(-3.299134840086E-16,-1.79596535773,
    4.974999904633));
#3130 = CARTESIAN_POINT('',(-0.777675812056,-1.346974018298,
    4.933333237966));
#3131 = CARTESIAN_POINT('',(-1.555351624111,-0.897982678865,
    4.891666571299));
#3132 = CARTESIAN_POINT('',(-1.555351624111,-3.297859708021E-14,
    4.849999904633));
#3133 = CARTESIAN_POINT('',(-1.555351624111,0.897982678865,
    4.808333237966));
#3134 = CARTESIAN_POINT('',(-0.777675812056,1.346974018298,
    4.766666571299));
#3135 = CARTESIAN_POINT('',(1.099711613362E-16,1.79596535773,
    4.724999904633));
#3136 = CARTESIAN_POINT('',(0.777675812056,1.346974018298,4.683333237966
    ));
#3137 = CARTESIAN_POINT('',(1.555351624111,0.897982678865,4.641666571299
    ));
#3138 = CARTESIAN_POINT('',(1.555351624111,-3.180428332719E-14,
    4.599999904633));
#3139 = CARTESIAN_POINT('',(1.555351624111,-0.897982678865,
    4.558333237966));
#3140 = CARTESIAN_POINT('',(0.777675812056,-1.346974018298,
    4.516666571299));
#3141 = CARTESIAN_POINT('',(-3.299134840086E-16,-1.79596535773,
    4.474999904633));
#3142 = CARTESIAN_POINT('',(-0.777675812056,-1.346974018298,
    4.433333237966));
#3143 = CARTESIAN_POINT('',(-1.555351624111,-0.897982678865,
    4.391666571299));
#3144 = CARTESIAN_POINT('',(-1.555351624111,-2.948711574136E-14,
    4.349999904633));
#3145 = CARTESIAN_POINT('',(-1.555351624111,0.897982678865,
    4.308333237966));
#3146 = CARTESIAN_POINT('',(-0.777675812056,1.346974018298,
    4.266666571299));
#3147 = CARTESIAN_POINT('',(1.099711613362E-16,1.79596535773,
    4.224999904633));
#3148 = CARTESIAN_POINT('',(0.777675812056,1.346974018298,4.183333237966
    ));
#3149 = CARTESIAN_POINT('',(1.555351624111,0.897982678865,4.141666571299
    ));
#3150 = CARTESIAN_POINT('',(1.555351624111,-2.831280198835E-14,
    4.099999904633));
#3151 = CARTESIAN_POINT('',(1.321270739569,-4.703149098877E-14,
    6.788833161844));
#3152 = CARTESIAN_POINT('',(1.321270739569,-0.762836017162,
    6.747166495177));
#3153 = CARTESIAN_POINT('',(0.660635369784,-1.144254025744,6.70549982851
    ));
#3154 = CARTESIAN_POINT('',(-2.802614060077E-16,-1.525672034325,
    6.663833161844));
#3155 = CARTESIAN_POINT('',(-0.660635369784,-1.144254025744,
    6.622166495177));
#3156 = CARTESIAN_POINT('',(-1.321270739569,-0.762836017162,
    6.58049982851));
#3157 = CARTESIAN_POINT('',(-1.321270739569,-4.480032332475E-14,
    6.538833161844));
#3158 = CARTESIAN_POINT('',(-1.321270739569,0.762836017162,
    6.497166495177));
#3159 = CARTESIAN_POINT('',(-0.660635369784,1.144254025743,6.45549982851
    ));
#3160 = CARTESIAN_POINT('',(9.342046866922E-17,1.525672034325,
    6.413833161844));
#3161 = CARTESIAN_POINT('',(0.660635369784,1.144254025743,6.372166495177
    ));
#3162 = CARTESIAN_POINT('',(1.321270739569,0.762836017162,6.33049982851)
  );
#3163 = CARTESIAN_POINT('',(1.321270739569,-4.354000964993E-14,
    6.288833161844));
#3164 = CARTESIAN_POINT('',(1.321270739569,-0.762836017162,
    6.247166495177));
#3165 = CARTESIAN_POINT('',(0.660635369784,-1.144254025744,6.20549982851
    ));
#3166 = CARTESIAN_POINT('',(-2.802614060077E-16,-1.525672034325,
    6.163833161844));
#3167 = CARTESIAN_POINT('',(-0.660635369784,-1.144254025744,
    6.122166495177));
#3168 = CARTESIAN_POINT('',(-1.321270739569,-0.762836017162,
    6.08049982851));
#3169 = CARTESIAN_POINT('',(-1.321270739569,-4.13088419859E-14,
    6.038833161844));
#3170 = CARTESIAN_POINT('',(-1.321270739569,0.762836017162,
    5.997166495177));
#3171 = CARTESIAN_POINT('',(-0.660635369784,1.144254025743,5.95549982851
    ));
#3172 = CARTESIAN_POINT('',(9.342046866922E-17,1.525672034325,
    5.913833161844));
#3173 = CARTESIAN_POINT('',(0.660635369784,1.144254025743,5.872166495177
    ));
#3174 = CARTESIAN_POINT('',(1.321270739569,0.762836017162,5.83049982851)
  );
#3175 = CARTESIAN_POINT('',(1.321270739569,-4.004852831109E-14,
    5.788833161844));
#3176 = CARTESIAN_POINT('',(1.321270739569,-0.762836017162,
    5.747166495177));
#3177 = CARTESIAN_POINT('',(0.660635369784,-1.144254025744,5.70549982851
    ));
#3178 = CARTESIAN_POINT('',(-2.802614060077E-16,-1.525672034325,
    5.663833161844));
#3179 = CARTESIAN_POINT('',(-0.660635369784,-1.144254025744,
    5.622166495177));
#3180 = CARTESIAN_POINT('',(-1.321270739569,-0.762836017162,
    5.58049982851));
#3181 = CARTESIAN_POINT('',(-1.321270739569,-3.781736064706E-14,
    5.538833161844));
#3182 = CARTESIAN_POINT('',(-1.321270739569,0.762836017162,
    5.497166495177));
#3183 = CARTESIAN_POINT('',(-0.660635369784,1.144254025743,5.45549982851
    ));
#3184 = CARTESIAN_POINT('',(9.342046866922E-17,1.525672034325,
    5.413833161844));
#3185 = CARTESIAN_POINT('',(0.660635369784,1.144254025743,5.372166495177
    ));
#3186 = CARTESIAN_POINT('',(1.321270739569,0.762836017162,5.33049982851)
  );
#3187 = CARTESIAN_POINT('',(1.321270739569,-3.655704697225E-14,
    5.288833161844));
#3188 = CARTESIAN_POINT('',(1.321270739569,-0.762836017162,
    5.247166495177));
#3189 = CARTESIAN_POINT('',(0.660635369784,-1.144254025744,5.20549982851
    ));
#3190 = CARTESIAN_POINT('',(-2.802614060077E-16,-1.525672034325,
    5.163833161844));
#3191 = CARTESIAN_POINT('',(-0.660635369784,-1.144254025744,
    5.122166495177));
#3192 = CARTESIAN_POINT('',(-1.321270739569,-0.762836017162,
    5.08049982851));
#3193 = CARTESIAN_POINT('',(-1.321270739569,-3.432587930822E-14,
    5.038833161844));
#3194 = CARTESIAN_POINT('',(-1.321270739569,0.762836017162,
    4.997166495177));
#3195 = CARTESIAN_POINT('',(-0.660635369784,1.144254025743,4.95549982851
    ));
#3196 = CARTESIAN_POINT('',(9.342046866922E-17,1.525672034325,
    4.913833161844));
#3197 = CARTESIAN_POINT('',(0.660635369784,1.144254025743,4.872166495177
    ));
#3198 = CARTESIAN_POINT('',(1.321270739569,0.762836017162,4.83049982851)
  );
#3199 = CARTESIAN_POINT('',(1.321270739569,-3.30655656334E-14,
    4.788833161844));
#3200 = CARTESIAN_POINT('',(1.321270739569,-0.762836017162,
    4.747166495177));
#3201 = CARTESIAN_POINT('',(0.660635369784,-1.144254025744,4.70549982851
    ));
#3202 = CARTESIAN_POINT('',(-2.802614060077E-16,-1.525672034325,
    4.663833161844));
#3203 = CARTESIAN_POINT('',(-0.660635369784,-1.144254025744,
    4.622166495177));
#3204 = CARTESIAN_POINT('',(-1.321270739569,-0.762836017162,
    4.58049982851));
#3205 = CARTESIAN_POINT('',(-1.321270739569,-3.083439796937E-14,
    4.538833161844));
#3206 = CARTESIAN_POINT('',(-1.321270739569,0.762836017162,
    4.497166495177));
#3207 = CARTESIAN_POINT('',(-0.660635369784,1.144254025743,4.45549982851
    ));
#3208 = CARTESIAN_POINT('',(9.342046866922E-17,1.525672034325,
    4.413833161844));
#3209 = CARTESIAN_POINT('',(0.660635369784,1.144254025743,4.372166495177
    ));
#3210 = CARTESIAN_POINT('',(1.321270739569,0.762836017162,4.33049982851)
  );
#3211 = CARTESIAN_POINT('',(1.321270739569,-2.957408429456E-14,
    4.288833161844));
#3212 = ADVANCED_FACE('',(#3213),#3219,.F.);
#3213 = FACE_BOUND('',#3214,.F.);
#3214 = EDGE_LOOP('',(#3215,#3216,#3217,#3218));
#3215 = ORIENTED_EDGE('',*,*,#197,.T.);
#3216 = ORIENTED_EDGE('',*,*,#1126,.T.);
#3217 = ORIENTED_EDGE('',*,*,#169,.T.);
#3218 = ORIENTED_EDGE('',*,*,#3078,.T.);
#3219 = ( BOUNDED_SURFACE() B_SPLINE_SURFACE(1,2,(
    (#3220,#3221,#3222,#3223,#3224,#3225,#3226,#3227,#3228,#3229,#3230
      ,#3231,#3232,#3233,#3234,#3235,#3236,#3237,#3238,#3239,#3240,#3241
      ,#3242,#3243,#3244,#3245,#3246,#3247,#3248,#3249,#3250,#3251,#3252
      ,#3253,#3254,#3255,#3256,#3257,#3258,#3259,#3260,#3261,#3262,#3263
      ,#3264,#3265,#3266,#3267,#3268,#3269,#3270,#3271,#3272,#3273,#3274
      ,#3275,#3276,#3277,#3278,#3279,#3280)
    ,(#3281,#3282,#3283,#3284,#3285,#3286,#3287,#3288,#3289,#3290,#3291
      ,#3292,#3293,#3294,#3295,#3296,#3297,#3298,#3299,#3300,#3301,#3302
      ,#3303,#3304,#3305,#3306,#3307,#3308,#3309,#3310,#3311,#3312,#3313
      ,#3314,#3315,#3316,#3317,#3318,#3319,#3320,#3321,#3322,#3323,#3324
      ,#3325,#3326,#3327,#3328,#3329,#3330,#3331,#3332,#3333,#3334,#3335
      ,#3336,#3337,#3338,#3339,#3340,#3341
)),.UNSPECIFIED.,.F.,.F.,.F.) B_SPLINE_SURFACE_WITH_KNOTS((2,2),(3,2,2,2
    ,2,2,2,2,2,2,2,2,2,2,2,2,2,2,2,2,2,2,2,2,2,2,2,2,2,2,3),(0.,1.),(0.,
    3.333333333333E-02,6.666666666667E-02,0.1,0.133333333333,
    0.166666666667,0.2,0.233333333333,0.266666666667,0.3,0.333333333333,
    0.366666666667,0.4,0.433333333333,0.466666666667,0.5,0.533333333333,
    0.566666666667,0.6,0.633333333333,0.666666666667,0.7,0.733333333333,
    0.766666666667,0.8,0.833333333333,0.866666666667,0.9,0.933333333333,
0.966666666667,1.),.UNSPECIFIED.) GEOMETRIC_REPRESENTATION_ITEM() 
RATIONAL_B_SPLINE_SURFACE((
    (1.,0.866025403784,1.,0.866025403784,1.,0.866025403784,1.
      ,0.866025403784,1.,0.866025403784,1.,0.866025403784,1.
      ,0.866025403784,1.,0.866025403784,1.,0.866025403784,1.
      ,0.866025403784,1.,0.866025403784,1.,0.866025403784,1.
      ,0.866025403784,1.,0.866025403784,1.,0.866025403784,1.
      ,0.866025403784,1.,0.866025403784,1.,0.866025403784,1.
      ,0.866025403784,1.,0.866025403784,1.,0.866025403784,1.
      ,0.866025403784,1.,0.866025403784,1.,0.866025403784,1.
      ,0.866025403784,1.,0.866025403784,1.,0.866025403784,1.
      ,0.866025403784,1.,0.866025403784,1.,0.866025403784,1.)
    ,(1.,0.866025403784,1.,0.866025403784,1.,0.866025403784,1.
      ,0.866025403784,1.,0.866025403784,1.,0.866025403784,1.
      ,0.866025403784,1.,0.866025403784,1.,0.866025403784,1.
      ,0.866025403784,1.,0.866025403784,1.,0.866025403784,1.
      ,0.866025403784,1.,0.866025403784,1.,0.866025403784,1.
      ,0.866025403784,1.,0.866025403784,1.,0.866025403784,1.
      ,0.866025403784,1.,0.866025403784,1.,0.866025403784,1.
      ,0.866025403784,1.,0.866025403784,1.,0.866025403784,1.
      ,0.866025403784,1.,0.866025403784,1.,0.866025403784,1.
      ,0.866025403784,1.,0.866025403784,1.,0.866025403784,1.
))) REPRESENTATION_ITEM('') SURFACE() );
#3220 = CARTESIAN_POINT('',(1.321270739569,-4.464039906793E-14,
    6.446415189528));
#3221 = CARTESIAN_POINT('',(1.321270739569,-0.762836017162,
    6.404748522861));
#3222 = CARTESIAN_POINT('',(0.660635369784,-1.144254025744,
    6.363081856195));
#3223 = CARTESIAN_POINT('',(-2.802614060077E-16,-1.525672034325,
    6.321415189528));
#3224 = CARTESIAN_POINT('',(-0.660635369784,-1.144254025744,
    6.279748522861));
#3225 = CARTESIAN_POINT('',(-1.321270739569,-0.762836017162,
    6.238081856195));
#3226 = CARTESIAN_POINT('',(-1.321270739569,-4.24092314039E-14,
    6.196415189528));
#3227 = CARTESIAN_POINT('',(-1.321270739569,0.762836017162,
    6.154748522861));
#3228 = CARTESIAN_POINT('',(-0.660635369784,1.144254025743,
    6.113081856195));
#3229 = CARTESIAN_POINT('',(9.342046866922E-17,1.525672034325,
    6.071415189528));
#3230 = CARTESIAN_POINT('',(0.660635369784,1.144254025743,6.029748522861
    ));
#3231 = CARTESIAN_POINT('',(1.321270739569,0.762836017162,5.988081856195
    ));
#3232 = CARTESIAN_POINT('',(1.321270739569,-4.114891772908E-14,
    5.946415189528));
#3233 = CARTESIAN_POINT('',(1.321270739569,-0.762836017162,
    5.904748522861));
#3234 = CARTESIAN_POINT('',(0.660635369784,-1.144254025744,
    5.863081856195));
#3235 = CARTESIAN_POINT('',(-2.802614060077E-16,-1.525672034325,
    5.821415189528));
#3236 = CARTESIAN_POINT('',(-0.660635369784,-1.144254025744,
    5.779748522861));
#3237 = CARTESIAN_POINT('',(-1.321270739569,-0.762836017162,
    5.738081856195));
#3238 = CARTESIAN_POINT('',(-1.321270739569,-3.891775006505E-14,
    5.696415189528));
#3239 = CARTESIAN_POINT('',(-1.321270739569,0.762836017162,
    5.654748522861));
#3240 = CARTESIAN_POINT('',(-0.660635369784,1.144254025743,
    5.613081856195));
#3241 = CARTESIAN_POINT('',(9.342046866922E-17,1.525672034325,
    5.571415189528));
#3242 = CARTESIAN_POINT('',(0.660635369784,1.144254025743,5.529748522861
    ));
#3243 = CARTESIAN_POINT('',(1.321270739569,0.762836017162,5.488081856195
    ));
#3244 = CARTESIAN_POINT('',(1.321270739569,-3.765743639024E-14,
    5.446415189528));
#3245 = CARTESIAN_POINT('',(1.321270739569,-0.762836017162,
    5.404748522861));
#3246 = CARTESIAN_POINT('',(0.660635369784,-1.144254025744,
    5.363081856195));
#3247 = CARTESIAN_POINT('',(-2.802614060077E-16,-1.525672034325,
    5.321415189528));
#3248 = CARTESIAN_POINT('',(-0.660635369784,-1.144254025744,
    5.279748522861));
#3249 = CARTESIAN_POINT('',(-1.321270739569,-0.762836017162,
    5.238081856195));
#3250 = CARTESIAN_POINT('',(-1.321270739569,-3.542626872621E-14,
    5.196415189528));
#3251 = CARTESIAN_POINT('',(-1.321270739569,0.762836017162,
    5.154748522861));
#3252 = CARTESIAN_POINT('',(-0.660635369784,1.144254025743,
    5.113081856195));
#3253 = CARTESIAN_POINT('',(9.342046866922E-17,1.525672034325,
    5.071415189528));
#3254 = CARTESIAN_POINT('',(0.660635369784,1.144254025743,5.029748522861
    ));
#3255 = CARTESIAN_POINT('',(1.321270739569,0.762836017162,4.988081856195
    ));
#3256 = CARTESIAN_POINT('',(1.321270739569,-3.41659550514E-14,
    4.946415189528));
#3257 = CARTESIAN_POINT('',(1.321270739569,-0.762836017162,
    4.904748522861));
#3258 = CARTESIAN_POINT('',(0.660635369784,-1.144254025744,
    4.863081856195));
#3259 = CARTESIAN_POINT('',(-2.802614060077E-16,-1.525672034325,
    4.821415189528));
#3260 = CARTESIAN_POINT('',(-0.660635369784,-1.144254025744,
    4.779748522861));
#3261 = CARTESIAN_POINT('',(-1.321270739569,-0.762836017162,
    4.738081856195));
#3262 = CARTESIAN_POINT('',(-1.321270739569,-3.193478738737E-14,
    4.696415189528));
#3263 = CARTESIAN_POINT('',(-1.321270739569,0.762836017162,
    4.654748522861));
#3264 = CARTESIAN_POINT('',(-0.660635369784,1.144254025743,
    4.613081856195));
#3265 = CARTESIAN_POINT('',(9.342046866922E-17,1.525672034325,
    4.571415189528));
#3266 = CARTESIAN_POINT('',(0.660635369784,1.144254025743,4.529748522861
    ));
#3267 = CARTESIAN_POINT('',(1.321270739569,0.762836017162,4.488081856195
    ));
#3268 = CARTESIAN_POINT('',(1.321270739569,-3.067447371255E-14,
    4.446415189528));
#3269 = CARTESIAN_POINT('',(1.321270739569,-0.762836017162,
    4.404748522861));
#3270 = CARTESIAN_POINT('',(0.660635369784,-1.144254025744,
    4.363081856195));
#3271 = CARTESIAN_POINT('',(-2.802614060077E-16,-1.525672034325,
    4.321415189528));
#3272 = CARTESIAN_POINT('',(-0.660635369784,-1.144254025744,
    4.279748522861));
#3273 = CARTESIAN_POINT('',(-1.321270739569,-0.762836017162,
    4.238081856195));
#3274 = CARTESIAN_POINT('',(-1.321270739569,-2.844330604853E-14,
    4.196415189528));
#3275 = CARTESIAN_POINT('',(-1.321270739569,0.762836017162,
    4.154748522861));
#3276 = CARTESIAN_POINT('',(-0.660635369784,1.144254025744,
    4.113081856195));
#3277 = CARTESIAN_POINT('',(9.342046866922E-17,1.525672034325,
    4.071415189528));
#3278 = CARTESIAN_POINT('',(0.660635369784,1.144254025744,4.029748522861
    ));
#3279 = CARTESIAN_POINT('',(1.321270739569,0.762836017162,3.988081856195
    ));
#3280 = CARTESIAN_POINT('',(1.321270739569,-2.718299237371E-14,
    3.946415189528));
#3281 = CARTESIAN_POINT('',(1.555351624111,-4.577020868256E-14,
    6.599999904633));
#3282 = CARTESIAN_POINT('',(1.555351624111,-0.897982678865,
    6.558333237966));
#3283 = CARTESIAN_POINT('',(0.777675812056,-1.346974018298,
    6.516666571299));
#3284 = CARTESIAN_POINT('',(-3.299134840086E-16,-1.79596535773,
    6.474999904633));
#3285 = CARTESIAN_POINT('',(-0.777675812056,-1.346974018298,
    6.433333237966));
#3286 = CARTESIAN_POINT('',(-1.555351624111,-0.897982678865,
    6.391666571299));
#3287 = CARTESIAN_POINT('',(-1.555351624111,-4.345304109674E-14,
    6.349999904633));
#3288 = CARTESIAN_POINT('',(-1.555351624111,0.897982678865,
    6.308333237966));
#3289 = CARTESIAN_POINT('',(-0.777675812056,1.346974018298,
    6.266666571299));
#3290 = CARTESIAN_POINT('',(1.099711613362E-16,1.79596535773,
    6.224999904633));
#3291 = CARTESIAN_POINT('',(0.777675812056,1.346974018298,6.183333237966
    ));
#3292 = CARTESIAN_POINT('',(1.555351624111,0.897982678865,6.141666571299
    ));
#3293 = CARTESIAN_POINT('',(1.555351624111,-4.227872734372E-14,
    6.099999904633));
#3294 = CARTESIAN_POINT('',(1.555351624111,-0.897982678865,
    6.058333237966));
#3295 = CARTESIAN_POINT('',(0.777675812056,-1.346974018298,
    6.016666571299));
#3296 = CARTESIAN_POINT('',(-3.299134840086E-16,-1.79596535773,
    5.974999904633));
#3297 = CARTESIAN_POINT('',(-0.777675812056,-1.346974018298,
    5.933333237966));
#3298 = CARTESIAN_POINT('',(-1.555351624111,-0.897982678865,
    5.891666571299));
#3299 = CARTESIAN_POINT('',(-1.555351624111,-3.996155975789E-14,
    5.849999904633));
#3300 = CARTESIAN_POINT('',(-1.555351624111,0.897982678865,
    5.808333237966));
#3301 = CARTESIAN_POINT('',(-0.777675812056,1.346974018298,
    5.766666571299));
#3302 = CARTESIAN_POINT('',(1.099711613362E-16,1.79596535773,
    5.724999904633));
#3303 = CARTESIAN_POINT('',(0.777675812056,1.346974018298,5.683333237966
    ));
#3304 = CARTESIAN_POINT('',(1.555351624111,0.897982678865,5.641666571299
    ));
#3305 = CARTESIAN_POINT('',(1.555351624111,-3.878724600488E-14,
    5.599999904633));
#3306 = CARTESIAN_POINT('',(1.555351624111,-0.897982678865,
    5.558333237966));
#3307 = CARTESIAN_POINT('',(0.777675812056,-1.346974018298,
    5.516666571299));
#3308 = CARTESIAN_POINT('',(-3.299134840086E-16,-1.79596535773,
    5.474999904633));
#3309 = CARTESIAN_POINT('',(-0.777675812056,-1.346974018298,
    5.433333237966));
#3310 = CARTESIAN_POINT('',(-1.555351624111,-0.897982678865,
    5.391666571299));
#3311 = CARTESIAN_POINT('',(-1.555351624111,-3.647007841905E-14,
    5.349999904633));
#3312 = CARTESIAN_POINT('',(-1.555351624111,0.897982678865,
    5.308333237966));
#3313 = CARTESIAN_POINT('',(-0.777675812056,1.346974018298,
    5.266666571299));
#3314 = CARTESIAN_POINT('',(1.099711613362E-16,1.79596535773,
    5.224999904633));
#3315 = CARTESIAN_POINT('',(0.777675812056,1.346974018298,5.183333237966
    ));
#3316 = CARTESIAN_POINT('',(1.555351624111,0.897982678865,5.141666571299
    ));
#3317 = CARTESIAN_POINT('',(1.555351624111,-3.529576466603E-14,
    5.099999904633));
#3318 = CARTESIAN_POINT('',(1.555351624111,-0.897982678865,
    5.058333237966));
#3319 = CARTESIAN_POINT('',(0.777675812056,-1.346974018298,
    5.016666571299));
#3320 = CARTESIAN_POINT('',(-3.299134840086E-16,-1.79596535773,
    4.974999904633));
#3321 = CARTESIAN_POINT('',(-0.777675812056,-1.346974018298,
    4.933333237966));
#3322 = CARTESIAN_POINT('',(-1.555351624111,-0.897982678865,
    4.891666571299));
#3323 = CARTESIAN_POINT('',(-1.555351624111,-3.297859708021E-14,
    4.849999904633));
#3324 = CARTESIAN_POINT('',(-1.555351624111,0.897982678865,
    4.808333237966));
#3325 = CARTESIAN_POINT('',(-0.777675812056,1.346974018298,
    4.766666571299));
#3326 = CARTESIAN_POINT('',(1.099711613362E-16,1.79596535773,
    4.724999904633));
#3327 = CARTESIAN_POINT('',(0.777675812056,1.346974018298,4.683333237966
    ));
#3328 = CARTESIAN_POINT('',(1.555351624111,0.897982678865,4.641666571299
    ));
#3329 = CARTESIAN_POINT('',(1.555351624111,-3.180428332719E-14,
    4.599999904633));
#3330 = CARTESIAN_POINT('',(1.555351624111,-0.897982678865,
    4.558333237966));
#3331 = CARTESIAN_POINT('',(0.777675812056,-1.346974018298,
    4.516666571299));
#3332 = CARTESIAN_POINT('',(-3.299134840086E-16,-1.79596535773,
    4.474999904633));
#3333 = CARTESIAN_POINT('',(-0.777675812056,-1.346974018298,
    4.433333237966));
#3334 = CARTESIAN_POINT('',(-1.555351624111,-0.897982678865,
    4.391666571299));
#3335 = CARTESIAN_POINT('',(-1.555351624111,-2.948711574136E-14,
    4.349999904633));
#3336 = CARTESIAN_POINT('',(-1.555351624111,0.897982678865,
    4.308333237966));
#3337 = CARTESIAN_POINT('',(-0.777675812056,1.346974018298,
    4.266666571299));
#3338 = CARTESIAN_POINT('',(1.099711613362E-16,1.79596535773,
    4.224999904633));
#3339 = CARTESIAN_POINT('',(0.777675812056,1.346974018298,4.183333237966
    ));
#3340 = CARTESIAN_POINT('',(1.555351624111,0.897982678865,4.141666571299
    ));
#3341 = CARTESIAN_POINT('',(1.555351624111,-2.831280198835E-14,
    4.099999904633));
#3342 = ADVANCED_FACE('',(#3343),#3368,.T.);
#3343 = FACE_BOUND('',#3344,.T.);
#3344 = EDGE_LOOP('',(#3345,#3346,#3354,#3362));
#3345 = ORIENTED_EDGE('',*,*,#875,.F.);
#3346 = ORIENTED_EDGE('',*,*,#3347,.F.);
#3347 = EDGE_CURVE('',#3348,#876,#3350,.T.);
#3348 = VERTEX_POINT('',#3349);
#3349 = CARTESIAN_POINT('',(0.406047424932,-2.183009874223,
    0.109999904633));
#3350 = LINE('',#3351,#3352);
#3351 = CARTESIAN_POINT('',(0.406047424932,-2.183009874223,
    0.109999904633));
#3352 = VECTOR('',#3353,1.);
#3353 = DIRECTION('',(0.,6.982962677686E-15,-1.));
#3354 = ORIENTED_EDGE('',*,*,#3355,.T.);
#3355 = EDGE_CURVE('',#3348,#3356,#3358,.T.);
#3356 = VERTEX_POINT('',#3357);
#3357 = CARTESIAN_POINT('',(0.484096205419,-1.983009874223,
    0.109999904633));
#3358 = LINE('',#3359,#3360);
#3359 = CARTESIAN_POINT('',(0.406047424932,-2.183009874223,
    0.109999904633));
#3360 = VECTOR('',#3361,1.);
#3361 = DIRECTION('',(0.363542485653,0.931577619485,6.505171748232E-15)
  );
#3362 = ORIENTED_EDGE('',*,*,#3363,.T.);
#3363 = EDGE_CURVE('',#3356,#878,#3364,.T.);
#3364 = LINE('',#3365,#3366);
#3365 = CARTESIAN_POINT('',(0.484096205419,-1.983009874223,
    0.109999904633));
#3366 = VECTOR('',#3367,1.);
#3367 = DIRECTION('',(0.,6.982962677686E-15,-1.));
#3368 = PLANE('',#3369);
#3369 = AXIS2_PLACEMENT_3D('',#3370,#3371,#3372);
#3370 = CARTESIAN_POINT('',(0.406047424932,-2.183009874223,
    0.109999904633));
#3371 = DIRECTION('',(-0.931577619485,0.363542485653,2.538603609066E-15)
  );
#3372 = DIRECTION('',(0.363542485653,0.931577619485,6.505171748232E-15)
  );
#3373 = ADVANCED_FACE('',(#3374),#3392,.T.);
#3374 = FACE_BOUND('',#3375,.T.);
#3375 = EDGE_LOOP('',(#3376,#3377,#3378,#3386));
#3376 = ORIENTED_EDGE('',*,*,#885,.F.);
#3377 = ORIENTED_EDGE('',*,*,#3363,.F.);
#3378 = ORIENTED_EDGE('',*,*,#3379,.T.);
#3379 = EDGE_CURVE('',#3356,#3380,#3382,.T.);
#3380 = VERTEX_POINT('',#3381);
#3381 = CARTESIAN_POINT('',(0.454827912736,-1.983009874223,
    0.109999904633));
#3382 = LINE('',#3383,#3384);
#3383 = CARTESIAN_POINT('',(0.484096205419,-1.983009874223,
    0.109999904633));
#3384 = VECTOR('',#3385,1.);
#3385 = DIRECTION('',(-1.,0.,0.));
#3386 = ORIENTED_EDGE('',*,*,#3387,.T.);
#3387 = EDGE_CURVE('',#3380,#886,#3388,.T.);
#3388 = LINE('',#3389,#3390);
#3389 = CARTESIAN_POINT('',(0.454827912736,-1.983009874223,
    0.109999904633));
#3390 = VECTOR('',#3391,1.);
#3391 = DIRECTION('',(0.,6.982962677686E-15,-1.));
#3392 = PLANE('',#3393);
#3393 = AXIS2_PLACEMENT_3D('',#3394,#3395,#3396);
#3394 = CARTESIAN_POINT('',(0.484096205419,-1.983009874223,
    0.109999904633));
#3395 = DIRECTION('',(0.,-1.,-6.982962677686E-15));
#3396 = DIRECTION('',(0.,6.982962677686E-15,-1.));
#3397 = ADVANCED_FACE('',(#3398),#3416,.T.);
#3398 = FACE_BOUND('',#3399,.T.);
#3399 = EDGE_LOOP('',(#3400,#3401,#3402,#3410));
#3400 = ORIENTED_EDGE('',*,*,#893,.F.);
#3401 = ORIENTED_EDGE('',*,*,#3387,.F.);
#3402 = ORIENTED_EDGE('',*,*,#3403,.T.);
#3403 = EDGE_CURVE('',#3380,#3404,#3406,.T.);
#3404 = VERTEX_POINT('',#3405);
#3405 = CARTESIAN_POINT('',(0.434591632249,-2.039107435199,
    0.109999904633));
#3406 = LINE('',#3407,#3408);
#3407 = CARTESIAN_POINT('',(0.454827912736,-1.983009874223,
    0.109999904633));
#3408 = VECTOR('',#3409,1.);
#3409 = DIRECTION('',(-0.339330377275,-0.940667260544,
    -6.568644372494E-15));
#3410 = ORIENTED_EDGE('',*,*,#3411,.T.);
#3411 = EDGE_CURVE('',#3404,#894,#3412,.T.);
#3412 = LINE('',#3413,#3414);
#3413 = CARTESIAN_POINT('',(0.434591632249,-2.039107435199,
    0.109999904633));
#3414 = VECTOR('',#3415,1.);
#3415 = DIRECTION('',(0.,6.982962677686E-15,-1.));
#3416 = PLANE('',#3417);
#3417 = AXIS2_PLACEMENT_3D('',#3418,#3419,#3420);
#3418 = CARTESIAN_POINT('',(0.454827912736,-1.983009874223,
    0.109999904633));
#3419 = DIRECTION('',(0.940667260544,-0.339330377275,-2.369531359915E-15
    ));
#3420 = DIRECTION('',(-0.339330377275,-0.940667260544,
    -6.568644372494E-15));
#3421 = ADVANCED_FACE('',(#3422),#3440,.T.);
#3422 = FACE_BOUND('',#3423,.T.);
#3423 = EDGE_LOOP('',(#3424,#3425,#3426,#3434));
#3424 = ORIENTED_EDGE('',*,*,#901,.F.);
#3425 = ORIENTED_EDGE('',*,*,#3411,.F.);
#3426 = ORIENTED_EDGE('',*,*,#3427,.T.);
#3427 = EDGE_CURVE('',#3404,#3428,#3430,.T.);
#3428 = VERTEX_POINT('',#3429);
#3429 = CARTESIAN_POINT('',(0.351969681029,-2.039107435199,
    0.109999904633));
#3430 = LINE('',#3431,#3432);
#3431 = CARTESIAN_POINT('',(0.434591632249,-2.039107435199,
    0.109999904633));
#3432 = VECTOR('',#3433,1.);
#3433 = DIRECTION('',(-1.,0.,0.));
#3434 = ORIENTED_EDGE('',*,*,#3435,.T.);
#3435 = EDGE_CURVE('',#3428,#902,#3436,.T.);
#3436 = LINE('',#3437,#3438);
#3437 = CARTESIAN_POINT('',(0.351969681029,-2.039107435199,
    0.109999904633));
#3438 = VECTOR('',#3439,1.);
#3439 = DIRECTION('',(0.,6.982962677686E-15,-1.));
#3440 = PLANE('',#3441);
#3441 = AXIS2_PLACEMENT_3D('',#3442,#3443,#3444);
#3442 = CARTESIAN_POINT('',(0.434591632249,-2.039107435199,
    0.109999904633));
#3443 = DIRECTION('',(0.,-1.,-6.982962677686E-15));
#3444 = DIRECTION('',(0.,6.982962677686E-15,-1.));
#3445 = ADVANCED_FACE('',(#3446),#3464,.T.);
#3446 = FACE_BOUND('',#3447,.T.);
#3447 = EDGE_LOOP('',(#3448,#3449,#3450,#3458));
#3448 = ORIENTED_EDGE('',*,*,#909,.F.);
#3449 = ORIENTED_EDGE('',*,*,#3435,.F.);
#3450 = ORIENTED_EDGE('',*,*,#3451,.T.);
#3451 = EDGE_CURVE('',#3428,#3452,#3454,.T.);
#3452 = VERTEX_POINT('',#3453);
#3453 = CARTESIAN_POINT('',(0.332876693224,-1.983009874223,
    0.109999904633));
#3454 = LINE('',#3455,#3456);
#3455 = CARTESIAN_POINT('',(0.351969681029,-2.039107435199,
    0.109999904633));
#3456 = VECTOR('',#3457,1.);
#3457 = DIRECTION('',(-0.322202485606,0.946670776072,6.610566697371E-15)
  );
#3458 = ORIENTED_EDGE('',*,*,#3459,.T.);
#3459 = EDGE_CURVE('',#3452,#910,#3460,.T.);
#3460 = LINE('',#3461,#3462);
#3461 = CARTESIAN_POINT('',(0.332876693224,-1.983009874223,
    0.109999904633));
#3462 = VECTOR('',#3463,1.);
#3463 = DIRECTION('',(0.,6.982962677686E-15,-1.));
#3464 = PLANE('',#3465);
#3465 = AXIS2_PLACEMENT_3D('',#3466,#3467,#3468);
#3466 = CARTESIAN_POINT('',(0.351969681029,-2.039107435199,
    0.109999904633));
#3467 = DIRECTION('',(-0.946670776072,-0.322202485606,
    -2.249927931646E-15));
#3468 = DIRECTION('',(-0.322202485606,0.946670776072,6.610566697371E-15)
  );
#3469 = ADVANCED_FACE('',(#3470),#3488,.T.);
#3470 = FACE_BOUND('',#3471,.T.);
#3471 = EDGE_LOOP('',(#3472,#3473,#3474,#3482));
#3472 = ORIENTED_EDGE('',*,*,#917,.F.);
#3473 = ORIENTED_EDGE('',*,*,#3459,.F.);
#3474 = ORIENTED_EDGE('',*,*,#3475,.T.);
#3475 = EDGE_CURVE('',#3452,#3476,#3478,.T.);
#3476 = VERTEX_POINT('',#3477);
#3477 = CARTESIAN_POINT('',(0.303608400541,-1.983009874223,
    0.109999904633));
#3478 = LINE('',#3479,#3480);
#3479 = CARTESIAN_POINT('',(0.332876693224,-1.983009874223,
    0.109999904633));
#3480 = VECTOR('',#3481,1.);
#3481 = DIRECTION('',(-1.,0.,0.));
#3482 = ORIENTED_EDGE('',*,*,#3483,.T.);
#3483 = EDGE_CURVE('',#3476,#918,#3484,.T.);
#3484 = LINE('',#3485,#3486);
#3485 = CARTESIAN_POINT('',(0.303608400541,-1.983009874223,
    0.109999904633));
#3486 = VECTOR('',#3487,1.);
#3487 = DIRECTION('',(0.,6.982962677686E-15,-1.));
#3488 = PLANE('',#3489);
#3489 = AXIS2_PLACEMENT_3D('',#3490,#3491,#3492);
#3490 = CARTESIAN_POINT('',(0.332876693224,-1.983009874223,
    0.109999904633));
#3491 = DIRECTION('',(0.,-1.,-6.982962677686E-15));
#3492 = DIRECTION('',(0.,6.982962677686E-15,-1.));
#3493 = ADVANCED_FACE('',(#3494),#3512,.T.);
#3494 = FACE_BOUND('',#3495,.T.);
#3495 = EDGE_LOOP('',(#3496,#3497,#3498,#3506));
#3496 = ORIENTED_EDGE('',*,*,#925,.F.);
#3497 = ORIENTED_EDGE('',*,*,#3483,.F.);
#3498 = ORIENTED_EDGE('',*,*,#3499,.T.);
#3499 = EDGE_CURVE('',#3476,#3500,#3502,.T.);
#3500 = VERTEX_POINT('',#3501);
#3501 = CARTESIAN_POINT('',(0.379218156639,-2.183009874223,
    0.109999904633));
#3502 = LINE('',#3503,#3504);
#3503 = CARTESIAN_POINT('',(0.303608400541,-1.983009874223,
    0.109999904633));
#3504 = VECTOR('',#3505,1.);
#3505 = DIRECTION('',(0.353622392329,-0.93538826358,-6.531781333727E-15)
  );
#3506 = ORIENTED_EDGE('',*,*,#3507,.T.);
#3507 = EDGE_CURVE('',#3500,#926,#3508,.T.);
#3508 = LINE('',#3509,#3510);
#3509 = CARTESIAN_POINT('',(0.379218156639,-2.183009874223,
    0.109999904633));
#3510 = VECTOR('',#3511,1.);
#3511 = DIRECTION('',(0.,6.982962677686E-15,-1.));
#3512 = PLANE('',#3513);
#3513 = AXIS2_PLACEMENT_3D('',#3514,#3515,#3516);
#3514 = CARTESIAN_POINT('',(0.303608400541,-1.983009874223,
    0.109999904633));
#3515 = DIRECTION('',(0.93538826358,0.353622392329,2.469331967628E-15));
#3516 = DIRECTION('',(0.353622392329,-0.93538826358,-6.531781333727E-15)
  );
#3517 = ADVANCED_FACE('',(#3518),#3529,.T.);
#3518 = FACE_BOUND('',#3519,.T.);
#3519 = EDGE_LOOP('',(#3520,#3521,#3522,#3528));
#3520 = ORIENTED_EDGE('',*,*,#933,.F.);
#3521 = ORIENTED_EDGE('',*,*,#3507,.F.);
#3522 = ORIENTED_EDGE('',*,*,#3523,.T.);
#3523 = EDGE_CURVE('',#3500,#3348,#3524,.T.);
#3524 = LINE('',#3525,#3526);
#3525 = CARTESIAN_POINT('',(0.379218156639,-2.183009874223,
    0.109999904633));
#3526 = VECTOR('',#3527,1.);
#3527 = DIRECTION('',(1.,0.,0.));
#3528 = ORIENTED_EDGE('',*,*,#3347,.T.);
#3529 = PLANE('',#3530);
#3530 = AXIS2_PLACEMENT_3D('',#3531,#3532,#3533);
#3531 = CARTESIAN_POINT('',(0.379218156639,-2.183009874223,
    0.109999904633));
#3532 = DIRECTION('',(0.,1.,6.982962677686E-15));
#3533 = DIRECTION('',(0.,-6.982962677686E-15,1.));
#3534 = ADVANCED_FACE('',(#3535,#3593),#3603,.F.);
#3535 = FACE_BOUND('',#3536,.T.);
#3536 = EDGE_LOOP('',(#3537,#3547,#3555,#3567,#3575,#3587));
#3537 = ORIENTED_EDGE('',*,*,#3538,.F.);
#3538 = EDGE_CURVE('',#3539,#3541,#3543,.T.);
#3539 = VERTEX_POINT('',#3540);
#3540 = CARTESIAN_POINT('',(0.358715107858,-2.061058654711,
    0.109999904633));
#3541 = VERTEX_POINT('',#3542);
#3542 = CARTESIAN_POINT('',(0.42559772981,-2.061058654711,0.109999904633
    ));
#3543 = LINE('',#3544,#3545);
#3544 = CARTESIAN_POINT('',(0.358715107858,-2.061058654711,
    0.109999904633));
#3545 = VECTOR('',#3546,1.);
#3546 = DIRECTION('',(1.,0.,0.));
#3547 = ORIENTED_EDGE('',*,*,#3548,.F.);
#3548 = EDGE_CURVE('',#3549,#3539,#3551,.T.);
#3549 = VERTEX_POINT('',#3550);
#3550 = CARTESIAN_POINT('',(0.388555046883,-2.144595240077,
    0.109999904633));
#3551 = LINE('',#3552,#3553);
#3552 = CARTESIAN_POINT('',(0.388555046883,-2.144595240077,
    0.109999904633));
#3553 = VECTOR('',#3554,1.);
#3554 = DIRECTION('',(-0.336390827665,0.941722470297,6.576012862825E-15)
  );
#3555 = ORIENTED_EDGE('',*,*,#3556,.F.);
#3556 = EDGE_CURVE('',#3557,#3549,#3559,.T.);
#3557 = VERTEX_POINT('',#3558);
#3558 = CARTESIAN_POINT('',(0.391756266395,-2.158619630321,
    0.109999904633));
#3559 = B_SPLINE_CURVE_WITH_KNOTS('',3,(#3560,#3561,#3562,#3563,#3564,
    #3565,#3566),.UNSPECIFIED.,.F.,.F.,(4,1,1,1,4),(0.,0.300541113159,
    0.567747146484,0.800033613737,1.),.UNSPECIFIED.);
#3560 = CARTESIAN_POINT('',(0.391756266395,-2.158619630321,
    0.109999904633));
#3561 = CARTESIAN_POINT('',(0.3915230499,-2.157195451863,0.109999904633)
  );
#3562 = CARTESIAN_POINT('',(0.391082484555,-2.154505060366,
    0.109999904633));
#3563 = CARTESIAN_POINT('',(0.390338786914,-2.150735264875,
    0.109999904633));
#3564 = CARTESIAN_POINT('',(0.389510758796,-2.14747730263,0.109999904633
    ));
#3565 = CARTESIAN_POINT('',(0.388857331669,-2.145506815678,
    0.109999904633));
#3566 = CARTESIAN_POINT('',(0.388555046883,-2.144595240077,
    0.109999904633));
#3567 = ORIENTED_EDGE('',*,*,#3568,.F.);
#3568 = EDGE_CURVE('',#3569,#3557,#3571,.T.);
#3569 = VERTEX_POINT('',#3570);
#3570 = CARTESIAN_POINT('',(0.392404132249,-2.158619630321,
    0.109999904633));
#3571 = LINE('',#3572,#3573);
#3572 = CARTESIAN_POINT('',(0.392404132249,-2.158619630321,
    0.109999904633));
#3573 = VECTOR('',#3574,1.);
#3574 = DIRECTION('',(-1.,0.,0.));
#3575 = ORIENTED_EDGE('',*,*,#3576,.F.);
#3576 = EDGE_CURVE('',#3577,#3569,#3579,.T.);
#3577 = VERTEX_POINT('',#3578);
#3578 = CARTESIAN_POINT('',(0.395491022493,-2.144595240077,
    0.109999904633));
#3579 = B_SPLINE_CURVE_WITH_KNOTS('',3,(#3580,#3581,#3582,#3583,#3584,
    #3585,#3586),.UNSPECIFIED.,.F.,.F.,(4,1,1,1,4),(0.,0.174481715317,
    0.398285759128,0.673897847399,1.),.UNSPECIFIED.);
#3580 = CARTESIAN_POINT('',(0.395491022493,-2.144595240077,
    0.109999904633));
#3581 = CARTESIAN_POINT('',(0.395241441468,-2.145393206968,
    0.109999904633));
#3582 = CARTESIAN_POINT('',(0.394671728087,-2.147214709285,
    0.109999904633));
#3583 = CARTESIAN_POINT('',(0.393925166493,-2.1503585212,0.109999904633)
  );
#3584 = CARTESIAN_POINT('',(0.393193209704,-2.154245251596,
    0.109999904633));
#3585 = CARTESIAN_POINT('',(0.392681471449,-2.157082155527,
    0.109999904633));
#3586 = CARTESIAN_POINT('',(0.392404132249,-2.158619630321,
    0.109999904633));
#3587 = ORIENTED_EDGE('',*,*,#3588,.F.);
#3588 = EDGE_CURVE('',#3541,#3577,#3589,.T.);
#3589 = LINE('',#3590,#3591);
#3590 = CARTESIAN_POINT('',(0.42559772981,-2.061058654711,0.109999904633
    ));
#3591 = VECTOR('',#3592,1.);
#3592 = DIRECTION('',(-0.339053795485,-0.940766986967,
    -6.569340758391E-15));
#3593 = FACE_BOUND('',#3594,.T.);
#3594 = EDGE_LOOP('',(#3595,#3596,#3597,#3598,#3599,#3600,#3601,#3602));
#3595 = ORIENTED_EDGE('',*,*,#3355,.F.);
#3596 = ORIENTED_EDGE('',*,*,#3523,.F.);
#3597 = ORIENTED_EDGE('',*,*,#3499,.F.);
#3598 = ORIENTED_EDGE('',*,*,#3475,.F.);
#3599 = ORIENTED_EDGE('',*,*,#3451,.F.);
#3600 = ORIENTED_EDGE('',*,*,#3427,.F.);
#3601 = ORIENTED_EDGE('',*,*,#3403,.F.);
#3602 = ORIENTED_EDGE('',*,*,#3379,.F.);
#3603 = PLANE('',#3604);
#3604 = AXIS2_PLACEMENT_3D('',#3605,#3606,#3607);
#3605 = CARTESIAN_POINT('',(0.,-6.982962677686E-17,0.109999904633));
#3606 = DIRECTION('',(0.,-6.982962677686E-15,1.));
#3607 = DIRECTION('',(-1.,0.,0.));
#3608 = ADVANCED_FACE('',(#3609),#3634,.T.);
#3609 = FACE_BOUND('',#3610,.T.);
#3610 = EDGE_LOOP('',(#3611,#3621,#3627,#3628));
#3611 = ORIENTED_EDGE('',*,*,#3612,.F.);
#3612 = EDGE_CURVE('',#3613,#3615,#3617,.T.);
#3613 = VERTEX_POINT('',#3614);
#3614 = CARTESIAN_POINT('',(0.358715107858,-2.061058654711,
    9.999990463255E-02));
#3615 = VERTEX_POINT('',#3616);
#3616 = CARTESIAN_POINT('',(0.42559772981,-2.061058654711,
    9.999990463255E-02));
#3617 = LINE('',#3618,#3619);
#3618 = CARTESIAN_POINT('',(0.358715107858,-2.061058654711,
    9.999990463255E-02));
#3619 = VECTOR('',#3620,1.);
#3620 = DIRECTION('',(1.,0.,0.));
#3621 = ORIENTED_EDGE('',*,*,#3622,.F.);
#3622 = EDGE_CURVE('',#3539,#3613,#3623,.T.);
#3623 = LINE('',#3624,#3625);
#3624 = CARTESIAN_POINT('',(0.358715107858,-2.061058654711,
    0.109999904633));
#3625 = VECTOR('',#3626,1.);
#3626 = DIRECTION('',(0.,6.982962677686E-15,-1.));
#3627 = ORIENTED_EDGE('',*,*,#3538,.T.);
#3628 = ORIENTED_EDGE('',*,*,#3629,.T.);
#3629 = EDGE_CURVE('',#3541,#3615,#3630,.T.);
#3630 = LINE('',#3631,#3632);
#3631 = CARTESIAN_POINT('',(0.42559772981,-2.061058654711,0.109999904633
    ));
#3632 = VECTOR('',#3633,1.);
#3633 = DIRECTION('',(0.,6.982962677686E-15,-1.));
#3634 = PLANE('',#3635);
#3635 = AXIS2_PLACEMENT_3D('',#3636,#3637,#3638);
#3636 = CARTESIAN_POINT('',(0.358715107858,-2.061058654711,
    0.109999904633));
#3637 = DIRECTION('',(0.,1.,6.982962677686E-15));
#3638 = DIRECTION('',(0.,-6.982962677686E-15,1.));
#3639 = ADVANCED_FACE('',(#3640),#3658,.T.);
#3640 = FACE_BOUND('',#3641,.T.);
#3641 = EDGE_LOOP('',(#3642,#3650,#3656,#3657));
#3642 = ORIENTED_EDGE('',*,*,#3643,.F.);
#3643 = EDGE_CURVE('',#3644,#3613,#3646,.T.);
#3644 = VERTEX_POINT('',#3645);
#3645 = CARTESIAN_POINT('',(0.388555046883,-2.144595240077,
    9.999990463255E-02));
#3646 = LINE('',#3647,#3648);
#3647 = CARTESIAN_POINT('',(0.388555046883,-2.144595240077,
    9.999990463255E-02));
#3648 = VECTOR('',#3649,1.);
#3649 = DIRECTION('',(-0.336390827665,0.941722470297,6.576012862825E-15)
  );
#3650 = ORIENTED_EDGE('',*,*,#3651,.F.);
#3651 = EDGE_CURVE('',#3549,#3644,#3652,.T.);
#3652 = LINE('',#3653,#3654);
#3653 = CARTESIAN_POINT('',(0.388555046883,-2.144595240077,
    0.109999904633));
#3654 = VECTOR('',#3655,1.);
#3655 = DIRECTION('',(0.,6.982962677686E-15,-1.));
#3656 = ORIENTED_EDGE('',*,*,#3548,.T.);
#3657 = ORIENTED_EDGE('',*,*,#3622,.T.);
#3658 = PLANE('',#3659);
#3659 = AXIS2_PLACEMENT_3D('',#3660,#3661,#3662);
#3660 = CARTESIAN_POINT('',(0.388555046883,-2.144595240077,
    0.109999904633));
#3661 = DIRECTION('',(-0.941722470297,-0.336390827665,
    -2.349004594705E-15));
#3662 = DIRECTION('',(-0.336390827665,0.941722470297,6.576012862825E-15)
  );
#3663 = ADVANCED_FACE('',(#3664),#3686,.T.);
#3664 = FACE_BOUND('',#3665,.T.);
#3665 = EDGE_LOOP('',(#3666,#3678,#3684,#3685));
#3666 = ORIENTED_EDGE('',*,*,#3667,.F.);
#3667 = EDGE_CURVE('',#3668,#3644,#3670,.T.);
#3668 = VERTEX_POINT('',#3669);
#3669 = CARTESIAN_POINT('',(0.391756266395,-2.158619630321,
    9.999990463255E-02));
#3670 = B_SPLINE_CURVE_WITH_KNOTS('',3,(#3671,#3672,#3673,#3674,#3675,
    #3676,#3677),.UNSPECIFIED.,.F.,.F.,(4,1,1,1,4),(0.,0.300541113159,
    0.567747146484,0.800033613737,1.),.UNSPECIFIED.);
#3671 = CARTESIAN_POINT('',(0.391756266395,-2.158619630321,
    9.999990463255E-02));
#3672 = CARTESIAN_POINT('',(0.3915230499,-2.157195451863,
    9.999990463255E-02));
#3673 = CARTESIAN_POINT('',(0.391082484555,-2.154505060366,
    9.999990463255E-02));
#3674 = CARTESIAN_POINT('',(0.390338786914,-2.150735264875,
    9.999990463255E-02));
#3675 = CARTESIAN_POINT('',(0.389510758796,-2.14747730263,
    9.999990463255E-02));
#3676 = CARTESIAN_POINT('',(0.388857331669,-2.145506815678,
    9.999990463255E-02));
#3677 = CARTESIAN_POINT('',(0.388555046883,-2.144595240077,
    9.999990463255E-02));
#3678 = ORIENTED_EDGE('',*,*,#3679,.F.);
#3679 = EDGE_CURVE('',#3557,#3668,#3680,.T.);
#3680 = LINE('',#3681,#3682);
#3681 = CARTESIAN_POINT('',(0.391756266395,-2.158619630321,
    0.109999904633));
#3682 = VECTOR('',#3683,1.);
#3683 = DIRECTION('',(0.,6.982962677686E-15,-1.));
#3684 = ORIENTED_EDGE('',*,*,#3556,.T.);
#3685 = ORIENTED_EDGE('',*,*,#3651,.T.);
#3686 = B_SPLINE_SURFACE_WITH_KNOTS('',3,1,(
    (#3687,#3688)
    ,(#3689,#3690)
    ,(#3691,#3692)
    ,(#3693,#3694)
    ,(#3695,#3696)
    ,(#3697,#3698)
    ,(#3699,#3700
    )),.UNSPECIFIED.,.F.,.F.,.F.,(4,1,1,1,4),(2,2),(0.,0.300541113159,
    0.567747146484,0.800033613737,1.),(0.,1.),.UNSPECIFIED.);
#3687 = CARTESIAN_POINT('',(0.391756266395,-2.158619630321,
    0.109999904633));
#3688 = CARTESIAN_POINT('',(0.391756266395,-2.158619630321,
    9.999990463255E-02));
#3689 = CARTESIAN_POINT('',(0.3915230499,-2.157195451863,0.109999904633)
  );
#3690 = CARTESIAN_POINT('',(0.3915230499,-2.157195451863,
    9.999990463255E-02));
#3691 = CARTESIAN_POINT('',(0.391082484555,-2.154505060366,
    0.109999904633));
#3692 = CARTESIAN_POINT('',(0.391082484555,-2.154505060366,
    9.999990463255E-02));
#3693 = CARTESIAN_POINT('',(0.390338786914,-2.150735264875,
    0.109999904633));
#3694 = CARTESIAN_POINT('',(0.390338786914,-2.150735264875,
    9.999990463255E-02));
#3695 = CARTESIAN_POINT('',(0.389510758796,-2.14747730263,0.109999904633
    ));
#3696 = CARTESIAN_POINT('',(0.389510758796,-2.14747730263,
    9.999990463255E-02));
#3697 = CARTESIAN_POINT('',(0.388857331669,-2.145506815678,
    0.109999904633));
#3698 = CARTESIAN_POINT('',(0.388857331669,-2.145506815678,
    9.999990463255E-02));
#3699 = CARTESIAN_POINT('',(0.388555046883,-2.144595240077,
    0.109999904633));
#3700 = CARTESIAN_POINT('',(0.388555046883,-2.144595240077,
    9.999990463255E-02));
#3701 = ADVANCED_FACE('',(#3702),#3720,.T.);
#3702 = FACE_BOUND('',#3703,.T.);
#3703 = EDGE_LOOP('',(#3704,#3712,#3718,#3719));
#3704 = ORIENTED_EDGE('',*,*,#3705,.F.);
#3705 = EDGE_CURVE('',#3706,#3668,#3708,.T.);
#3706 = VERTEX_POINT('',#3707);
#3707 = CARTESIAN_POINT('',(0.392404132249,-2.158619630321,
    9.999990463255E-02));
#3708 = LINE('',#3709,#3710);
#3709 = CARTESIAN_POINT('',(0.392404132249,-2.158619630321,
    9.999990463255E-02));
#3710 = VECTOR('',#3711,1.);
#3711 = DIRECTION('',(-1.,0.,0.));
#3712 = ORIENTED_EDGE('',*,*,#3713,.F.);
#3713 = EDGE_CURVE('',#3569,#3706,#3714,.T.);
#3714 = LINE('',#3715,#3716);
#3715 = CARTESIAN_POINT('',(0.392404132249,-2.158619630321,
    0.109999904633));
#3716 = VECTOR('',#3717,1.);
#3717 = DIRECTION('',(0.,6.982962677686E-15,-1.));
#3718 = ORIENTED_EDGE('',*,*,#3568,.T.);
#3719 = ORIENTED_EDGE('',*,*,#3679,.T.);
#3720 = PLANE('',#3721);
#3721 = AXIS2_PLACEMENT_3D('',#3722,#3723,#3724);
#3722 = CARTESIAN_POINT('',(0.392404132249,-2.158619630321,
    0.109999904633));
#3723 = DIRECTION('',(0.,-1.,-6.982962677686E-15));
#3724 = DIRECTION('',(0.,6.982962677686E-15,-1.));
#3725 = ADVANCED_FACE('',(#3726),#3748,.T.);
#3726 = FACE_BOUND('',#3727,.T.);
#3727 = EDGE_LOOP('',(#3728,#3740,#3746,#3747));
#3728 = ORIENTED_EDGE('',*,*,#3729,.F.);
#3729 = EDGE_CURVE('',#3730,#3706,#3732,.T.);
#3730 = VERTEX_POINT('',#3731);
#3731 = CARTESIAN_POINT('',(0.395491022493,-2.144595240077,
    9.999990463255E-02));
#3732 = B_SPLINE_CURVE_WITH_KNOTS('',3,(#3733,#3734,#3735,#3736,#3737,
    #3738,#3739),.UNSPECIFIED.,.F.,.F.,(4,1,1,1,4),(0.,0.174481715317,
    0.398285759128,0.673897847399,1.),.UNSPECIFIED.);
#3733 = CARTESIAN_POINT('',(0.395491022493,-2.144595240077,
    9.999990463255E-02));
#3734 = CARTESIAN_POINT('',(0.395241441468,-2.145393206968,
    9.999990463255E-02));
#3735 = CARTESIAN_POINT('',(0.394671728087,-2.147214709285,
    9.999990463255E-02));
#3736 = CARTESIAN_POINT('',(0.393925166493,-2.1503585212,
    9.999990463255E-02));
#3737 = CARTESIAN_POINT('',(0.393193209704,-2.154245251596,
    9.999990463255E-02));
#3738 = CARTESIAN_POINT('',(0.392681471449,-2.157082155527,
    9.999990463255E-02));
#3739 = CARTESIAN_POINT('',(0.392404132249,-2.158619630321,
    9.999990463255E-02));
#3740 = ORIENTED_EDGE('',*,*,#3741,.F.);
#3741 = EDGE_CURVE('',#3577,#3730,#3742,.T.);
#3742 = LINE('',#3743,#3744);
#3743 = CARTESIAN_POINT('',(0.395491022493,-2.144595240077,
    0.109999904633));
#3744 = VECTOR('',#3745,1.);
#3745 = DIRECTION('',(0.,6.982962677686E-15,-1.));
#3746 = ORIENTED_EDGE('',*,*,#3576,.T.);
#3747 = ORIENTED_EDGE('',*,*,#3713,.T.);
#3748 = B_SPLINE_SURFACE_WITH_KNOTS('',3,1,(
    (#3749,#3750)
    ,(#3751,#3752)
    ,(#3753,#3754)
    ,(#3755,#3756)
    ,(#3757,#3758)
    ,(#3759,#3760)
    ,(#3761,#3762
    )),.UNSPECIFIED.,.F.,.F.,.F.,(4,1,1,1,4),(2,2),(0.,0.174481715317,
    0.398285759128,0.673897847399,1.),(0.,1.),.UNSPECIFIED.);
#3749 = CARTESIAN_POINT('',(0.395491022493,-2.144595240077,
    0.109999904633));
#3750 = CARTESIAN_POINT('',(0.395491022493,-2.144595240077,
    9.999990463255E-02));
#3751 = CARTESIAN_POINT('',(0.395241441468,-2.145393206968,
    0.109999904633));
#3752 = CARTESIAN_POINT('',(0.395241441468,-2.145393206968,
    9.999990463255E-02));
#3753 = CARTESIAN_POINT('',(0.394671728087,-2.147214709285,
    0.109999904633));
#3754 = CARTESIAN_POINT('',(0.394671728087,-2.147214709285,
    9.999990463255E-02));
#3755 = CARTESIAN_POINT('',(0.393925166493,-2.1503585212,0.109999904633)
  );
#3756 = CARTESIAN_POINT('',(0.393925166493,-2.1503585212,
    9.999990463255E-02));
#3757 = CARTESIAN_POINT('',(0.393193209704,-2.154245251596,
    0.109999904633));
#3758 = CARTESIAN_POINT('',(0.393193209704,-2.154245251596,
    9.999990463255E-02));
#3759 = CARTESIAN_POINT('',(0.392681471449,-2.157082155527,
    0.109999904633));
#3760 = CARTESIAN_POINT('',(0.392681471449,-2.157082155527,
    9.999990463255E-02));
#3761 = CARTESIAN_POINT('',(0.392404132249,-2.158619630321,
    0.109999904633));
#3762 = CARTESIAN_POINT('',(0.392404132249,-2.158619630321,
    9.999990463255E-02));
#3763 = ADVANCED_FACE('',(#3764),#3775,.T.);
#3764 = FACE_BOUND('',#3765,.T.);
#3765 = EDGE_LOOP('',(#3766,#3772,#3773,#3774));
#3766 = ORIENTED_EDGE('',*,*,#3767,.F.);
#3767 = EDGE_CURVE('',#3615,#3730,#3768,.T.);
#3768 = LINE('',#3769,#3770);
#3769 = CARTESIAN_POINT('',(0.42559772981,-2.061058654711,
    9.999990463255E-02));
#3770 = VECTOR('',#3771,1.);
#3771 = DIRECTION('',(-0.339053795485,-0.940766986967,
    -6.569340758391E-15));
#3772 = ORIENTED_EDGE('',*,*,#3629,.F.);
#3773 = ORIENTED_EDGE('',*,*,#3588,.T.);
#3774 = ORIENTED_EDGE('',*,*,#3741,.T.);
#3775 = PLANE('',#3776);
#3776 = AXIS2_PLACEMENT_3D('',#3777,#3778,#3779);
#3777 = CARTESIAN_POINT('',(0.42559772981,-2.061058654711,0.109999904633
    ));
#3778 = DIRECTION('',(0.940766986967,-0.339053795485,-2.367599999602E-15
    ));
#3779 = DIRECTION('',(-0.339053795485,-0.940766986967,
    -6.569340758391E-15));
#3780 = ADVANCED_FACE('',(#3781),#3806,.T.);
#3781 = FACE_BOUND('',#3782,.T.);
#3782 = EDGE_LOOP('',(#3783,#3784,#3792,#3800));
#3783 = ORIENTED_EDGE('',*,*,#767,.F.);
#3784 = ORIENTED_EDGE('',*,*,#3785,.F.);
#3785 = EDGE_CURVE('',#3786,#768,#3788,.T.);
#3786 = VERTEX_POINT('',#3787);
#3787 = CARTESIAN_POINT('',(0.182381266395,-1.983009874223,
    0.109999904633));
#3788 = LINE('',#3789,#3790);
#3789 = CARTESIAN_POINT('',(0.182381266395,-1.983009874223,
    0.109999904633));
#3790 = VECTOR('',#3791,1.);
#3791 = DIRECTION('',(0.,6.982962677686E-15,-1.));
#3792 = ORIENTED_EDGE('',*,*,#3793,.T.);
#3793 = EDGE_CURVE('',#3786,#3794,#3796,.T.);
#3794 = VERTEX_POINT('',#3795);
#3795 = CARTESIAN_POINT('',(0.127998644444,-1.983009874223,
    0.109999904633));
#3796 = LINE('',#3797,#3798);
#3797 = CARTESIAN_POINT('',(0.182381266395,-1.983009874223,
    0.109999904633));
#3798 = VECTOR('',#3799,1.);
#3799 = DIRECTION('',(-1.,0.,0.));
#3800 = ORIENTED_EDGE('',*,*,#3801,.T.);
#3801 = EDGE_CURVE('',#3794,#770,#3802,.T.);
#3802 = LINE('',#3803,#3804);
#3803 = CARTESIAN_POINT('',(0.127998644444,-1.983009874223,
    0.109999904633));
#3804 = VECTOR('',#3805,1.);
#3805 = DIRECTION('',(0.,6.982962677686E-15,-1.));
#3806 = PLANE('',#3807);
#3807 = AXIS2_PLACEMENT_3D('',#3808,#3809,#3810);
#3808 = CARTESIAN_POINT('',(0.182381266395,-1.983009874223,
    0.109999904633));
#3809 = DIRECTION('',(0.,-1.,-6.982962677686E-15));
#3810 = DIRECTION('',(0.,6.982962677686E-15,-1.));
#3811 = ADVANCED_FACE('',(#3812),#3830,.T.);
#3812 = FACE_BOUND('',#3813,.T.);
#3813 = EDGE_LOOP('',(#3814,#3815,#3816,#3824));
#3814 = ORIENTED_EDGE('',*,*,#777,.F.);
#3815 = ORIENTED_EDGE('',*,*,#3801,.F.);
#3816 = ORIENTED_EDGE('',*,*,#3817,.T.);
#3817 = EDGE_CURVE('',#3794,#3818,#3820,.T.);
#3818 = VERTEX_POINT('',#3819);
#3819 = CARTESIAN_POINT('',(0.127998644444,-2.183009874223,
    0.109999904633));
#3820 = LINE('',#3821,#3822);
#3821 = CARTESIAN_POINT('',(0.127998644444,-1.983009874223,
    0.109999904633));
#3822 = VECTOR('',#3823,1.);
#3823 = DIRECTION('',(0.,-1.,-6.982962677686E-15));
#3824 = ORIENTED_EDGE('',*,*,#3825,.T.);
#3825 = EDGE_CURVE('',#3818,#778,#3826,.T.);
#3826 = LINE('',#3827,#3828);
#3827 = CARTESIAN_POINT('',(0.127998644444,-2.183009874223,
    0.109999904633));
#3828 = VECTOR('',#3829,1.);
#3829 = DIRECTION('',(0.,6.982962677686E-15,-1.));
#3830 = PLANE('',#3831);
#3831 = AXIS2_PLACEMENT_3D('',#3832,#3833,#3834);
#3832 = CARTESIAN_POINT('',(0.127998644444,-1.983009874223,
    0.109999904633));
#3833 = DIRECTION('',(1.,0.,0.));
#3834 = DIRECTION('',(0.,-6.982962677686E-15,1.));
#3835 = ADVANCED_FACE('',(#3836),#3854,.T.);
#3836 = FACE_BOUND('',#3837,.T.);
#3837 = EDGE_LOOP('',(#3838,#3839,#3840,#3848));
#3838 = ORIENTED_EDGE('',*,*,#785,.F.);
#3839 = ORIENTED_EDGE('',*,*,#3825,.F.);
#3840 = ORIENTED_EDGE('',*,*,#3841,.T.);
#3841 = EDGE_CURVE('',#3818,#3842,#3844,.T.);
#3842 = VERTEX_POINT('',#3843);
#3843 = CARTESIAN_POINT('',(0.184439193224,-2.183009874223,
    0.109999904633));
#3844 = LINE('',#3845,#3846);
#3845 = CARTESIAN_POINT('',(0.127998644444,-2.183009874223,
    0.109999904633));
#3846 = VECTOR('',#3847,1.);
#3847 = DIRECTION('',(1.,0.,0.));
#3848 = ORIENTED_EDGE('',*,*,#3849,.T.);
#3849 = EDGE_CURVE('',#3842,#786,#3850,.T.);
#3850 = LINE('',#3851,#3852);
#3851 = CARTESIAN_POINT('',(0.184439193224,-2.183009874223,
    0.109999904633));
#3852 = VECTOR('',#3853,1.);
#3853 = DIRECTION('',(0.,6.982962677686E-15,-1.));
#3854 = PLANE('',#3855);
#3855 = AXIS2_PLACEMENT_3D('',#3856,#3857,#3858);
#3856 = CARTESIAN_POINT('',(0.127998644444,-2.183009874223,
    0.109999904633));
#3857 = DIRECTION('',(0.,1.,6.982962677686E-15));
#3858 = DIRECTION('',(0.,-6.982962677686E-15,1.));
#3859 = ADVANCED_FACE('',(#3860),#3894,.T.);
#3860 = FACE_BOUND('',#3861,.T.);
#3861 = EDGE_LOOP('',(#3862,#3863,#3864,#3888));
#3862 = ORIENTED_EDGE('',*,*,#793,.F.);
#3863 = ORIENTED_EDGE('',*,*,#3849,.F.);
#3864 = ORIENTED_EDGE('',*,*,#3865,.T.);
#3865 = EDGE_CURVE('',#3842,#3866,#3868,.T.);
#3866 = VERTEX_POINT('',#3867);
#3867 = CARTESIAN_POINT('',(0.2889742542,-2.085525118126,0.109999904633)
  );
#3868 = B_SPLINE_CURVE_WITH_KNOTS('',3,(#3869,#3870,#3871,#3872,#3873,
    #3874,#3875,#3876,#3877,#3878,#3879,#3880,#3881,#3882,#3883,#3884,
    #3885,#3886,#3887),.UNSPECIFIED.,.F.,.F.,(4,1,1,1,1,1,1,1,1,1,1,1,1,
    1,1,1,4),(0.,6.86311786766E-02,0.134566466039,0.198328154011,
    0.260789766641,0.321999151484,0.382721746503,0.443537474036,
    0.505133429485,0.566213874765,0.626105864618,0.685349322161,
    0.744995870348,0.805415841815,0.867636266346,0.932307782302,1.),
  .UNSPECIFIED.);
#3869 = CARTESIAN_POINT('',(0.184439193224,-2.183009874223,
    0.109999904633));
#3870 = CARTESIAN_POINT('',(0.188113566038,-2.182927975833,
    0.109999904633));
#3871 = CARTESIAN_POINT('',(0.195317979162,-2.18276739609,0.109999904633
    ));
#3872 = CARTESIAN_POINT('',(0.205882807999,-2.181547605042,
    0.109999904633));
#3873 = CARTESIAN_POINT('',(0.215961976601,-2.17943087108,0.109999904633
    ));
#3874 = CARTESIAN_POINT('',(0.225583202007,-2.176543171334,
    0.109999904633));
#3875 = CARTESIAN_POINT('',(0.234757628817,-2.172854166425,
    0.109999904633));
#3876 = CARTESIAN_POINT('',(0.243398826378,-2.16823282808,0.109999904633
    ));
#3877 = CARTESIAN_POINT('',(0.251601607189,-2.16283977036,0.109999904633
    ));
#3878 = CARTESIAN_POINT('',(0.259259229682,-2.156663296704,
    0.109999904633));
#3879 = CARTESIAN_POINT('',(0.266238884794,-2.149795665806,
    0.109999904633));
#3880 = CARTESIAN_POINT('',(0.272323308976,-2.142284731073,
    0.109999904633));
#3881 = CARTESIAN_POINT('',(0.277532521043,-2.134230950153,
    0.109999904633));
#3882 = CARTESIAN_POINT('',(0.281724565902,-2.125570642582,
    0.109999904633));
#3883 = CARTESIAN_POINT('',(0.284979563592,-2.116350470098,
    0.109999904633));
#3884 = CARTESIAN_POINT('',(0.287284526422,-2.106577118509,
    0.109999904633));
#3885 = CARTESIAN_POINT('',(0.288738315962,-2.096239518291,
    0.109999904633));
#3886 = CARTESIAN_POINT('',(0.288894420621,-2.08915051144,0.109999904633
    ));
#3887 = CARTESIAN_POINT('',(0.2889742542,-2.085525118126,0.109999904633)
  );
#3888 = ORIENTED_EDGE('',*,*,#3889,.T.);
#3889 = EDGE_CURVE('',#3866,#794,#3890,.T.);
#3890 = LINE('',#3891,#3892);
#3891 = CARTESIAN_POINT('',(0.2889742542,-2.085525118126,0.109999904633)
  );
#3892 = VECTOR('',#3893,1.);
#3893 = DIRECTION('',(0.,6.982962677686E-15,-1.));
#3894 = B_SPLINE_SURFACE_WITH_KNOTS('',3,1,(
    (#3895,#3896)
    ,(#3897,#3898)
    ,(#3899,#3900)
    ,(#3901,#3902)
    ,(#3903,#3904)
    ,(#3905,#3906)
    ,(#3907,#3908)
    ,(#3909,#3910)
    ,(#3911,#3912)
    ,(#3913,#3914)
    ,(#3915,#3916)
    ,(#3917,#3918)
    ,(#3919,#3920)
    ,(#3921,#3922)
    ,(#3923,#3924)
    ,(#3925,#3926)
    ,(#3927,#3928)
    ,(#3929,#3930)
    ,(#3931,#3932
    )),.UNSPECIFIED.,.F.,.F.,.F.,(4,1,1,1,1,1,1,1,1,1,1,1,1,1,1,1,4),(2,
    2),(0.,6.86311786766E-02,0.134566466039,0.198328154011,
    0.260789766641,0.321999151484,0.382721746503,0.443537474036,
    0.505133429485,0.566213874765,0.626105864618,0.685349322161,
    0.744995870348,0.805415841815,0.867636266346,0.932307782302,1.),(0.,
    1.),.UNSPECIFIED.);
#3895 = CARTESIAN_POINT('',(0.184439193224,-2.183009874223,
    0.109999904633));
#3896 = CARTESIAN_POINT('',(0.184439193224,-2.183009874223,
    9.999990463255E-02));
#3897 = CARTESIAN_POINT('',(0.188113566038,-2.182927975833,
    0.109999904633));
#3898 = CARTESIAN_POINT('',(0.188113566038,-2.182927975833,
    9.999990463255E-02));
#3899 = CARTESIAN_POINT('',(0.195317979162,-2.18276739609,0.109999904633
    ));
#3900 = CARTESIAN_POINT('',(0.195317979162,-2.18276739609,
    9.999990463255E-02));
#3901 = CARTESIAN_POINT('',(0.205882807999,-2.181547605042,
    0.109999904633));
#3902 = CARTESIAN_POINT('',(0.205882807999,-2.181547605042,
    9.999990463255E-02));
#3903 = CARTESIAN_POINT('',(0.215961976601,-2.17943087108,0.109999904633
    ));
#3904 = CARTESIAN_POINT('',(0.215961976601,-2.17943087108,
    9.999990463255E-02));
#3905 = CARTESIAN_POINT('',(0.225583202007,-2.176543171334,
    0.109999904633));
#3906 = CARTESIAN_POINT('',(0.225583202007,-2.176543171334,
    9.999990463255E-02));
#3907 = CARTESIAN_POINT('',(0.234757628817,-2.172854166425,
    0.109999904633));
#3908 = CARTESIAN_POINT('',(0.234757628817,-2.172854166425,
    9.999990463255E-02));
#3909 = CARTESIAN_POINT('',(0.243398826378,-2.16823282808,0.109999904633
    ));
#3910 = CARTESIAN_POINT('',(0.243398826378,-2.16823282808,
    9.999990463255E-02));
#3911 = CARTESIAN_POINT('',(0.251601607189,-2.16283977036,0.109999904633
    ));
#3912 = CARTESIAN_POINT('',(0.251601607189,-2.16283977036,
    9.999990463255E-02));
#3913 = CARTESIAN_POINT('',(0.259259229682,-2.156663296704,
    0.109999904633));
#3914 = CARTESIAN_POINT('',(0.259259229682,-2.156663296704,
    9.999990463255E-02));
#3915 = CARTESIAN_POINT('',(0.266238884794,-2.149795665806,
    0.109999904633));
#3916 = CARTESIAN_POINT('',(0.266238884794,-2.149795665806,
    9.999990463255E-02));
#3917 = CARTESIAN_POINT('',(0.272323308976,-2.142284731073,
    0.109999904633));
#3918 = CARTESIAN_POINT('',(0.272323308976,-2.142284731073,
    9.999990463255E-02));
#3919 = CARTESIAN_POINT('',(0.277532521043,-2.134230950153,
    0.109999904633));
#3920 = CARTESIAN_POINT('',(0.277532521043,-2.134230950153,
    9.999990463255E-02));
#3921 = CARTESIAN_POINT('',(0.281724565902,-2.125570642582,
    0.109999904633));
#3922 = CARTESIAN_POINT('',(0.281724565902,-2.125570642582,
    9.999990463255E-02));
#3923 = CARTESIAN_POINT('',(0.284979563592,-2.116350470098,
    0.109999904633));
#3924 = CARTESIAN_POINT('',(0.284979563592,-2.116350470098,
    9.999990463255E-02));
#3925 = CARTESIAN_POINT('',(0.287284526422,-2.106577118509,
    0.109999904633));
#3926 = CARTESIAN_POINT('',(0.287284526422,-2.106577118509,
    9.999990463255E-02));
#3927 = CARTESIAN_POINT('',(0.288738315962,-2.096239518291,
    0.109999904633));
#3928 = CARTESIAN_POINT('',(0.288738315962,-2.096239518291,
    9.999990463255E-02));
#3929 = CARTESIAN_POINT('',(0.288894420621,-2.08915051144,0.109999904633
    ));
#3930 = CARTESIAN_POINT('',(0.288894420621,-2.08915051144,
    9.999990463255E-02));
#3931 = CARTESIAN_POINT('',(0.2889742542,-2.085525118126,0.109999904633)
  );
#3932 = CARTESIAN_POINT('',(0.2889742542,-2.085525118126,
    9.999990463255E-02));
#3933 = ADVANCED_FACE('',(#3934),#3961,.T.);
#3934 = FACE_BOUND('',#3935,.T.);
#3935 = EDGE_LOOP('',(#3936,#3937,#3938,#3960));
#3936 = ORIENTED_EDGE('',*,*,#817,.F.);
#3937 = ORIENTED_EDGE('',*,*,#3889,.F.);
#3938 = ORIENTED_EDGE('',*,*,#3939,.T.);
#3939 = EDGE_CURVE('',#3866,#3786,#3940,.T.);
#3940 = B_SPLINE_CURVE_WITH_KNOTS('',3,(#3941,#3942,#3943,#3944,#3945,
    #3946,#3947,#3948,#3949,#3950,#3951,#3952,#3953,#3954,#3955,#3956,
    #3957,#3958,#3959),.UNSPECIFIED.,.F.,.F.,(4,1,1,1,1,1,1,1,1,1,1,1,1,
    1,1,1,4),(0.,6.806869584499E-02,0.133427432819,0.196146033813,
    0.257048592449,0.316882663159,0.376187208666,0.435960335364,
    0.496535236863,0.557465343481,0.61768686341,0.677943640697,
    0.738805284806,0.800949336767,0.86481466747,0.931024781079,1.),
  .UNSPECIFIED.);
#3941 = CARTESIAN_POINT('',(0.2889742542,-2.085525118126,0.109999904633)
  );
#3942 = CARTESIAN_POINT('',(0.288893480759,-2.081747601224,
    0.109999904633));
#3943 = CARTESIAN_POINT('',(0.28873514964,-2.074342958366,0.109999904633
    ));
#3944 = CARTESIAN_POINT('',(0.287287993914,-2.06353651935,0.109999904633
    ));
#3945 = CARTESIAN_POINT('',(0.284977854697,-2.053297112762,
    0.109999904633));
#3946 = CARTESIAN_POINT('',(0.281735102325,-2.043630555794,
    0.109999904633));
#3947 = CARTESIAN_POINT('',(0.277536685103,-2.034543820724,
    0.109999904633));
#3948 = CARTESIAN_POINT('',(0.27233127317,-2.02607010532,0.109999904633)
  );
#3949 = CARTESIAN_POINT('',(0.266259163082,-2.0181448003,0.109999904633)
  );
#3950 = CARTESIAN_POINT('',(0.259278753169,-2.010876488846,
    0.109999904633));
#3951 = CARTESIAN_POINT('',(0.251558922855,-2.004371376017,
    0.109999904633));
#3952 = CARTESIAN_POINT('',(0.243303955599,-1.998586013565,
    0.109999904633));
#3953 = CARTESIAN_POINT('',(0.234442920147,-1.993779148432,
    0.109999904633));
#3954 = CARTESIAN_POINT('',(0.225051498454,-1.98985171091,0.109999904633
    ));
#3955 = CARTESIAN_POINT('',(0.21514611614,-1.986733560297,0.109999904633
    ));
#3956 = CARTESIAN_POINT('',(0.204683844593,-1.984610564606,
    0.109999904633));
#3957 = CARTESIAN_POINT('',(0.193712232486,-1.983214880884,
    0.109999904633));
#3958 = CARTESIAN_POINT('',(0.186209409791,-1.983079135299,
    0.109999904633));
#3959 = CARTESIAN_POINT('',(0.182381266395,-1.983009874223,
    0.109999904633));
#3960 = ORIENTED_EDGE('',*,*,#3785,.T.);
#3961 = B_SPLINE_SURFACE_WITH_KNOTS('',3,1,(
    (#3962,#3963)
    ,(#3964,#3965)
    ,(#3966,#3967)
    ,(#3968,#3969)
    ,(#3970,#3971)
    ,(#3972,#3973)
    ,(#3974,#3975)
    ,(#3976,#3977)
    ,(#3978,#3979)
    ,(#3980,#3981)
    ,(#3982,#3983)
    ,(#3984,#3985)
    ,(#3986,#3987)
    ,(#3988,#3989)
    ,(#3990,#3991)
    ,(#3992,#3993)
    ,(#3994,#3995)
    ,(#3996,#3997)
    ,(#3998,#3999
    )),.UNSPECIFIED.,.F.,.F.,.F.,(4,1,1,1,1,1,1,1,1,1,1,1,1,1,1,1,4),(2,
    2),(0.,6.806869584499E-02,0.133427432819,0.196146033813,
    0.257048592449,0.316882663159,0.376187208666,0.435960335364,
    0.496535236863,0.557465343481,0.61768686341,0.677943640697,
    0.738805284806,0.800949336767,0.86481466747,0.931024781079,1.),(0.,
    1.),.UNSPECIFIED.);
#3962 = CARTESIAN_POINT('',(0.2889742542,-2.085525118126,0.109999904633)
  );
#3963 = CARTESIAN_POINT('',(0.2889742542,-2.085525118126,
    9.999990463255E-02));
#3964 = CARTESIAN_POINT('',(0.288893480759,-2.081747601224,
    0.109999904633));
#3965 = CARTESIAN_POINT('',(0.288893480759,-2.081747601224,
    9.999990463255E-02));
#3966 = CARTESIAN_POINT('',(0.28873514964,-2.074342958366,0.109999904633
    ));
#3967 = CARTESIAN_POINT('',(0.28873514964,-2.074342958366,
    9.999990463255E-02));
#3968 = CARTESIAN_POINT('',(0.287287993914,-2.06353651935,0.109999904633
    ));
#3969 = CARTESIAN_POINT('',(0.287287993914,-2.06353651935,
    9.999990463255E-02));
#3970 = CARTESIAN_POINT('',(0.284977854697,-2.053297112762,
    0.109999904633));
#3971 = CARTESIAN_POINT('',(0.284977854697,-2.053297112762,
    9.999990463255E-02));
#3972 = CARTESIAN_POINT('',(0.281735102325,-2.043630555794,
    0.109999904633));
#3973 = CARTESIAN_POINT('',(0.281735102325,-2.043630555794,
    9.999990463255E-02));
#3974 = CARTESIAN_POINT('',(0.277536685103,-2.034543820724,
    0.109999904633));
#3975 = CARTESIAN_POINT('',(0.277536685103,-2.034543820724,
    9.999990463255E-02));
#3976 = CARTESIAN_POINT('',(0.27233127317,-2.02607010532,0.109999904633)
  );
#3977 = CARTESIAN_POINT('',(0.27233127317,-2.02607010532,
    9.999990463255E-02));
#3978 = CARTESIAN_POINT('',(0.266259163082,-2.0181448003,0.109999904633)
  );
#3979 = CARTESIAN_POINT('',(0.266259163082,-2.0181448003,
    9.999990463255E-02));
#3980 = CARTESIAN_POINT('',(0.259278753169,-2.010876488846,
    0.109999904633));
#3981 = CARTESIAN_POINT('',(0.259278753169,-2.010876488846,
    9.999990463255E-02));
#3982 = CARTESIAN_POINT('',(0.251558922855,-2.004371376017,
    0.109999904633));
#3983 = CARTESIAN_POINT('',(0.251558922855,-2.004371376017,
    9.999990463255E-02));
#3984 = CARTESIAN_POINT('',(0.243303955599,-1.998586013565,
    0.109999904633));
#3985 = CARTESIAN_POINT('',(0.243303955599,-1.998586013565,
    9.999990463255E-02));
#3986 = CARTESIAN_POINT('',(0.234442920147,-1.993779148432,
    0.109999904633));
#3987 = CARTESIAN_POINT('',(0.234442920147,-1.993779148432,
    9.999990463255E-02));
#3988 = CARTESIAN_POINT('',(0.225051498454,-1.98985171091,0.109999904633
    ));
#3989 = CARTESIAN_POINT('',(0.225051498454,-1.98985171091,
    9.999990463255E-02));
#3990 = CARTESIAN_POINT('',(0.21514611614,-1.986733560297,0.109999904633
    ));
#3991 = CARTESIAN_POINT('',(0.21514611614,-1.986733560297,
    9.999990463255E-02));
#3992 = CARTESIAN_POINT('',(0.204683844593,-1.984610564606,
    0.109999904633));
#3993 = CARTESIAN_POINT('',(0.204683844593,-1.984610564606,
    9.999990463255E-02));
#3994 = CARTESIAN_POINT('',(0.193712232486,-1.983214880884,
    0.109999904633));
#3995 = CARTESIAN_POINT('',(0.193712232486,-1.983214880884,
    9.999990463255E-02));
#3996 = CARTESIAN_POINT('',(0.186209409791,-1.983079135299,
    0.109999904633));
#3997 = CARTESIAN_POINT('',(0.186209409791,-1.983079135299,
    9.999990463255E-02));
#3998 = CARTESIAN_POINT('',(0.182381266395,-1.983009874223,
    0.109999904633));
#3999 = CARTESIAN_POINT('',(0.182381266395,-1.983009874223,
    9.999990463255E-02));
#4000 = ADVANCED_FACE('',(#4001,#4075),#4082,.T.);
#4001 = FACE_BOUND('',#4002,.T.);
#4002 = EDGE_LOOP('',(#4003,#4029,#4053,#4061,#4069));
#4003 = ORIENTED_EDGE('',*,*,#4004,.F.);
#4004 = EDGE_CURVE('',#4005,#4007,#4009,.T.);
#4005 = VERTEX_POINT('',#4006);
#4006 = CARTESIAN_POINT('',(0.262144985907,-2.084953471784,
    0.109999904633));
#4007 = VERTEX_POINT('',#4008);
#4008 = CARTESIAN_POINT('',(0.184324863956,-2.161058654711,
    0.109999904633));
#4009 = B_SPLINE_CURVE_WITH_KNOTS('',3,(#4010,#4011,#4012,#4013,#4014,
    #4015,#4016,#4017,#4018,#4019,#4020,#4021,#4022,#4023,#4024,#4025,
    #4026,#4027,#4028),.UNSPECIFIED.,.F.,.F.,(4,1,1,1,1,1,1,1,1,1,1,1,1,
    1,1,1,4),(0.,7.430379644281E-02,0.144393610364,0.210499496103,
    0.273542606503,0.333824744579,0.392529672409,0.4500874546,
    0.507820611556,0.565464912777,0.623148722334,0.681297192791,
    0.740913498157,0.801855752196,0.865241237721,0.930941657047,1.),
  .UNSPECIFIED.);
#4010 = CARTESIAN_POINT('',(0.262144985907,-2.084953471784,
    0.109999904633));
#4011 = CARTESIAN_POINT('',(0.262079429791,-2.088017648812,
    0.109999904633));
#4012 = CARTESIAN_POINT('',(0.261952035434,-2.093972224553,
    0.109999904633));
#4013 = CARTESIAN_POINT('',(0.260960792594,-2.102608426127,
    0.109999904633));
#4014 = CARTESIAN_POINT('',(0.259299595585,-2.110665821154,
    0.109999904633));
#4015 = CARTESIAN_POINT('',(0.25693783345,-2.118125570516,0.109999904633
    ));
#4016 = CARTESIAN_POINT('',(0.253923327378,-2.125016438505,
    0.109999904633));
#4017 = CARTESIAN_POINT('',(0.250211361078,-2.131298944191,
    0.109999904633));
#4018 = CARTESIAN_POINT('',(0.245830707667,-2.137003887544,
    0.109999904633));
#4019 = CARTESIAN_POINT('',(0.240781997982,-2.142065802024,
    0.109999904633));
#4020 = CARTESIAN_POINT('',(0.235189193013,-2.146515955382,
    0.109999904633));
#4021 = CARTESIAN_POINT('',(0.229189794123,-2.150432309412,
    0.109999904633));
#4022 = CARTESIAN_POINT('',(0.222731758218,-2.153720637482,
    0.109999904633));
#4023 = CARTESIAN_POINT('',(0.215865671841,-2.156422822689,
    0.109999904633));
#4024 = CARTESIAN_POINT('',(0.208568297285,-2.158531333402,
    0.109999904633));
#4025 = CARTESIAN_POINT('',(0.200862022465,-2.15999485359,0.109999904633
    ));
#4026 = CARTESIAN_POINT('',(0.192729954298,-2.160885707545,
    0.109999904633));
#4027 = CARTESIAN_POINT('',(0.187172719197,-2.161000055877,
    0.109999904633));
#4028 = CARTESIAN_POINT('',(0.184324863956,-2.161058654711,
    0.109999904633));
#4029 = ORIENTED_EDGE('',*,*,#4030,.F.);
#4030 = EDGE_CURVE('',#4031,#4005,#4033,.T.);
#4031 = VERTEX_POINT('',#4032);
#4032 = CARTESIAN_POINT('',(0.183219681029,-2.004961093735,
    0.109999904633));
#4033 = B_SPLINE_CURVE_WITH_KNOTS('',3,(#4034,#4035,#4036,#4037,#4038,
    #4039,#4040,#4041,#4042,#4043,#4044,#4045,#4046,#4047,#4048,#4049,
    #4050,#4051,#4052),.UNSPECIFIED.,.F.,.F.,(4,1,1,1,1,1,1,1,1,1,1,1,1,
    1,1,1,4),(0.,7.082657255516E-02,0.13816903328,0.202475331534,
    0.263973754414,0.323380320598,0.381797622713,0.439390074519,
    0.496902724546,0.554662169609,0.612741878492,0.671538836391,
    0.73165572209,0.794297811614,0.859482204979,0.927681325453,1.),
  .UNSPECIFIED.);
#4034 = CARTESIAN_POINT('',(0.183219681029,-2.004961093735,
    0.109999904633));
#4035 = CARTESIAN_POINT('',(0.186233194783,-2.005026235519,
    0.109999904633));
#4036 = CARTESIAN_POINT('',(0.192111981052,-2.005153314621,
    0.109999904633));
#4037 = CARTESIAN_POINT('',(0.200679292361,-2.006162474943,
    0.109999904633));
#4038 = CARTESIAN_POINT('',(0.20874266539,-2.007782993847,0.109999904633
    ));
#4039 = CARTESIAN_POINT('',(0.216303167916,-2.010053092812,
    0.109999904633));
#4040 = CARTESIAN_POINT('',(0.223328045312,-2.013062216954,
    0.109999904633));
#4041 = CARTESIAN_POINT('',(0.229873967897,-2.016673336649,
    0.109999904633));
#4042 = CARTESIAN_POINT('',(0.235895974281,-2.020970500491,
    0.109999904633));
#4043 = CARTESIAN_POINT('',(0.241369653252,-2.025905512634,
    0.109999904633));
#4044 = CARTESIAN_POINT('',(0.24624860203,-2.031453798778,0.109999904633
    ));
#4045 = CARTESIAN_POINT('',(0.250553075203,-2.037528567449,
    0.109999904633));
#4046 = CARTESIAN_POINT('',(0.254129377235,-2.044172426547,
    0.109999904633));
#4047 = CARTESIAN_POINT('',(0.257090875278,-2.051319484416,
    0.109999904633));
#4048 = CARTESIAN_POINT('',(0.259353879043,-2.059001236437,
    0.109999904633));
#4049 = CARTESIAN_POINT('',(0.260994334515,-2.067186909081,
    0.109999904633));
#4050 = CARTESIAN_POINT('',(0.261941848126,-2.075899196807,
    0.109999904633));
#4051 = CARTESIAN_POINT('',(0.262075962703,-2.081876963483,
    0.109999904633));
#4052 = CARTESIAN_POINT('',(0.262144985907,-2.084953471784,
    0.109999904633));
#4053 = ORIENTED_EDGE('',*,*,#4054,.F.);
#4054 = EDGE_CURVE('',#4055,#4031,#4057,.T.);
#4055 = VERTEX_POINT('',#4056);
#4056 = CARTESIAN_POINT('',(0.154827912736,-2.004961093735,
    0.109999904633));
#4057 = LINE('',#4058,#4059);
#4058 = CARTESIAN_POINT('',(0.154827912736,-2.004961093735,
    0.109999904633));
#4059 = VECTOR('',#4060,1.);
#4060 = DIRECTION('',(1.,0.,0.));
#4061 = ORIENTED_EDGE('',*,*,#4062,.F.);
#4062 = EDGE_CURVE('',#4063,#4055,#4065,.T.);
#4063 = VERTEX_POINT('',#4064);
#4064 = CARTESIAN_POINT('',(0.154827912736,-2.161058654711,
    0.109999904633));
#4065 = LINE('',#4066,#4067);
#4066 = CARTESIAN_POINT('',(0.154827912736,-2.161058654711,
    0.109999904633));
#4067 = VECTOR('',#4068,1.);
#4068 = DIRECTION('',(0.,1.,6.982962677686E-15));
#4069 = ORIENTED_EDGE('',*,*,#4070,.F.);
#4070 = EDGE_CURVE('',#4007,#4063,#4071,.T.);
#4071 = LINE('',#4072,#4073);
#4072 = CARTESIAN_POINT('',(0.184324863956,-2.161058654711,
    0.109999904633));
#4073 = VECTOR('',#4074,1.);
#4074 = DIRECTION('',(-1.,0.,0.));
#4075 = FACE_BOUND('',#4076,.T.);
#4076 = EDGE_LOOP('',(#4077,#4078,#4079,#4080,#4081));
#4077 = ORIENTED_EDGE('',*,*,#3793,.F.);
#4078 = ORIENTED_EDGE('',*,*,#3939,.F.);
#4079 = ORIENTED_EDGE('',*,*,#3865,.F.);
#4080 = ORIENTED_EDGE('',*,*,#3841,.F.);
#4081 = ORIENTED_EDGE('',*,*,#3817,.F.);
#4082 = PLANE('',#4083);
#4083 = AXIS2_PLACEMENT_3D('',#4084,#4085,#4086);
#4084 = CARTESIAN_POINT('',(0.258554561964,-2.157070014309,
    0.109999904633));
#4085 = DIRECTION('',(0.,6.982962677686E-15,-1.));
#4086 = DIRECTION('',(1.,0.,0.));
#4087 = ADVANCED_FACE('',(#4088),#4113,.T.);
#4088 = FACE_BOUND('',#4089,.T.);
#4089 = EDGE_LOOP('',(#4090,#4100,#4106,#4107));
#4090 = ORIENTED_EDGE('',*,*,#4091,.F.);
#4091 = EDGE_CURVE('',#4092,#4094,#4096,.T.);
#4092 = VERTEX_POINT('',#4093);
#4093 = CARTESIAN_POINT('',(0.184324863956,-2.161058654711,
    9.999990463255E-02));
#4094 = VERTEX_POINT('',#4095);
#4095 = CARTESIAN_POINT('',(0.154827912736,-2.161058654711,
    9.999990463255E-02));
#4096 = LINE('',#4097,#4098);
#4097 = CARTESIAN_POINT('',(0.184324863956,-2.161058654711,
    9.999990463255E-02));
#4098 = VECTOR('',#4099,1.);
#4099 = DIRECTION('',(-1.,0.,0.));
#4100 = ORIENTED_EDGE('',*,*,#4101,.F.);
#4101 = EDGE_CURVE('',#4007,#4092,#4102,.T.);
#4102 = LINE('',#4103,#4104);
#4103 = CARTESIAN_POINT('',(0.184324863956,-2.161058654711,
    0.109999904633));
#4104 = VECTOR('',#4105,1.);
#4105 = DIRECTION('',(0.,6.982962677686E-15,-1.));
#4106 = ORIENTED_EDGE('',*,*,#4070,.T.);
#4107 = ORIENTED_EDGE('',*,*,#4108,.T.);
#4108 = EDGE_CURVE('',#4063,#4094,#4109,.T.);
#4109 = LINE('',#4110,#4111);
#4110 = CARTESIAN_POINT('',(0.154827912736,-2.161058654711,
    0.109999904633));
#4111 = VECTOR('',#4112,1.);
#4112 = DIRECTION('',(0.,6.982962677686E-15,-1.));
#4113 = PLANE('',#4114);
#4114 = AXIS2_PLACEMENT_3D('',#4115,#4116,#4117);
#4115 = CARTESIAN_POINT('',(0.184324863956,-2.161058654711,
    0.109999904633));
#4116 = DIRECTION('',(0.,-1.,-6.982962677686E-15));
#4117 = DIRECTION('',(0.,6.982962677686E-15,-1.));
#4118 = ADVANCED_FACE('',(#4119),#4153,.T.);
#4119 = FACE_BOUND('',#4120,.T.);
#4120 = EDGE_LOOP('',(#4121,#4145,#4151,#4152));
#4121 = ORIENTED_EDGE('',*,*,#4122,.F.);
#4122 = EDGE_CURVE('',#4123,#4092,#4125,.T.);
#4123 = VERTEX_POINT('',#4124);
#4124 = CARTESIAN_POINT('',(0.262144985907,-2.084953471784,
    9.999990463255E-02));
#4125 = B_SPLINE_CURVE_WITH_KNOTS('',3,(#4126,#4127,#4128,#4129,#4130,
    #4131,#4132,#4133,#4134,#4135,#4136,#4137,#4138,#4139,#4140,#4141,
    #4142,#4143,#4144),.UNSPECIFIED.,.F.,.F.,(4,1,1,1,1,1,1,1,1,1,1,1,1,
    1,1,1,4),(0.,7.430379644281E-02,0.144393610364,0.210499496103,
    0.273542606503,0.333824744579,0.392529672409,0.4500874546,
    0.507820611556,0.565464912777,0.623148722334,0.681297192791,
    0.740913498157,0.801855752196,0.865241237721,0.930941657047,1.),
  .UNSPECIFIED.);
#4126 = CARTESIAN_POINT('',(0.262144985907,-2.084953471784,
    9.999990463255E-02));
#4127 = CARTESIAN_POINT('',(0.262079429791,-2.088017648812,
    9.999990463255E-02));
#4128 = CARTESIAN_POINT('',(0.261952035434,-2.093972224553,
    9.999990463255E-02));
#4129 = CARTESIAN_POINT('',(0.260960792594,-2.102608426127,
    9.999990463255E-02));
#4130 = CARTESIAN_POINT('',(0.259299595585,-2.110665821154,
    9.999990463255E-02));
#4131 = CARTESIAN_POINT('',(0.25693783345,-2.118125570516,
    9.999990463255E-02));
#4132 = CARTESIAN_POINT('',(0.253923327378,-2.125016438505,
    9.999990463255E-02));
#4133 = CARTESIAN_POINT('',(0.250211361078,-2.131298944191,
    9.999990463255E-02));
#4134 = CARTESIAN_POINT('',(0.245830707667,-2.137003887544,
    9.999990463255E-02));
#4135 = CARTESIAN_POINT('',(0.240781997982,-2.142065802024,
    9.999990463255E-02));
#4136 = CARTESIAN_POINT('',(0.235189193013,-2.146515955382,
    9.999990463255E-02));
#4137 = CARTESIAN_POINT('',(0.229189794123,-2.150432309412,
    9.999990463255E-02));
#4138 = CARTESIAN_POINT('',(0.222731758218,-2.153720637482,
    9.999990463255E-02));
#4139 = CARTESIAN_POINT('',(0.215865671841,-2.156422822689,
    9.999990463255E-02));
#4140 = CARTESIAN_POINT('',(0.208568297285,-2.158531333402,
    9.999990463255E-02));
#4141 = CARTESIAN_POINT('',(0.200862022465,-2.15999485359,
    9.999990463255E-02));
#4142 = CARTESIAN_POINT('',(0.192729954298,-2.160885707545,
    9.999990463255E-02));
#4143 = CARTESIAN_POINT('',(0.187172719197,-2.161000055877,
    9.999990463255E-02));
#4144 = CARTESIAN_POINT('',(0.184324863956,-2.161058654711,
    9.999990463255E-02));
#4145 = ORIENTED_EDGE('',*,*,#4146,.F.);
#4146 = EDGE_CURVE('',#4005,#4123,#4147,.T.);
#4147 = LINE('',#4148,#4149);
#4148 = CARTESIAN_POINT('',(0.262144985907,-2.084953471784,
    0.109999904633));
#4149 = VECTOR('',#4150,1.);
#4150 = DIRECTION('',(0.,6.982962677686E-15,-1.));
#4151 = ORIENTED_EDGE('',*,*,#4004,.T.);
#4152 = ORIENTED_EDGE('',*,*,#4101,.T.);
#4153 = B_SPLINE_SURFACE_WITH_KNOTS('',3,1,(
    (#4154,#4155)
    ,(#4156,#4157)
    ,(#4158,#4159)
    ,(#4160,#4161)
    ,(#4162,#4163)
    ,(#4164,#4165)
    ,(#4166,#4167)
    ,(#4168,#4169)
    ,(#4170,#4171)
    ,(#4172,#4173)
    ,(#4174,#4175)
    ,(#4176,#4177)
    ,(#4178,#4179)
    ,(#4180,#4181)
    ,(#4182,#4183)
    ,(#4184,#4185)
    ,(#4186,#4187)
    ,(#4188,#4189)
    ,(#4190,#4191
    )),.UNSPECIFIED.,.F.,.F.,.F.,(4,1,1,1,1,1,1,1,1,1,1,1,1,1,1,1,4),(2,
    2),(0.,7.430379644281E-02,0.144393610364,0.210499496103,
    0.273542606503,0.333824744579,0.392529672409,0.4500874546,
    0.507820611556,0.565464912777,0.623148722334,0.681297192791,
    0.740913498157,0.801855752196,0.865241237721,0.930941657047,1.),(0.,
    1.),.UNSPECIFIED.);
#4154 = CARTESIAN_POINT('',(0.262144985907,-2.084953471784,
    0.109999904633));
#4155 = CARTESIAN_POINT('',(0.262144985907,-2.084953471784,
    9.999990463255E-02));
#4156 = CARTESIAN_POINT('',(0.262079429791,-2.088017648812,
    0.109999904633));
#4157 = CARTESIAN_POINT('',(0.262079429791,-2.088017648812,
    9.999990463255E-02));
#4158 = CARTESIAN_POINT('',(0.261952035434,-2.093972224553,
    0.109999904633));
#4159 = CARTESIAN_POINT('',(0.261952035434,-2.093972224553,
    9.999990463255E-02));
#4160 = CARTESIAN_POINT('',(0.260960792594,-2.102608426127,
    0.109999904633));
#4161 = CARTESIAN_POINT('',(0.260960792594,-2.102608426127,
    9.999990463255E-02));
#4162 = CARTESIAN_POINT('',(0.259299595585,-2.110665821154,
    0.109999904633));
#4163 = CARTESIAN_POINT('',(0.259299595585,-2.110665821154,
    9.999990463255E-02));
#4164 = CARTESIAN_POINT('',(0.25693783345,-2.118125570516,0.109999904633
    ));
#4165 = CARTESIAN_POINT('',(0.25693783345,-2.118125570516,
    9.999990463255E-02));
#4166 = CARTESIAN_POINT('',(0.253923327378,-2.125016438505,
    0.109999904633));
#4167 = CARTESIAN_POINT('',(0.253923327378,-2.125016438505,
    9.999990463255E-02));
#4168 = CARTESIAN_POINT('',(0.250211361078,-2.131298944191,
    0.109999904633));
#4169 = CARTESIAN_POINT('',(0.250211361078,-2.131298944191,
    9.999990463255E-02));
#4170 = CARTESIAN_POINT('',(0.245830707667,-2.137003887544,
    0.109999904633));
#4171 = CARTESIAN_POINT('',(0.245830707667,-2.137003887544,
    9.999990463255E-02));
#4172 = CARTESIAN_POINT('',(0.240781997982,-2.142065802024,
    0.109999904633));
#4173 = CARTESIAN_POINT('',(0.240781997982,-2.142065802024,
    9.999990463255E-02));
#4174 = CARTESIAN_POINT('',(0.235189193013,-2.146515955382,
    0.109999904633));
#4175 = CARTESIAN_POINT('',(0.235189193013,-2.146515955382,
    9.999990463255E-02));
#4176 = CARTESIAN_POINT('',(0.229189794123,-2.150432309412,
    0.109999904633));
#4177 = CARTESIAN_POINT('',(0.229189794123,-2.150432309412,
    9.999990463255E-02));
#4178 = CARTESIAN_POINT('',(0.222731758218,-2.153720637482,
    0.109999904633));
#4179 = CARTESIAN_POINT('',(0.222731758218,-2.153720637482,
    9.999990463255E-02));
#4180 = CARTESIAN_POINT('',(0.215865671841,-2.156422822689,
    0.109999904633));
#4181 = CARTESIAN_POINT('',(0.215865671841,-2.156422822689,
    9.999990463255E-02));
#4182 = CARTESIAN_POINT('',(0.208568297285,-2.158531333402,
    0.109999904633));
#4183 = CARTESIAN_POINT('',(0.208568297285,-2.158531333402,
    9.999990463255E-02));
#4184 = CARTESIAN_POINT('',(0.200862022465,-2.15999485359,0.109999904633
    ));
#4185 = CARTESIAN_POINT('',(0.200862022465,-2.15999485359,
    9.999990463255E-02));
#4186 = CARTESIAN_POINT('',(0.192729954298,-2.160885707545,
    0.109999904633));
#4187 = CARTESIAN_POINT('',(0.192729954298,-2.160885707545,
    9.999990463255E-02));
#4188 = CARTESIAN_POINT('',(0.187172719197,-2.161000055877,
    0.109999904633));
#4189 = CARTESIAN_POINT('',(0.187172719197,-2.161000055877,
    9.999990463255E-02));
#4190 = CARTESIAN_POINT('',(0.184324863956,-2.161058654711,
    0.109999904633));
#4191 = CARTESIAN_POINT('',(0.184324863956,-2.161058654711,
    9.999990463255E-02));
#4192 = ADVANCED_FACE('',(#4193),#4227,.T.);
#4193 = FACE_BOUND('',#4194,.T.);
#4194 = EDGE_LOOP('',(#4195,#4219,#4225,#4226));
#4195 = ORIENTED_EDGE('',*,*,#4196,.F.);
#4196 = EDGE_CURVE('',#4197,#4123,#4199,.T.);
#4197 = VERTEX_POINT('',#4198);
#4198 = CARTESIAN_POINT('',(0.183219681029,-2.004961093735,
    9.999990463255E-02));
#4199 = B_SPLINE_CURVE_WITH_KNOTS('',3,(#4200,#4201,#4202,#4203,#4204,
    #4205,#4206,#4207,#4208,#4209,#4210,#4211,#4212,#4213,#4214,#4215,
    #4216,#4217,#4218),.UNSPECIFIED.,.F.,.F.,(4,1,1,1,1,1,1,1,1,1,1,1,1,
    1,1,1,4),(0.,7.082657255516E-02,0.13816903328,0.202475331534,
    0.263973754414,0.323380320598,0.381797622713,0.439390074519,
    0.496902724546,0.554662169609,0.612741878492,0.671538836391,
    0.73165572209,0.794297811614,0.859482204979,0.927681325453,1.),
  .UNSPECIFIED.);
#4200 = CARTESIAN_POINT('',(0.183219681029,-2.004961093735,
    9.999990463255E-02));
#4201 = CARTESIAN_POINT('',(0.186233194783,-2.005026235519,
    9.999990463255E-02));
#4202 = CARTESIAN_POINT('',(0.192111981052,-2.005153314621,
    9.999990463255E-02));
#4203 = CARTESIAN_POINT('',(0.200679292361,-2.006162474943,
    9.999990463255E-02));
#4204 = CARTESIAN_POINT('',(0.20874266539,-2.007782993847,
    9.999990463255E-02));
#4205 = CARTESIAN_POINT('',(0.216303167916,-2.010053092812,
    9.999990463255E-02));
#4206 = CARTESIAN_POINT('',(0.223328045312,-2.013062216954,
    9.999990463255E-02));
#4207 = CARTESIAN_POINT('',(0.229873967897,-2.016673336649,
    9.999990463255E-02));
#4208 = CARTESIAN_POINT('',(0.235895974281,-2.020970500491,
    9.999990463255E-02));
#4209 = CARTESIAN_POINT('',(0.241369653252,-2.025905512634,
    9.999990463255E-02));
#4210 = CARTESIAN_POINT('',(0.24624860203,-2.031453798778,
    9.999990463255E-02));
#4211 = CARTESIAN_POINT('',(0.250553075203,-2.037528567449,
    9.999990463255E-02));
#4212 = CARTESIAN_POINT('',(0.254129377235,-2.044172426547,
    9.999990463255E-02));
#4213 = CARTESIAN_POINT('',(0.257090875278,-2.051319484416,
    9.999990463255E-02));
#4214 = CARTESIAN_POINT('',(0.259353879043,-2.059001236437,
    9.999990463255E-02));
#4215 = CARTESIAN_POINT('',(0.260994334515,-2.067186909081,
    9.999990463255E-02));
#4216 = CARTESIAN_POINT('',(0.261941848126,-2.075899196807,
    9.999990463255E-02));
#4217 = CARTESIAN_POINT('',(0.262075962703,-2.081876963483,
    9.999990463255E-02));
#4218 = CARTESIAN_POINT('',(0.262144985907,-2.084953471784,
    9.999990463255E-02));
#4219 = ORIENTED_EDGE('',*,*,#4220,.F.);
#4220 = EDGE_CURVE('',#4031,#4197,#4221,.T.);
#4221 = LINE('',#4222,#4223);
#4222 = CARTESIAN_POINT('',(0.183219681029,-2.004961093735,
    0.109999904633));
#4223 = VECTOR('',#4224,1.);
#4224 = DIRECTION('',(0.,6.982962677686E-15,-1.));
#4225 = ORIENTED_EDGE('',*,*,#4030,.T.);
#4226 = ORIENTED_EDGE('',*,*,#4146,.T.);
#4227 = B_SPLINE_SURFACE_WITH_KNOTS('',3,1,(
    (#4228,#4229)
    ,(#4230,#4231)
    ,(#4232,#4233)
    ,(#4234,#4235)
    ,(#4236,#4237)
    ,(#4238,#4239)
    ,(#4240,#4241)
    ,(#4242,#4243)
    ,(#4244,#4245)
    ,(#4246,#4247)
    ,(#4248,#4249)
    ,(#4250,#4251)
    ,(#4252,#4253)
    ,(#4254,#4255)
    ,(#4256,#4257)
    ,(#4258,#4259)
    ,(#4260,#4261)
    ,(#4262,#4263)
    ,(#4264,#4265
    )),.UNSPECIFIED.,.F.,.F.,.F.,(4,1,1,1,1,1,1,1,1,1,1,1,1,1,1,1,4),(2,
    2),(0.,7.082657255516E-02,0.13816903328,0.202475331534,
    0.263973754414,0.323380320598,0.381797622713,0.439390074519,
    0.496902724546,0.554662169609,0.612741878492,0.671538836391,
    0.73165572209,0.794297811614,0.859482204979,0.927681325453,1.),(0.,
    1.),.UNSPECIFIED.);
#4228 = CARTESIAN_POINT('',(0.183219681029,-2.004961093735,
    0.109999904633));
#4229 = CARTESIAN_POINT('',(0.183219681029,-2.004961093735,
    9.999990463255E-02));
#4230 = CARTESIAN_POINT('',(0.186233194783,-2.005026235519,
    0.109999904633));
#4231 = CARTESIAN_POINT('',(0.186233194783,-2.005026235519,
    9.999990463255E-02));
#4232 = CARTESIAN_POINT('',(0.192111981052,-2.005153314621,
    0.109999904633));
#4233 = CARTESIAN_POINT('',(0.192111981052,-2.005153314621,
    9.999990463255E-02));
#4234 = CARTESIAN_POINT('',(0.200679292361,-2.006162474943,
    0.109999904633));
#4235 = CARTESIAN_POINT('',(0.200679292361,-2.006162474943,
    9.999990463255E-02));
#4236 = CARTESIAN_POINT('',(0.20874266539,-2.007782993847,0.109999904633
    ));
#4237 = CARTESIAN_POINT('',(0.20874266539,-2.007782993847,
    9.999990463255E-02));
#4238 = CARTESIAN_POINT('',(0.216303167916,-2.010053092812,
    0.109999904633));
#4239 = CARTESIAN_POINT('',(0.216303167916,-2.010053092812,
    9.999990463255E-02));
#4240 = CARTESIAN_POINT('',(0.223328045312,-2.013062216954,
    0.109999904633));
#4241 = CARTESIAN_POINT('',(0.223328045312,-2.013062216954,
    9.999990463255E-02));
#4242 = CARTESIAN_POINT('',(0.229873967897,-2.016673336649,
    0.109999904633));
#4243 = CARTESIAN_POINT('',(0.229873967897,-2.016673336649,
    9.999990463255E-02));
#4244 = CARTESIAN_POINT('',(0.235895974281,-2.020970500491,
    0.109999904633));
#4245 = CARTESIAN_POINT('',(0.235895974281,-2.020970500491,
    9.999990463255E-02));
#4246 = CARTESIAN_POINT('',(0.241369653252,-2.025905512634,
    0.109999904633));
#4247 = CARTESIAN_POINT('',(0.241369653252,-2.025905512634,
    9.999990463255E-02));
#4248 = CARTESIAN_POINT('',(0.24624860203,-2.031453798778,0.109999904633
    ));
#4249 = CARTESIAN_POINT('',(0.24624860203,-2.031453798778,
    9.999990463255E-02));
#4250 = CARTESIAN_POINT('',(0.250553075203,-2.037528567449,
    0.109999904633));
#4251 = CARTESIAN_POINT('',(0.250553075203,-2.037528567449,
    9.999990463255E-02));
#4252 = CARTESIAN_POINT('',(0.254129377235,-2.044172426547,
    0.109999904633));
#4253 = CARTESIAN_POINT('',(0.254129377235,-2.044172426547,
    9.999990463255E-02));
#4254 = CARTESIAN_POINT('',(0.257090875278,-2.051319484416,
    0.109999904633));
#4255 = CARTESIAN_POINT('',(0.257090875278,-2.051319484416,
    9.999990463255E-02));
#4256 = CARTESIAN_POINT('',(0.259353879043,-2.059001236437,
    0.109999904633));
#4257 = CARTESIAN_POINT('',(0.259353879043,-2.059001236437,
    9.999990463255E-02));
#4258 = CARTESIAN_POINT('',(0.260994334515,-2.067186909081,
    0.109999904633));
#4259 = CARTESIAN_POINT('',(0.260994334515,-2.067186909081,
    9.999990463255E-02));
#4260 = CARTESIAN_POINT('',(0.261941848126,-2.075899196807,
    0.109999904633));
#4261 = CARTESIAN_POINT('',(0.261941848126,-2.075899196807,
    9.999990463255E-02));
#4262 = CARTESIAN_POINT('',(0.262075962703,-2.081876963483,
    0.109999904633));
#4263 = CARTESIAN_POINT('',(0.262075962703,-2.081876963483,
    9.999990463255E-02));
#4264 = CARTESIAN_POINT('',(0.262144985907,-2.084953471784,
    0.109999904633));
#4265 = CARTESIAN_POINT('',(0.262144985907,-2.084953471784,
    9.999990463255E-02));
#4266 = ADVANCED_FACE('',(#4267),#4285,.T.);
#4267 = FACE_BOUND('',#4268,.T.);
#4268 = EDGE_LOOP('',(#4269,#4277,#4283,#4284));
#4269 = ORIENTED_EDGE('',*,*,#4270,.F.);
#4270 = EDGE_CURVE('',#4271,#4197,#4273,.T.);
#4271 = VERTEX_POINT('',#4272);
#4272 = CARTESIAN_POINT('',(0.154827912736,-2.004961093735,
    9.999990463255E-02));
#4273 = LINE('',#4274,#4275);
#4274 = CARTESIAN_POINT('',(0.154827912736,-2.004961093735,
    9.999990463255E-02));
#4275 = VECTOR('',#4276,1.);
#4276 = DIRECTION('',(1.,0.,0.));
#4277 = ORIENTED_EDGE('',*,*,#4278,.F.);
#4278 = EDGE_CURVE('',#4055,#4271,#4279,.T.);
#4279 = LINE('',#4280,#4281);
#4280 = CARTESIAN_POINT('',(0.154827912736,-2.004961093735,
    0.109999904633));
#4281 = VECTOR('',#4282,1.);
#4282 = DIRECTION('',(0.,6.982962677686E-15,-1.));
#4283 = ORIENTED_EDGE('',*,*,#4054,.T.);
#4284 = ORIENTED_EDGE('',*,*,#4220,.T.);
#4285 = PLANE('',#4286);
#4286 = AXIS2_PLACEMENT_3D('',#4287,#4288,#4289);
#4287 = CARTESIAN_POINT('',(0.154827912736,-2.004961093735,
    0.109999904633));
#4288 = DIRECTION('',(0.,1.,6.982962677686E-15));
#4289 = DIRECTION('',(0.,-6.982962677686E-15,1.));
#4290 = ADVANCED_FACE('',(#4291),#4302,.T.);
#4291 = FACE_BOUND('',#4292,.T.);
#4292 = EDGE_LOOP('',(#4293,#4299,#4300,#4301));
#4293 = ORIENTED_EDGE('',*,*,#4294,.F.);
#4294 = EDGE_CURVE('',#4094,#4271,#4295,.T.);
#4295 = LINE('',#4296,#4297);
#4296 = CARTESIAN_POINT('',(0.154827912736,-2.161058654711,
    9.999990463255E-02));
#4297 = VECTOR('',#4298,1.);
#4298 = DIRECTION('',(0.,1.,6.982962677686E-15));
#4299 = ORIENTED_EDGE('',*,*,#4108,.F.);
#4300 = ORIENTED_EDGE('',*,*,#4062,.T.);
#4301 = ORIENTED_EDGE('',*,*,#4278,.T.);
#4302 = PLANE('',#4303);
#4303 = AXIS2_PLACEMENT_3D('',#4304,#4305,#4306);
#4304 = CARTESIAN_POINT('',(0.154827912736,-2.161058654711,
    0.109999904633));
#4305 = DIRECTION('',(-1.,0.,0.));
#4306 = DIRECTION('',(0.,6.982962677686E-15,-1.));
#4307 = ADVANCED_FACE('',(#4308),#4333,.T.);
#4308 = FACE_BOUND('',#4309,.T.);
#4309 = EDGE_LOOP('',(#4310,#4311,#4319,#4327));
#4310 = ORIENTED_EDGE('',*,*,#941,.F.);
#4311 = ORIENTED_EDGE('',*,*,#4312,.F.);
#4312 = EDGE_CURVE('',#4313,#942,#4315,.T.);
#4313 = VERTEX_POINT('',#4314);
#4314 = CARTESIAN_POINT('',(8.897425419986E-02,-2.004961093735,
    0.109999904633));
#4315 = LINE('',#4316,#4317);
#4316 = CARTESIAN_POINT('',(8.897425419986E-02,-2.004961093735,
    0.109999904633));
#4317 = VECTOR('',#4318,1.);
#4318 = DIRECTION('',(0.,6.982962677686E-15,-1.));
#4319 = ORIENTED_EDGE('',*,*,#4320,.T.);
#4320 = EDGE_CURVE('',#4313,#4321,#4323,.T.);
#4321 = VERTEX_POINT('',#4322);
#4322 = CARTESIAN_POINT('',(8.897425419986E-02,-1.983009874223,
    0.109999904633));
#4323 = LINE('',#4324,#4325);
#4324 = CARTESIAN_POINT('',(8.897425419986E-02,-2.004961093735,
    0.109999904633));
#4325 = VECTOR('',#4326,1.);
#4326 = DIRECTION('',(0.,1.,6.982962677686E-15));
#4327 = ORIENTED_EDGE('',*,*,#4328,.T.);
#4328 = EDGE_CURVE('',#4321,#944,#4329,.T.);
#4329 = LINE('',#4330,#4331);
#4330 = CARTESIAN_POINT('',(8.897425419986E-02,-1.983009874223,
    0.109999904633));
#4331 = VECTOR('',#4332,1.);
#4332 = DIRECTION('',(0.,6.982962677686E-15,-1.));
#4333 = PLANE('',#4334);
#4334 = AXIS2_PLACEMENT_3D('',#4335,#4336,#4337);
#4335 = CARTESIAN_POINT('',(8.897425419986E-02,-2.004961093735,
    0.109999904633));
#4336 = DIRECTION('',(-1.,0.,0.));
#4337 = DIRECTION('',(0.,6.982962677686E-15,-1.));
#4338 = ADVANCED_FACE('',(#4339),#4357,.T.);
#4339 = FACE_BOUND('',#4340,.T.);
#4340 = EDGE_LOOP('',(#4341,#4342,#4343,#4351));
#4341 = ORIENTED_EDGE('',*,*,#951,.F.);
#4342 = ORIENTED_EDGE('',*,*,#4328,.F.);
#4343 = ORIENTED_EDGE('',*,*,#4344,.T.);
#4344 = EDGE_CURVE('',#4321,#4345,#4347,.T.);
#4345 = VERTEX_POINT('',#4346);
#4346 = CARTESIAN_POINT('',(-1.834281897087E-02,-1.983009874223,
    0.109999904633));
#4347 = LINE('',#4348,#4349);
#4348 = CARTESIAN_POINT('',(8.897425419986E-02,-1.983009874223,
    0.109999904633));
#4349 = VECTOR('',#4350,1.);
#4350 = DIRECTION('',(-1.,0.,0.));
#4351 = ORIENTED_EDGE('',*,*,#4352,.T.);
#4352 = EDGE_CURVE('',#4345,#952,#4353,.T.);
#4353 = LINE('',#4354,#4355);
#4354 = CARTESIAN_POINT('',(-1.834281897087E-02,-1.983009874223,
    0.109999904633));
#4355 = VECTOR('',#4356,1.);
#4356 = DIRECTION('',(0.,6.982962677686E-15,-1.));
#4357 = PLANE('',#4358);
#4358 = AXIS2_PLACEMENT_3D('',#4359,#4360,#4361);
#4359 = CARTESIAN_POINT('',(8.897425419986E-02,-1.983009874223,
    0.109999904633));
#4360 = DIRECTION('',(0.,-1.,-6.982962677686E-15));
#4361 = DIRECTION('',(0.,6.982962677686E-15,-1.));
#4362 = ADVANCED_FACE('',(#4363),#4381,.T.);
#4363 = FACE_BOUND('',#4364,.T.);
#4364 = EDGE_LOOP('',(#4365,#4366,#4367,#4375));
#4365 = ORIENTED_EDGE('',*,*,#959,.F.);
#4366 = ORIENTED_EDGE('',*,*,#4352,.F.);
#4367 = ORIENTED_EDGE('',*,*,#4368,.T.);
#4368 = EDGE_CURVE('',#4345,#4369,#4371,.T.);
#4369 = VERTEX_POINT('',#4370);
#4370 = CARTESIAN_POINT('',(-1.834281897087E-02,-2.183009874223,
    0.109999904633));
#4371 = LINE('',#4372,#4373);
#4372 = CARTESIAN_POINT('',(-1.834281897087E-02,-1.983009874223,
    0.109999904633));
#4373 = VECTOR('',#4374,1.);
#4374 = DIRECTION('',(0.,-1.,-6.982962677686E-15));
#4375 = ORIENTED_EDGE('',*,*,#4376,.T.);
#4376 = EDGE_CURVE('',#4369,#960,#4377,.T.);
#4377 = LINE('',#4378,#4379);
#4378 = CARTESIAN_POINT('',(-1.834281897087E-02,-2.183009874223,
    0.109999904633));
#4379 = VECTOR('',#4380,1.);
#4380 = DIRECTION('',(0.,6.982962677686E-15,-1.));
#4381 = PLANE('',#4382);
#4382 = AXIS2_PLACEMENT_3D('',#4383,#4384,#4385);
#4383 = CARTESIAN_POINT('',(-1.834281897087E-02,-1.983009874223,
    0.109999904633));
#4384 = DIRECTION('',(1.,0.,0.));
#4385 = DIRECTION('',(0.,-6.982962677686E-15,1.));
#4386 = ADVANCED_FACE('',(#4387),#4405,.T.);
#4387 = FACE_BOUND('',#4388,.T.);
#4388 = EDGE_LOOP('',(#4389,#4390,#4391,#4399));
#4389 = ORIENTED_EDGE('',*,*,#967,.F.);
#4390 = ORIENTED_EDGE('',*,*,#4376,.F.);
#4391 = ORIENTED_EDGE('',*,*,#4392,.T.);
#4392 = EDGE_CURVE('',#4369,#4393,#4395,.T.);
#4393 = VERTEX_POINT('',#4394);
#4394 = CARTESIAN_POINT('',(8.409620541937E-02,-2.183009874223,
    0.109999904633));
#4395 = LINE('',#4396,#4397);
#4396 = CARTESIAN_POINT('',(-1.834281897087E-02,-2.183009874223,
    0.109999904633));
#4397 = VECTOR('',#4398,1.);
#4398 = DIRECTION('',(1.,0.,0.));
#4399 = ORIENTED_EDGE('',*,*,#4400,.T.);
#4400 = EDGE_CURVE('',#4393,#968,#4401,.T.);
#4401 = LINE('',#4402,#4403);
#4402 = CARTESIAN_POINT('',(8.409620541937E-02,-2.183009874223,
    0.109999904633));
#4403 = VECTOR('',#4404,1.);
#4404 = DIRECTION('',(0.,6.982962677686E-15,-1.));
#4405 = PLANE('',#4406);
#4406 = AXIS2_PLACEMENT_3D('',#4407,#4408,#4409);
#4407 = CARTESIAN_POINT('',(-1.834281897087E-02,-2.183009874223,
    0.109999904633));
#4408 = DIRECTION('',(0.,1.,6.982962677686E-15));
#4409 = DIRECTION('',(0.,-6.982962677686E-15,1.));
#4410 = ADVANCED_FACE('',(#4411),#4429,.T.);
#4411 = FACE_BOUND('',#4412,.T.);
#4412 = EDGE_LOOP('',(#4413,#4414,#4415,#4423));
#4413 = ORIENTED_EDGE('',*,*,#975,.F.);
#4414 = ORIENTED_EDGE('',*,*,#4400,.F.);
#4415 = ORIENTED_EDGE('',*,*,#4416,.T.);
#4416 = EDGE_CURVE('',#4393,#4417,#4419,.T.);
#4417 = VERTEX_POINT('',#4418);
#4418 = CARTESIAN_POINT('',(8.409620541937E-02,-2.161058654711,
    0.109999904633));
#4419 = LINE('',#4420,#4421);
#4420 = CARTESIAN_POINT('',(8.409620541937E-02,-2.183009874223,
    0.109999904633));
#4421 = VECTOR('',#4422,1.);
#4422 = DIRECTION('',(0.,1.,6.982962677686E-15));
#4423 = ORIENTED_EDGE('',*,*,#4424,.T.);
#4424 = EDGE_CURVE('',#4417,#976,#4425,.T.);
#4425 = LINE('',#4426,#4427);
#4426 = CARTESIAN_POINT('',(8.409620541937E-02,-2.161058654711,
    0.109999904633));
#4427 = VECTOR('',#4428,1.);
#4428 = DIRECTION('',(0.,6.982962677686E-15,-1.));
#4429 = PLANE('',#4430);
#4430 = AXIS2_PLACEMENT_3D('',#4431,#4432,#4433);
#4431 = CARTESIAN_POINT('',(8.409620541937E-02,-2.183009874223,
    0.109999904633));
#4432 = DIRECTION('',(-1.,0.,0.));
#4433 = DIRECTION('',(0.,6.982962677686E-15,-1.));
#4434 = ADVANCED_FACE('',(#4435),#4453,.T.);
#4435 = FACE_BOUND('',#4436,.T.);
#4436 = EDGE_LOOP('',(#4437,#4438,#4439,#4447));
#4437 = ORIENTED_EDGE('',*,*,#983,.F.);
#4438 = ORIENTED_EDGE('',*,*,#4424,.F.);
#4439 = ORIENTED_EDGE('',*,*,#4440,.T.);
#4440 = EDGE_CURVE('',#4417,#4441,#4443,.T.);
#4441 = VERTEX_POINT('',#4442);
#4442 = CARTESIAN_POINT('',(8.486449321809E-03,-2.161058654711,
    0.109999904633));
#4443 = LINE('',#4444,#4445);
#4444 = CARTESIAN_POINT('',(8.409620541937E-02,-2.161058654711,
    0.109999904633));
#4445 = VECTOR('',#4446,1.);
#4446 = DIRECTION('',(-1.,0.,0.));
#4447 = ORIENTED_EDGE('',*,*,#4448,.T.);
#4448 = EDGE_CURVE('',#4441,#984,#4449,.T.);
#4449 = LINE('',#4450,#4451);
#4450 = CARTESIAN_POINT('',(8.486449321809E-03,-2.161058654711,
    0.109999904633));
#4451 = VECTOR('',#4452,1.);
#4452 = DIRECTION('',(0.,6.982962677686E-15,-1.));
#4453 = PLANE('',#4454);
#4454 = AXIS2_PLACEMENT_3D('',#4455,#4456,#4457);
#4455 = CARTESIAN_POINT('',(8.409620541937E-02,-2.161058654711,
    0.109999904633));
#4456 = DIRECTION('',(0.,-1.,-6.982962677686E-15));
#4457 = DIRECTION('',(0.,6.982962677686E-15,-1.));
#4458 = ADVANCED_FACE('',(#4459),#4477,.T.);
#4459 = FACE_BOUND('',#4460,.T.);
#4460 = EDGE_LOOP('',(#4461,#4462,#4463,#4471));
#4461 = ORIENTED_EDGE('',*,*,#991,.F.);
#4462 = ORIENTED_EDGE('',*,*,#4448,.F.);
#4463 = ORIENTED_EDGE('',*,*,#4464,.T.);
#4464 = EDGE_CURVE('',#4441,#4465,#4467,.T.);
#4465 = VERTEX_POINT('',#4466);
#4466 = CARTESIAN_POINT('',(8.486449321809E-03,-2.095204996175,
    0.109999904633));
#4467 = LINE('',#4468,#4469);
#4468 = CARTESIAN_POINT('',(8.486449321809E-03,-2.161058654711,
    0.109999904633));
#4469 = VECTOR('',#4470,1.);
#4470 = DIRECTION('',(0.,1.,6.982962677686E-15));
#4471 = ORIENTED_EDGE('',*,*,#4472,.T.);
#4472 = EDGE_CURVE('',#4465,#992,#4473,.T.);
#4473 = LINE('',#4474,#4475);
#4474 = CARTESIAN_POINT('',(8.486449321809E-03,-2.095204996175,
    0.109999904633));
#4475 = VECTOR('',#4476,1.);
#4476 = DIRECTION('',(0.,6.982962677686E-15,-1.));
#4477 = PLANE('',#4478);
#4478 = AXIS2_PLACEMENT_3D('',#4479,#4480,#4481);
#4479 = CARTESIAN_POINT('',(8.486449321809E-03,-2.161058654711,
    0.109999904633));
#4480 = DIRECTION('',(-1.,0.,0.));
#4481 = DIRECTION('',(0.,6.982962677686E-15,-1.));
#4482 = ADVANCED_FACE('',(#4483),#4501,.T.);
#4483 = FACE_BOUND('',#4484,.T.);
#4484 = EDGE_LOOP('',(#4485,#4486,#4487,#4495));
#4485 = ORIENTED_EDGE('',*,*,#999,.F.);
#4486 = ORIENTED_EDGE('',*,*,#4472,.F.);
#4487 = ORIENTED_EDGE('',*,*,#4488,.T.);
#4488 = EDGE_CURVE('',#4465,#4489,#4491,.T.);
#4489 = VERTEX_POINT('',#4490);
#4490 = CARTESIAN_POINT('',(7.921815663888E-02,-2.095204996175,
    0.109999904633));
#4491 = LINE('',#4492,#4493);
#4492 = CARTESIAN_POINT('',(8.486449321809E-03,-2.095204996175,
    0.109999904633));
#4493 = VECTOR('',#4494,1.);
#4494 = DIRECTION('',(1.,0.,0.));
#4495 = ORIENTED_EDGE('',*,*,#4496,.T.);
#4496 = EDGE_CURVE('',#4489,#1000,#4497,.T.);
#4497 = LINE('',#4498,#4499);
#4498 = CARTESIAN_POINT('',(7.921815663888E-02,-2.095204996175,
    0.109999904633));
#4499 = VECTOR('',#4500,1.);
#4500 = DIRECTION('',(0.,6.982962677686E-15,-1.));
#4501 = PLANE('',#4502);
#4502 = AXIS2_PLACEMENT_3D('',#4503,#4504,#4505);
#4503 = CARTESIAN_POINT('',(8.486449321809E-03,-2.095204996175,
    0.109999904633));
#4504 = DIRECTION('',(0.,1.,6.982962677686E-15));
#4505 = DIRECTION('',(0.,-6.982962677686E-15,1.));
#4506 = ADVANCED_FACE('',(#4507),#4525,.T.);
#4507 = FACE_BOUND('',#4508,.T.);
#4508 = EDGE_LOOP('',(#4509,#4510,#4511,#4519));
#4509 = ORIENTED_EDGE('',*,*,#1007,.F.);
#4510 = ORIENTED_EDGE('',*,*,#4496,.F.);
#4511 = ORIENTED_EDGE('',*,*,#4512,.T.);
#4512 = EDGE_CURVE('',#4489,#4513,#4515,.T.);
#4513 = VERTEX_POINT('',#4514);
#4514 = CARTESIAN_POINT('',(7.921815663888E-02,-2.073253776662,
    0.109999904633));
#4515 = LINE('',#4516,#4517);
#4516 = CARTESIAN_POINT('',(7.921815663888E-02,-2.095204996175,
    0.109999904633));
#4517 = VECTOR('',#4518,1.);
#4518 = DIRECTION('',(0.,1.,6.982962677686E-15));
#4519 = ORIENTED_EDGE('',*,*,#4520,.T.);
#4520 = EDGE_CURVE('',#4513,#1008,#4521,.T.);
#4521 = LINE('',#4522,#4523);
#4522 = CARTESIAN_POINT('',(7.921815663888E-02,-2.073253776662,
    0.109999904633));
#4523 = VECTOR('',#4524,1.);
#4524 = DIRECTION('',(0.,6.982962677686E-15,-1.));
#4525 = PLANE('',#4526);
#4526 = AXIS2_PLACEMENT_3D('',#4527,#4528,#4529);
#4527 = CARTESIAN_POINT('',(7.921815663888E-02,-2.095204996175,
    0.109999904633));
#4528 = DIRECTION('',(-1.,0.,0.));
#4529 = DIRECTION('',(0.,6.982962677686E-15,-1.));
#4530 = ADVANCED_FACE('',(#4531),#4549,.T.);
#4531 = FACE_BOUND('',#4532,.T.);
#4532 = EDGE_LOOP('',(#4533,#4534,#4535,#4543));
#4533 = ORIENTED_EDGE('',*,*,#1015,.F.);
#4534 = ORIENTED_EDGE('',*,*,#4520,.F.);
#4535 = ORIENTED_EDGE('',*,*,#4536,.T.);
#4536 = EDGE_CURVE('',#4513,#4537,#4539,.T.);
#4537 = VERTEX_POINT('',#4538);
#4538 = CARTESIAN_POINT('',(8.486449321809E-03,-2.073253776662,
    0.109999904633));
#4539 = LINE('',#4540,#4541);
#4540 = CARTESIAN_POINT('',(7.921815663888E-02,-2.073253776662,
    0.109999904633));
#4541 = VECTOR('',#4542,1.);
#4542 = DIRECTION('',(-1.,0.,0.));
#4543 = ORIENTED_EDGE('',*,*,#4544,.T.);
#4544 = EDGE_CURVE('',#4537,#1016,#4545,.T.);
#4545 = LINE('',#4546,#4547);
#4546 = CARTESIAN_POINT('',(8.486449321809E-03,-2.073253776662,
    0.109999904633));
#4547 = VECTOR('',#4548,1.);
#4548 = DIRECTION('',(0.,6.982962677686E-15,-1.));
#4549 = PLANE('',#4550);
#4550 = AXIS2_PLACEMENT_3D('',#4551,#4552,#4553);
#4551 = CARTESIAN_POINT('',(7.921815663888E-02,-2.073253776662,
    0.109999904633));
#4552 = DIRECTION('',(0.,-1.,-6.982962677686E-15));
#4553 = DIRECTION('',(0.,6.982962677686E-15,-1.));
#4554 = ADVANCED_FACE('',(#4555),#4573,.T.);
#4555 = FACE_BOUND('',#4556,.T.);
#4556 = EDGE_LOOP('',(#4557,#4558,#4559,#4567));
#4557 = ORIENTED_EDGE('',*,*,#1023,.F.);
#4558 = ORIENTED_EDGE('',*,*,#4544,.F.);
#4559 = ORIENTED_EDGE('',*,*,#4560,.T.);
#4560 = EDGE_CURVE('',#4537,#4561,#4563,.T.);
#4561 = VERTEX_POINT('',#4562);
#4562 = CARTESIAN_POINT('',(8.486449321809E-03,-2.004961093735,
    0.109999904633));
#4563 = LINE('',#4564,#4565);
#4564 = CARTESIAN_POINT('',(8.486449321809E-03,-2.073253776662,
    0.109999904633));
#4565 = VECTOR('',#4566,1.);
#4566 = DIRECTION('',(0.,1.,6.982962677686E-15));
#4567 = ORIENTED_EDGE('',*,*,#4568,.T.);
#4568 = EDGE_CURVE('',#4561,#1024,#4569,.T.);
#4569 = LINE('',#4570,#4571);
#4570 = CARTESIAN_POINT('',(8.486449321809E-03,-2.004961093735,
    0.109999904633));
#4571 = VECTOR('',#4572,1.);
#4572 = DIRECTION('',(0.,6.982962677686E-15,-1.));
#4573 = PLANE('',#4574);
#4574 = AXIS2_PLACEMENT_3D('',#4575,#4576,#4577);
#4575 = CARTESIAN_POINT('',(8.486449321809E-03,-2.073253776662,
    0.109999904633));
#4576 = DIRECTION('',(-1.,0.,0.));
#4577 = DIRECTION('',(0.,6.982962677686E-15,-1.));
#4578 = ADVANCED_FACE('',(#4579),#4590,.T.);
#4579 = FACE_BOUND('',#4580,.T.);
#4580 = EDGE_LOOP('',(#4581,#4582,#4583,#4589));
#4581 = ORIENTED_EDGE('',*,*,#1031,.F.);
#4582 = ORIENTED_EDGE('',*,*,#4568,.F.);
#4583 = ORIENTED_EDGE('',*,*,#4584,.T.);
#4584 = EDGE_CURVE('',#4561,#4313,#4585,.T.);
#4585 = LINE('',#4586,#4587);
#4586 = CARTESIAN_POINT('',(8.486449321809E-03,-2.004961093735,
    0.109999904633));
#4587 = VECTOR('',#4588,1.);
#4588 = DIRECTION('',(1.,0.,0.));
#4589 = ORIENTED_EDGE('',*,*,#4312,.T.);
#4590 = PLANE('',#4591);
#4591 = AXIS2_PLACEMENT_3D('',#4592,#4593,#4594);
#4592 = CARTESIAN_POINT('',(8.486449321809E-03,-2.004961093735,
    0.109999904633));
#4593 = DIRECTION('',(0.,1.,6.982962677686E-15));
#4594 = DIRECTION('',(0.,-6.982962677686E-15,1.));
#4595 = ADVANCED_FACE('',(#4596),#4610,.F.);
#4596 = FACE_BOUND('',#4597,.T.);
#4597 = EDGE_LOOP('',(#4598,#4599,#4600,#4601,#4602,#4603,#4604,#4605,
    #4606,#4607,#4608,#4609));
#4598 = ORIENTED_EDGE('',*,*,#4320,.F.);
#4599 = ORIENTED_EDGE('',*,*,#4584,.F.);
#4600 = ORIENTED_EDGE('',*,*,#4560,.F.);
#4601 = ORIENTED_EDGE('',*,*,#4536,.F.);
#4602 = ORIENTED_EDGE('',*,*,#4512,.F.);
#4603 = ORIENTED_EDGE('',*,*,#4488,.F.);
#4604 = ORIENTED_EDGE('',*,*,#4464,.F.);
#4605 = ORIENTED_EDGE('',*,*,#4440,.F.);
#4606 = ORIENTED_EDGE('',*,*,#4416,.F.);
#4607 = ORIENTED_EDGE('',*,*,#4392,.F.);
#4608 = ORIENTED_EDGE('',*,*,#4368,.F.);
#4609 = ORIENTED_EDGE('',*,*,#4344,.F.);
#4610 = PLANE('',#4611);
#4611 = AXIS2_PLACEMENT_3D('',#4612,#4613,#4614);
#4612 = CARTESIAN_POINT('',(0.,-6.982962677686E-17,0.109999904633));
#4613 = DIRECTION('',(0.,-6.982962677686E-15,1.));
#4614 = DIRECTION('',(-1.,0.,0.));
#4615 = ADVANCED_FACE('',(#4616),#4641,.T.);
#4616 = FACE_BOUND('',#4617,.T.);
#4617 = EDGE_LOOP('',(#4618,#4619,#4627,#4635));
#4618 = ORIENTED_EDGE('',*,*,#589,.F.);
#4619 = ORIENTED_EDGE('',*,*,#4620,.F.);
#4620 = EDGE_CURVE('',#4621,#590,#4623,.T.);
#4621 = VERTEX_POINT('',#4622);
#4622 = CARTESIAN_POINT('',(-5.736720921478E-02,-2.015326947394,
    0.109999904633));
#4623 = LINE('',#4624,#4625);
#4624 = CARTESIAN_POINT('',(-5.736720921478E-02,-2.015326947394,
    0.109999904633));
#4625 = VECTOR('',#4626,1.);
#4626 = DIRECTION('',(0.,6.982962677686E-15,-1.));
#4627 = ORIENTED_EDGE('',*,*,#4628,.T.);
#4628 = EDGE_CURVE('',#4621,#4629,#4631,.T.);
#4629 = VERTEX_POINT('',#4630);
#4630 = CARTESIAN_POINT('',(-5.736720921478E-02,-1.993375727882,
    0.109999904633));
#4631 = LINE('',#4632,#4633);
#4632 = CARTESIAN_POINT('',(-5.736720921478E-02,-2.015326947394,
    0.109999904633));
#4633 = VECTOR('',#4634,1.);
#4634 = DIRECTION('',(0.,1.,6.982962677686E-15));
#4635 = ORIENTED_EDGE('',*,*,#4636,.T.);
#4636 = EDGE_CURVE('',#4629,#592,#4637,.T.);
#4637 = LINE('',#4638,#4639);
#4638 = CARTESIAN_POINT('',(-5.736720921478E-02,-1.993375727882,
    0.109999904633));
#4639 = VECTOR('',#4640,1.);
#4640 = DIRECTION('',(0.,6.982962677686E-15,-1.));
#4641 = PLANE('',#4642);
#4642 = AXIS2_PLACEMENT_3D('',#4643,#4644,#4645);
#4643 = CARTESIAN_POINT('',(-5.736720921478E-02,-2.015326947394,
    0.109999904633));
#4644 = DIRECTION('',(-1.,0.,0.));
#4645 = DIRECTION('',(0.,6.982962677686E-15,-1.));
#4646 = ADVANCED_FACE('',(#4647),#4673,.T.);
#4647 = FACE_BOUND('',#4648,.T.);
#4648 = EDGE_LOOP('',(#4649,#4650,#4651,#4667));
#4649 = ORIENTED_EDGE('',*,*,#599,.F.);
#4650 = ORIENTED_EDGE('',*,*,#4636,.F.);
#4651 = ORIENTED_EDGE('',*,*,#4652,.T.);
#4652 = EDGE_CURVE('',#4629,#4653,#4655,.T.);
#4653 = VERTEX_POINT('',#4654);
#4654 = CARTESIAN_POINT('',(-0.11239769702,-1.980570849833,
    0.109999904633));
#4655 = B_SPLINE_CURVE_WITH_KNOTS('',3,(#4656,#4657,#4658,#4659,#4660,
    #4661,#4662,#4663,#4664,#4665,#4666),.UNSPECIFIED.,.F.,.F.,(4,1,1,1,
    1,1,1,1,4),(0.,0.112448389909,0.226527675213,0.344401949326,
    0.465864972487,0.591659449352,0.722168487025,0.858606387555,1.),
  .UNSPECIFIED.);
#4656 = CARTESIAN_POINT('',(-5.736720921478E-02,-1.993375727882,
    0.109999904633));
#4657 = CARTESIAN_POINT('',(-5.924388736977E-02,-1.992339877948,
    0.109999904633));
#4658 = CARTESIAN_POINT('',(-6.302446208426E-02,-1.990253154629,
    0.109999904633));
#4659 = CARTESIAN_POINT('',(-6.907039498118E-02,-1.987678336606,
    0.109999904633));
#4660 = CARTESIAN_POINT('',(-7.543218156576E-02,-1.985457434884,
    0.109999904633));
#4661 = CARTESIAN_POINT('',(-8.216550406164E-02,-1.983686464972,
    0.109999904633));
#4662 = CARTESIAN_POINT('',(-8.922560132423E-02,-1.982263181822,
    0.109999904633));
#4663 = CARTESIAN_POINT('',(-9.66498831713E-02,-1.981299141145,
    0.109999904633));
#4664 = CARTESIAN_POINT('',(-0.104408936958,-1.980664544543,
    0.109999904633));
#4665 = CARTESIAN_POINT('',(-0.109703298293,-1.980602450595,
    0.109999904633));
#4666 = CARTESIAN_POINT('',(-0.11239769702,-1.980570849833,
    0.109999904633));
#4667 = ORIENTED_EDGE('',*,*,#4668,.T.);
#4668 = EDGE_CURVE('',#4653,#600,#4669,.T.);
#4669 = LINE('',#4670,#4671);
#4670 = CARTESIAN_POINT('',(-0.11239769702,-1.980570849833,
    0.109999904633));
#4671 = VECTOR('',#4672,1.);
#4672 = DIRECTION('',(0.,6.982962677686E-15,-1.));
#4673 = B_SPLINE_SURFACE_WITH_KNOTS('',3,1,(
    (#4674,#4675)
    ,(#4676,#4677)
    ,(#4678,#4679)
    ,(#4680,#4681)
    ,(#4682,#4683)
    ,(#4684,#4685)
    ,(#4686,#4687)
    ,(#4688,#4689)
    ,(#4690,#4691)
    ,(#4692,#4693)
    ,(#4694,#4695
  )),.UNSPECIFIED.,.F.,.F.,.F.,(4,1,1,1,1,1,1,1,4),(2,2),(0.,
    0.112448389909,0.226527675213,0.344401949326,0.465864972487,
    0.591659449352,0.722168487025,0.858606387555,1.),(0.,1.),
  .UNSPECIFIED.);
#4674 = CARTESIAN_POINT('',(-5.736720921478E-02,-1.993375727882,
    0.109999904633));
#4675 = CARTESIAN_POINT('',(-5.736720921478E-02,-1.993375727882,
    9.999990463255E-02));
#4676 = CARTESIAN_POINT('',(-5.924388736977E-02,-1.992339877948,
    0.109999904633));
#4677 = CARTESIAN_POINT('',(-5.924388736977E-02,-1.992339877948,
    9.999990463255E-02));
#4678 = CARTESIAN_POINT('',(-6.302446208426E-02,-1.990253154629,
    0.109999904633));
#4679 = CARTESIAN_POINT('',(-6.302446208426E-02,-1.990253154629,
    9.999990463255E-02));
#4680 = CARTESIAN_POINT('',(-6.907039498118E-02,-1.987678336606,
    0.109999904633));
#4681 = CARTESIAN_POINT('',(-6.907039498118E-02,-1.987678336606,
    9.999990463255E-02));
#4682 = CARTESIAN_POINT('',(-7.543218156576E-02,-1.985457434884,
    0.109999904633));
#4683 = CARTESIAN_POINT('',(-7.543218156576E-02,-1.985457434884,
    9.999990463255E-02));
#4684 = CARTESIAN_POINT('',(-8.216550406164E-02,-1.983686464972,
    0.109999904633));
#4685 = CARTESIAN_POINT('',(-8.216550406164E-02,-1.983686464972,
    9.999990463255E-02));
#4686 = CARTESIAN_POINT('',(-8.922560132423E-02,-1.982263181822,
    0.109999904633));
#4687 = CARTESIAN_POINT('',(-8.922560132423E-02,-1.982263181822,
    9.999990463255E-02));
#4688 = CARTESIAN_POINT('',(-9.66498831713E-02,-1.981299141145,
    0.109999904633));
#4689 = CARTESIAN_POINT('',(-9.66498831713E-02,-1.981299141145,
    9.999990463255E-02));
#4690 = CARTESIAN_POINT('',(-0.104408936958,-1.980664544543,
    0.109999904633));
#4691 = CARTESIAN_POINT('',(-0.104408936958,-1.980664544543,
    9.999990463255E-02));
#4692 = CARTESIAN_POINT('',(-0.109703298293,-1.980602450595,
    0.109999904633));
#4693 = CARTESIAN_POINT('',(-0.109703298293,-1.980602450595,
    9.999990463255E-02));
#4694 = CARTESIAN_POINT('',(-0.11239769702,-1.980570849833,
    0.109999904633));
#4695 = CARTESIAN_POINT('',(-0.11239769702,-1.980570849833,
    9.999990463255E-02));
#4696 = ADVANCED_FACE('',(#4697),#4731,.T.);
#4697 = FACE_BOUND('',#4698,.T.);
#4698 = EDGE_LOOP('',(#4699,#4700,#4701,#4725));
#4699 = ORIENTED_EDGE('',*,*,#615,.F.);
#4700 = ORIENTED_EDGE('',*,*,#4668,.F.);
#4701 = ORIENTED_EDGE('',*,*,#4702,.T.);
#4702 = EDGE_CURVE('',#4653,#4703,#4705,.T.);
#4703 = VERTEX_POINT('',#4704);
#4704 = CARTESIAN_POINT('',(-0.20614769702,-2.07923700837,0.109999904633
    ));
#4705 = B_SPLINE_CURVE_WITH_KNOTS('',3,(#4706,#4707,#4708,#4709,#4710,
    #4711,#4712,#4713,#4714,#4715,#4716,#4717,#4718,#4719,#4720,#4721,
    #4722,#4723,#4724),.UNSPECIFIED.,.F.,.F.,(4,1,1,1,1,1,1,1,1,1,1,1,1,
    1,1,1,4),(0.,6.783324845577E-02,0.132655536508,0.195050884051,
    0.255582933069,0.314799834147,0.373600472826,0.432545595327,
    0.492430629284,0.552671255963,0.612513044188,0.672610250357,
    0.733838369314,0.796594238568,0.861449799291,0.929198942351,1.),
  .UNSPECIFIED.);
#4706 = CARTESIAN_POINT('',(-0.11239769702,-1.980570849833,
    0.109999904633));
#4707 = CARTESIAN_POINT('',(-0.11586950933,-1.98064828125,0.109999904633
    ));
#4708 = CARTESIAN_POINT('',(-0.122659028263,-1.980799707083,
    0.109999904633));
#4709 = CARTESIAN_POINT('',(-0.132577520636,-1.982073417535,
    0.109999904633));
#4710 = CARTESIAN_POINT('',(-0.141960775992,-1.984199920514,
    0.109999904633));
#4711 = CARTESIAN_POINT('',(-0.15080553524,-1.987187735377,
    0.109999904633));
#4712 = CARTESIAN_POINT('',(-0.159142741491,-1.990963150917,
    0.109999904633));
#4713 = CARTESIAN_POINT('',(-0.166929207188,-1.995629936995,
    0.109999904633));
#4714 = CARTESIAN_POINT('',(-0.174113404922,-2.001224846072,
    0.109999904633));
#4715 = CARTESIAN_POINT('',(-0.18079040052,-2.007522344278,
    0.109999904633));
#4716 = CARTESIAN_POINT('',(-0.186748070847,-2.01456836569,
    0.109999904633));
#4717 = CARTESIAN_POINT('',(-0.191962886912,-2.022189702654,
    0.109999904633));
#4718 = CARTESIAN_POINT('',(-0.196374596627,-2.030362650179,
    0.109999904633));
#4719 = CARTESIAN_POINT('',(-0.199954400927,-2.039091695117,
    0.109999904633));
#4720 = CARTESIAN_POINT('',(-0.202744127611,-2.048359118235,
    0.109999904633));
#4721 = CARTESIAN_POINT('',(-0.204695034976,-2.058173261522,
    0.109999904633));
#4722 = CARTESIAN_POINT('',(-0.205962862436,-2.068520355899,
    0.109999904633));
#4723 = CARTESIAN_POINT('',(-0.206085187321,-2.07561271523,
    0.109999904633));
#4724 = CARTESIAN_POINT('',(-0.20614769702,-2.07923700837,0.109999904633
    ));
#4725 = ORIENTED_EDGE('',*,*,#4726,.T.);
#4726 = EDGE_CURVE('',#4703,#616,#4727,.T.);
#4727 = LINE('',#4728,#4729);
#4728 = CARTESIAN_POINT('',(-0.20614769702,-2.07923700837,0.109999904633
    ));
#4729 = VECTOR('',#4730,1.);
#4730 = DIRECTION('',(0.,6.982962677686E-15,-1.));
#4731 = B_SPLINE_SURFACE_WITH_KNOTS('',3,1,(
    (#4732,#4733)
    ,(#4734,#4735)
    ,(#4736,#4737)
    ,(#4738,#4739)
    ,(#4740,#4741)
    ,(#4742,#4743)
    ,(#4744,#4745)
    ,(#4746,#4747)
    ,(#4748,#4749)
    ,(#4750,#4751)
    ,(#4752,#4753)
    ,(#4754,#4755)
    ,(#4756,#4757)
    ,(#4758,#4759)
    ,(#4760,#4761)
    ,(#4762,#4763)
    ,(#4764,#4765)
    ,(#4766,#4767)
    ,(#4768,#4769
    )),.UNSPECIFIED.,.F.,.F.,.F.,(4,1,1,1,1,1,1,1,1,1,1,1,1,1,1,1,4),(2,
    2),(0.,6.783324845577E-02,0.132655536508,0.195050884051,
    0.255582933069,0.314799834147,0.373600472826,0.432545595327,
    0.492430629284,0.552671255963,0.612513044188,0.672610250357,
    0.733838369314,0.796594238568,0.861449799291,0.929198942351,1.),(0.,
    1.),.UNSPECIFIED.);
#4732 = CARTESIAN_POINT('',(-0.11239769702,-1.980570849833,
    0.109999904633));
#4733 = CARTESIAN_POINT('',(-0.11239769702,-1.980570849833,
    9.999990463255E-02));
#4734 = CARTESIAN_POINT('',(-0.11586950933,-1.98064828125,0.109999904633
    ));
#4735 = CARTESIAN_POINT('',(-0.11586950933,-1.98064828125,
    9.999990463255E-02));
#4736 = CARTESIAN_POINT('',(-0.122659028263,-1.980799707083,
    0.109999904633));
#4737 = CARTESIAN_POINT('',(-0.122659028263,-1.980799707083,
    9.999990463255E-02));
#4738 = CARTESIAN_POINT('',(-0.132577520636,-1.982073417535,
    0.109999904633));
#4739 = CARTESIAN_POINT('',(-0.132577520636,-1.982073417535,
    9.999990463255E-02));
#4740 = CARTESIAN_POINT('',(-0.141960775992,-1.984199920514,
    0.109999904633));
#4741 = CARTESIAN_POINT('',(-0.141960775992,-1.984199920514,
    9.999990463255E-02));
#4742 = CARTESIAN_POINT('',(-0.15080553524,-1.987187735377,
    0.109999904633));
#4743 = CARTESIAN_POINT('',(-0.15080553524,-1.987187735377,
    9.999990463255E-02));
#4744 = CARTESIAN_POINT('',(-0.159142741491,-1.990963150917,
    0.109999904633));
#4745 = CARTESIAN_POINT('',(-0.159142741491,-1.990963150917,
    9.999990463255E-02));
#4746 = CARTESIAN_POINT('',(-0.166929207188,-1.995629936995,
    0.109999904633));
#4747 = CARTESIAN_POINT('',(-0.166929207188,-1.995629936995,
    9.999990463255E-02));
#4748 = CARTESIAN_POINT('',(-0.174113404922,-2.001224846072,
    0.109999904633));
#4749 = CARTESIAN_POINT('',(-0.174113404922,-2.001224846072,
    9.999990463255E-02));
#4750 = CARTESIAN_POINT('',(-0.18079040052,-2.007522344278,
    0.109999904633));
#4751 = CARTESIAN_POINT('',(-0.18079040052,-2.007522344278,
    9.999990463255E-02));
#4752 = CARTESIAN_POINT('',(-0.186748070847,-2.01456836569,
    0.109999904633));
#4753 = CARTESIAN_POINT('',(-0.186748070847,-2.01456836569,
    9.999990463255E-02));
#4754 = CARTESIAN_POINT('',(-0.191962886912,-2.022189702654,
    0.109999904633));
#4755 = CARTESIAN_POINT('',(-0.191962886912,-2.022189702654,
    9.999990463255E-02));
#4756 = CARTESIAN_POINT('',(-0.196374596627,-2.030362650179,
    0.109999904633));
#4757 = CARTESIAN_POINT('',(-0.196374596627,-2.030362650179,
    9.999990463255E-02));
#4758 = CARTESIAN_POINT('',(-0.199954400927,-2.039091695117,
    0.109999904633));
#4759 = CARTESIAN_POINT('',(-0.199954400927,-2.039091695117,
    9.999990463255E-02));
#4760 = CARTESIAN_POINT('',(-0.202744127611,-2.048359118235,
    0.109999904633));
#4761 = CARTESIAN_POINT('',(-0.202744127611,-2.048359118235,
    9.999990463255E-02));
#4762 = CARTESIAN_POINT('',(-0.204695034976,-2.058173261522,
    0.109999904633));
#4763 = CARTESIAN_POINT('',(-0.204695034976,-2.058173261522,
    9.999990463255E-02));
#4764 = CARTESIAN_POINT('',(-0.205962862436,-2.068520355899,
    0.109999904633));
#4765 = CARTESIAN_POINT('',(-0.205962862436,-2.068520355899,
    9.999990463255E-02));
#4766 = CARTESIAN_POINT('',(-0.206085187321,-2.07561271523,
    0.109999904633));
#4767 = CARTESIAN_POINT('',(-0.206085187321,-2.07561271523,
    9.999990463255E-02));
#4768 = CARTESIAN_POINT('',(-0.20614769702,-2.07923700837,0.109999904633
    ));
#4769 = CARTESIAN_POINT('',(-0.20614769702,-2.07923700837,
    9.999990463255E-02));
#4770 = ADVANCED_FACE('',(#4771),#4805,.T.);
#4771 = FACE_BOUND('',#4772,.T.);
#4772 = EDGE_LOOP('',(#4773,#4774,#4775,#4799));
#4773 = ORIENTED_EDGE('',*,*,#639,.F.);
#4774 = ORIENTED_EDGE('',*,*,#4726,.F.);
#4775 = ORIENTED_EDGE('',*,*,#4776,.T.);
#4776 = EDGE_CURVE('',#4703,#4777,#4779,.T.);
#4777 = VERTEX_POINT('',#4778);
#4778 = CARTESIAN_POINT('',(-0.104432757995,-2.185448898614,
    0.109999904633));
#4779 = B_SPLINE_CURVE_WITH_KNOTS('',3,(#4780,#4781,#4782,#4783,#4784,
    #4785,#4786,#4787,#4788,#4789,#4790,#4791,#4792,#4793,#4794,#4795,
    #4796,#4797,#4798),.UNSPECIFIED.,.F.,.F.,(4,1,1,1,1,1,1,1,1,1,1,1,1,
    1,1,1,4),(0.,7.064371857535E-02,0.138256715509,0.203364124218,
    0.266324093803,0.327904761543,0.388737715173,0.449423528109,
    0.510861011459,0.572079396048,0.631734428731,0.691117210579,
    0.75036002949,0.810032900531,0.871362450829,0.934427141231,1.),
  .UNSPECIFIED.);
#4780 = CARTESIAN_POINT('',(-0.20614769702,-2.07923700837,0.109999904633
    ));
#4781 = CARTESIAN_POINT('',(-0.206060592329,-2.083128110592,
    0.109999904633));
#4782 = CARTESIAN_POINT('',(-0.205890119869,-2.090743380905,
    0.109999904633));
#4783 = CARTESIAN_POINT('',(-0.204535096731,-2.101878772581,
    0.109999904633));
#4784 = CARTESIAN_POINT('',(-0.202311725051,-2.112437571672,
    0.109999904633));
#4785 = CARTESIAN_POINT('',(-0.199129788183,-2.122403750208,
    0.109999904633));
#4786 = CARTESIAN_POINT('',(-0.195077850139,-2.131790778124,
    0.109999904633));
#4787 = CARTESIAN_POINT('',(-0.190152467177,-2.140611145703,
    0.109999904633));
#4788 = CARTESIAN_POINT('',(-0.184273606942,-2.148819407661,
    0.109999904633));
#4789 = CARTESIAN_POINT('',(-0.177534892043,-2.156359772865,
    0.109999904633));
#4790 = CARTESIAN_POINT('',(-0.170159301099,-2.163194474165,
    0.109999904633));
#4791 = CARTESIAN_POINT('',(-0.162201069664,-2.169158558726,
    0.109999904633));
#4792 = CARTESIAN_POINT('',(-0.153756193682,-2.174198708504,
    0.109999904633));
#4793 = CARTESIAN_POINT('',(-0.144836626462,-2.178348159786,
    0.109999904633));
#4794 = CARTESIAN_POINT('',(-0.135409578195,-2.181515612359,
    0.109999904633));
#4795 = CARTESIAN_POINT('',(-0.125519155439,-2.183790392657,
    0.109999904633));
#4796 = CARTESIAN_POINT('',(-0.115131295814,-2.185199978335,
    0.109999904633));
#4797 = CARTESIAN_POINT('',(-0.108044993389,-2.185364853611,
    0.109999904633));
#4798 = CARTESIAN_POINT('',(-0.104432757995,-2.185448898614,
    0.109999904633));
#4799 = ORIENTED_EDGE('',*,*,#4800,.T.);
#4800 = EDGE_CURVE('',#4777,#640,#4801,.T.);
#4801 = LINE('',#4802,#4803);
#4802 = CARTESIAN_POINT('',(-0.104432757995,-2.185448898614,
    0.109999904633));
#4803 = VECTOR('',#4804,1.);
#4804 = DIRECTION('',(0.,6.982962677686E-15,-1.));
#4805 = B_SPLINE_SURFACE_WITH_KNOTS('',3,1,(
    (#4806,#4807)
    ,(#4808,#4809)
    ,(#4810,#4811)
    ,(#4812,#4813)
    ,(#4814,#4815)
    ,(#4816,#4817)
    ,(#4818,#4819)
    ,(#4820,#4821)
    ,(#4822,#4823)
    ,(#4824,#4825)
    ,(#4826,#4827)
    ,(#4828,#4829)
    ,(#4830,#4831)
    ,(#4832,#4833)
    ,(#4834,#4835)
    ,(#4836,#4837)
    ,(#4838,#4839)
    ,(#4840,#4841)
    ,(#4842,#4843
    )),.UNSPECIFIED.,.F.,.F.,.F.,(4,1,1,1,1,1,1,1,1,1,1,1,1,1,1,1,4),(2,
    2),(0.,7.064371857535E-02,0.138256715509,0.203364124218,
    0.266324093803,0.327904761543,0.388737715173,0.449423528109,
    0.510861011459,0.572079396048,0.631734428731,0.691117210579,
    0.75036002949,0.810032900531,0.871362450829,0.934427141231,1.),(0.,
    1.),.UNSPECIFIED.);
#4806 = CARTESIAN_POINT('',(-0.20614769702,-2.07923700837,0.109999904633
    ));
#4807 = CARTESIAN_POINT('',(-0.20614769702,-2.07923700837,
    9.999990463255E-02));
#4808 = CARTESIAN_POINT('',(-0.206060592329,-2.083128110592,
    0.109999904633));
#4809 = CARTESIAN_POINT('',(-0.206060592329,-2.083128110592,
    9.999990463255E-02));
#4810 = CARTESIAN_POINT('',(-0.205890119869,-2.090743380905,
    0.109999904633));
#4811 = CARTESIAN_POINT('',(-0.205890119869,-2.090743380905,
    9.999990463255E-02));
#4812 = CARTESIAN_POINT('',(-0.204535096731,-2.101878772581,
    0.109999904633));
#4813 = CARTESIAN_POINT('',(-0.204535096731,-2.101878772581,
    9.999990463255E-02));
#4814 = CARTESIAN_POINT('',(-0.202311725051,-2.112437571672,
    0.109999904633));
#4815 = CARTESIAN_POINT('',(-0.202311725051,-2.112437571672,
    9.999990463255E-02));
#4816 = CARTESIAN_POINT('',(-0.199129788183,-2.122403750208,
    0.109999904633));
#4817 = CARTESIAN_POINT('',(-0.199129788183,-2.122403750208,
    9.999990463255E-02));
#4818 = CARTESIAN_POINT('',(-0.195077850139,-2.131790778124,
    0.109999904633));
#4819 = CARTESIAN_POINT('',(-0.195077850139,-2.131790778124,
    9.999990463255E-02));
#4820 = CARTESIAN_POINT('',(-0.190152467177,-2.140611145703,
    0.109999904633));
#4821 = CARTESIAN_POINT('',(-0.190152467177,-2.140611145703,
    9.999990463255E-02));
#4822 = CARTESIAN_POINT('',(-0.184273606942,-2.148819407661,
    0.109999904633));
#4823 = CARTESIAN_POINT('',(-0.184273606942,-2.148819407661,
    9.999990463255E-02));
#4824 = CARTESIAN_POINT('',(-0.177534892043,-2.156359772865,
    0.109999904633));
#4825 = CARTESIAN_POINT('',(-0.177534892043,-2.156359772865,
    9.999990463255E-02));
#4826 = CARTESIAN_POINT('',(-0.170159301099,-2.163194474165,
    0.109999904633));
#4827 = CARTESIAN_POINT('',(-0.170159301099,-2.163194474165,
    9.999990463255E-02));
#4828 = CARTESIAN_POINT('',(-0.162201069664,-2.169158558726,
    0.109999904633));
#4829 = CARTESIAN_POINT('',(-0.162201069664,-2.169158558726,
    9.999990463255E-02));
#4830 = CARTESIAN_POINT('',(-0.153756193682,-2.174198708504,
    0.109999904633));
#4831 = CARTESIAN_POINT('',(-0.153756193682,-2.174198708504,
    9.999990463255E-02));
#4832 = CARTESIAN_POINT('',(-0.144836626462,-2.178348159786,
    0.109999904633));
#4833 = CARTESIAN_POINT('',(-0.144836626462,-2.178348159786,
    9.999990463255E-02));
#4834 = CARTESIAN_POINT('',(-0.135409578195,-2.181515612359,
    0.109999904633));
#4835 = CARTESIAN_POINT('',(-0.135409578195,-2.181515612359,
    9.999990463255E-02));
#4836 = CARTESIAN_POINT('',(-0.125519155439,-2.183790392657,
    0.109999904633));
#4837 = CARTESIAN_POINT('',(-0.125519155439,-2.183790392657,
    9.999990463255E-02));
#4838 = CARTESIAN_POINT('',(-0.115131295814,-2.185199978335,
    0.109999904633));
#4839 = CARTESIAN_POINT('',(-0.115131295814,-2.185199978335,
    9.999990463255E-02));
#4840 = CARTESIAN_POINT('',(-0.108044993389,-2.185364853611,
    0.109999904633));
#4841 = CARTESIAN_POINT('',(-0.108044993389,-2.185364853611,
    9.999990463255E-02));
#4842 = CARTESIAN_POINT('',(-0.104432757995,-2.185448898614,
    0.109999904633));
#4843 = CARTESIAN_POINT('',(-0.104432757995,-2.185448898614,
    9.999990463255E-02));
#4844 = ADVANCED_FACE('',(#4845),#4871,.T.);
#4845 = FACE_BOUND('',#4846,.T.);
#4846 = EDGE_LOOP('',(#4847,#4848,#4849,#4865));
#4847 = ORIENTED_EDGE('',*,*,#663,.F.);
#4848 = ORIENTED_EDGE('',*,*,#4800,.F.);
#4849 = ORIENTED_EDGE('',*,*,#4850,.T.);
#4850 = EDGE_CURVE('',#4777,#4851,#4853,.T.);
#4851 = VERTEX_POINT('',#4852);
#4852 = CARTESIAN_POINT('',(-5.736720921478E-02,-2.177522069345,
    0.109999904633));
#4853 = B_SPLINE_CURVE_WITH_KNOTS('',3,(#4854,#4855,#4856,#4857,#4858,
    #4859,#4860,#4861,#4862,#4863,#4864),.UNSPECIFIED.,.F.,.F.,(4,1,1,1,
    1,1,1,1,4),(0.,0.145186866472,0.28344261092,0.416524365929,
    0.543181123535,0.665153082638,0.781360206313,0.892756655642,1.),
  .UNSPECIFIED.);
#4854 = CARTESIAN_POINT('',(-0.104432757995,-2.185448898614,
    0.109999904633));
#4855 = CARTESIAN_POINT('',(-0.10210738587,-2.185432229726,
    0.109999904633));
#4856 = CARTESIAN_POINT('',(-9.75676533009E-02,-2.185399687713,
    0.109999904633));
#4857 = CARTESIAN_POINT('',(-9.090780430717E-02,-2.18499160786,
    0.109999904633));
#4858 = CARTESIAN_POINT('',(-8.455834888156E-02,-2.184414866117,
    0.109999904633));
#4859 = CARTESIAN_POINT('',(-7.851009861344E-02,-2.183515541769,
    0.109999904633));
#4860 = CARTESIAN_POINT('',(-7.276336471728E-02,-2.182444989891,
    0.109999904633));
#4861 = CARTESIAN_POINT('',(-6.733967532504E-02,-2.181049474186,
    0.109999904633));
#4862 = CARTESIAN_POINT('',(-6.220493605816E-02,-2.179485809329,
    0.109999904633));
#4863 = CARTESIAN_POINT('',(-5.895923391691E-02,-2.178168307271,
    0.109999904633));
#4864 = CARTESIAN_POINT('',(-5.736720921478E-02,-2.177522069345,
    0.109999904633));
#4865 = ORIENTED_EDGE('',*,*,#4866,.T.);
#4866 = EDGE_CURVE('',#4851,#664,#4867,.T.);
#4867 = LINE('',#4868,#4869);
#4868 = CARTESIAN_POINT('',(-5.736720921478E-02,-2.177522069345,
    0.109999904633));
#4869 = VECTOR('',#4870,1.);
#4870 = DIRECTION('',(0.,6.982962677686E-15,-1.));
#4871 = B_SPLINE_SURFACE_WITH_KNOTS('',3,1,(
    (#4872,#4873)
    ,(#4874,#4875)
    ,(#4876,#4877)
    ,(#4878,#4879)
    ,(#4880,#4881)
    ,(#4882,#4883)
    ,(#4884,#4885)
    ,(#4886,#4887)
    ,(#4888,#4889)
    ,(#4890,#4891)
    ,(#4892,#4893
  )),.UNSPECIFIED.,.F.,.F.,.F.,(4,1,1,1,1,1,1,1,4),(2,2),(0.,
    0.145186866472,0.28344261092,0.416524365929,0.543181123535,
    0.665153082638,0.781360206313,0.892756655642,1.),(0.,1.),
  .UNSPECIFIED.);
#4872 = CARTESIAN_POINT('',(-0.104432757995,-2.185448898614,
    0.109999904633));
#4873 = CARTESIAN_POINT('',(-0.104432757995,-2.185448898614,
    9.999990463255E-02));
#4874 = CARTESIAN_POINT('',(-0.10210738587,-2.185432229726,
    0.109999904633));
#4875 = CARTESIAN_POINT('',(-0.10210738587,-2.185432229726,
    9.999990463255E-02));
#4876 = CARTESIAN_POINT('',(-9.75676533009E-02,-2.185399687713,
    0.109999904633));
#4877 = CARTESIAN_POINT('',(-9.75676533009E-02,-2.185399687713,
    9.999990463255E-02));
#4878 = CARTESIAN_POINT('',(-9.090780430717E-02,-2.18499160786,
    0.109999904633));
#4879 = CARTESIAN_POINT('',(-9.090780430717E-02,-2.18499160786,
    9.999990463255E-02));
#4880 = CARTESIAN_POINT('',(-8.455834888156E-02,-2.184414866117,
    0.109999904633));
#4881 = CARTESIAN_POINT('',(-8.455834888156E-02,-2.184414866117,
    9.999990463255E-02));
#4882 = CARTESIAN_POINT('',(-7.851009861344E-02,-2.183515541769,
    0.109999904633));
#4883 = CARTESIAN_POINT('',(-7.851009861344E-02,-2.183515541769,
    9.999990463255E-02));
#4884 = CARTESIAN_POINT('',(-7.276336471728E-02,-2.182444989891,
    0.109999904633));
#4885 = CARTESIAN_POINT('',(-7.276336471728E-02,-2.182444989891,
    9.999990463255E-02));
#4886 = CARTESIAN_POINT('',(-6.733967532504E-02,-2.181049474186,
    0.109999904633));
#4887 = CARTESIAN_POINT('',(-6.733967532504E-02,-2.181049474186,
    9.999990463255E-02));
#4888 = CARTESIAN_POINT('',(-6.220493605816E-02,-2.179485809329,
    0.109999904633));
#4889 = CARTESIAN_POINT('',(-6.220493605816E-02,-2.179485809329,
    9.999990463255E-02));
#4890 = CARTESIAN_POINT('',(-5.895923391691E-02,-2.178168307271,
    0.109999904633));
#4891 = CARTESIAN_POINT('',(-5.895923391691E-02,-2.178168307271,
    9.999990463255E-02));
#4892 = CARTESIAN_POINT('',(-5.736720921478E-02,-2.177522069345,
    0.109999904633));
#4893 = CARTESIAN_POINT('',(-5.736720921478E-02,-2.177522069345,
    9.999990463255E-02));
#4894 = ADVANCED_FACE('',(#4895),#4913,.T.);
#4895 = FACE_BOUND('',#4896,.T.);
#4896 = EDGE_LOOP('',(#4897,#4898,#4899,#4907));
#4897 = ORIENTED_EDGE('',*,*,#679,.F.);
#4898 = ORIENTED_EDGE('',*,*,#4866,.F.);
#4899 = ORIENTED_EDGE('',*,*,#4900,.T.);
#4900 = EDGE_CURVE('',#4851,#4901,#4903,.T.);
#4901 = VERTEX_POINT('',#4902);
#4902 = CARTESIAN_POINT('',(-5.736720921478E-02,-2.150692801053,
    0.109999904633));
#4903 = LINE('',#4904,#4905);
#4904 = CARTESIAN_POINT('',(-5.736720921478E-02,-2.177522069345,
    0.109999904633));
#4905 = VECTOR('',#4906,1.);
#4906 = DIRECTION('',(0.,1.,6.982962677686E-15));
#4907 = ORIENTED_EDGE('',*,*,#4908,.T.);
#4908 = EDGE_CURVE('',#4901,#680,#4909,.T.);
#4909 = LINE('',#4910,#4911);
#4910 = CARTESIAN_POINT('',(-5.736720921478E-02,-2.150692801053,
    0.109999904633));
#4911 = VECTOR('',#4912,1.);
#4912 = DIRECTION('',(0.,6.982962677686E-15,-1.));
#4913 = PLANE('',#4914);
#4914 = AXIS2_PLACEMENT_3D('',#4915,#4916,#4917);
#4915 = CARTESIAN_POINT('',(-5.736720921478E-02,-2.177522069345,
    0.109999904633));
#4916 = DIRECTION('',(-1.,0.,0.));
#4917 = DIRECTION('',(0.,6.982962677686E-15,-1.));
#4918 = ADVANCED_FACE('',(#4919),#4945,.T.);
#4919 = FACE_BOUND('',#4920,.T.);
#4920 = EDGE_LOOP('',(#4921,#4922,#4923,#4939));
#4921 = ORIENTED_EDGE('',*,*,#687,.F.);
#4922 = ORIENTED_EDGE('',*,*,#4908,.F.);
#4923 = ORIENTED_EDGE('',*,*,#4924,.T.);
#4924 = EDGE_CURVE('',#4901,#4925,#4927,.T.);
#4925 = VERTEX_POINT('',#4926);
#4926 = CARTESIAN_POINT('',(-0.104204099459,-2.163497679101,
    0.109999904633));
#4927 = B_SPLINE_CURVE_WITH_KNOTS('',3,(#4928,#4929,#4930,#4931,#4932,
    #4933,#4934,#4935,#4936,#4937,#4938),.UNSPECIFIED.,.F.,.F.,(4,1,1,1,
    1,1,1,1,4),(0.,0.125279696736,0.249419970742,0.373356799493,
    0.496681278782,0.620202915744,0.745086320161,0.871269195019,1.),
  .UNSPECIFIED.);
#4928 = CARTESIAN_POINT('',(-5.736720921478E-02,-2.150692801053,
    0.109999904633));
#4929 = CARTESIAN_POINT('',(-5.914328634033E-02,-2.151724835651,
    0.109999904633));
#4930 = CARTESIAN_POINT('',(-6.267928711486E-02,-2.153779518461,
    0.109999904633));
#4931 = CARTESIAN_POINT('',(-6.824077343762E-02,-2.156348276346,
    0.109999904633));
#4932 = CARTESIAN_POINT('',(-7.390942206781E-02,-2.158576303981,
    0.109999904633));
#4933 = CARTESIAN_POINT('',(-7.97249163788E-02,-2.160354904147,
    0.109999904633));
#4934 = CARTESIAN_POINT('',(-8.565065537763E-02,-2.161791137431,
    0.109999904633));
#4935 = CARTESIAN_POINT('',(-9.171771244568E-02,-2.162754459574,
    0.109999904633));
#4936 = CARTESIAN_POINT('',(-9.791459265925E-02,-2.163402586291,
    0.109999904633));
#4937 = CARTESIAN_POINT('',(-0.102093673517,-2.163465770982,
    0.109999904633));
#4938 = CARTESIAN_POINT('',(-0.104204099459,-2.163497679101,
    0.109999904633));
#4939 = ORIENTED_EDGE('',*,*,#4940,.T.);
#4940 = EDGE_CURVE('',#4925,#688,#4941,.T.);
#4941 = LINE('',#4942,#4943);
#4942 = CARTESIAN_POINT('',(-0.104204099459,-2.163497679101,
    0.109999904633));
#4943 = VECTOR('',#4944,1.);
#4944 = DIRECTION('',(0.,6.982962677686E-15,-1.));
#4945 = B_SPLINE_SURFACE_WITH_KNOTS('',3,1,(
    (#4946,#4947)
    ,(#4948,#4949)
    ,(#4950,#4951)
    ,(#4952,#4953)
    ,(#4954,#4955)
    ,(#4956,#4957)
    ,(#4958,#4959)
    ,(#4960,#4961)
    ,(#4962,#4963)
    ,(#4964,#4965)
    ,(#4966,#4967
  )),.UNSPECIFIED.,.F.,.F.,.F.,(4,1,1,1,1,1,1,1,4),(2,2),(0.,
    0.125279696736,0.249419970742,0.373356799493,0.496681278782,
    0.620202915744,0.745086320161,0.871269195019,1.),(0.,1.),
  .UNSPECIFIED.);
#4946 = CARTESIAN_POINT('',(-5.736720921478E-02,-2.150692801053,
    0.109999904633));
#4947 = CARTESIAN_POINT('',(-5.736720921478E-02,-2.150692801053,
    9.999990463255E-02));
#4948 = CARTESIAN_POINT('',(-5.914328634033E-02,-2.151724835651,
    0.109999904633));
#4949 = CARTESIAN_POINT('',(-5.914328634033E-02,-2.151724835651,
    9.999990463255E-02));
#4950 = CARTESIAN_POINT('',(-6.267928711486E-02,-2.153779518461,
    0.109999904633));
#4951 = CARTESIAN_POINT('',(-6.267928711486E-02,-2.153779518461,
    9.999990463255E-02));
#4952 = CARTESIAN_POINT('',(-6.824077343762E-02,-2.156348276346,
    0.109999904633));
#4953 = CARTESIAN_POINT('',(-6.824077343762E-02,-2.156348276346,
    9.999990463255E-02));
#4954 = CARTESIAN_POINT('',(-7.390942206781E-02,-2.158576303981,
    0.109999904633));
#4955 = CARTESIAN_POINT('',(-7.390942206781E-02,-2.158576303981,
    9.999990463255E-02));
#4956 = CARTESIAN_POINT('',(-7.97249163788E-02,-2.160354904147,
    0.109999904633));
#4957 = CARTESIAN_POINT('',(-7.97249163788E-02,-2.160354904147,
    9.999990463255E-02));
#4958 = CARTESIAN_POINT('',(-8.565065537763E-02,-2.161791137431,
    0.109999904633));
#4959 = CARTESIAN_POINT('',(-8.565065537763E-02,-2.161791137431,
    9.999990463255E-02));
#4960 = CARTESIAN_POINT('',(-9.171771244568E-02,-2.162754459574,
    0.109999904633));
#4961 = CARTESIAN_POINT('',(-9.171771244568E-02,-2.162754459574,
    9.999990463255E-02));
#4962 = CARTESIAN_POINT('',(-9.791459265925E-02,-2.163402586291,
    0.109999904633));
#4963 = CARTESIAN_POINT('',(-9.791459265925E-02,-2.163402586291,
    9.999990463255E-02));
#4964 = CARTESIAN_POINT('',(-0.102093673517,-2.163465770982,
    0.109999904633));
#4965 = CARTESIAN_POINT('',(-0.102093673517,-2.163465770982,
    9.999990463255E-02));
#4966 = CARTESIAN_POINT('',(-0.104204099459,-2.163497679101,
    0.109999904633));
#4967 = CARTESIAN_POINT('',(-0.104204099459,-2.163497679101,
    9.999990463255E-02));
#4968 = ADVANCED_FACE('',(#4969),#5003,.T.);
#4969 = FACE_BOUND('',#4970,.T.);
#4970 = EDGE_LOOP('',(#4971,#4972,#4973,#4997));
#4971 = ORIENTED_EDGE('',*,*,#703,.F.);
#4972 = ORIENTED_EDGE('',*,*,#4940,.F.);
#4973 = ORIENTED_EDGE('',*,*,#4974,.T.);
#4974 = EDGE_CURVE('',#4925,#4975,#4977,.T.);
#4975 = VERTEX_POINT('',#4976);
#4976 = CARTESIAN_POINT('',(-0.179318428727,-2.080875727882,
    0.109999904633));
#4977 = B_SPLINE_CURVE_WITH_KNOTS('',3,(#4978,#4979,#4980,#4981,#4982,
    #4983,#4984,#4985,#4986,#4987,#4988,#4989,#4990,#4991,#4992,#4993,
    #4994,#4995,#4996),.UNSPECIFIED.,.F.,.F.,(4,1,1,1,1,1,1,1,1,1,1,1,1,
    1,1,1,4),(0.,6.460397028839E-02,0.126702413963,0.186756814036,
    0.245505687365,0.30365202445,0.361503073971,0.420240222928,
    0.480033340777,0.540678134776,0.601191806381,0.662333502477,
    0.724739510297,0.789467736173,0.856504860044,0.926312095839,1.),
  .UNSPECIFIED.);
#4978 = CARTESIAN_POINT('',(-0.104204099459,-2.163497679101,
    0.109999904633));
#4979 = CARTESIAN_POINT('',(-0.106913971832,-2.163439411884,
    0.109999904633));
#4980 = CARTESIAN_POINT('',(-0.112228619982,-2.163325137219,
    0.109999904633));
#4981 = CARTESIAN_POINT('',(-0.119992915524,-2.162203171282,
    0.109999904633));
#4982 = CARTESIAN_POINT('',(-0.12739839416,-2.160524583435,
    0.109999904633));
#4983 = CARTESIAN_POINT('',(-0.134415360424,-2.15806783998,
    0.109999904633));
#4984 = CARTESIAN_POINT('',(-0.141035846517,-2.154897033911,
    0.109999904633));
#4985 = CARTESIAN_POINT('',(-0.147254111317,-2.151000272448,
    0.109999904633));
#4986 = CARTESIAN_POINT('',(-0.153108343529,-2.146461101973,
    0.109999904633));
#4987 = CARTESIAN_POINT('',(-0.158509238828,-2.141222894522,
    0.109999904633));
#4988 = CARTESIAN_POINT('',(-0.163430956784,-2.135430273767,
    0.109999904633));
#4989 = CARTESIAN_POINT('',(-0.167655522851,-2.129044931633,
    0.109999904633));
#4990 = CARTESIAN_POINT('',(-0.171318862895,-2.122239695616,
    0.109999904633));
#4991 = CARTESIAN_POINT('',(-0.17425245848,-2.114895169569,
    0.109999904633));
#4992 = CARTESIAN_POINT('',(-0.176524358329,-2.107067704795,
    0.109999904633));
#4993 = CARTESIAN_POINT('',(-0.178164191134,-2.098767981862,
    0.109999904633));
#4994 = CARTESIAN_POINT('',(-0.179114287671,-2.089980693178,
    0.109999904633));
#4995 = CARTESIAN_POINT('',(-0.179249165831,-2.08396494607,
    0.109999904633));
#4996 = CARTESIAN_POINT('',(-0.179318428727,-2.080875727882,
    0.109999904633));
#4997 = ORIENTED_EDGE('',*,*,#4998,.T.);
#4998 = EDGE_CURVE('',#4975,#704,#4999,.T.);
#4999 = LINE('',#5000,#5001);
#5000 = CARTESIAN_POINT('',(-0.179318428727,-2.080875727882,
    0.109999904633));
#5001 = VECTOR('',#5002,1.);
#5002 = DIRECTION('',(0.,6.982962677686E-15,-1.));
#5003 = B_SPLINE_SURFACE_WITH_KNOTS('',3,1,(
    (#5004,#5005)
    ,(#5006,#5007)
    ,(#5008,#5009)
    ,(#5010,#5011)
    ,(#5012,#5013)
    ,(#5014,#5015)
    ,(#5016,#5017)
    ,(#5018,#5019)
    ,(#5020,#5021)
    ,(#5022,#5023)
    ,(#5024,#5025)
    ,(#5026,#5027)
    ,(#5028,#5029)
    ,(#5030,#5031)
    ,(#5032,#5033)
    ,(#5034,#5035)
    ,(#5036,#5037)
    ,(#5038,#5039)
    ,(#5040,#5041
    )),.UNSPECIFIED.,.F.,.F.,.F.,(4,1,1,1,1,1,1,1,1,1,1,1,1,1,1,1,4),(2,
    2),(0.,6.460397028839E-02,0.126702413963,0.186756814036,
    0.245505687365,0.30365202445,0.361503073971,0.420240222928,
    0.480033340777,0.540678134776,0.601191806381,0.662333502477,
    0.724739510297,0.789467736173,0.856504860044,0.926312095839,1.),(0.,
    1.),.UNSPECIFIED.);
#5004 = CARTESIAN_POINT('',(-0.104204099459,-2.163497679101,
    0.109999904633));
#5005 = CARTESIAN_POINT('',(-0.104204099459,-2.163497679101,
    9.999990463255E-02));
#5006 = CARTESIAN_POINT('',(-0.106913971832,-2.163439411884,
    0.109999904633));
#5007 = CARTESIAN_POINT('',(-0.106913971832,-2.163439411884,
    9.999990463255E-02));
#5008 = CARTESIAN_POINT('',(-0.112228619982,-2.163325137219,
    0.109999904633));
#5009 = CARTESIAN_POINT('',(-0.112228619982,-2.163325137219,
    9.999990463255E-02));
#5010 = CARTESIAN_POINT('',(-0.119992915524,-2.162203171282,
    0.109999904633));
#5011 = CARTESIAN_POINT('',(-0.119992915524,-2.162203171282,
    9.999990463255E-02));
#5012 = CARTESIAN_POINT('',(-0.12739839416,-2.160524583435,
    0.109999904633));
#5013 = CARTESIAN_POINT('',(-0.12739839416,-2.160524583435,
    9.999990463255E-02));
#5014 = CARTESIAN_POINT('',(-0.134415360424,-2.15806783998,
    0.109999904633));
#5015 = CARTESIAN_POINT('',(-0.134415360424,-2.15806783998,
    9.999990463255E-02));
#5016 = CARTESIAN_POINT('',(-0.141035846517,-2.154897033911,
    0.109999904633));
#5017 = CARTESIAN_POINT('',(-0.141035846517,-2.154897033911,
    9.999990463255E-02));
#5018 = CARTESIAN_POINT('',(-0.147254111317,-2.151000272448,
    0.109999904633));
#5019 = CARTESIAN_POINT('',(-0.147254111317,-2.151000272448,
    9.999990463255E-02));
#5020 = CARTESIAN_POINT('',(-0.153108343529,-2.146461101973,
    0.109999904633));
#5021 = CARTESIAN_POINT('',(-0.153108343529,-2.146461101973,
    9.999990463255E-02));
#5022 = CARTESIAN_POINT('',(-0.158509238828,-2.141222894522,
    0.109999904633));
#5023 = CARTESIAN_POINT('',(-0.158509238828,-2.141222894522,
    9.999990463255E-02));
#5024 = CARTESIAN_POINT('',(-0.163430956784,-2.135430273767,
    0.109999904633));
#5025 = CARTESIAN_POINT('',(-0.163430956784,-2.135430273767,
    9.999990463255E-02));
#5026 = CARTESIAN_POINT('',(-0.167655522851,-2.129044931633,
    0.109999904633));
#5027 = CARTESIAN_POINT('',(-0.167655522851,-2.129044931633,
    9.999990463255E-02));
#5028 = CARTESIAN_POINT('',(-0.171318862895,-2.122239695616,
    0.109999904633));
#5029 = CARTESIAN_POINT('',(-0.171318862895,-2.122239695616,
    9.999990463255E-02));
#5030 = CARTESIAN_POINT('',(-0.17425245848,-2.114895169569,
    0.109999904633));
#5031 = CARTESIAN_POINT('',(-0.17425245848,-2.114895169569,
    9.999990463255E-02));
#5032 = CARTESIAN_POINT('',(-0.176524358329,-2.107067704795,
    0.109999904633));
#5033 = CARTESIAN_POINT('',(-0.176524358329,-2.107067704795,
    9.999990463255E-02));
#5034 = CARTESIAN_POINT('',(-0.178164191134,-2.098767981862,
    0.109999904633));
#5035 = CARTESIAN_POINT('',(-0.178164191134,-2.098767981862,
    9.999990463255E-02));
#5036 = CARTESIAN_POINT('',(-0.179114287671,-2.089980693178,
    0.109999904633));
#5037 = CARTESIAN_POINT('',(-0.179114287671,-2.089980693178,
    9.999990463255E-02));
#5038 = CARTESIAN_POINT('',(-0.179249165831,-2.08396494607,
    0.109999904633));
#5039 = CARTESIAN_POINT('',(-0.179249165831,-2.08396494607,
    9.999990463255E-02));
#5040 = CARTESIAN_POINT('',(-0.179318428727,-2.080875727882,
    0.109999904633));
#5041 = CARTESIAN_POINT('',(-0.179318428727,-2.080875727882,
    9.999990463255E-02));
#5042 = ADVANCED_FACE('',(#5043),#5077,.T.);
#5043 = FACE_BOUND('',#5044,.T.);
#5044 = EDGE_LOOP('',(#5045,#5046,#5047,#5071));
#5045 = ORIENTED_EDGE('',*,*,#727,.F.);
#5046 = ORIENTED_EDGE('',*,*,#4998,.F.);
#5047 = ORIENTED_EDGE('',*,*,#5048,.T.);
#5048 = EDGE_CURVE('',#4975,#5049,#5051,.T.);
#5049 = VERTEX_POINT('',#5050);
#5050 = CARTESIAN_POINT('',(-0.108701050678,-2.002522069345,
    0.109999904633));
#5051 = B_SPLINE_CURVE_WITH_KNOTS('',3,(#5052,#5053,#5054,#5055,#5056,
    #5057,#5058,#5059,#5060,#5061,#5062,#5063,#5064,#5065,#5066,#5067,
    #5068,#5069,#5070),.UNSPECIFIED.,.F.,.F.,(4,1,1,1,1,1,1,1,1,1,1,1,1,
    1,1,1,4),(0.,7.377411937406E-02,0.144079114726,0.211348518309,
    0.27607688574,0.33852091582,0.399885116693,0.460254067465,
    0.520588964391,0.580207684563,0.638632908553,0.696364549491,
    0.75400177466,0.812805681374,0.872754425526,0.935181996978,1.),
  .UNSPECIFIED.);
#5052 = CARTESIAN_POINT('',(-0.179318428727,-2.080875727882,
    0.109999904633));
#5053 = CARTESIAN_POINT('',(-0.179262864757,-2.077951486743,
    0.109999904633));
#5054 = CARTESIAN_POINT('',(-0.179154349634,-2.072240512784,
    0.109999904633));
#5055 = CARTESIAN_POINT('',(-0.17822203231,-2.063904977199,
    0.109999904633));
#5056 = CARTESIAN_POINT('',(-0.176711783461,-2.05602363283,
    0.109999904633));
#5057 = CARTESIAN_POINT('',(-0.174589315121,-2.048603426595,
    0.109999904633));
#5058 = CARTESIAN_POINT('',(-0.171821694084,-2.041651225379,
    0.109999904633));
#5059 = CARTESIAN_POINT('',(-0.168478504867,-2.035148557208,
    0.109999904633));
#5060 = CARTESIAN_POINT('',(-0.164481301316,-2.029124786882,
    0.109999904633));
#5061 = CARTESIAN_POINT('',(-0.159918321356,-2.023608115032,
    0.109999904633));
#5062 = CARTESIAN_POINT('',(-0.154852211686,-2.01866098461,
    0.109999904633));
#5063 = CARTESIAN_POINT('',(-0.149389060098,-2.014316292546,
    0.109999904633));
#5064 = CARTESIAN_POINT('',(-0.14351696407,-2.01068982718,0.109999904633
    ));
#5065 = CARTESIAN_POINT('',(-0.137290679935,-2.007682647003,
    0.109999904633));
#5066 = CARTESIAN_POINT('',(-0.130682076124,-2.005357681965,
    0.109999904633));
#5067 = CARTESIAN_POINT('',(-0.123678782062,-2.003727799935,
    0.109999904633));
#5068 = CARTESIAN_POINT('',(-0.116314300845,-2.002718286074,
    0.109999904633));
#5069 = CARTESIAN_POINT('',(-0.11127038568,-2.002588288962,
    0.109999904633));
#5070 = CARTESIAN_POINT('',(-0.108701050678,-2.002522069345,
    0.109999904633));
#5071 = ORIENTED_EDGE('',*,*,#5072,.T.);
#5072 = EDGE_CURVE('',#5049,#728,#5073,.T.);
#5073 = LINE('',#5074,#5075);
#5074 = CARTESIAN_POINT('',(-0.108701050678,-2.002522069345,
    0.109999904633));
#5075 = VECTOR('',#5076,1.);
#5076 = DIRECTION('',(0.,6.982962677686E-15,-1.));
#5077 = B_SPLINE_SURFACE_WITH_KNOTS('',3,1,(
    (#5078,#5079)
    ,(#5080,#5081)
    ,(#5082,#5083)
    ,(#5084,#5085)
    ,(#5086,#5087)
    ,(#5088,#5089)
    ,(#5090,#5091)
    ,(#5092,#5093)
    ,(#5094,#5095)
    ,(#5096,#5097)
    ,(#5098,#5099)
    ,(#5100,#5101)
    ,(#5102,#5103)
    ,(#5104,#5105)
    ,(#5106,#5107)
    ,(#5108,#5109)
    ,(#5110,#5111)
    ,(#5112,#5113)
    ,(#5114,#5115
    )),.UNSPECIFIED.,.F.,.F.,.F.,(4,1,1,1,1,1,1,1,1,1,1,1,1,1,1,1,4),(2,
    2),(0.,7.377411937406E-02,0.144079114726,0.211348518309,
    0.27607688574,0.33852091582,0.399885116693,0.460254067465,
    0.520588964391,0.580207684563,0.638632908553,0.696364549491,
    0.75400177466,0.812805681374,0.872754425526,0.935181996978,1.),(0.,
    1.),.UNSPECIFIED.);
#5078 = CARTESIAN_POINT('',(-0.179318428727,-2.080875727882,
    0.109999904633));
#5079 = CARTESIAN_POINT('',(-0.179318428727,-2.080875727882,
    9.999990463255E-02));
#5080 = CARTESIAN_POINT('',(-0.179262864757,-2.077951486743,
    0.109999904633));
#5081 = CARTESIAN_POINT('',(-0.179262864757,-2.077951486743,
    9.999990463255E-02));
#5082 = CARTESIAN_POINT('',(-0.179154349634,-2.072240512784,
    0.109999904633));
#5083 = CARTESIAN_POINT('',(-0.179154349634,-2.072240512784,
    9.999990463255E-02));
#5084 = CARTESIAN_POINT('',(-0.17822203231,-2.063904977199,
    0.109999904633));
#5085 = CARTESIAN_POINT('',(-0.17822203231,-2.063904977199,
    9.999990463255E-02));
#5086 = CARTESIAN_POINT('',(-0.176711783461,-2.05602363283,
    0.109999904633));
#5087 = CARTESIAN_POINT('',(-0.176711783461,-2.05602363283,
    9.999990463255E-02));
#5088 = CARTESIAN_POINT('',(-0.174589315121,-2.048603426595,
    0.109999904633));
#5089 = CARTESIAN_POINT('',(-0.174589315121,-2.048603426595,
    9.999990463255E-02));
#5090 = CARTESIAN_POINT('',(-0.171821694084,-2.041651225379,
    0.109999904633));
#5091 = CARTESIAN_POINT('',(-0.171821694084,-2.041651225379,
    9.999990463255E-02));
#5092 = CARTESIAN_POINT('',(-0.168478504867,-2.035148557208,
    0.109999904633));
#5093 = CARTESIAN_POINT('',(-0.168478504867,-2.035148557208,
    9.999990463255E-02));
#5094 = CARTESIAN_POINT('',(-0.164481301316,-2.029124786882,
    0.109999904633));
#5095 = CARTESIAN_POINT('',(-0.164481301316,-2.029124786882,
    9.999990463255E-02));
#5096 = CARTESIAN_POINT('',(-0.159918321356,-2.023608115032,
    0.109999904633));
#5097 = CARTESIAN_POINT('',(-0.159918321356,-2.023608115032,
    9.999990463255E-02));
#5098 = CARTESIAN_POINT('',(-0.154852211686,-2.01866098461,
    0.109999904633));
#5099 = CARTESIAN_POINT('',(-0.154852211686,-2.01866098461,
    9.999990463255E-02));
#5100 = CARTESIAN_POINT('',(-0.149389060098,-2.014316292546,
    0.109999904633));
#5101 = CARTESIAN_POINT('',(-0.149389060098,-2.014316292546,
    9.999990463255E-02));
#5102 = CARTESIAN_POINT('',(-0.14351696407,-2.01068982718,0.109999904633
    ));
#5103 = CARTESIAN_POINT('',(-0.14351696407,-2.01068982718,
    9.999990463255E-02));
#5104 = CARTESIAN_POINT('',(-0.137290679935,-2.007682647003,
    0.109999904633));
#5105 = CARTESIAN_POINT('',(-0.137290679935,-2.007682647003,
    9.999990463255E-02));
#5106 = CARTESIAN_POINT('',(-0.130682076124,-2.005357681965,
    0.109999904633));
#5107 = CARTESIAN_POINT('',(-0.130682076124,-2.005357681965,
    9.999990463255E-02));
#5108 = CARTESIAN_POINT('',(-0.123678782062,-2.003727799935,
    0.109999904633));
#5109 = CARTESIAN_POINT('',(-0.123678782062,-2.003727799935,
    9.999990463255E-02));
#5110 = CARTESIAN_POINT('',(-0.116314300845,-2.002718286074,
    0.109999904633));
#5111 = CARTESIAN_POINT('',(-0.116314300845,-2.002718286074,
    9.999990463255E-02));
#5112 = CARTESIAN_POINT('',(-0.11127038568,-2.002588288962,
    0.109999904633));
#5113 = CARTESIAN_POINT('',(-0.11127038568,-2.002588288962,
    9.999990463255E-02));
#5114 = CARTESIAN_POINT('',(-0.108701050678,-2.002522069345,
    0.109999904633));
#5115 = CARTESIAN_POINT('',(-0.108701050678,-2.002522069345,
    9.999990463255E-02));
#5116 = ADVANCED_FACE('',(#5117),#5136,.T.);
#5117 = FACE_BOUND('',#5118,.T.);
#5118 = EDGE_LOOP('',(#5119,#5120,#5121,#5135));
#5119 = ORIENTED_EDGE('',*,*,#751,.F.);
#5120 = ORIENTED_EDGE('',*,*,#5072,.F.);
#5121 = ORIENTED_EDGE('',*,*,#5122,.T.);
#5122 = EDGE_CURVE('',#5049,#4621,#5123,.T.);
#5123 = B_SPLINE_CURVE_WITH_KNOTS('',3,(#5124,#5125,#5126,#5127,#5128,
    #5129,#5130,#5131,#5132,#5133,#5134),.UNSPECIFIED.,.F.,.F.,(4,1,1,1,
    1,1,1,1,4),(0.,0.135294604763,0.266765657925,0.394816018836,
    0.520051654434,0.642175702971,0.762651820558,0.881834004381,1.),
  .UNSPECIFIED.);
#5124 = CARTESIAN_POINT('',(-0.108701050678,-2.002522069345,
    0.109999904633));
#5125 = CARTESIAN_POINT('',(-0.106285966565,-2.002553777455,
    0.109999904633));
#5126 = CARTESIAN_POINT('',(-0.101524050866,-2.002616297573,
    0.109999904633));
#5127 = CARTESIAN_POINT('',(-9.450167449802E-02,-2.003257892563,
    0.109999904633));
#5128 = CARTESIAN_POINT('',(-8.769962874166E-02,-2.004223536426,
    0.109999904633));
#5129 = CARTESIAN_POINT('',(-8.114747857093E-02,-2.00564487937,
    0.109999904633));
#5130 = CARTESIAN_POINT('',(-7.48227597754E-02,-2.00742407994,
    0.109999904633));
#5131 = CARTESIAN_POINT('',(-6.87613291785E-02,-2.009658892162,
    0.109999904633));
#5132 = CARTESIAN_POINT('',(-6.289841748753E-02,-2.012211509839,
    0.109999904633));
#5133 = CARTESIAN_POINT('',(-5.920567524054E-02,-2.014291436558,
    0.109999904633));
#5134 = CARTESIAN_POINT('',(-5.736720921478E-02,-2.015326947394,
    0.109999904633));
#5135 = ORIENTED_EDGE('',*,*,#4620,.T.);
#5136 = B_SPLINE_SURFACE_WITH_KNOTS('',3,1,(
    (#5137,#5138)
    ,(#5139,#5140)
    ,(#5141,#5142)
    ,(#5143,#5144)
    ,(#5145,#5146)
    ,(#5147,#5148)
    ,(#5149,#5150)
    ,(#5151,#5152)
    ,(#5153,#5154)
    ,(#5155,#5156)
    ,(#5157,#5158
  )),.UNSPECIFIED.,.F.,.F.,.F.,(4,1,1,1,1,1,1,1,4),(2,2),(0.,
    0.135294604763,0.266765657925,0.394816018836,0.520051654434,
    0.642175702971,0.762651820558,0.881834004381,1.),(0.,1.),
  .UNSPECIFIED.);
#5137 = CARTESIAN_POINT('',(-0.108701050678,-2.002522069345,
    0.109999904633));
#5138 = CARTESIAN_POINT('',(-0.108701050678,-2.002522069345,
    9.999990463255E-02));
#5139 = CARTESIAN_POINT('',(-0.106285966565,-2.002553777455,
    0.109999904633));
#5140 = CARTESIAN_POINT('',(-0.106285966565,-2.002553777455,
    9.999990463255E-02));
#5141 = CARTESIAN_POINT('',(-0.101524050866,-2.002616297573,
    0.109999904633));
#5142 = CARTESIAN_POINT('',(-0.101524050866,-2.002616297573,
    9.999990463255E-02));
#5143 = CARTESIAN_POINT('',(-9.450167449802E-02,-2.003257892563,
    0.109999904633));
#5144 = CARTESIAN_POINT('',(-9.450167449802E-02,-2.003257892563,
    9.999990463255E-02));
#5145 = CARTESIAN_POINT('',(-8.769962874166E-02,-2.004223536426,
    0.109999904633));
#5146 = CARTESIAN_POINT('',(-8.769962874166E-02,-2.004223536426,
    9.999990463255E-02));
#5147 = CARTESIAN_POINT('',(-8.114747857093E-02,-2.00564487937,
    0.109999904633));
#5148 = CARTESIAN_POINT('',(-8.114747857093E-02,-2.00564487937,
    9.999990463255E-02));
#5149 = CARTESIAN_POINT('',(-7.48227597754E-02,-2.00742407994,
    0.109999904633));
#5150 = CARTESIAN_POINT('',(-7.48227597754E-02,-2.00742407994,
    9.999990463255E-02));
#5151 = CARTESIAN_POINT('',(-6.87613291785E-02,-2.009658892162,
    0.109999904633));
#5152 = CARTESIAN_POINT('',(-6.87613291785E-02,-2.009658892162,
    9.999990463255E-02));
#5153 = CARTESIAN_POINT('',(-6.289841748753E-02,-2.012211509839,
    0.109999904633));
#5154 = CARTESIAN_POINT('',(-6.289841748753E-02,-2.012211509839,
    9.999990463255E-02));
#5155 = CARTESIAN_POINT('',(-5.920567524054E-02,-2.014291436558,
    0.109999904633));
#5156 = CARTESIAN_POINT('',(-5.920567524054E-02,-2.014291436558,
    9.999990463255E-02));
#5157 = CARTESIAN_POINT('',(-5.736720921478E-02,-2.015326947394,
    0.109999904633));
#5158 = CARTESIAN_POINT('',(-5.736720921478E-02,-2.015326947394,
    9.999990463255E-02));
#5159 = ADVANCED_FACE('',(#5160),#5172,.T.);
#5160 = FACE_BOUND('',#5161,.T.);
#5161 = EDGE_LOOP('',(#5162,#5163,#5164,#5165,#5166,#5167,#5168,#5169,
    #5170,#5171));
#5162 = ORIENTED_EDGE('',*,*,#4628,.F.);
#5163 = ORIENTED_EDGE('',*,*,#5122,.F.);
#5164 = ORIENTED_EDGE('',*,*,#5048,.F.);
#5165 = ORIENTED_EDGE('',*,*,#4974,.F.);
#5166 = ORIENTED_EDGE('',*,*,#4924,.F.);
#5167 = ORIENTED_EDGE('',*,*,#4900,.F.);
#5168 = ORIENTED_EDGE('',*,*,#4850,.F.);
#5169 = ORIENTED_EDGE('',*,*,#4776,.F.);
#5170 = ORIENTED_EDGE('',*,*,#4702,.F.);
#5171 = ORIENTED_EDGE('',*,*,#4652,.F.);
#5172 = PLANE('',#5173);
#5173 = AXIS2_PLACEMENT_3D('',#5174,#5175,#5176);
#5174 = CARTESIAN_POINT('',(-8.400481793259E-02,-1.983345383122,
    0.109999904633));
#5175 = DIRECTION('',(0.,6.982962677686E-15,-1.));
#5176 = DIRECTION('',(1.,0.,0.));
#5177 = ADVANCED_FACE('',(#5178),#5203,.T.);
#5178 = FACE_BOUND('',#5179,.T.);
#5179 = EDGE_LOOP('',(#5180,#5181,#5189,#5197));
#5180 = ORIENTED_EDGE('',*,*,#1039,.F.);
#5181 = ORIENTED_EDGE('',*,*,#5182,.F.);
#5182 = EDGE_CURVE('',#5183,#1040,#5185,.T.);
#5183 = VERTEX_POINT('',#5184);
#5184 = CARTESIAN_POINT('',(-0.223220867751,-2.004961093735,
    0.109999904633));
#5185 = LINE('',#5186,#5187);
#5186 = CARTESIAN_POINT('',(-0.223220867751,-2.004961093735,
    0.109999904633));
#5187 = VECTOR('',#5188,1.);
#5188 = DIRECTION('',(0.,6.982962677686E-15,-1.));
#5189 = ORIENTED_EDGE('',*,*,#5190,.T.);
#5190 = EDGE_CURVE('',#5183,#5191,#5193,.T.);
#5191 = VERTEX_POINT('',#5192);
#5192 = CARTESIAN_POINT('',(-0.223220867751,-1.983009874223,
    0.109999904633));
#5193 = LINE('',#5194,#5195);
#5194 = CARTESIAN_POINT('',(-0.223220867751,-2.004961093735,
    0.109999904633));
#5195 = VECTOR('',#5196,1.);
#5196 = DIRECTION('',(0.,1.,6.982962677686E-15));
#5197 = ORIENTED_EDGE('',*,*,#5198,.T.);
#5198 = EDGE_CURVE('',#5191,#1042,#5199,.T.);
#5199 = LINE('',#5200,#5201);
#5200 = CARTESIAN_POINT('',(-0.223220867751,-1.983009874223,
    0.109999904633));
#5201 = VECTOR('',#5202,1.);
#5202 = DIRECTION('',(0.,6.982962677686E-15,-1.));
#5203 = PLANE('',#5204);
#5204 = AXIS2_PLACEMENT_3D('',#5205,#5206,#5207);
#5205 = CARTESIAN_POINT('',(-0.223220867751,-2.004961093735,
    0.109999904633));
#5206 = DIRECTION('',(-1.,0.,0.));
#5207 = DIRECTION('',(0.,6.982962677686E-15,-1.));
#5208 = ADVANCED_FACE('',(#5209),#5227,.T.);
#5209 = FACE_BOUND('',#5210,.T.);
#5210 = EDGE_LOOP('',(#5211,#5212,#5213,#5221));
#5211 = ORIENTED_EDGE('',*,*,#1049,.F.);
#5212 = ORIENTED_EDGE('',*,*,#5198,.F.);
#5213 = ORIENTED_EDGE('',*,*,#5214,.T.);
#5214 = EDGE_CURVE('',#5191,#5215,#5217,.T.);
#5215 = VERTEX_POINT('',#5216);
#5216 = CARTESIAN_POINT('',(-0.325659892142,-1.983009874223,
    0.109999904633));
#5217 = LINE('',#5218,#5219);
#5218 = CARTESIAN_POINT('',(-0.223220867751,-1.983009874223,
    0.109999904633));
#5219 = VECTOR('',#5220,1.);
#5220 = DIRECTION('',(-1.,0.,0.));
#5221 = ORIENTED_EDGE('',*,*,#5222,.T.);
#5222 = EDGE_CURVE('',#5215,#1050,#5223,.T.);
#5223 = LINE('',#5224,#5225);
#5224 = CARTESIAN_POINT('',(-0.325659892142,-1.983009874223,
    0.109999904633));
#5225 = VECTOR('',#5226,1.);
#5226 = DIRECTION('',(0.,6.982962677686E-15,-1.));
#5227 = PLANE('',#5228);
#5228 = AXIS2_PLACEMENT_3D('',#5229,#5230,#5231);
#5229 = CARTESIAN_POINT('',(-0.223220867751,-1.983009874223,
    0.109999904633));
#5230 = DIRECTION('',(0.,-1.,-6.982962677686E-15));
#5231 = DIRECTION('',(0.,6.982962677686E-15,-1.));
#5232 = ADVANCED_FACE('',(#5233),#5251,.T.);
#5233 = FACE_BOUND('',#5234,.T.);
#5234 = EDGE_LOOP('',(#5235,#5236,#5237,#5245));
#5235 = ORIENTED_EDGE('',*,*,#1057,.F.);
#5236 = ORIENTED_EDGE('',*,*,#5222,.F.);
#5237 = ORIENTED_EDGE('',*,*,#5238,.T.);
#5238 = EDGE_CURVE('',#5215,#5239,#5241,.T.);
#5239 = VERTEX_POINT('',#5240);
#5240 = CARTESIAN_POINT('',(-0.325659892142,-2.183009874223,
    0.109999904633));
#5241 = LINE('',#5242,#5243);
#5242 = CARTESIAN_POINT('',(-0.325659892142,-1.983009874223,
    0.109999904633));
#5243 = VECTOR('',#5244,1.);
#5244 = DIRECTION('',(0.,-1.,-6.982962677686E-15));
#5245 = ORIENTED_EDGE('',*,*,#5246,.T.);
#5246 = EDGE_CURVE('',#5239,#1058,#5247,.T.);
#5247 = LINE('',#5248,#5249);
#5248 = CARTESIAN_POINT('',(-0.325659892142,-2.183009874223,
    0.109999904633));
#5249 = VECTOR('',#5250,1.);
#5250 = DIRECTION('',(0.,6.982962677686E-15,-1.));
#5251 = PLANE('',#5252);
#5252 = AXIS2_PLACEMENT_3D('',#5253,#5254,#5255);
#5253 = CARTESIAN_POINT('',(-0.325659892142,-1.983009874223,
    0.109999904633));
#5254 = DIRECTION('',(1.,0.,0.));
#5255 = DIRECTION('',(0.,-6.982962677686E-15,1.));
#5256 = ADVANCED_FACE('',(#5257),#5275,.T.);
#5257 = FACE_BOUND('',#5258,.T.);
#5258 = EDGE_LOOP('',(#5259,#5260,#5261,#5269));
#5259 = ORIENTED_EDGE('',*,*,#1065,.F.);
#5260 = ORIENTED_EDGE('',*,*,#5246,.F.);
#5261 = ORIENTED_EDGE('',*,*,#5262,.T.);
#5262 = EDGE_CURVE('',#5239,#5263,#5265,.T.);
#5263 = VERTEX_POINT('',#5264);
#5264 = CARTESIAN_POINT('',(-0.298830623849,-2.183009874223,
    0.109999904633));
#5265 = LINE('',#5266,#5267);
#5266 = CARTESIAN_POINT('',(-0.325659892142,-2.183009874223,
    0.109999904633));
#5267 = VECTOR('',#5268,1.);
#5268 = DIRECTION('',(1.,0.,0.));
#5269 = ORIENTED_EDGE('',*,*,#5270,.T.);
#5270 = EDGE_CURVE('',#5263,#1066,#5271,.T.);
#5271 = LINE('',#5272,#5273);
#5272 = CARTESIAN_POINT('',(-0.298830623849,-2.183009874223,
    0.109999904633));
#5273 = VECTOR('',#5274,1.);
#5274 = DIRECTION('',(0.,6.982962677686E-15,-1.));
#5275 = PLANE('',#5276);
#5276 = AXIS2_PLACEMENT_3D('',#5277,#5278,#5279);
#5277 = CARTESIAN_POINT('',(-0.325659892142,-2.183009874223,
    0.109999904633));
#5278 = DIRECTION('',(0.,1.,6.982962677686E-15));
#5279 = DIRECTION('',(0.,-6.982962677686E-15,1.));
#5280 = ADVANCED_FACE('',(#5281),#5299,.T.);
#5281 = FACE_BOUND('',#5282,.T.);
#5282 = EDGE_LOOP('',(#5283,#5284,#5285,#5293));
#5283 = ORIENTED_EDGE('',*,*,#1073,.F.);
#5284 = ORIENTED_EDGE('',*,*,#5270,.F.);
#5285 = ORIENTED_EDGE('',*,*,#5286,.T.);
#5286 = EDGE_CURVE('',#5263,#5287,#5289,.T.);
#5287 = VERTEX_POINT('',#5288);
#5288 = CARTESIAN_POINT('',(-0.298830623849,-2.004961093735,
    0.109999904633));
#5289 = LINE('',#5290,#5291);
#5290 = CARTESIAN_POINT('',(-0.298830623849,-2.183009874223,
    0.109999904633));
#5291 = VECTOR('',#5292,1.);
#5292 = DIRECTION('',(0.,1.,6.982962677686E-15));
#5293 = ORIENTED_EDGE('',*,*,#5294,.T.);
#5294 = EDGE_CURVE('',#5287,#1074,#5295,.T.);
#5295 = LINE('',#5296,#5297);
#5296 = CARTESIAN_POINT('',(-0.298830623849,-2.004961093735,
    0.109999904633));
#5297 = VECTOR('',#5298,1.);
#5298 = DIRECTION('',(0.,6.982962677686E-15,-1.));
#5299 = PLANE('',#5300);
#5300 = AXIS2_PLACEMENT_3D('',#5301,#5302,#5303);
#5301 = CARTESIAN_POINT('',(-0.298830623849,-2.183009874223,
    0.109999904633));
#5302 = DIRECTION('',(-1.,0.,0.));
#5303 = DIRECTION('',(0.,6.982962677686E-15,-1.));
#5304 = ADVANCED_FACE('',(#5305),#5316,.T.);
#5305 = FACE_BOUND('',#5306,.T.);
#5306 = EDGE_LOOP('',(#5307,#5308,#5309,#5315));
#5307 = ORIENTED_EDGE('',*,*,#1081,.F.);
#5308 = ORIENTED_EDGE('',*,*,#5294,.F.);
#5309 = ORIENTED_EDGE('',*,*,#5310,.T.);
#5310 = EDGE_CURVE('',#5287,#5183,#5311,.T.);
#5311 = LINE('',#5312,#5313);
#5312 = CARTESIAN_POINT('',(-0.298830623849,-2.004961093735,
    0.109999904633));
#5313 = VECTOR('',#5314,1.);
#5314 = DIRECTION('',(1.,0.,0.));
#5315 = ORIENTED_EDGE('',*,*,#5182,.T.);
#5316 = PLANE('',#5317);
#5317 = AXIS2_PLACEMENT_3D('',#5318,#5319,#5320);
#5318 = CARTESIAN_POINT('',(-0.298830623849,-2.004961093735,
    0.109999904633));
#5319 = DIRECTION('',(0.,1.,6.982962677686E-15));
#5320 = DIRECTION('',(0.,-6.982962677686E-15,1.));
#5321 = ADVANCED_FACE('',(#5322),#5330,.F.);
#5322 = FACE_BOUND('',#5323,.T.);
#5323 = EDGE_LOOP('',(#5324,#5325,#5326,#5327,#5328,#5329));
#5324 = ORIENTED_EDGE('',*,*,#5190,.F.);
#5325 = ORIENTED_EDGE('',*,*,#5310,.F.);
#5326 = ORIENTED_EDGE('',*,*,#5286,.F.);
#5327 = ORIENTED_EDGE('',*,*,#5262,.F.);
#5328 = ORIENTED_EDGE('',*,*,#5238,.F.);
#5329 = ORIENTED_EDGE('',*,*,#5214,.F.);
#5330 = PLANE('',#5331);
#5331 = AXIS2_PLACEMENT_3D('',#5332,#5333,#5334);
#5332 = CARTESIAN_POINT('',(0.,-6.982962677686E-17,0.109999904633));
#5333 = DIRECTION('',(0.,-6.982962677686E-15,1.));
#5334 = DIRECTION('',(-1.,0.,0.));
#5335 = ADVANCED_FACE('',(#5336),#5344,.F.);
#5336 = FACE_BOUND('',#5337,.T.);
#5337 = EDGE_LOOP('',(#5338,#5339,#5340,#5341,#5342,#5343));
#5338 = ORIENTED_EDGE('',*,*,#3612,.T.);
#5339 = ORIENTED_EDGE('',*,*,#3767,.T.);
#5340 = ORIENTED_EDGE('',*,*,#3729,.T.);
#5341 = ORIENTED_EDGE('',*,*,#3705,.T.);
#5342 = ORIENTED_EDGE('',*,*,#3667,.T.);
#5343 = ORIENTED_EDGE('',*,*,#3643,.T.);
#5344 = PLANE('',#5345);
#5345 = AXIS2_PLACEMENT_3D('',#5346,#5347,#5348);
#5346 = CARTESIAN_POINT('',(0.,0.,9.999990463257E-02));
#5347 = DIRECTION('',(0.,-6.982962677686E-15,1.));
#5348 = DIRECTION('',(-1.,0.,0.));
#5349 = ADVANCED_FACE('',(#5350),#5357,.F.);
#5350 = FACE_BOUND('',#5351,.T.);
#5351 = EDGE_LOOP('',(#5352,#5353,#5354,#5355,#5356));
#5352 = ORIENTED_EDGE('',*,*,#4091,.T.);
#5353 = ORIENTED_EDGE('',*,*,#4294,.T.);
#5354 = ORIENTED_EDGE('',*,*,#4270,.T.);
#5355 = ORIENTED_EDGE('',*,*,#4196,.T.);
#5356 = ORIENTED_EDGE('',*,*,#4122,.T.);
#5357 = PLANE('',#5358);
#5358 = AXIS2_PLACEMENT_3D('',#5359,#5360,#5361);
#5359 = CARTESIAN_POINT('',(0.,0.,9.999990463257E-02));
#5360 = DIRECTION('',(0.,-6.982962677686E-15,1.));
#5361 = DIRECTION('',(-1.,0.,0.));
#5362 = ( GEOMETRIC_REPRESENTATION_CONTEXT(3) 
GLOBAL_UNCERTAINTY_ASSIGNED_CONTEXT((#5366)) 
GLOBAL_UNIT_ASSIGNED_CONTEXT((#5363,#5364,#5365)) REPRESENTATION_CONTEXT
('Context #1','3D Context with UNIT and UNCERTAINTY') );
#5363 = ( LENGTH_UNIT() NAMED_UNIT(*) SI_UNIT(.MILLI.,.METRE.) );
#5364 = ( NAMED_UNIT(*) PLANE_ANGLE_UNIT() SI_UNIT($,.RADIAN.) );
#5365 = ( NAMED_UNIT(*) SI_UNIT($,.STERADIAN.) SOLID_ANGLE_UNIT() );
#5366 = UNCERTAINTY_MEASURE_WITH_UNIT(LENGTH_MEASURE(5.E-06),#5363,
  'distance_accuracy_value','confusion accuracy');
#5367 = CONTEXT_DEPENDENT_SHAPE_REPRESENTATION(#5368,#5370);
#5368 = ( REPRESENTATION_RELATIONSHIP('','',#130,#55) 
REPRESENTATION_RELATIONSHIP_WITH_TRANSFORMATION(#5369) 
SHAPE_REPRESENTATION_RELATIONSHIP() );
#5369 = ITEM_DEFINED_TRANSFORMATION('','',#11,#56);
#5370 = PRODUCT_DEFINITION_SHAPE('Placement','Placement of an item',
  #5371);
#5371 = NEXT_ASSEMBLY_USAGE_OCCURRENCE('1',
  'CONN-SMD_T31000~CONN-SMD_T31000~AJBg','',#50,#125,$);
#5372 = PRODUCT_RELATED_PRODUCT_CATEGORY('part',$,(#127));
#5373 = SHAPE_DEFINITION_REPRESENTATION(#5374,#5380);
#5374 = PRODUCT_DEFINITION_SHAPE('','',#5375);
#5375 = PRODUCT_DEFINITION('design','',#5376,#5379);
#5376 = PRODUCT_DEFINITION_FORMATION('','',#5377);
#5377 = PRODUCT('CONN-SMD_T31000~CONN-SMD_T31000~AJBg001',
  'CONN-SMD_T31000~CONN-SMD_T31000~AJBg001','',(#5378));
#5378 = PRODUCT_CONTEXT('',#2,'mechanical');
#5379 = PRODUCT_DEFINITION_CONTEXT('part definition',#2,'design');
#5380 = ADVANCED_BREP_SHAPE_REPRESENTATION('',(#11,#5381),#5597);
#5381 = MANIFOLD_SOLID_BREP('',#5382);
#5382 = CLOSED_SHELL('',(#5383,#5423,#5454,#5485,#5516,#5547,#5569,#5583
    ));
#5383 = ADVANCED_FACE('',(#5384),#5418,.F.);
#5384 = FACE_BOUND('',#5385,.T.);
#5385 = EDGE_LOOP('',(#5386,#5396,#5404,#5412));
#5386 = ORIENTED_EDGE('',*,*,#5387,.T.);
#5387 = EDGE_CURVE('',#5388,#5390,#5392,.T.);
#5388 = VERTEX_POINT('',#5389);
#5389 = CARTESIAN_POINT('',(3.,-1.244320528265,5.403293889092));
#5390 = VERTEX_POINT('',#5391);
#5391 = CARTESIAN_POINT('',(3.,-1.244320528265,5.426480490626));
#5392 = LINE('',#5393,#5394);
#5393 = CARTESIAN_POINT('',(3.,-1.244320528265,5.426480490626));
#5394 = VECTOR('',#5395,1.);
#5395 = DIRECTION('',(0.,0.,1.));
#5396 = ORIENTED_EDGE('',*,*,#5397,.F.);
#5397 = EDGE_CURVE('',#5398,#5390,#5400,.T.);
#5398 = VERTEX_POINT('',#5399);
#5399 = CARTESIAN_POINT('',(3.001,-1.244320528265,5.426480490626));
#5400 = LINE('',#5401,#5402);
#5401 = CARTESIAN_POINT('',(3.001,-1.244320528265,5.426480490626));
#5402 = VECTOR('',#5403,1.);
#5403 = DIRECTION('',(-1.,-0.,-0.));
#5404 = ORIENTED_EDGE('',*,*,#5405,.F.);
#5405 = EDGE_CURVE('',#5406,#5398,#5408,.T.);
#5406 = VERTEX_POINT('',#5407);
#5407 = CARTESIAN_POINT('',(3.001,-1.244320528265,5.403293889092));
#5408 = LINE('',#5409,#5410);
#5409 = CARTESIAN_POINT('',(3.001,-1.244320528265,5.426480490626));
#5410 = VECTOR('',#5411,1.);
#5411 = DIRECTION('',(0.,0.,1.));
#5412 = ORIENTED_EDGE('',*,*,#5413,.T.);
#5413 = EDGE_CURVE('',#5406,#5388,#5414,.T.);
#5414 = LINE('',#5415,#5416);
#5415 = CARTESIAN_POINT('',(3.001,-1.244320528265,5.403293889092));
#5416 = VECTOR('',#5417,1.);
#5417 = DIRECTION('',(-1.,-0.,-0.));
#5418 = PLANE('',#5419);
#5419 = AXIS2_PLACEMENT_3D('',#5420,#5421,#5422);
#5420 = CARTESIAN_POINT('',(3.001,-1.244320528265,5.426480490626));
#5421 = DIRECTION('',(0.,-1.,0.));
#5422 = DIRECTION('',(0.,0.,-1.));
#5423 = ADVANCED_FACE('',(#5424),#5449,.F.);
#5424 = FACE_BOUND('',#5425,.T.);
#5425 = EDGE_LOOP('',(#5426,#5434,#5442,#5448));
#5426 = ORIENTED_EDGE('',*,*,#5427,.T.);
#5427 = EDGE_CURVE('',#5390,#5428,#5430,.T.);
#5428 = VERTEX_POINT('',#5429);
#5429 = CARTESIAN_POINT('',(3.,-1.325317669947,5.426480490626));
#5430 = LINE('',#5431,#5432);
#5431 = CARTESIAN_POINT('',(3.,-1.325317669947,5.426480490626));
#5432 = VECTOR('',#5433,1.);
#5433 = DIRECTION('',(-0.,-1.,-0.));
#5434 = ORIENTED_EDGE('',*,*,#5435,.F.);
#5435 = EDGE_CURVE('',#5436,#5428,#5438,.T.);
#5436 = VERTEX_POINT('',#5437);
#5437 = CARTESIAN_POINT('',(3.001,-1.325317669947,5.426480490626));
#5438 = LINE('',#5439,#5440);
#5439 = CARTESIAN_POINT('',(3.001,-1.325317669947,5.426480490626));
#5440 = VECTOR('',#5441,1.);
#5441 = DIRECTION('',(-1.,-0.,-0.));
#5442 = ORIENTED_EDGE('',*,*,#5443,.F.);
#5443 = EDGE_CURVE('',#5398,#5436,#5444,.T.);
#5444 = LINE('',#5445,#5446);
#5445 = CARTESIAN_POINT('',(3.001,-1.325317669947,5.426480490626));
#5446 = VECTOR('',#5447,1.);
#5447 = DIRECTION('',(-0.,-1.,-0.));
#5448 = ORIENTED_EDGE('',*,*,#5397,.T.);
#5449 = PLANE('',#5450);
#5450 = AXIS2_PLACEMENT_3D('',#5451,#5452,#5453);
#5451 = CARTESIAN_POINT('',(3.001,-1.325317669947,5.426480490626));
#5452 = DIRECTION('',(0.,0.,-1.));
#5453 = DIRECTION('',(-1.,0.,0.));
#5454 = ADVANCED_FACE('',(#5455),#5480,.F.);
#5455 = FACE_BOUND('',#5456,.T.);
#5456 = EDGE_LOOP('',(#5457,#5465,#5473,#5479));
#5457 = ORIENTED_EDGE('',*,*,#5458,.T.);
#5458 = EDGE_CURVE('',#5428,#5459,#5461,.T.);
#5459 = VERTEX_POINT('',#5460);
#5460 = CARTESIAN_POINT('',(3.,-1.325317669947,5.606670537523));
#5461 = LINE('',#5462,#5463);
#5462 = CARTESIAN_POINT('',(3.,-1.325317669947,5.606670537523));
#5463 = VECTOR('',#5464,1.);
#5464 = DIRECTION('',(0.,-3.610195539053E-15,1.));
#5465 = ORIENTED_EDGE('',*,*,#5466,.F.);
#5466 = EDGE_CURVE('',#5467,#5459,#5469,.T.);
#5467 = VERTEX_POINT('',#5468);
#5468 = CARTESIAN_POINT('',(3.001,-1.325317669947,5.606670537523));
#5469 = LINE('',#5470,#5471);
#5470 = CARTESIAN_POINT('',(3.001,-1.325317669947,5.606670537523));
#5471 = VECTOR('',#5472,1.);
#5472 = DIRECTION('',(-1.,-0.,-0.));
#5473 = ORIENTED_EDGE('',*,*,#5474,.F.);
#5474 = EDGE_CURVE('',#5436,#5467,#5475,.T.);
#5475 = LINE('',#5476,#5477);
#5476 = CARTESIAN_POINT('',(3.001,-1.325317669947,5.606670537523));
#5477 = VECTOR('',#5478,1.);
#5478 = DIRECTION('',(0.,-3.610195539053E-15,1.));
#5479 = ORIENTED_EDGE('',*,*,#5435,.T.);
#5480 = PLANE('',#5481);
#5481 = AXIS2_PLACEMENT_3D('',#5482,#5483,#5484);
#5482 = CARTESIAN_POINT('',(3.001,-1.325317669947,5.606670537523));
#5483 = DIRECTION('',(0.,-1.,-3.610195539053E-15));
#5484 = DIRECTION('',(0.,3.610195539053E-15,-1.));
#5485 = ADVANCED_FACE('',(#5486),#5511,.F.);
#5486 = FACE_BOUND('',#5487,.T.);
#5487 = EDGE_LOOP('',(#5488,#5496,#5504,#5510));
#5488 = ORIENTED_EDGE('',*,*,#5489,.T.);
#5489 = EDGE_CURVE('',#5459,#5490,#5492,.T.);
#5490 = VERTEX_POINT('',#5491);
#5491 = CARTESIAN_POINT('',(3.,-1.351571557334,5.606670537523));
#5492 = LINE('',#5493,#5494);
#5493 = CARTESIAN_POINT('',(3.,-1.351571557334,5.606670537523));
#5494 = VECTOR('',#5495,1.);
#5495 = DIRECTION('',(-0.,-1.,-0.));
#5496 = ORIENTED_EDGE('',*,*,#5497,.F.);
#5497 = EDGE_CURVE('',#5498,#5490,#5500,.T.);
#5498 = VERTEX_POINT('',#5499);
#5499 = CARTESIAN_POINT('',(3.001,-1.351571557334,5.606670537523));
#5500 = LINE('',#5501,#5502);
#5501 = CARTESIAN_POINT('',(3.001,-1.351571557334,5.606670537523));
#5502 = VECTOR('',#5503,1.);
#5503 = DIRECTION('',(-1.,-0.,-0.));
#5504 = ORIENTED_EDGE('',*,*,#5505,.F.);
#5505 = EDGE_CURVE('',#5467,#5498,#5506,.T.);
#5506 = LINE('',#5507,#5508);
#5507 = CARTESIAN_POINT('',(3.001,-1.351571557334,5.606670537523));
#5508 = VECTOR('',#5509,1.);
#5509 = DIRECTION('',(-0.,-1.,-0.));
#5510 = ORIENTED_EDGE('',*,*,#5466,.T.);
#5511 = PLANE('',#5512);
#5512 = AXIS2_PLACEMENT_3D('',#5513,#5514,#5515);
#5513 = CARTESIAN_POINT('',(3.001,-1.351571557334,5.606670537523));
#5514 = DIRECTION('',(0.,0.,-1.));
#5515 = DIRECTION('',(-1.,0.,0.));
#5516 = ADVANCED_FACE('',(#5517),#5542,.F.);
#5517 = FACE_BOUND('',#5518,.T.);
#5518 = EDGE_LOOP('',(#5519,#5527,#5535,#5541));
#5519 = ORIENTED_EDGE('',*,*,#5520,.T.);
#5520 = EDGE_CURVE('',#5490,#5521,#5523,.T.);
#5521 = VERTEX_POINT('',#5522);
#5522 = CARTESIAN_POINT('',(3.,-1.351571557334,5.403293889092));
#5523 = LINE('',#5524,#5525);
#5524 = CARTESIAN_POINT('',(3.,-1.351571557334,5.403293889092));
#5525 = VECTOR('',#5526,1.);
#5526 = DIRECTION('',(0.,3.19860371635E-15,-1.));
#5527 = ORIENTED_EDGE('',*,*,#5528,.F.);
#5528 = EDGE_CURVE('',#5529,#5521,#5531,.T.);
#5529 = VERTEX_POINT('',#5530);
#5530 = CARTESIAN_POINT('',(3.001,-1.351571557334,5.403293889092));
#5531 = LINE('',#5532,#5533);
#5532 = CARTESIAN_POINT('',(3.001,-1.351571557334,5.403293889092));
#5533 = VECTOR('',#5534,1.);
#5534 = DIRECTION('',(-1.,-0.,-0.));
#5535 = ORIENTED_EDGE('',*,*,#5536,.F.);
#5536 = EDGE_CURVE('',#5498,#5529,#5537,.T.);
#5537 = LINE('',#5538,#5539);
#5538 = CARTESIAN_POINT('',(3.001,-1.351571557334,5.403293889092));
#5539 = VECTOR('',#5540,1.);
#5540 = DIRECTION('',(0.,3.19860371635E-15,-1.));
#5541 = ORIENTED_EDGE('',*,*,#5497,.T.);
#5542 = PLANE('',#5543);
#5543 = AXIS2_PLACEMENT_3D('',#5544,#5545,#5546);
#5544 = CARTESIAN_POINT('',(3.001,-1.351571557334,5.403293889092));
#5545 = DIRECTION('',(0.,1.,3.19860371635E-15));
#5546 = DIRECTION('',(0.,-3.19860371635E-15,1.));
#5547 = ADVANCED_FACE('',(#5548),#5564,.F.);
#5548 = FACE_BOUND('',#5549,.T.);
#5549 = EDGE_LOOP('',(#5550,#5556,#5557,#5563));
#5550 = ORIENTED_EDGE('',*,*,#5551,.T.);
#5551 = EDGE_CURVE('',#5521,#5388,#5552,.T.);
#5552 = LINE('',#5553,#5554);
#5553 = CARTESIAN_POINT('',(3.,-1.244320528265,5.403293889092));
#5554 = VECTOR('',#5555,1.);
#5555 = DIRECTION('',(0.,1.,8.087211335138E-15));
#5556 = ORIENTED_EDGE('',*,*,#5413,.F.);
#5557 = ORIENTED_EDGE('',*,*,#5558,.F.);
#5558 = EDGE_CURVE('',#5529,#5406,#5559,.T.);
#5559 = LINE('',#5560,#5561);
#5560 = CARTESIAN_POINT('',(3.001,-1.244320528265,5.403293889092));
#5561 = VECTOR('',#5562,1.);
#5562 = DIRECTION('',(0.,1.,8.087211335138E-15));
#5563 = ORIENTED_EDGE('',*,*,#5528,.T.);
#5564 = PLANE('',#5565);
#5565 = AXIS2_PLACEMENT_3D('',#5566,#5567,#5568);
#5566 = CARTESIAN_POINT('',(3.001,-1.244320528265,5.403293889092));
#5567 = DIRECTION('',(0.,-8.087211335138E-15,1.));
#5568 = DIRECTION('',(0.,-1.,-8.087211335138E-15));
#5569 = ADVANCED_FACE('',(#5570),#5578,.F.);
#5570 = FACE_BOUND('',#5571,.T.);
#5571 = EDGE_LOOP('',(#5572,#5573,#5574,#5575,#5576,#5577));
#5572 = ORIENTED_EDGE('',*,*,#5405,.T.);
#5573 = ORIENTED_EDGE('',*,*,#5443,.T.);
#5574 = ORIENTED_EDGE('',*,*,#5474,.T.);
#5575 = ORIENTED_EDGE('',*,*,#5505,.T.);
#5576 = ORIENTED_EDGE('',*,*,#5536,.T.);
#5577 = ORIENTED_EDGE('',*,*,#5558,.T.);
#5578 = PLANE('',#5579);
#5579 = AXIS2_PLACEMENT_3D('',#5580,#5581,#5582);
#5580 = CARTESIAN_POINT('',(3.001,0.,9.999990463257E-02));
#5581 = DIRECTION('',(-1.,0.,0.));
#5582 = DIRECTION('',(0.,0.,1.));
#5583 = ADVANCED_FACE('',(#5584),#5592,.T.);
#5584 = FACE_BOUND('',#5585,.T.);
#5585 = EDGE_LOOP('',(#5586,#5587,#5588,#5589,#5590,#5591));
#5586 = ORIENTED_EDGE('',*,*,#5387,.F.);
#5587 = ORIENTED_EDGE('',*,*,#5551,.F.);
#5588 = ORIENTED_EDGE('',*,*,#5520,.F.);
#5589 = ORIENTED_EDGE('',*,*,#5489,.F.);
#5590 = ORIENTED_EDGE('',*,*,#5458,.F.);
#5591 = ORIENTED_EDGE('',*,*,#5427,.F.);
#5592 = PLANE('',#5593);
#5593 = AXIS2_PLACEMENT_3D('',#5594,#5595,#5596);
#5594 = CARTESIAN_POINT('',(3.,0.,9.999990463257E-02));
#5595 = DIRECTION('',(-1.,0.,0.));
#5596 = DIRECTION('',(0.,0.,1.));
#5597 = ( GEOMETRIC_REPRESENTATION_CONTEXT(3) 
GLOBAL_UNCERTAINTY_ASSIGNED_CONTEXT((#5601)) 
GLOBAL_UNIT_ASSIGNED_CONTEXT((#5598,#5599,#5600)) REPRESENTATION_CONTEXT
('Context #1','3D Context with UNIT and UNCERTAINTY') );
#5598 = ( LENGTH_UNIT() NAMED_UNIT(*) SI_UNIT(.MILLI.,.METRE.) );
#5599 = ( NAMED_UNIT(*) PLANE_ANGLE_UNIT() SI_UNIT($,.RADIAN.) );
#5600 = ( NAMED_UNIT(*) SI_UNIT($,.STERADIAN.) SOLID_ANGLE_UNIT() );
#5601 = UNCERTAINTY_MEASURE_WITH_UNIT(LENGTH_MEASURE(1.E-07),#5598,
  'distance_accuracy_value','confusion accuracy');
#5602 = CONTEXT_DEPENDENT_SHAPE_REPRESENTATION(#5603,#5605);
#5603 = ( REPRESENTATION_RELATIONSHIP('','',#5380,#55) 
REPRESENTATION_RELATIONSHIP_WITH_TRANSFORMATION(#5604) 
SHAPE_REPRESENTATION_RELATIONSHIP() );
#5604 = ITEM_DEFINED_TRANSFORMATION('','',#11,#60);
#5605 = PRODUCT_DEFINITION_SHAPE('Placement','Placement of an item',
  #5606);
#5606 = NEXT_ASSEMBLY_USAGE_OCCURRENCE('2',
  'CONN-SMD_T31000~CONN-SMD_T31000~AJBg001','',#50,#5375,$);
#5607 = PRODUCT_RELATED_PRODUCT_CATEGORY('part',$,(#5377));
#5608 = SHAPE_DEFINITION_REPRESENTATION(#5609,#5615);
#5609 = PRODUCT_DEFINITION_SHAPE('','',#5610);
#5610 = PRODUCT_DEFINITION('design','',#5611,#5614);
#5611 = PRODUCT_DEFINITION_FORMATION('','',#5612);
#5612 = PRODUCT('CONN-SMD_T31000~CONN-SMD_T31000~AJBg002',
  'CONN-SMD_T31000~CONN-SMD_T31000~AJBg002','',(#5613));
#5613 = PRODUCT_CONTEXT('',#2,'mechanical');
#5614 = PRODUCT_DEFINITION_CONTEXT('part definition',#2,'design');
#5615 = ADVANCED_BREP_SHAPE_REPRESENTATION('',(#11,#5616),#6168);
#5616 = MANIFOLD_SOLID_BREP('',#5617);
#5617 = CLOSED_SHELL('',(#5618,#5664,#5695,#5732,#5769,#5806,#5843,#5880
    ,#5917,#5948,#5985,#6022,#6059,#6096,#6124,#6146));
#5618 = ADVANCED_FACE('',(#5619),#5655,.F.);
#5619 = FACE_BOUND('',#5620,.F.);
#5620 = EDGE_LOOP('',(#5621,#5631,#5640,#5648));
#5621 = ORIENTED_EDGE('',*,*,#5622,.F.);
#5622 = EDGE_CURVE('',#5623,#5625,#5627,.T.);
#5623 = VERTEX_POINT('',#5624);
#5624 = CARTESIAN_POINT('',(3.001,-1.140032809259,5.399862687968));
#5625 = VERTEX_POINT('',#5626);
#5626 = CARTESIAN_POINT('',(3.,-1.140032809259,5.399862687968));
#5627 = LINE('',#5628,#5629);
#5628 = CARTESIAN_POINT('',(3.001,-1.140032809259,5.399862687968));
#5629 = VECTOR('',#5630,1.);
#5630 = DIRECTION('',(-1.,-0.,-0.));
#5631 = ORIENTED_EDGE('',*,*,#5632,.T.);
#5632 = EDGE_CURVE('',#5623,#5633,#5635,.T.);
#5633 = VERTEX_POINT('',#5634);
#5634 = CARTESIAN_POINT('',(3.001,-1.08372991809,5.411715928214));
#5635 = B_SPLINE_CURVE_WITH_KNOTS('',3,(#5636,#5637,#5638,#5639),
  .UNSPECIFIED.,.F.,.F.,(4,4),(0.,1.),.PIECEWISE_BEZIER_KNOTS.);
#5636 = CARTESIAN_POINT('',(3.001,-1.140032809259,5.399862687968));
#5637 = CARTESIAN_POINT('',(3.001,-1.117470062475,5.399862687968));
#5638 = CARTESIAN_POINT('',(3.001,-1.098702432085,5.403813768049));
#5639 = CARTESIAN_POINT('',(3.001,-1.08372991809,5.411715928214));
#5640 = ORIENTED_EDGE('',*,*,#5641,.T.);
#5641 = EDGE_CURVE('',#5633,#5642,#5644,.T.);
#5642 = VERTEX_POINT('',#5643);
#5643 = CARTESIAN_POINT('',(3.,-1.08372991809,5.411715928214));
#5644 = LINE('',#5645,#5646);
#5645 = CARTESIAN_POINT('',(3.001,-1.08372991809,5.411715928214));
#5646 = VECTOR('',#5647,1.);
#5647 = DIRECTION('',(-1.,-0.,-0.));
#5648 = ORIENTED_EDGE('',*,*,#5649,.F.);
#5649 = EDGE_CURVE('',#5625,#5642,#5650,.T.);
#5650 = B_SPLINE_CURVE_WITH_KNOTS('',3,(#5651,#5652,#5653,#5654),
  .UNSPECIFIED.,.F.,.F.,(4,4),(0.,1.),.PIECEWISE_BEZIER_KNOTS.);
#5651 = CARTESIAN_POINT('',(3.,-1.140032809259,5.399862687968));
#5652 = CARTESIAN_POINT('',(3.,-1.117470062475,5.399862687968));
#5653 = CARTESIAN_POINT('',(3.,-1.098702432085,5.403813768049));
#5654 = CARTESIAN_POINT('',(3.,-1.08372991809,5.411715928214));
#5655 = B_SPLINE_SURFACE_WITH_KNOTS('',3,1,(
    (#5656,#5657)
    ,(#5658,#5659)
    ,(#5660,#5661)
    ,(#5662,#5663
    )),.UNSPECIFIED.,.F.,.F.,.F.,(4,4),(2,2),(0.,1.),(0.,1.),
  .PIECEWISE_BEZIER_KNOTS.);
#5656 = CARTESIAN_POINT('',(3.001,-1.140032809259,5.399862687968));
#5657 = CARTESIAN_POINT('',(3.,-1.140032809259,5.399862687968));
#5658 = CARTESIAN_POINT('',(3.001,-1.117470062475,5.399862687968));
#5659 = CARTESIAN_POINT('',(3.,-1.117470062475,5.399862687968));
#5660 = CARTESIAN_POINT('',(3.001,-1.098702432085,5.403813768049));
#5661 = CARTESIAN_POINT('',(3.,-1.098702432085,5.403813768049));
#5662 = CARTESIAN_POINT('',(3.001,-1.08372991809,5.411715928214));
#5663 = CARTESIAN_POINT('',(3.,-1.08372991809,5.411715928214));
#5664 = ADVANCED_FACE('',(#5665),#5690,.F.);
#5665 = FACE_BOUND('',#5666,.T.);
#5666 = EDGE_LOOP('',(#5667,#5675,#5683,#5689));
#5667 = ORIENTED_EDGE('',*,*,#5668,.T.);
#5668 = EDGE_CURVE('',#5642,#5669,#5671,.T.);
#5669 = VERTEX_POINT('',#5670);
#5670 = CARTESIAN_POINT('',(3.,-1.08372991809,5.436878069789));
#5671 = LINE('',#5672,#5673);
#5672 = CARTESIAN_POINT('',(3.,-1.08372991809,5.436878069789));
#5673 = VECTOR('',#5674,1.);
#5674 = DIRECTION('',(0.,-8.617725714964E-15,1.));
#5675 = ORIENTED_EDGE('',*,*,#5676,.F.);
#5676 = EDGE_CURVE('',#5677,#5669,#5679,.T.);
#5677 = VERTEX_POINT('',#5678);
#5678 = CARTESIAN_POINT('',(3.001,-1.08372991809,5.436878069789));
#5679 = LINE('',#5680,#5681);
#5680 = CARTESIAN_POINT('',(3.001,-1.08372991809,5.436878069789));
#5681 = VECTOR('',#5682,1.);
#5682 = DIRECTION('',(-1.,-0.,-0.));
#5683 = ORIENTED_EDGE('',*,*,#5684,.F.);
#5684 = EDGE_CURVE('',#5633,#5677,#5685,.T.);
#5685 = LINE('',#5686,#5687);
#5686 = CARTESIAN_POINT('',(3.001,-1.08372991809,5.436878069789));
#5687 = VECTOR('',#5688,1.);
#5688 = DIRECTION('',(0.,-8.617725714964E-15,1.));
#5689 = ORIENTED_EDGE('',*,*,#5641,.T.);
#5690 = PLANE('',#5691);
#5691 = AXIS2_PLACEMENT_3D('',#5692,#5693,#5694);
#5692 = CARTESIAN_POINT('',(3.001,-1.08372991809,5.436878069789));
#5693 = DIRECTION('',(0.,-1.,-8.617725714964E-15));
#5694 = DIRECTION('',(0.,8.617725714964E-15,-1.));
#5695 = ADVANCED_FACE('',(#5696),#5723,.F.);
#5696 = FACE_BOUND('',#5697,.F.);
#5697 = EDGE_LOOP('',(#5698,#5699,#5708,#5716));
#5698 = ORIENTED_EDGE('',*,*,#5676,.F.);
#5699 = ORIENTED_EDGE('',*,*,#5700,.T.);
#5700 = EDGE_CURVE('',#5677,#5701,#5703,.T.);
#5701 = VERTEX_POINT('',#5702);
#5702 = CARTESIAN_POINT('',(3.001,-1.136237692865,5.423257241085));
#5703 = B_SPLINE_CURVE_WITH_KNOTS('',3,(#5704,#5705,#5706,#5707),
  .UNSPECIFIED.,.F.,.F.,(4,4),(12.,13.),.PIECEWISE_BEZIER_KNOTS.);
#5704 = CARTESIAN_POINT('',(3.001,-1.08372991809,5.436878069789));
#5705 = CARTESIAN_POINT('',(3.001,-1.098598456294,5.427832175917));
#5706 = CARTESIAN_POINT('',(3.001,-1.116118377184,5.423257241085));
#5707 = CARTESIAN_POINT('',(3.001,-1.136237692865,5.423257241085));
#5708 = ORIENTED_EDGE('',*,*,#5709,.T.);
#5709 = EDGE_CURVE('',#5701,#5710,#5712,.T.);
#5710 = VERTEX_POINT('',#5711);
#5711 = CARTESIAN_POINT('',(3.,-1.136237692865,5.423257241085));
#5712 = LINE('',#5713,#5714);
#5713 = CARTESIAN_POINT('',(3.001,-1.136237692865,5.423257241085));
#5714 = VECTOR('',#5715,1.);
#5715 = DIRECTION('',(-1.,-0.,-0.));
#5716 = ORIENTED_EDGE('',*,*,#5717,.F.);
#5717 = EDGE_CURVE('',#5669,#5710,#5718,.T.);
#5718 = B_SPLINE_CURVE_WITH_KNOTS('',3,(#5719,#5720,#5721,#5722),
  .UNSPECIFIED.,.F.,.F.,(4,4),(12.,13.),.PIECEWISE_BEZIER_KNOTS.);
#5719 = CARTESIAN_POINT('',(3.,-1.08372991809,5.436878069789));
#5720 = CARTESIAN_POINT('',(3.,-1.098598456294,5.427832175917));
#5721 = CARTESIAN_POINT('',(3.,-1.116118377184,5.423257241085));
#5722 = CARTESIAN_POINT('',(3.,-1.136237692865,5.423257241085));
#5723 = B_SPLINE_SURFACE_WITH_KNOTS('',3,1,(
    (#5724,#5725)
    ,(#5726,#5727)
    ,(#5728,#5729)
    ,(#5730,#5731
    )),.UNSPECIFIED.,.F.,.F.,.F.,(4,4),(2,2),(12.,13.),(0.,1.),
  .PIECEWISE_BEZIER_KNOTS.);
#5724 = CARTESIAN_POINT('',(3.001,-1.08372991809,5.436878069789));
#5725 = CARTESIAN_POINT('',(3.,-1.08372991809,5.436878069789));
#5726 = CARTESIAN_POINT('',(3.001,-1.098598456294,5.427832175917));
#5727 = CARTESIAN_POINT('',(3.,-1.098598456294,5.427832175917));
#5728 = CARTESIAN_POINT('',(3.001,-1.116118377184,5.423257241085));
#5729 = CARTESIAN_POINT('',(3.,-1.116118377184,5.423257241085));
#5730 = CARTESIAN_POINT('',(3.001,-1.136237692865,5.423257241085));
#5731 = CARTESIAN_POINT('',(3.,-1.136237692865,5.423257241085));
#5732 = ADVANCED_FACE('',(#5733),#5760,.F.);
#5733 = FACE_BOUND('',#5734,.F.);
#5734 = EDGE_LOOP('',(#5735,#5736,#5745,#5753));
#5735 = ORIENTED_EDGE('',*,*,#5709,.F.);
#5736 = ORIENTED_EDGE('',*,*,#5737,.T.);
#5737 = EDGE_CURVE('',#5701,#5738,#5740,.T.);
#5738 = VERTEX_POINT('',#5739);
#5739 = CARTESIAN_POINT('',(3.001,-1.18848552816,5.444676254161));
#5740 = B_SPLINE_CURVE_WITH_KNOTS('',3,(#5741,#5742,#5743,#5744),
  .UNSPECIFIED.,.F.,.F.,(4,4),(11.,12.),.PIECEWISE_BEZIER_KNOTS.);
#5741 = CARTESIAN_POINT('',(3.001,-1.136237692865,5.423257241085));
#5742 = CARTESIAN_POINT('',(3.001,-1.157760681732,5.423257241085));
#5743 = CARTESIAN_POINT('',(3.001,-1.175176626831,5.430431570707));
#5744 = CARTESIAN_POINT('',(3.001,-1.18848552816,5.444676254161));
#5745 = ORIENTED_EDGE('',*,*,#5746,.T.);
#5746 = EDGE_CURVE('',#5738,#5747,#5749,.T.);
#5747 = VERTEX_POINT('',#5748);
#5748 = CARTESIAN_POINT('',(3.,-1.18848552816,5.444676254161));
#5749 = LINE('',#5750,#5751);
#5750 = CARTESIAN_POINT('',(3.001,-1.18848552816,5.444676254161));
#5751 = VECTOR('',#5752,1.);
#5752 = DIRECTION('',(-1.,-0.,-0.));
#5753 = ORIENTED_EDGE('',*,*,#5754,.F.);
#5754 = EDGE_CURVE('',#5710,#5747,#5755,.T.);
#5755 = B_SPLINE_CURVE_WITH_KNOTS('',3,(#5756,#5757,#5758,#5759),
  .UNSPECIFIED.,.F.,.F.,(4,4),(11.,12.),.PIECEWISE_BEZIER_KNOTS.);
#5756 = CARTESIAN_POINT('',(3.,-1.136237692865,5.423257241085));
#5757 = CARTESIAN_POINT('',(3.,-1.157760681732,5.423257241085));
#5758 = CARTESIAN_POINT('',(3.,-1.175176626831,5.430431570707));
#5759 = CARTESIAN_POINT('',(3.,-1.18848552816,5.444676254161));
#5760 = B_SPLINE_SURFACE_WITH_KNOTS('',3,1,(
    (#5761,#5762)
    ,(#5763,#5764)
    ,(#5765,#5766)
    ,(#5767,#5768
    )),.UNSPECIFIED.,.F.,.F.,.F.,(4,4),(2,2),(11.,12.),(0.,1.),
  .PIECEWISE_BEZIER_KNOTS.);
#5761 = CARTESIAN_POINT('',(3.001,-1.136237692865,5.423257241085));
#5762 = CARTESIAN_POINT('',(3.,-1.136237692865,5.423257241085));
#5763 = CARTESIAN_POINT('',(3.001,-1.157760681732,5.423257241085));
#5764 = CARTESIAN_POINT('',(3.,-1.157760681732,5.423257241085));
#5765 = CARTESIAN_POINT('',(3.001,-1.175176626831,5.430431570707));
#5766 = CARTESIAN_POINT('',(3.,-1.175176626831,5.430431570707));
#5767 = CARTESIAN_POINT('',(3.001,-1.18848552816,5.444676254161));
#5768 = CARTESIAN_POINT('',(3.,-1.18848552816,5.444676254161));
#5769 = ADVANCED_FACE('',(#5770),#5797,.F.);
#5770 = FACE_BOUND('',#5771,.F.);
#5771 = EDGE_LOOP('',(#5772,#5773,#5782,#5790));
#5772 = ORIENTED_EDGE('',*,*,#5746,.F.);
#5773 = ORIENTED_EDGE('',*,*,#5774,.T.);
#5774 = EDGE_CURVE('',#5738,#5775,#5777,.T.);
#5775 = VERTEX_POINT('',#5776);
#5776 = CARTESIAN_POINT('',(3.001,-1.208448880152,5.502694745892));
#5777 = B_SPLINE_CURVE_WITH_KNOTS('',3,(#5778,#5779,#5780,#5781),
  .UNSPECIFIED.,.F.,.F.,(4,4),(10.,11.),.PIECEWISE_BEZIER_KNOTS.);
#5778 = CARTESIAN_POINT('',(3.001,-1.18848552816,5.444676254161));
#5779 = CARTESIAN_POINT('',(3.001,-1.201794429488,5.459024913407));
#5780 = CARTESIAN_POINT('',(3.001,-1.208448880152,5.47836441065));
#5781 = CARTESIAN_POINT('',(3.001,-1.208448880152,5.502694745892));
#5782 = ORIENTED_EDGE('',*,*,#5783,.T.);
#5783 = EDGE_CURVE('',#5775,#5784,#5786,.T.);
#5784 = VERTEX_POINT('',#5785);
#5785 = CARTESIAN_POINT('',(3.,-1.208448880152,5.502694745892));
#5786 = LINE('',#5787,#5788);
#5787 = CARTESIAN_POINT('',(3.001,-1.208448880152,5.502694745892));
#5788 = VECTOR('',#5789,1.);
#5789 = DIRECTION('',(-1.,-0.,-0.));
#5790 = ORIENTED_EDGE('',*,*,#5791,.F.);
#5791 = EDGE_CURVE('',#5747,#5784,#5792,.T.);
#5792 = B_SPLINE_CURVE_WITH_KNOTS('',3,(#5793,#5794,#5795,#5796),
  .UNSPECIFIED.,.F.,.F.,(4,4),(10.,11.),.PIECEWISE_BEZIER_KNOTS.);
#5793 = CARTESIAN_POINT('',(3.,-1.18848552816,5.444676254161));
#5794 = CARTESIAN_POINT('',(3.,-1.201794429488,5.459024913407));
#5795 = CARTESIAN_POINT('',(3.,-1.208448880152,5.47836441065));
#5796 = CARTESIAN_POINT('',(3.,-1.208448880152,5.502694745892));
#5797 = B_SPLINE_SURFACE_WITH_KNOTS('',3,1,(
    (#5798,#5799)
    ,(#5800,#5801)
    ,(#5802,#5803)
    ,(#5804,#5805
    )),.UNSPECIFIED.,.F.,.F.,.F.,(4,4),(2,2),(10.,11.),(0.,1.),
  .PIECEWISE_BEZIER_KNOTS.);
#5798 = CARTESIAN_POINT('',(3.001,-1.18848552816,5.444676254161));
#5799 = CARTESIAN_POINT('',(3.,-1.18848552816,5.444676254161));
#5800 = CARTESIAN_POINT('',(3.001,-1.201794429488,5.459024913407));
#5801 = CARTESIAN_POINT('',(3.,-1.201794429488,5.459024913407));
#5802 = CARTESIAN_POINT('',(3.001,-1.208448880152,5.47836441065));
#5803 = CARTESIAN_POINT('',(3.,-1.208448880152,5.47836441065));
#5804 = CARTESIAN_POINT('',(3.001,-1.208448880152,5.502694745892));
#5805 = CARTESIAN_POINT('',(3.,-1.208448880152,5.502694745892));
#5806 = ADVANCED_FACE('',(#5807),#5834,.F.);
#5807 = FACE_BOUND('',#5808,.F.);
#5808 = EDGE_LOOP('',(#5809,#5810,#5819,#5827));
#5809 = ORIENTED_EDGE('',*,*,#5783,.F.);
#5810 = ORIENTED_EDGE('',*,*,#5811,.T.);
#5811 = EDGE_CURVE('',#5775,#5812,#5814,.T.);
#5812 = VERTEX_POINT('',#5813);
#5813 = CARTESIAN_POINT('',(3.001,-1.187081854972,5.563832511371));
#5814 = B_SPLINE_CURVE_WITH_KNOTS('',3,(#5815,#5816,#5817,#5818),
  .UNSPECIFIED.,.F.,.F.,(4,4),(9.,10.),.PIECEWISE_BEZIER_KNOTS.);
#5815 = CARTESIAN_POINT('',(3.001,-1.208448880152,5.502694745892));
#5816 = CARTESIAN_POINT('',(3.001,-1.208448880152,5.528272790634));
#5817 = CARTESIAN_POINT('',(3.001,-1.201326538426,5.548652045792));
#5818 = CARTESIAN_POINT('',(3.001,-1.187081854972,5.563832511371));
#5819 = ORIENTED_EDGE('',*,*,#5820,.T.);
#5820 = EDGE_CURVE('',#5812,#5821,#5823,.T.);
#5821 = VERTEX_POINT('',#5822);
#5822 = CARTESIAN_POINT('',(3.,-1.187081854972,5.563832511371));
#5823 = LINE('',#5824,#5825);
#5824 = CARTESIAN_POINT('',(3.001,-1.187081854972,5.563832511371));
#5825 = VECTOR('',#5826,1.);
#5826 = DIRECTION('',(-1.,-0.,-0.));
#5827 = ORIENTED_EDGE('',*,*,#5828,.F.);
#5828 = EDGE_CURVE('',#5784,#5821,#5829,.T.);
#5829 = B_SPLINE_CURVE_WITH_KNOTS('',3,(#5830,#5831,#5832,#5833),
  .UNSPECIFIED.,.F.,.F.,(4,4),(9.,10.),.PIECEWISE_BEZIER_KNOTS.);
#5830 = CARTESIAN_POINT('',(3.,-1.208448880152,5.502694745892));
#5831 = CARTESIAN_POINT('',(3.,-1.208448880152,5.528272790634));
#5832 = CARTESIAN_POINT('',(3.,-1.201326538426,5.548652045792));
#5833 = CARTESIAN_POINT('',(3.,-1.187081854972,5.563832511371));
#5834 = B_SPLINE_SURFACE_WITH_KNOTS('',3,1,(
    (#5835,#5836)
    ,(#5837,#5838)
    ,(#5839,#5840)
    ,(#5841,#5842
    )),.UNSPECIFIED.,.F.,.F.,.F.,(4,4),(2,2),(9.,10.),(0.,1.),
  .PIECEWISE_BEZIER_KNOTS.);
#5835 = CARTESIAN_POINT('',(3.001,-1.208448880152,5.502694745892));
#5836 = CARTESIAN_POINT('',(3.,-1.208448880152,5.502694745892));
#5837 = CARTESIAN_POINT('',(3.001,-1.208448880152,5.528272790634));
#5838 = CARTESIAN_POINT('',(3.,-1.208448880152,5.528272790634));
#5839 = CARTESIAN_POINT('',(3.001,-1.201326538426,5.548652045792));
#5840 = CARTESIAN_POINT('',(3.,-1.201326538426,5.548652045792));
#5841 = CARTESIAN_POINT('',(3.001,-1.187081854972,5.563832511371));
#5842 = CARTESIAN_POINT('',(3.,-1.187081854972,5.563832511371));
#5843 = ADVANCED_FACE('',(#5844),#5871,.F.);
#5844 = FACE_BOUND('',#5845,.F.);
#5845 = EDGE_LOOP('',(#5846,#5847,#5856,#5864));
#5846 = ORIENTED_EDGE('',*,*,#5820,.F.);
#5847 = ORIENTED_EDGE('',*,*,#5848,.T.);
#5848 = EDGE_CURVE('',#5812,#5849,#5851,.T.);
#5849 = VERTEX_POINT('',#5850);
#5850 = CARTESIAN_POINT('',(3.001,-1.131662758032,5.586395258155));
#5851 = B_SPLINE_CURVE_WITH_KNOTS('',3,(#5852,#5853,#5854,#5855),
  .UNSPECIFIED.,.F.,.F.,(4,4),(8.,9.),.PIECEWISE_BEZIER_KNOTS.);
#5852 = CARTESIAN_POINT('',(3.001,-1.187081854972,5.563832511371));
#5853 = CARTESIAN_POINT('',(3.001,-1.172785183623,5.578909001157));
#5854 = CARTESIAN_POINT('',(3.001,-1.154329480608,5.586395258155));
#5855 = CARTESIAN_POINT('',(3.001,-1.131662758032,5.586395258155));
#5856 = ORIENTED_EDGE('',*,*,#5857,.T.);
#5857 = EDGE_CURVE('',#5849,#5858,#5860,.T.);
#5858 = VERTEX_POINT('',#5859);
#5859 = CARTESIAN_POINT('',(3.,-1.131662758032,5.586395258155));
#5860 = LINE('',#5861,#5862);
#5861 = CARTESIAN_POINT('',(3.001,-1.131662758032,5.586395258155));
#5862 = VECTOR('',#5863,1.);
#5863 = DIRECTION('',(-1.,-0.,-0.));
#5864 = ORIENTED_EDGE('',*,*,#5865,.F.);
#5865 = EDGE_CURVE('',#5821,#5858,#5866,.T.);
#5866 = B_SPLINE_CURVE_WITH_KNOTS('',3,(#5867,#5868,#5869,#5870),
  .UNSPECIFIED.,.F.,.F.,(4,4),(8.,9.),.PIECEWISE_BEZIER_KNOTS.);
#5867 = CARTESIAN_POINT('',(3.,-1.187081854972,5.563832511371));
#5868 = CARTESIAN_POINT('',(3.,-1.172785183623,5.578909001157));
#5869 = CARTESIAN_POINT('',(3.,-1.154329480608,5.586395258155));
#5870 = CARTESIAN_POINT('',(3.,-1.131662758032,5.586395258155));
#5871 = B_SPLINE_SURFACE_WITH_KNOTS('',3,1,(
    (#5872,#5873)
    ,(#5874,#5875)
    ,(#5876,#5877)
    ,(#5878,#5879
    )),.UNSPECIFIED.,.F.,.F.,.F.,(4,4),(2,2),(8.,9.),(0.,1.),
  .PIECEWISE_BEZIER_KNOTS.);
#5872 = CARTESIAN_POINT('',(3.001,-1.187081854972,5.563832511371));
#5873 = CARTESIAN_POINT('',(3.,-1.187081854972,5.563832511371));
#5874 = CARTESIAN_POINT('',(3.001,-1.172785183623,5.578909001157));
#5875 = CARTESIAN_POINT('',(3.,-1.172785183623,5.578909001157));
#5876 = CARTESIAN_POINT('',(3.001,-1.154329480608,5.586395258155));
#5877 = CARTESIAN_POINT('',(3.,-1.154329480608,5.586395258155));
#5878 = CARTESIAN_POINT('',(3.001,-1.131662758032,5.586395258155));
#5879 = CARTESIAN_POINT('',(3.,-1.131662758032,5.586395258155));
#5880 = ADVANCED_FACE('',(#5881),#5908,.F.);
#5881 = FACE_BOUND('',#5882,.F.);
#5882 = EDGE_LOOP('',(#5883,#5884,#5893,#5901));
#5883 = ORIENTED_EDGE('',*,*,#5857,.F.);
#5884 = ORIENTED_EDGE('',*,*,#5885,.T.);
#5885 = EDGE_CURVE('',#5849,#5886,#5888,.T.);
#5886 = VERTEX_POINT('',#5887);
#5887 = CARTESIAN_POINT('',(3.001,-1.08372991809,5.574334066327));
#5888 = B_SPLINE_CURVE_WITH_KNOTS('',3,(#5889,#5890,#5891,#5892),
  .UNSPECIFIED.,.F.,.F.,(4,4),(7.,8.),.PIECEWISE_BEZIER_KNOTS.);
#5889 = CARTESIAN_POINT('',(3.001,-1.131662758032,5.586395258155));
#5890 = CARTESIAN_POINT('',(3.001,-1.114246812935,5.586395258155));
#5891 = CARTESIAN_POINT('',(3.001,-1.098286528919,5.582444178073));
#5892 = CARTESIAN_POINT('',(3.001,-1.08372991809,5.574334066327));
#5893 = ORIENTED_EDGE('',*,*,#5894,.T.);
#5894 = EDGE_CURVE('',#5886,#5895,#5897,.T.);
#5895 = VERTEX_POINT('',#5896);
#5896 = CARTESIAN_POINT('',(3.,-1.08372991809,5.574334066327));
#5897 = LINE('',#5898,#5899);
#5898 = CARTESIAN_POINT('',(3.001,-1.08372991809,5.574334066327));
#5899 = VECTOR('',#5900,1.);
#5900 = DIRECTION('',(-1.,-0.,-0.));
#5901 = ORIENTED_EDGE('',*,*,#5902,.F.);
#5902 = EDGE_CURVE('',#5858,#5895,#5903,.T.);
#5903 = B_SPLINE_CURVE_WITH_KNOTS('',3,(#5904,#5905,#5906,#5907),
  .UNSPECIFIED.,.F.,.F.,(4,4),(7.,8.),.PIECEWISE_BEZIER_KNOTS.);
#5904 = CARTESIAN_POINT('',(3.,-1.131662758032,5.586395258155));
#5905 = CARTESIAN_POINT('',(3.,-1.114246812935,5.586395258155));
#5906 = CARTESIAN_POINT('',(3.,-1.098286528919,5.582444178073));
#5907 = CARTESIAN_POINT('',(3.,-1.08372991809,5.574334066327));
#5908 = B_SPLINE_SURFACE_WITH_KNOTS('',3,1,(
    (#5909,#5910)
    ,(#5911,#5912)
    ,(#5913,#5914)
    ,(#5915,#5916
    )),.UNSPECIFIED.,.F.,.F.,.F.,(4,4),(2,2),(7.,8.),(0.,1.),
  .PIECEWISE_BEZIER_KNOTS.);
#5909 = CARTESIAN_POINT('',(3.001,-1.131662758032,5.586395258155));
#5910 = CARTESIAN_POINT('',(3.,-1.131662758032,5.586395258155));
#5911 = CARTESIAN_POINT('',(3.001,-1.114246812935,5.586395258155));
#5912 = CARTESIAN_POINT('',(3.,-1.114246812935,5.586395258155));
#5913 = CARTESIAN_POINT('',(3.001,-1.098286528919,5.582444178073));
#5914 = CARTESIAN_POINT('',(3.,-1.098286528919,5.582444178073));
#5915 = CARTESIAN_POINT('',(3.001,-1.08372991809,5.574334066327));
#5916 = CARTESIAN_POINT('',(3.,-1.08372991809,5.574334066327));
#5917 = ADVANCED_FACE('',(#5918),#5943,.F.);
#5918 = FACE_BOUND('',#5919,.T.);
#5919 = EDGE_LOOP('',(#5920,#5928,#5936,#5942));
#5920 = ORIENTED_EDGE('',*,*,#5921,.T.);
#5921 = EDGE_CURVE('',#5895,#5922,#5924,.T.);
#5922 = VERTEX_POINT('',#5923);
#5923 = CARTESIAN_POINT('',(3.,-1.08372991809,5.601783675317));
#5924 = LINE('',#5925,#5926);
#5925 = CARTESIAN_POINT('',(3.,-1.08372991809,5.601783675317));
#5926 = VECTOR('',#5927,1.);
#5927 = DIRECTION('',(0.,0.,1.));
#5928 = ORIENTED_EDGE('',*,*,#5929,.F.);
#5929 = EDGE_CURVE('',#5930,#5922,#5932,.T.);
#5930 = VERTEX_POINT('',#5931);
#5931 = CARTESIAN_POINT('',(3.001,-1.08372991809,5.601783675317));
#5932 = LINE('',#5933,#5934);
#5933 = CARTESIAN_POINT('',(3.001,-1.08372991809,5.601783675317));
#5934 = VECTOR('',#5935,1.);
#5935 = DIRECTION('',(-1.,-0.,-0.));
#5936 = ORIENTED_EDGE('',*,*,#5937,.F.);
#5937 = EDGE_CURVE('',#5886,#5930,#5938,.T.);
#5938 = LINE('',#5939,#5940);
#5939 = CARTESIAN_POINT('',(3.001,-1.08372991809,5.601783675317));
#5940 = VECTOR('',#5941,1.);
#5941 = DIRECTION('',(0.,0.,1.));
#5942 = ORIENTED_EDGE('',*,*,#5894,.T.);
#5943 = PLANE('',#5944);
#5944 = AXIS2_PLACEMENT_3D('',#5945,#5946,#5947);
#5945 = CARTESIAN_POINT('',(3.001,-1.08372991809,5.601783675317));
#5946 = DIRECTION('',(0.,-1.,0.));
#5947 = DIRECTION('',(0.,0.,-1.));
#5948 = ADVANCED_FACE('',(#5949),#5976,.F.);
#5949 = FACE_BOUND('',#5950,.F.);
#5950 = EDGE_LOOP('',(#5951,#5952,#5961,#5969));
#5951 = ORIENTED_EDGE('',*,*,#5929,.F.);
#5952 = ORIENTED_EDGE('',*,*,#5953,.T.);
#5953 = EDGE_CURVE('',#5930,#5954,#5956,.T.);
#5954 = VERTEX_POINT('',#5955);
#5955 = CARTESIAN_POINT('',(3.001,-1.131922697512,5.610101738647));
#5956 = B_SPLINE_CURVE_WITH_KNOTS('',3,(#5957,#5958,#5959,#5960),
  .UNSPECIFIED.,.F.,.F.,(4,4),(5.,6.),.PIECEWISE_BEZIER_KNOTS.);
#5957 = CARTESIAN_POINT('',(3.001,-1.08372991809,5.601783675317));
#5958 = CARTESIAN_POINT('',(3.001,-1.096414964669,5.607294392274));
#5959 = CARTESIAN_POINT('',(3.001,-1.112479224477,5.610101738647));
#5960 = CARTESIAN_POINT('',(3.001,-1.131922697512,5.610101738647));
#5961 = ORIENTED_EDGE('',*,*,#5962,.T.);
#5962 = EDGE_CURVE('',#5954,#5963,#5965,.T.);
#5963 = VERTEX_POINT('',#5964);
#5964 = CARTESIAN_POINT('',(3.,-1.131922697512,5.610101738647));
#5965 = LINE('',#5966,#5967);
#5966 = CARTESIAN_POINT('',(3.001,-1.131922697512,5.610101738647));
#5967 = VECTOR('',#5968,1.);
#5968 = DIRECTION('',(-1.,-0.,-0.));
#5969 = ORIENTED_EDGE('',*,*,#5970,.F.);
#5970 = EDGE_CURVE('',#5922,#5963,#5971,.T.);
#5971 = B_SPLINE_CURVE_WITH_KNOTS('',3,(#5972,#5973,#5974,#5975),
  .UNSPECIFIED.,.F.,.F.,(4,4),(5.,6.),.PIECEWISE_BEZIER_KNOTS.);
#5972 = CARTESIAN_POINT('',(3.,-1.08372991809,5.601783675317));
#5973 = CARTESIAN_POINT('',(3.,-1.096414964669,5.607294392274));
#5974 = CARTESIAN_POINT('',(3.,-1.112479224477,5.610101738647));
#5975 = CARTESIAN_POINT('',(3.,-1.131922697512,5.610101738647));
#5976 = B_SPLINE_SURFACE_WITH_KNOTS('',3,1,(
    (#5977,#5978)
    ,(#5979,#5980)
    ,(#5981,#5982)
    ,(#5983,#5984
    )),.UNSPECIFIED.,.F.,.F.,.F.,(4,4),(2,2),(5.,6.),(0.,1.),
  .PIECEWISE_BEZIER_KNOTS.);
#5977 = CARTESIAN_POINT('',(3.001,-1.08372991809,5.601783675317));
#5978 = CARTESIAN_POINT('',(3.,-1.08372991809,5.601783675317));
#5979 = CARTESIAN_POINT('',(3.001,-1.096414964669,5.607294392274));
#5980 = CARTESIAN_POINT('',(3.,-1.096414964669,5.607294392274));
#5981 = CARTESIAN_POINT('',(3.001,-1.112479224477,5.610101738647));
#5982 = CARTESIAN_POINT('',(3.,-1.112479224477,5.610101738647));
#5983 = CARTESIAN_POINT('',(3.001,-1.131922697512,5.610101738647));
#5984 = CARTESIAN_POINT('',(3.,-1.131922697512,5.610101738647));
#5985 = ADVANCED_FACE('',(#5986),#6013,.F.);
#5986 = FACE_BOUND('',#5987,.F.);
#5987 = EDGE_LOOP('',(#5988,#5989,#5998,#6006));
#5988 = ORIENTED_EDGE('',*,*,#5962,.F.);
#5989 = ORIENTED_EDGE('',*,*,#5990,.T.);
#5990 = EDGE_CURVE('',#5954,#5991,#5993,.T.);
#5991 = VERTEX_POINT('',#5992);
#5992 = CARTESIAN_POINT('',(3.001,-1.206629303799,5.580156710657));
#5993 = B_SPLINE_CURVE_WITH_KNOTS('',3,(#5994,#5995,#5996,#5997),
  .UNSPECIFIED.,.F.,.F.,(4,4),(4.,5.),.PIECEWISE_BEZIER_KNOTS.);
#5994 = CARTESIAN_POINT('',(3.001,-1.131922697512,5.610101738647));
#5995 = CARTESIAN_POINT('',(3.001,-1.16212766498,5.610101738647));
#5996 = CARTESIAN_POINT('',(3.001,-1.187029867076,5.600120062651));
#5997 = CARTESIAN_POINT('',(3.001,-1.206629303799,5.580156710657));
#5998 = ORIENTED_EDGE('',*,*,#5999,.T.);
#5999 = EDGE_CURVE('',#5991,#6000,#6002,.T.);
#6000 = VERTEX_POINT('',#6001);
#6001 = CARTESIAN_POINT('',(3.,-1.206629303799,5.580156710657));
#6002 = LINE('',#6003,#6004);
#6003 = CARTESIAN_POINT('',(3.001,-1.206629303799,5.580156710657));
#6004 = VECTOR('',#6005,1.);
#6005 = DIRECTION('',(-1.,-0.,-0.));
#6006 = ORIENTED_EDGE('',*,*,#6007,.F.);
#6007 = EDGE_CURVE('',#5963,#6000,#6008,.T.);
#6008 = B_SPLINE_CURVE_WITH_KNOTS('',3,(#6009,#6010,#6011,#6012),
  .UNSPECIFIED.,.F.,.F.,(4,4),(4.,5.),.PIECEWISE_BEZIER_KNOTS.);
#6009 = CARTESIAN_POINT('',(3.,-1.131922697512,5.610101738647));
#6010 = CARTESIAN_POINT('',(3.,-1.16212766498,5.610101738647));
#6011 = CARTESIAN_POINT('',(3.,-1.187029867076,5.600120062651));
#6012 = CARTESIAN_POINT('',(3.,-1.206629303799,5.580156710657));
#6013 = B_SPLINE_SURFACE_WITH_KNOTS('',3,1,(
    (#6014,#6015)
    ,(#6016,#6017)
    ,(#6018,#6019)
    ,(#6020,#6021
    )),.UNSPECIFIED.,.F.,.F.,.F.,(4,4),(2,2),(4.,5.),(0.,1.),
  .PIECEWISE_BEZIER_KNOTS.);
#6014 = CARTESIAN_POINT('',(3.001,-1.131922697512,5.610101738647));
#6015 = CARTESIAN_POINT('',(3.,-1.131922697512,5.610101738647));
#6016 = CARTESIAN_POINT('',(3.001,-1.16212766498,5.610101738647));
#6017 = CARTESIAN_POINT('',(3.,-1.16212766498,5.610101738647));
#6018 = CARTESIAN_POINT('',(3.001,-1.187029867076,5.600120062651));
#6019 = CARTESIAN_POINT('',(3.,-1.187029867076,5.600120062651));
#6020 = CARTESIAN_POINT('',(3.001,-1.206629303799,5.580156710657));
#6021 = CARTESIAN_POINT('',(3.,-1.206629303799,5.580156710657));
#6022 = ADVANCED_FACE('',(#6023),#6050,.F.);
#6023 = FACE_BOUND('',#6024,.F.);
#6024 = EDGE_LOOP('',(#6025,#6026,#6035,#6043));
#6025 = ORIENTED_EDGE('',*,*,#5999,.F.);
#6026 = ORIENTED_EDGE('',*,*,#6027,.T.);
#6027 = EDGE_CURVE('',#5991,#6028,#6030,.T.);
#6028 = VERTEX_POINT('',#6029);
#6029 = CARTESIAN_POINT('',(3.001,-1.236002464935,5.501135109017));
#6030 = B_SPLINE_CURVE_WITH_KNOTS('',3,(#6031,#6032,#6033,#6034),
  .UNSPECIFIED.,.F.,.F.,(4,4),(3.,4.),.PIECEWISE_BEZIER_KNOTS.);
#6031 = CARTESIAN_POINT('',(3.001,-1.206629303799,5.580156710657));
#6032 = CARTESIAN_POINT('',(3.001,-1.226228740522,5.560193358664));
#6033 = CARTESIAN_POINT('',(3.001,-1.236002464935,5.533887483381));
#6034 = CARTESIAN_POINT('',(3.001,-1.236002464935,5.501135109017));
#6035 = ORIENTED_EDGE('',*,*,#6036,.T.);
#6036 = EDGE_CURVE('',#6028,#6037,#6039,.T.);
#6037 = VERTEX_POINT('',#6038);
#6038 = CARTESIAN_POINT('',(3.,-1.236002464935,5.501135109017));
#6039 = LINE('',#6040,#6041);
#6040 = CARTESIAN_POINT('',(3.001,-1.236002464935,5.501135109017));
#6041 = VECTOR('',#6042,1.);
#6042 = DIRECTION('',(-1.,-0.,-0.));
#6043 = ORIENTED_EDGE('',*,*,#6044,.F.);
#6044 = EDGE_CURVE('',#6000,#6037,#6045,.T.);
#6045 = B_SPLINE_CURVE_WITH_KNOTS('',3,(#6046,#6047,#6048,#6049),
  .UNSPECIFIED.,.F.,.F.,(4,4),(3.,4.),.PIECEWISE_BEZIER_KNOTS.);
#6046 = CARTESIAN_POINT('',(3.,-1.206629303799,5.580156710657));
#6047 = CARTESIAN_POINT('',(3.,-1.226228740522,5.560193358664));
#6048 = CARTESIAN_POINT('',(3.,-1.236002464935,5.533887483381));
#6049 = CARTESIAN_POINT('',(3.,-1.236002464935,5.501135109017));
#6050 = B_SPLINE_SURFACE_WITH_KNOTS('',3,1,(
    (#6051,#6052)
    ,(#6053,#6054)
    ,(#6055,#6056)
    ,(#6057,#6058
    )),.UNSPECIFIED.,.F.,.F.,.F.,(4,4),(2,2),(3.,4.),(0.,1.),
  .PIECEWISE_BEZIER_KNOTS.);
#6051 = CARTESIAN_POINT('',(3.001,-1.206629303799,5.580156710657));
#6052 = CARTESIAN_POINT('',(3.,-1.206629303799,5.580156710657));
#6053 = CARTESIAN_POINT('',(3.001,-1.226228740522,5.560193358664));
#6054 = CARTESIAN_POINT('',(3.,-1.226228740522,5.560193358664));
#6055 = CARTESIAN_POINT('',(3.001,-1.236002464935,5.533887483381));
#6056 = CARTESIAN_POINT('',(3.,-1.236002464935,5.533887483381));
#6057 = CARTESIAN_POINT('',(3.001,-1.236002464935,5.501135109017));
#6058 = CARTESIAN_POINT('',(3.,-1.236002464935,5.501135109017));
#6059 = ADVANCED_FACE('',(#6060),#6087,.F.);
#6060 = FACE_BOUND('',#6061,.F.);
#6061 = EDGE_LOOP('',(#6062,#6063,#6072,#6080));
#6062 = ORIENTED_EDGE('',*,*,#6036,.F.);
#6063 = ORIENTED_EDGE('',*,*,#6064,.T.);
#6064 = EDGE_CURVE('',#6028,#6065,#6067,.T.);
#6065 = VERTEX_POINT('',#6066);
#6066 = CARTESIAN_POINT('',(3.001,-1.209904541236,5.427624224334));
#6067 = B_SPLINE_CURVE_WITH_KNOTS('',3,(#6068,#6069,#6070,#6071),
  .UNSPECIFIED.,.F.,.F.,(4,4),(2.,3.),.PIECEWISE_BEZIER_KNOTS.);
#6068 = CARTESIAN_POINT('',(3.001,-1.236002464935,5.501135109017));
#6069 = CARTESIAN_POINT('',(3.001,-1.236002464935,5.470670202069));
#6070 = CARTESIAN_POINT('',(3.001,-1.227320486334,5.446131915244));
#6071 = CARTESIAN_POINT('',(3.001,-1.209904541236,5.427624224334));
#6072 = ORIENTED_EDGE('',*,*,#6073,.T.);
#6073 = EDGE_CURVE('',#6065,#6074,#6076,.T.);
#6074 = VERTEX_POINT('',#6075);
#6075 = CARTESIAN_POINT('',(3.,-1.209904541236,5.427624224334));
#6076 = LINE('',#6077,#6078);
#6077 = CARTESIAN_POINT('',(3.001,-1.209904541236,5.427624224334));
#6078 = VECTOR('',#6079,1.);
#6079 = DIRECTION('',(-1.,-0.,-0.));
#6080 = ORIENTED_EDGE('',*,*,#6081,.F.);
#6081 = EDGE_CURVE('',#6037,#6074,#6082,.T.);
#6082 = B_SPLINE_CURVE_WITH_KNOTS('',3,(#6083,#6084,#6085,#6086),
  .UNSPECIFIED.,.F.,.F.,(4,4),(2.,3.),.PIECEWISE_BEZIER_KNOTS.);
#6083 = CARTESIAN_POINT('',(3.,-1.236002464935,5.501135109017));
#6084 = CARTESIAN_POINT('',(3.,-1.236002464935,5.470670202069));
#6085 = CARTESIAN_POINT('',(3.,-1.227320486334,5.446131915244));
#6086 = CARTESIAN_POINT('',(3.,-1.209904541236,5.427624224334));
#6087 = B_SPLINE_SURFACE_WITH_KNOTS('',3,1,(
    (#6088,#6089)
    ,(#6090,#6091)
    ,(#6092,#6093)
    ,(#6094,#6095
    )),.UNSPECIFIED.,.F.,.F.,.F.,(4,4),(2,2),(2.,3.),(0.,1.),
  .PIECEWISE_BEZIER_KNOTS.);
#6088 = CARTESIAN_POINT('',(3.001,-1.236002464935,5.501135109017));
#6089 = CARTESIAN_POINT('',(3.,-1.236002464935,5.501135109017));
#6090 = CARTESIAN_POINT('',(3.001,-1.236002464935,5.470670202069));
#6091 = CARTESIAN_POINT('',(3.,-1.236002464935,5.470670202069));
#6092 = CARTESIAN_POINT('',(3.001,-1.227320486334,5.446131915244));
#6093 = CARTESIAN_POINT('',(3.,-1.227320486334,5.446131915244));
#6094 = CARTESIAN_POINT('',(3.001,-1.209904541236,5.427624224334));
#6095 = CARTESIAN_POINT('',(3.,-1.209904541236,5.427624224334));
#6096 = ADVANCED_FACE('',(#6097),#6115,.F.);
#6097 = FACE_BOUND('',#6098,.F.);
#6098 = EDGE_LOOP('',(#6099,#6100,#6107,#6108));
#6099 = ORIENTED_EDGE('',*,*,#6073,.F.);
#6100 = ORIENTED_EDGE('',*,*,#6101,.T.);
#6101 = EDGE_CURVE('',#6065,#5623,#6102,.T.);
#6102 = B_SPLINE_CURVE_WITH_KNOTS('',3,(#6103,#6104,#6105,#6106),
  .UNSPECIFIED.,.F.,.F.,(4,4),(1.,2.),.PIECEWISE_BEZIER_KNOTS.);
#6103 = CARTESIAN_POINT('',(3.001,-1.209904541236,5.427624224334));
#6104 = CARTESIAN_POINT('',(3.001,-1.192488596137,5.409116533424));
#6105 = CARTESIAN_POINT('',(3.001,-1.169198018812,5.399862687968));
#6106 = CARTESIAN_POINT('',(3.001,-1.140032809259,5.399862687968));
#6107 = ORIENTED_EDGE('',*,*,#5622,.T.);
#6108 = ORIENTED_EDGE('',*,*,#6109,.F.);
#6109 = EDGE_CURVE('',#6074,#5625,#6110,.T.);
#6110 = B_SPLINE_CURVE_WITH_KNOTS('',3,(#6111,#6112,#6113,#6114),
  .UNSPECIFIED.,.F.,.F.,(4,4),(1.,2.),.PIECEWISE_BEZIER_KNOTS.);
#6111 = CARTESIAN_POINT('',(3.,-1.209904541236,5.427624224334));
#6112 = CARTESIAN_POINT('',(3.,-1.192488596137,5.409116533424));
#6113 = CARTESIAN_POINT('',(3.,-1.169198018812,5.399862687968));
#6114 = CARTESIAN_POINT('',(3.,-1.140032809259,5.399862687968));
#6115 = B_SPLINE_SURFACE_WITH_KNOTS('',3,1,(
    (#6116,#6117)
    ,(#6118,#6119)
    ,(#6120,#6121)
    ,(#6122,#6123
    )),.UNSPECIFIED.,.F.,.F.,.F.,(4,4),(2,2),(1.,2.),(0.,1.),
  .PIECEWISE_BEZIER_KNOTS.);
#6116 = CARTESIAN_POINT('',(3.001,-1.209904541236,5.427624224334));
#6117 = CARTESIAN_POINT('',(3.,-1.209904541236,5.427624224334));
#6118 = CARTESIAN_POINT('',(3.001,-1.192488596137,5.409116533424));
#6119 = CARTESIAN_POINT('',(3.,-1.192488596137,5.409116533424));
#6120 = CARTESIAN_POINT('',(3.001,-1.169198018812,5.399862687968));
#6121 = CARTESIAN_POINT('',(3.,-1.169198018812,5.399862687968));
#6122 = CARTESIAN_POINT('',(3.001,-1.140032809259,5.399862687968));
#6123 = CARTESIAN_POINT('',(3.,-1.140032809259,5.399862687968));
#6124 = ADVANCED_FACE('',(#6125),#6141,.T.);
#6125 = FACE_BOUND('',#6126,.T.);
#6126 = EDGE_LOOP('',(#6127,#6128,#6129,#6130,#6131,#6132,#6133,#6134,
    #6135,#6136,#6137,#6138,#6139,#6140));
#6127 = ORIENTED_EDGE('',*,*,#5632,.T.);
#6128 = ORIENTED_EDGE('',*,*,#5684,.T.);
#6129 = ORIENTED_EDGE('',*,*,#5700,.T.);
#6130 = ORIENTED_EDGE('',*,*,#5737,.T.);
#6131 = ORIENTED_EDGE('',*,*,#5774,.T.);
#6132 = ORIENTED_EDGE('',*,*,#5811,.T.);
#6133 = ORIENTED_EDGE('',*,*,#5848,.T.);
#6134 = ORIENTED_EDGE('',*,*,#5885,.T.);
#6135 = ORIENTED_EDGE('',*,*,#5937,.T.);
#6136 = ORIENTED_EDGE('',*,*,#5953,.T.);
#6137 = ORIENTED_EDGE('',*,*,#5990,.T.);
#6138 = ORIENTED_EDGE('',*,*,#6027,.T.);
#6139 = ORIENTED_EDGE('',*,*,#6064,.T.);
#6140 = ORIENTED_EDGE('',*,*,#6101,.T.);
#6141 = PLANE('',#6142);
#6142 = AXIS2_PLACEMENT_3D('',#6143,#6144,#6145);
#6143 = CARTESIAN_POINT('',(3.001,-1.109035026379,5.402825998029));
#6144 = DIRECTION('',(1.,0.,0.));
#6145 = DIRECTION('',(0.,0.,-1.));
#6146 = ADVANCED_FACE('',(#6147),#6163,.F.);
#6147 = FACE_BOUND('',#6148,.T.);
#6148 = EDGE_LOOP('',(#6149,#6150,#6151,#6152,#6153,#6154,#6155,#6156,
    #6157,#6158,#6159,#6160,#6161,#6162));
#6149 = ORIENTED_EDGE('',*,*,#5649,.F.);
#6150 = ORIENTED_EDGE('',*,*,#6109,.F.);
#6151 = ORIENTED_EDGE('',*,*,#6081,.F.);
#6152 = ORIENTED_EDGE('',*,*,#6044,.F.);
#6153 = ORIENTED_EDGE('',*,*,#6007,.F.);
#6154 = ORIENTED_EDGE('',*,*,#5970,.F.);
#6155 = ORIENTED_EDGE('',*,*,#5921,.F.);
#6156 = ORIENTED_EDGE('',*,*,#5902,.F.);
#6157 = ORIENTED_EDGE('',*,*,#5865,.F.);
#6158 = ORIENTED_EDGE('',*,*,#5828,.F.);
#6159 = ORIENTED_EDGE('',*,*,#5791,.F.);
#6160 = ORIENTED_EDGE('',*,*,#5754,.F.);
#6161 = ORIENTED_EDGE('',*,*,#5717,.F.);
#6162 = ORIENTED_EDGE('',*,*,#5668,.F.);
#6163 = PLANE('',#6164);
#6164 = AXIS2_PLACEMENT_3D('',#6165,#6166,#6167);
#6165 = CARTESIAN_POINT('',(3.,-1.109035026379,5.402825998029));
#6166 = DIRECTION('',(1.,0.,0.));
#6167 = DIRECTION('',(0.,0.,-1.));
#6168 = ( GEOMETRIC_REPRESENTATION_CONTEXT(3) 
GLOBAL_UNCERTAINTY_ASSIGNED_CONTEXT((#6172)) 
GLOBAL_UNIT_ASSIGNED_CONTEXT((#6169,#6170,#6171)) REPRESENTATION_CONTEXT
('Context #1','3D Context with UNIT and UNCERTAINTY') );
#6169 = ( LENGTH_UNIT() NAMED_UNIT(*) SI_UNIT(.MILLI.,.METRE.) );
#6170 = ( NAMED_UNIT(*) PLANE_ANGLE_UNIT() SI_UNIT($,.RADIAN.) );
#6171 = ( NAMED_UNIT(*) SI_UNIT($,.STERADIAN.) SOLID_ANGLE_UNIT() );
#6172 = UNCERTAINTY_MEASURE_WITH_UNIT(LENGTH_MEASURE(1.E-07),#6169,
  'distance_accuracy_value','confusion accuracy');
#6173 = CONTEXT_DEPENDENT_SHAPE_REPRESENTATION(#6174,#6176);
#6174 = ( REPRESENTATION_RELATIONSHIP('','',#5615,#55) 
REPRESENTATION_RELATIONSHIP_WITH_TRANSFORMATION(#6175) 
SHAPE_REPRESENTATION_RELATIONSHIP() );
#6175 = ITEM_DEFINED_TRANSFORMATION('','',#11,#64);
#6176 = PRODUCT_DEFINITION_SHAPE('Placement','Placement of an item',
  #6177);
#6177 = NEXT_ASSEMBLY_USAGE_OCCURRENCE('3',
  'CONN-SMD_T31000~CONN-SMD_T31000~AJBg002','',#50,#5610,$);
#6178 = PRODUCT_RELATED_PRODUCT_CATEGORY('part',$,(#5612));
#6179 = SHAPE_DEFINITION_REPRESENTATION(#6180,#6186);
#6180 = PRODUCT_DEFINITION_SHAPE('','',#6181);
#6181 = PRODUCT_DEFINITION('design','',#6182,#6185);
#6182 = PRODUCT_DEFINITION_FORMATION('','',#6183);
#6183 = PRODUCT('CONN-SMD_T31000~CONN-SMD_T31000~AJBg003',
  'CONN-SMD_T31000~CONN-SMD_T31000~AJBg003','',(#6184));
#6184 = PRODUCT_CONTEXT('',#2,'mechanical');
#6185 = PRODUCT_DEFINITION_CONTEXT('part definition',#2,'design');
#6186 = ADVANCED_BREP_SHAPE_REPRESENTATION('',(#11,#6187),#6601);
#6187 = MANIFOLD_SOLID_BREP('',#6188);
#6188 = CLOSED_SHELL('',(#6189,#6229,#6260,#6291,#6322,#6353,#6384,#6415
    ,#6446,#6477,#6508,#6539,#6561,#6581));
#6189 = ADVANCED_FACE('',(#6190),#6224,.F.);
#6190 = FACE_BOUND('',#6191,.T.);
#6191 = EDGE_LOOP('',(#6192,#6202,#6210,#6218));
#6192 = ORIENTED_EDGE('',*,*,#6193,.T.);
#6193 = EDGE_CURVE('',#6194,#6196,#6198,.T.);
#6194 = VERTEX_POINT('',#6195);
#6195 = CARTESIAN_POINT('',(3.,-0.93364086287,5.403293889092));
#6196 = VERTEX_POINT('',#6197);
#6197 = CARTESIAN_POINT('',(3.,-0.93364086287,5.426480490626));
#6198 = LINE('',#6199,#6200);
#6199 = CARTESIAN_POINT('',(3.,-0.93364086287,5.426480490626));
#6200 = VECTOR('',#6201,1.);
#6201 = DIRECTION('',(0.,0.,1.));
#6202 = ORIENTED_EDGE('',*,*,#6203,.F.);
#6203 = EDGE_CURVE('',#6204,#6196,#6206,.T.);
#6204 = VERTEX_POINT('',#6205);
#6205 = CARTESIAN_POINT('',(3.001,-0.93364086287,5.426480490626));
#6206 = LINE('',#6207,#6208);
#6207 = CARTESIAN_POINT('',(3.001,-0.93364086287,5.426480490626));
#6208 = VECTOR('',#6209,1.);
#6209 = DIRECTION('',(-1.,-0.,-0.));
#6210 = ORIENTED_EDGE('',*,*,#6211,.F.);
#6211 = EDGE_CURVE('',#6212,#6204,#6214,.T.);
#6212 = VERTEX_POINT('',#6213);
#6213 = CARTESIAN_POINT('',(3.001,-0.93364086287,5.403293889092));
#6214 = LINE('',#6215,#6216);
#6215 = CARTESIAN_POINT('',(3.001,-0.93364086287,5.426480490626));
#6216 = VECTOR('',#6217,1.);
#6217 = DIRECTION('',(0.,0.,1.));
#6218 = ORIENTED_EDGE('',*,*,#6219,.T.);
#6219 = EDGE_CURVE('',#6212,#6194,#6220,.T.);
#6220 = LINE('',#6221,#6222);
#6221 = CARTESIAN_POINT('',(3.001,-0.93364086287,5.403293889092));
#6222 = VECTOR('',#6223,1.);
#6223 = DIRECTION('',(-1.,-0.,-0.));
#6224 = PLANE('',#6225);
#6225 = AXIS2_PLACEMENT_3D('',#6226,#6227,#6228);
#6226 = CARTESIAN_POINT('',(3.001,-0.93364086287,5.426480490626));
#6227 = DIRECTION('',(0.,-1.,0.));
#6228 = DIRECTION('',(0.,0.,-1.));
#6229 = ADVANCED_FACE('',(#6230),#6255,.F.);
#6230 = FACE_BOUND('',#6231,.T.);
#6231 = EDGE_LOOP('',(#6232,#6240,#6248,#6254));
#6232 = ORIENTED_EDGE('',*,*,#6233,.T.);
#6233 = EDGE_CURVE('',#6196,#6234,#6236,.T.);
#6234 = VERTEX_POINT('',#6235);
#6235 = CARTESIAN_POINT('',(3.,-1.016769508279,5.426480490626));
#6236 = LINE('',#6237,#6238);
#6237 = CARTESIAN_POINT('',(3.,-1.016769508279,5.426480490626));
#6238 = VECTOR('',#6239,1.);
#6239 = DIRECTION('',(-0.,-1.,-0.));
#6240 = ORIENTED_EDGE('',*,*,#6241,.F.);
#6241 = EDGE_CURVE('',#6242,#6234,#6244,.T.);
#6242 = VERTEX_POINT('',#6243);
#6243 = CARTESIAN_POINT('',(3.001,-1.016769508279,5.426480490626));
#6244 = LINE('',#6245,#6246);
#6245 = CARTESIAN_POINT('',(3.001,-1.016769508279,5.426480490626));
#6246 = VECTOR('',#6247,1.);
#6247 = DIRECTION('',(-1.,-0.,-0.));
#6248 = ORIENTED_EDGE('',*,*,#6249,.F.);
#6249 = EDGE_CURVE('',#6204,#6242,#6250,.T.);
#6250 = LINE('',#6251,#6252);
#6251 = CARTESIAN_POINT('',(3.001,-1.016769508279,5.426480490626));
#6252 = VECTOR('',#6253,1.);
#6253 = DIRECTION('',(-0.,-1.,-0.));
#6254 = ORIENTED_EDGE('',*,*,#6203,.T.);
#6255 = PLANE('',#6256);
#6256 = AXIS2_PLACEMENT_3D('',#6257,#6258,#6259);
#6257 = CARTESIAN_POINT('',(3.001,-1.016769508279,5.426480490626));
#6258 = DIRECTION('',(0.,0.,-1.));
#6259 = DIRECTION('',(-1.,0.,0.));
#6260 = ADVANCED_FACE('',(#6261),#6286,.F.);
#6261 = FACE_BOUND('',#6262,.T.);
#6262 = EDGE_LOOP('',(#6263,#6271,#6279,#6285));
#6263 = ORIENTED_EDGE('',*,*,#6264,.T.);
#6264 = EDGE_CURVE('',#6234,#6265,#6267,.T.);
#6265 = VERTEX_POINT('',#6266);
#6266 = CARTESIAN_POINT('',(3.,-1.016769508279,5.494896561519));
#6267 = LINE('',#6268,#6269);
#6268 = CARTESIAN_POINT('',(3.,-1.016769508279,5.494896561519));
#6269 = VECTOR('',#6270,1.);
#6270 = DIRECTION('',(0.,-6.338874234249E-15,1.));
#6271 = ORIENTED_EDGE('',*,*,#6272,.F.);
#6272 = EDGE_CURVE('',#6273,#6265,#6275,.T.);
#6273 = VERTEX_POINT('',#6274);
#6274 = CARTESIAN_POINT('',(3.001,-1.016769508279,5.494896561519));
#6275 = LINE('',#6276,#6277);
#6276 = CARTESIAN_POINT('',(3.001,-1.016769508279,5.494896561519));
#6277 = VECTOR('',#6278,1.);
#6278 = DIRECTION('',(-1.,-0.,-0.));
#6279 = ORIENTED_EDGE('',*,*,#6280,.F.);
#6280 = EDGE_CURVE('',#6242,#6273,#6281,.T.);
#6281 = LINE('',#6282,#6283);
#6282 = CARTESIAN_POINT('',(3.001,-1.016769508279,5.494896561519));
#6283 = VECTOR('',#6284,1.);
#6284 = DIRECTION('',(0.,-6.338874234249E-15,1.));
#6285 = ORIENTED_EDGE('',*,*,#6241,.T.);
#6286 = PLANE('',#6287);
#6287 = AXIS2_PLACEMENT_3D('',#6288,#6289,#6290);
#6288 = CARTESIAN_POINT('',(3.001,-1.016769508279,5.494896561519));
#6289 = DIRECTION('',(0.,-1.,-6.338874234249E-15));
#6290 = DIRECTION('',(0.,6.338874234249E-15,-1.));
#6291 = ADVANCED_FACE('',(#6292),#6317,.F.);
#6292 = FACE_BOUND('',#6293,.T.);
#6293 = EDGE_LOOP('',(#6294,#6302,#6310,#6316));
#6294 = ORIENTED_EDGE('',*,*,#6295,.T.);
#6295 = EDGE_CURVE('',#6265,#6296,#6298,.T.);
#6296 = VERTEX_POINT('',#6297);
#6297 = CARTESIAN_POINT('',(3.,-0.944038442033,5.494896561519));
#6298 = LINE('',#6299,#6300);
#6299 = CARTESIAN_POINT('',(3.,-0.944038442033,5.494896561519));
#6300 = VECTOR('',#6301,1.);
#6301 = DIRECTION('',(0.,1.,0.));
#6302 = ORIENTED_EDGE('',*,*,#6303,.F.);
#6303 = EDGE_CURVE('',#6304,#6296,#6306,.T.);
#6304 = VERTEX_POINT('',#6305);
#6305 = CARTESIAN_POINT('',(3.001,-0.944038442033,5.494896561519));
#6306 = LINE('',#6307,#6308);
#6307 = CARTESIAN_POINT('',(3.001,-0.944038442033,5.494896561519));
#6308 = VECTOR('',#6309,1.);
#6309 = DIRECTION('',(-1.,-0.,-0.));
#6310 = ORIENTED_EDGE('',*,*,#6311,.F.);
#6311 = EDGE_CURVE('',#6273,#6304,#6312,.T.);
#6312 = LINE('',#6313,#6314);
#6313 = CARTESIAN_POINT('',(3.001,-0.944038442033,5.494896561519));
#6314 = VECTOR('',#6315,1.);
#6315 = DIRECTION('',(0.,1.,0.));
#6316 = ORIENTED_EDGE('',*,*,#6272,.T.);
#6317 = PLANE('',#6318);
#6318 = AXIS2_PLACEMENT_3D('',#6319,#6320,#6321);
#6319 = CARTESIAN_POINT('',(3.001,-0.944038442033,5.494896561519));
#6320 = DIRECTION('',(0.,0.,1.));
#6321 = DIRECTION('',(1.,0.,-0.));
#6322 = ADVANCED_FACE('',(#6323),#6348,.F.);
#6323 = FACE_BOUND('',#6324,.T.);
#6324 = EDGE_LOOP('',(#6325,#6333,#6341,#6347));
#6325 = ORIENTED_EDGE('',*,*,#6326,.T.);
#6326 = EDGE_CURVE('',#6296,#6327,#6329,.T.);
#6327 = VERTEX_POINT('',#6328);
#6328 = CARTESIAN_POINT('',(3.,-0.944038442033,5.518187138844));
#6329 = LINE('',#6330,#6331);
#6330 = CARTESIAN_POINT('',(3.,-0.944038442033,5.518187138844));
#6331 = VECTOR('',#6332,1.);
#6332 = DIRECTION('',(0.,0.,1.));
#6333 = ORIENTED_EDGE('',*,*,#6334,.F.);
#6334 = EDGE_CURVE('',#6335,#6327,#6337,.T.);
#6335 = VERTEX_POINT('',#6336);
#6336 = CARTESIAN_POINT('',(3.001,-0.944038442033,5.518187138844));
#6337 = LINE('',#6338,#6339);
#6338 = CARTESIAN_POINT('',(3.001,-0.944038442033,5.518187138844));
#6339 = VECTOR('',#6340,1.);
#6340 = DIRECTION('',(-1.,-0.,-0.));
#6341 = ORIENTED_EDGE('',*,*,#6342,.F.);
#6342 = EDGE_CURVE('',#6304,#6335,#6343,.T.);
#6343 = LINE('',#6344,#6345);
#6344 = CARTESIAN_POINT('',(3.001,-0.944038442033,5.518187138844));
#6345 = VECTOR('',#6346,1.);
#6346 = DIRECTION('',(0.,0.,1.));
#6347 = ORIENTED_EDGE('',*,*,#6303,.T.);
#6348 = PLANE('',#6349);
#6349 = AXIS2_PLACEMENT_3D('',#6350,#6351,#6352);
#6350 = CARTESIAN_POINT('',(3.001,-0.944038442033,5.518187138844));
#6351 = DIRECTION('',(0.,-1.,0.));
#6352 = DIRECTION('',(0.,0.,-1.));
#6353 = ADVANCED_FACE('',(#6354),#6379,.F.);
#6354 = FACE_BOUND('',#6355,.T.);
#6355 = EDGE_LOOP('',(#6356,#6364,#6372,#6378));
#6356 = ORIENTED_EDGE('',*,*,#6357,.T.);
#6357 = EDGE_CURVE('',#6327,#6358,#6360,.T.);
#6358 = VERTEX_POINT('',#6359);
#6359 = CARTESIAN_POINT('',(3.,-1.016769508279,5.518187138844));
#6360 = LINE('',#6361,#6362);
#6361 = CARTESIAN_POINT('',(3.,-1.016769508279,5.518187138844));
#6362 = VECTOR('',#6363,1.);
#6363 = DIRECTION('',(-0.,-1.,-0.));
#6364 = ORIENTED_EDGE('',*,*,#6365,.F.);
#6365 = EDGE_CURVE('',#6366,#6358,#6368,.T.);
#6366 = VERTEX_POINT('',#6367);
#6367 = CARTESIAN_POINT('',(3.001,-1.016769508279,5.518187138844));
#6368 = LINE('',#6369,#6370);
#6369 = CARTESIAN_POINT('',(3.001,-1.016769508279,5.518187138844));
#6370 = VECTOR('',#6371,1.);
#6371 = DIRECTION('',(-1.,-0.,-0.));
#6372 = ORIENTED_EDGE('',*,*,#6373,.F.);
#6373 = EDGE_CURVE('',#6335,#6366,#6374,.T.);
#6374 = LINE('',#6375,#6376);
#6375 = CARTESIAN_POINT('',(3.001,-1.016769508279,5.518187138844));
#6376 = VECTOR('',#6377,1.);
#6377 = DIRECTION('',(-0.,-1.,-0.));
#6378 = ORIENTED_EDGE('',*,*,#6334,.T.);
#6379 = PLANE('',#6380);
#6380 = AXIS2_PLACEMENT_3D('',#6381,#6382,#6383);
#6381 = CARTESIAN_POINT('',(3.001,-1.016769508279,5.518187138844));
#6382 = DIRECTION('',(0.,0.,-1.));
#6383 = DIRECTION('',(-1.,0.,0.));
#6384 = ADVANCED_FACE('',(#6385),#6410,.F.);
#6385 = FACE_BOUND('',#6386,.T.);
#6386 = EDGE_LOOP('',(#6387,#6395,#6403,#6409));
#6387 = ORIENTED_EDGE('',*,*,#6388,.T.);
#6388 = EDGE_CURVE('',#6358,#6389,#6391,.T.);
#6389 = VERTEX_POINT('',#6390);
#6390 = CARTESIAN_POINT('',(3.,-1.016769508279,5.583275984406));
#6391 = LINE('',#6392,#6393);
#6392 = CARTESIAN_POINT('',(3.,-1.016769508279,5.583275984406));
#6393 = VECTOR('',#6394,1.);
#6394 = DIRECTION('',(0.,-3.331453071942E-15,1.));
#6395 = ORIENTED_EDGE('',*,*,#6396,.F.);
#6396 = EDGE_CURVE('',#6397,#6389,#6399,.T.);
#6397 = VERTEX_POINT('',#6398);
#6398 = CARTESIAN_POINT('',(3.001,-1.016769508279,5.583275984406));
#6399 = LINE('',#6400,#6401);
#6400 = CARTESIAN_POINT('',(3.001,-1.016769508279,5.583275984406));
#6401 = VECTOR('',#6402,1.);
#6402 = DIRECTION('',(-1.,-0.,-0.));
#6403 = ORIENTED_EDGE('',*,*,#6404,.F.);
#6404 = EDGE_CURVE('',#6366,#6397,#6405,.T.);
#6405 = LINE('',#6406,#6407);
#6406 = CARTESIAN_POINT('',(3.001,-1.016769508279,5.583275984406));
#6407 = VECTOR('',#6408,1.);
#6408 = DIRECTION('',(0.,-3.331453071942E-15,1.));
#6409 = ORIENTED_EDGE('',*,*,#6365,.T.);
#6410 = PLANE('',#6411);
#6411 = AXIS2_PLACEMENT_3D('',#6412,#6413,#6414);
#6412 = CARTESIAN_POINT('',(3.001,-1.016769508279,5.583275984406));
#6413 = DIRECTION('',(0.,-1.,-3.331453071942E-15));
#6414 = DIRECTION('',(0.,3.331453071942E-15,-1.));
#6415 = ADVANCED_FACE('',(#6416),#6441,.F.);
#6416 = FACE_BOUND('',#6417,.T.);
#6417 = EDGE_LOOP('',(#6418,#6426,#6434,#6440));
#6418 = ORIENTED_EDGE('',*,*,#6419,.T.);
#6419 = EDGE_CURVE('',#6389,#6420,#6422,.T.);
#6420 = VERTEX_POINT('',#6421);
#6421 = CARTESIAN_POINT('',(3.,-0.938267785597,5.583275984406));
#6422 = LINE('',#6423,#6424);
#6423 = CARTESIAN_POINT('',(3.,-0.938267785597,5.583275984406));
#6424 = VECTOR('',#6425,1.);
#6425 = DIRECTION('',(0.,1.,0.));
#6426 = ORIENTED_EDGE('',*,*,#6427,.F.);
#6427 = EDGE_CURVE('',#6428,#6420,#6430,.T.);
#6428 = VERTEX_POINT('',#6429);
#6429 = CARTESIAN_POINT('',(3.001,-0.938267785597,5.583275984406));
#6430 = LINE('',#6431,#6432);
#6431 = CARTESIAN_POINT('',(3.001,-0.938267785597,5.583275984406));
#6432 = VECTOR('',#6433,1.);
#6433 = DIRECTION('',(-1.,-0.,-0.));
#6434 = ORIENTED_EDGE('',*,*,#6435,.F.);
#6435 = EDGE_CURVE('',#6397,#6428,#6436,.T.);
#6436 = LINE('',#6437,#6438);
#6437 = CARTESIAN_POINT('',(3.001,-0.938267785597,5.583275984406));
#6438 = VECTOR('',#6439,1.);
#6439 = DIRECTION('',(0.,1.,0.));
#6440 = ORIENTED_EDGE('',*,*,#6396,.T.);
#6441 = PLANE('',#6442);
#6442 = AXIS2_PLACEMENT_3D('',#6443,#6444,#6445);
#6443 = CARTESIAN_POINT('',(3.001,-0.938267785597,5.583275984406));
#6444 = DIRECTION('',(0.,0.,1.));
#6445 = DIRECTION('',(1.,0.,-0.));
#6446 = ADVANCED_FACE('',(#6447),#6472,.F.);
#6447 = FACE_BOUND('',#6448,.T.);
#6448 = EDGE_LOOP('',(#6449,#6457,#6465,#6471));
#6449 = ORIENTED_EDGE('',*,*,#6450,.T.);
#6450 = EDGE_CURVE('',#6420,#6451,#6453,.T.);
#6451 = VERTEX_POINT('',#6452);
#6452 = CARTESIAN_POINT('',(3.,-0.938267785597,5.606670537523));
#6453 = LINE('',#6454,#6455);
#6454 = CARTESIAN_POINT('',(3.,-0.938267785597,5.606670537523));
#6455 = VECTOR('',#6456,1.);
#6456 = DIRECTION('',(0.,0.,1.));
#6457 = ORIENTED_EDGE('',*,*,#6458,.F.);
#6458 = EDGE_CURVE('',#6459,#6451,#6461,.T.);
#6459 = VERTEX_POINT('',#6460);
#6460 = CARTESIAN_POINT('',(3.001,-0.938267785597,5.606670537523));
#6461 = LINE('',#6462,#6463);
#6462 = CARTESIAN_POINT('',(3.001,-0.938267785597,5.606670537523));
#6463 = VECTOR('',#6464,1.);
#6464 = DIRECTION('',(-1.,-0.,-0.));
#6465 = ORIENTED_EDGE('',*,*,#6466,.F.);
#6466 = EDGE_CURVE('',#6428,#6459,#6467,.T.);
#6467 = LINE('',#6468,#6469);
#6468 = CARTESIAN_POINT('',(3.001,-0.938267785597,5.606670537523));
#6469 = VECTOR('',#6470,1.);
#6470 = DIRECTION('',(0.,0.,1.));
#6471 = ORIENTED_EDGE('',*,*,#6427,.T.);
#6472 = PLANE('',#6473);
#6473 = AXIS2_PLACEMENT_3D('',#6474,#6475,#6476);
#6474 = CARTESIAN_POINT('',(3.001,-0.938267785597,5.606670537523));
#6475 = DIRECTION('',(0.,-1.,0.));
#6476 = DIRECTION('',(0.,0.,-1.));
#6477 = ADVANCED_FACE('',(#6478),#6503,.F.);
#6478 = FACE_BOUND('',#6479,.T.);
#6479 = EDGE_LOOP('',(#6480,#6488,#6496,#6502));
#6480 = ORIENTED_EDGE('',*,*,#6481,.T.);
#6481 = EDGE_CURVE('',#6451,#6482,#6484,.T.);
#6482 = VERTEX_POINT('',#6483);
#6483 = CARTESIAN_POINT('',(3.,-1.043023395666,5.606670537523));
#6484 = LINE('',#6485,#6486);
#6485 = CARTESIAN_POINT('',(3.,-1.043023395666,5.606670537523));
#6486 = VECTOR('',#6487,1.);
#6487 = DIRECTION('',(-0.,-1.,-0.));
#6488 = ORIENTED_EDGE('',*,*,#6489,.F.);
#6489 = EDGE_CURVE('',#6490,#6482,#6492,.T.);
#6490 = VERTEX_POINT('',#6491);
#6491 = CARTESIAN_POINT('',(3.001,-1.043023395666,5.606670537523));
#6492 = LINE('',#6493,#6494);
#6493 = CARTESIAN_POINT('',(3.001,-1.043023395666,5.606670537523));
#6494 = VECTOR('',#6495,1.);
#6495 = DIRECTION('',(-1.,-0.,-0.));
#6496 = ORIENTED_EDGE('',*,*,#6497,.F.);
#6497 = EDGE_CURVE('',#6459,#6490,#6498,.T.);
#6498 = LINE('',#6499,#6500);
#6499 = CARTESIAN_POINT('',(3.001,-1.043023395666,5.606670537523));
#6500 = VECTOR('',#6501,1.);
#6501 = DIRECTION('',(-0.,-1.,-0.));
#6502 = ORIENTED_EDGE('',*,*,#6458,.T.);
#6503 = PLANE('',#6504);
#6504 = AXIS2_PLACEMENT_3D('',#6505,#6506,#6507);
#6505 = CARTESIAN_POINT('',(3.001,-1.043023395666,5.606670537523));
#6506 = DIRECTION('',(0.,0.,-1.));
#6507 = DIRECTION('',(-1.,0.,0.));
#6508 = ADVANCED_FACE('',(#6509),#6534,.F.);
#6509 = FACE_BOUND('',#6510,.T.);
#6510 = EDGE_LOOP('',(#6511,#6519,#6527,#6533));
#6511 = ORIENTED_EDGE('',*,*,#6512,.T.);
#6512 = EDGE_CURVE('',#6482,#6513,#6515,.T.);
#6513 = VERTEX_POINT('',#6514);
#6514 = CARTESIAN_POINT('',(3.,-1.043023395666,5.403293889092));
#6515 = LINE('',#6516,#6517);
#6516 = CARTESIAN_POINT('',(3.,-1.043023395666,5.403293889092));
#6517 = VECTOR('',#6518,1.);
#6518 = DIRECTION('',(0.,3.19860371635E-15,-1.));
#6519 = ORIENTED_EDGE('',*,*,#6520,.F.);
#6520 = EDGE_CURVE('',#6521,#6513,#6523,.T.);
#6521 = VERTEX_POINT('',#6522);
#6522 = CARTESIAN_POINT('',(3.001,-1.043023395666,5.403293889092));
#6523 = LINE('',#6524,#6525);
#6524 = CARTESIAN_POINT('',(3.001,-1.043023395666,5.403293889092));
#6525 = VECTOR('',#6526,1.);
#6526 = DIRECTION('',(-1.,-0.,-0.));
#6527 = ORIENTED_EDGE('',*,*,#6528,.F.);
#6528 = EDGE_CURVE('',#6490,#6521,#6529,.T.);
#6529 = LINE('',#6530,#6531);
#6530 = CARTESIAN_POINT('',(3.001,-1.043023395666,5.403293889092));
#6531 = VECTOR('',#6532,1.);
#6532 = DIRECTION('',(0.,3.19860371635E-15,-1.));
#6533 = ORIENTED_EDGE('',*,*,#6489,.T.);
#6534 = PLANE('',#6535);
#6535 = AXIS2_PLACEMENT_3D('',#6536,#6537,#6538);
#6536 = CARTESIAN_POINT('',(3.001,-1.043023395666,5.403293889092));
#6537 = DIRECTION('',(0.,1.,3.19860371635E-15));
#6538 = DIRECTION('',(0.,-3.19860371635E-15,1.));
#6539 = ADVANCED_FACE('',(#6540),#6556,.F.);
#6540 = FACE_BOUND('',#6541,.T.);
#6541 = EDGE_LOOP('',(#6542,#6548,#6549,#6555));
#6542 = ORIENTED_EDGE('',*,*,#6543,.T.);
#6543 = EDGE_CURVE('',#6513,#6194,#6544,.T.);
#6544 = LINE('',#6545,#6546);
#6545 = CARTESIAN_POINT('',(3.,-0.93364086287,5.403293889092));
#6546 = VECTOR('',#6547,1.);
#6547 = DIRECTION('',(0.,1.,7.929618338664E-15));
#6548 = ORIENTED_EDGE('',*,*,#6219,.F.);
#6549 = ORIENTED_EDGE('',*,*,#6550,.F.);
#6550 = EDGE_CURVE('',#6521,#6212,#6551,.T.);
#6551 = LINE('',#6552,#6553);
#6552 = CARTESIAN_POINT('',(3.001,-0.93364086287,5.403293889092));
#6553 = VECTOR('',#6554,1.);
#6554 = DIRECTION('',(0.,1.,7.929618338664E-15));
#6555 = ORIENTED_EDGE('',*,*,#6520,.T.);
#6556 = PLANE('',#6557);
#6557 = AXIS2_PLACEMENT_3D('',#6558,#6559,#6560);
#6558 = CARTESIAN_POINT('',(3.001,-0.93364086287,5.403293889092));
#6559 = DIRECTION('',(0.,-7.929618338664E-15,1.));
#6560 = DIRECTION('',(0.,-1.,-7.929618338664E-15));
#6561 = ADVANCED_FACE('',(#6562),#6576,.F.);
#6562 = FACE_BOUND('',#6563,.T.);
#6563 = EDGE_LOOP('',(#6564,#6565,#6566,#6567,#6568,#6569,#6570,#6571,
    #6572,#6573,#6574,#6575));
#6564 = ORIENTED_EDGE('',*,*,#6211,.T.);
#6565 = ORIENTED_EDGE('',*,*,#6249,.T.);
#6566 = ORIENTED_EDGE('',*,*,#6280,.T.);
#6567 = ORIENTED_EDGE('',*,*,#6311,.T.);
#6568 = ORIENTED_EDGE('',*,*,#6342,.T.);
#6569 = ORIENTED_EDGE('',*,*,#6373,.T.);
#6570 = ORIENTED_EDGE('',*,*,#6404,.T.);
#6571 = ORIENTED_EDGE('',*,*,#6435,.T.);
#6572 = ORIENTED_EDGE('',*,*,#6466,.T.);
#6573 = ORIENTED_EDGE('',*,*,#6497,.T.);
#6574 = ORIENTED_EDGE('',*,*,#6528,.T.);
#6575 = ORIENTED_EDGE('',*,*,#6550,.T.);
#6576 = PLANE('',#6577);
#6577 = AXIS2_PLACEMENT_3D('',#6578,#6579,#6580);
#6578 = CARTESIAN_POINT('',(3.001,0.,9.999990463257E-02));
#6579 = DIRECTION('',(-1.,0.,0.));
#6580 = DIRECTION('',(0.,0.,1.));
#6581 = ADVANCED_FACE('',(#6582),#6596,.T.);
#6582 = FACE_BOUND('',#6583,.T.);
#6583 = EDGE_LOOP('',(#6584,#6585,#6586,#6587,#6588,#6589,#6590,#6591,
    #6592,#6593,#6594,#6595));
#6584 = ORIENTED_EDGE('',*,*,#6193,.F.);
#6585 = ORIENTED_EDGE('',*,*,#6543,.F.);
#6586 = ORIENTED_EDGE('',*,*,#6512,.F.);
#6587 = ORIENTED_EDGE('',*,*,#6481,.F.);
#6588 = ORIENTED_EDGE('',*,*,#6450,.F.);
#6589 = ORIENTED_EDGE('',*,*,#6419,.F.);
#6590 = ORIENTED_EDGE('',*,*,#6388,.F.);
#6591 = ORIENTED_EDGE('',*,*,#6357,.F.);
#6592 = ORIENTED_EDGE('',*,*,#6326,.F.);
#6593 = ORIENTED_EDGE('',*,*,#6295,.F.);
#6594 = ORIENTED_EDGE('',*,*,#6264,.F.);
#6595 = ORIENTED_EDGE('',*,*,#6233,.F.);
#6596 = PLANE('',#6597);
#6597 = AXIS2_PLACEMENT_3D('',#6598,#6599,#6600);
#6598 = CARTESIAN_POINT('',(3.,0.,9.999990463257E-02));
#6599 = DIRECTION('',(-1.,0.,0.));
#6600 = DIRECTION('',(0.,0.,1.));
#6601 = ( GEOMETRIC_REPRESENTATION_CONTEXT(3) 
GLOBAL_UNCERTAINTY_ASSIGNED_CONTEXT((#6605)) 
GLOBAL_UNIT_ASSIGNED_CONTEXT((#6602,#6603,#6604)) REPRESENTATION_CONTEXT
('Context #1','3D Context with UNIT and UNCERTAINTY') );
#6602 = ( LENGTH_UNIT() NAMED_UNIT(*) SI_UNIT(.MILLI.,.METRE.) );
#6603 = ( NAMED_UNIT(*) PLANE_ANGLE_UNIT() SI_UNIT($,.RADIAN.) );
#6604 = ( NAMED_UNIT(*) SI_UNIT($,.STERADIAN.) SOLID_ANGLE_UNIT() );
#6605 = UNCERTAINTY_MEASURE_WITH_UNIT(LENGTH_MEASURE(1.E-07),#6602,
  'distance_accuracy_value','confusion accuracy');
#6606 = CONTEXT_DEPENDENT_SHAPE_REPRESENTATION(#6607,#6609);
#6607 = ( REPRESENTATION_RELATIONSHIP('','',#6186,#55) 
REPRESENTATION_RELATIONSHIP_WITH_TRANSFORMATION(#6608) 
SHAPE_REPRESENTATION_RELATIONSHIP() );
#6608 = ITEM_DEFINED_TRANSFORMATION('','',#11,#68);
#6609 = PRODUCT_DEFINITION_SHAPE('Placement','Placement of an item',
  #6610);
#6610 = NEXT_ASSEMBLY_USAGE_OCCURRENCE('4',
  'CONN-SMD_T31000~CONN-SMD_T31000~AJBg003','',#50,#6181,$);
#6611 = PRODUCT_RELATED_PRODUCT_CATEGORY('part',$,(#6183));
#6612 = SHAPE_DEFINITION_REPRESENTATION(#6613,#6619);
#6613 = PRODUCT_DEFINITION_SHAPE('','',#6614);
#6614 = PRODUCT_DEFINITION('design','',#6615,#6618);
#6615 = PRODUCT_DEFINITION_FORMATION('','',#6616);
#6616 = PRODUCT('CONN-SMD_T31000~CONN-SMD_T31000~AJBg004',
  'CONN-SMD_T31000~CONN-SMD_T31000~AJBg004','',(#6617));
#6617 = PRODUCT_CONTEXT('',#2,'mechanical');
#6618 = PRODUCT_DEFINITION_CONTEXT('part definition',#2,'design');
#6619 = ADVANCED_BREP_SHAPE_REPRESENTATION('',(#11,#6620),#7152);
#6620 = MANIFOLD_SOLID_BREP('',#6621);
#6621 = CLOSED_SHELL('',(#6622,#6752,#6882,#6904,#6925,#6946,#6967,#6988
    ,#7005,#7017,#7039,#7056,#7073,#7094,#7115,#7136));
#6622 = ADVANCED_FACE('',(#6623,#6685),#6747,.T.);
#6623 = FACE_BOUND('',#6624,.T.);
#6624 = EDGE_LOOP('',(#6625,#6635,#6644,#6653,#6662,#6671,#6679));
#6625 = ORIENTED_EDGE('',*,*,#6626,.T.);
#6626 = EDGE_CURVE('',#6627,#6629,#6631,.T.);
#6627 = VERTEX_POINT('',#6628);
#6628 = CARTESIAN_POINT('',(3.001,-0.895221807862,5.403293889092));
#6629 = VERTEX_POINT('',#6630);
#6630 = CARTESIAN_POINT('',(3.001,-0.839282831964,5.403293889092));
#6631 = LINE('',#6632,#6633);
#6632 = CARTESIAN_POINT('',(3.001,-0.839282831964,5.403293889092));
#6633 = VECTOR('',#6634,1.);
#6634 = DIRECTION('',(0.,1.,0.));
#6635 = ORIENTED_EDGE('',*,*,#6636,.T.);
#6636 = EDGE_CURVE('',#6629,#6637,#6639,.T.);
#6637 = VERTEX_POINT('',#6638);
#6638 = CARTESIAN_POINT('',(3.001,-0.76031321822,5.431783255998));
#6639 = B_SPLINE_CURVE_WITH_KNOTS('',3,(#6640,#6641,#6642,#6643),
  .UNSPECIFIED.,.F.,.F.,(4,4),(5.,6.),.PIECEWISE_BEZIER_KNOTS.);
#6640 = CARTESIAN_POINT('',(3.001,-0.839282831964,5.403293889092));
#6641 = CARTESIAN_POINT('',(3.001,-0.807102324455,5.403293889092));
#6642 = CARTESIAN_POINT('',(3.001,-0.780744461275,5.412755686131));
#6643 = CARTESIAN_POINT('',(3.001,-0.76031321822,5.431783255998));
#6644 = ORIENTED_EDGE('',*,*,#6645,.T.);
#6645 = EDGE_CURVE('',#6637,#6646,#6648,.T.);
#6646 = VERTEX_POINT('',#6647);
#6647 = CARTESIAN_POINT('',(3.001,-0.729640359688,5.507581608099));
#6648 = B_SPLINE_CURVE_WITH_KNOTS('',3,(#6649,#6650,#6651,#6652),
  .UNSPECIFIED.,.F.,.F.,(4,4),(4.,5.),.PIECEWISE_BEZIER_KNOTS.);
#6649 = CARTESIAN_POINT('',(3.001,-0.76031321822,5.431783255998));
#6650 = CARTESIAN_POINT('',(3.001,-0.739881975164,5.450810825867));
#6651 = CARTESIAN_POINT('',(3.001,-0.729640359688,5.476076943234));
#6652 = CARTESIAN_POINT('',(3.001,-0.729640359688,5.507581608099));
#6653 = ORIENTED_EDGE('',*,*,#6654,.T.);
#6654 = EDGE_CURVE('',#6646,#6655,#6657,.T.);
#6655 = VERTEX_POINT('',#6656);
#6656 = CARTESIAN_POINT('',(3.001,-0.76031321822,5.579740807491));
#6657 = B_SPLINE_CURVE_WITH_KNOTS('',3,(#6658,#6659,#6660,#6661),
  .UNSPECIFIED.,.F.,.F.,(4,4),(3.,4.),.PIECEWISE_BEZIER_KNOTS.);
#6658 = CARTESIAN_POINT('',(3.001,-0.729640359688,5.507581608099));
#6659 = CARTESIAN_POINT('',(3.001,-0.729640359688,5.537734587671));
#6660 = CARTESIAN_POINT('',(3.001,-0.739881975164,5.561752995538));
#6661 = CARTESIAN_POINT('',(3.001,-0.76031321822,5.579740807491));
#6662 = ORIENTED_EDGE('',*,*,#6663,.T.);
#6663 = EDGE_CURVE('',#6655,#6664,#6666,.T.);
#6664 = VERTEX_POINT('',#6665);
#6665 = CARTESIAN_POINT('',(3.001,-0.837203316131,5.606670537523));
#6666 = B_SPLINE_CURVE_WITH_KNOTS('',3,(#6667,#6668,#6669,#6670),
  .UNSPECIFIED.,.F.,.F.,(4,4),(2.,3.),.PIECEWISE_BEZIER_KNOTS.);
#6667 = CARTESIAN_POINT('',(3.001,-0.76031321822,5.579740807491));
#6668 = CARTESIAN_POINT('',(3.001,-0.780744461275,5.597728619443));
#6669 = CARTESIAN_POINT('',(3.001,-0.806374493913,5.606670537523));
#6670 = CARTESIAN_POINT('',(3.001,-0.837203316131,5.606670537523));
#6671 = ORIENTED_EDGE('',*,*,#6672,.T.);
#6672 = EDGE_CURVE('',#6664,#6673,#6675,.T.);
#6673 = VERTEX_POINT('',#6674);
#6674 = CARTESIAN_POINT('',(3.001,-0.895221807862,5.606670537523));
#6675 = LINE('',#6676,#6677);
#6676 = CARTESIAN_POINT('',(3.001,-0.895221807862,5.606670537523));
#6677 = VECTOR('',#6678,1.);
#6678 = DIRECTION('',(-0.,-1.,-0.));
#6679 = ORIENTED_EDGE('',*,*,#6680,.T.);
#6680 = EDGE_CURVE('',#6673,#6627,#6681,.T.);
#6681 = LINE('',#6682,#6683);
#6682 = CARTESIAN_POINT('',(3.001,-0.895221807862,5.403293889092));
#6683 = VECTOR('',#6684,1.);
#6684 = DIRECTION('',(0.,3.19860371635E-15,-1.));
#6685 = FACE_BOUND('',#6686,.T.);
#6686 = EDGE_LOOP('',(#6687,#6697,#6705,#6714,#6723,#6732,#6741));
#6687 = ORIENTED_EDGE('',*,*,#6688,.F.);
#6688 = EDGE_CURVE('',#6689,#6691,#6693,.T.);
#6689 = VERTEX_POINT('',#6690);
#6690 = CARTESIAN_POINT('',(3.001,-0.868967920474,5.583275984406));
#6691 = VERTEX_POINT('',#6692);
#6692 = CARTESIAN_POINT('',(3.001,-0.868967920474,5.426480490626));
#6693 = LINE('',#6694,#6695);
#6694 = CARTESIAN_POINT('',(3.001,-0.868967920474,5.583275984406));
#6695 = VECTOR('',#6696,1.);
#6696 = DIRECTION('',(0.,4.148852035257E-15,-1.));
#6697 = ORIENTED_EDGE('',*,*,#6698,.F.);
#6698 = EDGE_CURVE('',#6699,#6689,#6701,.T.);
#6699 = VERTEX_POINT('',#6700);
#6700 = CARTESIAN_POINT('',(3.001,-0.838243074049,5.583275984406));
#6701 = LINE('',#6702,#6703);
#6702 = CARTESIAN_POINT('',(3.001,-0.838243074049,5.583275984406));
#6703 = VECTOR('',#6704,1.);
#6704 = DIRECTION('',(0.,-1.,0.));
#6705 = ORIENTED_EDGE('',*,*,#6706,.F.);
#6706 = EDGE_CURVE('',#6707,#6699,#6709,.T.);
#6707 = VERTEX_POINT('',#6708);
#6708 = CARTESIAN_POINT('',(3.001,-0.779548739672,5.564144438746));
#6709 = B_SPLINE_CURVE_WITH_KNOTS('',3,(#6710,#6711,#6712,#6713),
  .UNSPECIFIED.,.F.,.F.,(4,4),(5.,6.),.PIECEWISE_BEZIER_KNOTS.);
#6710 = CARTESIAN_POINT('',(3.001,-0.779548739672,5.564144438746));
#6711 = CARTESIAN_POINT('',(3.001,-0.794417277876,5.576933461117));
#6712 = CARTESIAN_POINT('',(3.001,-0.814016714598,5.583275984406));
#6713 = CARTESIAN_POINT('',(3.001,-0.838243074049,5.583275984406));
#6714 = ORIENTED_EDGE('',*,*,#6715,.F.);
#6715 = EDGE_CURVE('',#6716,#6707,#6718,.T.);
#6716 = VERTEX_POINT('',#6717);
#6717 = CARTESIAN_POINT('',(3.001,-0.757245932366,5.506853777557));
#6718 = B_SPLINE_CURVE_WITH_KNOTS('',3,(#6719,#6720,#6721,#6722),
  .UNSPECIFIED.,.F.,.F.,(4,4),(4.,5.),.PIECEWISE_BEZIER_KNOTS.);
#6719 = CARTESIAN_POINT('',(3.001,-0.757245932366,5.506853777557));
#6720 = CARTESIAN_POINT('',(3.001,-0.757245932366,5.532223870715));
#6721 = CARTESIAN_POINT('',(3.001,-0.764680201469,5.551355416376));
#6722 = CARTESIAN_POINT('',(3.001,-0.779548739672,5.564144438746));
#6723 = ORIENTED_EDGE('',*,*,#6724,.F.);
#6724 = EDGE_CURVE('',#6725,#6716,#6727,.T.);
#6725 = VERTEX_POINT('',#6726);
#6726 = CARTESIAN_POINT('',(3.001,-0.778976872817,5.447691552118));
#6727 = B_SPLINE_CURVE_WITH_KNOTS('',3,(#6728,#6729,#6730,#6731),
  .UNSPECIFIED.,.F.,.F.,(4,4),(3.,4.),.PIECEWISE_BEZIER_KNOTS.);
#6728 = CARTESIAN_POINT('',(3.001,-0.778976872817,5.447691552118));
#6729 = CARTESIAN_POINT('',(3.001,-0.764472249884,5.461728283989));
#6730 = CARTESIAN_POINT('',(3.001,-0.757245932366,5.481483684399));
#6731 = CARTESIAN_POINT('',(3.001,-0.757245932366,5.506853777557));
#6732 = ORIENTED_EDGE('',*,*,#6733,.F.);
#6733 = EDGE_CURVE('',#6734,#6725,#6736,.T.);
#6734 = VERTEX_POINT('',#6735);
#6735 = CARTESIAN_POINT('',(3.001,-0.839438795651,5.426480490626));
#6736 = B_SPLINE_CURVE_WITH_KNOTS('',3,(#6737,#6738,#6739,#6740),
  .UNSPECIFIED.,.F.,.F.,(4,4),(2.,3.),.PIECEWISE_BEZIER_KNOTS.);
#6737 = CARTESIAN_POINT('',(3.001,-0.839438795651,5.426480490626));
#6738 = CARTESIAN_POINT('',(3.001,-0.813600811431,5.426480490626));
#6739 = CARTESIAN_POINT('',(3.001,-0.793429507854,5.433550844457));
#6740 = CARTESIAN_POINT('',(3.001,-0.778976872817,5.447691552118));
#6741 = ORIENTED_EDGE('',*,*,#6742,.F.);
#6742 = EDGE_CURVE('',#6691,#6734,#6743,.T.);
#6743 = LINE('',#6744,#6745);
#6744 = CARTESIAN_POINT('',(3.001,-0.868967920474,5.426480490626));
#6745 = VECTOR('',#6746,1.);
#6746 = DIRECTION('',(0.,1.,0.));
#6747 = PLANE('',#6748);
#6748 = AXIS2_PLACEMENT_3D('',#6749,#6750,#6751);
#6749 = CARTESIAN_POINT('',(3.001,-0.794859174989,5.599951101989));
#6750 = DIRECTION('',(1.,0.,0.));
#6751 = DIRECTION('',(0.,0.,-1.));
#6752 = ADVANCED_FACE('',(#6753,#6815),#6877,.F.);
#6753 = FACE_BOUND('',#6754,.T.);
#6754 = EDGE_LOOP('',(#6755,#6765,#6773,#6781,#6790,#6799,#6808));
#6755 = ORIENTED_EDGE('',*,*,#6756,.F.);
#6756 = EDGE_CURVE('',#6757,#6759,#6761,.T.);
#6757 = VERTEX_POINT('',#6758);
#6758 = CARTESIAN_POINT('',(3.,-0.895221807862,5.403293889092));
#6759 = VERTEX_POINT('',#6760);
#6760 = CARTESIAN_POINT('',(3.,-0.839282831964,5.403293889092));
#6761 = LINE('',#6762,#6763);
#6762 = CARTESIAN_POINT('',(3.,-0.839282831964,5.403293889092));
#6763 = VECTOR('',#6764,1.);
#6764 = DIRECTION('',(0.,1.,0.));
#6765 = ORIENTED_EDGE('',*,*,#6766,.F.);
#6766 = EDGE_CURVE('',#6767,#6757,#6769,.T.);
#6767 = VERTEX_POINT('',#6768);
#6768 = CARTESIAN_POINT('',(3.,-0.895221807862,5.606670537523));
#6769 = LINE('',#6770,#6771);
#6770 = CARTESIAN_POINT('',(3.,-0.895221807862,5.403293889092));
#6771 = VECTOR('',#6772,1.);
#6772 = DIRECTION('',(0.,3.19860371635E-15,-1.));
#6773 = ORIENTED_EDGE('',*,*,#6774,.F.);
#6774 = EDGE_CURVE('',#6775,#6767,#6777,.T.);
#6775 = VERTEX_POINT('',#6776);
#6776 = CARTESIAN_POINT('',(3.,-0.837203316131,5.606670537523));
#6777 = LINE('',#6778,#6779);
#6778 = CARTESIAN_POINT('',(3.,-0.895221807862,5.606670537523));
#6779 = VECTOR('',#6780,1.);
#6780 = DIRECTION('',(-0.,-1.,-0.));
#6781 = ORIENTED_EDGE('',*,*,#6782,.F.);
#6782 = EDGE_CURVE('',#6783,#6775,#6785,.T.);
#6783 = VERTEX_POINT('',#6784);
#6784 = CARTESIAN_POINT('',(3.,-0.76031321822,5.579740807491));
#6785 = B_SPLINE_CURVE_WITH_KNOTS('',3,(#6786,#6787,#6788,#6789),
  .UNSPECIFIED.,.F.,.F.,(4,4),(2.,3.),.PIECEWISE_BEZIER_KNOTS.);
#6786 = CARTESIAN_POINT('',(3.,-0.76031321822,5.579740807491));
#6787 = CARTESIAN_POINT('',(3.,-0.780744461275,5.597728619443));
#6788 = CARTESIAN_POINT('',(3.,-0.806374493913,5.606670537523));
#6789 = CARTESIAN_POINT('',(3.,-0.837203316131,5.606670537523));
#6790 = ORIENTED_EDGE('',*,*,#6791,.F.);
#6791 = EDGE_CURVE('',#6792,#6783,#6794,.T.);
#6792 = VERTEX_POINT('',#6793);
#6793 = CARTESIAN_POINT('',(3.,-0.729640359688,5.507581608099));
#6794 = B_SPLINE_CURVE_WITH_KNOTS('',3,(#6795,#6796,#6797,#6798),
  .UNSPECIFIED.,.F.,.F.,(4,4),(3.,4.),.PIECEWISE_BEZIER_KNOTS.);
#6795 = CARTESIAN_POINT('',(3.,-0.729640359688,5.507581608099));
#6796 = CARTESIAN_POINT('',(3.,-0.729640359688,5.537734587671));
#6797 = CARTESIAN_POINT('',(3.,-0.739881975164,5.561752995538));
#6798 = CARTESIAN_POINT('',(3.,-0.76031321822,5.579740807491));
#6799 = ORIENTED_EDGE('',*,*,#6800,.F.);
#6800 = EDGE_CURVE('',#6801,#6792,#6803,.T.);
#6801 = VERTEX_POINT('',#6802);
#6802 = CARTESIAN_POINT('',(3.,-0.76031321822,5.431783255998));
#6803 = B_SPLINE_CURVE_WITH_KNOTS('',3,(#6804,#6805,#6806,#6807),
  .UNSPECIFIED.,.F.,.F.,(4,4),(4.,5.),.PIECEWISE_BEZIER_KNOTS.);
#6804 = CARTESIAN_POINT('',(3.,-0.76031321822,5.431783255998));
#6805 = CARTESIAN_POINT('',(3.,-0.739881975164,5.450810825867));
#6806 = CARTESIAN_POINT('',(3.,-0.729640359688,5.476076943234));
#6807 = CARTESIAN_POINT('',(3.,-0.729640359688,5.507581608099));
#6808 = ORIENTED_EDGE('',*,*,#6809,.F.);
#6809 = EDGE_CURVE('',#6759,#6801,#6810,.T.);
#6810 = B_SPLINE_CURVE_WITH_KNOTS('',3,(#6811,#6812,#6813,#6814),
  .UNSPECIFIED.,.F.,.F.,(4,4),(5.,6.),.PIECEWISE_BEZIER_KNOTS.);
#6811 = CARTESIAN_POINT('',(3.,-0.839282831964,5.403293889092));
#6812 = CARTESIAN_POINT('',(3.,-0.807102324455,5.403293889092));
#6813 = CARTESIAN_POINT('',(3.,-0.780744461275,5.412755686131));
#6814 = CARTESIAN_POINT('',(3.,-0.76031321822,5.431783255998));
#6815 = FACE_BOUND('',#6816,.T.);
#6816 = EDGE_LOOP('',(#6817,#6827,#6835,#6843,#6852,#6861,#6870));
#6817 = ORIENTED_EDGE('',*,*,#6818,.T.);
#6818 = EDGE_CURVE('',#6819,#6821,#6823,.T.);
#6819 = VERTEX_POINT('',#6820);
#6820 = CARTESIAN_POINT('',(3.,-0.838243074049,5.583275984406));
#6821 = VERTEX_POINT('',#6822);
#6822 = CARTESIAN_POINT('',(3.,-0.868967920474,5.583275984406));
#6823 = LINE('',#6824,#6825);
#6824 = CARTESIAN_POINT('',(3.,-0.838243074049,5.583275984406));
#6825 = VECTOR('',#6826,1.);
#6826 = DIRECTION('',(0.,-1.,0.));
#6827 = ORIENTED_EDGE('',*,*,#6828,.T.);
#6828 = EDGE_CURVE('',#6821,#6829,#6831,.T.);
#6829 = VERTEX_POINT('',#6830);
#6830 = CARTESIAN_POINT('',(3.,-0.868967920474,5.426480490626));
#6831 = LINE('',#6832,#6833);
#6832 = CARTESIAN_POINT('',(3.,-0.868967920474,5.583275984406));
#6833 = VECTOR('',#6834,1.);
#6834 = DIRECTION('',(0.,4.148852035257E-15,-1.));
#6835 = ORIENTED_EDGE('',*,*,#6836,.T.);
#6836 = EDGE_CURVE('',#6829,#6837,#6839,.T.);
#6837 = VERTEX_POINT('',#6838);
#6838 = CARTESIAN_POINT('',(3.,-0.839438795651,5.426480490626));
#6839 = LINE('',#6840,#6841);
#6840 = CARTESIAN_POINT('',(3.,-0.868967920474,5.426480490626));
#6841 = VECTOR('',#6842,1.);
#6842 = DIRECTION('',(0.,1.,0.));
#6843 = ORIENTED_EDGE('',*,*,#6844,.T.);
#6844 = EDGE_CURVE('',#6837,#6845,#6847,.T.);
#6845 = VERTEX_POINT('',#6846);
#6846 = CARTESIAN_POINT('',(3.,-0.778976872817,5.447691552118));
#6847 = B_SPLINE_CURVE_WITH_KNOTS('',3,(#6848,#6849,#6850,#6851),
  .UNSPECIFIED.,.F.,.F.,(4,4),(2.,3.),.PIECEWISE_BEZIER_KNOTS.);
#6848 = CARTESIAN_POINT('',(3.,-0.839438795651,5.426480490626));
#6849 = CARTESIAN_POINT('',(3.,-0.813600811431,5.426480490626));
#6850 = CARTESIAN_POINT('',(3.,-0.793429507854,5.433550844457));
#6851 = CARTESIAN_POINT('',(3.,-0.778976872817,5.447691552118));
#6852 = ORIENTED_EDGE('',*,*,#6853,.T.);
#6853 = EDGE_CURVE('',#6845,#6854,#6856,.T.);
#6854 = VERTEX_POINT('',#6855);
#6855 = CARTESIAN_POINT('',(3.,-0.757245932366,5.506853777557));
#6856 = B_SPLINE_CURVE_WITH_KNOTS('',3,(#6857,#6858,#6859,#6860),
  .UNSPECIFIED.,.F.,.F.,(4,4),(3.,4.),.PIECEWISE_BEZIER_KNOTS.);
#6857 = CARTESIAN_POINT('',(3.,-0.778976872817,5.447691552118));
#6858 = CARTESIAN_POINT('',(3.,-0.764472249884,5.461728283989));
#6859 = CARTESIAN_POINT('',(3.,-0.757245932366,5.481483684399));
#6860 = CARTESIAN_POINT('',(3.,-0.757245932366,5.506853777557));
#6861 = ORIENTED_EDGE('',*,*,#6862,.T.);
#6862 = EDGE_CURVE('',#6854,#6863,#6865,.T.);
#6863 = VERTEX_POINT('',#6864);
#6864 = CARTESIAN_POINT('',(3.,-0.779548739672,5.564144438746));
#6865 = B_SPLINE_CURVE_WITH_KNOTS('',3,(#6866,#6867,#6868,#6869),
  .UNSPECIFIED.,.F.,.F.,(4,4),(4.,5.),.PIECEWISE_BEZIER_KNOTS.);
#6866 = CARTESIAN_POINT('',(3.,-0.757245932366,5.506853777557));
#6867 = CARTESIAN_POINT('',(3.,-0.757245932366,5.532223870715));
#6868 = CARTESIAN_POINT('',(3.,-0.764680201469,5.551355416376));
#6869 = CARTESIAN_POINT('',(3.,-0.779548739672,5.564144438746));
#6870 = ORIENTED_EDGE('',*,*,#6871,.T.);
#6871 = EDGE_CURVE('',#6863,#6819,#6872,.T.);
#6872 = B_SPLINE_CURVE_WITH_KNOTS('',3,(#6873,#6874,#6875,#6876),
  .UNSPECIFIED.,.F.,.F.,(4,4),(5.,6.),.PIECEWISE_BEZIER_KNOTS.);
#6873 = CARTESIAN_POINT('',(3.,-0.779548739672,5.564144438746));
#6874 = CARTESIAN_POINT('',(3.,-0.794417277876,5.576933461117));
#6875 = CARTESIAN_POINT('',(3.,-0.814016714598,5.583275984406));
#6876 = CARTESIAN_POINT('',(3.,-0.838243074049,5.583275984406));
#6877 = PLANE('',#6878);
#6878 = AXIS2_PLACEMENT_3D('',#6879,#6880,#6881);
#6879 = CARTESIAN_POINT('',(3.,-0.794859174989,5.599951101989));
#6880 = DIRECTION('',(1.,0.,0.));
#6881 = DIRECTION('',(0.,0.,-1.));
#6882 = ADVANCED_FACE('',(#6883),#6899,.F.);
#6883 = FACE_BOUND('',#6884,.T.);
#6884 = EDGE_LOOP('',(#6885,#6886,#6892,#6893));
#6885 = ORIENTED_EDGE('',*,*,#6756,.T.);
#6886 = ORIENTED_EDGE('',*,*,#6887,.F.);
#6887 = EDGE_CURVE('',#6629,#6759,#6888,.T.);
#6888 = LINE('',#6889,#6890);
#6889 = CARTESIAN_POINT('',(3.001,-0.839282831964,5.403293889092));
#6890 = VECTOR('',#6891,1.);
#6891 = DIRECTION('',(-1.,-0.,-0.));
#6892 = ORIENTED_EDGE('',*,*,#6626,.F.);
#6893 = ORIENTED_EDGE('',*,*,#6894,.T.);
#6894 = EDGE_CURVE('',#6627,#6757,#6895,.T.);
#6895 = LINE('',#6896,#6897);
#6896 = CARTESIAN_POINT('',(3.001,-0.895221807862,5.403293889092));
#6897 = VECTOR('',#6898,1.);
#6898 = DIRECTION('',(-1.,-0.,-0.));
#6899 = PLANE('',#6900);
#6900 = AXIS2_PLACEMENT_3D('',#6901,#6902,#6903);
#6901 = CARTESIAN_POINT('',(3.001,-0.839282831964,5.403293889092));
#6902 = DIRECTION('',(0.,0.,1.));
#6903 = DIRECTION('',(1.,0.,-0.));
#6904 = ADVANCED_FACE('',(#6905),#6916,.F.);
#6905 = FACE_BOUND('',#6906,.F.);
#6906 = EDGE_LOOP('',(#6907,#6908,#6909,#6915));
#6907 = ORIENTED_EDGE('',*,*,#6887,.F.);
#6908 = ORIENTED_EDGE('',*,*,#6636,.T.);
#6909 = ORIENTED_EDGE('',*,*,#6910,.T.);
#6910 = EDGE_CURVE('',#6637,#6801,#6911,.T.);
#6911 = LINE('',#6912,#6913);
#6912 = CARTESIAN_POINT('',(3.001,-0.76031321822,5.431783255998));
#6913 = VECTOR('',#6914,1.);
#6914 = DIRECTION('',(-1.,-0.,-0.));
#6915 = ORIENTED_EDGE('',*,*,#6809,.F.);
#6916 = B_SPLINE_SURFACE_WITH_KNOTS('',3,1,(
    (#6917,#6918)
    ,(#6919,#6920)
    ,(#6921,#6922)
    ,(#6923,#6924
    )),.UNSPECIFIED.,.F.,.F.,.F.,(4,4),(2,2),(5.,6.),(0.,1.),
  .PIECEWISE_BEZIER_KNOTS.);
#6917 = CARTESIAN_POINT('',(3.001,-0.839282831964,5.403293889092));
#6918 = CARTESIAN_POINT('',(3.,-0.839282831964,5.403293889092));
#6919 = CARTESIAN_POINT('',(3.001,-0.807102324455,5.403293889092));
#6920 = CARTESIAN_POINT('',(3.,-0.807102324455,5.403293889092));
#6921 = CARTESIAN_POINT('',(3.001,-0.780744461275,5.412755686131));
#6922 = CARTESIAN_POINT('',(3.,-0.780744461275,5.412755686131));
#6923 = CARTESIAN_POINT('',(3.001,-0.76031321822,5.431783255998));
#6924 = CARTESIAN_POINT('',(3.,-0.76031321822,5.431783255998));
#6925 = ADVANCED_FACE('',(#6926),#6937,.F.);
#6926 = FACE_BOUND('',#6927,.F.);
#6927 = EDGE_LOOP('',(#6928,#6929,#6930,#6936));
#6928 = ORIENTED_EDGE('',*,*,#6910,.F.);
#6929 = ORIENTED_EDGE('',*,*,#6645,.T.);
#6930 = ORIENTED_EDGE('',*,*,#6931,.T.);
#6931 = EDGE_CURVE('',#6646,#6792,#6932,.T.);
#6932 = LINE('',#6933,#6934);
#6933 = CARTESIAN_POINT('',(3.001,-0.729640359688,5.507581608099));
#6934 = VECTOR('',#6935,1.);
#6935 = DIRECTION('',(-1.,-0.,-0.));
#6936 = ORIENTED_EDGE('',*,*,#6800,.F.);
#6937 = B_SPLINE_SURFACE_WITH_KNOTS('',3,1,(
    (#6938,#6939)
    ,(#6940,#6941)
    ,(#6942,#6943)
    ,(#6944,#6945
    )),.UNSPECIFIED.,.F.,.F.,.F.,(4,4),(2,2),(4.,5.),(0.,1.),
  .PIECEWISE_BEZIER_KNOTS.);
#6938 = CARTESIAN_POINT('',(3.001,-0.76031321822,5.431783255998));
#6939 = CARTESIAN_POINT('',(3.,-0.76031321822,5.431783255998));
#6940 = CARTESIAN_POINT('',(3.001,-0.739881975164,5.450810825867));
#6941 = CARTESIAN_POINT('',(3.,-0.739881975164,5.450810825867));
#6942 = CARTESIAN_POINT('',(3.001,-0.729640359688,5.476076943234));
#6943 = CARTESIAN_POINT('',(3.,-0.729640359688,5.476076943234));
#6944 = CARTESIAN_POINT('',(3.001,-0.729640359688,5.507581608099));
#6945 = CARTESIAN_POINT('',(3.,-0.729640359688,5.507581608099));
#6946 = ADVANCED_FACE('',(#6947),#6958,.F.);
#6947 = FACE_BOUND('',#6948,.F.);
#6948 = EDGE_LOOP('',(#6949,#6950,#6951,#6957));
#6949 = ORIENTED_EDGE('',*,*,#6931,.F.);
#6950 = ORIENTED_EDGE('',*,*,#6654,.T.);
#6951 = ORIENTED_EDGE('',*,*,#6952,.T.);
#6952 = EDGE_CURVE('',#6655,#6783,#6953,.T.);
#6953 = LINE('',#6954,#6955);
#6954 = CARTESIAN_POINT('',(3.001,-0.76031321822,5.579740807491));
#6955 = VECTOR('',#6956,1.);
#6956 = DIRECTION('',(-1.,-0.,-0.));
#6957 = ORIENTED_EDGE('',*,*,#6791,.F.);
#6958 = B_SPLINE_SURFACE_WITH_KNOTS('',3,1,(
    (#6959,#6960)
    ,(#6961,#6962)
    ,(#6963,#6964)
    ,(#6965,#6966
    )),.UNSPECIFIED.,.F.,.F.,.F.,(4,4),(2,2),(3.,4.),(0.,1.),
  .PIECEWISE_BEZIER_KNOTS.);
#6959 = CARTESIAN_POINT('',(3.001,-0.729640359688,5.507581608099));
#6960 = CARTESIAN_POINT('',(3.,-0.729640359688,5.507581608099));
#6961 = CARTESIAN_POINT('',(3.001,-0.729640359688,5.537734587671));
#6962 = CARTESIAN_POINT('',(3.,-0.729640359688,5.537734587671));
#6963 = CARTESIAN_POINT('',(3.001,-0.739881975164,5.561752995538));
#6964 = CARTESIAN_POINT('',(3.,-0.739881975164,5.561752995538));
#6965 = CARTESIAN_POINT('',(3.001,-0.76031321822,5.579740807491));
#6966 = CARTESIAN_POINT('',(3.,-0.76031321822,5.579740807491));
#6967 = ADVANCED_FACE('',(#6968),#6979,.F.);
#6968 = FACE_BOUND('',#6969,.F.);
#6969 = EDGE_LOOP('',(#6970,#6971,#6972,#6978));
#6970 = ORIENTED_EDGE('',*,*,#6952,.F.);
#6971 = ORIENTED_EDGE('',*,*,#6663,.T.);
#6972 = ORIENTED_EDGE('',*,*,#6973,.T.);
#6973 = EDGE_CURVE('',#6664,#6775,#6974,.T.);
#6974 = LINE('',#6975,#6976);
#6975 = CARTESIAN_POINT('',(3.001,-0.837203316131,5.606670537523));
#6976 = VECTOR('',#6977,1.);
#6977 = DIRECTION('',(-1.,-0.,-0.));
#6978 = ORIENTED_EDGE('',*,*,#6782,.F.);
#6979 = B_SPLINE_SURFACE_WITH_KNOTS('',3,1,(
    (#6980,#6981)
    ,(#6982,#6983)
    ,(#6984,#6985)
    ,(#6986,#6987
    )),.UNSPECIFIED.,.F.,.F.,.F.,(4,4),(2,2),(2.,3.),(0.,1.),
  .PIECEWISE_BEZIER_KNOTS.);
#6980 = CARTESIAN_POINT('',(3.001,-0.76031321822,5.579740807491));
#6981 = CARTESIAN_POINT('',(3.,-0.76031321822,5.579740807491));
#6982 = CARTESIAN_POINT('',(3.001,-0.780744461275,5.597728619443));
#6983 = CARTESIAN_POINT('',(3.,-0.780744461275,5.597728619443));
#6984 = CARTESIAN_POINT('',(3.001,-0.806374493913,5.606670537523));
#6985 = CARTESIAN_POINT('',(3.,-0.806374493913,5.606670537523));
#6986 = CARTESIAN_POINT('',(3.001,-0.837203316131,5.606670537523));
#6987 = CARTESIAN_POINT('',(3.,-0.837203316131,5.606670537523));
#6988 = ADVANCED_FACE('',(#6989),#7000,.F.);
#6989 = FACE_BOUND('',#6990,.T.);
#6990 = EDGE_LOOP('',(#6991,#6992,#6998,#6999));
#6991 = ORIENTED_EDGE('',*,*,#6774,.T.);
#6992 = ORIENTED_EDGE('',*,*,#6993,.F.);
#6993 = EDGE_CURVE('',#6673,#6767,#6994,.T.);
#6994 = LINE('',#6995,#6996);
#6995 = CARTESIAN_POINT('',(3.001,-0.895221807862,5.606670537523));
#6996 = VECTOR('',#6997,1.);
#6997 = DIRECTION('',(-1.,-0.,-0.));
#6998 = ORIENTED_EDGE('',*,*,#6672,.F.);
#6999 = ORIENTED_EDGE('',*,*,#6973,.T.);
#7000 = PLANE('',#7001);
#7001 = AXIS2_PLACEMENT_3D('',#7002,#7003,#7004);
#7002 = CARTESIAN_POINT('',(3.001,-0.895221807862,5.606670537523));
#7003 = DIRECTION('',(0.,0.,-1.));
#7004 = DIRECTION('',(-1.,0.,0.));
#7005 = ADVANCED_FACE('',(#7006),#7012,.F.);
#7006 = FACE_BOUND('',#7007,.T.);
#7007 = EDGE_LOOP('',(#7008,#7009,#7010,#7011));
#7008 = ORIENTED_EDGE('',*,*,#6766,.T.);
#7009 = ORIENTED_EDGE('',*,*,#6894,.F.);
#7010 = ORIENTED_EDGE('',*,*,#6680,.F.);
#7011 = ORIENTED_EDGE('',*,*,#6993,.T.);
#7012 = PLANE('',#7013);
#7013 = AXIS2_PLACEMENT_3D('',#7014,#7015,#7016);
#7014 = CARTESIAN_POINT('',(3.001,-0.895221807862,5.403293889092));
#7015 = DIRECTION('',(0.,1.,3.19860371635E-15));
#7016 = DIRECTION('',(0.,-3.19860371635E-15,1.));
#7017 = ADVANCED_FACE('',(#7018),#7034,.T.);
#7018 = FACE_BOUND('',#7019,.T.);
#7019 = EDGE_LOOP('',(#7020,#7021,#7027,#7028));
#7020 = ORIENTED_EDGE('',*,*,#6818,.F.);
#7021 = ORIENTED_EDGE('',*,*,#7022,.F.);
#7022 = EDGE_CURVE('',#6699,#6819,#7023,.T.);
#7023 = LINE('',#7024,#7025);
#7024 = CARTESIAN_POINT('',(3.001,-0.838243074049,5.583275984406));
#7025 = VECTOR('',#7026,1.);
#7026 = DIRECTION('',(-1.,-0.,-0.));
#7027 = ORIENTED_EDGE('',*,*,#6698,.T.);
#7028 = ORIENTED_EDGE('',*,*,#7029,.T.);
#7029 = EDGE_CURVE('',#6689,#6821,#7030,.T.);
#7030 = LINE('',#7031,#7032);
#7031 = CARTESIAN_POINT('',(3.001,-0.868967920474,5.583275984406));
#7032 = VECTOR('',#7033,1.);
#7033 = DIRECTION('',(-1.,-0.,-0.));
#7034 = PLANE('',#7035);
#7035 = AXIS2_PLACEMENT_3D('',#7036,#7037,#7038);
#7036 = CARTESIAN_POINT('',(3.001,-0.838243074049,5.583275984406));
#7037 = DIRECTION('',(0.,0.,-1.));
#7038 = DIRECTION('',(-1.,0.,0.));
#7039 = ADVANCED_FACE('',(#7040),#7051,.T.);
#7040 = FACE_BOUND('',#7041,.T.);
#7041 = EDGE_LOOP('',(#7042,#7043,#7044,#7045));
#7042 = ORIENTED_EDGE('',*,*,#6828,.F.);
#7043 = ORIENTED_EDGE('',*,*,#7029,.F.);
#7044 = ORIENTED_EDGE('',*,*,#6688,.T.);
#7045 = ORIENTED_EDGE('',*,*,#7046,.T.);
#7046 = EDGE_CURVE('',#6691,#6829,#7047,.T.);
#7047 = LINE('',#7048,#7049);
#7048 = CARTESIAN_POINT('',(3.001,-0.868967920474,5.426480490626));
#7049 = VECTOR('',#7050,1.);
#7050 = DIRECTION('',(-1.,-0.,-0.));
#7051 = PLANE('',#7052);
#7052 = AXIS2_PLACEMENT_3D('',#7053,#7054,#7055);
#7053 = CARTESIAN_POINT('',(3.001,-0.868967920474,5.583275984406));
#7054 = DIRECTION('',(0.,1.,4.148852035257E-15));
#7055 = DIRECTION('',(0.,-4.148852035257E-15,1.));
#7056 = ADVANCED_FACE('',(#7057),#7068,.T.);
#7057 = FACE_BOUND('',#7058,.T.);
#7058 = EDGE_LOOP('',(#7059,#7060,#7061,#7062));
#7059 = ORIENTED_EDGE('',*,*,#6836,.F.);
#7060 = ORIENTED_EDGE('',*,*,#7046,.F.);
#7061 = ORIENTED_EDGE('',*,*,#6742,.T.);
#7062 = ORIENTED_EDGE('',*,*,#7063,.T.);
#7063 = EDGE_CURVE('',#6734,#6837,#7064,.T.);
#7064 = LINE('',#7065,#7066);
#7065 = CARTESIAN_POINT('',(3.001,-0.839438795651,5.426480490626));
#7066 = VECTOR('',#7067,1.);
#7067 = DIRECTION('',(-1.,-0.,-0.));
#7068 = PLANE('',#7069);
#7069 = AXIS2_PLACEMENT_3D('',#7070,#7071,#7072);
#7070 = CARTESIAN_POINT('',(3.001,-0.868967920474,5.426480490626));
#7071 = DIRECTION('',(0.,0.,1.));
#7072 = DIRECTION('',(1.,0.,-0.));
#7073 = ADVANCED_FACE('',(#7074),#7085,.T.);
#7074 = FACE_BOUND('',#7075,.T.);
#7075 = EDGE_LOOP('',(#7076,#7077,#7078,#7079));
#7076 = ORIENTED_EDGE('',*,*,#6844,.F.);
#7077 = ORIENTED_EDGE('',*,*,#7063,.F.);
#7078 = ORIENTED_EDGE('',*,*,#6733,.T.);
#7079 = ORIENTED_EDGE('',*,*,#7080,.T.);
#7080 = EDGE_CURVE('',#6725,#6845,#7081,.T.);
#7081 = LINE('',#7082,#7083);
#7082 = CARTESIAN_POINT('',(3.001,-0.778976872817,5.447691552118));
#7083 = VECTOR('',#7084,1.);
#7084 = DIRECTION('',(-1.,-0.,-0.));
#7085 = B_SPLINE_SURFACE_WITH_KNOTS('',3,1,(
    (#7086,#7087)
    ,(#7088,#7089)
    ,(#7090,#7091)
    ,(#7092,#7093
    )),.UNSPECIFIED.,.F.,.F.,.F.,(4,4),(2,2),(2.,3.),(0.,1.),
  .PIECEWISE_BEZIER_KNOTS.);
#7086 = CARTESIAN_POINT('',(3.001,-0.839438795651,5.426480490626));
#7087 = CARTESIAN_POINT('',(3.,-0.839438795651,5.426480490626));
#7088 = CARTESIAN_POINT('',(3.001,-0.813600811431,5.426480490626));
#7089 = CARTESIAN_POINT('',(3.,-0.813600811431,5.426480490626));
#7090 = CARTESIAN_POINT('',(3.001,-0.793429507854,5.433550844457));
#7091 = CARTESIAN_POINT('',(3.,-0.793429507854,5.433550844457));
#7092 = CARTESIAN_POINT('',(3.001,-0.778976872817,5.447691552118));
#7093 = CARTESIAN_POINT('',(3.,-0.778976872817,5.447691552118));
#7094 = ADVANCED_FACE('',(#7095),#7106,.T.);
#7095 = FACE_BOUND('',#7096,.T.);
#7096 = EDGE_LOOP('',(#7097,#7098,#7099,#7100));
#7097 = ORIENTED_EDGE('',*,*,#6853,.F.);
#7098 = ORIENTED_EDGE('',*,*,#7080,.F.);
#7099 = ORIENTED_EDGE('',*,*,#6724,.T.);
#7100 = ORIENTED_EDGE('',*,*,#7101,.T.);
#7101 = EDGE_CURVE('',#6716,#6854,#7102,.T.);
#7102 = LINE('',#7103,#7104);
#7103 = CARTESIAN_POINT('',(3.001,-0.757245932366,5.506853777557));
#7104 = VECTOR('',#7105,1.);
#7105 = DIRECTION('',(-1.,-0.,-0.));
#7106 = B_SPLINE_SURFACE_WITH_KNOTS('',3,1,(
    (#7107,#7108)
    ,(#7109,#7110)
    ,(#7111,#7112)
    ,(#7113,#7114
    )),.UNSPECIFIED.,.F.,.F.,.F.,(4,4),(2,2),(3.,4.),(0.,1.),
  .PIECEWISE_BEZIER_KNOTS.);
#7107 = CARTESIAN_POINT('',(3.001,-0.778976872817,5.447691552118));
#7108 = CARTESIAN_POINT('',(3.,-0.778976872817,5.447691552118));
#7109 = CARTESIAN_POINT('',(3.001,-0.764472249884,5.461728283989));
#7110 = CARTESIAN_POINT('',(3.,-0.764472249884,5.461728283989));
#7111 = CARTESIAN_POINT('',(3.001,-0.757245932366,5.481483684399));
#7112 = CARTESIAN_POINT('',(3.,-0.757245932366,5.481483684399));
#7113 = CARTESIAN_POINT('',(3.001,-0.757245932366,5.506853777557));
#7114 = CARTESIAN_POINT('',(3.,-0.757245932366,5.506853777557));
#7115 = ADVANCED_FACE('',(#7116),#7127,.T.);
#7116 = FACE_BOUND('',#7117,.T.);
#7117 = EDGE_LOOP('',(#7118,#7119,#7120,#7121));
#7118 = ORIENTED_EDGE('',*,*,#6862,.F.);
#7119 = ORIENTED_EDGE('',*,*,#7101,.F.);
#7120 = ORIENTED_EDGE('',*,*,#6715,.T.);
#7121 = ORIENTED_EDGE('',*,*,#7122,.T.);
#7122 = EDGE_CURVE('',#6707,#6863,#7123,.T.);
#7123 = LINE('',#7124,#7125);
#7124 = CARTESIAN_POINT('',(3.001,-0.779548739672,5.564144438746));
#7125 = VECTOR('',#7126,1.);
#7126 = DIRECTION('',(-1.,-0.,-0.));
#7127 = B_SPLINE_SURFACE_WITH_KNOTS('',3,1,(
    (#7128,#7129)
    ,(#7130,#7131)
    ,(#7132,#7133)
    ,(#7134,#7135
    )),.UNSPECIFIED.,.F.,.F.,.F.,(4,4),(2,2),(4.,5.),(0.,1.),
  .PIECEWISE_BEZIER_KNOTS.);
#7128 = CARTESIAN_POINT('',(3.001,-0.757245932366,5.506853777557));
#7129 = CARTESIAN_POINT('',(3.,-0.757245932366,5.506853777557));
#7130 = CARTESIAN_POINT('',(3.001,-0.757245932366,5.532223870715));
#7131 = CARTESIAN_POINT('',(3.,-0.757245932366,5.532223870715));
#7132 = CARTESIAN_POINT('',(3.001,-0.764680201469,5.551355416376));
#7133 = CARTESIAN_POINT('',(3.,-0.764680201469,5.551355416376));
#7134 = CARTESIAN_POINT('',(3.001,-0.779548739672,5.564144438746));
#7135 = CARTESIAN_POINT('',(3.,-0.779548739672,5.564144438746));
#7136 = ADVANCED_FACE('',(#7137),#7143,.T.);
#7137 = FACE_BOUND('',#7138,.T.);
#7138 = EDGE_LOOP('',(#7139,#7140,#7141,#7142));
#7139 = ORIENTED_EDGE('',*,*,#6871,.F.);
#7140 = ORIENTED_EDGE('',*,*,#7122,.F.);
#7141 = ORIENTED_EDGE('',*,*,#6706,.T.);
#7142 = ORIENTED_EDGE('',*,*,#7022,.T.);
#7143 = B_SPLINE_SURFACE_WITH_KNOTS('',3,1,(
    (#7144,#7145)
    ,(#7146,#7147)
    ,(#7148,#7149)
    ,(#7150,#7151
    )),.UNSPECIFIED.,.F.,.F.,.F.,(4,4),(2,2),(5.,6.),(0.,1.),
  .PIECEWISE_BEZIER_KNOTS.);
#7144 = CARTESIAN_POINT('',(3.001,-0.779548739672,5.564144438746));
#7145 = CARTESIAN_POINT('',(3.,-0.779548739672,5.564144438746));
#7146 = CARTESIAN_POINT('',(3.001,-0.794417277876,5.576933461117));
#7147 = CARTESIAN_POINT('',(3.,-0.794417277876,5.576933461117));
#7148 = CARTESIAN_POINT('',(3.001,-0.814016714598,5.583275984406));
#7149 = CARTESIAN_POINT('',(3.,-0.814016714598,5.583275984406));
#7150 = CARTESIAN_POINT('',(3.001,-0.838243074049,5.583275984406));
#7151 = CARTESIAN_POINT('',(3.,-0.838243074049,5.583275984406));
#7152 = ( GEOMETRIC_REPRESENTATION_CONTEXT(3) 
GLOBAL_UNCERTAINTY_ASSIGNED_CONTEXT((#7156)) 
GLOBAL_UNIT_ASSIGNED_CONTEXT((#7153,#7154,#7155)) REPRESENTATION_CONTEXT
('Context #1','3D Context with UNIT and UNCERTAINTY') );
#7153 = ( LENGTH_UNIT() NAMED_UNIT(*) SI_UNIT(.MILLI.,.METRE.) );
#7154 = ( NAMED_UNIT(*) PLANE_ANGLE_UNIT() SI_UNIT($,.RADIAN.) );
#7155 = ( NAMED_UNIT(*) SI_UNIT($,.STERADIAN.) SOLID_ANGLE_UNIT() );
#7156 = UNCERTAINTY_MEASURE_WITH_UNIT(LENGTH_MEASURE(1.E-07),#7153,
  'distance_accuracy_value','confusion accuracy');
#7157 = CONTEXT_DEPENDENT_SHAPE_REPRESENTATION(#7158,#7160);
#7158 = ( REPRESENTATION_RELATIONSHIP('','',#6619,#55) 
REPRESENTATION_RELATIONSHIP_WITH_TRANSFORMATION(#7159) 
SHAPE_REPRESENTATION_RELATIONSHIP() );
#7159 = ITEM_DEFINED_TRANSFORMATION('','',#11,#72);
#7160 = PRODUCT_DEFINITION_SHAPE('Placement','Placement of an item',
  #7161);
#7161 = NEXT_ASSEMBLY_USAGE_OCCURRENCE('5',
  'CONN-SMD_T31000~CONN-SMD_T31000~AJBg004','',#50,#6614,$);
#7162 = PRODUCT_RELATED_PRODUCT_CATEGORY('part',$,(#6616));
#7163 = SHAPE_DEFINITION_REPRESENTATION(#7164,#7170);
#7164 = PRODUCT_DEFINITION_SHAPE('','',#7165);
#7165 = PRODUCT_DEFINITION('design','',#7166,#7169);
#7166 = PRODUCT_DEFINITION_FORMATION('','',#7167);
#7167 = PRODUCT('CONN-SMD_T31000~CONN-SMD_T31000~AJBg005',
  'CONN-SMD_T31000~CONN-SMD_T31000~AJBg005','',(#7168));
#7168 = PRODUCT_CONTEXT('',#2,'mechanical');
#7169 = PRODUCT_DEFINITION_CONTEXT('part definition',#2,'design');
#7170 = ADVANCED_BREP_SHAPE_REPRESENTATION('',(#11,#7171),#7667);
#7171 = MANIFOLD_SOLID_BREP('',#7172);
#7172 = CLOSED_SHELL('',(#7173,#7297,#7421,#7443,#7460,#7477,#7494,#7511
    ,#7528,#7545,#7557,#7579,#7596,#7617,#7634,#7655));
#7173 = ADVANCED_FACE('',(#7174,#7240),#7292,.F.);
#7174 = FACE_BOUND('',#7175,.T.);
#7175 = EDGE_LOOP('',(#7176,#7186,#7194,#7202,#7210,#7218,#7226,#7234));
#7176 = ORIENTED_EDGE('',*,*,#7177,.T.);
#7177 = EDGE_CURVE('',#7178,#7180,#7182,.T.);
#7178 = VERTEX_POINT('',#7179);
#7179 = CARTESIAN_POINT('',(3.001,-0.535361593024,5.403293889092));
#7180 = VERTEX_POINT('',#7181);
#7181 = CARTESIAN_POINT('',(3.001,-0.61282355779,5.606670537523));
#7182 = LINE('',#7183,#7184);
#7183 = CARTESIAN_POINT('',(3.001,-0.61282355779,5.606670537523));
#7184 = VECTOR('',#7185,1.);
#7185 = DIRECTION('',(0.,-0.35593572437,0.934510438742));
#7186 = ORIENTED_EDGE('',*,*,#7187,.T.);
#7187 = EDGE_CURVE('',#7180,#7188,#7190,.T.);
#7188 = VERTEX_POINT('',#7189);
#7189 = CARTESIAN_POINT('',(3.001,-0.640897021531,5.606670537523));
#7190 = LINE('',#7191,#7192);
#7191 = CARTESIAN_POINT('',(3.001,-0.640897021531,5.606670537523));
#7192 = VECTOR('',#7193,1.);
#7193 = DIRECTION('',(-0.,-1.,-0.));
#7194 = ORIENTED_EDGE('',*,*,#7195,.T.);
#7195 = EDGE_CURVE('',#7188,#7196,#7198,.T.);
#7196 = VERTEX_POINT('',#7197);
#7197 = CARTESIAN_POINT('',(3.001,-0.718358986295,5.403293889092));
#7198 = LINE('',#7199,#7200);
#7199 = CARTESIAN_POINT('',(3.001,-0.718358986295,5.403293889092));
#7200 = VECTOR('',#7201,1.);
#7201 = DIRECTION('',(-0.,-0.355935724364,-0.934510438744));
#7202 = ORIENTED_EDGE('',*,*,#7203,.T.);
#7203 = EDGE_CURVE('',#7196,#7204,#7206,.T.);
#7204 = VERTEX_POINT('',#7205);
#7205 = CARTESIAN_POINT('',(3.001,-0.689349740431,5.403293889092));
#7206 = LINE('',#7207,#7208);
#7207 = CARTESIAN_POINT('',(3.001,-0.689349740431,5.403293889092));
#7208 = VECTOR('',#7209,1.);
#7209 = DIRECTION('',(0.,1.,0.));
#7210 = ORIENTED_EDGE('',*,*,#7211,.T.);
#7211 = EDGE_CURVE('',#7204,#7212,#7214,.T.);
#7212 = VERTEX_POINT('',#7213);
#7213 = CARTESIAN_POINT('',(3.001,-0.669802291605,5.458920937615));
#7214 = LINE('',#7215,#7216);
#7215 = CARTESIAN_POINT('',(3.001,-0.669802291605,5.458920937615));
#7216 = VECTOR('',#7217,1.);
#7217 = DIRECTION('',(0.,0.33152841835,0.943445233083));
#7218 = ORIENTED_EDGE('',*,*,#7219,.T.);
#7219 = EDGE_CURVE('',#7212,#7220,#7222,.T.);
#7220 = VERTEX_POINT('',#7221);
#7221 = CARTESIAN_POINT('',(3.001,-0.58511400932,5.458920937615));
#7222 = LINE('',#7223,#7224);
#7223 = CARTESIAN_POINT('',(3.001,-0.58511400932,5.458920937615));
#7224 = VECTOR('',#7225,1.);
#7225 = DIRECTION('',(0.,1.,0.));
#7226 = ORIENTED_EDGE('',*,*,#7227,.T.);
#7227 = EDGE_CURVE('',#7220,#7228,#7230,.T.);
#7228 = VERTEX_POINT('',#7229);
#7229 = CARTESIAN_POINT('',(3.001,-0.56437083889,5.403293889092));
#7230 = LINE('',#7231,#7232);
#7231 = CARTESIAN_POINT('',(3.001,-0.56437083889,5.403293889092));
#7232 = VECTOR('',#7233,1.);
#7233 = DIRECTION('',(0.,0.349395479469,-0.936975345954));
#7234 = ORIENTED_EDGE('',*,*,#7235,.T.);
#7235 = EDGE_CURVE('',#7228,#7178,#7236,.T.);
#7236 = LINE('',#7237,#7238);
#7237 = CARTESIAN_POINT('',(3.001,-0.535361593024,5.403293889092));
#7238 = VECTOR('',#7239,1.);
#7239 = DIRECTION('',(0.,1.,0.));
#7240 = FACE_BOUND('',#7241,.T.);
#7241 = EDGE_LOOP('',(#7242,#7252,#7260,#7269,#7277,#7286));
#7242 = ORIENTED_EDGE('',*,*,#7243,.F.);
#7243 = EDGE_CURVE('',#7244,#7246,#7248,.T.);
#7244 = VERTEX_POINT('',#7245);
#7245 = CARTESIAN_POINT('',(3.001,-0.661484228274,5.481899587566));
#7246 = VERTEX_POINT('',#7247);
#7247 = CARTESIAN_POINT('',(3.001,-0.593224121068,5.481899587566));
#7248 = LINE('',#7249,#7250);
#7249 = CARTESIAN_POINT('',(3.001,-0.661484228274,5.481899587566));
#7250 = VECTOR('',#7251,1.);
#7251 = DIRECTION('',(0.,1.,0.));
#7252 = ORIENTED_EDGE('',*,*,#7253,.F.);
#7253 = EDGE_CURVE('',#7254,#7244,#7256,.T.);
#7254 = VERTEX_POINT('',#7255);
#7255 = CARTESIAN_POINT('',(3.001,-0.631071309222,5.566431906162));
#7256 = LINE('',#7257,#7258);
#7257 = CARTESIAN_POINT('',(3.001,-0.631071309222,5.566431906162));
#7258 = VECTOR('',#7259,1.);
#7259 = DIRECTION('',(0.,-0.338535034314,-0.940953787676));
#7260 = ORIENTED_EDGE('',*,*,#7261,.F.);
#7261 = EDGE_CURVE('',#7262,#7254,#7264,.T.);
#7262 = VERTEX_POINT('',#7263);
#7263 = CARTESIAN_POINT('',(3.001,-0.627744083889,5.580676589616));
#7264 = B_SPLINE_CURVE_WITH_KNOTS('',3,(#7265,#7266,#7267,#7268),
  .UNSPECIFIED.,.F.,.F.,(4,4),(3.,4.),.PIECEWISE_BEZIER_KNOTS.);
#7265 = CARTESIAN_POINT('',(3.001,-0.627744083889,5.580676589616));
#7266 = CARTESIAN_POINT('',(3.001,-0.62873185391,5.57454201791));
#7267 = CARTESIAN_POINT('',(3.001,-0.629823599722,5.569759131494));
#7268 = CARTESIAN_POINT('',(3.001,-0.631071309222,5.566431906162));
#7269 = ORIENTED_EDGE('',*,*,#7270,.F.);
#7270 = EDGE_CURVE('',#7271,#7262,#7273,.T.);
#7271 = VERTEX_POINT('',#7272);
#7272 = CARTESIAN_POINT('',(3.001,-0.62712022914,5.580676589616));
#7273 = LINE('',#7274,#7275);
#7274 = CARTESIAN_POINT('',(3.001,-0.62712022914,5.580676589616));
#7275 = VECTOR('',#7276,1.);
#7276 = DIRECTION('',(0.,-1.,0.));
#7277 = ORIENTED_EDGE('',*,*,#7278,.F.);
#7278 = EDGE_CURVE('',#7279,#7271,#7281,.T.);
#7279 = VERTEX_POINT('',#7280);
#7280 = CARTESIAN_POINT('',(3.001,-0.623948967495,5.566431906162));
#7281 = B_SPLINE_CURVE_WITH_KNOTS('',3,(#7282,#7283,#7284,#7285),
  .UNSPECIFIED.,.F.,.F.,(4,4),(1.,2.),.PIECEWISE_BEZIER_KNOTS.);
#7282 = CARTESIAN_POINT('',(3.001,-0.623948967495,5.566431906162));
#7283 = CARTESIAN_POINT('',(3.001,-0.624936737515,5.569239252535));
#7284 = CARTESIAN_POINT('',(3.001,-0.625976495432,5.573918163159));
#7285 = CARTESIAN_POINT('',(3.001,-0.62712022914,5.580676589616));
#7286 = ORIENTED_EDGE('',*,*,#7287,.F.);
#7287 = EDGE_CURVE('',#7246,#7279,#7288,.T.);
#7288 = LINE('',#7289,#7290);
#7289 = CARTESIAN_POINT('',(3.001,-0.593224121068,5.481899587566));
#7290 = VECTOR('',#7291,1.);
#7291 = DIRECTION('',(0.,-0.341603830682,0.939844041777));
#7292 = PLANE('',#7293);
#7293 = AXIS2_PLACEMENT_3D('',#7294,#7295,#7296);
#7294 = CARTESIAN_POINT('',(3.001,0.,9.999990463257E-02));
#7295 = DIRECTION('',(-1.,0.,0.));
#7296 = DIRECTION('',(0.,0.,1.));
#7297 = ADVANCED_FACE('',(#7298,#7364),#7416,.T.);
#7298 = FACE_BOUND('',#7299,.T.);
#7299 = EDGE_LOOP('',(#7300,#7310,#7318,#7326,#7334,#7342,#7350,#7358));
#7300 = ORIENTED_EDGE('',*,*,#7301,.F.);
#7301 = EDGE_CURVE('',#7302,#7304,#7306,.T.);
#7302 = VERTEX_POINT('',#7303);
#7303 = CARTESIAN_POINT('',(3.,-0.535361593024,5.403293889092));
#7304 = VERTEX_POINT('',#7305);
#7305 = CARTESIAN_POINT('',(3.,-0.61282355779,5.606670537523));
#7306 = LINE('',#7307,#7308);
#7307 = CARTESIAN_POINT('',(3.,-0.61282355779,5.606670537523));
#7308 = VECTOR('',#7309,1.);
#7309 = DIRECTION('',(0.,-0.35593572437,0.934510438742));
#7310 = ORIENTED_EDGE('',*,*,#7311,.F.);
#7311 = EDGE_CURVE('',#7312,#7302,#7314,.T.);
#7312 = VERTEX_POINT('',#7313);
#7313 = CARTESIAN_POINT('',(3.,-0.56437083889,5.403293889092));
#7314 = LINE('',#7315,#7316);
#7315 = CARTESIAN_POINT('',(3.,-0.535361593024,5.403293889092));
#7316 = VECTOR('',#7317,1.);
#7317 = DIRECTION('',(0.,1.,0.));
#7318 = ORIENTED_EDGE('',*,*,#7319,.F.);
#7319 = EDGE_CURVE('',#7320,#7312,#7322,.T.);
#7320 = VERTEX_POINT('',#7321);
#7321 = CARTESIAN_POINT('',(3.,-0.58511400932,5.458920937615));
#7322 = LINE('',#7323,#7324);
#7323 = CARTESIAN_POINT('',(3.,-0.56437083889,5.403293889092));
#7324 = VECTOR('',#7325,1.);
#7325 = DIRECTION('',(0.,0.349395479469,-0.936975345954));
#7326 = ORIENTED_EDGE('',*,*,#7327,.F.);
#7327 = EDGE_CURVE('',#7328,#7320,#7330,.T.);
#7328 = VERTEX_POINT('',#7329);
#7329 = CARTESIAN_POINT('',(3.,-0.669802291605,5.458920937615));
#7330 = LINE('',#7331,#7332);
#7331 = CARTESIAN_POINT('',(3.,-0.58511400932,5.458920937615));
#7332 = VECTOR('',#7333,1.);
#7333 = DIRECTION('',(0.,1.,0.));
#7334 = ORIENTED_EDGE('',*,*,#7335,.F.);
#7335 = EDGE_CURVE('',#7336,#7328,#7338,.T.);
#7336 = VERTEX_POINT('',#7337);
#7337 = CARTESIAN_POINT('',(3.,-0.689349740431,5.403293889092));
#7338 = LINE('',#7339,#7340);
#7339 = CARTESIAN_POINT('',(3.,-0.669802291605,5.458920937615));
#7340 = VECTOR('',#7341,1.);
#7341 = DIRECTION('',(0.,0.33152841835,0.943445233083));
#7342 = ORIENTED_EDGE('',*,*,#7343,.F.);
#7343 = EDGE_CURVE('',#7344,#7336,#7346,.T.);
#7344 = VERTEX_POINT('',#7345);
#7345 = CARTESIAN_POINT('',(3.,-0.718358986295,5.403293889092));
#7346 = LINE('',#7347,#7348);
#7347 = CARTESIAN_POINT('',(3.,-0.689349740431,5.403293889092));
#7348 = VECTOR('',#7349,1.);
#7349 = DIRECTION('',(0.,1.,0.));
#7350 = ORIENTED_EDGE('',*,*,#7351,.F.);
#7351 = EDGE_CURVE('',#7352,#7344,#7354,.T.);
#7352 = VERTEX_POINT('',#7353);
#7353 = CARTESIAN_POINT('',(3.,-0.640897021531,5.606670537523));
#7354 = LINE('',#7355,#7356);
#7355 = CARTESIAN_POINT('',(3.,-0.718358986295,5.403293889092));
#7356 = VECTOR('',#7357,1.);
#7357 = DIRECTION('',(-0.,-0.355935724364,-0.934510438744));
#7358 = ORIENTED_EDGE('',*,*,#7359,.F.);
#7359 = EDGE_CURVE('',#7304,#7352,#7360,.T.);
#7360 = LINE('',#7361,#7362);
#7361 = CARTESIAN_POINT('',(3.,-0.640897021531,5.606670537523));
#7362 = VECTOR('',#7363,1.);
#7363 = DIRECTION('',(-0.,-1.,-0.));
#7364 = FACE_BOUND('',#7365,.T.);
#7365 = EDGE_LOOP('',(#7366,#7376,#7384,#7392,#7401,#7409));
#7366 = ORIENTED_EDGE('',*,*,#7367,.T.);
#7367 = EDGE_CURVE('',#7368,#7370,#7372,.T.);
#7368 = VERTEX_POINT('',#7369);
#7369 = CARTESIAN_POINT('',(3.,-0.631071309222,5.566431906162));
#7370 = VERTEX_POINT('',#7371);
#7371 = CARTESIAN_POINT('',(3.,-0.661484228274,5.481899587566));
#7372 = LINE('',#7373,#7374);
#7373 = CARTESIAN_POINT('',(3.,-0.631071309222,5.566431906162));
#7374 = VECTOR('',#7375,1.);
#7375 = DIRECTION('',(0.,-0.338535034314,-0.940953787676));
#7376 = ORIENTED_EDGE('',*,*,#7377,.T.);
#7377 = EDGE_CURVE('',#7370,#7378,#7380,.T.);
#7378 = VERTEX_POINT('',#7379);
#7379 = CARTESIAN_POINT('',(3.,-0.593224121068,5.481899587566));
#7380 = LINE('',#7381,#7382);
#7381 = CARTESIAN_POINT('',(3.,-0.661484228274,5.481899587566));
#7382 = VECTOR('',#7383,1.);
#7383 = DIRECTION('',(0.,1.,0.));
#7384 = ORIENTED_EDGE('',*,*,#7385,.T.);
#7385 = EDGE_CURVE('',#7378,#7386,#7388,.T.);
#7386 = VERTEX_POINT('',#7387);
#7387 = CARTESIAN_POINT('',(3.,-0.623948967495,5.566431906162));
#7388 = LINE('',#7389,#7390);
#7389 = CARTESIAN_POINT('',(3.,-0.593224121068,5.481899587566));
#7390 = VECTOR('',#7391,1.);
#7391 = DIRECTION('',(0.,-0.341603830682,0.939844041777));
#7392 = ORIENTED_EDGE('',*,*,#7393,.T.);
#7393 = EDGE_CURVE('',#7386,#7394,#7396,.T.);
#7394 = VERTEX_POINT('',#7395);
#7395 = CARTESIAN_POINT('',(3.,-0.62712022914,5.580676589616));
#7396 = B_SPLINE_CURVE_WITH_KNOTS('',3,(#7397,#7398,#7399,#7400),
  .UNSPECIFIED.,.F.,.F.,(4,4),(1.,2.),.PIECEWISE_BEZIER_KNOTS.);
#7397 = CARTESIAN_POINT('',(3.,-0.623948967495,5.566431906162));
#7398 = CARTESIAN_POINT('',(3.,-0.624936737515,5.569239252535));
#7399 = CARTESIAN_POINT('',(3.,-0.625976495432,5.573918163159));
#7400 = CARTESIAN_POINT('',(3.,-0.62712022914,5.580676589616));
#7401 = ORIENTED_EDGE('',*,*,#7402,.T.);
#7402 = EDGE_CURVE('',#7394,#7403,#7405,.T.);
#7403 = VERTEX_POINT('',#7404);
#7404 = CARTESIAN_POINT('',(3.,-0.627744083889,5.580676589616));
#7405 = LINE('',#7406,#7407);
#7406 = CARTESIAN_POINT('',(3.,-0.62712022914,5.580676589616));
#7407 = VECTOR('',#7408,1.);
#7408 = DIRECTION('',(0.,-1.,0.));
#7409 = ORIENTED_EDGE('',*,*,#7410,.T.);
#7410 = EDGE_CURVE('',#7403,#7368,#7411,.T.);
#7411 = B_SPLINE_CURVE_WITH_KNOTS('',3,(#7412,#7413,#7414,#7415),
  .UNSPECIFIED.,.F.,.F.,(4,4),(3.,4.),.PIECEWISE_BEZIER_KNOTS.);
#7412 = CARTESIAN_POINT('',(3.,-0.627744083889,5.580676589616));
#7413 = CARTESIAN_POINT('',(3.,-0.62873185391,5.57454201791));
#7414 = CARTESIAN_POINT('',(3.,-0.629823599722,5.569759131494));
#7415 = CARTESIAN_POINT('',(3.,-0.631071309222,5.566431906162));
#7416 = PLANE('',#7417);
#7417 = AXIS2_PLACEMENT_3D('',#7418,#7419,#7420);
#7418 = CARTESIAN_POINT('',(3.,0.,9.999990463257E-02));
#7419 = DIRECTION('',(-1.,0.,0.));
#7420 = DIRECTION('',(0.,0.,1.));
#7421 = ADVANCED_FACE('',(#7422),#7438,.F.);
#7422 = FACE_BOUND('',#7423,.T.);
#7423 = EDGE_LOOP('',(#7424,#7425,#7431,#7432));
#7424 = ORIENTED_EDGE('',*,*,#7301,.T.);
#7425 = ORIENTED_EDGE('',*,*,#7426,.F.);
#7426 = EDGE_CURVE('',#7180,#7304,#7427,.T.);
#7427 = LINE('',#7428,#7429);
#7428 = CARTESIAN_POINT('',(3.001,-0.61282355779,5.606670537523));
#7429 = VECTOR('',#7430,1.);
#7430 = DIRECTION('',(-1.,-0.,-0.));
#7431 = ORIENTED_EDGE('',*,*,#7177,.F.);
#7432 = ORIENTED_EDGE('',*,*,#7433,.T.);
#7433 = EDGE_CURVE('',#7178,#7302,#7434,.T.);
#7434 = LINE('',#7435,#7436);
#7435 = CARTESIAN_POINT('',(3.001,-0.535361593024,5.403293889092));
#7436 = VECTOR('',#7437,1.);
#7437 = DIRECTION('',(-1.,-0.,-0.));
#7438 = PLANE('',#7439);
#7439 = AXIS2_PLACEMENT_3D('',#7440,#7441,#7442);
#7440 = CARTESIAN_POINT('',(3.001,-0.61282355779,5.606670537523));
#7441 = DIRECTION('',(0.,-0.934510438742,-0.35593572437));
#7442 = DIRECTION('',(0.,0.35593572437,-0.934510438742));
#7443 = ADVANCED_FACE('',(#7444),#7455,.F.);
#7444 = FACE_BOUND('',#7445,.T.);
#7445 = EDGE_LOOP('',(#7446,#7447,#7453,#7454));
#7446 = ORIENTED_EDGE('',*,*,#7359,.T.);
#7447 = ORIENTED_EDGE('',*,*,#7448,.F.);
#7448 = EDGE_CURVE('',#7188,#7352,#7449,.T.);
#7449 = LINE('',#7450,#7451);
#7450 = CARTESIAN_POINT('',(3.001,-0.640897021531,5.606670537523));
#7451 = VECTOR('',#7452,1.);
#7452 = DIRECTION('',(-1.,-0.,-0.));
#7453 = ORIENTED_EDGE('',*,*,#7187,.F.);
#7454 = ORIENTED_EDGE('',*,*,#7426,.T.);
#7455 = PLANE('',#7456);
#7456 = AXIS2_PLACEMENT_3D('',#7457,#7458,#7459);
#7457 = CARTESIAN_POINT('',(3.001,-0.640897021531,5.606670537523));
#7458 = DIRECTION('',(0.,0.,-1.));
#7459 = DIRECTION('',(-1.,0.,0.));
#7460 = ADVANCED_FACE('',(#7461),#7472,.F.);
#7461 = FACE_BOUND('',#7462,.T.);
#7462 = EDGE_LOOP('',(#7463,#7464,#7470,#7471));
#7463 = ORIENTED_EDGE('',*,*,#7351,.T.);
#7464 = ORIENTED_EDGE('',*,*,#7465,.F.);
#7465 = EDGE_CURVE('',#7196,#7344,#7466,.T.);
#7466 = LINE('',#7467,#7468);
#7467 = CARTESIAN_POINT('',(3.001,-0.718358986295,5.403293889092));
#7468 = VECTOR('',#7469,1.);
#7469 = DIRECTION('',(-1.,-0.,-0.));
#7470 = ORIENTED_EDGE('',*,*,#7195,.F.);
#7471 = ORIENTED_EDGE('',*,*,#7448,.T.);
#7472 = PLANE('',#7473);
#7473 = AXIS2_PLACEMENT_3D('',#7474,#7475,#7476);
#7474 = CARTESIAN_POINT('',(3.001,-0.718358986295,5.403293889092));
#7475 = DIRECTION('',(0.,0.934510438744,-0.355935724364));
#7476 = DIRECTION('',(0.,0.355935724364,0.934510438744));
#7477 = ADVANCED_FACE('',(#7478),#7489,.F.);
#7478 = FACE_BOUND('',#7479,.T.);
#7479 = EDGE_LOOP('',(#7480,#7481,#7487,#7488));
#7480 = ORIENTED_EDGE('',*,*,#7343,.T.);
#7481 = ORIENTED_EDGE('',*,*,#7482,.F.);
#7482 = EDGE_CURVE('',#7204,#7336,#7483,.T.);
#7483 = LINE('',#7484,#7485);
#7484 = CARTESIAN_POINT('',(3.001,-0.689349740431,5.403293889092));
#7485 = VECTOR('',#7486,1.);
#7486 = DIRECTION('',(-1.,-0.,-0.));
#7487 = ORIENTED_EDGE('',*,*,#7203,.F.);
#7488 = ORIENTED_EDGE('',*,*,#7465,.T.);
#7489 = PLANE('',#7490);
#7490 = AXIS2_PLACEMENT_3D('',#7491,#7492,#7493);
#7491 = CARTESIAN_POINT('',(3.001,-0.689349740431,5.403293889092));
#7492 = DIRECTION('',(0.,0.,1.));
#7493 = DIRECTION('',(1.,0.,-0.));
#7494 = ADVANCED_FACE('',(#7495),#7506,.F.);
#7495 = FACE_BOUND('',#7496,.T.);
#7496 = EDGE_LOOP('',(#7497,#7498,#7504,#7505));
#7497 = ORIENTED_EDGE('',*,*,#7335,.T.);
#7498 = ORIENTED_EDGE('',*,*,#7499,.F.);
#7499 = EDGE_CURVE('',#7212,#7328,#7500,.T.);
#7500 = LINE('',#7501,#7502);
#7501 = CARTESIAN_POINT('',(3.001,-0.669802291605,5.458920937615));
#7502 = VECTOR('',#7503,1.);
#7503 = DIRECTION('',(-1.,-0.,-0.));
#7504 = ORIENTED_EDGE('',*,*,#7211,.F.);
#7505 = ORIENTED_EDGE('',*,*,#7482,.T.);
#7506 = PLANE('',#7507);
#7507 = AXIS2_PLACEMENT_3D('',#7508,#7509,#7510);
#7508 = CARTESIAN_POINT('',(3.001,-0.669802291605,5.458920937615));
#7509 = DIRECTION('',(0.,-0.943445233083,0.33152841835));
#7510 = DIRECTION('',(0.,-0.33152841835,-0.943445233083));
#7511 = ADVANCED_FACE('',(#7512),#7523,.F.);
#7512 = FACE_BOUND('',#7513,.T.);
#7513 = EDGE_LOOP('',(#7514,#7515,#7521,#7522));
#7514 = ORIENTED_EDGE('',*,*,#7327,.T.);
#7515 = ORIENTED_EDGE('',*,*,#7516,.F.);
#7516 = EDGE_CURVE('',#7220,#7320,#7517,.T.);
#7517 = LINE('',#7518,#7519);
#7518 = CARTESIAN_POINT('',(3.001,-0.58511400932,5.458920937615));
#7519 = VECTOR('',#7520,1.);
#7520 = DIRECTION('',(-1.,-0.,-0.));
#7521 = ORIENTED_EDGE('',*,*,#7219,.F.);
#7522 = ORIENTED_EDGE('',*,*,#7499,.T.);
#7523 = PLANE('',#7524);
#7524 = AXIS2_PLACEMENT_3D('',#7525,#7526,#7527);
#7525 = CARTESIAN_POINT('',(3.001,-0.58511400932,5.458920937615));
#7526 = DIRECTION('',(0.,0.,1.));
#7527 = DIRECTION('',(1.,0.,-0.));
#7528 = ADVANCED_FACE('',(#7529),#7540,.F.);
#7529 = FACE_BOUND('',#7530,.T.);
#7530 = EDGE_LOOP('',(#7531,#7532,#7538,#7539));
#7531 = ORIENTED_EDGE('',*,*,#7319,.T.);
#7532 = ORIENTED_EDGE('',*,*,#7533,.F.);
#7533 = EDGE_CURVE('',#7228,#7312,#7534,.T.);
#7534 = LINE('',#7535,#7536);
#7535 = CARTESIAN_POINT('',(3.001,-0.56437083889,5.403293889092));
#7536 = VECTOR('',#7537,1.);
#7537 = DIRECTION('',(-1.,-0.,-0.));
#7538 = ORIENTED_EDGE('',*,*,#7227,.F.);
#7539 = ORIENTED_EDGE('',*,*,#7516,.T.);
#7540 = PLANE('',#7541);
#7541 = AXIS2_PLACEMENT_3D('',#7542,#7543,#7544);
#7542 = CARTESIAN_POINT('',(3.001,-0.56437083889,5.403293889092));
#7543 = DIRECTION('',(0.,0.936975345954,0.349395479469));
#7544 = DIRECTION('',(0.,-0.349395479469,0.936975345954));
#7545 = ADVANCED_FACE('',(#7546),#7552,.F.);
#7546 = FACE_BOUND('',#7547,.T.);
#7547 = EDGE_LOOP('',(#7548,#7549,#7550,#7551));
#7548 = ORIENTED_EDGE('',*,*,#7311,.T.);
#7549 = ORIENTED_EDGE('',*,*,#7433,.F.);
#7550 = ORIENTED_EDGE('',*,*,#7235,.F.);
#7551 = ORIENTED_EDGE('',*,*,#7533,.T.);
#7552 = PLANE('',#7553);
#7553 = AXIS2_PLACEMENT_3D('',#7554,#7555,#7556);
#7554 = CARTESIAN_POINT('',(3.001,-0.535361593024,5.403293889092));
#7555 = DIRECTION('',(0.,0.,1.));
#7556 = DIRECTION('',(1.,0.,-0.));
#7557 = ADVANCED_FACE('',(#7558),#7574,.T.);
#7558 = FACE_BOUND('',#7559,.T.);
#7559 = EDGE_LOOP('',(#7560,#7561,#7567,#7568));
#7560 = ORIENTED_EDGE('',*,*,#7377,.F.);
#7561 = ORIENTED_EDGE('',*,*,#7562,.F.);
#7562 = EDGE_CURVE('',#7244,#7370,#7563,.T.);
#7563 = LINE('',#7564,#7565);
#7564 = CARTESIAN_POINT('',(3.001,-0.661484228274,5.481899587566));
#7565 = VECTOR('',#7566,1.);
#7566 = DIRECTION('',(-1.,-0.,-0.));
#7567 = ORIENTED_EDGE('',*,*,#7243,.T.);
#7568 = ORIENTED_EDGE('',*,*,#7569,.T.);
#7569 = EDGE_CURVE('',#7246,#7378,#7570,.T.);
#7570 = LINE('',#7571,#7572);
#7571 = CARTESIAN_POINT('',(3.001,-0.593224121068,5.481899587566));
#7572 = VECTOR('',#7573,1.);
#7573 = DIRECTION('',(-1.,-0.,-0.));
#7574 = PLANE('',#7575);
#7575 = AXIS2_PLACEMENT_3D('',#7576,#7577,#7578);
#7576 = CARTESIAN_POINT('',(3.001,-0.661484228274,5.481899587566));
#7577 = DIRECTION('',(0.,0.,1.));
#7578 = DIRECTION('',(1.,0.,-0.));
#7579 = ADVANCED_FACE('',(#7580),#7591,.T.);
#7580 = FACE_BOUND('',#7581,.T.);
#7581 = EDGE_LOOP('',(#7582,#7583,#7584,#7585));
#7582 = ORIENTED_EDGE('',*,*,#7385,.F.);
#7583 = ORIENTED_EDGE('',*,*,#7569,.F.);
#7584 = ORIENTED_EDGE('',*,*,#7287,.T.);
#7585 = ORIENTED_EDGE('',*,*,#7586,.T.);
#7586 = EDGE_CURVE('',#7279,#7386,#7587,.T.);
#7587 = LINE('',#7588,#7589);
#7588 = CARTESIAN_POINT('',(3.001,-0.623948967495,5.566431906162));
#7589 = VECTOR('',#7590,1.);
#7590 = DIRECTION('',(-1.,-0.,-0.));
#7591 = PLANE('',#7592);
#7592 = AXIS2_PLACEMENT_3D('',#7593,#7594,#7595);
#7593 = CARTESIAN_POINT('',(3.001,-0.593224121068,5.481899587566));
#7594 = DIRECTION('',(0.,-0.939844041777,-0.341603830682));
#7595 = DIRECTION('',(0.,0.341603830682,-0.939844041777));
#7596 = ADVANCED_FACE('',(#7597),#7608,.T.);
#7597 = FACE_BOUND('',#7598,.T.);
#7598 = EDGE_LOOP('',(#7599,#7600,#7601,#7602));
#7599 = ORIENTED_EDGE('',*,*,#7393,.F.);
#7600 = ORIENTED_EDGE('',*,*,#7586,.F.);
#7601 = ORIENTED_EDGE('',*,*,#7278,.T.);
#7602 = ORIENTED_EDGE('',*,*,#7603,.T.);
#7603 = EDGE_CURVE('',#7271,#7394,#7604,.T.);
#7604 = LINE('',#7605,#7606);
#7605 = CARTESIAN_POINT('',(3.001,-0.62712022914,5.580676589616));
#7606 = VECTOR('',#7607,1.);
#7607 = DIRECTION('',(-1.,-0.,-0.));
#7608 = B_SPLINE_SURFACE_WITH_KNOTS('',3,1,(
    (#7609,#7610)
    ,(#7611,#7612)
    ,(#7613,#7614)
    ,(#7615,#7616
    )),.UNSPECIFIED.,.F.,.F.,.F.,(4,4),(2,2),(1.,2.),(0.,1.),
  .PIECEWISE_BEZIER_KNOTS.);
#7609 = CARTESIAN_POINT('',(3.001,-0.623948967495,5.566431906162));
#7610 = CARTESIAN_POINT('',(3.,-0.623948967495,5.566431906162));
#7611 = CARTESIAN_POINT('',(3.001,-0.624936737515,5.569239252535));
#7612 = CARTESIAN_POINT('',(3.,-0.624936737515,5.569239252535));
#7613 = CARTESIAN_POINT('',(3.001,-0.625976495432,5.573918163159));
#7614 = CARTESIAN_POINT('',(3.,-0.625976495432,5.573918163159));
#7615 = CARTESIAN_POINT('',(3.001,-0.62712022914,5.580676589616));
#7616 = CARTESIAN_POINT('',(3.,-0.62712022914,5.580676589616));
#7617 = ADVANCED_FACE('',(#7618),#7629,.T.);
#7618 = FACE_BOUND('',#7619,.T.);
#7619 = EDGE_LOOP('',(#7620,#7621,#7622,#7623));
#7620 = ORIENTED_EDGE('',*,*,#7402,.F.);
#7621 = ORIENTED_EDGE('',*,*,#7603,.F.);
#7622 = ORIENTED_EDGE('',*,*,#7270,.T.);
#7623 = ORIENTED_EDGE('',*,*,#7624,.T.);
#7624 = EDGE_CURVE('',#7262,#7403,#7625,.T.);
#7625 = LINE('',#7626,#7627);
#7626 = CARTESIAN_POINT('',(3.001,-0.627744083889,5.580676589616));
#7627 = VECTOR('',#7628,1.);
#7628 = DIRECTION('',(-1.,-0.,-0.));
#7629 = PLANE('',#7630);
#7630 = AXIS2_PLACEMENT_3D('',#7631,#7632,#7633);
#7631 = CARTESIAN_POINT('',(3.001,-0.62712022914,5.580676589616));
#7632 = DIRECTION('',(0.,0.,-1.));
#7633 = DIRECTION('',(-1.,0.,0.));
#7634 = ADVANCED_FACE('',(#7635),#7646,.T.);
#7635 = FACE_BOUND('',#7636,.T.);
#7636 = EDGE_LOOP('',(#7637,#7638,#7639,#7640));
#7637 = ORIENTED_EDGE('',*,*,#7410,.F.);
#7638 = ORIENTED_EDGE('',*,*,#7624,.F.);
#7639 = ORIENTED_EDGE('',*,*,#7261,.T.);
#7640 = ORIENTED_EDGE('',*,*,#7641,.T.);
#7641 = EDGE_CURVE('',#7254,#7368,#7642,.T.);
#7642 = LINE('',#7643,#7644);
#7643 = CARTESIAN_POINT('',(3.001,-0.631071309222,5.566431906162));
#7644 = VECTOR('',#7645,1.);
#7645 = DIRECTION('',(-1.,-0.,-0.));
#7646 = B_SPLINE_SURFACE_WITH_KNOTS('',3,1,(
    (#7647,#7648)
    ,(#7649,#7650)
    ,(#7651,#7652)
    ,(#7653,#7654
    )),.UNSPECIFIED.,.F.,.F.,.F.,(4,4),(2,2),(3.,4.),(0.,1.),
  .PIECEWISE_BEZIER_KNOTS.);
#7647 = CARTESIAN_POINT('',(3.001,-0.627744083889,5.580676589616));
#7648 = CARTESIAN_POINT('',(3.,-0.627744083889,5.580676589616));
#7649 = CARTESIAN_POINT('',(3.001,-0.62873185391,5.57454201791));
#7650 = CARTESIAN_POINT('',(3.,-0.62873185391,5.57454201791));
#7651 = CARTESIAN_POINT('',(3.001,-0.629823599722,5.569759131494));
#7652 = CARTESIAN_POINT('',(3.,-0.629823599722,5.569759131494));
#7653 = CARTESIAN_POINT('',(3.001,-0.631071309222,5.566431906162));
#7654 = CARTESIAN_POINT('',(3.,-0.631071309222,5.566431906162));
#7655 = ADVANCED_FACE('',(#7656),#7662,.T.);
#7656 = FACE_BOUND('',#7657,.T.);
#7657 = EDGE_LOOP('',(#7658,#7659,#7660,#7661));
#7658 = ORIENTED_EDGE('',*,*,#7367,.F.);
#7659 = ORIENTED_EDGE('',*,*,#7641,.F.);
#7660 = ORIENTED_EDGE('',*,*,#7253,.T.);
#7661 = ORIENTED_EDGE('',*,*,#7562,.T.);
#7662 = PLANE('',#7663);
#7663 = AXIS2_PLACEMENT_3D('',#7664,#7665,#7666);
#7664 = CARTESIAN_POINT('',(3.001,-0.631071309222,5.566431906162));
#7665 = DIRECTION('',(0.,0.940953787676,-0.338535034314));
#7666 = DIRECTION('',(0.,0.338535034314,0.940953787676));
#7667 = ( GEOMETRIC_REPRESENTATION_CONTEXT(3) 
GLOBAL_UNCERTAINTY_ASSIGNED_CONTEXT((#7671)) 
GLOBAL_UNIT_ASSIGNED_CONTEXT((#7668,#7669,#7670)) REPRESENTATION_CONTEXT
('Context #1','3D Context with UNIT and UNCERTAINTY') );
#7668 = ( LENGTH_UNIT() NAMED_UNIT(*) SI_UNIT(.MILLI.,.METRE.) );
#7669 = ( NAMED_UNIT(*) PLANE_ANGLE_UNIT() SI_UNIT($,.RADIAN.) );
#7670 = ( NAMED_UNIT(*) SI_UNIT($,.STERADIAN.) SOLID_ANGLE_UNIT() );
#7671 = UNCERTAINTY_MEASURE_WITH_UNIT(LENGTH_MEASURE(1.E-07),#7668,
  'distance_accuracy_value','confusion accuracy');
#7672 = CONTEXT_DEPENDENT_SHAPE_REPRESENTATION(#7673,#7675);
#7673 = ( REPRESENTATION_RELATIONSHIP('','',#7170,#55) 
REPRESENTATION_RELATIONSHIP_WITH_TRANSFORMATION(#7674) 
SHAPE_REPRESENTATION_RELATIONSHIP() );
#7674 = ITEM_DEFINED_TRANSFORMATION('','',#11,#76);
#7675 = PRODUCT_DEFINITION_SHAPE('Placement','Placement of an item',
  #7676);
#7676 = NEXT_ASSEMBLY_USAGE_OCCURRENCE('6',
  'CONN-SMD_T31000~CONN-SMD_T31000~AJBg005','',#50,#7165,$);
#7677 = PRODUCT_RELATED_PRODUCT_CATEGORY('part',$,(#7167));
#7678 = SHAPE_DEFINITION_REPRESENTATION(#7679,#7685);
#7679 = PRODUCT_DEFINITION_SHAPE('','',#7680);
#7680 = PRODUCT_DEFINITION('design','',#7681,#7684);
#7681 = PRODUCT_DEFINITION_FORMATION('','',#7682);
#7682 = PRODUCT('CONN-SMD_T31000~CONN-SMD_T31000~AJBg006',
  'CONN-SMD_T31000~CONN-SMD_T31000~AJBg006','',(#7683));
#7683 = PRODUCT_CONTEXT('',#2,'mechanical');
#7684 = PRODUCT_DEFINITION_CONTEXT('part definition',#2,'design');
#7685 = ADVANCED_BREP_SHAPE_REPRESENTATION('',(#11,#7686),#8100);
#7686 = MANIFOLD_SOLID_BREP('',#7687);
#7687 = CLOSED_SHELL('',(#7688,#7728,#7759,#7790,#7821,#7852,#7883,#7914
    ,#7945,#7976,#8007,#8038,#8060,#8080));
#7688 = ADVANCED_FACE('',(#7689),#7723,.F.);
#7689 = FACE_BOUND('',#7690,.T.);
#7690 = EDGE_LOOP('',(#7691,#7701,#7709,#7717));
#7691 = ORIENTED_EDGE('',*,*,#7692,.T.);
#7692 = EDGE_CURVE('',#7693,#7695,#7697,.T.);
#7693 = VERTEX_POINT('',#7694);
#7694 = CARTESIAN_POINT('',(3.,-1.242189024537,5.080657007659));
#7695 = VERTEX_POINT('',#7696);
#7696 = CARTESIAN_POINT('',(3.,-1.242189024537,5.103843609193));
#7697 = LINE('',#7698,#7699);
#7698 = CARTESIAN_POINT('',(3.,-1.242189024537,5.103843609193));
#7699 = VECTOR('',#7700,1.);
#7700 = DIRECTION('',(0.,0.,1.));
#7701 = ORIENTED_EDGE('',*,*,#7702,.F.);
#7702 = EDGE_CURVE('',#7703,#7695,#7705,.T.);
#7703 = VERTEX_POINT('',#7704);
#7704 = CARTESIAN_POINT('',(3.001,-1.242189024537,5.103843609193));
#7705 = LINE('',#7706,#7707);
#7706 = CARTESIAN_POINT('',(3.001,-1.242189024537,5.103843609193));
#7707 = VECTOR('',#7708,1.);
#7708 = DIRECTION('',(-1.,-0.,-0.));
#7709 = ORIENTED_EDGE('',*,*,#7710,.F.);
#7710 = EDGE_CURVE('',#7711,#7703,#7713,.T.);
#7711 = VERTEX_POINT('',#7712);
#7712 = CARTESIAN_POINT('',(3.001,-1.242189024537,5.080657007659));
#7713 = LINE('',#7714,#7715);
#7714 = CARTESIAN_POINT('',(3.001,-1.242189024537,5.103843609193));
#7715 = VECTOR('',#7716,1.);
#7716 = DIRECTION('',(0.,0.,1.));
#7717 = ORIENTED_EDGE('',*,*,#7718,.T.);
#7718 = EDGE_CURVE('',#7711,#7693,#7719,.T.);
#7719 = LINE('',#7720,#7721);
#7720 = CARTESIAN_POINT('',(3.001,-1.242189024537,5.080657007659));
#7721 = VECTOR('',#7722,1.);
#7722 = DIRECTION('',(-1.,-0.,-0.));
#7723 = PLANE('',#7724);
#7724 = AXIS2_PLACEMENT_3D('',#7725,#7726,#7727);
#7725 = CARTESIAN_POINT('',(3.001,-1.242189024537,5.103843609193));
#7726 = DIRECTION('',(0.,-1.,0.));
#7727 = DIRECTION('',(0.,0.,-1.));
#7728 = ADVANCED_FACE('',(#7729),#7754,.F.);
#7729 = FACE_BOUND('',#7730,.T.);
#7730 = EDGE_LOOP('',(#7731,#7739,#7747,#7753));
#7731 = ORIENTED_EDGE('',*,*,#7732,.T.);
#7732 = EDGE_CURVE('',#7695,#7733,#7735,.T.);
#7733 = VERTEX_POINT('',#7734);
#7734 = CARTESIAN_POINT('',(3.,-1.325317669947,5.103843609193));
#7735 = LINE('',#7736,#7737);
#7736 = CARTESIAN_POINT('',(3.,-1.325317669947,5.103843609193));
#7737 = VECTOR('',#7738,1.);
#7738 = DIRECTION('',(-0.,-1.,-0.));
#7739 = ORIENTED_EDGE('',*,*,#7740,.F.);
#7740 = EDGE_CURVE('',#7741,#7733,#7743,.T.);
#7741 = VERTEX_POINT('',#7742);
#7742 = CARTESIAN_POINT('',(3.001,-1.325317669947,5.103843609193));
#7743 = LINE('',#7744,#7745);
#7744 = CARTESIAN_POINT('',(3.001,-1.325317669947,5.103843609193));
#7745 = VECTOR('',#7746,1.);
#7746 = DIRECTION('',(-1.,-0.,-0.));
#7747 = ORIENTED_EDGE('',*,*,#7748,.F.);
#7748 = EDGE_CURVE('',#7703,#7741,#7749,.T.);
#7749 = LINE('',#7750,#7751);
#7750 = CARTESIAN_POINT('',(3.001,-1.325317669947,5.103843609193));
#7751 = VECTOR('',#7752,1.);
#7752 = DIRECTION('',(-0.,-1.,-0.));
#7753 = ORIENTED_EDGE('',*,*,#7702,.T.);
#7754 = PLANE('',#7755);
#7755 = AXIS2_PLACEMENT_3D('',#7756,#7757,#7758);
#7756 = CARTESIAN_POINT('',(3.001,-1.325317669947,5.103843609193));
#7757 = DIRECTION('',(0.,0.,-1.));
#7758 = DIRECTION('',(-1.,0.,0.));
#7759 = ADVANCED_FACE('',(#7760),#7785,.F.);
#7760 = FACE_BOUND('',#7761,.T.);
#7761 = EDGE_LOOP('',(#7762,#7770,#7778,#7784));
#7762 = ORIENTED_EDGE('',*,*,#7763,.T.);
#7763 = EDGE_CURVE('',#7733,#7764,#7766,.T.);
#7764 = VERTEX_POINT('',#7765);
#7765 = CARTESIAN_POINT('',(3.,-1.325317669947,5.172259680086));
#7766 = LINE('',#7767,#7768);
#7767 = CARTESIAN_POINT('',(3.,-1.325317669947,5.172259680086));
#7768 = VECTOR('',#7769,1.);
#7769 = DIRECTION('',(0.,-3.169437117125E-15,1.));
#7770 = ORIENTED_EDGE('',*,*,#7771,.F.);
#7771 = EDGE_CURVE('',#7772,#7764,#7774,.T.);
#7772 = VERTEX_POINT('',#7773);
#7773 = CARTESIAN_POINT('',(3.001,-1.325317669947,5.172259680086));
#7774 = LINE('',#7775,#7776);
#7775 = CARTESIAN_POINT('',(3.001,-1.325317669947,5.172259680086));
#7776 = VECTOR('',#7777,1.);
#7777 = DIRECTION('',(-1.,-0.,-0.));
#7778 = ORIENTED_EDGE('',*,*,#7779,.F.);
#7779 = EDGE_CURVE('',#7741,#7772,#7780,.T.);
#7780 = LINE('',#7781,#7782);
#7781 = CARTESIAN_POINT('',(3.001,-1.325317669947,5.172259680086));
#7782 = VECTOR('',#7783,1.);
#7783 = DIRECTION('',(0.,-3.169437117125E-15,1.));
#7784 = ORIENTED_EDGE('',*,*,#7740,.T.);
#7785 = PLANE('',#7786);
#7786 = AXIS2_PLACEMENT_3D('',#7787,#7788,#7789);
#7787 = CARTESIAN_POINT('',(3.001,-1.325317669947,5.172259680086));
#7788 = DIRECTION('',(0.,-1.,-3.169437117125E-15));
#7789 = DIRECTION('',(0.,3.169437117125E-15,-1.));
#7790 = ADVANCED_FACE('',(#7791),#7816,.F.);
#7791 = FACE_BOUND('',#7792,.T.);
#7792 = EDGE_LOOP('',(#7793,#7801,#7809,#7815));
#7793 = ORIENTED_EDGE('',*,*,#7794,.T.);
#7794 = EDGE_CURVE('',#7764,#7795,#7797,.T.);
#7795 = VERTEX_POINT('',#7796);
#7796 = CARTESIAN_POINT('',(3.,-1.2525866037,5.172259680086));
#7797 = LINE('',#7798,#7799);
#7798 = CARTESIAN_POINT('',(3.,-1.2525866037,5.172259680086));
#7799 = VECTOR('',#7800,1.);
#7800 = DIRECTION('',(0.,1.,1.192560184732E-14));
#7801 = ORIENTED_EDGE('',*,*,#7802,.F.);
#7802 = EDGE_CURVE('',#7803,#7795,#7805,.T.);
#7803 = VERTEX_POINT('',#7804);
#7804 = CARTESIAN_POINT('',(3.001,-1.2525866037,5.172259680086));
#7805 = LINE('',#7806,#7807);
#7806 = CARTESIAN_POINT('',(3.001,-1.2525866037,5.172259680086));
#7807 = VECTOR('',#7808,1.);
#7808 = DIRECTION('',(-1.,-0.,-0.));
#7809 = ORIENTED_EDGE('',*,*,#7810,.F.);
#7810 = EDGE_CURVE('',#7772,#7803,#7811,.T.);
#7811 = LINE('',#7812,#7813);
#7812 = CARTESIAN_POINT('',(3.001,-1.2525866037,5.172259680086));
#7813 = VECTOR('',#7814,1.);
#7814 = DIRECTION('',(0.,1.,1.192560184732E-14));
#7815 = ORIENTED_EDGE('',*,*,#7771,.T.);
#7816 = PLANE('',#7817);
#7817 = AXIS2_PLACEMENT_3D('',#7818,#7819,#7820);
#7818 = CARTESIAN_POINT('',(3.001,-1.2525866037,5.172259680086));
#7819 = DIRECTION('',(0.,-1.192560184732E-14,1.));
#7820 = DIRECTION('',(0.,-1.,-1.192560184732E-14));
#7821 = ADVANCED_FACE('',(#7822),#7847,.F.);
#7822 = FACE_BOUND('',#7823,.T.);
#7823 = EDGE_LOOP('',(#7824,#7832,#7840,#7846));
#7824 = ORIENTED_EDGE('',*,*,#7825,.T.);
#7825 = EDGE_CURVE('',#7795,#7826,#7828,.T.);
#7826 = VERTEX_POINT('',#7827);
#7827 = CARTESIAN_POINT('',(3.,-1.2525866037,5.195550257411));
#7828 = LINE('',#7829,#7830);
#7829 = CARTESIAN_POINT('',(3.,-1.2525866037,5.195550257411));
#7830 = VECTOR('',#7831,1.);
#7831 = DIRECTION('',(0.,-9.310221531588E-15,1.));
#7832 = ORIENTED_EDGE('',*,*,#7833,.F.);
#7833 = EDGE_CURVE('',#7834,#7826,#7836,.T.);
#7834 = VERTEX_POINT('',#7835);
#7835 = CARTESIAN_POINT('',(3.001,-1.2525866037,5.195550257411));
#7836 = LINE('',#7837,#7838);
#7837 = CARTESIAN_POINT('',(3.001,-1.2525866037,5.195550257411));
#7838 = VECTOR('',#7839,1.);
#7839 = DIRECTION('',(-1.,-0.,-0.));
#7840 = ORIENTED_EDGE('',*,*,#7841,.F.);
#7841 = EDGE_CURVE('',#7803,#7834,#7842,.T.);
#7842 = LINE('',#7843,#7844);
#7843 = CARTESIAN_POINT('',(3.001,-1.2525866037,5.195550257411));
#7844 = VECTOR('',#7845,1.);
#7845 = DIRECTION('',(0.,-9.310221531588E-15,1.));
#7846 = ORIENTED_EDGE('',*,*,#7802,.T.);
#7847 = PLANE('',#7848);
#7848 = AXIS2_PLACEMENT_3D('',#7849,#7850,#7851);
#7849 = CARTESIAN_POINT('',(3.001,-1.2525866037,5.195550257411));
#7850 = DIRECTION('',(0.,-1.,-9.310221531588E-15));
#7851 = DIRECTION('',(0.,9.310221531588E-15,-1.));
#7852 = ADVANCED_FACE('',(#7853),#7878,.F.);
#7853 = FACE_BOUND('',#7854,.T.);
#7854 = EDGE_LOOP('',(#7855,#7863,#7871,#7877));
#7855 = ORIENTED_EDGE('',*,*,#7856,.T.);
#7856 = EDGE_CURVE('',#7826,#7857,#7859,.T.);
#7857 = VERTEX_POINT('',#7858);
#7858 = CARTESIAN_POINT('',(3.,-1.325317669947,5.195550257411));
#7859 = LINE('',#7860,#7861);
#7860 = CARTESIAN_POINT('',(3.,-1.325317669947,5.195550257411));
#7861 = VECTOR('',#7862,1.);
#7862 = DIRECTION('',(-0.,-1.,-0.));
#7863 = ORIENTED_EDGE('',*,*,#7864,.F.);
#7864 = EDGE_CURVE('',#7865,#7857,#7867,.T.);
#7865 = VERTEX_POINT('',#7866);
#7866 = CARTESIAN_POINT('',(3.001,-1.325317669947,5.195550257411));
#7867 = LINE('',#7868,#7869);
#7868 = CARTESIAN_POINT('',(3.001,-1.325317669947,5.195550257411));
#7869 = VECTOR('',#7870,1.);
#7870 = DIRECTION('',(-1.,-0.,-0.));
#7871 = ORIENTED_EDGE('',*,*,#7872,.F.);
#7872 = EDGE_CURVE('',#7834,#7865,#7873,.T.);
#7873 = LINE('',#7874,#7875);
#7874 = CARTESIAN_POINT('',(3.001,-1.325317669947,5.195550257411));
#7875 = VECTOR('',#7876,1.);
#7876 = DIRECTION('',(-0.,-1.,-0.));
#7877 = ORIENTED_EDGE('',*,*,#7833,.T.);
#7878 = PLANE('',#7879);
#7879 = AXIS2_PLACEMENT_3D('',#7880,#7881,#7882);
#7880 = CARTESIAN_POINT('',(3.001,-1.325317669947,5.195550257411));
#7881 = DIRECTION('',(0.,0.,-1.));
#7882 = DIRECTION('',(-1.,0.,0.));
#7883 = ADVANCED_FACE('',(#7884),#7909,.F.);
#7884 = FACE_BOUND('',#7885,.T.);
#7885 = EDGE_LOOP('',(#7886,#7894,#7902,#7908));
#7886 = ORIENTED_EDGE('',*,*,#7887,.T.);
#7887 = EDGE_CURVE('',#7857,#7888,#7890,.T.);
#7888 = VERTEX_POINT('',#7889);
#7889 = CARTESIAN_POINT('',(3.,-1.325317669947,5.260639102974));
#7890 = LINE('',#7891,#7892);
#7891 = CARTESIAN_POINT('',(3.,-1.325317669947,5.260639102974));
#7892 = VECTOR('',#7893,1.);
#7893 = DIRECTION('',(0.,-3.331453071942E-15,1.));
#7894 = ORIENTED_EDGE('',*,*,#7895,.F.);
#7895 = EDGE_CURVE('',#7896,#7888,#7898,.T.);
#7896 = VERTEX_POINT('',#7897);
#7897 = CARTESIAN_POINT('',(3.001,-1.325317669947,5.260639102974));
#7898 = LINE('',#7899,#7900);
#7899 = CARTESIAN_POINT('',(3.001,-1.325317669947,5.260639102974));
#7900 = VECTOR('',#7901,1.);
#7901 = DIRECTION('',(-1.,-0.,-0.));
#7902 = ORIENTED_EDGE('',*,*,#7903,.F.);
#7903 = EDGE_CURVE('',#7865,#7896,#7904,.T.);
#7904 = LINE('',#7905,#7906);
#7905 = CARTESIAN_POINT('',(3.001,-1.325317669947,5.260639102974));
#7906 = VECTOR('',#7907,1.);
#7907 = DIRECTION('',(0.,-3.331453071942E-15,1.));
#7908 = ORIENTED_EDGE('',*,*,#7864,.T.);
#7909 = PLANE('',#7910);
#7910 = AXIS2_PLACEMENT_3D('',#7911,#7912,#7913);
#7911 = CARTESIAN_POINT('',(3.001,-1.325317669947,5.260639102974));
#7912 = DIRECTION('',(0.,-1.,-3.331453071942E-15));
#7913 = DIRECTION('',(0.,3.331453071942E-15,-1.));
#7914 = ADVANCED_FACE('',(#7915),#7940,.F.);
#7915 = FACE_BOUND('',#7916,.T.);
#7916 = EDGE_LOOP('',(#7917,#7925,#7933,#7939));
#7917 = ORIENTED_EDGE('',*,*,#7918,.T.);
#7918 = EDGE_CURVE('',#7888,#7919,#7921,.T.);
#7919 = VERTEX_POINT('',#7920);
#7920 = CARTESIAN_POINT('',(3.,-1.246815947265,5.260639102974));
#7921 = LINE('',#7922,#7923);
#7922 = CARTESIAN_POINT('',(3.,-1.246815947265,5.260639102974));
#7923 = VECTOR('',#7924,1.);
#7924 = DIRECTION('',(0.,1.,0.));
#7925 = ORIENTED_EDGE('',*,*,#7926,.F.);
#7926 = EDGE_CURVE('',#7927,#7919,#7929,.T.);
#7927 = VERTEX_POINT('',#7928);
#7928 = CARTESIAN_POINT('',(3.001,-1.246815947265,5.260639102974));
#7929 = LINE('',#7930,#7931);
#7930 = CARTESIAN_POINT('',(3.001,-1.246815947265,5.260639102974));
#7931 = VECTOR('',#7932,1.);
#7932 = DIRECTION('',(-1.,-0.,-0.));
#7933 = ORIENTED_EDGE('',*,*,#7934,.F.);
#7934 = EDGE_CURVE('',#7896,#7927,#7935,.T.);
#7935 = LINE('',#7936,#7937);
#7936 = CARTESIAN_POINT('',(3.001,-1.246815947265,5.260639102974));
#7937 = VECTOR('',#7938,1.);
#7938 = DIRECTION('',(0.,1.,0.));
#7939 = ORIENTED_EDGE('',*,*,#7895,.T.);
#7940 = PLANE('',#7941);
#7941 = AXIS2_PLACEMENT_3D('',#7942,#7943,#7944);
#7942 = CARTESIAN_POINT('',(3.001,-1.246815947265,5.260639102974));
#7943 = DIRECTION('',(0.,0.,1.));
#7944 = DIRECTION('',(1.,0.,-0.));
#7945 = ADVANCED_FACE('',(#7946),#7971,.F.);
#7946 = FACE_BOUND('',#7947,.T.);
#7947 = EDGE_LOOP('',(#7948,#7956,#7964,#7970));
#7948 = ORIENTED_EDGE('',*,*,#7949,.T.);
#7949 = EDGE_CURVE('',#7919,#7950,#7952,.T.);
#7950 = VERTEX_POINT('',#7951);
#7951 = CARTESIAN_POINT('',(3.,-1.246815947265,5.28403365609));
#7952 = LINE('',#7953,#7954);
#7953 = CARTESIAN_POINT('',(3.,-1.246815947265,5.28403365609));
#7954 = VECTOR('',#7955,1.);
#7955 = DIRECTION('',(0.,0.,1.));
#7956 = ORIENTED_EDGE('',*,*,#7957,.F.);
#7957 = EDGE_CURVE('',#7958,#7950,#7960,.T.);
#7958 = VERTEX_POINT('',#7959);
#7959 = CARTESIAN_POINT('',(3.001,-1.246815947265,5.28403365609));
#7960 = LINE('',#7961,#7962);
#7961 = CARTESIAN_POINT('',(3.001,-1.246815947265,5.28403365609));
#7962 = VECTOR('',#7963,1.);
#7963 = DIRECTION('',(-1.,-0.,-0.));
#7964 = ORIENTED_EDGE('',*,*,#7965,.F.);
#7965 = EDGE_CURVE('',#7927,#7958,#7966,.T.);
#7966 = LINE('',#7967,#7968);
#7967 = CARTESIAN_POINT('',(3.001,-1.246815947265,5.28403365609));
#7968 = VECTOR('',#7969,1.);
#7969 = DIRECTION('',(0.,0.,1.));
#7970 = ORIENTED_EDGE('',*,*,#7926,.T.);
#7971 = PLANE('',#7972);
#7972 = AXIS2_PLACEMENT_3D('',#7973,#7974,#7975);
#7973 = CARTESIAN_POINT('',(3.001,-1.246815947265,5.28403365609));
#7974 = DIRECTION('',(0.,-1.,0.));
#7975 = DIRECTION('',(0.,0.,-1.));
#7976 = ADVANCED_FACE('',(#7977),#8002,.F.);
#7977 = FACE_BOUND('',#7978,.T.);
#7978 = EDGE_LOOP('',(#7979,#7987,#7995,#8001));
#7979 = ORIENTED_EDGE('',*,*,#7980,.T.);
#7980 = EDGE_CURVE('',#7950,#7981,#7983,.T.);
#7981 = VERTEX_POINT('',#7982);
#7982 = CARTESIAN_POINT('',(3.,-1.351571557334,5.28403365609));
#7983 = LINE('',#7984,#7985);
#7984 = CARTESIAN_POINT('',(3.,-1.351571557334,5.28403365609));
#7985 = VECTOR('',#7986,1.);
#7986 = DIRECTION('',(-0.,-1.,-0.));
#7987 = ORIENTED_EDGE('',*,*,#7988,.F.);
#7988 = EDGE_CURVE('',#7989,#7981,#7991,.T.);
#7989 = VERTEX_POINT('',#7990);
#7990 = CARTESIAN_POINT('',(3.001,-1.351571557334,5.28403365609));
#7991 = LINE('',#7992,#7993);
#7992 = CARTESIAN_POINT('',(3.001,-1.351571557334,5.28403365609));
#7993 = VECTOR('',#7994,1.);
#7994 = DIRECTION('',(-1.,-0.,-0.));
#7995 = ORIENTED_EDGE('',*,*,#7996,.F.);
#7996 = EDGE_CURVE('',#7958,#7989,#7997,.T.);
#7997 = LINE('',#7998,#7999);
#7998 = CARTESIAN_POINT('',(3.001,-1.351571557334,5.28403365609));
#7999 = VECTOR('',#8000,1.);
#8000 = DIRECTION('',(-0.,-1.,-0.));
#8001 = ORIENTED_EDGE('',*,*,#7957,.T.);
#8002 = PLANE('',#8003);
#8003 = AXIS2_PLACEMENT_3D('',#8004,#8005,#8006);
#8004 = CARTESIAN_POINT('',(3.001,-1.351571557334,5.28403365609));
#8005 = DIRECTION('',(0.,0.,-1.));
#8006 = DIRECTION('',(-1.,0.,0.));
#8007 = ADVANCED_FACE('',(#8008),#8033,.F.);
#8008 = FACE_BOUND('',#8009,.T.);
#8009 = EDGE_LOOP('',(#8010,#8018,#8026,#8032));
#8010 = ORIENTED_EDGE('',*,*,#8011,.T.);
#8011 = EDGE_CURVE('',#7981,#8012,#8014,.T.);
#8012 = VERTEX_POINT('',#8013);
#8013 = CARTESIAN_POINT('',(3.,-1.351571557334,5.080657007659));
#8014 = LINE('',#8015,#8016);
#8015 = CARTESIAN_POINT('',(3.,-1.351571557334,5.080657007659));
#8016 = VECTOR('',#8017,1.);
#8017 = DIRECTION('',(0.,3.19860371635E-15,-1.));
#8018 = ORIENTED_EDGE('',*,*,#8019,.F.);
#8019 = EDGE_CURVE('',#8020,#8012,#8022,.T.);
#8020 = VERTEX_POINT('',#8021);
#8021 = CARTESIAN_POINT('',(3.001,-1.351571557334,5.080657007659));
#8022 = LINE('',#8023,#8024);
#8023 = CARTESIAN_POINT('',(3.001,-1.351571557334,5.080657007659));
#8024 = VECTOR('',#8025,1.);
#8025 = DIRECTION('',(-1.,-0.,-0.));
#8026 = ORIENTED_EDGE('',*,*,#8027,.F.);
#8027 = EDGE_CURVE('',#7989,#8020,#8028,.T.);
#8028 = LINE('',#8029,#8030);
#8029 = CARTESIAN_POINT('',(3.001,-1.351571557334,5.080657007659));
#8030 = VECTOR('',#8031,1.);
#8031 = DIRECTION('',(0.,3.19860371635E-15,-1.));
#8032 = ORIENTED_EDGE('',*,*,#7988,.T.);
#8033 = PLANE('',#8034);
#8034 = AXIS2_PLACEMENT_3D('',#8035,#8036,#8037);
#8035 = CARTESIAN_POINT('',(3.001,-1.351571557334,5.080657007659));
#8036 = DIRECTION('',(0.,1.,3.19860371635E-15));
#8037 = DIRECTION('',(0.,-3.19860371635E-15,1.));
#8038 = ADVANCED_FACE('',(#8039),#8055,.F.);
#8039 = FACE_BOUND('',#8040,.T.);
#8040 = EDGE_LOOP('',(#8041,#8047,#8048,#8054));
#8041 = ORIENTED_EDGE('',*,*,#8042,.T.);
#8042 = EDGE_CURVE('',#8012,#7693,#8043,.T.);
#8043 = LINE('',#8044,#8045);
#8044 = CARTESIAN_POINT('',(3.,-1.242189024537,5.080657007659));
#8045 = VECTOR('',#8046,1.);
#8046 = DIRECTION('',(0.,1.,7.929618338614E-15));
#8047 = ORIENTED_EDGE('',*,*,#7718,.F.);
#8048 = ORIENTED_EDGE('',*,*,#8049,.F.);
#8049 = EDGE_CURVE('',#8020,#7711,#8050,.T.);
#8050 = LINE('',#8051,#8052);
#8051 = CARTESIAN_POINT('',(3.001,-1.242189024537,5.080657007659));
#8052 = VECTOR('',#8053,1.);
#8053 = DIRECTION('',(0.,1.,7.929618338614E-15));
#8054 = ORIENTED_EDGE('',*,*,#8019,.T.);
#8055 = PLANE('',#8056);
#8056 = AXIS2_PLACEMENT_3D('',#8057,#8058,#8059);
#8057 = CARTESIAN_POINT('',(3.001,-1.242189024537,5.080657007659));
#8058 = DIRECTION('',(0.,-7.929618338614E-15,1.));
#8059 = DIRECTION('',(0.,-1.,-7.929618338614E-15));
#8060 = ADVANCED_FACE('',(#8061),#8075,.F.);
#8061 = FACE_BOUND('',#8062,.T.);
#8062 = EDGE_LOOP('',(#8063,#8064,#8065,#8066,#8067,#8068,#8069,#8070,
    #8071,#8072,#8073,#8074));
#8063 = ORIENTED_EDGE('',*,*,#7710,.T.);
#8064 = ORIENTED_EDGE('',*,*,#7748,.T.);
#8065 = ORIENTED_EDGE('',*,*,#7779,.T.);
#8066 = ORIENTED_EDGE('',*,*,#7810,.T.);
#8067 = ORIENTED_EDGE('',*,*,#7841,.T.);
#8068 = ORIENTED_EDGE('',*,*,#7872,.T.);
#8069 = ORIENTED_EDGE('',*,*,#7903,.T.);
#8070 = ORIENTED_EDGE('',*,*,#7934,.T.);
#8071 = ORIENTED_EDGE('',*,*,#7965,.T.);
#8072 = ORIENTED_EDGE('',*,*,#7996,.T.);
#8073 = ORIENTED_EDGE('',*,*,#8027,.T.);
#8074 = ORIENTED_EDGE('',*,*,#8049,.T.);
#8075 = PLANE('',#8076);
#8076 = AXIS2_PLACEMENT_3D('',#8077,#8078,#8079);
#8077 = CARTESIAN_POINT('',(3.001,0.,9.999990463257E-02));
#8078 = DIRECTION('',(-1.,0.,0.));
#8079 = DIRECTION('',(0.,0.,1.));
#8080 = ADVANCED_FACE('',(#8081),#8095,.T.);
#8081 = FACE_BOUND('',#8082,.T.);
#8082 = EDGE_LOOP('',(#8083,#8084,#8085,#8086,#8087,#8088,#8089,#8090,
    #8091,#8092,#8093,#8094));
#8083 = ORIENTED_EDGE('',*,*,#7692,.F.);
#8084 = ORIENTED_EDGE('',*,*,#8042,.F.);
#8085 = ORIENTED_EDGE('',*,*,#8011,.F.);
#8086 = ORIENTED_EDGE('',*,*,#7980,.F.);
#8087 = ORIENTED_EDGE('',*,*,#7949,.F.);
#8088 = ORIENTED_EDGE('',*,*,#7918,.F.);
#8089 = ORIENTED_EDGE('',*,*,#7887,.F.);
#8090 = ORIENTED_EDGE('',*,*,#7856,.F.);
#8091 = ORIENTED_EDGE('',*,*,#7825,.F.);
#8092 = ORIENTED_EDGE('',*,*,#7794,.F.);
#8093 = ORIENTED_EDGE('',*,*,#7763,.F.);
#8094 = ORIENTED_EDGE('',*,*,#7732,.F.);
#8095 = PLANE('',#8096);
#8096 = AXIS2_PLACEMENT_3D('',#8097,#8098,#8099);
#8097 = CARTESIAN_POINT('',(3.,0.,9.999990463257E-02));
#8098 = DIRECTION('',(-1.,0.,0.));
#8099 = DIRECTION('',(0.,0.,1.));
#8100 = ( GEOMETRIC_REPRESENTATION_CONTEXT(3) 
GLOBAL_UNCERTAINTY_ASSIGNED_CONTEXT((#8104)) 
GLOBAL_UNIT_ASSIGNED_CONTEXT((#8101,#8102,#8103)) REPRESENTATION_CONTEXT
('Context #1','3D Context with UNIT and UNCERTAINTY') );
#8101 = ( LENGTH_UNIT() NAMED_UNIT(*) SI_UNIT(.MILLI.,.METRE.) );
#8102 = ( NAMED_UNIT(*) PLANE_ANGLE_UNIT() SI_UNIT($,.RADIAN.) );
#8103 = ( NAMED_UNIT(*) SI_UNIT($,.STERADIAN.) SOLID_ANGLE_UNIT() );
#8104 = UNCERTAINTY_MEASURE_WITH_UNIT(LENGTH_MEASURE(1.E-07),#8101,
  'distance_accuracy_value','confusion accuracy');
#8105 = CONTEXT_DEPENDENT_SHAPE_REPRESENTATION(#8106,#8108);
#8106 = ( REPRESENTATION_RELATIONSHIP('','',#7685,#55) 
REPRESENTATION_RELATIONSHIP_WITH_TRANSFORMATION(#8107) 
SHAPE_REPRESENTATION_RELATIONSHIP() );
#8107 = ITEM_DEFINED_TRANSFORMATION('','',#11,#80);
#8108 = PRODUCT_DEFINITION_SHAPE('Placement','Placement of an item',
  #8109);
#8109 = NEXT_ASSEMBLY_USAGE_OCCURRENCE('7',
  'CONN-SMD_T31000~CONN-SMD_T31000~AJBg006','',#50,#7680,$);
#8110 = PRODUCT_RELATED_PRODUCT_CATEGORY('part',$,(#7682));
#8111 = SHAPE_DEFINITION_REPRESENTATION(#8112,#8118);
#8112 = PRODUCT_DEFINITION_SHAPE('','',#8113);
#8113 = PRODUCT_DEFINITION('design','',#8114,#8117);
#8114 = PRODUCT_DEFINITION_FORMATION('','',#8115);
#8115 = PRODUCT('CONN-SMD_T31000~CONN-SMD_T31000~AJBg007',
  'CONN-SMD_T31000~CONN-SMD_T31000~AJBg007','',(#8116));
#8116 = PRODUCT_CONTEXT('',#2,'mechanical');
#8117 = PRODUCT_DEFINITION_CONTEXT('part definition',#2,'design');
#8118 = ADVANCED_BREP_SHAPE_REPRESENTATION('',(#11,#8119),#8951);
#8119 = MANIFOLD_SOLID_BREP('',#8120);
#8120 = CLOSED_SHELL('',(#8121,#8321,#8521,#8547,#8564,#8585,#8606,#8623
    ,#8644,#8665,#8686,#8707,#8724,#8741,#8758,#8775,#8791,#8817,#8838,
    #8859,#8880,#8901,#8922,#8939));
#8121 = ADVANCED_FACE('',(#8122,#8244),#8316,.T.);
#8122 = FACE_BOUND('',#8123,.T.);
#8123 = EDGE_LOOP('',(#8124,#8135,#8143,#8152,#8161,#8169,#8178,#8187,
    #8196,#8205,#8213,#8221,#8229,#8237));
#8124 = ORIENTED_EDGE('',*,*,#8125,.T.);
#8125 = EDGE_CURVE('',#8126,#8128,#8130,.T.);
#8126 = VERTEX_POINT('',#8127);
#8127 = CARTESIAN_POINT('',(3.001,-1.153601650067,5.229238413901));
#8128 = VERTEX_POINT('',#8129);
#8129 = CARTESIAN_POINT('',(3.001,-1.203614005842,5.215721560989));
#8130 = B_SPLINE_CURVE_WITH_KNOTS('',3,(#8131,#8132,#8133,#8134),
  .UNSPECIFIED.,.F.,.F.,(4,4),(0.,1.),.PIECEWISE_BEZIER_KNOTS.);
#8131 = CARTESIAN_POINT('',(3.001,-1.153601650067,5.229238413901));
#8132 = CARTESIAN_POINT('',(3.001,-1.172525244144,5.229238413901));
#8133 = CARTESIAN_POINT('',(3.001,-1.189213358701,5.22476745486));
#8134 = CARTESIAN_POINT('',(3.001,-1.203614005842,5.215721560989));
#8135 = ORIENTED_EDGE('',*,*,#8136,.T.);
#8136 = EDGE_CURVE('',#8128,#8137,#8139,.T.);
#8137 = VERTEX_POINT('',#8138);
#8138 = CARTESIAN_POINT('',(3.001,-1.203614005842,5.190975322579));
#8139 = LINE('',#8140,#8141);
#8140 = CARTESIAN_POINT('',(3.001,-1.203614005842,5.190975322579));
#8141 = VECTOR('',#8142,1.);
#8142 = DIRECTION('',(0.,8.762561441095E-15,-1.));
#8143 = ORIENTED_EDGE('',*,*,#8144,.T.);
#8144 = EDGE_CURVE('',#8137,#8145,#8147,.T.);
#8145 = VERTEX_POINT('',#8146);
#8146 = CARTESIAN_POINT('',(3.001,-1.155993093274,5.208547231366));
#8147 = B_SPLINE_CURVE_WITH_KNOTS('',3,(#8148,#8149,#8150,#8151),
  .UNSPECIFIED.,.F.,.F.,(4,4),(12.,13.),.PIECEWISE_BEZIER_KNOTS.);
#8148 = CARTESIAN_POINT('',(3.001,-1.203614005842,5.190975322579));
#8149 = CARTESIAN_POINT('',(3.001,-1.189265346597,5.202620611243));
#8150 = CARTESIAN_POINT('',(3.001,-1.173409038373,5.208547231366));
#8151 = CARTESIAN_POINT('',(3.001,-1.155993093274,5.208547231366));
#8152 = ORIENTED_EDGE('',*,*,#8153,.T.);
#8153 = EDGE_CURVE('',#8145,#8154,#8156,.T.);
#8154 = VERTEX_POINT('',#8155);
#8155 = CARTESIAN_POINT('',(3.001,-1.126567944243,5.172987510628));
#8156 = B_SPLINE_CURVE_WITH_KNOTS('',3,(#8157,#8158,#8159,#8160),
  .UNSPECIFIED.,.F.,.F.,(4,4),(11.,12.),.PIECEWISE_BEZIER_KNOTS.);
#8157 = CARTESIAN_POINT('',(3.001,-1.155993093274,5.208547231366));
#8158 = CARTESIAN_POINT('',(3.001,-1.136393656552,5.208547231366));
#8159 = CARTESIAN_POINT('',(3.001,-1.126567944243,5.196693991119));
#8160 = CARTESIAN_POINT('',(3.001,-1.126567944243,5.172987510628));
#8161 = ORIENTED_EDGE('',*,*,#8162,.T.);
#8162 = EDGE_CURVE('',#8154,#8163,#8165,.T.);
#8163 = VERTEX_POINT('',#8164);
#8164 = CARTESIAN_POINT('',(3.001,-1.169613921978,5.166956914713));
#8165 = LINE('',#8166,#8167);
#8166 = CARTESIAN_POINT('',(3.001,-1.169613921978,5.166956914713));
#8167 = VECTOR('',#8168,1.);
#8168 = DIRECTION('',(-0.,-0.990328603988,-0.138741688482));
#8169 = ORIENTED_EDGE('',*,*,#8170,.T.);
#8170 = EDGE_CURVE('',#8163,#8171,#8173,.T.);
#8171 = VERTEX_POINT('',#8172);
#8172 = CARTESIAN_POINT('',(3.001,-1.2178067014,5.119543953729));
#8173 = B_SPLINE_CURVE_WITH_KNOTS('',3,(#8174,#8175,#8176,#8177),
  .UNSPECIFIED.,.F.,.F.,(4,4),(9.,10.),.PIECEWISE_BEZIER_KNOTS.);
#8174 = CARTESIAN_POINT('',(3.001,-1.169613921978,5.166956914713));
#8175 = CARTESIAN_POINT('',(3.001,-1.201742441592,5.162485955673));
#8176 = CARTESIAN_POINT('',(3.001,-1.2178067014,5.146681635345));
#8177 = CARTESIAN_POINT('',(3.001,-1.2178067014,5.119543953729));
#8178 = ORIENTED_EDGE('',*,*,#8179,.T.);
#8179 = EDGE_CURVE('',#8171,#8180,#8182,.T.);
#8180 = VERTEX_POINT('',#8181);
#8181 = CARTESIAN_POINT('',(3.001,-1.205329606403,5.088663143614));
#8182 = B_SPLINE_CURVE_WITH_KNOTS('',3,(#8183,#8184,#8185,#8186),
  .UNSPECIFIED.,.F.,.F.,(4,4),(8.,9.),.PIECEWISE_BEZIER_KNOTS.);
#8183 = CARTESIAN_POINT('',(3.001,-1.2178067014,5.119543953729));
#8184 = CARTESIAN_POINT('',(3.001,-1.2178067014,5.106546979775));
#8185 = CARTESIAN_POINT('',(3.001,-1.213647669734,5.096253376403));
#8186 = CARTESIAN_POINT('',(3.001,-1.205329606403,5.088663143614));
#8187 = ORIENTED_EDGE('',*,*,#8188,.T.);
#8188 = EDGE_CURVE('',#8180,#8189,#8191,.T.);
#8189 = VERTEX_POINT('',#8190);
#8190 = CARTESIAN_POINT('',(3.001,-1.171745425707,5.077225806535));
#8191 = B_SPLINE_CURVE_WITH_KNOTS('',3,(#8192,#8193,#8194,#8195),
  .UNSPECIFIED.,.F.,.F.,(4,4),(7.,8.),.PIECEWISE_BEZIER_KNOTS.);
#8192 = CARTESIAN_POINT('',(3.001,-1.205329606403,5.088663143614));
#8193 = CARTESIAN_POINT('',(3.001,-1.197011543073,5.081072910825));
#8194 = CARTESIAN_POINT('',(3.001,-1.185834145472,5.077225806535));
#8195 = CARTESIAN_POINT('',(3.001,-1.171745425707,5.077225806535));
#8196 = ORIENTED_EDGE('',*,*,#8197,.T.);
#8197 = EDGE_CURVE('',#8189,#8198,#8200,.T.);
#8198 = VERTEX_POINT('',#8199);
#8199 = CARTESIAN_POINT('',(3.001,-1.127243786888,5.103115778651));
#8200 = B_SPLINE_CURVE_WITH_KNOTS('',3,(#8201,#8202,#8203,#8204),
  .UNSPECIFIED.,.F.,.F.,(4,4),(6.,7.),.PIECEWISE_BEZIER_KNOTS.);
#8201 = CARTESIAN_POINT('',(3.001,-1.171745425707,5.077225806535));
#8202 = CARTESIAN_POINT('',(3.001,-1.152145988984,5.077225806535));
#8203 = CARTESIAN_POINT('',(3.001,-1.13727745078,5.08585579724));
#8204 = CARTESIAN_POINT('',(3.001,-1.127243786888,5.103115778651));
#8205 = ORIENTED_EDGE('',*,*,#8206,.T.);
#8206 = EDGE_CURVE('',#8198,#8207,#8209,.T.);
#8207 = VERTEX_POINT('',#8208);
#8208 = CARTESIAN_POINT('',(3.001,-1.126567944243,5.103115778651));
#8209 = LINE('',#8210,#8211);
#8210 = CARTESIAN_POINT('',(3.001,-1.126567944243,5.103115778651));
#8211 = VECTOR('',#8212,1.);
#8212 = DIRECTION('',(0.,1.,0.));
#8213 = ORIENTED_EDGE('',*,*,#8214,.T.);
#8214 = EDGE_CURVE('',#8207,#8215,#8217,.T.);
#8215 = VERTEX_POINT('',#8216);
#8216 = CARTESIAN_POINT('',(3.001,-1.126567944243,5.080657007659));
#8217 = LINE('',#8218,#8219);
#8218 = CARTESIAN_POINT('',(3.001,-1.126567944243,5.080657007659));
#8219 = VECTOR('',#8220,1.);
#8220 = DIRECTION('',(-0.,-0.,-1.));
#8221 = ORIENTED_EDGE('',*,*,#8222,.T.);
#8222 = EDGE_CURVE('',#8215,#8223,#8225,.T.);
#8223 = VERTEX_POINT('',#8224);
#8224 = CARTESIAN_POINT('',(3.001,-1.101093875293,5.080657007659));
#8225 = LINE('',#8226,#8227);
#8226 = CARTESIAN_POINT('',(3.001,-1.101093875293,5.080657007659));
#8227 = VECTOR('',#8228,1.);
#8228 = DIRECTION('',(0.,1.,0.));
#8229 = ORIENTED_EDGE('',*,*,#8230,.T.);
#8230 = EDGE_CURVE('',#8223,#8231,#8233,.T.);
#8231 = VERTEX_POINT('',#8232);
#8232 = CARTESIAN_POINT('',(3.001,-1.101093875293,5.174131244335));
#8233 = LINE('',#8234,#8235);
#8234 = CARTESIAN_POINT('',(3.001,-1.101093875293,5.174131244335));
#8235 = VECTOR('',#8236,1.);
#8236 = DIRECTION('',(0.,-2.319788234798E-15,1.));
#8237 = ORIENTED_EDGE('',*,*,#8238,.T.);
#8238 = EDGE_CURVE('',#8231,#8126,#8239,.T.);
#8239 = B_SPLINE_CURVE_WITH_KNOTS('',3,(#8240,#8241,#8242,#8243),
  .UNSPECIFIED.,.F.,.F.,(4,4),(1.,2.),.PIECEWISE_BEZIER_KNOTS.);
#8240 = CARTESIAN_POINT('',(3.001,-1.101093875293,5.174131244335));
#8241 = CARTESIAN_POINT('',(3.001,-1.101093875293,5.210938674573));
#8242 = CARTESIAN_POINT('',(3.001,-1.118613796183,5.229238413901));
#8243 = CARTESIAN_POINT('',(3.001,-1.153601650067,5.229238413901));
#8244 = FACE_BOUND('',#8245,.T.);
#8245 = EDGE_LOOP('',(#8246,#8257,#8266,#8274,#8282,#8291,#8300,#8309));
#8246 = ORIENTED_EDGE('',*,*,#8247,.F.);
#8247 = EDGE_CURVE('',#8248,#8250,#8252,.T.);
#8248 = VERTEX_POINT('',#8249);
#8249 = CARTESIAN_POINT('',(3.001,-1.185210290723,5.14002718468));
#8250 = VERTEX_POINT('',#8251);
#8251 = CARTESIAN_POINT('',(3.001,-1.191968717179,5.121623469561));
#8252 = B_SPLINE_CURVE_WITH_KNOTS('',3,(#8253,#8254,#8255,#8256),
  .UNSPECIFIED.,.F.,.F.,(4,4),(1.,2.),.PIECEWISE_BEZIER_KNOTS.);
#8253 = CARTESIAN_POINT('',(3.001,-1.185210290723,5.14002718468));
#8254 = CARTESIAN_POINT('',(3.001,-1.189681249763,5.135660201432));
#8255 = CARTESIAN_POINT('',(3.001,-1.191968717179,5.129525629726));
#8256 = CARTESIAN_POINT('',(3.001,-1.191968717179,5.121623469561));
#8257 = ORIENTED_EDGE('',*,*,#8258,.F.);
#8258 = EDGE_CURVE('',#8259,#8248,#8261,.T.);
#8259 = VERTEX_POINT('',#8260);
#8260 = CARTESIAN_POINT('',(3.001,-1.160568028106,5.148969102761));
#8261 = B_SPLINE_CURVE_WITH_KNOTS('',3,(#8262,#8263,#8264,#8265),
  .UNSPECIFIED.,.F.,.F.,(4,4),(0.,1.),.PIECEWISE_BEZIER_KNOTS.);
#8262 = CARTESIAN_POINT('',(3.001,-1.160568028106,5.148969102761));
#8263 = CARTESIAN_POINT('',(3.001,-1.172473256248,5.147305490094));
#8264 = CARTESIAN_POINT('',(3.001,-1.180687343787,5.144394167929));
#8265 = CARTESIAN_POINT('',(3.001,-1.185210290723,5.14002718468));
#8266 = ORIENTED_EDGE('',*,*,#8267,.F.);
#8267 = EDGE_CURVE('',#8268,#8259,#8270,.T.);
#8268 = VERTEX_POINT('',#8269);
#8269 = CARTESIAN_POINT('',(3.001,-1.126567944243,5.153544037593));
#8270 = LINE('',#8271,#8272);
#8271 = CARTESIAN_POINT('',(3.001,-1.126567944243,5.153544037593));
#8272 = VECTOR('',#8273,1.);
#8273 = DIRECTION('',(0.,-0.9910683663,-0.133354764894));
#8274 = ORIENTED_EDGE('',*,*,#8275,.F.);
#8275 = EDGE_CURVE('',#8276,#8268,#8278,.T.);
#8276 = VERTEX_POINT('',#8277);
#8277 = CARTESIAN_POINT('',(3.001,-1.126567944243,5.139611281514));
#8278 = LINE('',#8279,#8280);
#8279 = CARTESIAN_POINT('',(3.001,-1.126567944243,5.139611281514));
#8280 = VECTOR('',#8281,1.);
#8281 = DIRECTION('',(0.,0.,1.));
#8282 = ORIENTED_EDGE('',*,*,#8283,.F.);
#8283 = EDGE_CURVE('',#8284,#8276,#8286,.T.);
#8284 = VERTEX_POINT('',#8285);
#8285 = CARTESIAN_POINT('',(3.001,-1.137485402364,5.109978180899));
#8286 = B_SPLINE_CURVE_WITH_KNOTS('',3,(#8287,#8288,#8289,#8290),
  .UNSPECIFIED.,.F.,.F.,(4,4),(5.,6.),.PIECEWISE_BEZIER_KNOTS.);
#8287 = CARTESIAN_POINT('',(3.001,-1.137485402364,5.109978180899));
#8288 = CARTESIAN_POINT('',(3.001,-1.13020709695,5.117776365271));
#8289 = CARTESIAN_POINT('',(3.001,-1.126567944243,5.127654065476));
#8290 = CARTESIAN_POINT('',(3.001,-1.126567944243,5.139611281514));
#8291 = ORIENTED_EDGE('',*,*,#8292,.F.);
#8292 = EDGE_CURVE('',#8293,#8284,#8295,.T.);
#8293 = VERTEX_POINT('',#8294);
#8294 = CARTESIAN_POINT('',(3.001,-1.165142962938,5.098124940653));
#8295 = B_SPLINE_CURVE_WITH_KNOTS('',3,(#8296,#8297,#8298,#8299),
  .UNSPECIFIED.,.F.,.F.,(4,4),(4.,5.),.PIECEWISE_BEZIER_KNOTS.);
#8296 = CARTESIAN_POINT('',(3.001,-1.165142962938,5.098124940653));
#8297 = CARTESIAN_POINT('',(3.001,-1.153965565338,5.098124940653));
#8298 = CARTESIAN_POINT('',(3.001,-1.144711719883,5.102076020734));
#8299 = CARTESIAN_POINT('',(3.001,-1.137485402364,5.109978180899));
#8300 = ORIENTED_EDGE('',*,*,#8301,.F.);
#8301 = EDGE_CURVE('',#8302,#8293,#8304,.T.);
#8302 = VERTEX_POINT('',#8303);
#8303 = CARTESIAN_POINT('',(3.001,-1.184586435973,5.104675415525));
#8304 = B_SPLINE_CURVE_WITH_KNOTS('',3,(#8305,#8306,#8307,#8308),
  .UNSPECIFIED.,.F.,.F.,(4,4),(3.,4.),.PIECEWISE_BEZIER_KNOTS.);
#8305 = CARTESIAN_POINT('',(3.001,-1.184586435973,5.104675415525));
#8306 = CARTESIAN_POINT('',(3.001,-1.179699573766,5.100308432277));
#8307 = CARTESIAN_POINT('',(3.001,-1.17320108679,5.098124940653));
#8308 = CARTESIAN_POINT('',(3.001,-1.165142962938,5.098124940653));
#8309 = ORIENTED_EDGE('',*,*,#8310,.F.);
#8310 = EDGE_CURVE('',#8250,#8302,#8311,.T.);
#8311 = B_SPLINE_CURVE_WITH_KNOTS('',3,(#8312,#8313,#8314,#8315),
  .UNSPECIFIED.,.F.,.F.,(4,4),(2.,3.),.PIECEWISE_BEZIER_KNOTS.);
#8312 = CARTESIAN_POINT('',(3.001,-1.191968717179,5.121623469561));
#8313 = CARTESIAN_POINT('',(3.001,-1.191968717179,5.114657091523));
#8314 = CARTESIAN_POINT('',(3.001,-1.189525286075,5.109042398774));
#8315 = CARTESIAN_POINT('',(3.001,-1.184586435973,5.104675415525));
#8316 = PLANE('',#8317);
#8317 = AXIS2_PLACEMENT_3D('',#8318,#8319,#8320);
#8318 = CARTESIAN_POINT('',(3.001,-1.180303933055,5.225872197646));
#8319 = DIRECTION('',(1.,0.,0.));
#8320 = DIRECTION('',(0.,0.,-1.));
#8321 = ADVANCED_FACE('',(#8322,#8444),#8516,.F.);
#8322 = FACE_BOUND('',#8323,.T.);
#8323 = EDGE_LOOP('',(#8324,#8335,#8344,#8352,#8360,#8368,#8376,#8385,
    #8394,#8403,#8412,#8420,#8429,#8438));
#8324 = ORIENTED_EDGE('',*,*,#8325,.F.);
#8325 = EDGE_CURVE('',#8326,#8328,#8330,.T.);
#8326 = VERTEX_POINT('',#8327);
#8327 = CARTESIAN_POINT('',(3.,-1.153601650067,5.229238413901));
#8328 = VERTEX_POINT('',#8329);
#8329 = CARTESIAN_POINT('',(3.,-1.203614005842,5.215721560989));
#8330 = B_SPLINE_CURVE_WITH_KNOTS('',3,(#8331,#8332,#8333,#8334),
  .UNSPECIFIED.,.F.,.F.,(4,4),(0.,1.),.PIECEWISE_BEZIER_KNOTS.);
#8331 = CARTESIAN_POINT('',(3.,-1.153601650067,5.229238413901));
#8332 = CARTESIAN_POINT('',(3.,-1.172525244144,5.229238413901));
#8333 = CARTESIAN_POINT('',(3.,-1.189213358701,5.22476745486));
#8334 = CARTESIAN_POINT('',(3.,-1.203614005842,5.215721560989));
#8335 = ORIENTED_EDGE('',*,*,#8336,.F.);
#8336 = EDGE_CURVE('',#8337,#8326,#8339,.T.);
#8337 = VERTEX_POINT('',#8338);
#8338 = CARTESIAN_POINT('',(3.,-1.101093875293,5.174131244335));
#8339 = B_SPLINE_CURVE_WITH_KNOTS('',3,(#8340,#8341,#8342,#8343),
  .UNSPECIFIED.,.F.,.F.,(4,4),(1.,2.),.PIECEWISE_BEZIER_KNOTS.);
#8340 = CARTESIAN_POINT('',(3.,-1.101093875293,5.174131244335));
#8341 = CARTESIAN_POINT('',(3.,-1.101093875293,5.210938674573));
#8342 = CARTESIAN_POINT('',(3.,-1.118613796183,5.229238413901));
#8343 = CARTESIAN_POINT('',(3.,-1.153601650067,5.229238413901));
#8344 = ORIENTED_EDGE('',*,*,#8345,.F.);
#8345 = EDGE_CURVE('',#8346,#8337,#8348,.T.);
#8346 = VERTEX_POINT('',#8347);
#8347 = CARTESIAN_POINT('',(3.,-1.101093875293,5.080657007659));
#8348 = LINE('',#8349,#8350);
#8349 = CARTESIAN_POINT('',(3.,-1.101093875293,5.174131244335));
#8350 = VECTOR('',#8351,1.);
#8351 = DIRECTION('',(0.,-2.319788234798E-15,1.));
#8352 = ORIENTED_EDGE('',*,*,#8353,.F.);
#8353 = EDGE_CURVE('',#8354,#8346,#8356,.T.);
#8354 = VERTEX_POINT('',#8355);
#8355 = CARTESIAN_POINT('',(3.,-1.126567944243,5.080657007659));
#8356 = LINE('',#8357,#8358);
#8357 = CARTESIAN_POINT('',(3.,-1.101093875293,5.080657007659));
#8358 = VECTOR('',#8359,1.);
#8359 = DIRECTION('',(0.,1.,0.));
#8360 = ORIENTED_EDGE('',*,*,#8361,.F.);
#8361 = EDGE_CURVE('',#8362,#8354,#8364,.T.);
#8362 = VERTEX_POINT('',#8363);
#8363 = CARTESIAN_POINT('',(3.,-1.126567944243,5.103115778651));
#8364 = LINE('',#8365,#8366);
#8365 = CARTESIAN_POINT('',(3.,-1.126567944243,5.080657007659));
#8366 = VECTOR('',#8367,1.);
#8367 = DIRECTION('',(-0.,-0.,-1.));
#8368 = ORIENTED_EDGE('',*,*,#8369,.F.);
#8369 = EDGE_CURVE('',#8370,#8362,#8372,.T.);
#8370 = VERTEX_POINT('',#8371);
#8371 = CARTESIAN_POINT('',(3.,-1.127243786888,5.103115778651));
#8372 = LINE('',#8373,#8374);
#8373 = CARTESIAN_POINT('',(3.,-1.126567944243,5.103115778651));
#8374 = VECTOR('',#8375,1.);
#8375 = DIRECTION('',(0.,1.,0.));
#8376 = ORIENTED_EDGE('',*,*,#8377,.F.);
#8377 = EDGE_CURVE('',#8378,#8370,#8380,.T.);
#8378 = VERTEX_POINT('',#8379);
#8379 = CARTESIAN_POINT('',(3.,-1.171745425707,5.077225806535));
#8380 = B_SPLINE_CURVE_WITH_KNOTS('',3,(#8381,#8382,#8383,#8384),
  .UNSPECIFIED.,.F.,.F.,(4,4),(6.,7.),.PIECEWISE_BEZIER_KNOTS.);
#8381 = CARTESIAN_POINT('',(3.,-1.171745425707,5.077225806535));
#8382 = CARTESIAN_POINT('',(3.,-1.152145988984,5.077225806535));
#8383 = CARTESIAN_POINT('',(3.,-1.13727745078,5.08585579724));
#8384 = CARTESIAN_POINT('',(3.,-1.127243786888,5.103115778651));
#8385 = ORIENTED_EDGE('',*,*,#8386,.F.);
#8386 = EDGE_CURVE('',#8387,#8378,#8389,.T.);
#8387 = VERTEX_POINT('',#8388);
#8388 = CARTESIAN_POINT('',(3.,-1.205329606403,5.088663143614));
#8389 = B_SPLINE_CURVE_WITH_KNOTS('',3,(#8390,#8391,#8392,#8393),
  .UNSPECIFIED.,.F.,.F.,(4,4),(7.,8.),.PIECEWISE_BEZIER_KNOTS.);
#8390 = CARTESIAN_POINT('',(3.,-1.205329606403,5.088663143614));
#8391 = CARTESIAN_POINT('',(3.,-1.197011543073,5.081072910825));
#8392 = CARTESIAN_POINT('',(3.,-1.185834145472,5.077225806535));
#8393 = CARTESIAN_POINT('',(3.,-1.171745425707,5.077225806535));
#8394 = ORIENTED_EDGE('',*,*,#8395,.F.);
#8395 = EDGE_CURVE('',#8396,#8387,#8398,.T.);
#8396 = VERTEX_POINT('',#8397);
#8397 = CARTESIAN_POINT('',(3.,-1.2178067014,5.119543953729));
#8398 = B_SPLINE_CURVE_WITH_KNOTS('',3,(#8399,#8400,#8401,#8402),
  .UNSPECIFIED.,.F.,.F.,(4,4),(8.,9.),.PIECEWISE_BEZIER_KNOTS.);
#8399 = CARTESIAN_POINT('',(3.,-1.2178067014,5.119543953729));
#8400 = CARTESIAN_POINT('',(3.,-1.2178067014,5.106546979775));
#8401 = CARTESIAN_POINT('',(3.,-1.213647669734,5.096253376403));
#8402 = CARTESIAN_POINT('',(3.,-1.205329606403,5.088663143614));
#8403 = ORIENTED_EDGE('',*,*,#8404,.F.);
#8404 = EDGE_CURVE('',#8405,#8396,#8407,.T.);
#8405 = VERTEX_POINT('',#8406);
#8406 = CARTESIAN_POINT('',(3.,-1.169613921978,5.166956914713));
#8407 = B_SPLINE_CURVE_WITH_KNOTS('',3,(#8408,#8409,#8410,#8411),
  .UNSPECIFIED.,.F.,.F.,(4,4),(9.,10.),.PIECEWISE_BEZIER_KNOTS.);
#8408 = CARTESIAN_POINT('',(3.,-1.169613921978,5.166956914713));
#8409 = CARTESIAN_POINT('',(3.,-1.201742441592,5.162485955673));
#8410 = CARTESIAN_POINT('',(3.,-1.2178067014,5.146681635345));
#8411 = CARTESIAN_POINT('',(3.,-1.2178067014,5.119543953729));
#8412 = ORIENTED_EDGE('',*,*,#8413,.F.);
#8413 = EDGE_CURVE('',#8414,#8405,#8416,.T.);
#8414 = VERTEX_POINT('',#8415);
#8415 = CARTESIAN_POINT('',(3.,-1.126567944243,5.172987510628));
#8416 = LINE('',#8417,#8418);
#8417 = CARTESIAN_POINT('',(3.,-1.169613921978,5.166956914713));
#8418 = VECTOR('',#8419,1.);
#8419 = DIRECTION('',(-0.,-0.990328603988,-0.138741688482));
#8420 = ORIENTED_EDGE('',*,*,#8421,.F.);
#8421 = EDGE_CURVE('',#8422,#8414,#8424,.T.);
#8422 = VERTEX_POINT('',#8423);
#8423 = CARTESIAN_POINT('',(3.,-1.155993093274,5.208547231366));
#8424 = B_SPLINE_CURVE_WITH_KNOTS('',3,(#8425,#8426,#8427,#8428),
  .UNSPECIFIED.,.F.,.F.,(4,4),(11.,12.),.PIECEWISE_BEZIER_KNOTS.);
#8425 = CARTESIAN_POINT('',(3.,-1.155993093274,5.208547231366));
#8426 = CARTESIAN_POINT('',(3.,-1.136393656552,5.208547231366));
#8427 = CARTESIAN_POINT('',(3.,-1.126567944243,5.196693991119));
#8428 = CARTESIAN_POINT('',(3.,-1.126567944243,5.172987510628));
#8429 = ORIENTED_EDGE('',*,*,#8430,.F.);
#8430 = EDGE_CURVE('',#8431,#8422,#8433,.T.);
#8431 = VERTEX_POINT('',#8432);
#8432 = CARTESIAN_POINT('',(3.,-1.203614005842,5.190975322579));
#8433 = B_SPLINE_CURVE_WITH_KNOTS('',3,(#8434,#8435,#8436,#8437),
  .UNSPECIFIED.,.F.,.F.,(4,4),(12.,13.),.PIECEWISE_BEZIER_KNOTS.);
#8434 = CARTESIAN_POINT('',(3.,-1.203614005842,5.190975322579));
#8435 = CARTESIAN_POINT('',(3.,-1.189265346597,5.202620611243));
#8436 = CARTESIAN_POINT('',(3.,-1.173409038373,5.208547231366));
#8437 = CARTESIAN_POINT('',(3.,-1.155993093274,5.208547231366));
#8438 = ORIENTED_EDGE('',*,*,#8439,.F.);
#8439 = EDGE_CURVE('',#8328,#8431,#8440,.T.);
#8440 = LINE('',#8441,#8442);
#8441 = CARTESIAN_POINT('',(3.,-1.203614005842,5.190975322579));
#8442 = VECTOR('',#8443,1.);
#8443 = DIRECTION('',(0.,8.762561441095E-15,-1.));
#8444 = FACE_BOUND('',#8445,.T.);
#8445 = EDGE_LOOP('',(#8446,#8457,#8466,#8475,#8484,#8493,#8502,#8510));
#8446 = ORIENTED_EDGE('',*,*,#8447,.T.);
#8447 = EDGE_CURVE('',#8448,#8450,#8452,.T.);
#8448 = VERTEX_POINT('',#8449);
#8449 = CARTESIAN_POINT('',(3.,-1.160568028106,5.148969102761));
#8450 = VERTEX_POINT('',#8451);
#8451 = CARTESIAN_POINT('',(3.,-1.185210290723,5.14002718468));
#8452 = B_SPLINE_CURVE_WITH_KNOTS('',3,(#8453,#8454,#8455,#8456),
  .UNSPECIFIED.,.F.,.F.,(4,4),(0.,1.),.PIECEWISE_BEZIER_KNOTS.);
#8453 = CARTESIAN_POINT('',(3.,-1.160568028106,5.148969102761));
#8454 = CARTESIAN_POINT('',(3.,-1.172473256248,5.147305490094));
#8455 = CARTESIAN_POINT('',(3.,-1.180687343787,5.144394167929));
#8456 = CARTESIAN_POINT('',(3.,-1.185210290723,5.14002718468));
#8457 = ORIENTED_EDGE('',*,*,#8458,.T.);
#8458 = EDGE_CURVE('',#8450,#8459,#8461,.T.);
#8459 = VERTEX_POINT('',#8460);
#8460 = CARTESIAN_POINT('',(3.,-1.191968717179,5.121623469561));
#8461 = B_SPLINE_CURVE_WITH_KNOTS('',3,(#8462,#8463,#8464,#8465),
  .UNSPECIFIED.,.F.,.F.,(4,4),(1.,2.),.PIECEWISE_BEZIER_KNOTS.);
#8462 = CARTESIAN_POINT('',(3.,-1.185210290723,5.14002718468));
#8463 = CARTESIAN_POINT('',(3.,-1.189681249763,5.135660201432));
#8464 = CARTESIAN_POINT('',(3.,-1.191968717179,5.129525629726));
#8465 = CARTESIAN_POINT('',(3.,-1.191968717179,5.121623469561));
#8466 = ORIENTED_EDGE('',*,*,#8467,.T.);
#8467 = EDGE_CURVE('',#8459,#8468,#8470,.T.);
#8468 = VERTEX_POINT('',#8469);
#8469 = CARTESIAN_POINT('',(3.,-1.184586435973,5.104675415525));
#8470 = B_SPLINE_CURVE_WITH_KNOTS('',3,(#8471,#8472,#8473,#8474),
  .UNSPECIFIED.,.F.,.F.,(4,4),(2.,3.),.PIECEWISE_BEZIER_KNOTS.);
#8471 = CARTESIAN_POINT('',(3.,-1.191968717179,5.121623469561));
#8472 = CARTESIAN_POINT('',(3.,-1.191968717179,5.114657091523));
#8473 = CARTESIAN_POINT('',(3.,-1.189525286075,5.109042398774));
#8474 = CARTESIAN_POINT('',(3.,-1.184586435973,5.104675415525));
#8475 = ORIENTED_EDGE('',*,*,#8476,.T.);
#8476 = EDGE_CURVE('',#8468,#8477,#8479,.T.);
#8477 = VERTEX_POINT('',#8478);
#8478 = CARTESIAN_POINT('',(3.,-1.165142962938,5.098124940653));
#8479 = B_SPLINE_CURVE_WITH_KNOTS('',3,(#8480,#8481,#8482,#8483),
  .UNSPECIFIED.,.F.,.F.,(4,4),(3.,4.),.PIECEWISE_BEZIER_KNOTS.);
#8480 = CARTESIAN_POINT('',(3.,-1.184586435973,5.104675415525));
#8481 = CARTESIAN_POINT('',(3.,-1.179699573766,5.100308432277));
#8482 = CARTESIAN_POINT('',(3.,-1.17320108679,5.098124940653));
#8483 = CARTESIAN_POINT('',(3.,-1.165142962938,5.098124940653));
#8484 = ORIENTED_EDGE('',*,*,#8485,.T.);
#8485 = EDGE_CURVE('',#8477,#8486,#8488,.T.);
#8486 = VERTEX_POINT('',#8487);
#8487 = CARTESIAN_POINT('',(3.,-1.137485402364,5.109978180899));
#8488 = B_SPLINE_CURVE_WITH_KNOTS('',3,(#8489,#8490,#8491,#8492),
  .UNSPECIFIED.,.F.,.F.,(4,4),(4.,5.),.PIECEWISE_BEZIER_KNOTS.);
#8489 = CARTESIAN_POINT('',(3.,-1.165142962938,5.098124940653));
#8490 = CARTESIAN_POINT('',(3.,-1.153965565338,5.098124940653));
#8491 = CARTESIAN_POINT('',(3.,-1.144711719883,5.102076020734));
#8492 = CARTESIAN_POINT('',(3.,-1.137485402364,5.109978180899));
#8493 = ORIENTED_EDGE('',*,*,#8494,.T.);
#8494 = EDGE_CURVE('',#8486,#8495,#8497,.T.);
#8495 = VERTEX_POINT('',#8496);
#8496 = CARTESIAN_POINT('',(3.,-1.126567944243,5.139611281514));
#8497 = B_SPLINE_CURVE_WITH_KNOTS('',3,(#8498,#8499,#8500,#8501),
  .UNSPECIFIED.,.F.,.F.,(4,4),(5.,6.),.PIECEWISE_BEZIER_KNOTS.);
#8498 = CARTESIAN_POINT('',(3.,-1.137485402364,5.109978180899));
#8499 = CARTESIAN_POINT('',(3.,-1.13020709695,5.117776365271));
#8500 = CARTESIAN_POINT('',(3.,-1.126567944243,5.127654065476));
#8501 = CARTESIAN_POINT('',(3.,-1.126567944243,5.139611281514));
#8502 = ORIENTED_EDGE('',*,*,#8503,.T.);
#8503 = EDGE_CURVE('',#8495,#8504,#8506,.T.);
#8504 = VERTEX_POINT('',#8505);
#8505 = CARTESIAN_POINT('',(3.,-1.126567944243,5.153544037593));
#8506 = LINE('',#8507,#8508);
#8507 = CARTESIAN_POINT('',(3.,-1.126567944243,5.139611281514));
#8508 = VECTOR('',#8509,1.);
#8509 = DIRECTION('',(0.,0.,1.));
#8510 = ORIENTED_EDGE('',*,*,#8511,.T.);
#8511 = EDGE_CURVE('',#8504,#8448,#8512,.T.);
#8512 = LINE('',#8513,#8514);
#8513 = CARTESIAN_POINT('',(3.,-1.126567944243,5.153544037593));
#8514 = VECTOR('',#8515,1.);
#8515 = DIRECTION('',(0.,-0.9910683663,-0.133354764894));
#8516 = PLANE('',#8517);
#8517 = AXIS2_PLACEMENT_3D('',#8518,#8519,#8520);
#8518 = CARTESIAN_POINT('',(3.,-1.180303933055,5.225872197646));
#8519 = DIRECTION('',(1.,0.,0.));
#8520 = DIRECTION('',(0.,0.,-1.));
#8521 = ADVANCED_FACE('',(#8522),#8538,.F.);
#8522 = FACE_BOUND('',#8523,.F.);
#8523 = EDGE_LOOP('',(#8524,#8530,#8531,#8537));
#8524 = ORIENTED_EDGE('',*,*,#8525,.F.);
#8525 = EDGE_CURVE('',#8126,#8326,#8526,.T.);
#8526 = LINE('',#8527,#8528);
#8527 = CARTESIAN_POINT('',(3.001,-1.153601650067,5.229238413901));
#8528 = VECTOR('',#8529,1.);
#8529 = DIRECTION('',(-1.,-0.,-0.));
#8530 = ORIENTED_EDGE('',*,*,#8125,.T.);
#8531 = ORIENTED_EDGE('',*,*,#8532,.T.);
#8532 = EDGE_CURVE('',#8128,#8328,#8533,.T.);
#8533 = LINE('',#8534,#8535);
#8534 = CARTESIAN_POINT('',(3.001,-1.203614005842,5.215721560989));
#8535 = VECTOR('',#8536,1.);
#8536 = DIRECTION('',(-1.,-0.,-0.));
#8537 = ORIENTED_EDGE('',*,*,#8325,.F.);
#8538 = B_SPLINE_SURFACE_WITH_KNOTS('',3,1,(
    (#8539,#8540)
    ,(#8541,#8542)
    ,(#8543,#8544)
    ,(#8545,#8546
    )),.UNSPECIFIED.,.F.,.F.,.F.,(4,4),(2,2),(0.,1.),(0.,1.),
  .PIECEWISE_BEZIER_KNOTS.);
#8539 = CARTESIAN_POINT('',(3.001,-1.153601650067,5.229238413901));
#8540 = CARTESIAN_POINT('',(3.,-1.153601650067,5.229238413901));
#8541 = CARTESIAN_POINT('',(3.001,-1.172525244144,5.229238413901));
#8542 = CARTESIAN_POINT('',(3.,-1.172525244144,5.229238413901));
#8543 = CARTESIAN_POINT('',(3.001,-1.189213358701,5.22476745486));
#8544 = CARTESIAN_POINT('',(3.,-1.189213358701,5.22476745486));
#8545 = CARTESIAN_POINT('',(3.001,-1.203614005842,5.215721560989));
#8546 = CARTESIAN_POINT('',(3.,-1.203614005842,5.215721560989));
#8547 = ADVANCED_FACE('',(#8548),#8559,.F.);
#8548 = FACE_BOUND('',#8549,.T.);
#8549 = EDGE_LOOP('',(#8550,#8551,#8557,#8558));
#8550 = ORIENTED_EDGE('',*,*,#8439,.T.);
#8551 = ORIENTED_EDGE('',*,*,#8552,.F.);
#8552 = EDGE_CURVE('',#8137,#8431,#8553,.T.);
#8553 = LINE('',#8554,#8555);
#8554 = CARTESIAN_POINT('',(3.001,-1.203614005842,5.190975322579));
#8555 = VECTOR('',#8556,1.);
#8556 = DIRECTION('',(-1.,-0.,-0.));
#8557 = ORIENTED_EDGE('',*,*,#8136,.F.);
#8558 = ORIENTED_EDGE('',*,*,#8532,.T.);
#8559 = PLANE('',#8560);
#8560 = AXIS2_PLACEMENT_3D('',#8561,#8562,#8563);
#8561 = CARTESIAN_POINT('',(3.001,-1.203614005842,5.190975322579));
#8562 = DIRECTION('',(0.,1.,8.762561441095E-15));
#8563 = DIRECTION('',(0.,-8.762561441095E-15,1.));
#8564 = ADVANCED_FACE('',(#8565),#8576,.F.);
#8565 = FACE_BOUND('',#8566,.F.);
#8566 = EDGE_LOOP('',(#8567,#8568,#8569,#8575));
#8567 = ORIENTED_EDGE('',*,*,#8552,.F.);
#8568 = ORIENTED_EDGE('',*,*,#8144,.T.);
#8569 = ORIENTED_EDGE('',*,*,#8570,.T.);
#8570 = EDGE_CURVE('',#8145,#8422,#8571,.T.);
#8571 = LINE('',#8572,#8573);
#8572 = CARTESIAN_POINT('',(3.001,-1.155993093274,5.208547231366));
#8573 = VECTOR('',#8574,1.);
#8574 = DIRECTION('',(-1.,-0.,-0.));
#8575 = ORIENTED_EDGE('',*,*,#8430,.F.);
#8576 = B_SPLINE_SURFACE_WITH_KNOTS('',3,1,(
    (#8577,#8578)
    ,(#8579,#8580)
    ,(#8581,#8582)
    ,(#8583,#8584
    )),.UNSPECIFIED.,.F.,.F.,.F.,(4,4),(2,2),(12.,13.),(0.,1.),
  .PIECEWISE_BEZIER_KNOTS.);
#8577 = CARTESIAN_POINT('',(3.001,-1.203614005842,5.190975322579));
#8578 = CARTESIAN_POINT('',(3.,-1.203614005842,5.190975322579));
#8579 = CARTESIAN_POINT('',(3.001,-1.189265346597,5.202620611243));
#8580 = CARTESIAN_POINT('',(3.,-1.189265346597,5.202620611243));
#8581 = CARTESIAN_POINT('',(3.001,-1.173409038373,5.208547231366));
#8582 = CARTESIAN_POINT('',(3.,-1.173409038373,5.208547231366));
#8583 = CARTESIAN_POINT('',(3.001,-1.155993093274,5.208547231366));
#8584 = CARTESIAN_POINT('',(3.,-1.155993093274,5.208547231366));
#8585 = ADVANCED_FACE('',(#8586),#8597,.F.);
#8586 = FACE_BOUND('',#8587,.F.);
#8587 = EDGE_LOOP('',(#8588,#8589,#8590,#8596));
#8588 = ORIENTED_EDGE('',*,*,#8570,.F.);
#8589 = ORIENTED_EDGE('',*,*,#8153,.T.);
#8590 = ORIENTED_EDGE('',*,*,#8591,.T.);
#8591 = EDGE_CURVE('',#8154,#8414,#8592,.T.);
#8592 = LINE('',#8593,#8594);
#8593 = CARTESIAN_POINT('',(3.001,-1.126567944243,5.172987510628));
#8594 = VECTOR('',#8595,1.);
#8595 = DIRECTION('',(-1.,-0.,-0.));
#8596 = ORIENTED_EDGE('',*,*,#8421,.F.);
#8597 = B_SPLINE_SURFACE_WITH_KNOTS('',3,1,(
    (#8598,#8599)
    ,(#8600,#8601)
    ,(#8602,#8603)
    ,(#8604,#8605
    )),.UNSPECIFIED.,.F.,.F.,.F.,(4,4),(2,2),(11.,12.),(0.,1.),
  .PIECEWISE_BEZIER_KNOTS.);
#8598 = CARTESIAN_POINT('',(3.001,-1.155993093274,5.208547231366));
#8599 = CARTESIAN_POINT('',(3.,-1.155993093274,5.208547231366));
#8600 = CARTESIAN_POINT('',(3.001,-1.136393656552,5.208547231366));
#8601 = CARTESIAN_POINT('',(3.,-1.136393656552,5.208547231366));
#8602 = CARTESIAN_POINT('',(3.001,-1.126567944243,5.196693991119));
#8603 = CARTESIAN_POINT('',(3.,-1.126567944243,5.196693991119));
#8604 = CARTESIAN_POINT('',(3.001,-1.126567944243,5.172987510628));
#8605 = CARTESIAN_POINT('',(3.,-1.126567944243,5.172987510628));
#8606 = ADVANCED_FACE('',(#8607),#8618,.F.);
#8607 = FACE_BOUND('',#8608,.T.);
#8608 = EDGE_LOOP('',(#8609,#8610,#8616,#8617));
#8609 = ORIENTED_EDGE('',*,*,#8413,.T.);
#8610 = ORIENTED_EDGE('',*,*,#8611,.F.);
#8611 = EDGE_CURVE('',#8163,#8405,#8612,.T.);
#8612 = LINE('',#8613,#8614);
#8613 = CARTESIAN_POINT('',(3.001,-1.169613921978,5.166956914713));
#8614 = VECTOR('',#8615,1.);
#8615 = DIRECTION('',(-1.,-0.,-0.));
#8616 = ORIENTED_EDGE('',*,*,#8162,.F.);
#8617 = ORIENTED_EDGE('',*,*,#8591,.T.);
#8618 = PLANE('',#8619);
#8619 = AXIS2_PLACEMENT_3D('',#8620,#8621,#8622);
#8620 = CARTESIAN_POINT('',(3.001,-1.169613921978,5.166956914713));
#8621 = DIRECTION('',(0.,0.138741688482,-0.990328603988));
#8622 = DIRECTION('',(0.,0.990328603988,0.138741688482));
#8623 = ADVANCED_FACE('',(#8624),#8635,.F.);
#8624 = FACE_BOUND('',#8625,.F.);
#8625 = EDGE_LOOP('',(#8626,#8627,#8628,#8634));
#8626 = ORIENTED_EDGE('',*,*,#8611,.F.);
#8627 = ORIENTED_EDGE('',*,*,#8170,.T.);
#8628 = ORIENTED_EDGE('',*,*,#8629,.T.);
#8629 = EDGE_CURVE('',#8171,#8396,#8630,.T.);
#8630 = LINE('',#8631,#8632);
#8631 = CARTESIAN_POINT('',(3.001,-1.2178067014,5.119543953729));
#8632 = VECTOR('',#8633,1.);
#8633 = DIRECTION('',(-1.,-0.,-0.));
#8634 = ORIENTED_EDGE('',*,*,#8404,.F.);
#8635 = B_SPLINE_SURFACE_WITH_KNOTS('',3,1,(
    (#8636,#8637)
    ,(#8638,#8639)
    ,(#8640,#8641)
    ,(#8642,#8643
    )),.UNSPECIFIED.,.F.,.F.,.F.,(4,4),(2,2),(9.,10.),(0.,1.),
  .PIECEWISE_BEZIER_KNOTS.);
#8636 = CARTESIAN_POINT('',(3.001,-1.169613921978,5.166956914713));
#8637 = CARTESIAN_POINT('',(3.,-1.169613921978,5.166956914713));
#8638 = CARTESIAN_POINT('',(3.001,-1.201742441592,5.162485955673));
#8639 = CARTESIAN_POINT('',(3.,-1.201742441592,5.162485955673));
#8640 = CARTESIAN_POINT('',(3.001,-1.2178067014,5.146681635345));
#8641 = CARTESIAN_POINT('',(3.,-1.2178067014,5.146681635345));
#8642 = CARTESIAN_POINT('',(3.001,-1.2178067014,5.119543953729));
#8643 = CARTESIAN_POINT('',(3.,-1.2178067014,5.119543953729));
#8644 = ADVANCED_FACE('',(#8645),#8656,.F.);
#8645 = FACE_BOUND('',#8646,.F.);
#8646 = EDGE_LOOP('',(#8647,#8648,#8649,#8655));
#8647 = ORIENTED_EDGE('',*,*,#8629,.F.);
#8648 = ORIENTED_EDGE('',*,*,#8179,.T.);
#8649 = ORIENTED_EDGE('',*,*,#8650,.T.);
#8650 = EDGE_CURVE('',#8180,#8387,#8651,.T.);
#8651 = LINE('',#8652,#8653);
#8652 = CARTESIAN_POINT('',(3.001,-1.205329606403,5.088663143614));
#8653 = VECTOR('',#8654,1.);
#8654 = DIRECTION('',(-1.,-0.,-0.));
#8655 = ORIENTED_EDGE('',*,*,#8395,.F.);
#8656 = B_SPLINE_SURFACE_WITH_KNOTS('',3,1,(
    (#8657,#8658)
    ,(#8659,#8660)
    ,(#8661,#8662)
    ,(#8663,#8664
    )),.UNSPECIFIED.,.F.,.F.,.F.,(4,4),(2,2),(8.,9.),(0.,1.),
  .PIECEWISE_BEZIER_KNOTS.);
#8657 = CARTESIAN_POINT('',(3.001,-1.2178067014,5.119543953729));
#8658 = CARTESIAN_POINT('',(3.,-1.2178067014,5.119543953729));
#8659 = CARTESIAN_POINT('',(3.001,-1.2178067014,5.106546979775));
#8660 = CARTESIAN_POINT('',(3.,-1.2178067014,5.106546979775));
#8661 = CARTESIAN_POINT('',(3.001,-1.213647669734,5.096253376403));
#8662 = CARTESIAN_POINT('',(3.,-1.213647669734,5.096253376403));
#8663 = CARTESIAN_POINT('',(3.001,-1.205329606403,5.088663143614));
#8664 = CARTESIAN_POINT('',(3.,-1.205329606403,5.088663143614));
#8665 = ADVANCED_FACE('',(#8666),#8677,.F.);
#8666 = FACE_BOUND('',#8667,.F.);
#8667 = EDGE_LOOP('',(#8668,#8669,#8670,#8676));
#8668 = ORIENTED_EDGE('',*,*,#8650,.F.);
#8669 = ORIENTED_EDGE('',*,*,#8188,.T.);
#8670 = ORIENTED_EDGE('',*,*,#8671,.T.);
#8671 = EDGE_CURVE('',#8189,#8378,#8672,.T.);
#8672 = LINE('',#8673,#8674);
#8673 = CARTESIAN_POINT('',(3.001,-1.171745425707,5.077225806535));
#8674 = VECTOR('',#8675,1.);
#8675 = DIRECTION('',(-1.,-0.,-0.));
#8676 = ORIENTED_EDGE('',*,*,#8386,.F.);
#8677 = B_SPLINE_SURFACE_WITH_KNOTS('',3,1,(
    (#8678,#8679)
    ,(#8680,#8681)
    ,(#8682,#8683)
    ,(#8684,#8685
    )),.UNSPECIFIED.,.F.,.F.,.F.,(4,4),(2,2),(7.,8.),(0.,1.),
  .PIECEWISE_BEZIER_KNOTS.);
#8678 = CARTESIAN_POINT('',(3.001,-1.205329606403,5.088663143614));
#8679 = CARTESIAN_POINT('',(3.,-1.205329606403,5.088663143614));
#8680 = CARTESIAN_POINT('',(3.001,-1.197011543073,5.081072910825));
#8681 = CARTESIAN_POINT('',(3.,-1.197011543073,5.081072910825));
#8682 = CARTESIAN_POINT('',(3.001,-1.185834145472,5.077225806535));
#8683 = CARTESIAN_POINT('',(3.,-1.185834145472,5.077225806535));
#8684 = CARTESIAN_POINT('',(3.001,-1.171745425707,5.077225806535));
#8685 = CARTESIAN_POINT('',(3.,-1.171745425707,5.077225806535));
#8686 = ADVANCED_FACE('',(#8687),#8698,.F.);
#8687 = FACE_BOUND('',#8688,.F.);
#8688 = EDGE_LOOP('',(#8689,#8690,#8691,#8697));
#8689 = ORIENTED_EDGE('',*,*,#8671,.F.);
#8690 = ORIENTED_EDGE('',*,*,#8197,.T.);
#8691 = ORIENTED_EDGE('',*,*,#8692,.T.);
#8692 = EDGE_CURVE('',#8198,#8370,#8693,.T.);
#8693 = LINE('',#8694,#8695);
#8694 = CARTESIAN_POINT('',(3.001,-1.127243786888,5.103115778651));
#8695 = VECTOR('',#8696,1.);
#8696 = DIRECTION('',(-1.,-0.,-0.));
#8697 = ORIENTED_EDGE('',*,*,#8377,.F.);
#8698 = B_SPLINE_SURFACE_WITH_KNOTS('',3,1,(
    (#8699,#8700)
    ,(#8701,#8702)
    ,(#8703,#8704)
    ,(#8705,#8706
    )),.UNSPECIFIED.,.F.,.F.,.F.,(4,4),(2,2),(6.,7.),(0.,1.),
  .PIECEWISE_BEZIER_KNOTS.);
#8699 = CARTESIAN_POINT('',(3.001,-1.171745425707,5.077225806535));
#8700 = CARTESIAN_POINT('',(3.,-1.171745425707,5.077225806535));
#8701 = CARTESIAN_POINT('',(3.001,-1.152145988984,5.077225806535));
#8702 = CARTESIAN_POINT('',(3.,-1.152145988984,5.077225806535));
#8703 = CARTESIAN_POINT('',(3.001,-1.13727745078,5.08585579724));
#8704 = CARTESIAN_POINT('',(3.,-1.13727745078,5.08585579724));
#8705 = CARTESIAN_POINT('',(3.001,-1.127243786888,5.103115778651));
#8706 = CARTESIAN_POINT('',(3.,-1.127243786888,5.103115778651));
#8707 = ADVANCED_FACE('',(#8708),#8719,.F.);
#8708 = FACE_BOUND('',#8709,.T.);
#8709 = EDGE_LOOP('',(#8710,#8711,#8717,#8718));
#8710 = ORIENTED_EDGE('',*,*,#8369,.T.);
#8711 = ORIENTED_EDGE('',*,*,#8712,.F.);
#8712 = EDGE_CURVE('',#8207,#8362,#8713,.T.);
#8713 = LINE('',#8714,#8715);
#8714 = CARTESIAN_POINT('',(3.001,-1.126567944243,5.103115778651));
#8715 = VECTOR('',#8716,1.);
#8716 = DIRECTION('',(-1.,-0.,-0.));
#8717 = ORIENTED_EDGE('',*,*,#8206,.F.);
#8718 = ORIENTED_EDGE('',*,*,#8692,.T.);
#8719 = PLANE('',#8720);
#8720 = AXIS2_PLACEMENT_3D('',#8721,#8722,#8723);
#8721 = CARTESIAN_POINT('',(3.001,-1.126567944243,5.103115778651));
#8722 = DIRECTION('',(0.,0.,1.));
#8723 = DIRECTION('',(1.,0.,-0.));
#8724 = ADVANCED_FACE('',(#8725),#8736,.F.);
#8725 = FACE_BOUND('',#8726,.T.);
#8726 = EDGE_LOOP('',(#8727,#8728,#8734,#8735));
#8727 = ORIENTED_EDGE('',*,*,#8361,.T.);
#8728 = ORIENTED_EDGE('',*,*,#8729,.F.);
#8729 = EDGE_CURVE('',#8215,#8354,#8730,.T.);
#8730 = LINE('',#8731,#8732);
#8731 = CARTESIAN_POINT('',(3.001,-1.126567944243,5.080657007659));
#8732 = VECTOR('',#8733,1.);
#8733 = DIRECTION('',(-1.,-0.,-0.));
#8734 = ORIENTED_EDGE('',*,*,#8214,.F.);
#8735 = ORIENTED_EDGE('',*,*,#8712,.T.);
#8736 = PLANE('',#8737);
#8737 = AXIS2_PLACEMENT_3D('',#8738,#8739,#8740);
#8738 = CARTESIAN_POINT('',(3.001,-1.126567944243,5.080657007659));
#8739 = DIRECTION('',(0.,1.,0.));
#8740 = DIRECTION('',(0.,-0.,1.));
#8741 = ADVANCED_FACE('',(#8742),#8753,.F.);
#8742 = FACE_BOUND('',#8743,.T.);
#8743 = EDGE_LOOP('',(#8744,#8745,#8751,#8752));
#8744 = ORIENTED_EDGE('',*,*,#8353,.T.);
#8745 = ORIENTED_EDGE('',*,*,#8746,.F.);
#8746 = EDGE_CURVE('',#8223,#8346,#8747,.T.);
#8747 = LINE('',#8748,#8749);
#8748 = CARTESIAN_POINT('',(3.001,-1.101093875293,5.080657007659));
#8749 = VECTOR('',#8750,1.);
#8750 = DIRECTION('',(-1.,-0.,-0.));
#8751 = ORIENTED_EDGE('',*,*,#8222,.F.);
#8752 = ORIENTED_EDGE('',*,*,#8729,.T.);
#8753 = PLANE('',#8754);
#8754 = AXIS2_PLACEMENT_3D('',#8755,#8756,#8757);
#8755 = CARTESIAN_POINT('',(3.001,-1.101093875293,5.080657007659));
#8756 = DIRECTION('',(0.,0.,1.));
#8757 = DIRECTION('',(1.,0.,-0.));
#8758 = ADVANCED_FACE('',(#8759),#8770,.F.);
#8759 = FACE_BOUND('',#8760,.T.);
#8760 = EDGE_LOOP('',(#8761,#8762,#8768,#8769));
#8761 = ORIENTED_EDGE('',*,*,#8345,.T.);
#8762 = ORIENTED_EDGE('',*,*,#8763,.F.);
#8763 = EDGE_CURVE('',#8231,#8337,#8764,.T.);
#8764 = LINE('',#8765,#8766);
#8765 = CARTESIAN_POINT('',(3.001,-1.101093875293,5.174131244335));
#8766 = VECTOR('',#8767,1.);
#8767 = DIRECTION('',(-1.,-0.,-0.));
#8768 = ORIENTED_EDGE('',*,*,#8230,.F.);
#8769 = ORIENTED_EDGE('',*,*,#8746,.T.);
#8770 = PLANE('',#8771);
#8771 = AXIS2_PLACEMENT_3D('',#8772,#8773,#8774);
#8772 = CARTESIAN_POINT('',(3.001,-1.101093875293,5.174131244335));
#8773 = DIRECTION('',(0.,-1.,-2.319788234798E-15));
#8774 = DIRECTION('',(0.,2.319788234798E-15,-1.));
#8775 = ADVANCED_FACE('',(#8776),#8782,.F.);
#8776 = FACE_BOUND('',#8777,.F.);
#8777 = EDGE_LOOP('',(#8778,#8779,#8780,#8781));
#8778 = ORIENTED_EDGE('',*,*,#8763,.F.);
#8779 = ORIENTED_EDGE('',*,*,#8238,.T.);
#8780 = ORIENTED_EDGE('',*,*,#8525,.T.);
#8781 = ORIENTED_EDGE('',*,*,#8336,.F.);
#8782 = B_SPLINE_SURFACE_WITH_KNOTS('',3,1,(
    (#8783,#8784)
    ,(#8785,#8786)
    ,(#8787,#8788)
    ,(#8789,#8790
    )),.UNSPECIFIED.,.F.,.F.,.F.,(4,4),(2,2),(1.,2.),(0.,1.),
  .PIECEWISE_BEZIER_KNOTS.);
#8783 = CARTESIAN_POINT('',(3.001,-1.101093875293,5.174131244335));
#8784 = CARTESIAN_POINT('',(3.,-1.101093875293,5.174131244335));
#8785 = CARTESIAN_POINT('',(3.001,-1.101093875293,5.210938674573));
#8786 = CARTESIAN_POINT('',(3.,-1.101093875293,5.210938674573));
#8787 = CARTESIAN_POINT('',(3.001,-1.118613796183,5.229238413901));
#8788 = CARTESIAN_POINT('',(3.,-1.118613796183,5.229238413901));
#8789 = CARTESIAN_POINT('',(3.001,-1.153601650067,5.229238413901));
#8790 = CARTESIAN_POINT('',(3.,-1.153601650067,5.229238413901));
#8791 = ADVANCED_FACE('',(#8792),#8808,.T.);
#8792 = FACE_BOUND('',#8793,.T.);
#8793 = EDGE_LOOP('',(#8794,#8795,#8801,#8802));
#8794 = ORIENTED_EDGE('',*,*,#8447,.F.);
#8795 = ORIENTED_EDGE('',*,*,#8796,.F.);
#8796 = EDGE_CURVE('',#8259,#8448,#8797,.T.);
#8797 = LINE('',#8798,#8799);
#8798 = CARTESIAN_POINT('',(3.001,-1.160568028106,5.148969102761));
#8799 = VECTOR('',#8800,1.);
#8800 = DIRECTION('',(-1.,-0.,-0.));
#8801 = ORIENTED_EDGE('',*,*,#8258,.T.);
#8802 = ORIENTED_EDGE('',*,*,#8803,.T.);
#8803 = EDGE_CURVE('',#8248,#8450,#8804,.T.);
#8804 = LINE('',#8805,#8806);
#8805 = CARTESIAN_POINT('',(3.001,-1.185210290723,5.14002718468));
#8806 = VECTOR('',#8807,1.);
#8807 = DIRECTION('',(-1.,-0.,-0.));
#8808 = B_SPLINE_SURFACE_WITH_KNOTS('',3,1,(
    (#8809,#8810)
    ,(#8811,#8812)
    ,(#8813,#8814)
    ,(#8815,#8816
    )),.UNSPECIFIED.,.F.,.F.,.F.,(4,4),(2,2),(0.,1.),(0.,1.),
  .PIECEWISE_BEZIER_KNOTS.);
#8809 = CARTESIAN_POINT('',(3.001,-1.160568028106,5.148969102761));
#8810 = CARTESIAN_POINT('',(3.,-1.160568028106,5.148969102761));
#8811 = CARTESIAN_POINT('',(3.001,-1.172473256248,5.147305490094));
#8812 = CARTESIAN_POINT('',(3.,-1.172473256248,5.147305490094));
#8813 = CARTESIAN_POINT('',(3.001,-1.180687343787,5.144394167929));
#8814 = CARTESIAN_POINT('',(3.,-1.180687343787,5.144394167929));
#8815 = CARTESIAN_POINT('',(3.001,-1.185210290723,5.14002718468));
#8816 = CARTESIAN_POINT('',(3.,-1.185210290723,5.14002718468));
#8817 = ADVANCED_FACE('',(#8818),#8829,.T.);
#8818 = FACE_BOUND('',#8819,.T.);
#8819 = EDGE_LOOP('',(#8820,#8821,#8822,#8823));
#8820 = ORIENTED_EDGE('',*,*,#8458,.F.);
#8821 = ORIENTED_EDGE('',*,*,#8803,.F.);
#8822 = ORIENTED_EDGE('',*,*,#8247,.T.);
#8823 = ORIENTED_EDGE('',*,*,#8824,.T.);
#8824 = EDGE_CURVE('',#8250,#8459,#8825,.T.);
#8825 = LINE('',#8826,#8827);
#8826 = CARTESIAN_POINT('',(3.001,-1.191968717179,5.121623469561));
#8827 = VECTOR('',#8828,1.);
#8828 = DIRECTION('',(-1.,-0.,-0.));
#8829 = B_SPLINE_SURFACE_WITH_KNOTS('',3,1,(
    (#8830,#8831)
    ,(#8832,#8833)
    ,(#8834,#8835)
    ,(#8836,#8837
    )),.UNSPECIFIED.,.F.,.F.,.F.,(4,4),(2,2),(1.,2.),(0.,1.),
  .PIECEWISE_BEZIER_KNOTS.);
#8830 = CARTESIAN_POINT('',(3.001,-1.185210290723,5.14002718468));
#8831 = CARTESIAN_POINT('',(3.,-1.185210290723,5.14002718468));
#8832 = CARTESIAN_POINT('',(3.001,-1.189681249763,5.135660201432));
#8833 = CARTESIAN_POINT('',(3.,-1.189681249763,5.135660201432));
#8834 = CARTESIAN_POINT('',(3.001,-1.191968717179,5.129525629726));
#8835 = CARTESIAN_POINT('',(3.,-1.191968717179,5.129525629726));
#8836 = CARTESIAN_POINT('',(3.001,-1.191968717179,5.121623469561));
#8837 = CARTESIAN_POINT('',(3.,-1.191968717179,5.121623469561));
#8838 = ADVANCED_FACE('',(#8839),#8850,.T.);
#8839 = FACE_BOUND('',#8840,.T.);
#8840 = EDGE_LOOP('',(#8841,#8842,#8843,#8844));
#8841 = ORIENTED_EDGE('',*,*,#8467,.F.);
#8842 = ORIENTED_EDGE('',*,*,#8824,.F.);
#8843 = ORIENTED_EDGE('',*,*,#8310,.T.);
#8844 = ORIENTED_EDGE('',*,*,#8845,.T.);
#8845 = EDGE_CURVE('',#8302,#8468,#8846,.T.);
#8846 = LINE('',#8847,#8848);
#8847 = CARTESIAN_POINT('',(3.001,-1.184586435973,5.104675415525));
#8848 = VECTOR('',#8849,1.);
#8849 = DIRECTION('',(-1.,-0.,-0.));
#8850 = B_SPLINE_SURFACE_WITH_KNOTS('',3,1,(
    (#8851,#8852)
    ,(#8853,#8854)
    ,(#8855,#8856)
    ,(#8857,#8858
    )),.UNSPECIFIED.,.F.,.F.,.F.,(4,4),(2,2),(2.,3.),(0.,1.),
  .PIECEWISE_BEZIER_KNOTS.);
#8851 = CARTESIAN_POINT('',(3.001,-1.191968717179,5.121623469561));
#8852 = CARTESIAN_POINT('',(3.,-1.191968717179,5.121623469561));
#8853 = CARTESIAN_POINT('',(3.001,-1.191968717179,5.114657091523));
#8854 = CARTESIAN_POINT('',(3.,-1.191968717179,5.114657091523));
#8855 = CARTESIAN_POINT('',(3.001,-1.189525286075,5.109042398774));
#8856 = CARTESIAN_POINT('',(3.,-1.189525286075,5.109042398774));
#8857 = CARTESIAN_POINT('',(3.001,-1.184586435973,5.104675415525));
#8858 = CARTESIAN_POINT('',(3.,-1.184586435973,5.104675415525));
#8859 = ADVANCED_FACE('',(#8860),#8871,.T.);
#8860 = FACE_BOUND('',#8861,.T.);
#8861 = EDGE_LOOP('',(#8862,#8863,#8864,#8865));
#8862 = ORIENTED_EDGE('',*,*,#8476,.F.);
#8863 = ORIENTED_EDGE('',*,*,#8845,.F.);
#8864 = ORIENTED_EDGE('',*,*,#8301,.T.);
#8865 = ORIENTED_EDGE('',*,*,#8866,.T.);
#8866 = EDGE_CURVE('',#8293,#8477,#8867,.T.);
#8867 = LINE('',#8868,#8869);
#8868 = CARTESIAN_POINT('',(3.001,-1.165142962938,5.098124940653));
#8869 = VECTOR('',#8870,1.);
#8870 = DIRECTION('',(-1.,-0.,-0.));
#8871 = B_SPLINE_SURFACE_WITH_KNOTS('',3,1,(
    (#8872,#8873)
    ,(#8874,#8875)
    ,(#8876,#8877)
    ,(#8878,#8879
    )),.UNSPECIFIED.,.F.,.F.,.F.,(4,4),(2,2),(3.,4.),(0.,1.),
  .PIECEWISE_BEZIER_KNOTS.);
#8872 = CARTESIAN_POINT('',(3.001,-1.184586435973,5.104675415525));
#8873 = CARTESIAN_POINT('',(3.,-1.184586435973,5.104675415525));
#8874 = CARTESIAN_POINT('',(3.001,-1.179699573766,5.100308432277));
#8875 = CARTESIAN_POINT('',(3.,-1.179699573766,5.100308432277));
#8876 = CARTESIAN_POINT('',(3.001,-1.17320108679,5.098124940653));
#8877 = CARTESIAN_POINT('',(3.,-1.17320108679,5.098124940653));
#8878 = CARTESIAN_POINT('',(3.001,-1.165142962938,5.098124940653));
#8879 = CARTESIAN_POINT('',(3.,-1.165142962938,5.098124940653));
#8880 = ADVANCED_FACE('',(#8881),#8892,.T.);
#8881 = FACE_BOUND('',#8882,.T.);
#8882 = EDGE_LOOP('',(#8883,#8884,#8885,#8886));
#8883 = ORIENTED_EDGE('',*,*,#8485,.F.);
#8884 = ORIENTED_EDGE('',*,*,#8866,.F.);
#8885 = ORIENTED_EDGE('',*,*,#8292,.T.);
#8886 = ORIENTED_EDGE('',*,*,#8887,.T.);
#8887 = EDGE_CURVE('',#8284,#8486,#8888,.T.);
#8888 = LINE('',#8889,#8890);
#8889 = CARTESIAN_POINT('',(3.001,-1.137485402364,5.109978180899));
#8890 = VECTOR('',#8891,1.);
#8891 = DIRECTION('',(-1.,-0.,-0.));
#8892 = B_SPLINE_SURFACE_WITH_KNOTS('',3,1,(
    (#8893,#8894)
    ,(#8895,#8896)
    ,(#8897,#8898)
    ,(#8899,#8900
    )),.UNSPECIFIED.,.F.,.F.,.F.,(4,4),(2,2),(4.,5.),(0.,1.),
  .PIECEWISE_BEZIER_KNOTS.);
#8893 = CARTESIAN_POINT('',(3.001,-1.165142962938,5.098124940653));
#8894 = CARTESIAN_POINT('',(3.,-1.165142962938,5.098124940653));
#8895 = CARTESIAN_POINT('',(3.001,-1.153965565338,5.098124940653));
#8896 = CARTESIAN_POINT('',(3.,-1.153965565338,5.098124940653));
#8897 = CARTESIAN_POINT('',(3.001,-1.144711719883,5.102076020734));
#8898 = CARTESIAN_POINT('',(3.,-1.144711719883,5.102076020734));
#8899 = CARTESIAN_POINT('',(3.001,-1.137485402364,5.109978180899));
#8900 = CARTESIAN_POINT('',(3.,-1.137485402364,5.109978180899));
#8901 = ADVANCED_FACE('',(#8902),#8913,.T.);
#8902 = FACE_BOUND('',#8903,.T.);
#8903 = EDGE_LOOP('',(#8904,#8905,#8906,#8907));
#8904 = ORIENTED_EDGE('',*,*,#8494,.F.);
#8905 = ORIENTED_EDGE('',*,*,#8887,.F.);
#8906 = ORIENTED_EDGE('',*,*,#8283,.T.);
#8907 = ORIENTED_EDGE('',*,*,#8908,.T.);
#8908 = EDGE_CURVE('',#8276,#8495,#8909,.T.);
#8909 = LINE('',#8910,#8911);
#8910 = CARTESIAN_POINT('',(3.001,-1.126567944243,5.139611281514));
#8911 = VECTOR('',#8912,1.);
#8912 = DIRECTION('',(-1.,-0.,-0.));
#8913 = B_SPLINE_SURFACE_WITH_KNOTS('',3,1,(
    (#8914,#8915)
    ,(#8916,#8917)
    ,(#8918,#8919)
    ,(#8920,#8921
    )),.UNSPECIFIED.,.F.,.F.,.F.,(4,4),(2,2),(5.,6.),(0.,1.),
  .PIECEWISE_BEZIER_KNOTS.);
#8914 = CARTESIAN_POINT('',(3.001,-1.137485402364,5.109978180899));
#8915 = CARTESIAN_POINT('',(3.,-1.137485402364,5.109978180899));
#8916 = CARTESIAN_POINT('',(3.001,-1.13020709695,5.117776365271));
#8917 = CARTESIAN_POINT('',(3.,-1.13020709695,5.117776365271));
#8918 = CARTESIAN_POINT('',(3.001,-1.126567944243,5.127654065476));
#8919 = CARTESIAN_POINT('',(3.,-1.126567944243,5.127654065476));
#8920 = CARTESIAN_POINT('',(3.001,-1.126567944243,5.139611281514));
#8921 = CARTESIAN_POINT('',(3.,-1.126567944243,5.139611281514));
#8922 = ADVANCED_FACE('',(#8923),#8934,.T.);
#8923 = FACE_BOUND('',#8924,.T.);
#8924 = EDGE_LOOP('',(#8925,#8926,#8927,#8928));
#8925 = ORIENTED_EDGE('',*,*,#8503,.F.);
#8926 = ORIENTED_EDGE('',*,*,#8908,.F.);
#8927 = ORIENTED_EDGE('',*,*,#8275,.T.);
#8928 = ORIENTED_EDGE('',*,*,#8929,.T.);
#8929 = EDGE_CURVE('',#8268,#8504,#8930,.T.);
#8930 = LINE('',#8931,#8932);
#8931 = CARTESIAN_POINT('',(3.001,-1.126567944243,5.153544037593));
#8932 = VECTOR('',#8933,1.);
#8933 = DIRECTION('',(-1.,-0.,-0.));
#8934 = PLANE('',#8935);
#8935 = AXIS2_PLACEMENT_3D('',#8936,#8937,#8938);
#8936 = CARTESIAN_POINT('',(3.001,-1.126567944243,5.139611281514));
#8937 = DIRECTION('',(0.,-1.,0.));
#8938 = DIRECTION('',(0.,0.,-1.));
#8939 = ADVANCED_FACE('',(#8940),#8946,.T.);
#8940 = FACE_BOUND('',#8941,.T.);
#8941 = EDGE_LOOP('',(#8942,#8943,#8944,#8945));
#8942 = ORIENTED_EDGE('',*,*,#8511,.F.);
#8943 = ORIENTED_EDGE('',*,*,#8929,.F.);
#8944 = ORIENTED_EDGE('',*,*,#8267,.T.);
#8945 = ORIENTED_EDGE('',*,*,#8796,.T.);
#8946 = PLANE('',#8947);
#8947 = AXIS2_PLACEMENT_3D('',#8948,#8949,#8950);
#8948 = CARTESIAN_POINT('',(3.001,-1.126567944243,5.153544037593));
#8949 = DIRECTION('',(0.,0.133354764894,-0.9910683663));
#8950 = DIRECTION('',(0.,0.9910683663,0.133354764894));
#8951 = ( GEOMETRIC_REPRESENTATION_CONTEXT(3) 
GLOBAL_UNCERTAINTY_ASSIGNED_CONTEXT((#8955)) 
GLOBAL_UNIT_ASSIGNED_CONTEXT((#8952,#8953,#8954)) REPRESENTATION_CONTEXT
('Context #1','3D Context with UNIT and UNCERTAINTY') );
#8952 = ( LENGTH_UNIT() NAMED_UNIT(*) SI_UNIT(.MILLI.,.METRE.) );
#8953 = ( NAMED_UNIT(*) PLANE_ANGLE_UNIT() SI_UNIT($,.RADIAN.) );
#8954 = ( NAMED_UNIT(*) SI_UNIT($,.STERADIAN.) SOLID_ANGLE_UNIT() );
#8955 = UNCERTAINTY_MEASURE_WITH_UNIT(LENGTH_MEASURE(1.E-07),#8952,
  'distance_accuracy_value','confusion accuracy');
#8956 = CONTEXT_DEPENDENT_SHAPE_REPRESENTATION(#8957,#8959);
#8957 = ( REPRESENTATION_RELATIONSHIP('','',#8118,#55) 
REPRESENTATION_RELATIONSHIP_WITH_TRANSFORMATION(#8958) 
SHAPE_REPRESENTATION_RELATIONSHIP() );
#8958 = ITEM_DEFINED_TRANSFORMATION('','',#11,#84);
#8959 = PRODUCT_DEFINITION_SHAPE('Placement','Placement of an item',
  #8960);
#8960 = NEXT_ASSEMBLY_USAGE_OCCURRENCE('8',
  'CONN-SMD_T31000~CONN-SMD_T31000~AJBg007','',#50,#8113,$);
#8961 = PRODUCT_RELATED_PRODUCT_CATEGORY('part',$,(#8115));
#8962 = SHAPE_DEFINITION_REPRESENTATION(#8963,#8969);
#8963 = PRODUCT_DEFINITION_SHAPE('','',#8964);
#8964 = PRODUCT_DEFINITION('design','',#8965,#8968);
#8965 = PRODUCT_DEFINITION_FORMATION('','',#8966);
#8966 = PRODUCT('CONN-SMD_T31000~CONN-SMD_T31000~AJBg008',
  'CONN-SMD_T31000~CONN-SMD_T31000~AJBg008','',(#8967));
#8967 = PRODUCT_CONTEXT('',#2,'mechanical');
#8968 = PRODUCT_DEFINITION_CONTEXT('part definition',#2,'design');
#8969 = ADVANCED_BREP_SHAPE_REPRESENTATION('',(#11,#8970),#9795);
#8970 = MANIFOLD_SOLID_BREP('',#8971);
#8971 = CLOSED_SHELL('',(#8972,#9018,#9049,#9086,#9123,#9160,#9197,#9234
    ,#9271,#9308,#9345,#9382,#9419,#9450,#9487,#9524,#9561,#9598,#9635,
    #9672,#9709,#9737,#9766));
#8972 = ADVANCED_FACE('',(#8973),#9009,.F.);
#8973 = FACE_BOUND('',#8974,.F.);
#8974 = EDGE_LOOP('',(#8975,#8985,#8994,#9002));
#8975 = ORIENTED_EDGE('',*,*,#8976,.F.);
#8976 = EDGE_CURVE('',#8977,#8979,#8981,.T.);
#8977 = VERTEX_POINT('',#8978);
#8978 = CARTESIAN_POINT('',(3.001,-1.024671668443,5.098020964861));
#8979 = VERTEX_POINT('',#8980);
#8980 = CARTESIAN_POINT('',(3.,-1.024671668443,5.098020964861));
#8981 = LINE('',#8982,#8983);
#8982 = CARTESIAN_POINT('',(3.001,-1.024671668443,5.098020964861));
#8983 = VECTOR('',#8984,1.);
#8984 = DIRECTION('',(-1.,-0.,-0.));
#8985 = ORIENTED_EDGE('',*,*,#8986,.T.);
#8986 = EDGE_CURVE('',#8977,#8987,#8989,.T.);
#8987 = VERTEX_POINT('',#8988);
#8988 = CARTESIAN_POINT('',(3.001,-1.066573912471,5.112057696731));
#8989 = B_SPLINE_CURVE_WITH_KNOTS('',3,(#8990,#8991,#8992,#8993),
  .UNSPECIFIED.,.F.,.F.,(4,4),(0.,1.),.PIECEWISE_BEZIER_KNOTS.);
#8990 = CARTESIAN_POINT('',(3.001,-1.024671668443,5.098020964861));
#8991 = CARTESIAN_POINT('',(3.001,-1.039644182439,5.098020964861));
#8992 = CARTESIAN_POINT('',(3.001,-1.053576938517,5.102699875485));
#8993 = CARTESIAN_POINT('',(3.001,-1.066573912471,5.112057696731));
#8994 = ORIENTED_EDGE('',*,*,#8995,.T.);
#8995 = EDGE_CURVE('',#8987,#8996,#8998,.T.);
#8996 = VERTEX_POINT('',#8997);
#8997 = CARTESIAN_POINT('',(3.,-1.066573912471,5.112057696731));
#8998 = LINE('',#8999,#9000);
#8999 = CARTESIAN_POINT('',(3.001,-1.066573912471,5.112057696731));
#9000 = VECTOR('',#9001,1.);
#9001 = DIRECTION('',(-1.,-0.,-0.));
#9002 = ORIENTED_EDGE('',*,*,#9003,.F.);
#9003 = EDGE_CURVE('',#8979,#8996,#9004,.T.);
#9004 = B_SPLINE_CURVE_WITH_KNOTS('',3,(#9005,#9006,#9007,#9008),
  .UNSPECIFIED.,.F.,.F.,(4,4),(0.,1.),.PIECEWISE_BEZIER_KNOTS.);
#9005 = CARTESIAN_POINT('',(3.,-1.024671668443,5.098020964861));
#9006 = CARTESIAN_POINT('',(3.,-1.039644182439,5.098020964861));
#9007 = CARTESIAN_POINT('',(3.,-1.053576938517,5.102699875485));
#9008 = CARTESIAN_POINT('',(3.,-1.066573912471,5.112057696731));
#9009 = B_SPLINE_SURFACE_WITH_KNOTS('',3,1,(
    (#9010,#9011)
    ,(#9012,#9013)
    ,(#9014,#9015)
    ,(#9016,#9017
    )),.UNSPECIFIED.,.F.,.F.,.F.,(4,4),(2,2),(0.,1.),(0.,1.),
  .PIECEWISE_BEZIER_KNOTS.);
#9010 = CARTESIAN_POINT('',(3.001,-1.024671668443,5.098020964861));
#9011 = CARTESIAN_POINT('',(3.,-1.024671668443,5.098020964861));
#9012 = CARTESIAN_POINT('',(3.001,-1.039644182439,5.098020964861));
#9013 = CARTESIAN_POINT('',(3.,-1.039644182439,5.098020964861));
#9014 = CARTESIAN_POINT('',(3.001,-1.053576938517,5.102699875485));
#9015 = CARTESIAN_POINT('',(3.,-1.053576938517,5.102699875485));
#9016 = CARTESIAN_POINT('',(3.001,-1.066573912471,5.112057696731));
#9017 = CARTESIAN_POINT('',(3.,-1.066573912471,5.112057696731));
#9018 = ADVANCED_FACE('',(#9019),#9044,.F.);
#9019 = FACE_BOUND('',#9020,.T.);
#9020 = EDGE_LOOP('',(#9021,#9029,#9037,#9043));
#9021 = ORIENTED_EDGE('',*,*,#9022,.T.);
#9022 = EDGE_CURVE('',#8996,#9023,#9025,.T.);
#9023 = VERTEX_POINT('',#9024);
#9024 = CARTESIAN_POINT('',(3.,-1.066573912471,5.085751821449));
#9025 = LINE('',#9026,#9027);
#9026 = CARTESIAN_POINT('',(3.,-1.066573912471,5.085751821449));
#9027 = VECTOR('',#9028,1.);
#9028 = DIRECTION('',(-0.,-0.,-1.));
#9029 = ORIENTED_EDGE('',*,*,#9030,.F.);
#9030 = EDGE_CURVE('',#9031,#9023,#9033,.T.);
#9031 = VERTEX_POINT('',#9032);
#9032 = CARTESIAN_POINT('',(3.001,-1.066573912471,5.085751821449));
#9033 = LINE('',#9034,#9035);
#9034 = CARTESIAN_POINT('',(3.001,-1.066573912471,5.085751821449));
#9035 = VECTOR('',#9036,1.);
#9036 = DIRECTION('',(-1.,-0.,-0.));
#9037 = ORIENTED_EDGE('',*,*,#9038,.F.);
#9038 = EDGE_CURVE('',#8987,#9031,#9039,.T.);
#9039 = LINE('',#9040,#9041);
#9040 = CARTESIAN_POINT('',(3.001,-1.066573912471,5.085751821449));
#9041 = VECTOR('',#9042,1.);
#9042 = DIRECTION('',(-0.,-0.,-1.));
#9043 = ORIENTED_EDGE('',*,*,#8995,.T.);
#9044 = PLANE('',#9045);
#9045 = AXIS2_PLACEMENT_3D('',#9046,#9047,#9048);
#9046 = CARTESIAN_POINT('',(3.001,-1.066573912471,5.085751821449));
#9047 = DIRECTION('',(0.,1.,0.));
#9048 = DIRECTION('',(0.,-0.,1.));
#9049 = ADVANCED_FACE('',(#9050),#9077,.F.);
#9050 = FACE_BOUND('',#9051,.F.);
#9051 = EDGE_LOOP('',(#9052,#9053,#9062,#9070));
#9052 = ORIENTED_EDGE('',*,*,#9030,.F.);
#9053 = ORIENTED_EDGE('',*,*,#9054,.T.);
#9054 = EDGE_CURVE('',#9031,#9055,#9057,.T.);
#9055 = VERTEX_POINT('',#9056);
#9056 = CARTESIAN_POINT('',(3.001,-1.027167087442,5.077225806535));
#9057 = B_SPLINE_CURVE_WITH_KNOTS('',3,(#9058,#9059,#9060,#9061),
  .UNSPECIFIED.,.F.,.F.,(4,4),(19.,20.),.PIECEWISE_BEZIER_KNOTS.);
#9058 = CARTESIAN_POINT('',(3.001,-1.066573912471,5.085751821449));
#9059 = CARTESIAN_POINT('',(3.001,-1.055344526975,5.0801371287));
#9060 = CARTESIAN_POINT('',(3.001,-1.042243577229,5.077225806535));
#9061 = CARTESIAN_POINT('',(3.001,-1.027167087442,5.077225806535));
#9062 = ORIENTED_EDGE('',*,*,#9063,.T.);
#9063 = EDGE_CURVE('',#9055,#9064,#9066,.T.);
#9064 = VERTEX_POINT('',#9065);
#9065 = CARTESIAN_POINT('',(3.,-1.027167087442,5.077225806535));
#9066 = LINE('',#9067,#9068);
#9067 = CARTESIAN_POINT('',(3.001,-1.027167087442,5.077225806535));
#9068 = VECTOR('',#9069,1.);
#9069 = DIRECTION('',(-1.,-0.,-0.));
#9070 = ORIENTED_EDGE('',*,*,#9071,.F.);
#9071 = EDGE_CURVE('',#9023,#9064,#9072,.T.);
#9072 = B_SPLINE_CURVE_WITH_KNOTS('',3,(#9073,#9074,#9075,#9076),
  .UNSPECIFIED.,.F.,.F.,(4,4),(19.,20.),.PIECEWISE_BEZIER_KNOTS.);
#9073 = CARTESIAN_POINT('',(3.,-1.066573912471,5.085751821449));
#9074 = CARTESIAN_POINT('',(3.,-1.055344526975,5.0801371287));
#9075 = CARTESIAN_POINT('',(3.,-1.042243577229,5.077225806535));
#9076 = CARTESIAN_POINT('',(3.,-1.027167087442,5.077225806535));
#9077 = B_SPLINE_SURFACE_WITH_KNOTS('',3,1,(
    (#9078,#9079)
    ,(#9080,#9081)
    ,(#9082,#9083)
    ,(#9084,#9085
    )),.UNSPECIFIED.,.F.,.F.,.F.,(4,4),(2,2),(19.,20.),(0.,1.),
  .PIECEWISE_BEZIER_KNOTS.);
#9078 = CARTESIAN_POINT('',(3.001,-1.066573912471,5.085751821449));
#9079 = CARTESIAN_POINT('',(3.,-1.066573912471,5.085751821449));
#9080 = CARTESIAN_POINT('',(3.001,-1.055344526975,5.0801371287));
#9081 = CARTESIAN_POINT('',(3.,-1.055344526975,5.0801371287));
#9082 = CARTESIAN_POINT('',(3.001,-1.042243577229,5.077225806535));
#9083 = CARTESIAN_POINT('',(3.,-1.042243577229,5.077225806535));
#9084 = CARTESIAN_POINT('',(3.001,-1.027167087442,5.077225806535));
#9085 = CARTESIAN_POINT('',(3.,-1.027167087442,5.077225806535));
#9086 = ADVANCED_FACE('',(#9087),#9114,.F.);
#9087 = FACE_BOUND('',#9088,.F.);
#9088 = EDGE_LOOP('',(#9089,#9090,#9099,#9107));
#9089 = ORIENTED_EDGE('',*,*,#9063,.F.);
#9090 = ORIENTED_EDGE('',*,*,#9091,.T.);
#9091 = EDGE_CURVE('',#9055,#9092,#9094,.T.);
#9092 = VERTEX_POINT('',#9093);
#9093 = CARTESIAN_POINT('',(3.001,-0.984848940249,5.088767119405));
#9094 = B_SPLINE_CURVE_WITH_KNOTS('',3,(#9095,#9096,#9097,#9098),
  .UNSPECIFIED.,.F.,.F.,(4,4),(18.,19.),.PIECEWISE_BEZIER_KNOTS.);
#9095 = CARTESIAN_POINT('',(3.001,-1.027167087442,5.077225806535));
#9096 = CARTESIAN_POINT('',(3.001,-1.009855118136,5.077225806535));
#9097 = CARTESIAN_POINT('',(3.001,-0.995714410474,5.081072910825));
#9098 = CARTESIAN_POINT('',(3.001,-0.984848940249,5.088767119405));
#9099 = ORIENTED_EDGE('',*,*,#9100,.T.);
#9100 = EDGE_CURVE('',#9092,#9101,#9103,.T.);
#9101 = VERTEX_POINT('',#9102);
#9102 = CARTESIAN_POINT('',(3.,-0.984848940249,5.088767119405));
#9103 = LINE('',#9104,#9105);
#9104 = CARTESIAN_POINT('',(3.001,-0.984848940249,5.088767119405));
#9105 = VECTOR('',#9106,1.);
#9106 = DIRECTION('',(-1.,-0.,-0.));
#9107 = ORIENTED_EDGE('',*,*,#9108,.F.);
#9108 = EDGE_CURVE('',#9064,#9101,#9109,.T.);
#9109 = B_SPLINE_CURVE_WITH_KNOTS('',3,(#9110,#9111,#9112,#9113),
  .UNSPECIFIED.,.F.,.F.,(4,4),(18.,19.),.PIECEWISE_BEZIER_KNOTS.);
#9110 = CARTESIAN_POINT('',(3.,-1.027167087442,5.077225806535));
#9111 = CARTESIAN_POINT('',(3.,-1.009855118136,5.077225806535));
#9112 = CARTESIAN_POINT('',(3.,-0.995714410474,5.081072910825));
#9113 = CARTESIAN_POINT('',(3.,-0.984848940249,5.088767119405));
#9114 = B_SPLINE_SURFACE_WITH_KNOTS('',3,1,(
    (#9115,#9116)
    ,(#9117,#9118)
    ,(#9119,#9120)
    ,(#9121,#9122
    )),.UNSPECIFIED.,.F.,.F.,.F.,(4,4),(2,2),(18.,19.),(0.,1.),
  .PIECEWISE_BEZIER_KNOTS.);
#9115 = CARTESIAN_POINT('',(3.001,-1.027167087442,5.077225806535));
#9116 = CARTESIAN_POINT('',(3.,-1.027167087442,5.077225806535));
#9117 = CARTESIAN_POINT('',(3.001,-1.009855118136,5.077225806535));
#9118 = CARTESIAN_POINT('',(3.,-1.009855118136,5.077225806535));
#9119 = CARTESIAN_POINT('',(3.001,-0.995714410474,5.081072910825));
#9120 = CARTESIAN_POINT('',(3.,-0.995714410474,5.081072910825));
#9121 = CARTESIAN_POINT('',(3.001,-0.984848940249,5.088767119405));
#9122 = CARTESIAN_POINT('',(3.,-0.984848940249,5.088767119405));
#9123 = ADVANCED_FACE('',(#9124),#9151,.F.);
#9124 = FACE_BOUND('',#9125,.F.);
#9125 = EDGE_LOOP('',(#9126,#9127,#9136,#9144));
#9126 = ORIENTED_EDGE('',*,*,#9100,.F.);
#9127 = ORIENTED_EDGE('',*,*,#9128,.T.);
#9128 = EDGE_CURVE('',#9092,#9129,#9131,.T.);
#9129 = VERTEX_POINT('',#9130);
#9130 = CARTESIAN_POINT('',(3.001,-0.968472753067,5.120167808478));
#9131 = B_SPLINE_CURVE_WITH_KNOTS('',3,(#9132,#9133,#9134,#9135),
  .UNSPECIFIED.,.F.,.F.,(4,4),(17.,18.),.PIECEWISE_BEZIER_KNOTS.);
#9132 = CARTESIAN_POINT('',(3.001,-0.984848940249,5.088767119405));
#9133 = CARTESIAN_POINT('',(3.001,-0.973931482127,5.096357352196));
#9134 = CARTESIAN_POINT('',(3.001,-0.968472753067,5.106858907149));
#9135 = CARTESIAN_POINT('',(3.001,-0.968472753067,5.120167808478));
#9136 = ORIENTED_EDGE('',*,*,#9137,.T.);
#9137 = EDGE_CURVE('',#9129,#9138,#9140,.T.);
#9138 = VERTEX_POINT('',#9139);
#9139 = CARTESIAN_POINT('',(3.,-0.968472753067,5.120167808478));
#9140 = LINE('',#9141,#9142);
#9141 = CARTESIAN_POINT('',(3.001,-0.968472753067,5.120167808478));
#9142 = VECTOR('',#9143,1.);
#9143 = DIRECTION('',(-1.,-0.,-0.));
#9144 = ORIENTED_EDGE('',*,*,#9145,.F.);
#9145 = EDGE_CURVE('',#9101,#9138,#9146,.T.);
#9146 = B_SPLINE_CURVE_WITH_KNOTS('',3,(#9147,#9148,#9149,#9150),
  .UNSPECIFIED.,.F.,.F.,(4,4),(17.,18.),.PIECEWISE_BEZIER_KNOTS.);
#9147 = CARTESIAN_POINT('',(3.,-0.984848940249,5.088767119405));
#9148 = CARTESIAN_POINT('',(3.,-0.973931482127,5.096357352196));
#9149 = CARTESIAN_POINT('',(3.,-0.968472753067,5.106858907149));
#9150 = CARTESIAN_POINT('',(3.,-0.968472753067,5.120167808478));
#9151 = B_SPLINE_SURFACE_WITH_KNOTS('',3,1,(
    (#9152,#9153)
    ,(#9154,#9155)
    ,(#9156,#9157)
    ,(#9158,#9159
    )),.UNSPECIFIED.,.F.,.F.,.F.,(4,4),(2,2),(17.,18.),(0.,1.),
  .PIECEWISE_BEZIER_KNOTS.);
#9152 = CARTESIAN_POINT('',(3.001,-0.984848940249,5.088767119405));
#9153 = CARTESIAN_POINT('',(3.,-0.984848940249,5.088767119405));
#9154 = CARTESIAN_POINT('',(3.001,-0.973931482127,5.096357352196));
#9155 = CARTESIAN_POINT('',(3.,-0.973931482127,5.096357352196));
#9156 = CARTESIAN_POINT('',(3.001,-0.968472753067,5.106858907149));
#9157 = CARTESIAN_POINT('',(3.,-0.968472753067,5.106858907149));
#9158 = CARTESIAN_POINT('',(3.001,-0.968472753067,5.120167808478));
#9159 = CARTESIAN_POINT('',(3.,-0.968472753067,5.120167808478));
#9160 = ADVANCED_FACE('',(#9161),#9188,.F.);
#9161 = FACE_BOUND('',#9162,.F.);
#9162 = EDGE_LOOP('',(#9163,#9164,#9173,#9181));
#9163 = ORIENTED_EDGE('',*,*,#9137,.F.);
#9164 = ORIENTED_EDGE('',*,*,#9165,.T.);
#9165 = EDGE_CURVE('',#9129,#9166,#9168,.T.);
#9166 = VERTEX_POINT('',#9167);
#9167 = CARTESIAN_POINT('',(3.001,-0.97699876798,5.144186216346));
#9168 = B_SPLINE_CURVE_WITH_KNOTS('',3,(#9169,#9170,#9171,#9172),
  .UNSPECIFIED.,.F.,.F.,(4,4),(16.,17.),.PIECEWISE_BEZIER_KNOTS.);
#9169 = CARTESIAN_POINT('',(3.001,-0.968472753067,5.120167808478));
#9170 = CARTESIAN_POINT('',(3.001,-0.968472753067,5.129733581309));
#9171 = CARTESIAN_POINT('',(3.001,-0.971332087337,5.137739717265));
#9172 = CARTESIAN_POINT('',(3.001,-0.97699876798,5.144186216346));
#9173 = ORIENTED_EDGE('',*,*,#9174,.T.);
#9174 = EDGE_CURVE('',#9166,#9175,#9177,.T.);
#9175 = VERTEX_POINT('',#9176);
#9176 = CARTESIAN_POINT('',(3.,-0.97699876798,5.144186216346));
#9177 = LINE('',#9178,#9179);
#9178 = CARTESIAN_POINT('',(3.001,-0.97699876798,5.144186216346));
#9179 = VECTOR('',#9180,1.);
#9180 = DIRECTION('',(-1.,-0.,-0.));
#9181 = ORIENTED_EDGE('',*,*,#9182,.F.);
#9182 = EDGE_CURVE('',#9138,#9175,#9183,.T.);
#9183 = B_SPLINE_CURVE_WITH_KNOTS('',3,(#9184,#9185,#9186,#9187),
  .UNSPECIFIED.,.F.,.F.,(4,4),(16.,17.),.PIECEWISE_BEZIER_KNOTS.);
#9184 = CARTESIAN_POINT('',(3.,-0.968472753067,5.120167808478));
#9185 = CARTESIAN_POINT('',(3.,-0.968472753067,5.129733581309));
#9186 = CARTESIAN_POINT('',(3.,-0.971332087337,5.137739717265));
#9187 = CARTESIAN_POINT('',(3.,-0.97699876798,5.144186216346));
#9188 = B_SPLINE_SURFACE_WITH_KNOTS('',3,1,(
    (#9189,#9190)
    ,(#9191,#9192)
    ,(#9193,#9194)
    ,(#9195,#9196
    )),.UNSPECIFIED.,.F.,.F.,.F.,(4,4),(2,2),(16.,17.),(0.,1.),
  .PIECEWISE_BEZIER_KNOTS.);
#9189 = CARTESIAN_POINT('',(3.001,-0.968472753067,5.120167808478));
#9190 = CARTESIAN_POINT('',(3.,-0.968472753067,5.120167808478));
#9191 = CARTESIAN_POINT('',(3.001,-0.968472753067,5.129733581309));
#9192 = CARTESIAN_POINT('',(3.,-0.968472753067,5.129733581309));
#9193 = CARTESIAN_POINT('',(3.001,-0.971332087337,5.137739717265));
#9194 = CARTESIAN_POINT('',(3.,-0.971332087337,5.137739717265));
#9195 = CARTESIAN_POINT('',(3.001,-0.97699876798,5.144186216346));
#9196 = CARTESIAN_POINT('',(3.,-0.97699876798,5.144186216346));
#9197 = ADVANCED_FACE('',(#9198),#9225,.F.);
#9198 = FACE_BOUND('',#9199,.F.);
#9199 = EDGE_LOOP('',(#9200,#9201,#9210,#9218));
#9200 = ORIENTED_EDGE('',*,*,#9174,.F.);
#9201 = ORIENTED_EDGE('',*,*,#9202,.T.);
#9202 = EDGE_CURVE('',#9166,#9203,#9205,.T.);
#9203 = VERTEX_POINT('',#9204);
#9204 = CARTESIAN_POINT('',(3.001,-1.009855118136,5.16300583463));
#9205 = B_SPLINE_CURVE_WITH_KNOTS('',3,(#9206,#9207,#9208,#9209),
  .UNSPECIFIED.,.F.,.F.,(4,4),(15.,16.),.PIECEWISE_BEZIER_KNOTS.);
#9206 = CARTESIAN_POINT('',(3.001,-0.97699876798,5.144186216346));
#9207 = CARTESIAN_POINT('',(3.001,-0.98271743652,5.150632715426));
#9208 = CARTESIAN_POINT('',(3.001,-0.993634894641,5.156975238716));
#9209 = CARTESIAN_POINT('',(3.001,-1.009855118136,5.16300583463));
#9210 = ORIENTED_EDGE('',*,*,#9211,.T.);
#9211 = EDGE_CURVE('',#9203,#9212,#9214,.T.);
#9212 = VERTEX_POINT('',#9213);
#9213 = CARTESIAN_POINT('',(3.,-1.009855118136,5.16300583463));
#9214 = LINE('',#9215,#9216);
#9215 = CARTESIAN_POINT('',(3.001,-1.009855118136,5.16300583463));
#9216 = VECTOR('',#9217,1.);
#9217 = DIRECTION('',(-1.,-0.,-0.));
#9218 = ORIENTED_EDGE('',*,*,#9219,.F.);
#9219 = EDGE_CURVE('',#9175,#9212,#9220,.T.);
#9220 = B_SPLINE_CURVE_WITH_KNOTS('',3,(#9221,#9222,#9223,#9224),
  .UNSPECIFIED.,.F.,.F.,(4,4),(15.,16.),.PIECEWISE_BEZIER_KNOTS.);
#9221 = CARTESIAN_POINT('',(3.,-0.97699876798,5.144186216346));
#9222 = CARTESIAN_POINT('',(3.,-0.98271743652,5.150632715426));
#9223 = CARTESIAN_POINT('',(3.,-0.993634894641,5.156975238716));
#9224 = CARTESIAN_POINT('',(3.,-1.009855118136,5.16300583463));
#9225 = B_SPLINE_SURFACE_WITH_KNOTS('',3,1,(
    (#9226,#9227)
    ,(#9228,#9229)
    ,(#9230,#9231)
    ,(#9232,#9233
    )),.UNSPECIFIED.,.F.,.F.,.F.,(4,4),(2,2),(15.,16.),(0.,1.),
  .PIECEWISE_BEZIER_KNOTS.);
#9226 = CARTESIAN_POINT('',(3.001,-0.97699876798,5.144186216346));
#9227 = CARTESIAN_POINT('',(3.,-0.97699876798,5.144186216346));
#9228 = CARTESIAN_POINT('',(3.001,-0.98271743652,5.150632715426));
#9229 = CARTESIAN_POINT('',(3.,-0.98271743652,5.150632715426));
#9230 = CARTESIAN_POINT('',(3.001,-0.993634894641,5.156975238716));
#9231 = CARTESIAN_POINT('',(3.,-0.993634894641,5.156975238716));
#9232 = CARTESIAN_POINT('',(3.001,-1.009855118136,5.16300583463));
#9233 = CARTESIAN_POINT('',(3.,-1.009855118136,5.16300583463));
#9234 = ADVANCED_FACE('',(#9235),#9262,.F.);
#9235 = FACE_BOUND('',#9236,.F.);
#9236 = EDGE_LOOP('',(#9237,#9238,#9247,#9255));
#9237 = ORIENTED_EDGE('',*,*,#9211,.F.);
#9238 = ORIENTED_EDGE('',*,*,#9239,.T.);
#9239 = EDGE_CURVE('',#9203,#9240,#9242,.T.);
#9240 = VERTEX_POINT('',#9241);
#9241 = CARTESIAN_POINT('',(3.001,-1.034601356545,5.175482929627));
#9242 = B_SPLINE_CURVE_WITH_KNOTS('',3,(#9243,#9244,#9245,#9246),
  .UNSPECIFIED.,.F.,.F.,(4,4),(14.,15.),.PIECEWISE_BEZIER_KNOTS.);
#9243 = CARTESIAN_POINT('',(3.001,-1.009855118136,5.16300583463));
#9244 = CARTESIAN_POINT('',(3.001,-1.022644140507,5.167996672629));
#9245 = CARTESIAN_POINT('',(3.001,-1.030858228045,5.172155704295));
#9246 = CARTESIAN_POINT('',(3.001,-1.034601356545,5.175482929627));
#9247 = ORIENTED_EDGE('',*,*,#9248,.T.);
#9248 = EDGE_CURVE('',#9240,#9249,#9251,.T.);
#9249 = VERTEX_POINT('',#9250);
#9250 = CARTESIAN_POINT('',(3.,-1.034601356545,5.175482929627));
#9251 = LINE('',#9252,#9253);
#9252 = CARTESIAN_POINT('',(3.001,-1.034601356545,5.175482929627));
#9253 = VECTOR('',#9254,1.);
#9254 = DIRECTION('',(-1.,-0.,-0.));
#9255 = ORIENTED_EDGE('',*,*,#9256,.F.);
#9256 = EDGE_CURVE('',#9212,#9249,#9257,.T.);
#9257 = B_SPLINE_CURVE_WITH_KNOTS('',3,(#9258,#9259,#9260,#9261),
  .UNSPECIFIED.,.F.,.F.,(4,4),(14.,15.),.PIECEWISE_BEZIER_KNOTS.);
#9258 = CARTESIAN_POINT('',(3.,-1.009855118136,5.16300583463));
#9259 = CARTESIAN_POINT('',(3.,-1.022644140507,5.167996672629));
#9260 = CARTESIAN_POINT('',(3.,-1.030858228045,5.172155704295));
#9261 = CARTESIAN_POINT('',(3.,-1.034601356545,5.175482929627));
#9262 = B_SPLINE_SURFACE_WITH_KNOTS('',3,1,(
    (#9263,#9264)
    ,(#9265,#9266)
    ,(#9267,#9268)
    ,(#9269,#9270
    )),.UNSPECIFIED.,.F.,.F.,.F.,(4,4),(2,2),(14.,15.),(0.,1.),
  .PIECEWISE_BEZIER_KNOTS.);
#9263 = CARTESIAN_POINT('',(3.001,-1.009855118136,5.16300583463));
#9264 = CARTESIAN_POINT('',(3.,-1.009855118136,5.16300583463));
#9265 = CARTESIAN_POINT('',(3.001,-1.022644140507,5.167996672629));
#9266 = CARTESIAN_POINT('',(3.,-1.022644140507,5.167996672629));
#9267 = CARTESIAN_POINT('',(3.001,-1.030858228045,5.172155704295));
#9268 = CARTESIAN_POINT('',(3.,-1.030858228045,5.172155704295));
#9269 = CARTESIAN_POINT('',(3.001,-1.034601356545,5.175482929627));
#9270 = CARTESIAN_POINT('',(3.,-1.034601356545,5.175482929627));
#9271 = ADVANCED_FACE('',(#9272),#9299,.F.);
#9272 = FACE_BOUND('',#9273,.F.);
#9273 = EDGE_LOOP('',(#9274,#9275,#9284,#9292));
#9274 = ORIENTED_EDGE('',*,*,#9248,.F.);
#9275 = ORIENTED_EDGE('',*,*,#9276,.T.);
#9276 = EDGE_CURVE('',#9240,#9277,#9279,.T.);
#9277 = VERTEX_POINT('',#9278);
#9278 = CARTESIAN_POINT('',(3.001,-1.040164061397,5.188999782539));
#9279 = B_SPLINE_CURVE_WITH_KNOTS('',3,(#9280,#9281,#9282,#9283),
  .UNSPECIFIED.,.F.,.F.,(4,4),(13.,14.),.PIECEWISE_BEZIER_KNOTS.);
#9280 = CARTESIAN_POINT('',(3.001,-1.034601356545,5.175482929627));
#9281 = CARTESIAN_POINT('',(3.001,-1.038292497148,5.178706179167));
#9282 = CARTESIAN_POINT('',(3.001,-1.040164061397,5.183177138208));
#9283 = CARTESIAN_POINT('',(3.001,-1.040164061397,5.188999782539));
#9284 = ORIENTED_EDGE('',*,*,#9285,.T.);
#9285 = EDGE_CURVE('',#9277,#9286,#9288,.T.);
#9286 = VERTEX_POINT('',#9287);
#9287 = CARTESIAN_POINT('',(3.,-1.040164061397,5.188999782539));
#9288 = LINE('',#9289,#9290);
#9289 = CARTESIAN_POINT('',(3.001,-1.040164061397,5.188999782539));
#9290 = VECTOR('',#9291,1.);
#9291 = DIRECTION('',(-1.,-0.,-0.));
#9292 = ORIENTED_EDGE('',*,*,#9293,.F.);
#9293 = EDGE_CURVE('',#9249,#9286,#9294,.T.);
#9294 = B_SPLINE_CURVE_WITH_KNOTS('',3,(#9295,#9296,#9297,#9298),
  .UNSPECIFIED.,.F.,.F.,(4,4),(13.,14.),.PIECEWISE_BEZIER_KNOTS.);
#9295 = CARTESIAN_POINT('',(3.,-1.034601356545,5.175482929627));
#9296 = CARTESIAN_POINT('',(3.,-1.038292497148,5.178706179167));
#9297 = CARTESIAN_POINT('',(3.,-1.040164061397,5.183177138208));
#9298 = CARTESIAN_POINT('',(3.,-1.040164061397,5.188999782539));
#9299 = B_SPLINE_SURFACE_WITH_KNOTS('',3,1,(
    (#9300,#9301)
    ,(#9302,#9303)
    ,(#9304,#9305)
    ,(#9306,#9307
    )),.UNSPECIFIED.,.F.,.F.,.F.,(4,4),(2,2),(13.,14.),(0.,1.),
  .PIECEWISE_BEZIER_KNOTS.);
#9300 = CARTESIAN_POINT('',(3.001,-1.034601356545,5.175482929627));
#9301 = CARTESIAN_POINT('',(3.,-1.034601356545,5.175482929627));
#9302 = CARTESIAN_POINT('',(3.001,-1.038292497148,5.178706179167));
#9303 = CARTESIAN_POINT('',(3.,-1.038292497148,5.178706179167));
#9304 = CARTESIAN_POINT('',(3.001,-1.040164061397,5.183177138208));
#9305 = CARTESIAN_POINT('',(3.,-1.040164061397,5.183177138208));
#9306 = CARTESIAN_POINT('',(3.001,-1.040164061397,5.188999782539));
#9307 = CARTESIAN_POINT('',(3.,-1.040164061397,5.188999782539));
#9308 = ADVANCED_FACE('',(#9309),#9336,.F.);
#9309 = FACE_BOUND('',#9310,.F.);
#9310 = EDGE_LOOP('',(#9311,#9312,#9321,#9329));
#9311 = ORIENTED_EDGE('',*,*,#9285,.F.);
#9312 = ORIENTED_EDGE('',*,*,#9313,.T.);
#9313 = EDGE_CURVE('',#9277,#9314,#9316,.T.);
#9314 = VERTEX_POINT('',#9315);
#9315 = CARTESIAN_POINT('',(3.001,-1.03241786492,5.2031404902));
#9316 = B_SPLINE_CURVE_WITH_KNOTS('',3,(#9317,#9318,#9319,#9320),
  .UNSPECIFIED.,.F.,.F.,(4,4),(12.,13.),.PIECEWISE_BEZIER_KNOTS.);
#9317 = CARTESIAN_POINT('',(3.001,-1.040164061397,5.188999782539));
#9318 = CARTESIAN_POINT('',(3.001,-1.040164061397,5.194822426869));
#9319 = CARTESIAN_POINT('',(3.001,-1.037564666606,5.199605313285));
#9320 = CARTESIAN_POINT('',(3.001,-1.03241786492,5.2031404902));
#9321 = ORIENTED_EDGE('',*,*,#9322,.T.);
#9322 = EDGE_CURVE('',#9314,#9323,#9325,.T.);
#9323 = VERTEX_POINT('',#9324);
#9324 = CARTESIAN_POINT('',(3.,-1.03241786492,5.2031404902));
#9325 = LINE('',#9326,#9327);
#9326 = CARTESIAN_POINT('',(3.001,-1.03241786492,5.2031404902));
#9327 = VECTOR('',#9328,1.);
#9328 = DIRECTION('',(-1.,-0.,-0.));
#9329 = ORIENTED_EDGE('',*,*,#9330,.F.);
#9330 = EDGE_CURVE('',#9286,#9323,#9331,.T.);
#9331 = B_SPLINE_CURVE_WITH_KNOTS('',3,(#9332,#9333,#9334,#9335),
  .UNSPECIFIED.,.F.,.F.,(4,4),(12.,13.),.PIECEWISE_BEZIER_KNOTS.);
#9332 = CARTESIAN_POINT('',(3.,-1.040164061397,5.188999782539));
#9333 = CARTESIAN_POINT('',(3.,-1.040164061397,5.194822426869));
#9334 = CARTESIAN_POINT('',(3.,-1.037564666606,5.199605313285));
#9335 = CARTESIAN_POINT('',(3.,-1.03241786492,5.2031404902));
#9336 = B_SPLINE_SURFACE_WITH_KNOTS('',3,1,(
    (#9337,#9338)
    ,(#9339,#9340)
    ,(#9341,#9342)
    ,(#9343,#9344
    )),.UNSPECIFIED.,.F.,.F.,.F.,(4,4),(2,2),(12.,13.),(0.,1.),
  .PIECEWISE_BEZIER_KNOTS.);
#9337 = CARTESIAN_POINT('',(3.001,-1.040164061397,5.188999782539));
#9338 = CARTESIAN_POINT('',(3.,-1.040164061397,5.188999782539));
#9339 = CARTESIAN_POINT('',(3.001,-1.040164061397,5.194822426869));
#9340 = CARTESIAN_POINT('',(3.,-1.040164061397,5.194822426869));
#9341 = CARTESIAN_POINT('',(3.001,-1.037564666606,5.199605313285));
#9342 = CARTESIAN_POINT('',(3.,-1.037564666606,5.199605313285));
#9343 = CARTESIAN_POINT('',(3.001,-1.03241786492,5.2031404902));
#9344 = CARTESIAN_POINT('',(3.,-1.03241786492,5.2031404902));
#9345 = ADVANCED_FACE('',(#9346),#9373,.F.);
#9346 = FACE_BOUND('',#9347,.F.);
#9347 = EDGE_LOOP('',(#9348,#9349,#9358,#9366));
#9348 = ORIENTED_EDGE('',*,*,#9322,.F.);
#9349 = ORIENTED_EDGE('',*,*,#9350,.T.);
#9350 = EDGE_CURVE('',#9314,#9351,#9353,.T.);
#9351 = VERTEX_POINT('',#9352);
#9352 = CARTESIAN_POINT('',(3.001,-1.012350537135,5.208547231366));
#9353 = B_SPLINE_CURVE_WITH_KNOTS('',3,(#9354,#9355,#9356,#9357),
  .UNSPECIFIED.,.F.,.F.,(4,4),(11.,12.),.PIECEWISE_BEZIER_KNOTS.);
#9354 = CARTESIAN_POINT('',(3.001,-1.03241786492,5.2031404902));
#9355 = CARTESIAN_POINT('',(3.001,-1.027271063235,5.206779642907));
#9356 = CARTESIAN_POINT('',(3.001,-1.020564624674,5.208547231366));
#9357 = CARTESIAN_POINT('',(3.001,-1.012350537135,5.208547231366));
#9358 = ORIENTED_EDGE('',*,*,#9359,.T.);
#9359 = EDGE_CURVE('',#9351,#9360,#9362,.T.);
#9360 = VERTEX_POINT('',#9361);
#9361 = CARTESIAN_POINT('',(3.,-1.012350537135,5.208547231366));
#9362 = LINE('',#9363,#9364);
#9363 = CARTESIAN_POINT('',(3.001,-1.012350537135,5.208547231366));
#9364 = VECTOR('',#9365,1.);
#9365 = DIRECTION('',(-1.,-0.,-0.));
#9366 = ORIENTED_EDGE('',*,*,#9367,.F.);
#9367 = EDGE_CURVE('',#9323,#9360,#9368,.T.);
#9368 = B_SPLINE_CURVE_WITH_KNOTS('',3,(#9369,#9370,#9371,#9372),
  .UNSPECIFIED.,.F.,.F.,(4,4),(11.,12.),.PIECEWISE_BEZIER_KNOTS.);
#9369 = CARTESIAN_POINT('',(3.,-1.03241786492,5.2031404902));
#9370 = CARTESIAN_POINT('',(3.,-1.027271063235,5.206779642907));
#9371 = CARTESIAN_POINT('',(3.,-1.020564624674,5.208547231366));
#9372 = CARTESIAN_POINT('',(3.,-1.012350537135,5.208547231366));
#9373 = B_SPLINE_SURFACE_WITH_KNOTS('',3,1,(
    (#9374,#9375)
    ,(#9376,#9377)
    ,(#9378,#9379)
    ,(#9380,#9381
    )),.UNSPECIFIED.,.F.,.F.,.F.,(4,4),(2,2),(11.,12.),(0.,1.),
  .PIECEWISE_BEZIER_KNOTS.);
#9374 = CARTESIAN_POINT('',(3.001,-1.03241786492,5.2031404902));
#9375 = CARTESIAN_POINT('',(3.,-1.03241786492,5.2031404902));
#9376 = CARTESIAN_POINT('',(3.001,-1.027271063235,5.206779642907));
#9377 = CARTESIAN_POINT('',(3.,-1.027271063235,5.206779642907));
#9378 = CARTESIAN_POINT('',(3.001,-1.020564624674,5.208547231366));
#9379 = CARTESIAN_POINT('',(3.,-1.020564624674,5.208547231366));
#9380 = CARTESIAN_POINT('',(3.001,-1.012350537135,5.208547231366));
#9381 = CARTESIAN_POINT('',(3.,-1.012350537135,5.208547231366));
#9382 = ADVANCED_FACE('',(#9383),#9410,.F.);
#9383 = FACE_BOUND('',#9384,.F.);
#9384 = EDGE_LOOP('',(#9385,#9386,#9395,#9403));
#9385 = ORIENTED_EDGE('',*,*,#9359,.F.);
#9386 = ORIENTED_EDGE('',*,*,#9387,.T.);
#9387 = EDGE_CURVE('',#9351,#9388,#9390,.T.);
#9388 = VERTEX_POINT('',#9389);
#9389 = CARTESIAN_POINT('',(3.001,-0.975439131106,5.198045676411));
#9390 = B_SPLINE_CURVE_WITH_KNOTS('',3,(#9391,#9392,#9393,#9394),
  .UNSPECIFIED.,.F.,.F.,(4,4),(10.,11.),.PIECEWISE_BEZIER_KNOTS.);
#9391 = CARTESIAN_POINT('',(3.001,-1.012350537135,5.208547231366));
#9392 = CARTESIAN_POINT('',(3.001,-0.998573744744,5.208547231366));
#9393 = CARTESIAN_POINT('',(3.001,-0.986304601331,5.20501205445));
#9394 = CARTESIAN_POINT('',(3.001,-0.975439131106,5.198045676411));
#9395 = ORIENTED_EDGE('',*,*,#9396,.T.);
#9396 = EDGE_CURVE('',#9388,#9397,#9399,.T.);
#9397 = VERTEX_POINT('',#9398);
#9398 = CARTESIAN_POINT('',(3.,-0.975439131106,5.198045676411));
#9399 = LINE('',#9400,#9401);
#9400 = CARTESIAN_POINT('',(3.001,-0.975439131106,5.198045676411));
#9401 = VECTOR('',#9402,1.);
#9402 = DIRECTION('',(-1.,-0.,-0.));
#9403 = ORIENTED_EDGE('',*,*,#9404,.F.);
#9404 = EDGE_CURVE('',#9360,#9397,#9405,.T.);
#9405 = B_SPLINE_CURVE_WITH_KNOTS('',3,(#9406,#9407,#9408,#9409),
  .UNSPECIFIED.,.F.,.F.,(4,4),(10.,11.),.PIECEWISE_BEZIER_KNOTS.);
#9406 = CARTESIAN_POINT('',(3.,-1.012350537135,5.208547231366));
#9407 = CARTESIAN_POINT('',(3.,-0.998573744744,5.208547231366));
#9408 = CARTESIAN_POINT('',(3.,-0.986304601331,5.20501205445));
#9409 = CARTESIAN_POINT('',(3.,-0.975439131106,5.198045676411));
#9410 = B_SPLINE_SURFACE_WITH_KNOTS('',3,1,(
    (#9411,#9412)
    ,(#9413,#9414)
    ,(#9415,#9416)
    ,(#9417,#9418
    )),.UNSPECIFIED.,.F.,.F.,.F.,(4,4),(2,2),(10.,11.),(0.,1.),
  .PIECEWISE_BEZIER_KNOTS.);
#9411 = CARTESIAN_POINT('',(3.001,-1.012350537135,5.208547231366));
#9412 = CARTESIAN_POINT('',(3.,-1.012350537135,5.208547231366));
#9413 = CARTESIAN_POINT('',(3.001,-0.998573744744,5.208547231366));
#9414 = CARTESIAN_POINT('',(3.,-0.998573744744,5.208547231366));
#9415 = CARTESIAN_POINT('',(3.001,-0.986304601331,5.20501205445));
#9416 = CARTESIAN_POINT('',(3.,-0.986304601331,5.20501205445));
#9417 = CARTESIAN_POINT('',(3.001,-0.975439131106,5.198045676411));
#9418 = CARTESIAN_POINT('',(3.,-0.975439131106,5.198045676411));
#9419 = ADVANCED_FACE('',(#9420),#9445,.F.);
#9420 = FACE_BOUND('',#9421,.T.);
#9421 = EDGE_LOOP('',(#9422,#9430,#9438,#9444));
#9422 = ORIENTED_EDGE('',*,*,#9423,.T.);
#9423 = EDGE_CURVE('',#9397,#9424,#9426,.T.);
#9424 = VERTEX_POINT('',#9425);
#9425 = CARTESIAN_POINT('',(3.,-0.975439131106,5.222791914818));
#9426 = LINE('',#9427,#9428);
#9427 = CARTESIAN_POINT('',(3.,-0.975439131106,5.222791914818));
#9428 = VECTOR('',#9429,1.);
#9429 = DIRECTION('',(0.,0.,1.));
#9430 = ORIENTED_EDGE('',*,*,#9431,.F.);
#9431 = EDGE_CURVE('',#9432,#9424,#9434,.T.);
#9432 = VERTEX_POINT('',#9433);
#9433 = CARTESIAN_POINT('',(3.001,-0.975439131106,5.222791914818));
#9434 = LINE('',#9435,#9436);
#9435 = CARTESIAN_POINT('',(3.001,-0.975439131106,5.222791914818));
#9436 = VECTOR('',#9437,1.);
#9437 = DIRECTION('',(-1.,-0.,-0.));
#9438 = ORIENTED_EDGE('',*,*,#9439,.F.);
#9439 = EDGE_CURVE('',#9388,#9432,#9440,.T.);
#9440 = LINE('',#9441,#9442);
#9441 = CARTESIAN_POINT('',(3.001,-0.975439131106,5.222791914818));
#9442 = VECTOR('',#9443,1.);
#9443 = DIRECTION('',(0.,0.,1.));
#9444 = ORIENTED_EDGE('',*,*,#9396,.T.);
#9445 = PLANE('',#9446);
#9446 = AXIS2_PLACEMENT_3D('',#9447,#9448,#9449);
#9447 = CARTESIAN_POINT('',(3.001,-0.975439131106,5.222791914818));
#9448 = DIRECTION('',(0.,-1.,0.));
#9449 = DIRECTION('',(0.,0.,-1.));
#9450 = ADVANCED_FACE('',(#9451),#9478,.F.);
#9451 = FACE_BOUND('',#9452,.F.);
#9452 = EDGE_LOOP('',(#9453,#9454,#9463,#9471));
#9453 = ORIENTED_EDGE('',*,*,#9431,.F.);
#9454 = ORIENTED_EDGE('',*,*,#9455,.T.);
#9455 = EDGE_CURVE('',#9432,#9456,#9458,.T.);
#9456 = VERTEX_POINT('',#9457);
#9457 = CARTESIAN_POINT('',(3.001,-1.009855118136,5.229238413901));
#9458 = B_SPLINE_CURVE_WITH_KNOTS('',3,(#9459,#9460,#9461,#9462),
  .UNSPECIFIED.,.F.,.F.,(4,4),(8.,9.),.PIECEWISE_BEZIER_KNOTS.);
#9459 = CARTESIAN_POINT('',(3.001,-0.975439131106,5.222791914818));
#9460 = CARTESIAN_POINT('',(3.001,-0.986044661853,5.227158898068));
#9461 = CARTESIAN_POINT('',(3.001,-0.997481998932,5.229238413901));
#9462 = CARTESIAN_POINT('',(3.001,-1.009855118136,5.229238413901));
#9463 = ORIENTED_EDGE('',*,*,#9464,.T.);
#9464 = EDGE_CURVE('',#9456,#9465,#9467,.T.);
#9465 = VERTEX_POINT('',#9466);
#9466 = CARTESIAN_POINT('',(3.,-1.009855118136,5.229238413901));
#9467 = LINE('',#9468,#9469);
#9468 = CARTESIAN_POINT('',(3.001,-1.009855118136,5.229238413901));
#9469 = VECTOR('',#9470,1.);
#9470 = DIRECTION('',(-1.,-0.,-0.));
#9471 = ORIENTED_EDGE('',*,*,#9472,.F.);
#9472 = EDGE_CURVE('',#9424,#9465,#9473,.T.);
#9473 = B_SPLINE_CURVE_WITH_KNOTS('',3,(#9474,#9475,#9476,#9477),
  .UNSPECIFIED.,.F.,.F.,(4,4),(8.,9.),.PIECEWISE_BEZIER_KNOTS.);
#9474 = CARTESIAN_POINT('',(3.,-0.975439131106,5.222791914818));
#9475 = CARTESIAN_POINT('',(3.,-0.986044661853,5.227158898068));
#9476 = CARTESIAN_POINT('',(3.,-0.997481998932,5.229238413901));
#9477 = CARTESIAN_POINT('',(3.,-1.009855118136,5.229238413901));
#9478 = B_SPLINE_SURFACE_WITH_KNOTS('',3,1,(
    (#9479,#9480)
    ,(#9481,#9482)
    ,(#9483,#9484)
    ,(#9485,#9486
    )),.UNSPECIFIED.,.F.,.F.,.F.,(4,4),(2,2),(8.,9.),(0.,1.),
  .PIECEWISE_BEZIER_KNOTS.);
#9479 = CARTESIAN_POINT('',(3.001,-0.975439131106,5.222791914818));
#9480 = CARTESIAN_POINT('',(3.,-0.975439131106,5.222791914818));
#9481 = CARTESIAN_POINT('',(3.001,-0.986044661853,5.227158898068));
#9482 = CARTESIAN_POINT('',(3.,-0.986044661853,5.227158898068));
#9483 = CARTESIAN_POINT('',(3.001,-0.997481998932,5.229238413901));
#9484 = CARTESIAN_POINT('',(3.,-0.997481998932,5.229238413901));
#9485 = CARTESIAN_POINT('',(3.001,-1.009855118136,5.229238413901));
#9486 = CARTESIAN_POINT('',(3.,-1.009855118136,5.229238413901));
#9487 = ADVANCED_FACE('',(#9488),#9515,.F.);
#9488 = FACE_BOUND('',#9489,.F.);
#9489 = EDGE_LOOP('',(#9490,#9491,#9500,#9508));
#9490 = ORIENTED_EDGE('',*,*,#9464,.F.);
#9491 = ORIENTED_EDGE('',*,*,#9492,.T.);
#9492 = EDGE_CURVE('',#9456,#9493,#9495,.T.);
#9493 = VERTEX_POINT('',#9494);
#9494 = CARTESIAN_POINT('',(3.001,-1.050093749497,5.217697101029));
#9495 = B_SPLINE_CURVE_WITH_KNOTS('',3,(#9496,#9497,#9498,#9499),
  .UNSPECIFIED.,.F.,.F.,(4,4),(7.,8.),.PIECEWISE_BEZIER_KNOTS.);
#9496 = CARTESIAN_POINT('',(3.001,-1.009855118136,5.229238413901));
#9497 = CARTESIAN_POINT('',(3.001,-1.025763414256,5.229238413901));
#9498 = CARTESIAN_POINT('',(3.001,-1.039176291376,5.22539130961));
#9499 = CARTESIAN_POINT('',(3.001,-1.050093749497,5.217697101029));
#9500 = ORIENTED_EDGE('',*,*,#9501,.T.);
#9501 = EDGE_CURVE('',#9493,#9502,#9504,.T.);
#9502 = VERTEX_POINT('',#9503);
#9503 = CARTESIAN_POINT('',(3.,-1.050093749497,5.217697101029));
#9504 = LINE('',#9505,#9506);
#9505 = CARTESIAN_POINT('',(3.001,-1.050093749497,5.217697101029));
#9506 = VECTOR('',#9507,1.);
#9507 = DIRECTION('',(-1.,-0.,-0.));
#9508 = ORIENTED_EDGE('',*,*,#9509,.F.);
#9509 = EDGE_CURVE('',#9465,#9502,#9510,.T.);
#9510 = B_SPLINE_CURVE_WITH_KNOTS('',3,(#9511,#9512,#9513,#9514),
  .UNSPECIFIED.,.F.,.F.,(4,4),(7.,8.),.PIECEWISE_BEZIER_KNOTS.);
#9511 = CARTESIAN_POINT('',(3.,-1.009855118136,5.229238413901));
#9512 = CARTESIAN_POINT('',(3.,-1.025763414256,5.229238413901));
#9513 = CARTESIAN_POINT('',(3.,-1.039176291376,5.22539130961));
#9514 = CARTESIAN_POINT('',(3.,-1.050093749497,5.217697101029));
#9515 = B_SPLINE_SURFACE_WITH_KNOTS('',3,1,(
    (#9516,#9517)
    ,(#9518,#9519)
    ,(#9520,#9521)
    ,(#9522,#9523
    )),.UNSPECIFIED.,.F.,.F.,.F.,(4,4),(2,2),(7.,8.),(0.,1.),
  .PIECEWISE_BEZIER_KNOTS.);
#9516 = CARTESIAN_POINT('',(3.001,-1.009855118136,5.229238413901));
#9517 = CARTESIAN_POINT('',(3.,-1.009855118136,5.229238413901));
#9518 = CARTESIAN_POINT('',(3.001,-1.025763414256,5.229238413901));
#9519 = CARTESIAN_POINT('',(3.,-1.025763414256,5.229238413901));
#9520 = CARTESIAN_POINT('',(3.001,-1.039176291376,5.22539130961));
#9521 = CARTESIAN_POINT('',(3.,-1.039176291376,5.22539130961));
#9522 = CARTESIAN_POINT('',(3.001,-1.050093749497,5.217697101029));
#9523 = CARTESIAN_POINT('',(3.,-1.050093749497,5.217697101029));
#9524 = ADVANCED_FACE('',(#9525),#9552,.F.);
#9525 = FACE_BOUND('',#9526,.F.);
#9526 = EDGE_LOOP('',(#9527,#9528,#9537,#9545));
#9527 = ORIENTED_EDGE('',*,*,#9501,.F.);
#9528 = ORIENTED_EDGE('',*,*,#9529,.T.);
#9529 = EDGE_CURVE('',#9493,#9530,#9532,.T.);
#9530 = VERTEX_POINT('',#9531);
#9531 = CARTESIAN_POINT('',(3.001,-1.066417948784,5.186712315123));
#9532 = B_SPLINE_CURVE_WITH_KNOTS('',3,(#9533,#9534,#9535,#9536),
  .UNSPECIFIED.,.F.,.F.,(4,4),(6.,7.),.PIECEWISE_BEZIER_KNOTS.);
#9533 = CARTESIAN_POINT('',(3.001,-1.050093749497,5.217697101029));
#9534 = CARTESIAN_POINT('',(3.001,-1.060959219723,5.209898916657));
#9535 = CARTESIAN_POINT('',(3.001,-1.066417948784,5.199605313285));
#9536 = CARTESIAN_POINT('',(3.001,-1.066417948784,5.186712315123));
#9537 = ORIENTED_EDGE('',*,*,#9538,.T.);
#9538 = EDGE_CURVE('',#9530,#9539,#9541,.T.);
#9539 = VERTEX_POINT('',#9540);
#9540 = CARTESIAN_POINT('',(3.,-1.066417948784,5.186712315123));
#9541 = LINE('',#9542,#9543);
#9542 = CARTESIAN_POINT('',(3.001,-1.066417948784,5.186712315123));
#9543 = VECTOR('',#9544,1.);
#9544 = DIRECTION('',(-1.,-0.,-0.));
#9545 = ORIENTED_EDGE('',*,*,#9546,.F.);
#9546 = EDGE_CURVE('',#9502,#9539,#9547,.T.);
#9547 = B_SPLINE_CURVE_WITH_KNOTS('',3,(#9548,#9549,#9550,#9551),
  .UNSPECIFIED.,.F.,.F.,(4,4),(6.,7.),.PIECEWISE_BEZIER_KNOTS.);
#9548 = CARTESIAN_POINT('',(3.,-1.050093749497,5.217697101029));
#9549 = CARTESIAN_POINT('',(3.,-1.060959219723,5.209898916657));
#9550 = CARTESIAN_POINT('',(3.,-1.066417948784,5.199605313285));
#9551 = CARTESIAN_POINT('',(3.,-1.066417948784,5.186712315123));
#9552 = B_SPLINE_SURFACE_WITH_KNOTS('',3,1,(
    (#9553,#9554)
    ,(#9555,#9556)
    ,(#9557,#9558)
    ,(#9559,#9560
    )),.UNSPECIFIED.,.F.,.F.,.F.,(4,4),(2,2),(6.,7.),(0.,1.),
  .PIECEWISE_BEZIER_KNOTS.);
#9553 = CARTESIAN_POINT('',(3.001,-1.050093749497,5.217697101029));
#9554 = CARTESIAN_POINT('',(3.,-1.050093749497,5.217697101029));
#9555 = CARTESIAN_POINT('',(3.001,-1.060959219723,5.209898916657));
#9556 = CARTESIAN_POINT('',(3.,-1.060959219723,5.209898916657));
#9557 = CARTESIAN_POINT('',(3.001,-1.066417948784,5.199605313285));
#9558 = CARTESIAN_POINT('',(3.,-1.066417948784,5.199605313285));
#9559 = CARTESIAN_POINT('',(3.001,-1.066417948784,5.186712315123));
#9560 = CARTESIAN_POINT('',(3.,-1.066417948784,5.186712315123));
#9561 = ADVANCED_FACE('',(#9562),#9589,.F.);
#9562 = FACE_BOUND('',#9563,.F.);
#9563 = EDGE_LOOP('',(#9564,#9565,#9574,#9582));
#9564 = ORIENTED_EDGE('',*,*,#9538,.F.);
#9565 = ORIENTED_EDGE('',*,*,#9566,.T.);
#9566 = EDGE_CURVE('',#9530,#9567,#9569,.T.);
#9567 = VERTEX_POINT('',#9568);
#9568 = CARTESIAN_POINT('',(3.001,-1.059191631265,5.163733665172));
#9569 = B_SPLINE_CURVE_WITH_KNOTS('',3,(#9570,#9571,#9572,#9573),
  .UNSPECIFIED.,.F.,.F.,(4,4),(5.,6.),.PIECEWISE_BEZIER_KNOTS.);
#9570 = CARTESIAN_POINT('',(3.001,-1.066417948784,5.186712315123));
#9571 = CARTESIAN_POINT('',(3.001,-1.066417948784,5.177770397042));
#9572 = CARTESIAN_POINT('',(3.001,-1.064026505576,5.170076188462));
#9573 = CARTESIAN_POINT('',(3.001,-1.059191631265,5.163733665172));
#9574 = ORIENTED_EDGE('',*,*,#9575,.T.);
#9575 = EDGE_CURVE('',#9567,#9576,#9578,.T.);
#9576 = VERTEX_POINT('',#9577);
#9577 = CARTESIAN_POINT('',(3.,-1.059191631265,5.163733665172));
#9578 = LINE('',#9579,#9580);
#9579 = CARTESIAN_POINT('',(3.001,-1.059191631265,5.163733665172));
#9580 = VECTOR('',#9581,1.);
#9581 = DIRECTION('',(-1.,-0.,-0.));
#9582 = ORIENTED_EDGE('',*,*,#9583,.F.);
#9583 = EDGE_CURVE('',#9539,#9576,#9584,.T.);
#9584 = B_SPLINE_CURVE_WITH_KNOTS('',3,(#9585,#9586,#9587,#9588),
  .UNSPECIFIED.,.F.,.F.,(4,4),(5.,6.),.PIECEWISE_BEZIER_KNOTS.);
#9585 = CARTESIAN_POINT('',(3.,-1.066417948784,5.186712315123));
#9586 = CARTESIAN_POINT('',(3.,-1.066417948784,5.177770397042));
#9587 = CARTESIAN_POINT('',(3.,-1.064026505576,5.170076188462));
#9588 = CARTESIAN_POINT('',(3.,-1.059191631265,5.163733665172));
#9589 = B_SPLINE_SURFACE_WITH_KNOTS('',3,1,(
    (#9590,#9591)
    ,(#9592,#9593)
    ,(#9594,#9595)
    ,(#9596,#9597
    )),.UNSPECIFIED.,.F.,.F.,.F.,(4,4),(2,2),(5.,6.),(0.,1.),
  .PIECEWISE_BEZIER_KNOTS.);
#9590 = CARTESIAN_POINT('',(3.001,-1.066417948784,5.186712315123));
#9591 = CARTESIAN_POINT('',(3.,-1.066417948784,5.186712315123));
#9592 = CARTESIAN_POINT('',(3.001,-1.066417948784,5.177770397042));
#9593 = CARTESIAN_POINT('',(3.,-1.066417948784,5.177770397042));
#9594 = CARTESIAN_POINT('',(3.001,-1.064026505576,5.170076188462));
#9595 = CARTESIAN_POINT('',(3.,-1.064026505576,5.170076188462));
#9596 = CARTESIAN_POINT('',(3.001,-1.059191631265,5.163733665172));
#9597 = CARTESIAN_POINT('',(3.,-1.059191631265,5.163733665172));
#9598 = ADVANCED_FACE('',(#9599),#9626,.F.);
#9599 = FACE_BOUND('',#9600,.F.);
#9600 = EDGE_LOOP('',(#9601,#9602,#9611,#9619));
#9601 = ORIENTED_EDGE('',*,*,#9575,.F.);
#9602 = ORIENTED_EDGE('',*,*,#9603,.T.);
#9603 = EDGE_CURVE('',#9567,#9604,#9606,.T.);
#9604 = VERTEX_POINT('',#9605);
#9605 = CARTESIAN_POINT('',(3.001,-1.027842930088,5.14449814372));
#9606 = B_SPLINE_CURVE_WITH_KNOTS('',3,(#9607,#9608,#9609,#9610),
  .UNSPECIFIED.,.F.,.F.,(4,4),(4.,5.),.PIECEWISE_BEZIER_KNOTS.);
#9607 = CARTESIAN_POINT('',(3.001,-1.059191631265,5.163733665172));
#9608 = CARTESIAN_POINT('',(3.001,-1.05440874485,5.157391141883));
#9609 = CARTESIAN_POINT('',(3.001,-1.043907189895,5.150944642801));
#9610 = CARTESIAN_POINT('',(3.001,-1.027842930088,5.14449814372));
#9611 = ORIENTED_EDGE('',*,*,#9612,.T.);
#9612 = EDGE_CURVE('',#9604,#9613,#9615,.T.);
#9613 = VERTEX_POINT('',#9614);
#9614 = CARTESIAN_POINT('',(3.,-1.027842930088,5.14449814372));
#9615 = LINE('',#9616,#9617);
#9616 = CARTESIAN_POINT('',(3.001,-1.027842930088,5.14449814372));
#9617 = VECTOR('',#9618,1.);
#9618 = DIRECTION('',(-1.,-0.,-0.));
#9619 = ORIENTED_EDGE('',*,*,#9620,.F.);
#9620 = EDGE_CURVE('',#9576,#9613,#9621,.T.);
#9621 = B_SPLINE_CURVE_WITH_KNOTS('',3,(#9622,#9623,#9624,#9625),
  .UNSPECIFIED.,.F.,.F.,(4,4),(4.,5.),.PIECEWISE_BEZIER_KNOTS.);
#9622 = CARTESIAN_POINT('',(3.,-1.059191631265,5.163733665172));
#9623 = CARTESIAN_POINT('',(3.,-1.05440874485,5.157391141883));
#9624 = CARTESIAN_POINT('',(3.,-1.043907189895,5.150944642801));
#9625 = CARTESIAN_POINT('',(3.,-1.027842930088,5.14449814372));
#9626 = B_SPLINE_SURFACE_WITH_KNOTS('',3,1,(
    (#9627,#9628)
    ,(#9629,#9630)
    ,(#9631,#9632)
    ,(#9633,#9634
    )),.UNSPECIFIED.,.F.,.F.,.F.,(4,4),(2,2),(4.,5.),(0.,1.),
  .PIECEWISE_BEZIER_KNOTS.);
#9627 = CARTESIAN_POINT('',(3.001,-1.059191631265,5.163733665172));
#9628 = CARTESIAN_POINT('',(3.,-1.059191631265,5.163733665172));
#9629 = CARTESIAN_POINT('',(3.001,-1.05440874485,5.157391141883));
#9630 = CARTESIAN_POINT('',(3.,-1.05440874485,5.157391141883));
#9631 = CARTESIAN_POINT('',(3.001,-1.043907189895,5.150944642801));
#9632 = CARTESIAN_POINT('',(3.,-1.043907189895,5.150944642801));
#9633 = CARTESIAN_POINT('',(3.001,-1.027842930088,5.14449814372));
#9634 = CARTESIAN_POINT('',(3.,-1.027842930088,5.14449814372));
#9635 = ADVANCED_FACE('',(#9636),#9663,.F.);
#9636 = FACE_BOUND('',#9637,.F.);
#9637 = EDGE_LOOP('',(#9638,#9639,#9648,#9656));
#9638 = ORIENTED_EDGE('',*,*,#9612,.F.);
#9639 = ORIENTED_EDGE('',*,*,#9640,.T.);
#9640 = EDGE_CURVE('',#9604,#9641,#9643,.T.);
#9641 = VERTEX_POINT('',#9642);
#9642 = CARTESIAN_POINT('',(3.001,-1.001173139535,5.131501169766));
#9643 = B_SPLINE_CURVE_WITH_KNOTS('',3,(#9644,#9645,#9646,#9647),
  .UNSPECIFIED.,.F.,.F.,(4,4),(3.,4.),.PIECEWISE_BEZIER_KNOTS.);
#9644 = CARTESIAN_POINT('',(3.001,-1.027842930088,5.14449814372));
#9645 = CARTESIAN_POINT('',(3.001,-1.014430052968,5.139507305722));
#9646 = CARTESIAN_POINT('',(3.001,-1.005540122783,5.135140322473));
#9647 = CARTESIAN_POINT('',(3.001,-1.001173139535,5.131501169766));
#9648 = ORIENTED_EDGE('',*,*,#9649,.T.);
#9649 = EDGE_CURVE('',#9641,#9650,#9652,.T.);
#9650 = VERTEX_POINT('',#9651);
#9651 = CARTESIAN_POINT('',(3.,-1.001173139535,5.131501169766));
#9652 = LINE('',#9653,#9654);
#9653 = CARTESIAN_POINT('',(3.001,-1.001173139535,5.131501169766));
#9654 = VECTOR('',#9655,1.);
#9655 = DIRECTION('',(-1.,-0.,-0.));
#9656 = ORIENTED_EDGE('',*,*,#9657,.F.);
#9657 = EDGE_CURVE('',#9613,#9650,#9658,.T.);
#9658 = B_SPLINE_CURVE_WITH_KNOTS('',3,(#9659,#9660,#9661,#9662),
  .UNSPECIFIED.,.F.,.F.,(4,4),(3.,4.),.PIECEWISE_BEZIER_KNOTS.);
#9659 = CARTESIAN_POINT('',(3.,-1.027842930088,5.14449814372));
#9660 = CARTESIAN_POINT('',(3.,-1.014430052968,5.139507305722));
#9661 = CARTESIAN_POINT('',(3.,-1.005540122783,5.135140322473));
#9662 = CARTESIAN_POINT('',(3.,-1.001173139535,5.131501169766));
#9663 = B_SPLINE_SURFACE_WITH_KNOTS('',3,1,(
    (#9664,#9665)
    ,(#9666,#9667)
    ,(#9668,#9669)
    ,(#9670,#9671
    )),.UNSPECIFIED.,.F.,.F.,.F.,(4,4),(2,2),(3.,4.),(0.,1.),
  .PIECEWISE_BEZIER_KNOTS.);
#9664 = CARTESIAN_POINT('',(3.001,-1.027842930088,5.14449814372));
#9665 = CARTESIAN_POINT('',(3.,-1.027842930088,5.14449814372));
#9666 = CARTESIAN_POINT('',(3.001,-1.014430052968,5.139507305722));
#9667 = CARTESIAN_POINT('',(3.,-1.014430052968,5.139507305722));
#9668 = CARTESIAN_POINT('',(3.001,-1.005540122783,5.135140322473));
#9669 = CARTESIAN_POINT('',(3.,-1.005540122783,5.135140322473));
#9670 = CARTESIAN_POINT('',(3.001,-1.001173139535,5.131501169766));
#9671 = CARTESIAN_POINT('',(3.,-1.001173139535,5.131501169766));
#9672 = ADVANCED_FACE('',(#9673),#9700,.F.);
#9673 = FACE_BOUND('',#9674,.F.);
#9674 = EDGE_LOOP('',(#9675,#9676,#9685,#9693));
#9675 = ORIENTED_EDGE('',*,*,#9649,.F.);
#9676 = ORIENTED_EDGE('',*,*,#9677,.T.);
#9677 = EDGE_CURVE('',#9641,#9678,#9680,.T.);
#9678 = VERTEX_POINT('',#9679);
#9679 = CARTESIAN_POINT('',(3.001,-0.994622664662,5.117672389479));
#9680 = B_SPLINE_CURVE_WITH_KNOTS('',3,(#9681,#9682,#9683,#9684),
  .UNSPECIFIED.,.F.,.F.,(4,4),(2.,3.),.PIECEWISE_BEZIER_KNOTS.);
#9681 = CARTESIAN_POINT('',(3.001,-1.001173139535,5.131501169766));
#9682 = CARTESIAN_POINT('',(3.001,-0.996806156286,5.127862017059));
#9683 = CARTESIAN_POINT('',(3.001,-0.994622664662,5.123287082228));
#9684 = CARTESIAN_POINT('',(3.001,-0.994622664662,5.117672389479));
#9685 = ORIENTED_EDGE('',*,*,#9686,.T.);
#9686 = EDGE_CURVE('',#9678,#9687,#9689,.T.);
#9687 = VERTEX_POINT('',#9688);
#9688 = CARTESIAN_POINT('',(3.,-0.994622664662,5.117672389479));
#9689 = LINE('',#9690,#9691);
#9690 = CARTESIAN_POINT('',(3.001,-0.994622664662,5.117672389479));
#9691 = VECTOR('',#9692,1.);
#9692 = DIRECTION('',(-1.,-0.,-0.));
#9693 = ORIENTED_EDGE('',*,*,#9694,.F.);
#9694 = EDGE_CURVE('',#9650,#9687,#9695,.T.);
#9695 = B_SPLINE_CURVE_WITH_KNOTS('',3,(#9696,#9697,#9698,#9699),
  .UNSPECIFIED.,.F.,.F.,(4,4),(2.,3.),.PIECEWISE_BEZIER_KNOTS.);
#9696 = CARTESIAN_POINT('',(3.,-1.001173139535,5.131501169766));
#9697 = CARTESIAN_POINT('',(3.,-0.996806156286,5.127862017059));
#9698 = CARTESIAN_POINT('',(3.,-0.994622664662,5.123287082228));
#9699 = CARTESIAN_POINT('',(3.,-0.994622664662,5.117672389479));
#9700 = B_SPLINE_SURFACE_WITH_KNOTS('',3,1,(
    (#9701,#9702)
    ,(#9703,#9704)
    ,(#9705,#9706)
    ,(#9707,#9708
    )),.UNSPECIFIED.,.F.,.F.,.F.,(4,4),(2,2),(2.,3.),(0.,1.),
  .PIECEWISE_BEZIER_KNOTS.);
#9701 = CARTESIAN_POINT('',(3.001,-1.001173139535,5.131501169766));
#9702 = CARTESIAN_POINT('',(3.,-1.001173139535,5.131501169766));
#9703 = CARTESIAN_POINT('',(3.001,-0.996806156286,5.127862017059));
#9704 = CARTESIAN_POINT('',(3.,-0.996806156286,5.127862017059));
#9705 = CARTESIAN_POINT('',(3.001,-0.994622664662,5.123287082228));
#9706 = CARTESIAN_POINT('',(3.,-0.994622664662,5.123287082228));
#9707 = CARTESIAN_POINT('',(3.001,-0.994622664662,5.117672389479));
#9708 = CARTESIAN_POINT('',(3.,-0.994622664662,5.117672389479));
#9709 = ADVANCED_FACE('',(#9710),#9728,.F.);
#9710 = FACE_BOUND('',#9711,.F.);
#9711 = EDGE_LOOP('',(#9712,#9713,#9720,#9721));
#9712 = ORIENTED_EDGE('',*,*,#9686,.F.);
#9713 = ORIENTED_EDGE('',*,*,#9714,.T.);
#9714 = EDGE_CURVE('',#9678,#8977,#9715,.T.);
#9715 = B_SPLINE_CURVE_WITH_KNOTS('',3,(#9716,#9717,#9718,#9719),
  .UNSPECIFIED.,.F.,.F.,(4,4),(1.,2.),.PIECEWISE_BEZIER_KNOTS.);
#9716 = CARTESIAN_POINT('',(3.001,-0.994622664662,5.117672389479));
#9717 = CARTESIAN_POINT('',(3.001,-0.994622664662,5.104571439733));
#9718 = CARTESIAN_POINT('',(3.001,-1.004656328554,5.098020964861));
#9719 = CARTESIAN_POINT('',(3.001,-1.024671668443,5.098020964861));
#9720 = ORIENTED_EDGE('',*,*,#8976,.T.);
#9721 = ORIENTED_EDGE('',*,*,#9722,.F.);
#9722 = EDGE_CURVE('',#9687,#8979,#9723,.T.);
#9723 = B_SPLINE_CURVE_WITH_KNOTS('',3,(#9724,#9725,#9726,#9727),
  .UNSPECIFIED.,.F.,.F.,(4,4),(1.,2.),.PIECEWISE_BEZIER_KNOTS.);
#9724 = CARTESIAN_POINT('',(3.,-0.994622664662,5.117672389479));
#9725 = CARTESIAN_POINT('',(3.,-0.994622664662,5.104571439733));
#9726 = CARTESIAN_POINT('',(3.,-1.004656328554,5.098020964861));
#9727 = CARTESIAN_POINT('',(3.,-1.024671668443,5.098020964861));
#9728 = B_SPLINE_SURFACE_WITH_KNOTS('',3,1,(
    (#9729,#9730)
    ,(#9731,#9732)
    ,(#9733,#9734)
    ,(#9735,#9736
    )),.UNSPECIFIED.,.F.,.F.,.F.,(4,4),(2,2),(1.,2.),(0.,1.),
  .PIECEWISE_BEZIER_KNOTS.);
#9729 = CARTESIAN_POINT('',(3.001,-0.994622664662,5.117672389479));
#9730 = CARTESIAN_POINT('',(3.,-0.994622664662,5.117672389479));
#9731 = CARTESIAN_POINT('',(3.001,-0.994622664662,5.104571439733));
#9732 = CARTESIAN_POINT('',(3.,-0.994622664662,5.104571439733));
#9733 = CARTESIAN_POINT('',(3.001,-1.004656328554,5.098020964861));
#9734 = CARTESIAN_POINT('',(3.,-1.004656328554,5.098020964861));
#9735 = CARTESIAN_POINT('',(3.001,-1.024671668443,5.098020964861));
#9736 = CARTESIAN_POINT('',(3.,-1.024671668443,5.098020964861));
#9737 = ADVANCED_FACE('',(#9738),#9761,.F.);
#9738 = FACE_BOUND('',#9739,.T.);
#9739 = EDGE_LOOP('',(#9740,#9741,#9742,#9743,#9744,#9745,#9746,#9747,
    #9748,#9749,#9750,#9751,#9752,#9753,#9754,#9755,#9756,#9757,#9758,
    #9759,#9760));
#9740 = ORIENTED_EDGE('',*,*,#8986,.T.);
#9741 = ORIENTED_EDGE('',*,*,#9038,.T.);
#9742 = ORIENTED_EDGE('',*,*,#9054,.T.);
#9743 = ORIENTED_EDGE('',*,*,#9091,.T.);
#9744 = ORIENTED_EDGE('',*,*,#9128,.T.);
#9745 = ORIENTED_EDGE('',*,*,#9165,.T.);
#9746 = ORIENTED_EDGE('',*,*,#9202,.T.);
#9747 = ORIENTED_EDGE('',*,*,#9239,.T.);
#9748 = ORIENTED_EDGE('',*,*,#9276,.T.);
#9749 = ORIENTED_EDGE('',*,*,#9313,.T.);
#9750 = ORIENTED_EDGE('',*,*,#9350,.T.);
#9751 = ORIENTED_EDGE('',*,*,#9387,.T.);
#9752 = ORIENTED_EDGE('',*,*,#9439,.T.);
#9753 = ORIENTED_EDGE('',*,*,#9455,.T.);
#9754 = ORIENTED_EDGE('',*,*,#9492,.T.);
#9755 = ORIENTED_EDGE('',*,*,#9529,.T.);
#9756 = ORIENTED_EDGE('',*,*,#9566,.T.);
#9757 = ORIENTED_EDGE('',*,*,#9603,.T.);
#9758 = ORIENTED_EDGE('',*,*,#9640,.T.);
#9759 = ORIENTED_EDGE('',*,*,#9677,.T.);
#9760 = ORIENTED_EDGE('',*,*,#9714,.T.);
#9761 = PLANE('',#9762);
#9762 = AXIS2_PLACEMENT_3D('',#9763,#9764,#9765);
#9763 = CARTESIAN_POINT('',(3.001,-1.046363617973,5.101530147829));
#9764 = DIRECTION('',(-1.,0.,0.));
#9765 = DIRECTION('',(0.,0.,1.));
#9766 = ADVANCED_FACE('',(#9767),#9790,.T.);
#9767 = FACE_BOUND('',#9768,.T.);
#9768 = EDGE_LOOP('',(#9769,#9770,#9771,#9772,#9773,#9774,#9775,#9776,
    #9777,#9778,#9779,#9780,#9781,#9782,#9783,#9784,#9785,#9786,#9787,
    #9788,#9789));
#9769 = ORIENTED_EDGE('',*,*,#9003,.F.);
#9770 = ORIENTED_EDGE('',*,*,#9722,.F.);
#9771 = ORIENTED_EDGE('',*,*,#9694,.F.);
#9772 = ORIENTED_EDGE('',*,*,#9657,.F.);
#9773 = ORIENTED_EDGE('',*,*,#9620,.F.);
#9774 = ORIENTED_EDGE('',*,*,#9583,.F.);
#9775 = ORIENTED_EDGE('',*,*,#9546,.F.);
#9776 = ORIENTED_EDGE('',*,*,#9509,.F.);
#9777 = ORIENTED_EDGE('',*,*,#9472,.F.);
#9778 = ORIENTED_EDGE('',*,*,#9423,.F.);
#9779 = ORIENTED_EDGE('',*,*,#9404,.F.);
#9780 = ORIENTED_EDGE('',*,*,#9367,.F.);
#9781 = ORIENTED_EDGE('',*,*,#9330,.F.);
#9782 = ORIENTED_EDGE('',*,*,#9293,.F.);
#9783 = ORIENTED_EDGE('',*,*,#9256,.F.);
#9784 = ORIENTED_EDGE('',*,*,#9219,.F.);
#9785 = ORIENTED_EDGE('',*,*,#9182,.F.);
#9786 = ORIENTED_EDGE('',*,*,#9145,.F.);
#9787 = ORIENTED_EDGE('',*,*,#9108,.F.);
#9788 = ORIENTED_EDGE('',*,*,#9071,.F.);
#9789 = ORIENTED_EDGE('',*,*,#9022,.F.);
#9790 = PLANE('',#9791);
#9791 = AXIS2_PLACEMENT_3D('',#9792,#9793,#9794);
#9792 = CARTESIAN_POINT('',(3.,-1.046363617973,5.101530147829));
#9793 = DIRECTION('',(-1.,0.,0.));
#9794 = DIRECTION('',(0.,0.,1.));
#9795 = ( GEOMETRIC_REPRESENTATION_CONTEXT(3) 
GLOBAL_UNCERTAINTY_ASSIGNED_CONTEXT((#9799)) 
GLOBAL_UNIT_ASSIGNED_CONTEXT((#9796,#9797,#9798)) REPRESENTATION_CONTEXT
('Context #1','3D Context with UNIT and UNCERTAINTY') );
#9796 = ( LENGTH_UNIT() NAMED_UNIT(*) SI_UNIT(.MILLI.,.METRE.) );
#9797 = ( NAMED_UNIT(*) PLANE_ANGLE_UNIT() SI_UNIT($,.RADIAN.) );
#9798 = ( NAMED_UNIT(*) SI_UNIT($,.STERADIAN.) SOLID_ANGLE_UNIT() );
#9799 = UNCERTAINTY_MEASURE_WITH_UNIT(LENGTH_MEASURE(1.E-07),#9796,
  'distance_accuracy_value','confusion accuracy');
#9800 = CONTEXT_DEPENDENT_SHAPE_REPRESENTATION(#9801,#9803);
#9801 = ( REPRESENTATION_RELATIONSHIP('','',#8969,#55) 
REPRESENTATION_RELATIONSHIP_WITH_TRANSFORMATION(#9802) 
SHAPE_REPRESENTATION_RELATIONSHIP() );
#9802 = ITEM_DEFINED_TRANSFORMATION('','',#11,#88);
#9803 = PRODUCT_DEFINITION_SHAPE('Placement','Placement of an item',
  #9804);
#9804 = NEXT_ASSEMBLY_USAGE_OCCURRENCE('9',
  'CONN-SMD_T31000~CONN-SMD_T31000~AJBg008','',#50,#8964,$);
#9805 = PRODUCT_RELATED_PRODUCT_CATEGORY('part',$,(#8966));
#9806 = SHAPE_DEFINITION_REPRESENTATION(#9807,#9813);
#9807 = PRODUCT_DEFINITION_SHAPE('','',#9808);
#9808 = PRODUCT_DEFINITION('design','',#9809,#9812);
#9809 = PRODUCT_DEFINITION_FORMATION('','',#9810);
#9810 = PRODUCT('CONN-SMD_T31000~CONN-SMD_T31000~AJBg009',
  'CONN-SMD_T31000~CONN-SMD_T31000~AJBg009','',(#9811));
#9811 = PRODUCT_CONTEXT('',#2,'mechanical');
#9812 = PRODUCT_DEFINITION_CONTEXT('part definition',#2,'design');
#9813 = ADVANCED_BREP_SHAPE_REPRESENTATION('',(#11,#9814),#10357);
#9814 = MANIFOLD_SOLID_BREP('',#9815);
#9815 = CLOSED_SHELL('',(#9816,#9856,#9887,#9924,#9955,#9986,#10017,
    #10048,#10079,#10110,#10147,#10184,#10215,#10252,#10289,#10311,
    #10334));
#9816 = ADVANCED_FACE('',(#9817),#9851,.F.);
#9817 = FACE_BOUND('',#9818,.T.);
#9818 = EDGE_LOOP('',(#9819,#9829,#9837,#9845));
#9819 = ORIENTED_EDGE('',*,*,#9820,.T.);
#9820 = EDGE_CURVE('',#9821,#9823,#9825,.T.);
#9821 = VERTEX_POINT('',#9822);
#9822 = CARTESIAN_POINT('',(3.,-0.815784303056,5.225911188568));
#9823 = VERTEX_POINT('',#9824);
#9824 = CARTESIAN_POINT('',(3.,-0.842194154129,5.225911188568));
#9825 = LINE('',#9826,#9827);
#9826 = CARTESIAN_POINT('',(3.,-0.842194154129,5.225911188568));
#9827 = VECTOR('',#9828,1.);
#9828 = DIRECTION('',(-0.,-1.,-0.));
#9829 = ORIENTED_EDGE('',*,*,#9830,.F.);
#9830 = EDGE_CURVE('',#9831,#9823,#9833,.T.);
#9831 = VERTEX_POINT('',#9832);
#9832 = CARTESIAN_POINT('',(3.001,-0.842194154129,5.225911188568));
#9833 = LINE('',#9834,#9835);
#9834 = CARTESIAN_POINT('',(3.001,-0.842194154129,5.225911188568));
#9835 = VECTOR('',#9836,1.);
#9836 = DIRECTION('',(-1.,-0.,-0.));
#9837 = ORIENTED_EDGE('',*,*,#9838,.F.);
#9838 = EDGE_CURVE('',#9839,#9831,#9841,.T.);
#9839 = VERTEX_POINT('',#9840);
#9840 = CARTESIAN_POINT('',(3.001,-0.815784303056,5.225911188568));
#9841 = LINE('',#9842,#9843);
#9842 = CARTESIAN_POINT('',(3.001,-0.842194154129,5.225911188568));
#9843 = VECTOR('',#9844,1.);
#9844 = DIRECTION('',(-0.,-1.,-0.));
#9845 = ORIENTED_EDGE('',*,*,#9846,.T.);
#9846 = EDGE_CURVE('',#9839,#9821,#9847,.T.);
#9847 = LINE('',#9848,#9849);
#9848 = CARTESIAN_POINT('',(3.001,-0.815784303056,5.225911188568));
#9849 = VECTOR('',#9850,1.);
#9850 = DIRECTION('',(-1.,-0.,-0.));
#9851 = PLANE('',#9852);
#9852 = AXIS2_PLACEMENT_3D('',#9853,#9854,#9855);
#9853 = CARTESIAN_POINT('',(3.001,-0.842194154129,5.225911188568));
#9854 = DIRECTION('',(0.,0.,-1.));
#9855 = DIRECTION('',(-1.,0.,0.));
#9856 = ADVANCED_FACE('',(#9857),#9882,.F.);
#9857 = FACE_BOUND('',#9858,.T.);
#9858 = EDGE_LOOP('',(#9859,#9867,#9875,#9881));
#9859 = ORIENTED_EDGE('',*,*,#9860,.T.);
#9860 = EDGE_CURVE('',#9823,#9861,#9863,.T.);
#9861 = VERTEX_POINT('',#9862);
#9862 = CARTESIAN_POINT('',(3.,-0.881860918637,5.116528655771));
#9863 = LINE('',#9864,#9865);
#9864 = CARTESIAN_POINT('',(3.,-0.881860918637,5.116528655771));
#9865 = VECTOR('',#9866,1.);
#9866 = DIRECTION('',(-0.,-0.340917796219,-0.9400931104));
#9867 = ORIENTED_EDGE('',*,*,#9868,.F.);
#9868 = EDGE_CURVE('',#9869,#9861,#9871,.T.);
#9869 = VERTEX_POINT('',#9870);
#9870 = CARTESIAN_POINT('',(3.001,-0.881860918637,5.116528655771));
#9871 = LINE('',#9872,#9873);
#9872 = CARTESIAN_POINT('',(3.001,-0.881860918637,5.116528655771));
#9873 = VECTOR('',#9874,1.);
#9874 = DIRECTION('',(-1.,-0.,-0.));
#9875 = ORIENTED_EDGE('',*,*,#9876,.F.);
#9876 = EDGE_CURVE('',#9831,#9869,#9877,.T.);
#9877 = LINE('',#9878,#9879);
#9878 = CARTESIAN_POINT('',(3.001,-0.881860918637,5.116528655771));
#9879 = VECTOR('',#9880,1.);
#9880 = DIRECTION('',(-0.,-0.340917796219,-0.9400931104));
#9881 = ORIENTED_EDGE('',*,*,#9830,.T.);
#9882 = PLANE('',#9883);
#9883 = AXIS2_PLACEMENT_3D('',#9884,#9885,#9886);
#9884 = CARTESIAN_POINT('',(3.001,-0.881860918637,5.116528655771));
#9885 = DIRECTION('',(0.,0.9400931104,-0.340917796219));
#9886 = DIRECTION('',(0.,0.340917796219,0.9400931104));
#9887 = ADVANCED_FACE('',(#9888),#9915,.F.);
#9888 = FACE_BOUND('',#9889,.F.);
#9889 = EDGE_LOOP('',(#9890,#9891,#9900,#9908));
#9890 = ORIENTED_EDGE('',*,*,#9868,.F.);
#9891 = ORIENTED_EDGE('',*,*,#9892,.T.);
#9892 = EDGE_CURVE('',#9869,#9893,#9895,.T.);
#9893 = VERTEX_POINT('',#9894);
#9894 = CARTESIAN_POINT('',(3.001,-0.884980192387,5.104779391316));
#9895 = B_SPLINE_CURVE_WITH_KNOTS('',3,(#9896,#9897,#9898,#9899),
  .UNSPECIFIED.,.F.,.F.,(4,4),(12.,13.),.PIECEWISE_BEZIER_KNOTS.);
#9896 = CARTESIAN_POINT('',(3.001,-0.881860918637,5.116528655771));
#9897 = CARTESIAN_POINT('',(3.001,-0.883420555511,5.111433841982));
#9898 = CARTESIAN_POINT('',(3.001,-0.884460313429,5.1074827619));
#9899 = CARTESIAN_POINT('',(3.001,-0.884980192387,5.104779391316));
#9900 = ORIENTED_EDGE('',*,*,#9901,.T.);
#9901 = EDGE_CURVE('',#9893,#9902,#9904,.T.);
#9902 = VERTEX_POINT('',#9903);
#9903 = CARTESIAN_POINT('',(3.,-0.884980192387,5.104779391316));
#9904 = LINE('',#9905,#9906);
#9905 = CARTESIAN_POINT('',(3.001,-0.884980192387,5.104779391316));
#9906 = VECTOR('',#9907,1.);
#9907 = DIRECTION('',(-1.,-0.,-0.));
#9908 = ORIENTED_EDGE('',*,*,#9909,.F.);
#9909 = EDGE_CURVE('',#9861,#9902,#9910,.T.);
#9910 = B_SPLINE_CURVE_WITH_KNOTS('',3,(#9911,#9912,#9913,#9914),
  .UNSPECIFIED.,.F.,.F.,(4,4),(12.,13.),.PIECEWISE_BEZIER_KNOTS.);
#9911 = CARTESIAN_POINT('',(3.,-0.881860918637,5.116528655771));
#9912 = CARTESIAN_POINT('',(3.,-0.883420555511,5.111433841982));
#9913 = CARTESIAN_POINT('',(3.,-0.884460313429,5.1074827619));
#9914 = CARTESIAN_POINT('',(3.,-0.884980192387,5.104779391316));
#9915 = B_SPLINE_SURFACE_WITH_KNOTS('',3,1,(
    (#9916,#9917)
    ,(#9918,#9919)
    ,(#9920,#9921)
    ,(#9922,#9923
    )),.UNSPECIFIED.,.F.,.F.,.F.,(4,4),(2,2),(12.,13.),(0.,1.),
  .PIECEWISE_BEZIER_KNOTS.);
#9916 = CARTESIAN_POINT('',(3.001,-0.881860918637,5.116528655771));
#9917 = CARTESIAN_POINT('',(3.,-0.881860918637,5.116528655771));
#9918 = CARTESIAN_POINT('',(3.001,-0.883420555511,5.111433841982));
#9919 = CARTESIAN_POINT('',(3.,-0.883420555511,5.111433841982));
#9920 = CARTESIAN_POINT('',(3.001,-0.884460313429,5.1074827619));
#9921 = CARTESIAN_POINT('',(3.,-0.884460313429,5.1074827619));
#9922 = CARTESIAN_POINT('',(3.001,-0.884980192387,5.104779391316));
#9923 = CARTESIAN_POINT('',(3.,-0.884980192387,5.104779391316));
#9924 = ADVANCED_FACE('',(#9925),#9950,.F.);
#9925 = FACE_BOUND('',#9926,.T.);
#9926 = EDGE_LOOP('',(#9927,#9935,#9943,#9949));
#9927 = ORIENTED_EDGE('',*,*,#9928,.T.);
#9928 = EDGE_CURVE('',#9902,#9929,#9931,.T.);
#9929 = VERTEX_POINT('',#9930);
#9930 = CARTESIAN_POINT('',(3.,-0.885656035031,5.104779391316));
#9931 = LINE('',#9932,#9933);
#9932 = CARTESIAN_POINT('',(3.,-0.885656035031,5.104779391316));
#9933 = VECTOR('',#9934,1.);
#9934 = DIRECTION('',(-0.,-1.,-0.));
#9935 = ORIENTED_EDGE('',*,*,#9936,.F.);
#9936 = EDGE_CURVE('',#9937,#9929,#9939,.T.);
#9937 = VERTEX_POINT('',#9938);
#9938 = CARTESIAN_POINT('',(3.001,-0.885656035031,5.104779391316));
#9939 = LINE('',#9940,#9941);
#9940 = CARTESIAN_POINT('',(3.001,-0.885656035031,5.104779391316));
#9941 = VECTOR('',#9942,1.);
#9942 = DIRECTION('',(-1.,-0.,-0.));
#9943 = ORIENTED_EDGE('',*,*,#9944,.F.);
#9944 = EDGE_CURVE('',#9893,#9937,#9945,.T.);
#9945 = LINE('',#9946,#9947);
#9946 = CARTESIAN_POINT('',(3.001,-0.885656035031,5.104779391316));
#9947 = VECTOR('',#9948,1.);
#9948 = DIRECTION('',(-0.,-1.,-0.));
#9949 = ORIENTED_EDGE('',*,*,#9901,.T.);
#9950 = PLANE('',#9951);
#9951 = AXIS2_PLACEMENT_3D('',#9952,#9953,#9954);
#9952 = CARTESIAN_POINT('',(3.001,-0.885656035031,5.104779391316));
#9953 = DIRECTION('',(0.,0.,-1.));
#9954 = DIRECTION('',(-1.,0.,0.));
#9955 = ADVANCED_FACE('',(#9956),#9981,.F.);
#9956 = FACE_BOUND('',#9957,.T.);
#9957 = EDGE_LOOP('',(#9958,#9966,#9974,#9980));
#9958 = ORIENTED_EDGE('',*,*,#9959,.T.);
#9959 = EDGE_CURVE('',#9929,#9960,#9962,.T.);
#9960 = VERTEX_POINT('',#9961);
#9961 = CARTESIAN_POINT('',(3.,-0.888775308781,5.116736607354));
#9962 = LINE('',#9963,#9964);
#9963 = CARTESIAN_POINT('',(3.,-0.888775308781,5.116736607354));
#9964 = VECTOR('',#9965,1.);
#9965 = DIRECTION('',(0.,-0.252421897188,0.967617272386));
#9966 = ORIENTED_EDGE('',*,*,#9967,.F.);
#9967 = EDGE_CURVE('',#9968,#9960,#9970,.T.);
#9968 = VERTEX_POINT('',#9969);
#9969 = CARTESIAN_POINT('',(3.001,-0.888775308781,5.116736607354));
#9970 = LINE('',#9971,#9972);
#9971 = CARTESIAN_POINT('',(3.001,-0.888775308781,5.116736607354));
#9972 = VECTOR('',#9973,1.);
#9973 = DIRECTION('',(-1.,-0.,-0.));
#9974 = ORIENTED_EDGE('',*,*,#9975,.F.);
#9975 = EDGE_CURVE('',#9937,#9968,#9976,.T.);
#9976 = LINE('',#9977,#9978);
#9977 = CARTESIAN_POINT('',(3.001,-0.888775308781,5.116736607354));
#9978 = VECTOR('',#9979,1.);
#9979 = DIRECTION('',(0.,-0.252421897188,0.967617272386));
#9980 = ORIENTED_EDGE('',*,*,#9936,.T.);
#9981 = PLANE('',#9982);
#9982 = AXIS2_PLACEMENT_3D('',#9983,#9984,#9985);
#9983 = CARTESIAN_POINT('',(3.001,-0.888775308781,5.116736607354));
#9984 = DIRECTION('',(0.,-0.967617272386,-0.252421897188));
#9985 = DIRECTION('',(0.,0.252421897188,-0.967617272386));
#9986 = ADVANCED_FACE('',(#9987),#10012,.F.);
#9987 = FACE_BOUND('',#9988,.T.);
#9988 = EDGE_LOOP('',(#9989,#9997,#10005,#10011));
#9989 = ORIENTED_EDGE('',*,*,#9990,.T.);
#9990 = EDGE_CURVE('',#9960,#9991,#9993,.T.);
#9991 = VERTEX_POINT('',#9992);
#9992 = CARTESIAN_POINT('',(3.,-0.926726472726,5.225911188568));
#9993 = LINE('',#9994,#9995);
#9994 = CARTESIAN_POINT('',(3.,-0.926726472726,5.225911188568));
#9995 = VECTOR('',#9996,1.);
#9996 = DIRECTION('',(0.,-0.328346164813,0.944557460429));
#9997 = ORIENTED_EDGE('',*,*,#9998,.F.);
#9998 = EDGE_CURVE('',#9999,#9991,#10001,.T.);
#9999 = VERTEX_POINT('',#10000);
#10000 = CARTESIAN_POINT('',(3.001,-0.926726472726,5.225911188568));
#10001 = LINE('',#10002,#10003);
#10002 = CARTESIAN_POINT('',(3.001,-0.926726472726,5.225911188568));
#10003 = VECTOR('',#10004,1.);
#10004 = DIRECTION('',(-1.,-0.,-0.));
#10005 = ORIENTED_EDGE('',*,*,#10006,.F.);
#10006 = EDGE_CURVE('',#9968,#9999,#10007,.T.);
#10007 = LINE('',#10008,#10009);
#10008 = CARTESIAN_POINT('',(3.001,-0.926726472726,5.225911188568));
#10009 = VECTOR('',#10010,1.);
#10010 = DIRECTION('',(0.,-0.328346164813,0.944557460429));
#10011 = ORIENTED_EDGE('',*,*,#9967,.T.);
#10012 = PLANE('',#10013);
#10013 = AXIS2_PLACEMENT_3D('',#10014,#10015,#10016);
#10014 = CARTESIAN_POINT('',(3.001,-0.926726472726,5.225911188568));
#10015 = DIRECTION('',(0.,-0.944557460429,-0.328346164813));
#10016 = DIRECTION('',(0.,0.328346164813,-0.944557460429));
#10017 = ADVANCED_FACE('',(#10018),#10043,.F.);
#10018 = FACE_BOUND('',#10019,.T.);
#10019 = EDGE_LOOP('',(#10020,#10028,#10036,#10042));
#10020 = ORIENTED_EDGE('',*,*,#10021,.T.);
#10021 = EDGE_CURVE('',#9991,#10022,#10024,.T.);
#10022 = VERTEX_POINT('',#10023);
#10023 = CARTESIAN_POINT('',(3.,-0.955215839634,5.225911188568));
#10024 = LINE('',#10025,#10026);
#10025 = CARTESIAN_POINT('',(3.,-0.955215839634,5.225911188568));
#10026 = VECTOR('',#10027,1.);
#10027 = DIRECTION('',(-0.,-1.,-0.));
#10028 = ORIENTED_EDGE('',*,*,#10029,.F.);
#10029 = EDGE_CURVE('',#10030,#10022,#10032,.T.);
#10030 = VERTEX_POINT('',#10031);
#10031 = CARTESIAN_POINT('',(3.001,-0.955215839634,5.225911188568));
#10032 = LINE('',#10033,#10034);
#10033 = CARTESIAN_POINT('',(3.001,-0.955215839634,5.225911188568));
#10034 = VECTOR('',#10035,1.);
#10035 = DIRECTION('',(-1.,-0.,-0.));
#10036 = ORIENTED_EDGE('',*,*,#10037,.F.);
#10037 = EDGE_CURVE('',#9999,#10030,#10038,.T.);
#10038 = LINE('',#10039,#10040);
#10039 = CARTESIAN_POINT('',(3.001,-0.955215839634,5.225911188568));
#10040 = VECTOR('',#10041,1.);
#10041 = DIRECTION('',(-0.,-1.,-0.));
#10042 = ORIENTED_EDGE('',*,*,#9998,.T.);
#10043 = PLANE('',#10044);
#10044 = AXIS2_PLACEMENT_3D('',#10045,#10046,#10047);
#10045 = CARTESIAN_POINT('',(3.001,-0.955215839634,5.225911188568));
#10046 = DIRECTION('',(0.,0.,-1.));
#10047 = DIRECTION('',(-1.,0.,0.));
#10048 = ADVANCED_FACE('',(#10049),#10074,.F.);
#10049 = FACE_BOUND('',#10050,.T.);
#10050 = EDGE_LOOP('',(#10051,#10059,#10067,#10073));
#10051 = ORIENTED_EDGE('',*,*,#10052,.T.);
#10052 = EDGE_CURVE('',#10022,#10053,#10055,.T.);
#10053 = VERTEX_POINT('',#10054);
#10054 = CARTESIAN_POINT('',(3.,-0.898237105819,5.080968935034));
#10055 = LINE('',#10056,#10057);
#10056 = CARTESIAN_POINT('',(3.,-0.898237105819,5.080968935034));
#10057 = VECTOR('',#10058,1.);
#10058 = DIRECTION('',(0.,0.365858921669,-0.930670322636));
#10059 = ORIENTED_EDGE('',*,*,#10060,.F.);
#10060 = EDGE_CURVE('',#10061,#10053,#10063,.T.);
#10061 = VERTEX_POINT('',#10062);
#10062 = CARTESIAN_POINT('',(3.001,-0.898237105819,5.080968935034));
#10063 = LINE('',#10064,#10065);
#10064 = CARTESIAN_POINT('',(3.001,-0.898237105819,5.080968935034));
#10065 = VECTOR('',#10066,1.);
#10066 = DIRECTION('',(-1.,-0.,-0.));
#10067 = ORIENTED_EDGE('',*,*,#10068,.F.);
#10068 = EDGE_CURVE('',#10030,#10061,#10069,.T.);
#10069 = LINE('',#10070,#10071);
#10070 = CARTESIAN_POINT('',(3.001,-0.898237105819,5.080968935034));
#10071 = VECTOR('',#10072,1.);
#10072 = DIRECTION('',(0.,0.365858921669,-0.930670322636));
#10073 = ORIENTED_EDGE('',*,*,#10029,.T.);
#10074 = PLANE('',#10075);
#10075 = AXIS2_PLACEMENT_3D('',#10076,#10077,#10078);
#10076 = CARTESIAN_POINT('',(3.001,-0.898237105819,5.080968935034));
#10077 = DIRECTION('',(0.,0.930670322636,0.365858921669));
#10078 = DIRECTION('',(0.,-0.365858921669,0.930670322636));
#10079 = ADVANCED_FACE('',(#10080),#10105,.F.);
#10080 = FACE_BOUND('',#10081,.T.);
#10081 = EDGE_LOOP('',(#10082,#10090,#10098,#10104));
#10082 = ORIENTED_EDGE('',*,*,#10083,.T.);
#10083 = EDGE_CURVE('',#10053,#10084,#10086,.T.);
#10084 = VERTEX_POINT('',#10085);
#10085 = CARTESIAN_POINT('',(3.,-0.90941450342,5.054559083959));
#10086 = LINE('',#10087,#10088);
#10087 = CARTESIAN_POINT('',(3.,-0.90941450342,5.054559083959));
#10088 = VECTOR('',#10089,1.);
#10089 = DIRECTION('',(-0.,-0.389758265065,-0.920917203017));
#10090 = ORIENTED_EDGE('',*,*,#10091,.F.);
#10091 = EDGE_CURVE('',#10092,#10084,#10094,.T.);
#10092 = VERTEX_POINT('',#10093);
#10093 = CARTESIAN_POINT('',(3.001,-0.90941450342,5.054559083959));
#10094 = LINE('',#10095,#10096);
#10095 = CARTESIAN_POINT('',(3.001,-0.90941450342,5.054559083959));
#10096 = VECTOR('',#10097,1.);
#10097 = DIRECTION('',(-1.,-0.,-0.));
#10098 = ORIENTED_EDGE('',*,*,#10099,.F.);
#10099 = EDGE_CURVE('',#10061,#10092,#10100,.T.);
#10100 = LINE('',#10101,#10102);
#10101 = CARTESIAN_POINT('',(3.001,-0.90941450342,5.054559083959));
#10102 = VECTOR('',#10103,1.);
#10103 = DIRECTION('',(-0.,-0.389758265065,-0.920917203017));
#10104 = ORIENTED_EDGE('',*,*,#10060,.T.);
#10105 = PLANE('',#10106);
#10106 = AXIS2_PLACEMENT_3D('',#10107,#10108,#10109);
#10107 = CARTESIAN_POINT('',(3.001,-0.90941450342,5.054559083959));
#10108 = DIRECTION('',(0.,0.920917203017,-0.389758265065));
#10109 = DIRECTION('',(0.,0.389758265065,0.920917203017));
#10110 = ADVANCED_FACE('',(#10111),#10138,.F.);
#10111 = FACE_BOUND('',#10112,.F.);
#10112 = EDGE_LOOP('',(#10113,#10114,#10123,#10131));
#10113 = ORIENTED_EDGE('',*,*,#10091,.F.);
#10114 = ORIENTED_EDGE('',*,*,#10115,.T.);
#10115 = EDGE_CURVE('',#10092,#10116,#10118,.T.);
#10116 = VERTEX_POINT('',#10117);
#10117 = CARTESIAN_POINT('',(3.001,-0.93551242712,5.034075853007));
#10118 = B_SPLINE_CURVE_WITH_KNOTS('',3,(#10119,#10120,#10121,#10122),
  .UNSPECIFIED.,.F.,.F.,(4,4),(5.,6.),.PIECEWISE_BEZIER_KNOTS.);
#10119 = CARTESIAN_POINT('',(3.001,-0.90941450342,5.054559083959));
#10120 = CARTESIAN_POINT('',(3.001,-0.915185159855,5.040834279464));
#10121 = CARTESIAN_POINT('',(3.001,-0.923867138456,5.034075853007));
#10122 = CARTESIAN_POINT('',(3.001,-0.93551242712,5.034075853007));
#10123 = ORIENTED_EDGE('',*,*,#10124,.T.);
#10124 = EDGE_CURVE('',#10116,#10125,#10127,.T.);
#10125 = VERTEX_POINT('',#10126);
#10126 = CARTESIAN_POINT('',(3.,-0.93551242712,5.034075853007));
#10127 = LINE('',#10128,#10129);
#10128 = CARTESIAN_POINT('',(3.001,-0.93551242712,5.034075853007));
#10129 = VECTOR('',#10130,1.);
#10130 = DIRECTION('',(-1.,-0.,-0.));
#10131 = ORIENTED_EDGE('',*,*,#10132,.F.);
#10132 = EDGE_CURVE('',#10084,#10125,#10133,.T.);
#10133 = B_SPLINE_CURVE_WITH_KNOTS('',3,(#10134,#10135,#10136,#10137),
  .UNSPECIFIED.,.F.,.F.,(4,4),(5.,6.),.PIECEWISE_BEZIER_KNOTS.);
#10134 = CARTESIAN_POINT('',(3.,-0.90941450342,5.054559083959));
#10135 = CARTESIAN_POINT('',(3.,-0.915185159855,5.040834279464));
#10136 = CARTESIAN_POINT('',(3.,-0.923867138456,5.034075853007));
#10137 = CARTESIAN_POINT('',(3.,-0.93551242712,5.034075853007));
#10138 = B_SPLINE_SURFACE_WITH_KNOTS('',3,1,(
    (#10139,#10140)
    ,(#10141,#10142)
    ,(#10143,#10144)
    ,(#10145,#10146
    )),.UNSPECIFIED.,.F.,.F.,.F.,(4,4),(2,2),(5.,6.),(0.,1.),
  .PIECEWISE_BEZIER_KNOTS.);
#10139 = CARTESIAN_POINT('',(3.001,-0.90941450342,5.054559083959));
#10140 = CARTESIAN_POINT('',(3.,-0.90941450342,5.054559083959));
#10141 = CARTESIAN_POINT('',(3.001,-0.915185159855,5.040834279464));
#10142 = CARTESIAN_POINT('',(3.,-0.915185159855,5.040834279464));
#10143 = CARTESIAN_POINT('',(3.001,-0.923867138456,5.034075853007));
#10144 = CARTESIAN_POINT('',(3.,-0.923867138456,5.034075853007));
#10145 = CARTESIAN_POINT('',(3.001,-0.93551242712,5.034075853007));
#10146 = CARTESIAN_POINT('',(3.,-0.93551242712,5.034075853007));
#10147 = ADVANCED_FACE('',(#10148),#10175,.F.);
#10148 = FACE_BOUND('',#10149,.F.);
#10149 = EDGE_LOOP('',(#10150,#10151,#10160,#10168));
#10150 = ORIENTED_EDGE('',*,*,#10124,.F.);
#10151 = ORIENTED_EDGE('',*,*,#10152,.T.);
#10152 = EDGE_CURVE('',#10116,#10153,#10155,.T.);
#10153 = VERTEX_POINT('',#10154);
#10154 = CARTESIAN_POINT('',(3.001,-0.949965062156,5.036987175174));
#10155 = B_SPLINE_CURVE_WITH_KNOTS('',3,(#10156,#10157,#10158,#10159),
  .UNSPECIFIED.,.F.,.F.,(4,4),(4.,5.),.PIECEWISE_BEZIER_KNOTS.);
#10156 = CARTESIAN_POINT('',(3.001,-0.93551242712,5.034075853007));
#10157 = CARTESIAN_POINT('',(3.001,-0.940191337743,5.034075853007));
#10158 = CARTESIAN_POINT('',(3.001,-0.944974224158,5.035011635132));
#10159 = CARTESIAN_POINT('',(3.001,-0.949965062156,5.036987175174));
#10160 = ORIENTED_EDGE('',*,*,#10161,.T.);
#10161 = EDGE_CURVE('',#10153,#10162,#10164,.T.);
#10162 = VERTEX_POINT('',#10163);
#10163 = CARTESIAN_POINT('',(3.,-0.949965062156,5.036987175174));
#10164 = LINE('',#10165,#10166);
#10165 = CARTESIAN_POINT('',(3.001,-0.949965062156,5.036987175174));
#10166 = VECTOR('',#10167,1.);
#10167 = DIRECTION('',(-1.,-0.,-0.));
#10168 = ORIENTED_EDGE('',*,*,#10169,.F.);
#10169 = EDGE_CURVE('',#10125,#10162,#10170,.T.);
#10170 = B_SPLINE_CURVE_WITH_KNOTS('',3,(#10171,#10172,#10173,#10174),
  .UNSPECIFIED.,.F.,.F.,(4,4),(4.,5.),.PIECEWISE_BEZIER_KNOTS.);
#10171 = CARTESIAN_POINT('',(3.,-0.93551242712,5.034075853007));
#10172 = CARTESIAN_POINT('',(3.,-0.940191337743,5.034075853007));
#10173 = CARTESIAN_POINT('',(3.,-0.944974224158,5.035011635132));
#10174 = CARTESIAN_POINT('',(3.,-0.949965062156,5.036987175174));
#10175 = B_SPLINE_SURFACE_WITH_KNOTS('',3,1,(
    (#10176,#10177)
    ,(#10178,#10179)
    ,(#10180,#10181)
    ,(#10182,#10183
    )),.UNSPECIFIED.,.F.,.F.,.F.,(4,4),(2,2),(4.,5.),(0.,1.),
  .PIECEWISE_BEZIER_KNOTS.);
#10176 = CARTESIAN_POINT('',(3.001,-0.93551242712,5.034075853007));
#10177 = CARTESIAN_POINT('',(3.,-0.93551242712,5.034075853007));
#10178 = CARTESIAN_POINT('',(3.001,-0.940191337743,5.034075853007));
#10179 = CARTESIAN_POINT('',(3.,-0.940191337743,5.034075853007));
#10180 = CARTESIAN_POINT('',(3.001,-0.944974224158,5.035011635132));
#10181 = CARTESIAN_POINT('',(3.,-0.944974224158,5.035011635132));
#10182 = CARTESIAN_POINT('',(3.001,-0.949965062156,5.036987175174));
#10183 = CARTESIAN_POINT('',(3.,-0.949965062156,5.036987175174));
#10184 = ADVANCED_FACE('',(#10185),#10210,.F.);
#10185 = FACE_BOUND('',#10186,.T.);
#10186 = EDGE_LOOP('',(#10187,#10195,#10203,#10209));
#10187 = ORIENTED_EDGE('',*,*,#10188,.T.);
#10188 = EDGE_CURVE('',#10162,#10189,#10191,.T.);
#10189 = VERTEX_POINT('',#10190);
#10190 = CARTESIAN_POINT('',(3.,-0.949965062156,5.014320452597));
#10191 = LINE('',#10192,#10193);
#10192 = CARTESIAN_POINT('',(3.,-0.949965062156,5.014320452597));
#10193 = VECTOR('',#10194,1.);
#10194 = DIRECTION('',(-0.,-0.,-1.));
#10195 = ORIENTED_EDGE('',*,*,#10196,.F.);
#10196 = EDGE_CURVE('',#10197,#10189,#10199,.T.);
#10197 = VERTEX_POINT('',#10198);
#10198 = CARTESIAN_POINT('',(3.001,-0.949965062156,5.014320452597));
#10199 = LINE('',#10200,#10201);
#10200 = CARTESIAN_POINT('',(3.001,-0.949965062156,5.014320452597));
#10201 = VECTOR('',#10202,1.);
#10202 = DIRECTION('',(-1.,-0.,-0.));
#10203 = ORIENTED_EDGE('',*,*,#10204,.F.);
#10204 = EDGE_CURVE('',#10153,#10197,#10205,.T.);
#10205 = LINE('',#10206,#10207);
#10206 = CARTESIAN_POINT('',(3.001,-0.949965062156,5.014320452597));
#10207 = VECTOR('',#10208,1.);
#10208 = DIRECTION('',(-0.,-0.,-1.));
#10209 = ORIENTED_EDGE('',*,*,#10161,.T.);
#10210 = PLANE('',#10211);
#10211 = AXIS2_PLACEMENT_3D('',#10212,#10213,#10214);
#10212 = CARTESIAN_POINT('',(3.001,-0.949965062156,5.014320452597));
#10213 = DIRECTION('',(0.,1.,0.));
#10214 = DIRECTION('',(0.,-0.,1.));
#10215 = ADVANCED_FACE('',(#10216),#10243,.F.);
#10216 = FACE_BOUND('',#10217,.F.);
#10217 = EDGE_LOOP('',(#10218,#10219,#10228,#10236));
#10218 = ORIENTED_EDGE('',*,*,#10196,.F.);
#10219 = ORIENTED_EDGE('',*,*,#10220,.T.);
#10220 = EDGE_CURVE('',#10197,#10221,#10223,.T.);
#10221 = VERTEX_POINT('',#10222);
#10222 = CARTESIAN_POINT('',(3.001,-0.933536887078,5.012240936764));
#10223 = B_SPLINE_CURVE_WITH_KNOTS('',3,(#10224,#10225,#10226,#10227),
  .UNSPECIFIED.,.F.,.F.,(4,4),(2.,3.),.PIECEWISE_BEZIER_KNOTS.);
#10224 = CARTESIAN_POINT('',(3.001,-0.949965062156,5.014320452597));
#10225 = CARTESIAN_POINT('',(3.001,-0.94544211522,5.012968767306));
#10226 = CARTESIAN_POINT('',(3.001,-0.939931398264,5.012240936764));
#10227 = CARTESIAN_POINT('',(3.001,-0.933536887078,5.012240936764));
#10228 = ORIENTED_EDGE('',*,*,#10229,.T.);
#10229 = EDGE_CURVE('',#10221,#10230,#10232,.T.);
#10230 = VERTEX_POINT('',#10231);
#10231 = CARTESIAN_POINT('',(3.,-0.933536887078,5.012240936764));
#10232 = LINE('',#10233,#10234);
#10233 = CARTESIAN_POINT('',(3.001,-0.933536887078,5.012240936764));
#10234 = VECTOR('',#10235,1.);
#10235 = DIRECTION('',(-1.,-0.,-0.));
#10236 = ORIENTED_EDGE('',*,*,#10237,.F.);
#10237 = EDGE_CURVE('',#10189,#10230,#10238,.T.);
#10238 = B_SPLINE_CURVE_WITH_KNOTS('',3,(#10239,#10240,#10241,#10242),
  .UNSPECIFIED.,.F.,.F.,(4,4),(2.,3.),.PIECEWISE_BEZIER_KNOTS.);
#10239 = CARTESIAN_POINT('',(3.,-0.949965062156,5.014320452597));
#10240 = CARTESIAN_POINT('',(3.,-0.94544211522,5.012968767306));
#10241 = CARTESIAN_POINT('',(3.,-0.939931398264,5.012240936764));
#10242 = CARTESIAN_POINT('',(3.,-0.933536887078,5.012240936764));
#10243 = B_SPLINE_SURFACE_WITH_KNOTS('',3,1,(
    (#10244,#10245)
    ,(#10246,#10247)
    ,(#10248,#10249)
    ,(#10250,#10251
    )),.UNSPECIFIED.,.F.,.F.,.F.,(4,4),(2,2),(2.,3.),(0.,1.),
  .PIECEWISE_BEZIER_KNOTS.);
#10244 = CARTESIAN_POINT('',(3.001,-0.949965062156,5.014320452597));
#10245 = CARTESIAN_POINT('',(3.,-0.949965062156,5.014320452597));
#10246 = CARTESIAN_POINT('',(3.001,-0.94544211522,5.012968767306));
#10247 = CARTESIAN_POINT('',(3.,-0.94544211522,5.012968767306));
#10248 = CARTESIAN_POINT('',(3.001,-0.939931398264,5.012240936764));
#10249 = CARTESIAN_POINT('',(3.,-0.939931398264,5.012240936764));
#10250 = CARTESIAN_POINT('',(3.001,-0.933536887078,5.012240936764));
#10251 = CARTESIAN_POINT('',(3.,-0.933536887078,5.012240936764));
#10252 = ADVANCED_FACE('',(#10253),#10280,.F.);
#10253 = FACE_BOUND('',#10254,.F.);
#10254 = EDGE_LOOP('',(#10255,#10256,#10265,#10273));
#10255 = ORIENTED_EDGE('',*,*,#10229,.F.);
#10256 = ORIENTED_EDGE('',*,*,#10257,.T.);
#10257 = EDGE_CURVE('',#10221,#10258,#10260,.T.);
#10258 = VERTEX_POINT('',#10259);
#10259 = CARTESIAN_POINT('',(3.001,-0.88170495495,5.058718115625));
#10260 = B_SPLINE_CURVE_WITH_KNOTS('',3,(#10261,#10262,#10263,#10264),
  .UNSPECIFIED.,.F.,.F.,(4,4),(1.,2.),.PIECEWISE_BEZIER_KNOTS.);
#10261 = CARTESIAN_POINT('',(3.001,-0.933536887078,5.012240936764));
#10262 = CARTESIAN_POINT('',(3.001,-0.911234079774,5.012240936764));
#10263 = CARTESIAN_POINT('',(3.001,-0.893974098362,5.027733329718));
#10264 = CARTESIAN_POINT('',(3.001,-0.88170495495,5.058718115625));
#10265 = ORIENTED_EDGE('',*,*,#10266,.T.);
#10266 = EDGE_CURVE('',#10258,#10267,#10269,.T.);
#10267 = VERTEX_POINT('',#10268);
#10268 = CARTESIAN_POINT('',(3.,-0.88170495495,5.058718115625));
#10269 = LINE('',#10270,#10271);
#10270 = CARTESIAN_POINT('',(3.001,-0.88170495495,5.058718115625));
#10271 = VECTOR('',#10272,1.);
#10272 = DIRECTION('',(-1.,-0.,-0.));
#10273 = ORIENTED_EDGE('',*,*,#10274,.F.);
#10274 = EDGE_CURVE('',#10230,#10267,#10275,.T.);
#10275 = B_SPLINE_CURVE_WITH_KNOTS('',3,(#10276,#10277,#10278,#10279),
  .UNSPECIFIED.,.F.,.F.,(4,4),(1.,2.),.PIECEWISE_BEZIER_KNOTS.);
#10276 = CARTESIAN_POINT('',(3.,-0.933536887078,5.012240936764));
#10277 = CARTESIAN_POINT('',(3.,-0.911234079774,5.012240936764));
#10278 = CARTESIAN_POINT('',(3.,-0.893974098362,5.027733329718));
#10279 = CARTESIAN_POINT('',(3.,-0.88170495495,5.058718115625));
#10280 = B_SPLINE_SURFACE_WITH_KNOTS('',3,1,(
    (#10281,#10282)
    ,(#10283,#10284)
    ,(#10285,#10286)
    ,(#10287,#10288
    )),.UNSPECIFIED.,.F.,.F.,.F.,(4,4),(2,2),(1.,2.),(0.,1.),
  .PIECEWISE_BEZIER_KNOTS.);
#10281 = CARTESIAN_POINT('',(3.001,-0.933536887078,5.012240936764));
#10282 = CARTESIAN_POINT('',(3.,-0.933536887078,5.012240936764));
#10283 = CARTESIAN_POINT('',(3.001,-0.911234079774,5.012240936764));
#10284 = CARTESIAN_POINT('',(3.,-0.911234079774,5.012240936764));
#10285 = CARTESIAN_POINT('',(3.001,-0.893974098362,5.027733329718));
#10286 = CARTESIAN_POINT('',(3.,-0.893974098362,5.027733329718));
#10287 = CARTESIAN_POINT('',(3.001,-0.88170495495,5.058718115625));
#10288 = CARTESIAN_POINT('',(3.,-0.88170495495,5.058718115625));
#10289 = ADVANCED_FACE('',(#10290),#10306,.F.);
#10290 = FACE_BOUND('',#10291,.T.);
#10291 = EDGE_LOOP('',(#10292,#10298,#10299,#10305));
#10292 = ORIENTED_EDGE('',*,*,#10293,.T.);
#10293 = EDGE_CURVE('',#10267,#9821,#10294,.T.);
#10294 = LINE('',#10295,#10296);
#10295 = CARTESIAN_POINT('',(3.,-0.815784303056,5.225911188568));
#10296 = VECTOR('',#10297,1.);
#10297 = DIRECTION('',(0.,0.366797678951,0.930300737781));
#10298 = ORIENTED_EDGE('',*,*,#9846,.F.);
#10299 = ORIENTED_EDGE('',*,*,#10300,.F.);
#10300 = EDGE_CURVE('',#10258,#9839,#10301,.T.);
#10301 = LINE('',#10302,#10303);
#10302 = CARTESIAN_POINT('',(3.001,-0.815784303056,5.225911188568));
#10303 = VECTOR('',#10304,1.);
#10304 = DIRECTION('',(0.,0.366797678951,0.930300737781));
#10305 = ORIENTED_EDGE('',*,*,#10266,.T.);
#10306 = PLANE('',#10307);
#10307 = AXIS2_PLACEMENT_3D('',#10308,#10309,#10310);
#10308 = CARTESIAN_POINT('',(3.001,-0.815784303056,5.225911188568));
#10309 = DIRECTION('',(0.,-0.930300737781,0.366797678951));
#10310 = DIRECTION('',(0.,-0.366797678951,-0.930300737781));
#10311 = ADVANCED_FACE('',(#10312),#10329,.T.);
#10312 = FACE_BOUND('',#10313,.T.);
#10313 = EDGE_LOOP('',(#10314,#10315,#10316,#10317,#10318,#10319,#10320,
    #10321,#10322,#10323,#10324,#10325,#10326,#10327,#10328));
#10314 = ORIENTED_EDGE('',*,*,#9838,.T.);
#10315 = ORIENTED_EDGE('',*,*,#9876,.T.);
#10316 = ORIENTED_EDGE('',*,*,#9892,.T.);
#10317 = ORIENTED_EDGE('',*,*,#9944,.T.);
#10318 = ORIENTED_EDGE('',*,*,#9975,.T.);
#10319 = ORIENTED_EDGE('',*,*,#10006,.T.);
#10320 = ORIENTED_EDGE('',*,*,#10037,.T.);
#10321 = ORIENTED_EDGE('',*,*,#10068,.T.);
#10322 = ORIENTED_EDGE('',*,*,#10099,.T.);
#10323 = ORIENTED_EDGE('',*,*,#10115,.T.);
#10324 = ORIENTED_EDGE('',*,*,#10152,.T.);
#10325 = ORIENTED_EDGE('',*,*,#10204,.T.);
#10326 = ORIENTED_EDGE('',*,*,#10220,.T.);
#10327 = ORIENTED_EDGE('',*,*,#10257,.T.);
#10328 = ORIENTED_EDGE('',*,*,#10300,.T.);
#10329 = PLANE('',#10330);
#10330 = AXIS2_PLACEMENT_3D('',#10331,#10332,#10333);
#10331 = CARTESIAN_POINT('',(3.001,-0.903858297054,5.023860231479));
#10332 = DIRECTION('',(1.,0.,0.));
#10333 = DIRECTION('',(0.,0.,-1.));
#10334 = ADVANCED_FACE('',(#10335),#10352,.F.);
#10335 = FACE_BOUND('',#10336,.T.);
#10336 = EDGE_LOOP('',(#10337,#10338,#10339,#10340,#10341,#10342,#10343,
    #10344,#10345,#10346,#10347,#10348,#10349,#10350,#10351));
#10337 = ORIENTED_EDGE('',*,*,#9820,.F.);
#10338 = ORIENTED_EDGE('',*,*,#10293,.F.);
#10339 = ORIENTED_EDGE('',*,*,#10274,.F.);
#10340 = ORIENTED_EDGE('',*,*,#10237,.F.);
#10341 = ORIENTED_EDGE('',*,*,#10188,.F.);
#10342 = ORIENTED_EDGE('',*,*,#10169,.F.);
#10343 = ORIENTED_EDGE('',*,*,#10132,.F.);
#10344 = ORIENTED_EDGE('',*,*,#10083,.F.);
#10345 = ORIENTED_EDGE('',*,*,#10052,.F.);
#10346 = ORIENTED_EDGE('',*,*,#10021,.F.);
#10347 = ORIENTED_EDGE('',*,*,#9990,.F.);
#10348 = ORIENTED_EDGE('',*,*,#9959,.F.);
#10349 = ORIENTED_EDGE('',*,*,#9928,.F.);
#10350 = ORIENTED_EDGE('',*,*,#9909,.F.);
#10351 = ORIENTED_EDGE('',*,*,#9860,.F.);
#10352 = PLANE('',#10353);
#10353 = AXIS2_PLACEMENT_3D('',#10354,#10355,#10356);
#10354 = CARTESIAN_POINT('',(3.,-0.903858297054,5.023860231479));
#10355 = DIRECTION('',(1.,0.,0.));
#10356 = DIRECTION('',(0.,0.,-1.));
#10357 = ( GEOMETRIC_REPRESENTATION_CONTEXT(3) 
GLOBAL_UNCERTAINTY_ASSIGNED_CONTEXT((#10361)) 
GLOBAL_UNIT_ASSIGNED_CONTEXT((#10358,#10359,#10360)) 
REPRESENTATION_CONTEXT('Context #1',
  '3D Context with UNIT and UNCERTAINTY') );
#10358 = ( LENGTH_UNIT() NAMED_UNIT(*) SI_UNIT(.MILLI.,.METRE.) );
#10359 = ( NAMED_UNIT(*) PLANE_ANGLE_UNIT() SI_UNIT($,.RADIAN.) );
#10360 = ( NAMED_UNIT(*) SI_UNIT($,.STERADIAN.) SOLID_ANGLE_UNIT() );
#10361 = UNCERTAINTY_MEASURE_WITH_UNIT(LENGTH_MEASURE(1.E-07),#10358,
  'distance_accuracy_value','confusion accuracy');
#10362 = CONTEXT_DEPENDENT_SHAPE_REPRESENTATION(#10363,#10365);
#10363 = ( REPRESENTATION_RELATIONSHIP('','',#9813,#55) 
REPRESENTATION_RELATIONSHIP_WITH_TRANSFORMATION(#10364) 
SHAPE_REPRESENTATION_RELATIONSHIP() );
#10364 = ITEM_DEFINED_TRANSFORMATION('','',#11,#92);
#10365 = PRODUCT_DEFINITION_SHAPE('Placement','Placement of an item',
  #10366);
#10366 = NEXT_ASSEMBLY_USAGE_OCCURRENCE('10',
  'CONN-SMD_T31000~CONN-SMD_T31000~AJBg009','',#50,#9808,$);
#10367 = PRODUCT_RELATED_PRODUCT_CATEGORY('part',$,(#9810));
#10368 = SHAPE_DEFINITION_REPRESENTATION(#10369,#10375);
#10369 = PRODUCT_DEFINITION_SHAPE('','',#10370);
#10370 = PRODUCT_DEFINITION('design','',#10371,#10374);
#10371 = PRODUCT_DEFINITION_FORMATION('','',#10372);
#10372 = PRODUCT('CONN-SMD_T31000~CONN-SMD_T31000~AJBg010',
  'CONN-SMD_T31000~CONN-SMD_T31000~AJBg010','',(#10373));
#10373 = PRODUCT_CONTEXT('',#2,'mechanical');
#10374 = PRODUCT_DEFINITION_CONTEXT('part definition',#2,'design');
#10375 = ADVANCED_BREP_SHAPE_REPRESENTATION('',(#11,#10376),#10790);
#10376 = MANIFOLD_SOLID_BREP('',#10377);
#10377 = CLOSED_SHELL('',(#10378,#10418,#10449,#10480,#10511,#10542,
    #10573,#10604,#10635,#10666,#10697,#10728,#10750,#10770));
#10378 = ADVANCED_FACE('',(#10379),#10413,.F.);
#10379 = FACE_BOUND('',#10380,.T.);
#10380 = EDGE_LOOP('',(#10381,#10391,#10399,#10407));
#10381 = ORIENTED_EDGE('',*,*,#10382,.T.);
#10382 = EDGE_CURVE('',#10383,#10385,#10387,.T.);
#10383 = VERTEX_POINT('',#10384);
#10384 = CARTESIAN_POINT('',(3.,-0.678952161268,5.080657007659));
#10385 = VERTEX_POINT('',#10386);
#10386 = CARTESIAN_POINT('',(3.,-0.678952161268,5.103843609193));
#10387 = LINE('',#10388,#10389);
#10388 = CARTESIAN_POINT('',(3.,-0.678952161268,5.103843609193));
#10389 = VECTOR('',#10390,1.);
#10390 = DIRECTION('',(0.,0.,1.));
#10391 = ORIENTED_EDGE('',*,*,#10392,.F.);
#10392 = EDGE_CURVE('',#10393,#10385,#10395,.T.);
#10393 = VERTEX_POINT('',#10394);
#10394 = CARTESIAN_POINT('',(3.001,-0.678952161268,5.103843609193));
#10395 = LINE('',#10396,#10397);
#10396 = CARTESIAN_POINT('',(3.001,-0.678952161268,5.103843609193));
#10397 = VECTOR('',#10398,1.);
#10398 = DIRECTION('',(-1.,-0.,-0.));
#10399 = ORIENTED_EDGE('',*,*,#10400,.F.);
#10400 = EDGE_CURVE('',#10401,#10393,#10403,.T.);
#10401 = VERTEX_POINT('',#10402);
#10402 = CARTESIAN_POINT('',(3.001,-0.678952161268,5.080657007659));
#10403 = LINE('',#10404,#10405);
#10404 = CARTESIAN_POINT('',(3.001,-0.678952161268,5.103843609193));
#10405 = VECTOR('',#10406,1.);
#10406 = DIRECTION('',(0.,0.,1.));
#10407 = ORIENTED_EDGE('',*,*,#10408,.T.);
#10408 = EDGE_CURVE('',#10401,#10383,#10409,.T.);
#10409 = LINE('',#10410,#10411);
#10410 = CARTESIAN_POINT('',(3.001,-0.678952161268,5.080657007659));
#10411 = VECTOR('',#10412,1.);
#10412 = DIRECTION('',(-1.,-0.,-0.));
#10413 = PLANE('',#10414);
#10414 = AXIS2_PLACEMENT_3D('',#10415,#10416,#10417);
#10415 = CARTESIAN_POINT('',(3.001,-0.678952161268,5.103843609193));
#10416 = DIRECTION('',(0.,-1.,0.));
#10417 = DIRECTION('',(0.,0.,-1.));
#10418 = ADVANCED_FACE('',(#10419),#10444,.F.);
#10419 = FACE_BOUND('',#10420,.T.);
#10420 = EDGE_LOOP('',(#10421,#10429,#10437,#10443));
#10421 = ORIENTED_EDGE('',*,*,#10422,.T.);
#10422 = EDGE_CURVE('',#10385,#10423,#10425,.T.);
#10423 = VERTEX_POINT('',#10424);
#10424 = CARTESIAN_POINT('',(3.,-0.762080806677,5.103843609193));
#10425 = LINE('',#10426,#10427);
#10426 = CARTESIAN_POINT('',(3.,-0.762080806677,5.103843609193));
#10427 = VECTOR('',#10428,1.);
#10428 = DIRECTION('',(-0.,-1.,-0.));
#10429 = ORIENTED_EDGE('',*,*,#10430,.F.);
#10430 = EDGE_CURVE('',#10431,#10423,#10433,.T.);
#10431 = VERTEX_POINT('',#10432);
#10432 = CARTESIAN_POINT('',(3.001,-0.762080806677,5.103843609193));
#10433 = LINE('',#10434,#10435);
#10434 = CARTESIAN_POINT('',(3.001,-0.762080806677,5.103843609193));
#10435 = VECTOR('',#10436,1.);
#10436 = DIRECTION('',(-1.,-0.,-0.));
#10437 = ORIENTED_EDGE('',*,*,#10438,.F.);
#10438 = EDGE_CURVE('',#10393,#10431,#10439,.T.);
#10439 = LINE('',#10440,#10441);
#10440 = CARTESIAN_POINT('',(3.001,-0.762080806677,5.103843609193));
#10441 = VECTOR('',#10442,1.);
#10442 = DIRECTION('',(-0.,-1.,-0.));
#10443 = ORIENTED_EDGE('',*,*,#10392,.T.);
#10444 = PLANE('',#10445);
#10445 = AXIS2_PLACEMENT_3D('',#10446,#10447,#10448);
#10446 = CARTESIAN_POINT('',(3.001,-0.762080806677,5.103843609193));
#10447 = DIRECTION('',(0.,0.,-1.));
#10448 = DIRECTION('',(-1.,0.,0.));
#10449 = ADVANCED_FACE('',(#10450),#10475,.F.);
#10450 = FACE_BOUND('',#10451,.T.);
#10451 = EDGE_LOOP('',(#10452,#10460,#10468,#10474));
#10452 = ORIENTED_EDGE('',*,*,#10453,.T.);
#10453 = EDGE_CURVE('',#10423,#10454,#10456,.T.);
#10454 = VERTEX_POINT('',#10455);
#10455 = CARTESIAN_POINT('',(3.,-0.762080806677,5.172259680086));
#10456 = LINE('',#10457,#10458);
#10457 = CARTESIAN_POINT('',(3.,-0.762080806677,5.172259680086));
#10458 = VECTOR('',#10459,1.);
#10459 = DIRECTION('',(0.,-3.169437117125E-15,1.));
#10460 = ORIENTED_EDGE('',*,*,#10461,.F.);
#10461 = EDGE_CURVE('',#10462,#10454,#10464,.T.);
#10462 = VERTEX_POINT('',#10463);
#10463 = CARTESIAN_POINT('',(3.001,-0.762080806677,5.172259680086));
#10464 = LINE('',#10465,#10466);
#10465 = CARTESIAN_POINT('',(3.001,-0.762080806677,5.172259680086));
#10466 = VECTOR('',#10467,1.);
#10467 = DIRECTION('',(-1.,-0.,-0.));
#10468 = ORIENTED_EDGE('',*,*,#10469,.F.);
#10469 = EDGE_CURVE('',#10431,#10462,#10470,.T.);
#10470 = LINE('',#10471,#10472);
#10471 = CARTESIAN_POINT('',(3.001,-0.762080806677,5.172259680086));
#10472 = VECTOR('',#10473,1.);
#10473 = DIRECTION('',(0.,-3.169437117125E-15,1.));
#10474 = ORIENTED_EDGE('',*,*,#10430,.T.);
#10475 = PLANE('',#10476);
#10476 = AXIS2_PLACEMENT_3D('',#10477,#10478,#10479);
#10477 = CARTESIAN_POINT('',(3.001,-0.762080806677,5.172259680086));
#10478 = DIRECTION('',(0.,-1.,-3.169437117125E-15));
#10479 = DIRECTION('',(0.,3.169437117125E-15,-1.));
#10480 = ADVANCED_FACE('',(#10481),#10506,.F.);
#10481 = FACE_BOUND('',#10482,.T.);
#10482 = EDGE_LOOP('',(#10483,#10491,#10499,#10505));
#10483 = ORIENTED_EDGE('',*,*,#10484,.T.);
#10484 = EDGE_CURVE('',#10454,#10485,#10487,.T.);
#10485 = VERTEX_POINT('',#10486);
#10486 = CARTESIAN_POINT('',(3.,-0.689349740431,5.172259680086));
#10487 = LINE('',#10488,#10489);
#10488 = CARTESIAN_POINT('',(3.,-0.689349740431,5.172259680086));
#10489 = VECTOR('',#10490,1.);
#10490 = DIRECTION('',(0.,1.,0.));
#10491 = ORIENTED_EDGE('',*,*,#10492,.F.);
#10492 = EDGE_CURVE('',#10493,#10485,#10495,.T.);
#10493 = VERTEX_POINT('',#10494);
#10494 = CARTESIAN_POINT('',(3.001,-0.689349740431,5.172259680086));
#10495 = LINE('',#10496,#10497);
#10496 = CARTESIAN_POINT('',(3.001,-0.689349740431,5.172259680086));
#10497 = VECTOR('',#10498,1.);
#10498 = DIRECTION('',(-1.,-0.,-0.));
#10499 = ORIENTED_EDGE('',*,*,#10500,.F.);
#10500 = EDGE_CURVE('',#10462,#10493,#10501,.T.);
#10501 = LINE('',#10502,#10503);
#10502 = CARTESIAN_POINT('',(3.001,-0.689349740431,5.172259680086));
#10503 = VECTOR('',#10504,1.);
#10504 = DIRECTION('',(0.,1.,0.));
#10505 = ORIENTED_EDGE('',*,*,#10461,.T.);
#10506 = PLANE('',#10507);
#10507 = AXIS2_PLACEMENT_3D('',#10508,#10509,#10510);
#10508 = CARTESIAN_POINT('',(3.001,-0.689349740431,5.172259680086));
#10509 = DIRECTION('',(0.,0.,1.));
#10510 = DIRECTION('',(1.,0.,-0.));
#10511 = ADVANCED_FACE('',(#10512),#10537,.F.);
#10512 = FACE_BOUND('',#10513,.T.);
#10513 = EDGE_LOOP('',(#10514,#10522,#10530,#10536));
#10514 = ORIENTED_EDGE('',*,*,#10515,.T.);
#10515 = EDGE_CURVE('',#10485,#10516,#10518,.T.);
#10516 = VERTEX_POINT('',#10517);
#10517 = CARTESIAN_POINT('',(3.,-0.689349740431,5.195550257411));
#10518 = LINE('',#10519,#10520);
#10519 = CARTESIAN_POINT('',(3.,-0.689349740431,5.195550257411));
#10520 = VECTOR('',#10521,1.);
#10521 = DIRECTION('',(0.,-9.310221531588E-15,1.));
#10522 = ORIENTED_EDGE('',*,*,#10523,.F.);
#10523 = EDGE_CURVE('',#10524,#10516,#10526,.T.);
#10524 = VERTEX_POINT('',#10525);
#10525 = CARTESIAN_POINT('',(3.001,-0.689349740431,5.195550257411));
#10526 = LINE('',#10527,#10528);
#10527 = CARTESIAN_POINT('',(3.001,-0.689349740431,5.195550257411));
#10528 = VECTOR('',#10529,1.);
#10529 = DIRECTION('',(-1.,-0.,-0.));
#10530 = ORIENTED_EDGE('',*,*,#10531,.F.);
#10531 = EDGE_CURVE('',#10493,#10524,#10532,.T.);
#10532 = LINE('',#10533,#10534);
#10533 = CARTESIAN_POINT('',(3.001,-0.689349740431,5.195550257411));
#10534 = VECTOR('',#10535,1.);
#10535 = DIRECTION('',(0.,-9.310221531588E-15,1.));
#10536 = ORIENTED_EDGE('',*,*,#10492,.T.);
#10537 = PLANE('',#10538);
#10538 = AXIS2_PLACEMENT_3D('',#10539,#10540,#10541);
#10539 = CARTESIAN_POINT('',(3.001,-0.689349740431,5.195550257411));
#10540 = DIRECTION('',(0.,-1.,-9.310221531588E-15));
#10541 = DIRECTION('',(0.,9.310221531588E-15,-1.));
#10542 = ADVANCED_FACE('',(#10543),#10568,.F.);
#10543 = FACE_BOUND('',#10544,.T.);
#10544 = EDGE_LOOP('',(#10545,#10553,#10561,#10567));
#10545 = ORIENTED_EDGE('',*,*,#10546,.T.);
#10546 = EDGE_CURVE('',#10516,#10547,#10549,.T.);
#10547 = VERTEX_POINT('',#10548);
#10548 = CARTESIAN_POINT('',(3.,-0.762080806677,5.195550257411));
#10549 = LINE('',#10550,#10551);
#10550 = CARTESIAN_POINT('',(3.,-0.762080806677,5.195550257411));
#10551 = VECTOR('',#10552,1.);
#10552 = DIRECTION('',(-0.,-1.,-0.));
#10553 = ORIENTED_EDGE('',*,*,#10554,.F.);
#10554 = EDGE_CURVE('',#10555,#10547,#10557,.T.);
#10555 = VERTEX_POINT('',#10556);
#10556 = CARTESIAN_POINT('',(3.001,-0.762080806677,5.195550257411));
#10557 = LINE('',#10558,#10559);
#10558 = CARTESIAN_POINT('',(3.001,-0.762080806677,5.195550257411));
#10559 = VECTOR('',#10560,1.);
#10560 = DIRECTION('',(-1.,-0.,-0.));
#10561 = ORIENTED_EDGE('',*,*,#10562,.F.);
#10562 = EDGE_CURVE('',#10524,#10555,#10563,.T.);
#10563 = LINE('',#10564,#10565);
#10564 = CARTESIAN_POINT('',(3.001,-0.762080806677,5.195550257411));
#10565 = VECTOR('',#10566,1.);
#10566 = DIRECTION('',(-0.,-1.,-0.));
#10567 = ORIENTED_EDGE('',*,*,#10523,.T.);
#10568 = PLANE('',#10569);
#10569 = AXIS2_PLACEMENT_3D('',#10570,#10571,#10572);
#10570 = CARTESIAN_POINT('',(3.001,-0.762080806677,5.195550257411));
#10571 = DIRECTION('',(0.,0.,-1.));
#10572 = DIRECTION('',(-1.,0.,0.));
#10573 = ADVANCED_FACE('',(#10574),#10599,.F.);
#10574 = FACE_BOUND('',#10575,.T.);
#10575 = EDGE_LOOP('',(#10576,#10584,#10592,#10598));
#10576 = ORIENTED_EDGE('',*,*,#10577,.T.);
#10577 = EDGE_CURVE('',#10547,#10578,#10580,.T.);
#10578 = VERTEX_POINT('',#10579);
#10579 = CARTESIAN_POINT('',(3.,-0.762080806677,5.260639102974));
#10580 = LINE('',#10581,#10582);
#10581 = CARTESIAN_POINT('',(3.,-0.762080806677,5.260639102974));
#10582 = VECTOR('',#10583,1.);
#10583 = DIRECTION('',(0.,-3.331453071942E-15,1.));
#10584 = ORIENTED_EDGE('',*,*,#10585,.F.);
#10585 = EDGE_CURVE('',#10586,#10578,#10588,.T.);
#10586 = VERTEX_POINT('',#10587);
#10587 = CARTESIAN_POINT('',(3.001,-0.762080806677,5.260639102974));
#10588 = LINE('',#10589,#10590);
#10589 = CARTESIAN_POINT('',(3.001,-0.762080806677,5.260639102974));
#10590 = VECTOR('',#10591,1.);
#10591 = DIRECTION('',(-1.,-0.,-0.));
#10592 = ORIENTED_EDGE('',*,*,#10593,.F.);
#10593 = EDGE_CURVE('',#10555,#10586,#10594,.T.);
#10594 = LINE('',#10595,#10596);
#10595 = CARTESIAN_POINT('',(3.001,-0.762080806677,5.260639102974));
#10596 = VECTOR('',#10597,1.);
#10597 = DIRECTION('',(0.,-3.331453071942E-15,1.));
#10598 = ORIENTED_EDGE('',*,*,#10554,.T.);
#10599 = PLANE('',#10600);
#10600 = AXIS2_PLACEMENT_3D('',#10601,#10602,#10603);
#10601 = CARTESIAN_POINT('',(3.001,-0.762080806677,5.260639102974));
#10602 = DIRECTION('',(0.,-1.,-3.331453071942E-15));
#10603 = DIRECTION('',(0.,3.331453071942E-15,-1.));
#10604 = ADVANCED_FACE('',(#10605),#10630,.F.);
#10605 = FACE_BOUND('',#10606,.T.);
#10606 = EDGE_LOOP('',(#10607,#10615,#10623,#10629));
#10607 = ORIENTED_EDGE('',*,*,#10608,.T.);
#10608 = EDGE_CURVE('',#10578,#10609,#10611,.T.);
#10609 = VERTEX_POINT('',#10610);
#10610 = CARTESIAN_POINT('',(3.,-0.683579083995,5.260639102974));
#10611 = LINE('',#10612,#10613);
#10612 = CARTESIAN_POINT('',(3.,-0.683579083995,5.260639102974));
#10613 = VECTOR('',#10614,1.);
#10614 = DIRECTION('',(0.,1.,1.104895164544E-14));
#10615 = ORIENTED_EDGE('',*,*,#10616,.F.);
#10616 = EDGE_CURVE('',#10617,#10609,#10619,.T.);
#10617 = VERTEX_POINT('',#10618);
#10618 = CARTESIAN_POINT('',(3.001,-0.683579083995,5.260639102974));
#10619 = LINE('',#10620,#10621);
#10620 = CARTESIAN_POINT('',(3.001,-0.683579083995,5.260639102974));
#10621 = VECTOR('',#10622,1.);
#10622 = DIRECTION('',(-1.,-0.,-0.));
#10623 = ORIENTED_EDGE('',*,*,#10624,.F.);
#10624 = EDGE_CURVE('',#10586,#10617,#10625,.T.);
#10625 = LINE('',#10626,#10627);
#10626 = CARTESIAN_POINT('',(3.001,-0.683579083995,5.260639102974));
#10627 = VECTOR('',#10628,1.);
#10628 = DIRECTION('',(0.,1.,1.104895164544E-14));
#10629 = ORIENTED_EDGE('',*,*,#10585,.T.);
#10630 = PLANE('',#10631);
#10631 = AXIS2_PLACEMENT_3D('',#10632,#10633,#10634);
#10632 = CARTESIAN_POINT('',(3.001,-0.683579083995,5.260639102974));
#10633 = DIRECTION('',(0.,-1.104895164544E-14,1.));
#10634 = DIRECTION('',(0.,-1.,-1.104895164544E-14));
#10635 = ADVANCED_FACE('',(#10636),#10661,.F.);
#10636 = FACE_BOUND('',#10637,.T.);
#10637 = EDGE_LOOP('',(#10638,#10646,#10654,#10660));
#10638 = ORIENTED_EDGE('',*,*,#10639,.T.);
#10639 = EDGE_CURVE('',#10609,#10640,#10642,.T.);
#10640 = VERTEX_POINT('',#10641);
#10641 = CARTESIAN_POINT('',(3.,-0.683579083995,5.28403365609));
#10642 = LINE('',#10643,#10644);
#10643 = CARTESIAN_POINT('',(3.,-0.683579083995,5.28403365609));
#10644 = VECTOR('',#10645,1.);
#10645 = DIRECTION('',(0.,0.,1.));
#10646 = ORIENTED_EDGE('',*,*,#10647,.F.);
#10647 = EDGE_CURVE('',#10648,#10640,#10650,.T.);
#10648 = VERTEX_POINT('',#10649);
#10649 = CARTESIAN_POINT('',(3.001,-0.683579083995,5.28403365609));
#10650 = LINE('',#10651,#10652);
#10651 = CARTESIAN_POINT('',(3.001,-0.683579083995,5.28403365609));
#10652 = VECTOR('',#10653,1.);
#10653 = DIRECTION('',(-1.,-0.,-0.));
#10654 = ORIENTED_EDGE('',*,*,#10655,.F.);
#10655 = EDGE_CURVE('',#10617,#10648,#10656,.T.);
#10656 = LINE('',#10657,#10658);
#10657 = CARTESIAN_POINT('',(3.001,-0.683579083995,5.28403365609));
#10658 = VECTOR('',#10659,1.);
#10659 = DIRECTION('',(0.,0.,1.));
#10660 = ORIENTED_EDGE('',*,*,#10616,.T.);
#10661 = PLANE('',#10662);
#10662 = AXIS2_PLACEMENT_3D('',#10663,#10664,#10665);
#10663 = CARTESIAN_POINT('',(3.001,-0.683579083995,5.28403365609));
#10664 = DIRECTION('',(0.,-1.,0.));
#10665 = DIRECTION('',(0.,0.,-1.));
#10666 = ADVANCED_FACE('',(#10667),#10692,.F.);
#10667 = FACE_BOUND('',#10668,.T.);
#10668 = EDGE_LOOP('',(#10669,#10677,#10685,#10691));
#10669 = ORIENTED_EDGE('',*,*,#10670,.T.);
#10670 = EDGE_CURVE('',#10640,#10671,#10673,.T.);
#10671 = VERTEX_POINT('',#10672);
#10672 = CARTESIAN_POINT('',(3.,-0.788334694064,5.28403365609));
#10673 = LINE('',#10674,#10675);
#10674 = CARTESIAN_POINT('',(3.,-0.788334694064,5.28403365609));
#10675 = VECTOR('',#10676,1.);
#10676 = DIRECTION('',(-0.,-1.,-8.279859545651E-15));
#10677 = ORIENTED_EDGE('',*,*,#10678,.F.);
#10678 = EDGE_CURVE('',#10679,#10671,#10681,.T.);
#10679 = VERTEX_POINT('',#10680);
#10680 = CARTESIAN_POINT('',(3.001,-0.788334694064,5.28403365609));
#10681 = LINE('',#10682,#10683);
#10682 = CARTESIAN_POINT('',(3.001,-0.788334694064,5.28403365609));
#10683 = VECTOR('',#10684,1.);
#10684 = DIRECTION('',(-1.,-0.,-0.));
#10685 = ORIENTED_EDGE('',*,*,#10686,.F.);
#10686 = EDGE_CURVE('',#10648,#10679,#10687,.T.);
#10687 = LINE('',#10688,#10689);
#10688 = CARTESIAN_POINT('',(3.001,-0.788334694064,5.28403365609));
#10689 = VECTOR('',#10690,1.);
#10690 = DIRECTION('',(-0.,-1.,-8.279859545651E-15));
#10691 = ORIENTED_EDGE('',*,*,#10647,.T.);
#10692 = PLANE('',#10693);
#10693 = AXIS2_PLACEMENT_3D('',#10694,#10695,#10696);
#10694 = CARTESIAN_POINT('',(3.001,-0.788334694064,5.28403365609));
#10695 = DIRECTION('',(0.,8.279859545651E-15,-1.));
#10696 = DIRECTION('',(0.,1.,8.279859545651E-15));
#10697 = ADVANCED_FACE('',(#10698),#10723,.F.);
#10698 = FACE_BOUND('',#10699,.T.);
#10699 = EDGE_LOOP('',(#10700,#10708,#10716,#10722));
#10700 = ORIENTED_EDGE('',*,*,#10701,.T.);
#10701 = EDGE_CURVE('',#10671,#10702,#10704,.T.);
#10702 = VERTEX_POINT('',#10703);
#10703 = CARTESIAN_POINT('',(3.,-0.788334694064,5.080657007659));
#10704 = LINE('',#10705,#10706);
#10705 = CARTESIAN_POINT('',(3.,-0.788334694064,5.080657007659));
#10706 = VECTOR('',#10707,1.);
#10707 = DIRECTION('',(0.,3.19860371635E-15,-1.));
#10708 = ORIENTED_EDGE('',*,*,#10709,.F.);
#10709 = EDGE_CURVE('',#10710,#10702,#10712,.T.);
#10710 = VERTEX_POINT('',#10711);
#10711 = CARTESIAN_POINT('',(3.001,-0.788334694064,5.080657007659));
#10712 = LINE('',#10713,#10714);
#10713 = CARTESIAN_POINT('',(3.001,-0.788334694064,5.080657007659));
#10714 = VECTOR('',#10715,1.);
#10715 = DIRECTION('',(-1.,-0.,-0.));
#10716 = ORIENTED_EDGE('',*,*,#10717,.F.);
#10717 = EDGE_CURVE('',#10679,#10710,#10718,.T.);
#10718 = LINE('',#10719,#10720);
#10719 = CARTESIAN_POINT('',(3.001,-0.788334694064,5.080657007659));
#10720 = VECTOR('',#10721,1.);
#10721 = DIRECTION('',(0.,3.19860371635E-15,-1.));
#10722 = ORIENTED_EDGE('',*,*,#10678,.T.);
#10723 = PLANE('',#10724);
#10724 = AXIS2_PLACEMENT_3D('',#10725,#10726,#10727);
#10725 = CARTESIAN_POINT('',(3.001,-0.788334694064,5.080657007659));
#10726 = DIRECTION('',(0.,1.,3.19860371635E-15));
#10727 = DIRECTION('',(0.,-3.19860371635E-15,1.));
#10728 = ADVANCED_FACE('',(#10729),#10745,.F.);
#10729 = FACE_BOUND('',#10730,.T.);
#10730 = EDGE_LOOP('',(#10731,#10737,#10738,#10744));
#10731 = ORIENTED_EDGE('',*,*,#10732,.T.);
#10732 = EDGE_CURVE('',#10702,#10383,#10733,.T.);
#10733 = LINE('',#10734,#10735);
#10734 = CARTESIAN_POINT('',(3.,-0.678952161268,5.080657007659));
#10735 = VECTOR('',#10736,1.);
#10736 = DIRECTION('',(0.,1.,0.));
#10737 = ORIENTED_EDGE('',*,*,#10408,.F.);
#10738 = ORIENTED_EDGE('',*,*,#10739,.F.);
#10739 = EDGE_CURVE('',#10710,#10401,#10740,.T.);
#10740 = LINE('',#10741,#10742);
#10741 = CARTESIAN_POINT('',(3.001,-0.678952161268,5.080657007659));
#10742 = VECTOR('',#10743,1.);
#10743 = DIRECTION('',(0.,1.,0.));
#10744 = ORIENTED_EDGE('',*,*,#10709,.T.);
#10745 = PLANE('',#10746);
#10746 = AXIS2_PLACEMENT_3D('',#10747,#10748,#10749);
#10747 = CARTESIAN_POINT('',(3.001,-0.678952161268,5.080657007659));
#10748 = DIRECTION('',(0.,0.,1.));
#10749 = DIRECTION('',(1.,0.,-0.));
#10750 = ADVANCED_FACE('',(#10751),#10765,.F.);
#10751 = FACE_BOUND('',#10752,.T.);
#10752 = EDGE_LOOP('',(#10753,#10754,#10755,#10756,#10757,#10758,#10759,
    #10760,#10761,#10762,#10763,#10764));
#10753 = ORIENTED_EDGE('',*,*,#10400,.T.);
#10754 = ORIENTED_EDGE('',*,*,#10438,.T.);
#10755 = ORIENTED_EDGE('',*,*,#10469,.T.);
#10756 = ORIENTED_EDGE('',*,*,#10500,.T.);
#10757 = ORIENTED_EDGE('',*,*,#10531,.T.);
#10758 = ORIENTED_EDGE('',*,*,#10562,.T.);
#10759 = ORIENTED_EDGE('',*,*,#10593,.T.);
#10760 = ORIENTED_EDGE('',*,*,#10624,.T.);
#10761 = ORIENTED_EDGE('',*,*,#10655,.T.);
#10762 = ORIENTED_EDGE('',*,*,#10686,.T.);
#10763 = ORIENTED_EDGE('',*,*,#10717,.T.);
#10764 = ORIENTED_EDGE('',*,*,#10739,.T.);
#10765 = PLANE('',#10766);
#10766 = AXIS2_PLACEMENT_3D('',#10767,#10768,#10769);
#10767 = CARTESIAN_POINT('',(3.001,0.,9.999990463257E-02));
#10768 = DIRECTION('',(-1.,0.,0.));
#10769 = DIRECTION('',(0.,0.,1.));
#10770 = ADVANCED_FACE('',(#10771),#10785,.T.);
#10771 = FACE_BOUND('',#10772,.T.);
#10772 = EDGE_LOOP('',(#10773,#10774,#10775,#10776,#10777,#10778,#10779,
    #10780,#10781,#10782,#10783,#10784));
#10773 = ORIENTED_EDGE('',*,*,#10382,.F.);
#10774 = ORIENTED_EDGE('',*,*,#10732,.F.);
#10775 = ORIENTED_EDGE('',*,*,#10701,.F.);
#10776 = ORIENTED_EDGE('',*,*,#10670,.F.);
#10777 = ORIENTED_EDGE('',*,*,#10639,.F.);
#10778 = ORIENTED_EDGE('',*,*,#10608,.F.);
#10779 = ORIENTED_EDGE('',*,*,#10577,.F.);
#10780 = ORIENTED_EDGE('',*,*,#10546,.F.);
#10781 = ORIENTED_EDGE('',*,*,#10515,.F.);
#10782 = ORIENTED_EDGE('',*,*,#10484,.F.);
#10783 = ORIENTED_EDGE('',*,*,#10453,.F.);
#10784 = ORIENTED_EDGE('',*,*,#10422,.F.);
#10785 = PLANE('',#10786);
#10786 = AXIS2_PLACEMENT_3D('',#10787,#10788,#10789);
#10787 = CARTESIAN_POINT('',(3.,0.,9.999990463257E-02));
#10788 = DIRECTION('',(-1.,0.,0.));
#10789 = DIRECTION('',(0.,0.,1.));
#10790 = ( GEOMETRIC_REPRESENTATION_CONTEXT(3) 
GLOBAL_UNCERTAINTY_ASSIGNED_CONTEXT((#10794)) 
GLOBAL_UNIT_ASSIGNED_CONTEXT((#10791,#10792,#10793)) 
REPRESENTATION_CONTEXT('Context #1',
  '3D Context with UNIT and UNCERTAINTY') );
#10791 = ( LENGTH_UNIT() NAMED_UNIT(*) SI_UNIT(.MILLI.,.METRE.) );
#10792 = ( NAMED_UNIT(*) PLANE_ANGLE_UNIT() SI_UNIT($,.RADIAN.) );
#10793 = ( NAMED_UNIT(*) SI_UNIT($,.STERADIAN.) SOLID_ANGLE_UNIT() );
#10794 = UNCERTAINTY_MEASURE_WITH_UNIT(LENGTH_MEASURE(1.E-07),#10791,
  'distance_accuracy_value','confusion accuracy');
#10795 = CONTEXT_DEPENDENT_SHAPE_REPRESENTATION(#10796,#10798);
#10796 = ( REPRESENTATION_RELATIONSHIP('','',#10375,#55) 
REPRESENTATION_RELATIONSHIP_WITH_TRANSFORMATION(#10797) 
SHAPE_REPRESENTATION_RELATIONSHIP() );
#10797 = ITEM_DEFINED_TRANSFORMATION('','',#11,#96);
#10798 = PRODUCT_DEFINITION_SHAPE('Placement','Placement of an item',
  #10799);
#10799 = NEXT_ASSEMBLY_USAGE_OCCURRENCE('11',
  'CONN-SMD_T31000~CONN-SMD_T31000~AJBg010','',#50,#10370,$);
#10800 = PRODUCT_RELATED_PRODUCT_CATEGORY('part',$,(#10372));
#10801 = SHAPE_DEFINITION_REPRESENTATION(#10802,#10808);
#10802 = PRODUCT_DEFINITION_SHAPE('','',#10803);
#10803 = PRODUCT_DEFINITION('design','',#10804,#10807);
#10804 = PRODUCT_DEFINITION_FORMATION('','',#10805);
#10805 = PRODUCT('CONN-SMD_T31000~CONN-SMD_T31000~AJBg011',
  'CONN-SMD_T31000~CONN-SMD_T31000~AJBg011','',(#10806));
#10806 = PRODUCT_CONTEXT('',#2,'mechanical');
#10807 = PRODUCT_DEFINITION_CONTEXT('part definition',#2,'design');
#10808 = ADVANCED_BREP_SHAPE_REPRESENTATION('',(#11,#10809),#11341);
#10809 = MANIFOLD_SOLID_BREP('',#10810);
#10810 = CLOSED_SHELL('',(#10811,#10941,#11071,#11093,#11114,#11135,
    #11156,#11177,#11194,#11206,#11228,#11245,#11262,#11283,#11304,
    #11325));
#10811 = ADVANCED_FACE('',(#10812,#10874),#10936,.T.);
#10812 = FACE_BOUND('',#10813,.T.);
#10813 = EDGE_LOOP('',(#10814,#10824,#10833,#10842,#10851,#10860,#10868)
  );
#10814 = ORIENTED_EDGE('',*,*,#10815,.T.);
#10815 = EDGE_CURVE('',#10816,#10818,#10820,.T.);
#10816 = VERTEX_POINT('',#10817);
#10817 = CARTESIAN_POINT('',(3.001,-0.640533106259,5.080657007659));
#10818 = VERTEX_POINT('',#10819);
#10819 = CARTESIAN_POINT('',(3.001,-0.584594130361,5.080657007659));
#10820 = LINE('',#10821,#10822);
#10821 = CARTESIAN_POINT('',(3.001,-0.584594130361,5.080657007659));
#10822 = VECTOR('',#10823,1.);
#10823 = DIRECTION('',(0.,1.,1.550549905618E-14));
#10824 = ORIENTED_EDGE('',*,*,#10825,.T.);
#10825 = EDGE_CURVE('',#10818,#10826,#10828,.T.);
#10826 = VERTEX_POINT('',#10827);
#10827 = CARTESIAN_POINT('',(3.001,-0.505624516618,5.109146374566));
#10828 = B_SPLINE_CURVE_WITH_KNOTS('',3,(#10829,#10830,#10831,#10832),
  .UNSPECIFIED.,.F.,.F.,(4,4),(5.,6.),.PIECEWISE_BEZIER_KNOTS.);
#10829 = CARTESIAN_POINT('',(3.001,-0.584594130361,5.080657007659));
#10830 = CARTESIAN_POINT('',(3.001,-0.552413622852,5.080657007659));
#10831 = CARTESIAN_POINT('',(3.001,-0.526055759673,5.090118804696));
#10832 = CARTESIAN_POINT('',(3.001,-0.505624516618,5.109146374566));
#10833 = ORIENTED_EDGE('',*,*,#10834,.T.);
#10834 = EDGE_CURVE('',#10826,#10835,#10837,.T.);
#10835 = VERTEX_POINT('',#10836);
#10836 = CARTESIAN_POINT('',(3.001,-0.474951658086,5.184944726665));
#10837 = B_SPLINE_CURVE_WITH_KNOTS('',3,(#10838,#10839,#10840,#10841),
  .UNSPECIFIED.,.F.,.F.,(4,4),(4.,5.),.PIECEWISE_BEZIER_KNOTS.);
#10838 = CARTESIAN_POINT('',(3.001,-0.505624516618,5.109146374566));
#10839 = CARTESIAN_POINT('',(3.001,-0.485193273562,5.128173944435));
#10840 = CARTESIAN_POINT('',(3.001,-0.474951658086,5.1534400618));
#10841 = CARTESIAN_POINT('',(3.001,-0.474951658086,5.184944726665));
#10842 = ORIENTED_EDGE('',*,*,#10843,.T.);
#10843 = EDGE_CURVE('',#10835,#10844,#10846,.T.);
#10844 = VERTEX_POINT('',#10845);
#10845 = CARTESIAN_POINT('',(3.001,-0.505624516618,5.257103926058));
#10846 = B_SPLINE_CURVE_WITH_KNOTS('',3,(#10847,#10848,#10849,#10850),
  .UNSPECIFIED.,.F.,.F.,(4,4),(3.,4.),.PIECEWISE_BEZIER_KNOTS.);
#10847 = CARTESIAN_POINT('',(3.001,-0.474951658086,5.184944726665));
#10848 = CARTESIAN_POINT('',(3.001,-0.474951658086,5.215097706238));
#10849 = CARTESIAN_POINT('',(3.001,-0.485193273562,5.239116114105));
#10850 = CARTESIAN_POINT('',(3.001,-0.505624516618,5.257103926058));
#10851 = ORIENTED_EDGE('',*,*,#10852,.T.);
#10852 = EDGE_CURVE('',#10844,#10853,#10855,.T.);
#10853 = VERTEX_POINT('',#10854);
#10854 = CARTESIAN_POINT('',(3.001,-0.58251461453,5.28403365609));
#10855 = B_SPLINE_CURVE_WITH_KNOTS('',3,(#10856,#10857,#10858,#10859),
  .UNSPECIFIED.,.F.,.F.,(4,4),(2.,3.),.PIECEWISE_BEZIER_KNOTS.);
#10856 = CARTESIAN_POINT('',(3.001,-0.505624516618,5.257103926058));
#10857 = CARTESIAN_POINT('',(3.001,-0.526055759673,5.275091738009));
#10858 = CARTESIAN_POINT('',(3.001,-0.551685792311,5.28403365609));
#10859 = CARTESIAN_POINT('',(3.001,-0.58251461453,5.28403365609));
#10860 = ORIENTED_EDGE('',*,*,#10861,.T.);
#10861 = EDGE_CURVE('',#10853,#10862,#10864,.T.);
#10862 = VERTEX_POINT('',#10863);
#10863 = CARTESIAN_POINT('',(3.001,-0.640533106259,5.28403365609));
#10864 = LINE('',#10865,#10866);
#10865 = CARTESIAN_POINT('',(3.001,-0.640533106259,5.28403365609));
#10866 = VECTOR('',#10867,1.);
#10867 = DIRECTION('',(-0.,-1.,-0.));
#10868 = ORIENTED_EDGE('',*,*,#10869,.T.);
#10869 = EDGE_CURVE('',#10862,#10816,#10870,.T.);
#10870 = LINE('',#10871,#10872);
#10871 = CARTESIAN_POINT('',(3.001,-0.640533106259,5.080657007659));
#10872 = VECTOR('',#10873,1.);
#10873 = DIRECTION('',(0.,3.19860371635E-15,-1.));
#10874 = FACE_BOUND('',#10875,.T.);
#10875 = EDGE_LOOP('',(#10876,#10886,#10894,#10903,#10912,#10921,#10930)
  );
#10876 = ORIENTED_EDGE('',*,*,#10877,.F.);
#10877 = EDGE_CURVE('',#10878,#10880,#10882,.T.);
#10878 = VERTEX_POINT('',#10879);
#10879 = CARTESIAN_POINT('',(3.001,-0.614279218873,5.260639102974));
#10880 = VERTEX_POINT('',#10881);
#10881 = CARTESIAN_POINT('',(3.001,-0.614279218873,5.103843609193));
#10882 = LINE('',#10883,#10884);
#10883 = CARTESIAN_POINT('',(3.001,-0.614279218873,5.260639102974));
#10884 = VECTOR('',#10885,1.);
#10885 = DIRECTION('',(0.,2.765901356838E-15,-1.));
#10886 = ORIENTED_EDGE('',*,*,#10887,.F.);
#10887 = EDGE_CURVE('',#10888,#10878,#10890,.T.);
#10888 = VERTEX_POINT('',#10889);
#10889 = CARTESIAN_POINT('',(3.001,-0.583554372446,5.260639102974));
#10890 = LINE('',#10891,#10892);
#10891 = CARTESIAN_POINT('',(3.001,-0.583554372446,5.260639102974));
#10892 = VECTOR('',#10893,1.);
#10893 = DIRECTION('',(0.,-1.,0.));
#10894 = ORIENTED_EDGE('',*,*,#10895,.F.);
#10895 = EDGE_CURVE('',#10896,#10888,#10898,.T.);
#10896 = VERTEX_POINT('',#10897);
#10897 = CARTESIAN_POINT('',(3.001,-0.52486003807,5.241507557313));
#10898 = B_SPLINE_CURVE_WITH_KNOTS('',3,(#10899,#10900,#10901,#10902),
  .UNSPECIFIED.,.F.,.F.,(4,4),(5.,6.),.PIECEWISE_BEZIER_KNOTS.);
#10899 = CARTESIAN_POINT('',(3.001,-0.52486003807,5.241507557313));
#10900 = CARTESIAN_POINT('',(3.001,-0.539728576273,5.254296579683));
#10901 = CARTESIAN_POINT('',(3.001,-0.559328012996,5.260639102974));
#10902 = CARTESIAN_POINT('',(3.001,-0.583554372446,5.260639102974));
#10903 = ORIENTED_EDGE('',*,*,#10904,.F.);
#10904 = EDGE_CURVE('',#10905,#10896,#10907,.T.);
#10905 = VERTEX_POINT('',#10906);
#10906 = CARTESIAN_POINT('',(3.001,-0.502557230766,5.184216896124));
#10907 = B_SPLINE_CURVE_WITH_KNOTS('',3,(#10908,#10909,#10910,#10911),
  .UNSPECIFIED.,.F.,.F.,(4,4),(4.,5.),.PIECEWISE_BEZIER_KNOTS.);
#10908 = CARTESIAN_POINT('',(3.001,-0.502557230766,5.184216896124));
#10909 = CARTESIAN_POINT('',(3.001,-0.502557230766,5.209586989282));
#10910 = CARTESIAN_POINT('',(3.001,-0.509991499867,5.228718534942));
#10911 = CARTESIAN_POINT('',(3.001,-0.52486003807,5.241507557313));
#10912 = ORIENTED_EDGE('',*,*,#10913,.F.);
#10913 = EDGE_CURVE('',#10914,#10905,#10916,.T.);
#10914 = VERTEX_POINT('',#10915);
#10915 = CARTESIAN_POINT('',(3.001,-0.524288171216,5.125054670685));
#10916 = B_SPLINE_CURVE_WITH_KNOTS('',3,(#10917,#10918,#10919,#10920),
  .UNSPECIFIED.,.F.,.F.,(4,4),(3.,4.),.PIECEWISE_BEZIER_KNOTS.);
#10917 = CARTESIAN_POINT('',(3.001,-0.524288171216,5.125054670685));
#10918 = CARTESIAN_POINT('',(3.001,-0.509783548283,5.139091402556));
#10919 = CARTESIAN_POINT('',(3.001,-0.502557230766,5.158846802966));
#10920 = CARTESIAN_POINT('',(3.001,-0.502557230766,5.184216896124));
#10921 = ORIENTED_EDGE('',*,*,#10922,.F.);
#10922 = EDGE_CURVE('',#10923,#10914,#10925,.T.);
#10923 = VERTEX_POINT('',#10924);
#10924 = CARTESIAN_POINT('',(3.001,-0.58475009405,5.103843609193));
#10925 = B_SPLINE_CURVE_WITH_KNOTS('',3,(#10926,#10927,#10928,#10929),
  .UNSPECIFIED.,.F.,.F.,(4,4),(2.,3.),.PIECEWISE_BEZIER_KNOTS.);
#10926 = CARTESIAN_POINT('',(3.001,-0.58475009405,5.103843609193));
#10927 = CARTESIAN_POINT('',(3.001,-0.55891210983,5.103843609193));
#10928 = CARTESIAN_POINT('',(3.001,-0.538740806253,5.110913963023));
#10929 = CARTESIAN_POINT('',(3.001,-0.524288171216,5.125054670685));
#10930 = ORIENTED_EDGE('',*,*,#10931,.F.);
#10931 = EDGE_CURVE('',#10880,#10923,#10932,.T.);
#10932 = LINE('',#10933,#10934);
#10933 = CARTESIAN_POINT('',(3.001,-0.614279218873,5.103843609193));
#10934 = VECTOR('',#10935,1.);
#10935 = DIRECTION('',(0.,1.,2.937309328288E-14));
#10936 = PLANE('',#10937);
#10937 = AXIS2_PLACEMENT_3D('',#10938,#10939,#10940);
#10938 = CARTESIAN_POINT('',(3.001,-0.540170473387,5.277314220556));
#10939 = DIRECTION('',(1.,0.,0.));
#10940 = DIRECTION('',(0.,0.,-1.));
#10941 = ADVANCED_FACE('',(#10942,#11004),#11066,.F.);
#10942 = FACE_BOUND('',#10943,.T.);
#10943 = EDGE_LOOP('',(#10944,#10954,#10962,#10970,#10979,#10988,#10997)
  );
#10944 = ORIENTED_EDGE('',*,*,#10945,.F.);
#10945 = EDGE_CURVE('',#10946,#10948,#10950,.T.);
#10946 = VERTEX_POINT('',#10947);
#10947 = CARTESIAN_POINT('',(3.,-0.640533106259,5.080657007659));
#10948 = VERTEX_POINT('',#10949);
#10949 = CARTESIAN_POINT('',(3.,-0.584594130361,5.080657007659));
#10950 = LINE('',#10951,#10952);
#10951 = CARTESIAN_POINT('',(3.,-0.584594130361,5.080657007659));
#10952 = VECTOR('',#10953,1.);
#10953 = DIRECTION('',(0.,1.,1.550549905618E-14));
#10954 = ORIENTED_EDGE('',*,*,#10955,.F.);
#10955 = EDGE_CURVE('',#10956,#10946,#10958,.T.);
#10956 = VERTEX_POINT('',#10957);
#10957 = CARTESIAN_POINT('',(3.,-0.640533106259,5.28403365609));
#10958 = LINE('',#10959,#10960);
#10959 = CARTESIAN_POINT('',(3.,-0.640533106259,5.080657007659));
#10960 = VECTOR('',#10961,1.);
#10961 = DIRECTION('',(0.,3.19860371635E-15,-1.));
#10962 = ORIENTED_EDGE('',*,*,#10963,.F.);
#10963 = EDGE_CURVE('',#10964,#10956,#10966,.T.);
#10964 = VERTEX_POINT('',#10965);
#10965 = CARTESIAN_POINT('',(3.,-0.58251461453,5.28403365609));
#10966 = LINE('',#10967,#10968);
#10967 = CARTESIAN_POINT('',(3.,-0.640533106259,5.28403365609));
#10968 = VECTOR('',#10969,1.);
#10969 = DIRECTION('',(-0.,-1.,-0.));
#10970 = ORIENTED_EDGE('',*,*,#10971,.F.);
#10971 = EDGE_CURVE('',#10972,#10964,#10974,.T.);
#10972 = VERTEX_POINT('',#10973);
#10973 = CARTESIAN_POINT('',(3.,-0.505624516618,5.257103926058));
#10974 = B_SPLINE_CURVE_WITH_KNOTS('',3,(#10975,#10976,#10977,#10978),
  .UNSPECIFIED.,.F.,.F.,(4,4),(2.,3.),.PIECEWISE_BEZIER_KNOTS.);
#10975 = CARTESIAN_POINT('',(3.,-0.505624516618,5.257103926058));
#10976 = CARTESIAN_POINT('',(3.,-0.526055759673,5.275091738009));
#10977 = CARTESIAN_POINT('',(3.,-0.551685792311,5.28403365609));
#10978 = CARTESIAN_POINT('',(3.,-0.58251461453,5.28403365609));
#10979 = ORIENTED_EDGE('',*,*,#10980,.F.);
#10980 = EDGE_CURVE('',#10981,#10972,#10983,.T.);
#10981 = VERTEX_POINT('',#10982);
#10982 = CARTESIAN_POINT('',(3.,-0.474951658086,5.184944726665));
#10983 = B_SPLINE_CURVE_WITH_KNOTS('',3,(#10984,#10985,#10986,#10987),
  .UNSPECIFIED.,.F.,.F.,(4,4),(3.,4.),.PIECEWISE_BEZIER_KNOTS.);
#10984 = CARTESIAN_POINT('',(3.,-0.474951658086,5.184944726665));
#10985 = CARTESIAN_POINT('',(3.,-0.474951658086,5.215097706238));
#10986 = CARTESIAN_POINT('',(3.,-0.485193273562,5.239116114105));
#10987 = CARTESIAN_POINT('',(3.,-0.505624516618,5.257103926058));
#10988 = ORIENTED_EDGE('',*,*,#10989,.F.);
#10989 = EDGE_CURVE('',#10990,#10981,#10992,.T.);
#10990 = VERTEX_POINT('',#10991);
#10991 = CARTESIAN_POINT('',(3.,-0.505624516618,5.109146374566));
#10992 = B_SPLINE_CURVE_WITH_KNOTS('',3,(#10993,#10994,#10995,#10996),
  .UNSPECIFIED.,.F.,.F.,(4,4),(4.,5.),.PIECEWISE_BEZIER_KNOTS.);
#10993 = CARTESIAN_POINT('',(3.,-0.505624516618,5.109146374566));
#10994 = CARTESIAN_POINT('',(3.,-0.485193273562,5.128173944435));
#10995 = CARTESIAN_POINT('',(3.,-0.474951658086,5.1534400618));
#10996 = CARTESIAN_POINT('',(3.,-0.474951658086,5.184944726665));
#10997 = ORIENTED_EDGE('',*,*,#10998,.F.);
#10998 = EDGE_CURVE('',#10948,#10990,#10999,.T.);
#10999 = B_SPLINE_CURVE_WITH_KNOTS('',3,(#11000,#11001,#11002,#11003),
  .UNSPECIFIED.,.F.,.F.,(4,4),(5.,6.),.PIECEWISE_BEZIER_KNOTS.);
#11000 = CARTESIAN_POINT('',(3.,-0.584594130361,5.080657007659));
#11001 = CARTESIAN_POINT('',(3.,-0.552413622852,5.080657007659));
#11002 = CARTESIAN_POINT('',(3.,-0.526055759673,5.090118804696));
#11003 = CARTESIAN_POINT('',(3.,-0.505624516618,5.109146374566));
#11004 = FACE_BOUND('',#11005,.T.);
#11005 = EDGE_LOOP('',(#11006,#11016,#11024,#11032,#11041,#11050,#11059)
  );
#11006 = ORIENTED_EDGE('',*,*,#11007,.T.);
#11007 = EDGE_CURVE('',#11008,#11010,#11012,.T.);
#11008 = VERTEX_POINT('',#11009);
#11009 = CARTESIAN_POINT('',(3.,-0.583554372446,5.260639102974));
#11010 = VERTEX_POINT('',#11011);
#11011 = CARTESIAN_POINT('',(3.,-0.614279218873,5.260639102974));
#11012 = LINE('',#11013,#11014);
#11013 = CARTESIAN_POINT('',(3.,-0.583554372446,5.260639102974));
#11014 = VECTOR('',#11015,1.);
#11015 = DIRECTION('',(0.,-1.,0.));
#11016 = ORIENTED_EDGE('',*,*,#11017,.T.);
#11017 = EDGE_CURVE('',#11010,#11018,#11020,.T.);
#11018 = VERTEX_POINT('',#11019);
#11019 = CARTESIAN_POINT('',(3.,-0.614279218873,5.103843609193));
#11020 = LINE('',#11021,#11022);
#11021 = CARTESIAN_POINT('',(3.,-0.614279218873,5.260639102974));
#11022 = VECTOR('',#11023,1.);
#11023 = DIRECTION('',(0.,2.765901356838E-15,-1.));
#11024 = ORIENTED_EDGE('',*,*,#11025,.T.);
#11025 = EDGE_CURVE('',#11018,#11026,#11028,.T.);
#11026 = VERTEX_POINT('',#11027);
#11027 = CARTESIAN_POINT('',(3.,-0.58475009405,5.103843609193));
#11028 = LINE('',#11029,#11030);
#11029 = CARTESIAN_POINT('',(3.,-0.614279218873,5.103843609193));
#11030 = VECTOR('',#11031,1.);
#11031 = DIRECTION('',(0.,1.,2.937309328288E-14));
#11032 = ORIENTED_EDGE('',*,*,#11033,.T.);
#11033 = EDGE_CURVE('',#11026,#11034,#11036,.T.);
#11034 = VERTEX_POINT('',#11035);
#11035 = CARTESIAN_POINT('',(3.,-0.524288171216,5.125054670685));
#11036 = B_SPLINE_CURVE_WITH_KNOTS('',3,(#11037,#11038,#11039,#11040),
  .UNSPECIFIED.,.F.,.F.,(4,4),(2.,3.),.PIECEWISE_BEZIER_KNOTS.);
#11037 = CARTESIAN_POINT('',(3.,-0.58475009405,5.103843609193));
#11038 = CARTESIAN_POINT('',(3.,-0.55891210983,5.103843609193));
#11039 = CARTESIAN_POINT('',(3.,-0.538740806253,5.110913963023));
#11040 = CARTESIAN_POINT('',(3.,-0.524288171216,5.125054670685));
#11041 = ORIENTED_EDGE('',*,*,#11042,.T.);
#11042 = EDGE_CURVE('',#11034,#11043,#11045,.T.);
#11043 = VERTEX_POINT('',#11044);
#11044 = CARTESIAN_POINT('',(3.,-0.502557230766,5.184216896124));
#11045 = B_SPLINE_CURVE_WITH_KNOTS('',3,(#11046,#11047,#11048,#11049),
  .UNSPECIFIED.,.F.,.F.,(4,4),(3.,4.),.PIECEWISE_BEZIER_KNOTS.);
#11046 = CARTESIAN_POINT('',(3.,-0.524288171216,5.125054670685));
#11047 = CARTESIAN_POINT('',(3.,-0.509783548283,5.139091402556));
#11048 = CARTESIAN_POINT('',(3.,-0.502557230766,5.158846802966));
#11049 = CARTESIAN_POINT('',(3.,-0.502557230766,5.184216896124));
#11050 = ORIENTED_EDGE('',*,*,#11051,.T.);
#11051 = EDGE_CURVE('',#11043,#11052,#11054,.T.);
#11052 = VERTEX_POINT('',#11053);
#11053 = CARTESIAN_POINT('',(3.,-0.52486003807,5.241507557313));
#11054 = B_SPLINE_CURVE_WITH_KNOTS('',3,(#11055,#11056,#11057,#11058),
  .UNSPECIFIED.,.F.,.F.,(4,4),(4.,5.),.PIECEWISE_BEZIER_KNOTS.);
#11055 = CARTESIAN_POINT('',(3.,-0.502557230766,5.184216896124));
#11056 = CARTESIAN_POINT('',(3.,-0.502557230766,5.209586989282));
#11057 = CARTESIAN_POINT('',(3.,-0.509991499867,5.228718534942));
#11058 = CARTESIAN_POINT('',(3.,-0.52486003807,5.241507557313));
#11059 = ORIENTED_EDGE('',*,*,#11060,.T.);
#11060 = EDGE_CURVE('',#11052,#11008,#11061,.T.);
#11061 = B_SPLINE_CURVE_WITH_KNOTS('',3,(#11062,#11063,#11064,#11065),
  .UNSPECIFIED.,.F.,.F.,(4,4),(5.,6.),.PIECEWISE_BEZIER_KNOTS.);
#11062 = CARTESIAN_POINT('',(3.,-0.52486003807,5.241507557313));
#11063 = CARTESIAN_POINT('',(3.,-0.539728576273,5.254296579683));
#11064 = CARTESIAN_POINT('',(3.,-0.559328012996,5.260639102974));
#11065 = CARTESIAN_POINT('',(3.,-0.583554372446,5.260639102974));
#11066 = PLANE('',#11067);
#11067 = AXIS2_PLACEMENT_3D('',#11068,#11069,#11070);
#11068 = CARTESIAN_POINT('',(3.,-0.540170473387,5.277314220556));
#11069 = DIRECTION('',(1.,0.,0.));
#11070 = DIRECTION('',(0.,0.,-1.));
#11071 = ADVANCED_FACE('',(#11072),#11088,.F.);
#11072 = FACE_BOUND('',#11073,.T.);
#11073 = EDGE_LOOP('',(#11074,#11075,#11081,#11082));
#11074 = ORIENTED_EDGE('',*,*,#10945,.T.);
#11075 = ORIENTED_EDGE('',*,*,#11076,.F.);
#11076 = EDGE_CURVE('',#10818,#10948,#11077,.T.);
#11077 = LINE('',#11078,#11079);
#11078 = CARTESIAN_POINT('',(3.001,-0.584594130361,5.080657007659));
#11079 = VECTOR('',#11080,1.);
#11080 = DIRECTION('',(-1.,-0.,-0.));
#11081 = ORIENTED_EDGE('',*,*,#10815,.F.);
#11082 = ORIENTED_EDGE('',*,*,#11083,.T.);
#11083 = EDGE_CURVE('',#10816,#10946,#11084,.T.);
#11084 = LINE('',#11085,#11086);
#11085 = CARTESIAN_POINT('',(3.001,-0.640533106259,5.080657007659));
#11086 = VECTOR('',#11087,1.);
#11087 = DIRECTION('',(-1.,-0.,-0.));
#11088 = PLANE('',#11089);
#11089 = AXIS2_PLACEMENT_3D('',#11090,#11091,#11092);
#11090 = CARTESIAN_POINT('',(3.001,-0.584594130361,5.080657007659));
#11091 = DIRECTION('',(0.,-1.550549905618E-14,1.));
#11092 = DIRECTION('',(0.,-1.,-1.550549905618E-14));
#11093 = ADVANCED_FACE('',(#11094),#11105,.F.);
#11094 = FACE_BOUND('',#11095,.F.);
#11095 = EDGE_LOOP('',(#11096,#11097,#11098,#11104));
#11096 = ORIENTED_EDGE('',*,*,#11076,.F.);
#11097 = ORIENTED_EDGE('',*,*,#10825,.T.);
#11098 = ORIENTED_EDGE('',*,*,#11099,.T.);
#11099 = EDGE_CURVE('',#10826,#10990,#11100,.T.);
#11100 = LINE('',#11101,#11102);
#11101 = CARTESIAN_POINT('',(3.001,-0.505624516618,5.109146374566));
#11102 = VECTOR('',#11103,1.);
#11103 = DIRECTION('',(-1.,-0.,-0.));
#11104 = ORIENTED_EDGE('',*,*,#10998,.F.);
#11105 = B_SPLINE_SURFACE_WITH_KNOTS('',3,1,(
    (#11106,#11107)
    ,(#11108,#11109)
    ,(#11110,#11111)
    ,(#11112,#11113
    )),.UNSPECIFIED.,.F.,.F.,.F.,(4,4),(2,2),(5.,6.),(0.,1.),
  .PIECEWISE_BEZIER_KNOTS.);
#11106 = CARTESIAN_POINT('',(3.001,-0.584594130361,5.080657007659));
#11107 = CARTESIAN_POINT('',(3.,-0.584594130361,5.080657007659));
#11108 = CARTESIAN_POINT('',(3.001,-0.552413622852,5.080657007659));
#11109 = CARTESIAN_POINT('',(3.,-0.552413622852,5.080657007659));
#11110 = CARTESIAN_POINT('',(3.001,-0.526055759673,5.090118804696));
#11111 = CARTESIAN_POINT('',(3.,-0.526055759673,5.090118804696));
#11112 = CARTESIAN_POINT('',(3.001,-0.505624516618,5.109146374566));
#11113 = CARTESIAN_POINT('',(3.,-0.505624516618,5.109146374566));
#11114 = ADVANCED_FACE('',(#11115),#11126,.F.);
#11115 = FACE_BOUND('',#11116,.F.);
#11116 = EDGE_LOOP('',(#11117,#11118,#11119,#11125));
#11117 = ORIENTED_EDGE('',*,*,#11099,.F.);
#11118 = ORIENTED_EDGE('',*,*,#10834,.T.);
#11119 = ORIENTED_EDGE('',*,*,#11120,.T.);
#11120 = EDGE_CURVE('',#10835,#10981,#11121,.T.);
#11121 = LINE('',#11122,#11123);
#11122 = CARTESIAN_POINT('',(3.001,-0.474951658086,5.184944726665));
#11123 = VECTOR('',#11124,1.);
#11124 = DIRECTION('',(-1.,-0.,-0.));
#11125 = ORIENTED_EDGE('',*,*,#10989,.F.);
#11126 = B_SPLINE_SURFACE_WITH_KNOTS('',3,1,(
    (#11127,#11128)
    ,(#11129,#11130)
    ,(#11131,#11132)
    ,(#11133,#11134
    )),.UNSPECIFIED.,.F.,.F.,.F.,(4,4),(2,2),(4.,5.),(0.,1.),
  .PIECEWISE_BEZIER_KNOTS.);
#11127 = CARTESIAN_POINT('',(3.001,-0.505624516618,5.109146374566));
#11128 = CARTESIAN_POINT('',(3.,-0.505624516618,5.109146374566));
#11129 = CARTESIAN_POINT('',(3.001,-0.485193273562,5.128173944435));
#11130 = CARTESIAN_POINT('',(3.,-0.485193273562,5.128173944435));
#11131 = CARTESIAN_POINT('',(3.001,-0.474951658086,5.1534400618));
#11132 = CARTESIAN_POINT('',(3.,-0.474951658086,5.1534400618));
#11133 = CARTESIAN_POINT('',(3.001,-0.474951658086,5.184944726665));
#11134 = CARTESIAN_POINT('',(3.,-0.474951658086,5.184944726665));
#11135 = ADVANCED_FACE('',(#11136),#11147,.F.);
#11136 = FACE_BOUND('',#11137,.F.);
#11137 = EDGE_LOOP('',(#11138,#11139,#11140,#11146));
#11138 = ORIENTED_EDGE('',*,*,#11120,.F.);
#11139 = ORIENTED_EDGE('',*,*,#10843,.T.);
#11140 = ORIENTED_EDGE('',*,*,#11141,.T.);
#11141 = EDGE_CURVE('',#10844,#10972,#11142,.T.);
#11142 = LINE('',#11143,#11144);
#11143 = CARTESIAN_POINT('',(3.001,-0.505624516618,5.257103926058));
#11144 = VECTOR('',#11145,1.);
#11145 = DIRECTION('',(-1.,-0.,-0.));
#11146 = ORIENTED_EDGE('',*,*,#10980,.F.);
#11147 = B_SPLINE_SURFACE_WITH_KNOTS('',3,1,(
    (#11148,#11149)
    ,(#11150,#11151)
    ,(#11152,#11153)
    ,(#11154,#11155
    )),.UNSPECIFIED.,.F.,.F.,.F.,(4,4),(2,2),(3.,4.),(0.,1.),
  .PIECEWISE_BEZIER_KNOTS.);
#11148 = CARTESIAN_POINT('',(3.001,-0.474951658086,5.184944726665));
#11149 = CARTESIAN_POINT('',(3.,-0.474951658086,5.184944726665));
#11150 = CARTESIAN_POINT('',(3.001,-0.474951658086,5.215097706238));
#11151 = CARTESIAN_POINT('',(3.,-0.474951658086,5.215097706238));
#11152 = CARTESIAN_POINT('',(3.001,-0.485193273562,5.239116114105));
#11153 = CARTESIAN_POINT('',(3.,-0.485193273562,5.239116114105));
#11154 = CARTESIAN_POINT('',(3.001,-0.505624516618,5.257103926058));
#11155 = CARTESIAN_POINT('',(3.,-0.505624516618,5.257103926058));
#11156 = ADVANCED_FACE('',(#11157),#11168,.F.);
#11157 = FACE_BOUND('',#11158,.F.);
#11158 = EDGE_LOOP('',(#11159,#11160,#11161,#11167));
#11159 = ORIENTED_EDGE('',*,*,#11141,.F.);
#11160 = ORIENTED_EDGE('',*,*,#10852,.T.);
#11161 = ORIENTED_EDGE('',*,*,#11162,.T.);
#11162 = EDGE_CURVE('',#10853,#10964,#11163,.T.);
#11163 = LINE('',#11164,#11165);
#11164 = CARTESIAN_POINT('',(3.001,-0.58251461453,5.28403365609));
#11165 = VECTOR('',#11166,1.);
#11166 = DIRECTION('',(-1.,-0.,-0.));
#11167 = ORIENTED_EDGE('',*,*,#10971,.F.);
#11168 = B_SPLINE_SURFACE_WITH_KNOTS('',3,1,(
    (#11169,#11170)
    ,(#11171,#11172)
    ,(#11173,#11174)
    ,(#11175,#11176
    )),.UNSPECIFIED.,.F.,.F.,.F.,(4,4),(2,2),(2.,3.),(0.,1.),
  .PIECEWISE_BEZIER_KNOTS.);
#11169 = CARTESIAN_POINT('',(3.001,-0.505624516618,5.257103926058));
#11170 = CARTESIAN_POINT('',(3.,-0.505624516618,5.257103926058));
#11171 = CARTESIAN_POINT('',(3.001,-0.526055759673,5.275091738009));
#11172 = CARTESIAN_POINT('',(3.,-0.526055759673,5.275091738009));
#11173 = CARTESIAN_POINT('',(3.001,-0.551685792311,5.28403365609));
#11174 = CARTESIAN_POINT('',(3.,-0.551685792311,5.28403365609));
#11175 = CARTESIAN_POINT('',(3.001,-0.58251461453,5.28403365609));
#11176 = CARTESIAN_POINT('',(3.,-0.58251461453,5.28403365609));
#11177 = ADVANCED_FACE('',(#11178),#11189,.F.);
#11178 = FACE_BOUND('',#11179,.T.);
#11179 = EDGE_LOOP('',(#11180,#11181,#11187,#11188));
#11180 = ORIENTED_EDGE('',*,*,#10963,.T.);
#11181 = ORIENTED_EDGE('',*,*,#11182,.F.);
#11182 = EDGE_CURVE('',#10862,#10956,#11183,.T.);
#11183 = LINE('',#11184,#11185);
#11184 = CARTESIAN_POINT('',(3.001,-0.640533106259,5.28403365609));
#11185 = VECTOR('',#11186,1.);
#11186 = DIRECTION('',(-1.,-0.,-0.));
#11187 = ORIENTED_EDGE('',*,*,#10861,.F.);
#11188 = ORIENTED_EDGE('',*,*,#11162,.T.);
#11189 = PLANE('',#11190);
#11190 = AXIS2_PLACEMENT_3D('',#11191,#11192,#11193);
#11191 = CARTESIAN_POINT('',(3.001,-0.640533106259,5.28403365609));
#11192 = DIRECTION('',(0.,0.,-1.));
#11193 = DIRECTION('',(-1.,0.,0.));
#11194 = ADVANCED_FACE('',(#11195),#11201,.F.);
#11195 = FACE_BOUND('',#11196,.T.);
#11196 = EDGE_LOOP('',(#11197,#11198,#11199,#11200));
#11197 = ORIENTED_EDGE('',*,*,#10955,.T.);
#11198 = ORIENTED_EDGE('',*,*,#11083,.F.);
#11199 = ORIENTED_EDGE('',*,*,#10869,.F.);
#11200 = ORIENTED_EDGE('',*,*,#11182,.T.);
#11201 = PLANE('',#11202);
#11202 = AXIS2_PLACEMENT_3D('',#11203,#11204,#11205);
#11203 = CARTESIAN_POINT('',(3.001,-0.640533106259,5.080657007659));
#11204 = DIRECTION('',(0.,1.,3.19860371635E-15));
#11205 = DIRECTION('',(0.,-3.19860371635E-15,1.));
#11206 = ADVANCED_FACE('',(#11207),#11223,.T.);
#11207 = FACE_BOUND('',#11208,.T.);
#11208 = EDGE_LOOP('',(#11209,#11210,#11216,#11217));
#11209 = ORIENTED_EDGE('',*,*,#11007,.F.);
#11210 = ORIENTED_EDGE('',*,*,#11211,.F.);
#11211 = EDGE_CURVE('',#10888,#11008,#11212,.T.);
#11212 = LINE('',#11213,#11214);
#11213 = CARTESIAN_POINT('',(3.001,-0.583554372446,5.260639102974));
#11214 = VECTOR('',#11215,1.);
#11215 = DIRECTION('',(-1.,-0.,-0.));
#11216 = ORIENTED_EDGE('',*,*,#10887,.T.);
#11217 = ORIENTED_EDGE('',*,*,#11218,.T.);
#11218 = EDGE_CURVE('',#10878,#11010,#11219,.T.);
#11219 = LINE('',#11220,#11221);
#11220 = CARTESIAN_POINT('',(3.001,-0.614279218873,5.260639102974));
#11221 = VECTOR('',#11222,1.);
#11222 = DIRECTION('',(-1.,-0.,-0.));
#11223 = PLANE('',#11224);
#11224 = AXIS2_PLACEMENT_3D('',#11225,#11226,#11227);
#11225 = CARTESIAN_POINT('',(3.001,-0.583554372446,5.260639102974));
#11226 = DIRECTION('',(0.,0.,-1.));
#11227 = DIRECTION('',(-1.,0.,0.));
#11228 = ADVANCED_FACE('',(#11229),#11240,.T.);
#11229 = FACE_BOUND('',#11230,.T.);
#11230 = EDGE_LOOP('',(#11231,#11232,#11233,#11234));
#11231 = ORIENTED_EDGE('',*,*,#11017,.F.);
#11232 = ORIENTED_EDGE('',*,*,#11218,.F.);
#11233 = ORIENTED_EDGE('',*,*,#10877,.T.);
#11234 = ORIENTED_EDGE('',*,*,#11235,.T.);
#11235 = EDGE_CURVE('',#10880,#11018,#11236,.T.);
#11236 = LINE('',#11237,#11238);
#11237 = CARTESIAN_POINT('',(3.001,-0.614279218873,5.103843609193));
#11238 = VECTOR('',#11239,1.);
#11239 = DIRECTION('',(-1.,-0.,-0.));
#11240 = PLANE('',#11241);
#11241 = AXIS2_PLACEMENT_3D('',#11242,#11243,#11244);
#11242 = CARTESIAN_POINT('',(3.001,-0.614279218873,5.260639102974));
#11243 = DIRECTION('',(0.,1.,2.765901356838E-15));
#11244 = DIRECTION('',(0.,-2.765901356838E-15,1.));
#11245 = ADVANCED_FACE('',(#11246),#11257,.T.);
#11246 = FACE_BOUND('',#11247,.T.);
#11247 = EDGE_LOOP('',(#11248,#11249,#11250,#11251));
#11248 = ORIENTED_EDGE('',*,*,#11025,.F.);
#11249 = ORIENTED_EDGE('',*,*,#11235,.F.);
#11250 = ORIENTED_EDGE('',*,*,#10931,.T.);
#11251 = ORIENTED_EDGE('',*,*,#11252,.T.);
#11252 = EDGE_CURVE('',#10923,#11026,#11253,.T.);
#11253 = LINE('',#11254,#11255);
#11254 = CARTESIAN_POINT('',(3.001,-0.58475009405,5.103843609193));
#11255 = VECTOR('',#11256,1.);
#11256 = DIRECTION('',(-1.,-0.,-0.));
#11257 = PLANE('',#11258);
#11258 = AXIS2_PLACEMENT_3D('',#11259,#11260,#11261);
#11259 = CARTESIAN_POINT('',(3.001,-0.614279218873,5.103843609193));
#11260 = DIRECTION('',(0.,-2.937309328288E-14,1.));
#11261 = DIRECTION('',(0.,-1.,-2.937309328288E-14));
#11262 = ADVANCED_FACE('',(#11263),#11274,.T.);
#11263 = FACE_BOUND('',#11264,.T.);
#11264 = EDGE_LOOP('',(#11265,#11266,#11267,#11268));
#11265 = ORIENTED_EDGE('',*,*,#11033,.F.);
#11266 = ORIENTED_EDGE('',*,*,#11252,.F.);
#11267 = ORIENTED_EDGE('',*,*,#10922,.T.);
#11268 = ORIENTED_EDGE('',*,*,#11269,.T.);
#11269 = EDGE_CURVE('',#10914,#11034,#11270,.T.);
#11270 = LINE('',#11271,#11272);
#11271 = CARTESIAN_POINT('',(3.001,-0.524288171216,5.125054670685));
#11272 = VECTOR('',#11273,1.);
#11273 = DIRECTION('',(-1.,-0.,-0.));
#11274 = B_SPLINE_SURFACE_WITH_KNOTS('',3,1,(
    (#11275,#11276)
    ,(#11277,#11278)
    ,(#11279,#11280)
    ,(#11281,#11282
    )),.UNSPECIFIED.,.F.,.F.,.F.,(4,4),(2,2),(2.,3.),(0.,1.),
  .PIECEWISE_BEZIER_KNOTS.);
#11275 = CARTESIAN_POINT('',(3.001,-0.58475009405,5.103843609193));
#11276 = CARTESIAN_POINT('',(3.,-0.58475009405,5.103843609193));
#11277 = CARTESIAN_POINT('',(3.001,-0.55891210983,5.103843609193));
#11278 = CARTESIAN_POINT('',(3.,-0.55891210983,5.103843609193));
#11279 = CARTESIAN_POINT('',(3.001,-0.538740806253,5.110913963023));
#11280 = CARTESIAN_POINT('',(3.,-0.538740806253,5.110913963023));
#11281 = CARTESIAN_POINT('',(3.001,-0.524288171216,5.125054670685));
#11282 = CARTESIAN_POINT('',(3.,-0.524288171216,5.125054670685));
#11283 = ADVANCED_FACE('',(#11284),#11295,.T.);
#11284 = FACE_BOUND('',#11285,.T.);
#11285 = EDGE_LOOP('',(#11286,#11287,#11288,#11289));
#11286 = ORIENTED_EDGE('',*,*,#11042,.F.);
#11287 = ORIENTED_EDGE('',*,*,#11269,.F.);
#11288 = ORIENTED_EDGE('',*,*,#10913,.T.);
#11289 = ORIENTED_EDGE('',*,*,#11290,.T.);
#11290 = EDGE_CURVE('',#10905,#11043,#11291,.T.);
#11291 = LINE('',#11292,#11293);
#11292 = CARTESIAN_POINT('',(3.001,-0.502557230766,5.184216896124));
#11293 = VECTOR('',#11294,1.);
#11294 = DIRECTION('',(-1.,-0.,-0.));
#11295 = B_SPLINE_SURFACE_WITH_KNOTS('',3,1,(
    (#11296,#11297)
    ,(#11298,#11299)
    ,(#11300,#11301)
    ,(#11302,#11303
    )),.UNSPECIFIED.,.F.,.F.,.F.,(4,4),(2,2),(3.,4.),(0.,1.),
  .PIECEWISE_BEZIER_KNOTS.);
#11296 = CARTESIAN_POINT('',(3.001,-0.524288171216,5.125054670685));
#11297 = CARTESIAN_POINT('',(3.,-0.524288171216,5.125054670685));
#11298 = CARTESIAN_POINT('',(3.001,-0.509783548283,5.139091402556));
#11299 = CARTESIAN_POINT('',(3.,-0.509783548283,5.139091402556));
#11300 = CARTESIAN_POINT('',(3.001,-0.502557230766,5.158846802966));
#11301 = CARTESIAN_POINT('',(3.,-0.502557230766,5.158846802966));
#11302 = CARTESIAN_POINT('',(3.001,-0.502557230766,5.184216896124));
#11303 = CARTESIAN_POINT('',(3.,-0.502557230766,5.184216896124));
#11304 = ADVANCED_FACE('',(#11305),#11316,.T.);
#11305 = FACE_BOUND('',#11306,.T.);
#11306 = EDGE_LOOP('',(#11307,#11308,#11309,#11310));
#11307 = ORIENTED_EDGE('',*,*,#11051,.F.);
#11308 = ORIENTED_EDGE('',*,*,#11290,.F.);
#11309 = ORIENTED_EDGE('',*,*,#10904,.T.);
#11310 = ORIENTED_EDGE('',*,*,#11311,.T.);
#11311 = EDGE_CURVE('',#10896,#11052,#11312,.T.);
#11312 = LINE('',#11313,#11314);
#11313 = CARTESIAN_POINT('',(3.001,-0.52486003807,5.241507557313));
#11314 = VECTOR('',#11315,1.);
#11315 = DIRECTION('',(-1.,-0.,-0.));
#11316 = B_SPLINE_SURFACE_WITH_KNOTS('',3,1,(
    (#11317,#11318)
    ,(#11319,#11320)
    ,(#11321,#11322)
    ,(#11323,#11324
    )),.UNSPECIFIED.,.F.,.F.,.F.,(4,4),(2,2),(4.,5.),(0.,1.),
  .PIECEWISE_BEZIER_KNOTS.);
#11317 = CARTESIAN_POINT('',(3.001,-0.502557230766,5.184216896124));
#11318 = CARTESIAN_POINT('',(3.,-0.502557230766,5.184216896124));
#11319 = CARTESIAN_POINT('',(3.001,-0.502557230766,5.209586989282));
#11320 = CARTESIAN_POINT('',(3.,-0.502557230766,5.209586989282));
#11321 = CARTESIAN_POINT('',(3.001,-0.509991499867,5.228718534942));
#11322 = CARTESIAN_POINT('',(3.,-0.509991499867,5.228718534942));
#11323 = CARTESIAN_POINT('',(3.001,-0.52486003807,5.241507557313));
#11324 = CARTESIAN_POINT('',(3.,-0.52486003807,5.241507557313));
#11325 = ADVANCED_FACE('',(#11326),#11332,.T.);
#11326 = FACE_BOUND('',#11327,.T.);
#11327 = EDGE_LOOP('',(#11328,#11329,#11330,#11331));
#11328 = ORIENTED_EDGE('',*,*,#11060,.F.);
#11329 = ORIENTED_EDGE('',*,*,#11311,.F.);
#11330 = ORIENTED_EDGE('',*,*,#10895,.T.);
#11331 = ORIENTED_EDGE('',*,*,#11211,.T.);
#11332 = B_SPLINE_SURFACE_WITH_KNOTS('',3,1,(
    (#11333,#11334)
    ,(#11335,#11336)
    ,(#11337,#11338)
    ,(#11339,#11340
    )),.UNSPECIFIED.,.F.,.F.,.F.,(4,4),(2,2),(5.,6.),(0.,1.),
  .PIECEWISE_BEZIER_KNOTS.);
#11333 = CARTESIAN_POINT('',(3.001,-0.52486003807,5.241507557313));
#11334 = CARTESIAN_POINT('',(3.,-0.52486003807,5.241507557313));
#11335 = CARTESIAN_POINT('',(3.001,-0.539728576273,5.254296579683));
#11336 = CARTESIAN_POINT('',(3.,-0.539728576273,5.254296579683));
#11337 = CARTESIAN_POINT('',(3.001,-0.559328012996,5.260639102974));
#11338 = CARTESIAN_POINT('',(3.,-0.559328012996,5.260639102974));
#11339 = CARTESIAN_POINT('',(3.001,-0.583554372446,5.260639102974));
#11340 = CARTESIAN_POINT('',(3.,-0.583554372446,5.260639102974));
#11341 = ( GEOMETRIC_REPRESENTATION_CONTEXT(3) 
GLOBAL_UNCERTAINTY_ASSIGNED_CONTEXT((#11345)) 
GLOBAL_UNIT_ASSIGNED_CONTEXT((#11342,#11343,#11344)) 
REPRESENTATION_CONTEXT('Context #1',
  '3D Context with UNIT and UNCERTAINTY') );
#11342 = ( LENGTH_UNIT() NAMED_UNIT(*) SI_UNIT(.MILLI.,.METRE.) );
#11343 = ( NAMED_UNIT(*) PLANE_ANGLE_UNIT() SI_UNIT($,.RADIAN.) );
#11344 = ( NAMED_UNIT(*) SI_UNIT($,.STERADIAN.) SOLID_ANGLE_UNIT() );
#11345 = UNCERTAINTY_MEASURE_WITH_UNIT(LENGTH_MEASURE(1.E-07),#11342,
  'distance_accuracy_value','confusion accuracy');
#11346 = CONTEXT_DEPENDENT_SHAPE_REPRESENTATION(#11347,#11349);
#11347 = ( REPRESENTATION_RELATIONSHIP('','',#10808,#55) 
REPRESENTATION_RELATIONSHIP_WITH_TRANSFORMATION(#11348) 
SHAPE_REPRESENTATION_RELATIONSHIP() );
#11348 = ITEM_DEFINED_TRANSFORMATION('','',#11,#100);
#11349 = PRODUCT_DEFINITION_SHAPE('Placement','Placement of an item',
  #11350);
#11350 = NEXT_ASSEMBLY_USAGE_OCCURRENCE('12',
  'CONN-SMD_T31000~CONN-SMD_T31000~AJBg011','',#50,#10803,$);
#11351 = PRODUCT_RELATED_PRODUCT_CATEGORY('part',$,(#10805));
#11352 = SHAPE_DEFINITION_REPRESENTATION(#11353,#11359);
#11353 = PRODUCT_DEFINITION_SHAPE('','',#11354);
#11354 = PRODUCT_DEFINITION('design','',#11355,#11358);
#11355 = PRODUCT_DEFINITION_FORMATION('','',#11356);
#11356 = PRODUCT('CONN-SMD_T31000~CONN-SMD_T31000~AJBg012',
  'CONN-SMD_T31000~CONN-SMD_T31000~AJBg012','',(#11357));
#11357 = PRODUCT_CONTEXT('',#2,'mechanical');
#11358 = PRODUCT_DEFINITION_CONTEXT('part definition',#2,'design');
#11359 = ADVANCED_BREP_SHAPE_REPRESENTATION('',(#11,#11360),#11856);
#11360 = MANIFOLD_SOLID_BREP('',#11361);
#11361 = CLOSED_SHELL('',(#11362,#11486,#11610,#11632,#11649,#11666,
    #11683,#11700,#11717,#11734,#11746,#11768,#11785,#11806,#11823,
    #11844));
#11362 = ADVANCED_FACE('',(#11363,#11429),#11481,.F.);
#11363 = FACE_BOUND('',#11364,.T.);
#11364 = EDGE_LOOP('',(#11365,#11375,#11383,#11391,#11399,#11407,#11415,
    #11423));
#11365 = ORIENTED_EDGE('',*,*,#11366,.T.);
#11366 = EDGE_CURVE('',#11367,#11369,#11371,.T.);
#11367 = VERTEX_POINT('',#11368);
#11368 = CARTESIAN_POINT('',(3.001,-0.280672891423,5.080657007659));
#11369 = VERTEX_POINT('',#11370);
#11370 = CARTESIAN_POINT('',(3.001,-0.358134856188,5.28403365609));
#11371 = LINE('',#11372,#11373);
#11372 = CARTESIAN_POINT('',(3.001,-0.358134856188,5.28403365609));
#11373 = VECTOR('',#11374,1.);
#11374 = DIRECTION('',(0.,-0.355935724364,0.934510438744));
#11375 = ORIENTED_EDGE('',*,*,#11376,.T.);
#11376 = EDGE_CURVE('',#11369,#11377,#11379,.T.);
#11377 = VERTEX_POINT('',#11378);
#11378 = CARTESIAN_POINT('',(3.001,-0.386208319929,5.28403365609));
#11379 = LINE('',#11380,#11381);
#11380 = CARTESIAN_POINT('',(3.001,-0.386208319929,5.28403365609));
#11381 = VECTOR('',#11382,1.);
#11382 = DIRECTION('',(-0.,-1.,-0.));
#11383 = ORIENTED_EDGE('',*,*,#11384,.T.);
#11384 = EDGE_CURVE('',#11377,#11385,#11387,.T.);
#11385 = VERTEX_POINT('',#11386);
#11386 = CARTESIAN_POINT('',(3.001,-0.463670284695,5.080657007659));
#11387 = LINE('',#11388,#11389);
#11388 = CARTESIAN_POINT('',(3.001,-0.463670284695,5.080657007659));
#11389 = VECTOR('',#11390,1.);
#11390 = DIRECTION('',(-0.,-0.35593572437,-0.934510438742));
#11391 = ORIENTED_EDGE('',*,*,#11392,.T.);
#11392 = EDGE_CURVE('',#11385,#11393,#11395,.T.);
#11393 = VERTEX_POINT('',#11394);
#11394 = CARTESIAN_POINT('',(3.001,-0.43466103883,5.080657007659));
#11395 = LINE('',#11396,#11397);
#11396 = CARTESIAN_POINT('',(3.001,-0.43466103883,5.080657007659));
#11397 = VECTOR('',#11398,1.);
#11398 = DIRECTION('',(0.,1.,0.));
#11399 = ORIENTED_EDGE('',*,*,#11400,.T.);
#11400 = EDGE_CURVE('',#11393,#11401,#11403,.T.);
#11401 = VERTEX_POINT('',#11402);
#11402 = CARTESIAN_POINT('',(3.001,-0.415113590003,5.136284056181));
#11403 = LINE('',#11404,#11405);
#11404 = CARTESIAN_POINT('',(3.001,-0.415113590003,5.136284056181));
#11405 = VECTOR('',#11406,1.);
#11406 = DIRECTION('',(0.,0.331528418358,0.94344523308));
#11407 = ORIENTED_EDGE('',*,*,#11408,.T.);
#11408 = EDGE_CURVE('',#11401,#11409,#11411,.T.);
#11409 = VERTEX_POINT('',#11410);
#11410 = CARTESIAN_POINT('',(3.001,-0.330425307719,5.136284056181));
#11411 = LINE('',#11412,#11413);
#11412 = CARTESIAN_POINT('',(3.001,-0.330425307719,5.136284056181));
#11413 = VECTOR('',#11414,1.);
#11414 = DIRECTION('',(0.,1.,0.));
#11415 = ORIENTED_EDGE('',*,*,#11416,.T.);
#11416 = EDGE_CURVE('',#11409,#11417,#11419,.T.);
#11417 = VERTEX_POINT('',#11418);
#11418 = CARTESIAN_POINT('',(3.001,-0.309682137287,5.080657007659));
#11419 = LINE('',#11420,#11421);
#11420 = CARTESIAN_POINT('',(3.001,-0.309682137287,5.080657007659));
#11421 = VECTOR('',#11422,1.);
#11422 = DIRECTION('',(0.,0.349395479497,-0.936975345944));
#11423 = ORIENTED_EDGE('',*,*,#11424,.T.);
#11424 = EDGE_CURVE('',#11417,#11367,#11425,.T.);
#11425 = LINE('',#11426,#11427);
#11426 = CARTESIAN_POINT('',(3.001,-0.280672891423,5.080657007659));
#11427 = VECTOR('',#11428,1.);
#11428 = DIRECTION('',(0.,1.,0.));
#11429 = FACE_BOUND('',#11430,.T.);
#11430 = EDGE_LOOP('',(#11431,#11441,#11449,#11458,#11466,#11475));
#11431 = ORIENTED_EDGE('',*,*,#11432,.F.);
#11432 = EDGE_CURVE('',#11433,#11435,#11437,.T.);
#11433 = VERTEX_POINT('',#11434);
#11434 = CARTESIAN_POINT('',(3.001,-0.406795526671,5.159262706132));
#11435 = VERTEX_POINT('',#11436);
#11436 = CARTESIAN_POINT('',(3.001,-0.338535419465,5.159262706132));
#11437 = LINE('',#11438,#11439);
#11438 = CARTESIAN_POINT('',(3.001,-0.406795526671,5.159262706132));
#11439 = VECTOR('',#11440,1.);
#11440 = DIRECTION('',(0.,1.,0.));
#11441 = ORIENTED_EDGE('',*,*,#11442,.F.);
#11442 = EDGE_CURVE('',#11443,#11433,#11445,.T.);
#11443 = VERTEX_POINT('',#11444);
#11444 = CARTESIAN_POINT('',(3.001,-0.37638260762,5.243795024729));
#11445 = LINE('',#11446,#11447);
#11446 = CARTESIAN_POINT('',(3.001,-0.37638260762,5.243795024729));
#11447 = VECTOR('',#11448,1.);
#11448 = DIRECTION('',(0.,-0.338535034296,-0.940953787683));
#11449 = ORIENTED_EDGE('',*,*,#11450,.F.);
#11450 = EDGE_CURVE('',#11451,#11443,#11453,.T.);
#11451 = VERTEX_POINT('',#11452);
#11452 = CARTESIAN_POINT('',(3.001,-0.373055382288,5.258039708182));
#11453 = B_SPLINE_CURVE_WITH_KNOTS('',3,(#11454,#11455,#11456,#11457),
  .UNSPECIFIED.,.F.,.F.,(4,4),(3.,4.),.PIECEWISE_BEZIER_KNOTS.);
#11454 = CARTESIAN_POINT('',(3.001,-0.373055382288,5.258039708182));
#11455 = CARTESIAN_POINT('',(3.001,-0.374043152309,5.251905136475));
#11456 = CARTESIAN_POINT('',(3.001,-0.375134898119,5.24712225006));
#11457 = CARTESIAN_POINT('',(3.001,-0.37638260762,5.243795024729));
#11458 = ORIENTED_EDGE('',*,*,#11459,.F.);
#11459 = EDGE_CURVE('',#11460,#11451,#11462,.T.);
#11460 = VERTEX_POINT('',#11461);
#11461 = CARTESIAN_POINT('',(3.001,-0.372431527537,5.258039708182));
#11462 = LINE('',#11463,#11464);
#11463 = CARTESIAN_POINT('',(3.001,-0.372431527537,5.258039708182));
#11464 = VECTOR('',#11465,1.);
#11465 = DIRECTION('',(0.,-1.,0.));
#11466 = ORIENTED_EDGE('',*,*,#11467,.F.);
#11467 = EDGE_CURVE('',#11468,#11460,#11470,.T.);
#11468 = VERTEX_POINT('',#11469);
#11469 = CARTESIAN_POINT('',(3.001,-0.369260265893,5.243795024729));
#11470 = B_SPLINE_CURVE_WITH_KNOTS('',3,(#11471,#11472,#11473,#11474),
  .UNSPECIFIED.,.F.,.F.,(4,4),(1.,2.),.PIECEWISE_BEZIER_KNOTS.);
#11471 = CARTESIAN_POINT('',(3.001,-0.369260265893,5.243795024729));
#11472 = CARTESIAN_POINT('',(3.001,-0.370248035913,5.246602371103));
#11473 = CARTESIAN_POINT('',(3.001,-0.371287793831,5.251281281726));
#11474 = CARTESIAN_POINT('',(3.001,-0.372431527537,5.258039708182));
#11475 = ORIENTED_EDGE('',*,*,#11476,.F.);
#11476 = EDGE_CURVE('',#11435,#11468,#11477,.T.);
#11477 = LINE('',#11478,#11479);
#11478 = CARTESIAN_POINT('',(3.001,-0.338535419465,5.159262706132));
#11479 = VECTOR('',#11480,1.);
#11480 = DIRECTION('',(0.,-0.34160383069,0.939844041774));
#11481 = PLANE('',#11482);
#11482 = AXIS2_PLACEMENT_3D('',#11483,#11484,#11485);
#11483 = CARTESIAN_POINT('',(3.001,0.,9.999990463257E-02));
#11484 = DIRECTION('',(-1.,0.,0.));
#11485 = DIRECTION('',(0.,0.,1.));
#11486 = ADVANCED_FACE('',(#11487,#11553),#11605,.T.);
#11487 = FACE_BOUND('',#11488,.T.);
#11488 = EDGE_LOOP('',(#11489,#11499,#11507,#11515,#11523,#11531,#11539,
    #11547));
#11489 = ORIENTED_EDGE('',*,*,#11490,.F.);
#11490 = EDGE_CURVE('',#11491,#11493,#11495,.T.);
#11491 = VERTEX_POINT('',#11492);
#11492 = CARTESIAN_POINT('',(3.,-0.280672891423,5.080657007659));
#11493 = VERTEX_POINT('',#11494);
#11494 = CARTESIAN_POINT('',(3.,-0.358134856188,5.28403365609));
#11495 = LINE('',#11496,#11497);
#11496 = CARTESIAN_POINT('',(3.,-0.358134856188,5.28403365609));
#11497 = VECTOR('',#11498,1.);
#11498 = DIRECTION('',(0.,-0.355935724364,0.934510438744));
#11499 = ORIENTED_EDGE('',*,*,#11500,.F.);
#11500 = EDGE_CURVE('',#11501,#11491,#11503,.T.);
#11501 = VERTEX_POINT('',#11502);
#11502 = CARTESIAN_POINT('',(3.,-0.309682137287,5.080657007659));
#11503 = LINE('',#11504,#11505);
#11504 = CARTESIAN_POINT('',(3.,-0.280672891423,5.080657007659));
#11505 = VECTOR('',#11506,1.);
#11506 = DIRECTION('',(0.,1.,0.));
#11507 = ORIENTED_EDGE('',*,*,#11508,.F.);
#11508 = EDGE_CURVE('',#11509,#11501,#11511,.T.);
#11509 = VERTEX_POINT('',#11510);
#11510 = CARTESIAN_POINT('',(3.,-0.330425307719,5.136284056181));
#11511 = LINE('',#11512,#11513);
#11512 = CARTESIAN_POINT('',(3.,-0.309682137287,5.080657007659));
#11513 = VECTOR('',#11514,1.);
#11514 = DIRECTION('',(0.,0.349395479497,-0.936975345944));
#11515 = ORIENTED_EDGE('',*,*,#11516,.F.);
#11516 = EDGE_CURVE('',#11517,#11509,#11519,.T.);
#11517 = VERTEX_POINT('',#11518);
#11518 = CARTESIAN_POINT('',(3.,-0.415113590003,5.136284056181));
#11519 = LINE('',#11520,#11521);
#11520 = CARTESIAN_POINT('',(3.,-0.330425307719,5.136284056181));
#11521 = VECTOR('',#11522,1.);
#11522 = DIRECTION('',(0.,1.,0.));
#11523 = ORIENTED_EDGE('',*,*,#11524,.F.);
#11524 = EDGE_CURVE('',#11525,#11517,#11527,.T.);
#11525 = VERTEX_POINT('',#11526);
#11526 = CARTESIAN_POINT('',(3.,-0.43466103883,5.080657007659));
#11527 = LINE('',#11528,#11529);
#11528 = CARTESIAN_POINT('',(3.,-0.415113590003,5.136284056181));
#11529 = VECTOR('',#11530,1.);
#11530 = DIRECTION('',(0.,0.331528418358,0.94344523308));
#11531 = ORIENTED_EDGE('',*,*,#11532,.F.);
#11532 = EDGE_CURVE('',#11533,#11525,#11535,.T.);
#11533 = VERTEX_POINT('',#11534);
#11534 = CARTESIAN_POINT('',(3.,-0.463670284695,5.080657007659));
#11535 = LINE('',#11536,#11537);
#11536 = CARTESIAN_POINT('',(3.,-0.43466103883,5.080657007659));
#11537 = VECTOR('',#11538,1.);
#11538 = DIRECTION('',(0.,1.,0.));
#11539 = ORIENTED_EDGE('',*,*,#11540,.F.);
#11540 = EDGE_CURVE('',#11541,#11533,#11543,.T.);
#11541 = VERTEX_POINT('',#11542);
#11542 = CARTESIAN_POINT('',(3.,-0.386208319929,5.28403365609));
#11543 = LINE('',#11544,#11545);
#11544 = CARTESIAN_POINT('',(3.,-0.463670284695,5.080657007659));
#11545 = VECTOR('',#11546,1.);
#11546 = DIRECTION('',(-0.,-0.35593572437,-0.934510438742));
#11547 = ORIENTED_EDGE('',*,*,#11548,.F.);
#11548 = EDGE_CURVE('',#11493,#11541,#11549,.T.);
#11549 = LINE('',#11550,#11551);
#11550 = CARTESIAN_POINT('',(3.,-0.386208319929,5.28403365609));
#11551 = VECTOR('',#11552,1.);
#11552 = DIRECTION('',(-0.,-1.,-0.));
#11553 = FACE_BOUND('',#11554,.T.);
#11554 = EDGE_LOOP('',(#11555,#11565,#11573,#11581,#11590,#11598));
#11555 = ORIENTED_EDGE('',*,*,#11556,.T.);
#11556 = EDGE_CURVE('',#11557,#11559,#11561,.T.);
#11557 = VERTEX_POINT('',#11558);
#11558 = CARTESIAN_POINT('',(3.,-0.37638260762,5.243795024729));
#11559 = VERTEX_POINT('',#11560);
#11560 = CARTESIAN_POINT('',(3.,-0.406795526671,5.159262706132));
#11561 = LINE('',#11562,#11563);
#11562 = CARTESIAN_POINT('',(3.,-0.37638260762,5.243795024729));
#11563 = VECTOR('',#11564,1.);
#11564 = DIRECTION('',(0.,-0.338535034296,-0.940953787683));
#11565 = ORIENTED_EDGE('',*,*,#11566,.T.);
#11566 = EDGE_CURVE('',#11559,#11567,#11569,.T.);
#11567 = VERTEX_POINT('',#11568);
#11568 = CARTESIAN_POINT('',(3.,-0.338535419465,5.159262706132));
#11569 = LINE('',#11570,#11571);
#11570 = CARTESIAN_POINT('',(3.,-0.406795526671,5.159262706132));
#11571 = VECTOR('',#11572,1.);
#11572 = DIRECTION('',(0.,1.,0.));
#11573 = ORIENTED_EDGE('',*,*,#11574,.T.);
#11574 = EDGE_CURVE('',#11567,#11575,#11577,.T.);
#11575 = VERTEX_POINT('',#11576);
#11576 = CARTESIAN_POINT('',(3.,-0.369260265893,5.243795024729));
#11577 = LINE('',#11578,#11579);
#11578 = CARTESIAN_POINT('',(3.,-0.338535419465,5.159262706132));
#11579 = VECTOR('',#11580,1.);
#11580 = DIRECTION('',(0.,-0.34160383069,0.939844041774));
#11581 = ORIENTED_EDGE('',*,*,#11582,.T.);
#11582 = EDGE_CURVE('',#11575,#11583,#11585,.T.);
#11583 = VERTEX_POINT('',#11584);
#11584 = CARTESIAN_POINT('',(3.,-0.372431527537,5.258039708182));
#11585 = B_SPLINE_CURVE_WITH_KNOTS('',3,(#11586,#11587,#11588,#11589),
  .UNSPECIFIED.,.F.,.F.,(4,4),(1.,2.),.PIECEWISE_BEZIER_KNOTS.);
#11586 = CARTESIAN_POINT('',(3.,-0.369260265893,5.243795024729));
#11587 = CARTESIAN_POINT('',(3.,-0.370248035913,5.246602371103));
#11588 = CARTESIAN_POINT('',(3.,-0.371287793831,5.251281281726));
#11589 = CARTESIAN_POINT('',(3.,-0.372431527537,5.258039708182));
#11590 = ORIENTED_EDGE('',*,*,#11591,.T.);
#11591 = EDGE_CURVE('',#11583,#11592,#11594,.T.);
#11592 = VERTEX_POINT('',#11593);
#11593 = CARTESIAN_POINT('',(3.,-0.373055382288,5.258039708182));
#11594 = LINE('',#11595,#11596);
#11595 = CARTESIAN_POINT('',(3.,-0.372431527537,5.258039708182));
#11596 = VECTOR('',#11597,1.);
#11597 = DIRECTION('',(0.,-1.,0.));
#11598 = ORIENTED_EDGE('',*,*,#11599,.T.);
#11599 = EDGE_CURVE('',#11592,#11557,#11600,.T.);
#11600 = B_SPLINE_CURVE_WITH_KNOTS('',3,(#11601,#11602,#11603,#11604),
  .UNSPECIFIED.,.F.,.F.,(4,4),(3.,4.),.PIECEWISE_BEZIER_KNOTS.);
#11601 = CARTESIAN_POINT('',(3.,-0.373055382288,5.258039708182));
#11602 = CARTESIAN_POINT('',(3.,-0.374043152309,5.251905136475));
#11603 = CARTESIAN_POINT('',(3.,-0.375134898119,5.24712225006));
#11604 = CARTESIAN_POINT('',(3.,-0.37638260762,5.243795024729));
#11605 = PLANE('',#11606);
#11606 = AXIS2_PLACEMENT_3D('',#11607,#11608,#11609);
#11607 = CARTESIAN_POINT('',(3.,0.,9.999990463257E-02));
#11608 = DIRECTION('',(-1.,0.,0.));
#11609 = DIRECTION('',(0.,0.,1.));
#11610 = ADVANCED_FACE('',(#11611),#11627,.F.);
#11611 = FACE_BOUND('',#11612,.T.);
#11612 = EDGE_LOOP('',(#11613,#11614,#11620,#11621));
#11613 = ORIENTED_EDGE('',*,*,#11490,.T.);
#11614 = ORIENTED_EDGE('',*,*,#11615,.F.);
#11615 = EDGE_CURVE('',#11369,#11493,#11616,.T.);
#11616 = LINE('',#11617,#11618);
#11617 = CARTESIAN_POINT('',(3.001,-0.358134856188,5.28403365609));
#11618 = VECTOR('',#11619,1.);
#11619 = DIRECTION('',(-1.,-0.,-0.));
#11620 = ORIENTED_EDGE('',*,*,#11366,.F.);
#11621 = ORIENTED_EDGE('',*,*,#11622,.T.);
#11622 = EDGE_CURVE('',#11367,#11491,#11623,.T.);
#11623 = LINE('',#11624,#11625);
#11624 = CARTESIAN_POINT('',(3.001,-0.280672891423,5.080657007659));
#11625 = VECTOR('',#11626,1.);
#11626 = DIRECTION('',(-1.,-0.,-0.));
#11627 = PLANE('',#11628);
#11628 = AXIS2_PLACEMENT_3D('',#11629,#11630,#11631);
#11629 = CARTESIAN_POINT('',(3.001,-0.358134856188,5.28403365609));
#11630 = DIRECTION('',(0.,-0.934510438744,-0.355935724364));
#11631 = DIRECTION('',(0.,0.355935724364,-0.934510438744));
#11632 = ADVANCED_FACE('',(#11633),#11644,.F.);
#11633 = FACE_BOUND('',#11634,.T.);
#11634 = EDGE_LOOP('',(#11635,#11636,#11642,#11643));
#11635 = ORIENTED_EDGE('',*,*,#11548,.T.);
#11636 = ORIENTED_EDGE('',*,*,#11637,.F.);
#11637 = EDGE_CURVE('',#11377,#11541,#11638,.T.);
#11638 = LINE('',#11639,#11640);
#11639 = CARTESIAN_POINT('',(3.001,-0.386208319929,5.28403365609));
#11640 = VECTOR('',#11641,1.);
#11641 = DIRECTION('',(-1.,-0.,-0.));
#11642 = ORIENTED_EDGE('',*,*,#11376,.F.);
#11643 = ORIENTED_EDGE('',*,*,#11615,.T.);
#11644 = PLANE('',#11645);
#11645 = AXIS2_PLACEMENT_3D('',#11646,#11647,#11648);
#11646 = CARTESIAN_POINT('',(3.001,-0.386208319929,5.28403365609));
#11647 = DIRECTION('',(0.,0.,-1.));
#11648 = DIRECTION('',(-1.,0.,0.));
#11649 = ADVANCED_FACE('',(#11650),#11661,.F.);
#11650 = FACE_BOUND('',#11651,.T.);
#11651 = EDGE_LOOP('',(#11652,#11653,#11659,#11660));
#11652 = ORIENTED_EDGE('',*,*,#11540,.T.);
#11653 = ORIENTED_EDGE('',*,*,#11654,.F.);
#11654 = EDGE_CURVE('',#11385,#11533,#11655,.T.);
#11655 = LINE('',#11656,#11657);
#11656 = CARTESIAN_POINT('',(3.001,-0.463670284695,5.080657007659));
#11657 = VECTOR('',#11658,1.);
#11658 = DIRECTION('',(-1.,-0.,-0.));
#11659 = ORIENTED_EDGE('',*,*,#11384,.F.);
#11660 = ORIENTED_EDGE('',*,*,#11637,.T.);
#11661 = PLANE('',#11662);
#11662 = AXIS2_PLACEMENT_3D('',#11663,#11664,#11665);
#11663 = CARTESIAN_POINT('',(3.001,-0.463670284695,5.080657007659));
#11664 = DIRECTION('',(0.,0.934510438742,-0.35593572437));
#11665 = DIRECTION('',(0.,0.35593572437,0.934510438742));
#11666 = ADVANCED_FACE('',(#11667),#11678,.F.);
#11667 = FACE_BOUND('',#11668,.T.);
#11668 = EDGE_LOOP('',(#11669,#11670,#11676,#11677));
#11669 = ORIENTED_EDGE('',*,*,#11532,.T.);
#11670 = ORIENTED_EDGE('',*,*,#11671,.F.);
#11671 = EDGE_CURVE('',#11393,#11525,#11672,.T.);
#11672 = LINE('',#11673,#11674);
#11673 = CARTESIAN_POINT('',(3.001,-0.43466103883,5.080657007659));
#11674 = VECTOR('',#11675,1.);
#11675 = DIRECTION('',(-1.,-0.,-0.));
#11676 = ORIENTED_EDGE('',*,*,#11392,.F.);
#11677 = ORIENTED_EDGE('',*,*,#11654,.T.);
#11678 = PLANE('',#11679);
#11679 = AXIS2_PLACEMENT_3D('',#11680,#11681,#11682);
#11680 = CARTESIAN_POINT('',(3.001,-0.43466103883,5.080657007659));
#11681 = DIRECTION('',(0.,0.,1.));
#11682 = DIRECTION('',(1.,0.,-0.));
#11683 = ADVANCED_FACE('',(#11684),#11695,.F.);
#11684 = FACE_BOUND('',#11685,.T.);
#11685 = EDGE_LOOP('',(#11686,#11687,#11693,#11694));
#11686 = ORIENTED_EDGE('',*,*,#11524,.T.);
#11687 = ORIENTED_EDGE('',*,*,#11688,.F.);
#11688 = EDGE_CURVE('',#11401,#11517,#11689,.T.);
#11689 = LINE('',#11690,#11691);
#11690 = CARTESIAN_POINT('',(3.001,-0.415113590003,5.136284056181));
#11691 = VECTOR('',#11692,1.);
#11692 = DIRECTION('',(-1.,-0.,-0.));
#11693 = ORIENTED_EDGE('',*,*,#11400,.F.);
#11694 = ORIENTED_EDGE('',*,*,#11671,.T.);
#11695 = PLANE('',#11696);
#11696 = AXIS2_PLACEMENT_3D('',#11697,#11698,#11699);
#11697 = CARTESIAN_POINT('',(3.001,-0.415113590003,5.136284056181));
#11698 = DIRECTION('',(0.,-0.94344523308,0.331528418358));
#11699 = DIRECTION('',(0.,-0.331528418358,-0.94344523308));
#11700 = ADVANCED_FACE('',(#11701),#11712,.F.);
#11701 = FACE_BOUND('',#11702,.T.);
#11702 = EDGE_LOOP('',(#11703,#11704,#11710,#11711));
#11703 = ORIENTED_EDGE('',*,*,#11516,.T.);
#11704 = ORIENTED_EDGE('',*,*,#11705,.F.);
#11705 = EDGE_CURVE('',#11409,#11509,#11706,.T.);
#11706 = LINE('',#11707,#11708);
#11707 = CARTESIAN_POINT('',(3.001,-0.330425307719,5.136284056181));
#11708 = VECTOR('',#11709,1.);
#11709 = DIRECTION('',(-1.,-0.,-0.));
#11710 = ORIENTED_EDGE('',*,*,#11408,.F.);
#11711 = ORIENTED_EDGE('',*,*,#11688,.T.);
#11712 = PLANE('',#11713);
#11713 = AXIS2_PLACEMENT_3D('',#11714,#11715,#11716);
#11714 = CARTESIAN_POINT('',(3.001,-0.330425307719,5.136284056181));
#11715 = DIRECTION('',(0.,0.,1.));
#11716 = DIRECTION('',(1.,0.,-0.));
#11717 = ADVANCED_FACE('',(#11718),#11729,.F.);
#11718 = FACE_BOUND('',#11719,.T.);
#11719 = EDGE_LOOP('',(#11720,#11721,#11727,#11728));
#11720 = ORIENTED_EDGE('',*,*,#11508,.T.);
#11721 = ORIENTED_EDGE('',*,*,#11722,.F.);
#11722 = EDGE_CURVE('',#11417,#11501,#11723,.T.);
#11723 = LINE('',#11724,#11725);
#11724 = CARTESIAN_POINT('',(3.001,-0.309682137287,5.080657007659));
#11725 = VECTOR('',#11726,1.);
#11726 = DIRECTION('',(-1.,-0.,-0.));
#11727 = ORIENTED_EDGE('',*,*,#11416,.F.);
#11728 = ORIENTED_EDGE('',*,*,#11705,.T.);
#11729 = PLANE('',#11730);
#11730 = AXIS2_PLACEMENT_3D('',#11731,#11732,#11733);
#11731 = CARTESIAN_POINT('',(3.001,-0.309682137287,5.080657007659));
#11732 = DIRECTION('',(0.,0.936975345944,0.349395479497));
#11733 = DIRECTION('',(0.,-0.349395479497,0.936975345944));
#11734 = ADVANCED_FACE('',(#11735),#11741,.F.);
#11735 = FACE_BOUND('',#11736,.T.);
#11736 = EDGE_LOOP('',(#11737,#11738,#11739,#11740));
#11737 = ORIENTED_EDGE('',*,*,#11500,.T.);
#11738 = ORIENTED_EDGE('',*,*,#11622,.F.);
#11739 = ORIENTED_EDGE('',*,*,#11424,.F.);
#11740 = ORIENTED_EDGE('',*,*,#11722,.T.);
#11741 = PLANE('',#11742);
#11742 = AXIS2_PLACEMENT_3D('',#11743,#11744,#11745);
#11743 = CARTESIAN_POINT('',(3.001,-0.280672891423,5.080657007659));
#11744 = DIRECTION('',(0.,0.,1.));
#11745 = DIRECTION('',(1.,0.,-0.));
#11746 = ADVANCED_FACE('',(#11747),#11763,.T.);
#11747 = FACE_BOUND('',#11748,.T.);
#11748 = EDGE_LOOP('',(#11749,#11750,#11756,#11757));
#11749 = ORIENTED_EDGE('',*,*,#11566,.F.);
#11750 = ORIENTED_EDGE('',*,*,#11751,.F.);
#11751 = EDGE_CURVE('',#11433,#11559,#11752,.T.);
#11752 = LINE('',#11753,#11754);
#11753 = CARTESIAN_POINT('',(3.001,-0.406795526671,5.159262706132));
#11754 = VECTOR('',#11755,1.);
#11755 = DIRECTION('',(-1.,-0.,-0.));
#11756 = ORIENTED_EDGE('',*,*,#11432,.T.);
#11757 = ORIENTED_EDGE('',*,*,#11758,.T.);
#11758 = EDGE_CURVE('',#11435,#11567,#11759,.T.);
#11759 = LINE('',#11760,#11761);
#11760 = CARTESIAN_POINT('',(3.001,-0.338535419465,5.159262706132));
#11761 = VECTOR('',#11762,1.);
#11762 = DIRECTION('',(-1.,-0.,-0.));
#11763 = PLANE('',#11764);
#11764 = AXIS2_PLACEMENT_3D('',#11765,#11766,#11767);
#11765 = CARTESIAN_POINT('',(3.001,-0.406795526671,5.159262706132));
#11766 = DIRECTION('',(0.,0.,1.));
#11767 = DIRECTION('',(1.,0.,-0.));
#11768 = ADVANCED_FACE('',(#11769),#11780,.T.);
#11769 = FACE_BOUND('',#11770,.T.);
#11770 = EDGE_LOOP('',(#11771,#11772,#11773,#11774));
#11771 = ORIENTED_EDGE('',*,*,#11574,.F.);
#11772 = ORIENTED_EDGE('',*,*,#11758,.F.);
#11773 = ORIENTED_EDGE('',*,*,#11476,.T.);
#11774 = ORIENTED_EDGE('',*,*,#11775,.T.);
#11775 = EDGE_CURVE('',#11468,#11575,#11776,.T.);
#11776 = LINE('',#11777,#11778);
#11777 = CARTESIAN_POINT('',(3.001,-0.369260265893,5.243795024729));
#11778 = VECTOR('',#11779,1.);
#11779 = DIRECTION('',(-1.,-0.,-0.));
#11780 = PLANE('',#11781);
#11781 = AXIS2_PLACEMENT_3D('',#11782,#11783,#11784);
#11782 = CARTESIAN_POINT('',(3.001,-0.338535419465,5.159262706132));
#11783 = DIRECTION('',(0.,-0.939844041774,-0.34160383069));
#11784 = DIRECTION('',(0.,0.34160383069,-0.939844041774));
#11785 = ADVANCED_FACE('',(#11786),#11797,.T.);
#11786 = FACE_BOUND('',#11787,.T.);
#11787 = EDGE_LOOP('',(#11788,#11789,#11790,#11791));
#11788 = ORIENTED_EDGE('',*,*,#11582,.F.);
#11789 = ORIENTED_EDGE('',*,*,#11775,.F.);
#11790 = ORIENTED_EDGE('',*,*,#11467,.T.);
#11791 = ORIENTED_EDGE('',*,*,#11792,.T.);
#11792 = EDGE_CURVE('',#11460,#11583,#11793,.T.);
#11793 = LINE('',#11794,#11795);
#11794 = CARTESIAN_POINT('',(3.001,-0.372431527537,5.258039708182));
#11795 = VECTOR('',#11796,1.);
#11796 = DIRECTION('',(-1.,-0.,-0.));
#11797 = B_SPLINE_SURFACE_WITH_KNOTS('',3,1,(
    (#11798,#11799)
    ,(#11800,#11801)
    ,(#11802,#11803)
    ,(#11804,#11805
    )),.UNSPECIFIED.,.F.,.F.,.F.,(4,4),(2,2),(1.,2.),(0.,1.),
  .PIECEWISE_BEZIER_KNOTS.);
#11798 = CARTESIAN_POINT('',(3.001,-0.369260265893,5.243795024729));
#11799 = CARTESIAN_POINT('',(3.,-0.369260265893,5.243795024729));
#11800 = CARTESIAN_POINT('',(3.001,-0.370248035913,5.246602371103));
#11801 = CARTESIAN_POINT('',(3.,-0.370248035913,5.246602371103));
#11802 = CARTESIAN_POINT('',(3.001,-0.371287793831,5.251281281726));
#11803 = CARTESIAN_POINT('',(3.,-0.371287793831,5.251281281726));
#11804 = CARTESIAN_POINT('',(3.001,-0.372431527537,5.258039708182));
#11805 = CARTESIAN_POINT('',(3.,-0.372431527537,5.258039708182));
#11806 = ADVANCED_FACE('',(#11807),#11818,.T.);
#11807 = FACE_BOUND('',#11808,.T.);
#11808 = EDGE_LOOP('',(#11809,#11810,#11811,#11812));
#11809 = ORIENTED_EDGE('',*,*,#11591,.F.);
#11810 = ORIENTED_EDGE('',*,*,#11792,.F.);
#11811 = ORIENTED_EDGE('',*,*,#11459,.T.);
#11812 = ORIENTED_EDGE('',*,*,#11813,.T.);
#11813 = EDGE_CURVE('',#11451,#11592,#11814,.T.);
#11814 = LINE('',#11815,#11816);
#11815 = CARTESIAN_POINT('',(3.001,-0.373055382288,5.258039708182));
#11816 = VECTOR('',#11817,1.);
#11817 = DIRECTION('',(-1.,-0.,-0.));
#11818 = PLANE('',#11819);
#11819 = AXIS2_PLACEMENT_3D('',#11820,#11821,#11822);
#11820 = CARTESIAN_POINT('',(3.001,-0.372431527537,5.258039708182));
#11821 = DIRECTION('',(0.,0.,-1.));
#11822 = DIRECTION('',(-1.,0.,0.));
#11823 = ADVANCED_FACE('',(#11824),#11835,.T.);
#11824 = FACE_BOUND('',#11825,.T.);
#11825 = EDGE_LOOP('',(#11826,#11827,#11828,#11829));
#11826 = ORIENTED_EDGE('',*,*,#11599,.F.);
#11827 = ORIENTED_EDGE('',*,*,#11813,.F.);
#11828 = ORIENTED_EDGE('',*,*,#11450,.T.);
#11829 = ORIENTED_EDGE('',*,*,#11830,.T.);
#11830 = EDGE_CURVE('',#11443,#11557,#11831,.T.);
#11831 = LINE('',#11832,#11833);
#11832 = CARTESIAN_POINT('',(3.001,-0.37638260762,5.243795024729));
#11833 = VECTOR('',#11834,1.);
#11834 = DIRECTION('',(-1.,-0.,-0.));
#11835 = B_SPLINE_SURFACE_WITH_KNOTS('',3,1,(
    (#11836,#11837)
    ,(#11838,#11839)
    ,(#11840,#11841)
    ,(#11842,#11843
    )),.UNSPECIFIED.,.F.,.F.,.F.,(4,4),(2,2),(3.,4.),(0.,1.),
  .PIECEWISE_BEZIER_KNOTS.);
#11836 = CARTESIAN_POINT('',(3.001,-0.373055382288,5.258039708182));
#11837 = CARTESIAN_POINT('',(3.,-0.373055382288,5.258039708182));
#11838 = CARTESIAN_POINT('',(3.001,-0.374043152309,5.251905136475));
#11839 = CARTESIAN_POINT('',(3.,-0.374043152309,5.251905136475));
#11840 = CARTESIAN_POINT('',(3.001,-0.375134898119,5.24712225006));
#11841 = CARTESIAN_POINT('',(3.,-0.375134898119,5.24712225006));
#11842 = CARTESIAN_POINT('',(3.001,-0.37638260762,5.243795024729));
#11843 = CARTESIAN_POINT('',(3.,-0.37638260762,5.243795024729));
#11844 = ADVANCED_FACE('',(#11845),#11851,.T.);
#11845 = FACE_BOUND('',#11846,.T.);
#11846 = EDGE_LOOP('',(#11847,#11848,#11849,#11850));
#11847 = ORIENTED_EDGE('',*,*,#11556,.F.);
#11848 = ORIENTED_EDGE('',*,*,#11830,.F.);
#11849 = ORIENTED_EDGE('',*,*,#11442,.T.);
#11850 = ORIENTED_EDGE('',*,*,#11751,.T.);
#11851 = PLANE('',#11852);
#11852 = AXIS2_PLACEMENT_3D('',#11853,#11854,#11855);
#11853 = CARTESIAN_POINT('',(3.001,-0.37638260762,5.243795024729));
#11854 = DIRECTION('',(0.,0.940953787683,-0.338535034296));
#11855 = DIRECTION('',(0.,0.338535034296,0.940953787683));
#11856 = ( GEOMETRIC_REPRESENTATION_CONTEXT(3) 
GLOBAL_UNCERTAINTY_ASSIGNED_CONTEXT((#11860)) 
GLOBAL_UNIT_ASSIGNED_CONTEXT((#11857,#11858,#11859)) 
REPRESENTATION_CONTEXT('Context #1',
  '3D Context with UNIT and UNCERTAINTY') );
#11857 = ( LENGTH_UNIT() NAMED_UNIT(*) SI_UNIT(.MILLI.,.METRE.) );
#11858 = ( NAMED_UNIT(*) PLANE_ANGLE_UNIT() SI_UNIT($,.RADIAN.) );
#11859 = ( NAMED_UNIT(*) SI_UNIT($,.STERADIAN.) SOLID_ANGLE_UNIT() );
#11860 = UNCERTAINTY_MEASURE_WITH_UNIT(LENGTH_MEASURE(1.E-07),#11857,
  'distance_accuracy_value','confusion accuracy');
#11861 = CONTEXT_DEPENDENT_SHAPE_REPRESENTATION(#11862,#11864);
#11862 = ( REPRESENTATION_RELATIONSHIP('','',#11359,#55) 
REPRESENTATION_RELATIONSHIP_WITH_TRANSFORMATION(#11863) 
SHAPE_REPRESENTATION_RELATIONSHIP() );
#11863 = ITEM_DEFINED_TRANSFORMATION('','',#11,#104);
#11864 = PRODUCT_DEFINITION_SHAPE('Placement','Placement of an item',
  #11865);
#11865 = NEXT_ASSEMBLY_USAGE_OCCURRENCE('13',
  'CONN-SMD_T31000~CONN-SMD_T31000~AJBg012','',#50,#11354,$);
#11866 = PRODUCT_RELATED_PRODUCT_CATEGORY('part',$,(#11356));
#11867 = SHAPE_DEFINITION_REPRESENTATION(#11868,#11874);
#11868 = PRODUCT_DEFINITION_SHAPE('','',#11869);
#11869 = PRODUCT_DEFINITION('design','',#11870,#11873);
#11870 = PRODUCT_DEFINITION_FORMATION('','',#11871);
#11871 = PRODUCT('CONN-SMD_T31000~CONN-SMD_T31000~AJBg013',
  'CONN-SMD_T31000~CONN-SMD_T31000~AJBg013','',(#11872));
#11872 = PRODUCT_CONTEXT('',#2,'mechanical');
#11873 = PRODUCT_DEFINITION_CONTEXT('part definition',#2,'design');
#11874 = ADVANCED_BREP_SHAPE_REPRESENTATION('',(#11,#11875),#13244);
#11875 = MANIFOLD_SOLID_BREP('',#11876);
#11876 = CLOSED_SHELL('',(#11877,#12202,#12527,#12553,#12574,#12595,
    #12616,#12637,#12658,#12679,#12700,#12721,#12742,#12763,#12784,
    #12801,#12818,#12835,#12852,#12873,#12894,#12915,#12936,#12957,
    #12978,#12999,#13016,#13037,#13058,#13075,#13096,#13117,#13138,
    #13155,#13176,#13192,#13224));
#11877 = ADVANCED_FACE('',(#11878,#12172),#12197,.F.);
#11878 = FACE_BOUND('',#11879,.T.);
#11879 = EDGE_LOOP('',(#11880,#11891,#11900,#11909,#11918,#11927,#11936,
    #11945,#11954,#11963,#11972,#11981,#11990,#11999,#12007,#12015,
    #12023,#12032,#12041,#12050,#12059,#12068,#12077,#12086,#12095,
    #12104,#12113,#12121,#12130,#12139,#12148,#12156,#12165));
#11880 = ORIENTED_EDGE('',*,*,#11881,.T.);
#11881 = EDGE_CURVE('',#11882,#11884,#11886,.T.);
#11882 = VERTEX_POINT('',#11883);
#11883 = CARTESIAN_POINT('',(3.001,-1.518133087629,5.282389868097));
#11884 = VERTEX_POINT('',#11885);
#11885 = CARTESIAN_POINT('',(3.001,-1.661285784419,5.471814137799));
#11886 = B_SPLINE_CURVE_WITH_KNOTS('',3,(#11887,#11888,#11889,#11890),
  .UNSPECIFIED.,.F.,.F.,(4,4),(35.,36.),.PIECEWISE_BEZIER_KNOTS.);
#11887 = CARTESIAN_POINT('',(3.001,-1.518133087629,5.282389868097));
#11888 = CARTESIAN_POINT('',(3.001,-1.519579052736,5.369149043172));
#11889 = CARTESIAN_POINT('',(3.001,-1.578864559825,5.44578637976));
#11890 = CARTESIAN_POINT('',(3.001,-1.661285784419,5.471814137799));
#11891 = ORIENTED_EDGE('',*,*,#11892,.T.);
#11892 = EDGE_CURVE('',#11884,#11893,#11895,.T.);
#11893 = VERTEX_POINT('',#11894);
#11894 = CARTESIAN_POINT('',(3.001,-1.739369113694,5.586047125652));
#11895 = B_SPLINE_CURVE_WITH_KNOTS('',3,(#11896,#11897,#11898,#11899),
  .UNSPECIFIED.,.F.,.F.,(4,4),(0.,1.),.PIECEWISE_BEZIER_KNOTS.);
#11896 = CARTESIAN_POINT('',(3.001,-1.661285784419,5.471814137799));
#11897 = CARTESIAN_POINT('',(3.001,-1.677191621232,5.515193752915));
#11898 = CARTESIAN_POINT('',(3.001,-1.704665399537,5.554235403763));
#11899 = CARTESIAN_POINT('',(3.001,-1.739369113694,5.586047125652));
#11900 = ORIENTED_EDGE('',*,*,#11901,.T.);
#11901 = EDGE_CURVE('',#11893,#11902,#11904,.T.);
#11902 = VERTEX_POINT('',#11903);
#11903 = CARTESIAN_POINT('',(3.001,-1.936023346829,5.66123846266));
#11904 = B_SPLINE_CURVE_WITH_KNOTS('',3,(#11905,#11906,#11907,#11908),
  .UNSPECIFIED.,.F.,.F.,(4,4),(1.,2.),.PIECEWISE_BEZIER_KNOTS.);
#11905 = CARTESIAN_POINT('',(3.001,-1.739369113694,5.586047125652));
#11906 = CARTESIAN_POINT('',(3.001,-1.794316615144,5.633764706764));
#11907 = CARTESIAN_POINT('',(3.001,-1.8637239883,5.66123846266));
#11908 = CARTESIAN_POINT('',(3.001,-1.936023346829,5.66123846266));
#11909 = ORIENTED_EDGE('',*,*,#11910,.T.);
#11910 = EDGE_CURVE('',#11902,#11911,#11913,.T.);
#11911 = VERTEX_POINT('',#11912);
#11912 = CARTESIAN_POINT('',(3.001,-2.109541807298,5.604844961628));
#11913 = B_SPLINE_CURVE_WITH_KNOTS('',3,(#11914,#11915,#11916,#11917),
  .UNSPECIFIED.,.F.,.F.,(4,4),(2.,3.),.PIECEWISE_BEZIER_KNOTS.);
#11914 = CARTESIAN_POINT('',(3.001,-1.936023346829,5.66123846266));
#11915 = CARTESIAN_POINT('',(3.001,-1.999646776818,5.66123846266));
#11916 = CARTESIAN_POINT('',(3.001,-2.058932256327,5.640994642617));
#11917 = CARTESIAN_POINT('',(3.001,-2.109541807298,5.604844961628));
#11918 = ORIENTED_EDGE('',*,*,#11919,.T.);
#11919 = EDGE_CURVE('',#11911,#11920,#11922,.T.);
#11920 = VERTEX_POINT('',#11921);
#11921 = CARTESIAN_POINT('',(3.001,-2.173165237286,5.541221524744));
#11922 = B_SPLINE_CURVE_WITH_KNOTS('',3,(#11923,#11924,#11925,#11926),
  .UNSPECIFIED.,.F.,.F.,(4,4),(3.,4.),.PIECEWISE_BEZIER_KNOTS.);
#11923 = CARTESIAN_POINT('',(3.001,-2.109541807298,5.604844961628));
#11924 = CARTESIAN_POINT('',(3.001,-2.134123600229,5.587493111444));
#11925 = CARTESIAN_POINT('',(3.001,-2.154367415101,5.565803303886));
#11926 = CARTESIAN_POINT('',(3.001,-2.173165237286,5.541221524744));
#11927 = ORIENTED_EDGE('',*,*,#11928,.T.);
#11928 = EDGE_CURVE('',#11920,#11929,#11931,.T.);
#11929 = VERTEX_POINT('',#11930);
#11930 = CARTESIAN_POINT('',(3.001,-2.206422931178,5.544113496327));
#11931 = B_SPLINE_CURVE_WITH_KNOTS('',3,(#11932,#11933,#11934,#11935),
  .UNSPECIFIED.,.F.,.F.,(4,4),(4.,5.),.PIECEWISE_BEZIER_KNOTS.);
#11932 = CARTESIAN_POINT('',(3.001,-2.173165237286,5.541221524744));
#11933 = CARTESIAN_POINT('',(3.001,-2.184733123619,5.542667517431));
#11934 = CARTESIAN_POINT('',(3.001,-2.194855044845,5.544113496327));
#11935 = CARTESIAN_POINT('',(3.001,-2.206422931178,5.544113496327));
#11936 = ORIENTED_EDGE('',*,*,#11937,.T.);
#11937 = EDGE_CURVE('',#11929,#11938,#11940,.T.);
#11938 = VERTEX_POINT('',#11939);
#11939 = CARTESIAN_POINT('',(3.001,-2.372711455793,5.474706109382));
#11940 = B_SPLINE_CURVE_WITH_KNOTS('',3,(#11941,#11942,#11943,#11944),
  .UNSPECIFIED.,.F.,.F.,(4,4),(5.,6.),.PIECEWISE_BEZIER_KNOTS.);
#11941 = CARTESIAN_POINT('',(3.001,-2.206422931178,5.544113496327));
#11942 = CARTESIAN_POINT('',(3.001,-2.26860038227,5.544113496327));
#11943 = CARTESIAN_POINT('',(3.001,-2.32788584799,5.519531717187));
#11944 = CARTESIAN_POINT('',(3.001,-2.372711455793,5.474706109382));
#11945 = ORIENTED_EDGE('',*,*,#11946,.T.);
#11946 = EDGE_CURVE('',#11938,#11947,#11949,.T.);
#11947 = VERTEX_POINT('',#11948);
#11948 = CARTESIAN_POINT('',(3.001,-2.440672891422,5.309863591243));
#11949 = B_SPLINE_CURVE_WITH_KNOTS('',3,(#11950,#11951,#11952,#11953),
  .UNSPECIFIED.,.F.,.F.,(4,4),(6.,7.),.PIECEWISE_BEZIER_KNOTS.);
#11950 = CARTESIAN_POINT('',(3.001,-2.372711455793,5.474706109382));
#11951 = CARTESIAN_POINT('',(3.001,-2.416091108833,5.431326508054));
#11952 = CARTESIAN_POINT('',(3.001,-2.440672891422,5.372041028544));
#11953 = CARTESIAN_POINT('',(3.001,-2.440672891422,5.309863591243));
#11954 = ORIENTED_EDGE('',*,*,#11955,.T.);
#11955 = EDGE_CURVE('',#11947,#11956,#11958,.T.);
#11956 = VERTEX_POINT('',#11957);
#11957 = CARTESIAN_POINT('',(3.001,-2.379941433016,5.152251022746));
#11958 = B_SPLINE_CURVE_WITH_KNOTS('',3,(#11959,#11960,#11961,#11962),
  .UNSPECIFIED.,.F.,.F.,(4,4),(7.,8.),.PIECEWISE_BEZIER_KNOTS.);
#11959 = CARTESIAN_POINT('',(3.001,-2.440672891422,5.309863591243));
#11960 = CARTESIAN_POINT('',(3.001,-2.440672891422,5.252024104419));
#11961 = CARTESIAN_POINT('',(3.001,-2.418983083865,5.195630582703));
#11962 = CARTESIAN_POINT('',(3.001,-2.379941433016,5.152251022746));
#11963 = ORIENTED_EDGE('',*,*,#11964,.T.);
#11964 = EDGE_CURVE('',#11956,#11965,#11967,.T.);
#11965 = VERTEX_POINT('',#11966);
#11966 = CARTESIAN_POINT('',(3.001,-2.264262459371,5.08284364959));
#11967 = B_SPLINE_CURVE_WITH_KNOTS('',3,(#11968,#11969,#11970,#11971),
  .UNSPECIFIED.,.F.,.F.,(4,4),(8.,9.),.PIECEWISE_BEZIER_KNOTS.);
#11968 = CARTESIAN_POINT('',(3.001,-2.379941433016,5.152251022746));
#11969 = CARTESIAN_POINT('',(3.001,-2.348129718022,5.117547308587));
#11970 = CARTESIAN_POINT('',(3.001,-2.309088053384,5.094411535923));
#11971 = CARTESIAN_POINT('',(3.001,-2.264262459371,5.08284364959));
#11972 = ORIENTED_EDGE('',*,*,#11973,.T.);
#11973 = EDGE_CURVE('',#11965,#11974,#11976,.T.);
#11974 = VERTEX_POINT('',#11975);
#11975 = CARTESIAN_POINT('',(3.001,-2.126893664376,4.984516533023));
#11976 = B_SPLINE_CURVE_WITH_KNOTS('',3,(#11977,#11978,#11979,#11980),
  .UNSPECIFIED.,.F.,.F.,(4,4),(9.,10.),.PIECEWISE_BEZIER_KNOTS.);
#11977 = CARTESIAN_POINT('',(3.001,-2.264262459371,5.08284364959));
#11978 = CARTESIAN_POINT('',(3.001,-2.245464623396,5.025004162767));
#11979 = CARTESIAN_POINT('',(3.001,-2.190517121946,4.984516533023));
#11980 = CARTESIAN_POINT('',(3.001,-2.126893664376,4.984516533023));
#11981 = ORIENTED_EDGE('',*,*,#11982,.T.);
#11982 = EDGE_CURVE('',#11974,#11983,#11985,.T.);
#11983 = VERTEX_POINT('',#11984);
#11984 = CARTESIAN_POINT('',(3.001,-1.982294947318,5.12911525008));
#11985 = B_SPLINE_CURVE_WITH_KNOTS('',3,(#11986,#11987,#11988,#11989),
  .UNSPECIFIED.,.F.,.F.,(4,4),(10.,11.),.PIECEWISE_BEZIER_KNOTS.);
#11986 = CARTESIAN_POINT('',(3.001,-2.126893664376,4.984516533023));
#11987 = CARTESIAN_POINT('',(3.001,-2.047364369995,4.984516533023));
#11988 = CARTESIAN_POINT('',(3.001,-1.982294947318,5.049585955698));
#11989 = CARTESIAN_POINT('',(3.001,-1.982294947318,5.12911525008));
#11990 = ORIENTED_EDGE('',*,*,#11991,.T.);
#11991 = EDGE_CURVE('',#11983,#11992,#11994,.T.);
#11992 = VERTEX_POINT('',#11993);
#11993 = CARTESIAN_POINT('',(3.001,-1.982294947318,5.143575121787));
#11994 = B_SPLINE_CURVE_WITH_KNOTS('',3,(#11995,#11996,#11997,#11998),
  .UNSPECIFIED.,.F.,.F.,(4,4),(11.,12.),.PIECEWISE_BEZIER_KNOTS.);
#11995 = CARTESIAN_POINT('',(3.001,-1.982294947318,5.12911525008));
#11996 = CARTESIAN_POINT('',(3.001,-1.982294947318,5.13345320056));
#11997 = CARTESIAN_POINT('',(3.001,-1.982294947318,5.13779115104));
#11998 = CARTESIAN_POINT('',(3.001,-1.982294947318,5.143575121787));
#11999 = ORIENTED_EDGE('',*,*,#12000,.T.);
#12000 = EDGE_CURVE('',#11992,#12001,#12003,.T.);
#12001 = VERTEX_POINT('',#12002);
#12002 = CARTESIAN_POINT('',(3.001,-1.779856743438,5.250578166893));
#12003 = LINE('',#12004,#12005);
#12004 = CARTESIAN_POINT('',(3.001,-1.982294947318,5.143575121787));
#12005 = VECTOR('',#12006,1.);
#12006 = DIRECTION('',(0.,0.884094950248,0.467307306755));
#12007 = ORIENTED_EDGE('',*,*,#12008,.T.);
#12008 = EDGE_CURVE('',#12001,#12009,#12011,.T.);
#12009 = VERTEX_POINT('',#12010);
#12010 = CARTESIAN_POINT('',(3.001,-1.824682323662,5.327215503481));
#12011 = LINE('',#12012,#12013);
#12012 = CARTESIAN_POINT('',(3.001,-1.779856743438,5.250578166893));
#12013 = VECTOR('',#12014,1.);
#12014 = DIRECTION('',(0.,-0.50488304865,0.863187758941));
#12015 = ORIENTED_EDGE('',*,*,#12016,.T.);
#12016 = EDGE_CURVE('',#12009,#12017,#12019,.T.);
#12017 = VERTEX_POINT('',#12018);
#12018 = CARTESIAN_POINT('',(3.001,-2.018444599003,5.225996401541));
#12019 = LINE('',#12020,#12021);
#12020 = CARTESIAN_POINT('',(3.001,-1.824682323662,5.327215503481));
#12021 = VECTOR('',#12022,1.);
#12022 = DIRECTION('',(0.,-0.886348842796,-0.463018065387));
#12023 = ORIENTED_EDGE('',*,*,#12024,.T.);
#12024 = EDGE_CURVE('',#12017,#12025,#12027,.T.);
#12025 = VERTEX_POINT('',#12026);
#12026 = CARTESIAN_POINT('',(3.001,-2.126893636796,5.275159959825));
#12027 = B_SPLINE_CURVE_WITH_KNOTS('',3,(#12028,#12029,#12030,#12031),
  .UNSPECIFIED.,.F.,.F.,(4,4),(15.,16.),.PIECEWISE_BEZIER_KNOTS.);
#12028 = CARTESIAN_POINT('',(3.001,-2.018444599003,5.225996401541));
#12029 = CARTESIAN_POINT('',(3.001,-2.044472357042,5.256362137639));
#12030 = CARTESIAN_POINT('',(3.001,-2.083514021679,5.275159959825));
#12031 = CARTESIAN_POINT('',(3.001,-2.126893636796,5.275159959825));
#12032 = ORIENTED_EDGE('',*,*,#12033,.T.);
#12033 = EDGE_CURVE('',#12025,#12034,#12036,.T.);
#12034 = VERTEX_POINT('',#12035);
#12035 = CARTESIAN_POINT('',(3.001,-2.262816425314,5.179724801051));
#12036 = B_SPLINE_CURVE_WITH_KNOTS('',3,(#12037,#12038,#12039,#12040),
  .UNSPECIFIED.,.F.,.F.,(4,4),(16.,17.),.PIECEWISE_BEZIER_KNOTS.);
#12037 = CARTESIAN_POINT('',(3.001,-2.126893636796,5.275159959825));
#12038 = CARTESIAN_POINT('',(3.001,-2.189071101679,5.275159959825));
#12039 = CARTESIAN_POINT('',(3.001,-2.242572610442,5.234672330081));
#12040 = CARTESIAN_POINT('',(3.001,-2.262816425314,5.179724801051));
#12041 = ORIENTED_EDGE('',*,*,#12042,.T.);
#12042 = EDGE_CURVE('',#12034,#12043,#12045,.T.);
#12043 = VERTEX_POINT('',#12044);
#12044 = CARTESIAN_POINT('',(3.001,-2.349575655548,5.312755631776));
#12045 = B_SPLINE_CURVE_WITH_KNOTS('',3,(#12046,#12047,#12048,#12049),
  .UNSPECIFIED.,.F.,.F.,(4,4),(17.,18.),.PIECEWISE_BEZIER_KNOTS.);
#12046 = CARTESIAN_POINT('',(3.001,-2.262816425314,5.179724801051));
#12047 = CARTESIAN_POINT('',(3.001,-2.313425976284,5.202860601296));
#12048 = CARTESIAN_POINT('',(3.001,-2.349575655548,5.253470152265));
#12049 = CARTESIAN_POINT('',(3.001,-2.349575655548,5.312755631776));
#12050 = ORIENTED_EDGE('',*,*,#12051,.T.);
#12051 = EDGE_CURVE('',#12043,#12052,#12054,.T.);
#12052 = VERTEX_POINT('',#12053);
#12053 = CARTESIAN_POINT('',(3.001,-2.204976938492,5.457354348833));
#12054 = B_SPLINE_CURVE_WITH_KNOTS('',3,(#12055,#12056,#12057,#12058),
  .UNSPECIFIED.,.F.,.F.,(4,4),(18.,19.),.PIECEWISE_BEZIER_KNOTS.);
#12055 = CARTESIAN_POINT('',(3.001,-2.349575655548,5.312755631776));
#12056 = CARTESIAN_POINT('',(3.001,-2.349575655549,5.392284926157));
#12057 = CARTESIAN_POINT('',(3.001,-2.284506232873,5.457354348833));
#12058 = CARTESIAN_POINT('',(3.001,-2.204976938492,5.457354348833));
#12059 = ORIENTED_EDGE('',*,*,#12060,.T.);
#12060 = EDGE_CURVE('',#12052,#12061,#12063,.T.);
#12061 = VERTEX_POINT('',#12062);
#12062 = CARTESIAN_POINT('',(3.001,-2.128339629483,5.435664541273));
#12063 = B_SPLINE_CURVE_WITH_KNOTS('',3,(#12064,#12065,#12066,#12067),
  .UNSPECIFIED.,.F.,.F.,(4,4),(19.,20.),.PIECEWISE_BEZIER_KNOTS.);
#12064 = CARTESIAN_POINT('',(3.001,-2.204976938492,5.457354348833));
#12065 = CARTESIAN_POINT('',(3.001,-2.177503187766,5.457354348833));
#12066 = CARTESIAN_POINT('',(3.001,-2.150029437041,5.448678420294));
#12067 = CARTESIAN_POINT('',(3.001,-2.128339629483,5.435664541273));
#12068 = ORIENTED_EDGE('',*,*,#12069,.T.);
#12069 = EDGE_CURVE('',#12061,#12070,#12072,.T.);
#12070 = VERTEX_POINT('',#12071);
#12071 = CARTESIAN_POINT('',(3.001,-1.934577381722,5.574479232425));
#12072 = B_SPLINE_CURVE_WITH_KNOTS('',3,(#12073,#12074,#12075,#12076),
  .UNSPECIFIED.,.F.,.F.,(4,4),(20.,21.),.PIECEWISE_BEZIER_KNOTS.);
#12073 = CARTESIAN_POINT('',(3.001,-2.128339629483,5.435664541273));
#12074 = CARTESIAN_POINT('',(3.001,-2.100865906338,5.516639745603));
#12075 = CARTESIAN_POINT('',(3.001,-2.025674562436,5.574479232425));
#12076 = CARTESIAN_POINT('',(3.001,-1.934577381722,5.574479232425));
#12077 = ORIENTED_EDGE('',*,*,#12078,.T.);
#12078 = EDGE_CURVE('',#12070,#12079,#12081,.T.);
#12079 = VERTEX_POINT('',#12080);
#12080 = CARTESIAN_POINT('',(3.001,-1.732139177842,5.393730836104));
#12081 = B_SPLINE_CURVE_WITH_KNOTS('',3,(#12082,#12083,#12084,#12085),
  .UNSPECIFIED.,.F.,.F.,(4,4),(21.,22.),.PIECEWISE_BEZIER_KNOTS.);
#12082 = CARTESIAN_POINT('',(3.001,-1.934577381722,5.574479232425));
#12083 = CARTESIAN_POINT('',(3.001,-1.830466294408,5.574479232425));
#12084 = CARTESIAN_POINT('',(3.001,-1.743707064174,5.494949938043));
#12085 = CARTESIAN_POINT('',(3.001,-1.732139177842,5.393730836104));
#12086 = ORIENTED_EDGE('',*,*,#12087,.T.);
#12087 = EDGE_CURVE('',#12079,#12088,#12090,.T.);
#12088 = VERTEX_POINT('',#12089);
#12089 = CARTESIAN_POINT('',(3.001,-1.720571291509,5.393730836104));
#12090 = B_SPLINE_CURVE_WITH_KNOTS('',3,(#12091,#12092,#12093,#12094),
  .UNSPECIFIED.,.F.,.F.,(4,4),(22.,23.),.PIECEWISE_BEZIER_KNOTS.);
#12091 = CARTESIAN_POINT('',(3.001,-1.732139177842,5.393730836104));
#12092 = CARTESIAN_POINT('',(3.001,-1.727801227362,5.393730836104));
#12093 = CARTESIAN_POINT('',(3.001,-1.724909241989,5.393730836104));
#12094 = CARTESIAN_POINT('',(3.001,-1.720571291509,5.393730836104));
#12095 = ORIENTED_EDGE('',*,*,#12096,.T.);
#12096 = EDGE_CURVE('',#12088,#12097,#12099,.T.);
#12097 = VERTEX_POINT('',#12098);
#12098 = CARTESIAN_POINT('',(3.001,-1.607784303236,5.280943847831));
#12099 = B_SPLINE_CURVE_WITH_KNOTS('',3,(#12100,#12101,#12102,#12103),
  .UNSPECIFIED.,.F.,.F.,(4,4),(23.,24.),.PIECEWISE_BEZIER_KNOTS.);
#12100 = CARTESIAN_POINT('',(3.001,-1.720571291509,5.393730836104));
#12101 = CARTESIAN_POINT('',(3.001,-1.658393854206,5.393730836104));
#12102 = CARTESIAN_POINT('',(3.001,-1.607784303236,5.343121285134));
#12103 = CARTESIAN_POINT('',(3.001,-1.607784303236,5.280943847831));
#12104 = ORIENTED_EDGE('',*,*,#12105,.T.);
#12105 = EDGE_CURVE('',#12097,#12106,#12108,.T.);
#12106 = VERTEX_POINT('',#12107);
#12107 = CARTESIAN_POINT('',(3.001,-1.711895390549,5.168156859559));
#12108 = B_SPLINE_CURVE_WITH_KNOTS('',3,(#12109,#12110,#12111,#12112),
  .UNSPECIFIED.,.F.,.F.,(4,4),(24.,25.),.PIECEWISE_BEZIER_KNOTS.);
#12109 = CARTESIAN_POINT('',(3.001,-1.607784303236,5.280943847831));
#12110 = CARTESIAN_POINT('',(3.001,-1.607784303236,5.221658368321));
#12111 = CARTESIAN_POINT('',(3.001,-1.65260988346,5.172494810039));
#12112 = CARTESIAN_POINT('',(3.001,-1.711895390549,5.168156859559));
#12113 = ORIENTED_EDGE('',*,*,#12114,.T.);
#12114 = EDGE_CURVE('',#12106,#12115,#12117,.T.);
#12115 = VERTEX_POINT('',#12116);
#12116 = CARTESIAN_POINT('',(3.001,-1.776964813225,5.168156859559));
#12117 = LINE('',#12118,#12119);
#12118 = CARTESIAN_POINT('',(3.001,-1.711895390549,5.168156859559));
#12119 = VECTOR('',#12120,1.);
#12120 = DIRECTION('',(0.,-1.,0.));
#12121 = ORIENTED_EDGE('',*,*,#12122,.T.);
#12122 = EDGE_CURVE('',#12115,#12123,#12125,.T.);
#12123 = VERTEX_POINT('',#12124);
#12124 = CARTESIAN_POINT('',(3.001,-1.785640714185,5.169602824665));
#12125 = B_SPLINE_CURVE_WITH_KNOTS('',3,(#12126,#12127,#12128,#12129),
  .UNSPECIFIED.,.F.,.F.,(4,4),(26.,27.),.PIECEWISE_BEZIER_KNOTS.);
#12126 = CARTESIAN_POINT('',(3.001,-1.776964813225,5.168156859559));
#12127 = CARTESIAN_POINT('',(3.001,-1.779856798598,5.168156859559));
#12128 = CARTESIAN_POINT('',(3.001,-1.782748783971,5.169602824665));
#12129 = CARTESIAN_POINT('',(3.001,-1.785640714185,5.169602824665));
#12130 = ORIENTED_EDGE('',*,*,#12131,.T.);
#12131 = EDGE_CURVE('',#12123,#12132,#12134,.T.);
#12132 = VERTEX_POINT('',#12133);
#12133 = CARTESIAN_POINT('',(3.001,-1.830466294408,5.124777244441));
#12134 = B_SPLINE_CURVE_WITH_KNOTS('',3,(#12135,#12136,#12137,#12138),
  .UNSPECIFIED.,.F.,.F.,(4,4),(27.,28.),.PIECEWISE_BEZIER_KNOTS.);
#12135 = CARTESIAN_POINT('',(3.001,-1.785640714185,5.169602824665));
#12136 = CARTESIAN_POINT('',(3.001,-1.810222507116,5.169602824665));
#12137 = CARTESIAN_POINT('',(3.001,-1.830466294408,5.149358982213));
#12138 = CARTESIAN_POINT('',(3.001,-1.830466294408,5.124777244441));
#12139 = ORIENTED_EDGE('',*,*,#12140,.T.);
#12140 = EDGE_CURVE('',#12132,#12141,#12143,.T.);
#12141 = VERTEX_POINT('',#12142);
#12142 = CARTESIAN_POINT('',(3.001,-1.788532644398,5.079951664217));
#12143 = B_SPLINE_CURVE_WITH_KNOTS('',3,(#12144,#12145,#12146,#12147),
  .UNSPECIFIED.,.F.,.F.,(4,4),(28.,29.),.PIECEWISE_BEZIER_KNOTS.);
#12144 = CARTESIAN_POINT('',(3.001,-1.830466294408,5.124777244441));
#12145 = CARTESIAN_POINT('',(3.001,-1.830466294408,5.101641471776));
#12146 = CARTESIAN_POINT('',(3.001,-1.811668472223,5.081397629323));
#12147 = CARTESIAN_POINT('',(3.001,-1.788532644398,5.079951664217));
#12148 = ORIENTED_EDGE('',*,*,#12149,.T.);
#12149 = EDGE_CURVE('',#12141,#12150,#12152,.T.);
#12150 = VERTEX_POINT('',#12151);
#12151 = CARTESIAN_POINT('',(3.001,-1.70321943443,5.079951664217));
#12152 = LINE('',#12153,#12154);
#12153 = CARTESIAN_POINT('',(3.001,-1.788532644398,5.079951664217));
#12154 = VECTOR('',#12155,1.);
#12155 = DIRECTION('',(0.,1.,1.131774783348E-14));
#12156 = ORIENTED_EDGE('',*,*,#12157,.T.);
#12157 = EDGE_CURVE('',#12150,#12158,#12160,.T.);
#12158 = VERTEX_POINT('',#12159);
#12159 = CARTESIAN_POINT('',(3.001,-1.571634623972,5.145021086893));
#12160 = B_SPLINE_CURVE_WITH_KNOTS('',3,(#12161,#12162,#12163,#12164),
  .UNSPECIFIED.,.F.,.F.,(4,4),(33.,34.),.PIECEWISE_BEZIER_KNOTS.);
#12161 = CARTESIAN_POINT('',(3.001,-1.70321943443,5.079951664217));
#12162 = CARTESIAN_POINT('',(3.001,-1.65260988346,5.084289614697));
#12163 = CARTESIAN_POINT('',(3.001,-1.606338282969,5.107425442522));
#12164 = CARTESIAN_POINT('',(3.001,-1.571634623972,5.145021086893));
#12165 = ORIENTED_EDGE('',*,*,#12166,.T.);
#12166 = EDGE_CURVE('',#12158,#11882,#12167,.T.);
#12167 = B_SPLINE_CURVE_WITH_KNOTS('',3,(#12168,#12169,#12170,#12171),
  .UNSPECIFIED.,.F.,.F.,(4,4),(34.,35.),.PIECEWISE_BEZIER_KNOTS.);
#12168 = CARTESIAN_POINT('',(3.001,-1.571634623972,5.145021086893));
#12169 = CARTESIAN_POINT('',(3.001,-1.536930909814,5.182616731264));
#12170 = CARTESIAN_POINT('',(3.001,-1.518133087629,5.231780317128));
#12171 = CARTESIAN_POINT('',(3.001,-1.518133087629,5.282389868097));
#12172 = FACE_BOUND('',#12173,.T.);
#12173 = EDGE_LOOP('',(#12174,#12188));
#12174 = ORIENTED_EDGE('',*,*,#12175,.F.);
#12175 = EDGE_CURVE('',#12176,#12178,#12180,.T.);
#12176 = VERTEX_POINT('',#12177);
#12177 = CARTESIAN_POINT('',(3.001,-2.128339657063,5.071275652938));
#12178 = VERTEX_POINT('',#12179);
#12179 = CARTESIAN_POINT('',(3.001,-2.128339657063,5.18406269637));
#12180 = B_SPLINE_CURVE_WITH_KNOTS('',3,(#12181,#12182,#12183,#12184,
    #12185,#12186,#12187),.UNSPECIFIED.,.F.,.F.,(4,3,4),(0.,1.,2.),
  .PIECEWISE_BEZIER_KNOTS.);
#12181 = CARTESIAN_POINT('',(3.001,-2.128339657063,5.071275652938));
#12182 = CARTESIAN_POINT('',(3.001,-2.096527955859,5.071275652938));
#12183 = CARTESIAN_POINT('',(3.001,-2.071946162927,5.097303466136));
#12184 = CARTESIAN_POINT('',(3.001,-2.071946162927,5.127669174654));
#12185 = CARTESIAN_POINT('',(3.001,-2.071946162927,5.159480903438));
#12186 = CARTESIAN_POINT('',(3.001,-2.097973920965,5.18406269637));
#12187 = CARTESIAN_POINT('',(3.001,-2.128339657063,5.18406269637));
#12188 = ORIENTED_EDGE('',*,*,#12189,.F.);
#12189 = EDGE_CURVE('',#12178,#12176,#12190,.T.);
#12190 = B_SPLINE_CURVE_WITH_KNOTS('',3,(#12191,#12192,#12193,#12194,
    #12195,#12196),.UNSPECIFIED.,.F.,.F.,(4,2,4),(2.,3.,4.),
  .UNSPECIFIED.);
#12191 = CARTESIAN_POINT('',(3.001,-2.128339657063,5.18406269637));
#12192 = CARTESIAN_POINT('',(3.001,-2.15870539316,5.18406269637));
#12193 = CARTESIAN_POINT('',(3.001,-2.184733151199,5.159480903438));
#12194 = CARTESIAN_POINT('',(3.001,-2.184733151199,5.095857445869));
#12195 = CARTESIAN_POINT('',(3.001,-2.15870539316,5.071275652938));
#12196 = CARTESIAN_POINT('',(3.001,-2.128339657063,5.071275652938));
#12197 = PLANE('',#12198);
#12198 = AXIS2_PLACEMENT_3D('',#12199,#12200,#12201);
#12199 = CARTESIAN_POINT('',(3.001,-1.559343713716,5.399876284336));
#12200 = DIRECTION('',(-1.,0.,0.));
#12201 = DIRECTION('',(0.,0.,1.));
#12202 = ADVANCED_FACE('',(#12203,#12497),#12522,.T.);
#12203 = FACE_BOUND('',#12204,.T.);
#12204 = EDGE_LOOP('',(#12205,#12216,#12225,#12234,#12242,#12251,#12260,
    #12269,#12277,#12286,#12295,#12304,#12313,#12322,#12331,#12340,
    #12349,#12358,#12367,#12375,#12383,#12391,#12400,#12409,#12418,
    #12427,#12436,#12445,#12454,#12463,#12472,#12481,#12490));
#12205 = ORIENTED_EDGE('',*,*,#12206,.F.);
#12206 = EDGE_CURVE('',#12207,#12209,#12211,.T.);
#12207 = VERTEX_POINT('',#12208);
#12208 = CARTESIAN_POINT('',(3.,-1.518133087629,5.282389868097));
#12209 = VERTEX_POINT('',#12210);
#12210 = CARTESIAN_POINT('',(3.,-1.661285784419,5.471814137799));
#12211 = B_SPLINE_CURVE_WITH_KNOTS('',3,(#12212,#12213,#12214,#12215),
  .UNSPECIFIED.,.F.,.F.,(4,4),(35.,36.),.PIECEWISE_BEZIER_KNOTS.);
#12212 = CARTESIAN_POINT('',(3.,-1.518133087629,5.282389868097));
#12213 = CARTESIAN_POINT('',(3.,-1.519579052736,5.369149043172));
#12214 = CARTESIAN_POINT('',(3.,-1.578864559825,5.44578637976));
#12215 = CARTESIAN_POINT('',(3.,-1.661285784419,5.471814137799));
#12216 = ORIENTED_EDGE('',*,*,#12217,.F.);
#12217 = EDGE_CURVE('',#12218,#12207,#12220,.T.);
#12218 = VERTEX_POINT('',#12219);
#12219 = CARTESIAN_POINT('',(3.,-1.571634623972,5.145021086893));
#12220 = B_SPLINE_CURVE_WITH_KNOTS('',3,(#12221,#12222,#12223,#12224),
  .UNSPECIFIED.,.F.,.F.,(4,4),(34.,35.),.PIECEWISE_BEZIER_KNOTS.);
#12221 = CARTESIAN_POINT('',(3.,-1.571634623972,5.145021086893));
#12222 = CARTESIAN_POINT('',(3.,-1.536930909814,5.182616731264));
#12223 = CARTESIAN_POINT('',(3.,-1.518133087629,5.231780317128));
#12224 = CARTESIAN_POINT('',(3.,-1.518133087629,5.282389868097));
#12225 = ORIENTED_EDGE('',*,*,#12226,.F.);
#12226 = EDGE_CURVE('',#12227,#12218,#12229,.T.);
#12227 = VERTEX_POINT('',#12228);
#12228 = CARTESIAN_POINT('',(3.,-1.70321943443,5.079951664217));
#12229 = B_SPLINE_CURVE_WITH_KNOTS('',3,(#12230,#12231,#12232,#12233),
  .UNSPECIFIED.,.F.,.F.,(4,4),(33.,34.),.PIECEWISE_BEZIER_KNOTS.);
#12230 = CARTESIAN_POINT('',(3.,-1.70321943443,5.079951664217));
#12231 = CARTESIAN_POINT('',(3.,-1.65260988346,5.084289614697));
#12232 = CARTESIAN_POINT('',(3.,-1.606338282969,5.107425442522));
#12233 = CARTESIAN_POINT('',(3.,-1.571634623972,5.145021086893));
#12234 = ORIENTED_EDGE('',*,*,#12235,.F.);
#12235 = EDGE_CURVE('',#12236,#12227,#12238,.T.);
#12236 = VERTEX_POINT('',#12237);
#12237 = CARTESIAN_POINT('',(3.,-1.788532644398,5.079951664217));
#12238 = LINE('',#12239,#12240);
#12239 = CARTESIAN_POINT('',(3.,-1.70755738491,5.079951664217));
#12240 = VECTOR('',#12241,1.);
#12241 = DIRECTION('',(0.,1.,0.));
#12242 = ORIENTED_EDGE('',*,*,#12243,.F.);
#12243 = EDGE_CURVE('',#12244,#12236,#12246,.T.);
#12244 = VERTEX_POINT('',#12245);
#12245 = CARTESIAN_POINT('',(3.,-1.830466294408,5.124777244441));
#12246 = B_SPLINE_CURVE_WITH_KNOTS('',3,(#12247,#12248,#12249,#12250),
  .UNSPECIFIED.,.F.,.F.,(4,4),(28.,29.),.PIECEWISE_BEZIER_KNOTS.);
#12247 = CARTESIAN_POINT('',(3.,-1.830466294408,5.124777244441));
#12248 = CARTESIAN_POINT('',(3.,-1.830466294408,5.101641471776));
#12249 = CARTESIAN_POINT('',(3.,-1.811668472223,5.081397629323));
#12250 = CARTESIAN_POINT('',(3.,-1.788532644398,5.079951664217));
#12251 = ORIENTED_EDGE('',*,*,#12252,.F.);
#12252 = EDGE_CURVE('',#12253,#12244,#12255,.T.);
#12253 = VERTEX_POINT('',#12254);
#12254 = CARTESIAN_POINT('',(3.,-1.785640714185,5.169602824665));
#12255 = B_SPLINE_CURVE_WITH_KNOTS('',3,(#12256,#12257,#12258,#12259),
  .UNSPECIFIED.,.F.,.F.,(4,4),(27.,28.),.PIECEWISE_BEZIER_KNOTS.);
#12256 = CARTESIAN_POINT('',(3.,-1.785640714185,5.169602824665));
#12257 = CARTESIAN_POINT('',(3.,-1.810222507116,5.169602824665));
#12258 = CARTESIAN_POINT('',(3.,-1.830466294408,5.149358982213));
#12259 = CARTESIAN_POINT('',(3.,-1.830466294408,5.124777244441));
#12260 = ORIENTED_EDGE('',*,*,#12261,.F.);
#12261 = EDGE_CURVE('',#12262,#12253,#12264,.T.);
#12262 = VERTEX_POINT('',#12263);
#12263 = CARTESIAN_POINT('',(3.,-1.776964813225,5.168156859559));
#12264 = B_SPLINE_CURVE_WITH_KNOTS('',3,(#12265,#12266,#12267,#12268),
  .UNSPECIFIED.,.F.,.F.,(4,4),(26.,27.),.PIECEWISE_BEZIER_KNOTS.);
#12265 = CARTESIAN_POINT('',(3.,-1.776964813225,5.168156859559));
#12266 = CARTESIAN_POINT('',(3.,-1.779856798598,5.168156859559));
#12267 = CARTESIAN_POINT('',(3.,-1.782748783971,5.169602824665));
#12268 = CARTESIAN_POINT('',(3.,-1.785640714185,5.169602824665));
#12269 = ORIENTED_EDGE('',*,*,#12270,.F.);
#12270 = EDGE_CURVE('',#12271,#12262,#12273,.T.);
#12271 = VERTEX_POINT('',#12272);
#12272 = CARTESIAN_POINT('',(3.,-1.711895390549,5.168156859559));
#12273 = LINE('',#12274,#12275);
#12274 = CARTESIAN_POINT('',(3.,-1.711895390549,5.168156859559));
#12275 = VECTOR('',#12276,1.);
#12276 = DIRECTION('',(0.,-1.,0.));
#12277 = ORIENTED_EDGE('',*,*,#12278,.F.);
#12278 = EDGE_CURVE('',#12279,#12271,#12281,.T.);
#12279 = VERTEX_POINT('',#12280);
#12280 = CARTESIAN_POINT('',(3.,-1.607784303236,5.280943847831));
#12281 = B_SPLINE_CURVE_WITH_KNOTS('',3,(#12282,#12283,#12284,#12285),
  .UNSPECIFIED.,.F.,.F.,(4,4),(24.,25.),.PIECEWISE_BEZIER_KNOTS.);
#12282 = CARTESIAN_POINT('',(3.,-1.607784303236,5.280943847831));
#12283 = CARTESIAN_POINT('',(3.,-1.607784303236,5.221658368321));
#12284 = CARTESIAN_POINT('',(3.,-1.65260988346,5.172494810039));
#12285 = CARTESIAN_POINT('',(3.,-1.711895390549,5.168156859559));
#12286 = ORIENTED_EDGE('',*,*,#12287,.F.);
#12287 = EDGE_CURVE('',#12288,#12279,#12290,.T.);
#12288 = VERTEX_POINT('',#12289);
#12289 = CARTESIAN_POINT('',(3.,-1.720571291509,5.393730836104));
#12290 = B_SPLINE_CURVE_WITH_KNOTS('',3,(#12291,#12292,#12293,#12294),
  .UNSPECIFIED.,.F.,.F.,(4,4),(23.,24.),.PIECEWISE_BEZIER_KNOTS.);
#12291 = CARTESIAN_POINT('',(3.,-1.720571291509,5.393730836104));
#12292 = CARTESIAN_POINT('',(3.,-1.658393854206,5.393730836104));
#12293 = CARTESIAN_POINT('',(3.,-1.607784303236,5.343121285134));
#12294 = CARTESIAN_POINT('',(3.,-1.607784303236,5.280943847831));
#12295 = ORIENTED_EDGE('',*,*,#12296,.F.);
#12296 = EDGE_CURVE('',#12297,#12288,#12299,.T.);
#12297 = VERTEX_POINT('',#12298);
#12298 = CARTESIAN_POINT('',(3.,-1.732139177842,5.393730836104));
#12299 = B_SPLINE_CURVE_WITH_KNOTS('',3,(#12300,#12301,#12302,#12303),
  .UNSPECIFIED.,.F.,.F.,(4,4),(22.,23.),.PIECEWISE_BEZIER_KNOTS.);
#12300 = CARTESIAN_POINT('',(3.,-1.732139177842,5.393730836104));
#12301 = CARTESIAN_POINT('',(3.,-1.727801227362,5.393730836104));
#12302 = CARTESIAN_POINT('',(3.,-1.724909241989,5.393730836104));
#12303 = CARTESIAN_POINT('',(3.,-1.720571291509,5.393730836104));
#12304 = ORIENTED_EDGE('',*,*,#12305,.F.);
#12305 = EDGE_CURVE('',#12306,#12297,#12308,.T.);
#12306 = VERTEX_POINT('',#12307);
#12307 = CARTESIAN_POINT('',(3.,-1.934577381722,5.574479232425));
#12308 = B_SPLINE_CURVE_WITH_KNOTS('',3,(#12309,#12310,#12311,#12312),
  .UNSPECIFIED.,.F.,.F.,(4,4),(21.,22.),.PIECEWISE_BEZIER_KNOTS.);
#12309 = CARTESIAN_POINT('',(3.,-1.934577381722,5.574479232425));
#12310 = CARTESIAN_POINT('',(3.,-1.830466294408,5.574479232425));
#12311 = CARTESIAN_POINT('',(3.,-1.743707064174,5.494949938043));
#12312 = CARTESIAN_POINT('',(3.,-1.732139177842,5.393730836104));
#12313 = ORIENTED_EDGE('',*,*,#12314,.F.);
#12314 = EDGE_CURVE('',#12315,#12306,#12317,.T.);
#12315 = VERTEX_POINT('',#12316);
#12316 = CARTESIAN_POINT('',(3.,-2.128339629483,5.435664541273));
#12317 = B_SPLINE_CURVE_WITH_KNOTS('',3,(#12318,#12319,#12320,#12321),
  .UNSPECIFIED.,.F.,.F.,(4,4),(20.,21.),.PIECEWISE_BEZIER_KNOTS.);
#12318 = CARTESIAN_POINT('',(3.,-2.128339629483,5.435664541273));
#12319 = CARTESIAN_POINT('',(3.,-2.100865906338,5.516639745603));
#12320 = CARTESIAN_POINT('',(3.,-2.025674562436,5.574479232425));
#12321 = CARTESIAN_POINT('',(3.,-1.934577381722,5.574479232425));
#12322 = ORIENTED_EDGE('',*,*,#12323,.F.);
#12323 = EDGE_CURVE('',#12324,#12315,#12326,.T.);
#12324 = VERTEX_POINT('',#12325);
#12325 = CARTESIAN_POINT('',(3.,-2.204976938492,5.457354348833));
#12326 = B_SPLINE_CURVE_WITH_KNOTS('',3,(#12327,#12328,#12329,#12330),
  .UNSPECIFIED.,.F.,.F.,(4,4),(19.,20.),.PIECEWISE_BEZIER_KNOTS.);
#12327 = CARTESIAN_POINT('',(3.,-2.204976938492,5.457354348833));
#12328 = CARTESIAN_POINT('',(3.,-2.177503187766,5.457354348833));
#12329 = CARTESIAN_POINT('',(3.,-2.150029437041,5.448678420294));
#12330 = CARTESIAN_POINT('',(3.,-2.128339629483,5.435664541273));
#12331 = ORIENTED_EDGE('',*,*,#12332,.F.);
#12332 = EDGE_CURVE('',#12333,#12324,#12335,.T.);
#12333 = VERTEX_POINT('',#12334);
#12334 = CARTESIAN_POINT('',(3.,-2.349575655548,5.312755631776));
#12335 = B_SPLINE_CURVE_WITH_KNOTS('',3,(#12336,#12337,#12338,#12339),
  .UNSPECIFIED.,.F.,.F.,(4,4),(18.,19.),.PIECEWISE_BEZIER_KNOTS.);
#12336 = CARTESIAN_POINT('',(3.,-2.349575655548,5.312755631776));
#12337 = CARTESIAN_POINT('',(3.,-2.349575655549,5.392284926157));
#12338 = CARTESIAN_POINT('',(3.,-2.284506232873,5.457354348833));
#12339 = CARTESIAN_POINT('',(3.,-2.204976938492,5.457354348833));
#12340 = ORIENTED_EDGE('',*,*,#12341,.F.);
#12341 = EDGE_CURVE('',#12342,#12333,#12344,.T.);
#12342 = VERTEX_POINT('',#12343);
#12343 = CARTESIAN_POINT('',(3.,-2.262816425314,5.179724801051));
#12344 = B_SPLINE_CURVE_WITH_KNOTS('',3,(#12345,#12346,#12347,#12348),
  .UNSPECIFIED.,.F.,.F.,(4,4),(17.,18.),.PIECEWISE_BEZIER_KNOTS.);
#12345 = CARTESIAN_POINT('',(3.,-2.262816425314,5.179724801051));
#12346 = CARTESIAN_POINT('',(3.,-2.313425976284,5.202860601296));
#12347 = CARTESIAN_POINT('',(3.,-2.349575655548,5.253470152265));
#12348 = CARTESIAN_POINT('',(3.,-2.349575655548,5.312755631776));
#12349 = ORIENTED_EDGE('',*,*,#12350,.F.);
#12350 = EDGE_CURVE('',#12351,#12342,#12353,.T.);
#12351 = VERTEX_POINT('',#12352);
#12352 = CARTESIAN_POINT('',(3.,-2.126893636796,5.275159959825));
#12353 = B_SPLINE_CURVE_WITH_KNOTS('',3,(#12354,#12355,#12356,#12357),
  .UNSPECIFIED.,.F.,.F.,(4,4),(16.,17.),.PIECEWISE_BEZIER_KNOTS.);
#12354 = CARTESIAN_POINT('',(3.,-2.126893636796,5.275159959825));
#12355 = CARTESIAN_POINT('',(3.,-2.189071101679,5.275159959825));
#12356 = CARTESIAN_POINT('',(3.,-2.242572610442,5.234672330081));
#12357 = CARTESIAN_POINT('',(3.,-2.262816425314,5.179724801051));
#12358 = ORIENTED_EDGE('',*,*,#12359,.F.);
#12359 = EDGE_CURVE('',#12360,#12351,#12362,.T.);
#12360 = VERTEX_POINT('',#12361);
#12361 = CARTESIAN_POINT('',(3.,-2.018444599003,5.225996401541));
#12362 = B_SPLINE_CURVE_WITH_KNOTS('',3,(#12363,#12364,#12365,#12366),
  .UNSPECIFIED.,.F.,.F.,(4,4),(15.,16.),.PIECEWISE_BEZIER_KNOTS.);
#12363 = CARTESIAN_POINT('',(3.,-2.018444599003,5.225996401541));
#12364 = CARTESIAN_POINT('',(3.,-2.044472357042,5.256362137639));
#12365 = CARTESIAN_POINT('',(3.,-2.083514021679,5.275159959825));
#12366 = CARTESIAN_POINT('',(3.,-2.126893636796,5.275159959825));
#12367 = ORIENTED_EDGE('',*,*,#12368,.F.);
#12368 = EDGE_CURVE('',#12369,#12360,#12371,.T.);
#12369 = VERTEX_POINT('',#12370);
#12370 = CARTESIAN_POINT('',(3.,-1.824682323662,5.327215503481));
#12371 = LINE('',#12372,#12373);
#12372 = CARTESIAN_POINT('',(3.,-1.824682323662,5.327215503481));
#12373 = VECTOR('',#12374,1.);
#12374 = DIRECTION('',(0.,-0.886348842796,-0.463018065387));
#12375 = ORIENTED_EDGE('',*,*,#12376,.F.);
#12376 = EDGE_CURVE('',#12377,#12369,#12379,.T.);
#12377 = VERTEX_POINT('',#12378);
#12378 = CARTESIAN_POINT('',(3.,-1.779856743438,5.250578166893));
#12379 = LINE('',#12380,#12381);
#12380 = CARTESIAN_POINT('',(3.,-1.779856743438,5.250578166893));
#12381 = VECTOR('',#12382,1.);
#12382 = DIRECTION('',(0.,-0.50488304865,0.863187758941));
#12383 = ORIENTED_EDGE('',*,*,#12384,.F.);
#12384 = EDGE_CURVE('',#12385,#12377,#12387,.T.);
#12385 = VERTEX_POINT('',#12386);
#12386 = CARTESIAN_POINT('',(3.,-1.982294947318,5.143575121787));
#12387 = LINE('',#12388,#12389);
#12388 = CARTESIAN_POINT('',(3.,-1.982294947318,5.143575121787));
#12389 = VECTOR('',#12390,1.);
#12390 = DIRECTION('',(0.,0.884094950248,0.467307306755));
#12391 = ORIENTED_EDGE('',*,*,#12392,.F.);
#12392 = EDGE_CURVE('',#12393,#12385,#12395,.T.);
#12393 = VERTEX_POINT('',#12394);
#12394 = CARTESIAN_POINT('',(3.,-1.982294947318,5.12911525008));
#12395 = B_SPLINE_CURVE_WITH_KNOTS('',3,(#12396,#12397,#12398,#12399),
  .UNSPECIFIED.,.F.,.F.,(4,4),(11.,12.),.PIECEWISE_BEZIER_KNOTS.);
#12396 = CARTESIAN_POINT('',(3.,-1.982294947318,5.12911525008));
#12397 = CARTESIAN_POINT('',(3.,-1.982294947318,5.13345320056));
#12398 = CARTESIAN_POINT('',(3.,-1.982294947318,5.13779115104));
#12399 = CARTESIAN_POINT('',(3.,-1.982294947318,5.143575121787));
#12400 = ORIENTED_EDGE('',*,*,#12401,.F.);
#12401 = EDGE_CURVE('',#12402,#12393,#12404,.T.);
#12402 = VERTEX_POINT('',#12403);
#12403 = CARTESIAN_POINT('',(3.,-2.126893664376,4.984516533023));
#12404 = B_SPLINE_CURVE_WITH_KNOTS('',3,(#12405,#12406,#12407,#12408),
  .UNSPECIFIED.,.F.,.F.,(4,4),(10.,11.),.PIECEWISE_BEZIER_KNOTS.);
#12405 = CARTESIAN_POINT('',(3.,-2.126893664376,4.984516533023));
#12406 = CARTESIAN_POINT('',(3.,-2.047364369995,4.984516533023));
#12407 = CARTESIAN_POINT('',(3.,-1.982294947318,5.049585955698));
#12408 = CARTESIAN_POINT('',(3.,-1.982294947318,5.12911525008));
#12409 = ORIENTED_EDGE('',*,*,#12410,.F.);
#12410 = EDGE_CURVE('',#12411,#12402,#12413,.T.);
#12411 = VERTEX_POINT('',#12412);
#12412 = CARTESIAN_POINT('',(3.,-2.264262459371,5.08284364959));
#12413 = B_SPLINE_CURVE_WITH_KNOTS('',3,(#12414,#12415,#12416,#12417),
  .UNSPECIFIED.,.F.,.F.,(4,4),(9.,10.),.PIECEWISE_BEZIER_KNOTS.);
#12414 = CARTESIAN_POINT('',(3.,-2.264262459371,5.08284364959));
#12415 = CARTESIAN_POINT('',(3.,-2.245464623396,5.025004162767));
#12416 = CARTESIAN_POINT('',(3.,-2.190517121946,4.984516533023));
#12417 = CARTESIAN_POINT('',(3.,-2.126893664376,4.984516533023));
#12418 = ORIENTED_EDGE('',*,*,#12419,.F.);
#12419 = EDGE_CURVE('',#12420,#12411,#12422,.T.);
#12420 = VERTEX_POINT('',#12421);
#12421 = CARTESIAN_POINT('',(3.,-2.379941433016,5.152251022746));
#12422 = B_SPLINE_CURVE_WITH_KNOTS('',3,(#12423,#12424,#12425,#12426),
  .UNSPECIFIED.,.F.,.F.,(4,4),(8.,9.),.PIECEWISE_BEZIER_KNOTS.);
#12423 = CARTESIAN_POINT('',(3.,-2.379941433016,5.152251022746));
#12424 = CARTESIAN_POINT('',(3.,-2.348129718022,5.117547308587));
#12425 = CARTESIAN_POINT('',(3.,-2.309088053384,5.094411535923));
#12426 = CARTESIAN_POINT('',(3.,-2.264262459371,5.08284364959));
#12427 = ORIENTED_EDGE('',*,*,#12428,.F.);
#12428 = EDGE_CURVE('',#12429,#12420,#12431,.T.);
#12429 = VERTEX_POINT('',#12430);
#12430 = CARTESIAN_POINT('',(3.,-2.440672891422,5.309863591243));
#12431 = B_SPLINE_CURVE_WITH_KNOTS('',3,(#12432,#12433,#12434,#12435),
  .UNSPECIFIED.,.F.,.F.,(4,4),(7.,8.),.PIECEWISE_BEZIER_KNOTS.);
#12432 = CARTESIAN_POINT('',(3.,-2.440672891422,5.309863591243));
#12433 = CARTESIAN_POINT('',(3.,-2.440672891422,5.252024104419));
#12434 = CARTESIAN_POINT('',(3.,-2.418983083865,5.195630582703));
#12435 = CARTESIAN_POINT('',(3.,-2.379941433016,5.152251022746));
#12436 = ORIENTED_EDGE('',*,*,#12437,.F.);
#12437 = EDGE_CURVE('',#12438,#12429,#12440,.T.);
#12438 = VERTEX_POINT('',#12439);
#12439 = CARTESIAN_POINT('',(3.,-2.372711455793,5.474706109382));
#12440 = B_SPLINE_CURVE_WITH_KNOTS('',3,(#12441,#12442,#12443,#12444),
  .UNSPECIFIED.,.F.,.F.,(4,4),(6.,7.),.PIECEWISE_BEZIER_KNOTS.);
#12441 = CARTESIAN_POINT('',(3.,-2.372711455793,5.474706109382));
#12442 = CARTESIAN_POINT('',(3.,-2.416091108833,5.431326508054));
#12443 = CARTESIAN_POINT('',(3.,-2.440672891422,5.372041028544));
#12444 = CARTESIAN_POINT('',(3.,-2.440672891422,5.309863591243));
#12445 = ORIENTED_EDGE('',*,*,#12446,.F.);
#12446 = EDGE_CURVE('',#12447,#12438,#12449,.T.);
#12447 = VERTEX_POINT('',#12448);
#12448 = CARTESIAN_POINT('',(3.,-2.206422931178,5.544113496327));
#12449 = B_SPLINE_CURVE_WITH_KNOTS('',3,(#12450,#12451,#12452,#12453),
  .UNSPECIFIED.,.F.,.F.,(4,4),(5.,6.),.PIECEWISE_BEZIER_KNOTS.);
#12450 = CARTESIAN_POINT('',(3.,-2.206422931178,5.544113496327));
#12451 = CARTESIAN_POINT('',(3.,-2.26860038227,5.544113496327));
#12452 = CARTESIAN_POINT('',(3.,-2.32788584799,5.519531717187));
#12453 = CARTESIAN_POINT('',(3.,-2.372711455793,5.474706109382));
#12454 = ORIENTED_EDGE('',*,*,#12455,.F.);
#12455 = EDGE_CURVE('',#12456,#12447,#12458,.T.);
#12456 = VERTEX_POINT('',#12457);
#12457 = CARTESIAN_POINT('',(3.,-2.173165237286,5.541221524744));
#12458 = B_SPLINE_CURVE_WITH_KNOTS('',3,(#12459,#12460,#12461,#12462),
  .UNSPECIFIED.,.F.,.F.,(4,4),(4.,5.),.PIECEWISE_BEZIER_KNOTS.);
#12459 = CARTESIAN_POINT('',(3.,-2.173165237286,5.541221524744));
#12460 = CARTESIAN_POINT('',(3.,-2.184733123619,5.542667517431));
#12461 = CARTESIAN_POINT('',(3.,-2.194855044845,5.544113496327));
#12462 = CARTESIAN_POINT('',(3.,-2.206422931178,5.544113496327));
#12463 = ORIENTED_EDGE('',*,*,#12464,.F.);
#12464 = EDGE_CURVE('',#12465,#12456,#12467,.T.);
#12465 = VERTEX_POINT('',#12466);
#12466 = CARTESIAN_POINT('',(3.,-2.109541807298,5.604844961628));
#12467 = B_SPLINE_CURVE_WITH_KNOTS('',3,(#12468,#12469,#12470,#12471),
  .UNSPECIFIED.,.F.,.F.,(4,4),(3.,4.),.PIECEWISE_BEZIER_KNOTS.);
#12468 = CARTESIAN_POINT('',(3.,-2.109541807298,5.604844961628));
#12469 = CARTESIAN_POINT('',(3.,-2.134123600229,5.587493111444));
#12470 = CARTESIAN_POINT('',(3.,-2.154367415101,5.565803303886));
#12471 = CARTESIAN_POINT('',(3.,-2.173165237286,5.541221524744));
#12472 = ORIENTED_EDGE('',*,*,#12473,.F.);
#12473 = EDGE_CURVE('',#12474,#12465,#12476,.T.);
#12474 = VERTEX_POINT('',#12475);
#12475 = CARTESIAN_POINT('',(3.,-1.936023346829,5.66123846266));
#12476 = B_SPLINE_CURVE_WITH_KNOTS('',3,(#12477,#12478,#12479,#12480),
  .UNSPECIFIED.,.F.,.F.,(4,4),(2.,3.),.PIECEWISE_BEZIER_KNOTS.);
#12477 = CARTESIAN_POINT('',(3.,-1.936023346829,5.66123846266));
#12478 = CARTESIAN_POINT('',(3.,-1.999646776818,5.66123846266));
#12479 = CARTESIAN_POINT('',(3.,-2.058932256327,5.640994642617));
#12480 = CARTESIAN_POINT('',(3.,-2.109541807298,5.604844961628));
#12481 = ORIENTED_EDGE('',*,*,#12482,.F.);
#12482 = EDGE_CURVE('',#12483,#12474,#12485,.T.);
#12483 = VERTEX_POINT('',#12484);
#12484 = CARTESIAN_POINT('',(3.,-1.739369113694,5.586047125652));
#12485 = B_SPLINE_CURVE_WITH_KNOTS('',3,(#12486,#12487,#12488,#12489),
  .UNSPECIFIED.,.F.,.F.,(4,4),(1.,2.),.PIECEWISE_BEZIER_KNOTS.);
#12486 = CARTESIAN_POINT('',(3.,-1.739369113694,5.586047125652));
#12487 = CARTESIAN_POINT('',(3.,-1.794316615144,5.633764706764));
#12488 = CARTESIAN_POINT('',(3.,-1.8637239883,5.66123846266));
#12489 = CARTESIAN_POINT('',(3.,-1.936023346829,5.66123846266));
#12490 = ORIENTED_EDGE('',*,*,#12491,.F.);
#12491 = EDGE_CURVE('',#12209,#12483,#12492,.T.);
#12492 = B_SPLINE_CURVE_WITH_KNOTS('',3,(#12493,#12494,#12495,#12496),
  .UNSPECIFIED.,.F.,.F.,(4,4),(0.,1.),.PIECEWISE_BEZIER_KNOTS.);
#12493 = CARTESIAN_POINT('',(3.,-1.661285784419,5.471814137799));
#12494 = CARTESIAN_POINT('',(3.,-1.677191621232,5.515193752915));
#12495 = CARTESIAN_POINT('',(3.,-1.704665399537,5.554235403763));
#12496 = CARTESIAN_POINT('',(3.,-1.739369113694,5.586047125652));
#12497 = FACE_BOUND('',#12498,.T.);
#12498 = EDGE_LOOP('',(#12499,#12512));
#12499 = ORIENTED_EDGE('',*,*,#12500,.T.);
#12500 = EDGE_CURVE('',#12501,#12503,#12505,.T.);
#12501 = VERTEX_POINT('',#12502);
#12502 = CARTESIAN_POINT('',(3.,-2.128339657063,5.18406269637));
#12503 = VERTEX_POINT('',#12504);
#12504 = CARTESIAN_POINT('',(3.,-2.128339657063,5.071275652938));
#12505 = B_SPLINE_CURVE_WITH_KNOTS('',3,(#12506,#12507,#12508,#12509,
    #12510,#12511),.UNSPECIFIED.,.F.,.F.,(4,2,4),(2.,3.,4.),
  .UNSPECIFIED.);
#12506 = CARTESIAN_POINT('',(3.,-2.128339657063,5.18406269637));
#12507 = CARTESIAN_POINT('',(3.,-2.15870539316,5.18406269637));
#12508 = CARTESIAN_POINT('',(3.,-2.184733151199,5.159480903438));
#12509 = CARTESIAN_POINT('',(3.,-2.184733151199,5.095857445869));
#12510 = CARTESIAN_POINT('',(3.,-2.15870539316,5.071275652938));
#12511 = CARTESIAN_POINT('',(3.,-2.128339657063,5.071275652938));
#12512 = ORIENTED_EDGE('',*,*,#12513,.T.);
#12513 = EDGE_CURVE('',#12503,#12501,#12514,.T.);
#12514 = B_SPLINE_CURVE_WITH_KNOTS('',3,(#12515,#12516,#12517,#12518,
    #12519,#12520,#12521),.UNSPECIFIED.,.F.,.F.,(4,3,4),(0.,1.,2.),
  .PIECEWISE_BEZIER_KNOTS.);
#12515 = CARTESIAN_POINT('',(3.,-2.128339657063,5.071275652938));
#12516 = CARTESIAN_POINT('',(3.,-2.096527955859,5.071275652938));
#12517 = CARTESIAN_POINT('',(3.,-2.071946162927,5.097303466136));
#12518 = CARTESIAN_POINT('',(3.,-2.071946162927,5.127669174654));
#12519 = CARTESIAN_POINT('',(3.,-2.071946162927,5.159480903438));
#12520 = CARTESIAN_POINT('',(3.,-2.097973920965,5.18406269637));
#12521 = CARTESIAN_POINT('',(3.,-2.128339657063,5.18406269637));
#12522 = PLANE('',#12523);
#12523 = AXIS2_PLACEMENT_3D('',#12524,#12525,#12526);
#12524 = CARTESIAN_POINT('',(3.,-1.559343713716,5.399876284336));
#12525 = DIRECTION('',(-1.,0.,0.));
#12526 = DIRECTION('',(0.,0.,1.));
#12527 = ADVANCED_FACE('',(#12528),#12544,.F.);
#12528 = FACE_BOUND('',#12529,.F.);
#12529 = EDGE_LOOP('',(#12530,#12536,#12537,#12543));
#12530 = ORIENTED_EDGE('',*,*,#12531,.F.);
#12531 = EDGE_CURVE('',#11882,#12207,#12532,.T.);
#12532 = LINE('',#12533,#12534);
#12533 = CARTESIAN_POINT('',(3.001,-1.518133087629,5.282389868097));
#12534 = VECTOR('',#12535,1.);
#12535 = DIRECTION('',(-1.,-0.,-0.));
#12536 = ORIENTED_EDGE('',*,*,#11881,.T.);
#12537 = ORIENTED_EDGE('',*,*,#12538,.T.);
#12538 = EDGE_CURVE('',#11884,#12209,#12539,.T.);
#12539 = LINE('',#12540,#12541);
#12540 = CARTESIAN_POINT('',(3.001,-1.661285784419,5.471814137799));
#12541 = VECTOR('',#12542,1.);
#12542 = DIRECTION('',(-1.,-0.,-0.));
#12543 = ORIENTED_EDGE('',*,*,#12206,.F.);
#12544 = B_SPLINE_SURFACE_WITH_KNOTS('',3,1,(
    (#12545,#12546)
    ,(#12547,#12548)
    ,(#12549,#12550)
    ,(#12551,#12552
    )),.UNSPECIFIED.,.F.,.F.,.F.,(4,4),(2,2),(35.,36.),(0.,1.),
  .PIECEWISE_BEZIER_KNOTS.);
#12545 = CARTESIAN_POINT('',(3.001,-1.518133087629,5.282389868097));
#12546 = CARTESIAN_POINT('',(3.,-1.518133087629,5.282389868097));
#12547 = CARTESIAN_POINT('',(3.001,-1.519579052736,5.369149043172));
#12548 = CARTESIAN_POINT('',(3.,-1.519579052736,5.369149043172));
#12549 = CARTESIAN_POINT('',(3.001,-1.578864559825,5.44578637976));
#12550 = CARTESIAN_POINT('',(3.,-1.578864559825,5.44578637976));
#12551 = CARTESIAN_POINT('',(3.001,-1.661285784419,5.471814137799));
#12552 = CARTESIAN_POINT('',(3.,-1.661285784419,5.471814137799));
#12553 = ADVANCED_FACE('',(#12554),#12565,.F.);
#12554 = FACE_BOUND('',#12555,.F.);
#12555 = EDGE_LOOP('',(#12556,#12557,#12558,#12564));
#12556 = ORIENTED_EDGE('',*,*,#12538,.F.);
#12557 = ORIENTED_EDGE('',*,*,#11892,.T.);
#12558 = ORIENTED_EDGE('',*,*,#12559,.T.);
#12559 = EDGE_CURVE('',#11893,#12483,#12560,.T.);
#12560 = LINE('',#12561,#12562);
#12561 = CARTESIAN_POINT('',(3.001,-1.739369113694,5.586047125652));
#12562 = VECTOR('',#12563,1.);
#12563 = DIRECTION('',(-1.,-0.,-0.));
#12564 = ORIENTED_EDGE('',*,*,#12491,.F.);
#12565 = B_SPLINE_SURFACE_WITH_KNOTS('',3,1,(
    (#12566,#12567)
    ,(#12568,#12569)
    ,(#12570,#12571)
    ,(#12572,#12573
    )),.UNSPECIFIED.,.F.,.F.,.F.,(4,4),(2,2),(0.,1.),(0.,1.),
  .PIECEWISE_BEZIER_KNOTS.);
#12566 = CARTESIAN_POINT('',(3.001,-1.661285784419,5.471814137799));
#12567 = CARTESIAN_POINT('',(3.,-1.661285784419,5.471814137799));
#12568 = CARTESIAN_POINT('',(3.001,-1.677191621232,5.515193752915));
#12569 = CARTESIAN_POINT('',(3.,-1.677191621232,5.515193752915));
#12570 = CARTESIAN_POINT('',(3.001,-1.704665399537,5.554235403763));
#12571 = CARTESIAN_POINT('',(3.,-1.704665399537,5.554235403763));
#12572 = CARTESIAN_POINT('',(3.001,-1.739369113694,5.586047125652));
#12573 = CARTESIAN_POINT('',(3.,-1.739369113694,5.586047125652));
#12574 = ADVANCED_FACE('',(#12575),#12586,.F.);
#12575 = FACE_BOUND('',#12576,.F.);
#12576 = EDGE_LOOP('',(#12577,#12578,#12579,#12585));
#12577 = ORIENTED_EDGE('',*,*,#12559,.F.);
#12578 = ORIENTED_EDGE('',*,*,#11901,.T.);
#12579 = ORIENTED_EDGE('',*,*,#12580,.T.);
#12580 = EDGE_CURVE('',#11902,#12474,#12581,.T.);
#12581 = LINE('',#12582,#12583);
#12582 = CARTESIAN_POINT('',(3.001,-1.936023346829,5.66123846266));
#12583 = VECTOR('',#12584,1.);
#12584 = DIRECTION('',(-1.,-0.,-0.));
#12585 = ORIENTED_EDGE('',*,*,#12482,.F.);
#12586 = B_SPLINE_SURFACE_WITH_KNOTS('',3,1,(
    (#12587,#12588)
    ,(#12589,#12590)
    ,(#12591,#12592)
    ,(#12593,#12594
    )),.UNSPECIFIED.,.F.,.F.,.F.,(4,4),(2,2),(1.,2.),(0.,1.),
  .PIECEWISE_BEZIER_KNOTS.);
#12587 = CARTESIAN_POINT('',(3.001,-1.739369113694,5.586047125652));
#12588 = CARTESIAN_POINT('',(3.,-1.739369113694,5.586047125652));
#12589 = CARTESIAN_POINT('',(3.001,-1.794316615144,5.633764706764));
#12590 = CARTESIAN_POINT('',(3.,-1.794316615144,5.633764706764));
#12591 = CARTESIAN_POINT('',(3.001,-1.8637239883,5.66123846266));
#12592 = CARTESIAN_POINT('',(3.,-1.8637239883,5.66123846266));
#12593 = CARTESIAN_POINT('',(3.001,-1.936023346829,5.66123846266));
#12594 = CARTESIAN_POINT('',(3.,-1.936023346829,5.66123846266));
#12595 = ADVANCED_FACE('',(#12596),#12607,.F.);
#12596 = FACE_BOUND('',#12597,.F.);
#12597 = EDGE_LOOP('',(#12598,#12599,#12600,#12606));
#12598 = ORIENTED_EDGE('',*,*,#12580,.F.);
#12599 = ORIENTED_EDGE('',*,*,#11910,.T.);
#12600 = ORIENTED_EDGE('',*,*,#12601,.T.);
#12601 = EDGE_CURVE('',#11911,#12465,#12602,.T.);
#12602 = LINE('',#12603,#12604);
#12603 = CARTESIAN_POINT('',(3.001,-2.109541807298,5.604844961628));
#12604 = VECTOR('',#12605,1.);
#12605 = DIRECTION('',(-1.,-0.,-0.));
#12606 = ORIENTED_EDGE('',*,*,#12473,.F.);
#12607 = B_SPLINE_SURFACE_WITH_KNOTS('',3,1,(
    (#12608,#12609)
    ,(#12610,#12611)
    ,(#12612,#12613)
    ,(#12614,#12615
    )),.UNSPECIFIED.,.F.,.F.,.F.,(4,4),(2,2),(2.,3.),(0.,1.),
  .PIECEWISE_BEZIER_KNOTS.);
#12608 = CARTESIAN_POINT('',(3.001,-1.936023346829,5.66123846266));
#12609 = CARTESIAN_POINT('',(3.,-1.936023346829,5.66123846266));
#12610 = CARTESIAN_POINT('',(3.001,-1.999646776818,5.66123846266));
#12611 = CARTESIAN_POINT('',(3.,-1.999646776818,5.66123846266));
#12612 = CARTESIAN_POINT('',(3.001,-2.058932256327,5.640994642617));
#12613 = CARTESIAN_POINT('',(3.,-2.058932256327,5.640994642617));
#12614 = CARTESIAN_POINT('',(3.001,-2.109541807298,5.604844961628));
#12615 = CARTESIAN_POINT('',(3.,-2.109541807298,5.604844961628));
#12616 = ADVANCED_FACE('',(#12617),#12628,.F.);
#12617 = FACE_BOUND('',#12618,.F.);
#12618 = EDGE_LOOP('',(#12619,#12620,#12621,#12627));
#12619 = ORIENTED_EDGE('',*,*,#12601,.F.);
#12620 = ORIENTED_EDGE('',*,*,#11919,.T.);
#12621 = ORIENTED_EDGE('',*,*,#12622,.T.);
#12622 = EDGE_CURVE('',#11920,#12456,#12623,.T.);
#12623 = LINE('',#12624,#12625);
#12624 = CARTESIAN_POINT('',(3.001,-2.173165237286,5.541221524744));
#12625 = VECTOR('',#12626,1.);
#12626 = DIRECTION('',(-1.,-0.,-0.));
#12627 = ORIENTED_EDGE('',*,*,#12464,.F.);
#12628 = B_SPLINE_SURFACE_WITH_KNOTS('',3,1,(
    (#12629,#12630)
    ,(#12631,#12632)
    ,(#12633,#12634)
    ,(#12635,#12636
    )),.UNSPECIFIED.,.F.,.F.,.F.,(4,4),(2,2),(3.,4.),(0.,1.),
  .PIECEWISE_BEZIER_KNOTS.);
#12629 = CARTESIAN_POINT('',(3.001,-2.109541807298,5.604844961628));
#12630 = CARTESIAN_POINT('',(3.,-2.109541807298,5.604844961628));
#12631 = CARTESIAN_POINT('',(3.001,-2.134123600229,5.587493111444));
#12632 = CARTESIAN_POINT('',(3.,-2.134123600229,5.587493111444));
#12633 = CARTESIAN_POINT('',(3.001,-2.154367415101,5.565803303886));
#12634 = CARTESIAN_POINT('',(3.,-2.154367415101,5.565803303886));
#12635 = CARTESIAN_POINT('',(3.001,-2.173165237286,5.541221524744));
#12636 = CARTESIAN_POINT('',(3.,-2.173165237286,5.541221524744));
#12637 = ADVANCED_FACE('',(#12638),#12649,.F.);
#12638 = FACE_BOUND('',#12639,.F.);
#12639 = EDGE_LOOP('',(#12640,#12641,#12642,#12648));
#12640 = ORIENTED_EDGE('',*,*,#12622,.F.);
#12641 = ORIENTED_EDGE('',*,*,#11928,.T.);
#12642 = ORIENTED_EDGE('',*,*,#12643,.T.);
#12643 = EDGE_CURVE('',#11929,#12447,#12644,.T.);
#12644 = LINE('',#12645,#12646);
#12645 = CARTESIAN_POINT('',(3.001,-2.206422931178,5.544113496327));
#12646 = VECTOR('',#12647,1.);
#12647 = DIRECTION('',(-1.,-0.,-0.));
#12648 = ORIENTED_EDGE('',*,*,#12455,.F.);
#12649 = B_SPLINE_SURFACE_WITH_KNOTS('',3,1,(
    (#12650,#12651)
    ,(#12652,#12653)
    ,(#12654,#12655)
    ,(#12656,#12657
    )),.UNSPECIFIED.,.F.,.F.,.F.,(4,4),(2,2),(4.,5.),(0.,1.),
  .PIECEWISE_BEZIER_KNOTS.);
#12650 = CARTESIAN_POINT('',(3.001,-2.173165237286,5.541221524744));
#12651 = CARTESIAN_POINT('',(3.,-2.173165237286,5.541221524744));
#12652 = CARTESIAN_POINT('',(3.001,-2.184733123619,5.542667517431));
#12653 = CARTESIAN_POINT('',(3.,-2.184733123619,5.542667517431));
#12654 = CARTESIAN_POINT('',(3.001,-2.194855044845,5.544113496327));
#12655 = CARTESIAN_POINT('',(3.,-2.194855044845,5.544113496327));
#12656 = CARTESIAN_POINT('',(3.001,-2.206422931178,5.544113496327));
#12657 = CARTESIAN_POINT('',(3.,-2.206422931178,5.544113496327));
#12658 = ADVANCED_FACE('',(#12659),#12670,.F.);
#12659 = FACE_BOUND('',#12660,.F.);
#12660 = EDGE_LOOP('',(#12661,#12662,#12663,#12669));
#12661 = ORIENTED_EDGE('',*,*,#12643,.F.);
#12662 = ORIENTED_EDGE('',*,*,#11937,.T.);
#12663 = ORIENTED_EDGE('',*,*,#12664,.T.);
#12664 = EDGE_CURVE('',#11938,#12438,#12665,.T.);
#12665 = LINE('',#12666,#12667);
#12666 = CARTESIAN_POINT('',(3.001,-2.372711455793,5.474706109382));
#12667 = VECTOR('',#12668,1.);
#12668 = DIRECTION('',(-1.,-0.,-0.));
#12669 = ORIENTED_EDGE('',*,*,#12446,.F.);
#12670 = B_SPLINE_SURFACE_WITH_KNOTS('',3,1,(
    (#12671,#12672)
    ,(#12673,#12674)
    ,(#12675,#12676)
    ,(#12677,#12678
    )),.UNSPECIFIED.,.F.,.F.,.F.,(4,4),(2,2),(5.,6.),(0.,1.),
  .PIECEWISE_BEZIER_KNOTS.);
#12671 = CARTESIAN_POINT('',(3.001,-2.206422931178,5.544113496327));
#12672 = CARTESIAN_POINT('',(3.,-2.206422931178,5.544113496327));
#12673 = CARTESIAN_POINT('',(3.001,-2.26860038227,5.544113496327));
#12674 = CARTESIAN_POINT('',(3.,-2.26860038227,5.544113496327));
#12675 = CARTESIAN_POINT('',(3.001,-2.32788584799,5.519531717187));
#12676 = CARTESIAN_POINT('',(3.,-2.32788584799,5.519531717187));
#12677 = CARTESIAN_POINT('',(3.001,-2.372711455793,5.474706109382));
#12678 = CARTESIAN_POINT('',(3.,-2.372711455793,5.474706109382));
#12679 = ADVANCED_FACE('',(#12680),#12691,.F.);
#12680 = FACE_BOUND('',#12681,.F.);
#12681 = EDGE_LOOP('',(#12682,#12683,#12684,#12690));
#12682 = ORIENTED_EDGE('',*,*,#12664,.F.);
#12683 = ORIENTED_EDGE('',*,*,#11946,.T.);
#12684 = ORIENTED_EDGE('',*,*,#12685,.T.);
#12685 = EDGE_CURVE('',#11947,#12429,#12686,.T.);
#12686 = LINE('',#12687,#12688);
#12687 = CARTESIAN_POINT('',(3.001,-2.440672891422,5.309863591243));
#12688 = VECTOR('',#12689,1.);
#12689 = DIRECTION('',(-1.,-0.,-0.));
#12690 = ORIENTED_EDGE('',*,*,#12437,.F.);
#12691 = B_SPLINE_SURFACE_WITH_KNOTS('',3,1,(
    (#12692,#12693)
    ,(#12694,#12695)
    ,(#12696,#12697)
    ,(#12698,#12699
    )),.UNSPECIFIED.,.F.,.F.,.F.,(4,4),(2,2),(6.,7.),(0.,1.),
  .PIECEWISE_BEZIER_KNOTS.);
#12692 = CARTESIAN_POINT('',(3.001,-2.372711455793,5.474706109382));
#12693 = CARTESIAN_POINT('',(3.,-2.372711455793,5.474706109382));
#12694 = CARTESIAN_POINT('',(3.001,-2.416091108833,5.431326508054));
#12695 = CARTESIAN_POINT('',(3.,-2.416091108833,5.431326508054));
#12696 = CARTESIAN_POINT('',(3.001,-2.440672891422,5.372041028544));
#12697 = CARTESIAN_POINT('',(3.,-2.440672891422,5.372041028544));
#12698 = CARTESIAN_POINT('',(3.001,-2.440672891422,5.309863591243));
#12699 = CARTESIAN_POINT('',(3.,-2.440672891422,5.309863591243));
#12700 = ADVANCED_FACE('',(#12701),#12712,.F.);
#12701 = FACE_BOUND('',#12702,.F.);
#12702 = EDGE_LOOP('',(#12703,#12704,#12705,#12711));
#12703 = ORIENTED_EDGE('',*,*,#12685,.F.);
#12704 = ORIENTED_EDGE('',*,*,#11955,.T.);
#12705 = ORIENTED_EDGE('',*,*,#12706,.T.);
#12706 = EDGE_CURVE('',#11956,#12420,#12707,.T.);
#12707 = LINE('',#12708,#12709);
#12708 = CARTESIAN_POINT('',(3.001,-2.379941433016,5.152251022746));
#12709 = VECTOR('',#12710,1.);
#12710 = DIRECTION('',(-1.,-0.,-0.));
#12711 = ORIENTED_EDGE('',*,*,#12428,.F.);
#12712 = B_SPLINE_SURFACE_WITH_KNOTS('',3,1,(
    (#12713,#12714)
    ,(#12715,#12716)
    ,(#12717,#12718)
    ,(#12719,#12720
    )),.UNSPECIFIED.,.F.,.F.,.F.,(4,4),(2,2),(7.,8.),(0.,1.),
  .PIECEWISE_BEZIER_KNOTS.);
#12713 = CARTESIAN_POINT('',(3.001,-2.440672891422,5.309863591243));
#12714 = CARTESIAN_POINT('',(3.,-2.440672891422,5.309863591243));
#12715 = CARTESIAN_POINT('',(3.001,-2.440672891422,5.252024104419));
#12716 = CARTESIAN_POINT('',(3.,-2.440672891422,5.252024104419));
#12717 = CARTESIAN_POINT('',(3.001,-2.418983083865,5.195630582703));
#12718 = CARTESIAN_POINT('',(3.,-2.418983083865,5.195630582703));
#12719 = CARTESIAN_POINT('',(3.001,-2.379941433016,5.152251022746));
#12720 = CARTESIAN_POINT('',(3.,-2.379941433016,5.152251022746));
#12721 = ADVANCED_FACE('',(#12722),#12733,.F.);
#12722 = FACE_BOUND('',#12723,.F.);
#12723 = EDGE_LOOP('',(#12724,#12725,#12726,#12732));
#12724 = ORIENTED_EDGE('',*,*,#12706,.F.);
#12725 = ORIENTED_EDGE('',*,*,#11964,.T.);
#12726 = ORIENTED_EDGE('',*,*,#12727,.T.);
#12727 = EDGE_CURVE('',#11965,#12411,#12728,.T.);
#12728 = LINE('',#12729,#12730);
#12729 = CARTESIAN_POINT('',(3.001,-2.264262459371,5.08284364959));
#12730 = VECTOR('',#12731,1.);
#12731 = DIRECTION('',(-1.,-0.,-0.));
#12732 = ORIENTED_EDGE('',*,*,#12419,.F.);
#12733 = B_SPLINE_SURFACE_WITH_KNOTS('',3,1,(
    (#12734,#12735)
    ,(#12736,#12737)
    ,(#12738,#12739)
    ,(#12740,#12741
    )),.UNSPECIFIED.,.F.,.F.,.F.,(4,4),(2,2),(8.,9.),(0.,1.),
  .PIECEWISE_BEZIER_KNOTS.);
#12734 = CARTESIAN_POINT('',(3.001,-2.379941433016,5.152251022746));
#12735 = CARTESIAN_POINT('',(3.,-2.379941433016,5.152251022746));
#12736 = CARTESIAN_POINT('',(3.001,-2.348129718022,5.117547308587));
#12737 = CARTESIAN_POINT('',(3.,-2.348129718022,5.117547308587));
#12738 = CARTESIAN_POINT('',(3.001,-2.309088053384,5.094411535923));
#12739 = CARTESIAN_POINT('',(3.,-2.309088053384,5.094411535923));
#12740 = CARTESIAN_POINT('',(3.001,-2.264262459371,5.08284364959));
#12741 = CARTESIAN_POINT('',(3.,-2.264262459371,5.08284364959));
#12742 = ADVANCED_FACE('',(#12743),#12754,.F.);
#12743 = FACE_BOUND('',#12744,.F.);
#12744 = EDGE_LOOP('',(#12745,#12746,#12747,#12753));
#12745 = ORIENTED_EDGE('',*,*,#12727,.F.);
#12746 = ORIENTED_EDGE('',*,*,#11973,.T.);
#12747 = ORIENTED_EDGE('',*,*,#12748,.T.);
#12748 = EDGE_CURVE('',#11974,#12402,#12749,.T.);
#12749 = LINE('',#12750,#12751);
#12750 = CARTESIAN_POINT('',(3.001,-2.126893664376,4.984516533023));
#12751 = VECTOR('',#12752,1.);
#12752 = DIRECTION('',(-1.,-0.,-0.));
#12753 = ORIENTED_EDGE('',*,*,#12410,.F.);
#12754 = B_SPLINE_SURFACE_WITH_KNOTS('',3,1,(
    (#12755,#12756)
    ,(#12757,#12758)
    ,(#12759,#12760)
    ,(#12761,#12762
    )),.UNSPECIFIED.,.F.,.F.,.F.,(4,4),(2,2),(9.,10.),(0.,1.),
  .PIECEWISE_BEZIER_KNOTS.);
#12755 = CARTESIAN_POINT('',(3.001,-2.264262459371,5.08284364959));
#12756 = CARTESIAN_POINT('',(3.,-2.264262459371,5.08284364959));
#12757 = CARTESIAN_POINT('',(3.001,-2.245464623396,5.025004162767));
#12758 = CARTESIAN_POINT('',(3.,-2.245464623396,5.025004162767));
#12759 = CARTESIAN_POINT('',(3.001,-2.190517121946,4.984516533023));
#12760 = CARTESIAN_POINT('',(3.,-2.190517121946,4.984516533023));
#12761 = CARTESIAN_POINT('',(3.001,-2.126893664376,4.984516533023));
#12762 = CARTESIAN_POINT('',(3.,-2.126893664376,4.984516533023));
#12763 = ADVANCED_FACE('',(#12764),#12775,.F.);
#12764 = FACE_BOUND('',#12765,.F.);
#12765 = EDGE_LOOP('',(#12766,#12767,#12768,#12774));
#12766 = ORIENTED_EDGE('',*,*,#12748,.F.);
#12767 = ORIENTED_EDGE('',*,*,#11982,.T.);
#12768 = ORIENTED_EDGE('',*,*,#12769,.T.);
#12769 = EDGE_CURVE('',#11983,#12393,#12770,.T.);
#12770 = LINE('',#12771,#12772);
#12771 = CARTESIAN_POINT('',(3.001,-1.982294947318,5.12911525008));
#12772 = VECTOR('',#12773,1.);
#12773 = DIRECTION('',(-1.,-0.,-0.));
#12774 = ORIENTED_EDGE('',*,*,#12401,.F.);
#12775 = B_SPLINE_SURFACE_WITH_KNOTS('',3,1,(
    (#12776,#12777)
    ,(#12778,#12779)
    ,(#12780,#12781)
    ,(#12782,#12783
    )),.UNSPECIFIED.,.F.,.F.,.F.,(4,4),(2,2),(10.,11.),(0.,1.),
  .PIECEWISE_BEZIER_KNOTS.);
#12776 = CARTESIAN_POINT('',(3.001,-2.126893664376,4.984516533023));
#12777 = CARTESIAN_POINT('',(3.,-2.126893664376,4.984516533023));
#12778 = CARTESIAN_POINT('',(3.001,-2.047364369995,4.984516533023));
#12779 = CARTESIAN_POINT('',(3.,-2.047364369995,4.984516533023));
#12780 = CARTESIAN_POINT('',(3.001,-1.982294947318,5.049585955698));
#12781 = CARTESIAN_POINT('',(3.,-1.982294947318,5.049585955698));
#12782 = CARTESIAN_POINT('',(3.001,-1.982294947318,5.12911525008));
#12783 = CARTESIAN_POINT('',(3.,-1.982294947318,5.12911525008));
#12784 = ADVANCED_FACE('',(#12785),#12796,.F.);
#12785 = FACE_BOUND('',#12786,.T.);
#12786 = EDGE_LOOP('',(#12787,#12788,#12794,#12795));
#12787 = ORIENTED_EDGE('',*,*,#12392,.T.);
#12788 = ORIENTED_EDGE('',*,*,#12789,.F.);
#12789 = EDGE_CURVE('',#11992,#12385,#12790,.T.);
#12790 = LINE('',#12791,#12792);
#12791 = CARTESIAN_POINT('',(3.001,-1.982294947318,5.143575121787));
#12792 = VECTOR('',#12793,1.);
#12793 = DIRECTION('',(-1.,-0.,-0.));
#12794 = ORIENTED_EDGE('',*,*,#11991,.F.);
#12795 = ORIENTED_EDGE('',*,*,#12769,.T.);
#12796 = PLANE('',#12797);
#12797 = AXIS2_PLACEMENT_3D('',#12798,#12799,#12800);
#12798 = CARTESIAN_POINT('',(3.001,-1.982294947318,5.12911525008));
#12799 = DIRECTION('',(0.,-1.,0.));
#12800 = DIRECTION('',(0.,0.,-1.));
#12801 = ADVANCED_FACE('',(#12802),#12813,.F.);
#12802 = FACE_BOUND('',#12803,.T.);
#12803 = EDGE_LOOP('',(#12804,#12805,#12811,#12812));
#12804 = ORIENTED_EDGE('',*,*,#12384,.T.);
#12805 = ORIENTED_EDGE('',*,*,#12806,.F.);
#12806 = EDGE_CURVE('',#12001,#12377,#12807,.T.);
#12807 = LINE('',#12808,#12809);
#12808 = CARTESIAN_POINT('',(3.001,-1.779856743438,5.250578166893));
#12809 = VECTOR('',#12810,1.);
#12810 = DIRECTION('',(-1.,-0.,-0.));
#12811 = ORIENTED_EDGE('',*,*,#12000,.F.);
#12812 = ORIENTED_EDGE('',*,*,#12789,.T.);
#12813 = PLANE('',#12814);
#12814 = AXIS2_PLACEMENT_3D('',#12815,#12816,#12817);
#12815 = CARTESIAN_POINT('',(3.001,-1.982294947318,5.143575121787));
#12816 = DIRECTION('',(0.,-0.467307306755,0.884094950248));
#12817 = DIRECTION('',(0.,-0.884094950248,-0.467307306755));
#12818 = ADVANCED_FACE('',(#12819),#12830,.F.);
#12819 = FACE_BOUND('',#12820,.T.);
#12820 = EDGE_LOOP('',(#12821,#12822,#12828,#12829));
#12821 = ORIENTED_EDGE('',*,*,#12376,.T.);
#12822 = ORIENTED_EDGE('',*,*,#12823,.F.);
#12823 = EDGE_CURVE('',#12009,#12369,#12824,.T.);
#12824 = LINE('',#12825,#12826);
#12825 = CARTESIAN_POINT('',(3.001,-1.824682323662,5.327215503481));
#12826 = VECTOR('',#12827,1.);
#12827 = DIRECTION('',(-1.,-0.,-0.));
#12828 = ORIENTED_EDGE('',*,*,#12008,.F.);
#12829 = ORIENTED_EDGE('',*,*,#12806,.T.);
#12830 = PLANE('',#12831);
#12831 = AXIS2_PLACEMENT_3D('',#12832,#12833,#12834);
#12832 = CARTESIAN_POINT('',(3.001,-1.779856743438,5.250578166893));
#12833 = DIRECTION('',(0.,-0.863187758941,-0.50488304865));
#12834 = DIRECTION('',(0.,0.50488304865,-0.863187758941));
#12835 = ADVANCED_FACE('',(#12836),#12847,.F.);
#12836 = FACE_BOUND('',#12837,.T.);
#12837 = EDGE_LOOP('',(#12838,#12839,#12845,#12846));
#12838 = ORIENTED_EDGE('',*,*,#12368,.T.);
#12839 = ORIENTED_EDGE('',*,*,#12840,.F.);
#12840 = EDGE_CURVE('',#12017,#12360,#12841,.T.);
#12841 = LINE('',#12842,#12843);
#12842 = CARTESIAN_POINT('',(3.001,-2.018444599003,5.225996401541));
#12843 = VECTOR('',#12844,1.);
#12844 = DIRECTION('',(-1.,-0.,-0.));
#12845 = ORIENTED_EDGE('',*,*,#12016,.F.);
#12846 = ORIENTED_EDGE('',*,*,#12823,.T.);
#12847 = PLANE('',#12848);
#12848 = AXIS2_PLACEMENT_3D('',#12849,#12850,#12851);
#12849 = CARTESIAN_POINT('',(3.001,-1.824682323662,5.327215503481));
#12850 = DIRECTION('',(0.,0.463018065387,-0.886348842796));
#12851 = DIRECTION('',(0.,0.886348842796,0.463018065387));
#12852 = ADVANCED_FACE('',(#12853),#12864,.F.);
#12853 = FACE_BOUND('',#12854,.F.);
#12854 = EDGE_LOOP('',(#12855,#12856,#12857,#12863));
#12855 = ORIENTED_EDGE('',*,*,#12840,.F.);
#12856 = ORIENTED_EDGE('',*,*,#12024,.T.);
#12857 = ORIENTED_EDGE('',*,*,#12858,.T.);
#12858 = EDGE_CURVE('',#12025,#12351,#12859,.T.);
#12859 = LINE('',#12860,#12861);
#12860 = CARTESIAN_POINT('',(3.001,-2.126893636796,5.275159959825));
#12861 = VECTOR('',#12862,1.);
#12862 = DIRECTION('',(-1.,-0.,-0.));
#12863 = ORIENTED_EDGE('',*,*,#12359,.F.);
#12864 = B_SPLINE_SURFACE_WITH_KNOTS('',3,1,(
    (#12865,#12866)
    ,(#12867,#12868)
    ,(#12869,#12870)
    ,(#12871,#12872
    )),.UNSPECIFIED.,.F.,.F.,.F.,(4,4),(2,2),(15.,16.),(0.,1.),
  .PIECEWISE_BEZIER_KNOTS.);
#12865 = CARTESIAN_POINT('',(3.001,-2.018444599003,5.225996401541));
#12866 = CARTESIAN_POINT('',(3.,-2.018444599003,5.225996401541));
#12867 = CARTESIAN_POINT('',(3.001,-2.044472357042,5.256362137639));
#12868 = CARTESIAN_POINT('',(3.,-2.044472357042,5.256362137639));
#12869 = CARTESIAN_POINT('',(3.001,-2.083514021679,5.275159959825));
#12870 = CARTESIAN_POINT('',(3.,-2.083514021679,5.275159959825));
#12871 = CARTESIAN_POINT('',(3.001,-2.126893636796,5.275159959825));
#12872 = CARTESIAN_POINT('',(3.,-2.126893636796,5.275159959825));
#12873 = ADVANCED_FACE('',(#12874),#12885,.F.);
#12874 = FACE_BOUND('',#12875,.F.);
#12875 = EDGE_LOOP('',(#12876,#12877,#12878,#12884));
#12876 = ORIENTED_EDGE('',*,*,#12858,.F.);
#12877 = ORIENTED_EDGE('',*,*,#12033,.T.);
#12878 = ORIENTED_EDGE('',*,*,#12879,.T.);
#12879 = EDGE_CURVE('',#12034,#12342,#12880,.T.);
#12880 = LINE('',#12881,#12882);
#12881 = CARTESIAN_POINT('',(3.001,-2.262816425314,5.179724801051));
#12882 = VECTOR('',#12883,1.);
#12883 = DIRECTION('',(-1.,-0.,-0.));
#12884 = ORIENTED_EDGE('',*,*,#12350,.F.);
#12885 = B_SPLINE_SURFACE_WITH_KNOTS('',3,1,(
    (#12886,#12887)
    ,(#12888,#12889)
    ,(#12890,#12891)
    ,(#12892,#12893
    )),.UNSPECIFIED.,.F.,.F.,.F.,(4,4),(2,2),(16.,17.),(0.,1.),
  .PIECEWISE_BEZIER_KNOTS.);
#12886 = CARTESIAN_POINT('',(3.001,-2.126893636796,5.275159959825));
#12887 = CARTESIAN_POINT('',(3.,-2.126893636796,5.275159959825));
#12888 = CARTESIAN_POINT('',(3.001,-2.189071101679,5.275159959825));
#12889 = CARTESIAN_POINT('',(3.,-2.189071101679,5.275159959825));
#12890 = CARTESIAN_POINT('',(3.001,-2.242572610442,5.234672330081));
#12891 = CARTESIAN_POINT('',(3.,-2.242572610442,5.234672330081));
#12892 = CARTESIAN_POINT('',(3.001,-2.262816425314,5.179724801051));
#12893 = CARTESIAN_POINT('',(3.,-2.262816425314,5.179724801051));
#12894 = ADVANCED_FACE('',(#12895),#12906,.F.);
#12895 = FACE_BOUND('',#12896,.F.);
#12896 = EDGE_LOOP('',(#12897,#12898,#12899,#12905));
#12897 = ORIENTED_EDGE('',*,*,#12879,.F.);
#12898 = ORIENTED_EDGE('',*,*,#12042,.T.);
#12899 = ORIENTED_EDGE('',*,*,#12900,.T.);
#12900 = EDGE_CURVE('',#12043,#12333,#12901,.T.);
#12901 = LINE('',#12902,#12903);
#12902 = CARTESIAN_POINT('',(3.001,-2.349575655548,5.312755631776));
#12903 = VECTOR('',#12904,1.);
#12904 = DIRECTION('',(-1.,-0.,-0.));
#12905 = ORIENTED_EDGE('',*,*,#12341,.F.);
#12906 = B_SPLINE_SURFACE_WITH_KNOTS('',3,1,(
    (#12907,#12908)
    ,(#12909,#12910)
    ,(#12911,#12912)
    ,(#12913,#12914
    )),.UNSPECIFIED.,.F.,.F.,.F.,(4,4),(2,2),(17.,18.),(0.,1.),
  .PIECEWISE_BEZIER_KNOTS.);
#12907 = CARTESIAN_POINT('',(3.001,-2.262816425314,5.179724801051));
#12908 = CARTESIAN_POINT('',(3.,-2.262816425314,5.179724801051));
#12909 = CARTESIAN_POINT('',(3.001,-2.313425976284,5.202860601296));
#12910 = CARTESIAN_POINT('',(3.,-2.313425976284,5.202860601296));
#12911 = CARTESIAN_POINT('',(3.001,-2.349575655548,5.253470152265));
#12912 = CARTESIAN_POINT('',(3.,-2.349575655548,5.253470152265));
#12913 = CARTESIAN_POINT('',(3.001,-2.349575655548,5.312755631776));
#12914 = CARTESIAN_POINT('',(3.,-2.349575655548,5.312755631776));
#12915 = ADVANCED_FACE('',(#12916),#12927,.F.);
#12916 = FACE_BOUND('',#12917,.F.);
#12917 = EDGE_LOOP('',(#12918,#12919,#12920,#12926));
#12918 = ORIENTED_EDGE('',*,*,#12900,.F.);
#12919 = ORIENTED_EDGE('',*,*,#12051,.T.);
#12920 = ORIENTED_EDGE('',*,*,#12921,.T.);
#12921 = EDGE_CURVE('',#12052,#12324,#12922,.T.);
#12922 = LINE('',#12923,#12924);
#12923 = CARTESIAN_POINT('',(3.001,-2.204976938492,5.457354348833));
#12924 = VECTOR('',#12925,1.);
#12925 = DIRECTION('',(-1.,-0.,-0.));
#12926 = ORIENTED_EDGE('',*,*,#12332,.F.);
#12927 = B_SPLINE_SURFACE_WITH_KNOTS('',3,1,(
    (#12928,#12929)
    ,(#12930,#12931)
    ,(#12932,#12933)
    ,(#12934,#12935
    )),.UNSPECIFIED.,.F.,.F.,.F.,(4,4),(2,2),(18.,19.),(0.,1.),
  .PIECEWISE_BEZIER_KNOTS.);
#12928 = CARTESIAN_POINT('',(3.001,-2.349575655548,5.312755631776));
#12929 = CARTESIAN_POINT('',(3.,-2.349575655548,5.312755631776));
#12930 = CARTESIAN_POINT('',(3.001,-2.349575655549,5.392284926157));
#12931 = CARTESIAN_POINT('',(3.,-2.349575655549,5.392284926157));
#12932 = CARTESIAN_POINT('',(3.001,-2.284506232873,5.457354348833));
#12933 = CARTESIAN_POINT('',(3.,-2.284506232873,5.457354348833));
#12934 = CARTESIAN_POINT('',(3.001,-2.204976938492,5.457354348833));
#12935 = CARTESIAN_POINT('',(3.,-2.204976938492,5.457354348833));
#12936 = ADVANCED_FACE('',(#12937),#12948,.F.);
#12937 = FACE_BOUND('',#12938,.F.);
#12938 = EDGE_LOOP('',(#12939,#12940,#12941,#12947));
#12939 = ORIENTED_EDGE('',*,*,#12921,.F.);
#12940 = ORIENTED_EDGE('',*,*,#12060,.T.);
#12941 = ORIENTED_EDGE('',*,*,#12942,.T.);
#12942 = EDGE_CURVE('',#12061,#12315,#12943,.T.);
#12943 = LINE('',#12944,#12945);
#12944 = CARTESIAN_POINT('',(3.001,-2.128339629483,5.435664541273));
#12945 = VECTOR('',#12946,1.);
#12946 = DIRECTION('',(-1.,-0.,-0.));
#12947 = ORIENTED_EDGE('',*,*,#12323,.F.);
#12948 = B_SPLINE_SURFACE_WITH_KNOTS('',3,1,(
    (#12949,#12950)
    ,(#12951,#12952)
    ,(#12953,#12954)
    ,(#12955,#12956
    )),.UNSPECIFIED.,.F.,.F.,.F.,(4,4),(2,2),(19.,20.),(0.,1.),
  .PIECEWISE_BEZIER_KNOTS.);
#12949 = CARTESIAN_POINT('',(3.001,-2.204976938492,5.457354348833));
#12950 = CARTESIAN_POINT('',(3.,-2.204976938492,5.457354348833));
#12951 = CARTESIAN_POINT('',(3.001,-2.177503187766,5.457354348833));
#12952 = CARTESIAN_POINT('',(3.,-2.177503187766,5.457354348833));
#12953 = CARTESIAN_POINT('',(3.001,-2.150029437041,5.448678420294));
#12954 = CARTESIAN_POINT('',(3.,-2.150029437041,5.448678420294));
#12955 = CARTESIAN_POINT('',(3.001,-2.128339629483,5.435664541273));
#12956 = CARTESIAN_POINT('',(3.,-2.128339629483,5.435664541273));
#12957 = ADVANCED_FACE('',(#12958),#12969,.F.);
#12958 = FACE_BOUND('',#12959,.F.);
#12959 = EDGE_LOOP('',(#12960,#12961,#12962,#12968));
#12960 = ORIENTED_EDGE('',*,*,#12942,.F.);
#12961 = ORIENTED_EDGE('',*,*,#12069,.T.);
#12962 = ORIENTED_EDGE('',*,*,#12963,.T.);
#12963 = EDGE_CURVE('',#12070,#12306,#12964,.T.);
#12964 = LINE('',#12965,#12966);
#12965 = CARTESIAN_POINT('',(3.001,-1.934577381722,5.574479232425));
#12966 = VECTOR('',#12967,1.);
#12967 = DIRECTION('',(-1.,-0.,-0.));
#12968 = ORIENTED_EDGE('',*,*,#12314,.F.);
#12969 = B_SPLINE_SURFACE_WITH_KNOTS('',3,1,(
    (#12970,#12971)
    ,(#12972,#12973)
    ,(#12974,#12975)
    ,(#12976,#12977
    )),.UNSPECIFIED.,.F.,.F.,.F.,(4,4),(2,2),(20.,21.),(0.,1.),
  .PIECEWISE_BEZIER_KNOTS.);
#12970 = CARTESIAN_POINT('',(3.001,-2.128339629483,5.435664541273));
#12971 = CARTESIAN_POINT('',(3.,-2.128339629483,5.435664541273));
#12972 = CARTESIAN_POINT('',(3.001,-2.100865906338,5.516639745603));
#12973 = CARTESIAN_POINT('',(3.,-2.100865906338,5.516639745603));
#12974 = CARTESIAN_POINT('',(3.001,-2.025674562436,5.574479232425));
#12975 = CARTESIAN_POINT('',(3.,-2.025674562436,5.574479232425));
#12976 = CARTESIAN_POINT('',(3.001,-1.934577381722,5.574479232425));
#12977 = CARTESIAN_POINT('',(3.,-1.934577381722,5.574479232425));
#12978 = ADVANCED_FACE('',(#12979),#12990,.F.);
#12979 = FACE_BOUND('',#12980,.F.);
#12980 = EDGE_LOOP('',(#12981,#12982,#12983,#12989));
#12981 = ORIENTED_EDGE('',*,*,#12963,.F.);
#12982 = ORIENTED_EDGE('',*,*,#12078,.T.);
#12983 = ORIENTED_EDGE('',*,*,#12984,.T.);
#12984 = EDGE_CURVE('',#12079,#12297,#12985,.T.);
#12985 = LINE('',#12986,#12987);
#12986 = CARTESIAN_POINT('',(3.001,-1.732139177842,5.393730836104));
#12987 = VECTOR('',#12988,1.);
#12988 = DIRECTION('',(-1.,-0.,-0.));
#12989 = ORIENTED_EDGE('',*,*,#12305,.F.);
#12990 = B_SPLINE_SURFACE_WITH_KNOTS('',3,1,(
    (#12991,#12992)
    ,(#12993,#12994)
    ,(#12995,#12996)
    ,(#12997,#12998
    )),.UNSPECIFIED.,.F.,.F.,.F.,(4,4),(2,2),(21.,22.),(0.,1.),
  .PIECEWISE_BEZIER_KNOTS.);
#12991 = CARTESIAN_POINT('',(3.001,-1.934577381722,5.574479232425));
#12992 = CARTESIAN_POINT('',(3.,-1.934577381722,5.574479232425));
#12993 = CARTESIAN_POINT('',(3.001,-1.830466294408,5.574479232425));
#12994 = CARTESIAN_POINT('',(3.,-1.830466294408,5.574479232425));
#12995 = CARTESIAN_POINT('',(3.001,-1.743707064174,5.494949938043));
#12996 = CARTESIAN_POINT('',(3.,-1.743707064174,5.494949938043));
#12997 = CARTESIAN_POINT('',(3.001,-1.732139177842,5.393730836104));
#12998 = CARTESIAN_POINT('',(3.,-1.732139177842,5.393730836104));
#12999 = ADVANCED_FACE('',(#13000),#13011,.F.);
#13000 = FACE_BOUND('',#13001,.T.);
#13001 = EDGE_LOOP('',(#13002,#13003,#13009,#13010));
#13002 = ORIENTED_EDGE('',*,*,#12296,.T.);
#13003 = ORIENTED_EDGE('',*,*,#13004,.F.);
#13004 = EDGE_CURVE('',#12088,#12288,#13005,.T.);
#13005 = LINE('',#13006,#13007);
#13006 = CARTESIAN_POINT('',(3.001,-1.720571291509,5.393730836104));
#13007 = VECTOR('',#13008,1.);
#13008 = DIRECTION('',(-1.,-0.,-0.));
#13009 = ORIENTED_EDGE('',*,*,#12087,.F.);
#13010 = ORIENTED_EDGE('',*,*,#12984,.T.);
#13011 = PLANE('',#13012);
#13012 = AXIS2_PLACEMENT_3D('',#13013,#13014,#13015);
#13013 = CARTESIAN_POINT('',(3.001,-1.732139177842,5.393730836104));
#13014 = DIRECTION('',(0.,0.,1.));
#13015 = DIRECTION('',(1.,0.,-0.));
#13016 = ADVANCED_FACE('',(#13017),#13028,.F.);
#13017 = FACE_BOUND('',#13018,.F.);
#13018 = EDGE_LOOP('',(#13019,#13020,#13021,#13027));
#13019 = ORIENTED_EDGE('',*,*,#13004,.F.);
#13020 = ORIENTED_EDGE('',*,*,#12096,.T.);
#13021 = ORIENTED_EDGE('',*,*,#13022,.T.);
#13022 = EDGE_CURVE('',#12097,#12279,#13023,.T.);
#13023 = LINE('',#13024,#13025);
#13024 = CARTESIAN_POINT('',(3.001,-1.607784303236,5.280943847831));
#13025 = VECTOR('',#13026,1.);
#13026 = DIRECTION('',(-1.,-0.,-0.));
#13027 = ORIENTED_EDGE('',*,*,#12287,.F.);
#13028 = B_SPLINE_SURFACE_WITH_KNOTS('',3,1,(
    (#13029,#13030)
    ,(#13031,#13032)
    ,(#13033,#13034)
    ,(#13035,#13036
    )),.UNSPECIFIED.,.F.,.F.,.F.,(4,4),(2,2),(23.,24.),(0.,1.),
  .PIECEWISE_BEZIER_KNOTS.);
#13029 = CARTESIAN_POINT('',(3.001,-1.720571291509,5.393730836104));
#13030 = CARTESIAN_POINT('',(3.,-1.720571291509,5.393730836104));
#13031 = CARTESIAN_POINT('',(3.001,-1.658393854206,5.393730836104));
#13032 = CARTESIAN_POINT('',(3.,-1.658393854206,5.393730836104));
#13033 = CARTESIAN_POINT('',(3.001,-1.607784303236,5.343121285134));
#13034 = CARTESIAN_POINT('',(3.,-1.607784303236,5.343121285134));
#13035 = CARTESIAN_POINT('',(3.001,-1.607784303236,5.280943847831));
#13036 = CARTESIAN_POINT('',(3.,-1.607784303236,5.280943847831));
#13037 = ADVANCED_FACE('',(#13038),#13049,.F.);
#13038 = FACE_BOUND('',#13039,.F.);
#13039 = EDGE_LOOP('',(#13040,#13041,#13042,#13048));
#13040 = ORIENTED_EDGE('',*,*,#13022,.F.);
#13041 = ORIENTED_EDGE('',*,*,#12105,.T.);
#13042 = ORIENTED_EDGE('',*,*,#13043,.T.);
#13043 = EDGE_CURVE('',#12106,#12271,#13044,.T.);
#13044 = LINE('',#13045,#13046);
#13045 = CARTESIAN_POINT('',(3.001,-1.711895390549,5.168156859559));
#13046 = VECTOR('',#13047,1.);
#13047 = DIRECTION('',(-1.,-0.,-0.));
#13048 = ORIENTED_EDGE('',*,*,#12278,.F.);
#13049 = B_SPLINE_SURFACE_WITH_KNOTS('',3,1,(
    (#13050,#13051)
    ,(#13052,#13053)
    ,(#13054,#13055)
    ,(#13056,#13057
    )),.UNSPECIFIED.,.F.,.F.,.F.,(4,4),(2,2),(24.,25.),(0.,1.),
  .PIECEWISE_BEZIER_KNOTS.);
#13050 = CARTESIAN_POINT('',(3.001,-1.607784303236,5.280943847831));
#13051 = CARTESIAN_POINT('',(3.,-1.607784303236,5.280943847831));
#13052 = CARTESIAN_POINT('',(3.001,-1.607784303236,5.221658368321));
#13053 = CARTESIAN_POINT('',(3.,-1.607784303236,5.221658368321));
#13054 = CARTESIAN_POINT('',(3.001,-1.65260988346,5.172494810039));
#13055 = CARTESIAN_POINT('',(3.,-1.65260988346,5.172494810039));
#13056 = CARTESIAN_POINT('',(3.001,-1.711895390549,5.168156859559));
#13057 = CARTESIAN_POINT('',(3.,-1.711895390549,5.168156859559));
#13058 = ADVANCED_FACE('',(#13059),#13070,.F.);
#13059 = FACE_BOUND('',#13060,.T.);
#13060 = EDGE_LOOP('',(#13061,#13062,#13068,#13069));
#13061 = ORIENTED_EDGE('',*,*,#12270,.T.);
#13062 = ORIENTED_EDGE('',*,*,#13063,.F.);
#13063 = EDGE_CURVE('',#12115,#12262,#13064,.T.);
#13064 = LINE('',#13065,#13066);
#13065 = CARTESIAN_POINT('',(3.001,-1.776964813225,5.168156859559));
#13066 = VECTOR('',#13067,1.);
#13067 = DIRECTION('',(-1.,-0.,-0.));
#13068 = ORIENTED_EDGE('',*,*,#12114,.F.);
#13069 = ORIENTED_EDGE('',*,*,#13043,.T.);
#13070 = PLANE('',#13071);
#13071 = AXIS2_PLACEMENT_3D('',#13072,#13073,#13074);
#13072 = CARTESIAN_POINT('',(3.001,-1.711895390549,5.168156859559));
#13073 = DIRECTION('',(0.,0.,-1.));
#13074 = DIRECTION('',(-1.,0.,0.));
#13075 = ADVANCED_FACE('',(#13076),#13087,.F.);
#13076 = FACE_BOUND('',#13077,.F.);
#13077 = EDGE_LOOP('',(#13078,#13079,#13080,#13086));
#13078 = ORIENTED_EDGE('',*,*,#13063,.F.);
#13079 = ORIENTED_EDGE('',*,*,#12122,.T.);
#13080 = ORIENTED_EDGE('',*,*,#13081,.T.);
#13081 = EDGE_CURVE('',#12123,#12253,#13082,.T.);
#13082 = LINE('',#13083,#13084);
#13083 = CARTESIAN_POINT('',(3.001,-1.785640714185,5.169602824665));
#13084 = VECTOR('',#13085,1.);
#13085 = DIRECTION('',(-1.,-0.,-0.));
#13086 = ORIENTED_EDGE('',*,*,#12261,.F.);
#13087 = B_SPLINE_SURFACE_WITH_KNOTS('',3,1,(
    (#13088,#13089)
    ,(#13090,#13091)
    ,(#13092,#13093)
    ,(#13094,#13095
    )),.UNSPECIFIED.,.F.,.F.,.F.,(4,4),(2,2),(26.,27.),(0.,1.),
  .PIECEWISE_BEZIER_KNOTS.);
#13088 = CARTESIAN_POINT('',(3.001,-1.776964813225,5.168156859559));
#13089 = CARTESIAN_POINT('',(3.,-1.776964813225,5.168156859559));
#13090 = CARTESIAN_POINT('',(3.001,-1.779856798598,5.168156859559));
#13091 = CARTESIAN_POINT('',(3.,-1.779856798598,5.168156859559));
#13092 = CARTESIAN_POINT('',(3.001,-1.782748783971,5.169602824665));
#13093 = CARTESIAN_POINT('',(3.,-1.782748783971,5.169602824665));
#13094 = CARTESIAN_POINT('',(3.001,-1.785640714185,5.169602824665));
#13095 = CARTESIAN_POINT('',(3.,-1.785640714185,5.169602824665));
#13096 = ADVANCED_FACE('',(#13097),#13108,.F.);
#13097 = FACE_BOUND('',#13098,.F.);
#13098 = EDGE_LOOP('',(#13099,#13100,#13101,#13107));
#13099 = ORIENTED_EDGE('',*,*,#13081,.F.);
#13100 = ORIENTED_EDGE('',*,*,#12131,.T.);
#13101 = ORIENTED_EDGE('',*,*,#13102,.T.);
#13102 = EDGE_CURVE('',#12132,#12244,#13103,.T.);
#13103 = LINE('',#13104,#13105);
#13104 = CARTESIAN_POINT('',(3.001,-1.830466294408,5.124777244441));
#13105 = VECTOR('',#13106,1.);
#13106 = DIRECTION('',(-1.,-0.,-0.));
#13107 = ORIENTED_EDGE('',*,*,#12252,.F.);
#13108 = B_SPLINE_SURFACE_WITH_KNOTS('',3,1,(
    (#13109,#13110)
    ,(#13111,#13112)
    ,(#13113,#13114)
    ,(#13115,#13116
    )),.UNSPECIFIED.,.F.,.F.,.F.,(4,4),(2,2),(27.,28.),(0.,1.),
  .PIECEWISE_BEZIER_KNOTS.);
#13109 = CARTESIAN_POINT('',(3.001,-1.785640714185,5.169602824665));
#13110 = CARTESIAN_POINT('',(3.,-1.785640714185,5.169602824665));
#13111 = CARTESIAN_POINT('',(3.001,-1.810222507116,5.169602824665));
#13112 = CARTESIAN_POINT('',(3.,-1.810222507116,5.169602824665));
#13113 = CARTESIAN_POINT('',(3.001,-1.830466294408,5.149358982213));
#13114 = CARTESIAN_POINT('',(3.,-1.830466294408,5.149358982213));
#13115 = CARTESIAN_POINT('',(3.001,-1.830466294408,5.124777244441));
#13116 = CARTESIAN_POINT('',(3.,-1.830466294408,5.124777244441));
#13117 = ADVANCED_FACE('',(#13118),#13129,.F.);
#13118 = FACE_BOUND('',#13119,.F.);
#13119 = EDGE_LOOP('',(#13120,#13121,#13122,#13128));
#13120 = ORIENTED_EDGE('',*,*,#13102,.F.);
#13121 = ORIENTED_EDGE('',*,*,#12140,.T.);
#13122 = ORIENTED_EDGE('',*,*,#13123,.T.);
#13123 = EDGE_CURVE('',#12141,#12236,#13124,.T.);
#13124 = LINE('',#13125,#13126);
#13125 = CARTESIAN_POINT('',(3.001,-1.788532644398,5.079951664217));
#13126 = VECTOR('',#13127,1.);
#13127 = DIRECTION('',(-1.,-0.,-0.));
#13128 = ORIENTED_EDGE('',*,*,#12243,.F.);
#13129 = B_SPLINE_SURFACE_WITH_KNOTS('',3,1,(
    (#13130,#13131)
    ,(#13132,#13133)
    ,(#13134,#13135)
    ,(#13136,#13137
    )),.UNSPECIFIED.,.F.,.F.,.F.,(4,4),(2,2),(28.,29.),(0.,1.),
  .PIECEWISE_BEZIER_KNOTS.);
#13130 = CARTESIAN_POINT('',(3.001,-1.830466294408,5.124777244441));
#13131 = CARTESIAN_POINT('',(3.,-1.830466294408,5.124777244441));
#13132 = CARTESIAN_POINT('',(3.001,-1.830466294408,5.101641471776));
#13133 = CARTESIAN_POINT('',(3.,-1.830466294408,5.101641471776));
#13134 = CARTESIAN_POINT('',(3.001,-1.811668472223,5.081397629323));
#13135 = CARTESIAN_POINT('',(3.,-1.811668472223,5.081397629323));
#13136 = CARTESIAN_POINT('',(3.001,-1.788532644398,5.079951664217));
#13137 = CARTESIAN_POINT('',(3.,-1.788532644398,5.079951664217));
#13138 = ADVANCED_FACE('',(#13139),#13150,.F.);
#13139 = FACE_BOUND('',#13140,.T.);
#13140 = EDGE_LOOP('',(#13141,#13142,#13148,#13149));
#13141 = ORIENTED_EDGE('',*,*,#12235,.T.);
#13142 = ORIENTED_EDGE('',*,*,#13143,.F.);
#13143 = EDGE_CURVE('',#12150,#12227,#13144,.T.);
#13144 = LINE('',#13145,#13146);
#13145 = CARTESIAN_POINT('',(3.001,-1.70321943443,5.079951664217));
#13146 = VECTOR('',#13147,1.);
#13147 = DIRECTION('',(-1.,-0.,-0.));
#13148 = ORIENTED_EDGE('',*,*,#12149,.F.);
#13149 = ORIENTED_EDGE('',*,*,#13123,.T.);
#13150 = PLANE('',#13151);
#13151 = AXIS2_PLACEMENT_3D('',#13152,#13153,#13154);
#13152 = CARTESIAN_POINT('',(3.001,-1.70755738491,5.079951664217));
#13153 = DIRECTION('',(0.,0.,1.));
#13154 = DIRECTION('',(1.,0.,-0.));
#13155 = ADVANCED_FACE('',(#13156),#13167,.F.);
#13156 = FACE_BOUND('',#13157,.F.);
#13157 = EDGE_LOOP('',(#13158,#13159,#13160,#13166));
#13158 = ORIENTED_EDGE('',*,*,#13143,.F.);
#13159 = ORIENTED_EDGE('',*,*,#12157,.T.);
#13160 = ORIENTED_EDGE('',*,*,#13161,.T.);
#13161 = EDGE_CURVE('',#12158,#12218,#13162,.T.);
#13162 = LINE('',#13163,#13164);
#13163 = CARTESIAN_POINT('',(3.001,-1.571634623972,5.145021086893));
#13164 = VECTOR('',#13165,1.);
#13165 = DIRECTION('',(-1.,-0.,-0.));
#13166 = ORIENTED_EDGE('',*,*,#12226,.F.);
#13167 = B_SPLINE_SURFACE_WITH_KNOTS('',3,1,(
    (#13168,#13169)
    ,(#13170,#13171)
    ,(#13172,#13173)
    ,(#13174,#13175
    )),.UNSPECIFIED.,.F.,.F.,.F.,(4,4),(2,2),(33.,34.),(0.,1.),
  .PIECEWISE_BEZIER_KNOTS.);
#13168 = CARTESIAN_POINT('',(3.001,-1.70321943443,5.079951664217));
#13169 = CARTESIAN_POINT('',(3.,-1.70321943443,5.079951664217));
#13170 = CARTESIAN_POINT('',(3.001,-1.65260988346,5.084289614697));
#13171 = CARTESIAN_POINT('',(3.,-1.65260988346,5.084289614697));
#13172 = CARTESIAN_POINT('',(3.001,-1.606338282969,5.107425442522));
#13173 = CARTESIAN_POINT('',(3.,-1.606338282969,5.107425442522));
#13174 = CARTESIAN_POINT('',(3.001,-1.571634623972,5.145021086893));
#13175 = CARTESIAN_POINT('',(3.,-1.571634623972,5.145021086893));
#13176 = ADVANCED_FACE('',(#13177),#13183,.F.);
#13177 = FACE_BOUND('',#13178,.F.);
#13178 = EDGE_LOOP('',(#13179,#13180,#13181,#13182));
#13179 = ORIENTED_EDGE('',*,*,#13161,.F.);
#13180 = ORIENTED_EDGE('',*,*,#12166,.T.);
#13181 = ORIENTED_EDGE('',*,*,#12531,.T.);
#13182 = ORIENTED_EDGE('',*,*,#12217,.F.);
#13183 = B_SPLINE_SURFACE_WITH_KNOTS('',3,1,(
    (#13184,#13185)
    ,(#13186,#13187)
    ,(#13188,#13189)
    ,(#13190,#13191
    )),.UNSPECIFIED.,.F.,.F.,.F.,(4,4),(2,2),(34.,35.),(0.,1.),
  .PIECEWISE_BEZIER_KNOTS.);
#13184 = CARTESIAN_POINT('',(3.001,-1.571634623972,5.145021086893));
#13185 = CARTESIAN_POINT('',(3.,-1.571634623972,5.145021086893));
#13186 = CARTESIAN_POINT('',(3.001,-1.536930909814,5.182616731264));
#13187 = CARTESIAN_POINT('',(3.,-1.536930909814,5.182616731264));
#13188 = CARTESIAN_POINT('',(3.001,-1.518133087629,5.231780317128));
#13189 = CARTESIAN_POINT('',(3.,-1.518133087629,5.231780317128));
#13190 = CARTESIAN_POINT('',(3.001,-1.518133087629,5.282389868097));
#13191 = CARTESIAN_POINT('',(3.,-1.518133087629,5.282389868097));
#13192 = ADVANCED_FACE('',(#13193),#13209,.T.);
#13193 = FACE_BOUND('',#13194,.T.);
#13194 = EDGE_LOOP('',(#13195,#13196,#13202,#13203));
#13195 = ORIENTED_EDGE('',*,*,#12513,.F.);
#13196 = ORIENTED_EDGE('',*,*,#13197,.F.);
#13197 = EDGE_CURVE('',#12176,#12503,#13198,.T.);
#13198 = LINE('',#13199,#13200);
#13199 = CARTESIAN_POINT('',(3.001,-2.128339657063,5.071275652938));
#13200 = VECTOR('',#13201,1.);
#13201 = DIRECTION('',(-1.,-0.,-0.));
#13202 = ORIENTED_EDGE('',*,*,#12175,.T.);
#13203 = ORIENTED_EDGE('',*,*,#13204,.T.);
#13204 = EDGE_CURVE('',#12178,#12501,#13205,.T.);
#13205 = LINE('',#13206,#13207);
#13206 = CARTESIAN_POINT('',(3.001,-2.128339657063,5.18406269637));
#13207 = VECTOR('',#13208,1.);
#13208 = DIRECTION('',(-1.,-0.,-0.));
#13209 = B_SPLINE_SURFACE_WITH_KNOTS('',3,1,(
    (#13210,#13211)
    ,(#13212,#13213)
    ,(#13214,#13215)
    ,(#13216,#13217)
    ,(#13218,#13219)
    ,(#13220,#13221)
    ,(#13222,#13223
  )),.UNSPECIFIED.,.F.,.F.,.F.,(4,3,4),(2,2),(0.,1.,2.),(0.,1.),
  .PIECEWISE_BEZIER_KNOTS.);
#13210 = CARTESIAN_POINT('',(3.001,-2.128339657063,5.071275652938));
#13211 = CARTESIAN_POINT('',(3.,-2.128339657063,5.071275652938));
#13212 = CARTESIAN_POINT('',(3.001,-2.096527955859,5.071275652938));
#13213 = CARTESIAN_POINT('',(3.,-2.096527955859,5.071275652938));
#13214 = CARTESIAN_POINT('',(3.001,-2.071946162927,5.097303466136));
#13215 = CARTESIAN_POINT('',(3.,-2.071946162927,5.097303466136));
#13216 = CARTESIAN_POINT('',(3.001,-2.071946162927,5.127669174654));
#13217 = CARTESIAN_POINT('',(3.,-2.071946162927,5.127669174654));
#13218 = CARTESIAN_POINT('',(3.001,-2.071946162927,5.159480903438));
#13219 = CARTESIAN_POINT('',(3.,-2.071946162927,5.159480903438));
#13220 = CARTESIAN_POINT('',(3.001,-2.097973920965,5.18406269637));
#13221 = CARTESIAN_POINT('',(3.,-2.097973920965,5.18406269637));
#13222 = CARTESIAN_POINT('',(3.001,-2.128339657063,5.18406269637));
#13223 = CARTESIAN_POINT('',(3.,-2.128339657063,5.18406269637));
#13224 = ADVANCED_FACE('',(#13225),#13231,.T.);
#13225 = FACE_BOUND('',#13226,.T.);
#13226 = EDGE_LOOP('',(#13227,#13228,#13229,#13230));
#13227 = ORIENTED_EDGE('',*,*,#12500,.F.);
#13228 = ORIENTED_EDGE('',*,*,#13204,.F.);
#13229 = ORIENTED_EDGE('',*,*,#12189,.T.);
#13230 = ORIENTED_EDGE('',*,*,#13197,.T.);
#13231 = B_SPLINE_SURFACE_WITH_KNOTS('',3,1,(
    (#13232,#13233)
    ,(#13234,#13235)
    ,(#13236,#13237)
    ,(#13238,#13239)
    ,(#13240,#13241)
    ,(#13242,#13243
  )),.UNSPECIFIED.,.F.,.F.,.F.,(4,2,4),(2,2),(2.,3.,4.),(0.,1.),
  .UNSPECIFIED.);
#13232 = CARTESIAN_POINT('',(3.001,-2.128339657063,5.18406269637));
#13233 = CARTESIAN_POINT('',(3.,-2.128339657063,5.18406269637));
#13234 = CARTESIAN_POINT('',(3.001,-2.15870539316,5.18406269637));
#13235 = CARTESIAN_POINT('',(3.,-2.15870539316,5.18406269637));
#13236 = CARTESIAN_POINT('',(3.001,-2.184733151199,5.159480903438));
#13237 = CARTESIAN_POINT('',(3.,-2.184733151199,5.159480903438));
#13238 = CARTESIAN_POINT('',(3.001,-2.184733151199,5.095857445869));
#13239 = CARTESIAN_POINT('',(3.,-2.184733151199,5.095857445869));
#13240 = CARTESIAN_POINT('',(3.001,-2.15870539316,5.071275652938));
#13241 = CARTESIAN_POINT('',(3.,-2.15870539316,5.071275652938));
#13242 = CARTESIAN_POINT('',(3.001,-2.128339657063,5.071275652938));
#13243 = CARTESIAN_POINT('',(3.,-2.128339657063,5.071275652938));
#13244 = ( GEOMETRIC_REPRESENTATION_CONTEXT(3) 
GLOBAL_UNCERTAINTY_ASSIGNED_CONTEXT((#13248)) 
GLOBAL_UNIT_ASSIGNED_CONTEXT((#13245,#13246,#13247)) 
REPRESENTATION_CONTEXT('Context #1',
  '3D Context with UNIT and UNCERTAINTY') );
#13245 = ( LENGTH_UNIT() NAMED_UNIT(*) SI_UNIT(.MILLI.,.METRE.) );
#13246 = ( NAMED_UNIT(*) PLANE_ANGLE_UNIT() SI_UNIT($,.RADIAN.) );
#13247 = ( NAMED_UNIT(*) SI_UNIT($,.STERADIAN.) SOLID_ANGLE_UNIT() );
#13248 = UNCERTAINTY_MEASURE_WITH_UNIT(LENGTH_MEASURE(1.E-07),#13245,
  'distance_accuracy_value','confusion accuracy');
#13249 = CONTEXT_DEPENDENT_SHAPE_REPRESENTATION(#13250,#13252);
#13250 = ( REPRESENTATION_RELATIONSHIP('','',#11874,#55) 
REPRESENTATION_RELATIONSHIP_WITH_TRANSFORMATION(#13251) 
SHAPE_REPRESENTATION_RELATIONSHIP() );
#13251 = ITEM_DEFINED_TRANSFORMATION('','',#11,#108);
#13252 = PRODUCT_DEFINITION_SHAPE('Placement','Placement of an item',
  #13253);
#13253 = NEXT_ASSEMBLY_USAGE_OCCURRENCE('14',
  'CONN-SMD_T31000~CONN-SMD_T31000~AJBg013','',#50,#11869,$);
#13254 = PRODUCT_RELATED_PRODUCT_CATEGORY('part',$,(#11871));
#13255 = MECHANICAL_DESIGN_GEOMETRIC_PRESENTATION_REPRESENTATION('',(
    #13256),#5597);
#13256 = STYLED_ITEM('color',(#13257),#5381);
#13257 = PRESENTATION_STYLE_ASSIGNMENT((#13258,#13264));
#13258 = SURFACE_STYLE_USAGE(.BOTH.,#13259);
#13259 = SURFACE_SIDE_STYLE('',(#13260));
#13260 = SURFACE_STYLE_FILL_AREA(#13261);
#13261 = FILL_AREA_STYLE('',(#13262));
#13262 = FILL_AREA_STYLE_COLOUR('',#13263);
#13263 = DRAUGHTING_PRE_DEFINED_COLOUR('black');
#13264 = CURVE_STYLE('',#13265,POSITIVE_LENGTH_MEASURE(0.1),#13266);
#13265 = DRAUGHTING_PRE_DEFINED_CURVE_FONT('continuous');
#13266 = COLOUR_RGB('',9.803921802644E-02,9.803921802644E-02,
  9.803921802644E-02);
#13267 = MECHANICAL_DESIGN_GEOMETRIC_PRESENTATION_REPRESENTATION('',(
    #13268),#10790);
#13268 = STYLED_ITEM('color',(#13269),#10376);
#13269 = PRESENTATION_STYLE_ASSIGNMENT((#13270,#13275));
#13270 = SURFACE_STYLE_USAGE(.BOTH.,#13271);
#13271 = SURFACE_SIDE_STYLE('',(#13272));
#13272 = SURFACE_STYLE_FILL_AREA(#13273);
#13273 = FILL_AREA_STYLE('',(#13274));
#13274 = FILL_AREA_STYLE_COLOUR('',#13263);
#13275 = CURVE_STYLE('',#13276,POSITIVE_LENGTH_MEASURE(0.1),#13266);
#13276 = DRAUGHTING_PRE_DEFINED_CURVE_FONT('continuous');
#13277 = MECHANICAL_DESIGN_GEOMETRIC_PRESENTATION_REPRESENTATION('',(
    #13278),#8100);
#13278 = STYLED_ITEM('color',(#13279),#7686);
#13279 = PRESENTATION_STYLE_ASSIGNMENT((#13280,#13285));
#13280 = SURFACE_STYLE_USAGE(.BOTH.,#13281);
#13281 = SURFACE_SIDE_STYLE('',(#13282));
#13282 = SURFACE_STYLE_FILL_AREA(#13283);
#13283 = FILL_AREA_STYLE('',(#13284));
#13284 = FILL_AREA_STYLE_COLOUR('',#13263);
#13285 = CURVE_STYLE('',#13286,POSITIVE_LENGTH_MEASURE(0.1),#13266);
#13286 = DRAUGHTING_PRE_DEFINED_CURVE_FONT('continuous');
#13287 = MECHANICAL_DESIGN_GEOMETRIC_PRESENTATION_REPRESENTATION('',(
    #13288,#13298,#13306,#13313,#13320,#13327,#13334,#13341,#13348,
    #13355,#13362,#13369,#13376,#13383,#13390,#13397,#13404,#13411,
    #13418,#13425,#13432,#13439,#13446,#13453,#13460,#13467,#13474,
    #13481,#13488,#13495,#13502,#13509,#13516,#13523,#13530,#13537,
    #13544,#13551,#13558,#13565,#13572,#13579,#13586,#13593,#13600,
    #13607,#13614,#13621,#13628,#13635,#13642,#13649,#13656,#13663,
    #13670,#13677,#13684,#13691),#5362);
#13288 = STYLED_ITEM('color',(#13289),#131);
#13289 = PRESENTATION_STYLE_ASSIGNMENT((#13290,#13296));
#13290 = SURFACE_STYLE_USAGE(.BOTH.,#13291);
#13291 = SURFACE_SIDE_STYLE('',(#13292));
#13292 = SURFACE_STYLE_FILL_AREA(#13293);
#13293 = FILL_AREA_STYLE('',(#13294));
#13294 = FILL_AREA_STYLE_COLOUR('',#13295);
#13295 = DRAUGHTING_PRE_DEFINED_COLOUR('white');
#13296 = CURVE_STYLE('',#13297,POSITIVE_LENGTH_MEASURE(0.1),#13266);
#13297 = DRAUGHTING_PRE_DEFINED_CURVE_FONT('continuous');
#13298 = OVER_RIDING_STYLED_ITEM('overriding color',(#13299),#3342,
  #13288);
#13299 = PRESENTATION_STYLE_ASSIGNMENT((#13300));
#13300 = SURFACE_STYLE_USAGE(.BOTH.,#13301);
#13301 = SURFACE_SIDE_STYLE('',(#13302));
#13302 = SURFACE_STYLE_FILL_AREA(#13303);
#13303 = FILL_AREA_STYLE('',(#13304));
#13304 = FILL_AREA_STYLE_COLOUR('',#13305);
#13305 = COLOUR_RGB('',0.25098037884,0.25098037884,0.25098037884);
#13306 = OVER_RIDING_STYLED_ITEM('overriding color',(#13307),#3373,
  #13288);
#13307 = PRESENTATION_STYLE_ASSIGNMENT((#13308));
#13308 = SURFACE_STYLE_USAGE(.BOTH.,#13309);
#13309 = SURFACE_SIDE_STYLE('',(#13310));
#13310 = SURFACE_STYLE_FILL_AREA(#13311);
#13311 = FILL_AREA_STYLE('',(#13312));
#13312 = FILL_AREA_STYLE_COLOUR('',#13305);
#13313 = OVER_RIDING_STYLED_ITEM('overriding color',(#13314),#3397,
  #13288);
#13314 = PRESENTATION_STYLE_ASSIGNMENT((#13315));
#13315 = SURFACE_STYLE_USAGE(.BOTH.,#13316);
#13316 = SURFACE_SIDE_STYLE('',(#13317));
#13317 = SURFACE_STYLE_FILL_AREA(#13318);
#13318 = FILL_AREA_STYLE('',(#13319));
#13319 = FILL_AREA_STYLE_COLOUR('',#13305);
#13320 = OVER_RIDING_STYLED_ITEM('overriding color',(#13321),#3421,
  #13288);
#13321 = PRESENTATION_STYLE_ASSIGNMENT((#13322));
#13322 = SURFACE_STYLE_USAGE(.BOTH.,#13323);
#13323 = SURFACE_SIDE_STYLE('',(#13324));
#13324 = SURFACE_STYLE_FILL_AREA(#13325);
#13325 = FILL_AREA_STYLE('',(#13326));
#13326 = FILL_AREA_STYLE_COLOUR('',#13305);
#13327 = OVER_RIDING_STYLED_ITEM('overriding color',(#13328),#3445,
  #13288);
#13328 = PRESENTATION_STYLE_ASSIGNMENT((#13329));
#13329 = SURFACE_STYLE_USAGE(.BOTH.,#13330);
#13330 = SURFACE_SIDE_STYLE('',(#13331));
#13331 = SURFACE_STYLE_FILL_AREA(#13332);
#13332 = FILL_AREA_STYLE('',(#13333));
#13333 = FILL_AREA_STYLE_COLOUR('',#13305);
#13334 = OVER_RIDING_STYLED_ITEM('overriding color',(#13335),#3469,
  #13288);
#13335 = PRESENTATION_STYLE_ASSIGNMENT((#13336));
#13336 = SURFACE_STYLE_USAGE(.BOTH.,#13337);
#13337 = SURFACE_SIDE_STYLE('',(#13338));
#13338 = SURFACE_STYLE_FILL_AREA(#13339);
#13339 = FILL_AREA_STYLE('',(#13340));
#13340 = FILL_AREA_STYLE_COLOUR('',#13305);
#13341 = OVER_RIDING_STYLED_ITEM('overriding color',(#13342),#3493,
  #13288);
#13342 = PRESENTATION_STYLE_ASSIGNMENT((#13343));
#13343 = SURFACE_STYLE_USAGE(.BOTH.,#13344);
#13344 = SURFACE_SIDE_STYLE('',(#13345));
#13345 = SURFACE_STYLE_FILL_AREA(#13346);
#13346 = FILL_AREA_STYLE('',(#13347));
#13347 = FILL_AREA_STYLE_COLOUR('',#13305);
#13348 = OVER_RIDING_STYLED_ITEM('overriding color',(#13349),#3517,
  #13288);
#13349 = PRESENTATION_STYLE_ASSIGNMENT((#13350));
#13350 = SURFACE_STYLE_USAGE(.BOTH.,#13351);
#13351 = SURFACE_SIDE_STYLE('',(#13352));
#13352 = SURFACE_STYLE_FILL_AREA(#13353);
#13353 = FILL_AREA_STYLE('',(#13354));
#13354 = FILL_AREA_STYLE_COLOUR('',#13305);
#13355 = OVER_RIDING_STYLED_ITEM('overriding color',(#13356),#3534,
  #13288);
#13356 = PRESENTATION_STYLE_ASSIGNMENT((#13357));
#13357 = SURFACE_STYLE_USAGE(.BOTH.,#13358);
#13358 = SURFACE_SIDE_STYLE('',(#13359));
#13359 = SURFACE_STYLE_FILL_AREA(#13360);
#13360 = FILL_AREA_STYLE('',(#13361));
#13361 = FILL_AREA_STYLE_COLOUR('',#13305);
#13362 = OVER_RIDING_STYLED_ITEM('overriding color',(#13363),#3608,
  #13288);
#13363 = PRESENTATION_STYLE_ASSIGNMENT((#13364));
#13364 = SURFACE_STYLE_USAGE(.BOTH.,#13365);
#13365 = SURFACE_SIDE_STYLE('',(#13366));
#13366 = SURFACE_STYLE_FILL_AREA(#13367);
#13367 = FILL_AREA_STYLE('',(#13368));
#13368 = FILL_AREA_STYLE_COLOUR('',#13305);
#13369 = OVER_RIDING_STYLED_ITEM('overriding color',(#13370),#3639,
  #13288);
#13370 = PRESENTATION_STYLE_ASSIGNMENT((#13371));
#13371 = SURFACE_STYLE_USAGE(.BOTH.,#13372);
#13372 = SURFACE_SIDE_STYLE('',(#13373));
#13373 = SURFACE_STYLE_FILL_AREA(#13374);
#13374 = FILL_AREA_STYLE('',(#13375));
#13375 = FILL_AREA_STYLE_COLOUR('',#13305);
#13376 = OVER_RIDING_STYLED_ITEM('overriding color',(#13377),#3663,
  #13288);
#13377 = PRESENTATION_STYLE_ASSIGNMENT((#13378));
#13378 = SURFACE_STYLE_USAGE(.BOTH.,#13379);
#13379 = SURFACE_SIDE_STYLE('',(#13380));
#13380 = SURFACE_STYLE_FILL_AREA(#13381);
#13381 = FILL_AREA_STYLE('',(#13382));
#13382 = FILL_AREA_STYLE_COLOUR('',#13305);
#13383 = OVER_RIDING_STYLED_ITEM('overriding color',(#13384),#3701,
  #13288);
#13384 = PRESENTATION_STYLE_ASSIGNMENT((#13385));
#13385 = SURFACE_STYLE_USAGE(.BOTH.,#13386);
#13386 = SURFACE_SIDE_STYLE('',(#13387));
#13387 = SURFACE_STYLE_FILL_AREA(#13388);
#13388 = FILL_AREA_STYLE('',(#13389));
#13389 = FILL_AREA_STYLE_COLOUR('',#13305);
#13390 = OVER_RIDING_STYLED_ITEM('overriding color',(#13391),#3725,
  #13288);
#13391 = PRESENTATION_STYLE_ASSIGNMENT((#13392));
#13392 = SURFACE_STYLE_USAGE(.BOTH.,#13393);
#13393 = SURFACE_SIDE_STYLE('',(#13394));
#13394 = SURFACE_STYLE_FILL_AREA(#13395);
#13395 = FILL_AREA_STYLE('',(#13396));
#13396 = FILL_AREA_STYLE_COLOUR('',#13305);
#13397 = OVER_RIDING_STYLED_ITEM('overriding color',(#13398),#3763,
  #13288);
#13398 = PRESENTATION_STYLE_ASSIGNMENT((#13399));
#13399 = SURFACE_STYLE_USAGE(.BOTH.,#13400);
#13400 = SURFACE_SIDE_STYLE('',(#13401));
#13401 = SURFACE_STYLE_FILL_AREA(#13402);
#13402 = FILL_AREA_STYLE('',(#13403));
#13403 = FILL_AREA_STYLE_COLOUR('',#13305);
#13404 = OVER_RIDING_STYLED_ITEM('overriding color',(#13405),#3780,
  #13288);
#13405 = PRESENTATION_STYLE_ASSIGNMENT((#13406));
#13406 = SURFACE_STYLE_USAGE(.BOTH.,#13407);
#13407 = SURFACE_SIDE_STYLE('',(#13408));
#13408 = SURFACE_STYLE_FILL_AREA(#13409);
#13409 = FILL_AREA_STYLE('',(#13410));
#13410 = FILL_AREA_STYLE_COLOUR('',#13305);
#13411 = OVER_RIDING_STYLED_ITEM('overriding color',(#13412),#3811,
  #13288);
#13412 = PRESENTATION_STYLE_ASSIGNMENT((#13413));
#13413 = SURFACE_STYLE_USAGE(.BOTH.,#13414);
#13414 = SURFACE_SIDE_STYLE('',(#13415));
#13415 = SURFACE_STYLE_FILL_AREA(#13416);
#13416 = FILL_AREA_STYLE('',(#13417));
#13417 = FILL_AREA_STYLE_COLOUR('',#13305);
#13418 = OVER_RIDING_STYLED_ITEM('overriding color',(#13419),#3835,
  #13288);
#13419 = PRESENTATION_STYLE_ASSIGNMENT((#13420));
#13420 = SURFACE_STYLE_USAGE(.BOTH.,#13421);
#13421 = SURFACE_SIDE_STYLE('',(#13422));
#13422 = SURFACE_STYLE_FILL_AREA(#13423);
#13423 = FILL_AREA_STYLE('',(#13424));
#13424 = FILL_AREA_STYLE_COLOUR('',#13305);
#13425 = OVER_RIDING_STYLED_ITEM('overriding color',(#13426),#3859,
  #13288);
#13426 = PRESENTATION_STYLE_ASSIGNMENT((#13427));
#13427 = SURFACE_STYLE_USAGE(.BOTH.,#13428);
#13428 = SURFACE_SIDE_STYLE('',(#13429));
#13429 = SURFACE_STYLE_FILL_AREA(#13430);
#13430 = FILL_AREA_STYLE('',(#13431));
#13431 = FILL_AREA_STYLE_COLOUR('',#13305);
#13432 = OVER_RIDING_STYLED_ITEM('overriding color',(#13433),#3933,
  #13288);
#13433 = PRESENTATION_STYLE_ASSIGNMENT((#13434));
#13434 = SURFACE_STYLE_USAGE(.BOTH.,#13435);
#13435 = SURFACE_SIDE_STYLE('',(#13436));
#13436 = SURFACE_STYLE_FILL_AREA(#13437);
#13437 = FILL_AREA_STYLE('',(#13438));
#13438 = FILL_AREA_STYLE_COLOUR('',#13305);
#13439 = OVER_RIDING_STYLED_ITEM('overriding color',(#13440),#4000,
  #13288);
#13440 = PRESENTATION_STYLE_ASSIGNMENT((#13441));
#13441 = SURFACE_STYLE_USAGE(.BOTH.,#13442);
#13442 = SURFACE_SIDE_STYLE('',(#13443));
#13443 = SURFACE_STYLE_FILL_AREA(#13444);
#13444 = FILL_AREA_STYLE('',(#13445));
#13445 = FILL_AREA_STYLE_COLOUR('',#13305);
#13446 = OVER_RIDING_STYLED_ITEM('overriding color',(#13447),#4087,
  #13288);
#13447 = PRESENTATION_STYLE_ASSIGNMENT((#13448));
#13448 = SURFACE_STYLE_USAGE(.BOTH.,#13449);
#13449 = SURFACE_SIDE_STYLE('',(#13450));
#13450 = SURFACE_STYLE_FILL_AREA(#13451);
#13451 = FILL_AREA_STYLE('',(#13452));
#13452 = FILL_AREA_STYLE_COLOUR('',#13305);
#13453 = OVER_RIDING_STYLED_ITEM('overriding color',(#13454),#4118,
  #13288);
#13454 = PRESENTATION_STYLE_ASSIGNMENT((#13455));
#13455 = SURFACE_STYLE_USAGE(.BOTH.,#13456);
#13456 = SURFACE_SIDE_STYLE('',(#13457));
#13457 = SURFACE_STYLE_FILL_AREA(#13458);
#13458 = FILL_AREA_STYLE('',(#13459));
#13459 = FILL_AREA_STYLE_COLOUR('',#13305);
#13460 = OVER_RIDING_STYLED_ITEM('overriding color',(#13461),#4192,
  #13288);
#13461 = PRESENTATION_STYLE_ASSIGNMENT((#13462));
#13462 = SURFACE_STYLE_USAGE(.BOTH.,#13463);
#13463 = SURFACE_SIDE_STYLE('',(#13464));
#13464 = SURFACE_STYLE_FILL_AREA(#13465);
#13465 = FILL_AREA_STYLE('',(#13466));
#13466 = FILL_AREA_STYLE_COLOUR('',#13305);
#13467 = OVER_RIDING_STYLED_ITEM('overriding color',(#13468),#4266,
  #13288);
#13468 = PRESENTATION_STYLE_ASSIGNMENT((#13469));
#13469 = SURFACE_STYLE_USAGE(.BOTH.,#13470);
#13470 = SURFACE_SIDE_STYLE('',(#13471));
#13471 = SURFACE_STYLE_FILL_AREA(#13472);
#13472 = FILL_AREA_STYLE('',(#13473));
#13473 = FILL_AREA_STYLE_COLOUR('',#13305);
#13474 = OVER_RIDING_STYLED_ITEM('overriding color',(#13475),#4290,
  #13288);
#13475 = PRESENTATION_STYLE_ASSIGNMENT((#13476));
#13476 = SURFACE_STYLE_USAGE(.BOTH.,#13477);
#13477 = SURFACE_SIDE_STYLE('',(#13478));
#13478 = SURFACE_STYLE_FILL_AREA(#13479);
#13479 = FILL_AREA_STYLE('',(#13480));
#13480 = FILL_AREA_STYLE_COLOUR('',#13305);
#13481 = OVER_RIDING_STYLED_ITEM('overriding color',(#13482),#4307,
  #13288);
#13482 = PRESENTATION_STYLE_ASSIGNMENT((#13483));
#13483 = SURFACE_STYLE_USAGE(.BOTH.,#13484);
#13484 = SURFACE_SIDE_STYLE('',(#13485));
#13485 = SURFACE_STYLE_FILL_AREA(#13486);
#13486 = FILL_AREA_STYLE('',(#13487));
#13487 = FILL_AREA_STYLE_COLOUR('',#13305);
#13488 = OVER_RIDING_STYLED_ITEM('overriding color',(#13489),#4338,
  #13288);
#13489 = PRESENTATION_STYLE_ASSIGNMENT((#13490));
#13490 = SURFACE_STYLE_USAGE(.BOTH.,#13491);
#13491 = SURFACE_SIDE_STYLE('',(#13492));
#13492 = SURFACE_STYLE_FILL_AREA(#13493);
#13493 = FILL_AREA_STYLE('',(#13494));
#13494 = FILL_AREA_STYLE_COLOUR('',#13305);
#13495 = OVER_RIDING_STYLED_ITEM('overriding color',(#13496),#4362,
  #13288);
#13496 = PRESENTATION_STYLE_ASSIGNMENT((#13497));
#13497 = SURFACE_STYLE_USAGE(.BOTH.,#13498);
#13498 = SURFACE_SIDE_STYLE('',(#13499));
#13499 = SURFACE_STYLE_FILL_AREA(#13500);
#13500 = FILL_AREA_STYLE('',(#13501));
#13501 = FILL_AREA_STYLE_COLOUR('',#13305);
#13502 = OVER_RIDING_STYLED_ITEM('overriding color',(#13503),#4386,
  #13288);
#13503 = PRESENTATION_STYLE_ASSIGNMENT((#13504));
#13504 = SURFACE_STYLE_USAGE(.BOTH.,#13505);
#13505 = SURFACE_SIDE_STYLE('',(#13506));
#13506 = SURFACE_STYLE_FILL_AREA(#13507);
#13507 = FILL_AREA_STYLE('',(#13508));
#13508 = FILL_AREA_STYLE_COLOUR('',#13305);
#13509 = OVER_RIDING_STYLED_ITEM('overriding color',(#13510),#4410,
  #13288);
#13510 = PRESENTATION_STYLE_ASSIGNMENT((#13511));
#13511 = SURFACE_STYLE_USAGE(.BOTH.,#13512);
#13512 = SURFACE_SIDE_STYLE('',(#13513));
#13513 = SURFACE_STYLE_FILL_AREA(#13514);
#13514 = FILL_AREA_STYLE('',(#13515));
#13515 = FILL_AREA_STYLE_COLOUR('',#13305);
#13516 = OVER_RIDING_STYLED_ITEM('overriding color',(#13517),#4434,
  #13288);
#13517 = PRESENTATION_STYLE_ASSIGNMENT((#13518));
#13518 = SURFACE_STYLE_USAGE(.BOTH.,#13519);
#13519 = SURFACE_SIDE_STYLE('',(#13520));
#13520 = SURFACE_STYLE_FILL_AREA(#13521);
#13521 = FILL_AREA_STYLE('',(#13522));
#13522 = FILL_AREA_STYLE_COLOUR('',#13305);
#13523 = OVER_RIDING_STYLED_ITEM('overriding color',(#13524),#4458,
  #13288);
#13524 = PRESENTATION_STYLE_ASSIGNMENT((#13525));
#13525 = SURFACE_STYLE_USAGE(.BOTH.,#13526);
#13526 = SURFACE_SIDE_STYLE('',(#13527));
#13527 = SURFACE_STYLE_FILL_AREA(#13528);
#13528 = FILL_AREA_STYLE('',(#13529));
#13529 = FILL_AREA_STYLE_COLOUR('',#13305);
#13530 = OVER_RIDING_STYLED_ITEM('overriding color',(#13531),#4482,
  #13288);
#13531 = PRESENTATION_STYLE_ASSIGNMENT((#13532));
#13532 = SURFACE_STYLE_USAGE(.BOTH.,#13533);
#13533 = SURFACE_SIDE_STYLE('',(#13534));
#13534 = SURFACE_STYLE_FILL_AREA(#13535);
#13535 = FILL_AREA_STYLE('',(#13536));
#13536 = FILL_AREA_STYLE_COLOUR('',#13305);
#13537 = OVER_RIDING_STYLED_ITEM('overriding color',(#13538),#4506,
  #13288);
#13538 = PRESENTATION_STYLE_ASSIGNMENT((#13539));
#13539 = SURFACE_STYLE_USAGE(.BOTH.,#13540);
#13540 = SURFACE_SIDE_STYLE('',(#13541));
#13541 = SURFACE_STYLE_FILL_AREA(#13542);
#13542 = FILL_AREA_STYLE('',(#13543));
#13543 = FILL_AREA_STYLE_COLOUR('',#13305);
#13544 = OVER_RIDING_STYLED_ITEM('overriding color',(#13545),#4530,
  #13288);
#13545 = PRESENTATION_STYLE_ASSIGNMENT((#13546));
#13546 = SURFACE_STYLE_USAGE(.BOTH.,#13547);
#13547 = SURFACE_SIDE_STYLE('',(#13548));
#13548 = SURFACE_STYLE_FILL_AREA(#13549);
#13549 = FILL_AREA_STYLE('',(#13550));
#13550 = FILL_AREA_STYLE_COLOUR('',#13305);
#13551 = OVER_RIDING_STYLED_ITEM('overriding color',(#13552),#4554,
  #13288);
#13552 = PRESENTATION_STYLE_ASSIGNMENT((#13553));
#13553 = SURFACE_STYLE_USAGE(.BOTH.,#13554);
#13554 = SURFACE_SIDE_STYLE('',(#13555));
#13555 = SURFACE_STYLE_FILL_AREA(#13556);
#13556 = FILL_AREA_STYLE('',(#13557));
#13557 = FILL_AREA_STYLE_COLOUR('',#13305);
#13558 = OVER_RIDING_STYLED_ITEM('overriding color',(#13559),#4578,
  #13288);
#13559 = PRESENTATION_STYLE_ASSIGNMENT((#13560));
#13560 = SURFACE_STYLE_USAGE(.BOTH.,#13561);
#13561 = SURFACE_SIDE_STYLE('',(#13562));
#13562 = SURFACE_STYLE_FILL_AREA(#13563);
#13563 = FILL_AREA_STYLE('',(#13564));
#13564 = FILL_AREA_STYLE_COLOUR('',#13305);
#13565 = OVER_RIDING_STYLED_ITEM('overriding color',(#13566),#4595,
  #13288);
#13566 = PRESENTATION_STYLE_ASSIGNMENT((#13567));
#13567 = SURFACE_STYLE_USAGE(.BOTH.,#13568);
#13568 = SURFACE_SIDE_STYLE('',(#13569));
#13569 = SURFACE_STYLE_FILL_AREA(#13570);
#13570 = FILL_AREA_STYLE('',(#13571));
#13571 = FILL_AREA_STYLE_COLOUR('',#13305);
#13572 = OVER_RIDING_STYLED_ITEM('overriding color',(#13573),#4615,
  #13288);
#13573 = PRESENTATION_STYLE_ASSIGNMENT((#13574));
#13574 = SURFACE_STYLE_USAGE(.BOTH.,#13575);
#13575 = SURFACE_SIDE_STYLE('',(#13576));
#13576 = SURFACE_STYLE_FILL_AREA(#13577);
#13577 = FILL_AREA_STYLE('',(#13578));
#13578 = FILL_AREA_STYLE_COLOUR('',#13305);
#13579 = OVER_RIDING_STYLED_ITEM('overriding color',(#13580),#4646,
  #13288);
#13580 = PRESENTATION_STYLE_ASSIGNMENT((#13581));
#13581 = SURFACE_STYLE_USAGE(.BOTH.,#13582);
#13582 = SURFACE_SIDE_STYLE('',(#13583));
#13583 = SURFACE_STYLE_FILL_AREA(#13584);
#13584 = FILL_AREA_STYLE('',(#13585));
#13585 = FILL_AREA_STYLE_COLOUR('',#13305);
#13586 = OVER_RIDING_STYLED_ITEM('overriding color',(#13587),#4696,
  #13288);
#13587 = PRESENTATION_STYLE_ASSIGNMENT((#13588));
#13588 = SURFACE_STYLE_USAGE(.BOTH.,#13589);
#13589 = SURFACE_SIDE_STYLE('',(#13590));
#13590 = SURFACE_STYLE_FILL_AREA(#13591);
#13591 = FILL_AREA_STYLE('',(#13592));
#13592 = FILL_AREA_STYLE_COLOUR('',#13305);
#13593 = OVER_RIDING_STYLED_ITEM('overriding color',(#13594),#4770,
  #13288);
#13594 = PRESENTATION_STYLE_ASSIGNMENT((#13595));
#13595 = SURFACE_STYLE_USAGE(.BOTH.,#13596);
#13596 = SURFACE_SIDE_STYLE('',(#13597));
#13597 = SURFACE_STYLE_FILL_AREA(#13598);
#13598 = FILL_AREA_STYLE('',(#13599));
#13599 = FILL_AREA_STYLE_COLOUR('',#13305);
#13600 = OVER_RIDING_STYLED_ITEM('overriding color',(#13601),#4844,
  #13288);
#13601 = PRESENTATION_STYLE_ASSIGNMENT((#13602));
#13602 = SURFACE_STYLE_USAGE(.BOTH.,#13603);
#13603 = SURFACE_SIDE_STYLE('',(#13604));
#13604 = SURFACE_STYLE_FILL_AREA(#13605);
#13605 = FILL_AREA_STYLE('',(#13606));
#13606 = FILL_AREA_STYLE_COLOUR('',#13305);
#13607 = OVER_RIDING_STYLED_ITEM('overriding color',(#13608),#4894,
  #13288);
#13608 = PRESENTATION_STYLE_ASSIGNMENT((#13609));
#13609 = SURFACE_STYLE_USAGE(.BOTH.,#13610);
#13610 = SURFACE_SIDE_STYLE('',(#13611));
#13611 = SURFACE_STYLE_FILL_AREA(#13612);
#13612 = FILL_AREA_STYLE('',(#13613));
#13613 = FILL_AREA_STYLE_COLOUR('',#13305);
#13614 = OVER_RIDING_STYLED_ITEM('overriding color',(#13615),#4918,
  #13288);
#13615 = PRESENTATION_STYLE_ASSIGNMENT((#13616));
#13616 = SURFACE_STYLE_USAGE(.BOTH.,#13617);
#13617 = SURFACE_SIDE_STYLE('',(#13618));
#13618 = SURFACE_STYLE_FILL_AREA(#13619);
#13619 = FILL_AREA_STYLE('',(#13620));
#13620 = FILL_AREA_STYLE_COLOUR('',#13305);
#13621 = OVER_RIDING_STYLED_ITEM('overriding color',(#13622),#4968,
  #13288);
#13622 = PRESENTATION_STYLE_ASSIGNMENT((#13623));
#13623 = SURFACE_STYLE_USAGE(.BOTH.,#13624);
#13624 = SURFACE_SIDE_STYLE('',(#13625));
#13625 = SURFACE_STYLE_FILL_AREA(#13626);
#13626 = FILL_AREA_STYLE('',(#13627));
#13627 = FILL_AREA_STYLE_COLOUR('',#13305);
#13628 = OVER_RIDING_STYLED_ITEM('overriding color',(#13629),#5042,
  #13288);
#13629 = PRESENTATION_STYLE_ASSIGNMENT((#13630));
#13630 = SURFACE_STYLE_USAGE(.BOTH.,#13631);
#13631 = SURFACE_SIDE_STYLE('',(#13632));
#13632 = SURFACE_STYLE_FILL_AREA(#13633);
#13633 = FILL_AREA_STYLE('',(#13634));
#13634 = FILL_AREA_STYLE_COLOUR('',#13305);
#13635 = OVER_RIDING_STYLED_ITEM('overriding color',(#13636),#5116,
  #13288);
#13636 = PRESENTATION_STYLE_ASSIGNMENT((#13637));
#13637 = SURFACE_STYLE_USAGE(.BOTH.,#13638);
#13638 = SURFACE_SIDE_STYLE('',(#13639));
#13639 = SURFACE_STYLE_FILL_AREA(#13640);
#13640 = FILL_AREA_STYLE('',(#13641));
#13641 = FILL_AREA_STYLE_COLOUR('',#13305);
#13642 = OVER_RIDING_STYLED_ITEM('overriding color',(#13643),#5159,
  #13288);
#13643 = PRESENTATION_STYLE_ASSIGNMENT((#13644));
#13644 = SURFACE_STYLE_USAGE(.BOTH.,#13645);
#13645 = SURFACE_SIDE_STYLE('',(#13646));
#13646 = SURFACE_STYLE_FILL_AREA(#13647);
#13647 = FILL_AREA_STYLE('',(#13648));
#13648 = FILL_AREA_STYLE_COLOUR('',#13305);
#13649 = OVER_RIDING_STYLED_ITEM('overriding color',(#13650),#5177,
  #13288);
#13650 = PRESENTATION_STYLE_ASSIGNMENT((#13651));
#13651 = SURFACE_STYLE_USAGE(.BOTH.,#13652);
#13652 = SURFACE_SIDE_STYLE('',(#13653));
#13653 = SURFACE_STYLE_FILL_AREA(#13654);
#13654 = FILL_AREA_STYLE('',(#13655));
#13655 = FILL_AREA_STYLE_COLOUR('',#13305);
#13656 = OVER_RIDING_STYLED_ITEM('overriding color',(#13657),#5208,
  #13288);
#13657 = PRESENTATION_STYLE_ASSIGNMENT((#13658));
#13658 = SURFACE_STYLE_USAGE(.BOTH.,#13659);
#13659 = SURFACE_SIDE_STYLE('',(#13660));
#13660 = SURFACE_STYLE_FILL_AREA(#13661);
#13661 = FILL_AREA_STYLE('',(#13662));
#13662 = FILL_AREA_STYLE_COLOUR('',#13305);
#13663 = OVER_RIDING_STYLED_ITEM('overriding color',(#13664),#5232,
  #13288);
#13664 = PRESENTATION_STYLE_ASSIGNMENT((#13665));
#13665 = SURFACE_STYLE_USAGE(.BOTH.,#13666);
#13666 = SURFACE_SIDE_STYLE('',(#13667));
#13667 = SURFACE_STYLE_FILL_AREA(#13668);
#13668 = FILL_AREA_STYLE('',(#13669));
#13669 = FILL_AREA_STYLE_COLOUR('',#13305);
#13670 = OVER_RIDING_STYLED_ITEM('overriding color',(#13671),#5256,
  #13288);
#13671 = PRESENTATION_STYLE_ASSIGNMENT((#13672));
#13672 = SURFACE_STYLE_USAGE(.BOTH.,#13673);
#13673 = SURFACE_SIDE_STYLE('',(#13674));
#13674 = SURFACE_STYLE_FILL_AREA(#13675);
#13675 = FILL_AREA_STYLE('',(#13676));
#13676 = FILL_AREA_STYLE_COLOUR('',#13305);
#13677 = OVER_RIDING_STYLED_ITEM('overriding color',(#13678),#5280,
  #13288);
#13678 = PRESENTATION_STYLE_ASSIGNMENT((#13679));
#13679 = SURFACE_STYLE_USAGE(.BOTH.,#13680);
#13680 = SURFACE_SIDE_STYLE('',(#13681));
#13681 = SURFACE_STYLE_FILL_AREA(#13682);
#13682 = FILL_AREA_STYLE('',(#13683));
#13683 = FILL_AREA_STYLE_COLOUR('',#13305);
#13684 = OVER_RIDING_STYLED_ITEM('overriding color',(#13685),#5304,
  #13288);
#13685 = PRESENTATION_STYLE_ASSIGNMENT((#13686));
#13686 = SURFACE_STYLE_USAGE(.BOTH.,#13687);
#13687 = SURFACE_SIDE_STYLE('',(#13688));
#13688 = SURFACE_STYLE_FILL_AREA(#13689);
#13689 = FILL_AREA_STYLE('',(#13690));
#13690 = FILL_AREA_STYLE_COLOUR('',#13305);
#13691 = OVER_RIDING_STYLED_ITEM('overriding color',(#13692),#5321,
  #13288);
#13692 = PRESENTATION_STYLE_ASSIGNMENT((#13693));
#13693 = SURFACE_STYLE_USAGE(.BOTH.,#13694);
#13694 = SURFACE_SIDE_STYLE('',(#13695));
#13695 = SURFACE_STYLE_FILL_AREA(#13696);
#13696 = FILL_AREA_STYLE('',(#13697));
#13697 = FILL_AREA_STYLE_COLOUR('',#13305);
#13698 = MECHANICAL_DESIGN_GEOMETRIC_PRESENTATION_REPRESENTATION('',(
    #13699),#13244);
#13699 = STYLED_ITEM('color',(#13700),#11875);
#13700 = PRESENTATION_STYLE_ASSIGNMENT((#13701,#13706));
#13701 = SURFACE_STYLE_USAGE(.BOTH.,#13702);
#13702 = SURFACE_SIDE_STYLE('',(#13703));
#13703 = SURFACE_STYLE_FILL_AREA(#13704);
#13704 = FILL_AREA_STYLE('',(#13705));
#13705 = FILL_AREA_STYLE_COLOUR('',#13263);
#13706 = CURVE_STYLE('',#13707,POSITIVE_LENGTH_MEASURE(0.1),#13266);
#13707 = DRAUGHTING_PRE_DEFINED_CURVE_FONT('continuous');
#13708 = MECHANICAL_DESIGN_GEOMETRIC_PRESENTATION_REPRESENTATION('',(
    #13709),#11856);
#13709 = STYLED_ITEM('color',(#13710),#11360);
#13710 = PRESENTATION_STYLE_ASSIGNMENT((#13711,#13716));
#13711 = SURFACE_STYLE_USAGE(.BOTH.,#13712);
#13712 = SURFACE_SIDE_STYLE('',(#13713));
#13713 = SURFACE_STYLE_FILL_AREA(#13714);
#13714 = FILL_AREA_STYLE('',(#13715));
#13715 = FILL_AREA_STYLE_COLOUR('',#13263);
#13716 = CURVE_STYLE('',#13717,POSITIVE_LENGTH_MEASURE(0.1),#13266);
#13717 = DRAUGHTING_PRE_DEFINED_CURVE_FONT('continuous');
#13718 = MECHANICAL_DESIGN_GEOMETRIC_PRESENTATION_REPRESENTATION('',(
    #13719),#7152);
#13719 = STYLED_ITEM('color',(#13720),#6620);
#13720 = PRESENTATION_STYLE_ASSIGNMENT((#13721,#13726));
#13721 = SURFACE_STYLE_USAGE(.BOTH.,#13722);
#13722 = SURFACE_SIDE_STYLE('',(#13723));
#13723 = SURFACE_STYLE_FILL_AREA(#13724);
#13724 = FILL_AREA_STYLE('',(#13725));
#13725 = FILL_AREA_STYLE_COLOUR('',#13263);
#13726 = CURVE_STYLE('',#13727,POSITIVE_LENGTH_MEASURE(0.1),#13266);
#13727 = DRAUGHTING_PRE_DEFINED_CURVE_FONT('continuous');
#13728 = MECHANICAL_DESIGN_GEOMETRIC_PRESENTATION_REPRESENTATION('',(
    #13729),#11341);
#13729 = STYLED_ITEM('color',(#13730),#10809);
#13730 = PRESENTATION_STYLE_ASSIGNMENT((#13731,#13736));
#13731 = SURFACE_STYLE_USAGE(.BOTH.,#13732);
#13732 = SURFACE_SIDE_STYLE('',(#13733));
#13733 = SURFACE_STYLE_FILL_AREA(#13734);
#13734 = FILL_AREA_STYLE('',(#13735));
#13735 = FILL_AREA_STYLE_COLOUR('',#13263);
#13736 = CURVE_STYLE('',#13737,POSITIVE_LENGTH_MEASURE(0.1),#13266);
#13737 = DRAUGHTING_PRE_DEFINED_CURVE_FONT('continuous');
#13738 = MECHANICAL_DESIGN_GEOMETRIC_PRESENTATION_REPRESENTATION('',(
    #13739),#8951);
#13739 = STYLED_ITEM('color',(#13740),#8119);
#13740 = PRESENTATION_STYLE_ASSIGNMENT((#13741,#13746));
#13741 = SURFACE_STYLE_USAGE(.BOTH.,#13742);
#13742 = SURFACE_SIDE_STYLE('',(#13743));
#13743 = SURFACE_STYLE_FILL_AREA(#13744);
#13744 = FILL_AREA_STYLE('',(#13745));
#13745 = FILL_AREA_STYLE_COLOUR('',#13263);
#13746 = CURVE_STYLE('',#13747,POSITIVE_LENGTH_MEASURE(0.1),#13266);
#13747 = DRAUGHTING_PRE_DEFINED_CURVE_FONT('continuous');
#13748 = MECHANICAL_DESIGN_GEOMETRIC_PRESENTATION_REPRESENTATION('',(
    #13749),#6168);
#13749 = STYLED_ITEM('color',(#13750),#5616);
#13750 = PRESENTATION_STYLE_ASSIGNMENT((#13751,#13756));
#13751 = SURFACE_STYLE_USAGE(.BOTH.,#13752);
#13752 = SURFACE_SIDE_STYLE('',(#13753));
#13753 = SURFACE_STYLE_FILL_AREA(#13754);
#13754 = FILL_AREA_STYLE('',(#13755));
#13755 = FILL_AREA_STYLE_COLOUR('',#13263);
#13756 = CURVE_STYLE('',#13757,POSITIVE_LENGTH_MEASURE(0.1),#13266);
#13757 = DRAUGHTING_PRE_DEFINED_CURVE_FONT('continuous');
#13758 = MECHANICAL_DESIGN_GEOMETRIC_PRESENTATION_REPRESENTATION('',(
    #13759),#6601);
#13759 = STYLED_ITEM('color',(#13760),#6187);
#13760 = PRESENTATION_STYLE_ASSIGNMENT((#13761,#13766));
#13761 = SURFACE_STYLE_USAGE(.BOTH.,#13762);
#13762 = SURFACE_SIDE_STYLE('',(#13763));
#13763 = SURFACE_STYLE_FILL_AREA(#13764);
#13764 = FILL_AREA_STYLE('',(#13765));
#13765 = FILL_AREA_STYLE_COLOUR('',#13263);
#13766 = CURVE_STYLE('',#13767,POSITIVE_LENGTH_MEASURE(0.1),#13266);
#13767 = DRAUGHTING_PRE_DEFINED_CURVE_FONT('continuous');
#13768 = MECHANICAL_DESIGN_GEOMETRIC_PRESENTATION_REPRESENTATION('',(
    #13769),#10357);
#13769 = STYLED_ITEM('color',(#13770),#9814);
#13770 = PRESENTATION_STYLE_ASSIGNMENT((#13771,#13776));
#13771 = SURFACE_STYLE_USAGE(.BOTH.,#13772);
#13772 = SURFACE_SIDE_STYLE('',(#13773));
#13773 = SURFACE_STYLE_FILL_AREA(#13774);
#13774 = FILL_AREA_STYLE('',(#13775));
#13775 = FILL_AREA_STYLE_COLOUR('',#13263);
#13776 = CURVE_STYLE('',#13777,POSITIVE_LENGTH_MEASURE(0.1),#13266);
#13777 = DRAUGHTING_PRE_DEFINED_CURVE_FONT('continuous');
#13778 = MECHANICAL_DESIGN_GEOMETRIC_PRESENTATION_REPRESENTATION('',(
    #13779),#7667);
#13779 = STYLED_ITEM('color',(#13780),#7171);
#13780 = PRESENTATION_STYLE_ASSIGNMENT((#13781,#13786));
#13781 = SURFACE_STYLE_USAGE(.BOTH.,#13782);
#13782 = SURFACE_SIDE_STYLE('',(#13783));
#13783 = SURFACE_STYLE_FILL_AREA(#13784);
#13784 = FILL_AREA_STYLE('',(#13785));
#13785 = FILL_AREA_STYLE_COLOUR('',#13263);
#13786 = CURVE_STYLE('',#13787,POSITIVE_LENGTH_MEASURE(0.1),#13266);
#13787 = DRAUGHTING_PRE_DEFINED_CURVE_FONT('continuous');
#13788 = MECHANICAL_DESIGN_GEOMETRIC_PRESENTATION_REPRESENTATION('',(
    #13789),#9795);
#13789 = STYLED_ITEM('color',(#13790),#8970);
#13790 = PRESENTATION_STYLE_ASSIGNMENT((#13791,#13796));
#13791 = SURFACE_STYLE_USAGE(.BOTH.,#13792);
#13792 = SURFACE_SIDE_STYLE('',(#13793));
#13793 = SURFACE_STYLE_FILL_AREA(#13794);
#13794 = FILL_AREA_STYLE('',(#13795));
#13795 = FILL_AREA_STYLE_COLOUR('',#13263);
#13796 = CURVE_STYLE('',#13797,POSITIVE_LENGTH_MEASURE(0.1),#13266);
#13797 = DRAUGHTING_PRE_DEFINED_CURVE_FONT('continuous');
ENDSEC;
END-ISO-10303-21;
